id,psi_e,x,y,z
0,0,-2,0,0
1,-0.17415298905098,-1.9995,0,0
2,-0.12466410612417,-1.999,0,0
3,-0.13759060305982,-1.9985,0,0
4,-0.13413626966202,-1.998,0,0
5,-0.13505382164782,-1.9975,0,0
6,-0.13480971897189,-1.997,0,0
7,-0.13487464451685,-1.9965,0,0
8,-0.13485738688573,-1.996,0,0
9,-0.13486198692948,-1.9955,0,0
10,-0.13486077377198,-1.995,0,0
11,-0.13486110668507,-1.9945,0,0
12,-0.13486102840811,-1.994,0,0
13,-0.13486105949053,-1.9935,0,0
14,-0.13486106148793,-1.993,0,0
15,-0.13486107122073,-1.9925,0,0
16,-0.13486107889624,-1.992,0,0
17,-0.1348610871189,-1.9915,0,0
18,-0.13486109519604,-1.991,0,0
19,-0.13486110331188,-1.9905,0,0
20,-0.13486111141743,-1.99,0,0
21,-0.13486111952572,-1.9895,0,0
22,-0.13486112763327,-1.989,0,0
23,-0.13486113574103,-1.9885,0,0
24,-0.13486114384873,-1.988,0,0
25,-0.13486115195644,-1.9875,0,0
26,-0.13486116006415,-1.987,0,0
27,-0.13486116817186,-1.9865,0,0
28,-0.13486117627958,-1.986,0,0
29,-0.13486118438729,-1.9855,0,0
30,-0.134861192495,-1.985,0,0
31,-0.13486120060271,-1.9845,0,0
32,-0.13486120871042,-1.984,0,0
33,-0.13486121681813,-1.9835,0,0
34,-0.13486122492585,-1.983,0,0
35,-0.13486123303356,-1.9825,0,0
36,-0.13486124114127,-1.982,0,0
37,-0.13486124924898,-1.9815,0,0
38,-0.13486125735669,-1.981,0,0
39,-0.1348612654644,-1.9805,0,0
40,-0.13486127357212,-1.98,0,0
41,-0.13486128167983,-1.9795,0,0
42,-0.13486128978754,-1.979,0,0
43,-0.13486129789525,-1.9785,0,0
44,-0.13486130600296,-1.978,0,0
45,-0.13486131411067,-1.9775,0,0
46,-0.13486132221839,-1.977,0,0
47,-0.1348613303261,-1.9765,0,0
48,-0.13486133843381,-1.976,0,0
49,-0.13486134654152,-1.9755,0,0
50,-0.13486135464923,-1.975,0,0
51,-0.13486136275694,-1.9745,0,0
52,-0.13486137086466,-1.974,0,0
53,-0.13486137897237,-1.9735,0,0
54,-0.13486138708008,-1.973,0,0
55,-0.13486139518779,-1.9725,0,0
56,-0.1348614032955,-1.972,0,0
57,-0.13486141140321,-1.9715,0,0
58,-0.13486141951093,-1.971,0,0
59,-0.13486142761864,-1.9705,0,0
60,-0.13486143572635,-1.97,0,0
61,-0.13486144383406,-1.9695,0,0
62,-0.13486145194177,-1.969,0,0
63,-0.13486146004948,-1.9685,0,0
64,-0.1348614681572,-1.968,0,0
65,-0.13486147626491,-1.9675,0,0
66,-0.13486148437262,-1.967,0,0
67,-0.13486149248033,-1.9665,0,0
68,-0.13486150058804,-1.966,0,0
69,-0.13486150869575,-1.9655,0,0
70,-0.13486151680347,-1.965,0,0
71,-0.13486152491118,-1.9645,0,0
72,-0.13486153301889,-1.964,0,0
73,-0.1348615411266,-1.9635,0,0
74,-0.13486154923431,-1.963,0,0
75,-0.13486155734202,-1.9625,0,0
76,-0.13486156544974,-1.962,0,0
77,-0.13486157355745,-1.9615,0,0
78,-0.13486158166516,-1.961,0,0
79,-0.13486158977287,-1.9605,0,0
80,-0.13486159788058,-1.96,0,0
81,-0.13486160598829,-1.9595,0,0
82,-0.13486161409601,-1.959,0,0
83,-0.13486162220372,-1.9585,0,0
84,-0.13486163031143,-1.958,0,0
85,-0.13486163841914,-1.9575,0,0
86,-0.13486164652685,-1.957,0,0
87,-0.13486165463456,-1.9565,0,0
88,-0.13486166274228,-1.956,0,0
89,-0.13486167084999,-1.9555,0,0
90,-0.1348616789577,-1.955,0,0
91,-0.13486168706541,-1.9545,0,0
92,-0.13486169517312,-1.954,0,0
93,-0.13486170328083,-1.9535,0,0
94,-0.13486171138855,-1.953,0,0
95,-0.13486171949626,-1.9525,0,0
96,-0.13486172760397,-1.952,0,0
97,-0.13486173571168,-1.9515,0,0
98,-0.13486174381939,-1.951,0,0
99,-0.1348617519271,-1.9505,0,0
100,-0.13486176003482,-1.95,0,0
101,-0.13486176814253,-1.9495,0,0
102,-0.13486177625024,-1.949,0,0
103,-0.13486178435795,-1.9485,0,0
104,-0.13486179246566,-1.948,0,0
105,-0.13486180057337,-1.9475,0,0
106,-0.13486180868109,-1.947,0,0
107,-0.1348618167888,-1.9465,0,0
108,-0.13486182489651,-1.946,0,0
109,-0.13486183300422,-1.9455,0,0
110,-0.13486184111193,-1.945,0,0
111,-0.13486184921964,-1.9445,0,0
112,-0.13486185732736,-1.944,0,0
113,-0.13486186543507,-1.9435,0,0
114,-0.13486187354278,-1.943,0,0
115,-0.13486188165049,-1.9425,0,0
116,-0.1348618897582,-1.942,0,0
117,-0.13486189786591,-1.9415,0,0
118,-0.13486190597363,-1.941,0,0
119,-0.13486191408134,-1.9405,0,0
120,-0.13486192218905,-1.94,0,0
121,-0.13486193029676,-1.9395,0,0
122,-0.13486193840447,-1.939,0,0
123,-0.13486194651218,-1.9385,0,0
124,-0.1348619546199,-1.938,0,0
125,-0.13486196272761,-1.9375,0,0
126,-0.13486197083532,-1.937,0,0
127,-0.13486197894303,-1.9365,0,0
128,-0.13486198705074,-1.936,0,0
129,-0.13486199515845,-1.9355,0,0
130,-0.13486200326617,-1.935,0,0
131,-0.13486201137388,-1.9345,0,0
132,-0.13486201948159,-1.934,0,0
133,-0.1348620275893,-1.9335,0,0
134,-0.13486203569701,-1.933,0,0
135,-0.13486204380472,-1.9325,0,0
136,-0.13486205191244,-1.932,0,0
137,-0.13486206002015,-1.9315,0,0
138,-0.13486206812786,-1.931,0,0
139,-0.13486207623557,-1.9305,0,0
140,-0.13486208434328,-1.93,0,0
141,-0.13486209245099,-1.9295,0,0
142,-0.13486210055871,-1.929,0,0
143,-0.13486210866642,-1.9285,0,0
144,-0.13486211677413,-1.928,0,0
145,-0.13486212488184,-1.9275,0,0
146,-0.13486213298955,-1.927,0,0
147,-0.13486214109726,-1.9265,0,0
148,-0.13486214920498,-1.926,0,0
149,-0.13486215731269,-1.9255,0,0
150,-0.1348621654204,-1.925,0,0
151,-0.13486217352811,-1.9245,0,0
152,-0.13486218163582,-1.924,0,0
153,-0.13486218974353,-1.9235,0,0
154,-0.13486219785125,-1.923,0,0
155,-0.13486220595896,-1.9225,0,0
156,-0.13486221406667,-1.922,0,0
157,-0.13486222217438,-1.9215,0,0
158,-0.13486223028209,-1.921,0,0
159,-0.1348622383898,-1.9205,0,0
160,-0.13486224649752,-1.92,0,0
161,-0.13486225460523,-1.9195,0,0
162,-0.13486226271294,-1.919,0,0
163,-0.13486227082065,-1.9185,0,0
164,-0.13486227892836,-1.918,0,0
165,-0.13486228703607,-1.9175,0,0
166,-0.13486229514379,-1.917,0,0
167,-0.1348623032515,-1.9165,0,0
168,-0.13486231135921,-1.916,0,0
169,-0.13486231946692,-1.9155,0,0
170,-0.13486232757463,-1.915,0,0
171,-0.13486233568234,-1.9145,0,0
172,-0.13486234379006,-1.914,0,0
173,-0.13486235189777,-1.9135,0,0
174,-0.13486236000548,-1.913,0,0
175,-0.13486236811319,-1.9125,0,0
176,-0.1348623762209,-1.912,0,0
177,-0.13486238432861,-1.9115,0,0
178,-0.13486239243633,-1.911,0,0
179,-0.13486240054404,-1.9105,0,0
180,-0.13486240865175,-1.91,0,0
181,-0.13486241675946,-1.9095,0,0
182,-0.13486242486717,-1.909,0,0
183,-0.13486243297488,-1.9085,0,0
184,-0.1348624410826,-1.908,0,0
185,-0.13486244919031,-1.9075,0,0
186,-0.13486245729802,-1.907,0,0
187,-0.13486246540573,-1.9065,0,0
188,-0.13486247351344,-1.906,0,0
189,-0.13486248162115,-1.9055,0,0
190,-0.13486248972887,-1.905,0,0
191,-0.13486249783658,-1.9045,0,0
192,-0.13486250594429,-1.904,0,0
193,-0.134862514052,-1.9035,0,0
194,-0.13486252215971,-1.903,0,0
195,-0.13486253026742,-1.9025,0,0
196,-0.13486253837514,-1.902,0,0
197,-0.13486254648285,-1.9015,0,0
198,-0.13486255459056,-1.901,0,0
199,-0.13486256269827,-1.9005,0,0
200,-0.13486257080598,-1.9,0,0
201,-0.13486257891369,-1.8995,0,0
202,-0.13486258702141,-1.899,0,0
203,-0.13486259512912,-1.8985,0,0
204,-0.13486260323683,-1.898,0,0
205,-0.13486261134454,-1.8975,0,0
206,-0.13486261945225,-1.897,0,0
207,-0.13486262755996,-1.8965,0,0
208,-0.13486263566768,-1.896,0,0
209,-0.13486264377539,-1.8955,0,0
210,-0.1348626518831,-1.895,0,0
211,-0.13486265999081,-1.8945,0,0
212,-0.13486266809852,-1.894,0,0
213,-0.13486267620623,-1.8935,0,0
214,-0.13486268431395,-1.893,0,0
215,-0.13486269242166,-1.8925,0,0
216,-0.13486270052937,-1.892,0,0
217,-0.13486270863708,-1.8915,0,0
218,-0.13486271674479,-1.891,0,0
219,-0.1348627248525,-1.8905,0,0
220,-0.13486273296022,-1.89,0,0
221,-0.13486274106793,-1.8895,0,0
222,-0.13486274917564,-1.889,0,0
223,-0.13486275728335,-1.8885,0,0
224,-0.13486276539106,-1.888,0,0
225,-0.13486277349877,-1.8875,0,0
226,-0.13486278160649,-1.887,0,0
227,-0.1348627897142,-1.8865,0,0
228,-0.13486279782191,-1.886,0,0
229,-0.13486280592962,-1.8855,0,0
230,-0.13486281403733,-1.885,0,0
231,-0.13486282214504,-1.8845,0,0
232,-0.13486283025276,-1.884,0,0
233,-0.13486283836047,-1.8835,0,0
234,-0.13486284646818,-1.883,0,0
235,-0.13486285457589,-1.8825,0,0
236,-0.1348628626836,-1.882,0,0
237,-0.13486287079131,-1.8815,0,0
238,-0.13486287889903,-1.881,0,0
239,-0.13486288700674,-1.8805,0,0
240,-0.13486289511445,-1.88,0,0
241,-0.13486290322216,-1.8795,0,0
242,-0.13486291132987,-1.879,0,0
243,-0.13486291943758,-1.8785,0,0
244,-0.1348629275453,-1.878,0,0
245,-0.13486293565301,-1.8775,0,0
246,-0.13486294376072,-1.877,0,0
247,-0.13486295186843,-1.8765,0,0
248,-0.13486295997614,-1.876,0,0
249,-0.13486296808385,-1.8755,0,0
250,-0.13486297619157,-1.875,0,0
251,-0.13486298429928,-1.8745,0,0
252,-0.13486299240699,-1.874,0,0
253,-0.1348630005147,-1.8735,0,0
254,-0.13486300862241,-1.873,0,0
255,-0.13486301673012,-1.8725,0,0
256,-0.13486302483784,-1.872,0,0
257,-0.13486303294555,-1.8715,0,0
258,-0.13486304105326,-1.871,0,0
259,-0.13486304916097,-1.8705,0,0
260,-0.13486305726868,-1.87,0,0
261,-0.13486306537639,-1.8695,0,0
262,-0.13486307348411,-1.869,0,0
263,-0.13486308159182,-1.8685,0,0
264,-0.13486308969953,-1.868,0,0
265,-0.13486309780724,-1.8675,0,0
266,-0.13486310591495,-1.867,0,0
267,-0.13486311402266,-1.8665,0,0
268,-0.13486312213038,-1.866,0,0
269,-0.13486313023809,-1.8655,0,0
270,-0.1348631383458,-1.865,0,0
271,-0.13486314645351,-1.8645,0,0
272,-0.13486315456122,-1.864,0,0
273,-0.13486316266893,-1.8635,0,0
274,-0.13486317077665,-1.863,0,0
275,-0.13486317888436,-1.8625,0,0
276,-0.13486318699207,-1.862,0,0
277,-0.13486319509978,-1.8615,0,0
278,-0.13486320320749,-1.861,0,0
279,-0.1348632113152,-1.8605,0,0
280,-0.13486321942292,-1.86,0,0
281,-0.13486322753063,-1.8595,0,0
282,-0.13486323563834,-1.859,0,0
283,-0.13486324374605,-1.8585,0,0
284,-0.13486325185376,-1.858,0,0
285,-0.13486325996147,-1.8575,0,0
286,-0.13486326806919,-1.857,0,0
287,-0.1348632761769,-1.8565,0,0
288,-0.13486328428461,-1.856,0,0
289,-0.13486329239232,-1.8555,0,0
290,-0.13486330050003,-1.855,0,0
291,-0.13486330860774,-1.8545,0,0
292,-0.13486331671546,-1.854,0,0
293,-0.13486332482317,-1.8535,0,0
294,-0.13486333293088,-1.853,0,0
295,-0.13486334103859,-1.8525,0,0
296,-0.1348633491463,-1.852,0,0
297,-0.13486335725401,-1.8515,0,0
298,-0.13486336536173,-1.851,0,0
299,-0.13486337346944,-1.8505,0,0
300,-0.13486338157715,-1.85,0,0
301,-0.13486338968486,-1.8495,0,0
302,-0.13486339779257,-1.849,0,0
303,-0.13486340590028,-1.8485,0,0
304,-0.134863414008,-1.848,0,0
305,-0.13486342211571,-1.8475,0,0
306,-0.13486343022342,-1.847,0,0
307,-0.13486343833113,-1.8465,0,0
308,-0.13486344643884,-1.846,0,0
309,-0.13486345454655,-1.8455,0,0
310,-0.13486346265427,-1.845,0,0
311,-0.13486347076198,-1.8445,0,0
312,-0.13486347886969,-1.844,0,0
313,-0.1348634869774,-1.8435,0,0
314,-0.13486349508511,-1.843,0,0
315,-0.13486350319282,-1.8425,0,0
316,-0.13486351130054,-1.842,0,0
317,-0.13486351940825,-1.8415,0,0
318,-0.13486352751596,-1.841,0,0
319,-0.13486353562367,-1.8405,0,0
320,-0.13486354373138,-1.84,0,0
321,-0.13486355183909,-1.8395,0,0
322,-0.13486355994681,-1.839,0,0
323,-0.13486356805452,-1.8385,0,0
324,-0.13486357616223,-1.838,0,0
325,-0.13486358426994,-1.8375,0,0
326,-0.13486359237765,-1.837,0,0
327,-0.13486360048536,-1.8365,0,0
328,-0.13486360859307,-1.836,0,0
329,-0.13486361670079,-1.8355,0,0
330,-0.1348636248085,-1.835,0,0
331,-0.13486363291621,-1.8345,0,0
332,-0.13486364102392,-1.834,0,0
333,-0.13486364913163,-1.8335,0,0
334,-0.13486365723934,-1.833,0,0
335,-0.13486366534706,-1.8325,0,0
336,-0.13486367345477,-1.832,0,0
337,-0.13486368156248,-1.8315,0,0
338,-0.13486368967019,-1.831,0,0
339,-0.1348636977779,-1.8305,0,0
340,-0.13486370588561,-1.83,0,0
341,-0.13486371399333,-1.8295,0,0
342,-0.13486372210104,-1.829,0,0
343,-0.13486373020875,-1.8285,0,0
344,-0.13486373831646,-1.828,0,0
345,-0.13486374642417,-1.8275,0,0
346,-0.13486375453188,-1.827,0,0
347,-0.1348637626396,-1.8265,0,0
348,-0.13486377074731,-1.826,0,0
349,-0.13486377885502,-1.8255,0,0
350,-0.13486378696273,-1.825,0,0
351,-0.13486379507044,-1.8245,0,0
352,-0.13486380317815,-1.824,0,0
353,-0.13486381128587,-1.8235,0,0
354,-0.13486381939358,-1.823,0,0
355,-0.13486382750129,-1.8225,0,0
356,-0.134863835609,-1.822,0,0
357,-0.13486384371671,-1.8215,0,0
358,-0.13486385182442,-1.821,0,0
359,-0.13486385993214,-1.8205,0,0
360,-0.13486386803985,-1.82,0,0
361,-0.13486387614756,-1.8195,0,0
362,-0.13486388425527,-1.819,0,0
363,-0.13486389236298,-1.8185,0,0
364,-0.13486390047069,-1.818,0,0
365,-0.13486390857841,-1.8175,0,0
366,-0.13486391668612,-1.817,0,0
367,-0.13486392479383,-1.8165,0,0
368,-0.13486393290154,-1.816,0,0
369,-0.13486394100925,-1.8155,0,0
370,-0.13486394911696,-1.815,0,0
371,-0.13486395722468,-1.8145,0,0
372,-0.13486396533239,-1.814,0,0
373,-0.1348639734401,-1.8135,0,0
374,-0.13486398154781,-1.813,0,0
375,-0.13486398965552,-1.8125,0,0
376,-0.13486399776323,-1.812,0,0
377,-0.13486400587095,-1.8115,0,0
378,-0.13486401397866,-1.811,0,0
379,-0.13486402208637,-1.8105,0,0
380,-0.13486403019408,-1.81,0,0
381,-0.13486403830179,-1.8095,0,0
382,-0.1348640464095,-1.809,0,0
383,-0.13486405451722,-1.8085,0,0
384,-0.13486406262493,-1.808,0,0
385,-0.13486407073264,-1.8075,0,0
386,-0.13486407884035,-1.807,0,0
387,-0.13486408694806,-1.8065,0,0
388,-0.13486409505577,-1.806,0,0
389,-0.13486410316349,-1.8055,0,0
390,-0.1348641112712,-1.805,0,0
391,-0.13486411937891,-1.8045,0,0
392,-0.13486412748662,-1.804,0,0
393,-0.13486413559433,-1.8035,0,0
394,-0.13486414370204,-1.803,0,0
395,-0.13486415180976,-1.8025,0,0
396,-0.13486415991747,-1.802,0,0
397,-0.13486416802518,-1.8015,0,0
398,-0.13486417613289,-1.801,0,0
399,-0.1348641842406,-1.8005,0,0
400,-0.13486419234831,-1.8,0,0
401,-0.13486420045603,-1.7995,0,0
402,-0.13486420856374,-1.799,0,0
403,-0.13486421667145,-1.7985,0,0
404,-0.13486422477916,-1.798,0,0
405,-0.13486423288687,-1.7975,0,0
406,-0.13486424099458,-1.797,0,0
407,-0.1348642491023,-1.7965,0,0
408,-0.13486425721001,-1.796,0,0
409,-0.13486426531772,-1.7955,0,0
410,-0.13486427342543,-1.795,0,0
411,-0.13486428153314,-1.7945,0,0
412,-0.13486428964085,-1.794,0,0
413,-0.13486429774857,-1.7935,0,0
414,-0.13486430585628,-1.793,0,0
415,-0.13486431396399,-1.7925,0,0
416,-0.1348643220717,-1.792,0,0
417,-0.13486433017941,-1.7915,0,0
418,-0.13486433828712,-1.791,0,0
419,-0.13486434639484,-1.7905,0,0
420,-0.13486435450255,-1.79,0,0
421,-0.13486436261026,-1.7895,0,0
422,-0.13486437071797,-1.789,0,0
423,-0.13486437882568,-1.7885,0,0
424,-0.13486438693339,-1.788,0,0
425,-0.13486439504111,-1.7875,0,0
426,-0.13486440314882,-1.787,0,0
427,-0.13486441125653,-1.7865,0,0
428,-0.13486441936424,-1.786,0,0
429,-0.13486442747195,-1.7855,0,0
430,-0.13486443557966,-1.785,0,0
431,-0.13486444368738,-1.7845,0,0
432,-0.13486445179509,-1.784,0,0
433,-0.1348644599028,-1.7835,0,0
434,-0.13486446801051,-1.783,0,0
435,-0.13486447611822,-1.7825,0,0
436,-0.13486448422593,-1.782,0,0
437,-0.13486449233365,-1.7815,0,0
438,-0.13486450044136,-1.781,0,0
439,-0.13486450854907,-1.7805,0,0
440,-0.13486451665678,-1.78,0,0
441,-0.13486452476449,-1.7795,0,0
442,-0.1348645328722,-1.779,0,0
443,-0.13486454097992,-1.7785,0,0
444,-0.13486454908763,-1.778,0,0
445,-0.13486455719534,-1.7775,0,0
446,-0.13486456530305,-1.777,0,0
447,-0.13486457341076,-1.7765,0,0
448,-0.13486458151847,-1.776,0,0
449,-0.13486458962619,-1.7755,0,0
450,-0.1348645977339,-1.775,0,0
451,-0.13486460584161,-1.7745,0,0
452,-0.13486461394932,-1.774,0,0
453,-0.13486462205703,-1.7735,0,0
454,-0.13486463016474,-1.773,0,0
455,-0.13486463827246,-1.7725,0,0
456,-0.13486464638017,-1.772,0,0
457,-0.13486465448788,-1.7715,0,0
458,-0.13486466259559,-1.771,0,0
459,-0.1348646707033,-1.7705,0,0
460,-0.13486467881101,-1.77,0,0
461,-0.13486468691873,-1.7695,0,0
462,-0.13486469502644,-1.769,0,0
463,-0.13486470313415,-1.7685,0,0
464,-0.13486471124186,-1.768,0,0
465,-0.13486471934957,-1.7675,0,0
466,-0.13486472745728,-1.767,0,0
467,-0.134864735565,-1.7665,0,0
468,-0.13486474367271,-1.766,0,0
469,-0.13486475178042,-1.7655,0,0
470,-0.13486475988813,-1.765,0,0
471,-0.13486476799584,-1.7645,0,0
472,-0.13486477610355,-1.764,0,0
473,-0.13486478421127,-1.7635,0,0
474,-0.13486479231898,-1.763,0,0
475,-0.13486480042669,-1.7625,0,0
476,-0.1348648085344,-1.762,0,0
477,-0.13486481664211,-1.7615,0,0
478,-0.13486482474982,-1.761,0,0
479,-0.13486483285754,-1.7605,0,0
480,-0.13486484096525,-1.76,0,0
481,-0.13486484907296,-1.7595,0,0
482,-0.13486485718067,-1.759,0,0
483,-0.13486486528838,-1.7585,0,0
484,-0.13486487339609,-1.758,0,0
485,-0.13486488150381,-1.7575,0,0
486,-0.13486488961152,-1.757,0,0
487,-0.13486489771923,-1.7565,0,0
488,-0.13486490582694,-1.756,0,0
489,-0.13486491393465,-1.7555,0,0
490,-0.13486492204236,-1.755,0,0
491,-0.13486493015008,-1.7545,0,0
492,-0.13486493825779,-1.754,0,0
493,-0.1348649463655,-1.7535,0,0
494,-0.13486495447321,-1.753,0,0
495,-0.13486496258092,-1.7525,0,0
496,-0.13486497068863,-1.752,0,0
497,-0.13486497879635,-1.7515,0,0
498,-0.13486498690406,-1.751,0,0
499,-0.13486499501177,-1.7505,0,0
500,-0.13486500311948,-1.75,0,0
501,-0.13486501122719,-1.7495,0,0
502,-0.1348650193349,-1.749,0,0
503,-0.13486502744262,-1.7485,0,0
504,-0.13486503555033,-1.748,0,0
505,-0.13486504365804,-1.7475,0,0
506,-0.13486505176575,-1.747,0,0
507,-0.13486505987346,-1.7465,0,0
508,-0.13486506798117,-1.746,0,0
509,-0.13486507608889,-1.7455,0,0
510,-0.1348650841966,-1.745,0,0
511,-0.13486509230431,-1.7445,0,0
512,-0.13486510041202,-1.744,0,0
513,-0.13486510851973,-1.7435,0,0
514,-0.13486511662744,-1.743,0,0
515,-0.13486512473516,-1.7425,0,0
516,-0.13486513284287,-1.742,0,0
517,-0.13486514095058,-1.7415,0,0
518,-0.13486514905829,-1.741,0,0
519,-0.134865157166,-1.7405,0,0
520,-0.13486516527371,-1.74,0,0
521,-0.13486517338143,-1.7395,0,0
522,-0.13486518148914,-1.739,0,0
523,-0.13486518959685,-1.7385,0,0
524,-0.13486519770456,-1.738,0,0
525,-0.13486520581227,-1.7375,0,0
526,-0.13486521391998,-1.737,0,0
527,-0.1348652220277,-1.7365,0,0
528,-0.13486523013541,-1.736,0,0
529,-0.13486523824312,-1.7355,0,0
530,-0.13486524635083,-1.735,0,0
531,-0.13486525445854,-1.7345,0,0
532,-0.13486526256625,-1.734,0,0
533,-0.13486527067397,-1.7335,0,0
534,-0.13486527878168,-1.733,0,0
535,-0.13486528688939,-1.7325,0,0
536,-0.1348652949971,-1.732,0,0
537,-0.13486530310481,-1.7315,0,0
538,-0.13486531121252,-1.731,0,0
539,-0.13486531932024,-1.7305,0,0
540,-0.13486532742795,-1.73,0,0
541,-0.13486533553566,-1.7295,0,0
542,-0.13486534364337,-1.729,0,0
543,-0.13486535175108,-1.7285,0,0
544,-0.13486535985879,-1.728,0,0
545,-0.13486536796651,-1.7275,0,0
546,-0.13486537607422,-1.727,0,0
547,-0.13486538418193,-1.7265,0,0
548,-0.13486539228964,-1.726,0,0
549,-0.13486540039735,-1.7255,0,0
550,-0.13486540850506,-1.725,0,0
551,-0.13486541661278,-1.7245,0,0
552,-0.13486542472049,-1.724,0,0
553,-0.1348654328282,-1.7235,0,0
554,-0.13486544093591,-1.723,0,0
555,-0.13486544904362,-1.7225,0,0
556,-0.13486545715133,-1.722,0,0
557,-0.13486546525905,-1.7215,0,0
558,-0.13486547336676,-1.721,0,0
559,-0.13486548147447,-1.7205,0,0
560,-0.13486548958218,-1.72,0,0
561,-0.13486549768989,-1.7195,0,0
562,-0.1348655057976,-1.719,0,0
563,-0.13486551390532,-1.7185,0,0
564,-0.13486552201303,-1.718,0,0
565,-0.13486553012074,-1.7175,0,0
566,-0.13486553822845,-1.717,0,0
567,-0.13486554633616,-1.7165,0,0
568,-0.13486555444387,-1.716,0,0
569,-0.13486556255159,-1.7155,0,0
570,-0.1348655706593,-1.715,0,0
571,-0.13486557876701,-1.7145,0,0
572,-0.13486558687472,-1.714,0,0
573,-0.13486559498243,-1.7135,0,0
574,-0.13486560309014,-1.713,0,0
575,-0.13486561119785,-1.7125,0,0
576,-0.13486561930557,-1.712,0,0
577,-0.13486562741328,-1.7115,0,0
578,-0.13486563552099,-1.711,0,0
579,-0.1348656436287,-1.7105,0,0
580,-0.13486565173641,-1.71,0,0
581,-0.13486565984412,-1.7095,0,0
582,-0.13486566795184,-1.709,0,0
583,-0.13486567605955,-1.7085,0,0
584,-0.13486568416726,-1.708,0,0
585,-0.13486569227497,-1.7075,0,0
586,-0.13486570038268,-1.707,0,0
587,-0.13486570849039,-1.7065,0,0
588,-0.13486571659811,-1.706,0,0
589,-0.13486572470582,-1.7055,0,0
590,-0.13486573281353,-1.705,0,0
591,-0.13486574092124,-1.7045,0,0
592,-0.13486574902895,-1.704,0,0
593,-0.13486575713666,-1.7035,0,0
594,-0.13486576524438,-1.703,0,0
595,-0.13486577335209,-1.7025,0,0
596,-0.1348657814598,-1.702,0,0
597,-0.13486578956751,-1.7015,0,0
598,-0.13486579767522,-1.701,0,0
599,-0.13486580578293,-1.7005,0,0
600,-0.13486581389065,-1.7,0,0
601,-0.13486582199836,-1.6995,0,0
602,-0.13486583010607,-1.699,0,0
603,-0.13486583821378,-1.6985,0,0
604,-0.13486584632149,-1.698,0,0
605,-0.1348658544292,-1.6975,0,0
606,-0.13486586253692,-1.697,0,0
607,-0.13486587064463,-1.6965,0,0
608,-0.13486587875234,-1.696,0,0
609,-0.13486588686005,-1.6955,0,0
610,-0.13486589496776,-1.695,0,0
611,-0.13486590307547,-1.6945,0,0
612,-0.13486591118319,-1.694,0,0
613,-0.1348659192909,-1.6935,0,0
614,-0.13486592739861,-1.693,0,0
615,-0.13486593550632,-1.6925,0,0
616,-0.13486594361403,-1.692,0,0
617,-0.13486595172174,-1.6915,0,0
618,-0.13486595982946,-1.691,0,0
619,-0.13486596793717,-1.6905,0,0
620,-0.13486597604488,-1.69,0,0
621,-0.13486598415259,-1.6895,0,0
622,-0.1348659922603,-1.689,0,0
623,-0.13486600036801,-1.6885,0,0
624,-0.13486600847573,-1.688,0,0
625,-0.13486601658344,-1.6875,0,0
626,-0.13486602469115,-1.687,0,0
627,-0.13486603279886,-1.6865,0,0
628,-0.13486604090657,-1.686,0,0
629,-0.13486604901428,-1.6855,0,0
630,-0.134866057122,-1.685,0,0
631,-0.13486606522971,-1.6845,0,0
632,-0.13486607333742,-1.684,0,0
633,-0.13486608144513,-1.6835,0,0
634,-0.13486608955284,-1.683,0,0
635,-0.13486609766055,-1.6825,0,0
636,-0.13486610576827,-1.682,0,0
637,-0.13486611387598,-1.6815,0,0
638,-0.13486612198369,-1.681,0,0
639,-0.1348661300914,-1.6805,0,0
640,-0.13486613819911,-1.68,0,0
641,-0.13486614630682,-1.6795,0,0
642,-0.13486615441454,-1.679,0,0
643,-0.13486616252225,-1.6785,0,0
644,-0.13486617062996,-1.678,0,0
645,-0.13486617873767,-1.6775,0,0
646,-0.13486618684538,-1.677,0,0
647,-0.13486619495309,-1.6765,0,0
648,-0.13486620306081,-1.676,0,0
649,-0.13486621116852,-1.6755,0,0
650,-0.13486621927623,-1.675,0,0
651,-0.13486622738394,-1.6745,0,0
652,-0.13486623549165,-1.674,0,0
653,-0.13486624359936,-1.6735,0,0
654,-0.13486625170708,-1.673,0,0
655,-0.13486625981479,-1.6725,0,0
656,-0.1348662679225,-1.672,0,0
657,-0.13486627603021,-1.6715,0,0
658,-0.13486628413792,-1.671,0,0
659,-0.13486629224563,-1.6705,0,0
660,-0.13486630035335,-1.67,0,0
661,-0.13486630846106,-1.6695,0,0
662,-0.13486631656877,-1.669,0,0
663,-0.13486632467648,-1.6685,0,0
664,-0.13486633278419,-1.668,0,0
665,-0.1348663408919,-1.6675,0,0
666,-0.13486634899962,-1.667,0,0
667,-0.13486635710733,-1.6665,0,0
668,-0.13486636521504,-1.666,0,0
669,-0.13486637332275,-1.6655,0,0
670,-0.13486638143046,-1.665,0,0
671,-0.13486638953817,-1.6645,0,0
672,-0.13486639764589,-1.664,0,0
673,-0.1348664057536,-1.6635,0,0
674,-0.13486641386131,-1.663,0,0
675,-0.13486642196902,-1.6625,0,0
676,-0.13486643007673,-1.662,0,0
677,-0.13486643818444,-1.6615,0,0
678,-0.13486644629216,-1.661,0,0
679,-0.13486645439987,-1.6605,0,0
680,-0.13486646250758,-1.66,0,0
681,-0.13486647061529,-1.6595,0,0
682,-0.134866478723,-1.659,0,0
683,-0.13486648683071,-1.6585,0,0
684,-0.13486649493843,-1.658,0,0
685,-0.13486650304614,-1.6575,0,0
686,-0.13486651115385,-1.657,0,0
687,-0.13486651926156,-1.6565,0,0
688,-0.13486652736927,-1.656,0,0
689,-0.13486653547698,-1.6555,0,0
690,-0.1348665435847,-1.655,0,0
691,-0.13486655169241,-1.6545,0,0
692,-0.13486655980012,-1.654,0,0
693,-0.13486656790783,-1.6535,0,0
694,-0.13486657601554,-1.653,0,0
695,-0.13486658412325,-1.6525,0,0
696,-0.13486659223097,-1.652,0,0
697,-0.13486660033868,-1.6515,0,0
698,-0.13486660844639,-1.651,0,0
699,-0.1348666165541,-1.6505,0,0
700,-0.13486662466181,-1.65,0,0
701,-0.13486663276952,-1.6495,0,0
702,-0.13486664087724,-1.649,0,0
703,-0.13486664898495,-1.6485,0,0
704,-0.13486665709266,-1.648,0,0
705,-0.13486666520037,-1.6475,0,0
706,-0.13486667330808,-1.647,0,0
707,-0.13486668141579,-1.6465,0,0
708,-0.13486668952351,-1.646,0,0
709,-0.13486669763122,-1.6455,0,0
710,-0.13486670573893,-1.645,0,0
711,-0.13486671384664,-1.6445,0,0
712,-0.13486672195435,-1.644,0,0
713,-0.13486673006206,-1.6435,0,0
714,-0.13486673816978,-1.643,0,0
715,-0.13486674627749,-1.6425,0,0
716,-0.1348667543852,-1.642,0,0
717,-0.13486676249291,-1.6415,0,0
718,-0.13486677060062,-1.641,0,0
719,-0.13486677870833,-1.6405,0,0
720,-0.13486678681605,-1.64,0,0
721,-0.13486679492376,-1.6395,0,0
722,-0.13486680303147,-1.639,0,0
723,-0.13486681113918,-1.6385,0,0
724,-0.13486681924689,-1.638,0,0
725,-0.1348668273546,-1.6375,0,0
726,-0.13486683546232,-1.637,0,0
727,-0.13486684357003,-1.6365,0,0
728,-0.13486685167774,-1.636,0,0
729,-0.13486685978545,-1.6355,0,0
730,-0.13486686789316,-1.635,0,0
731,-0.13486687600087,-1.6345,0,0
732,-0.13486688410859,-1.634,0,0
733,-0.1348668922163,-1.6335,0,0
734,-0.13486690032401,-1.633,0,0
735,-0.13486690843172,-1.6325,0,0
736,-0.13486691653943,-1.632,0,0
737,-0.13486692464714,-1.6315,0,0
738,-0.13486693275486,-1.631,0,0
739,-0.13486694086257,-1.6305,0,0
740,-0.13486694897028,-1.63,0,0
741,-0.13486695707799,-1.6295,0,0
742,-0.1348669651857,-1.629,0,0
743,-0.13486697329341,-1.6285,0,0
744,-0.13486698140113,-1.628,0,0
745,-0.13486698950884,-1.6275,0,0
746,-0.13486699761655,-1.627,0,0
747,-0.13486700572426,-1.6265,0,0
748,-0.13486701383197,-1.626,0,0
749,-0.13486702193968,-1.6255,0,0
750,-0.1348670300474,-1.625,0,0
751,-0.13486703815511,-1.6245,0,0
752,-0.13486704626282,-1.624,0,0
753,-0.13486705437053,-1.6235,0,0
754,-0.13486706247824,-1.623,0,0
755,-0.13486707058595,-1.6225,0,0
756,-0.13486707869367,-1.622,0,0
757,-0.13486708680138,-1.6215,0,0
758,-0.13486709490909,-1.621,0,0
759,-0.1348671030168,-1.6205,0,0
760,-0.13486711112451,-1.62,0,0
761,-0.13486711923222,-1.6195,0,0
762,-0.13486712733994,-1.619,0,0
763,-0.13486713544765,-1.6185,0,0
764,-0.13486714355536,-1.618,0,0
765,-0.13486715166307,-1.6175,0,0
766,-0.13486715977078,-1.617,0,0
767,-0.13486716787849,-1.6165,0,0
768,-0.13486717598621,-1.616,0,0
769,-0.13486718409392,-1.6155,0,0
770,-0.13486719220163,-1.615,0,0
771,-0.13486720030934,-1.6145,0,0
772,-0.13486720841705,-1.614,0,0
773,-0.13486721652476,-1.6135,0,0
774,-0.13486722463248,-1.613,0,0
775,-0.13486723274019,-1.6125,0,0
776,-0.1348672408479,-1.612,0,0
777,-0.13486724895561,-1.6115,0,0
778,-0.13486725706332,-1.611,0,0
779,-0.13486726517103,-1.6105,0,0
780,-0.13486727327875,-1.61,0,0
781,-0.13486728138646,-1.6095,0,0
782,-0.13486728949417,-1.609,0,0
783,-0.13486729760188,-1.6085,0,0
784,-0.13486730570959,-1.608,0,0
785,-0.1348673138173,-1.6075,0,0
786,-0.13486732192502,-1.607,0,0
787,-0.13486733003273,-1.6065,0,0
788,-0.13486733814044,-1.606,0,0
789,-0.13486734624815,-1.6055,0,0
790,-0.13486735435586,-1.605,0,0
791,-0.13486736246357,-1.6045,0,0
792,-0.13486737057129,-1.604,0,0
793,-0.134867378679,-1.6035,0,0
794,-0.13486738678671,-1.603,0,0
795,-0.13486739489442,-1.6025,0,0
796,-0.13486740300213,-1.602,0,0
797,-0.13486741110984,-1.6015,0,0
798,-0.13486741921756,-1.601,0,0
799,-0.13486742732527,-1.6005,0,0
800,-0.13486743543298,-1.6,0,0
801,-0.13486744354069,-1.5995,0,0
802,-0.1348674516484,-1.599,0,0
803,-0.13486745975611,-1.5985,0,0
804,-0.13486746786383,-1.598,0,0
805,-0.13486747597154,-1.5975,0,0
806,-0.13486748407925,-1.597,0,0
807,-0.13486749218696,-1.5965,0,0
808,-0.13486750029467,-1.596,0,0
809,-0.13486750840238,-1.5955,0,0
810,-0.1348675165101,-1.595,0,0
811,-0.13486752461781,-1.5945,0,0
812,-0.13486753272552,-1.594,0,0
813,-0.13486754083323,-1.5935,0,0
814,-0.13486754894094,-1.593,0,0
815,-0.13486755704865,-1.5925,0,0
816,-0.13486756515637,-1.592,0,0
817,-0.13486757326408,-1.5915,0,0
818,-0.13486758137179,-1.591,0,0
819,-0.1348675894795,-1.5905,0,0
820,-0.13486759758721,-1.59,0,0
821,-0.13486760569492,-1.5895,0,0
822,-0.13486761380264,-1.589,0,0
823,-0.13486762191035,-1.5885,0,0
824,-0.13486763001806,-1.588,0,0
825,-0.13486763812577,-1.5875,0,0
826,-0.13486764623348,-1.587,0,0
827,-0.13486765434119,-1.5865,0,0
828,-0.13486766244891,-1.586,0,0
829,-0.13486767055662,-1.5855,0,0
830,-0.13486767866433,-1.585,0,0
831,-0.13486768677204,-1.5845,0,0
832,-0.13486769487975,-1.584,0,0
833,-0.13486770298746,-1.5835,0,0
834,-0.13486771109518,-1.583,0,0
835,-0.13486771920289,-1.5825,0,0
836,-0.1348677273106,-1.582,0,0
837,-0.13486773541831,-1.5815,0,0
838,-0.13486774352602,-1.581,0,0
839,-0.13486775163373,-1.5805,0,0
840,-0.13486775974145,-1.58,0,0
841,-0.13486776784916,-1.5795,0,0
842,-0.13486777595687,-1.579,0,0
843,-0.13486778406458,-1.5785,0,0
844,-0.13486779217229,-1.578,0,0
845,-0.13486780028,-1.5775,0,0
846,-0.13486780838772,-1.577,0,0
847,-0.13486781649543,-1.5765,0,0
848,-0.13486782460314,-1.576,0,0
849,-0.13486783271085,-1.5755,0,0
850,-0.13486784081856,-1.575,0,0
851,-0.13486784892627,-1.5745,0,0
852,-0.13486785703399,-1.574,0,0
853,-0.1348678651417,-1.5735,0,0
854,-0.13486787324941,-1.573,0,0
855,-0.13486788135712,-1.5725,0,0
856,-0.13486788946483,-1.572,0,0
857,-0.13486789757254,-1.5715,0,0
858,-0.13486790568026,-1.571,0,0
859,-0.13486791378797,-1.5705,0,0
860,-0.13486792189568,-1.57,0,0
861,-0.13486793000339,-1.5695,0,0
862,-0.1348679381111,-1.569,0,0
863,-0.13486794621881,-1.5685,0,0
864,-0.13486795432653,-1.568,0,0
865,-0.13486796243424,-1.5675,0,0
866,-0.13486797054195,-1.567,0,0
867,-0.13486797864966,-1.5665,0,0
868,-0.13486798675737,-1.566,0,0
869,-0.13486799486508,-1.5655,0,0
870,-0.1348680029728,-1.565,0,0
871,-0.13486801108051,-1.5645,0,0
872,-0.13486801918822,-1.564,0,0
873,-0.13486802729593,-1.5635,0,0
874,-0.13486803540364,-1.563,0,0
875,-0.13486804351135,-1.5625,0,0
876,-0.13486805161907,-1.562,0,0
877,-0.13486805972678,-1.5615,0,0
878,-0.13486806783449,-1.561,0,0
879,-0.1348680759422,-1.5605,0,0
880,-0.13486808404991,-1.56,0,0
881,-0.13486809215762,-1.5595,0,0
882,-0.13486810026534,-1.559,0,0
883,-0.13486810837305,-1.5585,0,0
884,-0.13486811648076,-1.558,0,0
885,-0.13486812458847,-1.5575,0,0
886,-0.13486813269618,-1.557,0,0
887,-0.13486814080389,-1.5565,0,0
888,-0.13486814891161,-1.556,0,0
889,-0.13486815701932,-1.5555,0,0
890,-0.13486816512703,-1.555,0,0
891,-0.13486817323474,-1.5545,0,0
892,-0.13486818134245,-1.554,0,0
893,-0.13486818945016,-1.5535,0,0
894,-0.13486819755788,-1.553,0,0
895,-0.13486820566559,-1.5525,0,0
896,-0.1348682137733,-1.552,0,0
897,-0.13486822188101,-1.5515,0,0
898,-0.13486822998872,-1.551,0,0
899,-0.13486823809643,-1.5505,0,0
900,-0.13486824620415,-1.55,0,0
901,-0.13486825431186,-1.5495,0,0
902,-0.13486826241957,-1.549,0,0
903,-0.13486827052728,-1.5485,0,0
904,-0.13486827863499,-1.548,0,0
905,-0.1348682867427,-1.5475,0,0
906,-0.13486829485042,-1.547,0,0
907,-0.13486830295813,-1.5465,0,0
908,-0.13486831106584,-1.546,0,0
909,-0.13486831917355,-1.5455,0,0
910,-0.13486832728126,-1.545,0,0
911,-0.13486833538897,-1.5445,0,0
912,-0.13486834349668,-1.544,0,0
913,-0.1348683516044,-1.5435,0,0
914,-0.13486835971211,-1.543,0,0
915,-0.13486836781982,-1.5425,0,0
916,-0.13486837592753,-1.542,0,0
917,-0.13486838403524,-1.5415,0,0
918,-0.13486839214295,-1.541,0,0
919,-0.13486840025067,-1.5405,0,0
920,-0.13486840835838,-1.54,0,0
921,-0.13486841646609,-1.5395,0,0
922,-0.1348684245738,-1.539,0,0
923,-0.13486843268151,-1.5385,0,0
924,-0.13486844078922,-1.538,0,0
925,-0.13486844889694,-1.5375,0,0
926,-0.13486845700465,-1.537,0,0
927,-0.13486846511236,-1.5365,0,0
928,-0.13486847322007,-1.536,0,0
929,-0.13486848132778,-1.5355,0,0
930,-0.13486848943549,-1.535,0,0
931,-0.13486849754321,-1.5345,0,0
932,-0.13486850565092,-1.534,0,0
933,-0.13486851375863,-1.5335,0,0
934,-0.13486852186634,-1.533,0,0
935,-0.13486852997405,-1.5325,0,0
936,-0.13486853808176,-1.532,0,0
937,-0.13486854618948,-1.5315,0,0
938,-0.13486855429719,-1.531,0,0
939,-0.1348685624049,-1.5305,0,0
940,-0.13486857051261,-1.53,0,0
941,-0.13486857862032,-1.5295,0,0
942,-0.13486858672803,-1.529,0,0
943,-0.13486859483575,-1.5285,0,0
944,-0.13486860294346,-1.528,0,0
945,-0.13486861105117,-1.5275,0,0
946,-0.13486861915888,-1.527,0,0
947,-0.13486862726659,-1.5265,0,0
948,-0.1348686353743,-1.526,0,0
949,-0.13486864348202,-1.5255,0,0
950,-0.13486865158973,-1.525,0,0
951,-0.13486865969744,-1.5245,0,0
952,-0.13486866780515,-1.524,0,0
953,-0.13486867591286,-1.5235,0,0
954,-0.13486868402057,-1.523,0,0
955,-0.13486869212829,-1.5225,0,0
956,-0.134868700236,-1.522,0,0
957,-0.13486870834371,-1.5215,0,0
958,-0.13486871645142,-1.521,0,0
959,-0.13486872455913,-1.5205,0,0
960,-0.13486873266684,-1.52,0,0
961,-0.13486874077456,-1.5195,0,0
962,-0.13486874888227,-1.519,0,0
963,-0.13486875698998,-1.5185,0,0
964,-0.13486876509769,-1.518,0,0
965,-0.1348687732054,-1.5175,0,0
966,-0.13486878131311,-1.517,0,0
967,-0.13486878942083,-1.5165,0,0
968,-0.13486879752854,-1.516,0,0
969,-0.13486880563625,-1.5155,0,0
970,-0.13486881374396,-1.515,0,0
971,-0.13486882185167,-1.5145,0,0
972,-0.13486882995938,-1.514,0,0
973,-0.1348688380671,-1.5135,0,0
974,-0.13486884617481,-1.513,0,0
975,-0.13486885428252,-1.5125,0,0
976,-0.13486886239023,-1.512,0,0
977,-0.13486887049794,-1.5115,0,0
978,-0.13486887860565,-1.511,0,0
979,-0.13486888671337,-1.5105,0,0
980,-0.13486889482108,-1.51,0,0
981,-0.13486890292879,-1.5095,0,0
982,-0.1348689110365,-1.509,0,0
983,-0.13486891914421,-1.5085,0,0
984,-0.13486892725192,-1.508,0,0
985,-0.13486893535964,-1.5075,0,0
986,-0.13486894346735,-1.507,0,0
987,-0.13486895157506,-1.5065,0,0
988,-0.13486895968277,-1.506,0,0
989,-0.13486896779048,-1.5055,0,0
990,-0.13486897589819,-1.505,0,0
991,-0.13486898400591,-1.5045,0,0
992,-0.13486899211362,-1.504,0,0
993,-0.13486900022133,-1.5035,0,0
994,-0.13486900832904,-1.503,0,0
995,-0.13486901643675,-1.5025,0,0
996,-0.13486902454446,-1.502,0,0
997,-0.13486903265218,-1.5015,0,0
998,-0.13486904075989,-1.501,0,0
999,-0.1348690488676,-1.5005,0,0
1000,-0.13486905697531,-1.5,0,0
1001,-0.13486906508302,-1.4995,0,0
1002,-0.13486907319073,-1.499,0,0
1003,-0.13486908129845,-1.4985,0,0
1004,-0.13486908940616,-1.498,0,0
1005,-0.13486909751387,-1.4975,0,0
1006,-0.13486910562158,-1.497,0,0
1007,-0.13486911372929,-1.4965,0,0
1008,-0.134869121837,-1.496,0,0
1009,-0.13486912994472,-1.4955,0,0
1010,-0.13486913805243,-1.495,0,0
1011,-0.13486914616014,-1.4945,0,0
1012,-0.13486915426785,-1.494,0,0
1013,-0.13486916237556,-1.4935,0,0
1014,-0.13486917048327,-1.493,0,0
1015,-0.13486917859099,-1.4925,0,0
1016,-0.1348691866987,-1.492,0,0
1017,-0.13486919480641,-1.4915,0,0
1018,-0.13486920291412,-1.491,0,0
1019,-0.13486921102183,-1.4905,0,0
1020,-0.13486921912954,-1.49,0,0
1021,-0.13486922723726,-1.4895,0,0
1022,-0.13486923534497,-1.489,0,0
1023,-0.13486924345268,-1.4885,0,0
1024,-0.13486925156039,-1.488,0,0
1025,-0.1348692596681,-1.4875,0,0
1026,-0.13486926777581,-1.487,0,0
1027,-0.13486927588353,-1.4865,0,0
1028,-0.13486928399124,-1.486,0,0
1029,-0.13486929209895,-1.4855,0,0
1030,-0.13486930020666,-1.485,0,0
1031,-0.13486930831437,-1.4845,0,0
1032,-0.13486931642208,-1.484,0,0
1033,-0.1348693245298,-1.4835,0,0
1034,-0.13486933263751,-1.483,0,0
1035,-0.13486934074522,-1.4825,0,0
1036,-0.13486934885293,-1.482,0,0
1037,-0.13486935696064,-1.4815,0,0
1038,-0.13486936506835,-1.481,0,0
1039,-0.13486937317607,-1.4805,0,0
1040,-0.13486938128378,-1.48,0,0
1041,-0.13486938939149,-1.4795,0,0
1042,-0.1348693974992,-1.479,0,0
1043,-0.13486940560691,-1.4785,0,0
1044,-0.13486941371462,-1.478,0,0
1045,-0.13486942182234,-1.4775,0,0
1046,-0.13486942993005,-1.477,0,0
1047,-0.13486943803776,-1.4765,0,0
1048,-0.13486944614547,-1.476,0,0
1049,-0.13486945425318,-1.4755,0,0
1050,-0.13486946236089,-1.475,0,0
1051,-0.13486947046861,-1.4745,0,0
1052,-0.13486947857632,-1.474,0,0
1053,-0.13486948668403,-1.4735,0,0
1054,-0.13486949479174,-1.473,0,0
1055,-0.13486950289945,-1.4725,0,0
1056,-0.13486951100716,-1.472,0,0
1057,-0.13486951911488,-1.4715,0,0
1058,-0.13486952722259,-1.471,0,0
1059,-0.1348695353303,-1.4705,0,0
1060,-0.13486954343801,-1.47,0,0
1061,-0.13486955154572,-1.4695,0,0
1062,-0.13486955965343,-1.469,0,0
1063,-0.13486956776115,-1.4685,0,0
1064,-0.13486957586886,-1.468,0,0
1065,-0.13486958397657,-1.4675,0,0
1066,-0.13486959208428,-1.467,0,0
1067,-0.13486960019199,-1.4665,0,0
1068,-0.1348696082997,-1.466,0,0
1069,-0.13486961640742,-1.4655,0,0
1070,-0.13486962451513,-1.465,0,0
1071,-0.13486963262284,-1.4645,0,0
1072,-0.13486964073055,-1.464,0,0
1073,-0.13486964883826,-1.4635,0,0
1074,-0.13486965694597,-1.463,0,0
1075,-0.13486966505369,-1.4625,0,0
1076,-0.1348696731614,-1.462,0,0
1077,-0.13486968126911,-1.4615,0,0
1078,-0.13486968937682,-1.461,0,0
1079,-0.13486969748453,-1.4605,0,0
1080,-0.13486970559224,-1.46,0,0
1081,-0.13486971369996,-1.4595,0,0
1082,-0.13486972180767,-1.459,0,0
1083,-0.13486972991538,-1.4585,0,0
1084,-0.13486973802309,-1.458,0,0
1085,-0.1348697461308,-1.4575,0,0
1086,-0.13486975423851,-1.457,0,0
1087,-0.13486976234623,-1.4565,0,0
1088,-0.13486977045394,-1.456,0,0
1089,-0.13486977856165,-1.4555,0,0
1090,-0.13486978666936,-1.455,0,0
1091,-0.13486979477707,-1.4545,0,0
1092,-0.13486980288478,-1.454,0,0
1093,-0.1348698109925,-1.4535,0,0
1094,-0.13486981910021,-1.453,0,0
1095,-0.13486982720792,-1.4525,0,0
1096,-0.13486983531563,-1.452,0,0
1097,-0.13486984342334,-1.4515,0,0
1098,-0.13486985153105,-1.451,0,0
1099,-0.13486985963877,-1.4505,0,0
1100,-0.13486986774648,-1.45,0,0
1101,-0.13486987585419,-1.4495,0,0
1102,-0.1348698839619,-1.449,0,0
1103,-0.13486989206961,-1.4485,0,0
1104,-0.13486990017732,-1.448,0,0
1105,-0.13486990828504,-1.4475,0,0
1106,-0.13486991639275,-1.447,0,0
1107,-0.13486992450046,-1.4465,0,0
1108,-0.13486993260817,-1.446,0,0
1109,-0.13486994071588,-1.4455,0,0
1110,-0.13486994882359,-1.445,0,0
1111,-0.13486995693131,-1.4445,0,0
1112,-0.13486996503902,-1.444,0,0
1113,-0.13486997314673,-1.4435,0,0
1114,-0.13486998125444,-1.443,0,0
1115,-0.13486998936215,-1.4425,0,0
1116,-0.13486999746986,-1.442,0,0
1117,-0.13487000557758,-1.4415,0,0
1118,-0.13487001368529,-1.441,0,0
1119,-0.134870021793,-1.4405,0,0
1120,-0.13487002990071,-1.44,0,0
1121,-0.13487003800842,-1.4395,0,0
1122,-0.13487004611613,-1.439,0,0
1123,-0.13487005422385,-1.4385,0,0
1124,-0.13487006233156,-1.438,0,0
1125,-0.13487007043927,-1.4375,0,0
1126,-0.13487007854698,-1.437,0,0
1127,-0.13487008665469,-1.4365,0,0
1128,-0.1348700947624,-1.436,0,0
1129,-0.13487010287012,-1.4355,0,0
1130,-0.13487011097783,-1.435,0,0
1131,-0.13487011908554,-1.4345,0,0
1132,-0.13487012719325,-1.434,0,0
1133,-0.13487013530096,-1.4335,0,0
1134,-0.13487014340867,-1.433,0,0
1135,-0.13487015151639,-1.4325,0,0
1136,-0.1348701596241,-1.432,0,0
1137,-0.13487016773181,-1.4315,0,0
1138,-0.13487017583952,-1.431,0,0
1139,-0.13487018394723,-1.4305,0,0
1140,-0.13487019205494,-1.43,0,0
1141,-0.13487020016266,-1.4295,0,0
1142,-0.13487020827037,-1.429,0,0
1143,-0.13487021637808,-1.4285,0,0
1144,-0.13487022448579,-1.428,0,0
1145,-0.1348702325935,-1.4275,0,0
1146,-0.13487024070121,-1.427,0,0
1147,-0.13487024880893,-1.4265,0,0
1148,-0.13487025691664,-1.426,0,0
1149,-0.13487026502435,-1.4255,0,0
1150,-0.13487027313206,-1.425,0,0
1151,-0.13487028123977,-1.4245,0,0
1152,-0.13487028934748,-1.424,0,0
1153,-0.1348702974552,-1.4235,0,0
1154,-0.13487030556291,-1.423,0,0
1155,-0.13487031367062,-1.4225,0,0
1156,-0.13487032177833,-1.422,0,0
1157,-0.13487032988604,-1.4215,0,0
1158,-0.13487033799375,-1.421,0,0
1159,-0.13487034610147,-1.4205,0,0
1160,-0.13487035420918,-1.42,0,0
1161,-0.13487036231689,-1.4195,0,0
1162,-0.1348703704246,-1.419,0,0
1163,-0.13487037853231,-1.4185,0,0
1164,-0.13487038664002,-1.418,0,0
1165,-0.13487039474774,-1.4175,0,0
1166,-0.13487040285545,-1.417,0,0
1167,-0.13487041096316,-1.4165,0,0
1168,-0.13487041907087,-1.416,0,0
1169,-0.13487042717858,-1.4155,0,0
1170,-0.13487043528629,-1.415,0,0
1171,-0.13487044339401,-1.4145,0,0
1172,-0.13487045150172,-1.414,0,0
1173,-0.13487045960943,-1.4135,0,0
1174,-0.13487046771714,-1.413,0,0
1175,-0.13487047582485,-1.4125,0,0
1176,-0.13487048393256,-1.412,0,0
1177,-0.13487049204028,-1.4115,0,0
1178,-0.13487050014799,-1.411,0,0
1179,-0.1348705082557,-1.4105,0,0
1180,-0.13487051636341,-1.41,0,0
1181,-0.13487052447112,-1.4095,0,0
1182,-0.13487053257883,-1.409,0,0
1183,-0.13487054068655,-1.4085,0,0
1184,-0.13487054879426,-1.408,0,0
1185,-0.13487055690197,-1.4075,0,0
1186,-0.13487056500968,-1.407,0,0
1187,-0.13487057311739,-1.4065,0,0
1188,-0.1348705812251,-1.406,0,0
1189,-0.13487058933282,-1.4055,0,0
1190,-0.13487059744053,-1.405,0,0
1191,-0.13487060554824,-1.4045,0,0
1192,-0.13487061365595,-1.404,0,0
1193,-0.13487062176366,-1.4035,0,0
1194,-0.13487062987137,-1.403,0,0
1195,-0.13487063797909,-1.4025,0,0
1196,-0.1348706460868,-1.402,0,0
1197,-0.13487065419451,-1.4015,0,0
1198,-0.13487066230222,-1.401,0,0
1199,-0.13487067040993,-1.4005,0,0
1200,-0.13487067851764,-1.4,0,0
1201,-0.13487068662536,-1.3995,0,0
1202,-0.13487069473307,-1.399,0,0
1203,-0.13487070284078,-1.3985,0,0
1204,-0.13487071094849,-1.398,0,0
1205,-0.1348707190562,-1.3975,0,0
1206,-0.13487072716391,-1.397,0,0
1207,-0.13487073527163,-1.3965,0,0
1208,-0.13487074337934,-1.396,0,0
1209,-0.13487075148705,-1.3955,0,0
1210,-0.13487075959476,-1.395,0,0
1211,-0.13487076770247,-1.3945,0,0
1212,-0.13487077581018,-1.394,0,0
1213,-0.1348707839179,-1.3935,0,0
1214,-0.13487079202561,-1.393,0,0
1215,-0.13487080013332,-1.3925,0,0
1216,-0.13487080824103,-1.392,0,0
1217,-0.13487081634874,-1.3915,0,0
1218,-0.13487082445645,-1.391,0,0
1219,-0.13487083256416,-1.3905,0,0
1220,-0.13487084067188,-1.39,0,0
1221,-0.13487084877959,-1.3895,0,0
1222,-0.1348708568873,-1.389,0,0
1223,-0.13487086499501,-1.3885,0,0
1224,-0.13487087310272,-1.388,0,0
1225,-0.13487088121043,-1.3875,0,0
1226,-0.13487088931815,-1.387,0,0
1227,-0.13487089742586,-1.3865,0,0
1228,-0.13487090553357,-1.386,0,0
1229,-0.13487091364128,-1.3855,0,0
1230,-0.13487092174899,-1.385,0,0
1231,-0.1348709298567,-1.3845,0,0
1232,-0.13487093796442,-1.384,0,0
1233,-0.13487094607213,-1.3835,0,0
1234,-0.13487095417984,-1.383,0,0
1235,-0.13487096228755,-1.3825,0,0
1236,-0.13487097039526,-1.382,0,0
1237,-0.13487097850297,-1.3815,0,0
1238,-0.13487098661069,-1.381,0,0
1239,-0.1348709947184,-1.3805,0,0
1240,-0.13487100282611,-1.38,0,0
1241,-0.13487101093382,-1.3795,0,0
1242,-0.13487101904153,-1.379,0,0
1243,-0.13487102714924,-1.3785,0,0
1244,-0.13487103525696,-1.378,0,0
1245,-0.13487104336467,-1.3775,0,0
1246,-0.13487105147238,-1.377,0,0
1247,-0.13487105958009,-1.3765,0,0
1248,-0.1348710676878,-1.376,0,0
1249,-0.13487107579551,-1.3755,0,0
1250,-0.13487108390323,-1.375,0,0
1251,-0.13487109201094,-1.3745,0,0
1252,-0.13487110011865,-1.374,0,0
1253,-0.13487110822636,-1.3735,0,0
1254,-0.13487111633407,-1.373,0,0
1255,-0.13487112444178,-1.3725,0,0
1256,-0.1348711325495,-1.372,0,0
1257,-0.13487114065721,-1.3715,0,0
1258,-0.13487114876492,-1.371,0,0
1259,-0.13487115687263,-1.3705,0,0
1260,-0.13487116498034,-1.37,0,0
1261,-0.13487117308805,-1.3695,0,0
1262,-0.13487118119577,-1.369,0,0
1263,-0.13487118930348,-1.3685,0,0
1264,-0.13487119741119,-1.368,0,0
1265,-0.1348712055189,-1.3675,0,0
1266,-0.13487121362661,-1.367,0,0
1267,-0.13487122173432,-1.3665,0,0
1268,-0.13487122984204,-1.366,0,0
1269,-0.13487123794975,-1.3655,0,0
1270,-0.13487124605746,-1.365,0,0
1271,-0.13487125416517,-1.3645,0,0
1272,-0.13487126227288,-1.364,0,0
1273,-0.13487127038059,-1.3635,0,0
1274,-0.13487127848831,-1.363,0,0
1275,-0.13487128659602,-1.3625,0,0
1276,-0.13487129470373,-1.362,0,0
1277,-0.13487130281144,-1.3615,0,0
1278,-0.13487131091915,-1.361,0,0
1279,-0.13487131902686,-1.3605,0,0
1280,-0.13487132713458,-1.36,0,0
1281,-0.13487133524229,-1.3595,0,0
1282,-0.13487134335,-1.359,0,0
1283,-0.13487135145771,-1.3585,0,0
1284,-0.13487135956542,-1.358,0,0
1285,-0.13487136767313,-1.3575,0,0
1286,-0.13487137578085,-1.357,0,0
1287,-0.13487138388856,-1.3565,0,0
1288,-0.13487139199627,-1.356,0,0
1289,-0.13487140010398,-1.3555,0,0
1290,-0.13487140821169,-1.355,0,0
1291,-0.1348714163194,-1.3545,0,0
1292,-0.13487142442712,-1.354,0,0
1293,-0.13487143253483,-1.3535,0,0
1294,-0.13487144064254,-1.353,0,0
1295,-0.13487144875025,-1.3525,0,0
1296,-0.13487145685796,-1.352,0,0
1297,-0.13487146496567,-1.3515,0,0
1298,-0.13487147307339,-1.351,0,0
1299,-0.1348714811811,-1.3505,0,0
1300,-0.13487148928881,-1.35,0,0
1301,-0.13487149739652,-1.3495,0,0
1302,-0.13487150550423,-1.349,0,0
1303,-0.13487151361194,-1.3485,0,0
1304,-0.13487152171966,-1.348,0,0
1305,-0.13487152982737,-1.3475,0,0
1306,-0.13487153793508,-1.347,0,0
1307,-0.13487154604279,-1.3465,0,0
1308,-0.1348715541505,-1.346,0,0
1309,-0.13487156225821,-1.3455,0,0
1310,-0.13487157036593,-1.345,0,0
1311,-0.13487157847364,-1.3445,0,0
1312,-0.13487158658135,-1.344,0,0
1313,-0.13487159468906,-1.3435,0,0
1314,-0.13487160279677,-1.343,0,0
1315,-0.13487161090448,-1.3425,0,0
1316,-0.1348716190122,-1.342,0,0
1317,-0.13487162711991,-1.3415,0,0
1318,-0.13487163522762,-1.341,0,0
1319,-0.13487164333533,-1.3405,0,0
1320,-0.13487165144304,-1.34,0,0
1321,-0.13487165955075,-1.3395,0,0
1322,-0.13487166765847,-1.339,0,0
1323,-0.13487167576618,-1.3385,0,0
1324,-0.13487168387389,-1.338,0,0
1325,-0.1348716919816,-1.3375,0,0
1326,-0.13487170008931,-1.337,0,0
1327,-0.13487170819702,-1.3365,0,0
1328,-0.13487171630474,-1.336,0,0
1329,-0.13487172441245,-1.3355,0,0
1330,-0.13487173252016,-1.335,0,0
1331,-0.13487174062787,-1.3345,0,0
1332,-0.13487174873558,-1.334,0,0
1333,-0.13487175684329,-1.3335,0,0
1334,-0.13487176495101,-1.333,0,0
1335,-0.13487177305872,-1.3325,0,0
1336,-0.13487178116643,-1.332,0,0
1337,-0.13487178927414,-1.3315,0,0
1338,-0.13487179738185,-1.331,0,0
1339,-0.13487180548956,-1.3305,0,0
1340,-0.13487181359728,-1.33,0,0
1341,-0.13487182170499,-1.3295,0,0
1342,-0.1348718298127,-1.329,0,0
1343,-0.13487183792041,-1.3285,0,0
1344,-0.13487184602812,-1.328,0,0
1345,-0.13487185413583,-1.3275,0,0
1346,-0.13487186224355,-1.327,0,0
1347,-0.13487187035126,-1.3265,0,0
1348,-0.13487187845897,-1.326,0,0
1349,-0.13487188656668,-1.3255,0,0
1350,-0.13487189467439,-1.325,0,0
1351,-0.1348719027821,-1.3245,0,0
1352,-0.13487191088982,-1.324,0,0
1353,-0.13487191899753,-1.3235,0,0
1354,-0.13487192710524,-1.323,0,0
1355,-0.13487193521295,-1.3225,0,0
1356,-0.13487194332066,-1.322,0,0
1357,-0.13487195142837,-1.3215,0,0
1358,-0.13487195953609,-1.321,0,0
1359,-0.1348719676438,-1.3205,0,0
1360,-0.13487197575151,-1.32,0,0
1361,-0.13487198385922,-1.3195,0,0
1362,-0.13487199196693,-1.319,0,0
1363,-0.13487200007464,-1.3185,0,0
1364,-0.13487200818236,-1.318,0,0
1365,-0.13487201629007,-1.3175,0,0
1366,-0.13487202439778,-1.317,0,0
1367,-0.13487203250549,-1.3165,0,0
1368,-0.1348720406132,-1.316,0,0
1369,-0.13487204872091,-1.3155,0,0
1370,-0.13487205682863,-1.315,0,0
1371,-0.13487206493634,-1.3145,0,0
1372,-0.13487207304405,-1.314,0,0
1373,-0.13487208115176,-1.3135,0,0
1374,-0.13487208925947,-1.313,0,0
1375,-0.13487209736718,-1.3125,0,0
1376,-0.1348721054749,-1.312,0,0
1377,-0.13487211358261,-1.3115,0,0
1378,-0.13487212169032,-1.311,0,0
1379,-0.13487212979803,-1.3105,0,0
1380,-0.13487213790574,-1.31,0,0
1381,-0.13487214601345,-1.3095,0,0
1382,-0.13487215412117,-1.309,0,0
1383,-0.13487216222888,-1.3085,0,0
1384,-0.13487217033659,-1.308,0,0
1385,-0.1348721784443,-1.3075,0,0
1386,-0.13487218655201,-1.307,0,0
1387,-0.13487219465972,-1.3065,0,0
1388,-0.13487220276744,-1.306,0,0
1389,-0.13487221087515,-1.3055,0,0
1390,-0.13487221898286,-1.305,0,0
1391,-0.13487222709057,-1.3045,0,0
1392,-0.13487223519828,-1.304,0,0
1393,-0.13487224330599,-1.3035,0,0
1394,-0.13487225141371,-1.303,0,0
1395,-0.13487225952142,-1.3025,0,0
1396,-0.13487226762913,-1.302,0,0
1397,-0.13487227573684,-1.3015,0,0
1398,-0.13487228384455,-1.301,0,0
1399,-0.13487229195226,-1.3005,0,0
1400,-0.13487230005998,-1.3,0,0
1401,-0.13487230816769,-1.2995,0,0
1402,-0.1348723162754,-1.299,0,0
1403,-0.13487232438311,-1.2985,0,0
1404,-0.13487233249082,-1.298,0,0
1405,-0.13487234059853,-1.2975,0,0
1406,-0.13487234870625,-1.297,0,0
1407,-0.13487235681396,-1.2965,0,0
1408,-0.13487236492167,-1.296,0,0
1409,-0.13487237302938,-1.2955,0,0
1410,-0.13487238113709,-1.295,0,0
1411,-0.1348723892448,-1.2945,0,0
1412,-0.13487239735252,-1.294,0,0
1413,-0.13487240546023,-1.2935,0,0
1414,-0.13487241356794,-1.293,0,0
1415,-0.13487242167565,-1.2925,0,0
1416,-0.13487242978336,-1.292,0,0
1417,-0.13487243789107,-1.2915,0,0
1418,-0.13487244599879,-1.291,0,0
1419,-0.1348724541065,-1.2905,0,0
1420,-0.13487246221421,-1.29,0,0
1421,-0.13487247032192,-1.2895,0,0
1422,-0.13487247842963,-1.289,0,0
1423,-0.13487248653734,-1.2885,0,0
1424,-0.13487249464506,-1.288,0,0
1425,-0.13487250275277,-1.2875,0,0
1426,-0.13487251086048,-1.287,0,0
1427,-0.13487251896819,-1.2865,0,0
1428,-0.1348725270759,-1.286,0,0
1429,-0.13487253518361,-1.2855,0,0
1430,-0.13487254329133,-1.285,0,0
1431,-0.13487255139904,-1.2845,0,0
1432,-0.13487255950675,-1.284,0,0
1433,-0.13487256761446,-1.2835,0,0
1434,-0.13487257572217,-1.283,0,0
1435,-0.13487258382988,-1.2825,0,0
1436,-0.1348725919376,-1.282,0,0
1437,-0.13487260004531,-1.2815,0,0
1438,-0.13487260815302,-1.281,0,0
1439,-0.13487261626073,-1.2805,0,0
1440,-0.13487262436844,-1.28,0,0
1441,-0.13487263247615,-1.2795,0,0
1442,-0.13487264058387,-1.279,0,0
1443,-0.13487264869158,-1.2785,0,0
1444,-0.13487265679929,-1.278,0,0
1445,-0.134872664907,-1.2775,0,0
1446,-0.13487267301471,-1.277,0,0
1447,-0.13487268112242,-1.2765,0,0
1448,-0.13487268923014,-1.276,0,0
1449,-0.13487269733785,-1.2755,0,0
1450,-0.13487270544556,-1.275,0,0
1451,-0.13487271355327,-1.2745,0,0
1452,-0.13487272166098,-1.274,0,0
1453,-0.13487272976869,-1.2735,0,0
1454,-0.13487273787641,-1.273,0,0
1455,-0.13487274598412,-1.2725,0,0
1456,-0.13487275409183,-1.272,0,0
1457,-0.13487276219954,-1.2715,0,0
1458,-0.13487277030725,-1.271,0,0
1459,-0.13487277841496,-1.2705,0,0
1460,-0.13487278652268,-1.27,0,0
1461,-0.13487279463039,-1.2695,0,0
1462,-0.1348728027381,-1.269,0,0
1463,-0.13487281084581,-1.2685,0,0
1464,-0.13487281895352,-1.268,0,0
1465,-0.13487282706123,-1.2675,0,0
1466,-0.13487283516895,-1.267,0,0
1467,-0.13487284327666,-1.2665,0,0
1468,-0.13487285138437,-1.266,0,0
1469,-0.13487285949208,-1.2655,0,0
1470,-0.13487286759979,-1.265,0,0
1471,-0.1348728757075,-1.2645,0,0
1472,-0.13487288381522,-1.264,0,0
1473,-0.13487289192293,-1.2635,0,0
1474,-0.13487290003064,-1.263,0,0
1475,-0.13487290813835,-1.2625,0,0
1476,-0.13487291624606,-1.262,0,0
1477,-0.13487292435377,-1.2615,0,0
1478,-0.13487293246149,-1.261,0,0
1479,-0.1348729405692,-1.2605,0,0
1480,-0.13487294867691,-1.26,0,0
1481,-0.13487295678462,-1.2595,0,0
1482,-0.13487296489233,-1.259,0,0
1483,-0.13487297300004,-1.2585,0,0
1484,-0.13487298110776,-1.258,0,0
1485,-0.13487298921547,-1.2575,0,0
1486,-0.13487299732318,-1.257,0,0
1487,-0.13487300543089,-1.2565,0,0
1488,-0.1348730135386,-1.256,0,0
1489,-0.13487302164631,-1.2555,0,0
1490,-0.13487302975403,-1.255,0,0
1491,-0.13487303786174,-1.2545,0,0
1492,-0.13487304596945,-1.254,0,0
1493,-0.13487305407716,-1.2535,0,0
1494,-0.13487306218487,-1.253,0,0
1495,-0.13487307029258,-1.2525,0,0
1496,-0.1348730784003,-1.252,0,0
1497,-0.13487308650801,-1.2515,0,0
1498,-0.13487309461572,-1.251,0,0
1499,-0.13487310272343,-1.2505,0,0
1500,-0.13487311083114,-1.25,0,0
1501,-0.13487311893885,-1.2495,0,0
1502,-0.13487312704656,-1.249,0,0
1503,-0.13487313515428,-1.2485,0,0
1504,-0.13487314326199,-1.248,0,0
1505,-0.1348731513697,-1.2475,0,0
1506,-0.13487315947741,-1.247,0,0
1507,-0.13487316758512,-1.2465,0,0
1508,-0.13487317569283,-1.246,0,0
1509,-0.13487318380055,-1.2455,0,0
1510,-0.13487319190826,-1.245,0,0
1511,-0.13487320001597,-1.2445,0,0
1512,-0.13487320812368,-1.244,0,0
1513,-0.13487321623139,-1.2435,0,0
1514,-0.1348732243391,-1.243,0,0
1515,-0.13487323244682,-1.2425,0,0
1516,-0.13487324055453,-1.242,0,0
1517,-0.13487324866224,-1.2415,0,0
1518,-0.13487325676995,-1.241,0,0
1519,-0.13487326487766,-1.2405,0,0
1520,-0.13487327298537,-1.24,0,0
1521,-0.13487328109309,-1.2395,0,0
1522,-0.1348732892008,-1.239,0,0
1523,-0.13487329730851,-1.2385,0,0
1524,-0.13487330541622,-1.238,0,0
1525,-0.13487331352393,-1.2375,0,0
1526,-0.13487332163164,-1.237,0,0
1527,-0.13487332973936,-1.2365,0,0
1528,-0.13487333784707,-1.236,0,0
1529,-0.13487334595478,-1.2355,0,0
1530,-0.13487335406249,-1.235,0,0
1531,-0.1348733621702,-1.2345,0,0
1532,-0.13487337027791,-1.234,0,0
1533,-0.13487337838563,-1.2335,0,0
1534,-0.13487338649334,-1.233,0,0
1535,-0.13487339460105,-1.2325,0,0
1536,-0.13487340270876,-1.232,0,0
1537,-0.13487341081647,-1.2315,0,0
1538,-0.13487341892418,-1.231,0,0
1539,-0.1348734270319,-1.2305,0,0
1540,-0.13487343513961,-1.23,0,0
1541,-0.13487344324732,-1.2295,0,0
1542,-0.13487345135503,-1.229,0,0
1543,-0.13487345946274,-1.2285,0,0
1544,-0.13487346757045,-1.228,0,0
1545,-0.13487347567817,-1.2275,0,0
1546,-0.13487348378588,-1.227,0,0
1547,-0.13487349189359,-1.2265,0,0
1548,-0.1348735000013,-1.226,0,0
1549,-0.13487350810901,-1.2255,0,0
1550,-0.13487351621672,-1.225,0,0
1551,-0.13487352432444,-1.2245,0,0
1552,-0.13487353243215,-1.224,0,0
1553,-0.13487354053986,-1.2235,0,0
1554,-0.13487354864757,-1.223,0,0
1555,-0.13487355675528,-1.2225,0,0
1556,-0.13487356486299,-1.222,0,0
1557,-0.13487357297071,-1.2215,0,0
1558,-0.13487358107842,-1.221,0,0
1559,-0.13487358918613,-1.2205,0,0
1560,-0.13487359729384,-1.22,0,0
1561,-0.13487360540155,-1.2195,0,0
1562,-0.13487361350926,-1.219,0,0
1563,-0.13487362161698,-1.2185,0,0
1564,-0.13487362972469,-1.218,0,0
1565,-0.1348736378324,-1.2175,0,0
1566,-0.13487364594011,-1.217,0,0
1567,-0.13487365404782,-1.2165,0,0
1568,-0.13487366215553,-1.216,0,0
1569,-0.13487367026325,-1.2155,0,0
1570,-0.13487367837096,-1.215,0,0
1571,-0.13487368647867,-1.2145,0,0
1572,-0.13487369458638,-1.214,0,0
1573,-0.13487370269409,-1.2135,0,0
1574,-0.1348737108018,-1.213,0,0
1575,-0.13487371890952,-1.2125,0,0
1576,-0.13487372701723,-1.212,0,0
1577,-0.13487373512494,-1.2115,0,0
1578,-0.13487374323265,-1.211,0,0
1579,-0.13487375134036,-1.2105,0,0
1580,-0.13487375944807,-1.21,0,0
1581,-0.13487376755579,-1.2095,0,0
1582,-0.1348737756635,-1.209,0,0
1583,-0.13487378377121,-1.2085,0,0
1584,-0.13487379187892,-1.208,0,0
1585,-0.13487379998663,-1.2075,0,0
1586,-0.13487380809434,-1.207,0,0
1587,-0.13487381620206,-1.2065,0,0
1588,-0.13487382430977,-1.206,0,0
1589,-0.13487383241748,-1.2055,0,0
1590,-0.13487384052519,-1.205,0,0
1591,-0.1348738486329,-1.2045,0,0
1592,-0.13487385674061,-1.204,0,0
1593,-0.13487386484833,-1.2035,0,0
1594,-0.13487387295604,-1.203,0,0
1595,-0.13487388106375,-1.2025,0,0
1596,-0.13487388917146,-1.202,0,0
1597,-0.13487389727917,-1.2015,0,0
1598,-0.13487390538688,-1.201,0,0
1599,-0.1348739134946,-1.2005,0,0
1600,-0.13487392160231,-1.2,0,0
1601,-0.13487392971002,-1.1995,0,0
1602,-0.13487393781773,-1.199,0,0
1603,-0.13487394592544,-1.1985,0,0
1604,-0.13487395403315,-1.198,0,0
1605,-0.13487396214087,-1.1975,0,0
1606,-0.13487397024858,-1.197,0,0
1607,-0.13487397835629,-1.1965,0,0
1608,-0.134873986464,-1.196,0,0
1609,-0.13487399457171,-1.1955,0,0
1610,-0.13487400267942,-1.195,0,0
1611,-0.13487401078714,-1.1945,0,0
1612,-0.13487401889485,-1.194,0,0
1613,-0.13487402700256,-1.1935,0,0
1614,-0.13487403511027,-1.193,0,0
1615,-0.13487404321798,-1.1925,0,0
1616,-0.13487405132569,-1.192,0,0
1617,-0.13487405943341,-1.1915,0,0
1618,-0.13487406754112,-1.191,0,0
1619,-0.13487407564883,-1.1905,0,0
1620,-0.13487408375654,-1.19,0,0
1621,-0.13487409186425,-1.1895,0,0
1622,-0.13487409997196,-1.189,0,0
1623,-0.13487410807968,-1.1885,0,0
1624,-0.13487411618739,-1.188,0,0
1625,-0.1348741242951,-1.1875,0,0
1626,-0.13487413240281,-1.187,0,0
1627,-0.13487414051052,-1.1865,0,0
1628,-0.13487414861823,-1.186,0,0
1629,-0.13487415672595,-1.1855,0,0
1630,-0.13487416483366,-1.185,0,0
1631,-0.13487417294137,-1.1845,0,0
1632,-0.13487418104908,-1.184,0,0
1633,-0.13487418915679,-1.1835,0,0
1634,-0.1348741972645,-1.183,0,0
1635,-0.13487420537222,-1.1825,0,0
1636,-0.13487421347993,-1.182,0,0
1637,-0.13487422158764,-1.1815,0,0
1638,-0.13487422969535,-1.181,0,0
1639,-0.13487423780306,-1.1805,0,0
1640,-0.13487424591077,-1.18,0,0
1641,-0.13487425401849,-1.1795,0,0
1642,-0.1348742621262,-1.179,0,0
1643,-0.13487427023391,-1.1785,0,0
1644,-0.13487427834162,-1.178,0,0
1645,-0.13487428644933,-1.1775,0,0
1646,-0.13487429455704,-1.177,0,0
1647,-0.13487430266476,-1.1765,0,0
1648,-0.13487431077247,-1.176,0,0
1649,-0.13487431888018,-1.1755,0,0
1650,-0.13487432698789,-1.175,0,0
1651,-0.1348743350956,-1.1745,0,0
1652,-0.13487434320331,-1.174,0,0
1653,-0.13487435131103,-1.1735,0,0
1654,-0.13487435941874,-1.173,0,0
1655,-0.13487436752645,-1.1725,0,0
1656,-0.13487437563416,-1.172,0,0
1657,-0.13487438374187,-1.1715,0,0
1658,-0.13487439184958,-1.171,0,0
1659,-0.1348743999573,-1.1705,0,0
1660,-0.13487440806501,-1.17,0,0
1661,-0.13487441617272,-1.1695,0,0
1662,-0.13487442428043,-1.169,0,0
1663,-0.13487443238814,-1.1685,0,0
1664,-0.13487444049585,-1.168,0,0
1665,-0.13487444860357,-1.1675,0,0
1666,-0.13487445671128,-1.167,0,0
1667,-0.13487446481899,-1.1665,0,0
1668,-0.1348744729267,-1.166,0,0
1669,-0.13487448103441,-1.1655,0,0
1670,-0.13487448914212,-1.165,0,0
1671,-0.13487449724984,-1.1645,0,0
1672,-0.13487450535755,-1.164,0,0
1673,-0.13487451346526,-1.1635,0,0
1674,-0.13487452157297,-1.163,0,0
1675,-0.13487452968068,-1.1625,0,0
1676,-0.13487453778839,-1.162,0,0
1677,-0.13487454589611,-1.1615,0,0
1678,-0.13487455400382,-1.161,0,0
1679,-0.13487456211153,-1.1605,0,0
1680,-0.13487457021924,-1.16,0,0
1681,-0.13487457832695,-1.1595,0,0
1682,-0.13487458643466,-1.159,0,0
1683,-0.13487459454238,-1.1585,0,0
1684,-0.13487460265009,-1.158,0,0
1685,-0.1348746107578,-1.1575,0,0
1686,-0.13487461886551,-1.157,0,0
1687,-0.13487462697322,-1.1565,0,0
1688,-0.13487463508093,-1.156,0,0
1689,-0.13487464318865,-1.1555,0,0
1690,-0.13487465129636,-1.155,0,0
1691,-0.13487465940407,-1.1545,0,0
1692,-0.13487466751178,-1.154,0,0
1693,-0.13487467561949,-1.1535,0,0
1694,-0.1348746837272,-1.153,0,0
1695,-0.13487469183492,-1.1525,0,0
1696,-0.13487469994263,-1.152,0,0
1697,-0.13487470805034,-1.1515,0,0
1698,-0.13487471615805,-1.151,0,0
1699,-0.13487472426576,-1.1505,0,0
1700,-0.13487473237347,-1.15,0,0
1701,-0.13487474048119,-1.1495,0,0
1702,-0.1348747485889,-1.149,0,0
1703,-0.13487475669661,-1.1485,0,0
1704,-0.13487476480432,-1.148,0,0
1705,-0.13487477291203,-1.1475,0,0
1706,-0.13487478101974,-1.147,0,0
1707,-0.13487478912746,-1.1465,0,0
1708,-0.13487479723517,-1.146,0,0
1709,-0.13487480534288,-1.1455,0,0
1710,-0.13487481345059,-1.145,0,0
1711,-0.1348748215583,-1.1445,0,0
1712,-0.13487482966601,-1.144,0,0
1713,-0.13487483777373,-1.1435,0,0
1714,-0.13487484588144,-1.143,0,0
1715,-0.13487485398915,-1.1425,0,0
1716,-0.13487486209686,-1.142,0,0
1717,-0.13487487020457,-1.1415,0,0
1718,-0.13487487831228,-1.141,0,0
1719,-0.13487488642,-1.1405,0,0
1720,-0.13487489452771,-1.14,0,0
1721,-0.13487490263542,-1.1395,0,0
1722,-0.13487491074313,-1.139,0,0
1723,-0.13487491885084,-1.1385,0,0
1724,-0.13487492695855,-1.138,0,0
1725,-0.13487493506627,-1.1375,0,0
1726,-0.13487494317398,-1.137,0,0
1727,-0.13487495128169,-1.1365,0,0
1728,-0.1348749593894,-1.136,0,0
1729,-0.13487496749711,-1.1355,0,0
1730,-0.13487497560482,-1.135,0,0
1731,-0.13487498371254,-1.1345,0,0
1732,-0.13487499182025,-1.134,0,0
1733,-0.13487499992796,-1.1335,0,0
1734,-0.13487500803567,-1.133,0,0
1735,-0.13487501614338,-1.1325,0,0
1736,-0.13487502425109,-1.132,0,0
1737,-0.13487503235881,-1.1315,0,0
1738,-0.13487504046652,-1.131,0,0
1739,-0.13487504857423,-1.1305,0,0
1740,-0.13487505668194,-1.13,0,0
1741,-0.13487506478965,-1.1295,0,0
1742,-0.13487507289736,-1.129,0,0
1743,-0.13487508100508,-1.1285,0,0
1744,-0.13487508911279,-1.128,0,0
1745,-0.1348750972205,-1.1275,0,0
1746,-0.13487510532821,-1.127,0,0
1747,-0.13487511343592,-1.1265,0,0
1748,-0.13487512154363,-1.126,0,0
1749,-0.13487512965135,-1.1255,0,0
1750,-0.13487513775906,-1.125,0,0
1751,-0.13487514586677,-1.1245,0,0
1752,-0.13487515397448,-1.124,0,0
1753,-0.13487516208219,-1.1235,0,0
1754,-0.1348751701899,-1.123,0,0
1755,-0.13487517829762,-1.1225,0,0
1756,-0.13487518640533,-1.122,0,0
1757,-0.13487519451304,-1.1215,0,0
1758,-0.13487520262075,-1.121,0,0
1759,-0.13487521072846,-1.1205,0,0
1760,-0.13487521883617,-1.12,0,0
1761,-0.13487522694389,-1.1195,0,0
1762,-0.1348752350516,-1.119,0,0
1763,-0.13487524315931,-1.1185,0,0
1764,-0.13487525126702,-1.118,0,0
1765,-0.13487525937473,-1.1175,0,0
1766,-0.13487526748244,-1.117,0,0
1767,-0.13487527559016,-1.1165,0,0
1768,-0.13487528369787,-1.116,0,0
1769,-0.13487529180558,-1.1155,0,0
1770,-0.13487529991329,-1.115,0,0
1771,-0.134875308021,-1.1145,0,0
1772,-0.13487531612871,-1.114,0,0
1773,-0.13487532423643,-1.1135,0,0
1774,-0.13487533234414,-1.113,0,0
1775,-0.13487534045185,-1.1125,0,0
1776,-0.13487534855956,-1.112,0,0
1777,-0.13487535666727,-1.1115,0,0
1778,-0.13487536477498,-1.111,0,0
1779,-0.1348753728827,-1.1105,0,0
1780,-0.13487538099041,-1.11,0,0
1781,-0.13487538909812,-1.1095,0,0
1782,-0.13487539720583,-1.109,0,0
1783,-0.13487540531354,-1.1085,0,0
1784,-0.13487541342125,-1.108,0,0
1785,-0.13487542152897,-1.1075,0,0
1786,-0.13487542963668,-1.107,0,0
1787,-0.13487543774439,-1.1065,0,0
1788,-0.1348754458521,-1.106,0,0
1789,-0.13487545395981,-1.1055,0,0
1790,-0.13487546206752,-1.105,0,0
1791,-0.13487547017524,-1.1045,0,0
1792,-0.13487547828295,-1.104,0,0
1793,-0.13487548639066,-1.1035,0,0
1794,-0.13487549449837,-1.103,0,0
1795,-0.13487550260608,-1.1025,0,0
1796,-0.13487551071379,-1.102,0,0
1797,-0.13487551882151,-1.1015,0,0
1798,-0.13487552692922,-1.101,0,0
1799,-0.13487553503693,-1.1005,0,0
1800,-0.13487554314464,-1.1,0,0
1801,-0.13487555125235,-1.0995,0,0
1802,-0.13487555936006,-1.099,0,0
1803,-0.13487556746778,-1.0985,0,0
1804,-0.13487557557549,-1.098,0,0
1805,-0.1348755836832,-1.0975,0,0
1806,-0.13487559179091,-1.097,0,0
1807,-0.13487559989862,-1.0965,0,0
1808,-0.13487560800633,-1.096,0,0
1809,-0.13487561611405,-1.0955,0,0
1810,-0.13487562422176,-1.095,0,0
1811,-0.13487563232947,-1.0945,0,0
1812,-0.13487564043718,-1.094,0,0
1813,-0.13487564854489,-1.0935,0,0
1814,-0.1348756566526,-1.093,0,0
1815,-0.13487566476032,-1.0925,0,0
1816,-0.13487567286803,-1.092,0,0
1817,-0.13487568097574,-1.0915,0,0
1818,-0.13487568908345,-1.091,0,0
1819,-0.13487569719116,-1.0905,0,0
1820,-0.13487570529887,-1.09,0,0
1821,-0.13487571340658,-1.0895,0,0
1822,-0.1348757215143,-1.089,0,0
1823,-0.13487572962201,-1.0885,0,0
1824,-0.13487573772972,-1.088,0,0
1825,-0.13487574583743,-1.0875,0,0
1826,-0.13487575394514,-1.087,0,0
1827,-0.13487576205286,-1.0865,0,0
1828,-0.13487577016057,-1.086,0,0
1829,-0.13487577826828,-1.0855,0,0
1830,-0.13487578637599,-1.085,0,0
1831,-0.1348757944837,-1.0845,0,0
1832,-0.13487580259141,-1.084,0,0
1833,-0.13487581069912,-1.0835,0,0
1834,-0.13487581880684,-1.083,0,0
1835,-0.13487582691455,-1.0825,0,0
1836,-0.13487583502226,-1.082,0,0
1837,-0.13487584312997,-1.0815,0,0
1838,-0.13487585123768,-1.081,0,0
1839,-0.13487585934539,-1.0805,0,0
1840,-0.13487586745311,-1.08,0,0
1841,-0.13487587556082,-1.0795,0,0
1842,-0.13487588366853,-1.079,0,0
1843,-0.13487589177624,-1.0785,0,0
1844,-0.13487589988395,-1.078,0,0
1845,-0.13487590799166,-1.0775,0,0
1846,-0.13487591609938,-1.077,0,0
1847,-0.13487592420709,-1.0765,0,0
1848,-0.1348759323148,-1.076,0,0
1849,-0.13487594042251,-1.0755,0,0
1850,-0.13487594853022,-1.075,0,0
1851,-0.13487595663793,-1.0745,0,0
1852,-0.13487596474565,-1.074,0,0
1853,-0.13487597285336,-1.0735,0,0
1854,-0.13487598096107,-1.073,0,0
1855,-0.13487598906878,-1.0725,0,0
1856,-0.13487599717649,-1.072,0,0
1857,-0.1348760052842,-1.0715,0,0
1858,-0.13487601339192,-1.071,0,0
1859,-0.13487602149963,-1.0705,0,0
1860,-0.13487602960734,-1.07,0,0
1861,-0.13487603771505,-1.0695,0,0
1862,-0.13487604582276,-1.069,0,0
1863,-0.13487605393047,-1.0685,0,0
1864,-0.13487606203819,-1.068,0,0
1865,-0.1348760701459,-1.0675,0,0
1866,-0.13487607825361,-1.067,0,0
1867,-0.13487608636132,-1.0665,0,0
1868,-0.13487609446903,-1.066,0,0
1869,-0.13487610257674,-1.0655,0,0
1870,-0.13487611068446,-1.065,0,0
1871,-0.13487611879217,-1.0645,0,0
1872,-0.13487612689988,-1.064,0,0
1873,-0.13487613500759,-1.0635,0,0
1874,-0.1348761431153,-1.063,0,0
1875,-0.13487615122301,-1.0625,0,0
1876,-0.13487615933073,-1.062,0,0
1877,-0.13487616743844,-1.0615,0,0
1878,-0.13487617554615,-1.061,0,0
1879,-0.13487618365386,-1.0605,0,0
1880,-0.13487619176157,-1.06,0,0
1881,-0.13487619986928,-1.0595,0,0
1882,-0.134876207977,-1.059,0,0
1883,-0.13487621608471,-1.0585,0,0
1884,-0.13487622419242,-1.058,0,0
1885,-0.13487623230013,-1.0575,0,0
1886,-0.13487624040784,-1.057,0,0
1887,-0.13487624851555,-1.0565,0,0
1888,-0.13487625662327,-1.056,0,0
1889,-0.13487626473098,-1.0555,0,0
1890,-0.13487627283869,-1.055,0,0
1891,-0.1348762809464,-1.0545,0,0
1892,-0.13487628905411,-1.054,0,0
1893,-0.13487629716182,-1.0535,0,0
1894,-0.13487630526954,-1.053,0,0
1895,-0.13487631337725,-1.0525,0,0
1896,-0.13487632148496,-1.052,0,0
1897,-0.13487632959267,-1.0515,0,0
1898,-0.13487633770038,-1.051,0,0
1899,-0.13487634580809,-1.0505,0,0
1900,-0.13487635391581,-1.05,0,0
1901,-0.13487636202352,-1.0495,0,0
1902,-0.13487637013123,-1.049,0,0
1903,-0.13487637823894,-1.0485,0,0
1904,-0.13487638634665,-1.048,0,0
1905,-0.13487639445436,-1.0475,0,0
1906,-0.13487640256208,-1.047,0,0
1907,-0.13487641066979,-1.0465,0,0
1908,-0.1348764187775,-1.046,0,0
1909,-0.13487642688521,-1.0455,0,0
1910,-0.13487643499292,-1.045,0,0
1911,-0.13487644310063,-1.0445,0,0
1912,-0.13487645120835,-1.044,0,0
1913,-0.13487645931606,-1.0435,0,0
1914,-0.13487646742377,-1.043,0,0
1915,-0.13487647553148,-1.0425,0,0
1916,-0.13487648363919,-1.042,0,0
1917,-0.1348764917469,-1.0415,0,0
1918,-0.13487649985462,-1.041,0,0
1919,-0.13487650796233,-1.0405,0,0
1920,-0.13487651607004,-1.04,0,0
1921,-0.13487652417775,-1.0395,0,0
1922,-0.13487653228546,-1.039,0,0
1923,-0.13487654039317,-1.0385,0,0
1924,-0.13487654850089,-1.038,0,0
1925,-0.1348765566086,-1.0375,0,0
1926,-0.13487656471631,-1.037,0,0
1927,-0.13487657282402,-1.0365,0,0
1928,-0.13487658093173,-1.036,0,0
1929,-0.13487658903944,-1.0355,0,0
1930,-0.13487659714716,-1.035,0,0
1931,-0.13487660525487,-1.0345,0,0
1932,-0.13487661336258,-1.034,0,0
1933,-0.13487662147029,-1.0335,0,0
1934,-0.134876629578,-1.033,0,0
1935,-0.13487663768571,-1.0325,0,0
1936,-0.13487664579343,-1.032,0,0
1937,-0.13487665390114,-1.0315,0,0
1938,-0.13487666200885,-1.031,0,0
1939,-0.13487667011656,-1.0305,0,0
1940,-0.13487667822427,-1.03,0,0
1941,-0.13487668633198,-1.0295,0,0
1942,-0.1348766944397,-1.029,0,0
1943,-0.13487670254741,-1.0285,0,0
1944,-0.13487671065512,-1.028,0,0
1945,-0.13487671876283,-1.0275,0,0
1946,-0.13487672687054,-1.027,0,0
1947,-0.13487673497825,-1.0265,0,0
1948,-0.13487674308597,-1.026,0,0
1949,-0.13487675119368,-1.0255,0,0
1950,-0.13487675930139,-1.025,0,0
1951,-0.1348767674091,-1.0245,0,0
1952,-0.13487677551681,-1.024,0,0
1953,-0.13487678362452,-1.0235,0,0
1954,-0.13487679173224,-1.023,0,0
1955,-0.13487679983995,-1.0225,0,0
1956,-0.13487680794766,-1.022,0,0
1957,-0.13487681605537,-1.0215,0,0
1958,-0.13487682416308,-1.021,0,0
1959,-0.13487683227079,-1.0205,0,0
1960,-0.13487684037851,-1.02,0,0
1961,-0.13487684848622,-1.0195,0,0
1962,-0.13487685659393,-1.019,0,0
1963,-0.13487686470164,-1.0185,0,0
1964,-0.13487687280935,-1.018,0,0
1965,-0.13487688091706,-1.0175,0,0
1966,-0.13487688902478,-1.017,0,0
1967,-0.13487689713249,-1.0165,0,0
1968,-0.1348769052402,-1.016,0,0
1969,-0.13487691334791,-1.0155,0,0
1970,-0.13487692145562,-1.015,0,0
1971,-0.13487692956333,-1.0145,0,0
1972,-0.13487693767105,-1.014,0,0
1973,-0.13487694577876,-1.0135,0,0
1974,-0.13487695388647,-1.013,0,0
1975,-0.13487696199418,-1.0125,0,0
1976,-0.13487697010189,-1.012,0,0
1977,-0.1348769782096,-1.0115,0,0
1978,-0.13487698631732,-1.011,0,0
1979,-0.13487699442503,-1.0105,0,0
1980,-0.13487700253274,-1.01,0,0
1981,-0.13487701064045,-1.0095,0,0
1982,-0.13487701874816,-1.009,0,0
1983,-0.13487702685587,-1.0085,0,0
1984,-0.13487703496359,-1.008,0,0
1985,-0.1348770430713,-1.0075,0,0
1986,-0.13487705117901,-1.007,0,0
1987,-0.13487705928672,-1.0065,0,0
1988,-0.13487706739443,-1.006,0,0
1989,-0.13487707550214,-1.0055,0,0
1990,-0.13487708360986,-1.005,0,0
1991,-0.13487709171757,-1.0045,0,0
1992,-0.13487709982528,-1.004,0,0
1993,-0.13487710793299,-1.0035,0,0
1994,-0.1348771160407,-1.003,0,0
1995,-0.13487712414841,-1.0025,0,0
1996,-0.13487713225613,-1.002,0,0
1997,-0.13487714036384,-1.0015,0,0
1998,-0.13487714847155,-1.001,0,0
1999,-0.13487715657926,-1.0005,0,0
2000,-0.13487716468697,-1,0,0
2001,-0.13487717279468,-0.9995,0,0
2002,-0.1348771809024,-0.999,0,0
2003,-0.13487718901011,-0.9985,0,0
2004,-0.13487719711782,-0.998,0,0
2005,-0.13487720522553,-0.9975,0,0
2006,-0.13487721333324,-0.997,0,0
2007,-0.13487722144095,-0.9965,0,0
2008,-0.13487722954867,-0.996,0,0
2009,-0.13487723765638,-0.9955,0,0
2010,-0.13487724576409,-0.995,0,0
2011,-0.1348772538718,-0.9945,0,0
2012,-0.13487726197951,-0.994,0,0
2013,-0.13487727008722,-0.9935,0,0
2014,-0.13487727819494,-0.993,0,0
2015,-0.13487728630265,-0.9925,0,0
2016,-0.13487729441036,-0.992,0,0
2017,-0.13487730251807,-0.9915,0,0
2018,-0.13487731062578,-0.991,0,0
2019,-0.13487731873349,-0.9905,0,0
2020,-0.13487732684121,-0.99,0,0
2021,-0.13487733494892,-0.9895,0,0
2022,-0.13487734305663,-0.989,0,0
2023,-0.13487735116434,-0.9885,0,0
2024,-0.13487735927205,-0.988,0,0
2025,-0.13487736737976,-0.9875,0,0
2026,-0.13487737548748,-0.987,0,0
2027,-0.13487738359519,-0.9865,0,0
2028,-0.1348773917029,-0.986,0,0
2029,-0.13487739981061,-0.9855,0,0
2030,-0.13487740791832,-0.985,0,0
2031,-0.13487741602603,-0.9845,0,0
2032,-0.13487742413375,-0.984,0,0
2033,-0.13487743224146,-0.9835,0,0
2034,-0.13487744034917,-0.983,0,0
2035,-0.13487744845688,-0.9825,0,0
2036,-0.13487745656459,-0.982,0,0
2037,-0.1348774646723,-0.9815,0,0
2038,-0.13487747278002,-0.981,0,0
2039,-0.13487748088773,-0.9805,0,0
2040,-0.13487748899544,-0.98,0,0
2041,-0.13487749710315,-0.9795,0,0
2042,-0.13487750521086,-0.979,0,0
2043,-0.13487751331857,-0.9785,0,0
2044,-0.13487752142629,-0.978,0,0
2045,-0.134877529534,-0.9775,0,0
2046,-0.13487753764171,-0.977,0,0
2047,-0.13487754574942,-0.9765,0,0
2048,-0.13487755385713,-0.976,0,0
2049,-0.13487756196484,-0.9755,0,0
2050,-0.13487757007256,-0.975,0,0
2051,-0.13487757818027,-0.9745,0,0
2052,-0.13487758628798,-0.974,0,0
2053,-0.13487759439569,-0.9735,0,0
2054,-0.1348776025034,-0.973,0,0
2055,-0.13487761061111,-0.9725,0,0
2056,-0.13487761871883,-0.972,0,0
2057,-0.13487762682654,-0.9715,0,0
2058,-0.13487763493425,-0.971,0,0
2059,-0.13487764304196,-0.9705,0,0
2060,-0.13487765114967,-0.97,0,0
2061,-0.13487765925738,-0.9695,0,0
2062,-0.1348776673651,-0.969,0,0
2063,-0.13487767547281,-0.9685,0,0
2064,-0.13487768358052,-0.968,0,0
2065,-0.13487769168823,-0.9675,0,0
2066,-0.13487769979594,-0.967,0,0
2067,-0.13487770790365,-0.9665,0,0
2068,-0.13487771601137,-0.966,0,0
2069,-0.13487772411908,-0.9655,0,0
2070,-0.13487773222679,-0.965,0,0
2071,-0.1348777403345,-0.9645,0,0
2072,-0.13487774844221,-0.964,0,0
2073,-0.13487775654992,-0.9635,0,0
2074,-0.13487776465764,-0.963,0,0
2075,-0.13487777276535,-0.9625,0,0
2076,-0.13487778087306,-0.962,0,0
2077,-0.13487778898077,-0.9615,0,0
2078,-0.13487779708848,-0.961,0,0
2079,-0.13487780519619,-0.9605,0,0
2080,-0.13487781330391,-0.96,0,0
2081,-0.13487782141162,-0.9595,0,0
2082,-0.13487782951933,-0.959,0,0
2083,-0.13487783762704,-0.9585,0,0
2084,-0.13487784573475,-0.958,0,0
2085,-0.13487785384246,-0.9575,0,0
2086,-0.13487786195018,-0.957,0,0
2087,-0.13487787005789,-0.9565,0,0
2088,-0.1348778781656,-0.956,0,0
2089,-0.13487788627331,-0.9555,0,0
2090,-0.13487789438102,-0.955,0,0
2091,-0.13487790248873,-0.9545,0,0
2092,-0.13487791059645,-0.954,0,0
2093,-0.13487791870416,-0.9535,0,0
2094,-0.13487792681187,-0.953,0,0
2095,-0.13487793491958,-0.9525,0,0
2096,-0.13487794302729,-0.952,0,0
2097,-0.134877951135,-0.9515,0,0
2098,-0.13487795924271,-0.951,0,0
2099,-0.13487796735043,-0.9505,0,0
2100,-0.13487797545814,-0.95,0,0
2101,-0.13487798356585,-0.9495,0,0
2102,-0.13487799167356,-0.949,0,0
2103,-0.13487799978127,-0.9485,0,0
2104,-0.13487800788898,-0.948,0,0
2105,-0.1348780159967,-0.9475,0,0
2106,-0.13487802410441,-0.947,0,0
2107,-0.13487803221212,-0.9465,0,0
2108,-0.13487804031983,-0.946,0,0
2109,-0.13487804842754,-0.9455,0,0
2110,-0.13487805653525,-0.945,0,0
2111,-0.13487806464297,-0.9445,0,0
2112,-0.13487807275068,-0.944,0,0
2113,-0.13487808085839,-0.9435,0,0
2114,-0.1348780889661,-0.943,0,0
2115,-0.13487809707381,-0.9425,0,0
2116,-0.13487810518152,-0.942,0,0
2117,-0.13487811328924,-0.9415,0,0
2118,-0.13487812139695,-0.941,0,0
2119,-0.13487812950466,-0.9405,0,0
2120,-0.13487813761237,-0.94,0,0
2121,-0.13487814572008,-0.9395,0,0
2122,-0.13487815382779,-0.939,0,0
2123,-0.13487816193551,-0.9385,0,0
2124,-0.13487817004322,-0.938,0,0
2125,-0.13487817815093,-0.9375,0,0
2126,-0.13487818625864,-0.937,0,0
2127,-0.13487819436635,-0.9365,0,0
2128,-0.13487820247406,-0.936,0,0
2129,-0.13487821058178,-0.9355,0,0
2130,-0.13487821868949,-0.935,0,0
2131,-0.1348782267972,-0.9345,0,0
2132,-0.13487823490491,-0.934,0,0
2133,-0.13487824301262,-0.9335,0,0
2134,-0.13487825112033,-0.933,0,0
2135,-0.13487825922805,-0.9325,0,0
2136,-0.13487826733576,-0.932,0,0
2137,-0.13487827544347,-0.9315,0,0
2138,-0.13487828355118,-0.931,0,0
2139,-0.13487829165889,-0.9305,0,0
2140,-0.1348782997666,-0.93,0,0
2141,-0.13487830787432,-0.9295,0,0
2142,-0.13487831598203,-0.929,0,0
2143,-0.13487832408974,-0.9285,0,0
2144,-0.13487833219745,-0.928,0,0
2145,-0.13487834030516,-0.9275,0,0
2146,-0.13487834841287,-0.927,0,0
2147,-0.13487835652059,-0.9265,0,0
2148,-0.1348783646283,-0.926,0,0
2149,-0.13487837273601,-0.9255,0,0
2150,-0.13487838084372,-0.925,0,0
2151,-0.13487838895143,-0.9245,0,0
2152,-0.13487839705914,-0.924,0,0
2153,-0.13487840516686,-0.9235,0,0
2154,-0.13487841327457,-0.923,0,0
2155,-0.13487842138228,-0.9225,0,0
2156,-0.13487842948999,-0.922,0,0
2157,-0.1348784375977,-0.9215,0,0
2158,-0.13487844570541,-0.921,0,0
2159,-0.13487845381313,-0.9205,0,0
2160,-0.13487846192084,-0.92,0,0
2161,-0.13487847002855,-0.9195,0,0
2162,-0.13487847813626,-0.919,0,0
2163,-0.13487848624397,-0.9185,0,0
2164,-0.13487849435168,-0.918,0,0
2165,-0.1348785024594,-0.9175,0,0
2166,-0.13487851056711,-0.917,0,0
2167,-0.13487851867482,-0.9165,0,0
2168,-0.13487852678253,-0.916,0,0
2169,-0.13487853489024,-0.9155,0,0
2170,-0.13487854299795,-0.915,0,0
2171,-0.13487855110567,-0.9145,0,0
2172,-0.13487855921338,-0.914,0,0
2173,-0.13487856732109,-0.9135,0,0
2174,-0.1348785754288,-0.913,0,0
2175,-0.13487858353651,-0.9125,0,0
2176,-0.13487859164422,-0.912,0,0
2177,-0.13487859975194,-0.9115,0,0
2178,-0.13487860785965,-0.911,0,0
2179,-0.13487861596736,-0.9105,0,0
2180,-0.13487862407507,-0.91,0,0
2181,-0.13487863218278,-0.9095,0,0
2182,-0.13487864029049,-0.909,0,0
2183,-0.13487864839821,-0.9085,0,0
2184,-0.13487865650592,-0.908,0,0
2185,-0.13487866461363,-0.9075,0,0
2186,-0.13487867272134,-0.907,0,0
2187,-0.13487868082905,-0.9065,0,0
2188,-0.13487868893676,-0.906,0,0
2189,-0.13487869704448,-0.9055,0,0
2190,-0.13487870515219,-0.905,0,0
2191,-0.1348787132599,-0.9045,0,0
2192,-0.13487872136761,-0.904,0,0
2193,-0.13487872947532,-0.9035,0,0
2194,-0.13487873758303,-0.903,0,0
2195,-0.13487874569075,-0.9025,0,0
2196,-0.13487875379846,-0.902,0,0
2197,-0.13487876190617,-0.9015,0,0
2198,-0.13487877001388,-0.901,0,0
2199,-0.13487877812159,-0.9005,0,0
2200,-0.1348787862293,-0.9,0,0
2201,-0.13487879433702,-0.8995,0,0
2202,-0.13487880244473,-0.899,0,0
2203,-0.13487881055244,-0.8985,0,0
2204,-0.13487881866015,-0.898,0,0
2205,-0.13487882676786,-0.8975,0,0
2206,-0.13487883487557,-0.897,0,0
2207,-0.13487884298329,-0.8965,0,0
2208,-0.134878851091,-0.896,0,0
2209,-0.13487885919871,-0.8955,0,0
2210,-0.13487886730642,-0.895,0,0
2211,-0.13487887541413,-0.8945,0,0
2212,-0.13487888352184,-0.894,0,0
2213,-0.13487889162956,-0.8935,0,0
2214,-0.13487889973727,-0.893,0,0
2215,-0.13487890784498,-0.8925,0,0
2216,-0.13487891595269,-0.892,0,0
2217,-0.1348789240604,-0.8915,0,0
2218,-0.13487893216811,-0.891,0,0
2219,-0.13487894027583,-0.8905,0,0
2220,-0.13487894838354,-0.89,0,0
2221,-0.13487895649125,-0.8895,0,0
2222,-0.13487896459896,-0.889,0,0
2223,-0.13487897270667,-0.8885,0,0
2224,-0.13487898081438,-0.888,0,0
2225,-0.1348789889221,-0.8875,0,0
2226,-0.13487899702981,-0.887,0,0
2227,-0.13487900513752,-0.8865,0,0
2228,-0.13487901324523,-0.886,0,0
2229,-0.13487902135294,-0.8855,0,0
2230,-0.13487902946065,-0.885,0,0
2231,-0.13487903756837,-0.8845,0,0
2232,-0.13487904567608,-0.884,0,0
2233,-0.13487905378379,-0.8835,0,0
2234,-0.1348790618915,-0.883,0,0
2235,-0.13487906999921,-0.8825,0,0
2236,-0.13487907810692,-0.882,0,0
2237,-0.13487908621464,-0.8815,0,0
2238,-0.13487909432235,-0.881,0,0
2239,-0.13487910243006,-0.8805,0,0
2240,-0.13487911053777,-0.88,0,0
2241,-0.13487911864548,-0.8795,0,0
2242,-0.13487912675319,-0.879,0,0
2243,-0.13487913486091,-0.8785,0,0
2244,-0.13487914296862,-0.878,0,0
2245,-0.13487915107633,-0.8775,0,0
2246,-0.13487915918404,-0.877,0,0
2247,-0.13487916729175,-0.8765,0,0
2248,-0.13487917539946,-0.876,0,0
2249,-0.13487918350718,-0.8755,0,0
2250,-0.13487919161489,-0.875,0,0
2251,-0.1348791997226,-0.8745,0,0
2252,-0.13487920783031,-0.874,0,0
2253,-0.13487921593802,-0.8735,0,0
2254,-0.13487922404573,-0.873,0,0
2255,-0.13487923215345,-0.8725,0,0
2256,-0.13487924026116,-0.872,0,0
2257,-0.13487924836887,-0.8715,0,0
2258,-0.13487925647658,-0.871,0,0
2259,-0.13487926458429,-0.8705,0,0
2260,-0.134879272692,-0.87,0,0
2261,-0.13487928079972,-0.8695,0,0
2262,-0.13487928890743,-0.869,0,0
2263,-0.13487929701514,-0.8685,0,0
2264,-0.13487930512285,-0.868,0,0
2265,-0.13487931323056,-0.8675,0,0
2266,-0.13487932133827,-0.867,0,0
2267,-0.13487932944599,-0.8665,0,0
2268,-0.1348793375537,-0.866,0,0
2269,-0.13487934566141,-0.8655,0,0
2270,-0.13487935376912,-0.865,0,0
2271,-0.13487936187683,-0.8645,0,0
2272,-0.13487936998454,-0.864,0,0
2273,-0.13487937809226,-0.8635,0,0
2274,-0.13487938619997,-0.863,0,0
2275,-0.13487939430768,-0.8625,0,0
2276,-0.13487940241539,-0.862,0,0
2277,-0.1348794105231,-0.8615,0,0
2278,-0.13487941863081,-0.861,0,0
2279,-0.13487942673853,-0.8605,0,0
2280,-0.13487943484624,-0.86,0,0
2281,-0.13487944295395,-0.8595,0,0
2282,-0.13487945106166,-0.859,0,0
2283,-0.13487945916937,-0.8585,0,0
2284,-0.13487946727708,-0.858,0,0
2285,-0.1348794753848,-0.8575,0,0
2286,-0.13487948349251,-0.857,0,0
2287,-0.13487949160022,-0.8565,0,0
2288,-0.13487949970793,-0.856,0,0
2289,-0.13487950781564,-0.8555,0,0
2290,-0.13487951592335,-0.855,0,0
2291,-0.13487952403107,-0.8545,0,0
2292,-0.13487953213878,-0.854,0,0
2293,-0.13487954024649,-0.8535,0,0
2294,-0.1348795483542,-0.853,0,0
2295,-0.13487955646191,-0.8525,0,0
2296,-0.13487956456962,-0.852,0,0
2297,-0.13487957267734,-0.8515,0,0
2298,-0.13487958078505,-0.851,0,0
2299,-0.13487958889276,-0.8505,0,0
2300,-0.13487959700047,-0.85,0,0
2301,-0.13487960510818,-0.8495,0,0
2302,-0.13487961321589,-0.849,0,0
2303,-0.13487962132361,-0.8485,0,0
2304,-0.13487962943132,-0.848,0,0
2305,-0.13487963753903,-0.8475,0,0
2306,-0.13487964564674,-0.847,0,0
2307,-0.13487965375445,-0.8465,0,0
2308,-0.13487966186216,-0.846,0,0
2309,-0.13487966996988,-0.8455,0,0
2310,-0.13487967807759,-0.845,0,0
2311,-0.1348796861853,-0.8445,0,0
2312,-0.13487969429301,-0.844,0,0
2313,-0.13487970240072,-0.8435,0,0
2314,-0.13487971050843,-0.843,0,0
2315,-0.13487971861615,-0.8425,0,0
2316,-0.13487972672386,-0.842,0,0
2317,-0.13487973483157,-0.8415,0,0
2318,-0.13487974293928,-0.841,0,0
2319,-0.13487975104699,-0.8405,0,0
2320,-0.1348797591547,-0.84,0,0
2321,-0.13487976726242,-0.8395,0,0
2322,-0.13487977537013,-0.839,0,0
2323,-0.13487978347784,-0.8385,0,0
2324,-0.13487979158555,-0.838,0,0
2325,-0.13487979969326,-0.8375,0,0
2326,-0.13487980780097,-0.837,0,0
2327,-0.13487981590869,-0.8365,0,0
2328,-0.1348798240164,-0.836,0,0
2329,-0.13487983212411,-0.8355,0,0
2330,-0.13487984023182,-0.835,0,0
2331,-0.13487984833953,-0.8345,0,0
2332,-0.13487985644724,-0.834,0,0
2333,-0.13487986455496,-0.8335,0,0
2334,-0.13487987266267,-0.833,0,0
2335,-0.13487988077038,-0.8325,0,0
2336,-0.13487988887809,-0.832,0,0
2337,-0.1348798969858,-0.8315,0,0
2338,-0.13487990509351,-0.831,0,0
2339,-0.13487991320123,-0.8305,0,0
2340,-0.13487992130894,-0.83,0,0
2341,-0.13487992941665,-0.8295,0,0
2342,-0.13487993752436,-0.829,0,0
2343,-0.13487994563207,-0.8285,0,0
2344,-0.13487995373978,-0.828,0,0
2345,-0.1348799618475,-0.8275,0,0
2346,-0.13487996995521,-0.827,0,0
2347,-0.13487997806292,-0.8265,0,0
2348,-0.13487998617063,-0.826,0,0
2349,-0.13487999427834,-0.8255,0,0
2350,-0.13488000238605,-0.825,0,0
2351,-0.13488001049377,-0.8245,0,0
2352,-0.13488001860148,-0.824,0,0
2353,-0.13488002670919,-0.8235,0,0
2354,-0.1348800348169,-0.823,0,0
2355,-0.13488004292461,-0.8225,0,0
2356,-0.13488005103232,-0.822,0,0
2357,-0.13488005914004,-0.8215,0,0
2358,-0.13488006724775,-0.821,0,0
2359,-0.13488007535546,-0.8205,0,0
2360,-0.13488008346317,-0.82,0,0
2361,-0.13488009157088,-0.8195,0,0
2362,-0.13488009967859,-0.819,0,0
2363,-0.13488010778631,-0.8185,0,0
2364,-0.13488011589402,-0.818,0,0
2365,-0.13488012400173,-0.8175,0,0
2366,-0.13488013210944,-0.817,0,0
2367,-0.13488014021715,-0.8165,0,0
2368,-0.13488014832486,-0.816,0,0
2369,-0.13488015643258,-0.8155,0,0
2370,-0.13488016454029,-0.815,0,0
2371,-0.134880172648,-0.8145,0,0
2372,-0.13488018075571,-0.814,0,0
2373,-0.13488018886342,-0.8135,0,0
2374,-0.13488019697113,-0.813,0,0
2375,-0.13488020507885,-0.8125,0,0
2376,-0.13488021318656,-0.812,0,0
2377,-0.13488022129427,-0.8115,0,0
2378,-0.13488022940198,-0.811,0,0
2379,-0.13488023750969,-0.8105,0,0
2380,-0.1348802456174,-0.81,0,0
2381,-0.13488025372512,-0.8095,0,0
2382,-0.13488026183283,-0.809,0,0
2383,-0.13488026994054,-0.8085,0,0
2384,-0.13488027804825,-0.808,0,0
2385,-0.13488028615596,-0.8075,0,0
2386,-0.13488029426367,-0.807,0,0
2387,-0.13488030237138,-0.8065,0,0
2388,-0.1348803104791,-0.806,0,0
2389,-0.13488031858681,-0.8055,0,0
2390,-0.13488032669452,-0.805,0,0
2391,-0.13488033480223,-0.8045,0,0
2392,-0.13488034290994,-0.804,0,0
2393,-0.13488035101765,-0.8035,0,0
2394,-0.13488035912537,-0.803,0,0
2395,-0.13488036723308,-0.8025,0,0
2396,-0.13488037534079,-0.802,0,0
2397,-0.1348803834485,-0.8015,0,0
2398,-0.13488039155621,-0.801,0,0
2399,-0.13488039966392,-0.8005,0,0
2400,-0.13488040777164,-0.8,0,0
2401,-0.13488041587935,-0.7995,0,0
2402,-0.13488042398706,-0.799,0,0
2403,-0.13488043209477,-0.7985,0,0
2404,-0.13488044020248,-0.798,0,0
2405,-0.13488044831019,-0.7975,0,0
2406,-0.13488045641791,-0.797,0,0
2407,-0.13488046452562,-0.7965,0,0
2408,-0.13488047263333,-0.796,0,0
2409,-0.13488048074104,-0.7955,0,0
2410,-0.13488048884875,-0.795,0,0
2411,-0.13488049695646,-0.7945,0,0
2412,-0.13488050506418,-0.794,0,0
2413,-0.13488051317189,-0.7935,0,0
2414,-0.1348805212796,-0.793,0,0
2415,-0.13488052938731,-0.7925,0,0
2416,-0.13488053749502,-0.792,0,0
2417,-0.13488054560273,-0.7915,0,0
2418,-0.13488055371045,-0.791,0,0
2419,-0.13488056181816,-0.7905,0,0
2420,-0.13488056992587,-0.79,0,0
2421,-0.13488057803358,-0.7895,0,0
2422,-0.13488058614129,-0.789,0,0
2423,-0.134880594249,-0.7885,0,0
2424,-0.13488060235672,-0.788,0,0
2425,-0.13488061046443,-0.7875,0,0
2426,-0.13488061857214,-0.787,0,0
2427,-0.13488062667985,-0.7865,0,0
2428,-0.13488063478756,-0.786,0,0
2429,-0.13488064289527,-0.7855,0,0
2430,-0.13488065100299,-0.785,0,0
2431,-0.1348806591107,-0.7845,0,0
2432,-0.13488066721841,-0.784,0,0
2433,-0.13488067532612,-0.7835,0,0
2434,-0.13488068343383,-0.783,0,0
2435,-0.13488069154154,-0.7825,0,0
2436,-0.13488069964926,-0.782,0,0
2437,-0.13488070775697,-0.7815,0,0
2438,-0.13488071586468,-0.781,0,0
2439,-0.13488072397239,-0.7805,0,0
2440,-0.1348807320801,-0.78,0,0
2441,-0.13488074018781,-0.7795,0,0
2442,-0.13488074829553,-0.779,0,0
2443,-0.13488075640324,-0.7785,0,0
2444,-0.13488076451095,-0.778,0,0
2445,-0.13488077261866,-0.7775,0,0
2446,-0.13488078072637,-0.777,0,0
2447,-0.13488078883408,-0.7765,0,0
2448,-0.1348807969418,-0.776,0,0
2449,-0.13488080504951,-0.7755,0,0
2450,-0.13488081315722,-0.775,0,0
2451,-0.13488082126493,-0.7745,0,0
2452,-0.13488082937264,-0.774,0,0
2453,-0.13488083748035,-0.7735,0,0
2454,-0.13488084558807,-0.773,0,0
2455,-0.13488085369578,-0.7725,0,0
2456,-0.13488086180349,-0.772,0,0
2457,-0.1348808699112,-0.7715,0,0
2458,-0.13488087801891,-0.771,0,0
2459,-0.13488088612662,-0.7705,0,0
2460,-0.13488089423434,-0.77,0,0
2461,-0.13488090234205,-0.7695,0,0
2462,-0.13488091044976,-0.769,0,0
2463,-0.13488091855747,-0.7685,0,0
2464,-0.13488092666518,-0.768,0,0
2465,-0.13488093477289,-0.7675,0,0
2466,-0.13488094288061,-0.767,0,0
2467,-0.13488095098832,-0.7665,0,0
2468,-0.13488095909603,-0.766,0,0
2469,-0.13488096720374,-0.7655,0,0
2470,-0.13488097531145,-0.765,0,0
2471,-0.13488098341916,-0.7645,0,0
2472,-0.13488099152688,-0.764,0,0
2473,-0.13488099963459,-0.7635,0,0
2474,-0.1348810077423,-0.763,0,0
2475,-0.13488101585001,-0.7625,0,0
2476,-0.13488102395772,-0.762,0,0
2477,-0.13488103206543,-0.7615,0,0
2478,-0.13488104017315,-0.761,0,0
2479,-0.13488104828086,-0.7605,0,0
2480,-0.13488105638857,-0.76,0,0
2481,-0.13488106449628,-0.7595,0,0
2482,-0.13488107260399,-0.759,0,0
2483,-0.1348810807117,-0.7585,0,0
2484,-0.13488108881942,-0.758,0,0
2485,-0.13488109692713,-0.7575,0,0
2486,-0.13488110503484,-0.757,0,0
2487,-0.13488111314255,-0.7565,0,0
2488,-0.13488112125026,-0.756,0,0
2489,-0.13488112935797,-0.7555,0,0
2490,-0.13488113746569,-0.755,0,0
2491,-0.1348811455734,-0.7545,0,0
2492,-0.13488115368111,-0.754,0,0
2493,-0.13488116178882,-0.7535,0,0
2494,-0.13488116989653,-0.753,0,0
2495,-0.13488117800424,-0.7525,0,0
2496,-0.13488118611196,-0.752,0,0
2497,-0.13488119421967,-0.7515,0,0
2498,-0.13488120232738,-0.751,0,0
2499,-0.13488121043509,-0.7505,0,0
2500,-0.1348812185428,-0.75,0,0
2501,-0.13488122665051,-0.7495,0,0
2502,-0.13488123475823,-0.749,0,0
2503,-0.13488124286594,-0.7485,0,0
2504,-0.13488125097365,-0.748,0,0
2505,-0.13488125908136,-0.7475,0,0
2506,-0.13488126718907,-0.747,0,0
2507,-0.13488127529678,-0.7465,0,0
2508,-0.1348812834045,-0.746,0,0
2509,-0.13488129151221,-0.7455,0,0
2510,-0.13488129961992,-0.745,0,0
2511,-0.13488130772763,-0.7445,0,0
2512,-0.13488131583534,-0.744,0,0
2513,-0.13488132394305,-0.7435,0,0
2514,-0.13488133205077,-0.743,0,0
2515,-0.13488134015848,-0.7425,0,0
2516,-0.13488134826619,-0.742,0,0
2517,-0.1348813563739,-0.7415,0,0
2518,-0.13488136448161,-0.741,0,0
2519,-0.13488137258932,-0.7405,0,0
2520,-0.13488138069704,-0.74,0,0
2521,-0.13488138880475,-0.7395,0,0
2522,-0.13488139691246,-0.739,0,0
2523,-0.13488140502017,-0.7385,0,0
2524,-0.13488141312788,-0.738,0,0
2525,-0.13488142123559,-0.7375,0,0
2526,-0.13488142934331,-0.737,0,0
2527,-0.13488143745102,-0.7365,0,0
2528,-0.13488144555873,-0.736,0,0
2529,-0.13488145366644,-0.7355,0,0
2530,-0.13488146177415,-0.735,0,0
2531,-0.13488146988186,-0.7345,0,0
2532,-0.13488147798958,-0.734,0,0
2533,-0.13488148609729,-0.7335,0,0
2534,-0.134881494205,-0.733,0,0
2535,-0.13488150231271,-0.7325,0,0
2536,-0.13488151042042,-0.732,0,0
2537,-0.13488151852813,-0.7315,0,0
2538,-0.13488152663585,-0.731,0,0
2539,-0.13488153474356,-0.7305,0,0
2540,-0.13488154285127,-0.73,0,0
2541,-0.13488155095898,-0.7295,0,0
2542,-0.13488155906669,-0.729,0,0
2543,-0.1348815671744,-0.7285,0,0
2544,-0.13488157528212,-0.728,0,0
2545,-0.13488158338983,-0.7275,0,0
2546,-0.13488159149754,-0.727,0,0
2547,-0.13488159960525,-0.7265,0,0
2548,-0.13488160771296,-0.726,0,0
2549,-0.13488161582067,-0.7255,0,0
2550,-0.13488162392839,-0.725,0,0
2551,-0.1348816320361,-0.7245,0,0
2552,-0.13488164014381,-0.724,0,0
2553,-0.13488164825152,-0.7235,0,0
2554,-0.13488165635923,-0.723,0,0
2555,-0.13488166446694,-0.7225,0,0
2556,-0.13488167257466,-0.722,0,0
2557,-0.13488168068237,-0.7215,0,0
2558,-0.13488168879008,-0.721,0,0
2559,-0.13488169689779,-0.7205,0,0
2560,-0.1348817050055,-0.72,0,0
2561,-0.13488171311321,-0.7195,0,0
2562,-0.13488172122093,-0.719,0,0
2563,-0.13488172932864,-0.7185,0,0
2564,-0.13488173743635,-0.718,0,0
2565,-0.13488174554406,-0.7175,0,0
2566,-0.13488175365177,-0.717,0,0
2567,-0.13488176175948,-0.7165,0,0
2568,-0.1348817698672,-0.716,0,0
2569,-0.13488177797491,-0.7155,0,0
2570,-0.13488178608262,-0.715,0,0
2571,-0.13488179419033,-0.7145,0,0
2572,-0.13488180229804,-0.714,0,0
2573,-0.13488181040575,-0.7135,0,0
2574,-0.13488181851347,-0.713,0,0
2575,-0.13488182662118,-0.7125,0,0
2576,-0.13488183472889,-0.712,0,0
2577,-0.1348818428366,-0.7115,0,0
2578,-0.13488185094431,-0.711,0,0
2579,-0.13488185905202,-0.7105,0,0
2580,-0.13488186715974,-0.71,0,0
2581,-0.13488187526745,-0.7095,0,0
2582,-0.13488188337516,-0.709,0,0
2583,-0.13488189148287,-0.7085,0,0
2584,-0.13488189959058,-0.708,0,0
2585,-0.13488190769829,-0.7075,0,0
2586,-0.13488191580601,-0.707,0,0
2587,-0.13488192391372,-0.7065,0,0
2588,-0.13488193202143,-0.706,0,0
2589,-0.13488194012914,-0.7055,0,0
2590,-0.13488194823685,-0.705,0,0
2591,-0.13488195634456,-0.7045,0,0
2592,-0.13488196445228,-0.704,0,0
2593,-0.13488197255999,-0.7035,0,0
2594,-0.1348819806677,-0.703,0,0
2595,-0.13488198877541,-0.7025,0,0
2596,-0.13488199688312,-0.702,0,0
2597,-0.13488200499083,-0.7015,0,0
2598,-0.13488201309855,-0.701,0,0
2599,-0.13488202120626,-0.7005,0,0
2600,-0.13488202931397,-0.7,0,0
2601,-0.13488203742168,-0.6995,0,0
2602,-0.13488204552939,-0.699,0,0
2603,-0.1348820536371,-0.6985,0,0
2604,-0.13488206174482,-0.698,0,0
2605,-0.13488206985253,-0.6975,0,0
2606,-0.13488207796024,-0.697,0,0
2607,-0.13488208606795,-0.6965,0,0
2608,-0.13488209417566,-0.696,0,0
2609,-0.13488210228337,-0.6955,0,0
2610,-0.13488211039109,-0.695,0,0
2611,-0.1348821184988,-0.6945,0,0
2612,-0.13488212660651,-0.694,0,0
2613,-0.13488213471422,-0.6935,0,0
2614,-0.13488214282193,-0.693,0,0
2615,-0.13488215092964,-0.6925,0,0
2616,-0.13488215903736,-0.692,0,0
2617,-0.13488216714507,-0.6915,0,0
2618,-0.13488217525278,-0.691,0,0
2619,-0.13488218336049,-0.6905,0,0
2620,-0.1348821914682,-0.69,0,0
2621,-0.13488219957591,-0.6895,0,0
2622,-0.13488220768363,-0.689,0,0
2623,-0.13488221579134,-0.6885,0,0
2624,-0.13488222389905,-0.688,0,0
2625,-0.13488223200676,-0.6875,0,0
2626,-0.13488224011447,-0.687,0,0
2627,-0.13488224822218,-0.6865,0,0
2628,-0.1348822563299,-0.686,0,0
2629,-0.13488226443761,-0.6855,0,0
2630,-0.13488227254532,-0.685,0,0
2631,-0.13488228065303,-0.6845,0,0
2632,-0.13488228876074,-0.684,0,0
2633,-0.13488229686845,-0.6835,0,0
2634,-0.13488230497617,-0.683,0,0
2635,-0.13488231308388,-0.6825,0,0
2636,-0.13488232119159,-0.682,0,0
2637,-0.1348823292993,-0.6815,0,0
2638,-0.13488233740701,-0.681,0,0
2639,-0.13488234551472,-0.6805,0,0
2640,-0.13488235362244,-0.68,0,0
2641,-0.13488236173015,-0.6795,0,0
2642,-0.13488236983786,-0.679,0,0
2643,-0.13488237794557,-0.6785,0,0
2644,-0.13488238605328,-0.678,0,0
2645,-0.13488239416099,-0.6775,0,0
2646,-0.13488240226871,-0.677,0,0
2647,-0.13488241037642,-0.6765,0,0
2648,-0.13488241848413,-0.676,0,0
2649,-0.13488242659184,-0.6755,0,0
2650,-0.13488243469955,-0.675,0,0
2651,-0.13488244280726,-0.6745,0,0
2652,-0.13488245091498,-0.674,0,0
2653,-0.13488245902269,-0.6735,0,0
2654,-0.1348824671304,-0.673,0,0
2655,-0.13488247523811,-0.6725,0,0
2656,-0.13488248334582,-0.672,0,0
2657,-0.13488249145353,-0.6715,0,0
2658,-0.13488249956125,-0.671,0,0
2659,-0.13488250766896,-0.6705,0,0
2660,-0.13488251577667,-0.67,0,0
2661,-0.13488252388438,-0.6695,0,0
2662,-0.13488253199209,-0.669,0,0
2663,-0.1348825400998,-0.6685,0,0
2664,-0.13488254820752,-0.668,0,0
2665,-0.13488255631523,-0.6675,0,0
2666,-0.13488256442294,-0.667,0,0
2667,-0.13488257253065,-0.6665,0,0
2668,-0.13488258063836,-0.666,0,0
2669,-0.13488258874607,-0.6655,0,0
2670,-0.13488259685379,-0.665,0,0
2671,-0.1348826049615,-0.6645,0,0
2672,-0.13488261306921,-0.664,0,0
2673,-0.13488262117692,-0.6635,0,0
2674,-0.13488262928463,-0.663,0,0
2675,-0.13488263739234,-0.6625,0,0
2676,-0.13488264550005,-0.662,0,0
2677,-0.13488265360777,-0.6615,0,0
2678,-0.13488266171548,-0.661,0,0
2679,-0.13488266982319,-0.6605,0,0
2680,-0.1348826779309,-0.66,0,0
2681,-0.13488268603861,-0.6595,0,0
2682,-0.13488269414632,-0.659,0,0
2683,-0.13488270225404,-0.6585,0,0
2684,-0.13488271036175,-0.658,0,0
2685,-0.13488271846946,-0.6575,0,0
2686,-0.13488272657717,-0.657,0,0
2687,-0.13488273468488,-0.6565,0,0
2688,-0.13488274279259,-0.656,0,0
2689,-0.13488275090031,-0.6555,0,0
2690,-0.13488275900802,-0.655,0,0
2691,-0.13488276711573,-0.6545,0,0
2692,-0.13488277522344,-0.654,0,0
2693,-0.13488278333115,-0.6535,0,0
2694,-0.13488279143886,-0.653,0,0
2695,-0.13488279954658,-0.6525,0,0
2696,-0.13488280765429,-0.652,0,0
2697,-0.134882815762,-0.6515,0,0
2698,-0.13488282386971,-0.651,0,0
2699,-0.13488283197742,-0.6505,0,0
2700,-0.13488284008513,-0.65,0,0
2701,-0.13488284819285,-0.6495,0,0
2702,-0.13488285630056,-0.649,0,0
2703,-0.13488286440827,-0.6485,0,0
2704,-0.13488287251598,-0.648,0,0
2705,-0.13488288062369,-0.6475,0,0
2706,-0.1348828887314,-0.647,0,0
2707,-0.13488289683912,-0.6465,0,0
2708,-0.13488290494683,-0.646,0,0
2709,-0.13488291305454,-0.6455,0,0
2710,-0.13488292116225,-0.645,0,0
2711,-0.13488292926996,-0.6445,0,0
2712,-0.13488293737767,-0.644,0,0
2713,-0.13488294548539,-0.6435,0,0
2714,-0.1348829535931,-0.643,0,0
2715,-0.13488296170081,-0.6425,0,0
2716,-0.13488296980852,-0.642,0,0
2717,-0.13488297791623,-0.6415,0,0
2718,-0.13488298602394,-0.641,0,0
2719,-0.13488299413166,-0.6405,0,0
2720,-0.13488300223937,-0.64,0,0
2721,-0.13488301034708,-0.6395,0,0
2722,-0.13488301845479,-0.639,0,0
2723,-0.1348830265625,-0.6385,0,0
2724,-0.13488303467021,-0.638,0,0
2725,-0.13488304277793,-0.6375,0,0
2726,-0.13488305088564,-0.637,0,0
2727,-0.13488305899335,-0.6365,0,0
2728,-0.13488306710106,-0.636,0,0
2729,-0.13488307520877,-0.6355,0,0
2730,-0.13488308331648,-0.635,0,0
2731,-0.1348830914242,-0.6345,0,0
2732,-0.13488309953191,-0.634,0,0
2733,-0.13488310763962,-0.6335,0,0
2734,-0.13488311574733,-0.633,0,0
2735,-0.13488312385504,-0.6325,0,0
2736,-0.13488313196275,-0.632,0,0
2737,-0.13488314007047,-0.6315,0,0
2738,-0.13488314817818,-0.631,0,0
2739,-0.13488315628589,-0.6305,0,0
2740,-0.1348831643936,-0.63,0,0
2741,-0.13488317250131,-0.6295,0,0
2742,-0.13488318060902,-0.629,0,0
2743,-0.13488318871674,-0.6285,0,0
2744,-0.13488319682445,-0.628,0,0
2745,-0.13488320493216,-0.6275,0,0
2746,-0.13488321303987,-0.627,0,0
2747,-0.13488322114758,-0.6265,0,0
2748,-0.13488322925529,-0.626,0,0
2749,-0.13488323736301,-0.6255,0,0
2750,-0.13488324547072,-0.625,0,0
2751,-0.13488325357843,-0.6245,0,0
2752,-0.13488326168614,-0.624,0,0
2753,-0.13488326979385,-0.6235,0,0
2754,-0.13488327790156,-0.623,0,0
2755,-0.13488328600928,-0.6225,0,0
2756,-0.13488329411699,-0.622,0,0
2757,-0.1348833022247,-0.6215,0,0
2758,-0.13488331033241,-0.621,0,0
2759,-0.13488331844012,-0.6205,0,0
2760,-0.13488332654783,-0.62,0,0
2761,-0.13488333465555,-0.6195,0,0
2762,-0.13488334276326,-0.619,0,0
2763,-0.13488335087097,-0.6185,0,0
2764,-0.13488335897868,-0.618,0,0
2765,-0.13488336708639,-0.6175,0,0
2766,-0.1348833751941,-0.617,0,0
2767,-0.13488338330182,-0.6165,0,0
2768,-0.13488339140953,-0.616,0,0
2769,-0.13488339951724,-0.6155,0,0
2770,-0.13488340762495,-0.615,0,0
2771,-0.13488341573266,-0.6145,0,0
2772,-0.13488342384037,-0.614,0,0
2773,-0.13488343194809,-0.6135,0,0
2774,-0.1348834400558,-0.613,0,0
2775,-0.13488344816351,-0.6125,0,0
2776,-0.13488345627122,-0.612,0,0
2777,-0.13488346437893,-0.6115,0,0
2778,-0.13488347248664,-0.611,0,0
2779,-0.13488348059436,-0.6105,0,0
2780,-0.13488348870207,-0.61,0,0
2781,-0.13488349680978,-0.6095,0,0
2782,-0.13488350491749,-0.609,0,0
2783,-0.1348835130252,-0.6085,0,0
2784,-0.13488352113291,-0.608,0,0
2785,-0.13488352924063,-0.6075,0,0
2786,-0.13488353734834,-0.607,0,0
2787,-0.13488354545605,-0.6065,0,0
2788,-0.13488355356376,-0.606,0,0
2789,-0.13488356167147,-0.6055,0,0
2790,-0.13488356977918,-0.605,0,0
2791,-0.1348835778869,-0.6045,0,0
2792,-0.13488358599461,-0.604,0,0
2793,-0.13488359410232,-0.6035,0,0
2794,-0.13488360221003,-0.603,0,0
2795,-0.13488361031774,-0.6025,0,0
2796,-0.13488361842545,-0.602,0,0
2797,-0.13488362653317,-0.6015,0,0
2798,-0.13488363464088,-0.601,0,0
2799,-0.13488364274859,-0.6005,0,0
2800,-0.1348836508563,-0.6,0,0
2801,-0.13488365896401,-0.5995,0,0
2802,-0.13488366707172,-0.599,0,0
2803,-0.13488367517944,-0.5985,0,0
2804,-0.13488368328715,-0.598,0,0
2805,-0.13488369139486,-0.5975,0,0
2806,-0.13488369950257,-0.597,0,0
2807,-0.13488370761028,-0.5965,0,0
2808,-0.13488371571799,-0.596,0,0
2809,-0.13488372382571,-0.5955,0,0
2810,-0.13488373193342,-0.595,0,0
2811,-0.13488374004113,-0.5945,0,0
2812,-0.13488374814884,-0.594,0,0
2813,-0.13488375625655,-0.5935,0,0
2814,-0.13488376436426,-0.593,0,0
2815,-0.13488377247198,-0.5925,0,0
2816,-0.13488378057969,-0.592,0,0
2817,-0.1348837886874,-0.5915,0,0
2818,-0.13488379679511,-0.591,0,0
2819,-0.13488380490282,-0.5905,0,0
2820,-0.13488381301053,-0.59,0,0
2821,-0.13488382111825,-0.5895,0,0
2822,-0.13488382922596,-0.589,0,0
2823,-0.13488383733367,-0.5885,0,0
2824,-0.13488384544138,-0.588,0,0
2825,-0.13488385354909,-0.5875,0,0
2826,-0.1348838616568,-0.587,0,0
2827,-0.13488386976452,-0.5865,0,0
2828,-0.13488387787223,-0.586,0,0
2829,-0.13488388597994,-0.5855,0,0
2830,-0.13488389408765,-0.585,0,0
2831,-0.13488390219536,-0.5845,0,0
2832,-0.13488391030307,-0.584,0,0
2833,-0.13488391841079,-0.5835,0,0
2834,-0.1348839265185,-0.583,0,0
2835,-0.13488393462621,-0.5825,0,0
2836,-0.13488394273392,-0.582,0,0
2837,-0.13488395084163,-0.5815,0,0
2838,-0.13488395894934,-0.581,0,0
2839,-0.13488396705706,-0.5805,0,0
2840,-0.13488397516477,-0.58,0,0
2841,-0.13488398327248,-0.5795,0,0
2842,-0.13488399138019,-0.579,0,0
2843,-0.1348839994879,-0.5785,0,0
2844,-0.13488400759561,-0.578,0,0
2845,-0.13488401570333,-0.5775,0,0
2846,-0.13488402381104,-0.577,0,0
2847,-0.13488403191875,-0.5765,0,0
2848,-0.13488404002646,-0.576,0,0
2849,-0.13488404813417,-0.5755,0,0
2850,-0.13488405624188,-0.575,0,0
2851,-0.1348840643496,-0.5745,0,0
2852,-0.13488407245731,-0.574,0,0
2853,-0.13488408056502,-0.5735,0,0
2854,-0.13488408867273,-0.573,0,0
2855,-0.13488409678044,-0.5725,0,0
2856,-0.13488410488815,-0.572,0,0
2857,-0.13488411299587,-0.5715,0,0
2858,-0.13488412110358,-0.571,0,0
2859,-0.13488412921129,-0.5705,0,0
2860,-0.134884137319,-0.57,0,0
2861,-0.13488414542671,-0.5695,0,0
2862,-0.13488415353442,-0.569,0,0
2863,-0.13488416164214,-0.5685,0,0
2864,-0.13488416974985,-0.568,0,0
2865,-0.13488417785756,-0.5675,0,0
2866,-0.13488418596527,-0.567,0,0
2867,-0.13488419407298,-0.5665,0,0
2868,-0.13488420218069,-0.566,0,0
2869,-0.13488421028841,-0.5655,0,0
2870,-0.13488421839612,-0.565,0,0
2871,-0.13488422650383,-0.5645,0,0
2872,-0.13488423461154,-0.564,0,0
2873,-0.13488424271925,-0.5635,0,0
2874,-0.13488425082696,-0.563,0,0
2875,-0.13488425893468,-0.5625,0,0
2876,-0.13488426704239,-0.562,0,0
2877,-0.1348842751501,-0.5615,0,0
2878,-0.13488428325781,-0.561,0,0
2879,-0.13488429136552,-0.5605,0,0
2880,-0.13488429947323,-0.56,0,0
2881,-0.13488430758095,-0.5595,0,0
2882,-0.13488431568866,-0.559,0,0
2883,-0.13488432379637,-0.5585,0,0
2884,-0.13488433190408,-0.558,0,0
2885,-0.13488434001179,-0.5575,0,0
2886,-0.1348843481195,-0.557,0,0
2887,-0.13488435622722,-0.5565,0,0
2888,-0.13488436433493,-0.556,0,0
2889,-0.13488437244264,-0.5555,0,0
2890,-0.13488438055035,-0.555,0,0
2891,-0.13488438865806,-0.5545,0,0
2892,-0.13488439676577,-0.554,0,0
2893,-0.13488440487349,-0.5535,0,0
2894,-0.1348844129812,-0.553,0,0
2895,-0.13488442108891,-0.5525,0,0
2896,-0.13488442919662,-0.552,0,0
2897,-0.13488443730433,-0.5515,0,0
2898,-0.13488444541204,-0.551,0,0
2899,-0.13488445351976,-0.5505,0,0
2900,-0.13488446162747,-0.55,0,0
2901,-0.13488446973518,-0.5495,0,0
2902,-0.13488447784289,-0.549,0,0
2903,-0.1348844859506,-0.5485,0,0
2904,-0.13488449405831,-0.548,0,0
2905,-0.13488450216603,-0.5475,0,0
2906,-0.13488451027374,-0.547,0,0
2907,-0.13488451838145,-0.5465,0,0
2908,-0.13488452648916,-0.546,0,0
2909,-0.13488453459687,-0.5455,0,0
2910,-0.13488454270458,-0.545,0,0
2911,-0.1348845508123,-0.5445,0,0
2912,-0.13488455892001,-0.544,0,0
2913,-0.13488456702772,-0.5435,0,0
2914,-0.13488457513543,-0.543,0,0
2915,-0.13488458324314,-0.5425,0,0
2916,-0.13488459135085,-0.542,0,0
2917,-0.13488459945857,-0.5415,0,0
2918,-0.13488460756628,-0.541,0,0
2919,-0.13488461567399,-0.5405,0,0
2920,-0.1348846237817,-0.54,0,0
2921,-0.13488463188941,-0.5395,0,0
2922,-0.13488463999712,-0.539,0,0
2923,-0.13488464810484,-0.5385,0,0
2924,-0.13488465621255,-0.538,0,0
2925,-0.13488466432026,-0.5375,0,0
2926,-0.13488467242797,-0.537,0,0
2927,-0.13488468053568,-0.5365,0,0
2928,-0.13488468864339,-0.536,0,0
2929,-0.13488469675111,-0.5355,0,0
2930,-0.13488470485882,-0.535,0,0
2931,-0.13488471296653,-0.5345,0,0
2932,-0.13488472107424,-0.534,0,0
2933,-0.13488472918195,-0.5335,0,0
2934,-0.13488473728966,-0.533,0,0
2935,-0.13488474539738,-0.5325,0,0
2936,-0.13488475350509,-0.532,0,0
2937,-0.1348847616128,-0.5315,0,0
2938,-0.13488476972051,-0.531,0,0
2939,-0.13488477782822,-0.5305,0,0
2940,-0.13488478593593,-0.53,0,0
2941,-0.13488479404365,-0.5295,0,0
2942,-0.13488480215136,-0.529,0,0
2943,-0.13488481025907,-0.5285,0,0
2944,-0.13488481836678,-0.528,0,0
2945,-0.13488482647449,-0.5275,0,0
2946,-0.1348848345822,-0.527,0,0
2947,-0.13488484268992,-0.5265,0,0
2948,-0.13488485079763,-0.526,0,0
2949,-0.13488485890534,-0.5255,0,0
2950,-0.13488486701305,-0.525,0,0
2951,-0.13488487512076,-0.5245,0,0
2952,-0.13488488322847,-0.524,0,0
2953,-0.13488489133619,-0.5235,0,0
2954,-0.1348848994439,-0.523,0,0
2955,-0.13488490755161,-0.5225,0,0
2956,-0.13488491565932,-0.522,0,0
2957,-0.13488492376703,-0.5215,0,0
2958,-0.13488493187474,-0.521,0,0
2959,-0.13488493998246,-0.5205,0,0
2960,-0.13488494809017,-0.52,0,0
2961,-0.13488495619788,-0.5195,0,0
2962,-0.13488496430559,-0.519,0,0
2963,-0.1348849724133,-0.5185,0,0
2964,-0.13488498052101,-0.518,0,0
2965,-0.13488498862873,-0.5175,0,0
2966,-0.13488499673644,-0.517,0,0
2967,-0.13488500484415,-0.5165,0,0
2968,-0.13488501295186,-0.516,0,0
2969,-0.13488502105957,-0.5155,0,0
2970,-0.13488502916728,-0.515,0,0
2971,-0.134885037275,-0.5145,0,0
2972,-0.13488504538271,-0.514,0,0
2973,-0.13488505349042,-0.5135,0,0
2974,-0.13488506159813,-0.513,0,0
2975,-0.13488506970584,-0.5125,0,0
2976,-0.13488507781355,-0.512,0,0
2977,-0.13488508592127,-0.5115,0,0
2978,-0.13488509402898,-0.511,0,0
2979,-0.13488510213669,-0.5105,0,0
2980,-0.1348851102444,-0.51,0,0
2981,-0.13488511835211,-0.5095,0,0
2982,-0.13488512645982,-0.509,0,0
2983,-0.13488513456753,-0.5085,0,0
2984,-0.13488514267525,-0.508,0,0
2985,-0.13488515078296,-0.5075,0,0
2986,-0.13488515889067,-0.507,0,0
2987,-0.13488516699838,-0.5065,0,0
2988,-0.13488517510609,-0.506,0,0
2989,-0.1348851832138,-0.5055,0,0
2990,-0.13488519132152,-0.505,0,0
2991,-0.13488519942923,-0.5045,0,0
2992,-0.13488520753694,-0.504,0,0
2993,-0.13488521564465,-0.5035,0,0
2994,-0.13488522375236,-0.503,0,0
2995,-0.13488523186007,-0.5025,0,0
2996,-0.13488523996779,-0.502,0,0
2997,-0.1348852480755,-0.5015,0,0
2998,-0.13488525618321,-0.501,0,0
2999,-0.13488526429092,-0.5005,0,0
3000,-0.13488527239863,-0.5,0,0
3001,-0.13488528050634,-0.4995,0,0
3002,-0.13488528861406,-0.499,0,0
3003,-0.13488529672177,-0.4985,0,0
3004,-0.13488530482948,-0.498,0,0
3005,-0.13488531293719,-0.4975,0,0
3006,-0.1348853210449,-0.497,0,0
3007,-0.13488532915261,-0.4965,0,0
3008,-0.13488533726033,-0.496,0,0
3009,-0.13488534536804,-0.4955,0,0
3010,-0.13488535347575,-0.495,0,0
3011,-0.13488536158346,-0.4945,0,0
3012,-0.13488536969117,-0.494,0,0
3013,-0.13488537779888,-0.4935,0,0
3014,-0.1348853859066,-0.493,0,0
3015,-0.13488539401431,-0.4925,0,0
3016,-0.13488540212202,-0.492,0,0
3017,-0.13488541022973,-0.4915,0,0
3018,-0.13488541833744,-0.491,0,0
3019,-0.13488542644515,-0.4905,0,0
3020,-0.13488543455287,-0.49,0,0
3021,-0.13488544266058,-0.4895,0,0
3022,-0.13488545076829,-0.489,0,0
3023,-0.134885458876,-0.4885,0,0
3024,-0.13488546698371,-0.488,0,0
3025,-0.13488547509142,-0.4875,0,0
3026,-0.13488548319914,-0.487,0,0
3027,-0.13488549130685,-0.4865,0,0
3028,-0.13488549941456,-0.486,0,0
3029,-0.13488550752227,-0.4855,0,0
3030,-0.13488551562998,-0.485,0,0
3031,-0.13488552373769,-0.4845,0,0
3032,-0.13488553184541,-0.484,0,0
3033,-0.13488553995312,-0.4835,0,0
3034,-0.13488554806083,-0.483,0,0
3035,-0.13488555616854,-0.4825,0,0
3036,-0.13488556427625,-0.482,0,0
3037,-0.13488557238396,-0.4815,0,0
3038,-0.13488558049168,-0.481,0,0
3039,-0.13488558859939,-0.4805,0,0
3040,-0.1348855967071,-0.48,0,0
3041,-0.13488560481481,-0.4795,0,0
3042,-0.13488561292252,-0.479,0,0
3043,-0.13488562103023,-0.4785,0,0
3044,-0.13488562913795,-0.478,0,0
3045,-0.13488563724566,-0.4775,0,0
3046,-0.13488564535337,-0.477,0,0
3047,-0.13488565346108,-0.4765,0,0
3048,-0.13488566156879,-0.476,0,0
3049,-0.1348856696765,-0.4755,0,0
3050,-0.13488567778422,-0.475,0,0
3051,-0.13488568589193,-0.4745,0,0
3052,-0.13488569399964,-0.474,0,0
3053,-0.13488570210735,-0.4735,0,0
3054,-0.13488571021506,-0.473,0,0
3055,-0.13488571832277,-0.4725,0,0
3056,-0.13488572643049,-0.472,0,0
3057,-0.1348857345382,-0.4715,0,0
3058,-0.13488574264591,-0.471,0,0
3059,-0.13488575075362,-0.4705,0,0
3060,-0.13488575886133,-0.47,0,0
3061,-0.13488576696904,-0.4695,0,0
3062,-0.13488577507676,-0.469,0,0
3063,-0.13488578318447,-0.4685,0,0
3064,-0.13488579129218,-0.468,0,0
3065,-0.13488579939989,-0.4675,0,0
3066,-0.1348858075076,-0.467,0,0
3067,-0.13488581561531,-0.4665,0,0
3068,-0.13488582372303,-0.466,0,0
3069,-0.13488583183074,-0.4655,0,0
3070,-0.13488583993845,-0.465,0,0
3071,-0.13488584804616,-0.4645,0,0
3072,-0.13488585615387,-0.464,0,0
3073,-0.13488586426158,-0.4635,0,0
3074,-0.1348858723693,-0.463,0,0
3075,-0.13488588047701,-0.4625,0,0
3076,-0.13488588858472,-0.462,0,0
3077,-0.13488589669243,-0.4615,0,0
3078,-0.13488590480014,-0.461,0,0
3079,-0.13488591290785,-0.4605,0,0
3080,-0.13488592101557,-0.46,0,0
3081,-0.13488592912328,-0.4595,0,0
3082,-0.13488593723099,-0.459,0,0
3083,-0.1348859453387,-0.4585,0,0
3084,-0.13488595344641,-0.458,0,0
3085,-0.13488596155412,-0.4575,0,0
3086,-0.13488596966184,-0.457,0,0
3087,-0.13488597776955,-0.4565,0,0
3088,-0.13488598587726,-0.456,0,0
3089,-0.13488599398497,-0.4555,0,0
3090,-0.13488600209268,-0.455,0,0
3091,-0.13488601020039,-0.4545,0,0
3092,-0.13488601830811,-0.454,0,0
3093,-0.13488602641582,-0.4535,0,0
3094,-0.13488603452353,-0.453,0,0
3095,-0.13488604263124,-0.4525,0,0
3096,-0.13488605073895,-0.452,0,0
3097,-0.13488605884666,-0.4515,0,0
3098,-0.13488606695438,-0.451,0,0
3099,-0.13488607506209,-0.4505,0,0
3100,-0.1348860831698,-0.45,0,0
3101,-0.13488609127751,-0.4495,0,0
3102,-0.13488609938522,-0.449,0,0
3103,-0.13488610749293,-0.4485,0,0
3104,-0.13488611560065,-0.448,0,0
3105,-0.13488612370836,-0.4475,0,0
3106,-0.13488613181607,-0.447,0,0
3107,-0.13488613992378,-0.4465,0,0
3108,-0.13488614803149,-0.446,0,0
3109,-0.1348861561392,-0.4455,0,0
3110,-0.13488616424692,-0.445,0,0
3111,-0.13488617235463,-0.4445,0,0
3112,-0.13488618046234,-0.444,0,0
3113,-0.13488618857005,-0.4435,0,0
3114,-0.13488619667776,-0.443,0,0
3115,-0.13488620478547,-0.4425,0,0
3116,-0.13488621289319,-0.442,0,0
3117,-0.1348862210009,-0.4415,0,0
3118,-0.13488622910861,-0.441,0,0
3119,-0.13488623721632,-0.4405,0,0
3120,-0.13488624532403,-0.44,0,0
3121,-0.13488625343174,-0.4395,0,0
3122,-0.13488626153946,-0.439,0,0
3123,-0.13488626964717,-0.4385,0,0
3124,-0.13488627775488,-0.438,0,0
3125,-0.13488628586259,-0.4375,0,0
3126,-0.1348862939703,-0.437,0,0
3127,-0.13488630207801,-0.4365,0,0
3128,-0.13488631018573,-0.436,0,0
3129,-0.13488631829344,-0.4355,0,0
3130,-0.13488632640115,-0.435,0,0
3131,-0.13488633450886,-0.4345,0,0
3132,-0.13488634261657,-0.434,0,0
3133,-0.13488635072428,-0.4335,0,0
3134,-0.134886358832,-0.433,0,0
3135,-0.13488636693971,-0.4325,0,0
3136,-0.13488637504742,-0.432,0,0
3137,-0.13488638315513,-0.4315,0,0
3138,-0.13488639126284,-0.431,0,0
3139,-0.13488639937055,-0.4305,0,0
3140,-0.13488640747827,-0.43,0,0
3141,-0.13488641558598,-0.4295,0,0
3142,-0.13488642369369,-0.429,0,0
3143,-0.1348864318014,-0.4285,0,0
3144,-0.13488643990911,-0.428,0,0
3145,-0.13488644801682,-0.4275,0,0
3146,-0.13488645612454,-0.427,0,0
3147,-0.13488646423225,-0.4265,0,0
3148,-0.13488647233996,-0.426,0,0
3149,-0.13488648044767,-0.4255,0,0
3150,-0.13488648855538,-0.425,0,0
3151,-0.13488649666309,-0.4245,0,0
3152,-0.13488650477081,-0.424,0,0
3153,-0.13488651287852,-0.4235,0,0
3154,-0.13488652098623,-0.423,0,0
3155,-0.13488652909394,-0.4225,0,0
3156,-0.13488653720165,-0.422,0,0
3157,-0.13488654530936,-0.4215,0,0
3158,-0.13488655341708,-0.421,0,0
3159,-0.13488656152479,-0.4205,0,0
3160,-0.1348865696325,-0.42,0,0
3161,-0.13488657774021,-0.4195,0,0
3162,-0.13488658584792,-0.419,0,0
3163,-0.13488659395563,-0.4185,0,0
3164,-0.13488660206335,-0.418,0,0
3165,-0.13488661017106,-0.4175,0,0
3166,-0.13488661827877,-0.417,0,0
3167,-0.13488662638648,-0.4165,0,0
3168,-0.13488663449419,-0.416,0,0
3169,-0.1348866426019,-0.4155,0,0
3170,-0.13488665070962,-0.415,0,0
3171,-0.13488665881733,-0.4145,0,0
3172,-0.13488666692504,-0.414,0,0
3173,-0.13488667503275,-0.4135,0,0
3174,-0.13488668314046,-0.413,0,0
3175,-0.13488669124817,-0.4125,0,0
3176,-0.13488669935589,-0.412,0,0
3177,-0.1348867074636,-0.4115,0,0
3178,-0.13488671557131,-0.411,0,0
3179,-0.13488672367902,-0.4105,0,0
3180,-0.13488673178673,-0.41,0,0
3181,-0.13488673989444,-0.4095,0,0
3182,-0.13488674800216,-0.409,0,0
3183,-0.13488675610987,-0.4085,0,0
3184,-0.13488676421758,-0.408,0,0
3185,-0.13488677232529,-0.4075,0,0
3186,-0.134886780433,-0.407,0,0
3187,-0.13488678854071,-0.4065,0,0
3188,-0.13488679664843,-0.406,0,0
3189,-0.13488680475614,-0.4055,0,0
3190,-0.13488681286385,-0.405,0,0
3191,-0.13488682097156,-0.4045,0,0
3192,-0.13488682907927,-0.404,0,0
3193,-0.13488683718698,-0.4035,0,0
3194,-0.1348868452947,-0.403,0,0
3195,-0.13488685340241,-0.4025,0,0
3196,-0.13488686151012,-0.402,0,0
3197,-0.13488686961783,-0.4015,0,0
3198,-0.13488687772554,-0.401,0,0
3199,-0.13488688583325,-0.4005,0,0
3200,-0.13488689394097,-0.4,0,0
3201,-0.13488690204868,-0.3995,0,0
3202,-0.13488691015639,-0.399,0,0
3203,-0.1348869182641,-0.3985,0,0
3204,-0.13488692637181,-0.398,0,0
3205,-0.13488693447952,-0.3975,0,0
3206,-0.13488694258724,-0.397,0,0
3207,-0.13488695069495,-0.3965,0,0
3208,-0.13488695880266,-0.396,0,0
3209,-0.13488696691037,-0.3955,0,0
3210,-0.13488697501808,-0.395,0,0
3211,-0.13488698312579,-0.3945,0,0
3212,-0.13488699123351,-0.394,0,0
3213,-0.13488699934122,-0.3935,0,0
3214,-0.13488700744893,-0.393,0,0
3215,-0.13488701555664,-0.3925,0,0
3216,-0.13488702366435,-0.392,0,0
3217,-0.13488703177206,-0.3915,0,0
3218,-0.13488703987978,-0.391,0,0
3219,-0.13488704798749,-0.3905,0,0
3220,-0.1348870560952,-0.39,0,0
3221,-0.13488706420291,-0.3895,0,0
3222,-0.13488707231062,-0.389,0,0
3223,-0.13488708041833,-0.3885,0,0
3224,-0.13488708852605,-0.388,0,0
3225,-0.13488709663376,-0.3875,0,0
3226,-0.13488710474147,-0.387,0,0
3227,-0.13488711284918,-0.3865,0,0
3228,-0.13488712095689,-0.386,0,0
3229,-0.1348871290646,-0.3855,0,0
3230,-0.13488713717232,-0.385,0,0
3231,-0.13488714528003,-0.3845,0,0
3232,-0.13488715338774,-0.384,0,0
3233,-0.13488716149545,-0.3835,0,0
3234,-0.13488716960316,-0.383,0,0
3235,-0.13488717771087,-0.3825,0,0
3236,-0.13488718581859,-0.382,0,0
3237,-0.1348871939263,-0.3815,0,0
3238,-0.13488720203401,-0.381,0,0
3239,-0.13488721014172,-0.3805,0,0
3240,-0.13488721824943,-0.38,0,0
3241,-0.13488722635714,-0.3795,0,0
3242,-0.13488723446486,-0.379,0,0
3243,-0.13488724257257,-0.3785,0,0
3244,-0.13488725068028,-0.378,0,0
3245,-0.13488725878799,-0.3775,0,0
3246,-0.1348872668957,-0.377,0,0
3247,-0.13488727500341,-0.3765,0,0
3248,-0.13488728311113,-0.376,0,0
3249,-0.13488729121884,-0.3755,0,0
3250,-0.13488729932655,-0.375,0,0
3251,-0.13488730743426,-0.3745,0,0
3252,-0.13488731554197,-0.374,0,0
3253,-0.13488732364968,-0.3735,0,0
3254,-0.1348873317574,-0.373,0,0
3255,-0.13488733986511,-0.3725,0,0
3256,-0.13488734797282,-0.372,0,0
3257,-0.13488735608053,-0.3715,0,0
3258,-0.13488736418824,-0.371,0,0
3259,-0.13488737229595,-0.3705,0,0
3260,-0.13488738040366,-0.37,0,0
3261,-0.13488738851138,-0.3695,0,0
3262,-0.13488739661909,-0.369,0,0
3263,-0.1348874047268,-0.3685,0,0
3264,-0.13488741283451,-0.368,0,0
3265,-0.13488742094222,-0.3675,0,0
3266,-0.13488742904993,-0.367,0,0
3267,-0.13488743715765,-0.3665,0,0
3268,-0.13488744526536,-0.366,0,0
3269,-0.13488745337307,-0.3655,0,0
3270,-0.13488746148078,-0.365,0,0
3271,-0.13488746958849,-0.3645,0,0
3272,-0.1348874776962,-0.364,0,0
3273,-0.13488748580392,-0.3635,0,0
3274,-0.13488749391163,-0.363,0,0
3275,-0.13488750201934,-0.3625,0,0
3276,-0.13488751012705,-0.362,0,0
3277,-0.13488751823476,-0.3615,0,0
3278,-0.13488752634247,-0.361,0,0
3279,-0.13488753445019,-0.3605,0,0
3280,-0.1348875425579,-0.36,0,0
3281,-0.13488755066561,-0.3595,0,0
3282,-0.13488755877332,-0.359,0,0
3283,-0.13488756688103,-0.3585,0,0
3284,-0.13488757498874,-0.358,0,0
3285,-0.13488758309646,-0.3575,0,0
3286,-0.13488759120417,-0.357,0,0
3287,-0.13488759931188,-0.3565,0,0
3288,-0.13488760741959,-0.356,0,0
3289,-0.1348876155273,-0.3555,0,0
3290,-0.13488762363501,-0.355,0,0
3291,-0.13488763174273,-0.3545,0,0
3292,-0.13488763985044,-0.354,0,0
3293,-0.13488764795815,-0.3535,0,0
3294,-0.13488765606586,-0.353,0,0
3295,-0.13488766417357,-0.3525,0,0
3296,-0.13488767228128,-0.352,0,0
3297,-0.134887680389,-0.3515,0,0
3298,-0.13488768849671,-0.351,0,0
3299,-0.13488769660442,-0.3505,0,0
3300,-0.13488770471213,-0.35,0,0
3301,-0.13488771281984,-0.3495,0,0
3302,-0.13488772092755,-0.349,0,0
3303,-0.13488772903527,-0.3485,0,0
3304,-0.13488773714298,-0.348,0,0
3305,-0.13488774525069,-0.3475,0,0
3306,-0.1348877533584,-0.347,0,0
3307,-0.13488776146611,-0.3465,0,0
3308,-0.13488776957382,-0.346,0,0
3309,-0.13488777768154,-0.3455,0,0
3310,-0.13488778578925,-0.345,0,0
3311,-0.13488779389696,-0.3445,0,0
3312,-0.13488780200467,-0.344,0,0
3313,-0.13488781011238,-0.3435,0,0
3314,-0.13488781822009,-0.343,0,0
3315,-0.13488782632781,-0.3425,0,0
3316,-0.13488783443552,-0.342,0,0
3317,-0.13488784254323,-0.3415,0,0
3318,-0.13488785065094,-0.341,0,0
3319,-0.13488785875865,-0.3405,0,0
3320,-0.13488786686636,-0.34,0,0
3321,-0.13488787497408,-0.3395,0,0
3322,-0.13488788308179,-0.339,0,0
3323,-0.1348878911895,-0.3385,0,0
3324,-0.13488789929721,-0.338,0,0
3325,-0.13488790740492,-0.3375,0,0
3326,-0.13488791551263,-0.337,0,0
3327,-0.13488792362035,-0.3365,0,0
3328,-0.13488793172806,-0.336,0,0
3329,-0.13488793983577,-0.3355,0,0
3330,-0.13488794794348,-0.335,0,0
3331,-0.13488795605119,-0.3345,0,0
3332,-0.1348879641589,-0.334,0,0
3333,-0.13488797226662,-0.3335,0,0
3334,-0.13488798037433,-0.333,0,0
3335,-0.13488798848204,-0.3325,0,0
3336,-0.13488799658975,-0.332,0,0
3337,-0.13488800469746,-0.3315,0,0
3338,-0.13488801280517,-0.331,0,0
3339,-0.13488802091289,-0.3305,0,0
3340,-0.1348880290206,-0.33,0,0
3341,-0.13488803712831,-0.3295,0,0
3342,-0.13488804523602,-0.329,0,0
3343,-0.13488805334373,-0.3285,0,0
3344,-0.13488806145144,-0.328,0,0
3345,-0.13488806955916,-0.3275,0,0
3346,-0.13488807766687,-0.327,0,0
3347,-0.13488808577458,-0.3265,0,0
3348,-0.13488809388229,-0.326,0,0
3349,-0.13488810199,-0.3255,0,0
3350,-0.13488811009771,-0.325,0,0
3351,-0.13488811820543,-0.3245,0,0
3352,-0.13488812631314,-0.324,0,0
3353,-0.13488813442085,-0.3235,0,0
3354,-0.13488814252856,-0.323,0,0
3355,-0.13488815063627,-0.3225,0,0
3356,-0.13488815874398,-0.322,0,0
3357,-0.1348881668517,-0.3215,0,0
3358,-0.13488817495941,-0.321,0,0
3359,-0.13488818306712,-0.3205,0,0
3360,-0.13488819117483,-0.32,0,0
3361,-0.13488819928254,-0.3195,0,0
3362,-0.13488820739025,-0.319,0,0
3363,-0.13488821549797,-0.3185,0,0
3364,-0.13488822360568,-0.318,0,0
3365,-0.13488823171339,-0.3175,0,0
3366,-0.1348882398211,-0.317,0,0
3367,-0.13488824792881,-0.3165,0,0
3368,-0.13488825603652,-0.316,0,0
3369,-0.13488826414424,-0.3155,0,0
3370,-0.13488827225195,-0.315,0,0
3371,-0.13488828035966,-0.3145,0,0
3372,-0.13488828846737,-0.314,0,0
3373,-0.13488829657508,-0.3135,0,0
3374,-0.13488830468279,-0.313,0,0
3375,-0.13488831279051,-0.3125,0,0
3376,-0.13488832089822,-0.312,0,0
3377,-0.13488832900593,-0.3115,0,0
3378,-0.13488833711364,-0.311,0,0
3379,-0.13488834522135,-0.3105,0,0
3380,-0.13488835332906,-0.31,0,0
3381,-0.13488836143678,-0.3095,0,0
3382,-0.13488836954449,-0.309,0,0
3383,-0.1348883776522,-0.3085,0,0
3384,-0.13488838575991,-0.308,0,0
3385,-0.13488839386762,-0.3075,0,0
3386,-0.13488840197533,-0.307,0,0
3387,-0.13488841008305,-0.3065,0,0
3388,-0.13488841819076,-0.306,0,0
3389,-0.13488842629847,-0.3055,0,0
3390,-0.13488843440618,-0.305,0,0
3391,-0.13488844251389,-0.3045,0,0
3392,-0.1348884506216,-0.304,0,0
3393,-0.13488845872932,-0.3035,0,0
3394,-0.13488846683703,-0.303,0,0
3395,-0.13488847494474,-0.3025,0,0
3396,-0.13488848305245,-0.302,0,0
3397,-0.13488849116016,-0.3015,0,0
3398,-0.13488849926787,-0.301,0,0
3399,-0.13488850737559,-0.3005,0,0
3400,-0.1348885154833,-0.3,0,0
3401,-0.13488852359101,-0.2995,0,0
3402,-0.13488853169872,-0.299,0,0
3403,-0.13488853980643,-0.2985,0,0
3404,-0.13488854791414,-0.298,0,0
3405,-0.13488855602186,-0.2975,0,0
3406,-0.13488856412957,-0.297,0,0
3407,-0.13488857223728,-0.2965,0,0
3408,-0.13488858034499,-0.296,0,0
3409,-0.1348885884527,-0.2955,0,0
3410,-0.13488859656041,-0.295,0,0
3411,-0.13488860466813,-0.2945,0,0
3412,-0.13488861277584,-0.294,0,0
3413,-0.13488862088355,-0.2935,0,0
3414,-0.13488862899126,-0.293,0,0
3415,-0.13488863709897,-0.2925,0,0
3416,-0.13488864520668,-0.292,0,0
3417,-0.1348886533144,-0.2915,0,0
3418,-0.13488866142211,-0.291,0,0
3419,-0.13488866952982,-0.2905,0,0
3420,-0.13488867763753,-0.29,0,0
3421,-0.13488868574524,-0.2895,0,0
3422,-0.13488869385295,-0.289,0,0
3423,-0.13488870196067,-0.2885,0,0
3424,-0.13488871006838,-0.288,0,0
3425,-0.13488871817609,-0.2875,0,0
3426,-0.1348887262838,-0.287,0,0
3427,-0.13488873439151,-0.2865,0,0
3428,-0.13488874249922,-0.286,0,0
3429,-0.13488875060694,-0.2855,0,0
3430,-0.13488875871465,-0.285,0,0
3431,-0.13488876682236,-0.2845,0,0
3432,-0.13488877493007,-0.284,0,0
3433,-0.13488878303778,-0.2835,0,0
3434,-0.13488879114549,-0.283,0,0
3435,-0.13488879925321,-0.2825,0,0
3436,-0.13488880736092,-0.282,0,0
3437,-0.13488881546863,-0.2815,0,0
3438,-0.13488882357634,-0.281,0,0
3439,-0.13488883168405,-0.2805,0,0
3440,-0.13488883979176,-0.28,0,0
3441,-0.13488884789948,-0.2795,0,0
3442,-0.13488885600719,-0.279,0,0
3443,-0.1348888641149,-0.2785,0,0
3444,-0.13488887222261,-0.278,0,0
3445,-0.13488888033032,-0.2775,0,0
3446,-0.13488888843803,-0.277,0,0
3447,-0.13488889654575,-0.2765,0,0
3448,-0.13488890465346,-0.276,0,0
3449,-0.13488891276117,-0.2755,0,0
3450,-0.13488892086888,-0.275,0,0
3451,-0.13488892897659,-0.2745,0,0
3452,-0.1348889370843,-0.274,0,0
3453,-0.13488894519202,-0.2735,0,0
3454,-0.13488895329973,-0.273,0,0
3455,-0.13488896140744,-0.2725,0,0
3456,-0.13488896951515,-0.272,0,0
3457,-0.13488897762286,-0.2715,0,0
3458,-0.13488898573057,-0.271,0,0
3459,-0.13488899383829,-0.2705,0,0
3460,-0.134889001946,-0.27,0,0
3461,-0.13488901005371,-0.2695,0,0
3462,-0.13488901816142,-0.269,0,0
3463,-0.13488902626913,-0.2685,0,0
3464,-0.13488903437684,-0.268,0,0
3465,-0.13488904248456,-0.2675,0,0
3466,-0.13488905059227,-0.267,0,0
3467,-0.13488905869998,-0.2665,0,0
3468,-0.13488906680769,-0.266,0,0
3469,-0.1348890749154,-0.2655,0,0
3470,-0.13488908302311,-0.265,0,0
3471,-0.13488909113083,-0.2645,0,0
3472,-0.13488909923854,-0.264,0,0
3473,-0.13488910734625,-0.2635,0,0
3474,-0.13488911545396,-0.263,0,0
3475,-0.13488912356167,-0.2625,0,0
3476,-0.13488913166938,-0.262,0,0
3477,-0.1348891397771,-0.2615,0,0
3478,-0.13488914788481,-0.261,0,0
3479,-0.13488915599252,-0.2605,0,0
3480,-0.13488916410023,-0.26,0,0
3481,-0.13488917220794,-0.2595,0,0
3482,-0.13488918031565,-0.259,0,0
3483,-0.13488918842337,-0.2585,0,0
3484,-0.13488919653108,-0.258,0,0
3485,-0.13488920463879,-0.2575,0,0
3486,-0.1348892127465,-0.257,0,0
3487,-0.13488922085421,-0.2565,0,0
3488,-0.13488922896192,-0.256,0,0
3489,-0.13488923706964,-0.2555,0,0
3490,-0.13488924517735,-0.255,0,0
3491,-0.13488925328506,-0.2545,0,0
3492,-0.13488926139277,-0.254,0,0
3493,-0.13488926950048,-0.2535,0,0
3494,-0.13488927760819,-0.253,0,0
3495,-0.13488928571591,-0.2525,0,0
3496,-0.13488929382362,-0.252,0,0
3497,-0.13488930193133,-0.2515,0,0
3498,-0.13488931003904,-0.251,0,0
3499,-0.13488931814675,-0.2505,0,0
3500,-0.13488932625446,-0.25,0,0
3501,-0.13488933436218,-0.2495,0,0
3502,-0.13488934246989,-0.249,0,0
3503,-0.1348893505776,-0.2485,0,0
3504,-0.13488935868531,-0.248,0,0
3505,-0.13488936679302,-0.2475,0,0
3506,-0.13488937490073,-0.247,0,0
3507,-0.13488938300845,-0.2465,0,0
3508,-0.13488939111616,-0.246,0,0
3509,-0.13488939922387,-0.2455,0,0
3510,-0.13488940733158,-0.245,0,0
3511,-0.13488941543929,-0.2445,0,0
3512,-0.134889423547,-0.244,0,0
3513,-0.13488943165472,-0.2435,0,0
3514,-0.13488943976243,-0.243,0,0
3515,-0.13488944787014,-0.2425,0,0
3516,-0.13488945597785,-0.242,0,0
3517,-0.13488946408556,-0.2415,0,0
3518,-0.13488947219327,-0.241,0,0
3519,-0.13488948030099,-0.2405,0,0
3520,-0.1348894884087,-0.24,0,0
3521,-0.13488949651641,-0.2395,0,0
3522,-0.13488950462412,-0.239,0,0
3523,-0.13488951273183,-0.2385,0,0
3524,-0.13488952083954,-0.238,0,0
3525,-0.13488952894726,-0.2375,0,0
3526,-0.13488953705497,-0.237,0,0
3527,-0.13488954516268,-0.2365,0,0
3528,-0.13488955327039,-0.236,0,0
3529,-0.1348895613781,-0.2355,0,0
3530,-0.13488956948581,-0.235,0,0
3531,-0.13488957759353,-0.2345,0,0
3532,-0.13488958570124,-0.234,0,0
3533,-0.13488959380895,-0.2335,0,0
3534,-0.13488960191666,-0.233,0,0
3535,-0.13488961002437,-0.2325,0,0
3536,-0.13488961813208,-0.232,0,0
3537,-0.1348896262398,-0.2315,0,0
3538,-0.13488963434751,-0.231,0,0
3539,-0.13488964245522,-0.2305,0,0
3540,-0.13488965056293,-0.23,0,0
3541,-0.13488965867064,-0.2295,0,0
3542,-0.13488966677835,-0.229,0,0
3543,-0.13488967488607,-0.2285,0,0
3544,-0.13488968299378,-0.228,0,0
3545,-0.13488969110149,-0.2275,0,0
3546,-0.1348896992092,-0.227,0,0
3547,-0.13488970731691,-0.2265,0,0
3548,-0.13488971542462,-0.226,0,0
3549,-0.13488972353233,-0.2255,0,0
3550,-0.13488973164005,-0.225,0,0
3551,-0.13488973974776,-0.2245,0,0
3552,-0.13488974785547,-0.224,0,0
3553,-0.13488975596318,-0.2235,0,0
3554,-0.13488976407089,-0.223,0,0
3555,-0.1348897721786,-0.2225,0,0
3556,-0.13488978028632,-0.222,0,0
3557,-0.13488978839403,-0.2215,0,0
3558,-0.13488979650174,-0.221,0,0
3559,-0.13488980460945,-0.2205,0,0
3560,-0.13488981271716,-0.22,0,0
3561,-0.13488982082487,-0.2195,0,0
3562,-0.13488982893259,-0.219,0,0
3563,-0.1348898370403,-0.2185,0,0
3564,-0.13488984514801,-0.218,0,0
3565,-0.13488985325572,-0.2175,0,0
3566,-0.13488986136343,-0.217,0,0
3567,-0.13488986947114,-0.2165,0,0
3568,-0.13488987757886,-0.216,0,0
3569,-0.13488988568657,-0.2155,0,0
3570,-0.13488989379428,-0.215,0,0
3571,-0.13488990190199,-0.2145,0,0
3572,-0.1348899100097,-0.214,0,0
3573,-0.13488991811741,-0.2135,0,0
3574,-0.13488992622513,-0.213,0,0
3575,-0.13488993433284,-0.2125,0,0
3576,-0.13488994244055,-0.212,0,0
3577,-0.13488995054826,-0.2115,0,0
3578,-0.13488995865597,-0.211,0,0
3579,-0.13488996676368,-0.2105,0,0
3580,-0.1348899748714,-0.21,0,0
3581,-0.13488998297911,-0.2095,0,0
3582,-0.13488999108682,-0.209,0,0
3583,-0.13488999919453,-0.2085,0,0
3584,-0.13489000730224,-0.208,0,0
3585,-0.13489001540995,-0.2075,0,0
3586,-0.13489002351767,-0.207,0,0
3587,-0.13489003162538,-0.2065,0,0
3588,-0.13489003973309,-0.206,0,0
3589,-0.1348900478408,-0.2055,0,0
3590,-0.13489005594851,-0.205,0,0
3591,-0.13489006405622,-0.2045,0,0
3592,-0.13489007216394,-0.204,0,0
3593,-0.13489008027165,-0.2035,0,0
3594,-0.13489008837936,-0.203,0,0
3595,-0.13489009648707,-0.2025,0,0
3596,-0.13489010459478,-0.202,0,0
3597,-0.13489011270249,-0.2015,0,0
3598,-0.13489012081021,-0.201,0,0
3599,-0.13489012891792,-0.2005,0,0
3600,-0.13489013702563,-0.2,0,0
3601,-0.13489014513334,-0.1995,0,0
3602,-0.13489015324105,-0.199,0,0
3603,-0.13489016134876,-0.1985,0,0
3604,-0.13489016945648,-0.198,0,0
3605,-0.13489017756419,-0.1975,0,0
3606,-0.1348901856719,-0.197,0,0
3607,-0.13489019377961,-0.1965,0,0
3608,-0.13489020188732,-0.196,0,0
3609,-0.13489020999503,-0.1955,0,0
3610,-0.13489021810275,-0.195,0,0
3611,-0.13489022621046,-0.1945,0,0
3612,-0.13489023431817,-0.194,0,0
3613,-0.13489024242588,-0.1935,0,0
3614,-0.13489025053359,-0.193,0,0
3615,-0.1348902586413,-0.1925,0,0
3616,-0.13489026674902,-0.192,0,0
3617,-0.13489027485673,-0.1915,0,0
3618,-0.13489028296444,-0.191,0,0
3619,-0.13489029107215,-0.1905,0,0
3620,-0.13489029917986,-0.19,0,0
3621,-0.13489030728757,-0.1895,0,0
3622,-0.13489031539529,-0.189,0,0
3623,-0.134890323503,-0.1885,0,0
3624,-0.13489033161071,-0.188,0,0
3625,-0.13489033971842,-0.1875,0,0
3626,-0.13489034782613,-0.187,0,0
3627,-0.13489035593384,-0.1865,0,0
3628,-0.13489036404156,-0.186,0,0
3629,-0.13489037214927,-0.1855,0,0
3630,-0.13489038025698,-0.185,0,0
3631,-0.13489038836469,-0.1845,0,0
3632,-0.1348903964724,-0.184,0,0
3633,-0.13489040458011,-0.1835,0,0
3634,-0.13489041268783,-0.183,0,0
3635,-0.13489042079554,-0.1825,0,0
3636,-0.13489042890325,-0.182,0,0
3637,-0.13489043701096,-0.1815,0,0
3638,-0.13489044511867,-0.181,0,0
3639,-0.13489045322638,-0.1805,0,0
3640,-0.1348904613341,-0.18,0,0
3641,-0.13489046944181,-0.1795,0,0
3642,-0.13489047754952,-0.179,0,0
3643,-0.13489048565723,-0.1785,0,0
3644,-0.13489049376494,-0.178,0,0
3645,-0.13489050187265,-0.1775,0,0
3646,-0.13489050998037,-0.177,0,0
3647,-0.13489051808808,-0.1765,0,0
3648,-0.13489052619579,-0.176,0,0
3649,-0.1348905343035,-0.1755,0,0
3650,-0.13489054241121,-0.175,0,0
3651,-0.13489055051892,-0.1745,0,0
3652,-0.13489055862664,-0.174,0,0
3653,-0.13489056673435,-0.1735,0,0
3654,-0.13489057484206,-0.173,0,0
3655,-0.13489058294977,-0.1725,0,0
3656,-0.13489059105748,-0.172,0,0
3657,-0.13489059916519,-0.1715,0,0
3658,-0.13489060727291,-0.171,0,0
3659,-0.13489061538062,-0.1705,0,0
3660,-0.13489062348833,-0.17,0,0
3661,-0.13489063159604,-0.1695,0,0
3662,-0.13489063970375,-0.169,0,0
3663,-0.13489064781146,-0.1685,0,0
3664,-0.13489065591918,-0.168,0,0
3665,-0.13489066402689,-0.1675,0,0
3666,-0.1348906721346,-0.167,0,0
3667,-0.13489068024231,-0.1665,0,0
3668,-0.13489068835002,-0.166,0,0
3669,-0.13489069645773,-0.1655,0,0
3670,-0.13489070456545,-0.165,0,0
3671,-0.13489071267316,-0.1645,0,0
3672,-0.13489072078087,-0.164,0,0
3673,-0.13489072888858,-0.1635,0,0
3674,-0.13489073699629,-0.163,0,0
3675,-0.134890745104,-0.1625,0,0
3676,-0.13489075321172,-0.162,0,0
3677,-0.13489076131943,-0.1615,0,0
3678,-0.13489076942714,-0.161,0,0
3679,-0.13489077753485,-0.1605,0,0
3680,-0.13489078564256,-0.16,0,0
3681,-0.13489079375027,-0.1595,0,0
3682,-0.13489080185799,-0.159,0,0
3683,-0.1348908099657,-0.1585,0,0
3684,-0.13489081807341,-0.158,0,0
3685,-0.13489082618112,-0.1575,0,0
3686,-0.13489083428883,-0.157,0,0
3687,-0.13489084239654,-0.1565,0,0
3688,-0.13489085050426,-0.156,0,0
3689,-0.13489085861197,-0.1555,0,0
3690,-0.13489086671968,-0.155,0,0
3691,-0.13489087482739,-0.1545,0,0
3692,-0.1348908829351,-0.154,0,0
3693,-0.13489089104281,-0.1535,0,0
3694,-0.13489089915053,-0.153,0,0
3695,-0.13489090725824,-0.1525,0,0
3696,-0.13489091536595,-0.152,0,0
3697,-0.13489092347366,-0.1515,0,0
3698,-0.13489093158137,-0.151,0,0
3699,-0.13489093968908,-0.1505,0,0
3700,-0.1348909477968,-0.15,0,0
3701,-0.13489095590451,-0.1495,0,0
3702,-0.13489096401222,-0.149,0,0
3703,-0.13489097211993,-0.1485,0,0
3704,-0.13489098022764,-0.148,0,0
3705,-0.13489098833535,-0.1475,0,0
3706,-0.13489099644307,-0.147,0,0
3707,-0.13489100455078,-0.1465,0,0
3708,-0.13489101265849,-0.146,0,0
3709,-0.1348910207662,-0.1455,0,0
3710,-0.13489102887391,-0.145,0,0
3711,-0.13489103698162,-0.1445,0,0
3712,-0.13489104508934,-0.144,0,0
3713,-0.13489105319705,-0.1435,0,0
3714,-0.13489106130476,-0.143,0,0
3715,-0.13489106941247,-0.1425,0,0
3716,-0.13489107752018,-0.142,0,0
3717,-0.13489108562789,-0.1415,0,0
3718,-0.13489109373561,-0.141,0,0
3719,-0.13489110184332,-0.1405,0,0
3720,-0.13489110995103,-0.14,0,0
3721,-0.13489111805874,-0.1395,0,0
3722,-0.13489112616645,-0.139,0,0
3723,-0.13489113427416,-0.1385,0,0
3724,-0.13489114238188,-0.138,0,0
3725,-0.13489115048959,-0.1375,0,0
3726,-0.1348911585973,-0.137,0,0
3727,-0.13489116670501,-0.1365,0,0
3728,-0.13489117481272,-0.136,0,0
3729,-0.13489118292043,-0.1355,0,0
3730,-0.13489119102815,-0.135,0,0
3731,-0.13489119913586,-0.1345,0,0
3732,-0.13489120724357,-0.134,0,0
3733,-0.13489121535128,-0.1335,0,0
3734,-0.13489122345899,-0.133,0,0
3735,-0.1348912315667,-0.1325,0,0
3736,-0.13489123967442,-0.132,0,0
3737,-0.13489124778213,-0.1315,0,0
3738,-0.13489125588984,-0.131,0,0
3739,-0.13489126399755,-0.1305,0,0
3740,-0.13489127210526,-0.13,0,0
3741,-0.13489128021297,-0.1295,0,0
3742,-0.13489128832069,-0.129,0,0
3743,-0.1348912964284,-0.1285,0,0
3744,-0.13489130453611,-0.128,0,0
3745,-0.13489131264382,-0.1275,0,0
3746,-0.13489132075153,-0.127,0,0
3747,-0.13489132885924,-0.1265,0,0
3748,-0.13489133696696,-0.126,0,0
3749,-0.13489134507467,-0.1255,0,0
3750,-0.13489135318238,-0.125,0,0
3751,-0.13489136129009,-0.1245,0,0
3752,-0.1348913693978,-0.124,0,0
3753,-0.13489137750551,-0.1235,0,0
3754,-0.13489138561323,-0.123,0,0
3755,-0.13489139372094,-0.1225,0,0
3756,-0.13489140182865,-0.122,0,0
3757,-0.13489140993636,-0.1215,0,0
3758,-0.13489141804407,-0.121,0,0
3759,-0.13489142615178,-0.1205,0,0
3760,-0.1348914342595,-0.12,0,0
3761,-0.13489144236721,-0.1195,0,0
3762,-0.13489145047492,-0.119,0,0
3763,-0.13489145858263,-0.1185,0,0
3764,-0.13489146669034,-0.118,0,0
3765,-0.13489147479805,-0.1175,0,0
3766,-0.13489148290577,-0.117,0,0
3767,-0.13489149101348,-0.1165,0,0
3768,-0.13489149912119,-0.116,0,0
3769,-0.1348915072289,-0.1155,0,0
3770,-0.13489151533661,-0.115,0,0
3771,-0.13489152344432,-0.1145,0,0
3772,-0.13489153155204,-0.114,0,0
3773,-0.13489153965975,-0.1135,0,0
3774,-0.13489154776746,-0.113,0,0
3775,-0.13489155587517,-0.1125,0,0
3776,-0.13489156398288,-0.112,0,0
3777,-0.13489157209059,-0.1115,0,0
3778,-0.13489158019831,-0.111,0,0
3779,-0.13489158830602,-0.1105,0,0
3780,-0.13489159641373,-0.11,0,0
3781,-0.13489160452144,-0.1095,0,0
3782,-0.13489161262915,-0.109,0,0
3783,-0.13489162073686,-0.1085,0,0
3784,-0.13489162884458,-0.108,0,0
3785,-0.13489163695229,-0.1075,0,0
3786,-0.13489164506,-0.107,0,0
3787,-0.13489165316771,-0.1065,0,0
3788,-0.13489166127542,-0.106,0,0
3789,-0.13489166938313,-0.1055,0,0
3790,-0.13489167749085,-0.105,0,0
3791,-0.13489168559856,-0.1045,0,0
3792,-0.13489169370627,-0.104,0,0
3793,-0.13489170181398,-0.1035,0,0
3794,-0.13489170992169,-0.103,0,0
3795,-0.1348917180294,-0.1025,0,0
3796,-0.13489172613712,-0.102,0,0
3797,-0.13489173424483,-0.1015,0,0
3798,-0.13489174235254,-0.101,0,0
3799,-0.13489175046025,-0.1005,0,0
3800,-0.13489175856796,-0.1,0,0
3801,-0.13489176667567,-0.0995,0,0
3802,-0.13489177478339,-0.099,0,0
3803,-0.1348917828911,-0.0985,0,0
3804,-0.13489179099881,-0.098,0,0
3805,-0.13489179910652,-0.0975,0,0
3806,-0.13489180721423,-0.097,0,0
3807,-0.13489181532194,-0.0965,0,0
3808,-0.13489182342966,-0.096,0,0
3809,-0.13489183153737,-0.0955,0,0
3810,-0.13489183964508,-0.095,0,0
3811,-0.13489184775279,-0.0945,0,0
3812,-0.1348918558605,-0.094,0,0
3813,-0.13489186396821,-0.0935,0,0
3814,-0.13489187207593,-0.093,0,0
3815,-0.13489188018364,-0.0925,0,0
3816,-0.13489188829135,-0.092,0,0
3817,-0.13489189639906,-0.0915,0,0
3818,-0.13489190450677,-0.091,0,0
3819,-0.13489191261448,-0.0905,0,0
3820,-0.1348919207222,-0.09,0,0
3821,-0.13489192882991,-0.0895,0,0
3822,-0.13489193693762,-0.089,0,0
3823,-0.13489194504533,-0.0885,0,0
3824,-0.13489195315304,-0.088,0,0
3825,-0.13489196126075,-0.0875,0,0
3826,-0.13489196936847,-0.087,0,0
3827,-0.13489197747618,-0.0865,0,0
3828,-0.13489198558389,-0.086,0,0
3829,-0.1348919936916,-0.0855,0,0
3830,-0.13489200179931,-0.085,0,0
3831,-0.13489200990702,-0.0845,0,0
3832,-0.13489201801474,-0.084,0,0
3833,-0.13489202612245,-0.0835,0,0
3834,-0.13489203423016,-0.083,0,0
3835,-0.13489204233787,-0.0825,0,0
3836,-0.13489205044558,-0.082,0,0
3837,-0.13489205855329,-0.0815,0,0
3838,-0.13489206666101,-0.081,0,0
3839,-0.13489207476872,-0.0805,0,0
3840,-0.13489208287643,-0.08,0,0
3841,-0.13489209098414,-0.0795,0,0
3842,-0.13489209909185,-0.079,0,0
3843,-0.13489210719956,-0.0785,0,0
3844,-0.13489211530728,-0.078,0,0
3845,-0.13489212341499,-0.0775,0,0
3846,-0.1348921315227,-0.077,0,0
3847,-0.13489213963041,-0.0765,0,0
3848,-0.13489214773812,-0.076,0,0
3849,-0.13489215584583,-0.0755,0,0
3850,-0.13489216395355,-0.075,0,0
3851,-0.13489217206126,-0.0745,0,0
3852,-0.13489218016897,-0.074,0,0
3853,-0.13489218827668,-0.0735,0,0
3854,-0.13489219638439,-0.073,0,0
3855,-0.1348922044921,-0.0725,0,0
3856,-0.13489221259982,-0.072,0,0
3857,-0.13489222070753,-0.0715,0,0
3858,-0.13489222881524,-0.071,0,0
3859,-0.13489223692295,-0.0705,0,0
3860,-0.13489224503066,-0.07,0,0
3861,-0.13489225313837,-0.0695,0,0
3862,-0.13489226124608,-0.069,0,0
3863,-0.1348922693538,-0.0685,0,0
3864,-0.13489227746151,-0.068,0,0
3865,-0.13489228556922,-0.0675,0,0
3866,-0.13489229367693,-0.067,0,0
3867,-0.13489230178464,-0.0665,0,0
3868,-0.13489230989235,-0.066,0,0
3869,-0.13489231800007,-0.0655,0,0
3870,-0.13489232610778,-0.065,0,0
3871,-0.13489233421549,-0.0645,0,0
3872,-0.1348923423232,-0.064,0,0
3873,-0.13489235043091,-0.0635,0,0
3874,-0.13489235853862,-0.063,0,0
3875,-0.13489236664634,-0.0625,0,0
3876,-0.13489237475405,-0.062,0,0
3877,-0.13489238286176,-0.0615,0,0
3878,-0.13489239096947,-0.061,0,0
3879,-0.13489239907718,-0.0605,0,0
3880,-0.13489240718489,-0.06,0,0
3881,-0.13489241529261,-0.0595,0,0
3882,-0.13489242340032,-0.059,0,0
3883,-0.13489243150803,-0.0585,0,0
3884,-0.13489243961574,-0.058,0,0
3885,-0.13489244772345,-0.0575,0,0
3886,-0.13489245583116,-0.057,0,0
3887,-0.13489246393888,-0.0565,0,0
3888,-0.13489247204659,-0.056,0,0
3889,-0.1348924801543,-0.0555,0,0
3890,-0.13489248826201,-0.055,0,0
3891,-0.13489249636972,-0.0545,0,0
3892,-0.13489250447743,-0.054,0,0
3893,-0.13489251258515,-0.0535,0,0
3894,-0.13489252069286,-0.053,0,0
3895,-0.13489252880057,-0.0525,0,0
3896,-0.13489253690828,-0.052,0,0
3897,-0.13489254501599,-0.0515,0,0
3898,-0.1348925531237,-0.051,0,0
3899,-0.13489256123142,-0.0505,0,0
3900,-0.13489256933913,-0.05,0,0
3901,-0.13489257744684,-0.0495,0,0
3902,-0.13489258555455,-0.049,0,0
3903,-0.13489259366226,-0.0485,0,0
3904,-0.13489260176997,-0.048,0,0
3905,-0.13489260987769,-0.0475,0,0
3906,-0.1348926179854,-0.047,0,0
3907,-0.13489262609311,-0.0465,0,0
3908,-0.13489263420082,-0.046,0,0
3909,-0.13489264230853,-0.0455,0,0
3910,-0.13489265041624,-0.045,0,0
3911,-0.13489265852396,-0.0445,0,0
3912,-0.13489266663167,-0.044,0,0
3913,-0.13489267473938,-0.0435,0,0
3914,-0.13489268284709,-0.043,0,0
3915,-0.1348926909548,-0.0425,0,0
3916,-0.13489269906251,-0.042,0,0
3917,-0.13489270717023,-0.0415,0,0
3918,-0.13489271527794,-0.041,0,0
3919,-0.13489272338565,-0.0405,0,0
3920,-0.13489273149336,-0.04,0,0
3921,-0.13489273960107,-0.0395,0,0
3922,-0.13489274770878,-0.039,0,0
3923,-0.1348927558165,-0.0385,0,0
3924,-0.13489276392421,-0.038,0,0
3925,-0.13489277203192,-0.0375,0,0
3926,-0.13489278013963,-0.037,0,0
3927,-0.13489278824734,-0.0365,0,0
3928,-0.13489279635505,-0.036,0,0
3929,-0.13489280446277,-0.0355,0,0
3930,-0.13489281257048,-0.035,0,0
3931,-0.13489282067819,-0.0345,0,0
3932,-0.1348928287859,-0.034,0,0
3933,-0.13489283689361,-0.0335,0,0
3934,-0.13489284500132,-0.033,0,0
3935,-0.13489285310904,-0.0325,0,0
3936,-0.13489286121675,-0.032,0,0
3937,-0.13489286932446,-0.0315,0,0
3938,-0.13489287743217,-0.031,0,0
3939,-0.13489288553988,-0.0305,0,0
3940,-0.13489289364759,-0.03,0,0
3941,-0.13489290175531,-0.0295,0,0
3942,-0.13489290986302,-0.029,0,0
3943,-0.13489291797073,-0.0285,0,0
3944,-0.13489292607844,-0.028,0,0
3945,-0.13489293418615,-0.0275,0,0
3946,-0.13489294229386,-0.027,0,0
3947,-0.13489295040158,-0.0265,0,0
3948,-0.13489295850929,-0.026,0,0
3949,-0.134892966617,-0.0255,0,0
3950,-0.13489297472471,-0.025,0,0
3951,-0.13489298283242,-0.0245,0,0
3952,-0.13489299094013,-0.024,0,0
3953,-0.13489299904785,-0.0235,0,0
3954,-0.13489300715556,-0.023,0,0
3955,-0.13489301526327,-0.0225,0,0
3956,-0.13489302337098,-0.022,0,0
3957,-0.13489303147869,-0.0215,0,0
3958,-0.1348930395864,-0.021,0,0
3959,-0.13489304769412,-0.0205,0,0
3960,-0.13489305580183,-0.02,0,0
3961,-0.13489306390954,-0.0195,0,0
3962,-0.13489307201725,-0.019,0,0
3963,-0.13489308012496,-0.0185,0,0
3964,-0.13489308823267,-0.018,0,0
3965,-0.13489309634039,-0.0175,0,0
3966,-0.1348931044481,-0.017,0,0
3967,-0.13489311255581,-0.0165,0,0
3968,-0.13489312066352,-0.016,0,0
3969,-0.13489312877123,-0.0155,0,0
3970,-0.13489313687894,-0.015,0,0
3971,-0.13489314498666,-0.0145,0,0
3972,-0.13489315309437,-0.014,0,0
3973,-0.13489316120208,-0.0135,0,0
3974,-0.13489316930979,-0.013,0,0
3975,-0.1348931774175,-0.0125,0,0
3976,-0.13489318552521,-0.012,0,0
3977,-0.13489319363293,-0.0115,0,0
3978,-0.13489320174064,-0.011,0,0
3979,-0.13489320984836,-0.0105,0,0
3980,-0.13489321795602,-0.01,0,0
3981,-0.13489322606392,-0.0095000000000001,0,0
3982,-0.13489323417093,-0.0089999999999999,0,0
3983,-0.13489324228126,-0.0085,0,0
3984,-0.13489325037913,-0.008,0,0
3985,-0.13489325852386,-0.0075000000000001,0,0
3986,-0.13489326649239,-0.0069999999999999,0,0
3987,-0.13489327512341,-0.0065,0,0
3988,-0.13489328126352,-0.006,0,0
3989,-0.13489329676939,-0.0055000000000001,0,0
3990,-0.13489327706011,-0.0049999999999999,0,0
3991,-0.13489338975941,-0.0044999999999999,0,0
3992,-0.13489300460395,-0.004,0,0
3993,-0.13489449137766,-0.0035000000000001,0,0
3994,-0.13488893972881,-0.0029999999999999,0,0
3995,-0.13490985262102,-0.0024999999999999,0,0
3996,-0.13483126124254,-0.002,0,0
3997,-0.13512683470747,-0.0015000000000001,0,0
3998,-0.13401597472664,-0.00099999999999989,0,0
3999,-0.1381992662055,-0.00049999999999994,0,0
4000,-0.12256071379605,0,0,0
8000,1.1405724394073,1,0,0
8001,1.1374831601605,1.0005,0,0
8002,1.1383057044432,1.001,0,0
8003,1.1380869979776,1.0015,0,0
8004,1.1381451591787,1.002,0,0
8005,1.1381296807957,1.0025,0,0
8006,1.1381337871578,1.003,0,0
8007,1.1381326847742,1.0035,0,0
8008,1.1381329676978,1.004,0,0
8009,1.1381328821874,1.0045,0,0
8010,1.1381328946651,1.005,0,0
8011,1.138132881082,1.0055,0,0
8012,1.13813287443,1.006,0,0
8013,1.1381328659346,1.0065,0,0
8014,1.1381328579295,1.007,0,0
8015,1.138132849794,1.0075,0,0
8016,1.1381328416932,1.008,0,0
8017,1.1381328335832,1.0085,0,0
8018,1.1381328254756,1.009,0,0
8019,1.1381328173673,1.0095,0,0
8020,1.1381328092592,1.01,0,0
8021,1.1381328011511,1.0105,0,0
8022,1.138132793043,1.011,0,0
8023,1.1381327849349,1.0115,0,0
8024,1.1381327768268,1.012,0,0
8025,1.1381327687187,1.0125,0,0
8026,1.1381327606106,1.013,0,0
8027,1.1381327525025,1.0135,0,0
8028,1.1381327443944,1.014,0,0
8029,1.1381327362863,1.0145,0,0
8030,1.1381327281782,1.015,0,0
8031,1.13813272007,1.0155,0,0
8032,1.1381327119619,1.016,0,0
8033,1.1381327038538,1.0165,0,0
8034,1.1381326957457,1.017,0,0
8035,1.1381326876376,1.0175,0,0
8036,1.1381326795295,1.018,0,0
8037,1.1381326714214,1.0185,0,0
8038,1.1381326633133,1.019,0,0
8039,1.1381326552052,1.0195,0,0
8040,1.1381326470971,1.02,0,0
8041,1.138132638989,1.0205,0,0
8042,1.1381326308809,1.021,0,0
8043,1.1381326227727,1.0215,0,0
8044,1.1381326146646,1.022,0,0
8045,1.1381326065565,1.0225,0,0
8046,1.1381325984484,1.023,0,0
8047,1.1381325903403,1.0235,0,0
8048,1.1381325822322,1.024,0,0
8049,1.1381325741241,1.0245,0,0
8050,1.138132566016,1.025,0,0
8051,1.1381325579079,1.0255,0,0
8052,1.1381325497998,1.026,0,0
8053,1.1381325416917,1.0265,0,0
8054,1.1381325335836,1.027,0,0
8055,1.1381325254755,1.0275,0,0
8056,1.1381325173673,1.028,0,0
8057,1.1381325092592,1.0285,0,0
8058,1.1381325011511,1.029,0,0
8059,1.138132493043,1.0295,0,0
8060,1.1381324849349,1.03,0,0
8061,1.1381324768268,1.0305,0,0
8062,1.1381324687187,1.031,0,0
8063,1.1381324606106,1.0315,0,0
8064,1.1381324525025,1.032,0,0
8065,1.1381324443944,1.0325,0,0
8066,1.1381324362863,1.033,0,0
8067,1.1381324281782,1.0335,0,0
8068,1.13813242007,1.034,0,0
8069,1.1381324119619,1.0345,0,0
8070,1.1381324038538,1.035,0,0
8071,1.1381323957457,1.0355,0,0
8072,1.1381323876376,1.036,0,0
8073,1.1381323795295,1.0365,0,0
8074,1.1381323714214,1.037,0,0
8075,1.1381323633133,1.0375,0,0
8076,1.1381323552052,1.038,0,0
8077,1.1381323470971,1.0385,0,0
8078,1.138132338989,1.039,0,0
8079,1.1381323308809,1.0395,0,0
8080,1.1381323227727,1.04,0,0
8081,1.1381323146646,1.0405,0,0
8082,1.1381323065565,1.041,0,0
8083,1.1381322984484,1.0415,0,0
8084,1.1381322903403,1.042,0,0
8085,1.1381322822322,1.0425,0,0
8086,1.1381322741241,1.043,0,0
8087,1.138132266016,1.0435,0,0
8088,1.1381322579079,1.044,0,0
8089,1.1381322497998,1.0445,0,0
8090,1.1381322416917,1.045,0,0
8091,1.1381322335836,1.0455,0,0
8092,1.1381322254755,1.046,0,0
8093,1.1381322173673,1.0465,0,0
8094,1.1381322092592,1.047,0,0
8095,1.1381322011511,1.0475,0,0
8096,1.138132193043,1.048,0,0
8097,1.1381321849349,1.0485,0,0
8098,1.1381321768268,1.049,0,0
8099,1.1381321687187,1.0495,0,0
8100,1.1381321606106,1.05,0,0
8101,1.1381321525025,1.0505,0,0
8102,1.1381321443944,1.051,0,0
8103,1.1381321362863,1.0515,0,0
8104,1.1381321281782,1.052,0,0
8105,1.13813212007,1.0525,0,0
8106,1.1381321119619,1.053,0,0
8107,1.1381321038538,1.0535,0,0
8108,1.1381320957457,1.054,0,0
8109,1.1381320876376,1.0545,0,0
8110,1.1381320795295,1.055,0,0
8111,1.1381320714214,1.0555,0,0
8112,1.1381320633133,1.056,0,0
8113,1.1381320552052,1.0565,0,0
8114,1.1381320470971,1.057,0,0
8115,1.138132038989,1.0575,0,0
8116,1.1381320308809,1.058,0,0
8117,1.1381320227727,1.0585,0,0
8118,1.1381320146646,1.059,0,0
8119,1.1381320065565,1.0595,0,0
8120,1.1381319984484,1.06,0,0
8121,1.1381319903403,1.0605,0,0
8122,1.1381319822322,1.061,0,0
8123,1.1381319741241,1.0615,0,0
8124,1.138131966016,1.062,0,0
8125,1.1381319579079,1.0625,0,0
8126,1.1381319497998,1.063,0,0
8127,1.1381319416917,1.0635,0,0
8128,1.1381319335836,1.064,0,0
8129,1.1381319254755,1.0645,0,0
8130,1.1381319173673,1.065,0,0
8131,1.1381319092592,1.0655,0,0
8132,1.1381319011511,1.066,0,0
8133,1.138131893043,1.0665,0,0
8134,1.1381318849349,1.067,0,0
8135,1.1381318768268,1.0675,0,0
8136,1.1381318687187,1.068,0,0
8137,1.1381318606106,1.0685,0,0
8138,1.1381318525025,1.069,0,0
8139,1.1381318443944,1.0695,0,0
8140,1.1381318362863,1.07,0,0
8141,1.1381318281782,1.0705,0,0
8142,1.13813182007,1.071,0,0
8143,1.1381318119619,1.0715,0,0
8144,1.1381318038538,1.072,0,0
8145,1.1381317957457,1.0725,0,0
8146,1.1381317876376,1.073,0,0
8147,1.1381317795295,1.0735,0,0
8148,1.1381317714214,1.074,0,0
8149,1.1381317633133,1.0745,0,0
8150,1.1381317552052,1.075,0,0
8151,1.1381317470971,1.0755,0,0
8152,1.138131738989,1.076,0,0
8153,1.1381317308809,1.0765,0,0
8154,1.1381317227727,1.077,0,0
8155,1.1381317146646,1.0775,0,0
8156,1.1381317065565,1.078,0,0
8157,1.1381316984484,1.0785,0,0
8158,1.1381316903403,1.079,0,0
8159,1.1381316822322,1.0795,0,0
8160,1.1381316741241,1.08,0,0
8161,1.138131666016,1.0805,0,0
8162,1.1381316579079,1.081,0,0
8163,1.1381316497998,1.0815,0,0
8164,1.1381316416917,1.082,0,0
8165,1.1381316335836,1.0825,0,0
8166,1.1381316254755,1.083,0,0
8167,1.1381316173673,1.0835,0,0
8168,1.1381316092592,1.084,0,0
8169,1.1381316011511,1.0845,0,0
8170,1.138131593043,1.085,0,0
8171,1.1381315849349,1.0855,0,0
8172,1.1381315768268,1.086,0,0
8173,1.1381315687187,1.0865,0,0
8174,1.1381315606106,1.087,0,0
8175,1.1381315525025,1.0875,0,0
8176,1.1381315443944,1.088,0,0
8177,1.1381315362863,1.0885,0,0
8178,1.1381315281782,1.089,0,0
8179,1.13813152007,1.0895,0,0
8180,1.1381315119619,1.09,0,0
8181,1.1381315038538,1.0905,0,0
8182,1.1381314957457,1.091,0,0
8183,1.1381314876376,1.0915,0,0
8184,1.1381314795295,1.092,0,0
8185,1.1381314714214,1.0925,0,0
8186,1.1381314633133,1.093,0,0
8187,1.1381314552052,1.0935,0,0
8188,1.1381314470971,1.094,0,0
8189,1.138131438989,1.0945,0,0
8190,1.1381314308809,1.095,0,0
8191,1.1381314227727,1.0955,0,0
8192,1.1381314146646,1.096,0,0
8193,1.1381314065565,1.0965,0,0
8194,1.1381313984484,1.097,0,0
8195,1.1381313903403,1.0975,0,0
8196,1.1381313822322,1.098,0,0
8197,1.1381313741241,1.0985,0,0
8198,1.138131366016,1.099,0,0
8199,1.1381313579079,1.0995,0,0
8200,1.1381313497998,1.1,0,0
8201,1.1381313416917,1.1005,0,0
8202,1.1381313335836,1.101,0,0
8203,1.1381313254755,1.1015,0,0
8204,1.1381313173673,1.102,0,0
8205,1.1381313092592,1.1025,0,0
8206,1.1381313011511,1.103,0,0
8207,1.138131293043,1.1035,0,0
8208,1.1381312849349,1.104,0,0
8209,1.1381312768268,1.1045,0,0
8210,1.1381312687187,1.105,0,0
8211,1.1381312606106,1.1055,0,0
8212,1.1381312525025,1.106,0,0
8213,1.1381312443944,1.1065,0,0
8214,1.1381312362863,1.107,0,0
8215,1.1381312281782,1.1075,0,0
8216,1.13813122007,1.108,0,0
8217,1.1381312119619,1.1085,0,0
8218,1.1381312038538,1.109,0,0
8219,1.1381311957457,1.1095,0,0
8220,1.1381311876376,1.11,0,0
8221,1.1381311795295,1.1105,0,0
8222,1.1381311714214,1.111,0,0
8223,1.1381311633133,1.1115,0,0
8224,1.1381311552052,1.112,0,0
8225,1.1381311470971,1.1125,0,0
8226,1.138131138989,1.113,0,0
8227,1.1381311308809,1.1135,0,0
8228,1.1381311227727,1.114,0,0
8229,1.1381311146646,1.1145,0,0
8230,1.1381311065565,1.115,0,0
8231,1.1381310984484,1.1155,0,0
8232,1.1381310903403,1.116,0,0
8233,1.1381310822322,1.1165,0,0
8234,1.1381310741241,1.117,0,0
8235,1.138131066016,1.1175,0,0
8236,1.1381310579079,1.118,0,0
8237,1.1381310497998,1.1185,0,0
8238,1.1381310416917,1.119,0,0
8239,1.1381310335836,1.1195,0,0
8240,1.1381310254755,1.12,0,0
8241,1.1381310173673,1.1205,0,0
8242,1.1381310092592,1.121,0,0
8243,1.1381310011511,1.1215,0,0
8244,1.138130993043,1.122,0,0
8245,1.1381309849349,1.1225,0,0
8246,1.1381309768268,1.123,0,0
8247,1.1381309687187,1.1235,0,0
8248,1.1381309606106,1.124,0,0
8249,1.1381309525025,1.1245,0,0
8250,1.1381309443944,1.125,0,0
8251,1.1381309362863,1.1255,0,0
8252,1.1381309281782,1.126,0,0
8253,1.13813092007,1.1265,0,0
8254,1.1381309119619,1.127,0,0
8255,1.1381309038538,1.1275,0,0
8256,1.1381308957457,1.128,0,0
8257,1.1381308876376,1.1285,0,0
8258,1.1381308795295,1.129,0,0
8259,1.1381308714214,1.1295,0,0
8260,1.1381308633133,1.13,0,0
8261,1.1381308552052,1.1305,0,0
8262,1.1381308470971,1.131,0,0
8263,1.138130838989,1.1315,0,0
8264,1.1381308308809,1.132,0,0
8265,1.1381308227727,1.1325,0,0
8266,1.1381308146646,1.133,0,0
8267,1.1381308065565,1.1335,0,0
8268,1.1381307984484,1.134,0,0
8269,1.1381307903403,1.1345,0,0
8270,1.1381307822322,1.135,0,0
8271,1.1381307741241,1.1355,0,0
8272,1.138130766016,1.136,0,0
8273,1.1381307579079,1.1365,0,0
8274,1.1381307497998,1.137,0,0
8275,1.1381307416917,1.1375,0,0
8276,1.1381307335836,1.138,0,0
8277,1.1381307254755,1.1385,0,0
8278,1.1381307173673,1.139,0,0
8279,1.1381307092592,1.1395,0,0
8280,1.1381307011511,1.14,0,0
8281,1.138130693043,1.1405,0,0
8282,1.1381306849349,1.141,0,0
8283,1.1381306768268,1.1415,0,0
8284,1.1381306687187,1.142,0,0
8285,1.1381306606106,1.1425,0,0
8286,1.1381306525025,1.143,0,0
8287,1.1381306443944,1.1435,0,0
8288,1.1381306362863,1.144,0,0
8289,1.1381306281782,1.1445,0,0
8290,1.13813062007,1.145,0,0
8291,1.1381306119619,1.1455,0,0
8292,1.1381306038538,1.146,0,0
8293,1.1381305957457,1.1465,0,0
8294,1.1381305876376,1.147,0,0
8295,1.1381305795295,1.1475,0,0
8296,1.1381305714214,1.148,0,0
8297,1.1381305633133,1.1485,0,0
8298,1.1381305552052,1.149,0,0
8299,1.1381305470971,1.1495,0,0
8300,1.138130538989,1.15,0,0
8301,1.1381305308809,1.1505,0,0
8302,1.1381305227727,1.151,0,0
8303,1.1381305146646,1.1515,0,0
8304,1.1381305065565,1.152,0,0
8305,1.1381304984484,1.1525,0,0
8306,1.1381304903403,1.153,0,0
8307,1.1381304822322,1.1535,0,0
8308,1.1381304741241,1.154,0,0
8309,1.138130466016,1.1545,0,0
8310,1.1381304579079,1.155,0,0
8311,1.1381304497998,1.1555,0,0
8312,1.1381304416917,1.156,0,0
8313,1.1381304335836,1.1565,0,0
8314,1.1381304254755,1.157,0,0
8315,1.1381304173673,1.1575,0,0
8316,1.1381304092592,1.158,0,0
8317,1.1381304011511,1.1585,0,0
8318,1.138130393043,1.159,0,0
8319,1.1381303849349,1.1595,0,0
8320,1.1381303768268,1.16,0,0
8321,1.1381303687187,1.1605,0,0
8322,1.1381303606106,1.161,0,0
8323,1.1381303525025,1.1615,0,0
8324,1.1381303443944,1.162,0,0
8325,1.1381303362863,1.1625,0,0
8326,1.1381303281782,1.163,0,0
8327,1.13813032007,1.1635,0,0
8328,1.1381303119619,1.164,0,0
8329,1.1381303038538,1.1645,0,0
8330,1.1381302957457,1.165,0,0
8331,1.1381302876376,1.1655,0,0
8332,1.1381302795295,1.166,0,0
8333,1.1381302714214,1.1665,0,0
8334,1.1381302633133,1.167,0,0
8335,1.1381302552052,1.1675,0,0
8336,1.1381302470971,1.168,0,0
8337,1.138130238989,1.1685,0,0
8338,1.1381302308809,1.169,0,0
8339,1.1381302227727,1.1695,0,0
8340,1.1381302146646,1.17,0,0
8341,1.1381302065565,1.1705,0,0
8342,1.1381301984484,1.171,0,0
8343,1.1381301903403,1.1715,0,0
8344,1.1381301822322,1.172,0,0
8345,1.1381301741241,1.1725,0,0
8346,1.138130166016,1.173,0,0
8347,1.1381301579079,1.1735,0,0
8348,1.1381301497998,1.174,0,0
8349,1.1381301416917,1.1745,0,0
8350,1.1381301335836,1.175,0,0
8351,1.1381301254755,1.1755,0,0
8352,1.1381301173673,1.176,0,0
8353,1.1381301092592,1.1765,0,0
8354,1.1381301011511,1.177,0,0
8355,1.138130093043,1.1775,0,0
8356,1.1381300849349,1.178,0,0
8357,1.1381300768268,1.1785,0,0
8358,1.1381300687187,1.179,0,0
8359,1.1381300606106,1.1795,0,0
8360,1.1381300525025,1.18,0,0
8361,1.1381300443944,1.1805,0,0
8362,1.1381300362863,1.181,0,0
8363,1.1381300281782,1.1815,0,0
8364,1.13813002007,1.182,0,0
8365,1.1381300119619,1.1825,0,0
8366,1.1381300038538,1.183,0,0
8367,1.1381299957457,1.1835,0,0
8368,1.1381299876376,1.184,0,0
8369,1.1381299795295,1.1845,0,0
8370,1.1381299714214,1.185,0,0
8371,1.1381299633133,1.1855,0,0
8372,1.1381299552052,1.186,0,0
8373,1.1381299470971,1.1865,0,0
8374,1.138129938989,1.187,0,0
8375,1.1381299308809,1.1875,0,0
8376,1.1381299227727,1.188,0,0
8377,1.1381299146646,1.1885,0,0
8378,1.1381299065565,1.189,0,0
8379,1.1381298984484,1.1895,0,0
8380,1.1381298903403,1.19,0,0
8381,1.1381298822322,1.1905,0,0
8382,1.1381298741241,1.191,0,0
8383,1.138129866016,1.1915,0,0
8384,1.1381298579079,1.192,0,0
8385,1.1381298497998,1.1925,0,0
8386,1.1381298416917,1.193,0,0
8387,1.1381298335836,1.1935,0,0
8388,1.1381298254755,1.194,0,0
8389,1.1381298173673,1.1945,0,0
8390,1.1381298092592,1.195,0,0
8391,1.1381298011511,1.1955,0,0
8392,1.138129793043,1.196,0,0
8393,1.1381297849349,1.1965,0,0
8394,1.1381297768268,1.197,0,0
8395,1.1381297687187,1.1975,0,0
8396,1.1381297606106,1.198,0,0
8397,1.1381297525025,1.1985,0,0
8398,1.1381297443944,1.199,0,0
8399,1.1381297362863,1.1995,0,0
8400,1.1381297281782,1.2,0,0
8401,1.13812972007,1.2005,0,0
8402,1.1381297119619,1.201,0,0
8403,1.1381297038538,1.2015,0,0
8404,1.1381296957457,1.202,0,0
8405,1.1381296876376,1.2025,0,0
8406,1.1381296795295,1.203,0,0
8407,1.1381296714214,1.2035,0,0
8408,1.1381296633133,1.204,0,0
8409,1.1381296552052,1.2045,0,0
8410,1.1381296470971,1.205,0,0
8411,1.138129638989,1.2055,0,0
8412,1.1381296308809,1.206,0,0
8413,1.1381296227727,1.2065,0,0
8414,1.1381296146646,1.207,0,0
8415,1.1381296065565,1.2075,0,0
8416,1.1381295984484,1.208,0,0
8417,1.1381295903403,1.2085,0,0
8418,1.1381295822322,1.209,0,0
8419,1.1381295741241,1.2095,0,0
8420,1.138129566016,1.21,0,0
8421,1.1381295579079,1.2105,0,0
8422,1.1381295497998,1.211,0,0
8423,1.1381295416917,1.2115,0,0
8424,1.1381295335836,1.212,0,0
8425,1.1381295254755,1.2125,0,0
8426,1.1381295173673,1.213,0,0
8427,1.1381295092592,1.2135,0,0
8428,1.1381295011511,1.214,0,0
8429,1.138129493043,1.2145,0,0
8430,1.1381294849349,1.215,0,0
8431,1.1381294768268,1.2155,0,0
8432,1.1381294687187,1.216,0,0
8433,1.1381294606106,1.2165,0,0
8434,1.1381294525025,1.217,0,0
8435,1.1381294443944,1.2175,0,0
8436,1.1381294362863,1.218,0,0
8437,1.1381294281782,1.2185,0,0
8438,1.13812942007,1.219,0,0
8439,1.1381294119619,1.2195,0,0
8440,1.1381294038538,1.22,0,0
8441,1.1381293957457,1.2205,0,0
8442,1.1381293876376,1.221,0,0
8443,1.1381293795295,1.2215,0,0
8444,1.1381293714214,1.222,0,0
8445,1.1381293633133,1.2225,0,0
8446,1.1381293552052,1.223,0,0
8447,1.1381293470971,1.2235,0,0
8448,1.138129338989,1.224,0,0
8449,1.1381293308809,1.2245,0,0
8450,1.1381293227727,1.225,0,0
8451,1.1381293146646,1.2255,0,0
8452,1.1381293065565,1.226,0,0
8453,1.1381292984484,1.2265,0,0
8454,1.1381292903403,1.227,0,0
8455,1.1381292822322,1.2275,0,0
8456,1.1381292741241,1.228,0,0
8457,1.138129266016,1.2285,0,0
8458,1.1381292579079,1.229,0,0
8459,1.1381292497998,1.2295,0,0
8460,1.1381292416917,1.23,0,0
8461,1.1381292335836,1.2305,0,0
8462,1.1381292254755,1.231,0,0
8463,1.1381292173673,1.2315,0,0
8464,1.1381292092592,1.232,0,0
8465,1.1381292011511,1.2325,0,0
8466,1.138129193043,1.233,0,0
8467,1.1381291849349,1.2335,0,0
8468,1.1381291768268,1.234,0,0
8469,1.1381291687187,1.2345,0,0
8470,1.1381291606106,1.235,0,0
8471,1.1381291525025,1.2355,0,0
8472,1.1381291443944,1.236,0,0
8473,1.1381291362863,1.2365,0,0
8474,1.1381291281782,1.237,0,0
8475,1.13812912007,1.2375,0,0
8476,1.1381291119619,1.238,0,0
8477,1.1381291038538,1.2385,0,0
8478,1.1381290957457,1.239,0,0
8479,1.1381290876376,1.2395,0,0
8480,1.1381290795295,1.24,0,0
8481,1.1381290714214,1.2405,0,0
8482,1.1381290633133,1.241,0,0
8483,1.1381290552052,1.2415,0,0
8484,1.1381290470971,1.242,0,0
8485,1.138129038989,1.2425,0,0
8486,1.1381290308809,1.243,0,0
8487,1.1381290227727,1.2435,0,0
8488,1.1381290146646,1.244,0,0
8489,1.1381290065565,1.2445,0,0
8490,1.1381289984484,1.245,0,0
8491,1.1381289903403,1.2455,0,0
8492,1.1381289822322,1.246,0,0
8493,1.1381289741241,1.2465,0,0
8494,1.138128966016,1.247,0,0
8495,1.1381289579079,1.2475,0,0
8496,1.1381289497998,1.248,0,0
8497,1.1381289416917,1.2485,0,0
8498,1.1381289335836,1.249,0,0
8499,1.1381289254755,1.2495,0,0
8500,1.1381289173673,1.25,0,0
8501,1.1381289092592,1.2505,0,0
8502,1.1381289011511,1.251,0,0
8503,1.138128893043,1.2515,0,0
8504,1.1381288849349,1.252,0,0
8505,1.1381288768268,1.2525,0,0
8506,1.1381288687187,1.253,0,0
8507,1.1381288606106,1.2535,0,0
8508,1.1381288525025,1.254,0,0
8509,1.1381288443944,1.2545,0,0
8510,1.1381288362863,1.255,0,0
8511,1.1381288281782,1.2555,0,0
8512,1.13812882007,1.256,0,0
8513,1.1381288119619,1.2565,0,0
8514,1.1381288038538,1.257,0,0
8515,1.1381287957457,1.2575,0,0
8516,1.1381287876376,1.258,0,0
8517,1.1381287795295,1.2585,0,0
8518,1.1381287714214,1.259,0,0
8519,1.1381287633133,1.2595,0,0
8520,1.1381287552052,1.26,0,0
8521,1.1381287470971,1.2605,0,0
8522,1.138128738989,1.261,0,0
8523,1.1381287308809,1.2615,0,0
8524,1.1381287227727,1.262,0,0
8525,1.1381287146646,1.2625,0,0
8526,1.1381287065565,1.263,0,0
8527,1.1381286984484,1.2635,0,0
8528,1.1381286903403,1.264,0,0
8529,1.1381286822322,1.2645,0,0
8530,1.1381286741241,1.265,0,0
8531,1.138128666016,1.2655,0,0
8532,1.1381286579079,1.266,0,0
8533,1.1381286497998,1.2665,0,0
8534,1.1381286416917,1.267,0,0
8535,1.1381286335836,1.2675,0,0
8536,1.1381286254755,1.268,0,0
8537,1.1381286173673,1.2685,0,0
8538,1.1381286092592,1.269,0,0
8539,1.1381286011511,1.2695,0,0
8540,1.138128593043,1.27,0,0
8541,1.1381285849349,1.2705,0,0
8542,1.1381285768268,1.271,0,0
8543,1.1381285687187,1.2715,0,0
8544,1.1381285606106,1.272,0,0
8545,1.1381285525025,1.2725,0,0
8546,1.1381285443944,1.273,0,0
8547,1.1381285362863,1.2735,0,0
8548,1.1381285281782,1.274,0,0
8549,1.13812852007,1.2745,0,0
8550,1.1381285119619,1.275,0,0
8551,1.1381285038538,1.2755,0,0
8552,1.1381284957457,1.276,0,0
8553,1.1381284876376,1.2765,0,0
8554,1.1381284795295,1.277,0,0
8555,1.1381284714214,1.2775,0,0
8556,1.1381284633133,1.278,0,0
8557,1.1381284552052,1.2785,0,0
8558,1.1381284470971,1.279,0,0
8559,1.138128438989,1.2795,0,0
8560,1.1381284308809,1.28,0,0
8561,1.1381284227727,1.2805,0,0
8562,1.1381284146646,1.281,0,0
8563,1.1381284065565,1.2815,0,0
8564,1.1381283984484,1.282,0,0
8565,1.1381283903403,1.2825,0,0
8566,1.1381283822322,1.283,0,0
8567,1.1381283741241,1.2835,0,0
8568,1.138128366016,1.284,0,0
8569,1.1381283579079,1.2845,0,0
8570,1.1381283497998,1.285,0,0
8571,1.1381283416917,1.2855,0,0
8572,1.1381283335836,1.286,0,0
8573,1.1381283254755,1.2865,0,0
8574,1.1381283173673,1.287,0,0
8575,1.1381283092592,1.2875,0,0
8576,1.1381283011511,1.288,0,0
8577,1.138128293043,1.2885,0,0
8578,1.1381282849349,1.289,0,0
8579,1.1381282768268,1.2895,0,0
8580,1.1381282687187,1.29,0,0
8581,1.1381282606106,1.2905,0,0
8582,1.1381282525025,1.291,0,0
8583,1.1381282443944,1.2915,0,0
8584,1.1381282362863,1.292,0,0
8585,1.1381282281782,1.2925,0,0
8586,1.13812822007,1.293,0,0
8587,1.1381282119619,1.2935,0,0
8588,1.1381282038538,1.294,0,0
8589,1.1381281957457,1.2945,0,0
8590,1.1381281876376,1.295,0,0
8591,1.1381281795295,1.2955,0,0
8592,1.1381281714214,1.296,0,0
8593,1.1381281633133,1.2965,0,0
8594,1.1381281552052,1.297,0,0
8595,1.1381281470971,1.2975,0,0
8596,1.138128138989,1.298,0,0
8597,1.1381281308809,1.2985,0,0
8598,1.1381281227727,1.299,0,0
8599,1.1381281146646,1.2995,0,0
8600,1.1381281065565,1.3,0,0
8601,1.1381280984484,1.3005,0,0
8602,1.1381280903403,1.301,0,0
8603,1.1381280822322,1.3015,0,0
8604,1.1381280741241,1.302,0,0
8605,1.138128066016,1.3025,0,0
8606,1.1381280579079,1.303,0,0
8607,1.1381280497998,1.3035,0,0
8608,1.1381280416917,1.304,0,0
8609,1.1381280335836,1.3045,0,0
8610,1.1381280254755,1.305,0,0
8611,1.1381280173673,1.3055,0,0
8612,1.1381280092592,1.306,0,0
8613,1.1381280011511,1.3065,0,0
8614,1.138127993043,1.307,0,0
8615,1.1381279849349,1.3075,0,0
8616,1.1381279768268,1.308,0,0
8617,1.1381279687187,1.3085,0,0
8618,1.1381279606106,1.309,0,0
8619,1.1381279525025,1.3095,0,0
8620,1.1381279443944,1.31,0,0
8621,1.1381279362863,1.3105,0,0
8622,1.1381279281782,1.311,0,0
8623,1.13812792007,1.3115,0,0
8624,1.1381279119619,1.312,0,0
8625,1.1381279038538,1.3125,0,0
8626,1.1381278957457,1.313,0,0
8627,1.1381278876376,1.3135,0,0
8628,1.1381278795295,1.314,0,0
8629,1.1381278714214,1.3145,0,0
8630,1.1381278633133,1.315,0,0
8631,1.1381278552052,1.3155,0,0
8632,1.1381278470971,1.316,0,0
8633,1.138127838989,1.3165,0,0
8634,1.1381278308809,1.317,0,0
8635,1.1381278227727,1.3175,0,0
8636,1.1381278146646,1.318,0,0
8637,1.1381278065565,1.3185,0,0
8638,1.1381277984484,1.319,0,0
8639,1.1381277903403,1.3195,0,0
8640,1.1381277822322,1.32,0,0
8641,1.1381277741241,1.3205,0,0
8642,1.138127766016,1.321,0,0
8643,1.1381277579079,1.3215,0,0
8644,1.1381277497998,1.322,0,0
8645,1.1381277416917,1.3225,0,0
8646,1.1381277335836,1.323,0,0
8647,1.1381277254755,1.3235,0,0
8648,1.1381277173673,1.324,0,0
8649,1.1381277092592,1.3245,0,0
8650,1.1381277011511,1.325,0,0
8651,1.138127693043,1.3255,0,0
8652,1.1381276849349,1.326,0,0
8653,1.1381276768268,1.3265,0,0
8654,1.1381276687187,1.327,0,0
8655,1.1381276606106,1.3275,0,0
8656,1.1381276525025,1.328,0,0
8657,1.1381276443944,1.3285,0,0
8658,1.1381276362863,1.329,0,0
8659,1.1381276281782,1.3295,0,0
8660,1.13812762007,1.33,0,0
8661,1.1381276119619,1.3305,0,0
8662,1.1381276038538,1.331,0,0
8663,1.1381275957457,1.3315,0,0
8664,1.1381275876376,1.332,0,0
8665,1.1381275795295,1.3325,0,0
8666,1.1381275714214,1.333,0,0
8667,1.1381275633133,1.3335,0,0
8668,1.1381275552052,1.334,0,0
8669,1.1381275470971,1.3345,0,0
8670,1.138127538989,1.335,0,0
8671,1.1381275308809,1.3355,0,0
8672,1.1381275227727,1.336,0,0
8673,1.1381275146646,1.3365,0,0
8674,1.1381275065565,1.337,0,0
8675,1.1381274984484,1.3375,0,0
8676,1.1381274903403,1.338,0,0
8677,1.1381274822322,1.3385,0,0
8678,1.1381274741241,1.339,0,0
8679,1.138127466016,1.3395,0,0
8680,1.1381274579079,1.34,0,0
8681,1.1381274497998,1.3405,0,0
8682,1.1381274416917,1.341,0,0
8683,1.1381274335836,1.3415,0,0
8684,1.1381274254755,1.342,0,0
8685,1.1381274173673,1.3425,0,0
8686,1.1381274092592,1.343,0,0
8687,1.1381274011511,1.3435,0,0
8688,1.138127393043,1.344,0,0
8689,1.1381273849349,1.3445,0,0
8690,1.1381273768268,1.345,0,0
8691,1.1381273687187,1.3455,0,0
8692,1.1381273606106,1.346,0,0
8693,1.1381273525025,1.3465,0,0
8694,1.1381273443944,1.347,0,0
8695,1.1381273362863,1.3475,0,0
8696,1.1381273281782,1.348,0,0
8697,1.13812732007,1.3485,0,0
8698,1.1381273119619,1.349,0,0
8699,1.1381273038538,1.3495,0,0
8700,1.1381272957457,1.35,0,0
8701,1.1381272876376,1.3505,0,0
8702,1.1381272795295,1.351,0,0
8703,1.1381272714214,1.3515,0,0
8704,1.1381272633133,1.352,0,0
8705,1.1381272552052,1.3525,0,0
8706,1.1381272470971,1.353,0,0
8707,1.138127238989,1.3535,0,0
8708,1.1381272308809,1.354,0,0
8709,1.1381272227727,1.3545,0,0
8710,1.1381272146646,1.355,0,0
8711,1.1381272065565,1.3555,0,0
8712,1.1381271984484,1.356,0,0
8713,1.1381271903403,1.3565,0,0
8714,1.1381271822322,1.357,0,0
8715,1.1381271741241,1.3575,0,0
8716,1.138127166016,1.358,0,0
8717,1.1381271579079,1.3585,0,0
8718,1.1381271497998,1.359,0,0
8719,1.1381271416917,1.3595,0,0
8720,1.1381271335836,1.36,0,0
8721,1.1381271254755,1.3605,0,0
8722,1.1381271173673,1.361,0,0
8723,1.1381271092592,1.3615,0,0
8724,1.1381271011511,1.362,0,0
8725,1.138127093043,1.3625,0,0
8726,1.1381270849349,1.363,0,0
8727,1.1381270768268,1.3635,0,0
8728,1.1381270687187,1.364,0,0
8729,1.1381270606106,1.3645,0,0
8730,1.1381270525025,1.365,0,0
8731,1.1381270443944,1.3655,0,0
8732,1.1381270362863,1.366,0,0
8733,1.1381270281782,1.3665,0,0
8734,1.13812702007,1.367,0,0
8735,1.1381270119619,1.3675,0,0
8736,1.1381270038538,1.368,0,0
8737,1.1381269957457,1.3685,0,0
8738,1.1381269876376,1.369,0,0
8739,1.1381269795295,1.3695,0,0
8740,1.1381269714214,1.37,0,0
8741,1.1381269633133,1.3705,0,0
8742,1.1381269552052,1.371,0,0
8743,1.1381269470971,1.3715,0,0
8744,1.138126938989,1.372,0,0
8745,1.1381269308809,1.3725,0,0
8746,1.1381269227727,1.373,0,0
8747,1.1381269146646,1.3735,0,0
8748,1.1381269065565,1.374,0,0
8749,1.1381268984484,1.3745,0,0
8750,1.1381268903403,1.375,0,0
8751,1.1381268822322,1.3755,0,0
8752,1.1381268741241,1.376,0,0
8753,1.138126866016,1.3765,0,0
8754,1.1381268579079,1.377,0,0
8755,1.1381268497998,1.3775,0,0
8756,1.1381268416917,1.378,0,0
8757,1.1381268335836,1.3785,0,0
8758,1.1381268254755,1.379,0,0
8759,1.1381268173673,1.3795,0,0
8760,1.1381268092592,1.38,0,0
8761,1.1381268011511,1.3805,0,0
8762,1.138126793043,1.381,0,0
8763,1.1381267849349,1.3815,0,0
8764,1.1381267768268,1.382,0,0
8765,1.1381267687187,1.3825,0,0
8766,1.1381267606106,1.383,0,0
8767,1.1381267525025,1.3835,0,0
8768,1.1381267443944,1.384,0,0
8769,1.1381267362863,1.3845,0,0
8770,1.1381267281782,1.385,0,0
8771,1.13812672007,1.3855,0,0
8772,1.1381267119619,1.386,0,0
8773,1.1381267038538,1.3865,0,0
8774,1.1381266957457,1.387,0,0
8775,1.1381266876376,1.3875,0,0
8776,1.1381266795295,1.388,0,0
8777,1.1381266714214,1.3885,0,0
8778,1.1381266633133,1.389,0,0
8779,1.1381266552052,1.3895,0,0
8780,1.1381266470971,1.39,0,0
8781,1.138126638989,1.3905,0,0
8782,1.1381266308809,1.391,0,0
8783,1.1381266227727,1.3915,0,0
8784,1.1381266146646,1.392,0,0
8785,1.1381266065565,1.3925,0,0
8786,1.1381265984484,1.393,0,0
8787,1.1381265903403,1.3935,0,0
8788,1.1381265822322,1.394,0,0
8789,1.1381265741241,1.3945,0,0
8790,1.138126566016,1.395,0,0
8791,1.1381265579079,1.3955,0,0
8792,1.1381265497998,1.396,0,0
8793,1.1381265416917,1.3965,0,0
8794,1.1381265335836,1.397,0,0
8795,1.1381265254755,1.3975,0,0
8796,1.1381265173673,1.398,0,0
8797,1.1381265092592,1.3985,0,0
8798,1.1381265011511,1.399,0,0
8799,1.138126493043,1.3995,0,0
8800,1.1381264849349,1.4,0,0
8801,1.1381264768268,1.4005,0,0
8802,1.1381264687187,1.401,0,0
8803,1.1381264606106,1.4015,0,0
8804,1.1381264525025,1.402,0,0
8805,1.1381264443944,1.4025,0,0
8806,1.1381264362863,1.403,0,0
8807,1.1381264281782,1.4035,0,0
8808,1.13812642007,1.404,0,0
8809,1.1381264119619,1.4045,0,0
8810,1.1381264038538,1.405,0,0
8811,1.1381263957457,1.4055,0,0
8812,1.1381263876376,1.406,0,0
8813,1.1381263795295,1.4065,0,0
8814,1.1381263714214,1.407,0,0
8815,1.1381263633133,1.4075,0,0
8816,1.1381263552052,1.408,0,0
8817,1.1381263470971,1.4085,0,0
8818,1.138126338989,1.409,0,0
8819,1.1381263308809,1.4095,0,0
8820,1.1381263227727,1.41,0,0
8821,1.1381263146646,1.4105,0,0
8822,1.1381263065565,1.411,0,0
8823,1.1381262984484,1.4115,0,0
8824,1.1381262903403,1.412,0,0
8825,1.1381262822322,1.4125,0,0
8826,1.1381262741241,1.413,0,0
8827,1.138126266016,1.4135,0,0
8828,1.1381262579079,1.414,0,0
8829,1.1381262497998,1.4145,0,0
8830,1.1381262416917,1.415,0,0
8831,1.1381262335836,1.4155,0,0
8832,1.1381262254755,1.416,0,0
8833,1.1381262173673,1.4165,0,0
8834,1.1381262092592,1.417,0,0
8835,1.1381262011511,1.4175,0,0
8836,1.138126193043,1.418,0,0
8837,1.1381261849349,1.4185,0,0
8838,1.1381261768268,1.419,0,0
8839,1.1381261687187,1.4195,0,0
8840,1.1381261606106,1.42,0,0
8841,1.1381261525025,1.4205,0,0
8842,1.1381261443944,1.421,0,0
8843,1.1381261362863,1.4215,0,0
8844,1.1381261281782,1.422,0,0
8845,1.13812612007,1.4225,0,0
8846,1.1381261119619,1.423,0,0
8847,1.1381261038538,1.4235,0,0
8848,1.1381260957457,1.424,0,0
8849,1.1381260876376,1.4245,0,0
8850,1.1381260795295,1.425,0,0
8851,1.1381260714214,1.4255,0,0
8852,1.1381260633133,1.426,0,0
8853,1.1381260552052,1.4265,0,0
8854,1.1381260470971,1.427,0,0
8855,1.138126038989,1.4275,0,0
8856,1.1381260308809,1.428,0,0
8857,1.1381260227727,1.4285,0,0
8858,1.1381260146646,1.429,0,0
8859,1.1381260065565,1.4295,0,0
8860,1.1381259984484,1.43,0,0
8861,1.1381259903403,1.4305,0,0
8862,1.1381259822322,1.431,0,0
8863,1.1381259741241,1.4315,0,0
8864,1.138125966016,1.432,0,0
8865,1.1381259579079,1.4325,0,0
8866,1.1381259497998,1.433,0,0
8867,1.1381259416917,1.4335,0,0
8868,1.1381259335836,1.434,0,0
8869,1.1381259254755,1.4345,0,0
8870,1.1381259173673,1.435,0,0
8871,1.1381259092592,1.4355,0,0
8872,1.1381259011511,1.436,0,0
8873,1.138125893043,1.4365,0,0
8874,1.1381258849349,1.437,0,0
8875,1.1381258768268,1.4375,0,0
8876,1.1381258687187,1.438,0,0
8877,1.1381258606106,1.4385,0,0
8878,1.1381258525025,1.439,0,0
8879,1.1381258443944,1.4395,0,0
8880,1.1381258362863,1.44,0,0
8881,1.1381258281782,1.4405,0,0
8882,1.13812582007,1.441,0,0
8883,1.1381258119619,1.4415,0,0
8884,1.1381258038538,1.442,0,0
8885,1.1381257957457,1.4425,0,0
8886,1.1381257876376,1.443,0,0
8887,1.1381257795295,1.4435,0,0
8888,1.1381257714214,1.444,0,0
8889,1.1381257633133,1.4445,0,0
8890,1.1381257552052,1.445,0,0
8891,1.1381257470971,1.4455,0,0
8892,1.138125738989,1.446,0,0
8893,1.1381257308809,1.4465,0,0
8894,1.1381257227727,1.447,0,0
8895,1.1381257146646,1.4475,0,0
8896,1.1381257065565,1.448,0,0
8897,1.1381256984484,1.4485,0,0
8898,1.1381256903403,1.449,0,0
8899,1.1381256822322,1.4495,0,0
8900,1.1381256741241,1.45,0,0
8901,1.138125666016,1.4505,0,0
8902,1.1381256579079,1.451,0,0
8903,1.1381256497998,1.4515,0,0
8904,1.1381256416917,1.452,0,0
8905,1.1381256335836,1.4525,0,0
8906,1.1381256254755,1.453,0,0
8907,1.1381256173673,1.4535,0,0
8908,1.1381256092592,1.454,0,0
8909,1.1381256011511,1.4545,0,0
8910,1.138125593043,1.455,0,0
8911,1.1381255849349,1.4555,0,0
8912,1.1381255768268,1.456,0,0
8913,1.1381255687187,1.4565,0,0
8914,1.1381255606106,1.457,0,0
8915,1.1381255525025,1.4575,0,0
8916,1.1381255443944,1.458,0,0
8917,1.1381255362863,1.4585,0,0
8918,1.1381255281782,1.459,0,0
8919,1.13812552007,1.4595,0,0
8920,1.1381255119619,1.46,0,0
8921,1.1381255038538,1.4605,0,0
8922,1.1381254957457,1.461,0,0
8923,1.1381254876376,1.4615,0,0
8924,1.1381254795295,1.462,0,0
8925,1.1381254714214,1.4625,0,0
8926,1.1381254633133,1.463,0,0
8927,1.1381254552052,1.4635,0,0
8928,1.1381254470971,1.464,0,0
8929,1.138125438989,1.4645,0,0
8930,1.1381254308809,1.465,0,0
8931,1.1381254227727,1.4655,0,0
8932,1.1381254146646,1.466,0,0
8933,1.1381254065565,1.4665,0,0
8934,1.1381253984484,1.467,0,0
8935,1.1381253903403,1.4675,0,0
8936,1.1381253822322,1.468,0,0
8937,1.1381253741241,1.4685,0,0
8938,1.138125366016,1.469,0,0
8939,1.1381253579079,1.4695,0,0
8940,1.1381253497998,1.47,0,0
8941,1.1381253416917,1.4705,0,0
8942,1.1381253335836,1.471,0,0
8943,1.1381253254755,1.4715,0,0
8944,1.1381253173673,1.472,0,0
8945,1.1381253092592,1.4725,0,0
8946,1.1381253011511,1.473,0,0
8947,1.138125293043,1.4735,0,0
8948,1.1381252849349,1.474,0,0
8949,1.1381252768268,1.4745,0,0
8950,1.1381252687187,1.475,0,0
8951,1.1381252606106,1.4755,0,0
8952,1.1381252525025,1.476,0,0
8953,1.1381252443944,1.4765,0,0
8954,1.1381252362863,1.477,0,0
8955,1.1381252281782,1.4775,0,0
8956,1.13812522007,1.478,0,0
8957,1.1381252119619,1.4785,0,0
8958,1.1381252038538,1.479,0,0
8959,1.1381251957457,1.4795,0,0
8960,1.1381251876376,1.48,0,0
8961,1.1381251795295,1.4805,0,0
8962,1.1381251714214,1.481,0,0
8963,1.1381251633133,1.4815,0,0
8964,1.1381251552052,1.482,0,0
8965,1.1381251470971,1.4825,0,0
8966,1.138125138989,1.483,0,0
8967,1.1381251308809,1.4835,0,0
8968,1.1381251227727,1.484,0,0
8969,1.1381251146646,1.4845,0,0
8970,1.1381251065565,1.485,0,0
8971,1.1381250984484,1.4855,0,0
8972,1.1381250903403,1.486,0,0
8973,1.1381250822322,1.4865,0,0
8974,1.1381250741241,1.487,0,0
8975,1.138125066016,1.4875,0,0
8976,1.1381250579079,1.488,0,0
8977,1.1381250497998,1.4885,0,0
8978,1.1381250416917,1.489,0,0
8979,1.1381250335836,1.4895,0,0
8980,1.1381250254755,1.49,0,0
8981,1.1381250173673,1.4905,0,0
8982,1.1381250092592,1.491,0,0
8983,1.1381250011511,1.4915,0,0
8984,1.138124993043,1.492,0,0
8985,1.1381249849349,1.4925,0,0
8986,1.1381249768268,1.493,0,0
8987,1.1381249687187,1.4935,0,0
8988,1.1381249606106,1.494,0,0
8989,1.1381249525025,1.4945,0,0
8990,1.1381249443944,1.495,0,0
8991,1.1381249362863,1.4955,0,0
8992,1.1381249281782,1.496,0,0
8993,1.13812492007,1.4965,0,0
8994,1.1381249119619,1.497,0,0
8995,1.1381249038538,1.4975,0,0
8996,1.1381248957457,1.498,0,0
8997,1.1381248876376,1.4985,0,0
8998,1.1381248795295,1.499,0,0
8999,1.1381248714214,1.4995,0,0
9000,1.1381248633133,1.5,0,0
9001,1.1381248552052,1.5005,0,0
9002,1.1381248470971,1.501,0,0
9003,1.138124838989,1.5015,0,0
9004,1.1381248308809,1.502,0,0
9005,1.1381248227727,1.5025,0,0
9006,1.1381248146646,1.503,0,0
9007,1.1381248065565,1.5035,0,0
9008,1.1381247984484,1.504,0,0
9009,1.1381247903403,1.5045,0,0
9010,1.1381247822322,1.505,0,0
9011,1.1381247741241,1.5055,0,0
9012,1.138124766016,1.506,0,0
9013,1.1381247579079,1.5065,0,0
9014,1.1381247497998,1.507,0,0
9015,1.1381247416917,1.5075,0,0
9016,1.1381247335836,1.508,0,0
9017,1.1381247254755,1.5085,0,0
9018,1.1381247173673,1.509,0,0
9019,1.1381247092592,1.5095,0,0
9020,1.1381247011511,1.51,0,0
9021,1.138124693043,1.5105,0,0
9022,1.1381246849349,1.511,0,0
9023,1.1381246768268,1.5115,0,0
9024,1.1381246687187,1.512,0,0
9025,1.1381246606106,1.5125,0,0
9026,1.1381246525025,1.513,0,0
9027,1.1381246443944,1.5135,0,0
9028,1.1381246362863,1.514,0,0
9029,1.1381246281782,1.5145,0,0
9030,1.13812462007,1.515,0,0
9031,1.1381246119619,1.5155,0,0
9032,1.1381246038538,1.516,0,0
9033,1.1381245957457,1.5165,0,0
9034,1.1381245876376,1.517,0,0
9035,1.1381245795295,1.5175,0,0
9036,1.1381245714214,1.518,0,0
9037,1.1381245633133,1.5185,0,0
9038,1.1381245552052,1.519,0,0
9039,1.1381245470971,1.5195,0,0
9040,1.138124538989,1.52,0,0
9041,1.1381245308809,1.5205,0,0
9042,1.1381245227727,1.521,0,0
9043,1.1381245146646,1.5215,0,0
9044,1.1381245065565,1.522,0,0
9045,1.1381244984484,1.5225,0,0
9046,1.1381244903403,1.523,0,0
9047,1.1381244822322,1.5235,0,0
9048,1.1381244741241,1.524,0,0
9049,1.138124466016,1.5245,0,0
9050,1.1381244579079,1.525,0,0
9051,1.1381244497998,1.5255,0,0
9052,1.1381244416917,1.526,0,0
9053,1.1381244335836,1.5265,0,0
9054,1.1381244254754,1.527,0,0
9055,1.1381244173673,1.5275,0,0
9056,1.1381244092592,1.528,0,0
9057,1.1381244011511,1.5285,0,0
9058,1.138124393043,1.529,0,0
9059,1.1381243849349,1.5295,0,0
9060,1.1381243768268,1.53,0,0
9061,1.1381243687187,1.5305,0,0
9062,1.1381243606106,1.531,0,0
9063,1.1381243525025,1.5315,0,0
9064,1.1381243443944,1.532,0,0
9065,1.1381243362863,1.5325,0,0
9066,1.1381243281782,1.533,0,0
9067,1.13812432007,1.5335,0,0
9068,1.1381243119619,1.534,0,0
9069,1.1381243038538,1.5345,0,0
9070,1.1381242957457,1.535,0,0
9071,1.1381242876376,1.5355,0,0
9072,1.1381242795295,1.536,0,0
9073,1.1381242714214,1.5365,0,0
9074,1.1381242633133,1.537,0,0
9075,1.1381242552052,1.5375,0,0
9076,1.1381242470971,1.538,0,0
9077,1.138124238989,1.5385,0,0
9078,1.1381242308809,1.539,0,0
9079,1.1381242227727,1.5395,0,0
9080,1.1381242146646,1.54,0,0
9081,1.1381242065565,1.5405,0,0
9082,1.1381241984484,1.541,0,0
9083,1.1381241903403,1.5415,0,0
9084,1.1381241822322,1.542,0,0
9085,1.1381241741241,1.5425,0,0
9086,1.138124166016,1.543,0,0
9087,1.1381241579079,1.5435,0,0
9088,1.1381241497998,1.544,0,0
9089,1.1381241416917,1.5445,0,0
9090,1.1381241335836,1.545,0,0
9091,1.1381241254755,1.5455,0,0
9092,1.1381241173673,1.546,0,0
9093,1.1381241092592,1.5465,0,0
9094,1.1381241011511,1.547,0,0
9095,1.138124093043,1.5475,0,0
9096,1.1381240849349,1.548,0,0
9097,1.1381240768268,1.5485,0,0
9098,1.1381240687187,1.549,0,0
9099,1.1381240606106,1.5495,0,0
9100,1.1381240525025,1.55,0,0
9101,1.1381240443944,1.5505,0,0
9102,1.1381240362863,1.551,0,0
9103,1.1381240281782,1.5515,0,0
9104,1.13812402007,1.552,0,0
9105,1.1381240119619,1.5525,0,0
9106,1.1381240038538,1.553,0,0
9107,1.1381239957457,1.5535,0,0
9108,1.1381239876376,1.554,0,0
9109,1.1381239795295,1.5545,0,0
9110,1.1381239714214,1.555,0,0
9111,1.1381239633133,1.5555,0,0
9112,1.1381239552052,1.556,0,0
9113,1.1381239470971,1.5565,0,0
9114,1.138123938989,1.557,0,0
9115,1.1381239308809,1.5575,0,0
9116,1.1381239227727,1.558,0,0
9117,1.1381239146646,1.5585,0,0
9118,1.1381239065565,1.559,0,0
9119,1.1381238984484,1.5595,0,0
9120,1.1381238903403,1.56,0,0
9121,1.1381238822322,1.5605,0,0
9122,1.1381238741241,1.561,0,0
9123,1.138123866016,1.5615,0,0
9124,1.1381238579079,1.562,0,0
9125,1.1381238497998,1.5625,0,0
9126,1.1381238416917,1.563,0,0
9127,1.1381238335836,1.5635,0,0
9128,1.1381238254754,1.564,0,0
9129,1.1381238173673,1.5645,0,0
9130,1.1381238092592,1.565,0,0
9131,1.1381238011511,1.5655,0,0
9132,1.138123793043,1.566,0,0
9133,1.1381237849349,1.5665,0,0
9134,1.1381237768268,1.567,0,0
9135,1.1381237687187,1.5675,0,0
9136,1.1381237606106,1.568,0,0
9137,1.1381237525025,1.5685,0,0
9138,1.1381237443944,1.569,0,0
9139,1.1381237362863,1.5695,0,0
9140,1.1381237281782,1.57,0,0
9141,1.13812372007,1.5705,0,0
9142,1.1381237119619,1.571,0,0
9143,1.1381237038538,1.5715,0,0
9144,1.1381236957457,1.572,0,0
9145,1.1381236876376,1.5725,0,0
9146,1.1381236795295,1.573,0,0
9147,1.1381236714214,1.5735,0,0
9148,1.1381236633133,1.574,0,0
9149,1.1381236552052,1.5745,0,0
9150,1.1381236470971,1.575,0,0
9151,1.138123638989,1.5755,0,0
9152,1.1381236308809,1.576,0,0
9153,1.1381236227727,1.5765,0,0
9154,1.1381236146646,1.577,0,0
9155,1.1381236065565,1.5775,0,0
9156,1.1381235984484,1.578,0,0
9157,1.1381235903403,1.5785,0,0
9158,1.1381235822322,1.579,0,0
9159,1.1381235741241,1.5795,0,0
9160,1.138123566016,1.58,0,0
9161,1.1381235579079,1.5805,0,0
9162,1.1381235497998,1.581,0,0
9163,1.1381235416917,1.5815,0,0
9164,1.1381235335836,1.582,0,0
9165,1.1381235254755,1.5825,0,0
9166,1.1381235173673,1.583,0,0
9167,1.1381235092592,1.5835,0,0
9168,1.1381235011511,1.584,0,0
9169,1.138123493043,1.5845,0,0
9170,1.1381234849349,1.585,0,0
9171,1.1381234768268,1.5855,0,0
9172,1.1381234687187,1.586,0,0
9173,1.1381234606106,1.5865,0,0
9174,1.1381234525025,1.587,0,0
9175,1.1381234443944,1.5875,0,0
9176,1.1381234362863,1.588,0,0
9177,1.1381234281782,1.5885,0,0
9178,1.13812342007,1.589,0,0
9179,1.1381234119619,1.5895,0,0
9180,1.1381234038538,1.59,0,0
9181,1.1381233957457,1.5905,0,0
9182,1.1381233876376,1.591,0,0
9183,1.1381233795295,1.5915,0,0
9184,1.1381233714214,1.592,0,0
9185,1.1381233633133,1.5925,0,0
9186,1.1381233552052,1.593,0,0
9187,1.1381233470971,1.5935,0,0
9188,1.138123338989,1.594,0,0
9189,1.1381233308809,1.5945,0,0
9190,1.1381233227727,1.595,0,0
9191,1.1381233146646,1.5955,0,0
9192,1.1381233065565,1.596,0,0
9193,1.1381232984484,1.5965,0,0
9194,1.1381232903403,1.597,0,0
9195,1.1381232822322,1.5975,0,0
9196,1.1381232741241,1.598,0,0
9197,1.138123266016,1.5985,0,0
9198,1.1381232579079,1.599,0,0
9199,1.1381232497998,1.5995,0,0
9200,1.1381232416917,1.6,0,0
9201,1.1381232335836,1.6005,0,0
9202,1.1381232254755,1.601,0,0
9203,1.1381232173673,1.6015,0,0
9204,1.1381232092592,1.602,0,0
9205,1.1381232011511,1.6025,0,0
9206,1.138123193043,1.603,0,0
9207,1.1381231849349,1.6035,0,0
9208,1.1381231768268,1.604,0,0
9209,1.1381231687187,1.6045,0,0
9210,1.1381231606106,1.605,0,0
9211,1.1381231525025,1.6055,0,0
9212,1.1381231443944,1.606,0,0
9213,1.1381231362863,1.6065,0,0
9214,1.1381231281782,1.607,0,0
9215,1.13812312007,1.6075,0,0
9216,1.1381231119619,1.608,0,0
9217,1.1381231038538,1.6085,0,0
9218,1.1381230957457,1.609,0,0
9219,1.1381230876376,1.6095,0,0
9220,1.1381230795295,1.61,0,0
9221,1.1381230714214,1.6105,0,0
9222,1.1381230633133,1.611,0,0
9223,1.1381230552052,1.6115,0,0
9224,1.1381230470971,1.612,0,0
9225,1.138123038989,1.6125,0,0
9226,1.1381230308809,1.613,0,0
9227,1.1381230227727,1.6135,0,0
9228,1.1381230146646,1.614,0,0
9229,1.1381230065565,1.6145,0,0
9230,1.1381229984484,1.615,0,0
9231,1.1381229903403,1.6155,0,0
9232,1.1381229822322,1.616,0,0
9233,1.1381229741241,1.6165,0,0
9234,1.138122966016,1.617,0,0
9235,1.1381229579079,1.6175,0,0
9236,1.1381229497998,1.618,0,0
9237,1.1381229416917,1.6185,0,0
9238,1.1381229335836,1.619,0,0
9239,1.1381229254755,1.6195,0,0
9240,1.1381229173673,1.62,0,0
9241,1.1381229092592,1.6205,0,0
9242,1.1381229011511,1.621,0,0
9243,1.138122893043,1.6215,0,0
9244,1.1381228849349,1.622,0,0
9245,1.1381228768268,1.6225,0,0
9246,1.1381228687187,1.623,0,0
9247,1.1381228606106,1.6235,0,0
9248,1.1381228525025,1.624,0,0
9249,1.1381228443944,1.6245,0,0
9250,1.1381228362863,1.625,0,0
9251,1.1381228281782,1.6255,0,0
9252,1.13812282007,1.626,0,0
9253,1.1381228119619,1.6265,0,0
9254,1.1381228038538,1.627,0,0
9255,1.1381227957457,1.6275,0,0
9256,1.1381227876376,1.628,0,0
9257,1.1381227795295,1.6285,0,0
9258,1.1381227714214,1.629,0,0
9259,1.1381227633133,1.6295,0,0
9260,1.1381227552052,1.63,0,0
9261,1.1381227470971,1.6305,0,0
9262,1.138122738989,1.631,0,0
9263,1.1381227308809,1.6315,0,0
9264,1.1381227227727,1.632,0,0
9265,1.1381227146646,1.6325,0,0
9266,1.1381227065565,1.633,0,0
9267,1.1381226984484,1.6335,0,0
9268,1.1381226903403,1.634,0,0
9269,1.1381226822322,1.6345,0,0
9270,1.1381226741241,1.635,0,0
9271,1.138122666016,1.6355,0,0
9272,1.1381226579079,1.636,0,0
9273,1.1381226497998,1.6365,0,0
9274,1.1381226416917,1.637,0,0
9275,1.1381226335836,1.6375,0,0
9276,1.1381226254755,1.638,0,0
9277,1.1381226173673,1.6385,0,0
9278,1.1381226092592,1.639,0,0
9279,1.1381226011511,1.6395,0,0
9280,1.138122593043,1.64,0,0
9281,1.1381225849349,1.6405,0,0
9282,1.1381225768268,1.641,0,0
9283,1.1381225687187,1.6415,0,0
9284,1.1381225606106,1.642,0,0
9285,1.1381225525025,1.6425,0,0
9286,1.1381225443944,1.643,0,0
9287,1.1381225362863,1.6435,0,0
9288,1.1381225281782,1.644,0,0
9289,1.13812252007,1.6445,0,0
9290,1.1381225119619,1.645,0,0
9291,1.1381225038538,1.6455,0,0
9292,1.1381224957457,1.646,0,0
9293,1.1381224876376,1.6465,0,0
9294,1.1381224795295,1.647,0,0
9295,1.1381224714214,1.6475,0,0
9296,1.1381224633133,1.648,0,0
9297,1.1381224552052,1.6485,0,0
9298,1.1381224470971,1.649,0,0
9299,1.138122438989,1.6495,0,0
9300,1.1381224308809,1.65,0,0
9301,1.1381224227727,1.6505,0,0
9302,1.1381224146646,1.651,0,0
9303,1.1381224065565,1.6515,0,0
9304,1.1381223984484,1.652,0,0
9305,1.1381223903403,1.6525,0,0
9306,1.1381223822322,1.653,0,0
9307,1.1381223741241,1.6535,0,0
9308,1.138122366016,1.654,0,0
9309,1.1381223579079,1.6545,0,0
9310,1.1381223497998,1.655,0,0
9311,1.1381223416917,1.6555,0,0
9312,1.1381223335836,1.656,0,0
9313,1.1381223254755,1.6565,0,0
9314,1.1381223173673,1.657,0,0
9315,1.1381223092592,1.6575,0,0
9316,1.1381223011511,1.658,0,0
9317,1.138122293043,1.6585,0,0
9318,1.1381222849349,1.659,0,0
9319,1.1381222768268,1.6595,0,0
9320,1.1381222687187,1.66,0,0
9321,1.1381222606106,1.6605,0,0
9322,1.1381222525025,1.661,0,0
9323,1.1381222443944,1.6615,0,0
9324,1.1381222362863,1.662,0,0
9325,1.1381222281782,1.6625,0,0
9326,1.13812222007,1.663,0,0
9327,1.1381222119619,1.6635,0,0
9328,1.1381222038538,1.664,0,0
9329,1.1381221957457,1.6645,0,0
9330,1.1381221876376,1.665,0,0
9331,1.1381221795295,1.6655,0,0
9332,1.1381221714214,1.666,0,0
9333,1.1381221633133,1.6665,0,0
9334,1.1381221552052,1.667,0,0
9335,1.1381221470971,1.6675,0,0
9336,1.138122138989,1.668,0,0
9337,1.1381221308809,1.6685,0,0
9338,1.1381221227727,1.669,0,0
9339,1.1381221146646,1.6695,0,0
9340,1.1381221065565,1.67,0,0
9341,1.1381220984484,1.6705,0,0
9342,1.1381220903403,1.671,0,0
9343,1.1381220822322,1.6715,0,0
9344,1.1381220741241,1.672,0,0
9345,1.138122066016,1.6725,0,0
9346,1.1381220579079,1.673,0,0
9347,1.1381220497998,1.6735,0,0
9348,1.1381220416917,1.674,0,0
9349,1.1381220335836,1.6745,0,0
9350,1.1381220254755,1.675,0,0
9351,1.1381220173673,1.6755,0,0
9352,1.1381220092592,1.676,0,0
9353,1.1381220011511,1.6765,0,0
9354,1.138121993043,1.677,0,0
9355,1.1381219849349,1.6775,0,0
9356,1.1381219768268,1.678,0,0
9357,1.1381219687187,1.6785,0,0
9358,1.1381219606106,1.679,0,0
9359,1.1381219525025,1.6795,0,0
9360,1.1381219443944,1.68,0,0
9361,1.1381219362863,1.6805,0,0
9362,1.1381219281782,1.681,0,0
9363,1.13812192007,1.6815,0,0
9364,1.1381219119619,1.682,0,0
9365,1.1381219038538,1.6825,0,0
9366,1.1381218957457,1.683,0,0
9367,1.1381218876376,1.6835,0,0
9368,1.1381218795295,1.684,0,0
9369,1.1381218714214,1.6845,0,0
9370,1.1381218633133,1.685,0,0
9371,1.1381218552052,1.6855,0,0
9372,1.1381218470971,1.686,0,0
9373,1.138121838989,1.6865,0,0
9374,1.1381218308809,1.687,0,0
9375,1.1381218227727,1.6875,0,0
9376,1.1381218146646,1.688,0,0
9377,1.1381218065565,1.6885,0,0
9378,1.1381217984484,1.689,0,0
9379,1.1381217903403,1.6895,0,0
9380,1.1381217822322,1.69,0,0
9381,1.1381217741241,1.6905,0,0
9382,1.138121766016,1.691,0,0
9383,1.1381217579079,1.6915,0,0
9384,1.1381217497998,1.692,0,0
9385,1.1381217416917,1.6925,0,0
9386,1.1381217335836,1.693,0,0
9387,1.1381217254755,1.6935,0,0
9388,1.1381217173673,1.694,0,0
9389,1.1381217092592,1.6945,0,0
9390,1.1381217011511,1.695,0,0
9391,1.138121693043,1.6955,0,0
9392,1.1381216849349,1.696,0,0
9393,1.1381216768268,1.6965,0,0
9394,1.1381216687187,1.697,0,0
9395,1.1381216606106,1.6975,0,0
9396,1.1381216525025,1.698,0,0
9397,1.1381216443944,1.6985,0,0
9398,1.1381216362863,1.699,0,0
9399,1.1381216281782,1.6995,0,0
9400,1.13812162007,1.7,0,0
9401,1.1381216119619,1.7005,0,0
9402,1.1381216038538,1.701,0,0
9403,1.1381215957457,1.7015,0,0
9404,1.1381215876376,1.702,0,0
9405,1.1381215795295,1.7025,0,0
9406,1.1381215714214,1.703,0,0
9407,1.1381215633133,1.7035,0,0
9408,1.1381215552052,1.704,0,0
9409,1.1381215470971,1.7045,0,0
9410,1.138121538989,1.705,0,0
9411,1.1381215308809,1.7055,0,0
9412,1.1381215227727,1.706,0,0
9413,1.1381215146646,1.7065,0,0
9414,1.1381215065565,1.707,0,0
9415,1.1381214984484,1.7075,0,0
9416,1.1381214903403,1.708,0,0
9417,1.1381214822322,1.7085,0,0
9418,1.1381214741241,1.709,0,0
9419,1.138121466016,1.7095,0,0
9420,1.1381214579079,1.71,0,0
9421,1.1381214497998,1.7105,0,0
9422,1.1381214416917,1.711,0,0
9423,1.1381214335836,1.7115,0,0
9424,1.1381214254755,1.712,0,0
9425,1.1381214173673,1.7125,0,0
9426,1.1381214092592,1.713,0,0
9427,1.1381214011511,1.7135,0,0
9428,1.138121393043,1.714,0,0
9429,1.1381213849349,1.7145,0,0
9430,1.1381213768268,1.715,0,0
9431,1.1381213687187,1.7155,0,0
9432,1.1381213606106,1.716,0,0
9433,1.1381213525025,1.7165,0,0
9434,1.1381213443944,1.717,0,0
9435,1.1381213362863,1.7175,0,0
9436,1.1381213281782,1.718,0,0
9437,1.13812132007,1.7185,0,0
9438,1.1381213119619,1.719,0,0
9439,1.1381213038538,1.7195,0,0
9440,1.1381212957457,1.72,0,0
9441,1.1381212876376,1.7205,0,0
9442,1.1381212795295,1.721,0,0
9443,1.1381212714214,1.7215,0,0
9444,1.1381212633133,1.722,0,0
9445,1.1381212552052,1.7225,0,0
9446,1.1381212470971,1.723,0,0
9447,1.138121238989,1.7235,0,0
9448,1.1381212308809,1.724,0,0
9449,1.1381212227727,1.7245,0,0
9450,1.1381212146646,1.725,0,0
9451,1.1381212065565,1.7255,0,0
9452,1.1381211984484,1.726,0,0
9453,1.1381211903403,1.7265,0,0
9454,1.1381211822322,1.727,0,0
9455,1.1381211741241,1.7275,0,0
9456,1.138121166016,1.728,0,0
9457,1.1381211579079,1.7285,0,0
9458,1.1381211497998,1.729,0,0
9459,1.1381211416917,1.7295,0,0
9460,1.1381211335836,1.73,0,0
9461,1.1381211254755,1.7305,0,0
9462,1.1381211173673,1.731,0,0
9463,1.1381211092592,1.7315,0,0
9464,1.1381211011511,1.732,0,0
9465,1.138121093043,1.7325,0,0
9466,1.1381210849349,1.733,0,0
9467,1.1381210768268,1.7335,0,0
9468,1.1381210687187,1.734,0,0
9469,1.1381210606106,1.7345,0,0
9470,1.1381210525025,1.735,0,0
9471,1.1381210443944,1.7355,0,0
9472,1.1381210362863,1.736,0,0
9473,1.1381210281782,1.7365,0,0
9474,1.13812102007,1.737,0,0
9475,1.1381210119619,1.7375,0,0
9476,1.1381210038538,1.738,0,0
9477,1.1381209957457,1.7385,0,0
9478,1.1381209876376,1.739,0,0
9479,1.1381209795295,1.7395,0,0
9480,1.1381209714214,1.74,0,0
9481,1.1381209633133,1.7405,0,0
9482,1.1381209552052,1.741,0,0
9483,1.1381209470971,1.7415,0,0
9484,1.138120938989,1.742,0,0
9485,1.1381209308809,1.7425,0,0
9486,1.1381209227727,1.743,0,0
9487,1.1381209146646,1.7435,0,0
9488,1.1381209065565,1.744,0,0
9489,1.1381208984484,1.7445,0,0
9490,1.1381208903403,1.745,0,0
9491,1.1381208822322,1.7455,0,0
9492,1.1381208741241,1.746,0,0
9493,1.138120866016,1.7465,0,0
9494,1.1381208579079,1.747,0,0
9495,1.1381208497998,1.7475,0,0
9496,1.1381208416917,1.748,0,0
9497,1.1381208335836,1.7485,0,0
9498,1.1381208254755,1.749,0,0
9499,1.1381208173673,1.7495,0,0
9500,1.1381208092592,1.75,0,0
9501,1.1381208011511,1.7505,0,0
9502,1.138120793043,1.751,0,0
9503,1.1381207849349,1.7515,0,0
9504,1.1381207768268,1.752,0,0
9505,1.1381207687187,1.7525,0,0
9506,1.1381207606106,1.753,0,0
9507,1.1381207525025,1.7535,0,0
9508,1.1381207443944,1.754,0,0
9509,1.1381207362863,1.7545,0,0
9510,1.1381207281782,1.755,0,0
9511,1.13812072007,1.7555,0,0
9512,1.1381207119619,1.756,0,0
9513,1.1381207038538,1.7565,0,0
9514,1.1381206957457,1.757,0,0
9515,1.1381206876376,1.7575,0,0
9516,1.1381206795295,1.758,0,0
9517,1.1381206714214,1.7585,0,0
9518,1.1381206633133,1.759,0,0
9519,1.1381206552052,1.7595,0,0
9520,1.1381206470971,1.76,0,0
9521,1.138120638989,1.7605,0,0
9522,1.1381206308809,1.761,0,0
9523,1.1381206227727,1.7615,0,0
9524,1.1381206146646,1.762,0,0
9525,1.1381206065565,1.7625,0,0
9526,1.1381205984484,1.763,0,0
9527,1.1381205903403,1.7635,0,0
9528,1.1381205822322,1.764,0,0
9529,1.1381205741241,1.7645,0,0
9530,1.138120566016,1.765,0,0
9531,1.1381205579079,1.7655,0,0
9532,1.1381205497998,1.766,0,0
9533,1.1381205416917,1.7665,0,0
9534,1.1381205335836,1.767,0,0
9535,1.1381205254755,1.7675,0,0
9536,1.1381205173673,1.768,0,0
9537,1.1381205092592,1.7685,0,0
9538,1.1381205011511,1.769,0,0
9539,1.138120493043,1.7695,0,0
9540,1.1381204849349,1.77,0,0
9541,1.1381204768268,1.7705,0,0
9542,1.1381204687187,1.771,0,0
9543,1.1381204606106,1.7715,0,0
9544,1.1381204525025,1.772,0,0
9545,1.1381204443944,1.7725,0,0
9546,1.1381204362863,1.773,0,0
9547,1.1381204281782,1.7735,0,0
9548,1.13812042007,1.774,0,0
9549,1.1381204119619,1.7745,0,0
9550,1.1381204038538,1.775,0,0
9551,1.1381203957457,1.7755,0,0
9552,1.1381203876376,1.776,0,0
9553,1.1381203795295,1.7765,0,0
9554,1.1381203714214,1.777,0,0
9555,1.1381203633133,1.7775,0,0
9556,1.1381203552052,1.778,0,0
9557,1.1381203470971,1.7785,0,0
9558,1.138120338989,1.779,0,0
9559,1.1381203308809,1.7795,0,0
9560,1.1381203227727,1.78,0,0
9561,1.1381203146646,1.7805,0,0
9562,1.1381203065565,1.781,0,0
9563,1.1381202984484,1.7815,0,0
9564,1.1381202903403,1.782,0,0
9565,1.1381202822322,1.7825,0,0
9566,1.1381202741241,1.783,0,0
9567,1.138120266016,1.7835,0,0
9568,1.1381202579079,1.784,0,0
9569,1.1381202497998,1.7845,0,0
9570,1.1381202416917,1.785,0,0
9571,1.1381202335836,1.7855,0,0
9572,1.1381202254755,1.786,0,0
9573,1.1381202173673,1.7865,0,0
9574,1.1381202092592,1.787,0,0
9575,1.1381202011511,1.7875,0,0
9576,1.138120193043,1.788,0,0
9577,1.1381201849349,1.7885,0,0
9578,1.1381201768268,1.789,0,0
9579,1.1381201687187,1.7895,0,0
9580,1.1381201606106,1.79,0,0
9581,1.1381201525025,1.7905,0,0
9582,1.1381201443944,1.791,0,0
9583,1.1381201362863,1.7915,0,0
9584,1.1381201281782,1.792,0,0
9585,1.13812012007,1.7925,0,0
9586,1.1381201119619,1.793,0,0
9587,1.1381201038538,1.7935,0,0
9588,1.1381200957457,1.794,0,0
9589,1.1381200876376,1.7945,0,0
9590,1.1381200795295,1.795,0,0
9591,1.1381200714214,1.7955,0,0
9592,1.1381200633133,1.796,0,0
9593,1.1381200552052,1.7965,0,0
9594,1.1381200470971,1.797,0,0
9595,1.138120038989,1.7975,0,0
9596,1.1381200308809,1.798,0,0
9597,1.1381200227727,1.7985,0,0
9598,1.1381200146646,1.799,0,0
9599,1.1381200065565,1.7995,0,0
9600,1.1381199984484,1.8,0,0
9601,1.1381199903403,1.8005,0,0
9602,1.1381199822322,1.801,0,0
9603,1.1381199741241,1.8015,0,0
9604,1.138119966016,1.802,0,0
9605,1.1381199579079,1.8025,0,0
9606,1.1381199497998,1.803,0,0
9607,1.1381199416917,1.8035,0,0
9608,1.1381199335836,1.804,0,0
9609,1.1381199254755,1.8045,0,0
9610,1.1381199173673,1.805,0,0
9611,1.1381199092592,1.8055,0,0
9612,1.1381199011511,1.806,0,0
9613,1.138119893043,1.8065,0,0
9614,1.1381198849349,1.807,0,0
9615,1.1381198768268,1.8075,0,0
9616,1.1381198687187,1.808,0,0
9617,1.1381198606106,1.8085,0,0
9618,1.1381198525025,1.809,0,0
9619,1.1381198443944,1.8095,0,0
9620,1.1381198362863,1.81,0,0
9621,1.1381198281782,1.8105,0,0
9622,1.13811982007,1.811,0,0
9623,1.1381198119619,1.8115,0,0
9624,1.1381198038538,1.812,0,0
9625,1.1381197957457,1.8125,0,0
9626,1.1381197876376,1.813,0,0
9627,1.1381197795295,1.8135,0,0
9628,1.1381197714214,1.814,0,0
9629,1.1381197633133,1.8145,0,0
9630,1.1381197552052,1.815,0,0
9631,1.1381197470971,1.8155,0,0
9632,1.138119738989,1.816,0,0
9633,1.1381197308809,1.8165,0,0
9634,1.1381197227727,1.817,0,0
9635,1.1381197146646,1.8175,0,0
9636,1.1381197065565,1.818,0,0
9637,1.1381196984484,1.8185,0,0
9638,1.1381196903403,1.819,0,0
9639,1.1381196822322,1.8195,0,0
9640,1.1381196741241,1.82,0,0
9641,1.138119666016,1.8205,0,0
9642,1.1381196579079,1.821,0,0
9643,1.1381196497998,1.8215,0,0
9644,1.1381196416917,1.822,0,0
9645,1.1381196335836,1.8225,0,0
9646,1.1381196254755,1.823,0,0
9647,1.1381196173673,1.8235,0,0
9648,1.1381196092592,1.824,0,0
9649,1.1381196011511,1.8245,0,0
9650,1.138119593043,1.825,0,0
9651,1.1381195849349,1.8255,0,0
9652,1.1381195768268,1.826,0,0
9653,1.1381195687187,1.8265,0,0
9654,1.1381195606106,1.827,0,0
9655,1.1381195525025,1.8275,0,0
9656,1.1381195443944,1.828,0,0
9657,1.1381195362863,1.8285,0,0
9658,1.1381195281782,1.829,0,0
9659,1.13811952007,1.8295,0,0
9660,1.1381195119619,1.83,0,0
9661,1.1381195038538,1.8305,0,0
9662,1.1381194957457,1.831,0,0
9663,1.1381194876376,1.8315,0,0
9664,1.1381194795295,1.832,0,0
9665,1.1381194714214,1.8325,0,0
9666,1.1381194633133,1.833,0,0
9667,1.1381194552052,1.8335,0,0
9668,1.1381194470971,1.834,0,0
9669,1.138119438989,1.8345,0,0
9670,1.1381194308809,1.835,0,0
9671,1.1381194227727,1.8355,0,0
9672,1.1381194146646,1.836,0,0
9673,1.1381194065565,1.8365,0,0
9674,1.1381193984484,1.837,0,0
9675,1.1381193903403,1.8375,0,0
9676,1.1381193822322,1.838,0,0
9677,1.1381193741241,1.8385,0,0
9678,1.138119366016,1.839,0,0
9679,1.1381193579079,1.8395,0,0
9680,1.1381193497998,1.84,0,0
9681,1.1381193416917,1.8405,0,0
9682,1.1381193335836,1.841,0,0
9683,1.1381193254755,1.8415,0,0
9684,1.1381193173673,1.842,0,0
9685,1.1381193092592,1.8425,0,0
9686,1.1381193011511,1.843,0,0
9687,1.138119293043,1.8435,0,0
9688,1.1381192849349,1.844,0,0
9689,1.1381192768268,1.8445,0,0
9690,1.1381192687187,1.845,0,0
9691,1.1381192606106,1.8455,0,0
9692,1.1381192525025,1.846,0,0
9693,1.1381192443944,1.8465,0,0
9694,1.1381192362863,1.847,0,0
9695,1.1381192281782,1.8475,0,0
9696,1.13811922007,1.848,0,0
9697,1.1381192119619,1.8485,0,0
9698,1.1381192038538,1.849,0,0
9699,1.1381191957457,1.8495,0,0
9700,1.1381191876376,1.85,0,0
9701,1.1381191795295,1.8505,0,0
9702,1.1381191714214,1.851,0,0
9703,1.1381191633133,1.8515,0,0
9704,1.1381191552052,1.852,0,0
9705,1.1381191470971,1.8525,0,0
9706,1.138119138989,1.853,0,0
9707,1.1381191308809,1.8535,0,0
9708,1.1381191227727,1.854,0,0
9709,1.1381191146646,1.8545,0,0
9710,1.1381191065565,1.855,0,0
9711,1.1381190984484,1.8555,0,0
9712,1.1381190903403,1.856,0,0
9713,1.1381190822322,1.8565,0,0
9714,1.1381190741241,1.857,0,0
9715,1.138119066016,1.8575,0,0
9716,1.1381190579079,1.858,0,0
9717,1.1381190497998,1.8585,0,0
9718,1.1381190416917,1.859,0,0
9719,1.1381190335836,1.8595,0,0
9720,1.1381190254755,1.86,0,0
9721,1.1381190173673,1.8605,0,0
9722,1.1381190092592,1.861,0,0
9723,1.1381190011511,1.8615,0,0
9724,1.138118993043,1.862,0,0
9725,1.1381189849349,1.8625,0,0
9726,1.1381189768268,1.863,0,0
9727,1.1381189687187,1.8635,0,0
9728,1.1381189606106,1.864,0,0
9729,1.1381189525025,1.8645,0,0
9730,1.1381189443944,1.865,0,0
9731,1.1381189362863,1.8655,0,0
9732,1.1381189281782,1.866,0,0
9733,1.13811892007,1.8665,0,0
9734,1.1381189119619,1.867,0,0
9735,1.1381189038538,1.8675,0,0
9736,1.1381188957457,1.868,0,0
9737,1.1381188876376,1.8685,0,0
9738,1.1381188795295,1.869,0,0
9739,1.1381188714214,1.8695,0,0
9740,1.1381188633133,1.87,0,0
9741,1.1381188552052,1.8705,0,0
9742,1.1381188470971,1.871,0,0
9743,1.138118838989,1.8715,0,0
9744,1.1381188308809,1.872,0,0
9745,1.1381188227727,1.8725,0,0
9746,1.1381188146646,1.873,0,0
9747,1.1381188065565,1.8735,0,0
9748,1.1381187984484,1.874,0,0
9749,1.1381187903403,1.8745,0,0
9750,1.1381187822322,1.875,0,0
9751,1.1381187741241,1.8755,0,0
9752,1.138118766016,1.876,0,0
9753,1.1381187579079,1.8765,0,0
9754,1.1381187497998,1.877,0,0
9755,1.1381187416917,1.8775,0,0
9756,1.1381187335836,1.878,0,0
9757,1.1381187254755,1.8785,0,0
9758,1.1381187173673,1.879,0,0
9759,1.1381187092592,1.8795,0,0
9760,1.1381187011511,1.88,0,0
9761,1.138118693043,1.8805,0,0
9762,1.1381186849349,1.881,0,0
9763,1.1381186768268,1.8815,0,0
9764,1.1381186687187,1.882,0,0
9765,1.1381186606106,1.8825,0,0
9766,1.1381186525025,1.883,0,0
9767,1.1381186443944,1.8835,0,0
9768,1.1381186362863,1.884,0,0
9769,1.1381186281782,1.8845,0,0
9770,1.13811862007,1.885,0,0
9771,1.1381186119619,1.8855,0,0
9772,1.1381186038538,1.886,0,0
9773,1.1381185957457,1.8865,0,0
9774,1.1381185876376,1.887,0,0
9775,1.1381185795295,1.8875,0,0
9776,1.1381185714214,1.888,0,0
9777,1.1381185633133,1.8885,0,0
9778,1.1381185552052,1.889,0,0
9779,1.1381185470971,1.8895,0,0
9780,1.138118538989,1.89,0,0
9781,1.1381185308809,1.8905,0,0
9782,1.1381185227727,1.891,0,0
9783,1.1381185146646,1.8915,0,0
9784,1.1381185065565,1.892,0,0
9785,1.1381184984484,1.8925,0,0
9786,1.1381184903403,1.893,0,0
9787,1.1381184822322,1.8935,0,0
9788,1.1381184741241,1.894,0,0
9789,1.138118466016,1.8945,0,0
9790,1.1381184579079,1.895,0,0
9791,1.1381184497998,1.8955,0,0
9792,1.1381184416917,1.896,0,0
9793,1.1381184335836,1.8965,0,0
9794,1.1381184254755,1.897,0,0
9795,1.1381184173673,1.8975,0,0
9796,1.1381184092592,1.898,0,0
9797,1.1381184011511,1.8985,0,0
9798,1.138118393043,1.899,0,0
9799,1.1381183849349,1.8995,0,0
9800,1.1381183768268,1.9,0,0
9801,1.1381183687187,1.9005,0,0
9802,1.1381183606106,1.901,0,0
9803,1.1381183525025,1.9015,0,0
9804,1.1381183443944,1.902,0,0
9805,1.1381183362863,1.9025,0,0
9806,1.1381183281782,1.903,0,0
9807,1.13811832007,1.9035,0,0
9808,1.1381183119619,1.904,0,0
9809,1.1381183038538,1.9045,0,0
9810,1.1381182957457,1.905,0,0
9811,1.1381182876376,1.9055,0,0
9812,1.1381182795295,1.906,0,0
9813,1.1381182714214,1.9065,0,0
9814,1.1381182633133,1.907,0,0
9815,1.1381182552052,1.9075,0,0
9816,1.1381182470971,1.908,0,0
9817,1.138118238989,1.9085,0,0
9818,1.1381182308809,1.909,0,0
9819,1.1381182227727,1.9095,0,0
9820,1.1381182146646,1.91,0,0
9821,1.1381182065565,1.9105,0,0
9822,1.1381181984484,1.911,0,0
9823,1.1381181903403,1.9115,0,0
9824,1.1381181822322,1.912,0,0
9825,1.1381181741241,1.9125,0,0
9826,1.138118166016,1.913,0,0
9827,1.1381181579079,1.9135,0,0
9828,1.1381181497998,1.914,0,0
9829,1.1381181416917,1.9145,0,0
9830,1.1381181335836,1.915,0,0
9831,1.1381181254755,1.9155,0,0
9832,1.1381181173673,1.916,0,0
9833,1.1381181092592,1.9165,0,0
9834,1.1381181011511,1.917,0,0
9835,1.138118093043,1.9175,0,0
9836,1.1381180849349,1.918,0,0
9837,1.1381180768268,1.9185,0,0
9838,1.1381180687187,1.919,0,0
9839,1.1381180606106,1.9195,0,0
9840,1.1381180525025,1.92,0,0
9841,1.1381180443944,1.9205,0,0
9842,1.1381180362863,1.921,0,0
9843,1.1381180281782,1.9215,0,0
9844,1.13811802007,1.922,0,0
9845,1.1381180119619,1.9225,0,0
9846,1.1381180038538,1.923,0,0
9847,1.1381179957457,1.9235,0,0
9848,1.1381179876376,1.924,0,0
9849,1.1381179795295,1.9245,0,0
9850,1.1381179714214,1.925,0,0
9851,1.1381179633133,1.9255,0,0
9852,1.1381179552052,1.926,0,0
9853,1.1381179470971,1.9265,0,0
9854,1.138117938989,1.927,0,0
9855,1.1381179308809,1.9275,0,0
9856,1.1381179227727,1.928,0,0
9857,1.1381179146646,1.9285,0,0
9858,1.1381179065565,1.929,0,0
9859,1.1381178984484,1.9295,0,0
9860,1.1381178903403,1.93,0,0
9861,1.1381178822322,1.9305,0,0
9862,1.1381178741241,1.931,0,0
9863,1.138117866016,1.9315,0,0
9864,1.1381178579079,1.932,0,0
9865,1.1381178497998,1.9325,0,0
9866,1.1381178416917,1.933,0,0
9867,1.1381178335836,1.9335,0,0
9868,1.1381178254755,1.934,0,0
9869,1.1381178173673,1.9345,0,0
9870,1.1381178092592,1.935,0,0
9871,1.1381178011511,1.9355,0,0
9872,1.138117793043,1.936,0,0
9873,1.1381177849349,1.9365,0,0
9874,1.1381177768268,1.937,0,0
9875,1.1381177687187,1.9375,0,0
9876,1.1381177606106,1.938,0,0
9877,1.1381177525025,1.9385,0,0
9878,1.1381177443944,1.939,0,0
9879,1.1381177362863,1.9395,0,0
9880,1.1381177281782,1.94,0,0
9881,1.13811772007,1.9405,0,0
9882,1.1381177119619,1.941,0,0
9883,1.1381177038538,1.9415,0,0
9884,1.1381176957457,1.942,0,0
9885,1.1381176876376,1.9425,0,0
9886,1.1381176795295,1.943,0,0
9887,1.1381176714214,1.9435,0,0
9888,1.1381176633133,1.944,0,0
9889,1.1381176552052,1.9445,0,0
9890,1.1381176470971,1.945,0,0
9891,1.138117638989,1.9455,0,0
9892,1.1381176308809,1.946,0,0
9893,1.1381176227727,1.9465,0,0
9894,1.1381176146646,1.947,0,0
9895,1.1381176065565,1.9475,0,0
9896,1.1381175984484,1.948,0,0
9897,1.1381175903403,1.9485,0,0
9898,1.1381175822322,1.949,0,0
9899,1.1381175741241,1.9495,0,0
9900,1.138117566016,1.95,0,0
9901,1.1381175579079,1.9505,0,0
9902,1.1381175497998,1.951,0,0
9903,1.1381175416917,1.9515,0,0
9904,1.1381175335836,1.952,0,0
9905,1.1381175254755,1.9525,0,0
9906,1.1381175173673,1.953,0,0
9907,1.1381175092592,1.9535,0,0
9908,1.1381175011511,1.954,0,0
9909,1.138117493043,1.9545,0,0
9910,1.1381174849349,1.955,0,0
9911,1.1381174768268,1.9555,0,0
9912,1.1381174687187,1.956,0,0
9913,1.1381174606106,1.9565,0,0
9914,1.1381174525025,1.957,0,0
9915,1.1381174443944,1.9575,0,0
9916,1.1381174362863,1.958,0,0
9917,1.1381174281782,1.9585,0,0
9918,1.13811742007,1.959,0,0
9919,1.1381174119619,1.9595,0,0
9920,1.1381174038538,1.96,0,0
9921,1.1381173957457,1.9605,0,0
9922,1.1381173876376,1.961,0,0
9923,1.1381173795295,1.9615,0,0
9924,1.1381173714214,1.962,0,0
9925,1.1381173633133,1.9625,0,0
9926,1.1381173552052,1.963,0,0
9927,1.1381173470971,1.9635,0,0
9928,1.138117338989,1.964,0,0
9929,1.1381173308809,1.9645,0,0
9930,1.1381173227727,1.965,0,0
9931,1.1381173146646,1.9655,0,0
9932,1.1381173065565,1.966,0,0
9933,1.1381172984484,1.9665,0,0
9934,1.1381172903403,1.967,0,0
9935,1.1381172822322,1.9675,0,0
9936,1.1381172741241,1.968,0,0
9937,1.138117266016,1.9685,0,0
9938,1.1381172579079,1.969,0,0
9939,1.1381172497998,1.9695,0,0
9940,1.1381172416917,1.97,0,0
9941,1.1381172335836,1.9705,0,0
9942,1.1381172254755,1.971,0,0
9943,1.1381172173673,1.9715,0,0
9944,1.1381172092592,1.972,0,0
9945,1.1381172011511,1.9725,0,0
9946,1.138117193043,1.973,0,0
9947,1.1381171849349,1.9735,0,0
9948,1.1381171768268,1.974,0,0
9949,1.1381171687187,1.9745,0,0
9950,1.1381171606106,1.975,0,0
9951,1.1381171525025,1.9755,0,0
9952,1.1381171443944,1.976,0,0
9953,1.1381171362863,1.9765,0,0
9954,1.1381171281782,1.977,0,0
9955,1.13811712007,1.9775,0,0
9956,1.1381171119619,1.978,0,0
9957,1.1381171038538,1.9785,0,0
9958,1.1381170957457,1.979,0,0
9959,1.1381170876376,1.9795,0,0
9960,1.1381170795295,1.98,0,0
9961,1.1381170714214,1.9805,0,0
9962,1.1381170633133,1.981,0,0
9963,1.1381170552052,1.9815,0,0
9964,1.1381170470971,1.982,0,0
9965,1.138117038989,1.9825,0,0
9966,1.1381170308809,1.983,0,0
9967,1.1381170227727,1.9835,0,0
9968,1.1381170146646,1.984,0,0
9969,1.1381170065565,1.9845,0,0
9970,1.1381169984484,1.985,0,0
9971,1.1381169903403,1.9855,0,0
9972,1.1381169822322,1.986,0,0
9973,1.1381169741241,1.9865,0,0
9974,1.138116966016,1.987,0,0
9975,1.1381169579079,1.9875,0,0
9976,1.1381169497998,1.988,0,0
9977,1.1381169416917,1.9885,0,0
9978,1.1381169335836,1.989,0,0
9979,1.1381169254755,1.9895,0,0
9980,1.1381169173673,1.99,0,0
9981,1.1381169092592,1.9905,0,0
9982,1.1381169011511,1.991,0,0
9983,1.138116893043,1.9915,0,0
9984,1.1381168849349,1.992,0,0
9985,1.1381168768268,1.9925,0,0
9986,1.1381168687187,1.993,0,0
9987,1.1381168606106,1.9935,0,0
9988,1.1381168525025,1.994,0,0
9989,1.1381168443944,1.9945,0,0
9990,1.1381168362863,1.995,0,0
9991,1.1381168281782,1.9955,0,0
9992,1.13811682007,1.996,0,0
9993,1.1381168119619,1.9965,0,0
9994,1.1381168038538,1.997,0,0
9995,1.1381167957457,1.9975,0,0
9996,1.1381167876376,1.998,0,0
9997,1.1381167795295,1.9985,0,0
9998,1.1381167714214,1.999,0,0
9999,1.1381167633133,1.9995,0,0
10000,1.1381167552052,2,0,0
10001,1.1381167470971,2.0005,0,0
10002,1.138116738989,2.001,0,0
10003,1.1381167308809,2.0015,0,0
10004,1.1381167227727,2.002,0,0
10005,1.1381167146646,2.0025,0,0
10006,1.1381167065565,2.003,0,0
10007,1.1381166984484,2.0035,0,0
10008,1.1381166903403,2.004,0,0
10009,1.1381166822322,2.0045,0,0
10010,1.1381166741241,2.005,0,0
10011,1.138116666016,2.0055,0,0
10012,1.1381166579079,2.006,0,0
10013,1.1381166497998,2.0065,0,0
10014,1.1381166416917,2.007,0,0
10015,1.1381166335836,2.0075,0,0
10016,1.1381166254755,2.008,0,0
10017,1.1381166173673,2.0085,0,0
10018,1.1381166092592,2.009,0,0
10019,1.1381166011511,2.0095,0,0
10020,1.138116593043,2.01,0,0
10021,1.1381165849349,2.0105,0,0
10022,1.1381165768268,2.011,0,0
10023,1.1381165687187,2.0115,0,0
10024,1.1381165606106,2.012,0,0
10025,1.1381165525025,2.0125,0,0
10026,1.1381165443944,2.013,0,0
10027,1.1381165362863,2.0135,0,0
10028,1.1381165281782,2.014,0,0
10029,1.13811652007,2.0145,0,0
10030,1.1381165119619,2.015,0,0
10031,1.1381165038538,2.0155,0,0
10032,1.1381164957457,2.016,0,0
10033,1.1381164876376,2.0165,0,0
10034,1.1381164795295,2.017,0,0
10035,1.1381164714214,2.0175,0,0
10036,1.1381164633133,2.018,0,0
10037,1.1381164552052,2.0185,0,0
10038,1.1381164470971,2.019,0,0
10039,1.138116438989,2.0195,0,0
10040,1.1381164308809,2.02,0,0
10041,1.1381164227727,2.0205,0,0
10042,1.1381164146646,2.021,0,0
10043,1.1381164065565,2.0215,0,0
10044,1.1381163984484,2.022,0,0
10045,1.1381163903403,2.0225,0,0
10046,1.1381163822322,2.023,0,0
10047,1.1381163741241,2.0235,0,0
10048,1.138116366016,2.024,0,0
10049,1.1381163579079,2.0245,0,0
10050,1.1381163497998,2.025,0,0
10051,1.1381163416917,2.0255,0,0
10052,1.1381163335836,2.026,0,0
10053,1.1381163254755,2.0265,0,0
10054,1.1381163173673,2.027,0,0
10055,1.1381163092592,2.0275,0,0
10056,1.1381163011511,2.028,0,0
10057,1.138116293043,2.0285,0,0
10058,1.1381162849349,2.029,0,0
10059,1.1381162768268,2.0295,0,0
10060,1.1381162687187,2.03,0,0
10061,1.1381162606106,2.0305,0,0
10062,1.1381162525025,2.031,0,0
10063,1.1381162443944,2.0315,0,0
10064,1.1381162362863,2.032,0,0
10065,1.1381162281782,2.0325,0,0
10066,1.13811622007,2.033,0,0
10067,1.1381162119619,2.0335,0,0
10068,1.1381162038538,2.034,0,0
10069,1.1381161957457,2.0345,0,0
10070,1.1381161876376,2.035,0,0
10071,1.1381161795295,2.0355,0,0
10072,1.1381161714214,2.036,0,0
10073,1.1381161633133,2.0365,0,0
10074,1.1381161552052,2.037,0,0
10075,1.1381161470971,2.0375,0,0
10076,1.138116138989,2.038,0,0
10077,1.1381161308809,2.0385,0,0
10078,1.1381161227727,2.039,0,0
10079,1.1381161146646,2.0395,0,0
10080,1.1381161065565,2.04,0,0
10081,1.1381160984484,2.0405,0,0
10082,1.1381160903403,2.041,0,0
10083,1.1381160822322,2.0415,0,0
10084,1.1381160741241,2.042,0,0
10085,1.138116066016,2.0425,0,0
10086,1.1381160579079,2.043,0,0
10087,1.1381160497998,2.0435,0,0
10088,1.1381160416917,2.044,0,0
10089,1.1381160335836,2.0445,0,0
10090,1.1381160254755,2.045,0,0
10091,1.1381160173673,2.0455,0,0
10092,1.1381160092592,2.046,0,0
10093,1.1381160011511,2.0465,0,0
10094,1.138115993043,2.047,0,0
10095,1.1381159849349,2.0475,0,0
10096,1.1381159768268,2.048,0,0
10097,1.1381159687187,2.0485,0,0
10098,1.1381159606106,2.049,0,0
10099,1.1381159525025,2.0495,0,0
10100,1.1381159443944,2.05,0,0
10101,1.1381159362863,2.0505,0,0
10102,1.1381159281782,2.051,0,0
10103,1.13811592007,2.0515,0,0
10104,1.1381159119619,2.052,0,0
10105,1.1381159038538,2.0525,0,0
10106,1.1381158957457,2.053,0,0
10107,1.1381158876376,2.0535,0,0
10108,1.1381158795295,2.054,0,0
10109,1.1381158714214,2.0545,0,0
10110,1.1381158633133,2.055,0,0
10111,1.1381158552052,2.0555,0,0
10112,1.1381158470971,2.056,0,0
10113,1.138115838989,2.0565,0,0
10114,1.1381158308809,2.057,0,0
10115,1.1381158227727,2.0575,0,0
10116,1.1381158146646,2.058,0,0
10117,1.1381158065565,2.0585,0,0
10118,1.1381157984484,2.059,0,0
10119,1.1381157903403,2.0595,0,0
10120,1.1381157822322,2.06,0,0
10121,1.1381157741241,2.0605,0,0
10122,1.138115766016,2.061,0,0
10123,1.1381157579079,2.0615,0,0
10124,1.1381157497998,2.062,0,0
10125,1.1381157416917,2.0625,0,0
10126,1.1381157335836,2.063,0,0
10127,1.1381157254755,2.0635,0,0
10128,1.1381157173673,2.064,0,0
10129,1.1381157092592,2.0645,0,0
10130,1.1381157011511,2.065,0,0
10131,1.138115693043,2.0655,0,0
10132,1.1381156849349,2.066,0,0
10133,1.1381156768268,2.0665,0,0
10134,1.1381156687187,2.067,0,0
10135,1.1381156606106,2.0675,0,0
10136,1.1381156525025,2.068,0,0
10137,1.1381156443944,2.0685,0,0
10138,1.1381156362863,2.069,0,0
10139,1.1381156281782,2.0695,0,0
10140,1.13811562007,2.07,0,0
10141,1.1381156119619,2.0705,0,0
10142,1.1381156038538,2.071,0,0
10143,1.1381155957457,2.0715,0,0
10144,1.1381155876376,2.072,0,0
10145,1.1381155795295,2.0725,0,0
10146,1.1381155714214,2.073,0,0
10147,1.1381155633133,2.0735,0,0
10148,1.1381155552052,2.074,0,0
10149,1.1381155470971,2.0745,0,0
10150,1.138115538989,2.075,0,0
10151,1.1381155308809,2.0755,0,0
10152,1.1381155227727,2.076,0,0
10153,1.1381155146646,2.0765,0,0
10154,1.1381155065565,2.077,0,0
10155,1.1381154984484,2.0775,0,0
10156,1.1381154903403,2.078,0,0
10157,1.1381154822322,2.0785,0,0
10158,1.1381154741241,2.079,0,0
10159,1.138115466016,2.0795,0,0
10160,1.1381154579079,2.08,0,0
10161,1.1381154497998,2.0805,0,0
10162,1.1381154416917,2.081,0,0
10163,1.1381154335836,2.0815,0,0
10164,1.1381154254755,2.082,0,0
10165,1.1381154173673,2.0825,0,0
10166,1.1381154092592,2.083,0,0
10167,1.1381154011511,2.0835,0,0
10168,1.138115393043,2.084,0,0
10169,1.1381153849349,2.0845,0,0
10170,1.1381153768268,2.085,0,0
10171,1.1381153687187,2.0855,0,0
10172,1.1381153606106,2.086,0,0
10173,1.1381153525025,2.0865,0,0
10174,1.1381153443944,2.087,0,0
10175,1.1381153362863,2.0875,0,0
10176,1.1381153281782,2.088,0,0
10177,1.13811532007,2.0885,0,0
10178,1.1381153119619,2.089,0,0
10179,1.1381153038538,2.0895,0,0
10180,1.1381152957457,2.09,0,0
10181,1.1381152876376,2.0905,0,0
10182,1.1381152795295,2.091,0,0
10183,1.1381152714214,2.0915,0,0
10184,1.1381152633133,2.092,0,0
10185,1.1381152552052,2.0925,0,0
10186,1.1381152470971,2.093,0,0
10187,1.138115238989,2.0935,0,0
10188,1.1381152308809,2.094,0,0
10189,1.1381152227727,2.0945,0,0
10190,1.1381152146646,2.095,0,0
10191,1.1381152065565,2.0955,0,0
10192,1.1381151984484,2.096,0,0
10193,1.1381151903403,2.0965,0,0
10194,1.1381151822322,2.097,0,0
10195,1.1381151741241,2.0975,0,0
10196,1.138115166016,2.098,0,0
10197,1.1381151579079,2.0985,0,0
10198,1.1381151497998,2.099,0,0
10199,1.1381151416917,2.0995,0,0
10200,1.1381151335836,2.1,0,0
10201,1.1381151254755,2.1005,0,0
10202,1.1381151173673,2.101,0,0
10203,1.1381151092592,2.1015,0,0
10204,1.1381151011511,2.102,0,0
10205,1.138115093043,2.1025,0,0
10206,1.1381150849349,2.103,0,0
10207,1.1381150768268,2.1035,0,0
10208,1.1381150687187,2.104,0,0
10209,1.1381150606106,2.1045,0,0
10210,1.1381150525025,2.105,0,0
10211,1.1381150443944,2.1055,0,0
10212,1.1381150362863,2.106,0,0
10213,1.1381150281782,2.1065,0,0
10214,1.13811502007,2.107,0,0
10215,1.1381150119619,2.1075,0,0
10216,1.1381150038538,2.108,0,0
10217,1.1381149957457,2.1085,0,0
10218,1.1381149876376,2.109,0,0
10219,1.1381149795295,2.1095,0,0
10220,1.1381149714214,2.11,0,0
10221,1.1381149633133,2.1105,0,0
10222,1.1381149552052,2.111,0,0
10223,1.1381149470971,2.1115,0,0
10224,1.138114938989,2.112,0,0
10225,1.1381149308809,2.1125,0,0
10226,1.1381149227727,2.113,0,0
10227,1.1381149146646,2.1135,0,0
10228,1.1381149065565,2.114,0,0
10229,1.1381148984484,2.1145,0,0
10230,1.1381148903403,2.115,0,0
10231,1.1381148822322,2.1155,0,0
10232,1.1381148741241,2.116,0,0
10233,1.138114866016,2.1165,0,0
10234,1.1381148579079,2.117,0,0
10235,1.1381148497998,2.1175,0,0
10236,1.1381148416917,2.118,0,0
10237,1.1381148335836,2.1185,0,0
10238,1.1381148254755,2.119,0,0
10239,1.1381148173673,2.1195,0,0
10240,1.1381148092592,2.12,0,0
10241,1.1381148011511,2.1205,0,0
10242,1.138114793043,2.121,0,0
10243,1.1381147849349,2.1215,0,0
10244,1.1381147768268,2.122,0,0
10245,1.1381147687187,2.1225,0,0
10246,1.1381147606106,2.123,0,0
10247,1.1381147525025,2.1235,0,0
10248,1.1381147443944,2.124,0,0
10249,1.1381147362863,2.1245,0,0
10250,1.1381147281782,2.125,0,0
10251,1.13811472007,2.1255,0,0
10252,1.1381147119619,2.126,0,0
10253,1.1381147038538,2.1265,0,0
10254,1.1381146957457,2.127,0,0
10255,1.1381146876376,2.1275,0,0
10256,1.1381146795295,2.128,0,0
10257,1.1381146714214,2.1285,0,0
10258,1.1381146633133,2.129,0,0
10259,1.1381146552052,2.1295,0,0
10260,1.1381146470971,2.13,0,0
10261,1.138114638989,2.1305,0,0
10262,1.1381146308809,2.131,0,0
10263,1.1381146227727,2.1315,0,0
10264,1.1381146146646,2.132,0,0
10265,1.1381146065565,2.1325,0,0
10266,1.1381145984484,2.133,0,0
10267,1.1381145903403,2.1335,0,0
10268,1.1381145822322,2.134,0,0
10269,1.1381145741241,2.1345,0,0
10270,1.138114566016,2.135,0,0
10271,1.1381145579079,2.1355,0,0
10272,1.1381145497998,2.136,0,0
10273,1.1381145416917,2.1365,0,0
10274,1.1381145335836,2.137,0,0
10275,1.1381145254755,2.1375,0,0
10276,1.1381145173673,2.138,0,0
10277,1.1381145092592,2.1385,0,0
10278,1.1381145011511,2.139,0,0
10279,1.138114493043,2.1395,0,0
10280,1.1381144849349,2.14,0,0
10281,1.1381144768268,2.1405,0,0
10282,1.1381144687187,2.141,0,0
10283,1.1381144606106,2.1415,0,0
10284,1.1381144525025,2.142,0,0
10285,1.1381144443944,2.1425,0,0
10286,1.1381144362863,2.143,0,0
10287,1.1381144281782,2.1435,0,0
10288,1.13811442007,2.144,0,0
10289,1.1381144119619,2.1445,0,0
10290,1.1381144038538,2.145,0,0
10291,1.1381143957457,2.1455,0,0
10292,1.1381143876376,2.146,0,0
10293,1.1381143795295,2.1465,0,0
10294,1.1381143714214,2.147,0,0
10295,1.1381143633133,2.1475,0,0
10296,1.1381143552052,2.148,0,0
10297,1.1381143470971,2.1485,0,0
10298,1.138114338989,2.149,0,0
10299,1.1381143308809,2.1495,0,0
10300,1.1381143227727,2.15,0,0
10301,1.1381143146646,2.1505,0,0
10302,1.1381143065565,2.151,0,0
10303,1.1381142984484,2.1515,0,0
10304,1.1381142903403,2.152,0,0
10305,1.1381142822322,2.1525,0,0
10306,1.1381142741241,2.153,0,0
10307,1.138114266016,2.1535,0,0
10308,1.1381142579079,2.154,0,0
10309,1.1381142497998,2.1545,0,0
10310,1.1381142416917,2.155,0,0
10311,1.1381142335836,2.1555,0,0
10312,1.1381142254755,2.156,0,0
10313,1.1381142173673,2.1565,0,0
10314,1.1381142092592,2.157,0,0
10315,1.1381142011511,2.1575,0,0
10316,1.138114193043,2.158,0,0
10317,1.1381141849349,2.1585,0,0
10318,1.1381141768268,2.159,0,0
10319,1.1381141687187,2.1595,0,0
10320,1.1381141606106,2.16,0,0
10321,1.1381141525025,2.1605,0,0
10322,1.1381141443944,2.161,0,0
10323,1.1381141362863,2.1615,0,0
10324,1.1381141281782,2.162,0,0
10325,1.13811412007,2.1625,0,0
10326,1.1381141119619,2.163,0,0
10327,1.1381141038538,2.1635,0,0
10328,1.1381140957457,2.164,0,0
10329,1.1381140876376,2.1645,0,0
10330,1.1381140795295,2.165,0,0
10331,1.1381140714214,2.1655,0,0
10332,1.1381140633133,2.166,0,0
10333,1.1381140552052,2.1665,0,0
10334,1.1381140470971,2.167,0,0
10335,1.138114038989,2.1675,0,0
10336,1.1381140308809,2.168,0,0
10337,1.1381140227727,2.1685,0,0
10338,1.1381140146646,2.169,0,0
10339,1.1381140065565,2.1695,0,0
10340,1.1381139984484,2.17,0,0
10341,1.1381139903403,2.1705,0,0
10342,1.1381139822322,2.171,0,0
10343,1.1381139741241,2.1715,0,0
10344,1.138113966016,2.172,0,0
10345,1.1381139579079,2.1725,0,0
10346,1.1381139497998,2.173,0,0
10347,1.1381139416917,2.1735,0,0
10348,1.1381139335836,2.174,0,0
10349,1.1381139254755,2.1745,0,0
10350,1.1381139173673,2.175,0,0
10351,1.1381139092592,2.1755,0,0
10352,1.1381139011511,2.176,0,0
10353,1.138113893043,2.1765,0,0
10354,1.1381138849349,2.177,0,0
10355,1.1381138768268,2.1775,0,0
10356,1.1381138687187,2.178,0,0
10357,1.1381138606106,2.1785,0,0
10358,1.1381138525025,2.179,0,0
10359,1.1381138443944,2.1795,0,0
10360,1.1381138362863,2.18,0,0
10361,1.1381138281782,2.1805,0,0
10362,1.13811382007,2.181,0,0
10363,1.1381138119619,2.1815,0,0
10364,1.1381138038538,2.182,0,0
10365,1.1381137957457,2.1825,0,0
10366,1.1381137876376,2.183,0,0
10367,1.1381137795295,2.1835,0,0
10368,1.1381137714214,2.184,0,0
10369,1.1381137633133,2.1845,0,0
10370,1.1381137552052,2.185,0,0
10371,1.1381137470971,2.1855,0,0
10372,1.138113738989,2.186,0,0
10373,1.1381137308809,2.1865,0,0
10374,1.1381137227727,2.187,0,0
10375,1.1381137146646,2.1875,0,0
10376,1.1381137065565,2.188,0,0
10377,1.1381136984484,2.1885,0,0
10378,1.1381136903403,2.189,0,0
10379,1.1381136822322,2.1895,0,0
10380,1.1381136741241,2.19,0,0
10381,1.138113666016,2.1905,0,0
10382,1.1381136579079,2.191,0,0
10383,1.1381136497998,2.1915,0,0
10384,1.1381136416917,2.192,0,0
10385,1.1381136335836,2.1925,0,0
10386,1.1381136254755,2.193,0,0
10387,1.1381136173673,2.1935,0,0
10388,1.1381136092592,2.194,0,0
10389,1.1381136011511,2.1945,0,0
10390,1.138113593043,2.195,0,0
10391,1.1381135849349,2.1955,0,0
10392,1.1381135768268,2.196,0,0
10393,1.1381135687187,2.1965,0,0
10394,1.1381135606106,2.197,0,0
10395,1.1381135525025,2.1975,0,0
10396,1.1381135443944,2.198,0,0
10397,1.1381135362863,2.1985,0,0
10398,1.1381135281782,2.199,0,0
10399,1.13811352007,2.1995,0,0
10400,1.1381135119619,2.2,0,0
10401,1.1381135038538,2.2005,0,0
10402,1.1381134957457,2.201,0,0
10403,1.1381134876376,2.2015,0,0
10404,1.1381134795295,2.202,0,0
10405,1.1381134714214,2.2025,0,0
10406,1.1381134633133,2.203,0,0
10407,1.1381134552052,2.2035,0,0
10408,1.1381134470971,2.204,0,0
10409,1.138113438989,2.2045,0,0
10410,1.1381134308809,2.205,0,0
10411,1.1381134227727,2.2055,0,0
10412,1.1381134146646,2.206,0,0
10413,1.1381134065565,2.2065,0,0
10414,1.1381133984484,2.207,0,0
10415,1.1381133903403,2.2075,0,0
10416,1.1381133822322,2.208,0,0
10417,1.1381133741241,2.2085,0,0
10418,1.138113366016,2.209,0,0
10419,1.1381133579079,2.2095,0,0
10420,1.1381133497998,2.21,0,0
10421,1.1381133416917,2.2105,0,0
10422,1.1381133335836,2.211,0,0
10423,1.1381133254755,2.2115,0,0
10424,1.1381133173673,2.212,0,0
10425,1.1381133092592,2.2125,0,0
10426,1.1381133011511,2.213,0,0
10427,1.138113293043,2.2135,0,0
10428,1.1381132849349,2.214,0,0
10429,1.1381132768268,2.2145,0,0
10430,1.1381132687187,2.215,0,0
10431,1.1381132606106,2.2155,0,0
10432,1.1381132525025,2.216,0,0
10433,1.1381132443944,2.2165,0,0
10434,1.1381132362863,2.217,0,0
10435,1.1381132281782,2.2175,0,0
10436,1.13811322007,2.218,0,0
10437,1.1381132119619,2.2185,0,0
10438,1.1381132038538,2.219,0,0
10439,1.1381131957457,2.2195,0,0
10440,1.1381131876376,2.22,0,0
10441,1.1381131795295,2.2205,0,0
10442,1.1381131714214,2.221,0,0
10443,1.1381131633133,2.2215,0,0
10444,1.1381131552052,2.222,0,0
10445,1.1381131470971,2.2225,0,0
10446,1.138113138989,2.223,0,0
10447,1.1381131308809,2.2235,0,0
10448,1.1381131227727,2.224,0,0
10449,1.1381131146646,2.2245,0,0
10450,1.1381131065565,2.225,0,0
10451,1.1381130984484,2.2255,0,0
10452,1.1381130903403,2.226,0,0
10453,1.1381130822322,2.2265,0,0
10454,1.1381130741241,2.227,0,0
10455,1.138113066016,2.2275,0,0
10456,1.1381130579079,2.228,0,0
10457,1.1381130497998,2.2285,0,0
10458,1.1381130416917,2.229,0,0
10459,1.1381130335836,2.2295,0,0
10460,1.1381130254755,2.23,0,0
10461,1.1381130173673,2.2305,0,0
10462,1.1381130092592,2.231,0,0
10463,1.1381130011511,2.2315,0,0
10464,1.138112993043,2.232,0,0
10465,1.1381129849349,2.2325,0,0
10466,1.1381129768268,2.233,0,0
10467,1.1381129687187,2.2335,0,0
10468,1.1381129606106,2.234,0,0
10469,1.1381129525025,2.2345,0,0
10470,1.1381129443944,2.235,0,0
10471,1.1381129362863,2.2355,0,0
10472,1.1381129281782,2.236,0,0
10473,1.13811292007,2.2365,0,0
10474,1.1381129119619,2.237,0,0
10475,1.1381129038538,2.2375,0,0
10476,1.1381128957457,2.238,0,0
10477,1.1381128876376,2.2385,0,0
10478,1.1381128795295,2.239,0,0
10479,1.1381128714214,2.2395,0,0
10480,1.1381128633133,2.24,0,0
10481,1.1381128552052,2.2405,0,0
10482,1.1381128470971,2.241,0,0
10483,1.138112838989,2.2415,0,0
10484,1.1381128308809,2.242,0,0
10485,1.1381128227727,2.2425,0,0
10486,1.1381128146646,2.243,0,0
10487,1.1381128065565,2.2435,0,0
10488,1.1381127984484,2.244,0,0
10489,1.1381127903403,2.2445,0,0
10490,1.1381127822322,2.245,0,0
10491,1.1381127741241,2.2455,0,0
10492,1.138112766016,2.246,0,0
10493,1.1381127579079,2.2465,0,0
10494,1.1381127497998,2.247,0,0
10495,1.1381127416917,2.2475,0,0
10496,1.1381127335836,2.248,0,0
10497,1.1381127254755,2.2485,0,0
10498,1.1381127173673,2.249,0,0
10499,1.1381127092592,2.2495,0,0
10500,1.1381127011511,2.25,0,0
10501,1.138112693043,2.2505,0,0
10502,1.1381126849349,2.251,0,0
10503,1.1381126768268,2.2515,0,0
10504,1.1381126687187,2.252,0,0
10505,1.1381126606106,2.2525,0,0
10506,1.1381126525025,2.253,0,0
10507,1.1381126443944,2.2535,0,0
10508,1.1381126362863,2.254,0,0
10509,1.1381126281782,2.2545,0,0
10510,1.13811262007,2.255,0,0
10511,1.1381126119619,2.2555,0,0
10512,1.1381126038538,2.256,0,0
10513,1.1381125957457,2.2565,0,0
10514,1.1381125876376,2.257,0,0
10515,1.1381125795295,2.2575,0,0
10516,1.1381125714214,2.258,0,0
10517,1.1381125633133,2.2585,0,0
10518,1.1381125552052,2.259,0,0
10519,1.1381125470971,2.2595,0,0
10520,1.138112538989,2.26,0,0
10521,1.1381125308809,2.2605,0,0
10522,1.1381125227727,2.261,0,0
10523,1.1381125146646,2.2615,0,0
10524,1.1381125065565,2.262,0,0
10525,1.1381124984484,2.2625,0,0
10526,1.1381124903403,2.263,0,0
10527,1.1381124822322,2.2635,0,0
10528,1.1381124741241,2.264,0,0
10529,1.138112466016,2.2645,0,0
10530,1.1381124579079,2.265,0,0
10531,1.1381124497998,2.2655,0,0
10532,1.1381124416917,2.266,0,0
10533,1.1381124335836,2.2665,0,0
10534,1.1381124254755,2.267,0,0
10535,1.1381124173673,2.2675,0,0
10536,1.1381124092592,2.268,0,0
10537,1.1381124011511,2.2685,0,0
10538,1.138112393043,2.269,0,0
10539,1.1381123849349,2.2695,0,0
10540,1.1381123768268,2.27,0,0
10541,1.1381123687187,2.2705,0,0
10542,1.1381123606106,2.271,0,0
10543,1.1381123525025,2.2715,0,0
10544,1.1381123443944,2.272,0,0
10545,1.1381123362863,2.2725,0,0
10546,1.1381123281782,2.273,0,0
10547,1.13811232007,2.2735,0,0
10548,1.1381123119619,2.274,0,0
10549,1.1381123038538,2.2745,0,0
10550,1.1381122957457,2.275,0,0
10551,1.1381122876376,2.2755,0,0
10552,1.1381122795295,2.276,0,0
10553,1.1381122714214,2.2765,0,0
10554,1.1381122633133,2.277,0,0
10555,1.1381122552052,2.2775,0,0
10556,1.1381122470971,2.278,0,0
10557,1.138112238989,2.2785,0,0
10558,1.1381122308809,2.279,0,0
10559,1.1381122227727,2.2795,0,0
10560,1.1381122146646,2.28,0,0
10561,1.1381122065565,2.2805,0,0
10562,1.1381121984484,2.281,0,0
10563,1.1381121903403,2.2815,0,0
10564,1.1381121822322,2.282,0,0
10565,1.1381121741241,2.2825,0,0
10566,1.138112166016,2.283,0,0
10567,1.1381121579079,2.2835,0,0
10568,1.1381121497998,2.284,0,0
10569,1.1381121416917,2.2845,0,0
10570,1.1381121335836,2.285,0,0
10571,1.1381121254755,2.2855,0,0
10572,1.1381121173673,2.286,0,0
10573,1.1381121092592,2.2865,0,0
10574,1.1381121011511,2.287,0,0
10575,1.138112093043,2.2875,0,0
10576,1.1381120849349,2.288,0,0
10577,1.1381120768268,2.2885,0,0
10578,1.1381120687187,2.289,0,0
10579,1.1381120606106,2.2895,0,0
10580,1.1381120525025,2.29,0,0
10581,1.1381120443944,2.2905,0,0
10582,1.1381120362863,2.291,0,0
10583,1.1381120281782,2.2915,0,0
10584,1.13811202007,2.292,0,0
10585,1.1381120119619,2.2925,0,0
10586,1.1381120038538,2.293,0,0
10587,1.1381119957457,2.2935,0,0
10588,1.1381119876376,2.294,0,0
10589,1.1381119795295,2.2945,0,0
10590,1.1381119714214,2.295,0,0
10591,1.1381119633133,2.2955,0,0
10592,1.1381119552052,2.296,0,0
10593,1.1381119470971,2.2965,0,0
10594,1.138111938989,2.297,0,0
10595,1.1381119308809,2.2975,0,0
10596,1.1381119227727,2.298,0,0
10597,1.1381119146646,2.2985,0,0
10598,1.1381119065565,2.299,0,0
10599,1.1381118984484,2.2995,0,0
10600,1.1381118903403,2.3,0,0
10601,1.1381118822322,2.3005,0,0
10602,1.1381118741241,2.301,0,0
10603,1.138111866016,2.3015,0,0
10604,1.1381118579079,2.302,0,0
10605,1.1381118497998,2.3025,0,0
10606,1.1381118416917,2.303,0,0
10607,1.1381118335836,2.3035,0,0
10608,1.1381118254755,2.304,0,0
10609,1.1381118173673,2.3045,0,0
10610,1.1381118092592,2.305,0,0
10611,1.1381118011511,2.3055,0,0
10612,1.138111793043,2.306,0,0
10613,1.1381117849349,2.3065,0,0
10614,1.1381117768268,2.307,0,0
10615,1.1381117687187,2.3075,0,0
10616,1.1381117606106,2.308,0,0
10617,1.1381117525025,2.3085,0,0
10618,1.1381117443944,2.309,0,0
10619,1.1381117362863,2.3095,0,0
10620,1.1381117281782,2.31,0,0
10621,1.13811172007,2.3105,0,0
10622,1.1381117119619,2.311,0,0
10623,1.1381117038538,2.3115,0,0
10624,1.1381116957457,2.312,0,0
10625,1.1381116876376,2.3125,0,0
10626,1.1381116795295,2.313,0,0
10627,1.1381116714214,2.3135,0,0
10628,1.1381116633133,2.314,0,0
10629,1.1381116552052,2.3145,0,0
10630,1.1381116470971,2.315,0,0
10631,1.138111638989,2.3155,0,0
10632,1.1381116308809,2.316,0,0
10633,1.1381116227727,2.3165,0,0
10634,1.1381116146646,2.317,0,0
10635,1.1381116065565,2.3175,0,0
10636,1.1381115984484,2.318,0,0
10637,1.1381115903403,2.3185,0,0
10638,1.1381115822322,2.319,0,0
10639,1.1381115741241,2.3195,0,0
10640,1.138111566016,2.32,0,0
10641,1.1381115579079,2.3205,0,0
10642,1.1381115497998,2.321,0,0
10643,1.1381115416917,2.3215,0,0
10644,1.1381115335836,2.322,0,0
10645,1.1381115254755,2.3225,0,0
10646,1.1381115173673,2.323,0,0
10647,1.1381115092592,2.3235,0,0
10648,1.1381115011511,2.324,0,0
10649,1.138111493043,2.3245,0,0
10650,1.1381114849349,2.325,0,0
10651,1.1381114768268,2.3255,0,0
10652,1.1381114687187,2.326,0,0
10653,1.1381114606106,2.3265,0,0
10654,1.1381114525025,2.327,0,0
10655,1.1381114443944,2.3275,0,0
10656,1.1381114362863,2.328,0,0
10657,1.1381114281782,2.3285,0,0
10658,1.13811142007,2.329,0,0
10659,1.1381114119619,2.3295,0,0
10660,1.1381114038538,2.33,0,0
10661,1.1381113957457,2.3305,0,0
10662,1.1381113876376,2.331,0,0
10663,1.1381113795295,2.3315,0,0
10664,1.1381113714214,2.332,0,0
10665,1.1381113633133,2.3325,0,0
10666,1.1381113552052,2.333,0,0
10667,1.1381113470971,2.3335,0,0
10668,1.138111338989,2.334,0,0
10669,1.1381113308809,2.3345,0,0
10670,1.1381113227727,2.335,0,0
10671,1.1381113146646,2.3355,0,0
10672,1.1381113065565,2.336,0,0
10673,1.1381112984484,2.3365,0,0
10674,1.1381112903403,2.337,0,0
10675,1.1381112822322,2.3375,0,0
10676,1.1381112741241,2.338,0,0
10677,1.138111266016,2.3385,0,0
10678,1.1381112579079,2.339,0,0
10679,1.1381112497998,2.3395,0,0
10680,1.1381112416917,2.34,0,0
10681,1.1381112335836,2.3405,0,0
10682,1.1381112254755,2.341,0,0
10683,1.1381112173673,2.3415,0,0
10684,1.1381112092592,2.342,0,0
10685,1.1381112011511,2.3425,0,0
10686,1.138111193043,2.343,0,0
10687,1.1381111849349,2.3435,0,0
10688,1.1381111768268,2.344,0,0
10689,1.1381111687187,2.3445,0,0
10690,1.1381111606106,2.345,0,0
10691,1.1381111525025,2.3455,0,0
10692,1.1381111443944,2.346,0,0
10693,1.1381111362863,2.3465,0,0
10694,1.1381111281782,2.347,0,0
10695,1.13811112007,2.3475,0,0
10696,1.1381111119619,2.348,0,0
10697,1.1381111038538,2.3485,0,0
10698,1.1381110957457,2.349,0,0
10699,1.1381110876376,2.3495,0,0
10700,1.1381110795295,2.35,0,0
10701,1.1381110714214,2.3505,0,0
10702,1.1381110633133,2.351,0,0
10703,1.1381110552052,2.3515,0,0
10704,1.1381110470971,2.352,0,0
10705,1.138111038989,2.3525,0,0
10706,1.1381110308809,2.353,0,0
10707,1.1381110227727,2.3535,0,0
10708,1.1381110146646,2.354,0,0
10709,1.1381110065565,2.3545,0,0
10710,1.1381109984484,2.355,0,0
10711,1.1381109903403,2.3555,0,0
10712,1.1381109822322,2.356,0,0
10713,1.1381109741241,2.3565,0,0
10714,1.138110966016,2.357,0,0
10715,1.1381109579079,2.3575,0,0
10716,1.1381109497998,2.358,0,0
10717,1.1381109416917,2.3585,0,0
10718,1.1381109335836,2.359,0,0
10719,1.1381109254755,2.3595,0,0
10720,1.1381109173673,2.36,0,0
10721,1.1381109092592,2.3605,0,0
10722,1.1381109011511,2.361,0,0
10723,1.138110893043,2.3615,0,0
10724,1.1381108849349,2.362,0,0
10725,1.1381108768268,2.3625,0,0
10726,1.1381108687187,2.363,0,0
10727,1.1381108606106,2.3635,0,0
10728,1.1381108525025,2.364,0,0
10729,1.1381108443944,2.3645,0,0
10730,1.1381108362863,2.365,0,0
10731,1.1381108281782,2.3655,0,0
10732,1.13811082007,2.366,0,0
10733,1.1381108119619,2.3665,0,0
10734,1.1381108038538,2.367,0,0
10735,1.1381107957457,2.3675,0,0
10736,1.1381107876376,2.368,0,0
10737,1.1381107795295,2.3685,0,0
10738,1.1381107714214,2.369,0,0
10739,1.1381107633133,2.3695,0,0
10740,1.1381107552052,2.37,0,0
10741,1.1381107470971,2.3705,0,0
10742,1.138110738989,2.371,0,0
10743,1.1381107308809,2.3715,0,0
10744,1.1381107227727,2.372,0,0
10745,1.1381107146646,2.3725,0,0
10746,1.1381107065565,2.373,0,0
10747,1.1381106984484,2.3735,0,0
10748,1.1381106903403,2.374,0,0
10749,1.1381106822322,2.3745,0,0
10750,1.1381106741241,2.375,0,0
10751,1.138110666016,2.3755,0,0
10752,1.1381106579079,2.376,0,0
10753,1.1381106497998,2.3765,0,0
10754,1.1381106416917,2.377,0,0
10755,1.1381106335836,2.3775,0,0
10756,1.1381106254755,2.378,0,0
10757,1.1381106173673,2.3785,0,0
10758,1.1381106092592,2.379,0,0
10759,1.1381106011511,2.3795,0,0
10760,1.138110593043,2.38,0,0
10761,1.1381105849349,2.3805,0,0
10762,1.1381105768268,2.381,0,0
10763,1.1381105687187,2.3815,0,0
10764,1.1381105606106,2.382,0,0
10765,1.1381105525025,2.3825,0,0
10766,1.1381105443944,2.383,0,0
10767,1.1381105362863,2.3835,0,0
10768,1.1381105281782,2.384,0,0
10769,1.13811052007,2.3845,0,0
10770,1.1381105119619,2.385,0,0
10771,1.1381105038538,2.3855,0,0
10772,1.1381104957457,2.386,0,0
10773,1.1381104876376,2.3865,0,0
10774,1.1381104795295,2.387,0,0
10775,1.1381104714214,2.3875,0,0
10776,1.1381104633133,2.388,0,0
10777,1.1381104552052,2.3885,0,0
10778,1.1381104470971,2.389,0,0
10779,1.138110438989,2.3895,0,0
10780,1.1381104308809,2.39,0,0
10781,1.1381104227727,2.3905,0,0
10782,1.1381104146646,2.391,0,0
10783,1.1381104065565,2.3915,0,0
10784,1.1381103984484,2.392,0,0
10785,1.1381103903403,2.3925,0,0
10786,1.1381103822322,2.393,0,0
10787,1.1381103741241,2.3935,0,0
10788,1.138110366016,2.394,0,0
10789,1.1381103579079,2.3945,0,0
10790,1.1381103497998,2.395,0,0
10791,1.1381103416917,2.3955,0,0
10792,1.1381103335836,2.396,0,0
10793,1.1381103254755,2.3965,0,0
10794,1.1381103173673,2.397,0,0
10795,1.1381103092592,2.3975,0,0
10796,1.1381103011511,2.398,0,0
10797,1.138110293043,2.3985,0,0
10798,1.1381102849349,2.399,0,0
10799,1.1381102768268,2.3995,0,0
10800,1.1381102687187,2.4,0,0
10801,1.1381102606106,2.4005,0,0
10802,1.1381102525025,2.401,0,0
10803,1.1381102443944,2.4015,0,0
10804,1.1381102362863,2.402,0,0
10805,1.1381102281782,2.4025,0,0
10806,1.13811022007,2.403,0,0
10807,1.1381102119619,2.4035,0,0
10808,1.1381102038538,2.404,0,0
10809,1.1381101957457,2.4045,0,0
10810,1.1381101876376,2.405,0,0
10811,1.1381101795295,2.4055,0,0
10812,1.1381101714214,2.406,0,0
10813,1.1381101633133,2.4065,0,0
10814,1.1381101552052,2.407,0,0
10815,1.1381101470971,2.4075,0,0
10816,1.138110138989,2.408,0,0
10817,1.1381101308809,2.4085,0,0
10818,1.1381101227727,2.409,0,0
10819,1.1381101146646,2.4095,0,0
10820,1.1381101065565,2.41,0,0
10821,1.1381100984484,2.4105,0,0
10822,1.1381100903403,2.411,0,0
10823,1.1381100822322,2.4115,0,0
10824,1.1381100741241,2.412,0,0
10825,1.138110066016,2.4125,0,0
10826,1.1381100579079,2.413,0,0
10827,1.1381100497998,2.4135,0,0
10828,1.1381100416917,2.414,0,0
10829,1.1381100335836,2.4145,0,0
10830,1.1381100254755,2.415,0,0
10831,1.1381100173673,2.4155,0,0
10832,1.1381100092592,2.416,0,0
10833,1.1381100011511,2.4165,0,0
10834,1.138109993043,2.417,0,0
10835,1.1381099849349,2.4175,0,0
10836,1.1381099768268,2.418,0,0
10837,1.1381099687187,2.4185,0,0
10838,1.1381099606106,2.419,0,0
10839,1.1381099525025,2.4195,0,0
10840,1.1381099443944,2.42,0,0
10841,1.1381099362863,2.4205,0,0
10842,1.1381099281782,2.421,0,0
10843,1.13810992007,2.4215,0,0
10844,1.1381099119619,2.422,0,0
10845,1.1381099038538,2.4225,0,0
10846,1.1381098957457,2.423,0,0
10847,1.1381098876376,2.4235,0,0
10848,1.1381098795295,2.424,0,0
10849,1.1381098714214,2.4245,0,0
10850,1.1381098633133,2.425,0,0
10851,1.1381098552052,2.4255,0,0
10852,1.1381098470971,2.426,0,0
10853,1.138109838989,2.4265,0,0
10854,1.1381098308809,2.427,0,0
10855,1.1381098227727,2.4275,0,0
10856,1.1381098146646,2.428,0,0
10857,1.1381098065565,2.4285,0,0
10858,1.1381097984484,2.429,0,0
10859,1.1381097903403,2.4295,0,0
10860,1.1381097822322,2.43,0,0
10861,1.1381097741241,2.4305,0,0
10862,1.138109766016,2.431,0,0
10863,1.1381097579079,2.4315,0,0
10864,1.1381097497998,2.432,0,0
10865,1.1381097416917,2.4325,0,0
10866,1.1381097335836,2.433,0,0
10867,1.1381097254755,2.4335,0,0
10868,1.1381097173673,2.434,0,0
10869,1.1381097092592,2.4345,0,0
10870,1.1381097011511,2.435,0,0
10871,1.138109693043,2.4355,0,0
10872,1.1381096849349,2.436,0,0
10873,1.1381096768268,2.4365,0,0
10874,1.1381096687187,2.437,0,0
10875,1.1381096606106,2.4375,0,0
10876,1.1381096525025,2.438,0,0
10877,1.1381096443944,2.4385,0,0
10878,1.1381096362863,2.439,0,0
10879,1.1381096281782,2.4395,0,0
10880,1.13810962007,2.44,0,0
10881,1.1381096119619,2.4405,0,0
10882,1.1381096038538,2.441,0,0
10883,1.1381095957457,2.4415,0,0
10884,1.1381095876376,2.442,0,0
10885,1.1381095795295,2.4425,0,0
10886,1.1381095714214,2.443,0,0
10887,1.1381095633133,2.4435,0,0
10888,1.1381095552052,2.444,0,0
10889,1.1381095470971,2.4445,0,0
10890,1.138109538989,2.445,0,0
10891,1.1381095308809,2.4455,0,0
10892,1.1381095227727,2.446,0,0
10893,1.1381095146646,2.4465,0,0
10894,1.1381095065565,2.447,0,0
10895,1.1381094984484,2.4475,0,0
10896,1.1381094903403,2.448,0,0
10897,1.1381094822322,2.4485,0,0
10898,1.1381094741241,2.449,0,0
10899,1.138109466016,2.4495,0,0
10900,1.1381094579079,2.45,0,0
10901,1.1381094497998,2.4505,0,0
10902,1.1381094416917,2.451,0,0
10903,1.1381094335836,2.4515,0,0
10904,1.1381094254755,2.452,0,0
10905,1.1381094173673,2.4525,0,0
10906,1.1381094092592,2.453,0,0
10907,1.1381094011511,2.4535,0,0
10908,1.138109393043,2.454,0,0
10909,1.1381093849349,2.4545,0,0
10910,1.1381093768268,2.455,0,0
10911,1.1381093687187,2.4555,0,0
10912,1.1381093606106,2.456,0,0
10913,1.1381093525025,2.4565,0,0
10914,1.1381093443944,2.457,0,0
10915,1.1381093362863,2.4575,0,0
10916,1.1381093281782,2.458,0,0
10917,1.13810932007,2.4585,0,0
10918,1.1381093119619,2.459,0,0
10919,1.1381093038538,2.4595,0,0
10920,1.1381092957457,2.46,0,0
10921,1.1381092876376,2.4605,0,0
10922,1.1381092795295,2.461,0,0
10923,1.1381092714214,2.4615,0,0
10924,1.1381092633133,2.462,0,0
10925,1.1381092552052,2.4625,0,0
10926,1.1381092470971,2.463,0,0
10927,1.138109238989,2.4635,0,0
10928,1.1381092308809,2.464,0,0
10929,1.1381092227727,2.4645,0,0
10930,1.1381092146646,2.465,0,0
10931,1.1381092065565,2.4655,0,0
10932,1.1381091984484,2.466,0,0
10933,1.1381091903403,2.4665,0,0
10934,1.1381091822322,2.467,0,0
10935,1.1381091741241,2.4675,0,0
10936,1.138109166016,2.468,0,0
10937,1.1381091579079,2.4685,0,0
10938,1.1381091497998,2.469,0,0
10939,1.1381091416917,2.4695,0,0
10940,1.1381091335836,2.47,0,0
10941,1.1381091254755,2.4705,0,0
10942,1.1381091173673,2.471,0,0
10943,1.1381091092592,2.4715,0,0
10944,1.1381091011511,2.472,0,0
10945,1.138109093043,2.4725,0,0
10946,1.1381090849349,2.473,0,0
10947,1.1381090768268,2.4735,0,0
10948,1.1381090687187,2.474,0,0
10949,1.1381090606106,2.4745,0,0
10950,1.1381090525025,2.475,0,0
10951,1.1381090443944,2.4755,0,0
10952,1.1381090362863,2.476,0,0
10953,1.1381090281782,2.4765,0,0
10954,1.13810902007,2.477,0,0
10955,1.1381090119619,2.4775,0,0
10956,1.1381090038538,2.478,0,0
10957,1.1381089957457,2.4785,0,0
10958,1.1381089876376,2.479,0,0
10959,1.1381089795295,2.4795,0,0
10960,1.1381089714214,2.48,0,0
10961,1.1381089633133,2.4805,0,0
10962,1.1381089552052,2.481,0,0
10963,1.1381089470971,2.4815,0,0
10964,1.138108938989,2.482,0,0
10965,1.1381089308809,2.4825,0,0
10966,1.1381089227727,2.483,0,0
10967,1.1381089146646,2.4835,0,0
10968,1.1381089065565,2.484,0,0
10969,1.1381088984484,2.4845,0,0
10970,1.1381088903403,2.485,0,0
10971,1.1381088822322,2.4855,0,0
10972,1.1381088741241,2.486,0,0
10973,1.138108866016,2.4865,0,0
10974,1.1381088579079,2.487,0,0
10975,1.1381088497998,2.4875,0,0
10976,1.1381088416917,2.488,0,0
10977,1.1381088335836,2.4885,0,0
10978,1.1381088254755,2.489,0,0
10979,1.1381088173673,2.4895,0,0
10980,1.1381088092592,2.49,0,0
10981,1.1381088011511,2.4905,0,0
10982,1.138108793043,2.491,0,0
10983,1.1381087849349,2.4915,0,0
10984,1.1381087768268,2.492,0,0
10985,1.1381087687187,2.4925,0,0
10986,1.1381087606106,2.493,0,0
10987,1.1381087525025,2.4935,0,0
10988,1.1381087443944,2.494,0,0
10989,1.1381087362863,2.4945,0,0
10990,1.1381087281782,2.495,0,0
10991,1.13810872007,2.4955,0,0
10992,1.1381087119619,2.496,0,0
10993,1.1381087038538,2.4965,0,0
10994,1.1381086957457,2.497,0,0
10995,1.1381086876376,2.4975,0,0
10996,1.1381086795295,2.498,0,0
10997,1.1381086714214,2.4985,0,0
10998,1.1381086633133,2.499,0,0
10999,1.1381086552052,2.4995,0,0
11000,1.1381086470971,2.5,0,0
11001,1.138108638989,2.5005,0,0
11002,1.1381086308809,2.501,0,0
11003,1.1381086227727,2.5015,0,0
11004,1.1381086146646,2.502,0,0
11005,1.1381086065565,2.5025,0,0
11006,1.1381085984484,2.503,0,0
11007,1.1381085903403,2.5035,0,0
11008,1.1381085822322,2.504,0,0
11009,1.1381085741241,2.5045,0,0
11010,1.138108566016,2.505,0,0
11011,1.1381085579079,2.5055,0,0
11012,1.1381085497998,2.506,0,0
11013,1.1381085416917,2.5065,0,0
11014,1.1381085335836,2.507,0,0
11015,1.1381085254755,2.5075,0,0
11016,1.1381085173673,2.508,0,0
11017,1.1381085092592,2.5085,0,0
11018,1.1381085011511,2.509,0,0
11019,1.138108493043,2.5095,0,0
11020,1.1381084849349,2.51,0,0
11021,1.1381084768268,2.5105,0,0
11022,1.1381084687187,2.511,0,0
11023,1.1381084606106,2.5115,0,0
11024,1.1381084525025,2.512,0,0
11025,1.1381084443944,2.5125,0,0
11026,1.1381084362863,2.513,0,0
11027,1.1381084281782,2.5135,0,0
11028,1.13810842007,2.514,0,0
11029,1.1381084119619,2.5145,0,0
11030,1.1381084038538,2.515,0,0
11031,1.1381083957457,2.5155,0,0
11032,1.1381083876376,2.516,0,0
11033,1.1381083795295,2.5165,0,0
11034,1.1381083714214,2.517,0,0
11035,1.1381083633133,2.5175,0,0
11036,1.1381083552052,2.518,0,0
11037,1.1381083470971,2.5185,0,0
11038,1.138108338989,2.519,0,0
11039,1.1381083308809,2.5195,0,0
11040,1.1381083227727,2.52,0,0
11041,1.1381083146646,2.5205,0,0
11042,1.1381083065565,2.521,0,0
11043,1.1381082984484,2.5215,0,0
11044,1.1381082903403,2.522,0,0
11045,1.1381082822322,2.5225,0,0
11046,1.1381082741241,2.523,0,0
11047,1.138108266016,2.5235,0,0
11048,1.1381082579079,2.524,0,0
11049,1.1381082497998,2.5245,0,0
11050,1.1381082416917,2.525,0,0
11051,1.1381082335836,2.5255,0,0
11052,1.1381082254755,2.526,0,0
11053,1.1381082173673,2.5265,0,0
11054,1.1381082092592,2.527,0,0
11055,1.1381082011511,2.5275,0,0
11056,1.138108193043,2.528,0,0
11057,1.1381081849349,2.5285,0,0
11058,1.1381081768268,2.529,0,0
11059,1.1381081687187,2.5295,0,0
11060,1.1381081606106,2.53,0,0
11061,1.1381081525025,2.5305,0,0
11062,1.1381081443944,2.531,0,0
11063,1.1381081362863,2.5315,0,0
11064,1.1381081281782,2.532,0,0
11065,1.13810812007,2.5325,0,0
11066,1.1381081119619,2.533,0,0
11067,1.1381081038538,2.5335,0,0
11068,1.1381080957457,2.534,0,0
11069,1.1381080876376,2.5345,0,0
11070,1.1381080795295,2.535,0,0
11071,1.1381080714214,2.5355,0,0
11072,1.1381080633133,2.536,0,0
11073,1.1381080552052,2.5365,0,0
11074,1.1381080470971,2.537,0,0
11075,1.138108038989,2.5375,0,0
11076,1.1381080308809,2.538,0,0
11077,1.1381080227727,2.5385,0,0
11078,1.1381080146646,2.539,0,0
11079,1.1381080065565,2.5395,0,0
11080,1.1381079984484,2.54,0,0
11081,1.1381079903403,2.5405,0,0
11082,1.1381079822322,2.541,0,0
11083,1.1381079741241,2.5415,0,0
11084,1.138107966016,2.542,0,0
11085,1.1381079579079,2.5425,0,0
11086,1.1381079497998,2.543,0,0
11087,1.1381079416917,2.5435,0,0
11088,1.1381079335836,2.544,0,0
11089,1.1381079254755,2.5445,0,0
11090,1.1381079173673,2.545,0,0
11091,1.1381079092592,2.5455,0,0
11092,1.1381079011511,2.546,0,0
11093,1.138107893043,2.5465,0,0
11094,1.1381078849349,2.547,0,0
11095,1.1381078768268,2.5475,0,0
11096,1.1381078687187,2.548,0,0
11097,1.1381078606106,2.5485,0,0
11098,1.1381078525025,2.549,0,0
11099,1.1381078443944,2.5495,0,0
11100,1.1381078362863,2.55,0,0
11101,1.1381078281782,2.5505,0,0
11102,1.13810782007,2.551,0,0
11103,1.1381078119619,2.5515,0,0
11104,1.1381078038538,2.552,0,0
11105,1.1381077957457,2.5525,0,0
11106,1.1381077876376,2.553,0,0
11107,1.1381077795295,2.5535,0,0
11108,1.1381077714214,2.554,0,0
11109,1.1381077633133,2.5545,0,0
11110,1.1381077552052,2.555,0,0
11111,1.1381077470971,2.5555,0,0
11112,1.138107738989,2.556,0,0
11113,1.1381077308809,2.5565,0,0
11114,1.1381077227727,2.557,0,0
11115,1.1381077146646,2.5575,0,0
11116,1.1381077065565,2.558,0,0
11117,1.1381076984484,2.5585,0,0
11118,1.1381076903403,2.559,0,0
11119,1.1381076822322,2.5595,0,0
11120,1.1381076741241,2.56,0,0
11121,1.138107666016,2.5605,0,0
11122,1.1381076579079,2.561,0,0
11123,1.1381076497998,2.5615,0,0
11124,1.1381076416917,2.562,0,0
11125,1.1381076335836,2.5625,0,0
11126,1.1381076254755,2.563,0,0
11127,1.1381076173673,2.5635,0,0
11128,1.1381076092592,2.564,0,0
11129,1.1381076011511,2.5645,0,0
11130,1.138107593043,2.565,0,0
11131,1.1381075849349,2.5655,0,0
11132,1.1381075768268,2.566,0,0
11133,1.1381075687187,2.5665,0,0
11134,1.1381075606106,2.567,0,0
11135,1.1381075525025,2.5675,0,0
11136,1.1381075443944,2.568,0,0
11137,1.1381075362863,2.5685,0,0
11138,1.1381075281782,2.569,0,0
11139,1.13810752007,2.5695,0,0
11140,1.1381075119619,2.57,0,0
11141,1.1381075038538,2.5705,0,0
11142,1.1381074957457,2.571,0,0
11143,1.1381074876376,2.5715,0,0
11144,1.1381074795295,2.572,0,0
11145,1.1381074714214,2.5725,0,0
11146,1.1381074633133,2.573,0,0
11147,1.1381074552052,2.5735,0,0
11148,1.1381074470971,2.574,0,0
11149,1.138107438989,2.5745,0,0
11150,1.1381074308809,2.575,0,0
11151,1.1381074227727,2.5755,0,0
11152,1.1381074146646,2.576,0,0
11153,1.1381074065565,2.5765,0,0
11154,1.1381073984484,2.577,0,0
11155,1.1381073903403,2.5775,0,0
11156,1.1381073822322,2.578,0,0
11157,1.1381073741241,2.5785,0,0
11158,1.138107366016,2.579,0,0
11159,1.1381073579079,2.5795,0,0
11160,1.1381073497998,2.58,0,0
11161,1.1381073416917,2.5805,0,0
11162,1.1381073335836,2.581,0,0
11163,1.1381073254755,2.5815,0,0
11164,1.1381073173673,2.582,0,0
11165,1.1381073092592,2.5825,0,0
11166,1.1381073011511,2.583,0,0
11167,1.138107293043,2.5835,0,0
11168,1.1381072849349,2.584,0,0
11169,1.1381072768268,2.5845,0,0
11170,1.1381072687187,2.585,0,0
11171,1.1381072606106,2.5855,0,0
11172,1.1381072525025,2.586,0,0
11173,1.1381072443944,2.5865,0,0
11174,1.1381072362863,2.587,0,0
11175,1.1381072281782,2.5875,0,0
11176,1.13810722007,2.588,0,0
11177,1.1381072119619,2.5885,0,0
11178,1.1381072038538,2.589,0,0
11179,1.1381071957457,2.5895,0,0
11180,1.1381071876376,2.59,0,0
11181,1.1381071795295,2.5905,0,0
11182,1.1381071714214,2.591,0,0
11183,1.1381071633133,2.5915,0,0
11184,1.1381071552052,2.592,0,0
11185,1.1381071470971,2.5925,0,0
11186,1.138107138989,2.593,0,0
11187,1.1381071308809,2.5935,0,0
11188,1.1381071227727,2.594,0,0
11189,1.1381071146646,2.5945,0,0
11190,1.1381071065565,2.595,0,0
11191,1.1381070984484,2.5955,0,0
11192,1.1381070903403,2.596,0,0
11193,1.1381070822322,2.5965,0,0
11194,1.1381070741241,2.597,0,0
11195,1.138107066016,2.5975,0,0
11196,1.1381070579079,2.598,0,0
11197,1.1381070497998,2.5985,0,0
11198,1.1381070416917,2.599,0,0
11199,1.1381070335836,2.5995,0,0
11200,1.1381070254755,2.6,0,0
11201,1.1381070173673,2.6005,0,0
11202,1.1381070092592,2.601,0,0
11203,1.1381070011511,2.6015,0,0
11204,1.138106993043,2.602,0,0
11205,1.1381069849349,2.6025,0,0
11206,1.1381069768268,2.603,0,0
11207,1.1381069687187,2.6035,0,0
11208,1.1381069606106,2.604,0,0
11209,1.1381069525025,2.6045,0,0
11210,1.1381069443944,2.605,0,0
11211,1.1381069362863,2.6055,0,0
11212,1.1381069281782,2.606,0,0
11213,1.13810692007,2.6065,0,0
11214,1.1381069119619,2.607,0,0
11215,1.1381069038538,2.6075,0,0
11216,1.1381068957457,2.608,0,0
11217,1.1381068876376,2.6085,0,0
11218,1.1381068795295,2.609,0,0
11219,1.1381068714214,2.6095,0,0
11220,1.1381068633133,2.61,0,0
11221,1.1381068552052,2.6105,0,0
11222,1.1381068470971,2.611,0,0
11223,1.138106838989,2.6115,0,0
11224,1.1381068308809,2.612,0,0
11225,1.1381068227727,2.6125,0,0
11226,1.1381068146646,2.613,0,0
11227,1.1381068065565,2.6135,0,0
11228,1.1381067984484,2.614,0,0
11229,1.1381067903403,2.6145,0,0
11230,1.1381067822322,2.615,0,0
11231,1.1381067741241,2.6155,0,0
11232,1.138106766016,2.616,0,0
11233,1.1381067579079,2.6165,0,0
11234,1.1381067497998,2.617,0,0
11235,1.1381067416917,2.6175,0,0
11236,1.1381067335836,2.618,0,0
11237,1.1381067254755,2.6185,0,0
11238,1.1381067173673,2.619,0,0
11239,1.1381067092592,2.6195,0,0
11240,1.1381067011511,2.62,0,0
11241,1.138106693043,2.6205,0,0
11242,1.1381066849349,2.621,0,0
11243,1.1381066768268,2.6215,0,0
11244,1.1381066687187,2.622,0,0
11245,1.1381066606106,2.6225,0,0
11246,1.1381066525025,2.623,0,0
11247,1.1381066443944,2.6235,0,0
11248,1.1381066362863,2.624,0,0
11249,1.1381066281782,2.6245,0,0
11250,1.13810662007,2.625,0,0
11251,1.1381066119619,2.6255,0,0
11252,1.1381066038538,2.626,0,0
11253,1.1381065957457,2.6265,0,0
11254,1.1381065876376,2.627,0,0
11255,1.1381065795295,2.6275,0,0
11256,1.1381065714214,2.628,0,0
11257,1.1381065633133,2.6285,0,0
11258,1.1381065552052,2.629,0,0
11259,1.1381065470971,2.6295,0,0
11260,1.138106538989,2.63,0,0
11261,1.1381065308809,2.6305,0,0
11262,1.1381065227727,2.631,0,0
11263,1.1381065146646,2.6315,0,0
11264,1.1381065065565,2.632,0,0
11265,1.1381064984484,2.6325,0,0
11266,1.1381064903403,2.633,0,0
11267,1.1381064822322,2.6335,0,0
11268,1.1381064741241,2.634,0,0
11269,1.138106466016,2.6345,0,0
11270,1.1381064579079,2.635,0,0
11271,1.1381064497998,2.6355,0,0
11272,1.1381064416917,2.636,0,0
11273,1.1381064335836,2.6365,0,0
11274,1.1381064254755,2.637,0,0
11275,1.1381064173673,2.6375,0,0
11276,1.1381064092592,2.638,0,0
11277,1.1381064011511,2.6385,0,0
11278,1.138106393043,2.639,0,0
11279,1.1381063849349,2.6395,0,0
11280,1.1381063768268,2.64,0,0
11281,1.1381063687187,2.6405,0,0
11282,1.1381063606106,2.641,0,0
11283,1.1381063525025,2.6415,0,0
11284,1.1381063443944,2.642,0,0
11285,1.1381063362863,2.6425,0,0
11286,1.1381063281782,2.643,0,0
11287,1.13810632007,2.6435,0,0
11288,1.1381063119619,2.644,0,0
11289,1.1381063038538,2.6445,0,0
11290,1.1381062957457,2.645,0,0
11291,1.1381062876376,2.6455,0,0
11292,1.1381062795295,2.646,0,0
11293,1.1381062714214,2.6465,0,0
11294,1.1381062633133,2.647,0,0
11295,1.1381062552052,2.6475,0,0
11296,1.1381062470971,2.648,0,0
11297,1.138106238989,2.6485,0,0
11298,1.1381062308809,2.649,0,0
11299,1.1381062227727,2.6495,0,0
11300,1.1381062146646,2.65,0,0
11301,1.1381062065565,2.6505,0,0
11302,1.1381061984484,2.651,0,0
11303,1.1381061903403,2.6515,0,0
11304,1.1381061822322,2.652,0,0
11305,1.1381061741241,2.6525,0,0
11306,1.138106166016,2.653,0,0
11307,1.1381061579079,2.6535,0,0
11308,1.1381061497998,2.654,0,0
11309,1.1381061416917,2.6545,0,0
11310,1.1381061335836,2.655,0,0
11311,1.1381061254755,2.6555,0,0
11312,1.1381061173673,2.656,0,0
11313,1.1381061092592,2.6565,0,0
11314,1.1381061011511,2.657,0,0
11315,1.138106093043,2.6575,0,0
11316,1.1381060849349,2.658,0,0
11317,1.1381060768268,2.6585,0,0
11318,1.1381060687187,2.659,0,0
11319,1.1381060606106,2.6595,0,0
11320,1.1381060525025,2.66,0,0
11321,1.1381060443944,2.6605,0,0
11322,1.1381060362863,2.661,0,0
11323,1.1381060281782,2.6615,0,0
11324,1.13810602007,2.662,0,0
11325,1.1381060119619,2.6625,0,0
11326,1.1381060038538,2.663,0,0
11327,1.1381059957457,2.6635,0,0
11328,1.1381059876376,2.664,0,0
11329,1.1381059795295,2.6645,0,0
11330,1.1381059714214,2.665,0,0
11331,1.1381059633133,2.6655,0,0
11332,1.1381059552052,2.666,0,0
11333,1.1381059470971,2.6665,0,0
11334,1.138105938989,2.667,0,0
11335,1.1381059308809,2.6675,0,0
11336,1.1381059227727,2.668,0,0
11337,1.1381059146646,2.6685,0,0
11338,1.1381059065565,2.669,0,0
11339,1.1381058984484,2.6695,0,0
11340,1.1381058903403,2.67,0,0
11341,1.1381058822322,2.6705,0,0
11342,1.1381058741241,2.671,0,0
11343,1.138105866016,2.6715,0,0
11344,1.1381058579079,2.672,0,0
11345,1.1381058497998,2.6725,0,0
11346,1.1381058416917,2.673,0,0
11347,1.1381058335836,2.6735,0,0
11348,1.1381058254755,2.674,0,0
11349,1.1381058173673,2.6745,0,0
11350,1.1381058092592,2.675,0,0
11351,1.1381058011511,2.6755,0,0
11352,1.138105793043,2.676,0,0
11353,1.1381057849349,2.6765,0,0
11354,1.1381057768268,2.677,0,0
11355,1.1381057687187,2.6775,0,0
11356,1.1381057606106,2.678,0,0
11357,1.1381057525025,2.6785,0,0
11358,1.1381057443944,2.679,0,0
11359,1.1381057362863,2.6795,0,0
11360,1.1381057281782,2.68,0,0
11361,1.13810572007,2.6805,0,0
11362,1.1381057119619,2.681,0,0
11363,1.1381057038538,2.6815,0,0
11364,1.1381056957457,2.682,0,0
11365,1.1381056876376,2.6825,0,0
11366,1.1381056795295,2.683,0,0
11367,1.1381056714214,2.6835,0,0
11368,1.1381056633133,2.684,0,0
11369,1.1381056552052,2.6845,0,0
11370,1.1381056470971,2.685,0,0
11371,1.138105638989,2.6855,0,0
11372,1.1381056308809,2.686,0,0
11373,1.1381056227727,2.6865,0,0
11374,1.1381056146646,2.687,0,0
11375,1.1381056065565,2.6875,0,0
11376,1.1381055984484,2.688,0,0
11377,1.1381055903403,2.6885,0,0
11378,1.1381055822322,2.689,0,0
11379,1.1381055741241,2.6895,0,0
11380,1.138105566016,2.69,0,0
11381,1.1381055579079,2.6905,0,0
11382,1.1381055497998,2.691,0,0
11383,1.1381055416917,2.6915,0,0
11384,1.1381055335836,2.692,0,0
11385,1.1381055254755,2.6925,0,0
11386,1.1381055173673,2.693,0,0
11387,1.1381055092592,2.6935,0,0
11388,1.1381055011511,2.694,0,0
11389,1.138105493043,2.6945,0,0
11390,1.1381054849349,2.695,0,0
11391,1.1381054768268,2.6955,0,0
11392,1.1381054687187,2.696,0,0
11393,1.1381054606106,2.6965,0,0
11394,1.1381054525025,2.697,0,0
11395,1.1381054443944,2.6975,0,0
11396,1.1381054362863,2.698,0,0
11397,1.1381054281782,2.6985,0,0
11398,1.13810542007,2.699,0,0
11399,1.1381054119619,2.6995,0,0
11400,1.1381054038538,2.7,0,0
11401,1.1381053957457,2.7005,0,0
11402,1.1381053876376,2.701,0,0
11403,1.1381053795295,2.7015,0,0
11404,1.1381053714214,2.702,0,0
11405,1.1381053633133,2.7025,0,0
11406,1.1381053552052,2.703,0,0
11407,1.1381053470971,2.7035,0,0
11408,1.138105338989,2.704,0,0
11409,1.1381053308809,2.7045,0,0
11410,1.1381053227728,2.705,0,0
11411,1.1381053146646,2.7055,0,0
11412,1.1381053065565,2.706,0,0
11413,1.1381052984484,2.7065,0,0
11414,1.1381052903403,2.707,0,0
11415,1.1381052822322,2.7075,0,0
11416,1.1381052741241,2.708,0,0
11417,1.138105266016,2.7085,0,0
11418,1.1381052579079,2.709,0,0
11419,1.1381052497998,2.7095,0,0
11420,1.1381052416917,2.71,0,0
11421,1.1381052335836,2.7105,0,0
11422,1.1381052254755,2.711,0,0
11423,1.1381052173673,2.7115,0,0
11424,1.1381052092592,2.712,0,0
11425,1.1381052011511,2.7125,0,0
11426,1.138105193043,2.713,0,0
11427,1.1381051849349,2.7135,0,0
11428,1.1381051768268,2.714,0,0
11429,1.1381051687187,2.7145,0,0
11430,1.1381051606106,2.715,0,0
11431,1.1381051525025,2.7155,0,0
11432,1.1381051443944,2.716,0,0
11433,1.1381051362863,2.7165,0,0
11434,1.1381051281782,2.717,0,0
11435,1.13810512007,2.7175,0,0
11436,1.1381051119619,2.718,0,0
11437,1.1381051038538,2.7185,0,0
11438,1.1381050957457,2.719,0,0
11439,1.1381050876376,2.7195,0,0
11440,1.1381050795295,2.72,0,0
11441,1.1381050714214,2.7205,0,0
11442,1.1381050633133,2.721,0,0
11443,1.1381050552052,2.7215,0,0
11444,1.1381050470971,2.722,0,0
11445,1.138105038989,2.7225,0,0
11446,1.1381050308809,2.723,0,0
11447,1.1381050227727,2.7235,0,0
11448,1.1381050146646,2.724,0,0
11449,1.1381050065565,2.7245,0,0
11450,1.1381049984484,2.725,0,0
11451,1.1381049903403,2.7255,0,0
11452,1.1381049822322,2.726,0,0
11453,1.1381049741241,2.7265,0,0
11454,1.138104966016,2.727,0,0
11455,1.1381049579079,2.7275,0,0
11456,1.1381049497998,2.728,0,0
11457,1.1381049416917,2.7285,0,0
11458,1.1381049335836,2.729,0,0
11459,1.1381049254755,2.7295,0,0
11460,1.1381049173673,2.73,0,0
11461,1.1381049092592,2.7305,0,0
11462,1.1381049011511,2.731,0,0
11463,1.138104893043,2.7315,0,0
11464,1.1381048849349,2.732,0,0
11465,1.1381048768268,2.7325,0,0
11466,1.1381048687187,2.733,0,0
11467,1.1381048606106,2.7335,0,0
11468,1.1381048525025,2.734,0,0
11469,1.1381048443944,2.7345,0,0
11470,1.1381048362863,2.735,0,0
11471,1.1381048281782,2.7355,0,0
11472,1.13810482007,2.736,0,0
11473,1.1381048119619,2.7365,0,0
11474,1.1381048038538,2.737,0,0
11475,1.1381047957457,2.7375,0,0
11476,1.1381047876376,2.738,0,0
11477,1.1381047795295,2.7385,0,0
11478,1.1381047714214,2.739,0,0
11479,1.1381047633133,2.7395,0,0
11480,1.1381047552052,2.74,0,0
11481,1.1381047470971,2.7405,0,0
11482,1.138104738989,2.741,0,0
11483,1.1381047308809,2.7415,0,0
11484,1.1381047227727,2.742,0,0
11485,1.1381047146646,2.7425,0,0
11486,1.1381047065565,2.743,0,0
11487,1.1381046984484,2.7435,0,0
11488,1.1381046903403,2.744,0,0
11489,1.1381046822322,2.7445,0,0
11490,1.1381046741241,2.745,0,0
11491,1.138104666016,2.7455,0,0
11492,1.1381046579079,2.746,0,0
11493,1.1381046497998,2.7465,0,0
11494,1.1381046416917,2.747,0,0
11495,1.1381046335836,2.7475,0,0
11496,1.1381046254755,2.748,0,0
11497,1.1381046173673,2.7485,0,0
11498,1.1381046092592,2.749,0,0
11499,1.1381046011511,2.7495,0,0
11500,1.138104593043,2.75,0,0
11501,1.1381045849349,2.7505,0,0
11502,1.1381045768268,2.751,0,0
11503,1.1381045687187,2.7515,0,0
11504,1.1381045606106,2.752,0,0
11505,1.1381045525025,2.7525,0,0
11506,1.1381045443944,2.753,0,0
11507,1.1381045362863,2.7535,0,0
11508,1.1381045281782,2.754,0,0
11509,1.13810452007,2.7545,0,0
11510,1.1381045119619,2.755,0,0
11511,1.1381045038538,2.7555,0,0
11512,1.1381044957457,2.756,0,0
11513,1.1381044876376,2.7565,0,0
11514,1.1381044795295,2.757,0,0
11515,1.1381044714214,2.7575,0,0
11516,1.1381044633133,2.758,0,0
11517,1.1381044552052,2.7585,0,0
11518,1.1381044470971,2.759,0,0
11519,1.138104438989,2.7595,0,0
11520,1.1381044308809,2.76,0,0
11521,1.1381044227727,2.7605,0,0
11522,1.1381044146646,2.761,0,0
11523,1.1381044065565,2.7615,0,0
11524,1.1381043984484,2.762,0,0
11525,1.1381043903403,2.7625,0,0
11526,1.1381043822322,2.763,0,0
11527,1.1381043741241,2.7635,0,0
11528,1.138104366016,2.764,0,0
11529,1.1381043579079,2.7645,0,0
11530,1.1381043497998,2.765,0,0
11531,1.1381043416917,2.7655,0,0
11532,1.1381043335836,2.766,0,0
11533,1.1381043254755,2.7665,0,0
11534,1.1381043173673,2.767,0,0
11535,1.1381043092592,2.7675,0,0
11536,1.1381043011511,2.768,0,0
11537,1.138104293043,2.7685,0,0
11538,1.1381042849349,2.769,0,0
11539,1.1381042768268,2.7695,0,0
11540,1.1381042687187,2.77,0,0
11541,1.1381042606106,2.7705,0,0
11542,1.1381042525025,2.771,0,0
11543,1.1381042443944,2.7715,0,0
11544,1.1381042362863,2.772,0,0
11545,1.1381042281782,2.7725,0,0
11546,1.13810422007,2.773,0,0
11547,1.1381042119619,2.7735,0,0
11548,1.1381042038538,2.774,0,0
11549,1.1381041957457,2.7745,0,0
11550,1.1381041876376,2.775,0,0
11551,1.1381041795295,2.7755,0,0
11552,1.1381041714214,2.776,0,0
11553,1.1381041633133,2.7765,0,0
11554,1.1381041552052,2.777,0,0
11555,1.1381041470971,2.7775,0,0
11556,1.138104138989,2.778,0,0
11557,1.1381041308809,2.7785,0,0
11558,1.1381041227727,2.779,0,0
11559,1.1381041146646,2.7795,0,0
11560,1.1381041065565,2.78,0,0
11561,1.1381040984484,2.7805,0,0
11562,1.1381040903403,2.781,0,0
11563,1.1381040822322,2.7815,0,0
11564,1.1381040741241,2.782,0,0
11565,1.138104066016,2.7825,0,0
11566,1.1381040579079,2.783,0,0
11567,1.1381040497998,2.7835,0,0
11568,1.1381040416917,2.784,0,0
11569,1.1381040335836,2.7845,0,0
11570,1.1381040254755,2.785,0,0
11571,1.1381040173673,2.7855,0,0
11572,1.1381040092592,2.786,0,0
11573,1.1381040011511,2.7865,0,0
11574,1.138103993043,2.787,0,0
11575,1.1381039849349,2.7875,0,0
11576,1.1381039768268,2.788,0,0
11577,1.1381039687187,2.7885,0,0
11578,1.1381039606106,2.789,0,0
11579,1.1381039525025,2.7895,0,0
11580,1.1381039443944,2.79,0,0
11581,1.1381039362863,2.7905,0,0
11582,1.1381039281782,2.791,0,0
11583,1.13810392007,2.7915,0,0
11584,1.1381039119619,2.792,0,0
11585,1.1381039038538,2.7925,0,0
11586,1.1381038957457,2.793,0,0
11587,1.1381038876376,2.7935,0,0
11588,1.1381038795295,2.794,0,0
11589,1.1381038714214,2.7945,0,0
11590,1.1381038633133,2.795,0,0
11591,1.1381038552052,2.7955,0,0
11592,1.1381038470971,2.796,0,0
11593,1.138103838989,2.7965,0,0
11594,1.1381038308809,2.797,0,0
11595,1.1381038227727,2.7975,0,0
11596,1.1381038146646,2.798,0,0
11597,1.1381038065565,2.7985,0,0
11598,1.1381037984484,2.799,0,0
11599,1.1381037903403,2.7995,0,0
11600,1.1381037822322,2.8,0,0
11601,1.1381037741241,2.8005,0,0
11602,1.138103766016,2.801,0,0
11603,1.1381037579079,2.8015,0,0
11604,1.1381037497998,2.802,0,0
11605,1.1381037416917,2.8025,0,0
11606,1.1381037335836,2.803,0,0
11607,1.1381037254755,2.8035,0,0
11608,1.1381037173673,2.804,0,0
11609,1.1381037092592,2.8045,0,0
11610,1.1381037011511,2.805,0,0
11611,1.138103693043,2.8055,0,0
11612,1.1381036849349,2.806,0,0
11613,1.1381036768268,2.8065,0,0
11614,1.1381036687187,2.807,0,0
11615,1.1381036606106,2.8075,0,0
11616,1.1381036525025,2.808,0,0
11617,1.1381036443944,2.8085,0,0
11618,1.1381036362863,2.809,0,0
11619,1.1381036281782,2.8095,0,0
11620,1.13810362007,2.81,0,0
11621,1.1381036119619,2.8105,0,0
11622,1.1381036038538,2.811,0,0
11623,1.1381035957457,2.8115,0,0
11624,1.1381035876376,2.812,0,0
11625,1.1381035795295,2.8125,0,0
11626,1.1381035714214,2.813,0,0
11627,1.1381035633133,2.8135,0,0
11628,1.1381035552052,2.814,0,0
11629,1.1381035470971,2.8145,0,0
11630,1.138103538989,2.815,0,0
11631,1.1381035308809,2.8155,0,0
11632,1.1381035227727,2.816,0,0
11633,1.1381035146646,2.8165,0,0
11634,1.1381035065565,2.817,0,0
11635,1.1381034984484,2.8175,0,0
11636,1.1381034903403,2.818,0,0
11637,1.1381034822322,2.8185,0,0
11638,1.1381034741241,2.819,0,0
11639,1.138103466016,2.8195,0,0
11640,1.1381034579079,2.82,0,0
11641,1.1381034497998,2.8205,0,0
11642,1.1381034416917,2.821,0,0
11643,1.1381034335836,2.8215,0,0
11644,1.1381034254755,2.822,0,0
11645,1.1381034173673,2.8225,0,0
11646,1.1381034092592,2.823,0,0
11647,1.1381034011511,2.8235,0,0
11648,1.138103393043,2.824,0,0
11649,1.1381033849349,2.8245,0,0
11650,1.1381033768268,2.825,0,0
11651,1.1381033687187,2.8255,0,0
11652,1.1381033606106,2.826,0,0
11653,1.1381033525025,2.8265,0,0
11654,1.1381033443944,2.827,0,0
11655,1.1381033362863,2.8275,0,0
11656,1.1381033281782,2.828,0,0
11657,1.13810332007,2.8285,0,0
11658,1.1381033119619,2.829,0,0
11659,1.1381033038538,2.8295,0,0
11660,1.1381032957457,2.83,0,0
11661,1.1381032876376,2.8305,0,0
11662,1.1381032795295,2.831,0,0
11663,1.1381032714214,2.8315,0,0
11664,1.1381032633133,2.832,0,0
11665,1.1381032552052,2.8325,0,0
11666,1.1381032470971,2.833,0,0
11667,1.138103238989,2.8335,0,0
11668,1.1381032308809,2.834,0,0
11669,1.1381032227727,2.8345,0,0
11670,1.1381032146646,2.835,0,0
11671,1.1381032065565,2.8355,0,0
11672,1.1381031984484,2.836,0,0
11673,1.1381031903403,2.8365,0,0
11674,1.1381031822322,2.837,0,0
11675,1.1381031741241,2.8375,0,0
11676,1.138103166016,2.838,0,0
11677,1.1381031579079,2.8385,0,0
11678,1.1381031497998,2.839,0,0
11679,1.1381031416917,2.8395,0,0
11680,1.1381031335836,2.84,0,0
11681,1.1381031254755,2.8405,0,0
11682,1.1381031173673,2.841,0,0
11683,1.1381031092592,2.8415,0,0
11684,1.1381031011511,2.842,0,0
11685,1.138103093043,2.8425,0,0
11686,1.1381030849349,2.843,0,0
11687,1.1381030768268,2.8435,0,0
11688,1.1381030687187,2.844,0,0
11689,1.1381030606106,2.8445,0,0
11690,1.1381030525025,2.845,0,0
11691,1.1381030443944,2.8455,0,0
11692,1.1381030362863,2.846,0,0
11693,1.1381030281782,2.8465,0,0
11694,1.13810302007,2.847,0,0
11695,1.1381030119619,2.8475,0,0
11696,1.1381030038538,2.848,0,0
11697,1.1381029957457,2.8485,0,0
11698,1.1381029876376,2.849,0,0
11699,1.1381029795295,2.8495,0,0
11700,1.1381029714214,2.85,0,0
11701,1.1381029633133,2.8505,0,0
11702,1.1381029552052,2.851,0,0
11703,1.1381029470971,2.8515,0,0
11704,1.138102938989,2.852,0,0
11705,1.1381029308809,2.8525,0,0
11706,1.1381029227727,2.853,0,0
11707,1.1381029146646,2.8535,0,0
11708,1.1381029065565,2.854,0,0
11709,1.1381028984484,2.8545,0,0
11710,1.1381028903403,2.855,0,0
11711,1.1381028822322,2.8555,0,0
11712,1.1381028741241,2.856,0,0
11713,1.138102866016,2.8565,0,0
11714,1.1381028579079,2.857,0,0
11715,1.1381028497998,2.8575,0,0
11716,1.1381028416917,2.858,0,0
11717,1.1381028335836,2.8585,0,0
11718,1.1381028254755,2.859,0,0
11719,1.1381028173673,2.8595,0,0
11720,1.1381028092592,2.86,0,0
11721,1.1381028011511,2.8605,0,0
11722,1.138102793043,2.861,0,0
11723,1.1381027849349,2.8615,0,0
11724,1.1381027768268,2.862,0,0
11725,1.1381027687187,2.8625,0,0
11726,1.1381027606106,2.863,0,0
11727,1.1381027525025,2.8635,0,0
11728,1.1381027443944,2.864,0,0
11729,1.1381027362863,2.8645,0,0
11730,1.1381027281782,2.865,0,0
11731,1.13810272007,2.8655,0,0
11732,1.1381027119619,2.866,0,0
11733,1.1381027038538,2.8665,0,0
11734,1.1381026957457,2.867,0,0
11735,1.1381026876376,2.8675,0,0
11736,1.1381026795295,2.868,0,0
11737,1.1381026714214,2.8685,0,0
11738,1.1381026633133,2.869,0,0
11739,1.1381026552052,2.8695,0,0
11740,1.1381026470971,2.87,0,0
11741,1.138102638989,2.8705,0,0
11742,1.1381026308809,2.871,0,0
11743,1.1381026227727,2.8715,0,0
11744,1.1381026146646,2.872,0,0
11745,1.1381026065565,2.8725,0,0
11746,1.1381025984484,2.873,0,0
11747,1.1381025903403,2.8735,0,0
11748,1.1381025822322,2.874,0,0
11749,1.1381025741241,2.8745,0,0
11750,1.138102566016,2.875,0,0
11751,1.1381025579079,2.8755,0,0
11752,1.1381025497998,2.876,0,0
11753,1.1381025416917,2.8765,0,0
11754,1.1381025335836,2.877,0,0
11755,1.1381025254755,2.8775,0,0
11756,1.1381025173673,2.878,0,0
11757,1.1381025092592,2.8785,0,0
11758,1.1381025011511,2.879,0,0
11759,1.138102493043,2.8795,0,0
11760,1.1381024849349,2.88,0,0
11761,1.1381024768268,2.8805,0,0
11762,1.1381024687187,2.881,0,0
11763,1.1381024606106,2.8815,0,0
11764,1.1381024525025,2.882,0,0
11765,1.1381024443944,2.8825,0,0
11766,1.1381024362863,2.883,0,0
11767,1.1381024281782,2.8835,0,0
11768,1.13810242007,2.884,0,0
11769,1.1381024119619,2.8845,0,0
11770,1.1381024038538,2.885,0,0
11771,1.1381023957457,2.8855,0,0
11772,1.1381023876376,2.886,0,0
11773,1.1381023795295,2.8865,0,0
11774,1.1381023714214,2.887,0,0
11775,1.1381023633133,2.8875,0,0
11776,1.1381023552052,2.888,0,0
11777,1.1381023470971,2.8885,0,0
11778,1.138102338989,2.889,0,0
11779,1.1381023308809,2.8895,0,0
11780,1.1381023227727,2.89,0,0
11781,1.1381023146646,2.8905,0,0
11782,1.1381023065565,2.891,0,0
11783,1.1381022984484,2.8915,0,0
11784,1.1381022903403,2.892,0,0
11785,1.1381022822322,2.8925,0,0
11786,1.1381022741241,2.893,0,0
11787,1.138102266016,2.8935,0,0
11788,1.1381022579079,2.894,0,0
11789,1.1381022497998,2.8945,0,0
11790,1.1381022416917,2.895,0,0
11791,1.1381022335836,2.8955,0,0
11792,1.1381022254755,2.896,0,0
11793,1.1381022173673,2.8965,0,0
11794,1.1381022092592,2.897,0,0
11795,1.1381022011511,2.8975,0,0
11796,1.138102193043,2.898,0,0
11797,1.1381021849349,2.8985,0,0
11798,1.1381021768268,2.899,0,0
11799,1.1381021687187,2.8995,0,0
11800,1.1381021606106,2.9,0,0
11801,1.1381021525025,2.9005,0,0
11802,1.1381021443944,2.901,0,0
11803,1.1381021362863,2.9015,0,0
11804,1.1381021281782,2.902,0,0
11805,1.13810212007,2.9025,0,0
11806,1.1381021119619,2.903,0,0
11807,1.1381021038538,2.9035,0,0
11808,1.1381020957457,2.904,0,0
11809,1.1381020876376,2.9045,0,0
11810,1.1381020795295,2.905,0,0
11811,1.1381020714214,2.9055,0,0
11812,1.1381020633133,2.906,0,0
11813,1.1381020552052,2.9065,0,0
11814,1.1381020470971,2.907,0,0
11815,1.138102038989,2.9075,0,0
11816,1.1381020308809,2.908,0,0
11817,1.1381020227727,2.9085,0,0
11818,1.1381020146646,2.909,0,0
11819,1.1381020065565,2.9095,0,0
11820,1.1381019984484,2.91,0,0
11821,1.1381019903403,2.9105,0,0
11822,1.1381019822322,2.911,0,0
11823,1.1381019741241,2.9115,0,0
11824,1.138101966016,2.912,0,0
11825,1.1381019579079,2.9125,0,0
11826,1.1381019497998,2.913,0,0
11827,1.1381019416917,2.9135,0,0
11828,1.1381019335836,2.914,0,0
11829,1.1381019254755,2.9145,0,0
11830,1.1381019173673,2.915,0,0
11831,1.1381019092592,2.9155,0,0
11832,1.1381019011511,2.916,0,0
11833,1.138101893043,2.9165,0,0
11834,1.1381018849349,2.917,0,0
11835,1.1381018768268,2.9175,0,0
11836,1.1381018687187,2.918,0,0
11837,1.1381018606106,2.9185,0,0
11838,1.1381018525025,2.919,0,0
11839,1.1381018443944,2.9195,0,0
11840,1.1381018362863,2.92,0,0
11841,1.1381018281782,2.9205,0,0
11842,1.13810182007,2.921,0,0
11843,1.1381018119619,2.9215,0,0
11844,1.1381018038538,2.922,0,0
11845,1.1381017957457,2.9225,0,0
11846,1.1381017876376,2.923,0,0
11847,1.1381017795295,2.9235,0,0
11848,1.1381017714214,2.924,0,0
11849,1.1381017633133,2.9245,0,0
11850,1.1381017552052,2.925,0,0
11851,1.1381017470971,2.9255,0,0
11852,1.138101738989,2.926,0,0
11853,1.1381017308809,2.9265,0,0
11854,1.1381017227727,2.927,0,0
11855,1.1381017146646,2.9275,0,0
11856,1.1381017065565,2.928,0,0
11857,1.1381016984484,2.9285,0,0
11858,1.1381016903403,2.929,0,0
11859,1.1381016822322,2.9295,0,0
11860,1.1381016741241,2.93,0,0
11861,1.138101666016,2.9305,0,0
11862,1.1381016579079,2.931,0,0
11863,1.1381016497998,2.9315,0,0
11864,1.1381016416917,2.932,0,0
11865,1.1381016335836,2.9325,0,0
11866,1.1381016254754,2.933,0,0
11867,1.1381016173673,2.9335,0,0
11868,1.1381016092592,2.934,0,0
11869,1.1381016011511,2.9345,0,0
11870,1.138101593043,2.935,0,0
11871,1.1381015849349,2.9355,0,0
11872,1.1381015768268,2.936,0,0
11873,1.1381015687187,2.9365,0,0
11874,1.1381015606106,2.937,0,0
11875,1.1381015525025,2.9375,0,0
11876,1.1381015443944,2.938,0,0
11877,1.1381015362863,2.9385,0,0
11878,1.1381015281782,2.939,0,0
11879,1.13810152007,2.9395,0,0
11880,1.1381015119619,2.94,0,0
11881,1.1381015038538,2.9405,0,0
11882,1.1381014957457,2.941,0,0
11883,1.1381014876376,2.9415,0,0
11884,1.1381014795295,2.942,0,0
11885,1.1381014714214,2.9425,0,0
11886,1.1381014633133,2.943,0,0
11887,1.1381014552052,2.9435,0,0
11888,1.1381014470971,2.944,0,0
11889,1.138101438989,2.9445,0,0
11890,1.1381014308809,2.945,0,0
11891,1.1381014227727,2.9455,0,0
11892,1.1381014146646,2.946,0,0
11893,1.1381014065565,2.9465,0,0
11894,1.1381013984484,2.947,0,0
11895,1.1381013903403,2.9475,0,0
11896,1.1381013822322,2.948,0,0
11897,1.1381013741241,2.9485,0,0
11898,1.138101366016,2.949,0,0
11899,1.1381013579079,2.9495,0,0
11900,1.1381013497998,2.95,0,0
11901,1.1381013416917,2.9505,0,0
11902,1.1381013335836,2.951,0,0
11903,1.1381013254755,2.9515,0,0
11904,1.1381013173673,2.952,0,0
11905,1.1381013092592,2.9525,0,0
11906,1.1381013011511,2.953,0,0
11907,1.138101293043,2.9535,0,0
11908,1.1381012849349,2.954,0,0
11909,1.1381012768268,2.9545,0,0
11910,1.1381012687187,2.955,0,0
11911,1.1381012606106,2.9555,0,0
11912,1.1381012525025,2.956,0,0
11913,1.1381012443944,2.9565,0,0
11914,1.1381012362863,2.957,0,0
11915,1.1381012281782,2.9575,0,0
11916,1.13810122007,2.958,0,0
11917,1.1381012119619,2.9585,0,0
11918,1.1381012038538,2.959,0,0
11919,1.1381011957457,2.9595,0,0
11920,1.1381011876376,2.96,0,0
11921,1.1381011795295,2.9605,0,0
11922,1.1381011714214,2.961,0,0
11923,1.1381011633133,2.9615,0,0
11924,1.1381011552052,2.962,0,0
11925,1.1381011470971,2.9625,0,0
11926,1.138101138989,2.963,0,0
11927,1.1381011308809,2.9635,0,0
11928,1.1381011227727,2.964,0,0
11929,1.1381011146646,2.9645,0,0
11930,1.1381011065565,2.965,0,0
11931,1.1381010984484,2.9655,0,0
11932,1.1381010903403,2.966,0,0
11933,1.1381010822322,2.9665,0,0
11934,1.1381010741241,2.967,0,0
11935,1.138101066016,2.9675,0,0
11936,1.1381010579079,2.968,0,0
11937,1.1381010497998,2.9685,0,0
11938,1.1381010416917,2.969,0,0
11939,1.1381010335836,2.9695,0,0
11940,1.1381010254755,2.97,0,0
11941,1.1381010173673,2.9705,0,0
11942,1.1381010092592,2.971,0,0
11943,1.1381010011511,2.9715,0,0
11944,1.138100993043,2.972,0,0
11945,1.1381009849349,2.9725,0,0
11946,1.1381009768268,2.973,0,0
11947,1.1381009687187,2.9735,0,0
11948,1.1381009606106,2.974,0,0
11949,1.1381009525025,2.9745,0,0
11950,1.1381009443944,2.975,0,0
11951,1.1381009362863,2.9755,0,0
11952,1.1381009281782,2.976,0,0
11953,1.13810092007,2.9765,0,0
11954,1.1381009119619,2.977,0,0
11955,1.1381009038538,2.9775,0,0
11956,1.1381008957457,2.978,0,0
11957,1.1381008876376,2.9785,0,0
11958,1.1381008795295,2.979,0,0
11959,1.1381008714214,2.9795,0,0
11960,1.1381008633133,2.98,0,0
11961,1.1381008552052,2.9805,0,0
11962,1.1381008470971,2.981,0,0
11963,1.138100838989,2.9815,0,0
11964,1.1381008308809,2.982,0,0
11965,1.1381008227727,2.9825,0,0
11966,1.1381008146646,2.983,0,0
11967,1.1381008065565,2.9835,0,0
11968,1.1381007984484,2.984,0,0
11969,1.1381007903403,2.9845,0,0
11970,1.1381007822322,2.985,0,0
11971,1.1381007741241,2.9855,0,0
11972,1.138100766016,2.986,0,0
11973,1.1381007579079,2.9865,0,0
11974,1.1381007497998,2.987,0,0
11975,1.1381007416917,2.9875,0,0
11976,1.1381007335836,2.988,0,0
11977,1.1381007254755,2.9885,0,0
11978,1.1381007173673,2.989,0,0
11979,1.1381007092592,2.9895,0,0
11980,1.1381007011511,2.99,0,0
11981,1.138100693043,2.9905,0,0
11982,1.1381006849349,2.991,0,0
11983,1.1381006768268,2.9915,0,0
11984,1.1381006687187,2.992,0,0
11985,1.1381006606106,2.9925,0,0
11986,1.1381006525025,2.993,0,0
11987,1.1381006443944,2.9935,0,0
11988,1.1381006362863,2.994,0,0
11989,1.1381006281782,2.9945,0,0
11990,1.13810062007,2.995,0,0
11991,1.1381006119619,2.9955,0,0
11992,1.1381006038538,2.996,0,0
11993,1.1381005957457,2.9965,0,0
11994,1.1381005876376,2.997,0,0
11995,1.1381005795295,2.9975,0,0
11996,1.1381005714215,2.998,0,0
11997,1.1381005633129,2.9985,0,0
11998,1.1381005552066,2.999,0,0
11999,1.1381005470917,2.9995,0,0
12000,1.138100539009,3,0,0
