ci,id,x,y,z
0.6880936472704,0,-2,0,0
0.68809364720292,1,-1.9995,0,0
0.68809364700046,2,-1.999,0,0
0.68809364666304,3,-1.9985,0,0
0.68809364619066,4,-1.998,0,0
0.6880936455833,5,-1.9975,0,0
0.68809364484098,6,-1.997,0,0
0.68809364396369,7,-1.9965,0,0
0.68809364295143,8,-1.996,0,0
0.68809364180421,9,-1.9955,0,0
0.68809364052202,10,-1.995,0,0
0.68809363910486,11,-1.9945,0,0
0.68809363755273,12,-1.994,0,0
0.68809363586563,13,-1.9935,0,0
0.68809363404357,14,-1.993,0,0
0.68809363208654,15,-1.9925,0,0
0.68809362999454,16,-1.992,0,0
0.68809362776757,17,-1.9915,0,0
0.68809362540564,18,-1.991,0,0
0.68809362290873,19,-1.9905,0,0
0.68809362027686,20,-1.99,0,0
0.68809361751003,21,-1.9895,0,0
0.68809361460822,22,-1.989,0,0
0.68809361157145,23,-1.9885,0,0
0.68809360839971,24,-1.988,0,0
0.688093605093,25,-1.9875,0,0
0.68809360165132,26,-1.987,0,0
0.68809359807468,27,-1.9865,0,0
0.68809359436307,28,-1.986,0,0
0.68809359051649,29,-1.9855,0,0
0.68809358653494,30,-1.985,0,0
0.68809358241843,31,-1.9845,0,0
0.68809357816695,32,-1.984,0,0
0.6880935737805,33,-1.9835,0,0
0.68809356925908,34,-1.983,0,0
0.68809356460269,35,-1.9825,0,0
0.68809355981134,36,-1.982,0,0
0.68809355488502,37,-1.9815,0,0
0.68809354982373,38,-1.981,0,0
0.68809354462748,39,-1.9805,0,0
0.68809353929625,40,-1.98,0,0
0.68809353383006,41,-1.9795,0,0
0.6880935282289,42,-1.979,0,0
0.68809352249277,43,-1.9785,0,0
0.68809351662168,44,-1.978,0,0
0.68809351061561,45,-1.9775,0,0
0.68809350447458,46,-1.977,0,0
0.68809349819858,47,-1.9765,0,0
0.68809349178762,48,-1.976,0,0
0.68809348524168,49,-1.9755,0,0
0.68809347856078,50,-1.975,0,0
0.68809347174491,51,-1.9745,0,0
0.68809346479407,52,-1.974,0,0
0.68809345770827,53,-1.9735,0,0
0.6880934504875,54,-1.973,0,0
0.68809344313176,55,-1.9725,0,0
0.68809343564105,56,-1.972,0,0
0.68809342801537,57,-1.9715,0,0
0.68809342025472,58,-1.971,0,0
0.68809341235911,59,-1.9705,0,0
0.68809340432853,60,-1.97,0,0
0.68809339616298,61,-1.9695,0,0
0.68809338786247,62,-1.969,0,0
0.68809337942698,63,-1.9685,0,0
0.68809337085653,64,-1.968,0,0
0.68809336215111,65,-1.9675,0,0
0.68809335331072,66,-1.967,0,0
0.68809334433537,67,-1.9665,0,0
0.68809333522504,68,-1.966,0,0
0.68809332597975,69,-1.9655,0,0
0.68809331659949,70,-1.965,0,0
0.68809330708427,71,-1.9645,0,0
0.68809329743407,72,-1.964,0,0
0.68809328764891,73,-1.9635,0,0
0.68809327772878,74,-1.963,0,0
0.68809326767368,75,-1.9625,0,0
0.68809325748361,76,-1.962,0,0
0.68809324715857,77,-1.9615,0,0
0.68809323669857,78,-1.961,0,0
0.6880932261036,79,-1.9605,0,0
0.68809321537366,80,-1.96,0,0
0.68809320450875,81,-1.9595,0,0
0.68809319350888,82,-1.959,0,0
0.68809318237403,83,-1.9585,0,0
0.68809317110422,84,-1.958,0,0
0.68809315969944,85,-1.9575,0,0
0.68809314815969,86,-1.957,0,0
0.68809313648498,87,-1.9565,0,0
0.68809312467529,88,-1.956,0,0
0.68809311273064,89,-1.9555,0,0
0.68809310065102,90,-1.955,0,0
0.68809308843643,91,-1.9545,0,0
0.68809307608688,92,-1.954,0,0
0.68809306360235,93,-1.9535,0,0
0.68809305098286,94,-1.953,0,0
0.6880930382284,95,-1.9525,0,0
0.68809302533897,96,-1.952,0,0
0.68809301231457,97,-1.9515,0,0
0.68809299915521,98,-1.951,0,0
0.68809298586087,99,-1.9505,0,0
0.68809297243157,100,-1.95,0,0
0.6880929588673,101,-1.9495,0,0
0.68809294516806,102,-1.949,0,0
0.68809293133386,103,-1.9485,0,0
0.68809291736468,104,-1.948,0,0
0.68809290326054,105,-1.9475,0,0
0.68809288902143,106,-1.947,0,0
0.68809287464735,107,-1.9465,0,0
0.6880928601383,108,-1.946,0,0
0.68809284549428,109,-1.9455,0,0
0.6880928307153,110,-1.945,0,0
0.68809281580134,111,-1.9445,0,0
0.68809280075242,112,-1.944,0,0
0.68809278556853,113,-1.9435,0,0
0.68809277024967,114,-1.943,0,0
0.68809275479584,115,-1.9425,0,0
0.68809273920705,116,-1.942,0,0
0.68809272348329,117,-1.9415,0,0
0.68809270762455,118,-1.941,0,0
0.68809269163085,119,-1.9405,0,0
0.68809267550218,120,-1.94,0,0
0.68809265923855,121,-1.9395,0,0
0.68809264283994,122,-1.939,0,0
0.68809262630636,123,-1.9385,0,0
0.68809260963782,124,-1.938,0,0
0.68809259283431,125,-1.9375,0,0
0.68809257589583,126,-1.937,0,0
0.68809255882238,127,-1.9365,0,0
0.68809254161396,128,-1.936,0,0
0.68809252427058,129,-1.9355,0,0
0.68809250679222,130,-1.935,0,0
0.6880924891789,131,-1.9345,0,0
0.68809247143061,132,-1.934,0,0
0.68809245354734,133,-1.9335,0,0
0.68809243552911,134,-1.933,0,0
0.68809241737592,135,-1.9325,0,0
0.68809239908775,136,-1.932,0,0
0.68809238066461,137,-1.9315,0,0
0.68809236210651,138,-1.931,0,0
0.68809234341344,139,-1.9305,0,0
0.68809232458539,140,-1.93,0,0
0.68809230562238,141,-1.9295,0,0
0.6880922865244,142,-1.929,0,0
0.68809226729146,143,-1.9285,0,0
0.68809224792354,144,-1.928,0,0
0.68809222842065,145,-1.9275,0,0
0.6880922087828,146,-1.927,0,0
0.68809218900997,147,-1.9265,0,0
0.68809216910218,148,-1.926,0,0
0.68809214905942,149,-1.9255,0,0
0.68809212888169,150,-1.925,0,0
0.68809210856899,151,-1.9245,0,0
0.68809208812132,152,-1.924,0,0
0.68809206753868,153,-1.9235,0,0
0.68809204682107,154,-1.923,0,0
0.6880920259685,155,-1.9225,0,0
0.68809200498095,156,-1.922,0,0
0.68809198385844,157,-1.9215,0,0
0.68809196260096,158,-1.921,0,0
0.68809194120851,159,-1.9205,0,0
0.68809191968108,160,-1.92,0,0
0.68809189801869,161,-1.9195,0,0
0.68809187622133,162,-1.919,0,0
0.68809185428901,163,-1.9185,0,0
0.68809183222171,164,-1.918,0,0
0.68809181001944,165,-1.9175,0,0
0.6880917876822,166,-1.917,0,0
0.68809176521,167,-1.9165,0,0
0.68809174260282,168,-1.916,0,0
0.68809171986068,169,-1.9155,0,0
0.68809169698357,170,-1.915,0,0
0.68809167397148,171,-1.9145,0,0
0.68809165082443,172,-1.914,0,0
0.68809162754241,173,-1.9135,0,0
0.68809160412542,174,-1.913,0,0
0.68809158057346,175,-1.9125,0,0
0.68809155688653,176,-1.912,0,0
0.68809153306463,177,-1.9115,0,0
0.68809150910776,178,-1.911,0,0
0.68809148501592,179,-1.9105,0,0
0.68809146078912,180,-1.91,0,0
0.68809143642734,181,-1.9095,0,0
0.68809141193059,182,-1.909,0,0
0.68809138729888,183,-1.9085,0,0
0.68809136253219,184,-1.908,0,0
0.68809133763053,185,-1.9075,0,0
0.68809131259391,186,-1.907,0,0
0.68809128742231,187,-1.9065,0,0
0.68809126211575,188,-1.906,0,0
0.68809123667422,189,-1.9055,0,0
0.68809121109771,190,-1.905,0,0
0.68809118538624,191,-1.9045,0,0
0.68809115953979,192,-1.904,0,0
0.68809113355838,193,-1.9035,0,0
0.688091107442,194,-1.903,0,0
0.68809108119065,195,-1.9025,0,0
0.68809105480432,196,-1.902,0,0
0.68809102828303,197,-1.9015,0,0
0.68809100162677,198,-1.901,0,0
0.68809097483554,199,-1.9005,0,0
0.68809094790933,200,-1.9,0,0
0.68809092084816,201,-1.8995,0,0
0.68809089365202,202,-1.899,0,0
0.68809086632091,203,-1.8985,0,0
0.68809083885482,204,-1.898,0,0
0.68809081125377,205,-1.8975,0,0
0.68809078351775,206,-1.897,0,0
0.68809075564676,207,-1.8965,0,0
0.68809072764079,208,-1.896,0,0
0.68809069949986,209,-1.8955,0,0
0.68809067122396,210,-1.895,0,0
0.68809064281308,211,-1.8945,0,0
0.68809061426724,212,-1.894,0,0
0.68809058558643,213,-1.8935,0,0
0.68809055677064,214,-1.893,0,0
0.68809052781989,215,-1.8925,0,0
0.68809049873416,216,-1.892,0,0
0.68809046951347,217,-1.8915,0,0
0.6880904401578,218,-1.891,0,0
0.68809041066717,219,-1.8905,0,0
0.68809038104156,220,-1.89,0,0
0.68809035128098,221,-1.8895,0,0
0.68809032138544,222,-1.889,0,0
0.68809029135492,223,-1.8885,0,0
0.68809026118943,224,-1.888,0,0
0.68809023088897,225,-1.8875,0,0
0.68809020045354,226,-1.887,0,0
0.68809016988314,227,-1.8865,0,0
0.68809013917777,228,-1.886,0,0
0.68809010833743,229,-1.8855,0,0
0.68809007736212,230,-1.885,0,0
0.68809004625183,231,-1.8845,0,0
0.68809001500658,232,-1.884,0,0
0.68808998362636,233,-1.8835,0,0
0.68808995211116,234,-1.883,0,0
0.688089920461,235,-1.8825,0,0
0.68808988867586,236,-1.882,0,0
0.68808985675575,237,-1.8815,0,0
0.68808982470067,238,-1.881,0,0
0.68808979251062,239,-1.8805,0,0
0.6880897601856,240,-1.88,0,0
0.68808972772561,241,-1.8795,0,0
0.68808969513065,242,-1.879,0,0
0.68808966240072,243,-1.8785,0,0
0.68808962953581,244,-1.878,0,0
0.68808959653594,245,-1.8775,0,0
0.68808956340109,246,-1.877,0,0
0.68808953013127,247,-1.8765,0,0
0.68808949672648,248,-1.876,0,0
0.68808946318672,249,-1.8755,0,0
0.68808942951199,250,-1.875,0,0
0.68808939570229,251,-1.8745,0,0
0.68808936175761,252,-1.874,0,0
0.68808932767797,253,-1.8735,0,0
0.68808929346335,254,-1.873,0,0
0.68808925911376,255,-1.8725,0,0
0.68808922462921,256,-1.872,0,0
0.68808919000967,257,-1.8715,0,0
0.68808915525517,258,-1.871,0,0
0.6880891203657,259,-1.8705,0,0
0.68808908534125,260,-1.87,0,0
0.68808905018184,261,-1.8695,0,0
0.68808901488745,262,-1.869,0,0
0.68808897945809,263,-1.8685,0,0
0.68808894389376,264,-1.868,0,0
0.68808890819445,265,-1.8675,0,0
0.68808887236018,266,-1.867,0,0
0.68808883639093,267,-1.8665,0,0
0.68808880028671,268,-1.866,0,0
0.68808876404752,269,-1.8655,0,0
0.68808872767336,270,-1.865,0,0
0.68808869116422,271,-1.8645,0,0
0.68808865452012,272,-1.864,0,0
0.68808861774104,273,-1.8635,0,0
0.68808858082699,274,-1.863,0,0
0.68808854377797,275,-1.8625,0,0
0.68808850659397,276,-1.862,0,0
0.68808846927501,277,-1.8615,0,0
0.68808843182107,278,-1.861,0,0
0.68808839423216,279,-1.8605,0,0
0.68808835650828,280,-1.86,0,0
0.68808831864942,281,-1.8595,0,0
0.6880882806556,282,-1.859,0,0
0.6880882425268,283,-1.8585,0,0
0.68808820426303,284,-1.858,0,0
0.68808816586428,285,-1.8575,0,0
0.68808812733057,286,-1.857,0,0
0.68808808866188,287,-1.8565,0,0
0.68808804985822,288,-1.856,0,0
0.68808801091958,289,-1.8555,0,0
0.68808797184598,290,-1.855,0,0
0.6880879326374,291,-1.8545,0,0
0.68808789329385,292,-1.854,0,0
0.68808785381533,293,-1.8535,0,0
0.68808781420183,294,-1.853,0,0
0.68808777445336,295,-1.8525,0,0
0.68808773456992,296,-1.852,0,0
0.68808769455151,297,-1.8515,0,0
0.68808765439812,298,-1.851,0,0
0.68808761410976,299,-1.8505,0,0
0.68808757368643,300,-1.85,0,0
0.68808753312812,301,-1.8495,0,0
0.68808749243484,302,-1.849,0,0
0.68808745160659,303,-1.8485,0,0
0.68808741064337,304,-1.848,0,0
0.68808736954517,305,-1.8475,0,0
0.688087328312,306,-1.847,0,0
0.68808728694386,307,-1.8465,0,0
0.68808724544074,308,-1.846,0,0
0.68808720380265,309,-1.8455,0,0
0.68808716202959,310,-1.845,0,0
0.68808712012156,311,-1.8445,0,0
0.68808707807855,312,-1.844,0,0
0.68808703590057,313,-1.8435,0,0
0.68808699358761,314,-1.843,0,0
0.68808695113968,315,-1.8425,0,0
0.68808690855678,316,-1.842,0,0
0.6880868658389,317,-1.8415,0,0
0.68808682298606,318,-1.841,0,0
0.68808677999823,319,-1.8405,0,0
0.68808673687544,320,-1.84,0,0
0.68808669361767,321,-1.8395,0,0
0.68808665022493,322,-1.839,0,0
0.68808660669721,323,-1.8385,0,0
0.68808656303452,324,-1.838,0,0
0.68808651923685,325,-1.8375,0,0
0.68808647530422,326,-1.837,0,0
0.6880864312366,327,-1.8365,0,0
0.68808638703402,328,-1.836,0,0
0.68808634269646,329,-1.8355,0,0
0.68808629822393,330,-1.835,0,0
0.68808625361642,331,-1.8345,0,0
0.68808620887394,332,-1.834,0,0
0.68808616399648,333,-1.8335,0,0
0.68808611898405,334,-1.833,0,0
0.68808607383665,335,-1.8325,0,0
0.68808602855427,336,-1.832,0,0
0.68808598313692,337,-1.8315,0,0
0.6880859375846,338,-1.831,0,0
0.6880858918973,339,-1.8305,0,0
0.68808584607502,340,-1.83,0,0
0.68808580011777,341,-1.8295,0,0
0.68808575402555,342,-1.829,0,0
0.68808570779835,343,-1.8285,0,0
0.68808566143618,344,-1.828,0,0
0.68808561493904,345,-1.8275,0,0
0.68808556830691,346,-1.827,0,0
0.68808552153982,347,-1.8265,0,0
0.68808547463775,348,-1.826,0,0
0.6880854276007,349,-1.8255,0,0
0.68808538042869,350,-1.825,0,0
0.68808533312169,351,-1.8245,0,0
0.68808528567972,352,-1.824,0,0
0.68808523810278,353,-1.8235,0,0
0.68808519039086,354,-1.823,0,0
0.68808514254397,355,-1.8225,0,0
0.6880850945621,356,-1.822,0,0
0.68808504644526,357,-1.8215,0,0
0.68808499819344,358,-1.821,0,0
0.68808494980664,359,-1.8205,0,0
0.68808490128488,360,-1.82,0,0
0.68808485262813,361,-1.8195,0,0
0.68808480383641,362,-1.819,0,0
0.68808475490972,363,-1.8185,0,0
0.68808470584805,364,-1.818,0,0
0.68808465665141,365,-1.8175,0,0
0.68808460731979,366,-1.817,0,0
0.68808455785319,367,-1.8165,0,0
0.68808450825162,368,-1.816,0,0
0.68808445851508,369,-1.8155,0,0
0.68808440864356,370,-1.815,0,0
0.68808435863706,371,-1.8145,0,0
0.68808430849559,372,-1.814,0,0
0.68808425821914,373,-1.8135,0,0
0.68808420780771,374,-1.813,0,0
0.68808415726131,375,-1.8125,0,0
0.68808410657994,376,-1.812,0,0
0.68808405576359,377,-1.8115,0,0
0.68808400481226,378,-1.811,0,0
0.68808395372596,379,-1.8105,0,0
0.68808390250468,380,-1.81,0,0
0.68808385114842,381,-1.8095,0,0
0.68808379965719,382,-1.809,0,0
0.68808374803099,383,-1.8085,0,0
0.6880836962698,384,-1.808,0,0
0.68808364437365,385,-1.8075,0,0
0.68808359234251,386,-1.807,0,0
0.6880835401764,387,-1.8065,0,0
0.68808348787531,388,-1.806,0,0
0.68808343543925,389,-1.8055,0,0
0.68808338286821,390,-1.805,0,0
0.68808333016219,391,-1.8045,0,0
0.6880832773212,392,-1.804,0,0
0.68808322434523,393,-1.8035,0,0
0.68808317123428,394,-1.803,0,0
0.68808311798836,395,-1.8025,0,0
0.68808306460746,396,-1.802,0,0
0.68808301109158,397,-1.8015,0,0
0.68808295744073,398,-1.801,0,0
0.6880829036549,399,-1.8005,0,0
0.68808284973409,400,-1.8,0,0
0.68808279567831,401,-1.7995,0,0
0.68808274148755,402,-1.799,0,0
0.68808268716181,403,-1.7985,0,0
0.68808263270109,404,-1.798,0,0
0.6880825781054,405,-1.7975,0,0
0.68808252337473,406,-1.797,0,0
0.68808246850909,407,-1.7965,0,0
0.68808241350846,408,-1.796,0,0
0.68808235837286,409,-1.7955,0,0
0.68808230310229,410,-1.795,0,0
0.68808224769673,411,-1.7945,0,0
0.6880821921562,412,-1.794,0,0
0.68808213648069,413,-1.7935,0,0
0.6880820806702,414,-1.793,0,0
0.68808202472474,415,-1.7925,0,0
0.6880819686443,416,-1.792,0,0
0.68808191242888,417,-1.7915,0,0
0.68808185607848,418,-1.791,0,0
0.6880817995931,419,-1.7905,0,0
0.68808174297275,420,-1.79,0,0
0.68808168621742,421,-1.7895,0,0
0.68808162932711,422,-1.789,0,0
0.68808157230182,423,-1.7885,0,0
0.68808151514156,424,-1.788,0,0
0.68808145784632,425,-1.7875,0,0
0.68808140041609,426,-1.787,0,0
0.6880813428509,427,-1.7865,0,0
0.68808128515072,428,-1.786,0,0
0.68808122731556,429,-1.7855,0,0
0.68808116934543,430,-1.785,0,0
0.68808111124032,431,-1.7845,0,0
0.68808105300023,432,-1.784,0,0
0.68808099462516,433,-1.7835,0,0
0.68808093611511,434,-1.783,0,0
0.68808087747009,435,-1.7825,0,0
0.68808081869008,436,-1.782,0,0
0.6880807597751,437,-1.7815,0,0
0.68808070072514,438,-1.781,0,0
0.6880806415402,439,-1.7805,0,0
0.68808058222028,440,-1.78,0,0
0.68808052276538,441,-1.7795,0,0
0.68808046317551,442,-1.779,0,0
0.68808040345065,443,-1.7785,0,0
0.68808034359082,444,-1.778,0,0
0.688080283596,445,-1.7775,0,0
0.68808022346621,446,-1.777,0,0
0.68808016320144,447,-1.7765,0,0
0.68808010280169,448,-1.776,0,0
0.68808004226696,449,-1.7755,0,0
0.68807998159725,450,-1.775,0,0
0.68807992079256,451,-1.7745,0,0
0.68807985985289,452,-1.774,0,0
0.68807979877825,453,-1.7735,0,0
0.68807973756862,454,-1.773,0,0
0.68807967622401,455,-1.7725,0,0
0.68807961474443,456,-1.772,0,0
0.68807955312986,457,-1.7715,0,0
0.68807949138032,458,-1.771,0,0
0.68807942949579,459,-1.7705,0,0
0.68807936747629,460,-1.77,0,0
0.6880793053218,461,-1.7695,0,0
0.68807924303234,462,-1.769,0,0
0.68807918060789,463,-1.7685,0,0
0.68807911804847,464,-1.768,0,0
0.68807905535406,465,-1.7675,0,0
0.68807899252468,466,-1.767,0,0
0.68807892956031,467,-1.7665,0,0
0.68807886646097,468,-1.766,0,0
0.68807880322664,469,-1.7655,0,0
0.68807873985734,470,-1.765,0,0
0.68807867635305,471,-1.7645,0,0
0.68807861271379,472,-1.764,0,0
0.68807854893954,473,-1.7635,0,0
0.68807848503031,474,-1.763,0,0
0.6880784209861,475,-1.7625,0,0
0.68807835680692,476,-1.762,0,0
0.68807829249275,477,-1.7615,0,0
0.6880782280436,478,-1.761,0,0
0.68807816345947,479,-1.7605,0,0
0.68807809874035,480,-1.76,0,0
0.68807803388626,481,-1.7595,0,0
0.68807796889719,482,-1.759,0,0
0.68807790377313,483,-1.7585,0,0
0.6880778385141,484,-1.758,0,0
0.68807777312008,485,-1.7575,0,0
0.68807770759108,486,-1.757,0,0
0.6880776419271,487,-1.7565,0,0
0.68807757612814,488,-1.756,0,0
0.6880775101942,489,-1.7555,0,0
0.68807744412528,490,-1.755,0,0
0.68807737792137,491,-1.7545,0,0
0.68807731158248,492,-1.754,0,0
0.68807724510862,493,-1.7535,0,0
0.68807717849977,494,-1.753,0,0
0.68807711175593,495,-1.7525,0,0
0.68807704487712,496,-1.752,0,0
0.68807697786333,497,-1.7515,0,0
0.68807691071455,498,-1.751,0,0
0.68807684343079,499,-1.7505,0,0
0.68807677601205,500,-1.75,0,0
0.68807670845833,501,-1.7495,0,0
0.68807664076962,502,-1.749,0,0
0.68807657294593,503,-1.7485,0,0
0.68807650498726,504,-1.748,0,0
0.68807643689361,505,-1.7475,0,0
0.68807636866498,506,-1.747,0,0
0.68807630030136,507,-1.7465,0,0
0.68807623180276,508,-1.746,0,0
0.68807616316918,509,-1.7455,0,0
0.68807609440062,510,-1.745,0,0
0.68807602549707,511,-1.7445,0,0
0.68807595645854,512,-1.744,0,0
0.68807588728503,513,-1.7435,0,0
0.68807581797653,514,-1.743,0,0
0.68807574853306,515,-1.7425,0,0
0.6880756789546,516,-1.742,0,0
0.68807560924115,517,-1.7415,0,0
0.68807553939273,518,-1.741,0,0
0.68807546940932,519,-1.7405,0,0
0.68807539929092,520,-1.74,0,0
0.68807532903755,521,-1.7395,0,0
0.68807525864919,522,-1.739,0,0
0.68807518812584,523,-1.7385,0,0
0.68807511746752,524,-1.738,0,0
0.68807504667421,525,-1.7375,0,0
0.68807497574591,526,-1.737,0,0
0.68807490468264,527,-1.7365,0,0
0.68807483348438,528,-1.736,0,0
0.68807476215113,529,-1.7355,0,0
0.68807469068291,530,-1.735,0,0
0.68807461907969,531,-1.7345,0,0
0.6880745473415,532,-1.734,0,0
0.68807447546832,533,-1.7335,0,0
0.68807440346015,534,-1.733,0,0
0.68807433131701,535,-1.7325,0,0
0.68807425903887,536,-1.732,0,0
0.68807418662576,537,-1.7315,0,0
0.68807411407766,538,-1.731,0,0
0.68807404139457,539,-1.7305,0,0
0.6880739685765,540,-1.73,0,0
0.68807389562345,541,-1.7295,0,0
0.68807382253541,542,-1.729,0,0
0.68807374931239,543,-1.7285,0,0
0.68807367595438,544,-1.728,0,0
0.68807360246139,545,-1.7275,0,0
0.68807352883341,546,-1.727,0,0
0.68807345507045,547,-1.7265,0,0
0.68807338117251,548,-1.726,0,0
0.68807330713958,549,-1.7255,0,0
0.68807323297166,550,-1.725,0,0
0.68807315866876,551,-1.7245,0,0
0.68807308423087,552,-1.724,0,0
0.688073009658,553,-1.7235,0,0
0.68807293495014,554,-1.723,0,0
0.6880728601073,555,-1.7225,0,0
0.68807278512947,556,-1.722,0,0
0.68807271001666,557,-1.7215,0,0
0.68807263476886,558,-1.721,0,0
0.68807255938608,559,-1.7205,0,0
0.68807248386831,560,-1.72,0,0
0.68807240821555,561,-1.7195,0,0
0.68807233242781,562,-1.719,0,0
0.68807225650508,563,-1.7185,0,0
0.68807218044737,564,-1.718,0,0
0.68807210425467,565,-1.7175,0,0
0.68807202792698,566,-1.717,0,0
0.68807195146431,567,-1.7165,0,0
0.68807187486666,568,-1.716,0,0
0.68807179813401,569,-1.7155,0,0
0.68807172126638,570,-1.715,0,0
0.68807164426377,571,-1.7145,0,0
0.68807156712616,572,-1.714,0,0
0.68807148985357,573,-1.7135,0,0
0.688071412446,574,-1.713,0,0
0.68807133490343,575,-1.7125,0,0
0.68807125722589,576,-1.712,0,0
0.68807117941335,577,-1.7115,0,0
0.68807110146583,578,-1.711,0,0
0.68807102338332,579,-1.7105,0,0
0.68807094516582,580,-1.71,0,0
0.68807086681334,581,-1.7095,0,0
0.68807078832587,582,-1.709,0,0
0.68807070970341,583,-1.7085,0,0
0.68807063094596,584,-1.708,0,0
0.68807055205353,585,-1.7075,0,0
0.68807047302611,586,-1.707,0,0
0.6880703938637,587,-1.7065,0,0
0.68807031456631,588,-1.706,0,0
0.68807023513393,589,-1.7055,0,0
0.68807015556656,590,-1.705,0,0
0.6880700758642,591,-1.7045,0,0
0.68806999602686,592,-1.704,0,0
0.68806991605452,593,-1.7035,0,0
0.6880698359472,594,-1.703,0,0
0.68806975570489,595,-1.7025,0,0
0.6880696753276,596,-1.702,0,0
0.68806959481531,597,-1.7015,0,0
0.68806951416804,598,-1.701,0,0
0.68806943338578,599,-1.7005,0,0
0.68806935246853,600,-1.7,0,0
0.68806927141629,601,-1.6995,0,0
0.68806919022906,602,-1.699,0,0
0.68806910890685,603,-1.6985,0,0
0.68806902744964,604,-1.698,0,0
0.68806894585745,605,-1.6975,0,0
0.68806886413027,606,-1.697,0,0
0.6880687822681,607,-1.6965,0,0
0.68806870027094,608,-1.696,0,0
0.68806861813879,609,-1.6955,0,0
0.68806853587165,610,-1.695,0,0
0.68806845346953,611,-1.6945,0,0
0.68806837093241,612,-1.694,0,0
0.68806828826031,613,-1.6935,0,0
0.68806820545322,614,-1.693,0,0
0.68806812251113,615,-1.6925,0,0
0.68806803943406,616,-1.692,0,0
0.688067956222,617,-1.6915,0,0
0.68806787287495,618,-1.691,0,0
0.68806778939291,619,-1.6905,0,0
0.68806770577588,620,-1.69,0,0
0.68806762202386,621,-1.6895,0,0
0.68806753813684,622,-1.689,0,0
0.68806745411484,623,-1.6885,0,0
0.68806736995785,624,-1.688,0,0
0.68806728566587,625,-1.6875,0,0
0.6880672012389,626,-1.687,0,0
0.68806711667694,627,-1.6865,0,0
0.68806703197999,628,-1.686,0,0
0.68806694714805,629,-1.6855,0,0
0.68806686218112,630,-1.685,0,0
0.6880667770792,631,-1.6845,0,0
0.68806669184228,632,-1.684,0,0
0.68806660647038,633,-1.6835,0,0
0.68806652096349,634,-1.683,0,0
0.6880664353216,635,-1.6825,0,0
0.68806634954472,636,-1.682,0,0
0.68806626363286,637,-1.6815,0,0
0.688066177586,638,-1.681,0,0
0.68806609140415,639,-1.6805,0,0
0.68806600508731,640,-1.68,0,0
0.68806591863548,641,-1.6795,0,0
0.68806583204866,642,-1.679,0,0
0.68806574532684,643,-1.6785,0,0
0.68806565847004,644,-1.678,0,0
0.68806557147824,645,-1.6775,0,0
0.68806548435145,646,-1.677,0,0
0.68806539708967,647,-1.6765,0,0
0.6880653096929,648,-1.676,0,0
0.68806522216113,649,-1.6755,0,0
0.68806513449438,650,-1.675,0,0
0.68806504669263,651,-1.6745,0,0
0.68806495875589,652,-1.674,0,0
0.68806487068416,653,-1.6735,0,0
0.68806478247743,654,-1.673,0,0
0.68806469413572,655,-1.6725,0,0
0.68806460565901,656,-1.672,0,0
0.68806451704731,657,-1.6715,0,0
0.68806442830061,658,-1.671,0,0
0.68806433941893,659,-1.6705,0,0
0.68806425040225,660,-1.67,0,0
0.68806416125058,661,-1.6695,0,0
0.68806407196391,662,-1.669,0,0
0.68806398254226,663,-1.6685,0,0
0.68806389298561,664,-1.668,0,0
0.68806380329396,665,-1.6675,0,0
0.68806371346733,666,-1.667,0,0
0.6880636235057,667,-1.6665,0,0
0.68806353340907,668,-1.666,0,0
0.68806344317746,669,-1.6655,0,0
0.68806335281085,670,-1.665,0,0
0.68806326230924,671,-1.6645,0,0
0.68806317167265,672,-1.664,0,0
0.68806308090106,673,-1.6635,0,0
0.68806298999447,674,-1.663,0,0
0.68806289895289,675,-1.6625,0,0
0.68806280777632,676,-1.662,0,0
0.68806271646476,677,-1.6615,0,0
0.6880626250182,678,-1.661,0,0
0.68806253343664,679,-1.6605,0,0
0.68806244172009,680,-1.66,0,0
0.68806234986855,681,-1.6595,0,0
0.68806225788201,682,-1.659,0,0
0.68806216576048,683,-1.6585,0,0
0.68806207350396,684,-1.658,0,0
0.68806198111244,685,-1.6575,0,0
0.68806188858592,686,-1.657,0,0
0.68806179592441,687,-1.6565,0,0
0.68806170312791,688,-1.656,0,0
0.68806161019641,689,-1.6555,0,0
0.68806151712991,690,-1.655,0,0
0.68806142392843,691,-1.6545,0,0
0.68806133059194,692,-1.654,0,0
0.68806123712046,693,-1.6535,0,0
0.68806114351399,694,-1.653,0,0
0.68806104977251,695,-1.6525,0,0
0.68806095589605,696,-1.652,0,0
0.68806086188459,697,-1.6515,0,0
0.68806076773813,698,-1.651,0,0
0.68806067345668,699,-1.6505,0,0
0.68806057904023,700,-1.65,0,0
0.68806048448878,701,-1.6495,0,0
0.68806038980234,702,-1.649,0,0
0.68806029498091,703,-1.6485,0,0
0.68806020002447,704,-1.648,0,0
0.68806010493305,705,-1.6475,0,0
0.68806000970662,706,-1.647,0,0
0.6880599143452,707,-1.6465,0,0
0.68805981884878,708,-1.646,0,0
0.68805972321737,709,-1.6455,0,0
0.68805962745096,710,-1.645,0,0
0.68805953154955,711,-1.6445,0,0
0.68805943551314,712,-1.644,0,0
0.68805933934174,713,-1.6435,0,0
0.68805924303535,714,-1.643,0,0
0.68805914659395,715,-1.6425,0,0
0.68805905001756,716,-1.642,0,0
0.68805895330617,717,-1.6415,0,0
0.68805885645978,718,-1.641,0,0
0.6880587594784,719,-1.6405,0,0
0.68805866236202,720,-1.64,0,0
0.68805856511064,721,-1.6395,0,0
0.68805846772426,722,-1.639,0,0
0.68805837020289,723,-1.6385,0,0
0.68805827254652,724,-1.638,0,0
0.68805817475515,725,-1.6375,0,0
0.68805807682878,726,-1.637,0,0
0.68805797876741,727,-1.6365,0,0
0.68805788057105,728,-1.636,0,0
0.68805778223969,729,-1.6355,0,0
0.68805768377333,730,-1.635,0,0
0.68805758517197,731,-1.6345,0,0
0.68805748643561,732,-1.634,0,0
0.68805738756426,733,-1.6335,0,0
0.6880572885579,734,-1.633,0,0
0.68805718941655,735,-1.6325,0,0
0.6880570901402,736,-1.632,0,0
0.68805699072885,737,-1.6315,0,0
0.6880568911825,738,-1.631,0,0
0.68805679150115,739,-1.6305,0,0
0.68805669168481,740,-1.63,0,0
0.68805659173346,741,-1.6295,0,0
0.68805649164711,742,-1.629,0,0
0.68805639142577,743,-1.6285,0,0
0.68805629106942,744,-1.628,0,0
0.68805619057808,745,-1.6275,0,0
0.68805608995174,746,-1.627,0,0
0.68805598919039,747,-1.6265,0,0
0.68805588829405,748,-1.626,0,0
0.68805578726271,749,-1.6255,0,0
0.68805568609637,750,-1.625,0,0
0.68805558479502,751,-1.6245,0,0
0.68805548335868,752,-1.624,0,0
0.68805538178734,753,-1.6235,0,0
0.68805528008099,754,-1.623,0,0
0.68805517823965,755,-1.6225,0,0
0.6880550762633,756,-1.622,0,0
0.68805497415196,757,-1.6215,0,0
0.68805487190561,758,-1.621,0,0
0.68805476952427,759,-1.6205,0,0
0.68805466700792,760,-1.62,0,0
0.68805456435657,761,-1.6195,0,0
0.68805446157022,762,-1.619,0,0
0.68805435864887,763,-1.6185,0,0
0.68805425559252,764,-1.618,0,0
0.68805415240117,765,-1.6175,0,0
0.68805404907482,766,-1.617,0,0
0.68805394561346,767,-1.6165,0,0
0.68805384201711,768,-1.616,0,0
0.68805373828575,769,-1.6155,0,0
0.68805363441939,770,-1.615,0,0
0.68805353041803,771,-1.6145,0,0
0.68805342628166,772,-1.614,0,0
0.6880533220103,773,-1.6135,0,0
0.68805321760393,774,-1.613,0,0
0.68805311306256,775,-1.6125,0,0
0.68805300838619,776,-1.612,0,0
0.68805290357481,777,-1.6115,0,0
0.68805279862844,778,-1.611,0,0
0.68805269354706,779,-1.6105,0,0
0.68805258833068,780,-1.61,0,0
0.68805248297929,781,-1.6095,0,0
0.6880523774929,782,-1.609,0,0
0.68805227187151,783,-1.6085,0,0
0.68805216611512,784,-1.608,0,0
0.68805206022373,785,-1.6075,0,0
0.68805195419733,786,-1.607,0,0
0.68805184803592,787,-1.6065,0,0
0.68805174173952,788,-1.606,0,0
0.68805163530811,789,-1.6055,0,0
0.6880515287417,790,-1.605,0,0
0.68805142204028,791,-1.6045,0,0
0.68805131520386,792,-1.604,0,0
0.68805120823244,793,-1.6035,0,0
0.68805110112601,794,-1.603,0,0
0.68805099388458,795,-1.6025,0,0
0.68805088650814,796,-1.602,0,0
0.6880507789967,797,-1.6015,0,0
0.68805067135026,798,-1.601,0,0
0.68805056356881,799,-1.6005,0,0
0.68805045565236,800,-1.6,0,0
0.6880503476009,801,-1.5995,0,0
0.68805023941444,802,-1.599,0,0
0.68805013109297,803,-1.5985,0,0
0.6880500226365,804,-1.598,0,0
0.68804991404503,805,-1.5975,0,0
0.68804980531855,806,-1.597,0,0
0.68804969645706,807,-1.5965,0,0
0.68804958746057,808,-1.596,0,0
0.68804947832907,809,-1.5955,0,0
0.68804936906257,810,-1.595,0,0
0.68804925966107,811,-1.5945,0,0
0.68804915012455,812,-1.594,0,0
0.68804904045303,813,-1.5935,0,0
0.68804893064651,814,-1.593,0,0
0.68804882070498,815,-1.5925,0,0
0.68804871062845,816,-1.592,0,0
0.6880486004169,817,-1.5915,0,0
0.68804849007036,818,-1.591,0,0
0.6880483795888,819,-1.5905,0,0
0.68804826897224,820,-1.59,0,0
0.68804815822068,821,-1.5895,0,0
0.6880480473341,822,-1.589,0,0
0.68804793631252,823,-1.5885,0,0
0.68804782515594,824,-1.588,0,0
0.68804771386435,825,-1.5875,0,0
0.68804760243775,826,-1.587,0,0
0.68804749087614,827,-1.5865,0,0
0.68804737917953,828,-1.586,0,0
0.68804726734791,829,-1.5855,0,0
0.68804715538128,830,-1.585,0,0
0.68804704327964,831,-1.5845,0,0
0.688046931043,832,-1.584,0,0
0.68804681867135,833,-1.5835,0,0
0.68804670616469,834,-1.583,0,0
0.68804659352303,835,-1.5825,0,0
0.68804648074636,836,-1.582,0,0
0.68804636783467,837,-1.5815,0,0
0.68804625478799,838,-1.581,0,0
0.68804614160629,839,-1.5805,0,0
0.68804602828958,840,-1.58,0,0
0.68804591483787,841,-1.5795,0,0
0.68804580125115,842,-1.579,0,0
0.68804568752942,843,-1.5785,0,0
0.68804557367268,844,-1.578,0,0
0.68804545968093,845,-1.5775,0,0
0.68804534555418,846,-1.577,0,0
0.68804523129241,847,-1.5765,0,0
0.68804511689564,848,-1.576,0,0
0.68804500236385,849,-1.5755,0,0
0.68804488769706,850,-1.575,0,0
0.68804477289526,851,-1.5745,0,0
0.68804465795845,852,-1.574,0,0
0.68804454288663,853,-1.5735,0,0
0.6880444276798,854,-1.573,0,0
0.68804431233796,855,-1.5725,0,0
0.68804419686111,856,-1.572,0,0
0.68804408124925,857,-1.5715,0,0
0.68804396550238,858,-1.571,0,0
0.6880438496205,859,-1.5705,0,0
0.68804373360361,860,-1.57,0,0
0.68804361745172,861,-1.5695,0,0
0.68804350116481,862,-1.569,0,0
0.68804338474289,863,-1.5685,0,0
0.68804326818596,864,-1.568,0,0
0.68804315149401,865,-1.5675,0,0
0.68804303466706,866,-1.567,0,0
0.6880429177051,867,-1.5665,0,0
0.68804280060813,868,-1.566,0,0
0.68804268337614,869,-1.5655,0,0
0.68804256600915,870,-1.565,0,0
0.68804244850714,871,-1.5645,0,0
0.68804233087012,872,-1.564,0,0
0.68804221309809,873,-1.5635,0,0
0.68804209519105,874,-1.563,0,0
0.688041977149,875,-1.5625,0,0
0.68804185897193,876,-1.562,0,0
0.68804174065986,877,-1.5615,0,0
0.68804162221277,878,-1.561,0,0
0.68804150363067,879,-1.5605,0,0
0.68804138491355,880,-1.56,0,0
0.68804126606143,881,-1.5595,0,0
0.68804114707429,882,-1.559,0,0
0.68804102795214,883,-1.5585,0,0
0.68804090869498,884,-1.558,0,0
0.68804078930281,885,-1.5575,0,0
0.68804066977562,886,-1.557,0,0
0.68804055011342,887,-1.5565,0,0
0.68804043031621,888,-1.556,0,0
0.68804031038398,889,-1.5555,0,0
0.68804019031674,890,-1.555,0,0
0.68804007011449,891,-1.5545,0,0
0.68803994977722,892,-1.554,0,0
0.68803982930494,893,-1.5535,0,0
0.68803970869765,894,-1.553,0,0
0.68803958795534,895,-1.5525,0,0
0.68803946707802,896,-1.552,0,0
0.68803934606569,897,-1.5515,0,0
0.68803922491834,898,-1.551,0,0
0.68803910363598,899,-1.5505,0,0
0.6880389822186,900,-1.55,0,0
0.68803886066621,901,-1.5495,0,0
0.68803873897881,902,-1.549,0,0
0.68803861715639,903,-1.5485,0,0
0.68803849519895,904,-1.548,0,0
0.6880383731065,905,-1.5475,0,0
0.68803825087904,906,-1.547,0,0
0.68803812851656,907,-1.5465,0,0
0.68803800601907,908,-1.546,0,0
0.68803788338656,909,-1.5455,0,0
0.68803776061904,910,-1.545,0,0
0.6880376377165,911,-1.5445,0,0
0.68803751467894,912,-1.544,0,0
0.68803739150637,913,-1.5435,0,0
0.68803726819879,914,-1.543,0,0
0.68803714475619,915,-1.5425,0,0
0.68803702117857,916,-1.542,0,0
0.68803689746593,917,-1.5415,0,0
0.68803677361829,918,-1.541,0,0
0.68803664963562,919,-1.5405,0,0
0.68803652551794,920,-1.54,0,0
0.68803640126524,921,-1.5395,0,0
0.68803627687753,922,-1.539,0,0
0.68803615235479,923,-1.5385,0,0
0.68803602769705,924,-1.538,0,0
0.68803590290428,925,-1.5375,0,0
0.6880357779765,926,-1.537,0,0
0.6880356529137,927,-1.5365,0,0
0.68803552771589,928,-1.536,0,0
0.68803540238305,929,-1.5355,0,0
0.6880352769152,930,-1.535,0,0
0.68803515131234,931,-1.5345,0,0
0.68803502557445,932,-1.534,0,0
0.68803489970155,933,-1.5335,0,0
0.68803477369363,934,-1.533,0,0
0.68803464755069,935,-1.5325,0,0
0.68803452127273,936,-1.532,0,0
0.68803439485976,937,-1.5315,0,0
0.68803426831176,938,-1.531,0,0
0.68803414162875,939,-1.5305,0,0
0.68803401481072,940,-1.53,0,0
0.68803388785768,941,-1.5295,0,0
0.68803376076961,942,-1.529,0,0
0.68803363354652,943,-1.5285,0,0
0.68803350618842,944,-1.528,0,0
0.6880333786953,945,-1.5275,0,0
0.68803325106716,946,-1.527,0,0
0.68803312330399,947,-1.5265,0,0
0.68803299540581,948,-1.526,0,0
0.68803286737261,949,-1.5255,0,0
0.68803273920439,950,-1.525,0,0
0.68803261090116,951,-1.5245,0,0
0.6880324824629,952,-1.524,0,0
0.68803235388962,953,-1.5235,0,0
0.68803222518132,954,-1.523,0,0
0.688032096338,955,-1.5225,0,0
0.68803196735966,956,-1.522,0,0
0.6880318382463,957,-1.5215,0,0
0.68803170899792,958,-1.521,0,0
0.68803157961452,959,-1.5205,0,0
0.6880314500961,960,-1.52,0,0
0.68803132044266,961,-1.5195,0,0
0.6880311906542,962,-1.519,0,0
0.68803106073072,963,-1.5185,0,0
0.68803093067222,964,-1.518,0,0
0.68803080047869,965,-1.5175,0,0
0.68803067015014,966,-1.517,0,0
0.68803053968658,967,-1.5165,0,0
0.68803040908799,968,-1.516,0,0
0.68803027835438,969,-1.5155,0,0
0.68803014748574,970,-1.515,0,0
0.68803001648209,971,-1.5145,0,0
0.68802988534341,972,-1.514,0,0
0.68802975406972,973,-1.5135,0,0
0.688029622661,974,-1.513,0,0
0.68802949111725,975,-1.5125,0,0
0.68802935943849,976,-1.512,0,0
0.6880292276247,977,-1.5115,0,0
0.68802909567589,978,-1.511,0,0
0.68802896359206,979,-1.5105,0,0
0.6880288313732,980,-1.51,0,0
0.68802869901933,981,-1.5095,0,0
0.68802856653042,982,-1.509,0,0
0.6880284339065,983,-1.5085,0,0
0.68802830114755,984,-1.508,0,0
0.68802816825358,985,-1.5075,0,0
0.68802803522459,986,-1.507,0,0
0.68802790206057,987,-1.5065,0,0
0.68802776876153,988,-1.506,0,0
0.68802763532746,989,-1.5055,0,0
0.68802750175837,990,-1.505,0,0
0.68802736805426,991,-1.5045,0,0
0.68802723421512,992,-1.504,0,0
0.68802710024096,993,-1.5035,0,0
0.68802696613177,994,-1.503,0,0
0.68802683188756,995,-1.5025,0,0
0.68802669750832,996,-1.502,0,0
0.68802656299406,997,-1.5015,0,0
0.68802642834478,998,-1.501,0,0
0.68802629356046,999,-1.5005,0,0
0.68802615864113,1000,-1.5,0,0
0.68802602358677,1001,-1.4995,0,0
0.68802588839738,1002,-1.499,0,0
0.68802575307297,1003,-1.4985,0,0
0.68802561761353,1004,-1.498,0,0
0.68802548201907,1005,-1.4975,0,0
0.68802534628958,1006,-1.497,0,0
0.68802521042507,1007,-1.4965,0,0
0.68802507442553,1008,-1.496,0,0
0.68802493829096,1009,-1.4955,0,0
0.68802480202137,1010,-1.495,0,0
0.68802466561675,1011,-1.4945,0,0
0.6880245290771,1012,-1.494,0,0
0.68802439240243,1013,-1.4935,0,0
0.68802425559273,1014,-1.493,0,0
0.688024118648,1015,-1.4925,0,0
0.68802398156825,1016,-1.492,0,0
0.68802384435347,1017,-1.4915,0,0
0.68802370700366,1018,-1.491,0,0
0.68802356951883,1019,-1.4905,0,0
0.68802343189897,1020,-1.49,0,0
0.68802329414408,1021,-1.4895,0,0
0.68802315625416,1022,-1.489,0,0
0.68802301822922,1023,-1.4885,0,0
0.68802288006924,1024,-1.488,0,0
0.68802274177424,1025,-1.4875,0,0
0.68802260334422,1026,-1.487,0,0
0.68802246477916,1027,-1.4865,0,0
0.68802232607907,1028,-1.486,0,0
0.68802218724396,1029,-1.4855,0,0
0.68802204827382,1030,-1.485,0,0
0.68802190916865,1031,-1.4845,0,0
0.68802176992845,1032,-1.484,0,0
0.68802163055322,1033,-1.4835,0,0
0.68802149104296,1034,-1.483,0,0
0.68802135139767,1035,-1.4825,0,0
0.68802121161735,1036,-1.482,0,0
0.68802107170201,1037,-1.4815,0,0
0.68802093165163,1038,-1.481,0,0
0.68802079146623,1039,-1.4805,0,0
0.68802065114579,1040,-1.48,0,0
0.68802051069033,1041,-1.4795,0,0
0.68802037009983,1042,-1.479,0,0
0.68802022937431,1043,-1.4785,0,0
0.68802008851375,1044,-1.478,0,0
0.68801994751817,1045,-1.4775,0,0
0.68801980638755,1046,-1.477,0,0
0.6880196651219,1047,-1.4765,0,0
0.68801952372123,1048,-1.476,0,0
0.68801938218552,1049,-1.4755,0,0
0.68801924051478,1050,-1.475,0,0
0.68801909870901,1051,-1.4745,0,0
0.68801895676821,1052,-1.474,0,0
0.68801881469237,1053,-1.4735,0,0
0.68801867248151,1054,-1.473,0,0
0.68801853013561,1055,-1.4725,0,0
0.68801838765468,1056,-1.472,0,0
0.68801824503872,1057,-1.4715,0,0
0.68801810228773,1058,-1.471,0,0
0.68801795940171,1059,-1.4705,0,0
0.68801781638065,1060,-1.47,0,0
0.68801767322456,1061,-1.4695,0,0
0.68801752993344,1062,-1.469,0,0
0.68801738650729,1063,-1.4685,0,0
0.6880172429461,1064,-1.468,0,0
0.68801709924988,1065,-1.4675,0,0
0.68801695541863,1066,-1.467,0,0
0.68801681145235,1067,-1.4665,0,0
0.68801666735103,1068,-1.466,0,0
0.68801652311468,1069,-1.4655,0,0
0.68801637874329,1070,-1.465,0,0
0.68801623423687,1071,-1.4645,0,0
0.68801608959542,1072,-1.464,0,0
0.68801594481894,1073,-1.4635,0,0
0.68801579990742,1074,-1.463,0,0
0.68801565486086,1075,-1.4625,0,0
0.68801550967928,1076,-1.462,0,0
0.68801536436265,1077,-1.4615,0,0
0.688015218911,1078,-1.461,0,0
0.68801507332431,1079,-1.4605,0,0
0.68801492760258,1080,-1.46,0,0
0.68801478174582,1081,-1.4595,0,0
0.68801463575402,1082,-1.459,0,0
0.68801448962719,1083,-1.4585,0,0
0.68801434336533,1084,-1.458,0,0
0.68801419696843,1085,-1.4575,0,0
0.68801405043649,1086,-1.457,0,0
0.68801390376952,1087,-1.4565,0,0
0.68801375696751,1088,-1.456,0,0
0.68801361003047,1089,-1.4555,0,0
0.68801346295839,1090,-1.455,0,0
0.68801331575127,1091,-1.4545,0,0
0.68801316840912,1092,-1.454,0,0
0.68801302093193,1093,-1.4535,0,0
0.68801287331971,1094,-1.453,0,0
0.68801272557245,1095,-1.4525,0,0
0.68801257769015,1096,-1.452,0,0
0.68801242967282,1097,-1.4515,0,0
0.68801228152044,1098,-1.451,0,0
0.68801213323304,1099,-1.4505,0,0
0.68801198481059,1100,-1.45,0,0
0.68801183625311,1101,-1.4495,0,0
0.68801168756059,1102,-1.449,0,0
0.68801153873303,1103,-1.4485,0,0
0.68801138977043,1104,-1.448,0,0
0.6880112406728,1105,-1.4475,0,0
0.68801109144013,1106,-1.447,0,0
0.68801094207242,1107,-1.4465,0,0
0.68801079256967,1108,-1.446,0,0
0.68801064293189,1109,-1.4455,0,0
0.68801049315906,1110,-1.445,0,0
0.6880103432512,1111,-1.4445,0,0
0.6880101932083,1112,-1.444,0,0
0.68801004303036,1113,-1.4435,0,0
0.68800989271738,1114,-1.443,0,0
0.68800974226936,1115,-1.4425,0,0
0.68800959168631,1116,-1.442,0,0
0.68800944096821,1117,-1.4415,0,0
0.68800929011507,1118,-1.441,0,0
0.6880091391269,1119,-1.4405,0,0
0.68800898800368,1120,-1.44,0,0
0.68800883674543,1121,-1.4395,0,0
0.68800868535213,1122,-1.439,0,0
0.68800853382379,1123,-1.4385,0,0
0.68800838216042,1124,-1.438,0,0
0.688008230362,1125,-1.4375,0,0
0.68800807842855,1126,-1.437,0,0
0.68800792636005,1127,-1.4365,0,0
0.68800777415651,1128,-1.436,0,0
0.68800762181793,1129,-1.4355,0,0
0.68800746934431,1130,-1.435,0,0
0.68800731673565,1131,-1.4345,0,0
0.68800716399195,1132,-1.434,0,0
0.68800701111321,1133,-1.4335,0,0
0.68800685809942,1134,-1.433,0,0
0.68800670495059,1135,-1.4325,0,0
0.68800655166672,1136,-1.432,0,0
0.68800639824781,1137,-1.4315,0,0
0.68800624469386,1138,-1.431,0,0
0.68800609100487,1139,-1.4305,0,0
0.68800593718083,1140,-1.43,0,0
0.68800578322175,1141,-1.4295,0,0
0.68800562912763,1142,-1.429,0,0
0.68800547489846,1143,-1.4285,0,0
0.68800532053425,1144,-1.428,0,0
0.688005166035,1145,-1.4275,0,0
0.68800501140071,1146,-1.427,0,0
0.68800485663137,1147,-1.4265,0,0
0.68800470172699,1148,-1.426,0,0
0.68800454668757,1149,-1.4255,0,0
0.6880043915131,1150,-1.425,0,0
0.68800423620359,1151,-1.4245,0,0
0.68800408075903,1152,-1.424,0,0
0.68800392517943,1153,-1.4235,0,0
0.68800376946479,1154,-1.423,0,0
0.6880036136151,1155,-1.4225,0,0
0.68800345763037,1156,-1.422,0,0
0.68800330151059,1157,-1.4215,0,0
0.68800314525577,1158,-1.421,0,0
0.6880029888659,1159,-1.4205,0,0
0.68800283234099,1160,-1.42,0,0
0.68800267568104,1161,-1.4195,0,0
0.68800251888603,1162,-1.419,0,0
0.68800236195599,1163,-1.4185,0,0
0.68800220489089,1164,-1.418,0,0
0.68800204769076,1165,-1.4175,0,0
0.68800189035557,1166,-1.417,0,0
0.68800173288534,1167,-1.4165,0,0
0.68800157528007,1168,-1.416,0,0
0.68800141753974,1169,-1.4155,0,0
0.68800125966438,1170,-1.415,0,0
0.68800110165396,1171,-1.4145,0,0
0.6880009435085,1172,-1.414,0,0
0.68800078522799,1173,-1.4135,0,0
0.68800062681244,1174,-1.413,0,0
0.68800046826183,1175,-1.4125,0,0
0.68800030957618,1176,-1.412,0,0
0.68800015075549,1177,-1.4115,0,0
0.68799999179974,1178,-1.411,0,0
0.68799983270895,1179,-1.4105,0,0
0.68799967348311,1180,-1.41,0,0
0.68799951412223,1181,-1.4095,0,0
0.68799935462629,1182,-1.409,0,0
0.68799919499531,1183,-1.4085,0,0
0.68799903522928,1184,-1.408,0,0
0.6879988753282,1185,-1.4075,0,0
0.68799871529207,1186,-1.407,0,0
0.6879985551209,1187,-1.4065,0,0
0.68799839481467,1188,-1.406,0,0
0.6879982343734,1189,-1.4055,0,0
0.68799807379707,1190,-1.405,0,0
0.6879979130857,1191,-1.4045,0,0
0.68799775223928,1192,-1.404,0,0
0.68799759125781,1193,-1.4035,0,0
0.68799743014129,1194,-1.403,0,0
0.68799726888972,1195,-1.4025,0,0
0.6879971075031,1196,-1.402,0,0
0.68799694598143,1197,-1.4015,0,0
0.68799678432471,1198,-1.401,0,0
0.68799662253294,1199,-1.4005,0,0
0.68799646060611,1200,-1.4,0,0
0.68799629854424,1201,-1.3995,0,0
0.68799613634732,1202,-1.399,0,0
0.68799597401535,1203,-1.3985,0,0
0.68799581154832,1204,-1.398,0,0
0.68799564894625,1205,-1.3975,0,0
0.68799548620912,1206,-1.397,0,0
0.68799532333695,1207,-1.3965,0,0
0.68799516032972,1208,-1.396,0,0
0.68799499718744,1209,-1.3955,0,0
0.6879948339101,1210,-1.395,0,0
0.68799467049772,1211,-1.3945,0,0
0.68799450695028,1212,-1.394,0,0
0.68799434326779,1213,-1.3935,0,0
0.68799417945025,1214,-1.393,0,0
0.68799401549766,1215,-1.3925,0,0
0.68799385141001,1216,-1.392,0,0
0.68799368718731,1217,-1.3915,0,0
0.68799352282956,1218,-1.391,0,0
0.68799335833676,1219,-1.3905,0,0
0.6879931937089,1220,-1.39,0,0
0.68799302894599,1221,-1.3895,0,0
0.68799286404802,1222,-1.389,0,0
0.687992699015,1223,-1.3885,0,0
0.68799253384693,1224,-1.388,0,0
0.68799236854381,1225,-1.3875,0,0
0.68799220310563,1226,-1.387,0,0
0.68799203753239,1227,-1.3865,0,0
0.6879918718241,1228,-1.386,0,0
0.68799170598076,1229,-1.3855,0,0
0.68799154000236,1230,-1.385,0,0
0.68799137388891,1231,-1.3845,0,0
0.6879912076404,1232,-1.384,0,0
0.68799104125684,1233,-1.3835,0,0
0.68799087473822,1234,-1.383,0,0
0.68799070808455,1235,-1.3825,0,0
0.68799054129582,1236,-1.382,0,0
0.68799037437204,1237,-1.3815,0,0
0.6879902073132,1238,-1.381,0,0
0.6879900401193,1239,-1.3805,0,0
0.68798987279035,1240,-1.38,0,0
0.68798970532635,1241,-1.3795,0,0
0.68798953772728,1242,-1.379,0,0
0.68798936999316,1243,-1.3785,0,0
0.68798920212398,1244,-1.378,0,0
0.68798903411975,1245,-1.3775,0,0
0.68798886598046,1246,-1.377,0,0
0.68798869770611,1247,-1.3765,0,0
0.68798852929671,1248,-1.376,0,0
0.68798836075225,1249,-1.3755,0,0
0.68798819207273,1250,-1.375,0,0
0.68798802325815,1251,-1.3745,0,0
0.68798785430852,1252,-1.374,0,0
0.68798768522382,1253,-1.3735,0,0
0.68798751600407,1254,-1.373,0,0
0.68798734664926,1255,-1.3725,0,0
0.6879871771594,1256,-1.372,0,0
0.68798700753447,1257,-1.3715,0,0
0.68798683777449,1258,-1.371,0,0
0.68798666787944,1259,-1.3705,0,0
0.68798649784934,1260,-1.37,0,0
0.68798632768418,1261,-1.3695,0,0
0.68798615738396,1262,-1.369,0,0
0.68798598694868,1263,-1.3685,0,0
0.68798581637834,1264,-1.368,0,0
0.68798564567295,1265,-1.3675,0,0
0.68798547483249,1266,-1.367,0,0
0.68798530385697,1267,-1.3665,0,0
0.68798513274639,1268,-1.366,0,0
0.68798496150075,1269,-1.3655,0,0
0.68798479012006,1270,-1.365,0,0
0.6879846186043,1271,-1.3645,0,0
0.68798444695348,1272,-1.364,0,0
0.6879842751676,1273,-1.3635,0,0
0.68798410324665,1274,-1.363,0,0
0.68798393119065,1275,-1.3625,0,0
0.68798375899959,1276,-1.362,0,0
0.68798358667346,1277,-1.3615,0,0
0.68798341421228,1278,-1.361,0,0
0.68798324161603,1279,-1.3605,0,0
0.68798306888472,1280,-1.36,0,0
0.68798289601835,1281,-1.3595,0,0
0.68798272301691,1282,-1.359,0,0
0.68798254988042,1283,-1.3585,0,0
0.68798237660886,1284,-1.358,0,0
0.68798220320223,1285,-1.3575,0,0
0.68798202966055,1286,-1.357,0,0
0.6879818559838,1287,-1.3565,0,0
0.68798168217199,1288,-1.356,0,0
0.68798150822512,1289,-1.3555,0,0
0.68798133414318,1290,-1.355,0,0
0.68798115992618,1291,-1.3545,0,0
0.68798098557412,1292,-1.354,0,0
0.68798081108699,1293,-1.3535,0,0
0.6879806364648,1294,-1.353,0,0
0.68798046170755,1295,-1.3525,0,0
0.68798028681523,1296,-1.352,0,0
0.68798011178785,1297,-1.3515,0,0
0.6879799366254,1298,-1.351,0,0
0.68797976132788,1299,-1.3505,0,0
0.68797958589531,1300,-1.35,0,0
0.68797941032766,1301,-1.3495,0,0
0.68797923462496,1302,-1.349,0,0
0.68797905878718,1303,-1.3485,0,0
0.68797888281435,1304,-1.348,0,0
0.68797870670644,1305,-1.3475,0,0
0.68797853046347,1306,-1.347,0,0
0.68797835408544,1307,-1.3465,0,0
0.68797817757234,1308,-1.346,0,0
0.68797800092417,1309,-1.3455,0,0
0.68797782414094,1310,-1.345,0,0
0.68797764722264,1311,-1.3445,0,0
0.68797747016927,1312,-1.344,0,0
0.68797729298084,1313,-1.3435,0,0
0.68797711565734,1314,-1.343,0,0
0.68797693819877,1315,-1.3425,0,0
0.68797676060514,1316,-1.342,0,0
0.68797658287643,1317,-1.3415,0,0
0.68797640501266,1318,-1.341,0,0
0.68797622701383,1319,-1.3405,0,0
0.68797604887992,1320,-1.34,0,0
0.68797587061095,1321,-1.3395,0,0
0.68797569220691,1322,-1.339,0,0
0.6879755136678,1323,-1.3385,0,0
0.68797533499362,1324,-1.338,0,0
0.68797515618438,1325,-1.3375,0,0
0.68797497724006,1326,-1.337,0,0
0.68797479816068,1327,-1.3365,0,0
0.68797461894623,1328,-1.336,0,0
0.68797443959671,1329,-1.3355,0,0
0.68797426011211,1330,-1.335,0,0
0.68797408049245,1331,-1.3345,0,0
0.68797390073772,1332,-1.334,0,0
0.68797372084792,1333,-1.3335,0,0
0.68797354082306,1334,-1.333,0,0
0.68797336066312,1335,-1.3325,0,0
0.68797318036811,1336,-1.332,0,0
0.68797299993802,1337,-1.3315,0,0
0.68797281937287,1338,-1.331,0,0
0.68797263867265,1339,-1.3305,0,0
0.68797245783736,1340,-1.33,0,0
0.687972276867,1341,-1.3295,0,0
0.68797209576156,1342,-1.329,0,0
0.68797191452105,1343,-1.3285,0,0
0.68797173314548,1344,-1.328,0,0
0.68797155163483,1345,-1.3275,0,0
0.68797136998911,1346,-1.327,0,0
0.68797118820831,1347,-1.3265,0,0
0.68797100629245,1348,-1.326,0,0
0.68797082424151,1349,-1.3255,0,0
0.6879706420555,1350,-1.325,0,0
0.68797045973442,1351,-1.3245,0,0
0.68797027727827,1352,-1.324,0,0
0.68797009468704,1353,-1.3235,0,0
0.68796991196074,1354,-1.323,0,0
0.68796972909936,1355,-1.3225,0,0
0.68796954610292,1356,-1.322,0,0
0.68796936297139,1357,-1.3215,0,0
0.6879691797048,1358,-1.321,0,0
0.68796899630313,1359,-1.3205,0,0
0.68796881276639,1360,-1.32,0,0
0.68796862909457,1361,-1.3195,0,0
0.68796844528768,1362,-1.319,0,0
0.68796826134572,1363,-1.3185,0,0
0.68796807726868,1364,-1.318,0,0
0.68796789305656,1365,-1.3175,0,0
0.68796770870937,1366,-1.317,0,0
0.68796752422711,1367,-1.3165,0,0
0.68796733960977,1368,-1.316,0,0
0.68796715485736,1369,-1.3155,0,0
0.68796696996987,1370,-1.315,0,0
0.6879667849473,1371,-1.3145,0,0
0.68796659978966,1372,-1.314,0,0
0.68796641449694,1373,-1.3135,0,0
0.68796622906914,1374,-1.313,0,0
0.68796604350627,1375,-1.3125,0,0
0.68796585780833,1376,-1.312,0,0
0.6879656719753,1377,-1.3115,0,0
0.6879654860072,1378,-1.311,0,0
0.68796529990403,1379,-1.3105,0,0
0.68796511366577,1380,-1.31,0,0
0.68796492729244,1381,-1.3095,0,0
0.68796474078403,1382,-1.309,0,0
0.68796455414054,1383,-1.3085,0,0
0.68796436736198,1384,-1.308,0,0
0.68796418044834,1385,-1.3075,0,0
0.68796399339962,1386,-1.307,0,0
0.68796380621582,1387,-1.3065,0,0
0.68796361889694,1388,-1.306,0,0
0.68796343144298,1389,-1.3055,0,0
0.68796324385395,1390,-1.305,0,0
0.68796305612984,1391,-1.3045,0,0
0.68796286827064,1392,-1.304,0,0
0.68796268027637,1393,-1.3035,0,0
0.68796249214702,1394,-1.303,0,0
0.68796230388259,1395,-1.3025,0,0
0.68796211548308,1396,-1.302,0,0
0.68796192694849,1397,-1.3015,0,0
0.68796173827882,1398,-1.301,0,0
0.68796154947407,1399,-1.3005,0,0
0.68796136053424,1400,-1.3,0,0
0.68796117145933,1401,-1.2995,0,0
0.68796098224934,1402,-1.299,0,0
0.68796079290427,1403,-1.2985,0,0
0.68796060342411,1404,-1.298,0,0
0.68796041380888,1405,-1.2975,0,0
0.68796022405856,1406,-1.297,0,0
0.68796003417317,1407,-1.2965,0,0
0.68795984415269,1408,-1.296,0,0
0.68795965399713,1409,-1.2955,0,0
0.68795946370649,1410,-1.295,0,0
0.68795927328076,1411,-1.2945,0,0
0.68795908271995,1412,-1.294,0,0
0.68795889202407,1413,-1.2935,0,0
0.68795870119309,1414,-1.293,0,0
0.68795851022704,1415,-1.2925,0,0
0.6879583191259,1416,-1.292,0,0
0.68795812788968,1417,-1.2915,0,0
0.68795793651838,1418,-1.291,0,0
0.68795774501199,1419,-1.2905,0,0
0.68795755337052,1420,-1.29,0,0
0.68795736159397,1421,-1.2895,0,0
0.68795716968233,1422,-1.289,0,0
0.68795697763561,1423,-1.2885,0,0
0.6879567854538,1424,-1.288,0,0
0.68795659313691,1425,-1.2875,0,0
0.68795640068493,1426,-1.287,0,0
0.68795620809787,1427,-1.2865,0,0
0.68795601537573,1428,-1.286,0,0
0.6879558225185,1429,-1.2855,0,0
0.68795562952618,1430,-1.285,0,0
0.68795543639878,1431,-1.2845,0,0
0.6879552431363,1432,-1.284,0,0
0.68795504973872,1433,-1.2835,0,0
0.68795485620607,1434,-1.283,0,0
0.68795466253832,1435,-1.2825,0,0
0.68795446873549,1436,-1.282,0,0
0.68795427479758,1437,-1.2815,0,0
0.68795408072457,1438,-1.281,0,0
0.68795388651648,1439,-1.2805,0,0
0.68795369217331,1440,-1.28,0,0
0.68795349769505,1441,-1.2795,0,0
0.68795330308169,1442,-1.279,0,0
0.68795310833326,1443,-1.2785,0,0
0.68795291344973,1444,-1.278,0,0
0.68795271843112,1445,-1.2775,0,0
0.68795252327742,1446,-1.277,0,0
0.68795232798863,1447,-1.2765,0,0
0.68795213256475,1448,-1.276,0,0
0.68795193700579,1449,-1.2755,0,0
0.68795174131173,1450,-1.275,0,0
0.68795154548259,1451,-1.2745,0,0
0.68795134951836,1452,-1.274,0,0
0.68795115341904,1453,-1.2735,0,0
0.68795095718463,1454,-1.273,0,0
0.68795076081513,1455,-1.2725,0,0
0.68795056431054,1456,-1.272,0,0
0.68795036767086,1457,-1.2715,0,0
0.68795017089609,1458,-1.271,0,0
0.68794997398624,1459,-1.2705,0,0
0.68794977694129,1460,-1.27,0,0
0.68794957976125,1461,-1.2695,0,0
0.68794938244612,1462,-1.269,0,0
0.6879491849959,1463,-1.2685,0,0
0.68794898741059,1464,-1.268,0,0
0.68794878969019,1465,-1.2675,0,0
0.6879485918347,1466,-1.267,0,0
0.68794839384411,1467,-1.2665,0,0
0.68794819571844,1468,-1.266,0,0
0.68794799745767,1469,-1.2655,0,0
0.68794779906181,1470,-1.265,0,0
0.68794760053086,1471,-1.2645,0,0
0.68794740186481,1472,-1.264,0,0
0.68794720306368,1473,-1.2635,0,0
0.68794700412745,1474,-1.263,0,0
0.68794680505613,1475,-1.2625,0,0
0.68794660584971,1476,-1.262,0,0
0.68794640650821,1477,-1.2615,0,0
0.6879462070316,1478,-1.261,0,0
0.68794600741991,1479,-1.2605,0,0
0.68794580767312,1480,-1.26,0,0
0.68794560779124,1481,-1.2595,0,0
0.68794540777427,1482,-1.259,0,0
0.6879452076222,1483,-1.2585,0,0
0.68794500733503,1484,-1.258,0,0
0.68794480691278,1485,-1.2575,0,0
0.68794460635542,1486,-1.257,0,0
0.68794440566298,1487,-1.2565,0,0
0.68794420483543,1488,-1.256,0,0
0.6879440038728,1489,-1.2555,0,0
0.68794380277506,1490,-1.255,0,0
0.68794360154224,1491,-1.2545,0,0
0.68794340017431,1492,-1.254,0,0
0.68794319867129,1493,-1.2535,0,0
0.68794299703318,1494,-1.253,0,0
0.68794279525997,1495,-1.2525,0,0
0.68794259335166,1496,-1.252,0,0
0.68794239130825,1497,-1.2515,0,0
0.68794218912975,1498,-1.251,0,0
0.68794198681616,1499,-1.2505,0,0
0.68794178436746,1500,-1.25,0,0
0.68794158178367,1501,-1.2495,0,0
0.68794137906478,1502,-1.249,0,0
0.68794117621079,1503,-1.2485,0,0
0.68794097322171,1504,-1.248,0,0
0.68794077009752,1505,-1.2475,0,0
0.68794056683824,1506,-1.247,0,0
0.68794036344387,1507,-1.2465,0,0
0.68794015991439,1508,-1.246,0,0
0.68793995624981,1509,-1.2455,0,0
0.68793975245014,1510,-1.245,0,0
0.68793954851536,1511,-1.2445,0,0
0.68793934444549,1512,-1.244,0,0
0.68793914024052,1513,-1.2435,0,0
0.68793893590045,1514,-1.243,0,0
0.68793873142528,1515,-1.2425,0,0
0.68793852681501,1516,-1.242,0,0
0.68793832206964,1517,-1.2415,0,0
0.68793811718917,1518,-1.241,0,0
0.6879379121736,1519,-1.2405,0,0
0.68793770702293,1520,-1.24,0,0
0.68793750173715,1521,-1.2395,0,0
0.68793729631628,1522,-1.239,0,0
0.68793709076031,1523,-1.2385,0,0
0.68793688506923,1524,-1.238,0,0
0.68793667924306,1525,-1.2375,0,0
0.68793647328178,1526,-1.237,0,0
0.6879362671854,1527,-1.2365,0,0
0.68793606095392,1528,-1.236,0,0
0.68793585458733,1529,-1.2355,0,0
0.68793564808565,1530,-1.235,0,0
0.68793544144886,1531,-1.2345,0,0
0.68793523467697,1532,-1.234,0,0
0.68793502776997,1533,-1.2335,0,0
0.68793482072788,1534,-1.233,0,0
0.68793461355068,1535,-1.2325,0,0
0.68793440623838,1536,-1.232,0,0
0.68793419879097,1537,-1.2315,0,0
0.68793399120846,1538,-1.231,0,0
0.68793378349085,1539,-1.2305,0,0
0.68793357563813,1540,-1.23,0,0
0.68793336765031,1541,-1.2295,0,0
0.68793315952738,1542,-1.229,0,0
0.68793295126935,1543,-1.2285,0,0
0.68793274287621,1544,-1.228,0,0
0.68793253434797,1545,-1.2275,0,0
0.68793232568463,1546,-1.227,0,0
0.68793211688618,1547,-1.2265,0,0
0.68793190795262,1548,-1.226,0,0
0.68793169888396,1549,-1.2255,0,0
0.68793148968019,1550,-1.225,0,0
0.68793128034132,1551,-1.2245,0,0
0.68793107086734,1552,-1.224,0,0
0.68793086125825,1553,-1.2235,0,0
0.68793065151406,1554,-1.223,0,0
0.68793044163476,1555,-1.2225,0,0
0.68793023162035,1556,-1.222,0,0
0.68793002147084,1557,-1.2215,0,0
0.68792981118622,1558,-1.221,0,0
0.68792960076649,1559,-1.2205,0,0
0.68792939021166,1560,-1.22,0,0
0.68792917952171,1561,-1.2195,0,0
0.68792896869666,1562,-1.219,0,0
0.6879287577365,1563,-1.2185,0,0
0.68792854664124,1564,-1.218,0,0
0.68792833541086,1565,-1.2175,0,0
0.68792812404538,1566,-1.217,0,0
0.68792791254478,1567,-1.2165,0,0
0.68792770090908,1568,-1.216,0,0
0.68792748913827,1569,-1.2155,0,0
0.68792727723235,1570,-1.215,0,0
0.68792706519132,1571,-1.2145,0,0
0.68792685301518,1572,-1.214,0,0
0.68792664070393,1573,-1.2135,0,0
0.68792642825757,1574,-1.213,0,0
0.6879262156761,1575,-1.2125,0,0
0.68792600295952,1576,-1.212,0,0
0.68792579010783,1577,-1.2115,0,0
0.68792557712102,1578,-1.211,0,0
0.68792536399911,1579,-1.2105,0,0
0.68792515074209,1580,-1.21,0,0
0.68792493734995,1581,-1.2095,0,0
0.6879247238227,1582,-1.209,0,0
0.68792451016034,1583,-1.2085,0,0
0.68792429636287,1584,-1.208,0,0
0.68792408243029,1585,-1.2075,0,0
0.68792386836259,1586,-1.207,0,0
0.68792365415979,1587,-1.2065,0,0
0.68792343982186,1588,-1.206,0,0
0.68792322534883,1589,-1.2055,0,0
0.68792301074069,1590,-1.205,0,0
0.68792279599743,1591,-1.2045,0,0
0.68792258111905,1592,-1.204,0,0
0.68792236610557,1593,-1.2035,0,0
0.68792215095697,1594,-1.203,0,0
0.68792193567325,1595,-1.2025,0,0
0.68792172025442,1596,-1.202,0,0
0.68792150470048,1597,-1.2015,0,0
0.68792128901142,1598,-1.201,0,0
0.68792107318725,1599,-1.2005,0,0
0.68792085722797,1600,-1.2,0,0
0.68792064113356,1601,-1.1995,0,0
0.68792042490405,1602,-1.199,0,0
0.68792020853942,1603,-1.1985,0,0
0.68791999203967,1604,-1.198,0,0
0.6879197754048,1605,-1.1975,0,0
0.68791955863482,1606,-1.197,0,0
0.68791934172973,1607,-1.1965,0,0
0.68791912468952,1608,-1.196,0,0
0.68791890751419,1609,-1.1955,0,0
0.68791869020374,1610,-1.195,0,0
0.68791847275818,1611,-1.1945,0,0
0.6879182551775,1612,-1.194,0,0
0.68791803746171,1613,-1.1935,0,0
0.68791781961079,1614,-1.193,0,0
0.68791760162476,1615,-1.1925,0,0
0.68791738350361,1616,-1.192,0,0
0.68791716524734,1617,-1.1915,0,0
0.68791694685596,1618,-1.191,0,0
0.68791672832946,1619,-1.1905,0,0
0.68791650966783,1620,-1.19,0,0
0.68791629087109,1621,-1.1895,0,0
0.68791607193923,1622,-1.189,0,0
0.68791585287225,1623,-1.1885,0,0
0.68791563367016,1624,-1.188,0,0
0.68791541433294,1625,-1.1875,0,0
0.6879151948606,1626,-1.187,0,0
0.68791497525314,1627,-1.1865,0,0
0.68791475551057,1628,-1.186,0,0
0.68791453563287,1629,-1.1855,0,0
0.68791431562005,1630,-1.185,0,0
0.68791409547211,1631,-1.1845,0,0
0.68791387518905,1632,-1.184,0,0
0.68791365477087,1633,-1.1835,0,0
0.68791343421757,1634,-1.183,0,0
0.68791321352915,1635,-1.1825,0,0
0.6879129927056,1636,-1.182,0,0
0.68791277174694,1637,-1.1815,0,0
0.68791255065315,1638,-1.181,0,0
0.68791232942424,1639,-1.1805,0,0
0.6879121080602,1640,-1.18,0,0
0.68791188656105,1641,-1.1795,0,0
0.68791166492677,1642,-1.179,0,0
0.68791144315737,1643,-1.1785,0,0
0.68791122125285,1644,-1.178,0,0
0.6879109992132,1645,-1.1775,0,0
0.68791077703843,1646,-1.177,0,0
0.68791055472854,1647,-1.1765,0,0
0.68791033228352,1648,-1.176,0,0
0.68791010970338,1649,-1.1755,0,0
0.68790988698811,1650,-1.175,0,0
0.68790966413772,1651,-1.1745,0,0
0.6879094411522,1652,-1.174,0,0
0.68790921803156,1653,-1.1735,0,0
0.6879089947758,1654,-1.173,0,0
0.68790877138491,1655,-1.1725,0,0
0.68790854785889,1656,-1.172,0,0
0.68790832419775,1657,-1.1715,0,0
0.68790810040149,1658,-1.171,0,0
0.68790787647009,1659,-1.1705,0,0
0.68790765240358,1660,-1.17,0,0
0.68790742820193,1661,-1.1695,0,0
0.68790720386516,1662,-1.169,0,0
0.68790697939326,1663,-1.1685,0,0
0.68790675478624,1664,-1.168,0,0
0.68790653004408,1665,-1.1675,0,0
0.68790630516681,1666,-1.167,0,0
0.6879060801544,1667,-1.1665,0,0
0.68790585500686,1668,-1.166,0,0
0.6879056297242,1669,-1.1655,0,0
0.68790540430641,1670,-1.165,0,0
0.68790517875349,1671,-1.1645,0,0
0.68790495306545,1672,-1.164,0,0
0.68790472724227,1673,-1.1635,0,0
0.68790450128397,1674,-1.163,0,0
0.68790427519053,1675,-1.1625,0,0
0.68790404896197,1676,-1.162,0,0
0.68790382259828,1677,-1.1615,0,0
0.68790359609946,1678,-1.161,0,0
0.68790336946551,1679,-1.1605,0,0
0.68790314269643,1680,-1.16,0,0
0.68790291579222,1681,-1.1595,0,0
0.68790268875288,1682,-1.159,0,0
0.6879024615784,1683,-1.1585,0,0
0.6879022342688,1684,-1.158,0,0
0.68790200682407,1685,-1.1575,0,0
0.6879017792442,1686,-1.157,0,0
0.68790155152921,1687,-1.1565,0,0
0.68790132367908,1688,-1.156,0,0
0.68790109569382,1689,-1.1555,0,0
0.68790086757343,1690,-1.155,0,0
0.68790063931791,1691,-1.1545,0,0
0.68790041092725,1692,-1.154,0,0
0.68790018240146,1693,-1.1535,0,0
0.68789995374054,1694,-1.153,0,0
0.68789972494449,1695,-1.1525,0,0
0.6878994960133,1696,-1.152,0,0
0.68789926694698,1697,-1.1515,0,0
0.68789903774553,1698,-1.151,0,0
0.68789880840894,1699,-1.1505,0,0
0.68789857893722,1700,-1.15,0,0
0.68789834933037,1701,-1.1495,0,0
0.68789811958838,1702,-1.149,0,0
0.68789788971125,1703,-1.1485,0,0
0.687897659699,1704,-1.148,0,0
0.6878974295516,1705,-1.1475,0,0
0.68789719926907,1706,-1.147,0,0
0.68789696885141,1707,-1.1465,0,0
0.68789673829861,1708,-1.146,0,0
0.68789650761068,1709,-1.1455,0,0
0.68789627678761,1710,-1.145,0,0
0.6878960458294,1711,-1.1445,0,0
0.68789581473606,1712,-1.144,0,0
0.68789558350758,1713,-1.1435,0,0
0.68789535214397,1714,-1.143,0,0
0.68789512064522,1715,-1.1425,0,0
0.68789488901133,1716,-1.142,0,0
0.6878946572423,1717,-1.1415,0,0
0.68789442533814,1718,-1.141,0,0
0.68789419329884,1719,-1.1405,0,0
0.6878939611244,1720,-1.14,0,0
0.68789372881482,1721,-1.1395,0,0
0.68789349637011,1722,-1.139,0,0
0.68789326379025,1723,-1.1385,0,0
0.68789303107526,1724,-1.138,0,0
0.68789279822513,1725,-1.1375,0,0
0.68789256523986,1726,-1.137,0,0
0.68789233211945,1727,-1.1365,0,0
0.6878920988639,1728,-1.136,0,0
0.68789186547322,1729,-1.1355,0,0
0.68789163194739,1730,-1.135,0,0
0.68789139828642,1731,-1.1345,0,0
0.68789116449031,1732,-1.134,0,0
0.68789093055906,1733,-1.1335,0,0
0.68789069649268,1734,-1.133,0,0
0.68789046229115,1735,-1.1325,0,0
0.68789022795448,1736,-1.132,0,0
0.68788999348266,1737,-1.1315,0,0
0.68788975887571,1738,-1.131,0,0
0.68788952413362,1739,-1.1305,0,0
0.68788928925638,1740,-1.13,0,0
0.687889054244,1741,-1.1295,0,0
0.68788881909648,1742,-1.129,0,0
0.68788858381382,1743,-1.1285,0,0
0.68788834839601,1744,-1.128,0,0
0.68788811284307,1745,-1.1275,0,0
0.68788787715498,1746,-1.127,0,0
0.68788764133174,1747,-1.1265,0,0
0.68788740537336,1748,-1.126,0,0
0.68788716927984,1749,-1.1255,0,0
0.68788693305118,1750,-1.125,0,0
0.68788669668737,1751,-1.1245,0,0
0.68788646018842,1752,-1.124,0,0
0.68788622355432,1753,-1.1235,0,0
0.68788598678508,1754,-1.123,0,0
0.68788574988069,1755,-1.1225,0,0
0.68788551284116,1756,-1.122,0,0
0.68788527566648,1757,-1.1215,0,0
0.68788503835666,1758,-1.121,0,0
0.68788480091169,1759,-1.1205,0,0
0.68788456333158,1760,-1.12,0,0
0.68788432561632,1761,-1.1195,0,0
0.68788408776591,1762,-1.119,0,0
0.68788384978036,1763,-1.1185,0,0
0.68788361165966,1764,-1.118,0,0
0.68788337340382,1765,-1.1175,0,0
0.68788313501282,1766,-1.117,0,0
0.68788289648668,1767,-1.1165,0,0
0.6878826578254,1768,-1.116,0,0
0.68788241902896,1769,-1.1155,0,0
0.68788218009738,1770,-1.115,0,0
0.68788194103065,1771,-1.1145,0,0
0.68788170182877,1772,-1.114,0,0
0.68788146249174,1773,-1.1135,0,0
0.68788122301956,1774,-1.113,0,0
0.68788098341224,1775,-1.1125,0,0
0.68788074366976,1776,-1.112,0,0
0.68788050379214,1777,-1.1115,0,0
0.68788026377937,1778,-1.111,0,0
0.68788002363145,1779,-1.1105,0,0
0.68787978334837,1780,-1.11,0,0
0.68787954293015,1781,-1.1095,0,0
0.68787930237678,1782,-1.109,0,0
0.68787906168826,1783,-1.1085,0,0
0.68787882086458,1784,-1.108,0,0
0.68787857990576,1785,-1.1075,0,0
0.68787833881178,1786,-1.107,0,0
0.68787809758265,1787,-1.1065,0,0
0.68787785621838,1788,-1.106,0,0
0.68787761471895,1789,-1.1055,0,0
0.68787737308436,1790,-1.105,0,0
0.68787713131463,1791,-1.1045,0,0
0.68787688940974,1792,-1.104,0,0
0.6878766473697,1793,-1.1035,0,0
0.68787640519451,1794,-1.103,0,0
0.68787616288416,1795,-1.1025,0,0
0.68787592043867,1796,-1.102,0,0
0.68787567785802,1797,-1.1015,0,0
0.68787543514221,1798,-1.101,0,0
0.68787519229125,1799,-1.1005,0,0
0.68787494930514,1800,-1.1,0,0
0.68787470618387,1801,-1.0995,0,0
0.68787446292745,1802,-1.099,0,0
0.68787421953587,1803,-1.0985,0,0
0.68787397600914,1804,-1.098,0,0
0.68787373234726,1805,-1.0975,0,0
0.68787348855022,1806,-1.097,0,0
0.68787324461802,1807,-1.0965,0,0
0.68787300055067,1808,-1.096,0,0
0.68787275634816,1809,-1.0955,0,0
0.68787251201049,1810,-1.095,0,0
0.68787226753767,1811,-1.0945,0,0
0.6878720229297,1812,-1.094,0,0
0.68787177818656,1813,-1.0935,0,0
0.68787153330827,1814,-1.093,0,0
0.68787128829482,1815,-1.0925,0,0
0.68787104314622,1816,-1.092,0,0
0.68787079786246,1817,-1.0915,0,0
0.68787055244354,1818,-1.091,0,0
0.68787030688946,1819,-1.0905,0,0
0.68787006120022,1820,-1.09,0,0
0.68786981537583,1821,-1.0895,0,0
0.68786956941627,1822,-1.089,0,0
0.68786932332156,1823,-1.0885,0,0
0.68786907709169,1824,-1.088,0,0
0.68786883072666,1825,-1.0875,0,0
0.68786858422647,1826,-1.087,0,0
0.68786833759112,1827,-1.0865,0,0
0.68786809082061,1828,-1.086,0,0
0.68786784391494,1829,-1.0855,0,0
0.68786759687411,1830,-1.085,0,0
0.68786734969812,1831,-1.0845,0,0
0.68786710238697,1832,-1.084,0,0
0.68786685494066,1833,-1.0835,0,0
0.68786660735918,1834,-1.083,0,0
0.68786635964255,1835,-1.0825,0,0
0.68786611179075,1836,-1.082,0,0
0.6878658638038,1837,-1.0815,0,0
0.68786561568168,1838,-1.081,0,0
0.6878653674244,1839,-1.0805,0,0
0.68786511903195,1840,-1.08,0,0
0.68786487050435,1841,-1.0795,0,0
0.68786462184158,1842,-1.079,0,0
0.68786437304364,1843,-1.0785,0,0
0.68786412411055,1844,-1.078,0,0
0.68786387504229,1845,-1.0775,0,0
0.68786362583887,1846,-1.077,0,0
0.68786337650028,1847,-1.0765,0,0
0.68786312702653,1848,-1.076,0,0
0.68786287741761,1849,-1.0755,0,0
0.68786262767353,1850,-1.075,0,0
0.68786237779429,1851,-1.0745,0,0
0.68786212777988,1852,-1.074,0,0
0.68786187763031,1853,-1.0735,0,0
0.68786162734557,1854,-1.073,0,0
0.68786137692566,1855,-1.0725,0,0
0.68786112637059,1856,-1.072,0,0
0.68786087568035,1857,-1.0715,0,0
0.68786062485495,1858,-1.071,0,0
0.68786037389438,1859,-1.0705,0,0
0.68786012279865,1860,-1.07,0,0
0.68785987156774,1861,-1.0695,0,0
0.68785962020167,1862,-1.069,0,0
0.68785936870043,1863,-1.0685,0,0
0.68785911706403,1864,-1.068,0,0
0.68785886529246,1865,-1.0675,0,0
0.68785861338572,1866,-1.067,0,0
0.68785836134381,1867,-1.0665,0,0
0.68785810916673,1868,-1.066,0,0
0.68785785685449,1869,-1.0655,0,0
0.68785760440707,1870,-1.065,0,0
0.68785735182449,1871,-1.0645,0,0
0.68785709910673,1872,-1.064,0,0
0.68785684625381,1873,-1.0635,0,0
0.68785659326572,1874,-1.063,0,0
0.68785634014246,1875,-1.0625,0,0
0.68785608688403,1876,-1.062,0,0
0.68785583349043,1877,-1.0615,0,0
0.68785557996165,1878,-1.061,0,0
0.68785532629771,1879,-1.0605,0,0
0.6878550724986,1880,-1.06,0,0
0.68785481856431,1881,-1.0595,0,0
0.68785456449485,1882,-1.059,0,0
0.68785431029023,1883,-1.0585,0,0
0.68785405595043,1884,-1.058,0,0
0.68785380147545,1885,-1.0575,0,0
0.68785354686531,1886,-1.057,0,0
0.68785329211999,1887,-1.0565,0,0
0.6878530372395,1888,-1.056,0,0
0.68785278222384,1889,-1.0555,0,0
0.687852527073,1890,-1.055,0,0
0.687852271787,1891,-1.0545,0,0
0.68785201636581,1892,-1.054,0,0
0.68785176080946,1893,-1.0535,0,0
0.68785150511793,1894,-1.053,0,0
0.68785124929122,1895,-1.0525,0,0
0.68785099332934,1896,-1.052,0,0
0.68785073723229,1897,-1.0515,0,0
0.68785048100006,1898,-1.051,0,0
0.68785022463266,1899,-1.0505,0,0
0.68784996813008,1900,-1.05,0,0
0.68784971149232,1901,-1.0495,0,0
0.68784945471939,1902,-1.049,0,0
0.68784919781129,1903,-1.0485,0,0
0.68784894076801,1904,-1.048,0,0
0.68784868358955,1905,-1.0475,0,0
0.68784842627591,1906,-1.047,0,0
0.6878481688271,1907,-1.0465,0,0
0.68784791124311,1908,-1.046,0,0
0.68784765352395,1909,-1.0455,0,0
0.6878473956696,1910,-1.045,0,0
0.68784713768008,1911,-1.0445,0,0
0.68784687955538,1912,-1.044,0,0
0.6878466212955,1913,-1.0435,0,0
0.68784636290045,1914,-1.043,0,0
0.68784610437021,1915,-1.0425,0,0
0.6878458457048,1916,-1.042,0,0
0.68784558690421,1917,-1.0415,0,0
0.68784532796843,1918,-1.041,0,0
0.68784506889748,1919,-1.0405,0,0
0.68784480969135,1920,-1.04,0,0
0.68784455035004,1921,-1.0395,0,0
0.68784429087355,1922,-1.039,0,0
0.68784403126188,1923,-1.0385,0,0
0.68784377151503,1924,-1.038,0,0
0.68784351163299,1925,-1.0375,0,0
0.68784325161578,1926,-1.037,0,0
0.68784299146339,1927,-1.0365,0,0
0.68784273117581,1928,-1.036,0,0
0.68784247075305,1929,-1.0355,0,0
0.68784221019511,1930,-1.035,0,0
0.68784194950199,1931,-1.0345,0,0
0.68784168867368,1932,-1.034,0,0
0.6878414277102,1933,-1.0335,0,0
0.68784116661153,1934,-1.033,0,0
0.68784090537767,1935,-1.0325,0,0
0.68784064400864,1936,-1.032,0,0
0.68784038250442,1937,-1.0315,0,0
0.68784012086501,1938,-1.031,0,0
0.68783985909043,1939,-1.0305,0,0
0.68783959718065,1940,-1.03,0,0
0.6878393351357,1941,-1.0295,0,0
0.68783907295556,1942,-1.029,0,0
0.68783881064023,1943,-1.0285,0,0
0.68783854818972,1944,-1.028,0,0
0.68783828560403,1945,-1.0275,0,0
0.68783802288315,1946,-1.027,0,0
0.68783776002708,1947,-1.0265,0,0
0.68783749703583,1948,-1.026,0,0
0.68783723390939,1949,-1.0255,0,0
0.68783697064776,1950,-1.025,0,0
0.68783670725095,1951,-1.0245,0,0
0.68783644371895,1952,-1.024,0,0
0.68783618005176,1953,-1.0235,0,0
0.68783591624939,1954,-1.023,0,0
0.68783565231183,1955,-1.0225,0,0
0.68783538823908,1956,-1.022,0,0
0.68783512403115,1957,-1.0215,0,0
0.68783485968802,1958,-1.021,0,0
0.68783459520971,1959,-1.0205,0,0
0.68783433059621,1960,-1.02,0,0
0.68783406584752,1961,-1.0195,0,0
0.68783380096364,1962,-1.019,0,0
0.68783353594457,1963,-1.0185,0,0
0.68783327079031,1964,-1.018,0,0
0.68783300550086,1965,-1.0175,0,0
0.68783274007622,1966,-1.017,0,0
0.68783247451639,1967,-1.0165,0,0
0.68783220882137,1968,-1.016,0,0
0.68783194299117,1969,-1.0155,0,0
0.68783167702576,1970,-1.015,0,0
0.68783141092517,1971,-1.0145,0,0
0.68783114468939,1972,-1.014,0,0
0.68783087831842,1973,-1.0135,0,0
0.68783061181225,1974,-1.013,0,0
0.68783034517089,1975,-1.0125,0,0
0.68783007839434,1976,-1.012,0,0
0.6878298114826,1977,-1.0115,0,0
0.68782954443566,1978,-1.011,0,0
0.68782927725353,1979,-1.0105,0,0
0.68782900993621,1980,-1.01,0,0
0.68782874248369,1981,-1.0095,0,0
0.68782847489598,1982,-1.009,0,0
0.68782820717308,1983,-1.0085,0,0
0.68782793931498,1984,-1.008,0,0
0.68782767132169,1985,-1.0075,0,0
0.68782740319321,1986,-1.007,0,0
0.68782713492953,1987,-1.0065,0,0
0.68782686653065,1988,-1.006,0,0
0.68782659799658,1989,-1.0055,0,0
0.68782632932731,1990,-1.005,0,0
0.68782606052285,1991,-1.0045,0,0
0.68782579158319,1992,-1.004,0,0
0.68782552250834,1993,-1.0035,0,0
0.68782525329829,1994,-1.003,0,0
0.68782498395304,1995,-1.0025,0,0
0.6878247144726,1996,-1.002,0,0
0.68782444485696,1997,-1.0015,0,0
0.68782417510612,1998,-1.001,0,0
0.68782390522008,1999,-1.0005,0,0
0.68782363519885,2000,-1,0,0
0.68782336504241,2001,-0.9995,0,0
0.68782309475078,2002,-0.999,0,0
0.68782282432396,2003,-0.9985,0,0
0.68782255376193,2004,-0.998,0,0
0.6878222830647,2005,-0.9975,0,0
0.68782201223228,2006,-0.997,0,0
0.68782174126465,2007,-0.9965,0,0
0.68782147016183,2008,-0.996,0,0
0.6878211989238,2009,-0.9955,0,0
0.68782092755058,2010,-0.995,0,0
0.68782065604216,2011,-0.9945,0,0
0.68782038439853,2012,-0.994,0,0
0.68782011261971,2013,-0.9935,0,0
0.68781984070568,2014,-0.993,0,0
0.68781956865645,2015,-0.9925,0,0
0.68781929647202,2016,-0.992,0,0
0.68781902415239,2017,-0.9915,0,0
0.68781875169756,2018,-0.991,0,0
0.68781847910752,2019,-0.9905,0,0
0.68781820638228,2020,-0.99,0,0
0.68781793352184,2021,-0.9895,0,0
0.6878176605262,2022,-0.989,0,0
0.68781738739535,2023,-0.9885,0,0
0.6878171141293,2024,-0.988,0,0
0.68781684072805,2025,-0.9875,0,0
0.68781656719159,2026,-0.987,0,0
0.68781629351993,2027,-0.9865,0,0
0.68781601971307,2028,-0.986,0,0
0.687815745771,2029,-0.9855,0,0
0.68781547169372,2030,-0.985,0,0
0.68781519748124,2031,-0.9845,0,0
0.68781492313356,2032,-0.984,0,0
0.68781464865067,2033,-0.9835,0,0
0.68781437403257,2034,-0.983,0,0
0.68781409927927,2035,-0.9825,0,0
0.68781382439076,2036,-0.982,0,0
0.68781354936705,2037,-0.9815,0,0
0.68781327420813,2038,-0.981,0,0
0.687812998914,2039,-0.9805,0,0
0.68781272348467,2040,-0.98,0,0
0.68781244792012,2041,-0.9795,0,0
0.68781217222037,2042,-0.979,0,0
0.68781189638542,2043,-0.9785,0,0
0.68781162041525,2044,-0.978,0,0
0.68781134430988,2045,-0.9775,0,0
0.6878110680693,2046,-0.977,0,0
0.68781079169351,2047,-0.9765,0,0
0.68781051518251,2048,-0.976,0,0
0.6878102385363,2049,-0.9755,0,0
0.68780996175488,2050,-0.975,0,0
0.68780968483825,2051,-0.9745,0,0
0.68780940778641,2052,-0.974,0,0
0.68780913059936,2053,-0.9735,0,0
0.68780885327711,2054,-0.973,0,0
0.68780857581964,2055,-0.9725,0,0
0.68780829822696,2056,-0.972,0,0
0.68780802049907,2057,-0.9715,0,0
0.68780774263596,2058,-0.971,0,0
0.68780746463765,2059,-0.9705,0,0
0.68780718650412,2060,-0.97,0,0
0.68780690823539,2061,-0.9695,0,0
0.68780662983144,2062,-0.969,0,0
0.68780635129227,2063,-0.9685,0,0
0.6878060726179,2064,-0.968,0,0
0.68780579380831,2065,-0.9675,0,0
0.68780551486351,2066,-0.967,0,0
0.68780523578349,2067,-0.9665,0,0
0.68780495656826,2068,-0.966,0,0
0.68780467721782,2069,-0.9655,0,0
0.68780439773216,2070,-0.965,0,0
0.68780411811129,2071,-0.9645,0,0
0.68780383835521,2072,-0.964,0,0
0.68780355846391,2073,-0.9635,0,0
0.68780327843739,2074,-0.963,0,0
0.68780299827566,2075,-0.9625,0,0
0.68780271797871,2076,-0.962,0,0
0.68780243754655,2077,-0.9615,0,0
0.68780215697917,2078,-0.961,0,0
0.68780187627657,2079,-0.9605,0,0
0.68780159543876,2080,-0.96,0,0
0.68780131446573,2081,-0.9595,0,0
0.68780103335749,2082,-0.959,0,0
0.68780075211403,2083,-0.9585,0,0
0.68780047073535,2084,-0.958,0,0
0.68780018922145,2085,-0.9575,0,0
0.68779990757233,2086,-0.957,0,0
0.687799625788,2087,-0.9565,0,0
0.68779934386844,2088,-0.956,0,0
0.68779906181367,2089,-0.9555,0,0
0.68779877962368,2090,-0.955,0,0
0.68779849729847,2091,-0.9545,0,0
0.68779821483804,2092,-0.954,0,0
0.68779793224239,2093,-0.9535,0,0
0.68779764951152,2094,-0.953,0,0
0.68779736664543,2095,-0.9525,0,0
0.68779708364412,2096,-0.952,0,0
0.68779680050759,2097,-0.9515,0,0
0.68779651723584,2098,-0.951,0,0
0.68779623382887,2099,-0.9505,0,0
0.68779595028668,2100,-0.95,0,0
0.68779566660926,2101,-0.9495,0,0
0.68779538279662,2102,-0.949,0,0
0.68779509884876,2103,-0.9485,0,0
0.68779481476568,2104,-0.948,0,0
0.68779453054738,2105,-0.9475,0,0
0.68779424619385,2106,-0.947,0,0
0.6877939617051,2107,-0.9465,0,0
0.68779367708113,2108,-0.946,0,0
0.68779339232193,2109,-0.9455,0,0
0.68779310742751,2110,-0.945,0,0
0.68779282239786,2111,-0.9445,0,0
0.687792537233,2112,-0.944,0,0
0.6877922519329,2113,-0.9435,0,0
0.68779196649758,2114,-0.943,0,0
0.68779168092704,2115,-0.9425,0,0
0.68779139522127,2116,-0.942,0,0
0.68779110938028,2117,-0.9415,0,0
0.68779082340406,2118,-0.941,0,0
0.68779053729261,2119,-0.9405,0,0
0.68779025104594,2120,-0.94,0,0
0.68778996466404,2121,-0.9395,0,0
0.68778967814691,2122,-0.939,0,0
0.68778939149456,2123,-0.9385,0,0
0.68778910470698,2124,-0.938,0,0
0.68778881778417,2125,-0.9375,0,0
0.68778853072614,2126,-0.937,0,0
0.68778824353287,2127,-0.9365,0,0
0.68778795620438,2128,-0.936,0,0
0.68778766874066,2129,-0.9355,0,0
0.68778738114171,2130,-0.935,0,0
0.68778709340754,2131,-0.9345,0,0
0.68778680553813,2132,-0.934,0,0
0.68778651753349,2133,-0.9335,0,0
0.68778622939363,2134,-0.933,0,0
0.68778594111853,2135,-0.9325,0,0
0.68778565270821,2136,-0.932,0,0
0.68778536416265,2137,-0.9315,0,0
0.68778507548186,2138,-0.931,0,0
0.68778478666585,2139,-0.9305,0,0
0.6877844977146,2140,-0.93,0,0
0.68778420862812,2141,-0.9295,0,0
0.6877839194064,2142,-0.929,0,0
0.68778363004946,2143,-0.9285,0,0
0.68778334055728,2144,-0.928,0,0
0.68778305092988,2145,-0.9275,0,0
0.68778276116723,2146,-0.927,0,0
0.68778247126936,2147,-0.9265,0,0
0.68778218123625,2148,-0.926,0,0
0.68778189106791,2149,-0.9255,0,0
0.68778160076434,2150,-0.925,0,0
0.68778131032553,2151,-0.9245,0,0
0.68778101975149,2152,-0.924,0,0
0.68778072904221,2153,-0.9235,0,0
0.6877804381977,2154,-0.923,0,0
0.68778014721795,2155,-0.9225,0,0
0.68777985610297,2156,-0.922,0,0
0.68777956485276,2157,-0.9215,0,0
0.6877792734673,2158,-0.921,0,0
0.68777898194662,2159,-0.9205,0,0
0.68777869029069,2160,-0.92,0,0
0.68777839849953,2161,-0.9195,0,0
0.68777810657313,2162,-0.919,0,0
0.6877778145115,2163,-0.9185,0,0
0.68777752231463,2164,-0.918,0,0
0.68777722998252,2165,-0.9175,0,0
0.68777693751517,2166,-0.917,0,0
0.68777664491259,2167,-0.9165,0,0
0.68777635217477,2168,-0.916,0,0
0.68777605930171,2169,-0.9155,0,0
0.68777576629341,2170,-0.915,0,0
0.68777547314987,2171,-0.9145,0,0
0.68777517987109,2172,-0.914,0,0
0.68777488645708,2173,-0.9135,0,0
0.68777459290782,2174,-0.913,0,0
0.68777429922332,2175,-0.9125,0,0
0.68777400540359,2176,-0.912,0,0
0.68777371144861,2177,-0.9115,0,0
0.6877734173584,2178,-0.911,0,0
0.68777312313294,2179,-0.9105,0,0
0.68777282877224,2180,-0.91,0,0
0.6877725342763,2181,-0.9095,0,0
0.68777223964512,2182,-0.909,0,0
0.68777194487869,2183,-0.9085,0,0
0.68777164997703,2184,-0.908,0,0
0.68777135494012,2185,-0.9075,0,0
0.68777105976797,2186,-0.907,0,0
0.68777076446057,2187,-0.9065,0,0
0.68777046901794,2188,-0.906,0,0
0.68777017344006,2189,-0.9055,0,0
0.68776987772693,2190,-0.905,0,0
0.68776958187856,2191,-0.9045,0,0
0.68776928589495,2192,-0.904,0,0
0.6877689897761,2193,-0.9035,0,0
0.68776869352199,2194,-0.903,0,0
0.68776839713265,2195,-0.9025,0,0
0.68776810060806,2196,-0.902,0,0
0.68776780394822,2197,-0.9015,0,0
0.68776750715314,2198,-0.901,0,0
0.68776721022281,2199,-0.9005,0,0
0.68776691315724,2200,-0.9,0,0
0.68776661595642,2201,-0.8995,0,0
0.68776631862035,2202,-0.899,0,0
0.68776602114903,2203,-0.8985,0,0
0.68776572354247,2204,-0.898,0,0
0.68776542580066,2205,-0.8975,0,0
0.68776512792361,2206,-0.897,0,0
0.6877648299113,2207,-0.8965,0,0
0.68776453176375,2208,-0.896,0,0
0.68776423348095,2209,-0.8955,0,0
0.6877639350629,2210,-0.895,0,0
0.6877636365096,2211,-0.8945,0,0
0.68776333782105,2212,-0.894,0,0
0.68776303899725,2213,-0.8935,0,0
0.68776274003821,2214,-0.893,0,0
0.68776244094391,2215,-0.8925,0,0
0.68776214171436,2216,-0.892,0,0
0.68776184234956,2217,-0.8915,0,0
0.68776154284951,2218,-0.891,0,0
0.68776124321421,2219,-0.8905,0,0
0.68776094344366,2220,-0.89,0,0
0.68776064353786,2221,-0.8895,0,0
0.68776034349681,2222,-0.889,0,0
0.6877600433205,2223,-0.8885,0,0
0.68775974300894,2224,-0.888,0,0
0.68775944256213,2225,-0.8875,0,0
0.68775914198007,2226,-0.887,0,0
0.68775884126275,2227,-0.8865,0,0
0.68775854041018,2228,-0.886,0,0
0.68775823942235,2229,-0.8855,0,0
0.68775793829928,2230,-0.885,0,0
0.68775763704094,2231,-0.8845,0,0
0.68775733564736,2232,-0.884,0,0
0.68775703411852,2233,-0.8835,0,0
0.68775673245442,2234,-0.883,0,0
0.68775643065507,2235,-0.8825,0,0
0.68775612872046,2236,-0.882,0,0
0.6877558266506,2237,-0.8815,0,0
0.68775552444548,2238,-0.881,0,0
0.68775522210511,2239,-0.8805,0,0
0.68775491962948,2240,-0.88,0,0
0.68775461701859,2241,-0.8795,0,0
0.68775431427245,2242,-0.879,0,0
0.68775401139105,2243,-0.8785,0,0
0.68775370837439,2244,-0.878,0,0
0.68775340522247,2245,-0.8775,0,0
0.6877531019353,2246,-0.877,0,0
0.68775279851287,2247,-0.8765,0,0
0.68775249495518,2248,-0.876,0,0
0.68775219126223,2249,-0.8755,0,0
0.68775188743402,2250,-0.875,0,0
0.68775158347055,2251,-0.8745,0,0
0.68775127937182,2252,-0.874,0,0
0.68775097513784,2253,-0.8735,0,0
0.68775067076859,2254,-0.873,0,0
0.68775036626408,2255,-0.8725,0,0
0.68775006162431,2256,-0.872,0,0
0.68774975684929,2257,-0.8715,0,0
0.687749451939,2258,-0.871,0,0
0.68774914689344,2259,-0.8705,0,0
0.68774884171263,2260,-0.87,0,0
0.68774853639656,2261,-0.8695,0,0
0.68774823094522,2262,-0.869,0,0
0.68774792535862,2263,-0.8685,0,0
0.68774761963676,2264,-0.868,0,0
0.68774731377963,2265,-0.8675,0,0
0.68774700778725,2266,-0.867,0,0
0.6877467016596,2267,-0.8665,0,0
0.68774639539668,2268,-0.866,0,0
0.6877460889985,2269,-0.8655,0,0
0.68774578246506,2270,-0.865,0,0
0.68774547579635,2271,-0.8645,0,0
0.68774516899238,2272,-0.864,0,0
0.68774486205314,2273,-0.8635,0,0
0.68774455497864,2274,-0.863,0,0
0.68774424776887,2275,-0.8625,0,0
0.68774394042384,2276,-0.862,0,0
0.68774363294354,2277,-0.8615,0,0
0.68774332532797,2278,-0.861,0,0
0.68774301757714,2279,-0.8605,0,0
0.68774270969104,2280,-0.86,0,0
0.68774240166967,2281,-0.8595,0,0
0.68774209351304,2282,-0.859,0,0
0.68774178522114,2283,-0.8585,0,0
0.68774147679397,2284,-0.858,0,0
0.68774116823153,2285,-0.8575,0,0
0.68774085953383,2286,-0.857,0,0
0.68774055070085,2287,-0.8565,0,0
0.68774024173261,2288,-0.856,0,0
0.68773993262909,2289,-0.8555,0,0
0.68773962339031,2290,-0.855,0,0
0.68773931401626,2291,-0.8545,0,0
0.68773900450694,2292,-0.854,0,0
0.68773869486235,2293,-0.8535,0,0
0.68773838508248,2294,-0.853,0,0
0.68773807516735,2295,-0.8525,0,0
0.68773776511695,2296,-0.852,0,0
0.68773745493127,2297,-0.8515,0,0
0.68773714461032,2298,-0.851,0,0
0.6877368341541,2299,-0.8505,0,0
0.68773652356261,2300,-0.85,0,0
0.68773621283585,2301,-0.8495,0,0
0.68773590197381,2302,-0.849,0,0
0.6877355909765,2303,-0.8485,0,0
0.68773527984392,2304,-0.848,0,0
0.68773496857606,2305,-0.8475,0,0
0.68773465717293,2306,-0.847,0,0
0.68773434563453,2307,-0.8465,0,0
0.68773403396085,2308,-0.846,0,0
0.6877337221519,2309,-0.8455,0,0
0.68773341020767,2310,-0.845,0,0
0.68773309812817,2311,-0.8445,0,0
0.68773278591339,2312,-0.844,0,0
0.68773247356334,2313,-0.8435,0,0
0.68773216107801,2314,-0.843,0,0
0.68773184845741,2315,-0.8425,0,0
0.68773153570153,2316,-0.842,0,0
0.68773122281037,2317,-0.8415,0,0
0.68773090978393,2318,-0.841,0,0
0.68773059662222,2319,-0.8405,0,0
0.68773028332523,2320,-0.84,0,0
0.68772996989297,2321,-0.8395,0,0
0.68772965632542,2322,-0.839,0,0
0.6877293426226,2323,-0.8385,0,0
0.6877290287845,2324,-0.838,0,0
0.68772871481112,2325,-0.8375,0,0
0.68772840070246,2326,-0.837,0,0
0.68772808645852,2327,-0.8365,0,0
0.6877277720793,2328,-0.836,0,0
0.6877274575648,2329,-0.8355,0,0
0.68772714291502,2330,-0.835,0,0
0.68772682812996,2331,-0.8345,0,0
0.68772651320962,2332,-0.834,0,0
0.687726198154,2333,-0.8335,0,0
0.6877258829631,2334,-0.833,0,0
0.68772556763692,2335,-0.8325,0,0
0.68772525217545,2336,-0.832,0,0
0.68772493657871,2337,-0.8315,0,0
0.68772462084668,2338,-0.831,0,0
0.68772430497937,2339,-0.8305,0,0
0.68772398897677,2340,-0.83,0,0
0.6877236728389,2341,-0.8295,0,0
0.68772335656574,2342,-0.829,0,0
0.68772304015729,2343,-0.8285,0,0
0.68772272361356,2344,-0.828,0,0
0.68772240693455,2345,-0.8275,0,0
0.68772209012025,2346,-0.827,0,0
0.68772177317067,2347,-0.8265,0,0
0.68772145608581,2348,-0.826,0,0
0.68772113886565,2349,-0.8255,0,0
0.68772082151022,2350,-0.825,0,0
0.68772050401949,2351,-0.8245,0,0
0.68772018639348,2352,-0.824,0,0
0.68771986863219,2353,-0.8235,0,0
0.68771955073561,2354,-0.823,0,0
0.68771923270374,2355,-0.8225,0,0
0.68771891453658,2356,-0.822,0,0
0.68771859623414,2357,-0.8215,0,0
0.68771827779641,2358,-0.821,0,0
0.68771795922339,2359,-0.8205,0,0
0.68771764051508,2360,-0.82,0,0
0.68771732167149,2361,-0.8195,0,0
0.6877170026926,2362,-0.819,0,0
0.68771668357843,2363,-0.8185,0,0
0.68771636432896,2364,-0.818,0,0
0.68771604494421,2365,-0.8175,0,0
0.68771572542417,2366,-0.817,0,0
0.68771540576884,2367,-0.8165,0,0
0.68771508597821,2368,-0.816,0,0
0.6877147660523,2369,-0.8155,0,0
0.6877144459911,2370,-0.815,0,0
0.6877141257946,2371,-0.8145,0,0
0.68771380546281,2372,-0.814,0,0
0.68771348499573,2373,-0.8135,0,0
0.68771316439336,2374,-0.813,0,0
0.6877128436557,2375,-0.8125,0,0
0.68771252278274,2376,-0.812,0,0
0.6877122017745,2377,-0.8115,0,0
0.68771188063095,2378,-0.811,0,0
0.68771155935212,2379,-0.8105,0,0
0.68771123793799,2380,-0.81,0,0
0.68771091638857,2381,-0.8095,0,0
0.68771059470385,2382,-0.809,0,0
0.68771027288384,2383,-0.8085,0,0
0.68770995092853,2384,-0.808,0,0
0.68770962883793,2385,-0.8075,0,0
0.68770930661203,2386,-0.807,0,0
0.68770898425084,2387,-0.8065,0,0
0.68770866175435,2388,-0.806,0,0
0.68770833912257,2389,-0.8055,0,0
0.68770801635548,2390,-0.805,0,0
0.68770769345311,2391,-0.8045,0,0
0.68770737041543,2392,-0.804,0,0
0.68770704724246,2393,-0.8035,0,0
0.68770672393419,2394,-0.803,0,0
0.68770640049062,2395,-0.8025,0,0
0.68770607691176,2396,-0.802,0,0
0.68770575319759,2397,-0.8015,0,0
0.68770542934813,2398,-0.801,0,0
0.68770510536337,2399,-0.8005,0,0
0.68770478124331,2400,-0.8,0,0
0.68770445698795,2401,-0.7995,0,0
0.68770413259729,2402,-0.799,0,0
0.68770380807133,2403,-0.7985,0,0
0.68770348341007,2404,-0.798,0,0
0.68770315861351,2405,-0.7975,0,0
0.68770283368165,2406,-0.797,0,0
0.68770250861448,2407,-0.7965,0,0
0.68770218341202,2408,-0.796,0,0
0.68770185807425,2409,-0.7955,0,0
0.68770153260118,2410,-0.795,0,0
0.68770120699281,2411,-0.7945,0,0
0.68770088124914,2412,-0.794,0,0
0.68770055537017,2413,-0.7935,0,0
0.68770022935589,2414,-0.793,0,0
0.68769990320631,2415,-0.7925,0,0
0.68769957692142,2416,-0.792,0,0
0.68769925050123,2417,-0.7915,0,0
0.68769892394574,2418,-0.791,0,0
0.68769859725494,2419,-0.7905,0,0
0.68769827042883,2420,-0.79,0,0
0.68769794346743,2421,-0.7895,0,0
0.68769761637071,2422,-0.789,0,0
0.68769728913869,2423,-0.7885,0,0
0.68769696177137,2424,-0.788,0,0
0.68769663426874,2425,-0.7875,0,0
0.6876963066308,2426,-0.787,0,0
0.68769597885756,2427,-0.7865,0,0
0.687695650949,2428,-0.786,0,0
0.68769532290515,2429,-0.7855,0,0
0.68769499472598,2430,-0.785,0,0
0.68769466641151,2431,-0.7845,0,0
0.68769433796172,2432,-0.784,0,0
0.68769400937663,2433,-0.7835,0,0
0.68769368065624,2434,-0.783,0,0
0.68769335180053,2435,-0.7825,0,0
0.68769302280951,2436,-0.782,0,0
0.68769269368318,2437,-0.7815,0,0
0.68769236442155,2438,-0.781,0,0
0.6876920350246,2439,-0.7805,0,0
0.68769170549234,2440,-0.78,0,0
0.68769137582477,2441,-0.7795,0,0
0.6876910460219,2442,-0.779,0,0
0.68769071608371,2443,-0.7785,0,0
0.6876903860102,2444,-0.778,0,0
0.68769005580139,2445,-0.7775,0,0
0.68768972545727,2446,-0.777,0,0
0.68768939497783,2447,-0.7765,0,0
0.68768906436308,2448,-0.776,0,0
0.68768873361302,2449,-0.7755,0,0
0.68768840272764,2450,-0.775,0,0
0.68768807170695,2451,-0.7745,0,0
0.68768774055095,2452,-0.774,0,0
0.68768740925963,2453,-0.7735,0,0
0.687687077833,2454,-0.773,0,0
0.68768674627105,2455,-0.7725,0,0
0.68768641457379,2456,-0.772,0,0
0.68768608274121,2457,-0.7715,0,0
0.68768575077332,2458,-0.771,0,0
0.68768541867011,2459,-0.7705,0,0
0.68768508643159,2460,-0.77,0,0
0.68768475405775,2461,-0.7695,0,0
0.68768442154859,2462,-0.769,0,0
0.68768408890412,2463,-0.7685,0,0
0.68768375612433,2464,-0.768,0,0
0.68768342320922,2465,-0.7675,0,0
0.68768309015879,2466,-0.767,0,0
0.68768275697305,2467,-0.7665,0,0
0.68768242365199,2468,-0.766,0,0
0.68768209019561,2469,-0.7655,0,0
0.68768175660391,2470,-0.765,0,0
0.68768142287689,2471,-0.7645,0,0
0.68768108901455,2472,-0.764,0,0
0.68768075501689,2473,-0.7635,0,0
0.68768042088392,2474,-0.763,0,0
0.68768008661562,2475,-0.7625,0,0
0.687679752212,2476,-0.762,0,0
0.68767941767306,2477,-0.7615,0,0
0.6876790829988,2478,-0.761,0,0
0.68767874818922,2479,-0.7605,0,0
0.68767841324431,2480,-0.76,0,0
0.68767807816409,2481,-0.7595,0,0
0.68767774294854,2482,-0.759,0,0
0.68767740759767,2483,-0.7585,0,0
0.68767707211147,2484,-0.758,0,0
0.68767673648996,2485,-0.7575,0,0
0.68767640073312,2486,-0.757,0,0
0.68767606484095,2487,-0.7565,0,0
0.68767572881347,2488,-0.756,0,0
0.68767539265065,2489,-0.7555,0,0
0.68767505635252,2490,-0.755,0,0
0.68767471991906,2491,-0.7545,0,0
0.68767438335027,2492,-0.754,0,0
0.68767404664616,2493,-0.7535,0,0
0.68767370980672,2494,-0.753,0,0
0.68767337283195,2495,-0.7525,0,0
0.68767303572186,2496,-0.752,0,0
0.68767269847645,2497,-0.7515,0,0
0.6876723610957,2498,-0.751,0,0
0.68767202357963,2499,-0.7505,0,0
0.68767168592823,2500,-0.75,0,0
0.68767134814151,2501,-0.7495,0,0
0.68767101021945,2502,-0.749,0,0
0.68767067216207,2503,-0.7485,0,0
0.68767033396936,2504,-0.748,0,0
0.68766999564132,2505,-0.7475,0,0
0.68766965717795,2506,-0.747,0,0
0.68766931857925,2507,-0.7465,0,0
0.68766897984522,2508,-0.746,0,0
0.68766864097587,2509,-0.7455,0,0
0.68766830197118,2510,-0.745,0,0
0.68766796283116,2511,-0.7445,0,0
0.68766762355581,2512,-0.744,0,0
0.68766728414513,2513,-0.7435,0,0
0.68766694459911,2514,-0.743,0,0
0.68766660491777,2515,-0.7425,0,0
0.68766626510109,2516,-0.742,0,0
0.68766592514908,2517,-0.7415,0,0
0.68766558506174,2518,-0.741,0,0
0.68766524483906,2519,-0.7405,0,0
0.68766490448105,2520,-0.74,0,0
0.68766456398771,2521,-0.7395,0,0
0.68766422335904,2522,-0.739,0,0
0.68766388259503,2523,-0.7385,0,0
0.68766354169568,2524,-0.738,0,0
0.687663200661,2525,-0.7375,0,0
0.68766285949099,2526,-0.737,0,0
0.68766251818564,2527,-0.7365,0,0
0.68766217674496,2528,-0.736,0,0
0.68766183516894,2529,-0.7355,0,0
0.68766149345758,2530,-0.735,0,0
0.68766115161089,2531,-0.7345,0,0
0.68766080962886,2532,-0.734,0,0
0.68766046751149,2533,-0.7335,0,0
0.68766012525878,2534,-0.733,0,0
0.68765978287074,2535,-0.7325,0,0
0.68765944034736,2536,-0.732,0,0
0.68765909768864,2537,-0.7315,0,0
0.68765875489459,2538,-0.731,0,0
0.68765841196519,2539,-0.7305,0,0
0.68765806890046,2540,-0.73,0,0
0.68765772570038,2541,-0.7295,0,0
0.68765738236497,2542,-0.729,0,0
0.68765703889422,2543,-0.7285,0,0
0.68765669528812,2544,-0.728,0,0
0.68765635154669,2545,-0.7275,0,0
0.68765600766991,2546,-0.727,0,0
0.6876556636578,2547,-0.7265,0,0
0.68765531951034,2548,-0.726,0,0
0.68765497522754,2549,-0.7255,0,0
0.6876546308094,2550,-0.725,0,0
0.68765428625591,2551,-0.7245,0,0
0.68765394156709,2552,-0.724,0,0
0.68765359674292,2553,-0.7235,0,0
0.6876532517834,2554,-0.723,0,0
0.68765290668855,2555,-0.7225,0,0
0.68765256145835,2556,-0.722,0,0
0.6876522160928,2557,-0.7215,0,0
0.68765187059192,2558,-0.721,0,0
0.68765152495568,2559,-0.7205,0,0
0.6876511791841,2560,-0.72,0,0
0.68765083327718,2561,-0.7195,0,0
0.68765048723491,2562,-0.719,0,0
0.6876501410573,2563,-0.7185,0,0
0.68764979474434,2564,-0.718,0,0
0.68764944829603,2565,-0.7175,0,0
0.68764910171238,2566,-0.717,0,0
0.68764875499337,2567,-0.7165,0,0
0.68764840813903,2568,-0.716,0,0
0.68764806114933,2569,-0.7155,0,0
0.68764771402429,2570,-0.715,0,0
0.68764736676389,2571,-0.7145,0,0
0.68764701936815,2572,-0.714,0,0
0.68764667183706,2573,-0.7135,0,0
0.68764632417062,2574,-0.713,0,0
0.68764597636884,2575,-0.7125,0,0
0.6876456284317,2576,-0.712,0,0
0.68764528035921,2577,-0.7115,0,0
0.68764493215137,2578,-0.711,0,0
0.68764458380818,2579,-0.7105,0,0
0.68764423532964,2580,-0.71,0,0
0.68764388671575,2581,-0.7095,0,0
0.68764353796651,2582,-0.709,0,0
0.68764318908192,2583,-0.7085,0,0
0.68764284006197,2584,-0.708,0,0
0.68764249090667,2585,-0.7075,0,0
0.68764214161602,2586,-0.707,0,0
0.68764179219002,2587,-0.7065,0,0
0.68764144262866,2588,-0.706,0,0
0.68764109293195,2589,-0.7055,0,0
0.68764074309988,2590,-0.705,0,0
0.68764039313246,2591,-0.7045,0,0
0.68764004302969,2592,-0.704,0,0
0.68763969279156,2593,-0.7035,0,0
0.68763934241808,2594,-0.703,0,0
0.68763899190924,2595,-0.7025,0,0
0.68763864126504,2596,-0.702,0,0
0.68763829048549,2597,-0.7015,0,0
0.68763793957058,2598,-0.701,0,0
0.68763758852032,2599,-0.7005,0,0
0.6876372373347,2600,-0.7,0,0
0.68763688601372,2601,-0.6995,0,0
0.68763653455739,2602,-0.699,0,0
0.6876361829657,2603,-0.6985,0,0
0.68763583123864,2604,-0.698,0,0
0.68763547937624,2605,-0.6975,0,0
0.68763512737847,2606,-0.697,0,0
0.68763477524534,2607,-0.6965,0,0
0.68763442297685,2608,-0.696,0,0
0.68763407057301,2609,-0.6955,0,0
0.6876337180338,2610,-0.695,0,0
0.68763336535924,2611,-0.6945,0,0
0.68763301254931,2612,-0.694,0,0
0.68763265960402,2613,-0.6935,0,0
0.68763230652337,2614,-0.693,0,0
0.68763195330736,2615,-0.6925,0,0
0.68763159995599,2616,-0.692,0,0
0.68763124646926,2617,-0.6915,0,0
0.68763089284716,2618,-0.691,0,0
0.68763053908971,2619,-0.6905,0,0
0.68763018519688,2620,-0.69,0,0
0.6876298311687,2621,-0.6895,0,0
0.68762947700515,2622,-0.689,0,0
0.68762912270624,2623,-0.6885,0,0
0.68762876827197,2624,-0.688,0,0
0.68762841370232,2625,-0.6875,0,0
0.68762805899732,2626,-0.687,0,0
0.68762770415695,2627,-0.6865,0,0
0.68762734918121,2628,-0.686,0,0
0.68762699407011,2629,-0.6855,0,0
0.68762663882365,2630,-0.685,0,0
0.68762628344181,2631,-0.6845,0,0
0.68762592792461,2632,-0.684,0,0
0.68762557227205,2633,-0.6835,0,0
0.68762521648411,2634,-0.683,0,0
0.68762486056081,2635,-0.6825,0,0
0.68762450450214,2636,-0.682,0,0
0.68762414830811,2637,-0.6815,0,0
0.6876237919787,2638,-0.681,0,0
0.68762343551393,2639,-0.6805,0,0
0.68762307891379,2640,-0.68,0,0
0.68762272217827,2641,-0.6795,0,0
0.68762236530739,2642,-0.679,0,0
0.68762200830114,2643,-0.6785,0,0
0.68762165115952,2644,-0.678,0,0
0.68762129388253,2645,-0.6775,0,0
0.68762093647016,2646,-0.677,0,0
0.68762057892243,2647,-0.6765,0,0
0.68762022123932,2648,-0.676,0,0
0.68761986342085,2649,-0.6755,0,0
0.687619505467,2650,-0.675,0,0
0.68761914737777,2651,-0.6745,0,0
0.68761878915318,2652,-0.674,0,0
0.68761843079321,2653,-0.6735,0,0
0.68761807229787,2654,-0.673,0,0
0.68761771366716,2655,-0.6725,0,0
0.68761735490107,2656,-0.672,0,0
0.68761699599961,2657,-0.6715,0,0
0.68761663696277,2658,-0.671,0,0
0.68761627779056,2659,-0.6705,0,0
0.68761591848297,2660,-0.67,0,0
0.68761555904001,2661,-0.6695,0,0
0.68761519946168,2662,-0.669,0,0
0.68761483974796,2663,-0.6685,0,0
0.68761447989887,2664,-0.668,0,0
0.68761411991441,2665,-0.6675,0,0
0.68761375979456,2666,-0.667,0,0
0.68761339953934,2667,-0.6665,0,0
0.68761303914874,2668,-0.666,0,0
0.68761267862277,2669,-0.6655,0,0
0.68761231796141,2670,-0.665,0,0
0.68761195716468,2671,-0.6645,0,0
0.68761159623257,2672,-0.664,0,0
0.68761123516508,2673,-0.6635,0,0
0.68761087396221,2674,-0.663,0,0
0.68761051262396,2675,-0.6625,0,0
0.68761015115033,2676,-0.662,0,0
0.68760978954132,2677,-0.6615,0,0
0.68760942779693,2678,-0.661,0,0
0.68760906591716,2679,-0.6605,0,0
0.687608703902,2680,-0.66,0,0
0.68760834175147,2681,-0.6595,0,0
0.68760797946555,2682,-0.659,0,0
0.68760761704425,2683,-0.6585,0,0
0.68760725448757,2684,-0.658,0,0
0.68760689179551,2685,-0.6575,0,0
0.68760652896806,2686,-0.657,0,0
0.68760616600523,2687,-0.6565,0,0
0.68760580290702,2688,-0.656,0,0
0.68760543967342,2689,-0.6555,0,0
0.68760507630444,2690,-0.655,0,0
0.68760471280007,2691,-0.6545,0,0
0.68760434916032,2692,-0.654,0,0
0.68760398538518,2693,-0.6535,0,0
0.68760362147466,2694,-0.653,0,0
0.68760325742875,2695,-0.6525,0,0
0.68760289324746,2696,-0.652,0,0
0.68760252893078,2697,-0.6515,0,0
0.68760216447871,2698,-0.651,0,0
0.68760179989125,2699,-0.6505,0,0
0.68760143516841,2700,-0.65,0,0
0.68760107031018,2701,-0.6495,0,0
0.68760070531656,2702,-0.649,0,0
0.68760034018755,2703,-0.6485,0,0
0.68759997492316,2704,-0.648,0,0
0.68759960952337,2705,-0.6475,0,0
0.6875992439882,2706,-0.647,0,0
0.68759887831763,2707,-0.6465,0,0
0.68759851251168,2708,-0.646,0,0
0.68759814657034,2709,-0.6455,0,0
0.6875977804936,2710,-0.645,0,0
0.68759741428147,2711,-0.6445,0,0
0.68759704793396,2712,-0.644,0,0
0.68759668145105,2713,-0.6435,0,0
0.68759631483275,2714,-0.643,0,0
0.68759594807906,2715,-0.6425,0,0
0.68759558118997,2716,-0.642,0,0
0.6875952141655,2717,-0.6415,0,0
0.68759484700562,2718,-0.641,0,0
0.68759447971036,2719,-0.6405,0,0
0.6875941122797,2720,-0.64,0,0
0.68759374471365,2721,-0.6395,0,0
0.68759337701221,2722,-0.639,0,0
0.68759300917536,2723,-0.6385,0,0
0.68759264120313,2724,-0.638,0,0
0.6875922730955,2725,-0.6375,0,0
0.68759190485247,2726,-0.637,0,0
0.68759153647405,2727,-0.6365,0,0
0.68759116796023,2728,-0.636,0,0
0.68759079931102,2729,-0.6355,0,0
0.6875904305264,2730,-0.635,0,0
0.68759006160639,2731,-0.6345,0,0
0.68758969255099,2732,-0.634,0,0
0.68758932336018,2733,-0.6335,0,0
0.68758895403398,2734,-0.633,0,0
0.68758858457238,2735,-0.6325,0,0
0.68758821497538,2736,-0.632,0,0
0.68758784524298,2737,-0.6315,0,0
0.68758747537518,2738,-0.631,0,0
0.68758710537198,2739,-0.6305,0,0
0.68758673523339,2740,-0.63,0,0
0.68758636495939,2741,-0.6295,0,0
0.68758599454999,2742,-0.629,0,0
0.68758562400519,2743,-0.6285,0,0
0.68758525332499,2744,-0.628,0,0
0.68758488250938,2745,-0.6275,0,0
0.68758451155838,2746,-0.627,0,0
0.68758414047197,2747,-0.6265,0,0
0.68758376925016,2748,-0.626,0,0
0.68758339789295,2749,-0.6255,0,0
0.68758302640033,2750,-0.625,0,0
0.68758265477231,2751,-0.6245,0,0
0.68758228300889,2752,-0.624,0,0
0.68758191111006,2753,-0.6235,0,0
0.68758153907583,2754,-0.623,0,0
0.6875811669062,2755,-0.6225,0,0
0.68758079460116,2756,-0.622,0,0
0.68758042216071,2757,-0.6215,0,0
0.68758004958486,2758,-0.621,0,0
0.6875796768736,2759,-0.6205,0,0
0.68757930402693,2760,-0.62,0,0
0.68757893104486,2761,-0.6195,0,0
0.68757855792738,2762,-0.619,0,0
0.6875781846745,2763,-0.6185,0,0
0.6875778112862,2764,-0.618,0,0
0.6875774377625,2765,-0.6175,0,0
0.68757706410339,2766,-0.617,0,0
0.68757669030887,2767,-0.6165,0,0
0.68757631637895,2768,-0.616,0,0
0.68757594231361,2769,-0.6155,0,0
0.68757556811286,2770,-0.615,0,0
0.68757519377671,2771,-0.6145,0,0
0.68757481930514,2772,-0.614,0,0
0.68757444469816,2773,-0.6135,0,0
0.68757406995578,2774,-0.613,0,0
0.68757369507798,2775,-0.6125,0,0
0.68757332006477,2776,-0.612,0,0
0.68757294491614,2777,-0.6115,0,0
0.68757256963211,2778,-0.611,0,0
0.68757219421266,2779,-0.6105,0,0
0.6875718186578,2780,-0.61,0,0
0.68757144296753,2781,-0.6095,0,0
0.68757106714185,2782,-0.609,0,0
0.68757069118075,2783,-0.6085,0,0
0.68757031508423,2784,-0.608,0,0
0.68756993885231,2785,-0.6075,0,0
0.68756956248496,2786,-0.607,0,0
0.68756918598221,2787,-0.6065,0,0
0.68756880934403,2788,-0.606,0,0
0.68756843257044,2789,-0.6055,0,0
0.68756805566144,2790,-0.605,0,0
0.68756767861702,2791,-0.6045,0,0
0.68756730143718,2792,-0.604,0,0
0.68756692412193,2793,-0.6035,0,0
0.68756654667125,2794,-0.603,0,0
0.68756616908516,2795,-0.6025,0,0
0.68756579136366,2796,-0.602,0,0
0.68756541350673,2797,-0.6015,0,0
0.68756503551439,2798,-0.601,0,0
0.68756465738663,2799,-0.6005,0,0
0.68756427912344,2800,-0.6,0,0
0.68756390072484,2801,-0.5995,0,0
0.68756352219082,2802,-0.599,0,0
0.68756314352138,2803,-0.5985,0,0
0.68756276471652,2804,-0.598,0,0
0.68756238577623,2805,-0.5975,0,0
0.68756200670053,2806,-0.597,0,0
0.6875616274894,2807,-0.5965,0,0
0.68756124814286,2808,-0.596,0,0
0.68756086866089,2809,-0.5955,0,0
0.6875604890435,2810,-0.595,0,0
0.68756010929068,2811,-0.5945,0,0
0.68755972940244,2812,-0.594,0,0
0.68755934937878,2813,-0.5935,0,0
0.6875589692197,2814,-0.593,0,0
0.68755858892519,2815,-0.5925,0,0
0.68755820849525,2816,-0.592,0,0
0.6875578279299,2817,-0.5915,0,0
0.68755744722911,2818,-0.591,0,0
0.6875570663929,2819,-0.5905,0,0
0.68755668542127,2820,-0.59,0,0
0.68755630431421,2821,-0.5895,0,0
0.68755592307172,2822,-0.589,0,0
0.68755554169381,2823,-0.5885,0,0
0.68755516018047,2824,-0.588,0,0
0.6875547785317,2825,-0.5875,0,0
0.68755439674751,2826,-0.587,0,0
0.68755401482789,2827,-0.5865,0,0
0.68755363277283,2828,-0.586,0,0
0.68755325058235,2829,-0.5855,0,0
0.68755286825644,2830,-0.585,0,0
0.68755248579511,2831,-0.5845,0,0
0.68755210319834,2832,-0.584,0,0
0.68755172046614,2833,-0.5835,0,0
0.68755133759851,2834,-0.583,0,0
0.68755095459545,2835,-0.5825,0,0
0.68755057145696,2836,-0.582,0,0
0.68755018818304,2837,-0.5815,0,0
0.68754980477369,2838,-0.581,0,0
0.68754942122891,2839,-0.5805,0,0
0.68754903754869,2840,-0.58,0,0
0.68754865373304,2841,-0.5795,0,0
0.68754826978196,2842,-0.579,0,0
0.68754788569544,2843,-0.5785,0,0
0.6875475014735,2844,-0.578,0,0
0.68754711711611,2845,-0.5775,0,0
0.6875467326233,2846,-0.577,0,0
0.68754634799505,2847,-0.5765,0,0
0.68754596323136,2848,-0.576,0,0
0.68754557833224,2849,-0.5755,0,0
0.68754519329768,2850,-0.575,0,0
0.68754480812769,2851,-0.5745,0,0
0.68754442282226,2852,-0.574,0,0
0.68754403738139,2853,-0.5735,0,0
0.68754365180509,2854,-0.573,0,0
0.68754326609335,2855,-0.5725,0,0
0.68754288024618,2856,-0.572,0,0
0.68754249426356,2857,-0.5715,0,0
0.68754210814551,2858,-0.571,0,0
0.68754172189202,2859,-0.5705,0,0
0.68754133550309,2860,-0.57,0,0
0.68754094897872,2861,-0.5695,0,0
0.68754056231891,2862,-0.569,0,0
0.68754017552366,2863,-0.5685,0,0
0.68753978859297,2864,-0.568,0,0
0.68753940152684,2865,-0.5675,0,0
0.68753901432527,2866,-0.567,0,0
0.68753862698826,2867,-0.5665,0,0
0.68753823951581,2868,-0.566,0,0
0.68753785190792,2869,-0.5655,0,0
0.68753746416458,2870,-0.565,0,0
0.6875370762858,2871,-0.5645,0,0
0.68753668827158,2872,-0.564,0,0
0.68753630012192,2873,-0.5635,0,0
0.68753591183681,2874,-0.563,0,0
0.68753552341626,2875,-0.5625,0,0
0.68753513486026,2876,-0.562,0,0
0.68753474616882,2877,-0.5615,0,0
0.68753435734194,2878,-0.561,0,0
0.68753396837961,2879,-0.5605,0,0
0.68753357928183,2880,-0.56,0,0
0.68753319004861,2881,-0.5595,0,0
0.68753280067994,2882,-0.559,0,0
0.68753241117583,2883,-0.5585,0,0
0.68753202153627,2884,-0.558,0,0
0.68753163176126,2885,-0.5575,0,0
0.6875312418508,2886,-0.557,0,0
0.6875308518049,2887,-0.5565,0,0
0.68753046162355,2888,-0.556,0,0
0.68753007130675,2889,-0.5555,0,0
0.6875296808545,2890,-0.555,0,0
0.6875292902668,2891,-0.5545,0,0
0.68752889954366,2892,-0.554,0,0
0.68752850868506,2893,-0.5535,0,0
0.68752811769101,2894,-0.553,0,0
0.68752772656152,2895,-0.5525,0,0
0.68752733529657,2896,-0.552,0,0
0.68752694389617,2897,-0.5515,0,0
0.68752655236032,2898,-0.551,0,0
0.68752616068902,2899,-0.5505,0,0
0.68752576888226,2900,-0.55,0,0
0.68752537694006,2901,-0.5495,0,0
0.6875249848624,2902,-0.549,0,0
0.68752459264929,2903,-0.5485,0,0
0.68752420030072,2904,-0.548,0,0
0.6875238078167,2905,-0.5475,0,0
0.68752341519723,2906,-0.547,0,0
0.6875230224423,2907,-0.5465,0,0
0.68752262955191,2908,-0.546,0,0
0.68752223652608,2909,-0.5455,0,0
0.68752184336478,2910,-0.545,0,0
0.68752145006803,2911,-0.5445,0,0
0.68752105663583,2912,-0.544,0,0
0.68752066306816,2913,-0.5435,0,0
0.68752026936505,2914,-0.543,0,0
0.68751987552647,2915,-0.5425,0,0
0.68751948155244,2916,-0.542,0,0
0.68751908744294,2917,-0.5415,0,0
0.687518693198,2918,-0.541,0,0
0.68751829881759,2919,-0.5405,0,0
0.68751790430172,2920,-0.54,0,0
0.68751750965039,2921,-0.5395,0,0
0.68751711486361,2922,-0.539,0,0
0.68751671994136,2923,-0.5385,0,0
0.68751632488366,2924,-0.538,0,0
0.68751592969049,2925,-0.5375,0,0
0.68751553436186,2926,-0.537,0,0
0.68751513889778,2927,-0.5365,0,0
0.68751474329823,2928,-0.536,0,0
0.68751434756322,2929,-0.5355,0,0
0.68751395169274,2930,-0.535,0,0
0.68751355568681,2931,-0.5345,0,0
0.68751315954541,2932,-0.534,0,0
0.68751276326854,2933,-0.5335,0,0
0.68751236685622,2934,-0.533,0,0
0.68751197030843,2935,-0.5325,0,0
0.68751157362517,2936,-0.532,0,0
0.68751117680646,2937,-0.5315,0,0
0.68751077985227,2938,-0.531,0,0
0.68751038276262,2939,-0.5305,0,0
0.68750998553751,2940,-0.53,0,0
0.68750958817693,2941,-0.5295,0,0
0.68750919068088,2942,-0.529,0,0
0.68750879304937,2943,-0.5285,0,0
0.68750839528239,2944,-0.528,0,0
0.68750799737994,2945,-0.5275,0,0
0.68750759934203,2946,-0.527,0,0
0.68750720116864,2947,-0.5265,0,0
0.68750680285979,2948,-0.526,0,0
0.68750640441547,2949,-0.5255,0,0
0.68750600583568,2950,-0.525,0,0
0.68750560712042,2951,-0.5245,0,0
0.6875052082697,2952,-0.524,0,0
0.6875048092835,2953,-0.5235,0,0
0.68750441016183,2954,-0.523,0,0
0.68750401090469,2955,-0.5225,0,0
0.68750361151208,2956,-0.522,0,0
0.687503211984,2957,-0.5215,0,0
0.68750281232044,2958,-0.521,0,0
0.68750241252142,2959,-0.5205,0,0
0.68750201258692,2960,-0.52,0,0
0.68750161251695,2961,-0.5195,0,0
0.68750121231151,2962,-0.519,0,0
0.68750081197059,2963,-0.5185,0,0
0.6875004114942,2964,-0.518,0,0
0.68750001088233,2965,-0.5175,0,0
0.68749961013499,2966,-0.517,0,0
0.68749920925218,2967,-0.5165,0,0
0.68749880823389,2968,-0.516,0,0
0.68749840708013,2969,-0.5155,0,0
0.68749800579089,2970,-0.515,0,0
0.68749760436617,2971,-0.5145,0,0
0.68749720280598,2972,-0.514,0,0
0.6874968011103,2973,-0.5135,0,0
0.68749639927916,2974,-0.513,0,0
0.68749599731253,2975,-0.5125,0,0
0.68749559521043,2976,-0.512,0,0
0.68749519297285,2977,-0.5115,0,0
0.68749479059979,2978,-0.511,0,0
0.68749438809125,2979,-0.5105,0,0
0.68749398544723,2980,-0.51,0,0
0.68749358266773,2981,-0.5095,0,0
0.68749317975276,2982,-0.509,0,0
0.6874927767023,2983,-0.5085,0,0
0.68749237351636,2984,-0.508,0,0
0.68749197019494,2985,-0.5075,0,0
0.68749156673804,2986,-0.507,0,0
0.68749116314566,2987,-0.5065,0,0
0.68749075941779,2988,-0.506,0,0
0.68749035555445,2989,-0.5055,0,0
0.68748995155562,2990,-0.505,0,0
0.6874895474213,2991,-0.5045,0,0
0.68748914315151,2992,-0.504,0,0
0.68748873874623,2993,-0.5035,0,0
0.68748833420546,2994,-0.503,0,0
0.68748792952922,2995,-0.5025,0,0
0.68748752471748,2996,-0.502,0,0
0.68748711977026,2997,-0.5015,0,0
0.68748671468756,2998,-0.501,0,0
0.68748630946937,2999,-0.5005,0,0
0.6874859041157,3000,-0.5,0,0
0.68748549862653,3001,-0.4995,0,0
0.68748509300188,3002,-0.499,0,0
0.68748468724175,3003,-0.4985,0,0
0.68748428134612,3004,-0.498,0,0
0.68748387531501,3005,-0.4975,0,0
0.68748346914841,3006,-0.497,0,0
0.68748306284632,3007,-0.4965,0,0
0.68748265640875,3008,-0.496,0,0
0.68748224983568,3009,-0.4955,0,0
0.68748184312712,3010,-0.495,0,0
0.68748143628308,3011,-0.4945,0,0
0.68748102930354,3012,-0.494,0,0
0.68748062218851,3013,-0.4935,0,0
0.68748021493799,3014,-0.493,0,0
0.68747980755198,3015,-0.4925,0,0
0.68747940003048,3016,-0.492,0,0
0.68747899237349,3017,-0.4915,0,0
0.687478584581,3018,-0.491,0,0
0.68747817665302,3019,-0.4905,0,0
0.68747776858955,3020,-0.49,0,0
0.68747736039058,3021,-0.4895,0,0
0.68747695205612,3022,-0.489,0,0
0.68747654358617,3023,-0.4885,0,0
0.68747613498072,3024,-0.488,0,0
0.68747572623978,3025,-0.4875,0,0
0.68747531736334,3026,-0.487,0,0
0.6874749083514,3027,-0.4865,0,0
0.68747449920398,3028,-0.486,0,0
0.68747408992105,3029,-0.4855,0,0
0.68747368050263,3030,-0.485,0,0
0.68747327094871,3031,-0.4845,0,0
0.68747286125929,3032,-0.484,0,0
0.68747245143437,3033,-0.4835,0,0
0.68747204147396,3034,-0.483,0,0
0.68747163137805,3035,-0.4825,0,0
0.68747122114664,3036,-0.482,0,0
0.68747081077973,3037,-0.4815,0,0
0.68747040027732,3038,-0.481,0,0
0.68746998963941,3039,-0.4805,0,0
0.68746957886601,3040,-0.48,0,0
0.6874691679571,3041,-0.4795,0,0
0.68746875691269,3042,-0.479,0,0
0.68746834573278,3043,-0.4785,0,0
0.68746793441737,3044,-0.478,0,0
0.68746752296645,3045,-0.4775,0,0
0.68746711138003,3046,-0.477,0,0
0.68746669965812,3047,-0.4765,0,0
0.68746628780069,3048,-0.476,0,0
0.68746587580777,3049,-0.4755,0,0
0.68746546367934,3050,-0.475,0,0
0.68746505141541,3051,-0.4745,0,0
0.68746463901597,3052,-0.474,0,0
0.68746422648103,3053,-0.4735,0,0
0.68746381381058,3054,-0.473,0,0
0.68746340100463,3055,-0.4725,0,0
0.68746298806317,3056,-0.472,0,0
0.6874625749862,3057,-0.4715,0,0
0.68746216177373,3058,-0.471,0,0
0.68746174842576,3059,-0.4705,0,0
0.68746133494227,3060,-0.47,0,0
0.68746092132328,3061,-0.4695,0,0
0.68746050756878,3062,-0.469,0,0
0.68746009367877,3063,-0.4685,0,0
0.68745967965325,3064,-0.468,0,0
0.68745926549223,3065,-0.4675,0,0
0.68745885119569,3066,-0.467,0,0
0.68745843676365,3067,-0.4665,0,0
0.68745802219609,3068,-0.466,0,0
0.68745760749303,3069,-0.4655,0,0
0.68745719265445,3070,-0.465,0,0
0.68745677768036,3071,-0.4645,0,0
0.68745636257076,3072,-0.464,0,0
0.68745594732565,3073,-0.4635,0,0
0.68745553194503,3074,-0.463,0,0
0.6874551164289,3075,-0.4625,0,0
0.68745470077725,3076,-0.462,0,0
0.68745428499009,3077,-0.4615,0,0
0.68745386906741,3078,-0.461,0,0
0.68745345300922,3079,-0.4605,0,0
0.68745303681552,3080,-0.46,0,0
0.6874526204863,3081,-0.4595,0,0
0.68745220402157,3082,-0.459,0,0
0.68745178742132,3083,-0.4585,0,0
0.68745137068556,3084,-0.458,0,0
0.68745095381428,3085,-0.4575,0,0
0.68745053680748,3086,-0.457,0,0
0.68745011966517,3087,-0.4565,0,0
0.68744970238734,3088,-0.456,0,0
0.68744928497399,3089,-0.4555,0,0
0.68744886742513,3090,-0.455,0,0
0.68744844974075,3091,-0.4545,0,0
0.68744803192084,3092,-0.454,0,0
0.68744761396542,3093,-0.4535,0,0
0.68744719587448,3094,-0.453,0,0
0.68744677764802,3095,-0.4525,0,0
0.68744635928604,3096,-0.452,0,0
0.68744594078854,3097,-0.4515,0,0
0.68744552215552,3098,-0.451,0,0
0.68744510338698,3099,-0.4505,0,0
0.68744468448292,3100,-0.45,0,0
0.68744426544333,3101,-0.4495,0,0
0.68744384626823,3102,-0.449,0,0
0.6874434269576,3103,-0.4485,0,0
0.68744300751144,3104,-0.448,0,0
0.68744258792977,3105,-0.4475,0,0
0.68744216821257,3106,-0.447,0,0
0.68744174835985,3107,-0.4465,0,0
0.6874413283716,3108,-0.446,0,0
0.68744090824783,3109,-0.4455,0,0
0.68744048798853,3110,-0.445,0,0
0.68744006759371,3111,-0.4445,0,0
0.68743964706336,3112,-0.444,0,0
0.68743922639749,3113,-0.4435,0,0
0.68743880559608,3114,-0.443,0,0
0.68743838465916,3115,-0.4425,0,0
0.6874379635867,3116,-0.442,0,0
0.68743754237872,3117,-0.4415,0,0
0.68743712103521,3118,-0.441,0,0
0.68743669955617,3119,-0.4405,0,0
0.68743627794161,3120,-0.44,0,0
0.68743585619151,3121,-0.4395,0,0
0.68743543430588,3122,-0.439,0,0
0.68743501228473,3123,-0.4385,0,0
0.68743459012804,3124,-0.438,0,0
0.68743416783583,3125,-0.4375,0,0
0.68743374540808,3126,-0.437,0,0
0.68743332284481,3127,-0.4365,0,0
0.687432900146,3128,-0.436,0,0
0.68743247731166,3129,-0.4355,0,0
0.68743205434178,3130,-0.435,0,0
0.68743163123638,3131,-0.4345,0,0
0.68743120799544,3132,-0.434,0,0
0.68743078461897,3133,-0.4335,0,0
0.68743036110696,3134,-0.433,0,0
0.68742993745943,3135,-0.4325,0,0
0.68742951367635,3136,-0.432,0,0
0.68742908975774,3137,-0.4315,0,0
0.6874286657036,3138,-0.431,0,0
0.68742824151392,3139,-0.4305,0,0
0.68742781718871,3140,-0.43,0,0
0.68742739272796,3141,-0.4295,0,0
0.68742696813167,3142,-0.429,0,0
0.68742654339984,3143,-0.4285,0,0
0.68742611853248,3144,-0.428,0,0
0.68742569352958,3145,-0.4275,0,0
0.68742526839115,3146,-0.427,0,0
0.68742484311717,3147,-0.4265,0,0
0.68742441770766,3148,-0.426,0,0
0.6874239921626,3149,-0.4255,0,0
0.68742356648201,3150,-0.425,0,0
0.68742314066588,3151,-0.4245,0,0
0.6874227147142,3152,-0.424,0,0
0.68742228862699,3153,-0.4235,0,0
0.68742186240424,3154,-0.423,0,0
0.68742143604594,3155,-0.4225,0,0
0.6874210095521,3156,-0.422,0,0
0.68742058292272,3157,-0.4215,0,0
0.6874201561578,3158,-0.421,0,0
0.68741972925734,3159,-0.4205,0,0
0.68741930222133,3160,-0.42,0,0
0.68741887504978,3161,-0.4195,0,0
0.68741844774268,3162,-0.419,0,0
0.68741802030004,3163,-0.4185,0,0
0.68741759272186,3164,-0.418,0,0
0.68741716500813,3165,-0.4175,0,0
0.68741673715886,3166,-0.417,0,0
0.68741630917404,3167,-0.4165,0,0
0.68741588105367,3168,-0.416,0,0
0.68741545279776,3169,-0.4155,0,0
0.6874150244063,3170,-0.415,0,0
0.68741459587929,3171,-0.4145,0,0
0.68741416721674,3172,-0.414,0,0
0.68741373841864,3173,-0.4135,0,0
0.68741330948499,3174,-0.413,0,0
0.68741288041579,3175,-0.4125,0,0
0.68741245121104,3176,-0.412,0,0
0.68741202187075,3177,-0.4115,0,0
0.6874115923949,3178,-0.411,0,0
0.6874111627835,3179,-0.4105,0,0
0.68741073303656,3180,-0.41,0,0
0.68741030315406,3181,-0.4095,0,0
0.68740987313601,3182,-0.409,0,0
0.68740944298241,3183,-0.4085,0,0
0.68740901269326,3184,-0.408,0,0
0.68740858226855,3185,-0.4075,0,0
0.6874081517083,3186,-0.407,0,0
0.68740772101249,3187,-0.4065,0,0
0.68740729018112,3188,-0.406,0,0
0.6874068592142,3189,-0.4055,0,0
0.68740642811173,3190,-0.405,0,0
0.68740599687371,3191,-0.4045,0,0
0.68740556550013,3192,-0.404,0,0
0.68740513399099,3193,-0.4035,0,0
0.6874047023463,3194,-0.403,0,0
0.68740427056605,3195,-0.4025,0,0
0.68740383865025,3196,-0.402,0,0
0.68740340659889,3197,-0.4015,0,0
0.68740297441197,3198,-0.401,0,0
0.68740254208949,3199,-0.4005,0,0
0.68740210963146,3200,-0.4,0,0
0.68740167703787,3201,-0.3995,0,0
0.68740124430872,3202,-0.399,0,0
0.68740081144401,3203,-0.3985,0,0
0.68740037844374,3204,-0.398,0,0
0.68739994530792,3205,-0.3975,0,0
0.68739951203653,3206,-0.397,0,0
0.68739907862958,3207,-0.3965,0,0
0.68739864508707,3208,-0.396,0,0
0.687398211409,3209,-0.3955,0,0
0.68739777759537,3210,-0.395,0,0
0.68739734364618,3211,-0.3945,0,0
0.68739690956142,3212,-0.394,0,0
0.6873964753411,3213,-0.3935,0,0
0.68739604098522,3214,-0.393,0,0
0.68739560649378,3215,-0.3925,0,0
0.68739517186677,3216,-0.392,0,0
0.68739473710419,3217,-0.3915,0,0
0.68739430220606,3218,-0.391,0,0
0.68739386717236,3219,-0.3905,0,0
0.68739343200309,3220,-0.39,0,0
0.68739299669826,3221,-0.3895,0,0
0.68739256125786,3222,-0.389,0,0
0.68739212568189,3223,-0.3885,0,0
0.68739168997036,3224,-0.388,0,0
0.68739125412326,3225,-0.3875,0,0
0.68739081814059,3226,-0.387,0,0
0.68739038202236,3227,-0.3865,0,0
0.68738994576856,3228,-0.386,0,0
0.68738950937919,3229,-0.3855,0,0
0.68738907285425,3230,-0.385,0,0
0.68738863619374,3231,-0.3845,0,0
0.68738819939766,3232,-0.384,0,0
0.68738776246601,3233,-0.3835,0,0
0.68738732539879,3234,-0.383,0,0
0.687386888196,3235,-0.3825,0,0
0.68738645085764,3236,-0.382,0,0
0.6873860133837,3237,-0.3815,0,0
0.6873855757742,3238,-0.381,0,0
0.68738513802912,3239,-0.3805,0,0
0.68738470014847,3240,-0.38,0,0
0.68738426213225,3241,-0.3795,0,0
0.68738382398045,3242,-0.379,0,0
0.68738338569308,3243,-0.3785,0,0
0.68738294727014,3244,-0.378,0,0
0.68738250871162,3245,-0.3775,0,0
0.68738207001752,3246,-0.377,0,0
0.68738163118785,3247,-0.3765,0,0
0.68738119222261,3248,-0.376,0,0
0.68738075312179,3249,-0.3755,0,0
0.68738031388539,3250,-0.375,0,0
0.68737987451341,3251,-0.3745,0,0
0.68737943500586,3252,-0.374,0,0
0.68737899536273,3253,-0.3735,0,0
0.68737855558403,3254,-0.373,0,0
0.68737811566974,3255,-0.3725,0,0
0.68737767561988,3256,-0.372,0,0
0.68737723543443,3257,-0.3715,0,0
0.68737679511341,3258,-0.371,0,0
0.68737635465681,3259,-0.3705,0,0
0.68737591406462,3260,-0.37,0,0
0.68737547333686,3261,-0.3695,0,0
0.68737503247352,3262,-0.369,0,0
0.68737459147459,3263,-0.3685,0,0
0.68737415034008,3264,-0.368,0,0
0.68737370906999,3265,-0.3675,0,0
0.68737326766432,3266,-0.367,0,0
0.68737282612306,3267,-0.3665,0,0
0.68737238444623,3268,-0.366,0,0
0.6873719426338,3269,-0.3655,0,0
0.6873715006858,3270,-0.365,0,0
0.68737105860221,3271,-0.3645,0,0
0.68737061638303,3272,-0.364,0,0
0.68737017402827,3273,-0.3635,0,0
0.68736973153793,3274,-0.363,0,0
0.687369288912,3275,-0.3625,0,0
0.68736884615048,3276,-0.362,0,0
0.68736840325337,3277,-0.3615,0,0
0.68736796022068,3278,-0.361,0,0
0.6873675170524,3279,-0.3605,0,0
0.68736707374854,3280,-0.36,0,0
0.68736663030908,3281,-0.3595,0,0
0.68736618673404,3282,-0.359,0,0
0.68736574302341,3283,-0.3585,0,0
0.68736529917718,3284,-0.358,0,0
0.68736485519537,3285,-0.3575,0,0
0.68736441107797,3286,-0.357,0,0
0.68736396682498,3287,-0.3565,0,0
0.6873635224364,3288,-0.356,0,0
0.68736307791222,3289,-0.3555,0,0
0.68736263325246,3290,-0.355,0,0
0.6873621884571,3291,-0.3545,0,0
0.68736174352615,3292,-0.354,0,0
0.68736129845961,3293,-0.3535,0,0
0.68736085325747,3294,-0.353,0,0
0.68736040791974,3295,-0.3525,0,0
0.68735996244642,3296,-0.352,0,0
0.68735951683751,3297,-0.3515,0,0
0.68735907109299,3298,-0.351,0,0
0.68735862521289,3299,-0.3505,0,0
0.68735817919718,3300,-0.35,0,0
0.68735773304589,3301,-0.3495,0,0
0.68735728675899,3302,-0.349,0,0
0.6873568403365,3303,-0.3485,0,0
0.68735639377842,3304,-0.348,0,0
0.68735594708473,3305,-0.3475,0,0
0.68735550025545,3306,-0.347,0,0
0.68735505329057,3307,-0.3465,0,0
0.68735460619009,3308,-0.346,0,0
0.68735415895401,3309,-0.3455,0,0
0.68735371158233,3310,-0.345,0,0
0.68735326407506,3311,-0.3445,0,0
0.68735281643218,3312,-0.344,0,0
0.68735236865371,3313,-0.3435,0,0
0.68735192073963,3314,-0.343,0,0
0.68735147268995,3315,-0.3425,0,0
0.68735102450467,3316,-0.342,0,0
0.68735057618379,3317,-0.3415,0,0
0.6873501277273,3318,-0.341,0,0
0.68734967913522,3319,-0.3405,0,0
0.68734923040753,3320,-0.34,0,0
0.68734878154423,3321,-0.3395,0,0
0.68734833254534,3322,-0.339,0,0
0.68734788341083,3323,-0.3385,0,0
0.68734743414073,3324,-0.338,0,0
0.68734698473502,3325,-0.3375,0,0
0.6873465351937,3326,-0.337,0,0
0.68734608551678,3327,-0.3365,0,0
0.68734563570425,3328,-0.336,0,0
0.68734518575612,3329,-0.3355,0,0
0.68734473567237,3330,-0.335,0,0
0.68734428545303,3331,-0.3345,0,0
0.68734383509807,3332,-0.334,0,0
0.68734338460751,3333,-0.3335,0,0
0.68734293398133,3334,-0.333,0,0
0.68734248321955,3335,-0.3325,0,0
0.68734203232216,3336,-0.332,0,0
0.68734158128916,3337,-0.3315,0,0
0.68734113012055,3338,-0.331,0,0
0.68734067881633,3339,-0.3305,0,0
0.6873402273765,3340,-0.33,0,0
0.68733977580105,3341,-0.3295,0,0
0.68733932409,3342,-0.329,0,0
0.68733887224333,3343,-0.3285,0,0
0.68733842026106,3344,-0.328,0,0
0.68733796814316,3345,-0.3275,0,0
0.68733751588966,3346,-0.327,0,0
0.68733706350054,3347,-0.3265,0,0
0.68733661097581,3348,-0.326,0,0
0.68733615831547,3349,-0.3255,0,0
0.68733570551951,3350,-0.325,0,0
0.68733525258793,3351,-0.3245,0,0
0.68733479952074,3352,-0.324,0,0
0.68733434631793,3353,-0.3235,0,0
0.68733389297951,3354,-0.323,0,0
0.68733343950547,3355,-0.3225,0,0
0.68733298589582,3356,-0.322,0,0
0.68733253215054,3357,-0.3215,0,0
0.68733207826965,3358,-0.321,0,0
0.68733162425314,3359,-0.3205,0,0
0.68733117010102,3360,-0.32,0,0
0.68733071581327,3361,-0.3195,0,0
0.6873302613899,3362,-0.319,0,0
0.68732980683092,3363,-0.3185,0,0
0.68732935213631,3364,-0.318,0,0
0.68732889730609,3365,-0.3175,0,0
0.68732844234024,3366,-0.317,0,0
0.68732798723877,3367,-0.3165,0,0
0.68732753200168,3368,-0.316,0,0
0.68732707662897,3369,-0.3155,0,0
0.68732662112064,3370,-0.315,0,0
0.68732616547668,3371,-0.3145,0,0
0.6873257096971,3372,-0.314,0,0
0.6873252537819,3373,-0.3135,0,0
0.68732479773107,3374,-0.313,0,0
0.68732434154462,3375,-0.3125,0,0
0.68732388522254,3376,-0.312,0,0
0.68732342876484,3377,-0.3115,0,0
0.68732297217152,3378,-0.311,0,0
0.68732251544256,3379,-0.3105,0,0
0.68732205857798,3380,-0.31,0,0
0.68732160157778,3381,-0.3095,0,0
0.68732114444195,3382,-0.309,0,0
0.68732068717048,3383,-0.3085,0,0
0.6873202297634,3384,-0.308,0,0
0.68731977222068,3385,-0.3075,0,0
0.68731931454234,3386,-0.307,0,0
0.68731885672836,3387,-0.3065,0,0
0.68731839877876,3388,-0.306,0,0
0.68731794069353,3389,-0.3055,0,0
0.68731748247266,3390,-0.305,0,0
0.68731702411617,3391,-0.3045,0,0
0.68731656562404,3392,-0.304,0,0
0.68731610699629,3393,-0.3035,0,0
0.6873156482329,3394,-0.303,0,0
0.68731518933388,3395,-0.3025,0,0
0.68731473029923,3396,-0.302,0,0
0.68731427112894,3397,-0.3015,0,0
0.68731381182302,3398,-0.301,0,0
0.68731335238147,3399,-0.3005,0,0
0.68731289280428,3400,-0.3,0,0
0.68731243309146,3401,-0.2995,0,0
0.687311973243,3402,-0.299,0,0
0.68731151325891,3403,-0.2985,0,0
0.68731105313918,3404,-0.298,0,0
0.68731059288382,3405,-0.2975,0,0
0.68731013249282,3406,-0.297,0,0
0.68730967196618,3407,-0.2965,0,0
0.68730921130391,3408,-0.296,0,0
0.687308750506,3409,-0.2955,0,0
0.68730828957245,3410,-0.295,0,0
0.68730782850326,3411,-0.2945,0,0
0.68730736729843,3412,-0.294,0,0
0.68730690595797,3413,-0.2935,0,0
0.68730644448186,3414,-0.293,0,0
0.68730598287012,3415,-0.2925,0,0
0.68730552112273,3416,-0.292,0,0
0.6873050592397,3417,-0.2915,0,0
0.68730459722103,3418,-0.291,0,0
0.68730413506672,3419,-0.2905,0,0
0.68730367277677,3420,-0.29,0,0
0.68730321035118,3421,-0.2895,0,0
0.68730274778994,3422,-0.289,0,0
0.68730228509306,3423,-0.2885,0,0
0.68730182226053,3424,-0.288,0,0
0.68730135929237,3425,-0.2875,0,0
0.68730089618855,3426,-0.287,0,0
0.6873004329491,3427,-0.2865,0,0
0.68729996957399,3428,-0.286,0,0
0.68729950606325,3429,-0.2855,0,0
0.68729904241685,3430,-0.285,0,0
0.68729857863481,3431,-0.2845,0,0
0.68729811471712,3432,-0.284,0,0
0.68729765066379,3433,-0.2835,0,0
0.68729718647481,3434,-0.283,0,0
0.68729672215018,3435,-0.2825,0,0
0.6872962576899,3436,-0.282,0,0
0.68729579309397,3437,-0.2815,0,0
0.6872953283624,3438,-0.281,0,0
0.68729486349517,3439,-0.2805,0,0
0.6872943984923,3440,-0.28,0,0
0.68729393335377,3441,-0.2795,0,0
0.68729346807959,3442,-0.279,0,0
0.68729300266977,3443,-0.2785,0,0
0.68729253712429,3444,-0.278,0,0
0.68729207144316,3445,-0.2775,0,0
0.68729160562637,3446,-0.277,0,0
0.68729113967394,3447,-0.2765,0,0
0.68729067358585,3448,-0.276,0,0
0.6872902073621,3449,-0.2755,0,0
0.68728974100271,3450,-0.275,0,0
0.68728927450766,3451,-0.2745,0,0
0.68728880787695,3452,-0.274,0,0
0.68728834111059,3453,-0.2735,0,0
0.68728787420857,3454,-0.273,0,0
0.6872874071709,3455,-0.2725,0,0
0.68728693999757,3456,-0.272,0,0
0.68728647268859,3457,-0.2715,0,0
0.68728600524394,3458,-0.271,0,0
0.68728553766364,3459,-0.2705,0,0
0.68728506994768,3460,-0.27,0,0
0.68728460209607,3461,-0.2695,0,0
0.68728413410879,3462,-0.269,0,0
0.68728366598586,3463,-0.2685,0,0
0.68728319772726,3464,-0.268,0,0
0.68728272933301,3465,-0.2675,0,0
0.6872822608031,3466,-0.267,0,0
0.68728179213752,3467,-0.2665,0,0
0.68728132333629,3468,-0.266,0,0
0.68728085439939,3469,-0.2655,0,0
0.68728038532683,3470,-0.265,0,0
0.68727991611861,3471,-0.2645,0,0
0.68727944677472,3472,-0.264,0,0
0.68727897729518,3473,-0.2635,0,0
0.68727850767996,3474,-0.263,0,0
0.68727803792909,3475,-0.2625,0,0
0.68727756804255,3476,-0.262,0,0
0.68727709802035,3477,-0.2615,0,0
0.68727662786248,3478,-0.261,0,0
0.68727615756894,3479,-0.2605,0,0
0.68727568713974,3480,-0.26,0,0
0.68727521657487,3481,-0.2595,0,0
0.68727474587434,3482,-0.259,0,0
0.68727427503814,3483,-0.2585,0,0
0.68727380406627,3484,-0.258,0,0
0.68727333295873,3485,-0.2575,0,0
0.68727286171553,3486,-0.257,0,0
0.68727239033665,3487,-0.2565,0,0
0.68727191882211,3488,-0.256,0,0
0.6872714471719,3489,-0.2555,0,0
0.68727097538601,3490,-0.255,0,0
0.68727050346446,3491,-0.2545,0,0
0.68727003140724,3492,-0.254,0,0
0.68726955921434,3493,-0.2535,0,0
0.68726908688578,3494,-0.253,0,0
0.68726861442154,3495,-0.2525,0,0
0.68726814182163,3496,-0.252,0,0
0.68726766908604,3497,-0.2515,0,0
0.68726719621479,3498,-0.251,0,0
0.68726672320786,3499,-0.2505,0,0
0.68726625006525,3500,-0.25,0,0
0.68726577678697,3501,-0.2495,0,0
0.68726530337302,3502,-0.249,0,0
0.68726482982339,3503,-0.2485,0,0
0.68726435613808,3504,-0.248,0,0
0.6872638823171,3505,-0.2475,0,0
0.68726340836045,3506,-0.247,0,0
0.68726293426811,3507,-0.2465,0,0
0.6872624600401,3508,-0.246,0,0
0.68726198567641,3509,-0.2455,0,0
0.68726151117704,3510,-0.245,0,0
0.687261036542,3511,-0.2445,0,0
0.68726056177127,3512,-0.244,0,0
0.68726008686487,3513,-0.2435,0,0
0.68725961182279,3514,-0.243,0,0
0.68725913664502,3515,-0.2425,0,0
0.68725866133158,3516,-0.242,0,0
0.68725818588245,3517,-0.2415,0,0
0.68725771029765,3518,-0.241,0,0
0.68725723457716,3519,-0.2405,0,0
0.68725675872099,3520,-0.24,0,0
0.68725628272913,3521,-0.2395,0,0
0.6872558066016,3522,-0.239,0,0
0.68725533033838,3523,-0.2385,0,0
0.68725485393948,3524,-0.238,0,0
0.68725437740489,3525,-0.2375,0,0
0.68725390073462,3526,-0.237,0,0
0.68725342392866,3527,-0.2365,0,0
0.68725294698702,3528,-0.236,0,0
0.68725246990969,3529,-0.2355,0,0
0.68725199269668,3530,-0.235,0,0
0.68725151534797,3531,-0.2345,0,0
0.68725103786359,3532,-0.234,0,0
0.68725056024351,3533,-0.2335,0,0
0.68725008248775,3534,-0.233,0,0
0.6872496045963,3535,-0.2325,0,0
0.68724912656916,3536,-0.232,0,0
0.68724864840633,3537,-0.2315,0,0
0.68724817010781,3538,-0.231,0,0
0.6872476916736,3539,-0.2305,0,0
0.6872472131037,3540,-0.23,0,0
0.68724673439811,3541,-0.2295,0,0
0.68724625555683,3542,-0.229,0,0
0.68724577657986,3543,-0.2285,0,0
0.68724529746719,3544,-0.228,0,0
0.68724481821883,3545,-0.2275,0,0
0.68724433883478,3546,-0.227,0,0
0.68724385931504,3547,-0.2265,0,0
0.6872433796596,3548,-0.226,0,0
0.68724289986847,3549,-0.2255,0,0
0.68724241994165,3550,-0.225,0,0
0.68724193987913,3551,-0.2245,0,0
0.68724145968091,3552,-0.224,0,0
0.687240979347,3553,-0.2235,0,0
0.6872404988774,3554,-0.223,0,0
0.68724001827209,3555,-0.2225,0,0
0.68723953753109,3556,-0.222,0,0
0.6872390566544,3557,-0.2215,0,0
0.687238575642,3558,-0.221,0,0
0.68723809449391,3559,-0.2205,0,0
0.68723761321012,3560,-0.22,0,0
0.68723713179063,3561,-0.2195,0,0
0.68723665023544,3562,-0.219,0,0
0.68723616854455,3563,-0.2185,0,0
0.68723568671796,3564,-0.218,0,0
0.68723520475567,3565,-0.2175,0,0
0.68723472265767,3566,-0.217,0,0
0.68723424042398,3567,-0.2165,0,0
0.68723375805459,3568,-0.216,0,0
0.68723327554949,3569,-0.2155,0,0
0.68723279290869,3570,-0.215,0,0
0.68723231013219,3571,-0.2145,0,0
0.68723182721998,3572,-0.214,0,0
0.68723134417207,3573,-0.2135,0,0
0.68723086098845,3574,-0.213,0,0
0.68723037766914,3575,-0.2125,0,0
0.68722989421411,3576,-0.212,0,0
0.68722941062338,3577,-0.2115,0,0
0.68722892689695,3578,-0.211,0,0
0.6872284430348,3579,-0.2105,0,0
0.68722795903695,3580,-0.21,0,0
0.6872274749034,3581,-0.2095,0,0
0.68722699063413,3582,-0.209,0,0
0.68722650622916,3583,-0.2085,0,0
0.68722602168848,3584,-0.208,0,0
0.68722553701209,3585,-0.2075,0,0
0.68722505219999,3586,-0.207,0,0
0.68722456725218,3587,-0.2065,0,0
0.68722408216867,3588,-0.206,0,0
0.68722359694944,3589,-0.2055,0,0
0.6872231115945,3590,-0.205,0,0
0.68722262610385,3591,-0.2045,0,0
0.68722214047748,3592,-0.204,0,0
0.68722165471541,3593,-0.2035,0,0
0.68722116881762,3594,-0.203,0,0
0.68722068278412,3595,-0.2025,0,0
0.6872201966149,3596,-0.202,0,0
0.68721971030998,3597,-0.2015,0,0
0.68721922386933,3598,-0.201,0,0
0.68721873729298,3599,-0.2005,0,0
0.6872182505809,3600,-0.2,0,0
0.68721776373312,3601,-0.1995,0,0
0.68721727674961,3602,-0.199,0,0
0.68721678963039,3603,-0.1985,0,0
0.68721630237546,3604,-0.198,0,0
0.6872158149848,3605,-0.1975,0,0
0.68721532745843,3606,-0.197,0,0
0.68721483979634,3607,-0.1965,0,0
0.68721435199853,3608,-0.196,0,0
0.68721386406501,3609,-0.1955,0,0
0.68721337599576,3610,-0.195,0,0
0.68721288779079,3611,-0.1945,0,0
0.68721239945011,3612,-0.194,0,0
0.6872119109737,3613,-0.1935,0,0
0.68721142236157,3614,-0.193,0,0
0.68721093361372,3615,-0.1925,0,0
0.68721044473015,3616,-0.192,0,0
0.68720995571086,3617,-0.1915,0,0
0.68720946655584,3618,-0.191,0,0
0.68720897726511,3619,-0.1905,0,0
0.68720848783864,3620,-0.19,0,0
0.68720799827646,3621,-0.1895,0,0
0.68720750857855,3622,-0.189,0,0
0.68720701874491,3623,-0.1885,0,0
0.68720652877555,3624,-0.188,0,0
0.68720603867047,3625,-0.1875,0,0
0.68720554842966,3626,-0.187,0,0
0.68720505805312,3627,-0.1865,0,0
0.68720456754085,3628,-0.186,0,0
0.68720407689286,3629,-0.1855,0,0
0.68720358610914,3630,-0.185,0,0
0.68720309518969,3631,-0.1845,0,0
0.68720260413452,3632,-0.184,0,0
0.68720211294361,3633,-0.1835,0,0
0.68720162161698,3634,-0.183,0,0
0.68720113015461,3635,-0.1825,0,0
0.68720063855652,3636,-0.182,0,0
0.68720014682269,3637,-0.1815,0,0
0.68719965495314,3638,-0.181,0,0
0.68719916294785,3639,-0.1805,0,0
0.68719867080683,3640,-0.18,0,0
0.68719817853008,3641,-0.1795,0,0
0.68719768611759,3642,-0.179,0,0
0.68719719356937,3643,-0.1785,0,0
0.68719670088542,3644,-0.178,0,0
0.68719620806574,3645,-0.1775,0,0
0.68719571511032,3646,-0.177,0,0
0.68719522201916,3647,-0.1765,0,0
0.68719472879227,3648,-0.176,0,0
0.68719423542965,3649,-0.1755,0,0
0.68719374193129,3650,-0.175,0,0
0.68719324829719,3651,-0.1745,0,0
0.68719275452736,3652,-0.174,0,0
0.68719226062178,3653,-0.1735,0,0
0.68719176658047,3654,-0.173,0,0
0.68719127240343,3655,-0.1725,0,0
0.68719077809064,3656,-0.172,0,0
0.68719028364211,3657,-0.1715,0,0
0.68718978905785,3658,-0.171,0,0
0.68718929433784,3659,-0.1705,0,0
0.6871887994821,3660,-0.17,0,0
0.68718830449061,3661,-0.1695,0,0
0.68718780936338,3662,-0.169,0,0
0.68718731410041,3663,-0.1685,0,0
0.6871868187017,3664,-0.168,0,0
0.68718632316725,3665,-0.1675,0,0
0.68718582749705,3666,-0.167,0,0
0.68718533169111,3667,-0.1665,0,0
0.68718483574943,3668,-0.166,0,0
0.687184339672,3669,-0.1655,0,0
0.68718384345883,3670,-0.165,0,0
0.68718334710991,3671,-0.1645,0,0
0.68718285062525,3672,-0.164,0,0
0.68718235400484,3673,-0.1635,0,0
0.68718185724869,3674,-0.163,0,0
0.68718136035679,3675,-0.1625,0,0
0.68718086332914,3676,-0.162,0,0
0.68718036616574,3677,-0.1615,0,0
0.6871798688666,3678,-0.161,0,0
0.68717937143171,3679,-0.1605,0,0
0.68717887386107,3680,-0.16,0,0
0.68717837615468,3681,-0.1595,0,0
0.68717787831254,3682,-0.159,0,0
0.68717738033465,3683,-0.1585,0,0
0.68717688222101,3684,-0.158,0,0
0.68717638397162,3685,-0.1575,0,0
0.68717588558647,3686,-0.157,0,0
0.68717538706558,3687,-0.1565,0,0
0.68717488840893,3688,-0.156,0,0
0.68717438961653,3689,-0.1555,0,0
0.68717389068838,3690,-0.155,0,0
0.68717339162447,3691,-0.1545,0,0
0.68717289242481,3692,-0.154,0,0
0.6871723930894,3693,-0.1535,0,0
0.68717189361823,3694,-0.153,0,0
0.68717139401131,3695,-0.1525,0,0
0.68717089426863,3696,-0.152,0,0
0.68717039439019,3697,-0.1515,0,0
0.687169894376,3698,-0.151,0,0
0.68716939422605,3699,-0.1505,0,0
0.68716889394034,3700,-0.15,0,0
0.68716839351888,3701,-0.1495,0,0
0.68716789296165,3702,-0.149,0,0
0.68716739226867,3703,-0.1485,0,0
0.68716689143993,3704,-0.148,0,0
0.68716639047543,3705,-0.1475,0,0
0.68716588937517,3706,-0.147,0,0
0.68716538813915,3707,-0.1465,0,0
0.68716488676737,3708,-0.146,0,0
0.68716438525983,3709,-0.1455,0,0
0.68716388361652,3710,-0.145,0,0
0.68716338183746,3711,-0.1445,0,0
0.68716287992263,3712,-0.144,0,0
0.68716237787204,3713,-0.1435,0,0
0.68716187568568,3714,-0.143,0,0
0.68716137336356,3715,-0.1425,0,0
0.68716087090568,3716,-0.142,0,0
0.68716036831203,3717,-0.1415,0,0
0.68715986558262,3718,-0.141,0,0
0.68715936271744,3719,-0.1405,0,0
0.6871588597165,3720,-0.14,0,0
0.68715835657979,3721,-0.1395,0,0
0.68715785330731,3722,-0.139,0,0
0.68715734989906,3723,-0.1385,0,0
0.68715684635505,3724,-0.138,0,0
0.68715634267527,3725,-0.1375,0,0
0.68715583885972,3726,-0.137,0,0
0.68715533490841,3727,-0.1365,0,0
0.68715483082132,3728,-0.136,0,0
0.68715432659846,3729,-0.1355,0,0
0.68715382223983,3730,-0.135,0,0
0.68715331774544,3731,-0.1345,0,0
0.68715281311527,3732,-0.134,0,0
0.68715230834933,3733,-0.1335,0,0
0.68715180344761,3734,-0.133,0,0
0.68715129841013,3735,-0.1325,0,0
0.68715079323687,3736,-0.132,0,0
0.68715028792784,3737,-0.1315,0,0
0.68714978248303,3738,-0.131,0,0
0.68714927690246,3739,-0.1305,0,0
0.6871487711861,3740,-0.13,0,0
0.68714826533397,3741,-0.1295,0,0
0.68714775934607,3742,-0.129,0,0
0.68714725322239,3743,-0.1285,0,0
0.68714674696293,3744,-0.128,0,0
0.6871462405677,3745,-0.1275,0,0
0.68714573403669,3746,-0.127,0,0
0.6871452273699,3747,-0.1265,0,0
0.68714472056733,3748,-0.126,0,0
0.68714421362899,3749,-0.1255,0,0
0.68714370655487,3750,-0.125,0,0
0.68714319934496,3751,-0.1245,0,0
0.68714269199928,3752,-0.124,0,0
0.68714218451782,3753,-0.1235,0,0
0.68714167690058,3754,-0.123,0,0
0.68714116914755,3755,-0.1225,0,0
0.68714066125874,3756,-0.122,0,0
0.68714015323416,3757,-0.1215,0,0
0.68713964507379,3758,-0.121,0,0
0.68713913677763,3759,-0.1205,0,0
0.6871386283457,3760,-0.12,0,0
0.68713811977798,3761,-0.1195,0,0
0.68713761107447,3762,-0.119,0,0
0.68713710223518,3763,-0.1185,0,0
0.68713659326011,3764,-0.118,0,0
0.68713608414925,3765,-0.1175,0,0
0.6871355749026,3766,-0.117,0,0
0.68713506552017,3767,-0.1165,0,0
0.68713455600195,3768,-0.116,0,0
0.68713404634795,3769,-0.1155,0,0
0.68713353655816,3770,-0.115,0,0
0.68713302663257,3771,-0.1145,0,0
0.6871325165712,3772,-0.114,0,0
0.68713200637405,3773,-0.1135,0,0
0.6871314960411,3774,-0.113,0,0
0.68713098557236,3775,-0.1125,0,0
0.68713047496783,3776,-0.112,0,0
0.68712996422751,3777,-0.1115,0,0
0.6871294533514,3778,-0.111,0,0
0.6871289423395,3779,-0.1105,0,0
0.68712843119181,3780,-0.11,0,0
0.68712791990832,3781,-0.1095,0,0
0.68712740848904,3782,-0.109,0,0
0.68712689693397,3783,-0.1085,0,0
0.6871263852431,3784,-0.108,0,0
0.68712587341644,3785,-0.1075,0,0
0.68712536145399,3786,-0.107,0,0
0.68712484935574,3787,-0.1065,0,0
0.68712433712169,3788,-0.106,0,0
0.68712382475185,3789,-0.1055,0,0
0.68712331224622,3790,-0.105,0,0
0.68712279960478,3791,-0.1045,0,0
0.68712228682755,3792,-0.104,0,0
0.68712177391452,3793,-0.1035,0,0
0.68712126086569,3794,-0.103,0,0
0.68712074768107,3795,-0.1025,0,0
0.68712023436064,3796,-0.102,0,0
0.68711972090442,3797,-0.1015,0,0
0.68711920731239,3798,-0.101,0,0
0.68711869358457,3799,-0.1005,0,0
0.68711817972094,3800,-0.1,0,0
0.68711766572151,3801,-0.0995,0,0
0.68711715158629,3802,-0.099,0,0
0.68711663731525,3803,-0.0985,0,0
0.68711612290842,3804,-0.098,0,0
0.68711560836579,3805,-0.0975,0,0
0.68711509368735,3806,-0.097,0,0
0.6871145788731,3807,-0.0965,0,0
0.68711406392305,3808,-0.096,0,0
0.6871135488372,3809,-0.0955,0,0
0.68711303361554,3810,-0.095,0,0
0.68711251825808,3811,-0.0945,0,0
0.68711200276481,3812,-0.094,0,0
0.68711148713574,3813,-0.0935,0,0
0.68711097137085,3814,-0.093,0,0
0.68711045547016,3815,-0.0925,0,0
0.68710993943366,3816,-0.092,0,0
0.68710942326136,3817,-0.0915,0,0
0.68710890695324,3818,-0.091,0,0
0.68710839050932,3819,-0.0905,0,0
0.68710787392958,3820,-0.09,0,0
0.68710735721404,3821,-0.0895,0,0
0.68710684036269,3822,-0.089,0,0
0.68710632337552,3823,-0.0885,0,0
0.68710580625254,3824,-0.088,0,0
0.68710528899376,3825,-0.0875,0,0
0.68710477159915,3826,-0.087,0,0
0.68710425406874,3827,-0.0865,0,0
0.68710373640251,3828,-0.086,0,0
0.68710321860047,3829,-0.0855,0,0
0.68710270066262,3830,-0.085,0,0
0.68710218258895,3831,-0.0845,0,0
0.68710166437947,3832,-0.084,0,0
0.68710114603417,3833,-0.0835,0,0
0.68710062755305,3834,-0.083,0,0
0.68710010893612,3835,-0.0825,0,0
0.68709959018337,3836,-0.082,0,0
0.68709907129481,3837,-0.0815,0,0
0.68709855227043,3838,-0.081,0,0
0.68709803311023,3839,-0.0805,0,0
0.68709751381421,3840,-0.08,0,0
0.68709699438237,3841,-0.0795,0,0
0.68709647481471,3842,-0.079,0,0
0.68709595511123,3843,-0.0785,0,0
0.68709543527194,3844,-0.078,0,0
0.68709491529682,3845,-0.0775,0,0
0.68709439518588,3846,-0.077,0,0
0.68709387493912,3847,-0.0765,0,0
0.68709335455654,3848,-0.076,0,0
0.68709283403813,3849,-0.0755,0,0
0.6870923133839,3850,-0.075,0,0
0.68709179259385,3851,-0.0745,0,0
0.68709127166797,3852,-0.074,0,0
0.68709075060627,3853,-0.0735,0,0
0.68709022940875,3854,-0.073,0,0
0.6870897080754,3855,-0.0725,0,0
0.68708918660623,3856,-0.072,0,0
0.68708866500122,3857,-0.0715,0,0
0.6870881432604,3858,-0.071,0,0
0.68708762138374,3859,-0.0705,0,0
0.68708709937126,3860,-0.07,0,0
0.68708657722295,3861,-0.0695,0,0
0.68708605493881,3862,-0.069,0,0
0.68708553251884,3863,-0.0685,0,0
0.68708500996305,3864,-0.068,0,0
0.68708448727142,3865,-0.0675,0,0
0.68708396444396,3866,-0.067,0,0
0.68708344148068,3867,-0.0665,0,0
0.68708291838156,3868,-0.066,0,0
0.68708239514661,3869,-0.0655,0,0
0.68708187177583,3870,-0.065,0,0
0.68708134826922,3871,-0.0645,0,0
0.68708082462677,3872,-0.064,0,0
0.68708030084849,3873,-0.0635,0,0
0.68707977693438,3874,-0.063,0,0
0.68707925288443,3875,-0.0625,0,0
0.68707872869865,3876,-0.062,0,0
0.68707820437703,3877,-0.0615,0,0
0.68707767991958,3878,-0.061,0,0
0.68707715532629,3879,-0.0605,0,0
0.68707663059717,3880,-0.06,0,0
0.68707610573221,3881,-0.0595,0,0
0.68707558073141,3882,-0.059,0,0
0.68707505559478,3883,-0.0585,0,0
0.6870745303223,3884,-0.058,0,0
0.68707400491399,3885,-0.0575,0,0
0.68707347936984,3886,-0.057,0,0
0.68707295368984,3887,-0.0565,0,0
0.68707242787401,3888,-0.056,0,0
0.68707190192234,3889,-0.0555,0,0
0.68707137583483,3890,-0.055,0,0
0.68707084961147,3891,-0.0545,0,0
0.68707032325228,3892,-0.054,0,0
0.68706979675724,3893,-0.0535,0,0
0.68706927012636,3894,-0.053,0,0
0.68706874335964,3895,-0.0525,0,0
0.68706821645707,3896,-0.052,0,0
0.68706768941866,3897,-0.0515,0,0
0.6870671622444,3898,-0.051,0,0
0.6870666349343,3899,-0.0505,0,0
0.68706610748836,3900,-0.05,0,0
0.68706557990656,3901,-0.0495,0,0
0.68706505218893,3902,-0.049,0,0
0.68706452433544,3903,-0.0485,0,0
0.68706399634611,3904,-0.048,0,0
0.68706346822093,3905,-0.0475,0,0
0.6870629399599,3906,-0.047,0,0
0.68706241156302,3907,-0.0465,0,0
0.6870618830303,3908,-0.046,0,0
0.68706135436172,3909,-0.0455,0,0
0.6870608255573,3910,-0.045,0,0
0.68706029661702,3911,-0.0445,0,0
0.6870597675409,3912,-0.044,0,0
0.68705923832892,3913,-0.0435,0,0
0.68705870898109,3914,-0.043,0,0
0.68705817949741,3915,-0.0425,0,0
0.68705764987788,3916,-0.042,0,0
0.68705712012249,3917,-0.0415,0,0
0.68705659023125,3918,-0.041,0,0
0.68705606020416,3919,-0.0405,0,0
0.68705553004121,3920,-0.04,0,0
0.6870549997424,3921,-0.0395,0,0
0.68705446930774,3922,-0.039,0,0
0.68705393873723,3923,-0.0385,0,0
0.68705340803086,3924,-0.038,0,0
0.68705287718863,3925,-0.0375,0,0
0.68705234621055,3926,-0.037,0,0
0.6870518150966,3927,-0.0365,0,0
0.6870512838468,3928,-0.036,0,0
0.68705075246114,3929,-0.0355,0,0
0.68705022093962,3930,-0.035,0,0
0.68704968928225,3931,-0.0345,0,0
0.68704915748901,3932,-0.034,0,0
0.68704862555991,3933,-0.0335,0,0
0.68704809349495,3934,-0.033,0,0
0.68704756129413,3935,-0.0325,0,0
0.68704702895745,3936,-0.032,0,0
0.68704649648491,3937,-0.0315,0,0
0.6870459638765,3938,-0.031,0,0
0.68704543113223,3939,-0.0305,0,0
0.6870448982521,3940,-0.03,0,0
0.6870443652361,3941,-0.0295,0,0
0.68704383208424,3942,-0.029,0,0
0.68704329879651,3943,-0.0285,0,0
0.68704276537292,3944,-0.028,0,0
0.68704223181346,3945,-0.0275,0,0
0.68704169811814,3946,-0.027,0,0
0.68704116428695,3947,-0.0265,0,0
0.68704063031989,3948,-0.026,0,0
0.68704009621697,3949,-0.0255,0,0
0.68703956197817,3950,-0.025,0,0
0.68703902760351,3951,-0.0245,0,0
0.68703849309298,3952,-0.024,0,0
0.68703795844658,3953,-0.0235,0,0
0.68703742366431,3954,-0.023,0,0
0.68703688874617,3955,-0.0225,0,0
0.68703635369215,3956,-0.022,0,0
0.68703581850227,3957,-0.0215,0,0
0.68703528317652,3958,-0.021,0,0
0.68703474771489,3959,-0.0205,0,0
0.68703421211739,3960,-0.02,0,0
0.68703367638401,3961,-0.0195,0,0
0.68703314051477,3962,-0.019,0,0
0.68703260450965,3963,-0.0185,0,0
0.68703206836865,3964,-0.018,0,0
0.68703153209178,3965,-0.0175,0,0
0.68703099567904,3966,-0.017,0,0
0.68703045913041,3967,-0.0165,0,0
0.68702992244592,3968,-0.016,0,0
0.68702938562554,3969,-0.0155,0,0
0.68702884866929,3970,-0.015,0,0
0.68702831157716,3971,-0.0145,0,0
0.68702777434915,3972,-0.014,0,0
0.68702723698526,3973,-0.0135,0,0
0.6870266994855,3974,-0.013,0,0
0.68702616184985,3975,-0.0125,0,0
0.68702562407833,3976,-0.012,0,0
0.68702508617092,3977,-0.0115,0,0
0.68702454812763,3978,-0.011,0,0
0.68702400994846,3979,-0.0105,0,0
0.68702347163341,3980,-0.01,0,0
0.68702293318248,3981,-0.0095000000000001,0,0
0.68702239459566,3982,-0.0089999999999999,0,0
0.68702185587296,3983,-0.0085,0,0
0.68702131701438,3984,-0.008,0,0
0.68702077801991,3985,-0.0075000000000001,0,0
0.68702023888956,3986,-0.0069999999999999,0,0
0.68701969962333,3987,-0.0065,0,0
0.6870191602212,3988,-0.006,0,0
0.6870186206832,3989,-0.0055000000000001,0,0
0.6870180810093,3990,-0.0049999999999999,0,0
0.68701754119952,3991,-0.0044999999999999,0,0
0.68701700125385,3992,-0.004,0,0
0.68701646117229,3993,-0.0035000000000001,0,0
0.68701592095485,3994,-0.0029999999999999,0,0
0.68701538060151,3995,-0.0024999999999999,0,0
0.68701484011229,3996,-0.002,0,0
0.68701429948717,3997,-0.0015000000000001,0,0
0.68701375872617,3998,-0.00099999999999989,0,0
0.68701321782928,3999,-0.00049999999999994,0,0
0.68701267679649,4000,0,0,0
0.51319216738906,8000,1,0,0
0.5131914614641,8001,1.0005,0,0
0.51319075571467,8002,1.001,0,0
0.51319005014079,8003,1.0015,0,0
0.51318934474246,8004,1.002,0,0
0.51318863951967,8005,1.0025,0,0
0.51318793447242,8006,1.003,0,0
0.51318722960073,8007,1.0035,0,0
0.51318652490458,8008,1.004,0,0
0.51318582038398,8009,1.0045,0,0
0.51318511603893,8010,1.005,0,0
0.51318441186943,8011,1.0055,0,0
0.51318370787548,8012,1.006,0,0
0.51318300405708,8013,1.0065,0,0
0.51318230041423,8014,1.007,0,0
0.51318159694693,8015,1.0075,0,0
0.51318089365519,8016,1.008,0,0
0.51318019053901,8017,1.0085,0,0
0.51317948759837,8018,1.009,0,0
0.5131787848333,8019,1.0095,0,0
0.51317808224378,8020,1.01,0,0
0.51317737982981,8021,1.0105,0,0
0.51317667759141,8022,1.011,0,0
0.51317597552856,8023,1.0115,0,0
0.51317527364127,8024,1.012,0,0
0.51317457192954,8025,1.0125,0,0
0.51317387039337,8026,1.013,0,0
0.51317316903276,8027,1.0135,0,0
0.51317246784772,8028,1.014,0,0
0.51317176683824,8029,1.0145,0,0
0.51317106600432,8030,1.015,0,0
0.51317036534596,8031,1.0155,0,0
0.51316966486317,8032,1.016,0,0
0.51316896455595,8033,1.0165,0,0
0.51316826442429,8034,1.017,0,0
0.5131675644682,8035,1.0175,0,0
0.51316686468767,8036,1.018,0,0
0.51316616508272,8037,1.0185,0,0
0.51316546565333,8038,1.019,0,0
0.51316476639951,8039,1.0195,0,0
0.51316406732127,8040,1.02,0,0
0.51316336841859,8041,1.0205,0,0
0.51316266969149,8042,1.021,0,0
0.51316197113996,8043,1.0215,0,0
0.513161272764,8044,1.022,0,0
0.51316057456362,8045,1.0225,0,0
0.51315987653881,8046,1.023,0,0
0.51315917868958,8047,1.0235,0,0
0.51315848101592,8048,1.024,0,0
0.51315778351784,8049,1.0245,0,0
0.51315708619534,8050,1.025,0,0
0.51315638904842,8051,1.0255,0,0
0.51315569207707,8052,1.026,0,0
0.51315499528131,8053,1.0265,0,0
0.51315429866112,8054,1.027,0,0
0.51315360221652,8055,1.0275,0,0
0.5131529059475,8056,1.028,0,0
0.51315220985406,8057,1.0285,0,0
0.5131515139362,8058,1.029,0,0
0.51315081819393,8059,1.0295,0,0
0.51315012262724,8060,1.03,0,0
0.51314942723614,8061,1.0305,0,0
0.51314873202063,8062,1.031,0,0
0.5131480369807,8063,1.0315,0,0
0.51314734211636,8064,1.032,0,0
0.5131466474276,8065,1.0325,0,0
0.51314595291444,8066,1.033,0,0
0.51314525857687,8067,1.0335,0,0
0.51314456441488,8068,1.034,0,0
0.51314387042849,8069,1.0345,0,0
0.51314317661769,8070,1.035,0,0
0.51314248298248,8071,1.0355,0,0
0.51314178952286,8072,1.036,0,0
0.51314109623884,8073,1.0365,0,0
0.51314040313042,8074,1.037,0,0
0.51313971019758,8075,1.0375,0,0
0.51313901744035,8076,1.038,0,0
0.51313832485871,8077,1.0385,0,0
0.51313763245267,8078,1.039,0,0
0.51313694022222,8079,1.0395,0,0
0.51313624816738,8080,1.04,0,0
0.51313555628814,8081,1.0405,0,0
0.51313486458449,8082,1.041,0,0
0.51313417305645,8083,1.0415,0,0
0.513133481704,8084,1.042,0,0
0.51313279052716,8085,1.0425,0,0
0.51313209952593,8086,1.043,0,0
0.51313140870029,8087,1.0435,0,0
0.51313071805027,8088,1.044,0,0
0.51313002757584,8089,1.0445,0,0
0.51312933727702,8090,1.045,0,0
0.51312864715381,8091,1.0455,0,0
0.51312795720621,8092,1.046,0,0
0.51312726743421,8093,1.0465,0,0
0.51312657783783,8094,1.047,0,0
0.51312588841705,8095,1.0475,0,0
0.51312519917188,8096,1.048,0,0
0.51312451010232,8097,1.0485,0,0
0.51312382120838,8098,1.049,0,0
0.51312313249004,8099,1.0495,0,0
0.51312244394732,8100,1.05,0,0
0.51312175558022,8101,1.0505,0,0
0.51312106738872,8102,1.051,0,0
0.51312037937285,8103,1.0515,0,0
0.51311969153258,8104,1.052,0,0
0.51311900386794,8105,1.0525,0,0
0.51311831637891,8106,1.053,0,0
0.5131176290655,8107,1.0535,0,0
0.51311694192771,8108,1.054,0,0
0.51311625496553,8109,1.0545,0,0
0.51311556817898,8110,1.055,0,0
0.51311488156805,8111,1.0555,0,0
0.51311419513274,8112,1.056,0,0
0.51311350887305,8113,1.0565,0,0
0.51311282278898,8114,1.057,0,0
0.51311213688054,8115,1.0575,0,0
0.51311145114772,8116,1.058,0,0
0.51311076559052,8117,1.0585,0,0
0.51311008020895,8118,1.059,0,0
0.51310939500301,8119,1.0595,0,0
0.51310870997269,8120,1.06,0,0
0.51310802511801,8121,1.0605,0,0
0.51310734043895,8122,1.061,0,0
0.51310665593551,8123,1.0615,0,0
0.51310597160771,8124,1.062,0,0
0.51310528745554,8125,1.0625,0,0
0.513104603479,8126,1.063,0,0
0.51310391967809,8127,1.0635,0,0
0.51310323605282,8128,1.064,0,0
0.51310255260317,8129,1.0645,0,0
0.51310186932916,8130,1.065,0,0
0.51310118623079,8131,1.0655,0,0
0.51310050330805,8132,1.066,0,0
0.51309982056095,8133,1.0665,0,0
0.51309913798948,8134,1.067,0,0
0.51309845559365,8135,1.0675,0,0
0.51309777337346,8136,1.068,0,0
0.5130970913289,8137,1.0685,0,0
0.51309640945999,8138,1.069,0,0
0.51309572776672,8139,1.0695,0,0
0.51309504624908,8140,1.07,0,0
0.51309436490709,8141,1.0705,0,0
0.51309368374074,8142,1.071,0,0
0.51309300275004,8143,1.0715,0,0
0.51309232193497,8144,1.072,0,0
0.51309164129555,8145,1.0725,0,0
0.51309096083178,8146,1.073,0,0
0.51309028054365,8147,1.0735,0,0
0.51308960043117,8148,1.074,0,0
0.51308892049434,8149,1.0745,0,0
0.51308824073315,8150,1.075,0,0
0.51308756114761,8151,1.0755,0,0
0.51308688173772,8152,1.076,0,0
0.51308620250348,8153,1.0765,0,0
0.51308552344489,8154,1.077,0,0
0.51308484456195,8155,1.0775,0,0
0.51308416585467,8156,1.078,0,0
0.51308348732303,8157,1.0785,0,0
0.51308280896705,8158,1.079,0,0
0.51308213078672,8159,1.0795,0,0
0.51308145278205,8160,1.08,0,0
0.51308077495304,8161,1.0805,0,0
0.51308009729967,8162,1.081,0,0
0.51307941982197,8163,1.0815,0,0
0.51307874251992,8164,1.082,0,0
0.51307806539353,8165,1.0825,0,0
0.5130773884428,8166,1.083,0,0
0.51307671166773,8167,1.0835,0,0
0.51307603506832,8168,1.084,0,0
0.51307535864457,8169,1.0845,0,0
0.51307468239649,8170,1.085,0,0
0.51307400632406,8171,1.0855,0,0
0.5130733304273,8172,1.086,0,0
0.5130726547062,8173,1.0865,0,0
0.51307197916076,8174,1.087,0,0
0.51307130379099,8175,1.0875,0,0
0.51307062859689,8176,1.088,0,0
0.51306995357845,8177,1.0885,0,0
0.51306927873568,8178,1.089,0,0
0.51306860406857,8179,1.0895,0,0
0.51306792957714,8180,1.09,0,0
0.51306725526137,8181,1.0905,0,0
0.51306658112127,8182,1.091,0,0
0.51306590715685,8183,1.0915,0,0
0.51306523336809,8184,1.092,0,0
0.51306455975501,8185,1.0925,0,0
0.5130638863176,8186,1.093,0,0
0.51306321305586,8187,1.0935,0,0
0.5130625399698,8188,1.094,0,0
0.51306186705941,8189,1.0945,0,0
0.51306119432469,8190,1.095,0,0
0.51306052176566,8191,1.0955,0,0
0.51305984938229,8192,1.096,0,0
0.51305917717461,8193,1.0965,0,0
0.5130585051426,8194,1.097,0,0
0.51305783328628,8195,1.0975,0,0
0.51305716160563,8196,1.098,0,0
0.51305649010066,8197,1.0985,0,0
0.51305581877137,8198,1.099,0,0
0.51305514761777,8199,1.0995,0,0
0.51305447663984,8200,1.1,0,0
0.5130538058376,8201,1.1005,0,0
0.51305313521104,8202,1.101,0,0
0.51305246476017,8203,1.1015,0,0
0.51305179448498,8204,1.102,0,0
0.51305112438548,8205,1.1025,0,0
0.51305045446166,8206,1.103,0,0
0.51304978471353,8207,1.1035,0,0
0.51304911514109,8208,1.104,0,0
0.51304844574433,8209,1.1045,0,0
0.51304777652326,8210,1.105,0,0
0.51304710747789,8211,1.1055,0,0
0.5130464386082,8212,1.106,0,0
0.51304576991421,8213,1.1065,0,0
0.5130451013959,8214,1.107,0,0
0.51304443305329,8215,1.1075,0,0
0.51304376488637,8216,1.108,0,0
0.51304309689515,8217,1.1085,0,0
0.51304242907962,8218,1.109,0,0
0.51304176143978,8219,1.1095,0,0
0.51304109397565,8220,1.11,0,0
0.5130404266872,8221,1.1105,0,0
0.51303975957446,8222,1.111,0,0
0.51303909263741,8223,1.1115,0,0
0.51303842587606,8224,1.112,0,0
0.51303775929041,8225,1.1125,0,0
0.51303709288046,8226,1.113,0,0
0.51303642664621,8227,1.1135,0,0
0.51303576058766,8228,1.114,0,0
0.51303509470481,8229,1.1145,0,0
0.51303442899766,8230,1.115,0,0
0.51303376346622,8231,1.1155,0,0
0.51303309811048,8232,1.116,0,0
0.51303243293045,8233,1.1165,0,0
0.51303176792612,8234,1.117,0,0
0.5130311030975,8235,1.1175,0,0
0.51303043844458,8236,1.118,0,0
0.51302977396737,8237,1.1185,0,0
0.51302910966587,8238,1.119,0,0
0.51302844554008,8239,1.1195,0,0
0.51302778159,8240,1.12,0,0
0.51302711781562,8241,1.1205,0,0
0.51302645421696,8242,1.121,0,0
0.51302579079401,8243,1.1215,0,0
0.51302512754677,8244,1.122,0,0
0.51302446447524,8245,1.1225,0,0
0.51302380157943,8246,1.123,0,0
0.51302313885933,8247,1.1235,0,0
0.51302247631495,8248,1.124,0,0
0.51302181394628,8249,1.1245,0,0
0.51302115175332,8250,1.125,0,0
0.51302048973609,8251,1.1255,0,0
0.51301982789457,8252,1.126,0,0
0.51301916622876,8253,1.1265,0,0
0.51301850473868,8254,1.127,0,0
0.51301784342432,8255,1.1275,0,0
0.51301718228568,8256,1.128,0,0
0.51301652132275,8257,1.1285,0,0
0.51301586053555,8258,1.129,0,0
0.51301519992407,8259,1.1295,0,0
0.51301453948832,8260,1.13,0,0
0.51301387922828,8261,1.1305,0,0
0.51301321914397,8262,1.131,0,0
0.51301255923539,8263,1.1315,0,0
0.51301189950253,8264,1.132,0,0
0.5130112399454,8265,1.1325,0,0
0.51301058056399,8266,1.133,0,0
0.51300992135831,8267,1.1335,0,0
0.51300926232836,8268,1.134,0,0
0.51300860347414,8269,1.1345,0,0
0.51300794479565,8270,1.135,0,0
0.51300728629289,8271,1.1355,0,0
0.51300662796586,8272,1.136,0,0
0.51300596981456,8273,1.1365,0,0
0.51300531183899,8274,1.137,0,0
0.51300465403915,8275,1.1375,0,0
0.51300399641505,8276,1.138,0,0
0.51300333896669,8277,1.1385,0,0
0.51300268169405,8278,1.139,0,0
0.51300202459716,8279,1.1395,0,0
0.513001367676,8280,1.14,0,0
0.51300071093057,8281,1.1405,0,0
0.51300005436089,8282,1.141,0,0
0.51299939796694,8283,1.1415,0,0
0.51299874174873,8284,1.142,0,0
0.51299808570626,8285,1.1425,0,0
0.51299742983953,8286,1.143,0,0
0.51299677414854,8287,1.1435,0,0
0.51299611863329,8288,1.144,0,0
0.51299546329379,8289,1.1445,0,0
0.51299480813002,8290,1.145,0,0
0.512994153142,8291,1.1455,0,0
0.51299349832973,8292,1.146,0,0
0.5129928436932,8293,1.1465,0,0
0.51299218923242,8294,1.147,0,0
0.51299153494738,8295,1.1475,0,0
0.51299088083809,8296,1.148,0,0
0.51299022690454,8297,1.1485,0,0
0.51298957314675,8298,1.149,0,0
0.5129889195647,8299,1.1495,0,0
0.5129882661584,8300,1.15,0,0
0.51298761292785,8301,1.1505,0,0
0.51298695987306,8302,1.151,0,0
0.51298630699401,8303,1.1515,0,0
0.51298565429072,8304,1.152,0,0
0.51298500176318,8305,1.1525,0,0
0.51298434941139,8306,1.153,0,0
0.51298369723536,8307,1.1535,0,0
0.51298304523508,8308,1.154,0,0
0.51298239341056,8309,1.1545,0,0
0.51298174176179,8310,1.155,0,0
0.51298109028878,8311,1.1555,0,0
0.51298043899153,8312,1.156,0,0
0.51297978787004,8313,1.1565,0,0
0.5129791369243,8314,1.157,0,0
0.51297848615433,8315,1.1575,0,0
0.51297783556011,8316,1.158,0,0
0.51297718514166,8317,1.1585,0,0
0.51297653489897,8318,1.159,0,0
0.51297588483203,8319,1.1595,0,0
0.51297523494087,8320,1.16,0,0
0.51297458522546,8321,1.1605,0,0
0.51297393568582,8322,1.161,0,0
0.51297328632195,8323,1.1615,0,0
0.51297263713383,8324,1.162,0,0
0.51297198812149,8325,1.1625,0,0
0.51297133928491,8326,1.163,0,0
0.5129706906241,8327,1.1635,0,0
0.51297004213906,8328,1.164,0,0
0.51296939382979,8329,1.1645,0,0
0.51296874569628,8330,1.165,0,0
0.51296809773855,8331,1.1655,0,0
0.51296744995658,8332,1.166,0,0
0.51296680235039,8333,1.1665,0,0
0.51296615491997,8334,1.167,0,0
0.51296550766532,8335,1.1675,0,0
0.51296486058645,8336,1.168,0,0
0.51296421368335,8337,1.1685,0,0
0.51296356695602,8338,1.169,0,0
0.51296292040447,8339,1.1695,0,0
0.5129622740287,8340,1.17,0,0
0.5129616278287,8341,1.1705,0,0
0.51296098180448,8342,1.171,0,0
0.51296033595604,8343,1.1715,0,0
0.51295969028337,8344,1.172,0,0
0.51295904478649,8345,1.1725,0,0
0.51295839946539,8346,1.173,0,0
0.51295775432006,8347,1.1735,0,0
0.51295710935052,8348,1.174,0,0
0.51295646455676,8349,1.1745,0,0
0.51295581993878,8350,1.175,0,0
0.51295517549658,8351,1.1755,0,0
0.51295453123017,8352,1.176,0,0
0.51295388713955,8353,1.1765,0,0
0.5129532432247,8354,1.177,0,0
0.51295259948565,8355,1.1775,0,0
0.51295195592238,8356,1.178,0,0
0.5129513125349,8357,1.1785,0,0
0.5129506693232,8358,1.179,0,0
0.5129500262873,8359,1.1795,0,0
0.51294938342718,8360,1.18,0,0
0.51294874074285,8361,1.1805,0,0
0.51294809823431,8362,1.181,0,0
0.51294745590157,8363,1.1815,0,0
0.51294681374461,8364,1.182,0,0
0.51294617176345,8365,1.1825,0,0
0.51294552995808,8366,1.183,0,0
0.51294488832851,8367,1.1835,0,0
0.51294424687473,8368,1.184,0,0
0.51294360559674,8369,1.1845,0,0
0.51294296449455,8370,1.185,0,0
0.51294232356816,8371,1.1855,0,0
0.51294168281756,8372,1.186,0,0
0.51294104224276,8373,1.1865,0,0
0.51294040184376,8374,1.187,0,0
0.51293976162056,8375,1.1875,0,0
0.51293912157316,8376,1.188,0,0
0.51293848170155,8377,1.1885,0,0
0.51293784200575,8378,1.189,0,0
0.51293720248575,8379,1.1895,0,0
0.51293656314155,8380,1.19,0,0
0.51293592397316,8381,1.1905,0,0
0.51293528498057,8382,1.191,0,0
0.51293464616378,8383,1.1915,0,0
0.5129340075228,8384,1.192,0,0
0.51293336905762,8385,1.1925,0,0
0.51293273076825,8386,1.193,0,0
0.51293209265468,8387,1.1935,0,0
0.51293145471693,8388,1.194,0,0
0.51293081695498,8389,1.1945,0,0
0.51293017936884,8390,1.195,0,0
0.51292954195851,8391,1.1955,0,0
0.51292890472398,8392,1.196,0,0
0.51292826766527,8393,1.1965,0,0
0.51292763078237,8394,1.197,0,0
0.51292699407529,8395,1.1975,0,0
0.51292635754401,8396,1.198,0,0
0.51292572118855,8397,1.1985,0,0
0.5129250850089,8398,1.199,0,0
0.51292444900507,8399,1.1995,0,0
0.51292381317705,8400,1.2,0,0
0.51292317752485,8401,1.2005,0,0
0.51292254204846,8402,1.201,0,0
0.51292190674789,8403,1.2015,0,0
0.51292127162314,8404,1.202,0,0
0.51292063667421,8405,1.2025,0,0
0.51292000190109,8406,1.203,0,0
0.5129193673038,8407,1.2035,0,0
0.51291873288232,8408,1.204,0,0
0.51291809863667,8409,1.2045,0,0
0.51291746456684,8410,1.205,0,0
0.51291683067283,8411,1.2055,0,0
0.51291619695464,8412,1.206,0,0
0.51291556341228,8413,1.2065,0,0
0.51291493004574,8414,1.207,0,0
0.51291429685503,8415,1.2075,0,0
0.51291366384014,8416,1.208,0,0
0.51291303100108,8417,1.2085,0,0
0.51291239833784,8418,1.209,0,0
0.51291176585044,8419,1.2095,0,0
0.51291113353886,8420,1.21,0,0
0.5129105014031,8421,1.2105,0,0
0.51290986944318,8422,1.211,0,0
0.51290923765909,8423,1.2115,0,0
0.51290860605083,8424,1.212,0,0
0.5129079746184,8425,1.2125,0,0
0.5129073433618,8426,1.213,0,0
0.51290671228104,8427,1.2135,0,0
0.5129060813761,8428,1.214,0,0
0.512905450647,8429,1.2145,0,0
0.51290482009374,8430,1.215,0,0
0.51290418971631,8431,1.2155,0,0
0.51290355951472,8432,1.216,0,0
0.51290292948896,8433,1.2165,0,0
0.51290229963904,8434,1.217,0,0
0.51290166996496,8435,1.2175,0,0
0.51290104046672,8436,1.218,0,0
0.51290041114431,8437,1.2185,0,0
0.51289978199775,8438,1.219,0,0
0.51289915302702,8439,1.2195,0,0
0.51289852423214,8440,1.22,0,0
0.5128978956131,8441,1.2205,0,0
0.5128972671699,8442,1.221,0,0
0.51289663890254,8443,1.2215,0,0
0.51289601081103,8444,1.222,0,0
0.51289538289536,8445,1.2225,0,0
0.51289475515553,8446,1.223,0,0
0.51289412759155,8447,1.2235,0,0
0.51289350020342,8448,1.224,0,0
0.51289287299113,8449,1.2245,0,0
0.51289224595469,8450,1.225,0,0
0.5128916190941,8451,1.2255,0,0
0.51289099240936,8452,1.226,0,0
0.51289036590046,8453,1.2265,0,0
0.51288973956742,8454,1.227,0,0
0.51288911341022,8455,1.2275,0,0
0.51288848742888,8456,1.228,0,0
0.51288786162339,8457,1.2285,0,0
0.51288723599375,8458,1.229,0,0
0.51288661053997,8459,1.2295,0,0
0.51288598526204,8460,1.23,0,0
0.51288536015996,8461,1.2305,0,0
0.51288473523374,8462,1.231,0,0
0.51288411048337,8463,1.2315,0,0
0.51288348590886,8464,1.232,0,0
0.51288286151021,8465,1.2325,0,0
0.51288223728741,8466,1.233,0,0
0.51288161324047,8467,1.2335,0,0
0.51288098936939,8468,1.234,0,0
0.51288036567417,8469,1.2345,0,0
0.51287974215481,8470,1.235,0,0
0.51287911881131,8471,1.2355,0,0
0.51287849564367,8472,1.236,0,0
0.5128778726519,8473,1.2365,0,0
0.51287724983599,8474,1.237,0,0
0.51287662719594,8475,1.2375,0,0
0.51287600473175,8476,1.238,0,0
0.51287538244343,8477,1.2385,0,0
0.51287476033097,8478,1.239,0,0
0.51287413839438,8479,1.2395,0,0
0.51287351663365,8480,1.24,0,0
0.5128728950488,8481,1.2405,0,0
0.51287227363981,8482,1.241,0,0
0.51287165240669,8483,1.2415,0,0
0.51287103134943,8484,1.242,0,0
0.51287041046805,8485,1.2425,0,0
0.51286978976254,8486,1.243,0,0
0.51286916923289,8487,1.2435,0,0
0.51286854887912,8488,1.244,0,0
0.51286792870122,8489,1.2445,0,0
0.5128673086992,8490,1.245,0,0
0.51286668887305,8491,1.2455,0,0
0.51286606922277,8492,1.246,0,0
0.51286544974836,8493,1.2465,0,0
0.51286483044983,8494,1.247,0,0
0.51286421132718,8495,1.2475,0,0
0.5128635923804,8496,1.248,0,0
0.5128629736095,8497,1.2485,0,0
0.51286235501448,8498,1.249,0,0
0.51286173659534,8499,1.2495,0,0
0.51286111835207,8500,1.25,0,0
0.51286050028469,8501,1.2505,0,0
0.51285988239319,8502,1.251,0,0
0.51285926467756,8503,1.2515,0,0
0.51285864713782,8504,1.252,0,0
0.51285802977396,8505,1.2525,0,0
0.51285741258598,8506,1.253,0,0
0.51285679557389,8507,1.2535,0,0
0.51285617873768,8508,1.254,0,0
0.51285556207735,8509,1.2545,0,0
0.51285494559291,8510,1.255,0,0
0.51285432928436,8511,1.2555,0,0
0.51285371315169,8512,1.256,0,0
0.51285309719491,8513,1.2565,0,0
0.51285248141402,8514,1.257,0,0
0.51285186580902,8515,1.2575,0,0
0.5128512503799,8516,1.258,0,0
0.51285063512668,8517,1.2585,0,0
0.51285002004934,8518,1.259,0,0
0.5128494051479,8519,1.2595,0,0
0.51284879042235,8520,1.26,0,0
0.51284817587269,8521,1.2605,0,0
0.51284756149892,8522,1.261,0,0
0.51284694730105,8523,1.2615,0,0
0.51284633327907,8524,1.262,0,0
0.51284571943298,8525,1.2625,0,0
0.51284510576279,8526,1.263,0,0
0.5128444922685,8527,1.2635,0,0
0.5128438789501,8528,1.264,0,0
0.5128432658076,8529,1.2645,0,0
0.512842652841,8530,1.265,0,0
0.5128420400503,8531,1.2655,0,0
0.51284142743549,8532,1.266,0,0
0.51284081499659,8533,1.2665,0,0
0.51284020273358,8534,1.267,0,0
0.51283959064648,8535,1.2675,0,0
0.51283897873528,8536,1.268,0,0
0.51283836699998,8537,1.2685,0,0
0.51283775544058,8538,1.269,0,0
0.51283714405709,8539,1.2695,0,0
0.5128365328495,8540,1.27,0,0
0.51283592181781,8541,1.2705,0,0
0.51283531096203,8542,1.271,0,0
0.51283470028216,8543,1.2715,0,0
0.51283408977819,8544,1.272,0,0
0.51283347945013,8545,1.2725,0,0
0.51283286929798,8546,1.273,0,0
0.51283225932173,8547,1.2735,0,0
0.5128316495214,8548,1.274,0,0
0.51283103989697,8549,1.2745,0,0
0.51283043044846,8550,1.275,0,0
0.51282982117586,8551,1.2755,0,0
0.51282921207916,8552,1.276,0,0
0.51282860315838,8553,1.2765,0,0
0.51282799441352,8554,1.277,0,0
0.51282738584456,8555,1.2775,0,0
0.51282677745152,8556,1.278,0,0
0.5128261692344,8557,1.2785,0,0
0.51282556119319,8558,1.279,0,0
0.51282495332789,8559,1.2795,0,0
0.51282434563851,8560,1.28,0,0
0.51282373812505,8561,1.2805,0,0
0.51282313078751,8562,1.281,0,0
0.51282252362588,8563,1.2815,0,0
0.51282191664018,8564,1.282,0,0
0.51282130983039,8565,1.2825,0,0
0.51282070319653,8566,1.283,0,0
0.51282009673858,8567,1.2835,0,0
0.51281949045656,8568,1.284,0,0
0.51281888435046,8569,1.2845,0,0
0.51281827842028,8570,1.285,0,0
0.51281767266602,8571,1.2855,0,0
0.51281706708769,8572,1.286,0,0
0.51281646168528,8573,1.2865,0,0
0.5128158564588,8574,1.287,0,0
0.51281525140824,8575,1.2875,0,0
0.51281464653361,8576,1.288,0,0
0.51281404183491,8577,1.2885,0,0
0.51281343731213,8578,1.289,0,0
0.51281283296529,8579,1.2895,0,0
0.51281222879437,8580,1.29,0,0
0.51281162479938,8581,1.2905,0,0
0.51281102098032,8582,1.291,0,0
0.51281041733719,8583,1.2915,0,0
0.51280981386999,8584,1.292,0,0
0.51280921057873,8585,1.2925,0,0
0.51280860746339,8586,1.293,0,0
0.51280800452399,8587,1.2935,0,0
0.51280740176053,8588,1.294,0,0
0.512806799173,8589,1.2945,0,0
0.5128061967614,8590,1.295,0,0
0.51280559452574,8591,1.2955,0,0
0.51280499246601,8592,1.296,0,0
0.51280439058223,8593,1.2965,0,0
0.51280378887438,8594,1.297,0,0
0.51280318734246,8595,1.2975,0,0
0.51280258598649,8596,1.298,0,0
0.51280198480645,8597,1.2985,0,0
0.51280138380236,8598,1.299,0,0
0.51280078297421,8599,1.2995,0,0
0.51280018232199,8600,1.3,0,0
0.51279958184572,8601,1.3005,0,0
0.51279898154539,8602,1.301,0,0
0.51279838142101,8603,1.3015,0,0
0.51279778147256,8604,1.302,0,0
0.51279718170006,8605,1.3025,0,0
0.51279658210351,8606,1.303,0,0
0.5127959826829,8607,1.3035,0,0
0.51279538343824,8608,1.304,0,0
0.51279478436952,8609,1.3045,0,0
0.51279418547676,8610,1.305,0,0
0.51279358675993,8611,1.3055,0,0
0.51279298821906,8612,1.306,0,0
0.51279238985414,8613,1.3065,0,0
0.51279179166516,8614,1.307,0,0
0.51279119365214,8615,1.3075,0,0
0.51279059581507,8616,1.308,0,0
0.51278999815395,8617,1.3085,0,0
0.51278940066878,8618,1.309,0,0
0.51278880335956,8619,1.3095,0,0
0.5127882062263,8620,1.31,0,0
0.51278760926899,8621,1.3105,0,0
0.51278701248764,8622,1.311,0,0
0.51278641588224,8623,1.3115,0,0
0.51278581945279,8624,1.312,0,0
0.51278522319931,8625,1.3125,0,0
0.51278462712178,8626,1.313,0,0
0.5127840312202,8627,1.3135,0,0
0.51278343549459,8628,1.314,0,0
0.51278283994493,8629,1.3145,0,0
0.51278224457124,8630,1.315,0,0
0.5127816493735,8631,1.3155,0,0
0.51278105435172,8632,1.316,0,0
0.51278045950591,8633,1.3165,0,0
0.51277986483605,8634,1.317,0,0
0.51277927034216,8635,1.3175,0,0
0.51277867602424,8636,1.318,0,0
0.51277808188227,8637,1.3185,0,0
0.51277748791627,8638,1.319,0,0
0.51277689412624,8639,1.3195,0,0
0.51277630051217,8640,1.32,0,0
0.51277570707407,8641,1.3205,0,0
0.51277511381193,8642,1.321,0,0
0.51277452072576,8643,1.3215,0,0
0.51277392781556,8644,1.322,0,0
0.51277333508132,8645,1.3225,0,0
0.51277274252306,8646,1.323,0,0
0.51277215014077,8647,1.3235,0,0
0.51277155793444,8648,1.324,0,0
0.51277096590409,8649,1.3245,0,0
0.51277037404971,8650,1.325,0,0
0.5127697823713,8651,1.3255,0,0
0.51276919086886,8652,1.326,0,0
0.5127685995424,8653,1.3265,0,0
0.51276800839191,8654,1.327,0,0
0.51276741741739,8655,1.3275,0,0
0.51276682661885,8656,1.328,0,0
0.51276623599629,8657,1.3285,0,0
0.5127656455497,8658,1.329,0,0
0.51276505527909,8659,1.3295,0,0
0.51276446518445,8660,1.33,0,0
0.5127638752658,8661,1.3305,0,0
0.51276328552312,8662,1.331,0,0
0.51276269595642,8663,1.3315,0,0
0.5127621065657,8664,1.332,0,0
0.51276151735097,8665,1.3325,0,0
0.51276092831221,8666,1.333,0,0
0.51276033944943,8667,1.3335,0,0
0.51275975076264,8668,1.334,0,0
0.51275916225183,8669,1.3345,0,0
0.51275857391701,8670,1.335,0,0
0.51275798575816,8671,1.3355,0,0
0.51275739777531,8672,1.336,0,0
0.51275680996844,8673,1.3365,0,0
0.51275622233755,8674,1.337,0,0
0.51275563488265,8675,1.3375,0,0
0.51275504760374,8676,1.338,0,0
0.51275446050081,8677,1.3385,0,0
0.51275387357388,8678,1.339,0,0
0.51275328682293,8679,1.3395,0,0
0.51275270024797,8680,1.34,0,0
0.512752113849,8681,1.3405,0,0
0.51275152762603,8682,1.341,0,0
0.51275094157904,8683,1.3415,0,0
0.51275035570805,8684,1.342,0,0
0.51274977001304,8685,1.3425,0,0
0.51274918449404,8686,1.343,0,0
0.51274859915102,8687,1.3435,0,0
0.512748013984,8688,1.344,0,0
0.51274742899297,8689,1.3445,0,0
0.51274684417794,8690,1.345,0,0
0.51274625953891,8691,1.3455,0,0
0.51274567507587,8692,1.346,0,0
0.51274509078883,8693,1.3465,0,0
0.51274450667779,8694,1.347,0,0
0.51274392274275,8695,1.3475,0,0
0.5127433389837,8696,1.348,0,0
0.51274275540066,8697,1.3485,0,0
0.51274217199361,8698,1.349,0,0
0.51274158876257,8699,1.3495,0,0
0.51274100570752,8700,1.35,0,0
0.51274042282848,8701,1.3505,0,0
0.51273984012544,8702,1.351,0,0
0.51273925759841,8703,1.3515,0,0
0.51273867524738,8704,1.352,0,0
0.51273809307235,8705,1.3525,0,0
0.51273751107333,8706,1.353,0,0
0.51273692925031,8707,1.3535,0,0
0.5127363476033,8708,1.354,0,0
0.5127357661323,8709,1.3545,0,0
0.5127351848373,8710,1.355,0,0
0.51273460371831,8711,1.3555,0,0
0.51273402277533,8712,1.356,0,0
0.51273344200836,8713,1.3565,0,0
0.5127328614174,8714,1.357,0,0
0.51273228100245,8715,1.3575,0,0
0.51273170076351,8716,1.358,0,0
0.51273112070058,8717,1.3585,0,0
0.51273054081367,8718,1.359,0,0
0.51272996110276,8719,1.3595,0,0
0.51272938156787,8720,1.36,0,0
0.512728802209,8721,1.3605,0,0
0.51272822302613,8722,1.361,0,0
0.51272764401929,8723,1.3615,0,0
0.51272706518846,8724,1.362,0,0
0.51272648653364,8725,1.3625,0,0
0.51272590805484,8726,1.363,0,0
0.51272532975206,8727,1.3635,0,0
0.5127247516253,8728,1.364,0,0
0.51272417367455,8729,1.3645,0,0
0.51272359589983,8730,1.365,0,0
0.51272301830112,8731,1.3655,0,0
0.51272244087844,8732,1.366,0,0
0.51272186363177,8733,1.3665,0,0
0.51272128656113,8734,1.367,0,0
0.51272070966651,8735,1.3675,0,0
0.51272013294791,8736,1.368,0,0
0.51271955640534,8737,1.3685,0,0
0.51271898003879,8738,1.369,0,0
0.51271840384826,8739,1.3695,0,0
0.51271782783376,8740,1.37,0,0
0.51271725199528,8741,1.3705,0,0
0.51271667633283,8742,1.371,0,0
0.51271610084641,8743,1.3715,0,0
0.51271552553601,8744,1.372,0,0
0.51271495040165,8745,1.3725,0,0
0.51271437544331,8746,1.373,0,0
0.512713800661,8747,1.3735,0,0
0.51271322605472,8748,1.374,0,0
0.51271265162447,8749,1.3745,0,0
0.51271207737025,8750,1.375,0,0
0.51271150329206,8751,1.3755,0,0
0.51271092938991,8752,1.376,0,0
0.51271035566378,8753,1.3765,0,0
0.51270978211369,8754,1.377,0,0
0.51270920873964,8755,1.3775,0,0
0.51270863554162,8756,1.378,0,0
0.51270806251963,8757,1.3785,0,0
0.51270748967368,8758,1.379,0,0
0.51270691700377,8759,1.3795,0,0
0.51270634450989,8760,1.38,0,0
0.51270577219205,8761,1.3805,0,0
0.51270520005025,8762,1.381,0,0
0.51270462808448,8763,1.3815,0,0
0.51270405629476,8764,1.382,0,0
0.51270348468107,8765,1.3825,0,0
0.51270291324343,8766,1.383,0,0
0.51270234198182,8767,1.3835,0,0
0.51270177089626,8768,1.384,0,0
0.51270119998674,8769,1.3845,0,0
0.51270062925326,8770,1.385,0,0
0.51270005869582,8771,1.3855,0,0
0.51269948831443,8772,1.386,0,0
0.51269891810909,8773,1.3865,0,0
0.51269834807978,8774,1.387,0,0
0.51269777822653,8775,1.3875,0,0
0.51269720854932,8776,1.388,0,0
0.51269663904815,8777,1.3885,0,0
0.51269606972303,8778,1.389,0,0
0.51269550057397,8779,1.3895,0,0
0.51269493160094,8780,1.39,0,0
0.51269436280397,8781,1.3905,0,0
0.51269379418305,8782,1.391,0,0
0.51269322573818,8783,1.3915,0,0
0.51269265746936,8784,1.392,0,0
0.51269208937659,8785,1.3925,0,0
0.51269152145987,8786,1.393,0,0
0.5126909537192,8787,1.3935,0,0
0.51269038615459,8788,1.394,0,0
0.51268981876603,8789,1.3945,0,0
0.51268925155353,8790,1.395,0,0
0.51268868451707,8791,1.3955,0,0
0.51268811765668,8792,1.396,0,0
0.51268755097234,8793,1.3965,0,0
0.51268698446406,8794,1.397,0,0
0.51268641813183,8795,1.3975,0,0
0.51268585197566,8796,1.398,0,0
0.51268528599555,8797,1.3985,0,0
0.5126847201915,8798,1.399,0,0
0.51268415456351,8799,1.3995,0,0
0.51268358911158,8800,1.4,0,0
0.51268302383571,8801,1.4005,0,0
0.5126824587359,8802,1.401,0,0
0.51268189381215,8803,1.4015,0,0
0.51268132906446,8804,1.402,0,0
0.51268076449284,8805,1.4025,0,0
0.51268020009728,8806,1.403,0,0
0.51267963587778,8807,1.4035,0,0
0.51267907183435,8808,1.404,0,0
0.51267850796698,8809,1.4045,0,0
0.51267794427568,8810,1.405,0,0
0.51267738076045,8811,1.4055,0,0
0.51267681742128,8812,1.406,0,0
0.51267625425818,8813,1.4065,0,0
0.51267569127115,8814,1.407,0,0
0.51267512846019,8815,1.4075,0,0
0.51267456582529,8816,1.408,0,0
0.51267400336647,8817,1.4085,0,0
0.51267344108371,8818,1.409,0,0
0.51267287897703,8819,1.4095,0,0
0.51267231704642,8820,1.41,0,0
0.51267175529187,8821,1.4105,0,0
0.51267119371341,8822,1.411,0,0
0.51267063231101,8823,1.4115,0,0
0.51267007108469,8824,1.412,0,0
0.51266951003444,8825,1.4125,0,0
0.51266894916027,8826,1.413,0,0
0.51266838846218,8827,1.4135,0,0
0.51266782794016,8828,1.414,0,0
0.51266726759421,8829,1.4145,0,0
0.51266670742435,8830,1.415,0,0
0.51266614743056,8831,1.4155,0,0
0.51266558761285,8832,1.416,0,0
0.51266502797121,8833,1.4165,0,0
0.51266446850566,8834,1.417,0,0
0.51266390921619,8835,1.4175,0,0
0.5126633501028,8836,1.418,0,0
0.51266279116549,8837,1.4185,0,0
0.51266223240426,8838,1.419,0,0
0.51266167381911,8839,1.4195,0,0
0.51266111541005,8840,1.42,0,0
0.51266055717707,8841,1.4205,0,0
0.51265999912017,8842,1.421,0,0
0.51265944123936,8843,1.4215,0,0
0.51265888353463,8844,1.422,0,0
0.51265832600599,8845,1.4225,0,0
0.51265776865344,8846,1.423,0,0
0.51265721147697,8847,1.4235,0,0
0.51265665447659,8848,1.424,0,0
0.5126560976523,8849,1.4245,0,0
0.51265554100409,8850,1.425,0,0
0.51265498453198,8851,1.4255,0,0
0.51265442823595,8852,1.426,0,0
0.51265387211602,8853,1.4265,0,0
0.51265331617217,8854,1.427,0,0
0.51265276040442,8855,1.4275,0,0
0.51265220481276,8856,1.428,0,0
0.51265164939719,8857,1.4285,0,0
0.51265109415771,8858,1.429,0,0
0.51265053909433,8859,1.4295,0,0
0.51264998420704,8860,1.43,0,0
0.51264942949585,8861,1.4305,0,0
0.51264887496075,8862,1.431,0,0
0.51264832060175,8863,1.4315,0,0
0.51264776641885,8864,1.432,0,0
0.51264721241204,8865,1.4325,0,0
0.51264665858133,8866,1.433,0,0
0.51264610492672,8867,1.4335,0,0
0.5126455514482,8868,1.434,0,0
0.51264499814579,8869,1.4345,0,0
0.51264444501947,8870,1.435,0,0
0.51264389206926,8871,1.4355,0,0
0.51264333929515,8872,1.436,0,0
0.51264278669713,8873,1.4365,0,0
0.51264223427522,8874,1.437,0,0
0.51264168202942,8875,1.4375,0,0
0.51264112995971,8876,1.438,0,0
0.51264057806611,8877,1.4385,0,0
0.51264002634862,8878,1.439,0,0
0.51263947480723,8879,1.4395,0,0
0.51263892344194,8880,1.44,0,0
0.51263837225276,8881,1.4405,0,0
0.51263782123969,8882,1.441,0,0
0.51263727040272,8883,1.4415,0,0
0.51263671974187,8884,1.442,0,0
0.51263616925712,8885,1.4425,0,0
0.51263561894848,8886,1.443,0,0
0.51263506881595,8887,1.4435,0,0
0.51263451885952,8888,1.444,0,0
0.51263396907921,8889,1.4445,0,0
0.51263341947501,8890,1.445,0,0
0.51263287004693,8891,1.4455,0,0
0.51263232079495,8892,1.446,0,0
0.51263177171909,8893,1.4465,0,0
0.51263122281934,8894,1.447,0,0
0.5126306740957,8895,1.4475,0,0
0.51263012554818,8896,1.448,0,0
0.51262957717677,8897,1.4485,0,0
0.51262902898148,8898,1.449,0,0
0.51262848096231,8899,1.4495,0,0
0.51262793311925,8900,1.45,0,0
0.51262738545231,8901,1.4505,0,0
0.51262683796149,8902,1.451,0,0
0.51262629064678,8903,1.4515,0,0
0.5126257435082,8904,1.452,0,0
0.51262519654573,8905,1.4525,0,0
0.51262464975938,8906,1.453,0,0
0.51262410314916,8907,1.4535,0,0
0.51262355671505,8908,1.454,0,0
0.51262301045707,8909,1.4545,0,0
0.51262246437521,8910,1.455,0,0
0.51262191846947,8911,1.4555,0,0
0.51262137273986,8912,1.456,0,0
0.51262082718637,8913,1.4565,0,0
0.512620281809,8914,1.457,0,0
0.51261973660776,8915,1.4575,0,0
0.51261919158264,8916,1.458,0,0
0.51261864673365,8917,1.4585,0,0
0.51261810206079,8918,1.459,0,0
0.51261755756406,8919,1.4595,0,0
0.51261701324345,8920,1.46,0,0
0.51261646909897,8921,1.4605,0,0
0.51261592513062,8922,1.461,0,0
0.5126153813384,8923,1.4615,0,0
0.51261483772231,8924,1.462,0,0
0.51261429428235,8925,1.4625,0,0
0.51261375101852,8926,1.463,0,0
0.51261320793082,8927,1.4635,0,0
0.51261266501926,8928,1.464,0,0
0.51261212228383,8929,1.4645,0,0
0.51261157972453,8930,1.465,0,0
0.51261103734136,8931,1.4655,0,0
0.51261049513433,8932,1.466,0,0
0.51260995310344,8933,1.4665,0,0
0.51260941124868,8934,1.467,0,0
0.51260886957005,8935,1.4675,0,0
0.51260832806756,8936,1.468,0,0
0.51260778674121,8937,1.4685,0,0
0.512607245591,8938,1.469,0,0
0.51260670461693,8939,1.4695,0,0
0.51260616381899,8940,1.47,0,0
0.5126056231972,8941,1.4705,0,0
0.51260508275154,8942,1.471,0,0
0.51260454248203,8943,1.4715,0,0
0.51260400238865,8944,1.472,0,0
0.51260346247142,8945,1.4725,0,0
0.51260292273033,8946,1.473,0,0
0.51260238316538,8947,1.4735,0,0
0.51260184377658,8948,1.474,0,0
0.51260130456392,8949,1.4745,0,0
0.5126007655274,8950,1.475,0,0
0.51260022666703,8951,1.4755,0,0
0.51259968798281,8952,1.476,0,0
0.51259914947473,8953,1.4765,0,0
0.51259861114279,8954,1.477,0,0
0.51259807298701,8955,1.4775,0,0
0.51259753500737,8956,1.478,0,0
0.51259699720388,8957,1.4785,0,0
0.51259645957654,8958,1.479,0,0
0.51259592212535,8959,1.4795,0,0
0.5125953848503,8960,1.48,0,0
0.51259484775141,8961,1.4805,0,0
0.51259431082867,8962,1.481,0,0
0.51259377408208,8963,1.4815,0,0
0.51259323751165,8964,1.482,0,0
0.51259270111736,8965,1.4825,0,0
0.51259216489923,8966,1.483,0,0
0.51259162885725,8967,1.4835,0,0
0.51259109299143,8968,1.484,0,0
0.51259055730176,8969,1.4845,0,0
0.51259002178825,8970,1.485,0,0
0.51258948645089,8971,1.4855,0,0
0.51258895128969,8972,1.486,0,0
0.51258841630465,8973,1.4865,0,0
0.51258788149576,8974,1.487,0,0
0.51258734686303,8975,1.4875,0,0
0.51258681240646,8976,1.488,0,0
0.51258627812605,8977,1.4885,0,0
0.5125857440218,8978,1.489,0,0
0.51258521009371,8979,1.4895,0,0
0.51258467634178,8980,1.49,0,0
0.51258414276601,8981,1.4905,0,0
0.5125836093664,8982,1.491,0,0
0.51258307614296,8983,1.4915,0,0
0.51258254309568,8984,1.492,0,0
0.51258201022456,8985,1.4925,0,0
0.51258147752961,8986,1.493,0,0
0.51258094501082,8987,1.4935,0,0
0.51258041266819,8988,1.494,0,0
0.51257988050173,8989,1.4945,0,0
0.51257934851144,8990,1.495,0,0
0.51257881669732,8991,1.4955,0,0
0.51257828505936,8992,1.496,0,0
0.51257775359757,8993,1.4965,0,0
0.51257722231195,8994,1.497,0,0
0.51257669120249,8995,1.4975,0,0
0.51257616026921,8996,1.498,0,0
0.5125756295121,8997,1.4985,0,0
0.51257509893115,8998,1.499,0,0
0.51257456852638,8999,1.4995,0,0
0.51257403829778,9000,1.5,0,0
0.51257350824535,9001,1.5005,0,0
0.5125729783691,9002,1.501,0,0
0.51257244866902,9003,1.5015,0,0
0.51257191914511,9004,1.502,0,0
0.51257138979738,9005,1.5025,0,0
0.51257086062582,9006,1.503,0,0
0.51257033163043,9007,1.5035,0,0
0.51256980281122,9008,1.504,0,0
0.51256927416819,9009,1.5045,0,0
0.51256874570134,9010,1.505,0,0
0.51256821741066,9011,1.5055,0,0
0.51256768929616,9012,1.506,0,0
0.51256716135784,9013,1.5065,0,0
0.5125666335957,9014,1.507,0,0
0.51256610600974,9015,1.5075,0,0
0.51256557859996,9016,1.508,0,0
0.51256505136636,9017,1.5085,0,0
0.51256452430894,9018,1.509,0,0
0.51256399742771,9019,1.5095,0,0
0.51256347072265,9020,1.51,0,0
0.51256294419378,9021,1.5105,0,0
0.51256241784109,9022,1.511,0,0
0.51256189166459,9023,1.5115,0,0
0.51256136566427,9024,1.512,0,0
0.51256083984014,9025,1.5125,0,0
0.51256031419219,9026,1.513,0,0
0.51255978872043,9027,1.5135,0,0
0.51255926342485,9028,1.514,0,0
0.51255873830546,9029,1.5145,0,0
0.51255821336226,9030,1.515,0,0
0.51255768859525,9031,1.5155,0,0
0.51255716400443,9032,1.516,0,0
0.51255663958979,9033,1.5165,0,0
0.51255611535135,9034,1.517,0,0
0.51255559128909,9035,1.5175,0,0
0.51255506740303,9036,1.518,0,0
0.51255454369316,9037,1.5185,0,0
0.51255402015948,9038,1.519,0,0
0.51255349680199,9039,1.5195,0,0
0.5125529736207,9040,1.52,0,0
0.5125524506156,9041,1.5205,0,0
0.5125519277867,9042,1.521,0,0
0.51255140513398,9043,1.5215,0,0
0.51255088265747,9044,1.522,0,0
0.51255036035715,9045,1.5225,0,0
0.51254983823303,9046,1.523,0,0
0.5125493162851,9047,1.5235,0,0
0.51254879451337,9048,1.524,0,0
0.51254827291784,9049,1.5245,0,0
0.51254775149851,9050,1.525,0,0
0.51254723025537,9051,1.5255,0,0
0.51254670918844,9052,1.526,0,0
0.5125461882977,9053,1.5265,0,0
0.51254566758317,9054,1.527,0,0
0.51254514704484,9055,1.5275,0,0
0.5125446266827,9056,1.528,0,0
0.51254410649678,9057,1.5285,0,0
0.51254358648705,9058,1.529,0,0
0.51254306665353,9059,1.5295,0,0
0.51254254699621,9060,1.53,0,0
0.51254202751509,9061,1.5305,0,0
0.51254150821018,9062,1.531,0,0
0.51254098908148,9063,1.5315,0,0
0.51254047012898,9064,1.532,0,0
0.51253995135268,9065,1.5325,0,0
0.5125394327526,9066,1.533,0,0
0.51253891432872,9067,1.5335,0,0
0.51253839608105,9068,1.534,0,0
0.51253787800959,9069,1.5345,0,0
0.51253736011434,9070,1.535,0,0
0.51253684239529,9071,1.5355,0,0
0.51253632485246,9072,1.536,0,0
0.51253580748584,9073,1.5365,0,0
0.51253529029543,9074,1.537,0,0
0.51253477328123,9075,1.5375,0,0
0.51253425644324,9076,1.538,0,0
0.51253373978146,9077,1.5385,0,0
0.5125332232959,9078,1.539,0,0
0.51253270698655,9079,1.5395,0,0
0.51253219085342,9080,1.54,0,0
0.5125316748965,9081,1.5405,0,0
0.5125311591158,9082,1.541,0,0
0.51253064351131,9083,1.5415,0,0
0.51253012808304,9084,1.542,0,0
0.51252961283099,9085,1.5425,0,0
0.51252909775515,9086,1.543,0,0
0.51252858285553,9087,1.5435,0,0
0.51252806813213,9088,1.544,0,0
0.51252755358495,9089,1.5445,0,0
0.51252703921399,9090,1.545,0,0
0.51252652501925,9091,1.5455,0,0
0.51252601100073,9092,1.546,0,0
0.51252549715843,9093,1.5465,0,0
0.51252498349235,9094,1.547,0,0
0.5125244700025,9095,1.5475,0,0
0.51252395668886,9096,1.548,0,0
0.51252344355145,9097,1.5485,0,0
0.51252293059027,9098,1.549,0,0
0.51252241780531,9099,1.5495,0,0
0.51252190519657,9100,1.55,0,0
0.51252139276406,9101,1.5505,0,0
0.51252088050777,9102,1.551,0,0
0.51252036842771,9103,1.5515,0,0
0.51251985652388,9104,1.552,0,0
0.51251934479628,9105,1.5525,0,0
0.5125188332449,9106,1.553,0,0
0.51251832186975,9107,1.5535,0,0
0.51251781067083,9108,1.554,0,0
0.51251729964814,9109,1.5545,0,0
0.51251678880168,9110,1.555,0,0
0.51251627813145,9111,1.5555,0,0
0.51251576763745,9112,1.556,0,0
0.51251525731969,9113,1.5565,0,0
0.51251474717815,9114,1.557,0,0
0.51251423721285,9115,1.5575,0,0
0.51251372742378,9116,1.558,0,0
0.51251321781094,9117,1.5585,0,0
0.51251270837434,9118,1.559,0,0
0.51251219911398,9119,1.5595,0,0
0.51251169002985,9120,1.56,0,0
0.51251118112195,9121,1.5605,0,0
0.51251067239029,9122,1.561,0,0
0.51251016383487,9123,1.5615,0,0
0.51250965545568,9124,1.562,0,0
0.51250914725274,9125,1.5625,0,0
0.51250863922603,9126,1.563,0,0
0.51250813137556,9127,1.5635,0,0
0.51250762370133,9128,1.564,0,0
0.51250711620334,9129,1.5645,0,0
0.51250660888158,9130,1.565,0,0
0.51250610173608,9131,1.5655,0,0
0.51250559476681,9132,1.566,0,0
0.51250508797378,9133,1.5665,0,0
0.512504581357,9134,1.567,0,0
0.51250407491646,9135,1.5675,0,0
0.51250356865216,9136,1.568,0,0
0.51250306256411,9137,1.5685,0,0
0.5125025566523,9138,1.569,0,0
0.51250205091673,9139,1.5695,0,0
0.51250154535742,9140,1.57,0,0
0.51250103997434,9141,1.5705,0,0
0.51250053476752,9142,1.571,0,0
0.51250002973694,9143,1.5715,0,0
0.51249952488261,9144,1.572,0,0
0.51249902020453,9145,1.5725,0,0
0.51249851570269,9146,1.573,0,0
0.51249801137711,9147,1.5735,0,0
0.51249750722778,9148,1.574,0,0
0.51249700325469,9149,1.5745,0,0
0.51249649945786,9150,1.575,0,0
0.51249599583727,9151,1.5755,0,0
0.51249549239294,9152,1.576,0,0
0.51249498912486,9153,1.5765,0,0
0.51249448603304,9154,1.577,0,0
0.51249398311747,9155,1.5775,0,0
0.51249348037815,9156,1.578,0,0
0.51249297781508,9157,1.5785,0,0
0.51249247542827,9158,1.579,0,0
0.51249197321772,9159,1.5795,0,0
0.51249147118342,9160,1.58,0,0
0.51249096932538,9161,1.5805,0,0
0.51249046764359,9162,1.581,0,0
0.51248996613806,9163,1.5815,0,0
0.51248946480879,9164,1.582,0,0
0.51248896365578,9165,1.5825,0,0
0.51248846267903,9166,1.583,0,0
0.51248796187854,9167,1.5835,0,0
0.5124874612543,9168,1.584,0,0
0.51248696080633,9169,1.5845,0,0
0.51248646053462,9170,1.585,0,0
0.51248596043917,9171,1.5855,0,0
0.51248546051998,9172,1.586,0,0
0.51248496077705,9173,1.5865,0,0
0.51248446121039,9174,1.587,0,0
0.51248396181999,9175,1.5875,0,0
0.51248346260586,9176,1.588,0,0
0.51248296356799,9177,1.5885,0,0
0.51248246470638,9178,1.589,0,0
0.51248196602104,9179,1.5895,0,0
0.51248146751196,9180,1.59,0,0
0.51248096917916,9181,1.5905,0,0
0.51248047102262,9182,1.591,0,0
0.51247997304234,9183,1.5915,0,0
0.51247947523834,9184,1.592,0,0
0.5124789776106,9185,1.5925,0,0
0.51247848015913,9186,1.593,0,0
0.51247798288394,9187,1.5935,0,0
0.51247748578501,9188,1.594,0,0
0.51247698886235,9189,1.5945,0,0
0.51247649211597,9190,1.595,0,0
0.51247599554585,9191,1.5955,0,0
0.51247549915201,9192,1.596,0,0
0.51247500293444,9193,1.5965,0,0
0.51247450689314,9194,1.597,0,0
0.51247401102812,9195,1.5975,0,0
0.51247351533937,9196,1.598,0,0
0.5124730198269,9197,1.5985,0,0
0.5124725244907,9198,1.599,0,0
0.51247202933078,9199,1.5995,0,0
0.51247153434713,9200,1.6,0,0
0.51247103953976,9201,1.6005,0,0
0.51247054490867,9202,1.601,0,0
0.51247005045385,9203,1.6015,0,0
0.51246955617532,9204,1.602,0,0
0.51246906207306,9205,1.6025,0,0
0.51246856814708,9206,1.603,0,0
0.51246807439738,9207,1.6035,0,0
0.51246758082396,9208,1.604,0,0
0.51246708742682,9209,1.6045,0,0
0.51246659420596,9210,1.605,0,0
0.51246610116139,9211,1.6055,0,0
0.5124656082931,9212,1.606,0,0
0.51246511560109,9213,1.6065,0,0
0.51246462308536,9214,1.607,0,0
0.51246413074592,9215,1.6075,0,0
0.51246363858276,9216,1.608,0,0
0.51246314659588,9217,1.6085,0,0
0.51246265478529,9218,1.609,0,0
0.51246216315099,9219,1.6095,0,0
0.51246167169297,9220,1.61,0,0
0.51246118041124,9221,1.6105,0,0
0.5124606893058,9222,1.611,0,0
0.51246019837664,9223,1.6115,0,0
0.51245970762378,9224,1.612,0,0
0.5124592170472,9225,1.6125,0,0
0.51245872664691,9226,1.613,0,0
0.51245823642291,9227,1.6135,0,0
0.5124577463752,9228,1.614,0,0
0.51245725650378,9229,1.6145,0,0
0.51245676680865,9230,1.615,0,0
0.51245627728982,9231,1.6155,0,0
0.51245578794727,9232,1.616,0,0
0.51245529878102,9233,1.6165,0,0
0.51245480979107,9234,1.617,0,0
0.5124543209774,9235,1.6175,0,0
0.51245383234003,9236,1.618,0,0
0.51245334387896,9237,1.6185,0,0
0.51245285559418,9238,1.619,0,0
0.5124523674857,9239,1.6195,0,0
0.51245187955351,9240,1.62,0,0
0.51245139179762,9241,1.6205,0,0
0.51245090421802,9242,1.621,0,0
0.51245041681473,9243,1.6215,0,0
0.51244992958773,9244,1.622,0,0
0.51244944253703,9245,1.6225,0,0
0.51244895566263,9246,1.623,0,0
0.51244846896453,9247,1.6235,0,0
0.51244798244273,9248,1.624,0,0
0.51244749609724,9249,1.6245,0,0
0.51244700992804,9250,1.625,0,0
0.51244652393514,9251,1.6255,0,0
0.51244603811855,9252,1.626,0,0
0.51244555247826,9253,1.6265,0,0
0.51244506701427,9254,1.627,0,0
0.51244458172659,9255,1.6275,0,0
0.51244409661521,9256,1.628,0,0
0.51244361168013,9257,1.6285,0,0
0.51244312692136,9258,1.629,0,0
0.5124426423389,9259,1.6295,0,0
0.51244215793274,9260,1.63,0,0
0.51244167370289,9261,1.6305,0,0
0.51244118964934,9262,1.631,0,0
0.5124407057721,9263,1.6315,0,0
0.51244022207118,9264,1.632,0,0
0.51243973854656,9265,1.6325,0,0
0.51243925519824,9266,1.633,0,0
0.51243877202624,9267,1.6335,0,0
0.51243828903055,9268,1.634,0,0
0.51243780621117,9269,1.6345,0,0
0.5124373235681,9270,1.635,0,0
0.51243684110134,9271,1.6355,0,0
0.5124363588109,9272,1.636,0,0
0.51243587669676,9273,1.6365,0,0
0.51243539475894,9274,1.637,0,0
0.51243491299744,9275,1.6375,0,0
0.51243443141224,9276,1.638,0,0
0.51243395000337,9277,1.6385,0,0
0.5124334687708,9278,1.639,0,0
0.51243298771456,9279,1.6395,0,0
0.51243250683462,9280,1.64,0,0
0.51243202613101,9281,1.6405,0,0
0.51243154560371,9282,1.641,0,0
0.51243106525273,9283,1.6415,0,0
0.51243058507807,9284,1.642,0,0
0.51243010507972,9285,1.6425,0,0
0.5124296252577,9286,1.643,0,0
0.51242914561199,9287,1.6435,0,0
0.51242866614261,9288,1.644,0,0
0.51242818684954,9289,1.6445,0,0
0.5124277077328,9290,1.645,0,0
0.51242722879237,9291,1.6455,0,0
0.51242675002827,9292,1.646,0,0
0.51242627144049,9293,1.6465,0,0
0.51242579302904,9294,1.647,0,0
0.5124253147939,9295,1.6475,0,0
0.51242483673509,9296,1.648,0,0
0.51242435885261,9297,1.6485,0,0
0.51242388114645,9298,1.649,0,0
0.51242340361661,9299,1.6495,0,0
0.5124229262631,9300,1.65,0,0
0.51242244908592,9301,1.6505,0,0
0.51242197208507,9302,1.651,0,0
0.51242149526054,9303,1.6515,0,0
0.51242101861234,9304,1.652,0,0
0.51242054214046,9305,1.6525,0,0
0.51242006584492,9306,1.653,0,0
0.51241958972571,9307,1.6535,0,0
0.51241911378282,9308,1.654,0,0
0.51241863801627,9309,1.6545,0,0
0.51241816242604,9310,1.655,0,0
0.51241768701215,9311,1.6555,0,0
0.51241721177459,9312,1.656,0,0
0.51241673671336,9313,1.6565,0,0
0.51241626182846,9314,1.657,0,0
0.5124157871199,9315,1.6575,0,0
0.51241531258767,9316,1.658,0,0
0.51241483823177,9317,1.6585,0,0
0.51241436405221,9318,1.659,0,0
0.51241389004898,9319,1.6595,0,0
0.51241341622209,9320,1.66,0,0
0.51241294257153,9321,1.6605,0,0
0.51241246909731,9322,1.661,0,0
0.51241199579943,9323,1.6615,0,0
0.51241152267789,9324,1.662,0,0
0.51241104973268,9325,1.6625,0,0
0.51241057696381,9326,1.663,0,0
0.51241010437128,9327,1.6635,0,0
0.51240963195509,9328,1.664,0,0
0.51240915971524,9329,1.6645,0,0
0.51240868765173,9330,1.665,0,0
0.51240821576456,9331,1.6655,0,0
0.51240774405374,9332,1.666,0,0
0.51240727251925,9333,1.6665,0,0
0.51240680116111,9334,1.667,0,0
0.51240632997931,9335,1.6675,0,0
0.51240585897385,9336,1.668,0,0
0.51240538814473,9337,1.6685,0,0
0.51240491749196,9338,1.669,0,0
0.51240444701554,9339,1.6695,0,0
0.51240397671546,9340,1.67,0,0
0.51240350659172,9341,1.6705,0,0
0.51240303664433,9342,1.671,0,0
0.51240256687329,9343,1.6715,0,0
0.5124020972786,9344,1.672,0,0
0.51240162786025,9345,1.6725,0,0
0.51240115861825,9346,1.673,0,0
0.5124006895526,9347,1.6735,0,0
0.51240022066329,9348,1.674,0,0
0.51239975195034,9349,1.6745,0,0
0.51239928341374,9350,1.675,0,0
0.51239881505349,9351,1.6755,0,0
0.51239834686958,9352,1.676,0,0
0.51239787886203,9353,1.6765,0,0
0.51239741103084,9354,1.677,0,0
0.51239694337599,9355,1.6775,0,0
0.5123964758975,9356,1.678,0,0
0.51239600859536,9357,1.6785,0,0
0.51239554146957,9358,1.679,0,0
0.51239507452014,9359,1.6795,0,0
0.51239460774706,9360,1.68,0,0
0.51239414115034,9361,1.6805,0,0
0.51239367472997,9362,1.681,0,0
0.51239320848596,9363,1.6815,0,0
0.5123927424183,9364,1.682,0,0
0.51239227652701,9365,1.6825,0,0
0.51239181081207,9366,1.683,0,0
0.51239134527349,9367,1.6835,0,0
0.51239087991126,9368,1.684,0,0
0.5123904147254,9369,1.6845,0,0
0.51238994971589,9370,1.685,0,0
0.51238948488275,9371,1.6855,0,0
0.51238902022596,9372,1.686,0,0
0.51238855574554,9373,1.6865,0,0
0.51238809144148,9374,1.687,0,0
0.51238762731378,9375,1.6875,0,0
0.51238716336244,9376,1.688,0,0
0.51238669958746,9377,1.6885,0,0
0.51238623598885,9378,1.689,0,0
0.5123857725666,9379,1.6895,0,0
0.51238530932072,9380,1.69,0,0
0.5123848462512,9381,1.6905,0,0
0.51238438335804,9382,1.691,0,0
0.51238392064125,9383,1.6915,0,0
0.51238345810083,9384,1.692,0,0
0.51238299573677,9385,1.6925,0,0
0.51238253354908,9386,1.693,0,0
0.51238207153776,9387,1.6935,0,0
0.51238160970281,9388,1.694,0,0
0.51238114804422,9389,1.6945,0,0
0.51238068656201,9390,1.695,0,0
0.51238022525616,9391,1.6955,0,0
0.51237976412668,9392,1.696,0,0
0.51237930317357,9393,1.6965,0,0
0.51237884239684,9394,1.697,0,0
0.51237838179647,9395,1.6975,0,0
0.51237792137248,9396,1.698,0,0
0.51237746112486,9397,1.6985,0,0
0.51237700105361,9398,1.699,0,0
0.51237654115873,9399,1.6995,0,0
0.51237608144023,9400,1.7,0,0
0.5123756218981,9401,1.7005,0,0
0.51237516253235,9402,1.701,0,0
0.51237470334297,9403,1.7015,0,0
0.51237424432996,9404,1.702,0,0
0.51237378549334,9405,1.7025,0,0
0.51237332683309,9406,1.703,0,0
0.51237286834921,9407,1.7035,0,0
0.51237241004172,9408,1.704,0,0
0.5123719519106,9409,1.7045,0,0
0.51237149395586,9410,1.705,0,0
0.51237103617749,9411,1.7055,0,0
0.51237057857551,9412,1.706,0,0
0.51237012114991,9413,1.7065,0,0
0.51236966390068,9414,1.707,0,0
0.51236920682784,9415,1.7075,0,0
0.51236874993138,9416,1.708,0,0
0.5123682932113,9417,1.7085,0,0
0.5123678366676,9418,1.709,0,0
0.51236738030029,9419,1.7095,0,0
0.51236692410936,9420,1.71,0,0
0.51236646809481,9421,1.7105,0,0
0.51236601225664,9422,1.711,0,0
0.51236555659486,9423,1.7115,0,0
0.51236510110946,9424,1.712,0,0
0.51236464580045,9425,1.7125,0,0
0.51236419066783,9426,1.713,0,0
0.51236373571159,9427,1.7135,0,0
0.51236328093174,9428,1.714,0,0
0.51236282632827,9429,1.7145,0,0
0.51236237190119,9430,1.715,0,0
0.5123619176505,9431,1.7155,0,0
0.5123614635762,9432,1.716,0,0
0.51236100967829,9433,1.7165,0,0
0.51236055595677,9434,1.717,0,0
0.51236010241163,9435,1.7175,0,0
0.51235964904289,9436,1.718,0,0
0.51235919585054,9437,1.7185,0,0
0.51235874283458,9438,1.719,0,0
0.51235828999501,9439,1.7195,0,0
0.51235783733183,9440,1.72,0,0
0.51235738484505,9441,1.7205,0,0
0.51235693253466,9442,1.721,0,0
0.51235648040066,9443,1.7215,0,0
0.51235602844306,9444,1.722,0,0
0.51235557666185,9445,1.7225,0,0
0.51235512505704,9446,1.723,0,0
0.51235467362862,9447,1.7235,0,0
0.5123542223766,9448,1.724,0,0
0.51235377130097,9449,1.7245,0,0
0.51235332040174,9450,1.725,0,0
0.51235286967891,9451,1.7255,0,0
0.51235241913248,9452,1.726,0,0
0.51235196876244,9453,1.7265,0,0
0.5123515185688,9454,1.727,0,0
0.51235106855156,9455,1.7275,0,0
0.51235061871073,9456,1.728,0,0
0.51235016904629,9457,1.7285,0,0
0.51234971955825,9458,1.729,0,0
0.51234927024661,9459,1.7295,0,0
0.51234882111138,9460,1.73,0,0
0.51234837215254,9461,1.7305,0,0
0.51234792337011,9462,1.731,0,0
0.51234747476408,9463,1.7315,0,0
0.51234702633446,9464,1.732,0,0
0.51234657808123,9465,1.7325,0,0
0.51234613000442,9466,1.733,0,0
0.512345682104,9467,1.7335,0,0
0.51234523437999,9468,1.734,0,0
0.51234478683239,9469,1.7345,0,0
0.5123443394612,9470,1.735,0,0
0.51234389226641,9471,1.7355,0,0
0.51234344524802,9472,1.736,0,0
0.51234299840605,9473,1.7365,0,0
0.51234255174048,9474,1.737,0,0
0.51234210525132,9475,1.7375,0,0
0.51234165893857,9476,1.738,0,0
0.51234121280222,9477,1.7385,0,0
0.51234076684229,9478,1.739,0,0
0.51234032105877,9479,1.7395,0,0
0.51233987545166,9480,1.74,0,0
0.51233943002096,9481,1.7405,0,0
0.51233898476667,9482,1.741,0,0
0.51233853968879,9483,1.7415,0,0
0.51233809478732,9484,1.742,0,0
0.51233765006227,9485,1.7425,0,0
0.51233720551363,9486,1.743,0,0
0.51233676114141,9487,1.7435,0,0
0.5123363169456,9488,1.744,0,0
0.5123358729262,9489,1.7445,0,0
0.51233542908322,9490,1.745,0,0
0.51233498541665,9491,1.7455,0,0
0.5123345419265,9492,1.746,0,0
0.51233409861277,9493,1.7465,0,0
0.51233365547545,9494,1.747,0,0
0.51233321251455,9495,1.7475,0,0
0.51233276973007,9496,1.748,0,0
0.51233232712201,9497,1.7485,0,0
0.51233188469036,9498,1.749,0,0
0.51233144243514,9499,1.7495,0,0
0.51233100035633,9500,1.75,0,0
0.51233055845394,9501,1.7505,0,0
0.51233011672798,9502,1.751,0,0
0.51232967517843,9503,1.7515,0,0
0.51232923380531,9504,1.752,0,0
0.51232879260861,9505,1.7525,0,0
0.51232835158833,9506,1.753,0,0
0.51232791074447,9507,1.7535,0,0
0.51232747007704,9508,1.754,0,0
0.51232702958603,9509,1.7545,0,0
0.51232658927144,9510,1.755,0,0
0.51232614913328,9511,1.7555,0,0
0.51232570917155,9512,1.756,0,0
0.51232526938624,9513,1.7565,0,0
0.51232482977735,9514,1.757,0,0
0.51232439034489,9515,1.7575,0,0
0.51232395108886,9516,1.758,0,0
0.51232351200926,9517,1.7585,0,0
0.51232307310608,9518,1.759,0,0
0.51232263437933,9519,1.7595,0,0
0.51232219582901,9520,1.76,0,0
0.51232175745512,9521,1.7605,0,0
0.51232131925766,9522,1.761,0,0
0.51232088123663,9523,1.7615,0,0
0.51232044339203,9524,1.762,0,0
0.51232000572386,9525,1.7625,0,0
0.51231956823212,9526,1.763,0,0
0.51231913091681,9527,1.7635,0,0
0.51231869377794,9528,1.764,0,0
0.51231825681549,9529,1.7645,0,0
0.51231782002948,9530,1.765,0,0
0.51231738341991,9531,1.7655,0,0
0.51231694698677,9532,1.766,0,0
0.51231651073006,9533,1.7665,0,0
0.51231607464979,9534,1.767,0,0
0.51231563874595,9535,1.7675,0,0
0.51231520301855,9536,1.768,0,0
0.51231476746758,9537,1.7685,0,0
0.51231433209305,9538,1.769,0,0
0.51231389689496,9539,1.7695,0,0
0.5123134618733,9540,1.77,0,0
0.51231302702809,9541,1.7705,0,0
0.51231259235931,9542,1.771,0,0
0.51231215786697,9543,1.7715,0,0
0.51231172355107,9544,1.772,0,0
0.51231128941161,9545,1.7725,0,0
0.51231085544859,9546,1.773,0,0
0.51231042166201,9547,1.7735,0,0
0.51230998805187,9548,1.774,0,0
0.51230955461817,9549,1.7745,0,0
0.51230912136092,9550,1.775,0,0
0.5123086882801,9551,1.7755,0,0
0.51230825537573,9552,1.776,0,0
0.51230782264781,9553,1.7765,0,0
0.51230739009632,9554,1.777,0,0
0.51230695772128,9555,1.7775,0,0
0.51230652552269,9556,1.778,0,0
0.51230609350054,9557,1.7785,0,0
0.51230566165483,9558,1.779,0,0
0.51230522998558,9559,1.7795,0,0
0.51230479849276,9560,1.78,0,0
0.5123043671764,9561,1.7805,0,0
0.51230393603648,9562,1.781,0,0
0.51230350507301,9563,1.7815,0,0
0.51230307428599,9564,1.782,0,0
0.51230264367541,9565,1.7825,0,0
0.51230221324129,9566,1.783,0,0
0.51230178298361,9567,1.7835,0,0
0.51230135290239,9568,1.784,0,0
0.51230092299761,9569,1.7845,0,0
0.51230049326929,9570,1.785,0,0
0.51230006371742,9571,1.7855,0,0
0.51229963434199,9572,1.786,0,0
0.51229920514302,9573,1.7865,0,0
0.51229877612051,9574,1.787,0,0
0.51229834727444,9575,1.7875,0,0
0.51229791860483,9576,1.788,0,0
0.51229749011167,9577,1.7885,0,0
0.51229706179497,9578,1.789,0,0
0.51229663365472,9579,1.7895,0,0
0.51229620569093,9580,1.79,0,0
0.51229577790359,9581,1.7905,0,0
0.51229535029271,9582,1.791,0,0
0.51229492285829,9583,1.7915,0,0
0.51229449560032,9584,1.792,0,0
0.51229406851881,9585,1.7925,0,0
0.51229364161375,9586,1.793,0,0
0.51229321488516,9587,1.7935,0,0
0.51229278833302,9588,1.794,0,0
0.51229236195734,9589,1.7945,0,0
0.51229193575813,9590,1.795,0,0
0.51229150973537,9591,1.7955,0,0
0.51229108388907,9592,1.796,0,0
0.51229065821923,9593,1.7965,0,0
0.51229023272586,9594,1.797,0,0
0.51228980740894,9595,1.7975,0,0
0.51228938226849,9596,1.798,0,0
0.5122889573045,9597,1.7985,0,0
0.51228853251697,9598,1.799,0,0
0.51228810790591,9599,1.7995,0,0
0.51228768347131,9600,1.8,0,0
0.51228725921317,9601,1.8005,0,0
0.5122868351315,9602,1.801,0,0
0.5122864112263,9603,1.8015,0,0
0.51228598749756,9604,1.802,0,0
0.51228556394528,9605,1.8025,0,0
0.51228514056948,9606,1.803,0,0
0.51228471737014,9607,1.8035,0,0
0.51228429434726,9608,1.804,0,0
0.51228387150086,9609,1.8045,0,0
0.51228344883092,9610,1.805,0,0
0.51228302633745,9611,1.8055,0,0
0.51228260402045,9612,1.806,0,0
0.51228218187992,9613,1.8065,0,0
0.51228175991586,9614,1.807,0,0
0.51228133812827,9615,1.8075,0,0
0.51228091651715,9616,1.808,0,0
0.5122804950825,9617,1.8085,0,0
0.51228007382432,9618,1.809,0,0
0.51227965274261,9619,1.8095,0,0
0.51227923183738,9620,1.81,0,0
0.51227881110862,9621,1.8105,0,0
0.51227839055633,9622,1.811,0,0
0.51227797018052,9623,1.8115,0,0
0.51227754998118,9624,1.812,0,0
0.51227712995832,9625,1.8125,0,0
0.51227671011193,9626,1.813,0,0
0.51227629044201,9627,1.8135,0,0
0.51227587094858,9628,1.814,0,0
0.51227545163161,9629,1.8145,0,0
0.51227503249113,9630,1.815,0,0
0.51227461352712,9631,1.8155,0,0
0.51227419473959,9632,1.816,0,0
0.51227377612854,9633,1.8165,0,0
0.51227335769396,9634,1.817,0,0
0.51227293943587,9635,1.8175,0,0
0.51227252135425,9636,1.818,0,0
0.51227210344912,9637,1.8185,0,0
0.51227168572046,9638,1.819,0,0
0.51227126816829,9639,1.8195,0,0
0.51227085079259,9640,1.82,0,0
0.51227043359338,9641,1.8205,0,0
0.51227001657065,9642,1.821,0,0
0.5122695997244,9643,1.8215,0,0
0.51226918305463,9644,1.822,0,0
0.51226876656135,9645,1.8225,0,0
0.51226835024455,9646,1.823,0,0
0.51226793410423,9647,1.8235,0,0
0.5122675181404,9648,1.824,0,0
0.51226710235306,9649,1.8245,0,0
0.5122666867422,9650,1.825,0,0
0.51226627130782,9651,1.8255,0,0
0.51226585604993,9652,1.826,0,0
0.51226544096853,9653,1.8265,0,0
0.51226502606361,9654,1.827,0,0
0.51226461133518,9655,1.8275,0,0
0.51226419678324,9656,1.828,0,0
0.51226378240779,9657,1.8285,0,0
0.51226336820883,9658,1.829,0,0
0.51226295418635,9659,1.8295,0,0
0.51226254034037,9660,1.83,0,0
0.51226212667087,9661,1.8305,0,0
0.51226171317786,9662,1.831,0,0
0.51226129986135,9663,1.8315,0,0
0.51226088672133,9664,1.832,0,0
0.51226047375779,9665,1.8325,0,0
0.51226006097075,9666,1.833,0,0
0.51225964836021,9667,1.8335,0,0
0.51225923592615,9668,1.834,0,0
0.51225882366859,9669,1.8345,0,0
0.51225841158752,9670,1.835,0,0
0.51225799968295,9671,1.8355,0,0
0.51225758795487,9672,1.836,0,0
0.51225717640329,9673,1.8365,0,0
0.5122567650282,9674,1.837,0,0
0.51225635382961,9675,1.8375,0,0
0.51225594280751,9676,1.838,0,0
0.51225553196191,9677,1.8385,0,0
0.51225512129281,9678,1.839,0,0
0.5122547108002,9679,1.8395,0,0
0.51225430048409,9680,1.84,0,0
0.51225389034448,9681,1.8405,0,0
0.51225348038137,9682,1.841,0,0
0.51225307059476,9683,1.8415,0,0
0.51225266098465,9684,1.842,0,0
0.51225225155104,9685,1.8425,0,0
0.51225184229392,9686,1.843,0,0
0.51225143321331,9687,1.8435,0,0
0.5122510243092,9688,1.844,0,0
0.5122506155816,9689,1.8445,0,0
0.51225020703049,9690,1.845,0,0
0.51224979865589,9691,1.8455,0,0
0.51224939045779,9692,1.846,0,0
0.51224898243619,9693,1.8465,0,0
0.5122485745911,9694,1.847,0,0
0.51224816692251,9695,1.8475,0,0
0.51224775943042,9696,1.848,0,0
0.51224735211484,9697,1.8485,0,0
0.51224694497577,9698,1.849,0,0
0.5122465380132,9699,1.8495,0,0
0.51224613122714,9700,1.85,0,0
0.51224572461758,9701,1.8505,0,0
0.51224531818453,9702,1.851,0,0
0.51224491192799,9703,1.8515,0,0
0.51224450584796,9704,1.852,0,0
0.51224409994443,9705,1.8525,0,0
0.51224369421742,9706,1.853,0,0
0.51224328866691,9707,1.8535,0,0
0.51224288329291,9708,1.854,0,0
0.51224247809542,9709,1.8545,0,0
0.51224207307445,9710,1.855,0,0
0.51224166822998,9711,1.8555,0,0
0.51224126356202,9712,1.856,0,0
0.51224085907058,9713,1.8565,0,0
0.51224045475565,9714,1.857,0,0
0.51224005061723,9715,1.8575,0,0
0.51223964665532,9716,1.858,0,0
0.51223924286993,9717,1.8585,0,0
0.51223883926105,9718,1.859,0,0
0.51223843582868,9719,1.8595,0,0
0.51223803257283,9720,1.86,0,0
0.5122376294935,9721,1.8605,0,0
0.51223722659068,9722,1.861,0,0
0.51223682386437,9723,1.8615,0,0
0.51223642131458,9724,1.862,0,0
0.51223601894131,9725,1.8625,0,0
0.51223561674455,9726,1.863,0,0
0.51223521472432,9727,1.8635,0,0
0.5122348128806,9728,1.864,0,0
0.51223441121339,9729,1.8645,0,0
0.51223400972271,9730,1.865,0,0
0.51223360840855,9731,1.8655,0,0
0.5122332072709,9732,1.866,0,0
0.51223280630977,9733,1.8665,0,0
0.51223240552517,9734,1.867,0,0
0.51223200491708,9735,1.8675,0,0
0.51223160448552,9736,1.868,0,0
0.51223120423048,9737,1.8685,0,0
0.51223080415196,9738,1.869,0,0
0.51223040424996,9739,1.8695,0,0
0.51223000452449,9740,1.87,0,0
0.51222960497553,9741,1.8705,0,0
0.51222920560311,9742,1.871,0,0
0.5122288064072,9743,1.8715,0,0
0.51222840738782,9744,1.872,0,0
0.51222800854497,9745,1.8725,0,0
0.51222760987864,9746,1.873,0,0
0.51222721138883,9747,1.8735,0,0
0.51222681307555,9748,1.874,0,0
0.5122264149388,9749,1.8745,0,0
0.51222601697857,9750,1.875,0,0
0.51222561919487,9751,1.8755,0,0
0.5122252215877,9752,1.876,0,0
0.51222482415706,9753,1.8765,0,0
0.51222442690295,9754,1.877,0,0
0.51222402982536,9755,1.8775,0,0
0.5122236329243,9756,1.878,0,0
0.51222323619978,9757,1.8785,0,0
0.51222283965178,9758,1.879,0,0
0.51222244328031,9759,1.8795,0,0
0.51222204708538,9760,1.88,0,0
0.51222165106697,9761,1.8805,0,0
0.5122212552251,9762,1.881,0,0
0.51222085955976,9763,1.8815,0,0
0.51222046407095,9764,1.882,0,0
0.51222006875867,9765,1.8825,0,0
0.51221967362293,9766,1.883,0,0
0.51221927866372,9767,1.8835,0,0
0.51221888388105,9768,1.884,0,0
0.51221848927491,9769,1.8845,0,0
0.5122180948453,9770,1.885,0,0
0.51221770059223,9771,1.8855,0,0
0.5122173065157,9772,1.886,0,0
0.5122169126157,9773,1.8865,0,0
0.51221651889223,9774,1.887,0,0
0.51221612534531,9775,1.8875,0,0
0.51221573197492,9776,1.888,0,0
0.51221533878107,9777,1.8885,0,0
0.51221494576376,9778,1.889,0,0
0.51221455292298,9779,1.8895,0,0
0.51221416025875,9780,1.89,0,0
0.51221376777105,9781,1.8905,0,0
0.5122133754599,9782,1.891,0,0
0.51221298332528,9783,1.8915,0,0
0.51221259136721,9784,1.892,0,0
0.51221219958567,9785,1.8925,0,0
0.51221180798068,9786,1.893,0,0
0.51221141655223,9787,1.8935,0,0
0.51221102530032,9788,1.894,0,0
0.51221063422495,9789,1.8945,0,0
0.51221024332612,9790,1.895,0,0
0.51220985260384,9791,1.8955,0,0
0.51220946205811,9792,1.896,0,0
0.51220907168891,9793,1.8965,0,0
0.51220868149626,9794,1.897,0,0
0.51220829148016,9795,1.8975,0,0
0.5122079016406,9796,1.898,0,0
0.51220751197759,9797,1.8985,0,0
0.51220712249112,9798,1.899,0,0
0.5122067331812,9799,1.8995,0,0
0.51220634404783,9800,1.9,0,0
0.512205955091,9801,1.9005,0,0
0.51220556631072,9802,1.901,0,0
0.51220517770699,9803,1.9015,0,0
0.51220478927981,9804,1.902,0,0
0.51220440102917,9805,1.9025,0,0
0.51220401295509,9806,1.903,0,0
0.51220362505755,9807,1.9035,0,0
0.51220323733657,9808,1.904,0,0
0.51220284979213,9809,1.9045,0,0
0.51220246242425,9810,1.905,0,0
0.51220207523292,9811,1.9055,0,0
0.51220168821814,9812,1.906,0,0
0.51220130137991,9813,1.9065,0,0
0.51220091471823,9814,1.907,0,0
0.51220052823311,9815,1.9075,0,0
0.51220014192454,9816,1.908,0,0
0.51219975579252,9817,1.9085,0,0
0.51219936983706,9818,1.909,0,0
0.51219898405815,9819,1.9095,0,0
0.5121985984558,9820,1.91,0,0
0.51219821303,9821,1.9105,0,0
0.51219782778075,9822,1.911,0,0
0.51219744270807,9823,1.9115,0,0
0.51219705781194,9824,1.912,0,0
0.51219667309236,9825,1.9125,0,0
0.51219628854935,9826,1.913,0,0
0.51219590418289,9827,1.9135,0,0
0.51219551999298,9828,1.914,0,0
0.51219513597964,9829,1.9145,0,0
0.51219475214286,9830,1.915,0,0
0.51219436848263,9831,1.9155,0,0
0.51219398499897,9832,1.916,0,0
0.51219360169186,9833,1.9165,0,0
0.51219321856131,9834,1.917,0,0
0.51219283560733,9835,1.9175,0,0
0.5121924528299,9836,1.918,0,0
0.51219207022904,9837,1.9185,0,0
0.51219168780474,9838,1.919,0,0
0.512191305557,9839,1.9195,0,0
0.51219092348582,9840,1.92,0,0
0.51219054159121,9841,1.9205,0,0
0.51219015987316,9842,1.921,0,0
0.51218977833167,9843,1.9215,0,0
0.51218939696675,9844,1.922,0,0
0.5121890157784,9845,1.9225,0,0
0.5121886347666,9846,1.923,0,0
0.51218825393138,9847,1.9235,0,0
0.51218787327271,9848,1.924,0,0
0.51218749279062,9849,1.9245,0,0
0.51218711248509,9850,1.925,0,0
0.51218673235613,9851,1.9255,0,0
0.51218635240373,9852,1.926,0,0
0.51218597262791,9853,1.9265,0,0
0.51218559302865,9854,1.927,0,0
0.51218521360596,9855,1.9275,0,0
0.51218483435983,9856,1.928,0,0
0.51218445529028,9857,1.9285,0,0
0.5121840763973,9858,1.929,0,0
0.51218369768088,9859,1.9295,0,0
0.51218331914104,9860,1.93,0,0
0.51218294077777,9861,1.9305,0,0
0.51218256259107,9862,1.931,0,0
0.51218218458094,9863,1.9315,0,0
0.51218180674738,9864,1.932,0,0
0.5121814290904,9865,1.9325,0,0
0.51218105160998,9866,1.933,0,0
0.51218067430614,9867,1.9335,0,0
0.51218029717888,9868,1.934,0,0
0.51217992022819,9869,1.9345,0,0
0.51217954345407,9870,1.935,0,0
0.51217916685652,9871,1.9355,0,0
0.51217879043556,9872,1.936,0,0
0.51217841419116,9873,1.9365,0,0
0.51217803812335,9874,1.937,0,0
0.5121776622321,9875,1.9375,0,0
0.51217728651744,9876,1.938,0,0
0.51217691097935,9877,1.9385,0,0
0.51217653561784,9878,1.939,0,0
0.51217616043291,9879,1.9395,0,0
0.51217578542455,9880,1.94,0,0
0.51217541059278,9881,1.9405,0,0
0.51217503593758,9882,1.941,0,0
0.51217466145896,9883,1.9415,0,0
0.51217428715692,9884,1.942,0,0
0.51217391303146,9885,1.9425,0,0
0.51217353908259,9886,1.943,0,0
0.51217316531029,9887,1.9435,0,0
0.51217279171457,9888,1.944,0,0
0.51217241829544,9889,1.9445,0,0
0.51217204505288,9890,1.945,0,0
0.51217167198691,9891,1.9455,0,0
0.51217129909752,9892,1.946,0,0
0.51217092638472,9893,1.9465,0,0
0.5121705538485,9894,1.947,0,0
0.51217018148886,9895,1.9475,0,0
0.5121698093058,9896,1.948,0,0
0.51216943729933,9897,1.9485,0,0
0.51216906546945,9898,1.949,0,0
0.51216869381615,9899,1.9495,0,0
0.51216832233944,9900,1.95,0,0
0.51216795103931,9901,1.9505,0,0
0.51216757991577,9902,1.951,0,0
0.51216720896881,9903,1.9515,0,0
0.51216683819845,9904,1.952,0,0
0.51216646760467,9905,1.9525,0,0
0.51216609718747,9906,1.953,0,0
0.51216572694687,9907,1.9535,0,0
0.51216535688286,9908,1.954,0,0
0.51216498699543,9909,1.9545,0,0
0.5121646172846,9910,1.955,0,0
0.51216424775035,9911,1.9555,0,0
0.51216387839269,9912,1.956,0,0
0.51216350921163,9913,1.9565,0,0
0.51216314020715,9914,1.957,0,0
0.51216277137927,9915,1.9575,0,0
0.51216240272798,9916,1.958,0,0
0.51216203425328,9917,1.9585,0,0
0.51216166595517,9918,1.959,0,0
0.51216129783366,9919,1.9595,0,0
0.51216092988874,9920,1.96,0,0
0.51216056212041,9921,1.9605,0,0
0.51216019452868,9922,1.961,0,0
0.51215982711354,9923,1.9615,0,0
0.51215945987499,9924,1.962,0,0
0.51215909281304,9925,1.9625,0,0
0.51215872592769,9926,1.963,0,0
0.51215835921893,9927,1.9635,0,0
0.51215799268677,9928,1.964,0,0
0.51215762633121,9929,1.9645,0,0
0.51215726015224,9930,1.965,0,0
0.51215689414987,9931,1.9655,0,0
0.51215652832409,9932,1.966,0,0
0.51215616267492,9933,1.9665,0,0
0.51215579720234,9934,1.967,0,0
0.51215543190637,9935,1.9675,0,0
0.51215506678699,9936,1.968,0,0
0.51215470184421,9937,1.9685,0,0
0.51215433707803,9938,1.969,0,0
0.51215397248845,9939,1.9695,0,0
0.51215360807547,9940,1.97,0,0
0.5121532438391,9941,1.9705,0,0
0.51215287977932,9942,1.971,0,0
0.51215251589615,9943,1.9715,0,0
0.51215215218958,9944,1.972,0,0
0.51215178865961,9945,1.9725,0,0
0.51215142530624,9946,1.973,0,0
0.51215106212948,9947,1.9735,0,0
0.51215069912932,9948,1.974,0,0
0.51215033630577,9949,1.9745,0,0
0.51214997365882,9950,1.975,0,0
0.51214961118847,9951,1.9755,0,0
0.51214924889473,9952,1.976,0,0
0.5121488867776,9953,1.9765,0,0
0.51214852483707,9954,1.977,0,0
0.51214816307314,9955,1.9775,0,0
0.51214780148583,9956,1.978,0,0
0.51214744007512,9957,1.9785,0,0
0.51214707884102,9958,1.979,0,0
0.51214671778352,9959,1.9795,0,0
0.51214635690264,9960,1.98,0,0
0.51214599619836,9961,1.9805,0,0
0.51214563567069,9962,1.981,0,0
0.51214527531963,9963,1.9815,0,0
0.51214491514518,9964,1.982,0,0
0.51214455514734,9965,1.9825,0,0
0.51214419532611,9966,1.983,0,0
0.51214383568149,9967,1.9835,0,0
0.51214347621348,9968,1.984,0,0
0.51214311692209,9969,1.9845,0,0
0.5121427578073,9970,1.985,0,0
0.51214239886913,9971,1.9855,0,0
0.51214204010757,9972,1.986,0,0
0.51214168152262,9973,1.9865,0,0
0.51214132311429,9974,1.987,0,0
0.51214096488257,9975,1.9875,0,0
0.51214060682746,9976,1.988,0,0
0.51214024894897,9977,1.9885,0,0
0.51213989124709,9978,1.989,0,0
0.51213953372183,9979,1.9895,0,0
0.51213917637319,9980,1.99,0,0
0.51213881920115,9981,1.9905,0,0
0.51213846220574,9982,1.991,0,0
0.51213810538694,9983,1.9915,0,0
0.51213774874476,9984,1.992,0,0
0.5121373922792,9985,1.9925,0,0
0.51213703599025,9986,1.993,0,0
0.51213667987792,9987,1.9935,0,0
0.51213632394221,9988,1.994,0,0
0.51213596818312,9989,1.9945,0,0
0.51213561260065,9990,1.995,0,0
0.5121352571948,9991,1.9955,0,0
0.51213490196556,9992,1.996,0,0
0.51213454691295,9993,1.9965,0,0
0.51213419203696,9994,1.997,0,0
0.51213383733759,9995,1.9975,0,0
0.51213348281483,9996,1.998,0,0
0.51213312846871,9997,1.9985,0,0
0.5121327742992,9998,1.999,0,0
0.51213242030632,9999,1.9995,0,0
0.51213206649005,10000,2,0,0
0.51213171285042,10001,2.0005,0,0
0.5121313593874,10002,2.001,0,0
0.51213100610101,10003,2.0015,0,0
0.51213065299124,10004,2.002,0,0
0.5121303000581,10005,2.0025,0,0
0.51212994730158,10006,2.003,0,0
0.51212959472169,10007,2.0035,0,0
0.51212924231842,10008,2.004,0,0
0.51212889009178,10009,2.0045,0,0
0.51212853804177,10010,2.005,0,0
0.51212818616838,10011,2.0055,0,0
0.51212783447162,10012,2.006,0,0
0.51212748295148,10013,2.0065,0,0
0.51212713160798,10014,2.007,0,0
0.5121267804411,10015,2.0075,0,0
0.51212642945085,10016,2.008,0,0
0.51212607863723,10017,2.0085,0,0
0.51212572800024,10018,2.009,0,0
0.51212537753988,10019,2.0095,0,0
0.51212502725614,10020,2.01,0,0
0.51212467714904,10021,2.0105,0,0
0.51212432721857,10022,2.011,0,0
0.51212397746473,10023,2.0115,0,0
0.51212362788752,10024,2.012,0,0
0.51212327848694,10025,2.0125,0,0
0.512122929263,10026,2.013,0,0
0.51212258021569,10027,2.0135,0,0
0.51212223134501,10028,2.014,0,0
0.51212188265096,10029,2.0145,0,0
0.51212153413355,10030,2.015,0,0
0.51212118579277,10031,2.0155,0,0
0.51212083762862,10032,2.016,0,0
0.51212048964111,10033,2.0165,0,0
0.51212014183023,10034,2.017,0,0
0.51211979419599,10035,2.0175,0,0
0.51211944673839,10036,2.018,0,0
0.51211909945742,10037,2.0185,0,0
0.51211875235309,10038,2.019,0,0
0.51211840542539,10039,2.0195,0,0
0.51211805867433,10040,2.02,0,0
0.51211771209991,10041,2.0205,0,0
0.51211736570212,10042,2.021,0,0
0.51211701948098,10043,2.0215,0,0
0.51211667343647,10044,2.022,0,0
0.5121163275686,10045,2.0225,0,0
0.51211598187737,10046,2.023,0,0
0.51211563636278,10047,2.0235,0,0
0.51211529102483,10048,2.024,0,0
0.51211494586352,10049,2.0245,0,0
0.51211460087885,10050,2.025,0,0
0.51211425607082,10051,2.0255,0,0
0.51211391143943,10052,2.026,0,0
0.51211356698469,10053,2.0265,0,0
0.51211322270658,10054,2.027,0,0
0.51211287860512,10055,2.0275,0,0
0.5121125346803,10056,2.028,0,0
0.51211219093213,10057,2.0285,0,0
0.51211184736059,10058,2.029,0,0
0.5121115039657,10059,2.0295,0,0
0.51211116074746,10060,2.03,0,0
0.51211081770586,10061,2.0305,0,0
0.5121104748409,10062,2.031,0,0
0.51211013215259,10063,2.0315,0,0
0.51210978964093,10064,2.032,0,0
0.51210944730591,10065,2.0325,0,0
0.51210910514753,10066,2.033,0,0
0.51210876316581,10067,2.0335,0,0
0.51210842136073,10068,2.034,0,0
0.51210807973229,10069,2.0345,0,0
0.51210773828051,10070,2.035,0,0
0.51210739700537,10071,2.0355,0,0
0.51210705590688,10072,2.036,0,0
0.51210671498504,10073,2.0365,0,0
0.51210637423985,10074,2.037,0,0
0.51210603367131,10075,2.0375,0,0
0.51210569327942,10076,2.038,0,0
0.51210535306417,10077,2.0385,0,0
0.51210501302558,10078,2.039,0,0
0.51210467316364,10079,2.0395,0,0
0.51210433347835,10080,2.04,0,0
0.51210399396971,10081,2.0405,0,0
0.51210365463772,10082,2.041,0,0
0.51210331548239,10083,2.0415,0,0
0.5121029765037,10084,2.042,0,0
0.51210263770167,10085,2.0425,0,0
0.5121022990763,10086,2.043,0,0
0.51210196062757,10087,2.0435,0,0
0.5121016223555,10088,2.044,0,0
0.51210128426009,10089,2.0445,0,0
0.51210094634132,10090,2.045,0,0
0.51210060859922,10091,2.0455,0,0
0.51210027103377,10092,2.046,0,0
0.51209993364497,10093,2.0465,0,0
0.51209959643283,10094,2.047,0,0
0.51209925939735,10095,2.0475,0,0
0.51209892253852,10096,2.048,0,0
0.51209858585635,10097,2.0485,0,0
0.51209824935084,10098,2.049,0,0
0.51209791302198,10099,2.0495,0,0
0.51209757686978,10100,2.05,0,0
0.51209724089424,10101,2.0505,0,0
0.51209690509536,10102,2.051,0,0
0.51209656947314,10103,2.0515,0,0
0.51209623402758,10104,2.052,0,0
0.51209589875868,10105,2.0525,0,0
0.51209556366643,10106,2.053,0,0
0.51209522875085,10107,2.0535,0,0
0.51209489401193,10108,2.054,0,0
0.51209455944967,10109,2.0545,0,0
0.51209422506407,10110,2.055,0,0
0.51209389085513,10111,2.0555,0,0
0.51209355682286,10112,2.056,0,0
0.51209322296724,10113,2.0565,0,0
0.51209288928829,10114,2.057,0,0
0.51209255578601,10115,2.0575,0,0
0.51209222246038,10116,2.058,0,0
0.51209188931142,10117,2.0585,0,0
0.51209155633912,10118,2.059,0,0
0.51209122354349,10119,2.0595,0,0
0.51209089092453,10120,2.06,0,0
0.51209055848222,10121,2.0605,0,0
0.51209022621659,10122,2.061,0,0
0.51208989412762,10123,2.0615,0,0
0.51208956221531,10124,2.062,0,0
0.51208923047967,10125,2.0625,0,0
0.5120888989207,10126,2.063,0,0
0.5120885675384,10127,2.0635,0,0
0.51208823633276,10128,2.064,0,0
0.51208790530379,10129,2.0645,0,0
0.51208757445149,10130,2.065,0,0
0.51208724377586,10131,2.0655,0,0
0.5120869132769,10132,2.066,0,0
0.5120865829546,10133,2.0665,0,0
0.51208625280898,10134,2.067,0,0
0.51208592284002,10135,2.0675,0,0
0.51208559304774,10136,2.068,0,0
0.51208526343212,10137,2.0685,0,0
0.51208493399318,10138,2.069,0,0
0.51208460473091,10139,2.0695,0,0
0.51208427564531,10140,2.07,0,0
0.51208394673638,10141,2.0705,0,0
0.51208361800412,10142,2.071,0,0
0.51208328944854,10143,2.0715,0,0
0.51208296106962,10144,2.072,0,0
0.51208263286739,10145,2.0725,0,0
0.51208230484182,10146,2.073,0,0
0.51208197699293,10147,2.0735,0,0
0.51208164932071,10148,2.074,0,0
0.51208132182517,10149,2.0745,0,0
0.5120809945063,10150,2.075,0,0
0.51208066736411,10151,2.0755,0,0
0.5120803403986,10152,2.076,0,0
0.51208001360976,10153,2.0765,0,0
0.51207968699759,10154,2.077,0,0
0.5120793605621,10155,2.0775,0,0
0.51207903430329,10156,2.078,0,0
0.51207870822116,10157,2.0785,0,0
0.5120783823157,10158,2.079,0,0
0.51207805658692,10159,2.0795,0,0
0.51207773103482,10160,2.08,0,0
0.5120774056594,10161,2.0805,0,0
0.51207708046066,10162,2.081,0,0
0.5120767554386,10163,2.0815,0,0
0.51207643059321,10164,2.082,0,0
0.51207610592451,10165,2.0825,0,0
0.51207578143248,10166,2.083,0,0
0.51207545711714,10167,2.0835,0,0
0.51207513297848,10168,2.084,0,0
0.5120748090165,10169,2.0845,0,0
0.5120744852312,10170,2.085,0,0
0.51207416162258,10171,2.0855,0,0
0.51207383819064,10172,2.086,0,0
0.51207351493539,10173,2.0865,0,0
0.51207319185682,10174,2.087,0,0
0.51207286895493,10175,2.0875,0,0
0.51207254622973,10176,2.088,0,0
0.51207222368121,10177,2.0885,0,0
0.51207190130937,10178,2.089,0,0
0.51207157911422,10179,2.0895,0,0
0.51207125709575,10180,2.09,0,0
0.51207093525397,10181,2.0905,0,0
0.51207061358888,10182,2.091,0,0
0.51207029210047,10183,2.0915,0,0
0.51206997078874,10184,2.092,0,0
0.51206964965371,10185,2.0925,0,0
0.51206932869535,10186,2.093,0,0
0.51206900791369,10187,2.0935,0,0
0.51206868730871,10188,2.094,0,0
0.51206836688043,10189,2.0945,0,0
0.51206804662883,10190,2.095,0,0
0.51206772655391,10191,2.0955,0,0
0.51206740665569,10192,2.096,0,0
0.51206708693416,10193,2.0965,0,0
0.51206676738931,10194,2.097,0,0
0.51206644802116,10195,2.0975,0,0
0.51206612882969,10196,2.098,0,0
0.51206580981492,10197,2.0985,0,0
0.51206549097683,10198,2.099,0,0
0.51206517231544,10199,2.0995,0,0
0.51206485383074,10200,2.1,0,0
0.51206453552273,10201,2.1005,0,0
0.51206421739141,10202,2.101,0,0
0.51206389943679,10203,2.1015,0,0
0.51206358165886,10204,2.102,0,0
0.51206326405762,10205,2.1025,0,0
0.51206294663307,10206,2.103,0,0
0.51206262938522,10207,2.1035,0,0
0.51206231231406,10208,2.104,0,0
0.51206199541959,10209,2.1045,0,0
0.51206167870182,10210,2.105,0,0
0.51206136216075,10211,2.1055,0,0
0.51206104579637,10212,2.106,0,0
0.51206072960868,10213,2.1065,0,0
0.5120604135977,10214,2.107,0,0
0.5120600977634,10215,2.1075,0,0
0.51205978210581,10216,2.108,0,0
0.51205946662491,10217,2.1085,0,0
0.51205915132071,10218,2.109,0,0
0.5120588361932,10219,2.1095,0,0
0.5120585212424,10220,2.11,0,0
0.51205820646829,10221,2.1105,0,0
0.51205789187088,10222,2.111,0,0
0.51205757745017,10223,2.1115,0,0
0.51205726320616,10224,2.112,0,0
0.51205694913885,10225,2.1125,0,0
0.51205663524823,10226,2.113,0,0
0.51205632153432,10227,2.1135,0,0
0.51205600799711,10228,2.114,0,0
0.5120556946366,10229,2.1145,0,0
0.51205538145279,10230,2.115,0,0
0.51205506844568,10231,2.1155,0,0
0.51205475561527,10232,2.116,0,0
0.51205444296157,10233,2.1165,0,0
0.51205413048456,10234,2.117,0,0
0.51205381818426,10235,2.1175,0,0
0.51205350606067,10236,2.118,0,0
0.51205319411377,10237,2.1185,0,0
0.51205288234358,10238,2.119,0,0
0.5120525707501,10239,2.1195,0,0
0.51205225933331,10240,2.12,0,0
0.51205194809324,10241,2.1205,0,0
0.51205163702986,10242,2.121,0,0
0.5120513261432,10243,2.1215,0,0
0.51205101543323,10244,2.122,0,0
0.51205070489998,10245,2.1225,0,0
0.51205039454343,10246,2.123,0,0
0.51205008436358,10247,2.1235,0,0
0.51204977436045,10248,2.124,0,0
0.51204946453402,10249,2.1245,0,0
0.51204915488429,10250,2.125,0,0
0.51204884541128,10251,2.1255,0,0
0.51204853611497,10252,2.126,0,0
0.51204822699537,10253,2.1265,0,0
0.51204791805248,10254,2.127,0,0
0.5120476092863,10255,2.1275,0,0
0.51204730069683,10256,2.128,0,0
0.51204699228407,10257,2.1285,0,0
0.51204668404802,10258,2.129,0,0
0.51204637598868,10259,2.1295,0,0
0.51204606810605,10260,2.13,0,0
0.51204576040012,10261,2.1305,0,0
0.51204545287092,10262,2.131,0,0
0.51204514551842,10263,2.1315,0,0
0.51204483834263,10264,2.132,0,0
0.51204453134356,10265,2.1325,0,0
0.5120442245212,10266,2.133,0,0
0.51204391787555,10267,2.1335,0,0
0.51204361140661,10268,2.134,0,0
0.51204330511439,10269,2.1345,0,0
0.51204299899888,10270,2.135,0,0
0.51204269306009,10271,2.1355,0,0
0.51204238729801,10272,2.136,0,0
0.51204208171264,10273,2.1365,0,0
0.51204177630399,10274,2.137,0,0
0.51204147107206,10275,2.1375,0,0
0.51204116601684,10276,2.138,0,0
0.51204086113833,10277,2.1385,0,0
0.51204055643655,10278,2.139,0,0
0.51204025191147,10279,2.1395,0,0
0.51203994756312,10280,2.14,0,0
0.51203964339148,10281,2.1405,0,0
0.51203933939656,10282,2.141,0,0
0.51203903557836,10283,2.1415,0,0
0.51203873193688,10284,2.142,0,0
0.51203842847211,10285,2.1425,0,0
0.51203812518406,10286,2.143,0,0
0.51203782207274,10287,2.1435,0,0
0.51203751913813,10288,2.144,0,0
0.51203721638024,10289,2.1445,0,0
0.51203691379907,10290,2.145,0,0
0.51203661139462,10291,2.1455,0,0
0.51203630916689,10292,2.146,0,0
0.51203600711588,10293,2.1465,0,0
0.5120357052416,10294,2.147,0,0
0.51203540354403,10295,2.1475,0,0
0.51203510202319,10296,2.148,0,0
0.51203480067907,10297,2.1485,0,0
0.51203449951167,10298,2.149,0,0
0.51203419852099,10299,2.1495,0,0
0.51203389770704,10300,2.15,0,0
0.51203359706981,10301,2.1505,0,0
0.5120332966093,10302,2.151,0,0
0.51203299632552,10303,2.1515,0,0
0.51203269621846,10304,2.152,0,0
0.51203239628813,10305,2.1525,0,0
0.51203209653452,10306,2.153,0,0
0.51203179695764,10307,2.1535,0,0
0.51203149755748,10308,2.154,0,0
0.51203119833405,10309,2.1545,0,0
0.51203089928734,10310,2.155,0,0
0.51203060041736,10311,2.1555,0,0
0.51203030172411,10312,2.156,0,0
0.51203000320758,10313,2.1565,0,0
0.51202970486778,10314,2.157,0,0
0.51202940670471,10315,2.1575,0,0
0.51202910871837,10316,2.158,0,0
0.51202881090875,10317,2.1585,0,0
0.51202851327586,10318,2.159,0,0
0.5120282158197,10319,2.1595,0,0
0.51202791854028,10320,2.16,0,0
0.51202762143758,10321,2.1605,0,0
0.51202732451161,10322,2.161,0,0
0.51202702776237,10323,2.1615,0,0
0.51202673118986,10324,2.162,0,0
0.51202643479408,10325,2.1625,0,0
0.51202613857503,10326,2.163,0,0
0.51202584253271,10327,2.1635,0,0
0.51202554666713,10328,2.164,0,0
0.51202525097827,10329,2.1645,0,0
0.51202495546615,10330,2.165,0,0
0.51202466013076,10331,2.1655,0,0
0.5120243649721,10332,2.166,0,0
0.51202406999018,10333,2.1665,0,0
0.51202377518499,10334,2.167,0,0
0.51202348055654,10335,2.1675,0,0
0.51202318610481,10336,2.168,0,0
0.51202289182982,10337,2.1685,0,0
0.51202259773157,10338,2.169,0,0
0.51202230381005,10339,2.1695,0,0
0.51202201006527,10340,2.17,0,0
0.51202171649722,10341,2.1705,0,0
0.51202142310591,10342,2.171,0,0
0.51202112989133,10343,2.1715,0,0
0.51202083685349,10344,2.172,0,0
0.51202054399239,10345,2.1725,0,0
0.51202025130802,10346,2.173,0,0
0.51201995880039,10347,2.1735,0,0
0.5120196664695,10348,2.174,0,0
0.51201937431535,10349,2.1745,0,0
0.51201908233793,10350,2.175,0,0
0.51201879053725,10351,2.1755,0,0
0.51201849891331,10352,2.176,0,0
0.51201820746611,10353,2.1765,0,0
0.51201791619565,10354,2.177,0,0
0.51201762510193,10355,2.1775,0,0
0.51201733418495,10356,2.178,0,0
0.51201704344471,10357,2.1785,0,0
0.51201675288121,10358,2.179,0,0
0.51201646249445,10359,2.1795,0,0
0.51201617228443,10360,2.18,0,0
0.51201588225116,10361,2.1805,0,0
0.51201559239462,10362,2.181,0,0
0.51201530271483,10363,2.1815,0,0
0.51201501321178,10364,2.182,0,0
0.51201472388547,10365,2.1825,0,0
0.5120144347359,10366,2.183,0,0
0.51201414576308,10367,2.1835,0,0
0.512013856967,10368,2.184,0,0
0.51201356834767,10369,2.1845,0,0
0.51201327990508,10370,2.185,0,0
0.51201299163923,10371,2.1855,0,0
0.51201270355013,10372,2.186,0,0
0.51201241563777,10373,2.1865,0,0
0.51201212790216,10374,2.187,0,0
0.51201184034329,10375,2.1875,0,0
0.51201155296117,10376,2.188,0,0
0.5120112657558,10377,2.1885,0,0
0.51201097872717,10378,2.189,0,0
0.51201069187529,10379,2.1895,0,0
0.51201040520015,10380,2.19,0,0
0.51201011870177,10381,2.1905,0,0
0.51200983238013,10382,2.191,0,0
0.51200954623524,10383,2.1915,0,0
0.51200926026709,10384,2.192,0,0
0.5120089744757,10385,2.1925,0,0
0.51200868886105,10386,2.193,0,0
0.51200840342315,10387,2.1935,0,0
0.51200811816201,10388,2.194,0,0
0.51200783307761,10389,2.1945,0,0
0.51200754816996,10390,2.195,0,0
0.51200726343906,10391,2.1955,0,0
0.51200697888491,10392,2.196,0,0
0.51200669450752,10393,2.1965,0,0
0.51200641030687,10394,2.197,0,0
0.51200612628298,10395,2.1975,0,0
0.51200584243583,10396,2.198,0,0
0.51200555876544,10397,2.1985,0,0
0.51200527527181,10398,2.199,0,0
0.51200499195492,10399,2.1995,0,0
0.51200470881479,10400,2.2,0,0
0.51200442585141,10401,2.2005,0,0
0.51200414306478,10402,2.201,0,0
0.51200386045491,10403,2.2015,0,0
0.51200357802179,10404,2.202,0,0
0.51200329576542,10405,2.2025,0,0
0.51200301368581,10406,2.203,0,0
0.51200273178296,10407,2.2035,0,0
0.51200245005686,10408,2.204,0,0
0.51200216850751,10409,2.2045,0,0
0.51200188713492,10410,2.205,0,0
0.51200160593909,10411,2.2055,0,0
0.51200132492001,10412,2.206,0,0
0.51200104407769,10413,2.2065,0,0
0.51200076341213,10414,2.207,0,0
0.51200048292332,10415,2.2075,0,0
0.51200020261127,10416,2.208,0,0
0.51199992247598,10417,2.2085,0,0
0.51199964251745,10418,2.209,0,0
0.51199936273567,10419,2.2095,0,0
0.51199908313066,10420,2.21,0,0
0.5119988037024,10421,2.2105,0,0
0.5119985244509,10422,2.211,0,0
0.51199824537616,10423,2.2115,0,0
0.51199796647818,10424,2.212,0,0
0.51199768775696,10425,2.2125,0,0
0.51199740921251,10426,2.213,0,0
0.51199713084481,10427,2.2135,0,0
0.51199685265387,10428,2.214,0,0
0.51199657463969,10429,2.2145,0,0
0.51199629680228,10430,2.215,0,0
0.51199601914162,10431,2.2155,0,0
0.51199574165773,10432,2.216,0,0
0.5119954643506,10433,2.2165,0,0
0.51199518722024,10434,2.217,0,0
0.51199491026663,10435,2.2175,0,0
0.51199463348979,10436,2.218,0,0
0.51199435688972,10437,2.2185,0,0
0.5119940804664,10438,2.219,0,0
0.51199380421985,10439,2.2195,0,0
0.51199352815007,10440,2.22,0,0
0.51199325225705,10441,2.2205,0,0
0.51199297654079,10442,2.221,0,0
0.5119927010013,10443,2.2215,0,0
0.51199242563857,10444,2.222,0,0
0.51199215045261,10445,2.2225,0,0
0.51199187544342,10446,2.223,0,0
0.51199160061099,10447,2.2235,0,0
0.51199132595533,10448,2.224,0,0
0.51199105147644,10449,2.2245,0,0
0.51199077717431,10450,2.225,0,0
0.51199050304895,10451,2.2255,0,0
0.51199022910036,10452,2.226,0,0
0.51198995532853,10453,2.2265,0,0
0.51198968173347,10454,2.227,0,0
0.51198940831519,10455,2.2275,0,0
0.51198913507367,10456,2.228,0,0
0.51198886200892,10457,2.2285,0,0
0.51198858912094,10458,2.229,0,0
0.51198831640972,10459,2.2295,0,0
0.51198804387528,10460,2.23,0,0
0.51198777151761,10461,2.2305,0,0
0.51198749933671,10462,2.231,0,0
0.51198722733258,10463,2.2315,0,0
0.51198695550522,10464,2.232,0,0
0.51198668385463,10465,2.2325,0,0
0.51198641238081,10466,2.233,0,0
0.51198614108377,10467,2.2335,0,0
0.5119858699635,10468,2.234,0,0
0.51198559902,10469,2.2345,0,0
0.51198532825327,10470,2.235,0,0
0.51198505766331,10471,2.2355,0,0
0.51198478725013,10472,2.236,0,0
0.51198451701372,10473,2.2365,0,0
0.51198424695409,10474,2.237,0,0
0.51198397707123,10475,2.2375,0,0
0.51198370736514,10476,2.238,0,0
0.51198343783583,10477,2.2385,0,0
0.51198316848329,10478,2.239,0,0
0.51198289930753,10479,2.2395,0,0
0.51198263030854,10480,2.24,0,0
0.51198236148633,10481,2.2405,0,0
0.5119820928409,10482,2.241,0,0
0.51198182437224,10483,2.2415,0,0
0.51198155608036,10484,2.242,0,0
0.51198128796525,10485,2.2425,0,0
0.51198102002692,10486,2.243,0,0
0.51198075226537,10487,2.2435,0,0
0.5119804846806,10488,2.244,0,0
0.5119802172726,10489,2.2445,0,0
0.51197995004139,10490,2.245,0,0
0.51197968298695,10491,2.2455,0,0
0.51197941610929,10492,2.246,0,0
0.5119791494084,10493,2.2465,0,0
0.5119788828843,10494,2.247,0,0
0.51197861653698,10495,2.2475,0,0
0.51197835036644,10496,2.248,0,0
0.51197808437267,10497,2.2485,0,0
0.51197781855569,10498,2.249,0,0
0.51197755291549,10499,2.2495,0,0
0.51197728745207,10500,2.25,0,0
0.51197702216543,10501,2.2505,0,0
0.51197675705557,10502,2.251,0,0
0.51197649212249,10503,2.2515,0,0
0.51197622736619,10504,2.252,0,0
0.51197596278668,10505,2.2525,0,0
0.51197569838395,10506,2.253,0,0
0.511975434158,10507,2.2535,0,0
0.51197517010884,10508,2.254,0,0
0.51197490623645,10509,2.2545,0,0
0.51197464254086,10510,2.255,0,0
0.51197437902204,10511,2.2555,0,0
0.51197411568001,10512,2.256,0,0
0.51197385251477,10513,2.2565,0,0
0.5119735895263,10514,2.257,0,0
0.51197332671463,10515,2.2575,0,0
0.51197306407974,10516,2.258,0,0
0.51197280162163,10517,2.2585,0,0
0.51197253934031,10518,2.259,0,0
0.51197227723578,10519,2.2595,0,0
0.51197201530803,10520,2.26,0,0
0.51197175355707,10521,2.2605,0,0
0.51197149198289,10522,2.261,0,0
0.5119712305855,10523,2.2615,0,0
0.5119709693649,10524,2.262,0,0
0.51197070832109,10525,2.2625,0,0
0.51197044745407,10526,2.263,0,0
0.51197018676383,10527,2.2635,0,0
0.51196992625038,10528,2.264,0,0
0.51196966591372,10529,2.2645,0,0
0.51196940575385,10530,2.265,0,0
0.51196914577077,10531,2.2655,0,0
0.51196888596447,10532,2.266,0,0
0.51196862633497,10533,2.2665,0,0
0.51196836688226,10534,2.267,0,0
0.51196810760634,10535,2.2675,0,0
0.5119678485072,10536,2.268,0,0
0.51196758958486,10537,2.2685,0,0
0.51196733083931,10538,2.269,0,0
0.51196707227055,10539,2.2695,0,0
0.51196681387859,10540,2.27,0,0
0.51196655566341,10541,2.2705,0,0
0.51196629762503,10542,2.271,0,0
0.51196603976344,10543,2.2715,0,0
0.51196578207864,10544,2.272,0,0
0.51196552457063,10545,2.2725,0,0
0.51196526723942,10546,2.273,0,0
0.511965010085,10547,2.2735,0,0
0.51196475310737,10548,2.274,0,0
0.51196449630654,10549,2.2745,0,0
0.5119642396825,10550,2.275,0,0
0.51196398323526,10551,2.2755,0,0
0.51196372696481,10552,2.276,0,0
0.51196347087116,10553,2.2765,0,0
0.5119632149543,10554,2.277,0,0
0.51196295921424,10555,2.2775,0,0
0.51196270365097,10556,2.278,0,0
0.5119624482645,10557,2.2785,0,0
0.51196219305482,10558,2.279,0,0
0.51196193802195,10559,2.2795,0,0
0.51196168316586,10560,2.28,0,0
0.51196142848658,10561,2.2805,0,0
0.51196117398409,10562,2.281,0,0
0.5119609196584,10563,2.2815,0,0
0.51196066550951,10564,2.282,0,0
0.51196041153742,10565,2.2825,0,0
0.51196015774212,10566,2.283,0,0
0.51195990412363,10567,2.2835,0,0
0.51195965068193,10568,2.284,0,0
0.51195939741703,10569,2.2845,0,0
0.51195914432893,10570,2.285,0,0
0.51195889141763,10571,2.2855,0,0
0.51195863868313,10572,2.286,0,0
0.51195838612543,10573,2.2865,0,0
0.51195813374453,10574,2.287,0,0
0.51195788154043,10575,2.2875,0,0
0.51195762951314,10576,2.288,0,0
0.51195737766264,10577,2.2885,0,0
0.51195712598894,10578,2.289,0,0
0.51195687449205,10579,2.2895,0,0
0.51195662317196,10580,2.29,0,0
0.51195637202867,10581,2.2905,0,0
0.51195612106218,10582,2.291,0,0
0.5119558702725,10583,2.2915,0,0
0.51195561965962,10584,2.292,0,0
0.51195536922354,10585,2.2925,0,0
0.51195511896427,10586,2.293,0,0
0.5119548688818,10587,2.2935,0,0
0.51195461897613,10588,2.294,0,0
0.51195436924727,10589,2.2945,0,0
0.51195411969521,10590,2.295,0,0
0.51195387031996,10591,2.2955,0,0
0.51195362112151,10592,2.296,0,0
0.51195337209987,10593,2.2965,0,0
0.51195312325503,10594,2.297,0,0
0.511952874587,10595,2.2975,0,0
0.51195262609577,10596,2.298,0,0
0.51195237778136,10597,2.2985,0,0
0.51195212964374,10598,2.299,0,0
0.51195188168294,10599,2.2995,0,0
0.51195163389894,10600,2.3,0,0
0.51195138629175,10601,2.3005,0,0
0.51195113886136,10602,2.301,0,0
0.51195089160779,10603,2.3015,0,0
0.51195064453102,10604,2.302,0,0
0.51195039763106,10605,2.3025,0,0
0.51195015090791,10606,2.303,0,0
0.51194990436157,10607,2.3035,0,0
0.51194965799204,10608,2.304,0,0
0.51194941179931,10609,2.3045,0,0
0.5119491657834,10610,2.305,0,0
0.51194891994429,10611,2.3055,0,0
0.511948674282,10612,2.306,0,0
0.51194842879652,10613,2.3065,0,0
0.51194818348784,10614,2.307,0,0
0.51194793835598,10615,2.3075,0,0
0.51194769340093,10616,2.308,0,0
0.51194744862269,10617,2.3085,0,0
0.51194720402126,10618,2.309,0,0
0.51194695959665,10619,2.3095,0,0
0.51194671534884,10620,2.31,0,0
0.51194647127785,10621,2.3105,0,0
0.51194622738367,10622,2.311,0,0
0.5119459836663,10623,2.3115,0,0
0.51194574012575,10624,2.312,0,0
0.51194549676201,10625,2.3125,0,0
0.51194525357508,10626,2.313,0,0
0.51194501056497,10627,2.3135,0,0
0.51194476773167,10628,2.314,0,0
0.51194452507519,10629,2.3145,0,0
0.51194428259552,10630,2.315,0,0
0.51194404029266,10631,2.3155,0,0
0.51194379816662,10632,2.316,0,0
0.5119435562174,10633,2.3165,0,0
0.51194331444499,10634,2.317,0,0
0.5119430728494,10635,2.3175,0,0
0.51194283143062,10636,2.318,0,0
0.51194259018866,10637,2.3185,0,0
0.51194234912351,10638,2.319,0,0
0.51194210823519,10639,2.3195,0,0
0.51194186752368,10640,2.32,0,0
0.51194162698898,10641,2.3205,0,0
0.51194138663111,10642,2.321,0,0
0.51194114645005,10643,2.3215,0,0
0.51194090644581,10644,2.322,0,0
0.51194066661839,10645,2.3225,0,0
0.51194042696778,10646,2.323,0,0
0.511940187494,10647,2.3235,0,0
0.51193994819703,10648,2.324,0,0
0.51193970907689,10649,2.3245,0,0
0.51193947013356,10650,2.325,0,0
0.51193923136705,10651,2.3255,0,0
0.51193899277737,10652,2.326,0,0
0.5119387543645,10653,2.3265,0,0
0.51193851612846,10654,2.327,0,0
0.51193827806923,10655,2.3275,0,0
0.51193804018683,10656,2.328,0,0
0.51193780248124,10657,2.3285,0,0
0.51193756495248,10658,2.329,0,0
0.51193732760054,10659,2.3295,0,0
0.51193709042542,10660,2.33,0,0
0.51193685342713,10661,2.3305,0,0
0.51193661660565,10662,2.331,0,0
0.511936379961,10663,2.3315,0,0
0.51193614349317,10664,2.332,0,0
0.51193590720217,10665,2.3325,0,0
0.51193567108799,10666,2.333,0,0
0.51193543515063,10667,2.3335,0,0
0.5119351993901,10668,2.334,0,0
0.51193496380639,10669,2.3345,0,0
0.5119347283995,10670,2.335,0,0
0.51193449316944,10671,2.3355,0,0
0.5119342581162,10672,2.336,0,0
0.51193402323979,10673,2.3365,0,0
0.5119337885402,10674,2.337,0,0
0.51193355401744,10675,2.3375,0,0
0.51193331967151,10676,2.338,0,0
0.5119330855024,10677,2.3385,0,0
0.51193285151012,10678,2.339,0,0
0.51193261769466,10679,2.3395,0,0
0.51193238405603,10680,2.34,0,0
0.51193215059423,10681,2.3405,0,0
0.51193191730926,10682,2.341,0,0
0.51193168420111,10683,2.3415,0,0
0.51193145126979,10684,2.342,0,0
0.5119312185153,10685,2.3425,0,0
0.51193098593763,10686,2.343,0,0
0.5119307535368,10687,2.3435,0,0
0.51193052131279,10688,2.344,0,0
0.51193028926562,10689,2.3445,0,0
0.51193005739527,10690,2.345,0,0
0.51192982570175,10691,2.3455,0,0
0.51192959418506,10692,2.346,0,0
0.5119293628452,10693,2.3465,0,0
0.51192913168217,10694,2.347,0,0
0.51192890069597,10695,2.3475,0,0
0.5119286698866,10696,2.348,0,0
0.51192843925406,10697,2.3485,0,0
0.51192820879835,10698,2.349,0,0
0.51192797851948,10699,2.3495,0,0
0.51192774841743,10700,2.35,0,0
0.51192751849222,10701,2.3505,0,0
0.51192728874384,10702,2.351,0,0
0.51192705917229,10703,2.3515,0,0
0.51192682977758,10704,2.352,0,0
0.51192660055969,10705,2.3525,0,0
0.51192637151864,10706,2.353,0,0
0.51192614265442,10707,2.3535,0,0
0.51192591396704,10708,2.354,0,0
0.51192568545649,10709,2.3545,0,0
0.51192545712277,10710,2.355,0,0
0.51192522896589,10711,2.3555,0,0
0.51192500098584,10712,2.356,0,0
0.51192477318263,10713,2.3565,0,0
0.51192454555625,10714,2.357,0,0
0.5119243181067,10715,2.3575,0,0
0.511924090834,10716,2.358,0,0
0.51192386373812,10717,2.3585,0,0
0.51192363681908,10718,2.359,0,0
0.51192341007688,10719,2.3595,0,0
0.51192318351152,10720,2.36,0,0
0.51192295712299,10721,2.3605,0,0
0.51192273091129,10722,2.361,0,0
0.51192250487644,10723,2.3615,0,0
0.51192227901842,10724,2.362,0,0
0.51192205333724,10725,2.3625,0,0
0.51192182783289,10726,2.363,0,0
0.51192160250539,10727,2.3635,0,0
0.51192137735472,10728,2.364,0,0
0.51192115238089,10729,2.3645,0,0
0.5119209275839,10730,2.365,0,0
0.51192070296374,10731,2.3655,0,0
0.51192047852043,10732,2.366,0,0
0.51192025425396,10733,2.3665,0,0
0.51192003016432,10734,2.367,0,0
0.51191980625152,10735,2.3675,0,0
0.51191958251557,10736,2.368,0,0
0.51191935895645,10737,2.3685,0,0
0.51191913557418,10738,2.369,0,0
0.51191891236874,10739,2.3695,0,0
0.51191868934015,10740,2.37,0,0
0.51191846648839,10741,2.3705,0,0
0.51191824381348,10742,2.371,0,0
0.51191802131541,10743,2.3715,0,0
0.51191779899418,10744,2.372,0,0
0.51191757684979,10745,2.3725,0,0
0.51191735488225,10746,2.373,0,0
0.51191713309154,10747,2.3735,0,0
0.51191691147768,10748,2.374,0,0
0.51191669004067,10749,2.3745,0,0
0.51191646878049,10750,2.375,0,0
0.51191624769716,10751,2.3755,0,0
0.51191602679067,10752,2.376,0,0
0.51191580606103,10753,2.3765,0,0
0.51191558550823,10754,2.377,0,0
0.51191536513227,10755,2.3775,0,0
0.51191514493316,10756,2.378,0,0
0.51191492491089,10757,2.3785,0,0
0.51191470506547,10758,2.379,0,0
0.51191448539689,10759,2.3795,0,0
0.51191426590516,10760,2.38,0,0
0.51191404659027,10761,2.3805,0,0
0.51191382745223,10762,2.381,0,0
0.51191360849104,10763,2.3815,0,0
0.51191338970669,10764,2.382,0,0
0.51191317109919,10765,2.3825,0,0
0.51191295266853,10766,2.383,0,0
0.51191273441472,10767,2.3835,0,0
0.51191251633776,10768,2.384,0,0
0.51191229843764,10769,2.3845,0,0
0.51191208071438,10770,2.385,0,0
0.51191186316796,10771,2.3855,0,0
0.51191164579839,10772,2.386,0,0
0.51191142860566,10773,2.3865,0,0
0.51191121158979,10774,2.387,0,0
0.51191099475076,10775,2.3875,0,0
0.51191077808858,10776,2.388,0,0
0.51191056160325,10777,2.3885,0,0
0.51191034529477,10778,2.389,0,0
0.51191012916314,10779,2.3895,0,0
0.51190991320836,10780,2.39,0,0
0.51190969743043,10781,2.3905,0,0
0.51190948182935,10782,2.391,0,0
0.51190926640512,10783,2.3915,0,0
0.51190905115775,10784,2.392,0,0
0.51190883608722,10785,2.3925,0,0
0.51190862119354,10786,2.393,0,0
0.51190840647671,10787,2.3935,0,0
0.51190819193674,10788,2.394,0,0
0.51190797757362,10789,2.3945,0,0
0.51190776338735,10790,2.395,0,0
0.51190754937793,10791,2.3955,0,0
0.51190733554536,10792,2.396,0,0
0.51190712188965,10793,2.3965,0,0
0.51190690841079,10794,2.397,0,0
0.51190669510878,10795,2.3975,0,0
0.51190648198362,10796,2.398,0,0
0.51190626903532,10797,2.3985,0,0
0.51190605626387,10798,2.399,0,0
0.51190584366928,10799,2.3995,0,0
0.51190563125154,10800,2.4,0,0
0.51190541901065,10801,2.4005,0,0
0.51190520694662,10802,2.401,0,0
0.51190499505945,10803,2.4015,0,0
0.51190478334913,10804,2.402,0,0
0.51190457181566,10805,2.4025,0,0
0.51190436045905,10806,2.403,0,0
0.51190414927929,10807,2.4035,0,0
0.51190393827639,10808,2.404,0,0
0.51190372745035,10809,2.4045,0,0
0.51190351680116,10810,2.405,0,0
0.51190330632883,10811,2.4055,0,0
0.51190309603336,10812,2.406,0,0
0.51190288591474,10813,2.4065,0,0
0.51190267597298,10814,2.407,0,0
0.51190246620808,10815,2.4075,0,0
0.51190225662003,10816,2.408,0,0
0.51190204720885,10817,2.4085,0,0
0.51190183797452,10818,2.409,0,0
0.51190162891705,10819,2.4095,0,0
0.51190142003643,10820,2.41,0,0
0.51190121133268,10821,2.4105,0,0
0.51190100280578,10822,2.411,0,0
0.51190079445575,10823,2.4115,0,0
0.51190058628257,10824,2.412,0,0
0.51190037828625,10825,2.4125,0,0
0.5119001704668,10826,2.413,0,0
0.5118999628242,10827,2.4135,0,0
0.51189975535846,10828,2.414,0,0
0.51189954806958,10829,2.4145,0,0
0.51189934095757,10830,2.415,0,0
0.51189913402241,10831,2.4155,0,0
0.51189892726411,10832,2.416,0,0
0.51189872068268,10833,2.4165,0,0
0.51189851427811,10834,2.417,0,0
0.5118983080504,10835,2.4175,0,0
0.51189810199955,10836,2.418,0,0
0.51189789612556,10837,2.4185,0,0
0.51189769042843,10838,2.419,0,0
0.51189748490817,10839,2.4195,0,0
0.51189727956477,10840,2.42,0,0
0.51189707439823,10841,2.4205,0,0
0.51189686940856,10842,2.421,0,0
0.51189666459575,10843,2.4215,0,0
0.5118964599598,10844,2.422,0,0
0.51189625550071,10845,2.4225,0,0
0.51189605121849,10846,2.423,0,0
0.51189584711314,10847,2.4235,0,0
0.51189564318465,10848,2.424,0,0
0.51189543943302,10849,2.4245,0,0
0.51189523585826,10850,2.425,0,0
0.51189503246036,10851,2.4255,0,0
0.51189482923933,10852,2.426,0,0
0.51189462619516,10853,2.4265,0,0
0.51189442332786,10854,2.427,0,0
0.51189422063742,10855,2.4275,0,0
0.51189401812385,10856,2.428,0,0
0.51189381578715,10857,2.4285,0,0
0.51189361362731,10858,2.429,0,0
0.51189341164434,10859,2.4295,0,0
0.51189320983824,10860,2.43,0,0
0.511893008209,10861,2.4305,0,0
0.51189280675663,10862,2.431,0,0
0.51189260548113,10863,2.4315,0,0
0.51189240438249,10864,2.432,0,0
0.51189220346073,10865,2.4325,0,0
0.51189200271583,10866,2.433,0,0
0.5118918021478,10867,2.4335,0,0
0.51189160175664,10868,2.434,0,0
0.51189140154234,10869,2.4345,0,0
0.51189120150492,10870,2.435,0,0
0.51189100164436,10871,2.4355,0,0
0.51189080196067,10872,2.436,0,0
0.51189060245386,10873,2.4365,0,0
0.51189040312391,10874,2.437,0,0
0.51189020397083,10875,2.4375,0,0
0.51189000499463,10876,2.438,0,0
0.51188980619529,10877,2.4385,0,0
0.51188960757282,10878,2.439,0,0
0.51188940912723,10879,2.4395,0,0
0.5118892108585,10880,2.44,0,0
0.51188901276665,10881,2.4405,0,0
0.51188881485166,10882,2.441,0,0
0.51188861711355,10883,2.4415,0,0
0.51188841955231,10884,2.442,0,0
0.51188822216795,10885,2.4425,0,0
0.51188802496045,10886,2.443,0,0
0.51188782792983,10887,2.4435,0,0
0.51188763107608,10888,2.444,0,0
0.5118874343992,10889,2.4445,0,0
0.51188723789919,10890,2.445,0,0
0.51188704157606,10891,2.4455,0,0
0.5118868454298,10892,2.446,0,0
0.51188664946042,10893,2.4465,0,0
0.51188645366791,10894,2.447,0,0
0.51188625805227,10895,2.4475,0,0
0.5118860626135,10896,2.448,0,0
0.51188586735161,10897,2.4485,0,0
0.5118856722666,10898,2.449,0,0
0.51188547735846,10899,2.4495,0,0
0.51188528262719,10900,2.45,0,0
0.5118850880728,10901,2.4505,0,0
0.51188489369529,10902,2.451,0,0
0.51188469949465,10903,2.4515,0,0
0.51188450547089,10904,2.452,0,0
0.511884311624,10905,2.4525,0,0
0.51188411795399,10906,2.453,0,0
0.51188392446085,10907,2.4535,0,0
0.51188373114459,10908,2.454,0,0
0.51188353800521,10909,2.4545,0,0
0.51188334504271,10910,2.455,0,0
0.51188315225708,10911,2.4555,0,0
0.51188295964833,10912,2.456,0,0
0.51188276721645,10913,2.4565,0,0
0.51188257496146,10914,2.457,0,0
0.51188238288334,10915,2.4575,0,0
0.5118821909821,10916,2.458,0,0
0.51188199925774,10917,2.4585,0,0
0.51188180771025,10918,2.459,0,0
0.51188161633965,10919,2.4595,0,0
0.51188142514592,10920,2.46,0,0
0.51188123412908,10921,2.4605,0,0
0.51188104328911,10922,2.461,0,0
0.51188085262602,10923,2.4615,0,0
0.51188066213981,10924,2.462,0,0
0.51188047183048,10925,2.4625,0,0
0.51188028169804,10926,2.463,0,0
0.51188009174247,10927,2.4635,0,0
0.51187990196378,10928,2.464,0,0
0.51187971236197,10929,2.4645,0,0
0.51187952293704,10930,2.465,0,0
0.511879333689,10931,2.4655,0,0
0.51187914461783,10932,2.466,0,0
0.51187895572355,10933,2.4665,0,0
0.51187876700615,10934,2.467,0,0
0.51187857846563,10935,2.4675,0,0
0.51187839010199,10936,2.468,0,0
0.51187820191524,10937,2.4685,0,0
0.51187801390536,10938,2.469,0,0
0.51187782607237,10939,2.4695,0,0
0.51187763841626,10940,2.47,0,0
0.51187745093704,10941,2.4705,0,0
0.5118772636347,10942,2.471,0,0
0.51187707650924,10943,2.4715,0,0
0.51187688956066,10944,2.472,0,0
0.51187670278897,10945,2.4725,0,0
0.51187651619416,10946,2.473,0,0
0.51187632977624,10947,2.4735,0,0
0.5118761435352,10948,2.474,0,0
0.51187595747104,10949,2.4745,0,0
0.51187577158377,10950,2.475,0,0
0.51187558587339,10951,2.4755,0,0
0.51187540033989,10952,2.476,0,0
0.51187521498327,10953,2.4765,0,0
0.51187502980354,10954,2.477,0,0
0.5118748448007,10955,2.4775,0,0
0.51187465997474,10956,2.478,0,0
0.51187447532567,10957,2.4785,0,0
0.51187429085348,10958,2.479,0,0
0.51187410655818,10959,2.4795,0,0
0.51187392243976,10960,2.48,0,0
0.51187373849824,10961,2.4805,0,0
0.5118735547336,10962,2.481,0,0
0.51187337114584,10963,2.4815,0,0
0.51187318773498,10964,2.482,0,0
0.511873004501,10965,2.4825,0,0
0.51187282144391,10966,2.483,0,0
0.5118726385637,10967,2.4835,0,0
0.51187245586039,10968,2.484,0,0
0.51187227333396,10969,2.4845,0,0
0.51187209098442,10970,2.485,0,0
0.51187190881177,10971,2.4855,0,0
0.51187172681601,10972,2.486,0,0
0.51187154499714,10973,2.4865,0,0
0.51187136335516,10974,2.487,0,0
0.51187118189006,10975,2.4875,0,0
0.51187100060186,10976,2.488,0,0
0.51187081949055,10977,2.4885,0,0
0.51187063855612,10978,2.489,0,0
0.51187045779859,10979,2.4895,0,0
0.51187027721794,10980,2.49,0,0
0.51187009681419,10981,2.4905,0,0
0.51186991658732,10982,2.491,0,0
0.51186973653735,10983,2.4915,0,0
0.51186955666427,10984,2.492,0,0
0.51186937696808,10985,2.4925,0,0
0.51186919744878,10986,2.493,0,0
0.51186901810637,10987,2.4935,0,0
0.51186883894086,10988,2.494,0,0
0.51186865995223,10989,2.4945,0,0
0.5118684811405,10990,2.495,0,0
0.51186830250566,10991,2.4955,0,0
0.51186812404771,10992,2.496,0,0
0.51186794576666,10993,2.4965,0,0
0.5118677676625,10994,2.497,0,0
0.51186758973523,10995,2.4975,0,0
0.51186741198485,10996,2.498,0,0
0.51186723441137,10997,2.4985,0,0
0.51186705701478,10998,2.499,0,0
0.51186687979509,10999,2.4995,0,0
0.51186670275229,11000,2.5,0,0
0.51186652588638,11001,2.5005,0,0
0.51186634919737,11002,2.501,0,0
0.51186617268525,11003,2.5015,0,0
0.51186599635003,11004,2.502,0,0
0.5118658201917,11005,2.5025,0,0
0.51186564421026,11006,2.503,0,0
0.51186546840572,11007,2.5035,0,0
0.51186529277808,11008,2.504,0,0
0.51186511732733,11009,2.5045,0,0
0.51186494205348,11010,2.505,0,0
0.51186476695652,11011,2.5055,0,0
0.51186459203646,11012,2.506,0,0
0.5118644172933,11013,2.5065,0,0
0.51186424272703,11014,2.507,0,0
0.51186406833766,11015,2.5075,0,0
0.51186389412519,11016,2.508,0,0
0.51186372008961,11017,2.5085,0,0
0.51186354623093,11018,2.509,0,0
0.51186337254915,11019,2.5095,0,0
0.51186319904426,11020,2.51,0,0
0.51186302571627,11021,2.5105,0,0
0.51186285256518,11022,2.511,0,0
0.51186267959099,11023,2.5115,0,0
0.5118625067937,11024,2.512,0,0
0.5118623341733,11025,2.5125,0,0
0.51186216172981,11026,2.513,0,0
0.51186198946321,11027,2.5135,0,0
0.51186181737351,11028,2.514,0,0
0.51186164546071,11029,2.5145,0,0
0.51186147372481,11030,2.515,0,0
0.51186130216581,11031,2.5155,0,0
0.5118611307837,11032,2.516,0,0
0.5118609595785,11033,2.5165,0,0
0.5118607885502,11034,2.517,0,0
0.5118606176988,11035,2.5175,0,0
0.5118604470243,11036,2.518,0,0
0.51186027652669,11037,2.5185,0,0
0.51186010620599,11038,2.519,0,0
0.51185993606219,11039,2.5195,0,0
0.5118597660953,11040,2.52,0,0
0.5118595963053,11041,2.5205,0,0
0.5118594266922,11042,2.521,0,0
0.51185925725601,11043,2.5215,0,0
0.51185908799671,11044,2.522,0,0
0.51185891891432,11045,2.5225,0,0
0.51185875000883,11046,2.523,0,0
0.51185858128025,11047,2.5235,0,0
0.51185841272856,11048,2.524,0,0
0.51185824435378,11049,2.5245,0,0
0.5118580761559,11050,2.525,0,0
0.51185790813492,11051,2.5255,0,0
0.51185774029085,11052,2.526,0,0
0.51185757262368,11053,2.5265,0,0
0.51185740513341,11054,2.527,0,0
0.51185723782005,11055,2.5275,0,0
0.51185707068359,11056,2.528,0,0
0.51185690372403,11057,2.5285,0,0
0.51185673694138,11058,2.529,0,0
0.51185657033564,11059,2.5295,0,0
0.51185640390679,11060,2.53,0,0
0.51185623765485,11061,2.5305,0,0
0.51185607157982,11062,2.531,0,0
0.51185590568169,11063,2.5315,0,0
0.51185573996047,11064,2.532,0,0
0.51185557441615,11065,2.5325,0,0
0.51185540904874,11066,2.533,0,0
0.51185524385823,11067,2.5335,0,0
0.51185507884463,11068,2.534,0,0
0.51185491400793,11069,2.5345,0,0
0.51185474934815,11070,2.535,0,0
0.51185458486526,11071,2.5355,0,0
0.51185442055929,11072,2.536,0,0
0.51185425643022,11073,2.5365,0,0
0.51185409247805,11074,2.537,0,0
0.5118539287028,11075,2.5375,0,0
0.51185376510445,11076,2.538,0,0
0.51185360168301,11077,2.5385,0,0
0.51185343843847,11078,2.539,0,0
0.51185327537085,11079,2.5395,0,0
0.51185311248013,11080,2.54,0,0
0.51185294976632,11081,2.5405,0,0
0.51185278722941,11082,2.541,0,0
0.51185262486942,11083,2.5415,0,0
0.51185246268633,11084,2.542,0,0
0.51185230068016,11085,2.5425,0,0
0.51185213885089,11086,2.543,0,0
0.51185197719853,11087,2.5435,0,0
0.51185181572308,11088,2.544,0,0
0.51185165442454,11089,2.5445,0,0
0.51185149330291,11090,2.545,0,0
0.51185133235818,11091,2.5455,0,0
0.51185117159037,11092,2.546,0,0
0.51185101099947,11093,2.5465,0,0
0.51185085058548,11094,2.547,0,0
0.5118506903484,11095,2.5475,0,0
0.51185053028822,11096,2.548,0,0
0.51185037040496,11097,2.5485,0,0
0.51185021069861,11098,2.549,0,0
0.51185005116917,11099,2.5495,0,0
0.51184989181665,11100,2.55,0,0
0.51184973264103,11101,2.5505,0,0
0.51184957364232,11102,2.551,0,0
0.51184941482053,11103,2.5515,0,0
0.51184925617565,11104,2.552,0,0
0.51184909770768,11105,2.5525,0,0
0.51184893941662,11106,2.553,0,0
0.51184878130247,11107,2.5535,0,0
0.51184862336524,11108,2.554,0,0
0.51184846560492,11109,2.5545,0,0
0.51184830802151,11110,2.555,0,0
0.51184815061502,11111,2.5555,0,0
0.51184799338543,11112,2.556,0,0
0.51184783633276,11113,2.5565,0,0
0.51184767945701,11114,2.557,0,0
0.51184752275817,11115,2.5575,0,0
0.51184736623624,11116,2.558,0,0
0.51184720989122,11117,2.5585,0,0
0.51184705372312,11118,2.559,0,0
0.51184689773194,11119,2.5595,0,0
0.51184674191766,11120,2.56,0,0
0.5118465862803,11121,2.5605,0,0
0.51184643081986,11122,2.561,0,0
0.51184627553633,11123,2.5615,0,0
0.51184612042972,11124,2.562,0,0
0.51184596550002,11125,2.5625,0,0
0.51184581074724,11126,2.563,0,0
0.51184565617137,11127,2.5635,0,0
0.51184550177242,11128,2.564,0,0
0.51184534755038,11129,2.5645,0,0
0.51184519350526,11130,2.565,0,0
0.51184503963706,11131,2.5655,0,0
0.51184488594577,11132,2.566,0,0
0.5118447324314,11133,2.5665,0,0
0.51184457909394,11134,2.567,0,0
0.5118444259334,11135,2.5675,0,0
0.51184427294978,11136,2.568,0,0
0.51184412014308,11137,2.5685,0,0
0.51184396751329,11138,2.569,0,0
0.51184381506042,11139,2.5695,0,0
0.51184366278447,11140,2.57,0,0
0.51184351068543,11141,2.5705,0,0
0.51184335876331,11142,2.571,0,0
0.51184320701811,11143,2.5715,0,0
0.51184305544983,11144,2.572,0,0
0.51184290405847,11145,2.5725,0,0
0.51184275284402,11146,2.573,0,0
0.5118426018065,11147,2.5735,0,0
0.51184245094589,11148,2.574,0,0
0.5118423002622,11149,2.5745,0,0
0.51184214975543,11150,2.575,0,0
0.51184199942558,11151,2.5755,0,0
0.51184184927265,11152,2.576,0,0
0.51184169929664,11153,2.5765,0,0
0.51184154949755,11154,2.577,0,0
0.51184139987537,11155,2.5775,0,0
0.51184125043012,11156,2.578,0,0
0.51184110116179,11157,2.5785,0,0
0.51184095207038,11158,2.579,0,0
0.51184080315589,11159,2.5795,0,0
0.51184065441831,11160,2.58,0,0
0.51184050585766,11161,2.5805,0,0
0.51184035747393,11162,2.581,0,0
0.51184020926713,11163,2.5815,0,0
0.51184006123724,11164,2.582,0,0
0.51183991338427,11165,2.5825,0,0
0.51183976570823,11166,2.583,0,0
0.5118396182091,11167,2.5835,0,0
0.5118394708869,11168,2.584,0,0
0.51183932374162,11169,2.5845,0,0
0.51183917677327,11170,2.585,0,0
0.51183902998183,11171,2.5855,0,0
0.51183888336732,11172,2.586,0,0
0.51183873692973,11173,2.5865,0,0
0.51183859066906,11174,2.587,0,0
0.51183844458532,11175,2.5875,0,0
0.51183829867849,11176,2.588,0,0
0.51183815294859,11177,2.5885,0,0
0.51183800739562,11178,2.589,0,0
0.51183786201957,11179,2.5895,0,0
0.51183771682044,11180,2.59,0,0
0.51183757179823,11181,2.5905,0,0
0.51183742695295,11182,2.591,0,0
0.51183728228459,11183,2.5915,0,0
0.51183713779316,11184,2.592,0,0
0.51183699347865,11185,2.5925,0,0
0.51183684934107,11186,2.593,0,0
0.51183670538041,11187,2.5935,0,0
0.51183656159667,11188,2.594,0,0
0.51183641798986,11189,2.5945,0,0
0.51183627455998,11190,2.595,0,0
0.51183613130702,11191,2.5955,0,0
0.51183598823098,11192,2.596,0,0
0.51183584533188,11193,2.5965,0,0
0.51183570260969,11194,2.597,0,0
0.51183556006443,11195,2.5975,0,0
0.5118354176961,11196,2.598,0,0
0.5118352755047,11197,2.5985,0,0
0.51183513349022,11198,2.599,0,0
0.51183499165266,11199,2.5995,0,0
0.51183484999204,11200,2.6,0,0
0.51183470850834,11201,2.6005,0,0
0.51183456720156,11202,2.601,0,0
0.51183442607172,11203,2.6015,0,0
0.5118342851188,11204,2.602,0,0
0.5118341443428,11205,2.6025,0,0
0.51183400374374,11206,2.603,0,0
0.5118338633216,11207,2.6035,0,0
0.51183372307639,11208,2.604,0,0
0.51183358300811,11209,2.6045,0,0
0.51183344311676,11210,2.605,0,0
0.51183330340233,11211,2.6055,0,0
0.51183316386483,11212,2.606,0,0
0.51183302450426,11213,2.6065,0,0
0.51183288532062,11214,2.607,0,0
0.51183274631391,11215,2.6075,0,0
0.51183260748413,11216,2.608,0,0
0.51183246883127,11217,2.6085,0,0
0.51183233035535,11218,2.609,0,0
0.51183219205635,11219,2.6095,0,0
0.51183205393428,11220,2.61,0,0
0.51183191598914,11221,2.6105,0,0
0.51183177822094,11222,2.611,0,0
0.51183164062966,11223,2.6115,0,0
0.51183150321531,11224,2.612,0,0
0.51183136597789,11225,2.6125,0,0
0.5118312289174,11226,2.613,0,0
0.51183109203385,11227,2.6135,0,0
0.51183095532722,11228,2.614,0,0
0.51183081879752,11229,2.6145,0,0
0.51183068244476,11230,2.615,0,0
0.51183054626892,11231,2.6155,0,0
0.51183041027002,11232,2.616,0,0
0.51183027444804,11233,2.6165,0,0
0.511830138803,11234,2.617,0,0
0.51183000333489,11235,2.6175,0,0
0.51182986804371,11236,2.618,0,0
0.51182973292947,11237,2.6185,0,0
0.51182959799215,11238,2.619,0,0
0.51182946323177,11239,2.6195,0,0
0.51182932864832,11240,2.62,0,0
0.5118291942418,11241,2.6205,0,0
0.51182906001221,11242,2.621,0,0
0.51182892595956,11243,2.6215,0,0
0.51182879208384,11244,2.622,0,0
0.51182865838505,11245,2.6225,0,0
0.51182852486319,11246,2.623,0,0
0.51182839151827,11247,2.6235,0,0
0.51182825835028,11248,2.624,0,0
0.51182812535923,11249,2.6245,0,0
0.5118279925451,11250,2.625,0,0
0.51182785990792,11251,2.6255,0,0
0.51182772744766,11252,2.626,0,0
0.51182759516434,11253,2.6265,0,0
0.51182746305795,11254,2.627,0,0
0.5118273311285,11255,2.6275,0,0
0.51182719937598,11256,2.628,0,0
0.5118270678004,11257,2.6285,0,0
0.51182693640175,11258,2.629,0,0
0.51182680518004,11259,2.6295,0,0
0.51182667413526,11260,2.63,0,0
0.51182654326741,11261,2.6305,0,0
0.5118264125765,11262,2.631,0,0
0.51182628206253,11263,2.6315,0,0
0.51182615172549,11264,2.632,0,0
0.51182602156538,11265,2.6325,0,0
0.51182589158222,11266,2.633,0,0
0.51182576177598,11267,2.6335,0,0
0.51182563214669,11268,2.634,0,0
0.51182550269433,11269,2.6345,0,0
0.5118253734189,11270,2.635,0,0
0.51182524432042,11271,2.6355,0,0
0.51182511539887,11272,2.636,0,0
0.51182498665425,11273,2.6365,0,0
0.51182485808657,11274,2.637,0,0
0.51182472969583,11275,2.6375,0,0
0.51182460148203,11276,2.638,0,0
0.51182447344516,11277,2.6385,0,0
0.51182434558523,11278,2.639,0,0
0.51182421790224,11279,2.6395,0,0
0.51182409039618,11280,2.64,0,0
0.51182396306707,11281,2.6405,0,0
0.51182383591489,11282,2.641,0,0
0.51182370893965,11283,2.6415,0,0
0.51182358214134,11284,2.642,0,0
0.51182345551998,11285,2.6425,0,0
0.51182332907555,11286,2.643,0,0
0.51182320280806,11287,2.6435,0,0
0.51182307671751,11288,2.644,0,0
0.5118229508039,11289,2.6445,0,0
0.51182282506722,11290,2.645,0,0
0.51182269950749,11291,2.6455,0,0
0.5118225741247,11292,2.646,0,0
0.51182244891884,11293,2.6465,0,0
0.51182232388992,11294,2.647,0,0
0.51182219903795,11295,2.6475,0,0
0.51182207436291,11296,2.648,0,0
0.51182194986481,11297,2.6485,0,0
0.51182182554365,11298,2.649,0,0
0.51182170139943,11299,2.6495,0,0
0.51182157743216,11300,2.65,0,0
0.51182145364182,11301,2.6505,0,0
0.51182133002842,11302,2.651,0,0
0.51182120659196,11303,2.6515,0,0
0.51182108333245,11304,2.652,0,0
0.51182096024987,11305,2.6525,0,0
0.51182083734424,11306,2.653,0,0
0.51182071461554,11307,2.6535,0,0
0.51182059206379,11308,2.654,0,0
0.51182046968898,11309,2.6545,0,0
0.51182034749111,11310,2.655,0,0
0.51182022547018,11311,2.6555,0,0
0.51182010362619,11312,2.656,0,0
0.51181998195914,11313,2.6565,0,0
0.51181986046904,11314,2.657,0,0
0.51181973915588,11315,2.6575,0,0
0.51181961801966,11316,2.658,0,0
0.51181949706038,11317,2.6585,0,0
0.51181937627804,11318,2.659,0,0
0.51181925567265,11319,2.6595,0,0
0.5118191352442,11320,2.66,0,0
0.51181901499269,11321,2.6605,0,0
0.51181889491813,11322,2.661,0,0
0.51181877502051,11323,2.6615,0,0
0.51181865529983,11324,2.662,0,0
0.51181853575609,11325,2.6625,0,0
0.5118184163893,11326,2.663,0,0
0.51181829719945,11327,2.6635,0,0
0.51181817818654,11328,2.664,0,0
0.51181805935058,11329,2.6645,0,0
0.51181794069156,11330,2.665,0,0
0.51181782220949,11331,2.6655,0,0
0.51181770390436,11332,2.666,0,0
0.51181758577617,11333,2.6665,0,0
0.51181746782493,11334,2.667,0,0
0.51181735005063,11335,2.6675,0,0
0.51181723245328,11336,2.668,0,0
0.51181711503287,11337,2.6685,0,0
0.51181699778941,11338,2.669,0,0
0.51181688072289,11339,2.6695,0,0
0.51181676383332,11340,2.67,0,0
0.51181664712069,11341,2.6705,0,0
0.511816530585,11342,2.671,0,0
0.51181641422627,11343,2.6715,0,0
0.51181629804447,11344,2.672,0,0
0.51181618203963,11345,2.6725,0,0
0.51181606621172,11346,2.673,0,0
0.51181595056077,11347,2.6735,0,0
0.51181583508676,11348,2.674,0,0
0.5118157197897,11349,2.6745,0,0
0.51181560466958,11350,2.675,0,0
0.51181548972641,11351,2.6755,0,0
0.51181537496018,11352,2.676,0,0
0.5118152603709,11353,2.6765,0,0
0.51181514595857,11354,2.677,0,0
0.51181503172319,11355,2.6775,0,0
0.51181491766475,11356,2.678,0,0
0.51181480378326,11357,2.6785,0,0
0.51181469007872,11358,2.679,0,0
0.51181457655112,11359,2.6795,0,0
0.51181446320047,11360,2.68,0,0
0.51181435002677,11361,2.6805,0,0
0.51181423703001,11362,2.681,0,0
0.51181412421021,11363,2.6815,0,0
0.51181401156735,11364,2.682,0,0
0.51181389910144,11365,2.6825,0,0
0.51181378681248,11366,2.683,0,0
0.51181367470046,11367,2.6835,0,0
0.51181356276539,11368,2.684,0,0
0.51181345100728,11369,2.6845,0,0
0.51181333942611,11370,2.685,0,0
0.51181322802189,11371,2.6855,0,0
0.51181311679461,11372,2.686,0,0
0.51181300574429,11373,2.6865,0,0
0.51181289487092,11374,2.687,0,0
0.51181278417449,11375,2.6875,0,0
0.51181267365501,11376,2.688,0,0
0.51181256331249,11377,2.6885,0,0
0.51181245314691,11378,2.689,0,0
0.51181234315828,11379,2.6895,0,0
0.5118122333466,11380,2.69,0,0
0.51181212371188,11381,2.6905,0,0
0.5118120142541,11382,2.691,0,0
0.51181190497327,11383,2.6915,0,0
0.51181179586939,11384,2.692,0,0
0.51181168694246,11385,2.6925,0,0
0.51181157819248,11386,2.693,0,0
0.51181146961945,11387,2.6935,0,0
0.51181136122338,11388,2.694,0,0
0.51181125300425,11389,2.6945,0,0
0.51181114496207,11390,2.695,0,0
0.51181103709685,11391,2.6955,0,0
0.51181092940858,11392,2.696,0,0
0.51181082189725,11393,2.6965,0,0
0.51181071456288,11394,2.697,0,0
0.51181060740546,11395,2.6975,0,0
0.51181050042499,11396,2.698,0,0
0.51181039362147,11397,2.6985,0,0
0.51181028699491,11398,2.699,0,0
0.51181018054529,11399,2.6995,0,0
0.51181007427263,11400,2.7,0,0
0.51180996817692,11401,2.7005,0,0
0.51180986225816,11402,2.701,0,0
0.51180975651635,11403,2.7015,0,0
0.5118096509515,11404,2.702,0,0
0.5118095455636,11405,2.7025,0,0
0.51180944035265,11406,2.703,0,0
0.51180933531865,11407,2.7035,0,0
0.51180923046161,11408,2.704,0,0
0.51180912578152,11409,2.7045,0,0
0.51180902127838,11410,2.705,0,0
0.51180891695219,11411,2.7055,0,0
0.51180881280296,11412,2.706,0,0
0.51180870883068,11413,2.7065,0,0
0.51180860503536,11414,2.707,0,0
0.51180850141698,11415,2.7075,0,0
0.51180839797557,11416,2.708,0,0
0.5118082947111,11417,2.7085,0,0
0.51180819162359,11418,2.709,0,0
0.51180808871303,11419,2.7095,0,0
0.51180798597943,11420,2.71,0,0
0.51180788342278,11421,2.7105,0,0
0.51180778104308,11422,2.711,0,0
0.51180767884034,11423,2.7115,0,0
0.51180757681456,11424,2.712,0,0
0.51180747496573,11425,2.7125,0,0
0.51180737329385,11426,2.713,0,0
0.51180727179893,11427,2.7135,0,0
0.51180717048096,11428,2.714,0,0
0.51180706933995,11429,2.7145,0,0
0.51180696837589,11430,2.715,0,0
0.51180686758878,11431,2.7155,0,0
0.51180676697864,11432,2.716,0,0
0.51180666654544,11433,2.7165,0,0
0.51180656628921,11434,2.717,0,0
0.51180646620993,11435,2.7175,0,0
0.5118063663076,11436,2.718,0,0
0.51180626658223,11437,2.7185,0,0
0.51180616703382,11438,2.719,0,0
0.51180606766236,11439,2.7195,0,0
0.51180596846786,11440,2.72,0,0
0.51180586945031,11441,2.7205,0,0
0.51180577060972,11442,2.721,0,0
0.51180567194609,11443,2.7215,0,0
0.51180557345941,11444,2.722,0,0
0.51180547514969,11445,2.7225,0,0
0.51180537701693,11446,2.723,0,0
0.51180527906112,11447,2.7235,0,0
0.51180518128227,11448,2.724,0,0
0.51180508368038,11449,2.7245,0,0
0.51180498625544,11450,2.725,0,0
0.51180488900746,11451,2.7255,0,0
0.51180479193644,11452,2.726,0,0
0.51180469504237,11453,2.7265,0,0
0.51180459832527,11454,2.727,0,0
0.51180450178512,11455,2.7275,0,0
0.51180440542193,11456,2.728,0,0
0.51180430923569,11457,2.7285,0,0
0.51180421322641,11458,2.729,0,0
0.5118041173941,11459,2.7295,0,0
0.51180402173874,11460,2.73,0,0
0.51180392626033,11461,2.7305,0,0
0.51180383095889,11462,2.731,0,0
0.5118037358344,11463,2.7315,0,0
0.51180364088688,11464,2.732,0,0
0.51180354611631,11465,2.7325,0,0
0.5118034515227,11466,2.733,0,0
0.51180335710605,11467,2.7335,0,0
0.51180326286635,11468,2.734,0,0
0.51180316880362,11469,2.7345,0,0
0.51180307491784,11470,2.735,0,0
0.51180298120903,11471,2.7355,0,0
0.51180288767717,11472,2.736,0,0
0.51180279432228,11473,2.7365,0,0
0.51180270114434,11474,2.737,0,0
0.51180260814336,11475,2.7375,0,0
0.51180251531934,11476,2.738,0,0
0.51180242267228,11477,2.7385,0,0
0.51180233020218,11478,2.739,0,0
0.51180223790904,11479,2.7395,0,0
0.51180214579286,11480,2.74,0,0
0.51180205385364,11481,2.7405,0,0
0.51180196209138,11482,2.741,0,0
0.51180187050609,11483,2.7415,0,0
0.51180177909775,11484,2.742,0,0
0.51180168786637,11485,2.7425,0,0
0.51180159681195,11486,2.743,0,0
0.51180150593449,11487,2.7435,0,0
0.511801415234,11488,2.744,0,0
0.51180132471046,11489,2.7445,0,0
0.51180123436389,11490,2.745,0,0
0.51180114419427,11491,2.7455,0,0
0.51180105420162,11492,2.746,0,0
0.51180096438593,11493,2.7465,0,0
0.5118008747472,11494,2.747,0,0
0.51180078528543,11495,2.7475,0,0
0.51180069600062,11496,2.748,0,0
0.51180060689277,11497,2.7485,0,0
0.51180051796189,11498,2.749,0,0
0.51180042920797,11499,2.7495,0,0
0.51180034063101,11500,2.75,0,0
0.51180025223101,11501,2.7505,0,0
0.51180016400797,11502,2.751,0,0
0.51180007596189,11503,2.7515,0,0
0.51179998809278,11504,2.752,0,0
0.51179990040063,11505,2.7525,0,0
0.51179981288544,11506,2.753,0,0
0.51179972554722,11507,2.7535,0,0
0.51179963838595,11508,2.754,0,0
0.51179955140165,11509,2.7545,0,0
0.51179946459431,11510,2.755,0,0
0.51179937796394,11511,2.7555,0,0
0.51179929151053,11512,2.756,0,0
0.51179920523408,11513,2.7565,0,0
0.51179911913459,11514,2.757,0,0
0.51179903321207,11515,2.7575,0,0
0.51179894746651,11516,2.758,0,0
0.51179886189791,11517,2.7585,0,0
0.51179877650628,11518,2.759,0,0
0.51179869129161,11519,2.7595,0,0
0.5117986062539,11520,2.76,0,0
0.51179852139316,11521,2.7605,0,0
0.51179843670938,11522,2.761,0,0
0.51179835220256,11523,2.7615,0,0
0.51179826787271,11524,2.762,0,0
0.51179818371983,11525,2.7625,0,0
0.5117980997439,11526,2.763,0,0
0.51179801594494,11527,2.7635,0,0
0.51179793232295,11528,2.764,0,0
0.51179784887792,11529,2.7645,0,0
0.51179776560985,11530,2.765,0,0
0.51179768251875,11531,2.7655,0,0
0.51179759960462,11532,2.766,0,0
0.51179751686744,11533,2.7665,0,0
0.51179743430724,11534,2.767,0,0
0.51179735192399,11535,2.7675,0,0
0.51179726971772,11536,2.768,0,0
0.5117971876884,11537,2.7685,0,0
0.51179710583606,11538,2.769,0,0
0.51179702416067,11539,2.7695,0,0
0.51179694266226,11540,2.77,0,0
0.51179686134081,11541,2.7705,0,0
0.51179678019632,11542,2.771,0,0
0.5117966992288,11543,2.7715,0,0
0.51179661843824,11544,2.772,0,0
0.51179653782466,11545,2.7725,0,0
0.51179645738803,11546,2.773,0,0
0.51179637712837,11547,2.7735,0,0
0.51179629704568,11548,2.774,0,0
0.51179621713996,11549,2.7745,0,0
0.5117961374112,11550,2.775,0,0
0.5117960578594,11551,2.7755,0,0
0.51179597848458,11552,2.776,0,0
0.51179589928672,11553,2.7765,0,0
0.51179582026582,11554,2.777,0,0
0.51179574142189,11555,2.7775,0,0
0.51179566275493,11556,2.778,0,0
0.51179558426494,11557,2.7785,0,0
0.51179550595191,11558,2.779,0,0
0.51179542781585,11559,2.7795,0,0
0.51179534985676,11560,2.78,0,0
0.51179527207463,11561,2.7805,0,0
0.51179519446947,11562,2.781,0,0
0.51179511704128,11563,2.7815,0,0
0.51179503979005,11564,2.782,0,0
0.51179496271579,11565,2.7825,0,0
0.5117948858185,11566,2.783,0,0
0.51179480909818,11567,2.7835,0,0
0.51179473255482,11568,2.784,0,0
0.51179465618843,11569,2.7845,0,0
0.51179457999901,11570,2.785,0,0
0.51179450398656,11571,2.7855,0,0
0.51179442815108,11572,2.786,0,0
0.51179435249256,11573,2.7865,0,0
0.51179427701101,11574,2.787,0,0
0.51179420170643,11575,2.7875,0,0
0.51179412657882,11576,2.788,0,0
0.51179405162817,11577,2.7885,0,0
0.5117939768545,11578,2.789,0,0
0.51179390225779,11579,2.7895,0,0
0.51179382783805,11580,2.79,0,0
0.51179375359528,11581,2.7905,0,0
0.51179367952947,11582,2.791,0,0
0.51179360564064,11583,2.7915,0,0
0.51179353192878,11584,2.792,0,0
0.51179345839388,11585,2.7925,0,0
0.51179338503595,11586,2.793,0,0
0.511793311855,11587,2.7935,0,0
0.51179323885101,11588,2.794,0,0
0.51179316602399,11589,2.7945,0,0
0.51179309337394,11590,2.795,0,0
0.51179302090086,11591,2.7955,0,0
0.51179294860474,11592,2.796,0,0
0.5117928764856,11593,2.7965,0,0
0.51179280454343,11594,2.797,0,0
0.51179273277822,11595,2.7975,0,0
0.51179266118999,11596,2.798,0,0
0.51179258977873,11597,2.7985,0,0
0.51179251854443,11598,2.799,0,0
0.51179244748711,11599,2.7995,0,0
0.51179237660675,11600,2.8,0,0
0.51179230590337,11601,2.8005,0,0
0.51179223537696,11602,2.801,0,0
0.51179216502751,11603,2.8015,0,0
0.51179209485504,11604,2.802,0,0
0.51179202485953,11605,2.8025,0,0
0.511791955041,11606,2.803,0,0
0.51179188539944,11607,2.8035,0,0
0.51179181593485,11608,2.804,0,0
0.51179174664723,11609,2.8045,0,0
0.51179167753657,11610,2.805,0,0
0.51179160860289,11611,2.8055,0,0
0.51179153984619,11612,2.806,0,0
0.51179147126645,11613,2.8065,0,0
0.51179140286368,11614,2.807,0,0
0.51179133463788,11615,2.8075,0,0
0.51179126658906,11616,2.808,0,0
0.5117911987172,11617,2.8085,0,0
0.51179113102232,11618,2.809,0,0
0.51179106350441,11619,2.8095,0,0
0.51179099616347,11620,2.81,0,0
0.5117909289995,11621,2.8105,0,0
0.5117908620125,11622,2.811,0,0
0.51179079520248,11623,2.8115,0,0
0.51179072856942,11624,2.812,0,0
0.51179066211334,11625,2.8125,0,0
0.51179059583423,11626,2.813,0,0
0.51179052973209,11627,2.8135,0,0
0.51179046380692,11628,2.814,0,0
0.51179039805873,11629,2.8145,0,0
0.51179033248751,11630,2.815,0,0
0.51179026709326,11631,2.8155,0,0
0.51179020187598,11632,2.816,0,0
0.51179013683567,11633,2.8165,0,0
0.51179007197234,11634,2.817,0,0
0.51179000728598,11635,2.8175,0,0
0.51178994277659,11636,2.818,0,0
0.51178987844417,11637,2.8185,0,0
0.51178981428873,11638,2.819,0,0
0.51178975031026,11639,2.8195,0,0
0.51178968650876,11640,2.82,0,0
0.51178962288423,11641,2.8205,0,0
0.51178955943668,11642,2.821,0,0
0.5117894961661,11643,2.8215,0,0
0.51178943307249,11644,2.822,0,0
0.51178937015586,11645,2.8225,0,0
0.5117893074162,11646,2.823,0,0
0.51178924485351,11647,2.8235,0,0
0.51178918246779,11648,2.824,0,0
0.51178912025905,11649,2.8245,0,0
0.51178905822728,11650,2.825,0,0
0.51178899637249,11651,2.8255,0,0
0.51178893469467,11652,2.826,0,0
0.51178887319382,11653,2.8265,0,0
0.51178881186995,11654,2.827,0,0
0.51178875072305,11655,2.8275,0,0
0.51178868975312,11656,2.828,0,0
0.51178862896017,11657,2.8285,0,0
0.51178856834419,11658,2.829,0,0
0.51178850790518,11659,2.8295,0,0
0.51178844764315,11660,2.83,0,0
0.5117883875581,11661,2.8305,0,0
0.51178832765001,11662,2.831,0,0
0.5117882679189,11663,2.8315,0,0
0.51178820836477,11664,2.832,0,0
0.51178814898761,11665,2.8325,0,0
0.51178808978742,11666,2.833,0,0
0.51178803076421,11667,2.8335,0,0
0.51178797191797,11668,2.834,0,0
0.51178791324871,11669,2.8345,0,0
0.51178785475642,11670,2.835,0,0
0.51178779644111,11671,2.8355,0,0
0.51178773830277,11672,2.836,0,0
0.51178768034141,11673,2.8365,0,0
0.51178762255702,11674,2.837,0,0
0.51178756494961,11675,2.8375,0,0
0.51178750751917,11676,2.838,0,0
0.5117874502657,11677,2.8385,0,0
0.51178739318921,11678,2.839,0,0
0.5117873362897,11679,2.8395,0,0
0.51178727956716,11680,2.84,0,0
0.5117872230216,11681,2.8405,0,0
0.51178716665301,11682,2.841,0,0
0.5117871104614,11683,2.8415,0,0
0.51178705444676,11684,2.842,0,0
0.5117869986091,11685,2.8425,0,0
0.51178694294841,11686,2.843,0,0
0.5117868874647,11687,2.8435,0,0
0.51178683215797,11688,2.844,0,0
0.51178677702821,11689,2.8445,0,0
0.51178672207542,11690,2.845,0,0
0.51178666729961,11691,2.8455,0,0
0.51178661270078,11692,2.846,0,0
0.51178655827893,11693,2.8465,0,0
0.51178650403405,11694,2.847,0,0
0.51178644996614,11695,2.8475,0,0
0.51178639607521,11696,2.848,0,0
0.51178634236126,11697,2.8485,0,0
0.51178628882429,11698,2.849,0,0
0.51178623546429,11699,2.8495,0,0
0.51178618228126,11700,2.85,0,0
0.51178612927522,11701,2.8505,0,0
0.51178607644615,11702,2.851,0,0
0.51178602379405,11703,2.8515,0,0
0.51178597131893,11704,2.852,0,0
0.51178591902079,11705,2.8525,0,0
0.51178586689963,11706,2.853,0,0
0.51178581495544,11707,2.8535,0,0
0.51178576318823,11708,2.854,0,0
0.511785711598,11709,2.8545,0,0
0.51178566018474,11710,2.855,0,0
0.51178560894846,11711,2.8555,0,0
0.51178555788916,11712,2.856,0,0
0.51178550700683,11713,2.8565,0,0
0.51178545630148,11714,2.857,0,0
0.51178540577311,11715,2.8575,0,0
0.51178535542171,11716,2.858,0,0
0.5117853052473,11717,2.8585,0,0
0.51178525524985,11718,2.859,0,0
0.51178520542939,11719,2.8595,0,0
0.51178515578591,11720,2.86,0,0
0.5117851063194,11721,2.8605,0,0
0.51178505702987,11722,2.861,0,0
0.51178500791731,11723,2.8615,0,0
0.51178495898174,11724,2.862,0,0
0.51178491022314,11725,2.8625,0,0
0.51178486164152,11726,2.863,0,0
0.51178481323687,11727,2.8635,0,0
0.51178476500921,11728,2.864,0,0
0.51178471695852,11729,2.8645,0,0
0.51178466908481,11730,2.865,0,0
0.51178462138808,11731,2.8655,0,0
0.51178457386833,11732,2.866,0,0
0.51178452652555,11733,2.8665,0,0
0.51178447935975,11734,2.867,0,0
0.51178443237093,11735,2.8675,0,0
0.51178438555909,11736,2.868,0,0
0.51178433892423,11737,2.8685,0,0
0.51178429246634,11738,2.869,0,0
0.51178424618544,11739,2.8695,0,0
0.51178420008151,11740,2.87,0,0
0.51178415415456,11741,2.8705,0,0
0.51178410840459,11742,2.871,0,0
0.51178406283159,11743,2.8715,0,0
0.51178401743558,11744,2.872,0,0
0.51178397221654,11745,2.8725,0,0
0.51178392717448,11746,2.873,0,0
0.51178388230941,11747,2.8735,0,0
0.51178383762131,11748,2.874,0,0
0.51178379311018,11749,2.8745,0,0
0.51178374877604,11750,2.875,0,0
0.51178370461888,11751,2.8755,0,0
0.51178366063869,11752,2.876,0,0
0.51178361683549,11753,2.8765,0,0
0.51178357320926,11754,2.877,0,0
0.51178352976001,11755,2.8775,0,0
0.51178348648774,11756,2.878,0,0
0.51178344339245,11757,2.8785,0,0
0.51178340047414,11758,2.879,0,0
0.51178335773281,11759,2.8795,0,0
0.51178331516846,11760,2.88,0,0
0.51178327278109,11761,2.8805,0,0
0.51178323057069,11762,2.881,0,0
0.51178318853728,11763,2.8815,0,0
0.51178314668085,11764,2.882,0,0
0.51178310500139,11765,2.8825,0,0
0.51178306349891,11766,2.883,0,0
0.51178302217342,11767,2.8835,0,0
0.5117829810249,11768,2.884,0,0
0.51178294005337,11769,2.8845,0,0
0.51178289925881,11770,2.885,0,0
0.51178285864123,11771,2.8855,0,0
0.51178281820063,11772,2.886,0,0
0.51178277793701,11773,2.8865,0,0
0.51178273785038,11774,2.887,0,0
0.51178269794072,11775,2.8875,0,0
0.51178265820804,11776,2.888,0,0
0.51178261865234,11777,2.8885,0,0
0.51178257927362,11778,2.889,0,0
0.51178254007188,11779,2.8895,0,0
0.51178250104713,11780,2.89,0,0
0.51178246219935,11781,2.8905,0,0
0.51178242352855,11782,2.891,0,0
0.51178238503473,11783,2.8915,0,0
0.51178234671789,11784,2.892,0,0
0.51178230857804,11785,2.8925,0,0
0.51178227061516,11786,2.893,0,0
0.51178223282926,11787,2.8935,0,0
0.51178219522035,11788,2.894,0,0
0.51178215778841,11789,2.8945,0,0
0.51178212053346,11790,2.895,0,0
0.51178208345548,11791,2.8955,0,0
0.51178204655449,11792,2.896,0,0
0.51178200983047,11793,2.8965,0,0
0.51178197328344,11794,2.897,0,0
0.51178193691339,11795,2.8975,0,0
0.51178190072032,11796,2.898,0,0
0.51178186470423,11797,2.8985,0,0
0.51178182886511,11798,2.899,0,0
0.51178179320299,11799,2.8995,0,0
0.51178175771784,11800,2.9,0,0
0.51178172240967,11801,2.9005,0,0
0.51178168727848,11802,2.901,0,0
0.51178165232428,11803,2.9015,0,0
0.51178161754705,11804,2.902,0,0
0.51178158294681,11805,2.9025,0,0
0.51178154852355,11806,2.903,0,0
0.51178151427726,11807,2.9035,0,0
0.51178148020796,11808,2.904,0,0
0.51178144631564,11809,2.9045,0,0
0.51178141260031,11810,2.905,0,0
0.51178137906195,11811,2.9055,0,0
0.51178134570057,11812,2.906,0,0
0.51178131251618,11813,2.9065,0,0
0.51178127950877,11814,2.907,0,0
0.51178124667833,11815,2.9075,0,0
0.51178121402488,11816,2.908,0,0
0.51178118154841,11817,2.9085,0,0
0.51178114924893,11818,2.909,0,0
0.51178111712642,11819,2.9095,0,0
0.5117810851809,11820,2.91,0,0
0.51178105341235,11821,2.9105,0,0
0.51178102182079,11822,2.911,0,0
0.51178099040621,11823,2.9115,0,0
0.51178095916862,11824,2.912,0,0
0.511780928108,11825,2.9125,0,0
0.51178089722436,11826,2.913,0,0
0.51178086651771,11827,2.9135,0,0
0.51178083598804,11828,2.914,0,0
0.51178080563535,11829,2.9145,0,0
0.51178077545964,11830,2.915,0,0
0.51178074546092,11831,2.9155,0,0
0.51178071563918,11832,2.916,0,0
0.51178068599441,11833,2.9165,0,0
0.51178065652664,11834,2.917,0,0
0.51178062723584,11835,2.9175,0,0
0.51178059812202,11836,2.918,0,0
0.51178056918519,11837,2.9185,0,0
0.51178054042534,11838,2.919,0,0
0.51178051184247,11839,2.9195,0,0
0.51178048343658,11840,2.92,0,0
0.51178045520768,11841,2.9205,0,0
0.51178042715575,11842,2.921,0,0
0.51178039928081,11843,2.9215,0,0
0.51178037158285,11844,2.922,0,0
0.51178034406188,11845,2.9225,0,0
0.51178031671789,11846,2.923,0,0
0.51178028955087,11847,2.9235,0,0
0.51178026256085,11848,2.924,0,0
0.5117802357478,11849,2.9245,0,0
0.51178020911174,11850,2.925,0,0
0.51178018265265,11851,2.9255,0,0
0.51178015637055,11852,2.926,0,0
0.51178013026544,11853,2.9265,0,0
0.5117801043373,11854,2.927,0,0
0.51178007858615,11855,2.9275,0,0
0.51178005301198,11856,2.928,0,0
0.5117800276148,11857,2.9285,0,0
0.51178000239459,11858,2.929,0,0
0.51177997735137,11859,2.9295,0,0
0.51177995248514,11860,2.93,0,0
0.51177992779588,11861,2.9305,0,0
0.51177990328361,11862,2.931,0,0
0.51177987894832,11863,2.9315,0,0
0.51177985479001,11864,2.932,0,0
0.51177983080869,11865,2.9325,0,0
0.51177980700434,11866,2.933,0,0
0.51177978337699,11867,2.9335,0,0
0.51177975992661,11868,2.934,0,0
0.51177973665322,11869,2.9345,0,0
0.51177971355681,11870,2.935,0,0
0.51177969063738,11871,2.9355,0,0
0.51177966789494,11872,2.936,0,0
0.51177964532948,11873,2.9365,0,0
0.511779622941,11874,2.937,0,0
0.5117796007295,11875,2.9375,0,0
0.51177957869499,11876,2.938,0,0
0.51177955683746,11877,2.9385,0,0
0.51177953515692,11878,2.939,0,0
0.51177951365336,11879,2.9395,0,0
0.51177949232678,11880,2.94,0,0
0.51177947117718,11881,2.9405,0,0
0.51177945020457,11882,2.941,0,0
0.51177942940894,11883,2.9415,0,0
0.51177940879029,11884,2.942,0,0
0.51177938834863,11885,2.9425,0,0
0.51177936808395,11886,2.943,0,0
0.51177934799625,11887,2.9435,0,0
0.51177932808554,11888,2.944,0,0
0.51177930835181,11889,2.9445,0,0
0.51177928879507,11890,2.945,0,0
0.5117792694153,11891,2.9455,0,0
0.51177925021252,11892,2.946,0,0
0.51177923118673,11893,2.9465,0,0
0.51177921233791,11894,2.947,0,0
0.51177919366609,11895,2.9475,0,0
0.51177917517124,11896,2.948,0,0
0.51177915685338,11897,2.9485,0,0
0.5117791387125,11898,2.949,0,0
0.5117791207486,11899,2.9495,0,0
0.51177910296169,11900,2.95,0,0
0.51177908535177,11901,2.9505,0,0
0.51177906791882,11902,2.951,0,0
0.51177905066286,11903,2.9515,0,0
0.51177903358388,11904,2.952,0,0
0.51177901668189,11905,2.9525,0,0
0.51177899995688,11906,2.953,0,0
0.51177898340886,11907,2.9535,0,0
0.51177896703781,11908,2.954,0,0
0.51177895084376,11909,2.9545,0,0
0.51177893482668,11910,2.955,0,0
0.51177891898659,11911,2.9555,0,0
0.51177890332348,11912,2.956,0,0
0.51177888783736,11913,2.9565,0,0
0.51177887252822,11914,2.957,0,0
0.51177885739606,11915,2.9575,0,0
0.51177884244089,11916,2.958,0,0
0.51177882766271,11917,2.9585,0,0
0.5117788130615,11918,2.959,0,0
0.51177879863728,11919,2.9595,0,0
0.51177878439004,11920,2.96,0,0
0.51177877031979,11921,2.9605,0,0
0.51177875642652,11922,2.961,0,0
0.51177874271024,11923,2.9615,0,0
0.51177872917094,11924,2.962,0,0
0.51177871580862,11925,2.9625,0,0
0.51177870262329,11926,2.963,0,0
0.51177868961494,11927,2.9635,0,0
0.51177867678358,11928,2.964,0,0
0.5117786641292,11929,2.9645,0,0
0.5117786516518,11930,2.965,0,0
0.51177863935139,11931,2.9655,0,0
0.51177862722796,11932,2.966,0,0
0.51177861528152,11933,2.9665,0,0
0.51177860351205,11934,2.967,0,0
0.51177859191958,11935,2.9675,0,0
0.51177858050409,11936,2.968,0,0
0.51177856926558,11937,2.9685,0,0
0.51177855820406,11938,2.969,0,0
0.51177854731952,11939,2.9695,0,0
0.51177853661196,11940,2.97,0,0
0.51177852608139,11941,2.9705,0,0
0.5117785157278,11942,2.971,0,0
0.5117785055512,11943,2.9715,0,0
0.51177849555158,11944,2.972,0,0
0.51177848572895,11945,2.9725,0,0
0.5117784760833,11946,2.973,0,0
0.51177846661463,11947,2.9735,0,0
0.51177845732295,11948,2.974,0,0
0.51177844820825,11949,2.9745,0,0
0.51177843927054,11950,2.975,0,0
0.51177843050981,11951,2.9755,0,0
0.51177842192606,11952,2.976,0,0
0.5117784135193,11953,2.9765,0,0
0.51177840528953,11954,2.977,0,0
0.51177839723674,11955,2.9775,0,0
0.51177838936093,11956,2.978,0,0
0.51177838166211,11957,2.9785,0,0
0.51177837414027,11958,2.979,0,0
0.51177836679541,11959,2.9795,0,0
0.51177835962754,11960,2.98,0,0
0.51177835263666,11961,2.9805,0,0
0.51177834582276,11962,2.981,0,0
0.51177833918584,11963,2.9815,0,0
0.51177833272591,11964,2.982,0,0
0.51177832644296,11965,2.9825,0,0
0.51177832033699,11966,2.983,0,0
0.51177831440801,11967,2.9835,0,0
0.51177830865602,11968,2.984,0,0
0.51177830308101,11969,2.9845,0,0
0.51177829768298,11970,2.985,0,0
0.51177829246194,11971,2.9855,0,0
0.51177828741788,11972,2.986,0,0
0.51177828255081,11973,2.9865,0,0
0.51177827786072,11974,2.987,0,0
0.51177827334762,11975,2.9875,0,0
0.5117782690115,11976,2.988,0,0
0.51177826485236,11977,2.9885,0,0
0.51177826087021,11978,2.989,0,0
0.51177825706504,11979,2.9895,0,0
0.51177825343686,11980,2.99,0,0
0.51177824998567,11981,2.9905,0,0
0.51177824671145,11982,2.991,0,0
0.51177824361422,11983,2.9915,0,0
0.51177824069398,11984,2.992,0,0
0.51177823795072,11985,2.9925,0,0
0.51177823538444,11986,2.993,0,0
0.51177823299515,11987,2.9935,0,0
0.51177823078285,11988,2.994,0,0
0.51177822874753,11989,2.9945,0,0
0.51177822688919,11990,2.995,0,0
0.51177822520784,11991,2.9955,0,0
0.51177822370347,11992,2.996,0,0
0.51177822237608,11993,2.9965,0,0
0.51177822122569,11994,2.997,0,0
0.51177822025227,11995,2.9975,0,0
0.51177821945584,11996,2.998,0,0
0.51177821883639,11997,2.9985,0,0
0.51177821839393,11998,2.999,0,0
0.51177821812846,11999,2.9995,0,0
0.51177821803996,12000,3,0,0
