ci,id,x,y,z
0.69290068816262,0,-2,0,0
0.6929006882296,1,-1.9995,0,0
0.69290068843053,2,-1.999,0,0
0.69290068876542,3,-1.9985,0,0
0.69290068923426,4,-1.998,0,0
0.69290068983706,5,-1.9975,0,0
0.69290069057382,6,-1.997,0,0
0.69290069144453,7,-1.9965,0,0
0.69290069244919,8,-1.996,0,0
0.69290069358781,9,-1.9955,0,0
0.69290069486039,10,-1.995,0,0
0.69290069626692,11,-1.9945,0,0
0.6929006978074,12,-1.994,0,0
0.69290069948185,13,-1.9935,0,0
0.69290070129024,14,-1.993,0,0
0.6929007032326,15,-1.9925,0,0
0.6929007053089,16,-1.992,0,0
0.69290070751917,17,-1.9915,0,0
0.69290070986338,18,-1.991,0,0
0.69290071234156,19,-1.9905,0,0
0.69290071495369,20,-1.99,0,0
0.69290071769977,21,-1.9895,0,0
0.69290072057981,22,-1.989,0,0
0.6929007235938,23,-1.9885,0,0
0.69290072674175,24,-1.988,0,0
0.69290073002366,25,-1.9875,0,0
0.69290073343952,26,-1.987,0,0
0.69290073698934,27,-1.9865,0,0
0.69290074067311,28,-1.986,0,0
0.69290074449083,29,-1.9855,0,0
0.69290074844252,30,-1.985,0,0
0.69290075252815,31,-1.9845,0,0
0.69290075674775,32,-1.984,0,0
0.69290076110129,33,-1.9835,0,0
0.6929007655888,34,-1.983,0,0
0.69290077021025,35,-1.9825,0,0
0.69290077496567,36,-1.982,0,0
0.69290077985504,37,-1.9815,0,0
0.69290078487836,38,-1.981,0,0
0.69290079003564,39,-1.9805,0,0
0.69290079532687,40,-1.98,0,0
0.69290080075206,41,-1.9795,0,0
0.69290080631121,42,-1.979,0,0
0.69290081200431,43,-1.9785,0,0
0.69290081783136,44,-1.978,0,0
0.69290082379238,45,-1.9775,0,0
0.69290082988734,46,-1.977,0,0
0.69290083611626,47,-1.9765,0,0
0.69290084247914,48,-1.976,0,0
0.69290084897597,49,-1.9755,0,0
0.69290085560676,50,-1.975,0,0
0.6929008623715,51,-1.9745,0,0
0.6929008692702,52,-1.974,0,0
0.69290087630285,53,-1.9735,0,0
0.69290088346946,54,-1.973,0,0
0.69290089077002,55,-1.9725,0,0
0.69290089820454,56,-1.972,0,0
0.69290090577301,57,-1.9715,0,0
0.69290091347544,58,-1.971,0,0
0.69290092131182,59,-1.9705,0,0
0.69290092928216,60,-1.97,0,0
0.69290093738645,61,-1.9695,0,0
0.6929009456247,62,-1.969,0,0
0.6929009539969,63,-1.9685,0,0
0.69290096250306,64,-1.968,0,0
0.69290097114318,65,-1.9675,0,0
0.69290097991725,66,-1.967,0,0
0.69290098882527,67,-1.9665,0,0
0.69290099786725,68,-1.966,0,0
0.69290100704318,69,-1.9655,0,0
0.69290101635307,70,-1.965,0,0
0.69290102579692,71,-1.9645,0,0
0.69290103537472,72,-1.964,0,0
0.69290104508647,73,-1.9635,0,0
0.69290105493218,74,-1.963,0,0
0.69290106491184,75,-1.9625,0,0
0.69290107502546,76,-1.962,0,0
0.69290108527304,77,-1.9615,0,0
0.69290109565457,78,-1.961,0,0
0.69290110617005,79,-1.9605,0,0
0.69290111681949,80,-1.96,0,0
0.69290112760289,81,-1.9595,0,0
0.69290113852023,82,-1.959,0,0
0.69290114957154,83,-1.9585,0,0
0.6929011607568,84,-1.958,0,0
0.69290117207601,85,-1.9575,0,0
0.69290118352918,86,-1.957,0,0
0.69290119511631,87,-1.9565,0,0
0.69290120683738,88,-1.956,0,0
0.69290121869242,89,-1.9555,0,0
0.69290123068141,90,-1.955,0,0
0.69290124280435,91,-1.9545,0,0
0.69290125506125,92,-1.954,0,0
0.6929012674521,93,-1.9535,0,0
0.69290127997691,94,-1.953,0,0
0.69290129263567,95,-1.9525,0,0
0.69290130542839,96,-1.952,0,0
0.69290131835506,97,-1.9515,0,0
0.69290133141569,98,-1.951,0,0
0.69290134461027,99,-1.9505,0,0
0.69290135793881,100,-1.95,0,0
0.6929013714013,101,-1.9495,0,0
0.69290138499775,102,-1.949,0,0
0.69290139872815,103,-1.9485,0,0
0.69290141259251,104,-1.948,0,0
0.69290142659082,105,-1.9475,0,0
0.69290144072308,106,-1.947,0,0
0.6929014549893,107,-1.9465,0,0
0.69290146938948,108,-1.946,0,0
0.69290148392361,109,-1.9455,0,0
0.69290149859169,110,-1.945,0,0
0.69290151339373,111,-1.9445,0,0
0.69290152832972,112,-1.944,0,0
0.69290154339967,113,-1.9435,0,0
0.69290155860357,114,-1.943,0,0
0.69290157394143,115,-1.9425,0,0
0.69290158941324,116,-1.942,0,0
0.69290160501901,117,-1.9415,0,0
0.69290162075873,118,-1.941,0,0
0.6929016366324,119,-1.9405,0,0
0.69290165264003,120,-1.94,0,0
0.69290166878162,121,-1.9395,0,0
0.69290168505716,122,-1.939,0,0
0.69290170146665,123,-1.9385,0,0
0.6929017180101,124,-1.938,0,0
0.6929017346875,125,-1.9375,0,0
0.69290175149886,126,-1.937,0,0
0.69290176844417,127,-1.9365,0,0
0.69290178552344,128,-1.936,0,0
0.69290180273666,129,-1.9355,0,0
0.69290182008383,130,-1.935,0,0
0.69290183756496,131,-1.9345,0,0
0.69290185518004,132,-1.934,0,0
0.69290187292908,133,-1.9335,0,0
0.69290189081207,134,-1.933,0,0
0.69290190882902,135,-1.9325,0,0
0.69290192697992,136,-1.932,0,0
0.69290194526477,137,-1.9315,0,0
0.69290196368358,138,-1.931,0,0
0.69290198223635,139,-1.9305,0,0
0.69290200092306,140,-1.93,0,0
0.69290201974374,141,-1.9295,0,0
0.69290203869836,142,-1.929,0,0
0.69290205778694,143,-1.9285,0,0
0.69290207700948,144,-1.928,0,0
0.69290209636596,145,-1.9275,0,0
0.69290211585641,146,-1.927,0,0
0.6929021354808,147,-1.9265,0,0
0.69290215523915,148,-1.926,0,0
0.69290217513146,149,-1.9255,0,0
0.69290219515772,150,-1.925,0,0
0.69290221531793,151,-1.9245,0,0
0.6929022356121,152,-1.924,0,0
0.69290225604022,153,-1.9235,0,0
0.6929022766023,154,-1.923,0,0
0.69290229729832,155,-1.9225,0,0
0.69290231812831,156,-1.922,0,0
0.69290233909224,157,-1.9215,0,0
0.69290236019014,158,-1.921,0,0
0.69290238142198,159,-1.9205,0,0
0.69290240278778,160,-1.92,0,0
0.69290242428753,161,-1.9195,0,0
0.69290244592124,162,-1.919,0,0
0.6929024676889,163,-1.9185,0,0
0.69290248959051,164,-1.918,0,0
0.69290251162608,165,-1.9175,0,0
0.6929025337956,166,-1.917,0,0
0.69290255609908,167,-1.9165,0,0
0.69290257853651,168,-1.916,0,0
0.69290260110789,169,-1.9155,0,0
0.69290262381323,170,-1.915,0,0
0.69290264665252,171,-1.9145,0,0
0.69290266962576,172,-1.914,0,0
0.69290269273296,173,-1.9135,0,0
0.69290271597411,174,-1.913,0,0
0.69290273934922,175,-1.9125,0,0
0.69290276285828,176,-1.912,0,0
0.69290278650129,177,-1.9115,0,0
0.69290281027825,178,-1.911,0,0
0.69290283418917,179,-1.9105,0,0
0.69290285823405,180,-1.91,0,0
0.69290288241287,181,-1.9095,0,0
0.69290290672565,182,-1.909,0,0
0.69290293117238,183,-1.9085,0,0
0.69290295575307,184,-1.908,0,0
0.69290298046771,185,-1.9075,0,0
0.69290300531631,186,-1.907,0,0
0.69290303029885,187,-1.9065,0,0
0.69290305541535,188,-1.906,0,0
0.69290308066581,189,-1.9055,0,0
0.69290310605021,190,-1.905,0,0
0.69290313156857,191,-1.9045,0,0
0.69290315722089,192,-1.904,0,0
0.69290318300715,193,-1.9035,0,0
0.69290320892737,194,-1.903,0,0
0.69290323498155,195,-1.9025,0,0
0.69290326116967,196,-1.902,0,0
0.69290328749175,197,-1.9015,0,0
0.69290331394778,198,-1.901,0,0
0.69290334053777,199,-1.9005,0,0
0.69290336726171,200,-1.9,0,0
0.6929033941196,201,-1.8995,0,0
0.69290342111144,202,-1.899,0,0
0.69290344823724,203,-1.8985,0,0
0.69290347549699,204,-1.898,0,0
0.6929035028907,205,-1.8975,0,0
0.69290353041835,206,-1.897,0,0
0.69290355807996,207,-1.8965,0,0
0.69290358587553,208,-1.896,0,0
0.69290361380504,209,-1.8955,0,0
0.69290364186851,210,-1.895,0,0
0.69290367006593,211,-1.8945,0,0
0.6929036983973,212,-1.894,0,0
0.69290372686263,213,-1.8935,0,0
0.69290375546191,214,-1.893,0,0
0.69290378419514,215,-1.8925,0,0
0.69290381306233,216,-1.892,0,0
0.69290384206347,217,-1.8915,0,0
0.69290387119856,218,-1.891,0,0
0.6929039004676,219,-1.8905,0,0
0.69290392987059,220,-1.89,0,0
0.69290395940754,221,-1.8895,0,0
0.69290398907844,222,-1.889,0,0
0.6929040188833,223,-1.8885,0,0
0.6929040488221,224,-1.888,0,0
0.69290407889486,225,-1.8875,0,0
0.69290410910157,226,-1.887,0,0
0.69290413944223,227,-1.8865,0,0
0.69290416991685,228,-1.886,0,0
0.69290420052542,229,-1.8855,0,0
0.69290423126794,230,-1.885,0,0
0.69290426214441,231,-1.8845,0,0
0.69290429315483,232,-1.884,0,0
0.69290432429921,233,-1.8835,0,0
0.69290435557754,234,-1.883,0,0
0.69290438698982,235,-1.8825,0,0
0.69290441853606,236,-1.882,0,0
0.69290445021624,237,-1.8815,0,0
0.69290448203038,238,-1.881,0,0
0.69290451397847,239,-1.8805,0,0
0.69290454606051,240,-1.88,0,0
0.69290457827651,241,-1.8795,0,0
0.69290461062645,242,-1.879,0,0
0.69290464311035,243,-1.8785,0,0
0.6929046757282,244,-1.878,0,0
0.69290470848001,245,-1.8775,0,0
0.69290474136576,246,-1.877,0,0
0.69290477438547,247,-1.8765,0,0
0.69290480753912,248,-1.876,0,0
0.69290484082673,249,-1.8755,0,0
0.6929048742483,250,-1.875,0,0
0.69290490780381,251,-1.8745,0,0
0.69290494149327,252,-1.874,0,0
0.69290497531669,253,-1.8735,0,0
0.69290500927406,254,-1.873,0,0
0.69290504336538,255,-1.8725,0,0
0.69290507759065,256,-1.872,0,0
0.69290511194988,257,-1.8715,0,0
0.69290514644305,258,-1.871,0,0
0.69290518107018,259,-1.8705,0,0
0.69290521583126,260,-1.87,0,0
0.69290525072629,261,-1.8695,0,0
0.69290528575527,262,-1.869,0,0
0.6929053209182,263,-1.8685,0,0
0.69290535621508,264,-1.868,0,0
0.69290539164592,265,-1.8675,0,0
0.69290542721071,266,-1.867,0,0
0.69290546290945,267,-1.8665,0,0
0.69290549874213,268,-1.866,0,0
0.69290553470878,269,-1.8655,0,0
0.69290557080937,270,-1.865,0,0
0.69290560704391,271,-1.8645,0,0
0.6929056434124,272,-1.864,0,0
0.69290567991485,273,-1.8635,0,0
0.69290571655125,274,-1.863,0,0
0.69290575332159,275,-1.8625,0,0
0.69290579022589,276,-1.862,0,0
0.69290582726414,277,-1.8615,0,0
0.69290586443634,278,-1.861,0,0
0.6929059017425,279,-1.8605,0,0
0.6929059391826,280,-1.86,0,0
0.69290597675665,281,-1.8595,0,0
0.69290601446466,282,-1.859,0,0
0.69290605230661,283,-1.8585,0,0
0.69290609028252,284,-1.858,0,0
0.69290612839237,285,-1.8575,0,0
0.69290616663618,286,-1.857,0,0
0.69290620501394,287,-1.8565,0,0
0.69290624352565,288,-1.856,0,0
0.69290628217131,289,-1.8555,0,0
0.69290632095092,290,-1.855,0,0
0.69290635986448,291,-1.8545,0,0
0.69290639891199,292,-1.854,0,0
0.69290643809345,293,-1.8535,0,0
0.69290647740886,294,-1.853,0,0
0.69290651685822,295,-1.8525,0,0
0.69290655644154,296,-1.852,0,0
0.6929065961588,297,-1.8515,0,0
0.69290663601001,298,-1.851,0,0
0.69290667599518,299,-1.8505,0,0
0.69290671611429,300,-1.85,0,0
0.69290675636736,301,-1.8495,0,0
0.69290679675437,302,-1.849,0,0
0.69290683727533,303,-1.8485,0,0
0.69290687793025,304,-1.848,0,0
0.69290691871911,305,-1.8475,0,0
0.69290695964193,306,-1.847,0,0
0.69290700069869,307,-1.8465,0,0
0.69290704188941,308,-1.846,0,0
0.69290708321407,309,-1.8455,0,0
0.69290712467269,310,-1.845,0,0
0.69290716626525,311,-1.8445,0,0
0.69290720799177,312,-1.844,0,0
0.69290724985223,313,-1.8435,0,0
0.69290729184665,314,-1.843,0,0
0.69290733397501,315,-1.8425,0,0
0.69290737623732,316,-1.842,0,0
0.69290741863359,317,-1.8415,0,0
0.6929074611638,318,-1.841,0,0
0.69290750382796,319,-1.8405,0,0
0.69290754662607,320,-1.84,0,0
0.69290758955814,321,-1.8395,0,0
0.69290763262415,322,-1.839,0,0
0.69290767582411,323,-1.8385,0,0
0.69290771915802,324,-1.838,0,0
0.69290776262588,325,-1.8375,0,0
0.69290780622768,326,-1.837,0,0
0.69290784996344,327,-1.8365,0,0
0.69290789383315,328,-1.836,0,0
0.69290793783681,329,-1.8355,0,0
0.69290798197441,330,-1.835,0,0
0.69290802624597,331,-1.8345,0,0
0.69290807065147,332,-1.834,0,0
0.69290811519092,333,-1.8335,0,0
0.69290815986432,334,-1.833,0,0
0.69290820467168,335,-1.8325,0,0
0.69290824961298,336,-1.832,0,0
0.69290829468822,337,-1.8315,0,0
0.69290833989742,338,-1.831,0,0
0.69290838524057,339,-1.8305,0,0
0.69290843071766,340,-1.83,0,0
0.69290847632871,341,-1.8295,0,0
0.6929085220737,342,-1.829,0,0
0.69290856795264,343,-1.8285,0,0
0.69290861396553,344,-1.828,0,0
0.69290866011237,345,-1.8275,0,0
0.69290870639316,346,-1.827,0,0
0.6929087528079,347,-1.8265,0,0
0.69290879935658,348,-1.826,0,0
0.69290884603921,349,-1.8255,0,0
0.69290889285579,350,-1.825,0,0
0.69290893980632,351,-1.8245,0,0
0.6929089868908,352,-1.824,0,0
0.69290903410923,353,-1.8235,0,0
0.6929090814616,354,-1.823,0,0
0.69290912894793,355,-1.8225,0,0
0.6929091765682,356,-1.822,0,0
0.69290922432242,357,-1.8215,0,0
0.69290927221058,358,-1.821,0,0
0.6929093202327,359,-1.8205,0,0
0.69290936838876,360,-1.82,0,0
0.69290941667877,361,-1.8195,0,0
0.69290946510273,362,-1.819,0,0
0.69290951366064,363,-1.8185,0,0
0.6929095623525,364,-1.818,0,0
0.6929096111783,365,-1.8175,0,0
0.69290966013805,366,-1.817,0,0
0.69290970923175,367,-1.8165,0,0
0.69290975845939,368,-1.816,0,0
0.69290980782099,369,-1.8155,0,0
0.69290985731653,370,-1.815,0,0
0.69290990694602,371,-1.8145,0,0
0.69290995670945,372,-1.814,0,0
0.69291000660684,373,-1.8135,0,0
0.69291005663817,374,-1.813,0,0
0.69291010680345,375,-1.8125,0,0
0.69291015710267,376,-1.812,0,0
0.69291020753585,377,-1.8115,0,0
0.69291025810297,378,-1.811,0,0
0.69291030880404,379,-1.8105,0,0
0.69291035963905,380,-1.81,0,0
0.69291041060801,381,-1.8095,0,0
0.69291046171092,382,-1.809,0,0
0.69291051294778,383,-1.8085,0,0
0.69291056431858,384,-1.808,0,0
0.69291061582333,385,-1.8075,0,0
0.69291066746203,386,-1.807,0,0
0.69291071923467,387,-1.8065,0,0
0.69291077114126,388,-1.806,0,0
0.6929108231818,389,-1.8055,0,0
0.69291087535629,390,-1.805,0,0
0.69291092766472,391,-1.8045,0,0
0.6929109801071,392,-1.804,0,0
0.69291103268342,393,-1.8035,0,0
0.69291108539369,394,-1.803,0,0
0.69291113823791,395,-1.8025,0,0
0.69291119121607,396,-1.802,0,0
0.69291124432818,397,-1.8015,0,0
0.69291129757424,398,-1.801,0,0
0.69291135095424,399,-1.8005,0,0
0.69291140446819,400,-1.8,0,0
0.69291145811609,401,-1.7995,0,0
0.69291151189793,402,-1.799,0,0
0.69291156581372,403,-1.7985,0,0
0.69291161986345,404,-1.798,0,0
0.69291167404713,405,-1.7975,0,0
0.69291172836476,406,-1.797,0,0
0.69291178281633,407,-1.7965,0,0
0.69291183740185,408,-1.796,0,0
0.69291189212132,409,-1.7955,0,0
0.69291194697473,410,-1.795,0,0
0.69291200196208,411,-1.7945,0,0
0.69291205708338,412,-1.794,0,0
0.69291211233863,413,-1.7935,0,0
0.69291216772782,414,-1.793,0,0
0.69291222325096,415,-1.7925,0,0
0.69291227890805,416,-1.792,0,0
0.69291233469908,417,-1.7915,0,0
0.69291239062405,418,-1.791,0,0
0.69291244668297,419,-1.7905,0,0
0.69291250287584,420,-1.79,0,0
0.69291255920265,421,-1.7895,0,0
0.69291261566341,422,-1.789,0,0
0.69291267225811,423,-1.7885,0,0
0.69291272898675,424,-1.788,0,0
0.69291278584935,425,-1.7875,0,0
0.69291284284588,426,-1.787,0,0
0.69291289997637,427,-1.7865,0,0
0.69291295724079,428,-1.786,0,0
0.69291301463916,429,-1.7855,0,0
0.69291307217148,430,-1.785,0,0
0.69291312983774,431,-1.7845,0,0
0.69291318763795,432,-1.784,0,0
0.6929132455721,433,-1.7835,0,0
0.6929133036402,434,-1.783,0,0
0.69291336184224,435,-1.7825,0,0
0.69291342017822,436,-1.782,0,0
0.69291347864815,437,-1.7815,0,0
0.69291353725203,438,-1.781,0,0
0.69291359598985,439,-1.7805,0,0
0.69291365486161,440,-1.78,0,0
0.69291371386732,441,-1.7795,0,0
0.69291377300697,442,-1.779,0,0
0.69291383228057,443,-1.7785,0,0
0.69291389168811,444,-1.778,0,0
0.69291395122959,445,-1.7775,0,0
0.69291401090502,446,-1.777,0,0
0.69291407071439,447,-1.7765,0,0
0.69291413065771,448,-1.776,0,0
0.69291419073497,449,-1.7755,0,0
0.69291425094617,450,-1.775,0,0
0.69291431129132,451,-1.7745,0,0
0.69291437177041,452,-1.774,0,0
0.69291443238345,453,-1.7735,0,0
0.69291449313043,454,-1.773,0,0
0.69291455401135,455,-1.7725,0,0
0.69291461502622,456,-1.772,0,0
0.69291467617503,457,-1.7715,0,0
0.69291473745778,458,-1.771,0,0
0.69291479887448,459,-1.7705,0,0
0.69291486042512,460,-1.77,0,0
0.6929149221097,461,-1.7695,0,0
0.69291498392823,462,-1.769,0,0
0.6929150458807,463,-1.7685,0,0
0.69291510796712,464,-1.768,0,0
0.69291517018747,465,-1.7675,0,0
0.69291523254177,466,-1.767,0,0
0.69291529503001,467,-1.7665,0,0
0.6929153576522,468,-1.766,0,0
0.69291542040833,469,-1.7655,0,0
0.6929154832984,470,-1.765,0,0
0.69291554632241,471,-1.7645,0,0
0.69291560948037,472,-1.764,0,0
0.69291567277227,473,-1.7635,0,0
0.69291573619811,474,-1.763,0,0
0.6929157997579,475,-1.7625,0,0
0.69291586345163,476,-1.762,0,0
0.6929159272793,477,-1.7615,0,0
0.69291599124091,478,-1.761,0,0
0.69291605533646,479,-1.7605,0,0
0.69291611956596,480,-1.76,0,0
0.6929161839294,481,-1.7595,0,0
0.69291624842678,482,-1.759,0,0
0.6929163130581,483,-1.7585,0,0
0.69291637782337,484,-1.758,0,0
0.69291644272258,485,-1.7575,0,0
0.69291650775573,486,-1.757,0,0
0.69291657292282,487,-1.7565,0,0
0.69291663822385,488,-1.756,0,0
0.69291670365883,489,-1.7555,0,0
0.69291676922775,490,-1.755,0,0
0.6929168349306,491,-1.7545,0,0
0.69291690076741,492,-1.754,0,0
0.69291696673815,493,-1.7535,0,0
0.69291703284283,494,-1.753,0,0
0.69291709908146,495,-1.7525,0,0
0.69291716545402,496,-1.752,0,0
0.69291723196053,497,-1.7515,0,0
0.69291729860098,498,-1.751,0,0
0.69291736537537,499,-1.7505,0,0
0.6929174322837,500,-1.75,0,0
0.69291749932598,501,-1.7495,0,0
0.69291756650219,502,-1.749,0,0
0.69291763381234,503,-1.7485,0,0
0.69291770125644,504,-1.748,0,0
0.69291776883448,505,-1.7475,0,0
0.69291783654646,506,-1.747,0,0
0.69291790439237,507,-1.7465,0,0
0.69291797237223,508,-1.746,0,0
0.69291804048603,509,-1.7455,0,0
0.69291810873377,510,-1.745,0,0
0.69291817711546,511,-1.7445,0,0
0.69291824563108,512,-1.744,0,0
0.69291831428064,513,-1.7435,0,0
0.69291838306414,514,-1.743,0,0
0.69291845198159,515,-1.7425,0,0
0.69291852103297,516,-1.742,0,0
0.69291859021829,517,-1.7415,0,0
0.69291865953756,518,-1.741,0,0
0.69291872899076,519,-1.7405,0,0
0.6929187985779,520,-1.74,0,0
0.69291886829899,521,-1.7395,0,0
0.69291893815401,522,-1.739,0,0
0.69291900814297,523,-1.7385,0,0
0.69291907826588,524,-1.738,0,0
0.69291914852272,525,-1.7375,0,0
0.6929192189135,526,-1.737,0,0
0.69291928943823,527,-1.7365,0,0
0.69291936009689,528,-1.736,0,0
0.69291943088949,529,-1.7355,0,0
0.69291950181603,530,-1.735,0,0
0.69291957287651,531,-1.7345,0,0
0.69291964407093,532,-1.734,0,0
0.69291971539929,533,-1.7335,0,0
0.69291978686159,534,-1.733,0,0
0.69291985845783,535,-1.7325,0,0
0.692919930188,536,-1.732,0,0
0.69292000205212,537,-1.7315,0,0
0.69292007405017,538,-1.731,0,0
0.69292014618217,539,-1.7305,0,0
0.6929202184481,540,-1.73,0,0
0.69292029084797,541,-1.7295,0,0
0.69292036338178,542,-1.729,0,0
0.69292043604953,543,-1.7285,0,0
0.69292050885122,544,-1.728,0,0
0.69292058178684,545,-1.7275,0,0
0.69292065485641,546,-1.727,0,0
0.69292072805991,547,-1.7265,0,0
0.69292080139735,548,-1.726,0,0
0.69292087486873,549,-1.7255,0,0
0.69292094847405,550,-1.725,0,0
0.6929210222133,551,-1.7245,0,0
0.6929210960865,552,-1.724,0,0
0.69292117009363,553,-1.7235,0,0
0.6929212442347,554,-1.723,0,0
0.69292131850971,555,-1.7225,0,0
0.69292139291865,556,-1.722,0,0
0.69292146746153,557,-1.7215,0,0
0.69292154213835,558,-1.721,0,0
0.69292161694911,559,-1.7205,0,0
0.69292169189381,560,-1.72,0,0
0.69292176697244,561,-1.7195,0,0
0.69292184218502,562,-1.719,0,0
0.69292191753152,563,-1.7185,0,0
0.69292199301197,564,-1.718,0,0
0.69292206862635,565,-1.7175,0,0
0.69292214437467,566,-1.717,0,0
0.69292222025693,567,-1.7165,0,0
0.69292229627313,568,-1.716,0,0
0.69292237242326,569,-1.7155,0,0
0.69292244870733,570,-1.715,0,0
0.69292252512533,571,-1.7145,0,0
0.69292260167728,572,-1.714,0,0
0.69292267836316,573,-1.7135,0,0
0.69292275518297,574,-1.713,0,0
0.69292283213672,575,-1.7125,0,0
0.69292290922441,576,-1.712,0,0
0.69292298644604,577,-1.7115,0,0
0.6929230638016,578,-1.711,0,0
0.6929231412911,579,-1.7105,0,0
0.69292321891454,580,-1.71,0,0
0.69292329667191,581,-1.7095,0,0
0.69292337456321,582,-1.709,0,0
0.69292345258846,583,-1.7085,0,0
0.69292353074764,584,-1.708,0,0
0.69292360904075,585,-1.7075,0,0
0.6929236874678,586,-1.707,0,0
0.69292376602879,587,-1.7065,0,0
0.69292384472372,588,-1.706,0,0
0.69292392355257,589,-1.7055,0,0
0.69292400251537,590,-1.705,0,0
0.6929240816121,591,-1.7045,0,0
0.69292416084276,592,-1.704,0,0
0.69292424020736,593,-1.7035,0,0
0.6929243197059,594,-1.703,0,0
0.69292439933837,595,-1.7025,0,0
0.69292447910478,596,-1.702,0,0
0.69292455900512,597,-1.7015,0,0
0.6929246390394,598,-1.701,0,0
0.69292471920761,599,-1.7005,0,0
0.69292479950976,600,-1.7,0,0
0.69292487994584,601,-1.6995,0,0
0.69292496051586,602,-1.699,0,0
0.69292504121981,603,-1.6985,0,0
0.6929251220577,604,-1.698,0,0
0.69292520302952,605,-1.6975,0,0
0.69292528413527,606,-1.697,0,0
0.69292536537496,607,-1.6965,0,0
0.69292544674859,608,-1.696,0,0
0.69292552825615,609,-1.6955,0,0
0.69292560989764,610,-1.695,0,0
0.69292569167307,611,-1.6945,0,0
0.69292577358243,612,-1.694,0,0
0.69292585562573,613,-1.6935,0,0
0.69292593780296,614,-1.693,0,0
0.69292602011412,615,-1.6925,0,0
0.69292610255922,616,-1.692,0,0
0.69292618513825,617,-1.6915,0,0
0.69292626785121,618,-1.691,0,0
0.69292635069811,619,-1.6905,0,0
0.69292643367894,620,-1.69,0,0
0.69292651679371,621,-1.6895,0,0
0.69292660004241,622,-1.689,0,0
0.69292668342504,623,-1.6885,0,0
0.69292676694161,624,-1.688,0,0
0.69292685059211,625,-1.6875,0,0
0.69292693437654,626,-1.687,0,0
0.69292701829491,627,-1.6865,0,0
0.6929271023472,628,-1.686,0,0
0.69292718653344,629,-1.6855,0,0
0.6929272708536,630,-1.685,0,0
0.6929273553077,631,-1.6845,0,0
0.69292743989573,632,-1.684,0,0
0.69292752461769,633,-1.6835,0,0
0.69292760947359,634,-1.683,0,0
0.69292769446341,635,-1.6825,0,0
0.69292777958717,636,-1.682,0,0
0.69292786484487,637,-1.6815,0,0
0.69292795023649,638,-1.681,0,0
0.69292803576205,639,-1.6805,0,0
0.69292812142154,640,-1.68,0,0
0.69292820721496,641,-1.6795,0,0
0.69292829314231,642,-1.679,0,0
0.6929283792036,643,-1.6785,0,0
0.69292846539882,644,-1.678,0,0
0.69292855172797,645,-1.6775,0,0
0.69292863819105,646,-1.677,0,0
0.69292872478806,647,-1.6765,0,0
0.692928811519,648,-1.676,0,0
0.69292889838388,649,-1.6755,0,0
0.69292898538269,650,-1.675,0,0
0.69292907251542,651,-1.6745,0,0
0.69292915978209,652,-1.674,0,0
0.69292924718269,653,-1.6735,0,0
0.69292933471723,654,-1.673,0,0
0.69292942238569,655,-1.6725,0,0
0.69292951018808,656,-1.672,0,0
0.69292959812441,657,-1.6715,0,0
0.69292968619466,658,-1.671,0,0
0.69292977439885,659,-1.6705,0,0
0.69292986273697,660,-1.67,0,0
0.69292995120902,661,-1.6695,0,0
0.692930039815,662,-1.669,0,0
0.6929301285549,663,-1.6685,0,0
0.69293021742874,664,-1.668,0,0
0.69293030643651,665,-1.6675,0,0
0.69293039557821,666,-1.667,0,0
0.69293048485384,667,-1.6665,0,0
0.6929305742634,668,-1.666,0,0
0.69293066380689,669,-1.6655,0,0
0.69293075348431,670,-1.665,0,0
0.69293084329566,671,-1.6645,0,0
0.69293093324094,672,-1.664,0,0
0.69293102332015,673,-1.6635,0,0
0.69293111353329,674,-1.663,0,0
0.69293120388036,675,-1.6625,0,0
0.69293129436136,676,-1.662,0,0
0.69293138497629,677,-1.6615,0,0
0.69293147572514,678,-1.661,0,0
0.69293156660793,679,-1.6605,0,0
0.69293165762465,680,-1.66,0,0
0.69293174877529,681,-1.6595,0,0
0.69293184005986,682,-1.659,0,0
0.69293193147837,683,-1.6585,0,0
0.6929320230308,684,-1.658,0,0
0.69293211471716,685,-1.6575,0,0
0.69293220653745,686,-1.657,0,0
0.69293229849166,687,-1.6565,0,0
0.69293239057981,688,-1.656,0,0
0.69293248280189,689,-1.6555,0,0
0.69293257515789,690,-1.655,0,0
0.69293266764782,691,-1.6545,0,0
0.69293276027168,692,-1.654,0,0
0.69293285302947,693,-1.6535,0,0
0.69293294592118,694,-1.653,0,0
0.69293303894683,695,-1.6525,0,0
0.6929331321064,696,-1.652,0,0
0.6929332253999,697,-1.6515,0,0
0.69293331882732,698,-1.651,0,0
0.69293341238868,699,-1.6505,0,0
0.69293350608396,700,-1.65,0,0
0.69293359991317,701,-1.6495,0,0
0.69293369387631,702,-1.649,0,0
0.69293378797338,703,-1.6485,0,0
0.69293388220437,704,-1.648,0,0
0.69293397656929,705,-1.6475,0,0
0.69293407106813,706,-1.647,0,0
0.69293416570091,707,-1.6465,0,0
0.69293426046761,708,-1.646,0,0
0.69293435536824,709,-1.6455,0,0
0.69293445040279,710,-1.645,0,0
0.69293454557127,711,-1.6445,0,0
0.69293464087368,712,-1.644,0,0
0.69293473631001,713,-1.6435,0,0
0.69293483188027,714,-1.643,0,0
0.69293492758446,715,-1.6425,0,0
0.69293502342257,716,-1.642,0,0
0.69293511939461,717,-1.6415,0,0
0.69293521550058,718,-1.641,0,0
0.69293531174047,719,-1.6405,0,0
0.69293540811429,720,-1.64,0,0
0.69293550462204,721,-1.6395,0,0
0.69293560126371,722,-1.639,0,0
0.6929356980393,723,-1.6385,0,0
0.69293579494882,724,-1.638,0,0
0.69293589199227,725,-1.6375,0,0
0.69293598916964,726,-1.637,0,0
0.69293608648094,727,-1.6365,0,0
0.69293618392616,728,-1.636,0,0
0.69293628150531,729,-1.6355,0,0
0.69293637921838,730,-1.635,0,0
0.69293647706538,731,-1.6345,0,0
0.69293657504631,732,-1.634,0,0
0.69293667316116,733,-1.6335,0,0
0.69293677140993,734,-1.633,0,0
0.69293686979263,735,-1.6325,0,0
0.69293696830925,736,-1.632,0,0
0.6929370669598,737,-1.6315,0,0
0.69293716574427,738,-1.631,0,0
0.69293726466267,739,-1.6305,0,0
0.69293736371499,740,-1.63,0,0
0.69293746290123,741,-1.6295,0,0
0.6929375622214,742,-1.629,0,0
0.6929376616755,743,-1.6285,0,0
0.69293776126351,744,-1.628,0,0
0.69293786098545,745,-1.6275,0,0
0.69293796084132,746,-1.627,0,0
0.69293806083111,747,-1.6265,0,0
0.69293816095482,748,-1.626,0,0
0.69293826121246,749,-1.6255,0,0
0.69293836160402,750,-1.625,0,0
0.6929384621295,751,-1.6245,0,0
0.69293856278891,752,-1.624,0,0
0.69293866358224,753,-1.6235,0,0
0.69293876450949,754,-1.623,0,0
0.69293886557067,755,-1.6225,0,0
0.69293896676577,756,-1.622,0,0
0.69293906809479,757,-1.6215,0,0
0.69293916955773,758,-1.621,0,0
0.6929392711546,759,-1.6205,0,0
0.69293937288539,760,-1.62,0,0
0.6929394747501,761,-1.6195,0,0
0.69293957674874,762,-1.619,0,0
0.6929396788813,763,-1.6185,0,0
0.69293978114778,764,-1.618,0,0
0.69293988354818,765,-1.6175,0,0
0.6929399860825,766,-1.617,0,0
0.69294008875075,767,-1.6165,0,0
0.69294019155292,768,-1.616,0,0
0.69294029448901,769,-1.6155,0,0
0.69294039755902,770,-1.615,0,0
0.69294050076295,771,-1.6145,0,0
0.69294060410081,772,-1.614,0,0
0.69294070757258,773,-1.6135,0,0
0.69294081117828,774,-1.613,0,0
0.6929409149179,775,-1.6125,0,0
0.69294101879144,776,-1.612,0,0
0.6929411227989,777,-1.6115,0,0
0.69294122694029,778,-1.611,0,0
0.69294133121559,779,-1.6105,0,0
0.69294143562482,780,-1.61,0,0
0.69294154016796,781,-1.6095,0,0
0.69294164484503,782,-1.609,0,0
0.69294174965602,783,-1.6085,0,0
0.69294185460092,784,-1.608,0,0
0.69294195967975,785,-1.6075,0,0
0.6929420648925,786,-1.607,0,0
0.69294217023917,787,-1.6065,0,0
0.69294227571976,788,-1.606,0,0
0.69294238133427,789,-1.6055,0,0
0.6929424870827,790,-1.605,0,0
0.69294259296505,791,-1.6045,0,0
0.69294269898132,792,-1.604,0,0
0.6929428051315,793,-1.6035,0,0
0.69294291141561,794,-1.603,0,0
0.69294301783364,795,-1.6025,0,0
0.69294312438559,796,-1.602,0,0
0.69294323107145,797,-1.6015,0,0
0.69294333789124,798,-1.601,0,0
0.69294344484495,799,-1.6005,0,0
0.69294355193257,800,-1.6,0,0
0.69294365915411,801,-1.5995,0,0
0.69294376650958,802,-1.599,0,0
0.69294387399896,803,-1.5985,0,0
0.69294398162226,804,-1.598,0,0
0.69294408937948,805,-1.5975,0,0
0.69294419727061,806,-1.597,0,0
0.69294430529567,807,-1.5965,0,0
0.69294441345464,808,-1.596,0,0
0.69294452174753,809,-1.5955,0,0
0.69294463017435,810,-1.595,0,0
0.69294473873507,811,-1.5945,0,0
0.69294484742972,812,-1.594,0,0
0.69294495625829,813,-1.5935,0,0
0.69294506522077,814,-1.593,0,0
0.69294517431717,815,-1.5925,0,0
0.69294528354749,816,-1.592,0,0
0.69294539291172,817,-1.5915,0,0
0.69294550240987,818,-1.591,0,0
0.69294561204194,819,-1.5905,0,0
0.69294572180793,820,-1.59,0,0
0.69294583170784,821,-1.5895,0,0
0.69294594174166,822,-1.589,0,0
0.6929460519094,823,-1.5885,0,0
0.69294616221105,824,-1.588,0,0
0.69294627264663,825,-1.5875,0,0
0.69294638321612,826,-1.587,0,0
0.69294649391952,827,-1.5865,0,0
0.69294660475684,828,-1.586,0,0
0.69294671572808,829,-1.5855,0,0
0.69294682683324,830,-1.585,0,0
0.69294693807231,831,-1.5845,0,0
0.6929470494453,832,-1.584,0,0
0.6929471609522,833,-1.5835,0,0
0.69294727259302,834,-1.583,0,0
0.69294738436776,835,-1.5825,0,0
0.69294749627641,836,-1.582,0,0
0.69294760831897,837,-1.5815,0,0
0.69294772049546,838,-1.581,0,0
0.69294783280586,839,-1.5805,0,0
0.69294794525017,840,-1.58,0,0
0.6929480578284,841,-1.5795,0,0
0.69294817054054,842,-1.579,0,0
0.6929482833866,843,-1.5785,0,0
0.69294839636658,844,-1.578,0,0
0.69294850948046,845,-1.5775,0,0
0.69294862272827,846,-1.577,0,0
0.69294873610999,847,-1.5765,0,0
0.69294884962562,848,-1.576,0,0
0.69294896327517,849,-1.5755,0,0
0.69294907705863,850,-1.575,0,0
0.69294919097601,851,-1.5745,0,0
0.6929493050273,852,-1.574,0,0
0.6929494192125,853,-1.5735,0,0
0.69294953353162,854,-1.573,0,0
0.69294964798466,855,-1.5725,0,0
0.6929497625716,856,-1.572,0,0
0.69294987729246,857,-1.5715,0,0
0.69294999214724,858,-1.571,0,0
0.69295010713593,859,-1.5705,0,0
0.69295022225853,860,-1.57,0,0
0.69295033751504,861,-1.5695,0,0
0.69295045290547,862,-1.569,0,0
0.69295056842981,863,-1.5685,0,0
0.69295068408807,864,-1.568,0,0
0.69295079988023,865,-1.5675,0,0
0.69295091580631,866,-1.567,0,0
0.69295103186631,867,-1.5665,0,0
0.69295114806021,868,-1.566,0,0
0.69295126438803,869,-1.5655,0,0
0.69295138084976,870,-1.565,0,0
0.6929514974454,871,-1.5645,0,0
0.69295161417496,872,-1.564,0,0
0.69295173103843,873,-1.5635,0,0
0.69295184803581,874,-1.563,0,0
0.6929519651671,875,-1.5625,0,0
0.6929520824323,876,-1.562,0,0
0.69295219983142,877,-1.5615,0,0
0.69295231736444,878,-1.561,0,0
0.69295243503138,879,-1.5605,0,0
0.69295255283223,880,-1.56,0,0
0.692952670767,881,-1.5595,0,0
0.69295278883567,882,-1.559,0,0
0.69295290703825,883,-1.5585,0,0
0.69295302537475,884,-1.558,0,0
0.69295314384515,885,-1.5575,0,0
0.69295326244947,886,-1.557,0,0
0.6929533811877,887,-1.5565,0,0
0.69295350005984,888,-1.556,0,0
0.69295361906589,889,-1.5555,0,0
0.69295373820585,890,-1.555,0,0
0.69295385747972,891,-1.5545,0,0
0.6929539768875,892,-1.554,0,0
0.69295409642919,893,-1.5535,0,0
0.69295421610479,894,-1.553,0,0
0.6929543359143,895,-1.5525,0,0
0.69295445585772,896,-1.552,0,0
0.69295457593505,897,-1.5515,0,0
0.69295469614629,898,-1.551,0,0
0.69295481649144,899,-1.5505,0,0
0.6929549369705,900,-1.55,0,0
0.69295505758347,901,-1.5495,0,0
0.69295517833035,902,-1.549,0,0
0.69295529921113,903,-1.5485,0,0
0.69295542022583,904,-1.548,0,0
0.69295554137444,905,-1.5475,0,0
0.69295566265695,906,-1.547,0,0
0.69295578407337,907,-1.5465,0,0
0.6929559056237,908,-1.546,0,0
0.69295602730794,909,-1.5455,0,0
0.69295614912609,910,-1.545,0,0
0.69295627107815,911,-1.5445,0,0
0.69295639316411,912,-1.544,0,0
0.69295651538399,913,-1.5435,0,0
0.69295663773777,914,-1.543,0,0
0.69295676022546,915,-1.5425,0,0
0.69295688284705,916,-1.542,0,0
0.69295700560256,917,-1.5415,0,0
0.69295712849197,918,-1.541,0,0
0.69295725151529,919,-1.5405,0,0
0.69295737467252,920,-1.54,0,0
0.69295749796365,921,-1.5395,0,0
0.6929576213887,922,-1.539,0,0
0.69295774494765,923,-1.5385,0,0
0.6929578686405,924,-1.538,0,0
0.69295799246726,925,-1.5375,0,0
0.69295811642793,926,-1.537,0,0
0.69295824052251,927,-1.5365,0,0
0.69295836475099,928,-1.536,0,0
0.69295848911338,929,-1.5355,0,0
0.69295861360968,930,-1.535,0,0
0.69295873823988,931,-1.5345,0,0
0.69295886300399,932,-1.534,0,0
0.692958987902,933,-1.5335,0,0
0.69295911293392,934,-1.533,0,0
0.69295923809975,935,-1.5325,0,0
0.69295936339948,936,-1.532,0,0
0.69295948883312,937,-1.5315,0,0
0.69295961440066,938,-1.531,0,0
0.69295974010211,939,-1.5305,0,0
0.69295986593747,940,-1.53,0,0
0.69295999190672,941,-1.5295,0,0
0.69296011800989,942,-1.529,0,0
0.69296024424696,943,-1.5285,0,0
0.69296037061793,944,-1.528,0,0
0.69296049712281,945,-1.5275,0,0
0.69296062376159,946,-1.527,0,0
0.69296075053428,947,-1.5265,0,0
0.69296087744087,948,-1.526,0,0
0.69296100448137,949,-1.5255,0,0
0.69296113165577,950,-1.525,0,0
0.69296125896408,951,-1.5245,0,0
0.69296138640629,952,-1.524,0,0
0.6929615139824,953,-1.5235,0,0
0.69296164169242,954,-1.523,0,0
0.69296176953634,955,-1.5225,0,0
0.69296189751416,956,-1.522,0,0
0.69296202562589,957,-1.5215,0,0
0.69296215387152,958,-1.521,0,0
0.69296228225106,959,-1.5205,0,0
0.69296241076449,960,-1.52,0,0
0.69296253941183,961,-1.5195,0,0
0.69296266819308,962,-1.519,0,0
0.69296279710823,963,-1.5185,0,0
0.69296292615727,964,-1.518,0,0
0.69296305534023,965,-1.5175,0,0
0.69296318465708,966,-1.517,0,0
0.69296331410784,967,-1.5165,0,0
0.6929634436925,968,-1.516,0,0
0.69296357341106,969,-1.5155,0,0
0.69296370326352,970,-1.515,0,0
0.69296383324989,971,-1.5145,0,0
0.69296396337015,972,-1.514,0,0
0.69296409362432,973,-1.5135,0,0
0.69296422401239,974,-1.513,0,0
0.69296435453436,975,-1.5125,0,0
0.69296448519024,976,-1.512,0,0
0.69296461598001,977,-1.5115,0,0
0.69296474690369,978,-1.511,0,0
0.69296487796127,979,-1.5105,0,0
0.69296500915274,980,-1.51,0,0
0.69296514047812,981,-1.5095,0,0
0.6929652719374,982,-1.509,0,0
0.69296540353058,983,-1.5085,0,0
0.69296553525766,984,-1.508,0,0
0.69296566711864,985,-1.5075,0,0
0.69296579911353,986,-1.507,0,0
0.69296593124231,987,-1.5065,0,0
0.69296606350499,988,-1.506,0,0
0.69296619590157,989,-1.5055,0,0
0.69296632843205,990,-1.505,0,0
0.69296646109643,991,-1.5045,0,0
0.69296659389471,992,-1.504,0,0
0.69296672682689,993,-1.5035,0,0
0.69296685989297,994,-1.503,0,0
0.69296699309295,995,-1.5025,0,0
0.69296712642683,996,-1.502,0,0
0.69296725989461,997,-1.5015,0,0
0.69296739349628,998,-1.501,0,0
0.69296752723186,999,-1.5005,0,0
0.69296766110133,1000,-1.5,0,0
0.69296779510471,1001,-1.4995,0,0
0.69296792924198,1002,-1.499,0,0
0.69296806351315,1003,-1.4985,0,0
0.69296819791821,1004,-1.498,0,0
0.69296833245718,1005,-1.4975,0,0
0.69296846713004,1006,-1.497,0,0
0.69296860193681,1007,-1.4965,0,0
0.69296873687746,1008,-1.496,0,0
0.69296887195202,1009,-1.4955,0,0
0.69296900716048,1010,-1.495,0,0
0.69296914250283,1011,-1.4945,0,0
0.69296927797908,1012,-1.494,0,0
0.69296941358923,1013,-1.4935,0,0
0.69296954933327,1014,-1.493,0,0
0.69296968521121,1015,-1.4925,0,0
0.69296982122305,1016,-1.492,0,0
0.69296995736878,1017,-1.4915,0,0
0.69297009364841,1018,-1.491,0,0
0.69297023006194,1019,-1.4905,0,0
0.69297036660937,1020,-1.49,0,0
0.69297050329069,1021,-1.4895,0,0
0.6929706401059,1022,-1.489,0,0
0.69297077705502,1023,-1.4885,0,0
0.69297091413803,1024,-1.488,0,0
0.69297105135493,1025,-1.4875,0,0
0.69297118870573,1026,-1.487,0,0
0.69297132619043,1027,-1.4865,0,0
0.69297146380902,1028,-1.486,0,0
0.69297160156151,1029,-1.4855,0,0
0.69297173944789,1030,-1.485,0,0
0.69297187746817,1031,-1.4845,0,0
0.69297201562234,1032,-1.484,0,0
0.69297215391041,1033,-1.4835,0,0
0.69297229233237,1034,-1.483,0,0
0.69297243088822,1035,-1.4825,0,0
0.69297256957798,1036,-1.482,0,0
0.69297270840162,1037,-1.4815,0,0
0.69297284735916,1038,-1.481,0,0
0.6929729864506,1039,-1.4805,0,0
0.69297312567592,1040,-1.48,0,0
0.69297326503515,1041,-1.4795,0,0
0.69297340452826,1042,-1.479,0,0
0.69297354415527,1043,-1.4785,0,0
0.69297368391618,1044,-1.478,0,0
0.69297382381097,1045,-1.4775,0,0
0.69297396383967,1046,-1.477,0,0
0.69297410400225,1047,-1.4765,0,0
0.69297424429873,1048,-1.476,0,0
0.6929743847291,1049,-1.4755,0,0
0.69297452529336,1050,-1.475,0,0
0.69297466599152,1051,-1.4745,0,0
0.69297480682356,1052,-1.474,0,0
0.69297494778951,1053,-1.4735,0,0
0.69297508888934,1054,-1.473,0,0
0.69297523012306,1055,-1.4725,0,0
0.69297537149068,1056,-1.472,0,0
0.69297551299219,1057,-1.4715,0,0
0.6929756546276,1058,-1.471,0,0
0.69297579639689,1059,-1.4705,0,0
0.69297593830007,1060,-1.47,0,0
0.69297608033715,1061,-1.4695,0,0
0.69297622250812,1062,-1.469,0,0
0.69297636481298,1063,-1.4685,0,0
0.69297650725173,1064,-1.468,0,0
0.69297664982437,1065,-1.4675,0,0
0.69297679253091,1066,-1.467,0,0
0.69297693537133,1067,-1.4665,0,0
0.69297707834565,1068,-1.466,0,0
0.69297722145385,1069,-1.4655,0,0
0.69297736469595,1070,-1.465,0,0
0.69297750807194,1071,-1.4645,0,0
0.69297765158181,1072,-1.464,0,0
0.69297779522558,1073,-1.4635,0,0
0.69297793900324,1074,-1.463,0,0
0.69297808291478,1075,-1.4625,0,0
0.69297822696022,1076,-1.462,0,0
0.69297837113955,1077,-1.4615,0,0
0.69297851545276,1078,-1.461,0,0
0.69297865989987,1079,-1.4605,0,0
0.69297880448086,1080,-1.46,0,0
0.69297894919575,1081,-1.4595,0,0
0.69297909404452,1082,-1.459,0,0
0.69297923902718,1083,-1.4585,0,0
0.69297938414373,1084,-1.458,0,0
0.69297952939417,1085,-1.4575,0,0
0.6929796747785,1086,-1.457,0,0
0.69297982029672,1087,-1.4565,0,0
0.69297996594882,1088,-1.456,0,0
0.69298011173481,1089,-1.4555,0,0
0.69298025765469,1090,-1.455,0,0
0.69298040370846,1091,-1.4545,0,0
0.69298054989612,1092,-1.454,0,0
0.69298069621766,1093,-1.4535,0,0
0.6929808426731,1094,-1.453,0,0
0.69298098926242,1095,-1.4525,0,0
0.69298113598562,1096,-1.452,0,0
0.69298128284272,1097,-1.4515,0,0
0.6929814298337,1098,-1.451,0,0
0.69298157695856,1099,-1.4505,0,0
0.69298172421732,1100,-1.45,0,0
0.69298187160996,1101,-1.4495,0,0
0.69298201913649,1102,-1.449,0,0
0.6929821667969,1103,-1.4485,0,0
0.6929823145912,1104,-1.448,0,0
0.69298246251939,1105,-1.4475,0,0
0.69298261058146,1106,-1.447,0,0
0.69298275877742,1107,-1.4465,0,0
0.69298290710727,1108,-1.446,0,0
0.692983055571,1109,-1.4455,0,0
0.69298320416861,1110,-1.445,0,0
0.69298335290012,1111,-1.4445,0,0
0.6929835017655,1112,-1.444,0,0
0.69298365076478,1113,-1.4435,0,0
0.69298379989793,1114,-1.443,0,0
0.69298394916497,1115,-1.4425,0,0
0.6929840985659,1116,-1.442,0,0
0.69298424810071,1117,-1.4415,0,0
0.69298439776941,1118,-1.441,0,0
0.69298454757199,1119,-1.4405,0,0
0.69298469750845,1120,-1.44,0,0
0.6929848475788,1121,-1.4395,0,0
0.69298499778304,1122,-1.439,0,0
0.69298514812115,1123,-1.4385,0,0
0.69298529859316,1124,-1.438,0,0
0.69298544919904,1125,-1.4375,0,0
0.69298559993881,1126,-1.437,0,0
0.69298575081246,1127,-1.4365,0,0
0.69298590181999,1128,-1.436,0,0
0.69298605296141,1129,-1.4355,0,0
0.69298620423671,1130,-1.435,0,0
0.6929863556459,1131,-1.4345,0,0
0.69298650718896,1132,-1.434,0,0
0.69298665886591,1133,-1.4335,0,0
0.69298681067674,1134,-1.433,0,0
0.69298696262146,1135,-1.4325,0,0
0.69298711470006,1136,-1.432,0,0
0.69298726691253,1137,-1.4315,0,0
0.69298741925889,1138,-1.431,0,0
0.69298757173914,1139,-1.4305,0,0
0.69298772435326,1140,-1.43,0,0
0.69298787710127,1141,-1.4295,0,0
0.69298802998316,1142,-1.429,0,0
0.69298818299892,1143,-1.4285,0,0
0.69298833614857,1144,-1.428,0,0
0.6929884894321,1145,-1.4275,0,0
0.69298864284952,1146,-1.427,0,0
0.69298879640081,1147,-1.4265,0,0
0.69298895008598,1148,-1.426,0,0
0.69298910390504,1149,-1.4255,0,0
0.69298925785797,1150,-1.425,0,0
0.69298941194479,1151,-1.4245,0,0
0.69298956616548,1152,-1.424,0,0
0.69298972052006,1153,-1.4235,0,0
0.69298987500851,1154,-1.423,0,0
0.69299002963085,1155,-1.4225,0,0
0.69299018438706,1156,-1.422,0,0
0.69299033927716,1157,-1.4215,0,0
0.69299049430113,1158,-1.421,0,0
0.69299064945898,1159,-1.4205,0,0
0.69299080475072,1160,-1.42,0,0
0.69299096017633,1161,-1.4195,0,0
0.69299111573582,1162,-1.419,0,0
0.69299127142918,1163,-1.4185,0,0
0.69299142725643,1164,-1.418,0,0
0.69299158321756,1165,-1.4175,0,0
0.69299173931256,1166,-1.417,0,0
0.69299189554144,1167,-1.4165,0,0
0.6929920519042,1168,-1.416,0,0
0.69299220840084,1169,-1.4155,0,0
0.69299236503136,1170,-1.415,0,0
0.69299252179575,1171,-1.4145,0,0
0.69299267869402,1172,-1.414,0,0
0.69299283572617,1173,-1.4135,0,0
0.6929929928922,1174,-1.413,0,0
0.6929931501921,1175,-1.4125,0,0
0.69299330762588,1176,-1.412,0,0
0.69299346519354,1177,-1.4115,0,0
0.69299362289507,1178,-1.411,0,0
0.69299378073049,1179,-1.4105,0,0
0.69299393869977,1180,-1.41,0,0
0.69299409680294,1181,-1.4095,0,0
0.69299425503998,1182,-1.409,0,0
0.69299441341089,1183,-1.4085,0,0
0.69299457191568,1184,-1.408,0,0
0.69299473055435,1185,-1.4075,0,0
0.69299488932689,1186,-1.407,0,0
0.69299504823331,1187,-1.4065,0,0
0.69299520727361,1188,-1.406,0,0
0.69299536644778,1189,-1.4055,0,0
0.69299552575582,1190,-1.405,0,0
0.69299568519774,1191,-1.4045,0,0
0.69299584477354,1192,-1.404,0,0
0.6929960044832,1193,-1.4035,0,0
0.69299616432675,1194,-1.403,0,0
0.69299632430417,1195,-1.4025,0,0
0.69299648441546,1196,-1.402,0,0
0.69299664466063,1197,-1.4015,0,0
0.69299680503967,1198,-1.401,0,0
0.69299696555258,1199,-1.4005,0,0
0.69299712619937,1200,-1.4,0,0
0.69299728698003,1201,-1.3995,0,0
0.69299744789457,1202,-1.399,0,0
0.69299760894298,1203,-1.3985,0,0
0.69299777012526,1204,-1.398,0,0
0.69299793144142,1205,-1.3975,0,0
0.69299809289145,1206,-1.397,0,0
0.69299825447535,1207,-1.3965,0,0
0.69299841619312,1208,-1.396,0,0
0.69299857804477,1209,-1.3955,0,0
0.69299874003029,1210,-1.395,0,0
0.69299890214968,1211,-1.3945,0,0
0.69299906440294,1212,-1.394,0,0
0.69299922679008,1213,-1.3935,0,0
0.69299938931109,1214,-1.393,0,0
0.69299955196597,1215,-1.3925,0,0
0.69299971475472,1216,-1.392,0,0
0.69299987767734,1217,-1.3915,0,0
0.69300004073383,1218,-1.391,0,0
0.6930002039242,1219,-1.3905,0,0
0.69300036724843,1220,-1.39,0,0
0.69300053070654,1221,-1.3895,0,0
0.69300069429852,1222,-1.389,0,0
0.69300085802437,1223,-1.3885,0,0
0.69300102188408,1224,-1.388,0,0
0.69300118587767,1225,-1.3875,0,0
0.69300135000513,1226,-1.387,0,0
0.69300151426646,1227,-1.3865,0,0
0.69300167866166,1228,-1.386,0,0
0.69300184319073,1229,-1.3855,0,0
0.69300200785367,1230,-1.385,0,0
0.69300217265048,1231,-1.3845,0,0
0.69300233758116,1232,-1.384,0,0
0.6930025026457,1233,-1.3835,0,0
0.69300266784412,1234,-1.383,0,0
0.6930028331764,1235,-1.3825,0,0
0.69300299864256,1236,-1.382,0,0
0.69300316424258,1237,-1.3815,0,0
0.69300332997647,1238,-1.381,0,0
0.69300349584423,1239,-1.3805,0,0
0.69300366184586,1240,-1.38,0,0
0.69300382798136,1241,-1.3795,0,0
0.69300399425072,1242,-1.379,0,0
0.69300416065395,1243,-1.3785,0,0
0.69300432719105,1244,-1.378,0,0
0.69300449386202,1245,-1.3775,0,0
0.69300466066685,1246,-1.377,0,0
0.69300482760555,1247,-1.3765,0,0
0.69300499467812,1248,-1.376,0,0
0.69300516188456,1249,-1.3755,0,0
0.69300532922486,1250,-1.375,0,0
0.69300549669903,1251,-1.3745,0,0
0.69300566430707,1252,-1.374,0,0
0.69300583204897,1253,-1.3735,0,0
0.69300599992474,1254,-1.373,0,0
0.69300616793437,1255,-1.3725,0,0
0.69300633607787,1256,-1.372,0,0
0.69300650435524,1257,-1.3715,0,0
0.69300667276647,1258,-1.371,0,0
0.69300684131157,1259,-1.3705,0,0
0.69300700999054,1260,-1.37,0,0
0.69300717880336,1261,-1.3695,0,0
0.69300734775006,1262,-1.369,0,0
0.69300751683062,1263,-1.3685,0,0
0.69300768604504,1264,-1.368,0,0
0.69300785539333,1265,-1.3675,0,0
0.69300802487548,1266,-1.367,0,0
0.6930081944915,1267,-1.3665,0,0
0.69300836424138,1268,-1.366,0,0
0.69300853412513,1269,-1.3655,0,0
0.69300870414274,1270,-1.365,0,0
0.69300887429421,1271,-1.3645,0,0
0.69300904457955,1272,-1.364,0,0
0.69300921499875,1273,-1.3635,0,0
0.69300938555182,1274,-1.363,0,0
0.69300955623874,1275,-1.3625,0,0
0.69300972705953,1276,-1.362,0,0
0.69300989801419,1277,-1.3615,0,0
0.6930100691027,1278,-1.361,0,0
0.69301024032508,1279,-1.3605,0,0
0.69301041168133,1280,-1.36,0,0
0.69301058317143,1281,-1.3595,0,0
0.6930107547954,1282,-1.359,0,0
0.69301092655323,1283,-1.3585,0,0
0.69301109844492,1284,-1.358,0,0
0.69301127047047,1285,-1.3575,0,0
0.69301144262988,1286,-1.357,0,0
0.69301161492316,1287,-1.3565,0,0
0.6930117873503,1288,-1.356,0,0
0.6930119599113,1289,-1.3555,0,0
0.69301213260616,1290,-1.355,0,0
0.69301230543488,1291,-1.3545,0,0
0.69301247839746,1292,-1.354,0,0
0.6930126514939,1293,-1.3535,0,0
0.6930128247242,1294,-1.353,0,0
0.69301299808837,1295,-1.3525,0,0
0.69301317158639,1296,-1.352,0,0
0.69301334521827,1297,-1.3515,0,0
0.69301351898401,1298,-1.351,0,0
0.69301369288362,1299,-1.3505,0,0
0.69301386691708,1300,-1.35,0,0
0.6930140410844,1301,-1.3495,0,0
0.69301421538558,1302,-1.349,0,0
0.69301438982062,1303,-1.3485,0,0
0.69301456438952,1304,-1.348,0,0
0.69301473909228,1305,-1.3475,0,0
0.6930149139289,1306,-1.347,0,0
0.69301508889938,1307,-1.3465,0,0
0.69301526400371,1308,-1.346,0,0
0.6930154392419,1309,-1.3455,0,0
0.69301561461395,1310,-1.345,0,0
0.69301579011986,1311,-1.3445,0,0
0.69301596575963,1312,-1.344,0,0
0.69301614153325,1313,-1.3435,0,0
0.69301631744074,1314,-1.343,0,0
0.69301649348207,1315,-1.3425,0,0
0.69301666965727,1316,-1.342,0,0
0.69301684596632,1317,-1.3415,0,0
0.69301702240924,1318,-1.341,0,0
0.693017198986,1319,-1.3405,0,0
0.69301737569663,1320,-1.34,0,0
0.69301755254111,1321,-1.3395,0,0
0.69301772951944,1322,-1.339,0,0
0.69301790663164,1323,-1.3385,0,0
0.69301808387769,1324,-1.338,0,0
0.69301826125759,1325,-1.3375,0,0
0.69301843877135,1326,-1.337,0,0
0.69301861641897,1327,-1.3365,0,0
0.69301879420044,1328,-1.336,0,0
0.69301897211577,1329,-1.3355,0,0
0.69301915016495,1330,-1.335,0,0
0.69301932834799,1331,-1.3345,0,0
0.69301950666488,1332,-1.334,0,0
0.69301968511563,1333,-1.3335,0,0
0.69301986370023,1334,-1.333,0,0
0.69302004241869,1335,-1.3325,0,0
0.693020221271,1336,-1.332,0,0
0.69302040025716,1337,-1.3315,0,0
0.69302057937718,1338,-1.331,0,0
0.69302075863105,1339,-1.3305,0,0
0.69302093801878,1340,-1.33,0,0
0.69302111754036,1341,-1.3295,0,0
0.69302129719579,1342,-1.329,0,0
0.69302147698508,1343,-1.3285,0,0
0.69302165690822,1344,-1.328,0,0
0.69302183696521,1345,-1.3275,0,0
0.69302201715605,1346,-1.327,0,0
0.69302219748075,1347,-1.3265,0,0
0.6930223779393,1348,-1.326,0,0
0.6930225585317,1349,-1.3255,0,0
0.69302273925796,1350,-1.325,0,0
0.69302292011806,1351,-1.3245,0,0
0.69302310111202,1352,-1.324,0,0
0.69302328223983,1353,-1.3235,0,0
0.69302346350149,1354,-1.323,0,0
0.693023644897,1355,-1.3225,0,0
0.69302382642637,1356,-1.322,0,0
0.69302400808958,1357,-1.3215,0,0
0.69302418988665,1358,-1.321,0,0
0.69302437181756,1359,-1.3205,0,0
0.69302455388233,1360,-1.32,0,0
0.69302473608095,1361,-1.3195,0,0
0.69302491841341,1362,-1.319,0,0
0.69302510087973,1363,-1.3185,0,0
0.6930252834799,1364,-1.318,0,0
0.69302546621392,1365,-1.3175,0,0
0.69302564908178,1366,-1.317,0,0
0.6930258320835,1367,-1.3165,0,0
0.69302601521907,1368,-1.316,0,0
0.69302619848848,1369,-1.3155,0,0
0.69302638189175,1370,-1.315,0,0
0.69302656542886,1371,-1.3145,0,0
0.69302674909982,1372,-1.314,0,0
0.69302693290463,1373,-1.3135,0,0
0.69302711684329,1374,-1.313,0,0
0.6930273009158,1375,-1.3125,0,0
0.69302748512215,1376,-1.312,0,0
0.69302766946236,1377,-1.3115,0,0
0.69302785393641,1378,-1.311,0,0
0.69302803854431,1379,-1.3105,0,0
0.69302822328605,1380,-1.31,0,0
0.69302840816165,1381,-1.3095,0,0
0.69302859317109,1382,-1.309,0,0
0.69302877831438,1383,-1.3085,0,0
0.69302896359151,1384,-1.308,0,0
0.69302914900249,1385,-1.3075,0,0
0.69302933454732,1386,-1.307,0,0
0.69302952022599,1387,-1.3065,0,0
0.69302970603851,1388,-1.306,0,0
0.69302989198488,1389,-1.3055,0,0
0.69303007806509,1390,-1.305,0,0
0.69303026427915,1391,-1.3045,0,0
0.69303045062706,1392,-1.304,0,0
0.69303063710881,1393,-1.3035,0,0
0.6930308237244,1394,-1.303,0,0
0.69303101047384,1395,-1.3025,0,0
0.69303119735712,1396,-1.302,0,0
0.69303138437425,1397,-1.3015,0,0
0.69303157152523,1398,-1.301,0,0
0.69303175881005,1399,-1.3005,0,0
0.69303194622871,1400,-1.3,0,0
0.69303213378122,1401,-1.2995,0,0
0.69303232146757,1402,-1.299,0,0
0.69303250928776,1403,-1.2985,0,0
0.6930326972418,1404,-1.298,0,0
0.69303288532968,1405,-1.2975,0,0
0.69303307355141,1406,-1.297,0,0
0.69303326190698,1407,-1.2965,0,0
0.69303345039639,1408,-1.296,0,0
0.69303363901965,1409,-1.2955,0,0
0.69303382777674,1410,-1.295,0,0
0.69303401666768,1411,-1.2945,0,0
0.69303420569247,1412,-1.294,0,0
0.69303439485109,1413,-1.2935,0,0
0.69303458414356,1414,-1.293,0,0
0.69303477356987,1415,-1.2925,0,0
0.69303496313002,1416,-1.292,0,0
0.69303515282401,1417,-1.2915,0,0
0.69303534265184,1418,-1.291,0,0
0.69303553261352,1419,-1.2905,0,0
0.69303572270904,1420,-1.29,0,0
0.69303591293839,1421,-1.2895,0,0
0.69303610330159,1422,-1.289,0,0
0.69303629379863,1423,-1.2885,0,0
0.69303648442951,1424,-1.288,0,0
0.69303667519423,1425,-1.2875,0,0
0.69303686609279,1426,-1.287,0,0
0.69303705712519,1427,-1.2865,0,0
0.69303724829143,1428,-1.286,0,0
0.69303743959151,1429,-1.2855,0,0
0.69303763102543,1430,-1.285,0,0
0.69303782259319,1431,-1.2845,0,0
0.69303801429478,1432,-1.284,0,0
0.69303820613022,1433,-1.2835,0,0
0.69303839809949,1434,-1.283,0,0
0.69303859020261,1435,-1.2825,0,0
0.69303878243956,1436,-1.282,0,0
0.69303897481035,1437,-1.2815,0,0
0.69303916731498,1438,-1.281,0,0
0.69303935995345,1439,-1.2805,0,0
0.69303955272575,1440,-1.28,0,0
0.6930397456319,1441,-1.2795,0,0
0.69303993867188,1442,-1.279,0,0
0.6930401318457,1443,-1.2785,0,0
0.69304032515335,1444,-1.278,0,0
0.69304051859484,1445,-1.2775,0,0
0.69304071217017,1446,-1.277,0,0
0.69304090587934,1447,-1.2765,0,0
0.69304109972234,1448,-1.276,0,0
0.69304129369918,1449,-1.2755,0,0
0.69304148780986,1450,-1.275,0,0
0.69304168205437,1451,-1.2745,0,0
0.69304187643272,1452,-1.274,0,0
0.6930420709449,1453,-1.2735,0,0
0.69304226559092,1454,-1.273,0,0
0.69304246037077,1455,-1.2725,0,0
0.69304265528446,1456,-1.272,0,0
0.69304285033199,1457,-1.2715,0,0
0.69304304551335,1458,-1.271,0,0
0.69304324082854,1459,-1.2705,0,0
0.69304343627757,1460,-1.27,0,0
0.69304363186043,1461,-1.2695,0,0
0.69304382757713,1462,-1.269,0,0
0.69304402342766,1463,-1.2685,0,0
0.69304421941203,1464,-1.268,0,0
0.69304441553023,1465,-1.2675,0,0
0.69304461178226,1466,-1.267,0,0
0.69304480816813,1467,-1.2665,0,0
0.69304500468783,1468,-1.266,0,0
0.69304520134136,1469,-1.2655,0,0
0.69304539812873,1470,-1.265,0,0
0.69304559504993,1471,-1.2645,0,0
0.69304579210496,1472,-1.264,0,0
0.69304598929382,1473,-1.2635,0,0
0.69304618661652,1474,-1.263,0,0
0.69304638407305,1475,-1.2625,0,0
0.69304658166341,1476,-1.262,0,0
0.6930467793876,1477,-1.2615,0,0
0.69304697724562,1478,-1.261,0,0
0.69304717523748,1479,-1.2605,0,0
0.69304737336316,1480,-1.26,0,0
0.69304757162268,1481,-1.2595,0,0
0.69304777001603,1482,-1.259,0,0
0.69304796854321,1483,-1.2585,0,0
0.69304816720422,1484,-1.258,0,0
0.69304836599906,1485,-1.2575,0,0
0.69304856492773,1486,-1.257,0,0
0.69304876399023,1487,-1.2565,0,0
0.69304896318656,1488,-1.256,0,0
0.69304916251672,1489,-1.2555,0,0
0.69304936198071,1490,-1.255,0,0
0.69304956157853,1491,-1.2545,0,0
0.69304976131018,1492,-1.254,0,0
0.69304996117566,1493,-1.2535,0,0
0.69305016117497,1494,-1.253,0,0
0.6930503613081,1495,-1.2525,0,0
0.69305056157507,1496,-1.252,0,0
0.69305076197586,1497,-1.2515,0,0
0.69305096251048,1498,-1.251,0,0
0.69305116317893,1499,-1.2505,0,0
0.6930513639812,1500,-1.25,0,0
0.69305156491731,1501,-1.2495,0,0
0.69305176598724,1502,-1.249,0,0
0.693051967191,1503,-1.2485,0,0
0.69305216852859,1504,-1.248,0,0
0.69305237,1505,-1.2475,0,0
0.69305257160524,1506,-1.247,0,0
0.69305277334431,1507,-1.2465,0,0
0.6930529752172,1508,-1.246,0,0
0.69305317722392,1509,-1.2455,0,0
0.69305337936447,1510,-1.245,0,0
0.69305358163884,1511,-1.2445,0,0
0.69305378404704,1512,-1.244,0,0
0.69305398658907,1513,-1.2435,0,0
0.69305418926492,1514,-1.243,0,0
0.69305439207459,1515,-1.2425,0,0
0.69305459501809,1516,-1.242,0,0
0.69305479809542,1517,-1.2415,0,0
0.69305500130657,1518,-1.241,0,0
0.69305520465154,1519,-1.2405,0,0
0.69305540813034,1520,-1.24,0,0
0.69305561174297,1521,-1.2395,0,0
0.69305581548941,1522,-1.239,0,0
0.69305601936969,1523,-1.2385,0,0
0.69305622338378,1524,-1.238,0,0
0.6930564275317,1525,-1.2375,0,0
0.69305663181344,1526,-1.237,0,0
0.69305683622901,1527,-1.2365,0,0
0.6930570407784,1528,-1.236,0,0
0.69305724546161,1529,-1.2355,0,0
0.69305745027864,1530,-1.235,0,0
0.6930576552295,1531,-1.2345,0,0
0.69305786031418,1532,-1.234,0,0
0.69305806553268,1533,-1.2335,0,0
0.69305827088501,1534,-1.233,0,0
0.69305847637115,1535,-1.2325,0,0
0.69305868199112,1536,-1.232,0,0
0.69305888774491,1537,-1.2315,0,0
0.69305909363252,1538,-1.231,0,0
0.69305929965395,1539,-1.2305,0,0
0.69305950580921,1540,-1.23,0,0
0.69305971209828,1541,-1.2295,0,0
0.69305991852117,1542,-1.229,0,0
0.69306012507789,1543,-1.2285,0,0
0.69306033176842,1544,-1.228,0,0
0.69306053859278,1545,-1.2275,0,0
0.69306074555095,1546,-1.227,0,0
0.69306095264295,1547,-1.2265,0,0
0.69306115986876,1548,-1.226,0,0
0.6930613672284,1549,-1.2255,0,0
0.69306157472185,1550,-1.225,0,0
0.69306178234913,1551,-1.2245,0,0
0.69306199011022,1552,-1.224,0,0
0.69306219800513,1553,-1.2235,0,0
0.69306240603386,1554,-1.223,0,0
0.6930626141964,1555,-1.2225,0,0
0.69306282249277,1556,-1.222,0,0
0.69306303092295,1557,-1.2215,0,0
0.69306323948695,1558,-1.221,0,0
0.69306344818477,1559,-1.2205,0,0
0.69306365701641,1560,-1.22,0,0
0.69306386598186,1561,-1.2195,0,0
0.69306407508113,1562,-1.219,0,0
0.69306428431422,1563,-1.2185,0,0
0.69306449368113,1564,-1.218,0,0
0.69306470318185,1565,-1.2175,0,0
0.69306491281639,1566,-1.217,0,0
0.69306512258474,1567,-1.2165,0,0
0.69306533248691,1568,-1.216,0,0
0.6930655425229,1569,-1.2155,0,0
0.6930657526927,1570,-1.215,0,0
0.69306596299632,1571,-1.2145,0,0
0.69306617343375,1572,-1.214,0,0
0.693066384005,1573,-1.2135,0,0
0.69306659471006,1574,-1.213,0,0
0.69306680554894,1575,-1.2125,0,0
0.69306701652163,1576,-1.212,0,0
0.69306722762814,1577,-1.2115,0,0
0.69306743886846,1578,-1.211,0,0
0.6930676502426,1579,-1.2105,0,0
0.69306786175055,1580,-1.21,0,0
0.69306807339231,1581,-1.2095,0,0
0.69306828516789,1582,-1.209,0,0
0.69306849707728,1583,-1.2085,0,0
0.69306870912048,1584,-1.208,0,0
0.6930689212975,1585,-1.2075,0,0
0.69306913360833,1586,-1.207,0,0
0.69306934605297,1587,-1.2065,0,0
0.69306955863142,1588,-1.206,0,0
0.69306977134369,1589,-1.2055,0,0
0.69306998418977,1590,-1.205,0,0
0.69307019716966,1591,-1.2045,0,0
0.69307041028337,1592,-1.204,0,0
0.69307062353088,1593,-1.2035,0,0
0.69307083691221,1594,-1.203,0,0
0.69307105042734,1595,-1.2025,0,0
0.69307126407629,1596,-1.202,0,0
0.69307147785905,1597,-1.2015,0,0
0.69307169177562,1598,-1.201,0,0
0.693071905826,1599,-1.2005,0,0
0.69307212001019,1600,-1.2,0,0
0.6930723343282,1601,-1.1995,0,0
0.69307254878001,1602,-1.199,0,0
0.69307276336563,1603,-1.1985,0,0
0.69307297808506,1604,-1.198,0,0
0.6930731929383,1605,-1.1975,0,0
0.69307340792535,1606,-1.197,0,0
0.69307362304621,1607,-1.1965,0,0
0.69307383830087,1608,-1.196,0,0
0.69307405368935,1609,-1.1955,0,0
0.69307426921163,1610,-1.195,0,0
0.69307448486773,1611,-1.1945,0,0
0.69307470065763,1612,-1.194,0,0
0.69307491658134,1613,-1.1935,0,0
0.69307513263885,1614,-1.193,0,0
0.69307534883018,1615,-1.1925,0,0
0.69307556515531,1616,-1.192,0,0
0.69307578161425,1617,-1.1915,0,0
0.693075998207,1618,-1.191,0,0
0.69307621493355,1619,-1.1905,0,0
0.69307643179391,1620,-1.19,0,0
0.69307664878808,1621,-1.1895,0,0
0.69307686591605,1622,-1.189,0,0
0.69307708317783,1623,-1.1885,0,0
0.69307730057341,1624,-1.188,0,0
0.6930775181028,1625,-1.1875,0,0
0.693077735766,1626,-1.187,0,0
0.693077953563,1627,-1.1865,0,0
0.69307817149381,1628,-1.186,0,0
0.69307838955842,1629,-1.1855,0,0
0.69307860775684,1630,-1.185,0,0
0.69307882608906,1631,-1.1845,0,0
0.69307904455509,1632,-1.184,0,0
0.69307926315492,1633,-1.1835,0,0
0.69307948188855,1634,-1.183,0,0
0.69307970075599,1635,-1.1825,0,0
0.69307991975723,1636,-1.182,0,0
0.69308013889228,1637,-1.1815,0,0
0.69308035816113,1638,-1.181,0,0
0.69308057756378,1639,-1.1805,0,0
0.69308079710024,1640,-1.18,0,0
0.69308101677049,1641,-1.1795,0,0
0.69308123657456,1642,-1.179,0,0
0.69308145651242,1643,-1.1785,0,0
0.69308167658408,1644,-1.178,0,0
0.69308189678955,1645,-1.1775,0,0
0.69308211712882,1646,-1.177,0,0
0.69308233760189,1647,-1.1765,0,0
0.69308255820877,1648,-1.176,0,0
0.69308277894944,1649,-1.1755,0,0
0.69308299982392,1650,-1.175,0,0
0.69308322083219,1651,-1.1745,0,0
0.69308344197427,1652,-1.174,0,0
0.69308366325015,1653,-1.1735,0,0
0.69308388465983,1654,-1.173,0,0
0.6930841062033,1655,-1.1725,0,0
0.69308432788058,1656,-1.172,0,0
0.69308454969166,1657,-1.1715,0,0
0.69308477163654,1658,-1.171,0,0
0.69308499371522,1659,-1.1705,0,0
0.69308521592769,1660,-1.17,0,0
0.69308543827397,1661,-1.1695,0,0
0.69308566075404,1662,-1.169,0,0
0.69308588336792,1663,-1.1685,0,0
0.69308610611559,1664,-1.168,0,0
0.69308632899706,1665,-1.1675,0,0
0.69308655201233,1666,-1.167,0,0
0.69308677516139,1667,-1.1665,0,0
0.69308699844426,1668,-1.166,0,0
0.69308722186092,1669,-1.1655,0,0
0.69308744541138,1670,-1.165,0,0
0.69308766909563,1671,-1.1645,0,0
0.69308789291369,1672,-1.164,0,0
0.69308811686554,1673,-1.1635,0,0
0.69308834095118,1674,-1.163,0,0
0.69308856517063,1675,-1.1625,0,0
0.69308878952387,1676,-1.162,0,0
0.6930890140109,1677,-1.1615,0,0
0.69308923863173,1678,-1.161,0,0
0.69308946338636,1679,-1.1605,0,0
0.69308968827478,1680,-1.16,0,0
0.693089913297,1681,-1.1595,0,0
0.69309013845302,1682,-1.159,0,0
0.69309036374282,1683,-1.1585,0,0
0.69309058916643,1684,-1.158,0,0
0.69309081472382,1685,-1.1575,0,0
0.69309104041501,1686,-1.157,0,0
0.69309126624,1687,-1.1565,0,0
0.69309149219878,1688,-1.156,0,0
0.69309171829135,1689,-1.1555,0,0
0.69309194451772,1690,-1.155,0,0
0.69309217087788,1691,-1.1545,0,0
0.69309239737184,1692,-1.154,0,0
0.69309262399958,1693,-1.1535,0,0
0.69309285076112,1694,-1.153,0,0
0.69309307765645,1695,-1.1525,0,0
0.69309330468558,1696,-1.152,0,0
0.6930935318485,1697,-1.1515,0,0
0.6930937591452,1698,-1.151,0,0
0.69309398657571,1699,-1.1505,0,0
0.69309421414,1700,-1.15,0,0
0.69309444183808,1701,-1.1495,0,0
0.69309466966996,1702,-1.149,0,0
0.69309489763562,1703,-1.1485,0,0
0.69309512573508,1704,-1.148,0,0
0.69309535396833,1705,-1.1475,0,0
0.69309558233537,1706,-1.147,0,0
0.6930958108362,1707,-1.1465,0,0
0.69309603947081,1708,-1.146,0,0
0.69309626823922,1709,-1.1455,0,0
0.69309649714142,1710,-1.145,0,0
0.69309672617741,1711,-1.1445,0,0
0.69309695534719,1712,-1.144,0,0
0.69309718465075,1713,-1.1435,0,0
0.69309741408811,1714,-1.143,0,0
0.69309764365925,1715,-1.1425,0,0
0.69309787336419,1716,-1.142,0,0
0.69309810320291,1717,-1.1415,0,0
0.69309833317542,1718,-1.141,0,0
0.69309856328172,1719,-1.1405,0,0
0.6930987935218,1720,-1.14,0,0
0.69309902389567,1721,-1.1395,0,0
0.69309925440333,1722,-1.139,0,0
0.69309948504478,1723,-1.1385,0,0
0.69309971582002,1724,-1.138,0,0
0.69309994672904,1725,-1.1375,0,0
0.69310017777184,1726,-1.137,0,0
0.69310040894844,1727,-1.1365,0,0
0.69310064025882,1728,-1.136,0,0
0.69310087170299,1729,-1.1355,0,0
0.69310110328094,1730,-1.135,0,0
0.69310133499268,1731,-1.1345,0,0
0.6931015668382,1732,-1.134,0,0
0.69310179881751,1733,-1.1335,0,0
0.6931020309306,1734,-1.133,0,0
0.69310226317748,1735,-1.1325,0,0
0.69310249555815,1736,-1.132,0,0
0.69310272807259,1737,-1.1315,0,0
0.69310296072083,1738,-1.131,0,0
0.69310319350284,1739,-1.1305,0,0
0.69310342641864,1740,-1.13,0,0
0.69310365946823,1741,-1.1295,0,0
0.69310389265159,1742,-1.129,0,0
0.69310412596874,1743,-1.1285,0,0
0.69310435941968,1744,-1.128,0,0
0.69310459300439,1745,-1.1275,0,0
0.69310482672289,1746,-1.127,0,0
0.69310506057517,1747,-1.1265,0,0
0.69310529456124,1748,-1.126,0,0
0.69310552868109,1749,-1.1255,0,0
0.69310576293471,1750,-1.125,0,0
0.69310599732212,1751,-1.1245,0,0
0.69310623184331,1752,-1.124,0,0
0.69310646649829,1753,-1.1235,0,0
0.69310670128704,1754,-1.123,0,0
0.69310693620957,1755,-1.1225,0,0
0.69310717126589,1756,-1.122,0,0
0.69310740645599,1757,-1.1215,0,0
0.69310764177986,1758,-1.121,0,0
0.69310787723752,1759,-1.1205,0,0
0.69310811282895,1760,-1.12,0,0
0.69310834855417,1761,-1.1195,0,0
0.69310858441317,1762,-1.119,0,0
0.69310882040594,1763,-1.1185,0,0
0.69310905653249,1764,-1.118,0,0
0.69310929279283,1765,-1.1175,0,0
0.69310952918694,1766,-1.117,0,0
0.69310976571483,1767,-1.1165,0,0
0.6931100023765,1768,-1.116,0,0
0.69311023917194,1769,-1.1155,0,0
0.69311047610117,1770,-1.115,0,0
0.69311071316417,1771,-1.1145,0,0
0.69311095036095,1772,-1.114,0,0
0.69311118769151,1773,-1.1135,0,0
0.69311142515584,1774,-1.113,0,0
0.69311166275395,1775,-1.1125,0,0
0.69311190048584,1776,-1.112,0,0
0.6931121383515,1777,-1.1115,0,0
0.69311237635094,1778,-1.111,0,0
0.69311261448416,1779,-1.1105,0,0
0.69311285275115,1780,-1.11,0,0
0.69311309115192,1781,-1.1095,0,0
0.69311332968646,1782,-1.109,0,0
0.69311356835478,1783,-1.1085,0,0
0.69311380715688,1784,-1.108,0,0
0.69311404609275,1785,-1.1075,0,0
0.69311428516239,1786,-1.107,0,0
0.69311452436581,1787,-1.1065,0,0
0.693114763703,1788,-1.106,0,0
0.69311500317397,1789,-1.1055,0,0
0.69311524277871,1790,-1.105,0,0
0.69311548251722,1791,-1.1045,0,0
0.69311572238951,1792,-1.104,0,0
0.69311596239557,1793,-1.1035,0,0
0.6931162025354,1794,-1.103,0,0
0.69311644280901,1795,-1.1025,0,0
0.69311668321639,1796,-1.102,0,0
0.69311692375754,1797,-1.1015,0,0
0.69311716443246,1798,-1.101,0,0
0.69311740524116,1799,-1.1005,0,0
0.69311764618363,1800,-1.1,0,0
0.69311788725987,1801,-1.0995,0,0
0.69311812846988,1802,-1.099,0,0
0.69311836981366,1803,-1.0985,0,0
0.69311861129122,1804,-1.098,0,0
0.69311885290254,1805,-1.0975,0,0
0.69311909464763,1806,-1.097,0,0
0.6931193365265,1807,-1.0965,0,0
0.69311957853914,1808,-1.096,0,0
0.69311982068554,1809,-1.0955,0,0
0.69312006296572,1810,-1.095,0,0
0.69312030537966,1811,-1.0945,0,0
0.69312054792738,1812,-1.094,0,0
0.69312079060886,1813,-1.0935,0,0
0.69312103342411,1814,-1.093,0,0
0.69312127637313,1815,-1.0925,0,0
0.69312151945592,1816,-1.092,0,0
0.69312176267248,1817,-1.0915,0,0
0.69312200602281,1818,-1.091,0,0
0.6931222495069,1819,-1.0905,0,0
0.69312249312476,1820,-1.09,0,0
0.69312273687639,1821,-1.0895,0,0
0.69312298076179,1822,-1.089,0,0
0.69312322478095,1823,-1.0885,0,0
0.69312346893389,1824,-1.088,0,0
0.69312371322058,1825,-1.0875,0,0
0.69312395764105,1826,-1.087,0,0
0.69312420219528,1827,-1.0865,0,0
0.69312444688328,1828,-1.086,0,0
0.69312469170504,1829,-1.0855,0,0
0.69312493666057,1830,-1.085,0,0
0.69312518174986,1831,-1.0845,0,0
0.69312542697292,1832,-1.084,0,0
0.69312567232974,1833,-1.0835,0,0
0.69312591782033,1834,-1.083,0,0
0.69312616344469,1835,-1.0825,0,0
0.6931264092028,1836,-1.082,0,0
0.69312665509469,1837,-1.0815,0,0
0.69312690112033,1838,-1.081,0,0
0.69312714727974,1839,-1.0805,0,0
0.69312739357292,1840,-1.08,0,0
0.69312763999985,1841,-1.0795,0,0
0.69312788656055,1842,-1.079,0,0
0.69312813325502,1843,-1.0785,0,0
0.69312838008324,1844,-1.078,0,0
0.69312862704523,1845,-1.0775,0,0
0.69312887414098,1846,-1.077,0,0
0.6931291213705,1847,-1.0765,0,0
0.69312936873377,1848,-1.076,0,0
0.69312961623081,1849,-1.0755,0,0
0.69312986386161,1850,-1.075,0,0
0.69313011162617,1851,-1.0745,0,0
0.69313035952449,1852,-1.074,0,0
0.69313060755657,1853,-1.0735,0,0
0.69313085572241,1854,-1.073,0,0
0.69313110402201,1855,-1.0725,0,0
0.69313135245538,1856,-1.072,0,0
0.6931316010225,1857,-1.0715,0,0
0.69313184972338,1858,-1.071,0,0
0.69313209855802,1859,-1.0705,0,0
0.69313234752643,1860,-1.07,0,0
0.69313259662859,1861,-1.0695,0,0
0.69313284586451,1862,-1.069,0,0
0.69313309523419,1863,-1.0685,0,0
0.69313334473762,1864,-1.068,0,0
0.69313359437482,1865,-1.0675,0,0
0.69313384414577,1866,-1.067,0,0
0.69313409405049,1867,-1.0665,0,0
0.69313434408896,1868,-1.066,0,0
0.69313459426118,1869,-1.0655,0,0
0.69313484456717,1870,-1.065,0,0
0.69313509500691,1871,-1.0645,0,0
0.69313534558041,1872,-1.064,0,0
0.69313559628766,1873,-1.0635,0,0
0.69313584712868,1874,-1.063,0,0
0.69313609810344,1875,-1.0625,0,0
0.69313634921197,1876,-1.062,0,0
0.69313660045425,1877,-1.0615,0,0
0.69313685183028,1878,-1.061,0,0
0.69313710334007,1879,-1.0605,0,0
0.69313735498362,1880,-1.06,0,0
0.69313760676092,1881,-1.0595,0,0
0.69313785867198,1882,-1.059,0,0
0.69313811071679,1883,-1.0585,0,0
0.69313836289535,1884,-1.058,0,0
0.69313861520767,1885,-1.0575,0,0
0.69313886765374,1886,-1.057,0,0
0.69313912023357,1887,-1.0565,0,0
0.69313937294715,1888,-1.056,0,0
0.69313962579448,1889,-1.0555,0,0
0.69313987877557,1890,-1.055,0,0
0.69314013189041,1891,-1.0545,0,0
0.693140385139,1892,-1.054,0,0
0.69314063852134,1893,-1.0535,0,0
0.69314089203744,1894,-1.053,0,0
0.69314114568729,1895,-1.0525,0,0
0.69314139947089,1896,-1.052,0,0
0.69314165338824,1897,-1.0515,0,0
0.69314190743934,1898,-1.051,0,0
0.69314216162419,1899,-1.0505,0,0
0.6931424159428,1900,-1.05,0,0
0.69314267039516,1901,-1.0495,0,0
0.69314292498126,1902,-1.049,0,0
0.69314317970112,1903,-1.0485,0,0
0.69314343455472,1904,-1.048,0,0
0.69314368954208,1905,-1.0475,0,0
0.69314394466319,1906,-1.047,0,0
0.69314419991804,1907,-1.0465,0,0
0.69314445530665,1908,-1.046,0,0
0.693144710829,1909,-1.0455,0,0
0.6931449664851,1910,-1.045,0,0
0.69314522227495,1911,-1.0445,0,0
0.69314547819855,1912,-1.044,0,0
0.6931457342559,1913,-1.0435,0,0
0.69314599044699,1914,-1.043,0,0
0.69314624677183,1915,-1.0425,0,0
0.69314650323042,1916,-1.042,0,0
0.69314675982276,1917,-1.0415,0,0
0.69314701654885,1918,-1.041,0,0
0.69314727340868,1919,-1.0405,0,0
0.69314753040225,1920,-1.04,0,0
0.69314778752958,1921,-1.0395,0,0
0.69314804479065,1922,-1.039,0,0
0.69314830218546,1923,-1.0385,0,0
0.69314855971403,1924,-1.038,0,0
0.69314881737633,1925,-1.0375,0,0
0.69314907517239,1926,-1.037,0,0
0.69314933310218,1927,-1.0365,0,0
0.69314959116573,1928,-1.036,0,0
0.69314984936301,1929,-1.0355,0,0
0.69315010769404,1930,-1.035,0,0
0.69315036615882,1931,-1.0345,0,0
0.69315062475734,1932,-1.034,0,0
0.6931508834896,1933,-1.0335,0,0
0.69315114235561,1934,-1.033,0,0
0.69315140135536,1935,-1.0325,0,0
0.69315166048885,1936,-1.032,0,0
0.69315191975609,1937,-1.0315,0,0
0.69315217915707,1938,-1.031,0,0
0.69315243869179,1939,-1.0305,0,0
0.69315269836025,1940,-1.03,0,0
0.69315295816246,1941,-1.0295,0,0
0.6931532180984,1942,-1.029,0,0
0.69315347816809,1943,-1.0285,0,0
0.69315373837152,1944,-1.028,0,0
0.69315399870869,1945,-1.0275,0,0
0.69315425917961,1946,-1.027,0,0
0.69315451978426,1947,-1.0265,0,0
0.69315478052265,1948,-1.026,0,0
0.69315504139479,1949,-1.0255,0,0
0.69315530240066,1950,-1.025,0,0
0.69315556354027,1951,-1.0245,0,0
0.69315582481363,1952,-1.024,0,0
0.69315608622072,1953,-1.0235,0,0
0.69315634776155,1954,-1.023,0,0
0.69315660943612,1955,-1.0225,0,0
0.69315687124443,1956,-1.022,0,0
0.69315713318647,1957,-1.0215,0,0
0.69315739526226,1958,-1.021,0,0
0.69315765747178,1959,-1.0205,0,0
0.69315791981505,1960,-1.02,0,0
0.69315818229204,1961,-1.0195,0,0
0.69315844490278,1962,-1.019,0,0
0.69315870764725,1963,-1.0185,0,0
0.69315897052546,1964,-1.018,0,0
0.69315923353741,1965,-1.0175,0,0
0.69315949668309,1966,-1.017,0,0
0.69315975996251,1967,-1.0165,0,0
0.69316002337567,1968,-1.016,0,0
0.69316028692256,1969,-1.0155,0,0
0.69316055060319,1970,-1.015,0,0
0.69316081441755,1971,-1.0145,0,0
0.69316107836565,1972,-1.014,0,0
0.69316134244748,1973,-1.0135,0,0
0.69316160666305,1974,-1.013,0,0
0.69316187101235,1975,-1.0125,0,0
0.69316213549538,1976,-1.012,0,0
0.69316240011215,1977,-1.0115,0,0
0.69316266486266,1978,-1.011,0,0
0.6931629297469,1979,-1.0105,0,0
0.69316319476487,1980,-1.01,0,0
0.69316345991657,1981,-1.0095,0,0
0.69316372520201,1982,-1.009,0,0
0.69316399062117,1983,-1.0085,0,0
0.69316425617408,1984,-1.008,0,0
0.69316452186071,1985,-1.0075,0,0
0.69316478768108,1986,-1.007,0,0
0.69316505363517,1987,-1.0065,0,0
0.693165319723,1988,-1.006,0,0
0.69316558594456,1989,-1.0055,0,0
0.69316585229985,1990,-1.005,0,0
0.69316611878888,1991,-1.0045,0,0
0.69316638541163,1992,-1.004,0,0
0.69316665216811,1993,-1.0035,0,0
0.69316691905833,1994,-1.003,0,0
0.69316718608227,1995,-1.0025,0,0
0.69316745323994,1996,-1.002,0,0
0.69316772053135,1997,-1.0015,0,0
0.69316798795648,1998,-1.001,0,0
0.69316825551534,1999,-1.0005,0,0
0.69316852320793,2000,-1,0,0
0.69316879103425,2001,-0.9995,0,0
0.69316905899429,2002,-0.999,0,0
0.69316932708807,2003,-0.9985,0,0
0.69316959531557,2004,-0.998,0,0
0.6931698636768,2005,-0.9975,0,0
0.69317013217176,2006,-0.997,0,0
0.69317040080045,2007,-0.9965,0,0
0.69317066956286,2008,-0.996,0,0
0.693170938459,2009,-0.9955,0,0
0.69317120748886,2010,-0.995,0,0
0.69317147665246,2011,-0.9945,0,0
0.69317174594977,2012,-0.994,0,0
0.69317201538082,2013,-0.9935,0,0
0.69317228494559,2014,-0.993,0,0
0.69317255464408,2015,-0.9925,0,0
0.6931728244763,2016,-0.992,0,0
0.69317309444225,2017,-0.9915,0,0
0.69317336454192,2018,-0.991,0,0
0.69317363477531,2019,-0.9905,0,0
0.69317390514243,2020,-0.99,0,0
0.69317417564327,2021,-0.9895,0,0
0.69317444627784,2022,-0.989,0,0
0.69317471704613,2023,-0.9885,0,0
0.69317498794815,2024,-0.988,0,0
0.69317525898388,2025,-0.9875,0,0
0.69317553015334,2026,-0.987,0,0
0.69317580145652,2027,-0.9865,0,0
0.69317607289343,2028,-0.986,0,0
0.69317634446406,2029,-0.9855,0,0
0.6931766161684,2030,-0.985,0,0
0.69317688800648,2031,-0.9845,0,0
0.69317715997827,2032,-0.984,0,0
0.69317743208378,2033,-0.9835,0,0
0.69317770432302,2034,-0.983,0,0
0.69317797669597,2035,-0.9825,0,0
0.69317824920265,2036,-0.982,0,0
0.69317852184304,2037,-0.9815,0,0
0.69317879461716,2038,-0.981,0,0
0.693179067525,2039,-0.9805,0,0
0.69317934056655,2040,-0.98,0,0
0.69317961374183,2041,-0.9795,0,0
0.69317988705082,2042,-0.979,0,0
0.69318016049354,2043,-0.9785,0,0
0.69318043406997,2044,-0.978,0,0
0.69318070778012,2045,-0.9775,0,0
0.69318098162399,2046,-0.977,0,0
0.69318125560158,2047,-0.9765,0,0
0.69318152971288,2048,-0.976,0,0
0.69318180395791,2049,-0.9755,0,0
0.69318207833665,2050,-0.975,0,0
0.6931823528491,2051,-0.9745,0,0
0.69318262749528,2052,-0.974,0,0
0.69318290227517,2053,-0.9735,0,0
0.69318317718878,2054,-0.973,0,0
0.6931834522361,2055,-0.9725,0,0
0.69318372741714,2056,-0.972,0,0
0.6931840027319,2057,-0.9715,0,0
0.69318427818037,2058,-0.971,0,0
0.69318455376255,2059,-0.9705,0,0
0.69318482947845,2060,-0.97,0,0
0.69318510532807,2061,-0.9695,0,0
0.6931853813114,2062,-0.969,0,0
0.69318565742845,2063,-0.9685,0,0
0.6931859336792,2064,-0.968,0,0
0.69318621006368,2065,-0.9675,0,0
0.69318648658186,2066,-0.967,0,0
0.69318676323376,2067,-0.9665,0,0
0.69318704001938,2068,-0.966,0,0
0.6931873169387,2069,-0.9655,0,0
0.69318759399174,2070,-0.965,0,0
0.69318787117849,2071,-0.9645,0,0
0.69318814849896,2072,-0.964,0,0
0.69318842595313,2073,-0.9635,0,0
0.69318870354102,2074,-0.963,0,0
0.69318898126262,2075,-0.9625,0,0
0.69318925911793,2076,-0.962,0,0
0.69318953710695,2077,-0.9615,0,0
0.69318981522968,2078,-0.961,0,0
0.69319009348612,2079,-0.9605,0,0
0.69319037187628,2080,-0.96,0,0
0.69319065040014,2081,-0.9595,0,0
0.69319092905771,2082,-0.959,0,0
0.693191207849,2083,-0.9585,0,0
0.69319148677399,2084,-0.958,0,0
0.69319176583269,2085,-0.9575,0,0
0.6931920450251,2086,-0.957,0,0
0.69319232435122,2087,-0.9565,0,0
0.69319260381104,2088,-0.956,0,0
0.69319288340458,2089,-0.9555,0,0
0.69319316313182,2090,-0.955,0,0
0.69319344299277,2091,-0.9545,0,0
0.69319372298743,2092,-0.954,0,0
0.6931940031158,2093,-0.9535,0,0
0.69319428337787,2094,-0.953,0,0
0.69319456377365,2095,-0.9525,0,0
0.69319484430314,2096,-0.952,0,0
0.69319512496633,2097,-0.9515,0,0
0.69319540576323,2098,-0.951,0,0
0.69319568669384,2099,-0.9505,0,0
0.69319596775815,2100,-0.95,0,0
0.69319624895616,2101,-0.9495,0,0
0.69319653028788,2102,-0.949,0,0
0.69319681175331,2103,-0.9485,0,0
0.69319709335244,2104,-0.948,0,0
0.69319737508527,2105,-0.9475,0,0
0.69319765695181,2106,-0.947,0,0
0.69319793895206,2107,-0.9465,0,0
0.693198221086,2108,-0.946,0,0
0.69319850335365,2109,-0.9455,0,0
0.69319878575501,2110,-0.945,0,0
0.69319906829006,2111,-0.9445,0,0
0.69319935095882,2112,-0.944,0,0
0.69319963376129,2113,-0.9435,0,0
0.69319991669745,2114,-0.943,0,0
0.69320019976732,2115,-0.9425,0,0
0.69320048297088,2116,-0.942,0,0
0.69320076630815,2117,-0.9415,0,0
0.69320104977912,2118,-0.941,0,0
0.6932013333838,2119,-0.9405,0,0
0.69320161712217,2120,-0.94,0,0
0.69320190099424,2121,-0.9395,0,0
0.69320218500002,2122,-0.939,0,0
0.69320246913949,2123,-0.9385,0,0
0.69320275341266,2124,-0.938,0,0
0.69320303781954,2125,-0.9375,0,0
0.69320332236011,2126,-0.937,0,0
0.69320360703438,2127,-0.9365,0,0
0.69320389184235,2128,-0.936,0,0
0.69320417678402,2129,-0.9355,0,0
0.69320446185939,2130,-0.935,0,0
0.69320474706846,2131,-0.9345,0,0
0.69320503241122,2132,-0.934,0,0
0.69320531788768,2133,-0.9335,0,0
0.69320560349784,2134,-0.933,0,0
0.6932058892417,2135,-0.9325,0,0
0.69320617511925,2136,-0.932,0,0
0.6932064611305,2137,-0.9315,0,0
0.69320674727545,2138,-0.931,0,0
0.69320703355409,2139,-0.9305,0,0
0.69320731996643,2140,-0.93,0,0
0.69320760651247,2141,-0.9295,0,0
0.6932078931922,2142,-0.929,0,0
0.69320818000563,2143,-0.9285,0,0
0.69320846695275,2144,-0.928,0,0
0.69320875403356,2145,-0.9275,0,0
0.69320904124807,2146,-0.927,0,0
0.69320932859628,2147,-0.9265,0,0
0.69320961607818,2148,-0.926,0,0
0.69320990369377,2149,-0.9255,0,0
0.69321019144306,2150,-0.925,0,0
0.69321047932603,2151,-0.9245,0,0
0.69321076734271,2152,-0.924,0,0
0.69321105549307,2153,-0.9235,0,0
0.69321134377713,2154,-0.923,0,0
0.69321163219488,2155,-0.9225,0,0
0.69321192074632,2156,-0.922,0,0
0.69321220943146,2157,-0.9215,0,0
0.69321249825029,2158,-0.921,0,0
0.6932127872028,2159,-0.9205,0,0
0.69321307628901,2160,-0.92,0,0
0.69321336550891,2161,-0.9195,0,0
0.6932136548625,2162,-0.919,0,0
0.69321394434978,2163,-0.9185,0,0
0.69321423397075,2164,-0.918,0,0
0.69321452372542,2165,-0.9175,0,0
0.69321481361377,2166,-0.917,0,0
0.69321510363581,2167,-0.9165,0,0
0.69321539379154,2168,-0.916,0,0
0.69321568408095,2169,-0.9155,0,0
0.69321597450406,2170,-0.915,0,0
0.69321626506086,2171,-0.9145,0,0
0.69321655575134,2172,-0.914,0,0
0.69321684657551,2173,-0.9135,0,0
0.69321713753337,2174,-0.913,0,0
0.69321742862492,2175,-0.9125,0,0
0.69321771985015,2176,-0.912,0,0
0.69321801120907,2177,-0.9115,0,0
0.69321830270168,2178,-0.911,0,0
0.69321859432797,2179,-0.9105,0,0
0.69321888608796,2180,-0.91,0,0
0.69321917798162,2181,-0.9095,0,0
0.69321947000897,2182,-0.909,0,0
0.69321976217001,2183,-0.9085,0,0
0.69322005446473,2184,-0.908,0,0
0.69322034689314,2185,-0.9075,0,0
0.69322063945524,2186,-0.907,0,0
0.69322093215101,2187,-0.9065,0,0
0.69322122498047,2188,-0.906,0,0
0.69322151794362,2189,-0.9055,0,0
0.69322181104045,2190,-0.905,0,0
0.69322210427096,2191,-0.9045,0,0
0.69322239763516,2192,-0.904,0,0
0.69322269113304,2193,-0.9035,0,0
0.6932229847646,2194,-0.903,0,0
0.69322327852985,2195,-0.9025,0,0
0.69322357242877,2196,-0.902,0,0
0.69322386646138,2197,-0.9015,0,0
0.69322416062767,2198,-0.901,0,0
0.69322445492764,2199,-0.9005,0,0
0.6932247493613,2200,-0.9,0,0
0.69322504392863,2201,-0.8995,0,0
0.69322533862965,2202,-0.899,0,0
0.69322563346434,2203,-0.8985,0,0
0.69322592843272,2204,-0.898,0,0
0.69322622353478,2205,-0.8975,0,0
0.69322651877051,2206,-0.897,0,0
0.69322681413993,2207,-0.8965,0,0
0.69322710964302,2208,-0.896,0,0
0.6932274052798,2209,-0.8955,0,0
0.69322770105025,2210,-0.895,0,0
0.69322799695438,2211,-0.8945,0,0
0.69322829299219,2212,-0.894,0,0
0.69322858916368,2213,-0.8935,0,0
0.69322888546884,2214,-0.893,0,0
0.69322918190769,2215,-0.8925,0,0
0.69322947848021,2216,-0.892,0,0
0.69322977518641,2217,-0.8915,0,0
0.69323007202628,2218,-0.891,0,0
0.69323036899983,2219,-0.8905,0,0
0.69323066610706,2220,-0.89,0,0
0.69323096334796,2221,-0.8895,0,0
0.69323126072254,2222,-0.889,0,0
0.69323155823079,2223,-0.8885,0,0
0.69323185587272,2224,-0.888,0,0
0.69323215364833,2225,-0.8875,0,0
0.69323245155761,2226,-0.887,0,0
0.69323274960056,2227,-0.8865,0,0
0.69323304777719,2228,-0.886,0,0
0.69323334608749,2229,-0.8855,0,0
0.69323364453147,2230,-0.885,0,0
0.69323394310912,2231,-0.8845,0,0
0.69323424182044,2232,-0.884,0,0
0.69323454066544,2233,-0.8835,0,0
0.69323483964411,2234,-0.883,0,0
0.69323513875645,2235,-0.8825,0,0
0.69323543800246,2236,-0.882,0,0
0.69323573738215,2237,-0.8815,0,0
0.6932360368955,2238,-0.881,0,0
0.69323633654253,2239,-0.8805,0,0
0.69323663632323,2240,-0.88,0,0
0.6932369362376,2241,-0.8795,0,0
0.69323723628564,2242,-0.879,0,0
0.69323753646736,2243,-0.8785,0,0
0.69323783678274,2244,-0.878,0,0
0.69323813723179,2245,-0.8775,0,0
0.69323843781451,2246,-0.877,0,0
0.6932387385309,2247,-0.8765,0,0
0.69323903938097,2248,-0.876,0,0
0.69323934036469,2249,-0.8755,0,0
0.69323964148209,2250,-0.875,0,0
0.69323994273316,2251,-0.8745,0,0
0.6932402441179,2252,-0.874,0,0
0.6932405456363,2253,-0.8735,0,0
0.69324084728837,2254,-0.873,0,0
0.69324114907411,2255,-0.8725,0,0
0.69324145099351,2256,-0.872,0,0
0.69324175304658,2257,-0.8715,0,0
0.69324205523332,2258,-0.871,0,0
0.69324235755373,2259,-0.8705,0,0
0.6932426600078,2260,-0.87,0,0
0.69324296259554,2261,-0.8695,0,0
0.69324326531694,2262,-0.869,0,0
0.69324356817201,2263,-0.8685,0,0
0.69324387116074,2264,-0.868,0,0
0.69324417428314,2265,-0.8675,0,0
0.6932444775392,2266,-0.867,0,0
0.69324478092893,2267,-0.8665,0,0
0.69324508445232,2268,-0.866,0,0
0.69324538810938,2269,-0.8655,0,0
0.6932456919001,2270,-0.865,0,0
0.69324599582448,2271,-0.8645,0,0
0.69324629988252,2272,-0.864,0,0
0.69324660407423,2273,-0.8635,0,0
0.6932469083996,2274,-0.863,0,0
0.69324721285864,2275,-0.8625,0,0
0.69324751745133,2276,-0.862,0,0
0.69324782217769,2277,-0.8615,0,0
0.69324812703771,2278,-0.861,0,0
0.69324843203139,2279,-0.8605,0,0
0.69324873715873,2280,-0.86,0,0
0.69324904241973,2281,-0.8595,0,0
0.69324934781439,2282,-0.859,0,0
0.69324965334271,2283,-0.8585,0,0
0.69324995900469,2284,-0.858,0,0
0.69325026480034,2285,-0.8575,0,0
0.69325057072964,2286,-0.857,0,0
0.6932508767926,2287,-0.8565,0,0
0.69325118298922,2288,-0.856,0,0
0.6932514893195,2289,-0.8555,0,0
0.69325179578343,2290,-0.855,0,0
0.69325210238103,2291,-0.8545,0,0
0.69325240911228,2292,-0.854,0,0
0.69325271597719,2293,-0.8535,0,0
0.69325302297576,2294,-0.853,0,0
0.69325333010798,2295,-0.8525,0,0
0.69325363737387,2296,-0.852,0,0
0.6932539447734,2297,-0.8515,0,0
0.6932542523066,2298,-0.851,0,0
0.69325455997345,2299,-0.8505,0,0
0.69325486777396,2300,-0.85,0,0
0.69325517570812,2301,-0.8495,0,0
0.69325548377594,2302,-0.849,0,0
0.69325579197741,2303,-0.8485,0,0
0.69325610031254,2304,-0.848,0,0
0.69325640878132,2305,-0.8475,0,0
0.69325671738375,2306,-0.847,0,0
0.69325702611984,2307,-0.8465,0,0
0.69325733498959,2308,-0.846,0,0
0.69325764399299,2309,-0.8455,0,0
0.69325795313004,2310,-0.845,0,0
0.69325826240074,2311,-0.8445,0,0
0.6932585718051,2312,-0.844,0,0
0.69325888134311,2313,-0.8435,0,0
0.69325919101477,2314,-0.843,0,0
0.69325950082008,2315,-0.8425,0,0
0.69325981075904,2316,-0.842,0,0
0.69326012083166,2317,-0.8415,0,0
0.69326043103793,2318,-0.841,0,0
0.69326074137784,2319,-0.8405,0,0
0.69326105185141,2320,-0.84,0,0
0.69326136245863,2321,-0.8395,0,0
0.6932616731995,2322,-0.839,0,0
0.69326198407402,2323,-0.8385,0,0
0.69326229508219,2324,-0.838,0,0
0.69326260622401,2325,-0.8375,0,0
0.69326291749947,2326,-0.837,0,0
0.69326322890859,2327,-0.8365,0,0
0.69326354045135,2328,-0.836,0,0
0.69326385212776,2329,-0.8355,0,0
0.69326416393782,2330,-0.835,0,0
0.69326447588153,2331,-0.8345,0,0
0.69326478795889,2332,-0.834,0,0
0.69326510016989,2333,-0.8335,0,0
0.69326541251454,2334,-0.833,0,0
0.69326572499284,2335,-0.8325,0,0
0.69326603760478,2336,-0.832,0,0
0.69326635035037,2337,-0.8315,0,0
0.6932666632296,2338,-0.831,0,0
0.69326697624248,2339,-0.8305,0,0
0.69326728938901,2340,-0.83,0,0
0.69326760266918,2341,-0.8295,0,0
0.69326791608299,2342,-0.829,0,0
0.69326822963045,2343,-0.8285,0,0
0.69326854331156,2344,-0.828,0,0
0.69326885712631,2345,-0.8275,0,0
0.6932691710747,2346,-0.827,0,0
0.69326948515673,2347,-0.8265,0,0
0.69326979937241,2348,-0.826,0,0
0.69327011372173,2349,-0.8255,0,0
0.6932704282047,2350,-0.825,0,0
0.6932707428213,2351,-0.8245,0,0
0.69327105757155,2352,-0.824,0,0
0.69327137245544,2353,-0.8235,0,0
0.69327168747298,2354,-0.823,0,0
0.69327200262415,2355,-0.8225,0,0
0.69327231790896,2356,-0.822,0,0
0.69327263332742,2357,-0.8215,0,0
0.69327294887952,2358,-0.821,0,0
0.69327326456525,2359,-0.8205,0,0
0.69327358038463,2360,-0.82,0,0
0.69327389633764,2361,-0.8195,0,0
0.6932742124243,2362,-0.819,0,0
0.6932745286446,2363,-0.8185,0,0
0.69327484499853,2364,-0.818,0,0
0.6932751614861,2365,-0.8175,0,0
0.69327547810731,2366,-0.817,0,0
0.69327579486216,2367,-0.8165,0,0
0.69327611175065,2368,-0.816,0,0
0.69327642877277,2369,-0.8155,0,0
0.69327674592854,2370,-0.815,0,0
0.69327706321793,2371,-0.8145,0,0
0.69327738064097,2372,-0.814,0,0
0.69327769819764,2373,-0.8135,0,0
0.69327801588795,2374,-0.813,0,0
0.6932783337119,2375,-0.8125,0,0
0.69327865166948,2376,-0.812,0,0
0.69327896976069,2377,-0.8115,0,0
0.69327928798554,2378,-0.811,0,0
0.69327960634403,2379,-0.8105,0,0
0.69327992483615,2380,-0.81,0,0
0.6932802434619,2381,-0.8095,0,0
0.69328056222129,2382,-0.809,0,0
0.69328088111432,2383,-0.8085,0,0
0.69328120014097,2384,-0.808,0,0
0.69328151930126,2385,-0.8075,0,0
0.69328183859519,2386,-0.807,0,0
0.69328215802274,2387,-0.8065,0,0
0.69328247758393,2388,-0.806,0,0
0.69328279727875,2389,-0.8055,0,0
0.6932831171072,2390,-0.805,0,0
0.69328343706929,2391,-0.8045,0,0
0.693283757165,2392,-0.804,0,0
0.69328407739435,2393,-0.8035,0,0
0.69328439775733,2394,-0.803,0,0
0.69328471825393,2395,-0.8025,0,0
0.69328503888417,2396,-0.802,0,0
0.69328535964804,2397,-0.8015,0,0
0.69328568054554,2398,-0.801,0,0
0.69328600157667,2399,-0.8005,0,0
0.69328632274142,2400,-0.8,0,0
0.69328664403981,2401,-0.7995,0,0
0.69328696547182,2402,-0.799,0,0
0.69328728703747,2403,-0.7985,0,0
0.69328760873674,2404,-0.798,0,0
0.69328793056964,2405,-0.7975,0,0
0.69328825253616,2406,-0.797,0,0
0.69328857463632,2407,-0.7965,0,0
0.6932888968701,2408,-0.796,0,0
0.69328921923751,2409,-0.7955,0,0
0.69328954173854,2410,-0.795,0,0
0.6932898643732,2411,-0.7945,0,0
0.69329018714149,2412,-0.794,0,0
0.6932905100434,2413,-0.7935,0,0
0.69329083307894,2414,-0.793,0,0
0.6932911562481,2415,-0.7925,0,0
0.69329147955089,2416,-0.792,0,0
0.6932918029873,2417,-0.7915,0,0
0.69329212655734,2418,-0.791,0,0
0.693292450261,2419,-0.7905,0,0
0.69329277409829,2420,-0.79,0,0
0.6932930980692,2421,-0.7895,0,0
0.69329342217373,2422,-0.789,0,0
0.69329374641188,2423,-0.7885,0,0
0.69329407078366,2424,-0.788,0,0
0.69329439528906,2425,-0.7875,0,0
0.69329471992808,2426,-0.787,0,0
0.69329504470073,2427,-0.7865,0,0
0.69329536960699,2428,-0.786,0,0
0.69329569464688,2429,-0.7855,0,0
0.69329601982039,2430,-0.785,0,0
0.69329634512751,2431,-0.7845,0,0
0.69329667056826,2432,-0.784,0,0
0.69329699614263,2433,-0.7835,0,0
0.69329732185062,2434,-0.783,0,0
0.69329764769223,2435,-0.7825,0,0
0.69329797366746,2436,-0.782,0,0
0.69329829977631,2437,-0.7815,0,0
0.69329862601877,2438,-0.781,0,0
0.69329895239486,2439,-0.7805,0,0
0.69329927890456,2440,-0.78,0,0
0.69329960554788,2441,-0.7795,0,0
0.69329993232482,2442,-0.779,0,0
0.69330025923538,2443,-0.7785,0,0
0.69330058627955,2444,-0.778,0,0
0.69330091345734,2445,-0.7775,0,0
0.69330124076875,2446,-0.777,0,0
0.69330156821377,2447,-0.7765,0,0
0.69330189579241,2448,-0.776,0,0
0.69330222350467,2449,-0.7755,0,0
0.69330255135054,2450,-0.775,0,0
0.69330287933002,2451,-0.7745,0,0
0.69330320744313,2452,-0.774,0,0
0.69330353568984,2453,-0.7735,0,0
0.69330386407017,2454,-0.773,0,0
0.69330419258412,2455,-0.7725,0,0
0.69330452123168,2456,-0.772,0,0
0.69330485001285,2457,-0.7715,0,0
0.69330517892763,2458,-0.771,0,0
0.69330550797603,2459,-0.7705,0,0
0.69330583715804,2460,-0.77,0,0
0.69330616647367,2461,-0.7695,0,0
0.6933064959229,2462,-0.769,0,0
0.69330682550575,2463,-0.7685,0,0
0.69330715522221,2464,-0.768,0,0
0.69330748507228,2465,-0.7675,0,0
0.69330781505596,2466,-0.767,0,0
0.69330814517325,2467,-0.7665,0,0
0.69330847542416,2468,-0.766,0,0
0.69330880580867,2469,-0.7655,0,0
0.69330913632679,2470,-0.765,0,0
0.69330946697853,2471,-0.7645,0,0
0.69330979776387,2472,-0.764,0,0
0.69331012868282,2473,-0.7635,0,0
0.69331045973538,2474,-0.763,0,0
0.69331079092155,2475,-0.7625,0,0
0.69331112224133,2476,-0.762,0,0
0.69331145369471,2477,-0.7615,0,0
0.69331178528171,2478,-0.761,0,0
0.69331211700231,2479,-0.7605,0,0
0.69331244885651,2480,-0.76,0,0
0.69331278084433,2481,-0.7595,0,0
0.69331311296575,2482,-0.759,0,0
0.69331344522078,2483,-0.7585,0,0
0.69331377760941,2484,-0.758,0,0
0.69331411013165,2485,-0.7575,0,0
0.6933144427875,2486,-0.757,0,0
0.69331477557695,2487,-0.7565,0,0
0.6933151085,2488,-0.756,0,0
0.69331544155666,2489,-0.7555,0,0
0.69331577474692,2490,-0.755,0,0
0.69331610807079,2491,-0.7545,0,0
0.69331644152826,2492,-0.754,0,0
0.69331677511934,2493,-0.7535,0,0
0.69331710884402,2494,-0.753,0,0
0.6933174427023,2495,-0.7525,0,0
0.69331777669418,2496,-0.752,0,0
0.69331811081967,2497,-0.7515,0,0
0.69331844507876,2498,-0.751,0,0
0.69331877947145,2499,-0.7505,0,0
0.69331911399774,2500,-0.75,0,0
0.69331944865764,2501,-0.7495,0,0
0.69331978345113,2502,-0.749,0,0
0.69332011837822,2503,-0.7485,0,0
0.69332045343892,2504,-0.748,0,0
0.69332078863322,2505,-0.7475,0,0
0.69332112396111,2506,-0.747,0,0
0.69332145942261,2507,-0.7465,0,0
0.6933217950177,2508,-0.746,0,0
0.69332213074639,2509,-0.7455,0,0
0.69332246660869,2510,-0.745,0,0
0.69332280260458,2511,-0.7445,0,0
0.69332313873406,2512,-0.744,0,0
0.69332347499715,2513,-0.7435,0,0
0.69332381139383,2514,-0.743,0,0
0.69332414792412,2515,-0.7425,0,0
0.69332448458799,2516,-0.742,0,0
0.69332482138547,2517,-0.7415,0,0
0.69332515831654,2518,-0.741,0,0
0.69332549538121,2519,-0.7405,0,0
0.69332583257947,2520,-0.74,0,0
0.69332616991133,2521,-0.7395,0,0
0.69332650737678,2522,-0.739,0,0
0.69332684497583,2523,-0.7385,0,0
0.69332718270848,2524,-0.738,0,0
0.69332752057472,2525,-0.7375,0,0
0.69332785857455,2526,-0.737,0,0
0.69332819670797,2527,-0.7365,0,0
0.69332853497499,2528,-0.736,0,0
0.69332887337561,2529,-0.7355,0,0
0.69332921190981,2530,-0.735,0,0
0.69332955057761,2531,-0.7345,0,0
0.693329889379,2532,-0.734,0,0
0.69333022831399,2533,-0.7335,0,0
0.69333056738256,2534,-0.733,0,0
0.69333090658473,2535,-0.7325,0,0
0.69333124592049,2536,-0.732,0,0
0.69333158538984,2537,-0.7315,0,0
0.69333192499278,2538,-0.731,0,0
0.69333226472931,2539,-0.7305,0,0
0.69333260459943,2540,-0.73,0,0
0.69333294460314,2541,-0.7295,0,0
0.69333328474044,2542,-0.729,0,0
0.69333362501133,2543,-0.7285,0,0
0.69333396541581,2544,-0.728,0,0
0.69333430595387,2545,-0.7275,0,0
0.69333464662553,2546,-0.727,0,0
0.69333498743077,2547,-0.7265,0,0
0.69333532836961,2548,-0.726,0,0
0.69333566944202,2549,-0.7255,0,0
0.69333601064803,2550,-0.725,0,0
0.69333635198762,2551,-0.7245,0,0
0.6933366934608,2552,-0.724,0,0
0.69333703506757,2553,-0.7235,0,0
0.69333737680792,2554,-0.723,0,0
0.69333771868186,2555,-0.7225,0,0
0.69333806068938,2556,-0.722,0,0
0.69333840283049,2557,-0.7215,0,0
0.69333874510519,2558,-0.721,0,0
0.69333908751347,2559,-0.7205,0,0
0.69333943005533,2560,-0.72,0,0
0.69333977273078,2561,-0.7195,0,0
0.69334011553981,2562,-0.719,0,0
0.69334045848242,2563,-0.7185,0,0
0.69334080155862,2564,-0.718,0,0
0.6933411447684,2565,-0.7175,0,0
0.69334148811176,2566,-0.717,0,0
0.69334183158871,2567,-0.7165,0,0
0.69334217519924,2568,-0.716,0,0
0.69334251894334,2569,-0.7155,0,0
0.69334286282104,2570,-0.715,0,0
0.69334320683231,2571,-0.7145,0,0
0.69334355097716,2572,-0.714,0,0
0.69334389525559,2573,-0.7135,0,0
0.69334423966761,2574,-0.713,0,0
0.6933445842132,2575,-0.7125,0,0
0.69334492889237,2576,-0.712,0,0
0.69334527370513,2577,-0.7115,0,0
0.69334561865146,2578,-0.711,0,0
0.69334596373137,2579,-0.7105,0,0
0.69334630894486,2580,-0.71,0,0
0.69334665429193,2581,-0.7095,0,0
0.69334699977257,2582,-0.709,0,0
0.6933473453868,2583,-0.7085,0,0
0.6933476911346,2584,-0.708,0,0
0.69334803701598,2585,-0.7075,0,0
0.69334838303093,2586,-0.707,0,0
0.69334872917946,2587,-0.7065,0,0
0.69334907546157,2588,-0.706,0,0
0.69334942187725,2589,-0.7055,0,0
0.69334976842651,2590,-0.705,0,0
0.69335011510935,2591,-0.7045,0,0
0.69335046192576,2592,-0.704,0,0
0.69335080887574,2593,-0.7035,0,0
0.6933511559593,2594,-0.703,0,0
0.69335150317643,2595,-0.7025,0,0
0.69335185052714,2596,-0.702,0,0
0.69335219801142,2597,-0.7015,0,0
0.69335254562927,2598,-0.701,0,0
0.6933528933807,2599,-0.7005,0,0
0.6933532412657,2600,-0.7,0,0
0.69335358928427,2601,-0.6995,0,0
0.69335393743641,2602,-0.699,0,0
0.69335428572213,2603,-0.6985,0,0
0.69335463414142,2604,-0.698,0,0
0.69335498269428,2605,-0.6975,0,0
0.6933553313807,2606,-0.697,0,0
0.69335568020071,2607,-0.6965,0,0
0.69335602915428,2608,-0.696,0,0
0.69335637824142,2609,-0.6955,0,0
0.69335672746213,2610,-0.695,0,0
0.69335707681641,2611,-0.6945,0,0
0.69335742630425,2612,-0.694,0,0
0.69335777592567,2613,-0.6935,0,0
0.69335812568066,2614,-0.693,0,0
0.69335847556921,2615,-0.6925,0,0
0.69335882559134,2616,-0.692,0,0
0.69335917574703,2617,-0.6915,0,0
0.69335952603628,2618,-0.691,0,0
0.69335987645911,2619,-0.6905,0,0
0.6933602270155,2620,-0.69,0,0
0.69336057770546,2621,-0.6895,0,0
0.69336092852898,2622,-0.689,0,0
0.69336127948607,2623,-0.6885,0,0
0.69336163057673,2624,-0.688,0,0
0.69336198180095,2625,-0.6875,0,0
0.69336233315874,2626,-0.687,0,0
0.69336268465009,2627,-0.6865,0,0
0.693363036275,2628,-0.686,0,0
0.69336338803348,2629,-0.6855,0,0
0.69336373992552,2630,-0.685,0,0
0.69336409195113,2631,-0.6845,0,0
0.6933644441103,2632,-0.684,0,0
0.69336479640303,2633,-0.6835,0,0
0.69336514882933,2634,-0.683,0,0
0.69336550138919,2635,-0.6825,0,0
0.69336585408261,2636,-0.682,0,0
0.69336620690959,2637,-0.6815,0,0
0.69336655987013,2638,-0.681,0,0
0.69336691296424,2639,-0.6805,0,0
0.6933672661919,2640,-0.68,0,0
0.69336761955313,2641,-0.6795,0,0
0.69336797304791,2642,-0.679,0,0
0.69336832667626,2643,-0.6785,0,0
0.69336868043817,2644,-0.678,0,0
0.69336903433363,2645,-0.6775,0,0
0.69336938836266,2646,-0.677,0,0
0.69336974252524,2647,-0.6765,0,0
0.69337009682138,2648,-0.676,0,0
0.69337045125108,2649,-0.6755,0,0
0.69337080581434,2650,-0.675,0,0
0.69337116051115,2651,-0.6745,0,0
0.69337151534152,2652,-0.674,0,0
0.69337187030545,2653,-0.6735,0,0
0.69337222540294,2654,-0.673,0,0
0.69337258063398,2655,-0.6725,0,0
0.69337293599858,2656,-0.672,0,0
0.69337329149673,2657,-0.6715,0,0
0.69337364712844,2658,-0.671,0,0
0.69337400289371,2659,-0.6705,0,0
0.69337435879253,2660,-0.67,0,0
0.6933747148249,2661,-0.6695,0,0
0.69337507099083,2662,-0.669,0,0
0.69337542729031,2663,-0.6685,0,0
0.69337578372335,2664,-0.668,0,0
0.69337614028994,2665,-0.6675,0,0
0.69337649699008,2666,-0.667,0,0
0.69337685382378,2667,-0.6665,0,0
0.69337721079102,2668,-0.666,0,0
0.69337756789182,2669,-0.6655,0,0
0.69337792512618,2670,-0.665,0,0
0.69337828249408,2671,-0.6645,0,0
0.69337863999553,2672,-0.664,0,0
0.69337899763054,2673,-0.6635,0,0
0.69337935539909,2674,-0.663,0,0
0.6933797133012,2675,-0.6625,0,0
0.69338007133686,2676,-0.662,0,0
0.69338042950606,2677,-0.6615,0,0
0.69338078780882,2678,-0.661,0,0
0.69338114624512,2679,-0.6605,0,0
0.69338150481498,2680,-0.66,0,0
0.69338186351838,2681,-0.6595,0,0
0.69338222235533,2682,-0.659,0,0
0.69338258132583,2683,-0.6585,0,0
0.69338294042987,2684,-0.658,0,0
0.69338329966747,2685,-0.6575,0,0
0.69338365903861,2686,-0.657,0,0
0.69338401854329,2687,-0.6565,0,0
0.69338437818153,2688,-0.656,0,0
0.69338473795331,2689,-0.6555,0,0
0.69338509785863,2690,-0.655,0,0
0.6933854578975,2691,-0.6545,0,0
0.69338581806992,2692,-0.654,0,0
0.69338617837588,2693,-0.6535,0,0
0.69338653881538,2694,-0.653,0,0
0.69338689938843,2695,-0.6525,0,0
0.69338726009503,2696,-0.652,0,0
0.69338762093517,2697,-0.6515,0,0
0.69338798190885,2698,-0.651,0,0
0.69338834301607,2699,-0.6505,0,0
0.69338870425684,2700,-0.65,0,0
0.69338906563114,2701,-0.6495,0,0
0.693389427139,2702,-0.649,0,0
0.69338978878039,2703,-0.6485,0,0
0.69339015055532,2704,-0.648,0,0
0.6933905124638,2705,-0.6475,0,0
0.69339087450581,2706,-0.647,0,0
0.69339123668137,2707,-0.6465,0,0
0.69339159899047,2708,-0.646,0,0
0.69339196143311,2709,-0.6455,0,0
0.69339232400928,2710,-0.645,0,0
0.693392686719,2711,-0.6445,0,0
0.69339304956226,2712,-0.644,0,0
0.69339341253905,2713,-0.6435,0,0
0.69339377564938,2714,-0.643,0,0
0.69339413889325,2715,-0.6425,0,0
0.69339450227066,2716,-0.642,0,0
0.69339486578161,2717,-0.6415,0,0
0.69339522942609,2718,-0.641,0,0
0.69339559320411,2719,-0.6405,0,0
0.69339595711567,2720,-0.64,0,0
0.69339632116076,2721,-0.6395,0,0
0.69339668533939,2722,-0.639,0,0
0.69339704965156,2723,-0.6385,0,0
0.69339741409726,2724,-0.638,0,0
0.69339777867649,2725,-0.6375,0,0
0.69339814338926,2726,-0.637,0,0
0.69339850823557,2727,-0.6365,0,0
0.69339887321541,2728,-0.636,0,0
0.69339923832878,2729,-0.6355,0,0
0.69339960357569,2730,-0.635,0,0
0.69339996895613,2731,-0.6345,0,0
0.6934003344701,2732,-0.634,0,0
0.6934007001176,2733,-0.6335,0,0
0.69340106589864,2734,-0.633,0,0
0.69340143181321,2735,-0.6325,0,0
0.69340179786131,2736,-0.632,0,0
0.69340216404294,2737,-0.6315,0,0
0.69340253035811,2738,-0.631,0,0
0.6934028968068,2739,-0.6305,0,0
0.69340326338903,2740,-0.63,0,0
0.69340363010478,2741,-0.6295,0,0
0.69340399695407,2742,-0.629,0,0
0.69340436393688,2743,-0.6285,0,0
0.69340473105322,2744,-0.628,0,0
0.6934050983031,2745,-0.6275,0,0
0.6934054656865,2746,-0.627,0,0
0.69340583320343,2747,-0.6265,0,0
0.69340620085388,2748,-0.626,0,0
0.69340656863787,2749,-0.6255,0,0
0.69340693655538,2750,-0.625,0,0
0.69340730460642,2751,-0.6245,0,0
0.69340767279099,2752,-0.624,0,0
0.69340804110908,2753,-0.6235,0,0
0.6934084095607,2754,-0.623,0,0
0.69340877814584,2755,-0.6225,0,0
0.69340914686451,2756,-0.622,0,0
0.69340951571671,2757,-0.6215,0,0
0.69340988470242,2758,-0.621,0,0
0.69341025382167,2759,-0.6205,0,0
0.69341062307444,2760,-0.62,0,0
0.69341099246073,2761,-0.6195,0,0
0.69341136198055,2762,-0.619,0,0
0.69341173163389,2763,-0.6185,0,0
0.69341210142075,2764,-0.618,0,0
0.69341247134113,2765,-0.6175,0,0
0.69341284139504,2766,-0.617,0,0
0.69341321158247,2767,-0.6165,0,0
0.69341358190342,2768,-0.616,0,0
0.69341395235789,2769,-0.6155,0,0
0.69341432294589,2770,-0.615,0,0
0.6934146936674,2771,-0.6145,0,0
0.69341506452244,2772,-0.614,0,0
0.69341543551099,2773,-0.6135,0,0
0.69341580663307,2774,-0.613,0,0
0.69341617788866,2775,-0.6125,0,0
0.69341654927778,2776,-0.612,0,0
0.69341692080041,2777,-0.6115,0,0
0.69341729245656,2778,-0.611,0,0
0.69341766424623,2779,-0.6105,0,0
0.69341803616942,2780,-0.61,0,0
0.69341840822612,2781,-0.6095,0,0
0.69341878041634,2782,-0.609,0,0
0.69341915274008,2783,-0.6085,0,0
0.69341952519734,2784,-0.608,0,0
0.69341989778811,2785,-0.6075,0,0
0.6934202705124,2786,-0.607,0,0
0.69342064337021,2787,-0.6065,0,0
0.69342101636153,2788,-0.606,0,0
0.69342138948636,2789,-0.6055,0,0
0.69342176274471,2790,-0.605,0,0
0.69342213613658,2791,-0.6045,0,0
0.69342250966195,2792,-0.604,0,0
0.69342288332085,2793,-0.6035,0,0
0.69342325711325,2794,-0.603,0,0
0.69342363103917,2795,-0.6025,0,0
0.6934240050986,2796,-0.602,0,0
0.69342437929155,2797,-0.6015,0,0
0.69342475361801,2798,-0.601,0,0
0.69342512807798,2799,-0.6005,0,0
0.69342550267146,2800,-0.6,0,0
0.69342587739845,2801,-0.5995,0,0
0.69342625225895,2802,-0.599,0,0
0.69342662725297,2803,-0.5985,0,0
0.69342700238049,2804,-0.598,0,0
0.69342737764153,2805,-0.5975,0,0
0.69342775303607,2806,-0.597,0,0
0.69342812856412,2807,-0.5965,0,0
0.69342850422569,2808,-0.596,0,0
0.69342888002076,2809,-0.5955,0,0
0.69342925594934,2810,-0.595,0,0
0.69342963201143,2811,-0.5945,0,0
0.69343000820702,2812,-0.594,0,0
0.69343038453613,2813,-0.5935,0,0
0.69343076099874,2814,-0.593,0,0
0.69343113759485,2815,-0.5925,0,0
0.69343151432448,2816,-0.592,0,0
0.69343189118761,2817,-0.5915,0,0
0.69343226818425,2818,-0.591,0,0
0.69343264531439,2819,-0.5905,0,0
0.69343302257804,2820,-0.59,0,0
0.69343339997519,2821,-0.5895,0,0
0.69343377750585,2822,-0.589,0,0
0.69343415517001,2823,-0.5885,0,0
0.69343453296767,2824,-0.588,0,0
0.69343491089884,2825,-0.5875,0,0
0.69343528896351,2826,-0.587,0,0
0.69343566716169,2827,-0.5865,0,0
0.69343604549337,2828,-0.586,0,0
0.69343642395855,2829,-0.5855,0,0
0.69343680255723,2830,-0.585,0,0
0.69343718128942,2831,-0.5845,0,0
0.69343756015511,2832,-0.584,0,0
0.69343793915429,2833,-0.5835,0,0
0.69343831828698,2834,-0.583,0,0
0.69343869755317,2835,-0.5825,0,0
0.69343907695286,2836,-0.582,0,0
0.69343945648605,2837,-0.5815,0,0
0.69343983615274,2838,-0.581,0,0
0.69344021595292,2839,-0.5805,0,0
0.69344059588661,2840,-0.58,0,0
0.6934409759538,2841,-0.5795,0,0
0.69344135615448,2842,-0.579,0,0
0.69344173648866,2843,-0.5785,0,0
0.69344211695634,2844,-0.578,0,0
0.69344249755752,2845,-0.5775,0,0
0.69344287829219,2846,-0.577,0,0
0.69344325916036,2847,-0.5765,0,0
0.69344364016203,2848,-0.576,0,0
0.69344402129719,2849,-0.5755,0,0
0.69344440256585,2850,-0.575,0,0
0.693444783968,2851,-0.5745,0,0
0.69344516550365,2852,-0.574,0,0
0.6934455471728,2853,-0.5735,0,0
0.69344592897543,2854,-0.573,0,0
0.69344631091157,2855,-0.5725,0,0
0.69344669298119,2856,-0.572,0,0
0.69344707518431,2857,-0.5715,0,0
0.69344745752092,2858,-0.571,0,0
0.69344783999103,2859,-0.5705,0,0
0.69344822259463,2860,-0.57,0,0
0.69344860533172,2861,-0.5695,0,0
0.6934489882023,2862,-0.569,0,0
0.69344937120637,2863,-0.5685,0,0
0.69344975434393,2864,-0.568,0,0
0.69345013761499,2865,-0.5675,0,0
0.69345052101953,2866,-0.567,0,0
0.69345090455757,2867,-0.5665,0,0
0.6934512882291,2868,-0.566,0,0
0.69345167203411,2869,-0.5655,0,0
0.69345205597262,2870,-0.565,0,0
0.69345244004461,2871,-0.5645,0,0
0.69345282425009,2872,-0.564,0,0
0.69345320858906,2873,-0.5635,0,0
0.69345359306152,2874,-0.563,0,0
0.69345397766747,2875,-0.5625,0,0
0.6934543624069,2876,-0.562,0,0
0.69345474727982,2877,-0.5615,0,0
0.69345513228623,2878,-0.561,0,0
0.69345551742612,2879,-0.5605,0,0
0.6934559026995,2880,-0.56,0,0
0.69345628810636,2881,-0.5595,0,0
0.69345667364671,2882,-0.559,0,0
0.69345705932055,2883,-0.5585,0,0
0.69345744512787,2884,-0.558,0,0
0.69345783106867,2885,-0.5575,0,0
0.69345821714296,2886,-0.557,0,0
0.69345860335073,2887,-0.5565,0,0
0.69345898969199,2888,-0.556,0,0
0.69345937616673,2889,-0.5555,0,0
0.69345976277495,2890,-0.555,0,0
0.69346014951665,2891,-0.5545,0,0
0.69346053639184,2892,-0.554,0,0
0.69346092340051,2893,-0.5535,0,0
0.69346131054265,2894,-0.553,0,0
0.69346169781828,2895,-0.5525,0,0
0.6934620852274,2896,-0.552,0,0
0.69346247276999,2897,-0.5515,0,0
0.69346286044606,2898,-0.551,0,0
0.69346324825561,2899,-0.5505,0,0
0.69346363619864,2900,-0.55,0,0
0.69346402427515,2901,-0.5495,0,0
0.69346441248514,2902,-0.549,0,0
0.6934648008286,2903,-0.5485,0,0
0.69346518930555,2904,-0.548,0,0
0.69346557791597,2905,-0.5475,0,0
0.69346596665987,2906,-0.547,0,0
0.69346635553725,2907,-0.5465,0,0
0.6934667445481,2908,-0.546,0,0
0.69346713369244,2909,-0.5455,0,0
0.69346752297024,2910,-0.545,0,0
0.69346791238153,2911,-0.5445,0,0
0.69346830192628,2912,-0.544,0,0
0.69346869160452,2913,-0.5435,0,0
0.69346908141623,2914,-0.543,0,0
0.69346947136141,2915,-0.5425,0,0
0.69346986144007,2916,-0.542,0,0
0.6934702516522,2917,-0.5415,0,0
0.6934706419978,2918,-0.541,0,0
0.69347103247688,2919,-0.5405,0,0
0.69347142308943,2920,-0.54,0,0
0.69347181383545,2921,-0.5395,0,0
0.69347220471495,2922,-0.539,0,0
0.69347259572792,2923,-0.5385,0,0
0.69347298687436,2924,-0.538,0,0
0.69347337815427,2925,-0.5375,0,0
0.69347376956765,2926,-0.537,0,0
0.6934741611145,2927,-0.5365,0,0
0.69347455279482,2928,-0.536,0,0
0.69347494460861,2929,-0.5355,0,0
0.69347533655588,2930,-0.535,0,0
0.69347572863661,2931,-0.5345,0,0
0.69347612085081,2932,-0.534,0,0
0.69347651319847,2933,-0.5335,0,0
0.69347690567961,2934,-0.533,0,0
0.69347729829422,2935,-0.5325,0,0
0.69347769104229,2936,-0.532,0,0
0.69347808392383,2937,-0.5315,0,0
0.69347847693883,2938,-0.531,0,0
0.69347887008731,2939,-0.5305,0,0
0.69347926336924,2940,-0.53,0,0
0.69347965678465,2941,-0.5295,0,0
0.69348005033352,2942,-0.529,0,0
0.69348044401586,2943,-0.5285,0,0
0.69348083783166,2944,-0.528,0,0
0.69348123178092,2945,-0.5275,0,0
0.69348162586365,2946,-0.527,0,0
0.69348202007985,2947,-0.5265,0,0
0.6934824144295,2948,-0.526,0,0
0.69348280891262,2949,-0.5255,0,0
0.69348320352921,2950,-0.525,0,0
0.69348359827925,2951,-0.5245,0,0
0.69348399316276,2952,-0.524,0,0
0.69348438817973,2953,-0.5235,0,0
0.69348478333016,2954,-0.523,0,0
0.69348517861406,2955,-0.5225,0,0
0.69348557403141,2956,-0.522,0,0
0.69348596958223,2957,-0.5215,0,0
0.6934863652665,2958,-0.521,0,0
0.69348676108424,2959,-0.5205,0,0
0.69348715703543,2960,-0.52,0,0
0.69348755312008,2961,-0.5195,0,0
0.6934879493382,2962,-0.519,0,0
0.69348834568977,2963,-0.5185,0,0
0.6934887421748,2964,-0.518,0,0
0.69348913879329,2965,-0.5175,0,0
0.69348953554523,2966,-0.517,0,0
0.69348993243063,2967,-0.5165,0,0
0.69349032944949,2968,-0.516,0,0
0.69349072660181,2969,-0.5155,0,0
0.69349112388758,2970,-0.515,0,0
0.69349152130681,2971,-0.5145,0,0
0.69349191885949,2972,-0.514,0,0
0.69349231654563,2973,-0.5135,0,0
0.69349271436523,2974,-0.513,0,0
0.69349311231827,2975,-0.5125,0,0
0.69349351040478,2976,-0.512,0,0
0.69349390862473,2977,-0.5115,0,0
0.69349430697814,2978,-0.511,0,0
0.69349470546501,2979,-0.5105,0,0
0.69349510408532,2980,-0.51,0,0
0.69349550283909,2981,-0.5095,0,0
0.69349590172631,2982,-0.509,0,0
0.69349630074699,2983,-0.5085,0,0
0.69349669990111,2984,-0.508,0,0
0.69349709918869,2985,-0.5075,0,0
0.69349749860971,2986,-0.507,0,0
0.69349789816419,2987,-0.5065,0,0
0.69349829785212,2988,-0.506,0,0
0.69349869767349,2989,-0.5055,0,0
0.69349909762832,2990,-0.505,0,0
0.6934994977166,2991,-0.5045,0,0
0.69349989793832,2992,-0.504,0,0
0.69350029829349,2993,-0.5035,0,0
0.69350069878211,2994,-0.503,0,0
0.69350109940418,2995,-0.5025,0,0
0.6935015001597,2996,-0.502,0,0
0.69350190104866,2997,-0.5015,0,0
0.69350230207108,2998,-0.501,0,0
0.69350270322693,2999,-0.5005,0,0
0.69350310451624,3000,-0.5,0,0
0.69350350593898,3001,-0.4995,0,0
0.69350390749518,3002,-0.499,0,0
0.69350430918482,3003,-0.4985,0,0
0.6935047110079,3004,-0.498,0,0
0.69350511296443,3005,-0.4975,0,0
0.6935055150544,3006,-0.497,0,0
0.69350591727782,3007,-0.4965,0,0
0.69350631963468,3008,-0.496,0,0
0.69350672212498,3009,-0.4955,0,0
0.69350712474873,3010,-0.495,0,0
0.69350752750592,3011,-0.4945,0,0
0.69350793039655,3012,-0.494,0,0
0.69350833342062,3013,-0.4935,0,0
0.69350873657814,3014,-0.493,0,0
0.69350913986909,3015,-0.4925,0,0
0.69350954329349,3016,-0.492,0,0
0.69350994685132,3017,-0.4915,0,0
0.6935103505426,3018,-0.491,0,0
0.69351075436731,3019,-0.4905,0,0
0.69351115832547,3020,-0.49,0,0
0.69351156241706,3021,-0.4895,0,0
0.69351196664209,3022,-0.489,0,0
0.69351237100056,3023,-0.4885,0,0
0.69351277549247,3024,-0.488,0,0
0.69351318011782,3025,-0.4875,0,0
0.6935135848766,3026,-0.487,0,0
0.69351398976882,3027,-0.4865,0,0
0.69351439479448,3028,-0.486,0,0
0.69351479995357,3029,-0.4855,0,0
0.6935152052461,3030,-0.485,0,0
0.69351561067207,3031,-0.4845,0,0
0.69351601623147,3032,-0.484,0,0
0.6935164219243,3033,-0.4835,0,0
0.69351682775057,3034,-0.483,0,0
0.69351723371028,3035,-0.4825,0,0
0.69351763980341,3036,-0.482,0,0
0.69351804602998,3037,-0.4815,0,0
0.69351845238999,3038,-0.481,0,0
0.69351885888343,3039,-0.4805,0,0
0.6935192655103,3040,-0.48,0,0
0.6935196722706,3041,-0.4795,0,0
0.69352007916433,3042,-0.479,0,0
0.6935204861915,3043,-0.4785,0,0
0.69352089335209,3044,-0.478,0,0
0.69352130064612,3045,-0.4775,0,0
0.69352170807358,3046,-0.477,0,0
0.69352211563446,3047,-0.4765,0,0
0.69352252332878,3048,-0.476,0,0
0.69352293115653,3049,-0.4755,0,0
0.6935233391177,3050,-0.475,0,0
0.69352374721231,3051,-0.4745,0,0
0.69352415544034,3052,-0.474,0,0
0.6935245638018,3053,-0.4735,0,0
0.69352497229669,3054,-0.473,0,0
0.69352538092501,3055,-0.4725,0,0
0.69352578968675,3056,-0.472,0,0
0.69352619858192,3057,-0.4715,0,0
0.69352660761051,3058,-0.471,0,0
0.69352701677254,3059,-0.4705,0,0
0.69352742606798,3060,-0.47,0,0
0.69352783549686,3061,-0.4695,0,0
0.69352824505915,3062,-0.469,0,0
0.69352865475487,3063,-0.4685,0,0
0.69352906458402,3064,-0.468,0,0
0.69352947454659,3065,-0.4675,0,0
0.69352988464259,3066,-0.467,0,0
0.693530294872,3067,-0.4665,0,0
0.69353070523484,3068,-0.466,0,0
0.6935311157311,3069,-0.4655,0,0
0.69353152636079,3070,-0.465,0,0
0.69353193712389,3071,-0.4645,0,0
0.69353234802042,3072,-0.464,0,0
0.69353275905037,3073,-0.4635,0,0
0.69353317021374,3074,-0.463,0,0
0.69353358151053,3075,-0.4625,0,0
0.69353399294074,3076,-0.462,0,0
0.69353440450437,3077,-0.4615,0,0
0.69353481620142,3078,-0.461,0,0
0.69353522803189,3079,-0.4605,0,0
0.69353563999577,3080,-0.46,0,0
0.69353605209308,3081,-0.4595,0,0
0.6935364643238,3082,-0.459,0,0
0.69353687668794,3083,-0.4585,0,0
0.6935372891855,3084,-0.458,0,0
0.69353770181647,3085,-0.4575,0,0
0.69353811458087,3086,-0.457,0,0
0.69353852747867,3087,-0.4565,0,0
0.6935389405099,3088,-0.456,0,0
0.69353935367454,3089,-0.4555,0,0
0.69353976697259,3090,-0.455,0,0
0.69354018040406,3091,-0.4545,0,0
0.69354059396894,3092,-0.454,0,0
0.69354100766724,3093,-0.4535,0,0
0.69354142149895,3094,-0.453,0,0
0.69354183546408,3095,-0.4525,0,0
0.69354224956262,3096,-0.452,0,0
0.69354266379457,3097,-0.4515,0,0
0.69354307815993,3098,-0.451,0,0
0.6935434926587,3099,-0.4505,0,0
0.69354390729089,3100,-0.45,0,0
0.69354432205649,3101,-0.4495,0,0
0.6935447369555,3102,-0.449,0,0
0.69354515198792,3103,-0.4485,0,0
0.69354556715375,3104,-0.448,0,0
0.69354598245299,3105,-0.4475,0,0
0.69354639788564,3106,-0.447,0,0
0.6935468134517,3107,-0.4465,0,0
0.69354722915117,3108,-0.446,0,0
0.69354764498404,3109,-0.4455,0,0
0.69354806095033,3110,-0.445,0,0
0.69354847705002,3111,-0.4445,0,0
0.69354889328312,3112,-0.444,0,0
0.69354930964963,3113,-0.4435,0,0
0.69354972614954,3114,-0.443,0,0
0.69355014278286,3115,-0.4425,0,0
0.69355055954959,3116,-0.442,0,0
0.69355097644972,3117,-0.4415,0,0
0.69355139348326,3118,-0.441,0,0
0.6935518106502,3119,-0.4405,0,0
0.69355222795055,3120,-0.44,0,0
0.6935526453843,3121,-0.4395,0,0
0.69355306295145,3122,-0.439,0,0
0.69355348065201,3123,-0.4385,0,0
0.69355389848597,3124,-0.438,0,0
0.69355431645334,3125,-0.4375,0,0
0.69355473455411,3126,-0.437,0,0
0.69355515278828,3127,-0.4365,0,0
0.69355557115585,3128,-0.436,0,0
0.69355598965682,3129,-0.4355,0,0
0.6935564082912,3130,-0.435,0,0
0.69355682705897,3131,-0.4345,0,0
0.69355724596015,3132,-0.434,0,0
0.69355766499472,3133,-0.4335,0,0
0.6935580841627,3134,-0.433,0,0
0.69355850346407,3135,-0.4325,0,0
0.69355892289885,3136,-0.432,0,0
0.69355934246702,3137,-0.4315,0,0
0.69355976216859,3138,-0.431,0,0
0.69356018200356,3139,-0.4305,0,0
0.69356060197193,3140,-0.43,0,0
0.69356102207369,3141,-0.4295,0,0
0.69356144230885,3142,-0.429,0,0
0.69356186267741,3143,-0.4285,0,0
0.69356228317936,3144,-0.428,0,0
0.69356270381471,3145,-0.4275,0,0
0.69356312458345,3146,-0.427,0,0
0.69356354548559,3147,-0.4265,0,0
0.69356396652113,3148,-0.426,0,0
0.69356438769006,3149,-0.4255,0,0
0.69356480899238,3150,-0.425,0,0
0.6935652304281,3151,-0.4245,0,0
0.69356565199721,3152,-0.424,0,0
0.69356607369971,3153,-0.4235,0,0
0.69356649553561,3154,-0.423,0,0
0.69356691750489,3155,-0.4225,0,0
0.69356733960757,3156,-0.422,0,0
0.69356776184364,3157,-0.4215,0,0
0.69356818421311,3158,-0.421,0,0
0.69356860671596,3159,-0.4205,0,0
0.6935690293522,3160,-0.42,0,0
0.69356945212184,3161,-0.4195,0,0
0.69356987502486,3162,-0.419,0,0
0.69357029806127,3163,-0.4185,0,0
0.69357072123108,3164,-0.418,0,0
0.69357114453427,3165,-0.4175,0,0
0.69357156797085,3166,-0.417,0,0
0.69357199154081,3167,-0.4165,0,0
0.69357241524417,3168,-0.416,0,0
0.69357283908091,3169,-0.4155,0,0
0.69357326305104,3170,-0.415,0,0
0.69357368715456,3171,-0.4145,0,0
0.69357411139146,3172,-0.414,0,0
0.69357453576175,3173,-0.4135,0,0
0.69357496026542,3174,-0.413,0,0
0.69357538490248,3175,-0.4125,0,0
0.69357580967292,3176,-0.412,0,0
0.69357623457675,3177,-0.4115,0,0
0.69357665961396,3178,-0.411,0,0
0.69357708478455,3179,-0.4105,0,0
0.69357751008853,3180,-0.41,0,0
0.69357793552589,3181,-0.4095,0,0
0.69357836109664,3182,-0.409,0,0
0.69357878680077,3183,-0.4085,0,0
0.69357921263827,3184,-0.408,0,0
0.69357963860916,3185,-0.4075,0,0
0.69358006471343,3186,-0.407,0,0
0.69358049095109,3187,-0.4065,0,0
0.69358091732212,3188,-0.406,0,0
0.69358134382653,3189,-0.4055,0,0
0.69358177046432,3190,-0.405,0,0
0.69358219723549,3191,-0.4045,0,0
0.69358262414004,3192,-0.404,0,0
0.69358305117797,3193,-0.4035,0,0
0.69358347834928,3194,-0.403,0,0
0.69358390565397,3195,-0.4025,0,0
0.69358433309203,3196,-0.402,0,0
0.69358476066347,3197,-0.4015,0,0
0.69358518836829,3198,-0.401,0,0
0.69358561620648,3199,-0.4005,0,0
0.69358604417805,3200,-0.4,0,0
0.693586472283,3201,-0.3995,0,0
0.69358690052132,3202,-0.399,0,0
0.69358732889301,3203,-0.3985,0,0
0.69358775739808,3204,-0.398,0,0
0.69358818603653,3205,-0.3975,0,0
0.69358861480835,3206,-0.397,0,0
0.69358904371354,3207,-0.3965,0,0
0.6935894727521,3208,-0.396,0,0
0.69358990192404,3209,-0.3955,0,0
0.69359033122935,3210,-0.395,0,0
0.69359076066804,3211,-0.3945,0,0
0.69359119024009,3212,-0.394,0,0
0.69359161994552,3213,-0.3935,0,0
0.69359204978432,3214,-0.393,0,0
0.69359247975648,3215,-0.3925,0,0
0.69359290986202,3216,-0.392,0,0
0.69359334010093,3217,-0.3915,0,0
0.69359377047321,3218,-0.391,0,0
0.69359420097886,3219,-0.3905,0,0
0.69359463161787,3220,-0.39,0,0
0.69359506239026,3221,-0.3895,0,0
0.69359549329601,3222,-0.389,0,0
0.69359592433513,3223,-0.3885,0,0
0.69359635550762,3224,-0.388,0,0
0.69359678681347,3225,-0.3875,0,0
0.6935972182527,3226,-0.387,0,0
0.69359764982528,3227,-0.3865,0,0
0.69359808153124,3228,-0.386,0,0
0.69359851337056,3229,-0.3855,0,0
0.69359894534324,3230,-0.385,0,0
0.69359937744929,3231,-0.3845,0,0
0.69359980968871,3232,-0.384,0,0
0.69360024206149,3233,-0.3835,0,0
0.69360067456763,3234,-0.383,0,0
0.69360110720713,3235,-0.3825,0,0
0.69360153998,3236,-0.382,0,0
0.69360197288623,3237,-0.3815,0,0
0.69360240592583,3238,-0.381,0,0
0.69360283909878,3239,-0.3805,0,0
0.6936032724051,3240,-0.38,0,0
0.69360370584478,3241,-0.3795,0,0
0.69360413941782,3242,-0.379,0,0
0.69360457312422,3243,-0.3785,0,0
0.69360500696398,3244,-0.378,0,0
0.6936054409371,3245,-0.3775,0,0
0.69360587504358,3246,-0.377,0,0
0.69360630928342,3247,-0.3765,0,0
0.69360674365661,3248,-0.376,0,0
0.69360717816317,3249,-0.3755,0,0
0.69360761280308,3250,-0.375,0,0
0.69360804757635,3251,-0.3745,0,0
0.69360848248298,3252,-0.374,0,0
0.69360891752297,3253,-0.3735,0,0
0.69360935269631,3254,-0.373,0,0
0.693609788003,3255,-0.3725,0,0
0.69361022344306,3256,-0.372,0,0
0.69361065901647,3257,-0.3715,0,0
0.69361109472323,3258,-0.371,0,0
0.69361153056335,3259,-0.3705,0,0
0.69361196653682,3260,-0.37,0,0
0.69361240264365,3261,-0.3695,0,0
0.69361283888383,3262,-0.369,0,0
0.69361327525736,3263,-0.3685,0,0
0.69361371176424,3264,-0.368,0,0
0.69361414840448,3265,-0.3675,0,0
0.69361458517807,3266,-0.367,0,0
0.69361502208501,3267,-0.3665,0,0
0.69361545912531,3268,-0.366,0,0
0.69361589629895,3269,-0.3655,0,0
0.69361633360595,3270,-0.365,0,0
0.69361677104629,3271,-0.3645,0,0
0.69361720861998,3272,-0.364,0,0
0.69361764632703,3273,-0.3635,0,0
0.69361808416742,3274,-0.363,0,0
0.69361852214116,3275,-0.3625,0,0
0.69361896024825,3276,-0.362,0,0
0.69361939848869,3277,-0.3615,0,0
0.69361983686248,3278,-0.361,0,0
0.69362027536961,3279,-0.3605,0,0
0.69362071401009,3280,-0.36,0,0
0.69362115278392,3281,-0.3595,0,0
0.69362159169109,3282,-0.359,0,0
0.69362203073161,3283,-0.3585,0,0
0.69362246990547,3284,-0.358,0,0
0.69362290921268,3285,-0.3575,0,0
0.69362334865323,3286,-0.357,0,0
0.69362378822713,3287,-0.3565,0,0
0.69362422793437,3288,-0.356,0,0
0.69362466777496,3289,-0.3555,0,0
0.69362510774889,3290,-0.355,0,0
0.69362554785616,3291,-0.3545,0,0
0.69362598809677,3292,-0.354,0,0
0.69362642847073,3293,-0.3535,0,0
0.69362686897802,3294,-0.353,0,0
0.69362730961866,3295,-0.3525,0,0
0.69362775039264,3296,-0.352,0,0
0.69362819129996,3297,-0.3515,0,0
0.69362863234062,3298,-0.351,0,0
0.69362907351462,3299,-0.3505,0,0
0.69362951482196,3300,-0.35,0,0
0.69362995626264,3301,-0.3495,0,0
0.69363039783666,3302,-0.349,0,0
0.69363083954401,3303,-0.3485,0,0
0.69363128138471,3304,-0.348,0,0
0.69363172335874,3305,-0.3475,0,0
0.69363216546611,3306,-0.347,0,0
0.69363260770681,3307,-0.3465,0,0
0.69363305008085,3308,-0.346,0,0
0.69363349258823,3309,-0.3455,0,0
0.69363393522894,3310,-0.345,0,0
0.69363437800299,3311,-0.3445,0,0
0.69363482091038,3312,-0.344,0,0
0.6936352639511,3313,-0.3435,0,0
0.69363570712515,3314,-0.343,0,0
0.69363615043253,3315,-0.3425,0,0
0.69363659387325,3316,-0.342,0,0
0.69363703744731,3317,-0.3415,0,0
0.69363748115469,3318,-0.341,0,0
0.69363792499541,3319,-0.3405,0,0
0.69363836896946,3320,-0.34,0,0
0.69363881307684,3321,-0.3395,0,0
0.69363925731756,3322,-0.339,0,0
0.6936397016916,3323,-0.3385,0,0
0.69364014619897,3324,-0.338,0,0
0.69364059083968,3325,-0.3375,0,0
0.69364103561371,3326,-0.337,0,0
0.69364148052108,3327,-0.3365,0,0
0.69364192556177,3328,-0.336,0,0
0.69364237073579,3329,-0.3355,0,0
0.69364281604314,3330,-0.335,0,0
0.69364326148382,3331,-0.3345,0,0
0.69364370705782,3332,-0.334,0,0
0.69364415276515,3333,-0.3335,0,0
0.69364459860581,3334,-0.333,0,0
0.6936450445798,3335,-0.3325,0,0
0.69364549068711,3336,-0.332,0,0
0.69364593692774,3337,-0.3315,0,0
0.6936463833017,3338,-0.331,0,0
0.69364682980899,3339,-0.3305,0,0
0.6936472764496,3340,-0.33,0,0
0.69364772322354,3341,-0.3295,0,0
0.69364817013079,3342,-0.329,0,0
0.69364861717138,3343,-0.3285,0,0
0.69364906434528,3344,-0.328,0,0
0.69364951165251,3345,-0.3275,0,0
0.69364995909306,3346,-0.327,0,0
0.69365040666693,3347,-0.3265,0,0
0.69365085437412,3348,-0.326,0,0
0.69365130221464,3349,-0.3255,0,0
0.69365175018847,3350,-0.325,0,0
0.69365219829563,3351,-0.3245,0,0
0.6936526465361,3352,-0.324,0,0
0.6936530949099,3353,-0.3235,0,0
0.69365354341701,3354,-0.323,0,0
0.69365399205744,3355,-0.3225,0,0
0.69365444083119,3356,-0.322,0,0
0.69365488973826,3357,-0.3215,0,0
0.69365533877865,3358,-0.321,0,0
0.69365578795235,3359,-0.3205,0,0
0.69365623725937,3360,-0.32,0,0
0.69365668669971,3361,-0.3195,0,0
0.69365713627336,3362,-0.319,0,0
0.69365758598033,3363,-0.3185,0,0
0.69365803582062,3364,-0.318,0,0
0.69365848579422,3365,-0.3175,0,0
0.69365893590113,3366,-0.317,0,0
0.69365938614136,3367,-0.3165,0,0
0.6936598365149,3368,-0.316,0,0
0.69366028702176,3369,-0.3155,0,0
0.69366073766193,3370,-0.315,0,0
0.69366118843541,3371,-0.3145,0,0
0.6936616393422,3372,-0.314,0,0
0.69366209038231,3373,-0.3135,0,0
0.69366254155573,3374,-0.313,0,0
0.69366299286245,3375,-0.3125,0,0
0.69366344430249,3376,-0.312,0,0
0.69366389587584,3377,-0.3115,0,0
0.6936643475825,3378,-0.311,0,0
0.69366479942247,3379,-0.3105,0,0
0.69366525139575,3380,-0.31,0,0
0.69366570350234,3381,-0.3095,0,0
0.69366615574224,3382,-0.309,0,0
0.69366660811544,3383,-0.3085,0,0
0.69366706062195,3384,-0.308,0,0
0.69366751326177,3385,-0.3075,0,0
0.6936679660349,3386,-0.307,0,0
0.69366841894133,3387,-0.3065,0,0
0.69366887198107,3388,-0.306,0,0
0.69366932515412,3389,-0.3055,0,0
0.69366977846047,3390,-0.305,0,0
0.69367023190013,3391,-0.3045,0,0
0.69367068547309,3392,-0.304,0,0
0.69367113917935,3393,-0.3035,0,0
0.69367159301892,3394,-0.303,0,0
0.69367204699179,3395,-0.3025,0,0
0.69367250109797,3396,-0.302,0,0
0.69367295533745,3397,-0.3015,0,0
0.69367340971023,3398,-0.301,0,0
0.69367386421631,3399,-0.3005,0,0
0.6936743188557,3400,-0.3,0,0
0.69367477362838,3401,-0.2995,0,0
0.69367522853437,3402,-0.299,0,0
0.69367568357366,3403,-0.2985,0,0
0.69367613874625,3404,-0.298,0,0
0.69367659405213,3405,-0.2975,0,0
0.69367704949132,3406,-0.297,0,0
0.6936775050638,3407,-0.2965,0,0
0.69367796076959,3408,-0.296,0,0
0.69367841660867,3409,-0.2955,0,0
0.69367887258105,3410,-0.295,0,0
0.69367932868673,3411,-0.2945,0,0
0.6936797849257,3412,-0.294,0,0
0.69368024129797,3413,-0.2935,0,0
0.69368069780354,3414,-0.293,0,0
0.69368115444241,3415,-0.2925,0,0
0.69368161121456,3416,-0.292,0,0
0.69368206812002,3417,-0.2915,0,0
0.69368252515877,3418,-0.291,0,0
0.69368298233081,3419,-0.2905,0,0
0.69368343963615,3420,-0.29,0,0
0.69368389707478,3421,-0.2895,0,0
0.6936843546467,3422,-0.289,0,0
0.69368481235192,3423,-0.2885,0,0
0.69368527019043,3424,-0.288,0,0
0.69368572816223,3425,-0.2875,0,0
0.69368618626732,3426,-0.287,0,0
0.6936866445057,3427,-0.2865,0,0
0.69368710287738,3428,-0.286,0,0
0.69368756138234,3429,-0.2855,0,0
0.6936880200206,3430,-0.285,0,0
0.69368847879215,3431,-0.2845,0,0
0.69368893769698,3432,-0.284,0,0
0.6936893967351,3433,-0.2835,0,0
0.69368985590651,3434,-0.283,0,0
0.69369031521122,3435,-0.2825,0,0
0.6936907746492,3436,-0.282,0,0
0.69369123422048,3437,-0.2815,0,0
0.69369169392504,3438,-0.281,0,0
0.69369215376289,3439,-0.2805,0,0
0.69369261373402,3440,-0.28,0,0
0.69369307383844,3441,-0.2795,0,0
0.69369353407615,3442,-0.279,0,0
0.69369399444714,3443,-0.2785,0,0
0.69369445495142,3444,-0.278,0,0
0.69369491558898,3445,-0.2775,0,0
0.69369537635982,3446,-0.277,0,0
0.69369583726395,3447,-0.2765,0,0
0.69369629830136,3448,-0.276,0,0
0.69369675947205,3449,-0.2755,0,0
0.69369722077603,3450,-0.275,0,0
0.69369768221329,3451,-0.2745,0,0
0.69369814378383,3452,-0.274,0,0
0.69369860548765,3453,-0.2735,0,0
0.69369906732475,3454,-0.273,0,0
0.69369952929513,3455,-0.2725,0,0
0.69369999139879,3456,-0.272,0,0
0.69370045363573,3457,-0.2715,0,0
0.69370091600595,3458,-0.271,0,0
0.69370137850945,3459,-0.2705,0,0
0.69370184114623,3460,-0.27,0,0
0.69370230391629,3461,-0.2695,0,0
0.69370276681962,3462,-0.269,0,0
0.69370322985623,3463,-0.2685,0,0
0.69370369302612,3464,-0.268,0,0
0.69370415632928,3465,-0.2675,0,0
0.69370461976572,3466,-0.267,0,0
0.69370508333544,3467,-0.2665,0,0
0.69370554703843,3468,-0.266,0,0
0.69370601087469,3469,-0.2655,0,0
0.69370647484423,3470,-0.265,0,0
0.69370693894705,3471,-0.2645,0,0
0.69370740318314,3472,-0.264,0,0
0.6937078675525,3473,-0.2635,0,0
0.69370833205513,3474,-0.263,0,0
0.69370879669104,3475,-0.2625,0,0
0.69370926146022,3476,-0.262,0,0
0.69370972636267,3477,-0.2615,0,0
0.69371019139839,3478,-0.261,0,0
0.69371065656739,3479,-0.2605,0,0
0.69371112186965,3480,-0.26,0,0
0.69371158730519,3481,-0.2595,0,0
0.69371205287399,3482,-0.259,0,0
0.69371251857606,3483,-0.2585,0,0
0.69371298441141,3484,-0.258,0,0
0.69371345038002,3485,-0.2575,0,0
0.6937139164819,3486,-0.257,0,0
0.69371438271704,3487,-0.2565,0,0
0.69371484908546,3488,-0.256,0,0
0.69371531558714,3489,-0.2555,0,0
0.69371578222209,3490,-0.255,0,0
0.6937162489903,3491,-0.2545,0,0
0.69371671589179,3492,-0.254,0,0
0.69371718292653,3493,-0.2535,0,0
0.69371765009454,3494,-0.253,0,0
0.69371811739582,3495,-0.2525,0,0
0.69371858483036,3496,-0.252,0,0
0.69371905239816,3497,-0.2515,0,0
0.69371952009923,3498,-0.251,0,0
0.69371998793356,3499,-0.2505,0,0
0.69372045590116,3500,-0.25,0,0
0.69372092400201,3501,-0.2495,0,0
0.69372139223613,3502,-0.249,0,0
0.69372186060351,3503,-0.2485,0,0
0.69372232910415,3504,-0.248,0,0
0.69372279773805,3505,-0.2475,0,0
0.69372326650521,3506,-0.247,0,0
0.69372373540564,3507,-0.2465,0,0
0.69372420443932,3508,-0.246,0,0
0.69372467360626,3509,-0.2455,0,0
0.69372514290646,3510,-0.245,0,0
0.69372561233992,3511,-0.2445,0,0
0.69372608190663,3512,-0.244,0,0
0.6937265516066,3513,-0.2435,0,0
0.69372702143984,3514,-0.243,0,0
0.69372749140632,3515,-0.2425,0,0
0.69372796150607,3516,-0.242,0,0
0.69372843173907,3517,-0.2415,0,0
0.69372890210532,3518,-0.241,0,0
0.69372937260483,3519,-0.2405,0,0
0.6937298432376,3520,-0.24,0,0
0.69373031400362,3521,-0.2395,0,0
0.69373078490289,3522,-0.239,0,0
0.69373125593542,3523,-0.2385,0,0
0.6937317271012,3524,-0.238,0,0
0.69373219840023,3525,-0.2375,0,0
0.69373266983252,3526,-0.237,0,0
0.69373314139806,3527,-0.2365,0,0
0.69373361309685,3528,-0.236,0,0
0.69373408492889,3529,-0.2355,0,0
0.69373455689418,3530,-0.235,0,0
0.69373502899272,3531,-0.2345,0,0
0.69373550122451,3532,-0.234,0,0
0.69373597358955,3533,-0.2335,0,0
0.69373644608785,3534,-0.233,0,0
0.69373691871939,3535,-0.2325,0,0
0.69373739148417,3536,-0.232,0,0
0.69373786438221,3537,-0.2315,0,0
0.69373833741349,3538,-0.231,0,0
0.69373881057803,3539,-0.2305,0,0
0.6937392838758,3540,-0.23,0,0
0.69373975730683,3541,-0.2295,0,0
0.6937402308711,3542,-0.229,0,0
0.69374070456862,3543,-0.2285,0,0
0.69374117839938,3544,-0.228,0,0
0.69374165236338,3545,-0.2275,0,0
0.69374212646063,3546,-0.227,0,0
0.69374260069113,3547,-0.2265,0,0
0.69374307505487,3548,-0.226,0,0
0.69374354955185,3549,-0.2255,0,0
0.69374402418207,3550,-0.225,0,0
0.69374449894554,3551,-0.2245,0,0
0.69374497384225,3552,-0.224,0,0
0.6937454488722,3553,-0.2235,0,0
0.69374592403539,3554,-0.223,0,0
0.69374639933183,3555,-0.2225,0,0
0.6937468747615,3556,-0.222,0,0
0.69374735032441,3557,-0.2215,0,0
0.69374782602057,3558,-0.221,0,0
0.69374830184996,3559,-0.2205,0,0
0.69374877781259,3560,-0.22,0,0
0.69374925390846,3561,-0.2195,0,0
0.69374973013757,3562,-0.219,0,0
0.69375020649991,3563,-0.2185,0,0
0.6937506829955,3564,-0.218,0,0
0.69375115962432,3565,-0.2175,0,0
0.69375163638637,3566,-0.217,0,0
0.69375211328166,3567,-0.2165,0,0
0.69375259031019,3568,-0.216,0,0
0.69375306747195,3569,-0.2155,0,0
0.69375354476695,3570,-0.215,0,0
0.69375402219518,3571,-0.2145,0,0
0.69375449975665,3572,-0.214,0,0
0.69375497745135,3573,-0.2135,0,0
0.69375545527928,3574,-0.213,0,0
0.69375593324045,3575,-0.2125,0,0
0.69375641133485,3576,-0.212,0,0
0.69375688956248,3577,-0.2115,0,0
0.69375736792334,3578,-0.211,0,0
0.69375784641743,3579,-0.2105,0,0
0.69375832504476,3580,-0.21,0,0
0.69375880380531,3581,-0.2095,0,0
0.6937592826991,3582,-0.209,0,0
0.69375976172611,3583,-0.2085,0,0
0.69376024088635,3584,-0.208,0,0
0.69376072017982,3585,-0.2075,0,0
0.69376119960652,3586,-0.207,0,0
0.69376167916645,3587,-0.2065,0,0
0.69376215885961,3588,-0.206,0,0
0.69376263868599,3589,-0.2055,0,0
0.6937631186456,3590,-0.205,0,0
0.69376359873844,3591,-0.2045,0,0
0.6937640789645,3592,-0.204,0,0
0.69376455932379,3593,-0.2035,0,0
0.6937650398163,3594,-0.203,0,0
0.69376552044204,3595,-0.2025,0,0
0.693766001201,3596,-0.202,0,0
0.69376648209318,3597,-0.2015,0,0
0.69376696311859,3598,-0.201,0,0
0.69376744427722,3599,-0.2005,0,0
0.69376792556908,3600,-0.2,0,0
0.69376840699416,3601,-0.1995,0,0
0.69376888855246,3602,-0.199,0,0
0.69376937024398,3603,-0.1985,0,0
0.69376985206872,3604,-0.198,0,0
0.69377033402668,3605,-0.1975,0,0
0.69377081611786,3606,-0.197,0,0
0.69377129834226,3607,-0.1965,0,0
0.69377178069989,3608,-0.196,0,0
0.69377226319073,3609,-0.1955,0,0
0.69377274581479,3610,-0.195,0,0
0.69377322857207,3611,-0.1945,0,0
0.69377371146256,3612,-0.194,0,0
0.69377419448627,3613,-0.1935,0,0
0.6937746776432,3614,-0.193,0,0
0.69377516093335,3615,-0.1925,0,0
0.69377564435671,3616,-0.192,0,0
0.69377612791329,3617,-0.1915,0,0
0.69377661160309,3618,-0.191,0,0
0.6937770954261,3619,-0.1905,0,0
0.69377757938232,3620,-0.19,0,0
0.69377806347176,3621,-0.1895,0,0
0.69377854769441,3622,-0.189,0,0
0.69377903205027,3623,-0.1885,0,0
0.69377951653935,3624,-0.188,0,0
0.69378000116164,3625,-0.1875,0,0
0.69378048591714,3626,-0.187,0,0
0.69378097080586,3627,-0.1865,0,0
0.69378145582778,3628,-0.186,0,0
0.69378194098292,3629,-0.1855,0,0
0.69378242627127,3630,-0.185,0,0
0.69378291169282,3631,-0.1845,0,0
0.69378339724759,3632,-0.184,0,0
0.69378388293556,3633,-0.1835,0,0
0.69378436875675,3634,-0.183,0,0
0.69378485471114,3635,-0.1825,0,0
0.69378534079874,3636,-0.182,0,0
0.69378582701955,3637,-0.1815,0,0
0.69378631337357,3638,-0.181,0,0
0.69378679986079,3639,-0.1805,0,0
0.69378728648122,3640,-0.18,0,0
0.69378777323485,3641,-0.1795,0,0
0.6937882601217,3642,-0.179,0,0
0.69378874714174,3643,-0.1785,0,0
0.69378923429499,3644,-0.178,0,0
0.69378972158145,3645,-0.1775,0,0
0.6937902090011,3646,-0.177,0,0
0.69379069655397,3647,-0.1765,0,0
0.69379118424003,3648,-0.176,0,0
0.6937916720593,3649,-0.1755,0,0
0.69379216001177,3650,-0.175,0,0
0.69379264809744,3651,-0.1745,0,0
0.69379313631632,3652,-0.174,0,0
0.69379362466839,3653,-0.1735,0,0
0.69379411315367,3654,-0.173,0,0
0.69379460177214,3655,-0.1725,0,0
0.69379509052382,3656,-0.172,0,0
0.69379557940869,3657,-0.1715,0,0
0.69379606842676,3658,-0.171,0,0
0.69379655757804,3659,-0.1705,0,0
0.69379704686251,3660,-0.17,0,0
0.69379753628017,3661,-0.1695,0,0
0.69379802583104,3662,-0.169,0,0
0.6937985155151,3663,-0.1685,0,0
0.69379900533236,3664,-0.168,0,0
0.69379949528282,3665,-0.1675,0,0
0.69379998536647,3666,-0.167,0,0
0.69380047558331,3667,-0.1665,0,0
0.69380096593335,3668,-0.166,0,0
0.69380145641659,3669,-0.1655,0,0
0.69380194703302,3670,-0.165,0,0
0.69380243778264,3671,-0.1645,0,0
0.69380292866546,3672,-0.164,0,0
0.69380341968146,3673,-0.1635,0,0
0.69380391083067,3674,-0.163,0,0
0.69380440211306,3675,-0.1625,0,0
0.69380489352864,3676,-0.162,0,0
0.69380538507742,3677,-0.1615,0,0
0.69380587675939,3678,-0.161,0,0
0.69380636857454,3679,-0.1605,0,0
0.69380686052289,3680,-0.16,0,0
0.69380735260442,3681,-0.1595,0,0
0.69380784481915,3682,-0.159,0,0
0.69380833716706,3683,-0.1585,0,0
0.69380882964817,3684,-0.158,0,0
0.69380932226245,3685,-0.1575,0,0
0.69380981500993,3686,-0.157,0,0
0.6938103078906,3687,-0.1565,0,0
0.69381080090445,3688,-0.156,0,0
0.69381129405148,3689,-0.1555,0,0
0.69381178733171,3690,-0.155,0,0
0.69381228074511,3691,-0.1545,0,0
0.69381277429171,3692,-0.154,0,0
0.69381326797148,3693,-0.1535,0,0
0.69381376178444,3694,-0.153,0,0
0.69381425573059,3695,-0.1525,0,0
0.69381474980992,3696,-0.152,0,0
0.69381524402243,3697,-0.1515,0,0
0.69381573836812,3698,-0.151,0,0
0.693816232847,3699,-0.1505,0,0
0.69381672745905,3700,-0.15,0,0
0.69381722220429,3701,-0.1495,0,0
0.69381771708271,3702,-0.149,0,0
0.69381821209431,3703,-0.1485,0,0
0.69381870723909,3704,-0.148,0,0
0.69381920251705,3705,-0.1475,0,0
0.69381969792818,3706,-0.147,0,0
0.6938201934725,3707,-0.1465,0,0
0.69382068914999,3708,-0.146,0,0
0.69382118496067,3709,-0.1455,0,0
0.69382168090452,3710,-0.145,0,0
0.69382217698154,3711,-0.1445,0,0
0.69382267319175,3712,-0.144,0,0
0.69382316953512,3713,-0.1435,0,0
0.69382366601168,3714,-0.143,0,0
0.69382416262141,3715,-0.1425,0,0
0.69382465936431,3716,-0.142,0,0
0.69382515624039,3717,-0.1415,0,0
0.69382565324965,3718,-0.141,0,0
0.69382615039207,3719,-0.1405,0,0
0.69382664766767,3720,-0.14,0,0
0.69382714507645,3721,-0.1395,0,0
0.69382764261839,3722,-0.139,0,0
0.69382814029351,3723,-0.1385,0,0
0.6938286381018,3724,-0.138,0,0
0.69382913604326,3725,-0.1375,0,0
0.69382963411789,3726,-0.137,0,0
0.69383013232569,3727,-0.1365,0,0
0.69383063066666,3728,-0.136,0,0
0.6938311291408,3729,-0.1355,0,0
0.69383162774811,3730,-0.135,0,0
0.69383212648859,3731,-0.1345,0,0
0.69383262536224,3732,-0.134,0,0
0.69383312436905,3733,-0.1335,0,0
0.69383362350903,3734,-0.133,0,0
0.69383412278218,3735,-0.1325,0,0
0.69383462218849,3736,-0.132,0,0
0.69383512172797,3737,-0.1315,0,0
0.69383562140062,3738,-0.131,0,0
0.69383612120643,3739,-0.1305,0,0
0.69383662114541,3740,-0.13,0,0
0.69383712121755,3741,-0.1295,0,0
0.69383762142285,3742,-0.129,0,0
0.69383812176132,3743,-0.1285,0,0
0.69383862223295,3744,-0.128,0,0
0.69383912283774,3745,-0.1275,0,0
0.6938396235757,3746,-0.127,0,0
0.69384012444682,3747,-0.1265,0,0
0.6938406254511,3748,-0.126,0,0
0.69384112658854,3749,-0.1255,0,0
0.69384162785914,3750,-0.125,0,0
0.6938421292629,3751,-0.1245,0,0
0.69384263079982,3752,-0.124,0,0
0.6938431324699,3753,-0.1235,0,0
0.69384363427314,3754,-0.123,0,0
0.69384413620953,3755,-0.1225,0,0
0.69384463827909,3756,-0.122,0,0
0.6938451404818,3757,-0.1215,0,0
0.69384564281767,3758,-0.121,0,0
0.6938461452867,3759,-0.1205,0,0
0.69384664788888,3760,-0.12,0,0
0.69384715062422,3761,-0.1195,0,0
0.69384765349272,3762,-0.119,0,0
0.69384815649437,3763,-0.1185,0,0
0.69384865962917,3764,-0.118,0,0
0.69384916289713,3765,-0.1175,0,0
0.69384966629824,3766,-0.117,0,0
0.69385016983251,3767,-0.1165,0,0
0.69385067349993,3768,-0.116,0,0
0.6938511773005,3769,-0.1155,0,0
0.69385168123422,3770,-0.115,0,0
0.6938521853011,3771,-0.1145,0,0
0.69385268950112,3772,-0.114,0,0
0.6938531938343,3773,-0.1135,0,0
0.69385369830063,3774,-0.113,0,0
0.6938542029001,3775,-0.1125,0,0
0.69385470763273,3776,-0.112,0,0
0.69385521249851,3777,-0.1115,0,0
0.69385571749743,3778,-0.111,0,0
0.69385622262951,3779,-0.1105,0,0
0.69385672789473,3780,-0.11,0,0
0.69385723329309,3781,-0.1095,0,0
0.69385773882461,3782,-0.109,0,0
0.69385824448927,3783,-0.1085,0,0
0.69385875028708,3784,-0.108,0,0
0.69385925621803,3785,-0.1075,0,0
0.69385976228213,3786,-0.107,0,0
0.69386026847938,3787,-0.1065,0,0
0.69386077480976,3788,-0.106,0,0
0.6938612812733,3789,-0.1055,0,0
0.69386178786997,3790,-0.105,0,0
0.69386229459979,3791,-0.1045,0,0
0.69386280146275,3792,-0.104,0,0
0.69386330845886,3793,-0.1035,0,0
0.6938638155881,3794,-0.103,0,0
0.69386432285049,3795,-0.1025,0,0
0.69386483024602,3796,-0.102,0,0
0.69386533777469,3797,-0.1015,0,0
0.6938658454365,3798,-0.101,0,0
0.69386635323145,3799,-0.1005,0,0
0.69386686115953,3800,-0.1,0,0
0.69386736922076,3801,-0.0995,0,0
0.69386787741513,3802,-0.099,0,0
0.69386838574263,3803,-0.0985,0,0
0.69386889420327,3804,-0.098,0,0
0.69386940279705,3805,-0.0975,0,0
0.69386991152396,3806,-0.097,0,0
0.69387042038402,3807,-0.0965,0,0
0.6938709293772,3808,-0.096,0,0
0.69387143850353,3809,-0.0955,0,0
0.69387194776298,3810,-0.095,0,0
0.69387245715558,3811,-0.0945,0,0
0.6938729666813,3812,-0.094,0,0
0.69387347634016,3813,-0.0935,0,0
0.69387398613216,3814,-0.093,0,0
0.69387449605728,3815,-0.0925,0,0
0.69387500611554,3816,-0.092,0,0
0.69387551630693,3817,-0.0915,0,0
0.69387602663145,3818,-0.091,0,0
0.69387653708911,3819,-0.0905,0,0
0.69387704767989,3820,-0.09,0,0
0.69387755840381,3821,-0.0895,0,0
0.69387806926085,3822,-0.089,0,0
0.69387858025102,3823,-0.0885,0,0
0.69387909137433,3824,-0.088,0,0
0.69387960263076,3825,-0.0875,0,0
0.69388011402032,3826,-0.087,0,0
0.69388062554301,3827,-0.0865,0,0
0.69388113719882,3828,-0.086,0,0
0.69388164898776,3829,-0.0855,0,0
0.69388216090983,3830,-0.085,0,0
0.69388267296502,3831,-0.0845,0,0
0.69388318515334,3832,-0.084,0,0
0.69388369747479,3833,-0.0835,0,0
0.69388420992936,3834,-0.083,0,0
0.69388472251705,3835,-0.0825,0,0
0.69388523523787,3836,-0.082,0,0
0.69388574809181,3837,-0.0815,0,0
0.69388626107887,3838,-0.081,0,0
0.69388677419906,3839,-0.0805,0,0
0.69388728745236,3840,-0.08,0,0
0.69388780083879,3841,-0.0795,0,0
0.69388831435834,3842,-0.079,0,0
0.69388882801102,3843,-0.0785,0,0
0.69388934179681,3844,-0.078,0,0
0.69388985571572,3845,-0.0775,0,0
0.69389036976775,3846,-0.077,0,0
0.6938908839529,3847,-0.0765,0,0
0.69389139827117,3848,-0.076,0,0
0.69389191272256,3849,-0.0755,0,0
0.69389242730706,3850,-0.075,0,0
0.69389294202469,3851,-0.0745,0,0
0.69389345687543,3852,-0.074,0,0
0.69389397185928,3853,-0.0735,0,0
0.69389448697625,3854,-0.073,0,0
0.69389500222634,3855,-0.0725,0,0
0.69389551760954,3856,-0.072,0,0
0.69389603312586,3857,-0.0715,0,0
0.69389654877529,3858,-0.071,0,0
0.69389706455784,3859,-0.0705,0,0
0.6938975804735,3860,-0.07,0,0
0.69389809652227,3861,-0.0695,0,0
0.69389861270415,3862,-0.069,0,0
0.69389912901915,3863,-0.0685,0,0
0.69389964546726,3864,-0.068,0,0
0.69390016204848,3865,-0.0675,0,0
0.69390067876281,3866,-0.067,0,0
0.69390119561025,3867,-0.0665,0,0
0.6939017125908,3868,-0.066,0,0
0.69390222970446,3869,-0.0655,0,0
0.69390274695123,3870,-0.065,0,0
0.69390326433111,3871,-0.0645,0,0
0.69390378184409,3872,-0.064,0,0
0.69390429949019,3873,-0.0635,0,0
0.69390481726939,3874,-0.063,0,0
0.69390533518169,3875,-0.0625,0,0
0.69390585322711,3876,-0.062,0,0
0.69390637140563,3877,-0.0615,0,0
0.69390688971725,3878,-0.061,0,0
0.69390740816199,3879,-0.0605,0,0
0.69390792673982,3880,-0.06,0,0
0.69390844545076,3881,-0.0595,0,0
0.69390896429481,3882,-0.059,0,0
0.69390948327195,3883,-0.0585,0,0
0.6939100023822,3884,-0.058,0,0
0.69391052162556,3885,-0.0575,0,0
0.69391104100201,3886,-0.057,0,0
0.69391156051157,3887,-0.0565,0,0
0.69391208015422,3888,-0.056,0,0
0.69391259992998,3889,-0.0555,0,0
0.69391311983884,3890,-0.055,0,0
0.6939136398808,3891,-0.0545,0,0
0.69391416005586,3892,-0.054,0,0
0.69391468036401,3893,-0.0535,0,0
0.69391520080527,3894,-0.053,0,0
0.69391572137962,3895,-0.0525,0,0
0.69391624208708,3896,-0.052,0,0
0.69391676292762,3897,-0.0515,0,0
0.69391728390127,3898,-0.051,0,0
0.69391780500801,3899,-0.0505,0,0
0.69391832624785,3900,-0.05,0,0
0.69391884762078,3901,-0.0495,0,0
0.69391936912681,3902,-0.049,0,0
0.69391989076593,3903,-0.0485,0,0
0.69392041253815,3904,-0.048,0,0
0.69392093444346,3905,-0.0475,0,0
0.69392145648187,3906,-0.047,0,0
0.69392197865336,3907,-0.0465,0,0
0.69392250095795,3908,-0.046,0,0
0.69392302339563,3909,-0.0455,0,0
0.69392354596641,3910,-0.045,0,0
0.69392406867027,3911,-0.0445,0,0
0.69392459150723,3912,-0.044,0,0
0.69392511447727,3913,-0.0435,0,0
0.69392563758041,3914,-0.043,0,0
0.69392616081663,3915,-0.0425,0,0
0.69392668418594,3916,-0.042,0,0
0.69392720768834,3917,-0.0415,0,0
0.69392773132383,3918,-0.041,0,0
0.69392825509241,3919,-0.0405,0,0
0.69392877899407,3920,-0.04,0,0
0.69392930302883,3921,-0.0395,0,0
0.69392982719666,3922,-0.039,0,0
0.69393035149759,3923,-0.0385,0,0
0.69393087593159,3924,-0.038,0,0
0.69393140049869,3925,-0.0375,0,0
0.69393192519886,3926,-0.037,0,0
0.69393245003213,3927,-0.0365,0,0
0.69393297499847,3928,-0.036,0,0
0.6939335000979,3929,-0.0355,0,0
0.69393402533041,3930,-0.035,0,0
0.693934550696,3931,-0.0345,0,0
0.69393507619468,3932,-0.034,0,0
0.69393560182644,3933,-0.0335,0,0
0.69393612759127,3934,-0.033,0,0
0.69393665348919,3935,-0.0325,0,0
0.69393717952019,3936,-0.032,0,0
0.69393770568427,3937,-0.0315,0,0
0.69393823198142,3938,-0.031,0,0
0.69393875841166,3939,-0.0305,0,0
0.69393928497497,3940,-0.03,0,0
0.69393981167136,3941,-0.0295,0,0
0.69394033850083,3942,-0.029,0,0
0.69394086546338,3943,-0.0285,0,0
0.693941392559,3944,-0.028,0,0
0.6939419197877,3945,-0.0275,0,0
0.69394244714948,3946,-0.027,0,0
0.69394297464432,3947,-0.0265,0,0
0.69394350227225,3948,-0.026,0,0
0.69394403003325,3949,-0.0255,0,0
0.69394455792732,3950,-0.025,0,0
0.69394508595447,3951,-0.0245,0,0
0.69394561411468,3952,-0.024,0,0
0.69394614240797,3953,-0.0235,0,0
0.69394667083434,3954,-0.023,0,0
0.69394719939377,3955,-0.0225,0,0
0.69394772808628,3956,-0.022,0,0
0.69394825691186,3957,-0.0215,0,0
0.6939487858705,3958,-0.021,0,0
0.69394931496222,3959,-0.0205,0,0
0.693949844187,3960,-0.02,0,0
0.69395037354486,3961,-0.0195,0,0
0.69395090303578,3962,-0.019,0,0
0.69395143265977,3963,-0.0185,0,0
0.69395196241683,3964,-0.018,0,0
0.69395249230696,3965,-0.0175,0,0
0.69395302233015,3966,-0.017,0,0
0.69395355248641,3967,-0.0165,0,0
0.69395408277574,3968,-0.016,0,0
0.69395461319813,3969,-0.0155,0,0
0.69395514375358,3970,-0.015,0,0
0.6939556744421,3971,-0.0145,0,0
0.69395620526369,3972,-0.014,0,0
0.69395673621833,3973,-0.0135,0,0
0.69395726730605,3974,-0.013,0,0
0.69395779852682,3975,-0.0125,0,0
0.69395832988065,3976,-0.012,0,0
0.69395886136755,3977,-0.0115,0,0
0.69395939298751,3978,-0.011,0,0
0.69395992474053,3979,-0.0105,0,0
0.69396045662661,3980,-0.01,0,0
0.69396098864575,3981,-0.0095000000000001,0,0
0.69396152079795,3982,-0.0089999999999999,0,0
0.69396205308321,3983,-0.0085,0,0
0.69396258550153,3984,-0.008,0,0
0.6939631180529,3985,-0.0075000000000001,0,0
0.69396365073733,3986,-0.0069999999999999,0,0
0.69396418355482,3987,-0.0065,0,0
0.69396471650537,3988,-0.006,0,0
0.69396524958898,3989,-0.0055000000000001,0,0
0.69396578280564,3990,-0.0049999999999999,0,0
0.69396631615535,3991,-0.0044999999999999,0,0
0.69396684963812,3992,-0.004,0,0
0.69396738325395,3993,-0.0035000000000001,0,0
0.69396791700282,3994,-0.0029999999999999,0,0
0.69396845088476,3995,-0.0024999999999999,0,0
0.69396898489974,3996,-0.002,0,0
0.69396951904778,3997,-0.0015000000000001,0,0
0.69397005332887,3998,-0.00099999999999989,0,0
0.69397058774302,3999,-0.00049999999999994,0,0
0.69397112229021,4000,0,0,0
0.50577030213633,8000,1,0,0
0.50577101487357,8001,1.0005,0,0
0.50577172743163,8002,1.001,0,0
0.50577243981051,8003,1.0015,0,0
0.50577315201022,8004,1.002,0,0
0.50577386403075,8005,1.0025,0,0
0.5057745758721,8006,1.003,0,0
0.50577528753428,8007,1.0035,0,0
0.50577599901728,8008,1.004,0,0
0.50577671032112,8009,1.0045,0,0
0.50577742144577,8010,1.005,0,0
0.50577813239126,8011,1.0055,0,0
0.50577884315758,8012,1.006,0,0
0.50577955374472,8013,1.0065,0,0
0.5057802641527,8014,1.007,0,0
0.5057809743815,8015,1.0075,0,0
0.50578168443114,8016,1.008,0,0
0.50578239430161,8017,1.0085,0,0
0.50578310399292,8018,1.009,0,0
0.50578381350505,8019,1.0095,0,0
0.50578452283803,8020,1.01,0,0
0.50578523199183,8021,1.0105,0,0
0.50578594096648,8022,1.011,0,0
0.50578664976196,8023,1.0115,0,0
0.50578735837827,8024,1.012,0,0
0.50578806681543,8025,1.0125,0,0
0.50578877507343,8026,1.013,0,0
0.50578948315226,8027,1.0135,0,0
0.50579019105194,8028,1.014,0,0
0.50579089877245,8029,1.0145,0,0
0.50579160631381,8030,1.015,0,0
0.50579231367601,8031,1.0155,0,0
0.50579302085905,8032,1.016,0,0
0.50579372786294,8033,1.0165,0,0
0.50579443468768,8034,1.017,0,0
0.50579514133325,8035,1.0175,0,0
0.50579584779968,8036,1.018,0,0
0.50579655408695,8037,1.0185,0,0
0.50579726019507,8038,1.019,0,0
0.50579796612404,8039,1.0195,0,0
0.50579867187385,8040,1.02,0,0
0.50579937744452,8041,1.0205,0,0
0.50580008283604,8042,1.021,0,0
0.50580078804841,8043,1.0215,0,0
0.50580149308163,8044,1.022,0,0
0.5058021979357,8045,1.0225,0,0
0.50580290261063,8046,1.023,0,0
0.50580360710641,8047,1.0235,0,0
0.50580431142304,8048,1.024,0,0
0.50580501556054,8049,1.0245,0,0
0.50580571951888,8050,1.025,0,0
0.50580642329809,8051,1.0255,0,0
0.50580712689815,8052,1.026,0,0
0.50580783031907,8053,1.0265,0,0
0.50580853356085,8054,1.027,0,0
0.50580923662349,8055,1.0275,0,0
0.50580993950699,8056,1.028,0,0
0.50581064221136,8057,1.0285,0,0
0.50581134473658,8058,1.029,0,0
0.50581204708267,8059,1.0295,0,0
0.50581274924962,8060,1.03,0,0
0.50581345123744,8061,1.0305,0,0
0.50581415304612,8062,1.031,0,0
0.50581485467566,8063,1.0315,0,0
0.50581555612608,8064,1.032,0,0
0.50581625739736,8065,1.0325,0,0
0.5058169584895,8066,1.033,0,0
0.50581765940252,8067,1.0335,0,0
0.50581836013641,8068,1.034,0,0
0.50581906069116,8069,1.0345,0,0
0.50581976106679,8070,1.035,0,0
0.50582046126329,8071,1.0355,0,0
0.50582116128066,8072,1.036,0,0
0.5058218611189,8073,1.0365,0,0
0.50582256077802,8074,1.037,0,0
0.50582326025801,8075,1.0375,0,0
0.50582395955887,8076,1.038,0,0
0.50582465868062,8077,1.0385,0,0
0.50582535762324,8078,1.039,0,0
0.50582605638673,8079,1.0395,0,0
0.5058267549711,8080,1.04,0,0
0.50582745337636,8081,1.0405,0,0
0.50582815160249,8082,1.041,0,0
0.5058288496495,8083,1.0415,0,0
0.50582954751739,8084,1.042,0,0
0.50583024520617,8085,1.0425,0,0
0.50583094271582,8086,1.043,0,0
0.50583164004636,8087,1.0435,0,0
0.50583233719779,8088,1.044,0,0
0.5058330341701,8089,1.0445,0,0
0.50583373096329,8090,1.045,0,0
0.50583442757737,8091,1.0455,0,0
0.50583512401233,8092,1.046,0,0
0.50583582026818,8093,1.0465,0,0
0.50583651634492,8094,1.047,0,0
0.50583721224255,8095,1.0475,0,0
0.50583790796107,8096,1.048,0,0
0.50583860350048,8097,1.0485,0,0
0.50583929886078,8098,1.049,0,0
0.50583999404197,8099,1.0495,0,0
0.50584068904405,8100,1.05,0,0
0.50584138386703,8101,1.0505,0,0
0.5058420785109,8102,1.051,0,0
0.50584277297566,8103,1.0515,0,0
0.50584346726132,8104,1.052,0,0
0.50584416136788,8105,1.0525,0,0
0.50584485529533,8106,1.053,0,0
0.50584554904368,8107,1.0535,0,0
0.50584624261292,8108,1.054,0,0
0.50584693600307,8109,1.0545,0,0
0.50584762921412,8110,1.055,0,0
0.50584832224606,8111,1.0555,0,0
0.50584901509891,8112,1.056,0,0
0.50584970777265,8113,1.0565,0,0
0.5058504002673,8114,1.057,0,0
0.50585109258285,8115,1.0575,0,0
0.50585178471931,8116,1.058,0,0
0.50585247667667,8117,1.0585,0,0
0.50585316845494,8118,1.059,0,0
0.50585386005411,8119,1.0595,0,0
0.50585455147419,8120,1.06,0,0
0.50585524271517,8121,1.0605,0,0
0.50585593377706,8122,1.061,0,0
0.50585662465986,8123,1.0615,0,0
0.50585731536357,8124,1.062,0,0
0.5058580058882,8125,1.0625,0,0
0.50585869623373,8126,1.063,0,0
0.50585938640017,8127,1.0635,0,0
0.50586007638752,8128,1.064,0,0
0.50586076619579,8129,1.0645,0,0
0.50586145582497,8130,1.065,0,0
0.50586214527507,8131,1.0655,0,0
0.50586283454608,8132,1.066,0,0
0.50586352363801,8133,1.0665,0,0
0.50586421255085,8134,1.067,0,0
0.50586490128461,8135,1.0675,0,0
0.50586558983929,8136,1.068,0,0
0.50586627821488,8137,1.0685,0,0
0.5058669664114,8138,1.069,0,0
0.50586765442883,8139,1.0695,0,0
0.50586834226719,8140,1.07,0,0
0.50586902992647,8141,1.0705,0,0
0.50586971740667,8142,1.071,0,0
0.50587040470779,8143,1.0715,0,0
0.50587109182983,8144,1.072,0,0
0.5058717787728,8145,1.0725,0,0
0.5058724655367,8146,1.073,0,0
0.50587315212152,8147,1.0735,0,0
0.50587383852726,8148,1.074,0,0
0.50587452475394,8149,1.0745,0,0
0.50587521080154,8150,1.075,0,0
0.50587589667007,8151,1.0755,0,0
0.50587658235953,8152,1.076,0,0
0.50587726786991,8153,1.0765,0,0
0.50587795320123,8154,1.077,0,0
0.50587863835348,8155,1.0775,0,0
0.50587932332666,8156,1.078,0,0
0.50588000812078,8157,1.0785,0,0
0.50588069273583,8158,1.079,0,0
0.50588137717181,8159,1.0795,0,0
0.50588206142872,8160,1.08,0,0
0.50588274550658,8161,1.0805,0,0
0.50588342940536,8162,1.081,0,0
0.50588411312509,8163,1.0815,0,0
0.50588479666575,8164,1.082,0,0
0.50588548002735,8165,1.0825,0,0
0.50588616320989,8166,1.083,0,0
0.50588684621337,8167,1.0835,0,0
0.50588752903779,8168,1.084,0,0
0.50588821168315,8169,1.0845,0,0
0.50588889414945,8170,1.085,0,0
0.5058895764367,8171,1.0855,0,0
0.50589025854488,8172,1.086,0,0
0.50589094047401,8173,1.0865,0,0
0.50589162222409,8174,1.087,0,0
0.50589230379511,8175,1.0875,0,0
0.50589298518708,8176,1.088,0,0
0.50589366639999,8177,1.0885,0,0
0.50589434743385,8178,1.089,0,0
0.50589502828866,8179,1.0895,0,0
0.50589570896442,8180,1.09,0,0
0.50589638946113,8181,1.0905,0,0
0.50589706977878,8182,1.091,0,0
0.50589774991739,8183,1.0915,0,0
0.50589842987695,8184,1.092,0,0
0.50589910965746,8185,1.0925,0,0
0.50589978925893,8186,1.093,0,0
0.50590046868135,8187,1.0935,0,0
0.50590114792472,8188,1.094,0,0
0.50590182698905,8189,1.0945,0,0
0.50590250587433,8190,1.095,0,0
0.50590318458057,8191,1.0955,0,0
0.50590386310776,8192,1.096,0,0
0.50590454145592,8193,1.0965,0,0
0.50590521962503,8194,1.097,0,0
0.5059058976151,8195,1.0975,0,0
0.50590657542614,8196,1.098,0,0
0.50590725305813,8197,1.0985,0,0
0.50590793051108,8198,1.099,0,0
0.505908607785,8199,1.0995,0,0
0.50590928487988,8200,1.1,0,0
0.50590996179572,8201,1.1005,0,0
0.50591063853252,8202,1.101,0,0
0.50591131509029,8203,1.1015,0,0
0.50591199146903,8204,1.102,0,0
0.50591266766873,8205,1.1025,0,0
0.5059133436894,8206,1.103,0,0
0.50591401953104,8207,1.1035,0,0
0.50591469519364,8208,1.104,0,0
0.50591537067721,8209,1.1045,0,0
0.50591604598176,8210,1.105,0,0
0.50591672110727,8211,1.1055,0,0
0.50591739605375,8212,1.106,0,0
0.50591807082121,8213,1.1065,0,0
0.50591874540964,8214,1.107,0,0
0.50591941981904,8215,1.1075,0,0
0.50592009404941,8216,1.108,0,0
0.50592076810076,8217,1.1085,0,0
0.50592144197309,8218,1.109,0,0
0.50592211566639,8219,1.1095,0,0
0.50592278918066,8220,1.11,0,0
0.50592346251592,8221,1.1105,0,0
0.50592413567215,8222,1.111,0,0
0.50592480864936,8223,1.1115,0,0
0.50592548144755,8224,1.112,0,0
0.50592615406672,8225,1.1125,0,0
0.50592682650687,8226,1.113,0,0
0.505927498768,8227,1.1135,0,0
0.50592817085011,8228,1.114,0,0
0.50592884275321,8229,1.1145,0,0
0.50592951447729,8230,1.115,0,0
0.50593018602235,8231,1.1155,0,0
0.5059308573884,8232,1.116,0,0
0.50593152857543,8233,1.1165,0,0
0.50593219958345,8234,1.117,0,0
0.50593287041246,8235,1.1175,0,0
0.50593354106245,8236,1.118,0,0
0.50593421153344,8237,1.1185,0,0
0.50593488182541,8238,1.119,0,0
0.50593555193837,8239,1.1195,0,0
0.50593622187232,8240,1.12,0,0
0.50593689162726,8241,1.1205,0,0
0.5059375612032,8242,1.121,0,0
0.50593823060012,8243,1.1215,0,0
0.50593889981804,8244,1.122,0,0
0.50593956885696,8245,1.1225,0,0
0.50594023771686,8246,1.123,0,0
0.50594090639777,8247,1.1235,0,0
0.50594157489966,8248,1.124,0,0
0.50594224322256,8249,1.1245,0,0
0.50594291136645,8250,1.125,0,0
0.50594357933134,8251,1.1255,0,0
0.50594424711723,8252,1.126,0,0
0.50594491472412,8253,1.1265,0,0
0.505945582152,8254,1.127,0,0
0.50594624940089,8255,1.1275,0,0
0.50594691647078,8256,1.128,0,0
0.50594758336167,8257,1.1285,0,0
0.50594825007356,8258,1.129,0,0
0.50594891660646,8259,1.1295,0,0
0.50594958296036,8260,1.13,0,0
0.50595024913527,8261,1.1305,0,0
0.50595091513118,8262,1.131,0,0
0.5059515809481,8263,1.1315,0,0
0.50595224658602,8264,1.132,0,0
0.50595291204495,8265,1.1325,0,0
0.50595357732489,8266,1.133,0,0
0.50595424242584,8267,1.1335,0,0
0.50595490734779,8268,1.134,0,0
0.50595557209076,8269,1.1345,0,0
0.50595623665474,8270,1.135,0,0
0.50595690103973,8271,1.1355,0,0
0.50595756524573,8272,1.136,0,0
0.50595822927275,8273,1.1365,0,0
0.50595889312078,8274,1.137,0,0
0.50595955678982,8275,1.1375,0,0
0.50596022027987,8276,1.138,0,0
0.50596088359095,8277,1.1385,0,0
0.50596154672304,8278,1.139,0,0
0.50596220967614,8279,1.1395,0,0
0.50596287245027,8280,1.14,0,0
0.50596353504541,8281,1.1405,0,0
0.50596419746157,8282,1.141,0,0
0.50596485969875,8283,1.1415,0,0
0.50596552175695,8284,1.142,0,0
0.50596618363617,8285,1.1425,0,0
0.50596684533642,8286,1.143,0,0
0.50596750685768,8287,1.1435,0,0
0.50596816819997,8288,1.144,0,0
0.50596882936329,8289,1.1445,0,0
0.50596949034762,8290,1.145,0,0
0.50597015115299,8291,1.1455,0,0
0.50597081177937,8292,1.146,0,0
0.50597147222679,8293,1.1465,0,0
0.50597213249523,8294,1.147,0,0
0.5059727925847,8295,1.1475,0,0
0.5059734524952,8296,1.148,0,0
0.50597411222673,8297,1.1485,0,0
0.50597477177928,8298,1.149,0,0
0.50597543115287,8299,1.1495,0,0
0.50597609034749,8300,1.15,0,0
0.50597674936314,8301,1.1505,0,0
0.50597740819982,8302,1.151,0,0
0.50597806685754,8303,1.1515,0,0
0.50597872533629,8304,1.152,0,0
0.50597938363607,8305,1.1525,0,0
0.50598004175689,8306,1.153,0,0
0.50598069969875,8307,1.1535,0,0
0.50598135746164,8308,1.154,0,0
0.50598201504557,8309,1.1545,0,0
0.50598267245054,8310,1.155,0,0
0.50598332967654,8311,1.1555,0,0
0.50598398672359,8312,1.156,0,0
0.50598464359168,8313,1.1565,0,0
0.5059853002808,8314,1.157,0,0
0.50598595679097,8315,1.1575,0,0
0.50598661312218,8316,1.158,0,0
0.50598726927443,8317,1.1585,0,0
0.50598792524773,8318,1.159,0,0
0.50598858104206,8319,1.1595,0,0
0.50598923665745,8320,1.16,0,0
0.50598989209388,8321,1.1605,0,0
0.50599054735135,8322,1.161,0,0
0.50599120242987,8323,1.1615,0,0
0.50599185732944,8324,1.162,0,0
0.50599251205006,8325,1.1625,0,0
0.50599316659173,8326,1.163,0,0
0.50599382095444,8327,1.1635,0,0
0.50599447513821,8328,1.164,0,0
0.50599512914302,8329,1.1645,0,0
0.50599578296889,8330,1.165,0,0
0.50599643661581,8331,1.1655,0,0
0.50599709008378,8332,1.166,0,0
0.50599774337281,8333,1.1665,0,0
0.50599839648289,8334,1.167,0,0
0.50599904941402,8335,1.1675,0,0
0.50599970216621,8336,1.168,0,0
0.50600035473946,8337,1.1685,0,0
0.50600100713376,8338,1.169,0,0
0.50600165934912,8339,1.1695,0,0
0.50600231138554,8340,1.17,0,0
0.50600296324302,8341,1.1705,0,0
0.50600361492155,8342,1.171,0,0
0.50600426642115,8343,1.1715,0,0
0.5060049177418,8344,1.172,0,0
0.50600556888352,8345,1.1725,0,0
0.5060062198463,8346,1.173,0,0
0.50600687063015,8347,1.1735,0,0
0.50600752123505,8348,1.174,0,0
0.50600817166102,8349,1.1745,0,0
0.50600882190806,8350,1.175,0,0
0.50600947197616,8351,1.1755,0,0
0.50601012186533,8352,1.176,0,0
0.50601077157556,8353,1.1765,0,0
0.50601142110686,8354,1.177,0,0
0.50601207045923,8355,1.1775,0,0
0.50601271963267,8356,1.178,0,0
0.50601336862718,8357,1.1785,0,0
0.50601401744276,8358,1.179,0,0
0.5060146660794,8359,1.1795,0,0
0.50601531453712,8360,1.18,0,0
0.50601596281591,8361,1.1805,0,0
0.50601661091578,8362,1.181,0,0
0.50601725883672,8363,1.1815,0,0
0.50601790657873,8364,1.182,0,0
0.50601855414182,8365,1.1825,0,0
0.50601920152598,8366,1.183,0,0
0.50601984873122,8367,1.1835,0,0
0.50602049575753,8368,1.184,0,0
0.50602114260492,8369,1.1845,0,0
0.50602178927339,8370,1.185,0,0
0.50602243576294,8371,1.1855,0,0
0.50602308207357,8372,1.186,0,0
0.50602372820528,8373,1.1865,0,0
0.50602437415807,8374,1.187,0,0
0.50602501993194,8375,1.1875,0,0
0.50602566552689,8376,1.188,0,0
0.50602631094293,8377,1.1885,0,0
0.50602695618005,8378,1.189,0,0
0.50602760123825,8379,1.1895,0,0
0.50602824611754,8380,1.19,0,0
0.50602889081791,8381,1.1905,0,0
0.50602953533937,8382,1.191,0,0
0.50603017968191,8383,1.1915,0,0
0.50603082384554,8384,1.192,0,0
0.50603146783026,8385,1.1925,0,0
0.50603211163607,8386,1.193,0,0
0.50603275526297,8387,1.1935,0,0
0.50603339871096,8388,1.194,0,0
0.50603404198004,8389,1.1945,0,0
0.50603468507021,8390,1.195,0,0
0.50603532798147,8391,1.1955,0,0
0.50603597071383,8392,1.196,0,0
0.50603661326728,8393,1.1965,0,0
0.50603725564182,8394,1.197,0,0
0.50603789783745,8395,1.1975,0,0
0.50603853985419,8396,1.198,0,0
0.50603918169201,8397,1.1985,0,0
0.50603982335094,8398,1.199,0,0
0.50604046483096,8399,1.1995,0,0
0.50604110613208,8400,1.2,0,0
0.5060417472543,8401,1.2005,0,0
0.50604238819761,8402,1.201,0,0
0.50604302896203,8403,1.2015,0,0
0.50604366954755,8404,1.202,0,0
0.50604430995417,8405,1.2025,0,0
0.50604495018189,8406,1.203,0,0
0.50604559023071,8407,1.2035,0,0
0.50604623010064,8408,1.204,0,0
0.50604686979167,8409,1.2045,0,0
0.5060475093038,8410,1.205,0,0
0.50604814863704,8411,1.2055,0,0
0.50604878779138,8412,1.206,0,0
0.50604942676683,8413,1.2065,0,0
0.50605006556339,8414,1.207,0,0
0.50605070418106,8415,1.2075,0,0
0.50605134261983,8416,1.208,0,0
0.50605198087972,8417,1.2085,0,0
0.50605261896071,8418,1.209,0,0
0.50605325686281,8419,1.2095,0,0
0.50605389458603,8420,1.21,0,0
0.50605453213035,8421,1.2105,0,0
0.50605516949579,8422,1.211,0,0
0.50605580668234,8423,1.2115,0,0
0.50605644369001,8424,1.212,0,0
0.50605708051879,8425,1.2125,0,0
0.50605771716868,8426,1.213,0,0
0.50605835363969,8427,1.2135,0,0
0.50605898993182,8428,1.214,0,0
0.50605962604506,8429,1.2145,0,0
0.50606026197942,8430,1.215,0,0
0.5060608977349,8431,1.2155,0,0
0.5060615333115,8432,1.216,0,0
0.50606216870921,8433,1.2165,0,0
0.50606280392805,8434,1.217,0,0
0.50606343896801,8435,1.2175,0,0
0.50606407382909,8436,1.218,0,0
0.50606470851129,8437,1.2185,0,0
0.50606534301461,8438,1.219,0,0
0.50606597733906,8439,1.2195,0,0
0.50606661148463,8440,1.22,0,0
0.50606724545132,8441,1.2205,0,0
0.50606787923915,8442,1.221,0,0
0.50606851284809,8443,1.2215,0,0
0.50606914627817,8444,1.222,0,0
0.50606977952937,8445,1.2225,0,0
0.5060704126017,8446,1.223,0,0
0.50607104549515,8447,1.2235,0,0
0.50607167820974,8448,1.224,0,0
0.50607231074546,8449,1.2245,0,0
0.5060729431023,8450,1.225,0,0
0.50607357528028,8451,1.2255,0,0
0.50607420727939,8452,1.226,0,0
0.50607483909963,8453,1.2265,0,0
0.50607547074101,8454,1.227,0,0
0.50607610220352,8455,1.2275,0,0
0.50607673348716,8456,1.228,0,0
0.50607736459194,8457,1.2285,0,0
0.50607799551786,8458,1.229,0,0
0.50607862626491,8459,1.2295,0,0
0.5060792568331,8460,1.23,0,0
0.50607988722242,8461,1.2305,0,0
0.50608051743288,8462,1.231,0,0
0.50608114746449,8463,1.2315,0,0
0.50608177731723,8464,1.232,0,0
0.50608240699111,8465,1.2325,0,0
0.50608303648613,8466,1.233,0,0
0.5060836658023,8467,1.2335,0,0
0.50608429493961,8468,1.234,0,0
0.50608492389806,8469,1.2345,0,0
0.50608555267765,8470,1.235,0,0
0.50608618127839,8471,1.2355,0,0
0.50608680970027,8472,1.236,0,0
0.5060874379433,8473,1.2365,0,0
0.50608806600747,8474,1.237,0,0
0.50608869389279,8475,1.2375,0,0
0.50608932159926,8476,1.238,0,0
0.50608994912687,8477,1.2385,0,0
0.50609057647564,8478,1.239,0,0
0.50609120364555,8479,1.2395,0,0
0.50609183063661,8480,1.24,0,0
0.50609245744883,8481,1.2405,0,0
0.50609308408219,8482,1.241,0,0
0.50609371053671,8483,1.2415,0,0
0.50609433681238,8484,1.242,0,0
0.5060949629092,8485,1.2425,0,0
0.50609558882718,8486,1.243,0,0
0.50609621456631,8487,1.2435,0,0
0.50609684012659,8488,1.244,0,0
0.50609746550803,8489,1.2445,0,0
0.50609809071063,8490,1.245,0,0
0.50609871573438,8491,1.2455,0,0
0.5060993405793,8492,1.246,0,0
0.50609996524537,8493,1.2465,0,0
0.50610058973259,8494,1.247,0,0
0.50610121404098,8495,1.2475,0,0
0.50610183817053,8496,1.248,0,0
0.50610246212124,8497,1.2485,0,0
0.50610308589311,8498,1.249,0,0
0.50610370948614,8499,1.2495,0,0
0.50610433290034,8500,1.25,0,0
0.5061049561357,8501,1.2505,0,0
0.50610557919222,8502,1.251,0,0
0.50610620206991,8503,1.2515,0,0
0.50610682476876,8504,1.252,0,0
0.50610744728878,8505,1.2525,0,0
0.50610806962997,8506,1.253,0,0
0.50610869179232,8507,1.2535,0,0
0.50610931377584,8508,1.254,0,0
0.50610993558053,8509,1.2545,0,0
0.50611055720638,8510,1.255,0,0
0.50611117865341,8511,1.2555,0,0
0.50611179992161,8512,1.256,0,0
0.50611242101098,8513,1.2565,0,0
0.50611304192152,8514,1.257,0,0
0.50611366265323,8515,1.2575,0,0
0.50611428320612,8516,1.258,0,0
0.50611490358018,8517,1.2585,0,0
0.50611552377541,8518,1.259,0,0
0.50611614379182,8519,1.2595,0,0
0.5061167636294,8520,1.26,0,0
0.50611738328816,8521,1.2605,0,0
0.5061180027681,8522,1.261,0,0
0.50611862206921,8523,1.2615,0,0
0.5061192411915,8524,1.262,0,0
0.50611986013497,8525,1.2625,0,0
0.50612047889962,8526,1.263,0,0
0.50612109748545,8527,1.2635,0,0
0.50612171589246,8528,1.264,0,0
0.50612233412065,8529,1.2645,0,0
0.50612295217003,8530,1.265,0,0
0.50612357004058,8531,1.2655,0,0
0.50612418773232,8532,1.266,0,0
0.50612480524524,8533,1.2665,0,0
0.50612542257935,8534,1.267,0,0
0.50612603973464,8535,1.2675,0,0
0.50612665671112,8536,1.268,0,0
0.50612727350878,8537,1.2685,0,0
0.50612789012763,8538,1.269,0,0
0.50612850656767,8539,1.2695,0,0
0.50612912282889,8540,1.27,0,0
0.50612973891131,8541,1.2705,0,0
0.50613035481491,8542,1.271,0,0
0.50613097053971,8543,1.2715,0,0
0.50613158608569,8544,1.272,0,0
0.50613220145287,8545,1.2725,0,0
0.50613281664123,8546,1.273,0,0
0.50613343165079,8547,1.2735,0,0
0.50613404648155,8548,1.274,0,0
0.5061346611335,8549,1.2745,0,0
0.50613527560664,8550,1.275,0,0
0.50613588990097,8551,1.2755,0,0
0.50613650401651,8552,1.276,0,0
0.50613711795324,8553,1.2765,0,0
0.50613773171116,8554,1.277,0,0
0.50613834529028,8555,1.2775,0,0
0.50613895869061,8556,1.278,0,0
0.50613957191213,8557,1.2785,0,0
0.50614018495485,8558,1.279,0,0
0.50614079781877,8559,1.2795,0,0
0.50614141050389,8560,1.28,0,0
0.50614202301021,8561,1.2805,0,0
0.50614263533773,8562,1.281,0,0
0.50614324748646,8563,1.2815,0,0
0.50614385945639,8564,1.282,0,0
0.50614447124752,8565,1.2825,0,0
0.50614508285986,8566,1.283,0,0
0.5061456942934,8567,1.2835,0,0
0.50614630554815,8568,1.284,0,0
0.50614691662411,8569,1.2845,0,0
0.50614752752127,8570,1.285,0,0
0.50614813823964,8571,1.2855,0,0
0.50614874877922,8572,1.286,0,0
0.50614935914001,8573,1.2865,0,0
0.506149969322,8574,1.287,0,0
0.50615057932521,8575,1.2875,0,0
0.50615118914963,8576,1.288,0,0
0.50615179879526,8577,1.2885,0,0
0.5061524082621,8578,1.289,0,0
0.50615301755015,8579,1.2895,0,0
0.50615362665942,8580,1.29,0,0
0.5061542355899,8581,1.2905,0,0
0.50615484434159,8582,1.291,0,0
0.5061554529145,8583,1.2915,0,0
0.50615606130863,8584,1.292,0,0
0.50615666952397,8585,1.2925,0,0
0.50615727756053,8586,1.293,0,0
0.50615788541831,8587,1.2935,0,0
0.5061584930973,8588,1.294,0,0
0.50615910059752,8589,1.2945,0,0
0.50615970791895,8590,1.295,0,0
0.5061603150616,8591,1.2955,0,0
0.50616092202548,8592,1.296,0,0
0.50616152881057,8593,1.2965,0,0
0.50616213541689,8594,1.297,0,0
0.50616274184443,8595,1.2975,0,0
0.50616334809319,8596,1.298,0,0
0.50616395416318,8597,1.2985,0,0
0.50616456005439,8598,1.299,0,0
0.50616516576683,8599,1.2995,0,0
0.50616577130049,8600,1.3,0,0
0.50616637665538,8601,1.3005,0,0
0.5061669818315,8602,1.301,0,0
0.50616758682884,8603,1.3015,0,0
0.50616819164741,8604,1.302,0,0
0.50616879628721,8605,1.3025,0,0
0.50616940074824,8606,1.303,0,0
0.5061700050305,8607,1.3035,0,0
0.50617060913399,8608,1.304,0,0
0.50617121305871,8609,1.3045,0,0
0.50617181680467,8610,1.305,0,0
0.50617242037185,8611,1.3055,0,0
0.50617302376027,8612,1.306,0,0
0.50617362696993,8613,1.3065,0,0
0.50617423000081,8614,1.307,0,0
0.50617483285294,8615,1.3075,0,0
0.50617543552629,8616,1.308,0,0
0.50617603802089,8617,1.3085,0,0
0.50617664033672,8618,1.309,0,0
0.50617724247379,8619,1.3095,0,0
0.50617784443209,8620,1.31,0,0
0.50617844621164,8621,1.3105,0,0
0.50617904781242,8622,1.311,0,0
0.50617964923445,8623,1.3115,0,0
0.50618025047771,8624,1.312,0,0
0.50618085154222,8625,1.3125,0,0
0.50618145242797,8626,1.313,0,0
0.50618205313496,8627,1.3135,0,0
0.50618265366319,8628,1.314,0,0
0.50618325401267,8629,1.3145,0,0
0.50618385418339,8630,1.315,0,0
0.50618445417536,8631,1.3155,0,0
0.50618505398857,8632,1.316,0,0
0.50618565362303,8633,1.3165,0,0
0.50618625307873,8634,1.317,0,0
0.50618685235568,8635,1.3175,0,0
0.50618745145388,8636,1.318,0,0
0.50618805037333,8637,1.3185,0,0
0.50618864911403,8638,1.319,0,0
0.50618924767597,8639,1.3195,0,0
0.50618984605917,8640,1.32,0,0
0.50619044426362,8641,1.3205,0,0
0.50619104228932,8642,1.321,0,0
0.50619164013627,8643,1.3215,0,0
0.50619223780448,8644,1.322,0,0
0.50619283529393,8645,1.3225,0,0
0.50619343260465,8646,1.323,0,0
0.50619402973661,8647,1.3235,0,0
0.50619462668984,8648,1.324,0,0
0.50619522346432,8649,1.3245,0,0
0.50619582006005,8650,1.325,0,0
0.50619641647704,8651,1.3255,0,0
0.50619701271529,8652,1.326,0,0
0.5061976087748,8653,1.3265,0,0
0.50619820465557,8654,1.327,0,0
0.50619880035759,8655,1.3275,0,0
0.50619939588088,8656,1.328,0,0
0.50619999122543,8657,1.3285,0,0
0.50620058639124,8658,1.329,0,0
0.50620118137831,8659,1.3295,0,0
0.50620177618664,8660,1.33,0,0
0.50620237081624,8661,1.3305,0,0
0.5062029652671,8662,1.331,0,0
0.50620355953922,8663,1.3315,0,0
0.50620415363261,8664,1.332,0,0
0.50620474754727,8665,1.3325,0,0
0.50620534128319,8666,1.333,0,0
0.50620593484038,8667,1.3335,0,0
0.50620652821884,8668,1.334,0,0
0.50620712141856,8669,1.3345,0,0
0.50620771443956,8670,1.335,0,0
0.50620830728182,8671,1.3355,0,0
0.50620889994535,8672,1.336,0,0
0.50620949243015,8673,1.3365,0,0
0.50621008473623,8674,1.337,0,0
0.50621067686357,8675,1.3375,0,0
0.50621126881219,8676,1.338,0,0
0.50621186058208,8677,1.3385,0,0
0.50621245217325,8678,1.339,0,0
0.50621304358569,8679,1.3395,0,0
0.5062136348194,8680,1.34,0,0
0.50621422587439,8681,1.3405,0,0
0.50621481675065,8682,1.341,0,0
0.50621540744819,8683,1.3415,0,0
0.50621599796701,8684,1.342,0,0
0.50621658830711,8685,1.3425,0,0
0.50621717846848,8686,1.343,0,0
0.50621776845114,8687,1.3435,0,0
0.50621835825507,8688,1.344,0,0
0.50621894788029,8689,1.3445,0,0
0.50621953732678,8690,1.345,0,0
0.50622012659456,8691,1.3455,0,0
0.50622071568361,8692,1.346,0,0
0.50622130459395,8693,1.3465,0,0
0.50622189332558,8694,1.347,0,0
0.50622248187849,8695,1.3475,0,0
0.50622307025268,8696,1.348,0,0
0.50622365844815,8697,1.3485,0,0
0.50622424646492,8698,1.349,0,0
0.50622483430297,8699,1.3495,0,0
0.5062254219623,8700,1.35,0,0
0.50622600944293,8701,1.3505,0,0
0.50622659674484,8702,1.351,0,0
0.50622718386804,8703,1.3515,0,0
0.50622777081253,8704,1.352,0,0
0.50622835757831,8705,1.3525,0,0
0.50622894416538,8706,1.353,0,0
0.50622953057374,8707,1.3535,0,0
0.50623011680339,8708,1.354,0,0
0.50623070285433,8709,1.3545,0,0
0.50623128872657,8710,1.355,0,0
0.5062318744201,8711,1.3555,0,0
0.50623245993493,8712,1.356,0,0
0.50623304527105,8713,1.3565,0,0
0.50623363042846,8714,1.357,0,0
0.50623421540717,8715,1.3575,0,0
0.50623480020718,8716,1.358,0,0
0.50623538482848,8717,1.3585,0,0
0.50623596927109,8718,1.359,0,0
0.50623655353499,8719,1.3595,0,0
0.50623713762018,8720,1.36,0,0
0.50623772152668,8721,1.3605,0,0
0.50623830525448,8722,1.361,0,0
0.50623888880358,8723,1.3615,0,0
0.50623947217398,8724,1.362,0,0
0.50624005536568,8725,1.3625,0,0
0.50624063837869,8726,1.363,0,0
0.506241221213,8727,1.3635,0,0
0.50624180386861,8728,1.364,0,0
0.50624238634552,8729,1.3645,0,0
0.50624296864374,8730,1.365,0,0
0.50624355076327,8731,1.3655,0,0
0.5062441327041,8732,1.366,0,0
0.50624471446624,8733,1.3665,0,0
0.50624529604969,8734,1.367,0,0
0.50624587745444,8735,1.3675,0,0
0.5062464586805,8736,1.368,0,0
0.50624703972787,8737,1.3685,0,0
0.50624762059655,8738,1.369,0,0
0.50624820128654,8739,1.3695,0,0
0.50624878179785,8740,1.37,0,0
0.50624936213046,8741,1.3705,0,0
0.50624994228438,8742,1.371,0,0
0.50625052225962,8743,1.3715,0,0
0.50625110205617,8744,1.372,0,0
0.50625168167404,8745,1.3725,0,0
0.50625226111322,8746,1.373,0,0
0.50625284037371,8747,1.3735,0,0
0.50625341945552,8748,1.374,0,0
0.50625399835865,8749,1.3745,0,0
0.50625457708309,8750,1.375,0,0
0.50625515562885,8751,1.3755,0,0
0.50625573399593,8752,1.376,0,0
0.50625631218432,8753,1.3765,0,0
0.50625689019404,8754,1.377,0,0
0.50625746802507,8755,1.3775,0,0
0.50625804567743,8756,1.378,0,0
0.5062586231511,8757,1.3785,0,0
0.5062592004461,8758,1.379,0,0
0.50625977756242,8759,1.3795,0,0
0.50626035450006,8760,1.38,0,0
0.50626093125903,8761,1.3805,0,0
0.50626150783932,8762,1.381,0,0
0.50626208424093,8763,1.3815,0,0
0.50626266046387,8764,1.382,0,0
0.50626323650813,8765,1.3825,0,0
0.50626381237372,8766,1.383,0,0
0.50626438806064,8767,1.3835,0,0
0.50626496356889,8768,1.384,0,0
0.50626553889846,8769,1.3845,0,0
0.50626611404936,8770,1.385,0,0
0.50626668902159,8771,1.3855,0,0
0.50626726381515,8772,1.386,0,0
0.50626783843004,8773,1.3865,0,0
0.50626841286626,8774,1.387,0,0
0.50626898712382,8775,1.3875,0,0
0.5062695612027,8776,1.388,0,0
0.50627013510292,8777,1.3885,0,0
0.50627070882447,8778,1.389,0,0
0.50627128236735,8779,1.3895,0,0
0.50627185573157,8780,1.39,0,0
0.50627242891713,8781,1.3905,0,0
0.50627300192402,8782,1.391,0,0
0.50627357475224,8783,1.3915,0,0
0.50627414740181,8784,1.392,0,0
0.50627471987271,8785,1.3925,0,0
0.50627529216495,8786,1.393,0,0
0.50627586427852,8787,1.3935,0,0
0.50627643621344,8788,1.394,0,0
0.50627700796969,8789,1.3945,0,0
0.50627757954729,8790,1.395,0,0
0.50627815094623,8791,1.3955,0,0
0.5062787221665,8792,1.396,0,0
0.50627929320813,8793,1.3965,0,0
0.50627986407109,8794,1.397,0,0
0.50628043475539,8795,1.3975,0,0
0.50628100526104,8796,1.398,0,0
0.50628157558804,8797,1.3985,0,0
0.50628214573638,8798,1.399,0,0
0.50628271570606,8799,1.3995,0,0
0.5062832854971,8800,1.4,0,0
0.50628385510947,8801,1.4005,0,0
0.5062844245432,8802,1.401,0,0
0.50628499379827,8803,1.4015,0,0
0.50628556287469,8804,1.402,0,0
0.50628613177246,8805,1.4025,0,0
0.50628670049158,8806,1.403,0,0
0.50628726903206,8807,1.4035,0,0
0.50628783739388,8808,1.404,0,0
0.50628840557705,8809,1.4045,0,0
0.50628897358157,8810,1.405,0,0
0.50628954140745,8811,1.4055,0,0
0.50629010905468,8812,1.406,0,0
0.50629067652327,8813,1.4065,0,0
0.50629124381321,8814,1.407,0,0
0.5062918109245,8815,1.4075,0,0
0.50629237785715,8816,1.408,0,0
0.50629294461115,8817,1.4085,0,0
0.50629351118652,8818,1.409,0,0
0.50629407758323,8819,1.4095,0,0
0.50629464380131,8820,1.41,0,0
0.50629520984075,8821,1.4105,0,0
0.50629577570154,8822,1.411,0,0
0.50629634138369,8823,1.4115,0,0
0.50629690688721,8824,1.412,0,0
0.50629747221208,8825,1.4125,0,0
0.50629803735832,8826,1.413,0,0
0.50629860232592,8827,1.4135,0,0
0.50629916711488,8828,1.414,0,0
0.5062997317252,8829,1.4145,0,0
0.50630029615689,8830,1.415,0,0
0.50630086040994,8831,1.4155,0,0
0.50630142448435,8832,1.416,0,0
0.50630198838013,8833,1.4165,0,0
0.50630255209728,8834,1.417,0,0
0.50630311563579,8835,1.4175,0,0
0.50630367899567,8836,1.418,0,0
0.50630424217692,8837,1.4185,0,0
0.50630480517954,8838,1.419,0,0
0.50630536800352,8839,1.4195,0,0
0.50630593064888,8840,1.42,0,0
0.5063064931156,8841,1.4205,0,0
0.5063070554037,8842,1.421,0,0
0.50630761751316,8843,1.4215,0,0
0.506308179444,8844,1.422,0,0
0.50630874119621,8845,1.4225,0,0
0.50630930276979,8846,1.423,0,0
0.50630986416475,8847,1.4235,0,0
0.50631042538108,8848,1.424,0,0
0.50631098641878,8849,1.4245,0,0
0.50631154727786,8850,1.425,0,0
0.50631210795832,8851,1.4255,0,0
0.50631266846015,8852,1.426,0,0
0.50631322878336,8853,1.4265,0,0
0.50631378892794,8854,1.427,0,0
0.50631434889391,8855,1.4275,0,0
0.50631490868125,8856,1.428,0,0
0.50631546828997,8857,1.4285,0,0
0.50631602772007,8858,1.429,0,0
0.50631658697155,8859,1.4295,0,0
0.50631714604442,8860,1.43,0,0
0.50631770493866,8861,1.4305,0,0
0.50631826365429,8862,1.431,0,0
0.50631882219129,8863,1.4315,0,0
0.50631938054969,8864,1.432,0,0
0.50631993872946,8865,1.4325,0,0
0.50632049673062,8866,1.433,0,0
0.50632105455317,8867,1.4335,0,0
0.50632161219709,8868,1.434,0,0
0.50632216966241,8869,1.4345,0,0
0.50632272694911,8870,1.435,0,0
0.5063232840572,8871,1.4355,0,0
0.50632384098668,8872,1.436,0,0
0.50632439773755,8873,1.4365,0,0
0.5063249543098,8874,1.437,0,0
0.50632551070344,8875,1.4375,0,0
0.50632606691848,8876,1.438,0,0
0.5063266229549,8877,1.4385,0,0
0.50632717881272,8878,1.439,0,0
0.50632773449193,8879,1.4395,0,0
0.50632828999253,8880,1.44,0,0
0.50632884531452,8881,1.4405,0,0
0.5063294004579,8882,1.441,0,0
0.50632995542268,8883,1.4415,0,0
0.50633051020886,8884,1.442,0,0
0.50633106481643,8885,1.4425,0,0
0.50633161924539,8886,1.443,0,0
0.50633217349576,8887,1.4435,0,0
0.50633272756751,8888,1.444,0,0
0.50633328146067,8889,1.4445,0,0
0.50633383517522,8890,1.445,0,0
0.50633438871118,8891,1.4455,0,0
0.50633494206853,8892,1.446,0,0
0.50633549524728,8893,1.4465,0,0
0.50633604824743,8894,1.447,0,0
0.50633660106898,8895,1.4475,0,0
0.50633715371193,8896,1.448,0,0
0.50633770617629,8897,1.4485,0,0
0.50633825846205,8898,1.449,0,0
0.50633881056921,8899,1.4495,0,0
0.50633936249777,8900,1.45,0,0
0.50633991424774,8901,1.4505,0,0
0.50634046581912,8902,1.451,0,0
0.50634101721189,8903,1.4515,0,0
0.50634156842608,8904,1.452,0,0
0.50634211946167,8905,1.4525,0,0
0.50634267031867,8906,1.453,0,0
0.50634322099707,8907,1.4535,0,0
0.50634377149689,8908,1.454,0,0
0.50634432181811,8909,1.4545,0,0
0.50634487196074,8910,1.455,0,0
0.50634542192478,8911,1.4555,0,0
0.50634597171024,8912,1.456,0,0
0.5063465213171,8913,1.4565,0,0
0.50634707074537,8914,1.457,0,0
0.50634761999506,8915,1.4575,0,0
0.50634816906616,8916,1.458,0,0
0.50634871795867,8917,1.4585,0,0
0.5063492666726,8918,1.459,0,0
0.50634981520794,8919,1.4595,0,0
0.50635036356469,8920,1.46,0,0
0.50635091174287,8921,1.4605,0,0
0.50635145974245,8922,1.461,0,0
0.50635200756346,8923,1.4615,0,0
0.50635255520588,8924,1.462,0,0
0.50635310266972,8925,1.4625,0,0
0.50635364995497,8926,1.463,0,0
0.50635419706165,8927,1.4635,0,0
0.50635474398974,8928,1.464,0,0
0.50635529073926,8929,1.4645,0,0
0.50635583731019,8930,1.465,0,0
0.50635638370255,8931,1.4655,0,0
0.50635692991633,8932,1.466,0,0
0.50635747595153,8933,1.4665,0,0
0.50635802180815,8934,1.467,0,0
0.5063585674862,8935,1.4675,0,0
0.50635911298567,8936,1.468,0,0
0.50635965830656,8937,1.4685,0,0
0.50636020344888,8938,1.469,0,0
0.50636074841263,8939,1.4695,0,0
0.5063612931978,8940,1.47,0,0
0.5063618378044,8941,1.4705,0,0
0.50636238223242,8942,1.471,0,0
0.50636292648187,8943,1.4715,0,0
0.50636347055275,8944,1.472,0,0
0.50636401444506,8945,1.4725,0,0
0.5063645581588,8946,1.473,0,0
0.50636510169397,8947,1.4735,0,0
0.50636564505057,8948,1.474,0,0
0.50636618822861,8949,1.4745,0,0
0.50636673122807,8950,1.475,0,0
0.50636727404896,8951,1.4755,0,0
0.50636781669129,8952,1.476,0,0
0.50636835915505,8953,1.4765,0,0
0.50636890144025,8954,1.477,0,0
0.50636944354688,8955,1.4775,0,0
0.50636998547494,8956,1.478,0,0
0.50637052722444,8957,1.4785,0,0
0.50637106879538,8958,1.479,0,0
0.50637161018775,8959,1.4795,0,0
0.50637215140156,8960,1.48,0,0
0.50637269243681,8961,1.4805,0,0
0.5063732332935,8962,1.481,0,0
0.50637377397162,8963,1.4815,0,0
0.50637431447118,8964,1.482,0,0
0.50637485479219,8965,1.4825,0,0
0.50637539493463,8966,1.483,0,0
0.50637593489852,8967,1.4835,0,0
0.50637647468385,8968,1.484,0,0
0.50637701429062,8969,1.4845,0,0
0.50637755371883,8970,1.485,0,0
0.50637809296849,8971,1.4855,0,0
0.50637863203959,8972,1.486,0,0
0.50637917093213,8973,1.4865,0,0
0.50637970964612,8974,1.487,0,0
0.50638024818156,8975,1.4875,0,0
0.50638078653844,8976,1.488,0,0
0.50638132471677,8977,1.4885,0,0
0.50638186271654,8978,1.489,0,0
0.50638240053776,8979,1.4895,0,0
0.50638293818043,8980,1.49,0,0
0.50638347564455,8981,1.4905,0,0
0.50638401293012,8982,1.491,0,0
0.50638455003714,8983,1.4915,0,0
0.50638508696561,8984,1.492,0,0
0.50638562371553,8985,1.4925,0,0
0.5063861602869,8986,1.493,0,0
0.50638669667973,8987,1.4935,0,0
0.506387232894,8988,1.494,0,0
0.50638776892973,8989,1.4945,0,0
0.50638830478692,8990,1.495,0,0
0.50638884046556,8991,1.4955,0,0
0.50638937596565,8992,1.496,0,0
0.5063899112872,8993,1.4965,0,0
0.5063904464302,8994,1.497,0,0
0.50639098139466,8995,1.4975,0,0
0.50639151618058,8996,1.498,0,0
0.50639205078796,8997,1.4985,0,0
0.50639258521679,8998,1.499,0,0
0.50639311946708,8999,1.4995,0,0
0.50639365353883,9000,1.5,0,0
0.50639418743205,9001,1.5005,0,0
0.50639472114672,9002,1.501,0,0
0.50639525468285,9003,1.5015,0,0
0.50639578804044,9004,1.502,0,0
0.5063963212195,9005,1.5025,0,0
0.50639685422002,9006,1.503,0,0
0.506397387042,9007,1.5035,0,0
0.50639791968545,9008,1.504,0,0
0.50639845215036,9009,1.5045,0,0
0.50639898443673,9010,1.505,0,0
0.50639951654457,9011,1.5055,0,0
0.50640004847387,9012,1.506,0,0
0.50640058022465,9013,1.5065,0,0
0.50640111179689,9014,1.507,0,0
0.50640164319059,9015,1.5075,0,0
0.50640217440577,9016,1.508,0,0
0.50640270544241,9017,1.5085,0,0
0.50640323630052,9018,1.509,0,0
0.5064037669801,9019,1.5095,0,0
0.50640429748115,9020,1.51,0,0
0.50640482780367,9021,1.5105,0,0
0.50640535794767,9022,1.511,0,0
0.50640588791313,9023,1.5115,0,0
0.50640641770007,9024,1.512,0,0
0.50640694730848,9025,1.5125,0,0
0.50640747673836,9026,1.513,0,0
0.50640800598972,9027,1.5135,0,0
0.50640853506255,9028,1.514,0,0
0.50640906395686,9029,1.5145,0,0
0.50640959267264,9030,1.515,0,0
0.5064101212099,9031,1.5155,0,0
0.50641064956864,9032,1.516,0,0
0.50641117774885,9033,1.5165,0,0
0.50641170575054,9034,1.517,0,0
0.50641223357371,9035,1.5175,0,0
0.50641276121836,9036,1.518,0,0
0.50641328868449,9037,1.5185,0,0
0.50641381597209,9038,1.519,0,0
0.50641434308118,9039,1.5195,0,0
0.50641487001175,9040,1.52,0,0
0.5064153967638,9041,1.5205,0,0
0.50641592333733,9042,1.521,0,0
0.50641644973235,9043,1.5215,0,0
0.50641697594884,9044,1.522,0,0
0.50641750198683,9045,1.5225,0,0
0.50641802784629,9046,1.523,0,0
0.50641855352724,9047,1.5235,0,0
0.50641907902968,9048,1.524,0,0
0.5064196043536,9049,1.5245,0,0
0.50642012949901,9050,1.525,0,0
0.5064206544659,9051,1.5255,0,0
0.50642117925428,9052,1.526,0,0
0.50642170386416,9053,1.5265,0,0
0.50642222829551,9054,1.527,0,0
0.50642275254836,9055,1.5275,0,0
0.5064232766227,9056,1.528,0,0
0.50642380051853,9057,1.5285,0,0
0.50642432423585,9058,1.529,0,0
0.50642484777466,9059,1.5295,0,0
0.50642537113496,9060,1.53,0,0
0.50642589431675,9061,1.5305,0,0
0.50642641732004,9062,1.531,0,0
0.50642694014482,9063,1.5315,0,0
0.50642746279109,9064,1.532,0,0
0.50642798525886,9065,1.5325,0,0
0.50642850754812,9066,1.533,0,0
0.50642902965888,9067,1.5335,0,0
0.50642955159114,9068,1.534,0,0
0.50643007334489,9069,1.5345,0,0
0.50643059492014,9070,1.535,0,0
0.50643111631688,9071,1.5355,0,0
0.50643163753513,9072,1.536,0,0
0.50643215857487,9073,1.5365,0,0
0.50643267943611,9074,1.537,0,0
0.50643320011885,9075,1.5375,0,0
0.50643372062309,9076,1.538,0,0
0.50643424094884,9077,1.5385,0,0
0.50643476109608,9078,1.539,0,0
0.50643528106483,9079,1.5395,0,0
0.50643580085508,9080,1.54,0,0
0.50643632046683,9081,1.5405,0,0
0.50643683990008,9082,1.541,0,0
0.50643735915484,9083,1.5415,0,0
0.50643787823111,9084,1.542,0,0
0.50643839712888,9085,1.5425,0,0
0.50643891584815,9086,1.543,0,0
0.50643943438893,9087,1.5435,0,0
0.50643995275122,9088,1.544,0,0
0.50644047093501,9089,1.5445,0,0
0.50644098894031,9090,1.545,0,0
0.50644150676713,9091,1.5455,0,0
0.50644202441544,9092,1.546,0,0
0.50644254188527,9093,1.5465,0,0
0.50644305917661,9094,1.547,0,0
0.50644357628946,9095,1.5475,0,0
0.50644409322382,9096,1.548,0,0
0.50644460997969,9097,1.5485,0,0
0.50644512655708,9098,1.549,0,0
0.50644564295597,9099,1.5495,0,0
0.50644615917638,9100,1.55,0,0
0.5064466752183,9101,1.5505,0,0
0.50644719108174,9102,1.551,0,0
0.50644770676669,9103,1.5515,0,0
0.50644822227316,9104,1.552,0,0
0.50644873760114,9105,1.5525,0,0
0.50644925275064,9106,1.553,0,0
0.50644976772165,9107,1.5535,0,0
0.50645028251419,9108,1.554,0,0
0.50645079712824,9109,1.5545,0,0
0.5064513115638,9110,1.555,0,0
0.50645182582089,9111,1.5555,0,0
0.5064523398995,9112,1.556,0,0
0.50645285379962,9113,1.5565,0,0
0.50645336752127,9114,1.557,0,0
0.50645388106444,9115,1.5575,0,0
0.50645439442913,9116,1.558,0,0
0.50645490761534,9117,1.5585,0,0
0.50645542062307,9118,1.559,0,0
0.50645593345233,9119,1.5595,0,0
0.50645644610311,9120,1.56,0,0
0.50645695857542,9121,1.5605,0,0
0.50645747086925,9122,1.561,0,0
0.5064579829846,9123,1.5615,0,0
0.50645849492148,9124,1.562,0,0
0.50645900667989,9125,1.5625,0,0
0.50645951825982,9126,1.563,0,0
0.50646002966128,9127,1.5635,0,0
0.50646054088427,9128,1.564,0,0
0.50646105192879,9129,1.5645,0,0
0.50646156279483,9130,1.565,0,0
0.50646207348241,9131,1.5655,0,0
0.50646258399151,9132,1.566,0,0
0.50646309432214,9133,1.5665,0,0
0.50646360447431,9134,1.567,0,0
0.50646411444801,9135,1.5675,0,0
0.50646462424324,9136,1.568,0,0
0.50646513386,9137,1.5685,0,0
0.50646564329829,9138,1.569,0,0
0.50646615255812,9139,1.5695,0,0
0.50646666163948,9140,1.57,0,0
0.50646717054238,9141,1.5705,0,0
0.50646767926681,9142,1.571,0,0
0.50646818781278,9143,1.5715,0,0
0.50646869618028,9144,1.572,0,0
0.50646920436932,9145,1.5725,0,0
0.5064697123799,9146,1.573,0,0
0.50647022021202,9147,1.5735,0,0
0.50647072786567,9148,1.574,0,0
0.50647123534086,9149,1.5745,0,0
0.50647174263759,9150,1.575,0,0
0.50647224975587,9151,1.5755,0,0
0.50647275669568,9152,1.576,0,0
0.50647326345703,9153,1.5765,0,0
0.50647377003992,9154,1.577,0,0
0.50647427644436,9155,1.5775,0,0
0.50647478267034,9156,1.578,0,0
0.50647528871786,9157,1.5785,0,0
0.50647579458692,9158,1.579,0,0
0.50647630027753,9159,1.5795,0,0
0.50647680578968,9160,1.58,0,0
0.50647731112338,9161,1.5805,0,0
0.50647781627862,9162,1.581,0,0
0.50647832125541,9163,1.5815,0,0
0.50647882605375,9164,1.582,0,0
0.50647933067363,9165,1.5825,0,0
0.50647983511506,9166,1.583,0,0
0.50648033937804,9167,1.5835,0,0
0.50648084346256,9168,1.584,0,0
0.50648134736864,9169,1.5845,0,0
0.50648185109626,9170,1.585,0,0
0.50648235464544,9171,1.5855,0,0
0.50648285801617,9172,1.586,0,0
0.50648336120844,9173,1.5865,0,0
0.50648386422227,9174,1.587,0,0
0.50648436705765,9175,1.5875,0,0
0.50648486971459,9176,1.588,0,0
0.50648537219307,9177,1.5885,0,0
0.50648587449311,9178,1.589,0,0
0.50648637661471,9179,1.5895,0,0
0.50648687855786,9180,1.59,0,0
0.50648738032256,9181,1.5905,0,0
0.50648788190883,9182,1.591,0,0
0.50648838331664,9183,1.5915,0,0
0.50648888454602,9184,1.592,0,0
0.50648938559695,9185,1.5925,0,0
0.50648988646944,9186,1.593,0,0
0.50649038716348,9187,1.5935,0,0
0.50649088767909,9188,1.594,0,0
0.50649138801626,9189,1.5945,0,0
0.50649188817498,9190,1.595,0,0
0.50649238815527,9191,1.5955,0,0
0.50649288795711,9192,1.596,0,0
0.50649338758052,9193,1.5965,0,0
0.50649388702549,9194,1.597,0,0
0.50649438629203,9195,1.5975,0,0
0.50649488538012,9196,1.598,0,0
0.50649538428978,9197,1.5985,0,0
0.506495883021,9198,1.599,0,0
0.50649638157379,9199,1.5995,0,0
0.50649687994814,9200,1.6,0,0
0.50649737814406,9201,1.6005,0,0
0.50649787616154,9202,1.601,0,0
0.5064983740006,9203,1.6015,0,0
0.50649887166121,9204,1.602,0,0
0.5064993691434,9205,1.6025,0,0
0.50649986644715,9206,1.603,0,0
0.50650036357247,9207,1.6035,0,0
0.50650086051936,9208,1.604,0,0
0.50650135728782,9209,1.6045,0,0
0.50650185387786,9210,1.605,0,0
0.50650235028946,9211,1.6055,0,0
0.50650284652263,9212,1.606,0,0
0.50650334257737,9213,1.6065,0,0
0.50650383845369,9214,1.607,0,0
0.50650433415158,9215,1.6075,0,0
0.50650482967104,9216,1.608,0,0
0.50650532501208,9217,1.6085,0,0
0.50650582017468,9218,1.609,0,0
0.50650631515887,9219,1.6095,0,0
0.50650680996463,9220,1.61,0,0
0.50650730459196,9221,1.6105,0,0
0.50650779904087,9222,1.611,0,0
0.50650829331136,9223,1.6115,0,0
0.50650878740343,9224,1.612,0,0
0.50650928131707,9225,1.6125,0,0
0.50650977505229,9226,1.613,0,0
0.50651026860909,9227,1.6135,0,0
0.50651076198747,9228,1.614,0,0
0.50651125518743,9229,1.6145,0,0
0.50651174820897,9230,1.615,0,0
0.50651224105209,9231,1.6155,0,0
0.50651273371679,9232,1.616,0,0
0.50651322620307,9233,1.6165,0,0
0.50651371851094,9234,1.617,0,0
0.50651421064039,9235,1.6175,0,0
0.50651470259142,9236,1.618,0,0
0.50651519436403,9237,1.6185,0,0
0.50651568595823,9238,1.619,0,0
0.50651617737401,9239,1.6195,0,0
0.50651666861138,9240,1.62,0,0
0.50651715967034,9241,1.6205,0,0
0.50651765055088,9242,1.621,0,0
0.50651814125301,9243,1.6215,0,0
0.50651863177672,9244,1.622,0,0
0.50651912212202,9245,1.6225,0,0
0.50651961228892,9246,1.623,0,0
0.5065201022774,9247,1.6235,0,0
0.50652059208746,9248,1.624,0,0
0.50652108171912,9249,1.6245,0,0
0.50652157117237,9250,1.625,0,0
0.50652206044721,9251,1.6255,0,0
0.50652254954365,9252,1.626,0,0
0.50652303846167,9253,1.6265,0,0
0.50652352720128,9254,1.627,0,0
0.50652401576249,9255,1.6275,0,0
0.50652450414529,9256,1.628,0,0
0.50652499234969,9257,1.6285,0,0
0.50652548037568,9258,1.629,0,0
0.50652596822326,9259,1.6295,0,0
0.50652645589244,9260,1.63,0,0
0.50652694338322,9261,1.6305,0,0
0.50652743069559,9262,1.631,0,0
0.50652791782956,9263,1.6315,0,0
0.50652840478513,9264,1.632,0,0
0.50652889156229,9265,1.6325,0,0
0.50652937816105,9266,1.633,0,0
0.50652986458141,9267,1.6335,0,0
0.50653035082337,9268,1.634,0,0
0.50653083688693,9269,1.6345,0,0
0.50653132277209,9270,1.635,0,0
0.50653180847885,9271,1.6355,0,0
0.50653229400722,9272,1.636,0,0
0.50653277935718,9273,1.6365,0,0
0.50653326452875,9274,1.637,0,0
0.50653374952191,9275,1.6375,0,0
0.50653423433669,9276,1.638,0,0
0.50653471897306,9277,1.6385,0,0
0.50653520343104,9278,1.639,0,0
0.50653568771063,9279,1.6395,0,0
0.50653617181182,9280,1.64,0,0
0.50653665573461,9281,1.6405,0,0
0.50653713947902,9282,1.641,0,0
0.50653762304503,9283,1.6415,0,0
0.50653810643264,9284,1.642,0,0
0.50653858964187,9285,1.6425,0,0
0.5065390726727,9286,1.643,0,0
0.50653955552514,9287,1.6435,0,0
0.50654003819919,9288,1.644,0,0
0.50654052069485,9289,1.6445,0,0
0.50654100301212,9290,1.645,0,0
0.506541485151,9291,1.6455,0,0
0.50654196711149,9292,1.646,0,0
0.50654244889359,9293,1.6465,0,0
0.50654293049731,9294,1.647,0,0
0.50654341192264,9295,1.6475,0,0
0.50654389316958,9296,1.648,0,0
0.50654437423813,9297,1.6485,0,0
0.5065448551283,9298,1.649,0,0
0.50654533584009,9299,1.6495,0,0
0.50654581637349,9300,1.65,0,0
0.5065462967285,9301,1.6505,0,0
0.50654677690513,9302,1.651,0,0
0.50654725690338,9303,1.6515,0,0
0.50654773672324,9304,1.652,0,0
0.50654821636473,9305,1.6525,0,0
0.50654869582783,9306,1.653,0,0
0.50654917511254,9307,1.6535,0,0
0.50654965421888,9308,1.654,0,0
0.50655013314684,9309,1.6545,0,0
0.50655061189642,9310,1.655,0,0
0.50655109046761,9311,1.6555,0,0
0.50655156886043,9312,1.656,0,0
0.50655204707487,9313,1.6565,0,0
0.50655252511093,9314,1.657,0,0
0.50655300296862,9315,1.6575,0,0
0.50655348064793,9316,1.658,0,0
0.50655395814886,9317,1.6585,0,0
0.50655443547141,9318,1.659,0,0
0.50655491261559,9319,1.6595,0,0
0.5065553895814,9320,1.66,0,0
0.50655586636883,9321,1.6605,0,0
0.50655634297788,9322,1.661,0,0
0.50655681940856,9323,1.6615,0,0
0.50655729566087,9324,1.662,0,0
0.50655777173481,9325,1.6625,0,0
0.50655824763037,9326,1.663,0,0
0.50655872334757,9327,1.6635,0,0
0.50655919888639,9328,1.664,0,0
0.50655967424684,9329,1.6645,0,0
0.50656014942892,9330,1.665,0,0
0.50656062443263,9331,1.6655,0,0
0.50656109925797,9332,1.666,0,0
0.50656157390494,9333,1.6665,0,0
0.50656204837355,9334,1.667,0,0
0.50656252266379,9335,1.6675,0,0
0.50656299677566,9336,1.668,0,0
0.50656347070916,9337,1.6685,0,0
0.50656394446429,9338,1.669,0,0
0.50656441804107,9339,1.6695,0,0
0.50656489143947,9340,1.67,0,0
0.50656536465951,9341,1.6705,0,0
0.50656583770119,9342,1.671,0,0
0.5065663105645,9343,1.6715,0,0
0.50656678324945,9344,1.672,0,0
0.50656725575603,9345,1.6725,0,0
0.50656772808426,9346,1.673,0,0
0.50656820023412,9347,1.6735,0,0
0.50656867220562,9348,1.674,0,0
0.50656914399876,9349,1.6745,0,0
0.50656961561354,9350,1.675,0,0
0.50657008704995,9351,1.6755,0,0
0.50657055830801,9352,1.676,0,0
0.50657102938771,9353,1.6765,0,0
0.50657150028905,9354,1.677,0,0
0.50657197101204,9355,1.6775,0,0
0.50657244155666,9356,1.678,0,0
0.50657291192293,9357,1.6785,0,0
0.50657338211084,9358,1.679,0,0
0.5065738521204,9359,1.6795,0,0
0.5065743219516,9360,1.68,0,0
0.50657479160444,9361,1.6805,0,0
0.50657526107893,9362,1.681,0,0
0.50657573037507,9363,1.6815,0,0
0.50657619949285,9364,1.682,0,0
0.50657666843228,9365,1.6825,0,0
0.50657713719335,9366,1.683,0,0
0.50657760577608,9367,1.6835,0,0
0.50657807418045,9368,1.684,0,0
0.50657854240647,9369,1.6845,0,0
0.50657901045414,9370,1.685,0,0
0.50657947832346,9371,1.6855,0,0
0.50657994601443,9372,1.686,0,0
0.50658041352705,9373,1.6865,0,0
0.50658088086132,9374,1.687,0,0
0.50658134801724,9375,1.6875,0,0
0.50658181499481,9376,1.688,0,0
0.50658228179404,9377,1.6885,0,0
0.50658274841492,9378,1.689,0,0
0.50658321485745,9379,1.6895,0,0
0.50658368112164,9380,1.69,0,0
0.50658414720748,9381,1.6905,0,0
0.50658461311498,9382,1.691,0,0
0.50658507884413,9383,1.6915,0,0
0.50658554439494,9384,1.692,0,0
0.5065860097674,9385,1.6925,0,0
0.50658647496152,9386,1.693,0,0
0.5065869399773,9387,1.6935,0,0
0.50658740481473,9388,1.694,0,0
0.50658786947383,9389,1.6945,0,0
0.50658833395458,9390,1.695,0,0
0.50658879825699,9391,1.6955,0,0
0.50658926238106,9392,1.696,0,0
0.50658972632679,9393,1.6965,0,0
0.50659019009418,9394,1.697,0,0
0.50659065368323,9395,1.6975,0,0
0.50659111709395,9396,1.698,0,0
0.50659158032632,9397,1.6985,0,0
0.50659204338036,9398,1.699,0,0
0.50659250625606,9399,1.6995,0,0
0.50659296895343,9400,1.7,0,0
0.50659343147246,9401,1.7005,0,0
0.50659389381315,9402,1.701,0,0
0.50659435597551,9403,1.7015,0,0
0.50659481795953,9404,1.702,0,0
0.50659527976522,9405,1.7025,0,0
0.50659574139258,9406,1.703,0,0
0.5065962028416,9407,1.7035,0,0
0.50659666411229,9408,1.704,0,0
0.50659712520464,9409,1.7045,0,0
0.50659758611867,9410,1.705,0,0
0.50659804685436,9411,1.7055,0,0
0.50659850741172,9412,1.706,0,0
0.50659896779076,9413,1.7065,0,0
0.50659942799146,9414,1.707,0,0
0.50659988801383,9415,1.7075,0,0
0.50660034785787,9416,1.708,0,0
0.50660080752359,9417,1.7085,0,0
0.50660126701098,9418,1.709,0,0
0.50660172632004,9419,1.7095,0,0
0.50660218545077,9420,1.71,0,0
0.50660264440317,9421,1.7105,0,0
0.50660310317725,9422,1.711,0,0
0.50660356177301,9423,1.7115,0,0
0.50660402019043,9424,1.712,0,0
0.50660447842954,9425,1.7125,0,0
0.50660493649032,9426,1.713,0,0
0.50660539437277,9427,1.7135,0,0
0.5066058520769,9428,1.714,0,0
0.50660630960271,9429,1.7145,0,0
0.5066067669502,9430,1.715,0,0
0.50660722411936,9431,1.7155,0,0
0.50660768111021,9432,1.716,0,0
0.50660813792273,9433,1.7165,0,0
0.50660859455693,9434,1.717,0,0
0.50660905101281,9435,1.7175,0,0
0.50660950729037,9436,1.718,0,0
0.50660996338961,9437,1.7185,0,0
0.50661041931054,9438,1.719,0,0
0.50661087505314,9439,1.7195,0,0
0.50661133061743,9440,1.72,0,0
0.5066117860034,9441,1.7205,0,0
0.50661224121105,9442,1.721,0,0
0.50661269624039,9443,1.7215,0,0
0.50661315109141,9444,1.722,0,0
0.50661360576412,9445,1.7225,0,0
0.50661406025851,9446,1.723,0,0
0.50661451457458,9447,1.7235,0,0
0.50661496871235,9448,1.724,0,0
0.50661542267179,9449,1.7245,0,0
0.50661587645293,9450,1.725,0,0
0.50661633005575,9451,1.7255,0,0
0.50661678348026,9452,1.726,0,0
0.50661723672646,9453,1.7265,0,0
0.50661768979435,9454,1.727,0,0
0.50661814268392,9455,1.7275,0,0
0.50661859539519,9456,1.728,0,0
0.50661904792815,9457,1.7285,0,0
0.50661950028279,9458,1.729,0,0
0.50661995245913,9459,1.7295,0,0
0.50662040445716,9460,1.73,0,0
0.50662085627688,9461,1.7305,0,0
0.5066213079183,9462,1.731,0,0
0.5066217593814,9463,1.7315,0,0
0.5066222106662,9464,1.732,0,0
0.5066226617727,9465,1.7325,0,0
0.50662311270088,9466,1.733,0,0
0.50662356345077,9467,1.7335,0,0
0.50662401402234,9468,1.734,0,0
0.50662446441562,9469,1.7345,0,0
0.50662491463059,9470,1.735,0,0
0.50662536466725,9471,1.7355,0,0
0.50662581452562,9472,1.736,0,0
0.50662626420568,9473,1.7365,0,0
0.50662671370744,9474,1.737,0,0
0.50662716303089,9475,1.7375,0,0
0.50662761217605,9476,1.738,0,0
0.50662806114291,9477,1.7385,0,0
0.50662850993146,9478,1.739,0,0
0.50662895854172,9479,1.7395,0,0
0.50662940697367,9480,1.74,0,0
0.50662985522733,9481,1.7405,0,0
0.50663030330269,9482,1.741,0,0
0.50663075119975,9483,1.7415,0,0
0.50663119891851,9484,1.742,0,0
0.50663164645898,9485,1.7425,0,0
0.50663209382115,9486,1.743,0,0
0.50663254100503,9487,1.7435,0,0
0.5066329880106,9488,1.744,0,0
0.50663343483789,9489,1.7445,0,0
0.50663388148688,9490,1.745,0,0
0.50663432795757,9491,1.7455,0,0
0.50663477424997,9492,1.746,0,0
0.50663522036408,9493,1.7465,0,0
0.50663566629989,9494,1.747,0,0
0.50663611205741,9495,1.7475,0,0
0.50663655763664,9496,1.748,0,0
0.50663700303758,9497,1.7485,0,0
0.50663744826023,9498,1.749,0,0
0.50663789330459,9499,1.7495,0,0
0.50663833817065,9500,1.75,0,0
0.50663878285843,9501,1.7505,0,0
0.50663922736792,9502,1.751,0,0
0.50663967169912,9503,1.7515,0,0
0.50664011585203,9504,1.752,0,0
0.50664055982665,9505,1.7525,0,0
0.50664100362299,9506,1.753,0,0
0.50664144724104,9507,1.7535,0,0
0.5066418906808,9508,1.754,0,0
0.50664233394227,9509,1.7545,0,0
0.50664277702546,9510,1.755,0,0
0.50664321993037,9511,1.7555,0,0
0.50664366265699,9512,1.756,0,0
0.50664410520533,9513,1.7565,0,0
0.50664454757538,9514,1.757,0,0
0.50664498976715,9515,1.7575,0,0
0.50664543178063,9516,1.758,0,0
0.50664587361584,9517,1.7585,0,0
0.50664631527276,9518,1.759,0,0
0.5066467567514,9519,1.7595,0,0
0.50664719805176,9520,1.76,0,0
0.50664763917384,9521,1.7605,0,0
0.50664808011764,9522,1.761,0,0
0.50664852088316,9523,1.7615,0,0
0.50664896147039,9524,1.762,0,0
0.50664940187936,9525,1.7625,0,0
0.50664984211004,9526,1.763,0,0
0.50665028216244,9527,1.7635,0,0
0.50665072203657,9528,1.764,0,0
0.50665116173242,9529,1.7645,0,0
0.50665160124999,9530,1.765,0,0
0.50665204058929,9531,1.7655,0,0
0.50665247975031,9532,1.766,0,0
0.50665291873306,9533,1.7665,0,0
0.50665335753753,9534,1.767,0,0
0.50665379616373,9535,1.7675,0,0
0.50665423461165,9536,1.768,0,0
0.5066546728813,9537,1.7685,0,0
0.50665511097268,9538,1.769,0,0
0.50665554888578,9539,1.7695,0,0
0.50665598662062,9540,1.77,0,0
0.50665642417718,9541,1.7705,0,0
0.50665686155547,9542,1.771,0,0
0.50665729875549,9543,1.7715,0,0
0.50665773577723,9544,1.772,0,0
0.50665817262071,9545,1.7725,0,0
0.50665860928592,9546,1.773,0,0
0.50665904577286,9547,1.7735,0,0
0.50665948208153,9548,1.774,0,0
0.50665991821194,9549,1.7745,0,0
0.50666035416408,9550,1.775,0,0
0.50666078993794,9551,1.7755,0,0
0.50666122553355,9552,1.776,0,0
0.50666166095088,9553,1.7765,0,0
0.50666209618995,9554,1.777,0,0
0.50666253125076,9555,1.7775,0,0
0.5066629661333,9556,1.778,0,0
0.50666340083758,9557,1.7785,0,0
0.50666383536359,9558,1.779,0,0
0.50666426971134,9559,1.7795,0,0
0.50666470388082,9560,1.78,0,0
0.50666513787204,9561,1.7805,0,0
0.506665571685,9562,1.781,0,0
0.5066660053197,9563,1.7815,0,0
0.50666643877614,9564,1.782,0,0
0.50666687205431,9565,1.7825,0,0
0.50666730515423,9566,1.783,0,0
0.50666773807588,9567,1.7835,0,0
0.50666817081928,9568,1.784,0,0
0.50666860338442,9569,1.7845,0,0
0.5066690357713,9570,1.785,0,0
0.50666946797992,9571,1.7855,0,0
0.50666990001028,9572,1.786,0,0
0.50667033186238,9573,1.7865,0,0
0.50667076353623,9574,1.787,0,0
0.50667119503182,9575,1.7875,0,0
0.50667162634916,9576,1.788,0,0
0.50667205748823,9577,1.7885,0,0
0.50667248844906,9578,1.789,0,0
0.50667291923163,9579,1.7895,0,0
0.50667334983594,9580,1.79,0,0
0.506673780262,9581,1.7905,0,0
0.50667421050981,9582,1.791,0,0
0.50667464057937,9583,1.7915,0,0
0.50667507047067,9584,1.792,0,0
0.50667550018372,9585,1.7925,0,0
0.50667592971852,9586,1.793,0,0
0.50667635907507,9587,1.7935,0,0
0.50667678825336,9588,1.794,0,0
0.50667721725341,9589,1.7945,0,0
0.50667764607521,9590,1.795,0,0
0.50667807471875,9591,1.7955,0,0
0.50667850318405,9592,1.796,0,0
0.5066789314711,9593,1.7965,0,0
0.5066793595799,9594,1.797,0,0
0.50667978751045,9595,1.7975,0,0
0.50668021526276,9596,1.798,0,0
0.50668064283682,9597,1.7985,0,0
0.50668107023263,9598,1.799,0,0
0.5066814974502,9599,1.7995,0,0
0.50668192448952,9600,1.8,0,0
0.5066823513506,9601,1.8005,0,0
0.50668277803343,9602,1.801,0,0
0.50668320453802,9603,1.8015,0,0
0.50668363086436,9604,1.802,0,0
0.50668405701246,9605,1.8025,0,0
0.50668448298232,9606,1.803,0,0
0.50668490877394,9607,1.8035,0,0
0.50668533438731,9608,1.804,0,0
0.50668575982244,9609,1.8045,0,0
0.50668618507933,9610,1.805,0,0
0.50668661015798,9611,1.8055,0,0
0.50668703505839,9612,1.806,0,0
0.50668745978056,9613,1.8065,0,0
0.50668788432449,9614,1.807,0,0
0.50668830869018,9615,1.8075,0,0
0.50668873287763,9616,1.808,0,0
0.50668915688685,9617,1.8085,0,0
0.50668958071783,9618,1.809,0,0
0.50669000437057,9619,1.8095,0,0
0.50669042784507,9620,1.81,0,0
0.50669085114133,9621,1.8105,0,0
0.50669127425937,9622,1.811,0,0
0.50669169719916,9623,1.8115,0,0
0.50669211996072,9624,1.812,0,0
0.50669254254405,9625,1.8125,0,0
0.50669296494914,9626,1.813,0,0
0.50669338717599,9627,1.8135,0,0
0.50669380922462,9628,1.814,0,0
0.50669423109501,9629,1.8145,0,0
0.50669465278717,9630,1.815,0,0
0.50669507430109,9631,1.8155,0,0
0.50669549563679,9632,1.816,0,0
0.50669591679425,9633,1.8165,0,0
0.50669633777349,9634,1.817,0,0
0.50669675857449,9635,1.8175,0,0
0.50669717919726,9636,1.818,0,0
0.5066975996418,9637,1.8185,0,0
0.50669801990812,9638,1.819,0,0
0.5066984399962,9639,1.8195,0,0
0.50669885990606,9640,1.82,0,0
0.50669927963769,9641,1.8205,0,0
0.50669969919109,9642,1.821,0,0
0.50670011856627,9643,1.8215,0,0
0.50670053776322,9644,1.822,0,0
0.50670095678194,9645,1.8225,0,0
0.50670137562244,9646,1.823,0,0
0.50670179428471,9647,1.8235,0,0
0.50670221276876,9648,1.824,0,0
0.50670263107458,9649,1.8245,0,0
0.50670304920218,9650,1.825,0,0
0.50670346715156,9651,1.8255,0,0
0.50670388492271,9652,1.826,0,0
0.50670430251564,9653,1.8265,0,0
0.50670471993035,9654,1.827,0,0
0.50670513716683,9655,1.8275,0,0
0.5067055542251,9656,1.828,0,0
0.50670597110514,9657,1.8285,0,0
0.50670638780696,9658,1.829,0,0
0.50670680433057,9659,1.8295,0,0
0.50670722067595,9660,1.83,0,0
0.50670763684312,9661,1.8305,0,0
0.50670805283206,9662,1.831,0,0
0.50670846864279,9663,1.8315,0,0
0.5067088842753,9664,1.832,0,0
0.50670929972959,9665,1.8325,0,0
0.50670971500567,9666,1.833,0,0
0.50671013010352,9667,1.8335,0,0
0.50671054502317,9668,1.834,0,0
0.50671095976459,9669,1.8345,0,0
0.5067113743278,9670,1.835,0,0
0.5067117887128,9671,1.8355,0,0
0.50671220291958,9672,1.836,0,0
0.50671261694815,9673,1.8365,0,0
0.5067130307985,9674,1.837,0,0
0.50671344447064,9675,1.8375,0,0
0.50671385796457,9676,1.838,0,0
0.50671427128029,9677,1.8385,0,0
0.50671468441779,9678,1.839,0,0
0.50671509737708,9679,1.8395,0,0
0.50671551015816,9680,1.84,0,0
0.50671592276103,9681,1.8405,0,0
0.50671633518569,9682,1.841,0,0
0.50671674743214,9683,1.8415,0,0
0.50671715950038,9684,1.842,0,0
0.50671757139041,9685,1.8425,0,0
0.50671798310224,9686,1.843,0,0
0.50671839463585,9687,1.8435,0,0
0.50671880599126,9688,1.844,0,0
0.50671921716846,9689,1.8445,0,0
0.50671962816745,9690,1.845,0,0
0.50672003898824,9691,1.8455,0,0
0.50672044963082,9692,1.846,0,0
0.50672086009519,9693,1.8465,0,0
0.50672127038136,9694,1.847,0,0
0.50672168048932,9695,1.8475,0,0
0.50672209041908,9696,1.848,0,0
0.50672250017064,9697,1.8485,0,0
0.50672290974399,9698,1.849,0,0
0.50672331913914,9699,1.8495,0,0
0.50672372835609,9700,1.85,0,0
0.50672413739483,9701,1.8505,0,0
0.50672454625537,9702,1.851,0,0
0.50672495493771,9703,1.8515,0,0
0.50672536344185,9704,1.852,0,0
0.50672577176779,9705,1.8525,0,0
0.50672617991553,9706,1.853,0,0
0.50672658788507,9707,1.8535,0,0
0.50672699567641,9708,1.854,0,0
0.50672740328955,9709,1.8545,0,0
0.50672781072449,9710,1.855,0,0
0.50672821798124,9711,1.8555,0,0
0.50672862505978,9712,1.856,0,0
0.50672903196013,9713,1.8565,0,0
0.50672943868228,9714,1.857,0,0
0.50672984522624,9715,1.8575,0,0
0.506730251592,9716,1.858,0,0
0.50673065777956,9717,1.8585,0,0
0.50673106378893,9718,1.859,0,0
0.50673146962011,9719,1.8595,0,0
0.50673187527309,9720,1.86,0,0
0.50673228074787,9721,1.8605,0,0
0.50673268604446,9722,1.861,0,0
0.50673309116286,9723,1.8615,0,0
0.50673349610307,9724,1.862,0,0
0.50673390086508,9725,1.8625,0,0
0.50673430544891,9726,1.863,0,0
0.50673470985454,9727,1.8635,0,0
0.50673511408198,9728,1.864,0,0
0.50673551813122,9729,1.8645,0,0
0.50673592200228,9730,1.865,0,0
0.50673632569515,9731,1.8655,0,0
0.50673672920983,9732,1.866,0,0
0.50673713254632,9733,1.8665,0,0
0.50673753570462,9734,1.867,0,0
0.50673793868474,9735,1.8675,0,0
0.50673834148666,9736,1.868,0,0
0.5067387441104,9737,1.8685,0,0
0.50673914655595,9738,1.869,0,0
0.50673954882332,9739,1.8695,0,0
0.5067399509125,9740,1.87,0,0
0.50674035282349,9741,1.8705,0,0
0.5067407545563,9742,1.871,0,0
0.50674115611092,9743,1.8715,0,0
0.50674155748736,9744,1.872,0,0
0.50674195868561,9745,1.8725,0,0
0.50674235970569,9746,1.873,0,0
0.50674276054757,9747,1.8735,0,0
0.50674316121128,9748,1.874,0,0
0.5067435616968,9749,1.8745,0,0
0.50674396200414,9750,1.875,0,0
0.5067443621333,9751,1.8755,0,0
0.50674476208428,9752,1.876,0,0
0.50674516185707,9753,1.8765,0,0
0.50674556145169,9754,1.877,0,0
0.50674596086813,9755,1.8775,0,0
0.50674636010638,9756,1.878,0,0
0.50674675916646,9757,1.8785,0,0
0.50674715804836,9758,1.879,0,0
0.50674755675208,9759,1.8795,0,0
0.50674795527762,9760,1.88,0,0
0.50674835362499,9761,1.8805,0,0
0.50674875179418,9762,1.881,0,0
0.50674914978519,9763,1.8815,0,0
0.50674954759802,9764,1.882,0,0
0.50674994523268,9765,1.8825,0,0
0.50675034268917,9766,1.883,0,0
0.50675073996748,9767,1.8835,0,0
0.50675113706761,9768,1.884,0,0
0.50675153398957,9769,1.8845,0,0
0.50675193073336,9770,1.885,0,0
0.50675232729897,9771,1.8855,0,0
0.50675272368641,9772,1.886,0,0
0.50675311989567,9773,1.8865,0,0
0.50675351592677,9774,1.887,0,0
0.50675391177969,9775,1.8875,0,0
0.50675430745444,9776,1.888,0,0
0.50675470295102,9777,1.8885,0,0
0.50675509826943,9778,1.889,0,0
0.50675549340967,9779,1.8895,0,0
0.50675588837174,9780,1.89,0,0
0.50675628315564,9781,1.8905,0,0
0.50675667776137,9782,1.891,0,0
0.50675707218894,9783,1.8915,0,0
0.50675746643833,9784,1.892,0,0
0.50675786050956,9785,1.8925,0,0
0.50675825440262,9786,1.893,0,0
0.50675864811751,9787,1.8935,0,0
0.50675904165424,9788,1.894,0,0
0.5067594350128,9789,1.8945,0,0
0.50675982819319,9790,1.895,0,0
0.50676022119542,9791,1.8955,0,0
0.50676061401948,9792,1.896,0,0
0.50676100666538,9793,1.8965,0,0
0.50676139913311,9794,1.897,0,0
0.50676179142269,9795,1.8975,0,0
0.50676218353409,9796,1.898,0,0
0.50676257546734,9797,1.8985,0,0
0.50676296722242,9798,1.899,0,0
0.50676335879934,9799,1.8995,0,0
0.5067637501981,9800,1.9,0,0
0.5067641414187,9801,1.9005,0,0
0.50676453246113,9802,1.901,0,0
0.50676492332541,9803,1.9015,0,0
0.50676531401152,9804,1.902,0,0
0.50676570451948,9805,1.9025,0,0
0.50676609484927,9806,1.903,0,0
0.50676648500091,9807,1.9035,0,0
0.50676687497439,9808,1.904,0,0
0.50676726476971,9809,1.9045,0,0
0.50676765438687,9810,1.905,0,0
0.50676804382588,9811,1.9055,0,0
0.50676843308673,9812,1.906,0,0
0.50676882216942,9813,1.9065,0,0
0.50676921107395,9814,1.907,0,0
0.50676959980033,9815,1.9075,0,0
0.50676998834856,9816,1.908,0,0
0.50677037671863,9817,1.9085,0,0
0.50677076491054,9818,1.909,0,0
0.5067711529243,9819,1.9095,0,0
0.50677154075991,9820,1.91,0,0
0.50677192841736,9821,1.9105,0,0
0.50677231589666,9822,1.911,0,0
0.50677270319781,9823,1.9115,0,0
0.50677309032081,9824,1.912,0,0
0.50677347726565,9825,1.9125,0,0
0.50677386403234,9826,1.913,0,0
0.50677425062089,9827,1.9135,0,0
0.50677463703128,9828,1.914,0,0
0.50677502326352,9829,1.9145,0,0
0.50677540931761,9830,1.915,0,0
0.50677579519355,9831,1.9155,0,0
0.50677618089134,9832,1.916,0,0
0.50677656641099,9833,1.9165,0,0
0.50677695175248,9834,1.917,0,0
0.50677733691583,9835,1.9175,0,0
0.50677772190103,9836,1.918,0,0
0.50677810670808,9837,1.9185,0,0
0.50677849133699,9838,1.919,0,0
0.50677887578775,9839,1.9195,0,0
0.50677926006036,9840,1.92,0,0
0.50677964415483,9841,1.9205,0,0
0.50678002807116,9842,1.921,0,0
0.50678041180934,9843,1.9215,0,0
0.50678079536937,9844,1.922,0,0
0.50678117875126,9845,1.9225,0,0
0.50678156195501,9846,1.923,0,0
0.50678194498061,9847,1.9235,0,0
0.50678232782808,9848,1.924,0,0
0.50678271049739,9849,1.9245,0,0
0.50678309298857,9850,1.925,0,0
0.50678347530161,9851,1.9255,0,0
0.5067838574365,9852,1.926,0,0
0.50678423939326,9853,1.9265,0,0
0.50678462117187,9854,1.927,0,0
0.50678500277234,9855,1.9275,0,0
0.50678538419468,9856,1.928,0,0
0.50678576543887,9857,1.9285,0,0
0.50678614650492,9858,1.929,0,0
0.50678652739284,9859,1.9295,0,0
0.50678690810262,9860,1.93,0,0
0.50678728863426,9861,1.9305,0,0
0.50678766898777,9862,1.931,0,0
0.50678804916313,9863,1.9315,0,0
0.50678842916036,9864,1.932,0,0
0.50678880897946,9865,1.9325,0,0
0.50678918862042,9866,1.933,0,0
0.50678956808324,9867,1.9335,0,0
0.50678994736793,9868,1.934,0,0
0.50679032647448,9869,1.9345,0,0
0.5067907054029,9870,1.935,0,0
0.50679108415319,9871,1.9355,0,0
0.50679146272534,9872,1.936,0,0
0.50679184111936,9873,1.9365,0,0
0.50679221933525,9874,1.937,0,0
0.506792597373,9875,1.9375,0,0
0.50679297523263,9876,1.938,0,0
0.50679335291412,9877,1.9385,0,0
0.50679373041748,9878,1.939,0,0
0.50679410774271,9879,1.9395,0,0
0.50679448488981,9880,1.94,0,0
0.50679486185878,9881,1.9405,0,0
0.50679523864962,9882,1.941,0,0
0.50679561526233,9883,1.9415,0,0
0.50679599169691,9884,1.942,0,0
0.50679636795337,9885,1.9425,0,0
0.50679674403169,9886,1.943,0,0
0.50679711993189,9887,1.9435,0,0
0.50679749565396,9888,1.944,0,0
0.5067978711979,9889,1.9445,0,0
0.50679824656372,9890,1.945,0,0
0.50679862175141,9891,1.9455,0,0
0.50679899676098,9892,1.946,0,0
0.50679937159242,9893,1.9465,0,0
0.50679974624574,9894,1.947,0,0
0.50680012072093,9895,1.9475,0,0
0.50680049501799,9896,1.948,0,0
0.50680086913694,9897,1.9485,0,0
0.50680124307776,9898,1.949,0,0
0.50680161684045,9899,1.9495,0,0
0.50680199042503,9900,1.95,0,0
0.50680236383148,9901,1.9505,0,0
0.50680273705981,9902,1.951,0,0
0.50680311011002,9903,1.9515,0,0
0.50680348298211,9904,1.952,0,0
0.50680385567607,9905,1.9525,0,0
0.50680422819192,9906,1.953,0,0
0.50680460052965,9907,1.9535,0,0
0.50680497268925,9908,1.954,0,0
0.50680534467074,9909,1.9545,0,0
0.50680571647411,9910,1.955,0,0
0.50680608809936,9911,1.9555,0,0
0.50680645954649,9912,1.956,0,0
0.50680683081551,9913,1.9565,0,0
0.50680720190641,9914,1.957,0,0
0.50680757281919,9915,1.9575,0,0
0.50680794355385,9916,1.958,0,0
0.5068083141104,9917,1.9585,0,0
0.50680868448883,9918,1.959,0,0
0.50680905468915,9919,1.9595,0,0
0.50680942471135,9920,1.96,0,0
0.50680979455544,9921,1.9605,0,0
0.50681016422141,9922,1.961,0,0
0.50681053370927,9923,1.9615,0,0
0.50681090301902,9924,1.962,0,0
0.50681127215065,9925,1.9625,0,0
0.50681164110417,9926,1.963,0,0
0.50681200987958,9927,1.9635,0,0
0.50681237847687,9928,1.964,0,0
0.50681274689605,9929,1.9645,0,0
0.50681311513713,9930,1.965,0,0
0.50681348320009,9931,1.9655,0,0
0.50681385108494,9932,1.966,0,0
0.50681421879168,9933,1.9665,0,0
0.50681458632031,9934,1.967,0,0
0.50681495367083,9935,1.9675,0,0
0.50681532084325,9936,1.968,0,0
0.50681568783755,9937,1.9685,0,0
0.50681605465375,9938,1.969,0,0
0.50681642129184,9939,1.9695,0,0
0.50681678775182,9940,1.97,0,0
0.50681715403369,9941,1.9705,0,0
0.50681752013746,9942,1.971,0,0
0.50681788606312,9943,1.9715,0,0
0.50681825181067,9944,1.972,0,0
0.50681861738012,9945,1.9725,0,0
0.50681898277147,9946,1.973,0,0
0.50681934798471,9947,1.9735,0,0
0.50681971301984,9948,1.974,0,0
0.50682007787687,9949,1.9745,0,0
0.5068204425558,9950,1.975,0,0
0.50682080705662,9951,1.9755,0,0
0.50682117137934,9952,1.976,0,0
0.50682153552396,9953,1.9765,0,0
0.50682189949048,9954,1.977,0,0
0.50682226327889,9955,1.9775,0,0
0.5068226268892,9956,1.978,0,0
0.50682299032141,9957,1.9785,0,0
0.50682335357552,9958,1.979,0,0
0.50682371665153,9959,1.9795,0,0
0.50682407954944,9960,1.98,0,0
0.50682444226925,9961,1.9805,0,0
0.50682480481096,9962,1.981,0,0
0.50682516717458,9963,1.9815,0,0
0.50682552936009,9964,1.982,0,0
0.5068258913675,9965,1.9825,0,0
0.50682625319682,9966,1.983,0,0
0.50682661484804,9967,1.9835,0,0
0.50682697632117,9968,1.984,0,0
0.50682733761619,9969,1.9845,0,0
0.50682769873312,9970,1.985,0,0
0.50682805967196,9971,1.9855,0,0
0.50682842043269,9972,1.986,0,0
0.50682878101534,9973,1.9865,0,0
0.50682914141989,9974,1.987,0,0
0.50682950164634,9975,1.9875,0,0
0.5068298616947,9976,1.988,0,0
0.50683022156497,9977,1.9885,0,0
0.50683058125714,9978,1.989,0,0
0.50683094077122,9979,1.9895,0,0
0.50683130010721,9980,1.99,0,0
0.5068316592651,9981,1.9905,0,0
0.50683201824491,9982,1.991,0,0
0.50683237704662,9983,1.9915,0,0
0.50683273567024,9984,1.992,0,0
0.50683309411577,9985,1.9925,0,0
0.50683345238321,9986,1.993,0,0
0.50683381047256,9987,1.9935,0,0
0.50683416838382,9988,1.994,0,0
0.50683452611699,9989,1.9945,0,0
0.50683488367207,9990,1.995,0,0
0.50683524104906,9991,1.9955,0,0
0.50683559824796,9992,1.996,0,0
0.50683595526878,9993,1.9965,0,0
0.50683631211151,9994,1.997,0,0
0.50683666877615,9995,1.9975,0,0
0.50683702526271,9996,1.998,0,0
0.50683738157118,9997,1.9985,0,0
0.50683773770156,9998,1.999,0,0
0.50683809365386,9999,1.9995,0,0
0.50683844942807,10000,2,0,0
0.50683880502419,10001,2.0005,0,0
0.50683916044224,10002,2.001,0,0
0.50683951568219,10003,2.0015,0,0
0.50683987074407,10004,2.002,0,0
0.50684022562786,10005,2.0025,0,0
0.50684058033357,10006,2.003,0,0
0.50684093486119,10007,2.0035,0,0
0.50684128921073,10008,2.004,0,0
0.50684164338219,10009,2.0045,0,0
0.50684199737557,10010,2.005,0,0
0.50684235119087,10011,2.0055,0,0
0.50684270482809,10012,2.006,0,0
0.50684305828722,10013,2.0065,0,0
0.50684341156828,10014,2.007,0,0
0.50684376467125,10015,2.0075,0,0
0.50684411759615,10016,2.008,0,0
0.50684447034297,10017,2.0085,0,0
0.50684482291171,10018,2.009,0,0
0.50684517530237,10019,2.0095,0,0
0.50684552751495,10020,2.01,0,0
0.50684587954945,10021,2.0105,0,0
0.50684623140588,10022,2.011,0,0
0.50684658308423,10023,2.0115,0,0
0.5068469345845,10024,2.012,0,0
0.5068472859067,10025,2.0125,0,0
0.50684763705082,10026,2.013,0,0
0.50684798801686,10027,2.0135,0,0
0.50684833880483,10028,2.014,0,0
0.50684868941473,10029,2.0145,0,0
0.50684903984655,10030,2.015,0,0
0.5068493901003,10031,2.0155,0,0
0.50684974017597,10032,2.016,0,0
0.50685009007357,10033,2.0165,0,0
0.5068504397931,10034,2.017,0,0
0.50685078933455,10035,2.0175,0,0
0.50685113869793,10036,2.018,0,0
0.50685148788324,10037,2.0185,0,0
0.50685183689048,10038,2.019,0,0
0.50685218571965,10039,2.0195,0,0
0.50685253437074,10040,2.02,0,0
0.50685288284377,10041,2.0205,0,0
0.50685323113872,10042,2.021,0,0
0.50685357925561,10043,2.0215,0,0
0.50685392719443,10044,2.022,0,0
0.50685427495517,10045,2.0225,0,0
0.50685462253785,10046,2.023,0,0
0.50685496994246,10047,2.0235,0,0
0.506855317169,10048,2.024,0,0
0.50685566421747,10049,2.0245,0,0
0.50685601108788,10050,2.025,0,0
0.50685635778022,10051,2.0255,0,0
0.50685670429449,10052,2.026,0,0
0.5068570506307,10053,2.0265,0,0
0.50685739678884,10054,2.027,0,0
0.50685774276892,10055,2.0275,0,0
0.50685808857093,10056,2.028,0,0
0.50685843419487,10057,2.0285,0,0
0.50685877964075,10058,2.029,0,0
0.50685912490857,10059,2.0295,0,0
0.50685946999832,10060,2.03,0,0
0.50685981491001,10061,2.0305,0,0
0.50686015964364,10062,2.031,0,0
0.5068605041992,10063,2.0315,0,0
0.5068608485767,10064,2.032,0,0
0.50686119277614,10065,2.0325,0,0
0.50686153679752,10066,2.033,0,0
0.50686188064083,10067,2.0335,0,0
0.50686222430609,10068,2.034,0,0
0.50686256779328,10069,2.0345,0,0
0.50686291110242,10070,2.035,0,0
0.50686325423349,10071,2.0355,0,0
0.50686359718651,10072,2.036,0,0
0.50686393996146,10073,2.0365,0,0
0.50686428255836,10074,2.037,0,0
0.50686462497719,10075,2.0375,0,0
0.50686496721797,10076,2.038,0,0
0.5068653092807,10077,2.0385,0,0
0.50686565116536,10078,2.039,0,0
0.50686599287197,10079,2.0395,0,0
0.50686633440052,10080,2.04,0,0
0.50686667575101,10081,2.0405,0,0
0.50686701692345,10082,2.041,0,0
0.50686735791783,10083,2.0415,0,0
0.50686769873416,10084,2.042,0,0
0.50686803937243,10085,2.0425,0,0
0.50686837983265,10086,2.043,0,0
0.50686872011481,10087,2.0435,0,0
0.50686906021892,10088,2.044,0,0
0.50686940014498,10089,2.0445,0,0
0.50686973989298,10090,2.045,0,0
0.50687007946293,10091,2.0455,0,0
0.50687041885482,10092,2.046,0,0
0.50687075806867,10093,2.0465,0,0
0.50687109710446,10094,2.047,0,0
0.5068714359622,10095,2.0475,0,0
0.50687177464189,10096,2.048,0,0
0.50687211314353,10097,2.0485,0,0
0.50687245146712,10098,2.049,0,0
0.50687278961266,10099,2.0495,0,0
0.50687312758014,10100,2.05,0,0
0.50687346536958,10101,2.0505,0,0
0.50687380298097,10102,2.051,0,0
0.50687414041431,10103,2.0515,0,0
0.50687447766961,10104,2.052,0,0
0.50687481474685,10105,2.0525,0,0
0.50687515164605,10106,2.053,0,0
0.5068754883672,10107,2.0535,0,0
0.5068758249103,10108,2.054,0,0
0.50687616127535,10109,2.0545,0,0
0.50687649746236,10110,2.055,0,0
0.50687683347133,10111,2.0555,0,0
0.50687716930224,10112,2.056,0,0
0.50687750495511,10113,2.0565,0,0
0.50687784042994,10114,2.057,0,0
0.50687817572672,10115,2.0575,0,0
0.50687851084546,10116,2.058,0,0
0.50687884578616,10117,2.0585,0,0
0.50687918054881,10118,2.059,0,0
0.50687951513341,10119,2.0595,0,0
0.50687984953998,10120,2.06,0,0
0.5068801837685,10121,2.0605,0,0
0.50688051781898,10122,2.061,0,0
0.50688085169141,10123,2.0615,0,0
0.50688118538581,10124,2.062,0,0
0.50688151890217,10125,2.0625,0,0
0.50688185224048,10126,2.063,0,0
0.50688218540075,10127,2.0635,0,0
0.50688251838298,10128,2.064,0,0
0.50688285118718,10129,2.0645,0,0
0.50688318381333,10130,2.065,0,0
0.50688351626145,10131,2.0655,0,0
0.50688384853152,10132,2.066,0,0
0.50688418062356,10133,2.0665,0,0
0.50688451253756,10134,2.067,0,0
0.50688484427352,10135,2.0675,0,0
0.50688517583144,10136,2.068,0,0
0.50688550721133,10137,2.0685,0,0
0.50688583841318,10138,2.069,0,0
0.50688616943699,10139,2.0695,0,0
0.50688650028277,10140,2.07,0,0
0.50688683095051,10141,2.0705,0,0
0.50688716144021,10142,2.071,0,0
0.50688749175188,10143,2.0715,0,0
0.50688782188552,10144,2.072,0,0
0.50688815184112,10145,2.0725,0,0
0.50688848161869,10146,2.073,0,0
0.50688881121822,10147,2.0735,0,0
0.50688914063972,10148,2.074,0,0
0.50688946988319,10149,2.0745,0,0
0.50688979894862,10150,2.075,0,0
0.50689012783602,10151,2.0755,0,0
0.50689045654539,10152,2.076,0,0
0.50689078507673,10153,2.0765,0,0
0.50689111343004,10154,2.077,0,0
0.50689144160531,10155,2.0775,0,0
0.50689176960255,10156,2.078,0,0
0.50689209742177,10157,2.0785,0,0
0.50689242506295,10158,2.079,0,0
0.50689275252611,10159,2.0795,0,0
0.50689307981123,10160,2.08,0,0
0.50689340691833,10161,2.0805,0,0
0.50689373384739,10162,2.081,0,0
0.50689406059843,10163,2.0815,0,0
0.50689438717144,10164,2.082,0,0
0.50689471356643,10165,2.0825,0,0
0.50689503978338,10166,2.083,0,0
0.50689536582231,10167,2.0835,0,0
0.50689569168321,10168,2.084,0,0
0.50689601736609,10169,2.0845,0,0
0.50689634287094,10170,2.085,0,0
0.50689666819776,10171,2.0855,0,0
0.50689699334656,10172,2.086,0,0
0.50689731831733,10173,2.0865,0,0
0.50689764311008,10174,2.087,0,0
0.5068979677248,10175,2.0875,0,0
0.5068982921615,10176,2.088,0,0
0.50689861642018,10177,2.0885,0,0
0.50689894050083,10178,2.089,0,0
0.50689926440346,10179,2.0895,0,0
0.50689958812807,10180,2.09,0,0
0.50689991167465,10181,2.0905,0,0
0.50690023504321,10182,2.091,0,0
0.50690055823375,10183,2.0915,0,0
0.50690088124627,10184,2.092,0,0
0.50690120408077,10185,2.0925,0,0
0.50690152673725,10186,2.093,0,0
0.5069018492157,10187,2.0935,0,0
0.50690217151614,10188,2.094,0,0
0.50690249363856,10189,2.0945,0,0
0.50690281558296,10190,2.095,0,0
0.50690313734933,10191,2.0955,0,0
0.50690345893769,10192,2.096,0,0
0.50690378034803,10193,2.0965,0,0
0.50690410158036,10194,2.097,0,0
0.50690442263466,10195,2.0975,0,0
0.50690474351095,10196,2.098,0,0
0.50690506420922,10197,2.0985,0,0
0.50690538472947,10198,2.099,0,0
0.50690570507171,10199,2.0995,0,0
0.50690602523593,10200,2.1,0,0
0.50690634522214,10201,2.1005,0,0
0.50690666503033,10202,2.101,0,0
0.5069069846605,10203,2.1015,0,0
0.50690730411266,10204,2.102,0,0
0.50690762338681,10205,2.1025,0,0
0.50690794248294,10206,2.103,0,0
0.50690826140105,10207,2.1035,0,0
0.50690858014116,10208,2.104,0,0
0.50690889870325,10209,2.1045,0,0
0.50690921708733,10210,2.105,0,0
0.50690953529339,10211,2.1055,0,0
0.50690985332144,10212,2.106,0,0
0.50691017117148,10213,2.1065,0,0
0.50691048884351,10214,2.107,0,0
0.50691080633753,10215,2.1075,0,0
0.50691112365354,10216,2.108,0,0
0.50691144079153,10217,2.1085,0,0
0.50691175775152,10218,2.109,0,0
0.5069120745335,10219,2.1095,0,0
0.50691239113746,10220,2.11,0,0
0.50691270756342,10221,2.1105,0,0
0.50691302381137,10222,2.111,0,0
0.50691333988131,10223,2.1115,0,0
0.50691365577324,10224,2.112,0,0
0.50691397148716,10225,2.1125,0,0
0.50691428702308,10226,2.113,0,0
0.50691460238098,10227,2.1135,0,0
0.50691491756088,10228,2.114,0,0
0.50691523256278,10229,2.1145,0,0
0.50691554738667,10230,2.115,0,0
0.50691586203255,10231,2.1155,0,0
0.50691617650042,10232,2.116,0,0
0.50691649079029,10233,2.1165,0,0
0.50691680490216,10234,2.117,0,0
0.50691711883602,10235,2.1175,0,0
0.50691743259187,10236,2.118,0,0
0.50691774616973,10237,2.1185,0,0
0.50691805956957,10238,2.119,0,0
0.50691837279142,10239,2.1195,0,0
0.50691868583526,10240,2.12,0,0
0.5069189987011,10241,2.1205,0,0
0.50691931138893,10242,2.121,0,0
0.50691962389877,10243,2.1215,0,0
0.5069199362306,10244,2.122,0,0
0.50692024838443,10245,2.1225,0,0
0.50692056036026,10246,2.123,0,0
0.50692087215808,10247,2.1235,0,0
0.50692118377791,10248,2.124,0,0
0.50692149521974,10249,2.1245,0,0
0.50692180648356,10250,2.125,0,0
0.50692211756939,10251,2.1255,0,0
0.50692242847722,10252,2.126,0,0
0.50692273920705,10253,2.1265,0,0
0.50692304975888,10254,2.127,0,0
0.50692336013271,10255,2.1275,0,0
0.50692367032854,10256,2.128,0,0
0.50692398034638,10257,2.1285,0,0
0.50692429018621,10258,2.129,0,0
0.50692459984806,10259,2.1295,0,0
0.5069249093319,10260,2.13,0,0
0.50692521863775,10261,2.1305,0,0
0.5069255277656,10262,2.131,0,0
0.50692583671545,10263,2.1315,0,0
0.50692614548731,10264,2.132,0,0
0.50692645408118,10265,2.1325,0,0
0.50692676249705,10266,2.133,0,0
0.50692707073492,10267,2.1335,0,0
0.5069273787948,10268,2.134,0,0
0.50692768667669,10269,2.1345,0,0
0.50692799438058,10270,2.135,0,0
0.50692830190648,10271,2.1355,0,0
0.50692860925439,10272,2.136,0,0
0.5069289164243,10273,2.1365,0,0
0.50692922341622,10274,2.137,0,0
0.50692953023015,10275,2.1375,0,0
0.50692983686609,10276,2.138,0,0
0.50693014332404,10277,2.1385,0,0
0.50693044960399,10278,2.139,0,0
0.50693075570595,10279,2.1395,0,0
0.50693106162993,10280,2.14,0,0
0.50693136737591,10281,2.1405,0,0
0.5069316729439,10282,2.141,0,0
0.50693197833391,10283,2.1415,0,0
0.50693228354592,10284,2.142,0,0
0.50693258857995,10285,2.1425,0,0
0.50693289343598,10286,2.143,0,0
0.50693319811403,10287,2.1435,0,0
0.50693350261409,10288,2.144,0,0
0.50693380693616,10289,2.1445,0,0
0.50693411108025,10290,2.145,0,0
0.50693441504635,10291,2.1455,0,0
0.50693471883446,10292,2.146,0,0
0.50693502244458,10293,2.1465,0,0
0.50693532587672,10294,2.147,0,0
0.50693562913087,10295,2.1475,0,0
0.50693593220704,10296,2.148,0,0
0.50693623510522,10297,2.1485,0,0
0.50693653782542,10298,2.149,0,0
0.50693684036763,10299,2.1495,0,0
0.50693714273186,10300,2.15,0,0
0.5069374449181,10301,2.1505,0,0
0.50693774692636,10302,2.151,0,0
0.50693804875664,10303,2.1515,0,0
0.50693835040893,10304,2.152,0,0
0.50693865188324,10305,2.1525,0,0
0.50693895317957,10306,2.153,0,0
0.50693925429792,10307,2.1535,0,0
0.50693955523828,10308,2.154,0,0
0.50693985600067,10309,2.1545,0,0
0.50694015658507,10310,2.155,0,0
0.50694045699149,10311,2.1555,0,0
0.50694075721993,10312,2.156,0,0
0.50694105727039,10313,2.1565,0,0
0.50694135714287,10314,2.157,0,0
0.50694165683737,10315,2.1575,0,0
0.50694195635389,10316,2.158,0,0
0.50694225569243,10317,2.1585,0,0
0.50694255485299,10318,2.159,0,0
0.50694285383558,10319,2.1595,0,0
0.50694315264018,10320,2.16,0,0
0.50694345126681,10321,2.1605,0,0
0.50694374971546,10322,2.161,0,0
0.50694404798614,10323,2.1615,0,0
0.50694434607883,10324,2.162,0,0
0.50694464399355,10325,2.1625,0,0
0.50694494173029,10326,2.163,0,0
0.50694523928906,10327,2.1635,0,0
0.50694553666985,10328,2.164,0,0
0.50694583387267,10329,2.1645,0,0
0.50694613089751,10330,2.165,0,0
0.50694642774438,10331,2.1655,0,0
0.50694672441327,10332,2.166,0,0
0.50694702090419,10333,2.1665,0,0
0.50694731721713,10334,2.167,0,0
0.5069476133521,10335,2.1675,0,0
0.5069479093091,10336,2.168,0,0
0.50694820508812,10337,2.1685,0,0
0.50694850068917,10338,2.169,0,0
0.50694879611225,10339,2.1695,0,0
0.50694909135736,10340,2.17,0,0
0.50694938642449,10341,2.1705,0,0
0.50694968131365,10342,2.171,0,0
0.50694997602485,10343,2.1715,0,0
0.50695027055807,10344,2.172,0,0
0.50695056491332,10345,2.1725,0,0
0.5069508590906,10346,2.173,0,0
0.50695115308991,10347,2.1735,0,0
0.50695144691125,10348,2.174,0,0
0.50695174055462,10349,2.1745,0,0
0.50695203402002,10350,2.175,0,0
0.50695232730745,10351,2.1755,0,0
0.50695262041692,10352,2.176,0,0
0.50695291334842,10353,2.1765,0,0
0.50695320610194,10354,2.177,0,0
0.50695349867751,10355,2.1775,0,0
0.5069537910751,10356,2.178,0,0
0.50695408329473,10357,2.1785,0,0
0.50695437533639,10358,2.179,0,0
0.50695466720008,10359,2.1795,0,0
0.50695495888581,10360,2.18,0,0
0.50695525039357,10361,2.1805,0,0
0.50695554172337,10362,2.181,0,0
0.5069558328752,10363,2.1815,0,0
0.50695612384906,10364,2.182,0,0
0.50695641464496,10365,2.1825,0,0
0.5069567052629,10366,2.183,0,0
0.50695699570288,10367,2.1835,0,0
0.50695728596489,10368,2.184,0,0
0.50695757604893,10369,2.1845,0,0
0.50695786595501,10370,2.185,0,0
0.50695815568313,10371,2.1855,0,0
0.50695844523329,10372,2.186,0,0
0.50695873460549,10373,2.1865,0,0
0.50695902379972,10374,2.187,0,0
0.50695931281599,10375,2.1875,0,0
0.5069596016543,10376,2.188,0,0
0.50695989031465,10377,2.1885,0,0
0.50696017879704,10378,2.189,0,0
0.50696046710147,10379,2.1895,0,0
0.50696075522794,10380,2.19,0,0
0.50696104317645,10381,2.1905,0,0
0.50696133094699,10382,2.191,0,0
0.50696161853958,10383,2.1915,0,0
0.50696190595421,10384,2.192,0,0
0.50696219319089,10385,2.1925,0,0
0.5069624802496,10386,2.193,0,0
0.50696276713035,10387,2.1935,0,0
0.50696305383315,10388,2.194,0,0
0.50696334035799,10389,2.1945,0,0
0.50696362670487,10390,2.195,0,0
0.5069639128738,10391,2.1955,0,0
0.50696419886477,10392,2.196,0,0
0.50696448467778,10393,2.1965,0,0
0.50696477031284,10394,2.197,0,0
0.50696505576994,10395,2.1975,0,0
0.50696534104908,10396,2.198,0,0
0.50696562615027,10397,2.1985,0,0
0.50696591107351,10398,2.199,0,0
0.50696619581879,10399,2.1995,0,0
0.50696648038612,10400,2.2,0,0
0.50696676477549,10401,2.2005,0,0
0.50696704898691,10402,2.201,0,0
0.50696733302037,10403,2.2015,0,0
0.50696761687588,10404,2.202,0,0
0.50696790055344,10405,2.2025,0,0
0.50696818405305,10406,2.203,0,0
0.5069684673747,10407,2.2035,0,0
0.50696875051841,10408,2.204,0,0
0.50696903348416,10409,2.2045,0,0
0.50696931627196,10410,2.205,0,0
0.5069695988818,10411,2.2055,0,0
0.5069698813137,10412,2.206,0,0
0.50697016356765,10413,2.2065,0,0
0.50697044564365,10414,2.207,0,0
0.50697072754169,10415,2.2075,0,0
0.50697100926179,10416,2.208,0,0
0.50697129080394,10417,2.2085,0,0
0.50697157216813,10418,2.209,0,0
0.50697185335438,10419,2.2095,0,0
0.50697213436269,10420,2.21,0,0
0.50697241519304,10421,2.2105,0,0
0.50697269584544,10422,2.211,0,0
0.5069729763199,10423,2.2115,0,0
0.50697325661641,10424,2.212,0,0
0.50697353673497,10425,2.2125,0,0
0.50697381667559,10426,2.213,0,0
0.50697409643826,10427,2.2135,0,0
0.50697437602298,10428,2.214,0,0
0.50697465542976,10429,2.2145,0,0
0.50697493465859,10430,2.215,0,0
0.50697521370948,10431,2.2155,0,0
0.50697549258242,10432,2.216,0,0
0.50697577127741,10433,2.2165,0,0
0.50697604979446,10434,2.217,0,0
0.50697632813357,10435,2.2175,0,0
0.50697660629474,10436,2.218,0,0
0.50697688427796,10437,2.2185,0,0
0.50697716208323,10438,2.219,0,0
0.50697743971057,10439,2.2195,0,0
0.50697771715996,10440,2.22,0,0
0.5069779944314,10441,2.2205,0,0
0.50697827152491,10442,2.221,0,0
0.50697854844047,10443,2.2215,0,0
0.5069788251781,10444,2.222,0,0
0.50697910173778,10445,2.2225,0,0
0.50697937811952,10446,2.223,0,0
0.50697965432332,10447,2.2235,0,0
0.50697993034917,10448,2.224,0,0
0.50698020619709,10449,2.2245,0,0
0.50698048186707,10450,2.225,0,0
0.50698075735911,10451,2.2255,0,0
0.50698103267321,10452,2.226,0,0
0.50698130780937,10453,2.2265,0,0
0.50698158276759,10454,2.227,0,0
0.50698185754787,10455,2.2275,0,0
0.50698213215021,10456,2.228,0,0
0.50698240657462,10457,2.2285,0,0
0.50698268082109,10458,2.229,0,0
0.50698295488962,10459,2.2295,0,0
0.50698322878021,10460,2.23,0,0
0.50698350249287,10461,2.2305,0,0
0.50698377602759,10462,2.231,0,0
0.50698404938437,10463,2.2315,0,0
0.50698432256322,10464,2.232,0,0
0.50698459556413,10465,2.2325,0,0
0.50698486838711,10466,2.233,0,0
0.50698514103215,10467,2.2335,0,0
0.50698541349926,10468,2.234,0,0
0.50698568578843,10469,2.2345,0,0
0.50698595789967,10470,2.235,0,0
0.50698622983297,10471,2.2355,0,0
0.50698650158834,10472,2.236,0,0
0.50698677316577,10473,2.2365,0,0
0.50698704456528,10474,2.237,0,0
0.50698731578685,10475,2.2375,0,0
0.50698758683048,10476,2.238,0,0
0.50698785769619,10477,2.2385,0,0
0.50698812838396,10478,2.239,0,0
0.5069883988938,10479,2.2395,0,0
0.50698866922571,10480,2.24,0,0
0.50698893937969,10481,2.2405,0,0
0.50698920935573,10482,2.241,0,0
0.50698947915385,10483,2.2415,0,0
0.50698974877403,10484,2.242,0,0
0.50699001821629,10485,2.2425,0,0
0.50699028748061,10486,2.243,0,0
0.50699055656701,10487,2.2435,0,0
0.50699082547547,10488,2.244,0,0
0.50699109420601,10489,2.2445,0,0
0.50699136275862,10490,2.245,0,0
0.5069916311333,10491,2.2455,0,0
0.50699189933005,10492,2.246,0,0
0.50699216734887,10493,2.2465,0,0
0.50699243518977,10494,2.247,0,0
0.50699270285273,10495,2.2475,0,0
0.50699297033777,10496,2.248,0,0
0.50699323764489,10497,2.2485,0,0
0.50699350477407,10498,2.249,0,0
0.50699377172533,10499,2.2495,0,0
0.50699403849867,10500,2.25,0,0
0.50699430509408,10501,2.2505,0,0
0.50699457151156,10502,2.251,0,0
0.50699483775112,10503,2.2515,0,0
0.50699510381275,10504,2.252,0,0
0.50699536969646,10505,2.2525,0,0
0.50699563540224,10506,2.253,0,0
0.5069959009301,10507,2.2535,0,0
0.50699616628003,10508,2.254,0,0
0.50699643145205,10509,2.2545,0,0
0.50699669644613,10510,2.255,0,0
0.5069969612623,10511,2.2555,0,0
0.50699722590054,10512,2.256,0,0
0.50699749036086,10513,2.2565,0,0
0.50699775464326,10514,2.257,0,0
0.50699801874773,10515,2.2575,0,0
0.50699828267429,10516,2.258,0,0
0.50699854642292,10517,2.2585,0,0
0.50699880999363,10518,2.259,0,0
0.50699907338642,10519,2.2595,0,0
0.50699933660129,10520,2.26,0,0
0.50699959963824,10521,2.2605,0,0
0.50699986249726,10522,2.261,0,0
0.50700012517837,10523,2.2615,0,0
0.50700038768156,10524,2.262,0,0
0.50700065000683,10525,2.2625,0,0
0.50700091215418,10526,2.263,0,0
0.50700117412361,10527,2.2635,0,0
0.50700143591513,10528,2.264,0,0
0.50700169752872,10529,2.2645,0,0
0.5070019589644,10530,2.265,0,0
0.50700222022216,10531,2.2655,0,0
0.507002481302,10532,2.266,0,0
0.50700274220392,10533,2.2665,0,0
0.50700300292793,10534,2.267,0,0
0.50700326347402,10535,2.2675,0,0
0.5070035238422,10536,2.268,0,0
0.50700378403245,10537,2.2685,0,0
0.5070040440448,10538,2.269,0,0
0.50700430387922,10539,2.2695,0,0
0.50700456353573,10540,2.27,0,0
0.50700482301433,10541,2.2705,0,0
0.50700508231501,10542,2.271,0,0
0.50700534143778,10543,2.2715,0,0
0.50700560038263,10544,2.272,0,0
0.50700585914957,10545,2.2725,0,0
0.50700611773859,10546,2.273,0,0
0.5070063761497,10547,2.2735,0,0
0.5070066343829,10548,2.274,0,0
0.50700689243819,10549,2.2745,0,0
0.50700715031556,10550,2.275,0,0
0.50700740801502,10551,2.2755,0,0
0.50700766553657,10552,2.276,0,0
0.5070079228802,10553,2.2765,0,0
0.50700818004593,10554,2.277,0,0
0.50700843703374,10555,2.2775,0,0
0.50700869384364,10556,2.278,0,0
0.50700895047563,10557,2.2785,0,0
0.50700920692971,10558,2.279,0,0
0.50700946320588,10559,2.2795,0,0
0.50700971930414,10560,2.28,0,0
0.50700997522449,10561,2.2805,0,0
0.50701023096693,10562,2.281,0,0
0.50701048653146,10563,2.2815,0,0
0.50701074191809,10564,2.282,0,0
0.5070109971268,10565,2.2825,0,0
0.5070112521576,10566,2.283,0,0
0.5070115070105,10567,2.2835,0,0
0.50701176168549,10568,2.284,0,0
0.50701201618257,10569,2.2845,0,0
0.50701227050174,10570,2.285,0,0
0.50701252464301,10571,2.2855,0,0
0.50701277860637,10572,2.286,0,0
0.50701303239182,10573,2.2865,0,0
0.50701328599937,10574,2.287,0,0
0.50701353942901,10575,2.2875,0,0
0.50701379268074,10576,2.288,0,0
0.50701404575457,10577,2.2885,0,0
0.50701429865049,10578,2.289,0,0
0.50701455136851,10579,2.2895,0,0
0.50701480390862,10580,2.29,0,0
0.50701505627083,10581,2.2905,0,0
0.50701530845514,10582,2.291,0,0
0.50701556046154,10583,2.2915,0,0
0.50701581229003,10584,2.292,0,0
0.50701606394063,10585,2.2925,0,0
0.50701631541332,10586,2.293,0,0
0.5070165667081,10587,2.2935,0,0
0.50701681782498,10588,2.294,0,0
0.50701706876397,10589,2.2945,0,0
0.50701731952504,10590,2.295,0,0
0.50701757010822,10591,2.2955,0,0
0.50701782051349,10592,2.296,0,0
0.50701807074087,10593,2.2965,0,0
0.50701832079034,10594,2.297,0,0
0.50701857066191,10595,2.2975,0,0
0.50701882035558,10596,2.298,0,0
0.50701906987135,10597,2.2985,0,0
0.50701931920922,10598,2.299,0,0
0.50701956836919,10599,2.2995,0,0
0.50701981735126,10600,2.3,0,0
0.50702006615543,10601,2.3005,0,0
0.5070203147817,10602,2.301,0,0
0.50702056323007,10603,2.3015,0,0
0.50702081150054,10604,2.302,0,0
0.50702105959312,10605,2.3025,0,0
0.50702130750779,10606,2.303,0,0
0.50702155524457,10607,2.3035,0,0
0.50702180280345,10608,2.304,0,0
0.50702205018444,10609,2.3045,0,0
0.50702229738752,10610,2.305,0,0
0.50702254441271,10611,2.3055,0,0
0.50702279126,10612,2.306,0,0
0.5070230379294,10613,2.3065,0,0
0.5070232844209,10614,2.307,0,0
0.5070235307345,10615,2.3075,0,0
0.50702377687021,10616,2.308,0,0
0.50702402282802,10617,2.3085,0,0
0.50702426860794,10618,2.309,0,0
0.50702451420996,10619,2.3095,0,0
0.50702475963409,10620,2.31,0,0
0.50702500488033,10621,2.3105,0,0
0.50702524994866,10622,2.311,0,0
0.50702549483911,10623,2.3115,0,0
0.50702573955166,10624,2.312,0,0
0.50702598408632,10625,2.3125,0,0
0.50702622844308,10626,2.313,0,0
0.50702647262196,10627,2.3135,0,0
0.50702671662294,10628,2.314,0,0
0.50702696044602,10629,2.3145,0,0
0.50702720409122,10630,2.315,0,0
0.50702744755852,10631,2.3155,0,0
0.50702769084793,10632,2.316,0,0
0.50702793395945,10633,2.3165,0,0
0.50702817689308,10634,2.317,0,0
0.50702841964882,10635,2.3175,0,0
0.50702866222666,10636,2.318,0,0
0.50702890462662,10637,2.3185,0,0
0.50702914684869,10638,2.319,0,0
0.50702938889286,10639,2.3195,0,0
0.50702963075915,10640,2.32,0,0
0.50702987244754,10641,2.3205,0,0
0.50703011395805,10642,2.321,0,0
0.50703035529067,10643,2.3215,0,0
0.5070305964454,10644,2.322,0,0
0.50703083742224,10645,2.3225,0,0
0.5070310782212,10646,2.323,0,0
0.50703131884226,10647,2.3235,0,0
0.50703155928544,10648,2.324,0,0
0.50703179955073,10649,2.3245,0,0
0.50703203963813,10650,2.325,0,0
0.50703227954765,10651,2.3255,0,0
0.50703251927928,10652,2.326,0,0
0.50703275883302,10653,2.3265,0,0
0.50703299820888,10654,2.327,0,0
0.50703323740685,10655,2.3275,0,0
0.50703347642693,10656,2.328,0,0
0.50703371526913,10657,2.3285,0,0
0.50703395393344,10658,2.329,0,0
0.50703419241987,10659,2.3295,0,0
0.50703443072842,10660,2.33,0,0
0.50703466885908,10661,2.3305,0,0
0.50703490681185,10662,2.331,0,0
0.50703514458674,10663,2.3315,0,0
0.50703538218375,10664,2.332,0,0
0.50703561960287,10665,2.3325,0,0
0.50703585684411,10666,2.333,0,0
0.50703609390747,10667,2.3335,0,0
0.50703633079295,10668,2.334,0,0
0.50703656750054,10669,2.3345,0,0
0.50703680403025,10670,2.335,0,0
0.50703704038207,10671,2.3355,0,0
0.50703727655602,10672,2.336,0,0
0.50703751255208,10673,2.3365,0,0
0.50703774837027,10674,2.337,0,0
0.50703798401057,10675,2.3375,0,0
0.50703821947299,10676,2.338,0,0
0.50703845475753,10677,2.3385,0,0
0.50703868986419,10678,2.339,0,0
0.50703892479296,10679,2.3395,0,0
0.50703915954386,10680,2.34,0,0
0.50703939411688,10681,2.3405,0,0
0.50703962851202,10682,2.341,0,0
0.50703986272928,10683,2.3415,0,0
0.50704009676866,10684,2.342,0,0
0.50704033063017,10685,2.3425,0,0
0.50704056431379,10686,2.343,0,0
0.50704079781954,10687,2.3435,0,0
0.5070410311474,10688,2.344,0,0
0.50704126429739,10689,2.3445,0,0
0.50704149726951,10690,2.345,0,0
0.50704173006374,10691,2.3455,0,0
0.5070419626801,10692,2.346,0,0
0.50704219511858,10693,2.3465,0,0
0.50704242737919,10694,2.347,0,0
0.50704265946191,10695,2.3475,0,0
0.50704289136677,10696,2.348,0,0
0.50704312309374,10697,2.3485,0,0
0.50704335464284,10698,2.349,0,0
0.50704358601407,10699,2.3495,0,0
0.50704381720742,10700,2.35,0,0
0.50704404822289,10701,2.3505,0,0
0.50704427906049,10702,2.351,0,0
0.50704450972022,10703,2.3515,0,0
0.50704474020207,10704,2.352,0,0
0.50704497050605,10705,2.3525,0,0
0.50704520063215,10706,2.353,0,0
0.50704543058038,10707,2.3535,0,0
0.50704566035074,10708,2.354,0,0
0.50704588994322,10709,2.3545,0,0
0.50704611935783,10710,2.355,0,0
0.50704634859457,10711,2.3555,0,0
0.50704657765344,10712,2.356,0,0
0.50704680653443,10713,2.3565,0,0
0.50704703523755,10714,2.357,0,0
0.5070472637628,10715,2.3575,0,0
0.50704749211018,10716,2.358,0,0
0.50704772027969,10717,2.3585,0,0
0.50704794827133,10718,2.359,0,0
0.50704817608509,10719,2.3595,0,0
0.50704840372099,10720,2.36,0,0
0.50704863117901,10721,2.3605,0,0
0.50704885845917,10722,2.361,0,0
0.50704908556145,10723,2.3615,0,0
0.50704931248587,10724,2.362,0,0
0.50704953923242,10725,2.3625,0,0
0.50704976580109,10726,2.363,0,0
0.5070499921919,10727,2.3635,0,0
0.50705021840484,10728,2.364,0,0
0.50705044443991,10729,2.3645,0,0
0.50705067029712,10730,2.365,0,0
0.50705089597645,10731,2.3655,0,0
0.50705112147792,10732,2.366,0,0
0.50705134680152,10733,2.3665,0,0
0.50705157194725,10734,2.367,0,0
0.50705179691512,10735,2.3675,0,0
0.50705202170512,10736,2.368,0,0
0.50705224631725,10737,2.3685,0,0
0.50705247075151,10738,2.369,0,0
0.50705269500791,10739,2.3695,0,0
0.50705291908645,10740,2.37,0,0
0.50705314298712,10741,2.3705,0,0
0.50705336670992,10742,2.371,0,0
0.50705359025486,10743,2.3715,0,0
0.50705381362193,10744,2.372,0,0
0.50705403681114,10745,2.3725,0,0
0.50705425982248,10746,2.373,0,0
0.50705448265596,10747,2.3735,0,0
0.50705470531157,10748,2.374,0,0
0.50705492778933,10749,2.3745,0,0
0.50705515008921,10750,2.375,0,0
0.50705537221124,10751,2.3755,0,0
0.5070555941554,10752,2.376,0,0
0.5070558159217,10753,2.3765,0,0
0.50705603751013,10754,2.377,0,0
0.50705625892071,10755,2.3775,0,0
0.50705648015342,10756,2.378,0,0
0.50705670120826,10757,2.3785,0,0
0.50705692208525,10758,2.379,0,0
0.50705714278438,10759,2.3795,0,0
0.50705736330564,10760,2.38,0,0
0.50705758364904,10761,2.3805,0,0
0.50705780381459,10762,2.381,0,0
0.50705802380227,10763,2.3815,0,0
0.50705824361209,10764,2.382,0,0
0.50705846324405,10765,2.3825,0,0
0.50705868269815,10766,2.383,0,0
0.50705890197439,10767,2.3835,0,0
0.50705912107277,10768,2.384,0,0
0.5070593399933,10769,2.3845,0,0
0.50705955873596,10770,2.385,0,0
0.50705977730076,10771,2.3855,0,0
0.50705999568771,10772,2.386,0,0
0.5070602138968,10773,2.3865,0,0
0.50706043192802,10774,2.387,0,0
0.5070606497814,10775,2.3875,0,0
0.50706086745691,10776,2.388,0,0
0.50706108495456,10777,2.3885,0,0
0.50706130227436,10778,2.389,0,0
0.5070615194163,10779,2.3895,0,0
0.50706173638039,10780,2.39,0,0
0.50706195316662,10781,2.3905,0,0
0.50706216977499,10782,2.391,0,0
0.5070623862055,10783,2.3915,0,0
0.50706260245816,10784,2.392,0,0
0.50706281853297,10785,2.3925,0,0
0.50706303442991,10786,2.393,0,0
0.50706325014901,10787,2.3935,0,0
0.50706346569024,10788,2.394,0,0
0.50706368105363,10789,2.3945,0,0
0.50706389623915,10790,2.395,0,0
0.50706411124683,10791,2.3955,0,0
0.50706432607665,10792,2.396,0,0
0.50706454072861,10793,2.3965,0,0
0.50706475520272,10794,2.397,0,0
0.50706496949898,10795,2.3975,0,0
0.50706518361739,10796,2.398,0,0
0.50706539755794,10797,2.3985,0,0
0.50706561132064,10798,2.399,0,0
0.50706582490548,10799,2.3995,0,0
0.50706603831248,10800,2.4,0,0
0.50706625154162,10801,2.4005,0,0
0.50706646459291,10802,2.401,0,0
0.50706667746634,10803,2.4015,0,0
0.50706689016193,10804,2.402,0,0
0.50706710267966,10805,2.4025,0,0
0.50706731501955,10806,2.403,0,0
0.50706752718158,10807,2.4035,0,0
0.50706773916576,10808,2.404,0,0
0.50706795097209,10809,2.4045,0,0
0.50706816260057,10810,2.405,0,0
0.5070683740512,10811,2.4055,0,0
0.50706858532398,10812,2.406,0,0
0.50706879641892,10813,2.4065,0,0
0.507069007336,10814,2.407,0,0
0.50706921807523,10815,2.4075,0,0
0.50706942863661,10816,2.408,0,0
0.50706963902015,10817,2.4085,0,0
0.50706984922583,10818,2.409,0,0
0.50707005925367,10819,2.4095,0,0
0.50707026910366,10820,2.41,0,0
0.5070704787758,10821,2.4105,0,0
0.5070706882701,10822,2.411,0,0
0.50707089758655,10823,2.4115,0,0
0.50707110672514,10824,2.412,0,0
0.5070713156859,10825,2.4125,0,0
0.5070715244688,10826,2.413,0,0
0.50707173307386,10827,2.4135,0,0
0.50707194150107,10828,2.414,0,0
0.50707214975044,10829,2.4145,0,0
0.50707235782196,10830,2.415,0,0
0.50707256571563,10831,2.4155,0,0
0.50707277343146,10832,2.416,0,0
0.50707298096945,10833,2.4165,0,0
0.50707318832958,10834,2.417,0,0
0.50707339551188,10835,2.4175,0,0
0.50707360251633,10836,2.418,0,0
0.50707380934293,10837,2.4185,0,0
0.50707401599169,10838,2.419,0,0
0.50707422246261,10839,2.4195,0,0
0.50707442875568,10840,2.42,0,0
0.50707463487091,10841,2.4205,0,0
0.50707484080829,10842,2.421,0,0
0.50707504656783,10843,2.4215,0,0
0.50707525214953,10844,2.422,0,0
0.50707545755339,10845,2.4225,0,0
0.5070756627794,10846,2.423,0,0
0.50707586782757,10847,2.4235,0,0
0.5070760726979,10848,2.424,0,0
0.50707627739038,10849,2.4245,0,0
0.50707648190503,10850,2.425,0,0
0.50707668624183,10851,2.4255,0,0
0.50707689040079,10852,2.426,0,0
0.50707709438191,10853,2.4265,0,0
0.50707729818519,10854,2.427,0,0
0.50707750181063,10855,2.4275,0,0
0.50707770525823,10856,2.428,0,0
0.50707790852799,10857,2.4285,0,0
0.50707811161991,10858,2.429,0,0
0.50707831453398,10859,2.4295,0,0
0.50707851727022,10860,2.43,0,0
0.50707871982862,10861,2.4305,0,0
0.50707892220918,10862,2.431,0,0
0.5070791244119,10863,2.4315,0,0
0.50707932643678,10864,2.432,0,0
0.50707952828383,10865,2.4325,0,0
0.50707972995303,10866,2.433,0,0
0.5070799314444,10867,2.4335,0,0
0.50708013275792,10868,2.434,0,0
0.50708033389362,10869,2.4345,0,0
0.50708053485147,10870,2.435,0,0
0.50708073563148,10871,2.4355,0,0
0.50708093623366,10872,2.436,0,0
0.507081136658,10873,2.4365,0,0
0.50708133690451,10874,2.437,0,0
0.50708153697317,10875,2.4375,0,0
0.507081736864,10876,2.438,0,0
0.507081936577,10877,2.4385,0,0
0.50708213611216,10878,2.439,0,0
0.50708233546948,10879,2.4395,0,0
0.50708253464897,10880,2.44,0,0
0.50708273365062,10881,2.4405,0,0
0.50708293247444,10882,2.441,0,0
0.50708313112042,10883,2.4415,0,0
0.50708332958857,10884,2.442,0,0
0.50708352787888,10885,2.4425,0,0
0.50708372599136,10886,2.443,0,0
0.507083923926,10887,2.4435,0,0
0.50708412168281,10888,2.444,0,0
0.50708431926179,10889,2.4445,0,0
0.50708451666293,10890,2.445,0,0
0.50708471388624,10891,2.4455,0,0
0.50708491093172,10892,2.446,0,0
0.50708510779936,10893,2.4465,0,0
0.50708530448917,10894,2.447,0,0
0.50708550100115,10895,2.4475,0,0
0.5070856973353,10896,2.448,0,0
0.50708589349161,10897,2.4485,0,0
0.50708608947009,10898,2.449,0,0
0.50708628527074,10899,2.4495,0,0
0.50708648089356,10900,2.45,0,0
0.50708667633855,10901,2.4505,0,0
0.5070868716057,10902,2.451,0,0
0.50708706669503,10903,2.4515,0,0
0.50708726160652,10904,2.452,0,0
0.50708745634018,10905,2.4525,0,0
0.50708765089602,10906,2.453,0,0
0.50708784527402,10907,2.4535,0,0
0.50708803947419,10908,2.454,0,0
0.50708823349654,10909,2.4545,0,0
0.50708842734105,10910,2.455,0,0
0.50708862100773,10911,2.4555,0,0
0.50708881449659,10912,2.456,0,0
0.50708900780762,10913,2.4565,0,0
0.50708920094081,10914,2.457,0,0
0.50708939389618,10915,2.4575,0,0
0.50708958667372,10916,2.458,0,0
0.50708977927344,10917,2.4585,0,0
0.50708997169532,10918,2.459,0,0
0.50709016393938,10919,2.4595,0,0
0.5070903560056,10920,2.46,0,0
0.50709054789401,10921,2.4605,0,0
0.50709073960458,10922,2.461,0,0
0.50709093113733,10923,2.4615,0,0
0.50709112249225,10924,2.462,0,0
0.50709131366934,10925,2.4625,0,0
0.50709150466861,10926,2.463,0,0
0.50709169549005,10927,2.4635,0,0
0.50709188613367,10928,2.464,0,0
0.50709207659946,10929,2.4645,0,0
0.50709226688742,10930,2.465,0,0
0.50709245699756,10931,2.4655,0,0
0.50709264692987,10932,2.466,0,0
0.50709283668436,10933,2.4665,0,0
0.50709302626102,10934,2.467,0,0
0.50709321565986,10935,2.4675,0,0
0.50709340488088,10936,2.468,0,0
0.50709359392407,10937,2.4685,0,0
0.50709378278943,10938,2.469,0,0
0.50709397147697,10939,2.4695,0,0
0.50709415998669,10940,2.47,0,0
0.50709434831859,10941,2.4705,0,0
0.50709453647266,10942,2.471,0,0
0.50709472444891,10943,2.4715,0,0
0.50709491224733,10944,2.472,0,0
0.50709509986793,10945,2.4725,0,0
0.50709528731071,10946,2.473,0,0
0.50709547457567,10947,2.4735,0,0
0.50709566166281,10948,2.474,0,0
0.50709584857212,10949,2.4745,0,0
0.50709603530361,10950,2.475,0,0
0.50709622185728,10951,2.4755,0,0
0.50709640823313,10952,2.476,0,0
0.50709659443116,10953,2.4765,0,0
0.50709678045137,10954,2.477,0,0
0.50709696629375,10955,2.4775,0,0
0.50709715195832,10956,2.478,0,0
0.50709733744506,10957,2.4785,0,0
0.50709752275399,10958,2.479,0,0
0.50709770788509,10959,2.4795,0,0
0.50709789283837,10960,2.48,0,0
0.50709807761384,10961,2.4805,0,0
0.50709826221148,10962,2.481,0,0
0.50709844663131,10963,2.4815,0,0
0.50709863087332,10964,2.482,0,0
0.50709881493751,10965,2.4825,0,0
0.50709899882387,10966,2.483,0,0
0.50709918253242,10967,2.4835,0,0
0.50709936606316,10968,2.484,0,0
0.50709954941607,10969,2.4845,0,0
0.50709973259117,10970,2.485,0,0
0.50709991558845,10971,2.4855,0,0
0.50710009840791,10972,2.486,0,0
0.50710028104955,10973,2.4865,0,0
0.50710046351338,10974,2.487,0,0
0.50710064579938,10975,2.4875,0,0
0.50710082790758,10976,2.488,0,0
0.50710100983795,10977,2.4885,0,0
0.50710119159051,10978,2.489,0,0
0.50710137316525,10979,2.4895,0,0
0.50710155456218,10980,2.49,0,0
0.50710173578129,10981,2.4905,0,0
0.50710191682258,10982,2.491,0,0
0.50710209768606,10983,2.4915,0,0
0.50710227837173,10984,2.492,0,0
0.50710245887958,10985,2.4925,0,0
0.50710263920961,10986,2.493,0,0
0.50710281936183,10987,2.4935,0,0
0.50710299933623,10988,2.494,0,0
0.50710317913282,10989,2.4945,0,0
0.5071033587516,10990,2.495,0,0
0.50710353819256,10991,2.4955,0,0
0.5071037174557,10992,2.496,0,0
0.50710389654104,10993,2.4965,0,0
0.50710407544856,10994,2.497,0,0
0.50710425417826,10995,2.4975,0,0
0.50710443273016,10996,2.498,0,0
0.50710461110424,10997,2.4985,0,0
0.5071047893005,10998,2.499,0,0
0.50710496731896,10999,2.4995,0,0
0.5071051451596,11000,2.5,0,0
0.50710532282243,11001,2.5005,0,0
0.50710550030745,11002,2.501,0,0
0.50710567761466,11003,2.5015,0,0
0.50710585474405,11004,2.502,0,0
0.50710603169563,11005,2.5025,0,0
0.50710620846941,11006,2.503,0,0
0.50710638506537,11007,2.5035,0,0
0.50710656148351,11008,2.504,0,0
0.50710673772385,11009,2.5045,0,0
0.50710691378638,11010,2.505,0,0
0.5071070896711,11011,2.5055,0,0
0.507107265378,11012,2.506,0,0
0.5071074409071,11013,2.5065,0,0
0.50710761625839,11014,2.507,0,0
0.50710779143187,11015,2.5075,0,0
0.50710796642753,11016,2.508,0,0
0.50710814124539,11017,2.5085,0,0
0.50710831588544,11018,2.509,0,0
0.50710849034768,11019,2.5095,0,0
0.50710866463211,11020,2.51,0,0
0.50710883873873,11021,2.5105,0,0
0.50710901266755,11022,2.511,0,0
0.50710918641855,11023,2.5115,0,0
0.50710935999175,11024,2.512,0,0
0.50710953338714,11025,2.5125,0,0
0.50710970660472,11026,2.513,0,0
0.5071098796445,11027,2.5135,0,0
0.50711005250646,11028,2.514,0,0
0.50711022519062,11029,2.5145,0,0
0.50711039769698,11030,2.515,0,0
0.50711057002552,11031,2.5155,0,0
0.50711074217626,11032,2.516,0,0
0.50711091414919,11033,2.5165,0,0
0.50711108594432,11034,2.517,0,0
0.50711125756164,11035,2.5175,0,0
0.50711142900115,11036,2.518,0,0
0.50711160026286,11037,2.5185,0,0
0.50711177134676,11038,2.519,0,0
0.50711194225286,11039,2.5195,0,0
0.50711211298115,11040,2.52,0,0
0.50711228353163,11041,2.5205,0,0
0.50711245390431,11042,2.521,0,0
0.50711262409919,11043,2.5215,0,0
0.50711279411626,11044,2.522,0,0
0.50711296395553,11045,2.5225,0,0
0.50711313361699,11046,2.523,0,0
0.50711330310065,11047,2.5235,0,0
0.50711347240651,11048,2.524,0,0
0.50711364153456,11049,2.5245,0,0
0.5071138104848,11050,2.525,0,0
0.50711397925725,11051,2.5255,0,0
0.50711414785189,11052,2.526,0,0
0.50711431626873,11053,2.5265,0,0
0.50711448450776,11054,2.527,0,0
0.50711465256899,11055,2.5275,0,0
0.50711482045242,11056,2.528,0,0
0.50711498815805,11057,2.5285,0,0
0.50711515568587,11058,2.529,0,0
0.5071153230359,11059,2.5295,0,0
0.50711549020812,11060,2.53,0,0
0.50711565720254,11061,2.5305,0,0
0.50711582401915,11062,2.531,0,0
0.50711599065797,11063,2.5315,0,0
0.50711615711899,11064,2.532,0,0
0.5071163234022,11065,2.5325,0,0
0.50711648950761,11066,2.533,0,0
0.50711665543523,11067,2.5335,0,0
0.50711682118504,11068,2.534,0,0
0.50711698675705,11069,2.5345,0,0
0.50711715215126,11070,2.535,0,0
0.50711731736767,11071,2.5355,0,0
0.50711748240628,11072,2.536,0,0
0.5071176472671,11073,2.5365,0,0
0.50711781195011,11074,2.537,0,0
0.50711797645532,11075,2.5375,0,0
0.50711814078274,11076,2.538,0,0
0.50711830493235,11077,2.5385,0,0
0.50711846890417,11078,2.539,0,0
0.50711863269818,11079,2.5395,0,0
0.5071187963144,11080,2.54,0,0
0.50711895975282,11081,2.5405,0,0
0.50711912301345,11082,2.541,0,0
0.50711928609627,11083,2.5415,0,0
0.5071194490013,11084,2.542,0,0
0.50711961172853,11085,2.5425,0,0
0.50711977427796,11086,2.543,0,0
0.50711993664959,11087,2.5435,0,0
0.50712009884343,11088,2.544,0,0
0.50712026085947,11089,2.5445,0,0
0.50712042269771,11090,2.545,0,0
0.50712058435816,11091,2.5455,0,0
0.50712074584081,11092,2.546,0,0
0.50712090714566,11093,2.5465,0,0
0.50712106827272,11094,2.547,0,0
0.50712122922198,11095,2.5475,0,0
0.50712138999345,11096,2.548,0,0
0.50712155058712,11097,2.5485,0,0
0.50712171100299,11098,2.549,0,0
0.50712187124107,11099,2.5495,0,0
0.50712203130136,11100,2.55,0,0
0.50712219118384,11101,2.5505,0,0
0.50712235088854,11102,2.551,0,0
0.50712251041544,11103,2.5515,0,0
0.50712266976454,11104,2.552,0,0
0.50712282893585,11105,2.5525,0,0
0.50712298792937,11106,2.553,0,0
0.50712314674509,11107,2.5535,0,0
0.50712330538302,11108,2.554,0,0
0.50712346384315,11109,2.5545,0,0
0.5071236221255,11110,2.555,0,0
0.50712378023004,11111,2.5555,0,0
0.5071239381568,11112,2.556,0,0
0.50712409590576,11113,2.5565,0,0
0.50712425347693,11114,2.557,0,0
0.5071244108703,11115,2.5575,0,0
0.50712456808589,11116,2.558,0,0
0.50712472512368,11117,2.5585,0,0
0.50712488198368,11118,2.559,0,0
0.50712503866588,11119,2.5595,0,0
0.5071251951703,11120,2.56,0,0
0.50712535149692,11121,2.5605,0,0
0.50712550764575,11122,2.561,0,0
0.50712566361679,11123,2.5615,0,0
0.50712581941004,11124,2.562,0,0
0.50712597502549,11125,2.5625,0,0
0.50712613046316,11126,2.563,0,0
0.50712628572304,11127,2.5635,0,0
0.50712644080512,11128,2.564,0,0
0.50712659570941,11129,2.5645,0,0
0.50712675043592,11130,2.565,0,0
0.50712690498463,11131,2.5655,0,0
0.50712705935556,11132,2.566,0,0
0.50712721354869,11133,2.5665,0,0
0.50712736756403,11134,2.567,0,0
0.50712752140159,11135,2.5675,0,0
0.50712767506135,11136,2.568,0,0
0.50712782854333,11137,2.5685,0,0
0.50712798184751,11138,2.569,0,0
0.50712813497391,11139,2.5695,0,0
0.50712828792252,11140,2.57,0,0
0.50712844069334,11141,2.5705,0,0
0.50712859328637,11142,2.571,0,0
0.50712874570162,11143,2.5715,0,0
0.50712889793907,11144,2.572,0,0
0.50712904999874,11145,2.5725,0,0
0.50712920188062,11146,2.573,0,0
0.50712935358471,11147,2.5735,0,0
0.50712950511101,11148,2.574,0,0
0.50712965645953,11149,2.5745,0,0
0.50712980763026,11150,2.575,0,0
0.5071299586232,11151,2.5755,0,0
0.50713010943836,11152,2.576,0,0
0.50713026007573,11153,2.5765,0,0
0.50713041053531,11154,2.577,0,0
0.5071305608171,11155,2.5775,0,0
0.50713071092111,11156,2.578,0,0
0.50713086084734,11157,2.5785,0,0
0.50713101059577,11158,2.579,0,0
0.50713116016643,11159,2.5795,0,0
0.50713130955929,11160,2.58,0,0
0.50713145877437,11161,2.5805,0,0
0.50713160781167,11162,2.581,0,0
0.50713175667118,11163,2.5815,0,0
0.5071319053529,11164,2.582,0,0
0.50713205385684,11165,2.5825,0,0
0.50713220218299,11166,2.583,0,0
0.50713235033136,11167,2.5835,0,0
0.50713249830195,11168,2.584,0,0
0.50713264609475,11169,2.5845,0,0
0.50713279370977,11170,2.585,0,0
0.507132941147,11171,2.5855,0,0
0.50713308840645,11172,2.586,0,0
0.50713323548812,11173,2.5865,0,0
0.507133382392,11174,2.587,0,0
0.5071335291181,11175,2.5875,0,0
0.50713367566641,11176,2.588,0,0
0.50713382203694,11177,2.5885,0,0
0.50713396822969,11178,2.589,0,0
0.50713411424466,11179,2.5895,0,0
0.50713426008184,11180,2.59,0,0
0.50713440574124,11181,2.5905,0,0
0.50713455122286,11182,2.591,0,0
0.5071346965267,11183,2.5915,0,0
0.50713484165275,11184,2.592,0,0
0.50713498660103,11185,2.5925,0,0
0.50713513137152,11186,2.593,0,0
0.50713527596423,11187,2.5935,0,0
0.50713542037915,11188,2.594,0,0
0.5071355646163,11189,2.5945,0,0
0.50713570867567,11190,2.595,0,0
0.50713585255725,11191,2.5955,0,0
0.50713599626105,11192,2.596,0,0
0.50713613978708,11193,2.5965,0,0
0.50713628313532,11194,2.597,0,0
0.50713642630578,11195,2.5975,0,0
0.50713656929846,11196,2.598,0,0
0.50713671211336,11197,2.5985,0,0
0.50713685475048,11198,2.599,0,0
0.50713699720982,11199,2.5995,0,0
0.50713713949138,11200,2.6,0,0
0.50713728159517,11201,2.6005,0,0
0.50713742352117,11202,2.601,0,0
0.50713756526939,11203,2.6015,0,0
0.50713770683983,11204,2.602,0,0
0.5071378482325,11205,2.6025,0,0
0.50713798944739,11206,2.603,0,0
0.50713813048449,11207,2.6035,0,0
0.50713827134382,11208,2.604,0,0
0.50713841202537,11209,2.6045,0,0
0.50713855252914,11210,2.605,0,0
0.50713869285514,11211,2.6055,0,0
0.50713883300335,11212,2.606,0,0
0.50713897297379,11213,2.6065,0,0
0.50713911276645,11214,2.607,0,0
0.50713925238133,11215,2.6075,0,0
0.50713939181844,11216,2.608,0,0
0.50713953107777,11217,2.6085,0,0
0.50713967015932,11218,2.609,0,0
0.50713980906309,11219,2.6095,0,0
0.50713994778909,11220,2.61,0,0
0.50714008633731,11221,2.6105,0,0
0.50714022470775,11222,2.611,0,0
0.50714036290042,11223,2.6115,0,0
0.50714050091531,11224,2.612,0,0
0.50714063875243,11225,2.6125,0,0
0.50714077641176,11226,2.613,0,0
0.50714091389333,11227,2.6135,0,0
0.50714105119712,11228,2.614,0,0
0.50714118832313,11229,2.6145,0,0
0.50714132527136,11230,2.615,0,0
0.50714146204182,11231,2.6155,0,0
0.50714159863451,11232,2.616,0,0
0.50714173504942,11233,2.6165,0,0
0.50714187128656,11234,2.617,0,0
0.50714200734592,11235,2.6175,0,0
0.5071421432275,11236,2.618,0,0
0.50714227893132,11237,2.6185,0,0
0.50714241445735,11238,2.619,0,0
0.50714254980562,11239,2.6195,0,0
0.50714268497611,11240,2.62,0,0
0.50714281996882,11241,2.6205,0,0
0.50714295478376,11242,2.621,0,0
0.50714308942093,11243,2.6215,0,0
0.50714322388033,11244,2.622,0,0
0.50714335816195,11245,2.6225,0,0
0.5071434922658,11246,2.623,0,0
0.50714362619187,11247,2.6235,0,0
0.50714375994017,11248,2.624,0,0
0.5071438935107,11249,2.6245,0,0
0.50714402690346,11250,2.625,0,0
0.50714416011844,11251,2.6255,0,0
0.50714429315565,11252,2.626,0,0
0.50714442601509,11253,2.6265,0,0
0.50714455869676,11254,2.627,0,0
0.50714469120066,11255,2.6275,0,0
0.50714482352678,11256,2.628,0,0
0.50714495567513,11257,2.6285,0,0
0.50714508764571,11258,2.629,0,0
0.50714521943852,11259,2.6295,0,0
0.50714535105356,11260,2.63,0,0
0.50714548249082,11261,2.6305,0,0
0.50714561375032,11262,2.631,0,0
0.50714574483204,11263,2.6315,0,0
0.50714587573599,11264,2.632,0,0
0.50714600646218,11265,2.6325,0,0
0.50714613701059,11266,2.633,0,0
0.50714626738123,11267,2.6335,0,0
0.5071463975741,11268,2.634,0,0
0.5071465275892,11269,2.6345,0,0
0.50714665742653,11270,2.635,0,0
0.50714678708609,11271,2.6355,0,0
0.50714691656789,11272,2.636,0,0
0.50714704587191,11273,2.6365,0,0
0.50714717499816,11274,2.637,0,0
0.50714730394664,11275,2.6375,0,0
0.50714743271736,11276,2.638,0,0
0.5071475613103,11277,2.6385,0,0
0.50714768972548,11278,2.639,0,0
0.50714781796289,11279,2.6395,0,0
0.50714794602253,11280,2.64,0,0
0.5071480739044,11281,2.6405,0,0
0.5071482016085,11282,2.641,0,0
0.50714832913483,11283,2.6415,0,0
0.5071484564834,11284,2.642,0,0
0.50714858365419,11285,2.6425,0,0
0.50714871064722,11286,2.643,0,0
0.50714883746248,11287,2.6435,0,0
0.50714896409998,11288,2.644,0,0
0.5071490905597,11289,2.6445,0,0
0.50714921684166,11290,2.645,0,0
0.50714934294586,11291,2.6455,0,0
0.50714946887228,11292,2.646,0,0
0.50714959462094,11293,2.6465,0,0
0.50714972019183,11294,2.647,0,0
0.50714984558495,11295,2.6475,0,0
0.50714997080031,11296,2.648,0,0
0.5071500958379,11297,2.6485,0,0
0.50715022069773,11298,2.649,0,0
0.50715034537979,11299,2.6495,0,0
0.50715046988408,11300,2.65,0,0
0.5071505942106,11301,2.6505,0,0
0.50715071835936,11302,2.651,0,0
0.50715084233036,11303,2.6515,0,0
0.50715096612359,11304,2.652,0,0
0.50715108973905,11305,2.6525,0,0
0.50715121317675,11306,2.653,0,0
0.50715133643669,11307,2.6535,0,0
0.50715145951885,11308,2.654,0,0
0.50715158242326,11309,2.6545,0,0
0.5071517051499,11310,2.655,0,0
0.50715182769877,11311,2.6555,0,0
0.50715195006988,11312,2.656,0,0
0.50715207226322,11313,2.6565,0,0
0.5071521942788,11314,2.657,0,0
0.50715231611662,11315,2.6575,0,0
0.50715243777667,11316,2.658,0,0
0.50715255925896,11317,2.6585,0,0
0.50715268056349,11318,2.659,0,0
0.50715280169025,11319,2.6595,0,0
0.50715292263924,11320,2.66,0,0
0.50715304341048,11321,2.6605,0,0
0.50715316400395,11322,2.661,0,0
0.50715328441965,11323,2.6615,0,0
0.5071534046576,11324,2.662,0,0
0.50715352471778,11325,2.6625,0,0
0.5071536446002,11326,2.663,0,0
0.50715376430485,11327,2.6635,0,0
0.50715388383175,11328,2.664,0,0
0.50715400318088,11329,2.6645,0,0
0.50715412235225,11330,2.665,0,0
0.50715424134585,11331,2.6655,0,0
0.5071543601617,11332,2.666,0,0
0.50715447879978,11333,2.6665,0,0
0.5071545972601,11334,2.667,0,0
0.50715471554266,11335,2.6675,0,0
0.50715483364745,11336,2.668,0,0
0.50715495157449,11337,2.6685,0,0
0.50715506932376,11338,2.669,0,0
0.50715518689527,11339,2.6695,0,0
0.50715530428902,11340,2.67,0,0
0.50715542150501,11341,2.6705,0,0
0.50715553854324,11342,2.671,0,0
0.50715565540371,11343,2.6715,0,0
0.50715577208642,11344,2.672,0,0
0.50715588859137,11345,2.6725,0,0
0.50715600491856,11346,2.673,0,0
0.50715612106798,11347,2.6735,0,0
0.50715623703965,11348,2.674,0,0
0.50715635283355,11349,2.6745,0,0
0.5071564684497,11350,2.675,0,0
0.50715658388809,11351,2.6755,0,0
0.50715669914872,11352,2.676,0,0
0.50715681423158,11353,2.6765,0,0
0.50715692913669,11354,2.677,0,0
0.50715704386404,11355,2.6775,0,0
0.50715715841363,11356,2.678,0,0
0.50715727278546,11357,2.6785,0,0
0.50715738697953,11358,2.679,0,0
0.50715750099584,11359,2.6795,0,0
0.5071576148344,11360,2.68,0,0
0.50715772849519,11361,2.6805,0,0
0.50715784197823,11362,2.681,0,0
0.5071579552835,11363,2.6815,0,0
0.50715806841102,11364,2.682,0,0
0.50715818136079,11365,2.6825,0,0
0.50715829413279,11366,2.683,0,0
0.50715840672703,11367,2.6835,0,0
0.50715851914352,11368,2.684,0,0
0.50715863138225,11369,2.6845,0,0
0.50715874344322,11370,2.685,0,0
0.50715885532644,11371,2.6855,0,0
0.50715896703189,11372,2.686,0,0
0.50715907855959,11373,2.6865,0,0
0.50715918990954,11374,2.687,0,0
0.50715930108172,11375,2.6875,0,0
0.50715941207615,11376,2.688,0,0
0.50715952289282,11377,2.6885,0,0
0.50715963353174,11378,2.689,0,0
0.5071597439929,11379,2.6895,0,0
0.5071598542763,11380,2.69,0,0
0.50715996438195,11381,2.6905,0,0
0.50716007430984,11382,2.691,0,0
0.50716018405997,11383,2.6915,0,0
0.50716029363235,11384,2.692,0,0
0.50716040302697,11385,2.6925,0,0
0.50716051224383,11386,2.693,0,0
0.50716062128294,11387,2.6935,0,0
0.5071607301443,11388,2.694,0,0
0.5071608388279,11389,2.6945,0,0
0.50716094733374,11390,2.695,0,0
0.50716105566183,11391,2.6955,0,0
0.50716116381216,11392,2.696,0,0
0.50716127178474,11393,2.6965,0,0
0.50716137957956,11394,2.697,0,0
0.50716148719663,11395,2.6975,0,0
0.50716159463594,11396,2.698,0,0
0.5071617018975,11397,2.6985,0,0
0.50716180898131,11398,2.699,0,0
0.50716191588736,11399,2.6995,0,0
0.50716202261565,11400,2.7,0,0
0.5071621291662,11401,2.7005,0,0
0.50716223553898,11402,2.701,0,0
0.50716234173402,11403,2.7015,0,0
0.5071624477513,11404,2.702,0,0
0.50716255359082,11405,2.7025,0,0
0.5071626592526,11406,2.703,0,0
0.50716276473661,11407,2.7035,0,0
0.50716287004288,11408,2.704,0,0
0.50716297517139,11409,2.7045,0,0
0.50716308012215,11410,2.705,0,0
0.50716318489516,11411,2.7055,0,0
0.50716328949041,11412,2.706,0,0
0.50716339390791,11413,2.7065,0,0
0.50716349814766,11414,2.707,0,0
0.50716360220965,11415,2.7075,0,0
0.5071637060939,11416,2.708,0,0
0.50716380980039,11417,2.7085,0,0
0.50716391332912,11418,2.709,0,0
0.50716401668011,11419,2.7095,0,0
0.50716411985334,11420,2.71,0,0
0.50716422284882,11421,2.7105,0,0
0.50716432566655,11422,2.711,0,0
0.50716442830653,11423,2.7115,0,0
0.50716453076876,11424,2.712,0,0
0.50716463305323,11425,2.7125,0,0
0.50716473515995,11426,2.713,0,0
0.50716483708892,11427,2.7135,0,0
0.50716493884014,11428,2.714,0,0
0.50716504041361,11429,2.7145,0,0
0.50716514180933,11430,2.715,0,0
0.5071652430273,11431,2.7155,0,0
0.50716534406751,11432,2.716,0,0
0.50716544492998,11433,2.7165,0,0
0.50716554561469,11434,2.717,0,0
0.50716564612166,11435,2.7175,0,0
0.50716574645087,11436,2.718,0,0
0.50716584660233,11437,2.7185,0,0
0.50716594657605,11438,2.719,0,0
0.50716604637201,11439,2.7195,0,0
0.50716614599022,11440,2.72,0,0
0.50716624543069,11441,2.7205,0,0
0.5071663446934,11442,2.721,0,0
0.50716644377836,11443,2.7215,0,0
0.50716654268558,11444,2.722,0,0
0.50716664141504,11445,2.7225,0,0
0.50716673996675,11446,2.723,0,0
0.50716683834072,11447,2.7235,0,0
0.50716693653694,11448,2.724,0,0
0.5071670345554,11449,2.7245,0,0
0.50716713239612,11450,2.725,0,0
0.50716723005909,11451,2.7255,0,0
0.50716732754431,11452,2.726,0,0
0.50716742485178,11453,2.7265,0,0
0.5071675219815,11454,2.727,0,0
0.50716761893348,11455,2.7275,0,0
0.5071677157077,11456,2.728,0,0
0.50716781230418,11457,2.7285,0,0
0.50716790872291,11458,2.729,0,0
0.50716800496389,11459,2.7295,0,0
0.50716810102712,11460,2.73,0,0
0.50716819691261,11461,2.7305,0,0
0.50716829262035,11462,2.731,0,0
0.50716838815034,11463,2.7315,0,0
0.50716848350258,11464,2.732,0,0
0.50716857867707,11465,2.7325,0,0
0.50716867367382,11466,2.733,0,0
0.50716876849282,11467,2.7335,0,0
0.50716886313407,11468,2.734,0,0
0.50716895759758,11469,2.7345,0,0
0.50716905188333,11470,2.735,0,0
0.50716914599134,11471,2.7355,0,0
0.50716923992161,11472,2.736,0,0
0.50716933367413,11473,2.7365,0,0
0.5071694272489,11474,2.737,0,0
0.50716952064592,11475,2.7375,0,0
0.5071696138652,11476,2.738,0,0
0.50716970690673,11477,2.7385,0,0
0.50716979977051,11478,2.739,0,0
0.50716989245655,11479,2.7395,0,0
0.50716998496485,11480,2.74,0,0
0.50717007729539,11481,2.7405,0,0
0.50717016944819,11482,2.741,0,0
0.50717026142325,11483,2.7415,0,0
0.50717035322056,11484,2.742,0,0
0.50717044484012,11485,2.7425,0,0
0.50717053628194,11486,2.743,0,0
0.50717062754601,11487,2.7435,0,0
0.50717071863234,11488,2.744,0,0
0.50717080954092,11489,2.7445,0,0
0.50717090027176,11490,2.745,0,0
0.50717099082485,11491,2.7455,0,0
0.50717108120019,11492,2.746,0,0
0.50717117139779,11493,2.7465,0,0
0.50717126141765,11494,2.747,0,0
0.50717135125976,11495,2.7475,0,0
0.50717144092413,11496,2.748,0,0
0.50717153041075,11497,2.7485,0,0
0.50717161971963,11498,2.749,0,0
0.50717170885077,11499,2.7495,0,0
0.50717179780416,11500,2.75,0,0
0.5071718865798,11501,2.7505,0,0
0.5071719751777,11502,2.751,0,0
0.50717206359786,11503,2.7515,0,0
0.50717215184028,11504,2.752,0,0
0.50717223990494,11505,2.7525,0,0
0.50717232779187,11506,2.753,0,0
0.50717241550105,11507,2.7535,0,0
0.50717250303249,11508,2.754,0,0
0.50717259038619,11509,2.7545,0,0
0.50717267756214,11510,2.755,0,0
0.50717276456035,11511,2.7555,0,0
0.50717285138082,11512,2.756,0,0
0.50717293802354,11513,2.7565,0,0
0.50717302448852,11514,2.757,0,0
0.50717311077575,11515,2.7575,0,0
0.50717319688525,11516,2.758,0,0
0.507173282817,11517,2.7585,0,0
0.50717336857101,11518,2.759,0,0
0.50717345414727,11519,2.7595,0,0
0.5071735395458,11520,2.76,0,0
0.50717362476658,11521,2.7605,0,0
0.50717370980962,11522,2.761,0,0
0.50717379467491,11523,2.7615,0,0
0.50717387936247,11524,2.762,0,0
0.50717396387228,11525,2.7625,0,0
0.50717404820435,11526,2.763,0,0
0.50717413235868,11527,2.7635,0,0
0.50717421633527,11528,2.764,0,0
0.50717430013411,11529,2.7645,0,0
0.50717438375522,11530,2.765,0,0
0.50717446719858,11531,2.7655,0,0
0.5071745504642,11532,2.766,0,0
0.50717463355208,11533,2.7665,0,0
0.50717471646222,11534,2.767,0,0
0.50717479919461,11535,2.7675,0,0
0.50717488174927,11536,2.768,0,0
0.50717496412618,11537,2.7685,0,0
0.50717504632536,11538,2.769,0,0
0.50717512834679,11539,2.7695,0,0
0.50717521019048,11540,2.77,0,0
0.50717529185643,11541,2.7705,0,0
0.50717537334464,11542,2.771,0,0
0.50717545465511,11543,2.7715,0,0
0.50717553578784,11544,2.772,0,0
0.50717561674283,11545,2.7725,0,0
0.50717569752008,11546,2.773,0,0
0.50717577811959,11547,2.7735,0,0
0.50717585854136,11548,2.774,0,0
0.50717593878539,11549,2.7745,0,0
0.50717601885168,11550,2.775,0,0
0.50717609874023,11551,2.7755,0,0
0.50717617845104,11552,2.776,0,0
0.50717625798411,11553,2.7765,0,0
0.50717633733944,11554,2.777,0,0
0.50717641651703,11555,2.7775,0,0
0.50717649551688,11556,2.778,0,0
0.50717657433899,11557,2.7785,0,0
0.50717665298336,11558,2.779,0,0
0.50717673145,11559,2.7795,0,0
0.50717680973889,11560,2.78,0,0
0.50717688785004,11561,2.7805,0,0
0.50717696578346,11562,2.781,0,0
0.50717704353914,11563,2.7815,0,0
0.50717712111708,11564,2.782,0,0
0.50717719851728,11565,2.7825,0,0
0.50717727573974,11566,2.783,0,0
0.50717735278446,11567,2.7835,0,0
0.50717742965144,11568,2.784,0,0
0.50717750634069,11569,2.7845,0,0
0.5071775828522,11570,2.785,0,0
0.50717765918597,11571,2.7855,0,0
0.507177735342,11572,2.786,0,0
0.50717781132029,11573,2.7865,0,0
0.50717788712084,11574,2.787,0,0
0.50717796274366,11575,2.7875,0,0
0.50717803818874,11576,2.788,0,0
0.50717811345608,11577,2.7885,0,0
0.50717818854568,11578,2.789,0,0
0.50717826345755,11579,2.7895,0,0
0.50717833819168,11580,2.79,0,0
0.50717841274807,11581,2.7905,0,0
0.50717848712672,11582,2.791,0,0
0.50717856132764,11583,2.7915,0,0
0.50717863535082,11584,2.792,0,0
0.50717870919626,11585,2.7925,0,0
0.50717878286396,11586,2.793,0,0
0.50717885635393,11587,2.7935,0,0
0.50717892966616,11588,2.794,0,0
0.50717900280065,11589,2.7945,0,0
0.50717907575741,11590,2.795,0,0
0.50717914853643,11591,2.7955,0,0
0.50717922113771,11592,2.796,0,0
0.50717929356126,11593,2.7965,0,0
0.50717936580707,11594,2.797,0,0
0.50717943787514,11595,2.7975,0,0
0.50717950976548,11596,2.798,0,0
0.50717958147808,11597,2.7985,0,0
0.50717965301295,11598,2.799,0,0
0.50717972437008,11599,2.7995,0,0
0.50717979554947,11600,2.8,0,0
0.50717986655113,11601,2.8005,0,0
0.50717993737505,11602,2.801,0,0
0.50718000802123,11603,2.8015,0,0
0.50718007848968,11604,2.802,0,0
0.50718014878039,11605,2.8025,0,0
0.50718021889337,11606,2.803,0,0
0.50718028882861,11607,2.8035,0,0
0.50718035858612,11608,2.804,0,0
0.50718042816589,11609,2.8045,0,0
0.50718049756793,11610,2.805,0,0
0.50718056679223,11611,2.8055,0,0
0.50718063583879,11612,2.806,0,0
0.50718070470762,11613,2.8065,0,0
0.50718077339872,11614,2.807,0,0
0.50718084191208,11615,2.8075,0,0
0.50718091024771,11616,2.808,0,0
0.5071809784056,11617,2.8085,0,0
0.50718104638575,11618,2.809,0,0
0.50718111418817,11619,2.8095,0,0
0.50718118181286,11620,2.81,0,0
0.50718124925981,11621,2.8105,0,0
0.50718131652903,11622,2.811,0,0
0.50718138362051,11623,2.8115,0,0
0.50718145053426,11624,2.812,0,0
0.50718151727027,11625,2.8125,0,0
0.50718158382855,11626,2.813,0,0
0.5071816502091,11627,2.8135,0,0
0.50718171641191,11628,2.814,0,0
0.50718178243699,11629,2.8145,0,0
0.50718184828433,11630,2.815,0,0
0.50718191395394,11631,2.8155,0,0
0.50718197944582,11632,2.816,0,0
0.50718204475996,11633,2.8165,0,0
0.50718210989637,11634,2.817,0,0
0.50718217485504,11635,2.8175,0,0
0.50718223963598,11636,2.818,0,0
0.50718230423919,11637,2.8185,0,0
0.50718236866467,11638,2.819,0,0
0.50718243291241,11639,2.8195,0,0
0.50718249698241,11640,2.82,0,0
0.50718256087469,11641,2.8205,0,0
0.50718262458923,11642,2.821,0,0
0.50718268812604,11643,2.8215,0,0
0.50718275148511,11644,2.822,0,0
0.50718281466646,11645,2.8225,0,0
0.50718287767006,11646,2.823,0,0
0.50718294049594,11647,2.8235,0,0
0.50718300314408,11648,2.824,0,0
0.5071830656145,11649,2.8245,0,0
0.50718312790717,11650,2.825,0,0
0.50718319002212,11651,2.8255,0,0
0.50718325195933,11652,2.826,0,0
0.50718331371881,11653,2.8265,0,0
0.50718337530056,11654,2.827,0,0
0.50718343670458,11655,2.8275,0,0
0.50718349793086,11656,2.828,0,0
0.50718355897941,11657,2.8285,0,0
0.50718361985023,11658,2.829,0,0
0.50718368054332,11659,2.8295,0,0
0.50718374105867,11660,2.83,0,0
0.5071838013963,11661,2.8305,0,0
0.50718386155619,11662,2.831,0,0
0.50718392153835,11663,2.8315,0,0
0.50718398134278,11664,2.832,0,0
0.50718404096947,11665,2.8325,0,0
0.50718410041844,11666,2.833,0,0
0.50718415968967,11667,2.8335,0,0
0.50718421878317,11668,2.834,0,0
0.50718427769894,11669,2.8345,0,0
0.50718433643698,11670,2.835,0,0
0.50718439499728,11671,2.8355,0,0
0.50718445337986,11672,2.836,0,0
0.5071845115847,11673,2.8365,0,0
0.50718456961182,11674,2.837,0,0
0.5071846274612,11675,2.8375,0,0
0.50718468513285,11676,2.838,0,0
0.50718474262677,11677,2.8385,0,0
0.50718479994296,11678,2.839,0,0
0.50718485708142,11679,2.8395,0,0
0.50718491404214,11680,2.84,0,0
0.50718497082514,11681,2.8405,0,0
0.50718502743041,11682,2.841,0,0
0.50718508385794,11683,2.8415,0,0
0.50718514010775,11684,2.842,0,0
0.50718519617982,11685,2.8425,0,0
0.50718525207416,11686,2.843,0,0
0.50718530779078,11687,2.8435,0,0
0.50718536332966,11688,2.844,0,0
0.50718541869081,11689,2.8445,0,0
0.50718547387423,11690,2.845,0,0
0.50718552887993,11691,2.8455,0,0
0.50718558370789,11692,2.846,0,0
0.50718563835812,11693,2.8465,0,0
0.50718569283062,11694,2.847,0,0
0.50718574712539,11695,2.8475,0,0
0.50718580124244,11696,2.848,0,0
0.50718585518175,11697,2.8485,0,0
0.50718590894333,11698,2.849,0,0
0.50718596252718,11699,2.8495,0,0
0.50718601593331,11700,2.85,0,0
0.5071860691617,11701,2.8505,0,0
0.50718612221236,11702,2.851,0,0
0.5071861750853,11703,2.8515,0,0
0.5071862277805,11704,2.852,0,0
0.50718628029798,11705,2.8525,0,0
0.50718633263772,11706,2.853,0,0
0.50718638479974,11707,2.8535,0,0
0.50718643678403,11708,2.854,0,0
0.50718648859058,11709,2.8545,0,0
0.50718654021941,11710,2.855,0,0
0.50718659167051,11711,2.8555,0,0
0.50718664294388,11712,2.856,0,0
0.50718669403952,11713,2.8565,0,0
0.50718674495744,11714,2.857,0,0
0.50718679569762,11715,2.8575,0,0
0.50718684626008,11716,2.858,0,0
0.5071868966448,11717,2.8585,0,0
0.5071869468518,11718,2.859,0,0
0.50718699688107,11719,2.8595,0,0
0.50718704673261,11720,2.86,0,0
0.50718709640642,11721,2.8605,0,0
0.5071871459025,11722,2.861,0,0
0.50718719522086,11723,2.8615,0,0
0.50718724436148,11724,2.862,0,0
0.50718729332438,11725,2.8625,0,0
0.50718734210955,11726,2.863,0,0
0.50718739071699,11727,2.8635,0,0
0.5071874391467,11728,2.864,0,0
0.50718748739869,11729,2.8645,0,0
0.50718753547295,11730,2.865,0,0
0.50718758336947,11731,2.8655,0,0
0.50718763108827,11732,2.866,0,0
0.50718767862935,11733,2.8665,0,0
0.50718772599269,11734,2.867,0,0
0.50718777317831,11735,2.8675,0,0
0.5071878201862,11736,2.868,0,0
0.50718786701636,11737,2.8685,0,0
0.50718791366879,11738,2.869,0,0
0.5071879601435,11739,2.8695,0,0
0.50718800644047,11740,2.87,0,0
0.50718805255972,11741,2.8705,0,0
0.50718809850125,11742,2.871,0,0
0.50718814426504,11743,2.8715,0,0
0.50718818985111,11744,2.872,0,0
0.50718823525945,11745,2.8725,0,0
0.50718828049006,11746,2.873,0,0
0.50718832554295,11747,2.8735,0,0
0.50718837041811,11748,2.874,0,0
0.50718841511554,11749,2.8745,0,0
0.50718845963524,11750,2.875,0,0
0.50718850397722,11751,2.8755,0,0
0.50718854814147,11752,2.876,0,0
0.50718859212799,11753,2.8765,0,0
0.50718863593679,11754,2.877,0,0
0.50718867956785,11755,2.8775,0,0
0.5071887230212,11756,2.878,0,0
0.50718876629681,11757,2.8785,0,0
0.5071888093947,11758,2.879,0,0
0.50718885231486,11759,2.8795,0,0
0.50718889505729,11760,2.88,0,0
0.507188937622,11761,2.8805,0,0
0.50718898000898,11762,2.881,0,0
0.50718902221824,11763,2.8815,0,0
0.50718906424977,11764,2.882,0,0
0.50718910610357,11765,2.8825,0,0
0.50718914777964,11766,2.883,0,0
0.50718918927799,11767,2.8835,0,0
0.50718923059861,11768,2.884,0,0
0.50718927174151,11769,2.8845,0,0
0.50718931270668,11770,2.885,0,0
0.50718935349412,11771,2.8855,0,0
0.50718939410384,11772,2.886,0,0
0.50718943453583,11773,2.8865,0,0
0.50718947479009,11774,2.887,0,0
0.50718951486663,11775,2.8875,0,0
0.50718955476544,11776,2.888,0,0
0.50718959448653,11777,2.8885,0,0
0.50718963402989,11778,2.889,0,0
0.50718967339552,11779,2.8895,0,0
0.50718971258343,11780,2.89,0,0
0.50718975159362,11781,2.8905,0,0
0.50718979042607,11782,2.891,0,0
0.5071898290808,11783,2.8915,0,0
0.50718986755781,11784,2.892,0,0
0.50718990585709,11785,2.8925,0,0
0.50718994397864,11786,2.893,0,0
0.50718998192247,11787,2.8935,0,0
0.50719001968857,11788,2.894,0,0
0.50719005727695,11789,2.8945,0,0
0.5071900946876,11790,2.895,0,0
0.50719013192053,11791,2.8955,0,0
0.50719016897573,11792,2.896,0,0
0.5071902058532,11793,2.8965,0,0
0.50719024255295,11794,2.897,0,0
0.50719027907498,11795,2.8975,0,0
0.50719031541928,11796,2.898,0,0
0.50719035158585,11797,2.8985,0,0
0.5071903875747,11798,2.899,0,0
0.50719042338582,11799,2.8995,0,0
0.50719045901922,11800,2.9,0,0
0.5071904944749,11801,2.9005,0,0
0.50719052975284,11802,2.901,0,0
0.50719056485307,11803,2.9015,0,0
0.50719059977557,11804,2.902,0,0
0.50719063452034,11805,2.9025,0,0
0.50719066908739,11806,2.903,0,0
0.50719070347671,11807,2.9035,0,0
0.50719073768831,11808,2.904,0,0
0.50719077172218,11809,2.9045,0,0
0.50719080557833,11810,2.905,0,0
0.50719083925676,11811,2.9055,0,0
0.50719087275746,11812,2.906,0,0
0.50719090608043,11813,2.9065,0,0
0.50719093922568,11814,2.907,0,0
0.50719097219321,11815,2.9075,0,0
0.50719100498301,11816,2.908,0,0
0.50719103759509,11817,2.9085,0,0
0.50719107002944,11818,2.909,0,0
0.50719110228607,11819,2.9095,0,0
0.50719113436497,11820,2.91,0,0
0.50719116626615,11821,2.9105,0,0
0.5071911979896,11822,2.911,0,0
0.50719122953533,11823,2.9115,0,0
0.50719126090334,11824,2.912,0,0
0.50719129209362,11825,2.9125,0,0
0.50719132310618,11826,2.913,0,0
0.50719135394101,11827,2.9135,0,0
0.50719138459812,11828,2.914,0,0
0.5071914150775,11829,2.9145,0,0
0.50719144537917,11830,2.915,0,0
0.5071914755031,11831,2.9155,0,0
0.50719150544931,11832,2.916,0,0
0.5071915352178,11833,2.9165,0,0
0.50719156480857,11834,2.917,0,0
0.50719159422161,11835,2.9175,0,0
0.50719162345692,11836,2.918,0,0
0.50719165251452,11837,2.9185,0,0
0.50719168139438,11838,2.919,0,0
0.50719171009653,11839,2.9195,0,0
0.50719173862095,11840,2.92,0,0
0.50719176696765,11841,2.9205,0,0
0.50719179513662,11842,2.921,0,0
0.50719182312787,11843,2.9215,0,0
0.5071918509414,11844,2.922,0,0
0.5071918785772,11845,2.9225,0,0
0.50719190603528,11846,2.923,0,0
0.50719193331563,11847,2.9235,0,0
0.50719196041826,11848,2.924,0,0
0.50719198734317,11849,2.9245,0,0
0.50719201409036,11850,2.925,0,0
0.50719204065982,11851,2.9255,0,0
0.50719206705155,11852,2.926,0,0
0.50719209326557,11853,2.9265,0,0
0.50719211930186,11854,2.927,0,0
0.50719214516043,11855,2.9275,0,0
0.50719217084127,11856,2.928,0,0
0.50719219634439,11857,2.9285,0,0
0.50719222166979,11858,2.929,0,0
0.50719224681746,11859,2.9295,0,0
0.50719227178741,11860,2.93,0,0
0.50719229657964,11861,2.9305,0,0
0.50719232119414,11862,2.931,0,0
0.50719234563092,11863,2.9315,0,0
0.50719236988998,11864,2.932,0,0
0.50719239397131,11865,2.9325,0,0
0.50719241787493,11866,2.933,0,0
0.50719244160081,11867,2.9335,0,0
0.50719246514898,11868,2.934,0,0
0.50719248851942,11869,2.9345,0,0
0.50719251171214,11870,2.935,0,0
0.50719253472714,11871,2.9355,0,0
0.50719255756441,11872,2.936,0,0
0.50719258022396,11873,2.9365,0,0
0.50719260270579,11874,2.937,0,0
0.50719262500989,11875,2.9375,0,0
0.50719264713627,11876,2.938,0,0
0.50719266908493,11877,2.9385,0,0
0.50719269085587,11878,2.939,0,0
0.50719271244908,11879,2.9395,0,0
0.50719273386457,11880,2.94,0,0
0.50719275510234,11881,2.9405,0,0
0.50719277616238,11882,2.941,0,0
0.5071927970447,11883,2.9415,0,0
0.5071928177493,11884,2.942,0,0
0.50719283827618,11885,2.9425,0,0
0.50719285862533,11886,2.943,0,0
0.50719287879676,11887,2.9435,0,0
0.50719289879047,11888,2.944,0,0
0.50719291860646,11889,2.9445,0,0
0.50719293824472,11890,2.945,0,0
0.50719295770526,11891,2.9455,0,0
0.50719297698808,11892,2.946,0,0
0.50719299609318,11893,2.9465,0,0
0.50719301502055,11894,2.947,0,0
0.5071930337702,11895,2.9475,0,0
0.50719305234213,11896,2.948,0,0
0.50719307073633,11897,2.9485,0,0
0.50719308895282,11898,2.949,0,0
0.50719310699158,11899,2.9495,0,0
0.50719312485261,11900,2.95,0,0
0.50719314253593,11901,2.9505,0,0
0.50719316004152,11902,2.951,0,0
0.5071931773694,11903,2.9515,0,0
0.50719319451955,11904,2.952,0,0
0.50719321149197,11905,2.9525,0,0
0.50719322828668,11906,2.953,0,0
0.50719324490366,11907,2.9535,0,0
0.50719326134292,11908,2.954,0,0
0.50719327760446,11909,2.9545,0,0
0.50719329368827,11910,2.955,0,0
0.50719330959436,11911,2.9555,0,0
0.50719332532274,11912,2.956,0,0
0.50719334087338,11913,2.9565,0,0
0.50719335624631,11914,2.957,0,0
0.50719337144152,11915,2.9575,0,0
0.507193386459,11916,2.958,0,0
0.50719340129876,11917,2.9585,0,0
0.5071934159608,11918,2.959,0,0
0.50719343044511,11919,2.9595,0,0
0.50719344475171,11920,2.96,0,0
0.50719345888058,11921,2.9605,0,0
0.50719347283173,11922,2.961,0,0
0.50719348660516,11923,2.9615,0,0
0.50719350020086,11924,2.962,0,0
0.50719351361885,11925,2.9625,0,0
0.50719352685911,11926,2.963,0,0
0.50719353992165,11927,2.9635,0,0
0.50719355280647,11928,2.964,0,0
0.50719356551356,11929,2.9645,0,0
0.50719357804294,11930,2.965,0,0
0.50719359039459,11931,2.9655,0,0
0.50719360256852,11932,2.966,0,0
0.50719361456473,11933,2.9665,0,0
0.50719362638322,11934,2.967,0,0
0.50719363802398,11935,2.9675,0,0
0.50719364948702,11936,2.968,0,0
0.50719366077234,11937,2.9685,0,0
0.50719367187994,11938,2.969,0,0
0.50719368280982,11939,2.9695,0,0
0.50719369356198,11940,2.97,0,0
0.50719370413641,11941,2.9705,0,0
0.50719371453312,11942,2.971,0,0
0.50719372475211,11943,2.9715,0,0
0.50719373479338,11944,2.972,0,0
0.50719374465693,11945,2.9725,0,0
0.50719375434275,11946,2.973,0,0
0.50719376385086,11947,2.9735,0,0
0.50719377318124,11948,2.974,0,0
0.5071937823339,11949,2.9745,0,0
0.50719379130884,11950,2.975,0,0
0.50719380010605,11951,2.9755,0,0
0.50719380872555,11952,2.976,0,0
0.50719381716732,11953,2.9765,0,0
0.50719382543137,11954,2.977,0,0
0.5071938335177,11955,2.9775,0,0
0.50719384142631,11956,2.978,0,0
0.5071938491572,11957,2.9785,0,0
0.50719385671036,11958,2.979,0,0
0.5071938640858,11959,2.9795,0,0
0.50719387128352,11960,2.98,0,0
0.50719387830352,11961,2.9805,0,0
0.5071938851458,11962,2.981,0,0
0.50719389181036,11963,2.9815,0,0
0.50719389829719,11964,2.982,0,0
0.50719390460631,11965,2.9825,0,0
0.5071939107377,11966,2.983,0,0
0.50719391669137,11967,2.9835,0,0
0.50719392246732,11968,2.984,0,0
0.50719392806555,11969,2.9845,0,0
0.50719393348605,11970,2.985,0,0
0.50719393872884,11971,2.9855,0,0
0.5071939437939,11972,2.986,0,0
0.50719394868124,11973,2.9865,0,0
0.50719395339086,11974,2.987,0,0
0.50719395792276,11975,2.9875,0,0
0.50719396227693,11976,2.988,0,0
0.50719396645339,11977,2.9885,0,0
0.50719397045212,11978,2.989,0,0
0.50719397427313,11979,2.9895,0,0
0.50719397791642,11980,2.99,0,0
0.50719398138199,11981,2.9905,0,0
0.50719398466984,11982,2.991,0,0
0.50719398777997,11983,2.9915,0,0
0.50719399071237,11984,2.992,0,0
0.50719399346705,11985,2.9925,0,0
0.50719399604402,11986,2.993,0,0
0.50719399844326,11987,2.9935,0,0
0.50719400066477,11988,2.994,0,0
0.50719400270857,11989,2.9945,0,0
0.50719400457465,11990,2.995,0,0
0.507194006263,11991,2.9955,0,0
0.50719400777363,11992,2.996,0,0
0.50719400910654,11993,2.9965,0,0
0.50719401026173,11994,2.997,0,0
0.5071940112392,11995,2.9975,0,0
0.50719401203895,11996,2.998,0,0
0.50719401266097,11997,2.9985,0,0
0.50719401310528,11998,2.999,0,0
0.50719401337186,11999,2.9995,0,0
0.50719401346072,12000,3,0,0
