cp,id,x,y,z
0.44879992856804,4000,0,0,0
0.10107349465579,4001,0.00025,0,0
0.15846236431235,4002,0.0005,0,0
0.14361280743222,4003,0.00075,0,0
0.14693743124078,4004,0.001,0,0
0.1461687691835,4005,0.00125,0,0
0.14634526716012,4006,0.0015,0,0
0.14630478160213,4007,0.00175,0,0
0.14631417579815,4008,0.002,0,0
0.14631210722872,4009,0.00225,0,0
0.14631267307901,4010,0.0025,0,0
0.14631263348579,4011,0.00275,0,0
0.14631273303632,4012,0.003,0,0
0.14631280060862,4013,0.00325,0,0
0.14631287553012,4014,0.0035,0,0
0.14631294876256,4015,0.00375,0,0
0.14631302238313,4016,0.004,0,0
0.14631309591443,4017,0.00425,0,0
0.14631316946618,4018,0.0045,0,0
0.14631324301317,4019,0.00475,0,0
0.14631331656119,4020,0.005,0,0
0.14631339010892,4021,0.00525,0,0
0.14631346365665,4022,0.0055,0,0
0.14631353720431,4023,0.00575,0,0
0.14631361075193,4024,0.006,0,0
0.1463136842995,4025,0.00625,0,0
0.14631375784701,4026,0.0065,0,0
0.14631383139448,4027,0.00675,0,0
0.14631390494189,4028,0.007,0,0
0.14631397848926,4029,0.00725,0,0
0.14631405203657,4030,0.0075,0,0
0.14631412558384,4031,0.00775,0,0
0.14631419913105,4032,0.008,0,0
0.14631427267821,4033,0.00825,0,0
0.14631434622533,4034,0.0085,0,0
0.14631441977239,4035,0.00875,0,0
0.1463144933194,4036,0.009,0,0
0.14631456686636,4037,0.00925,0,0
0.14631464041327,4038,0.0095,0,0
0.14631471396013,4039,0.00975,0,0
0.14631478750694,4040,0.01,0,0
0.1463148610537,4041,0.01025,0,0
0.1463149346004,4042,0.0105,0,0
0.14631500814706,4043,0.01075,0,0
0.14631508169367,4044,0.011,0,0
0.14631515524023,4045,0.01125,0,0
0.14631522878673,4046,0.0115,0,0
0.14631530233319,4047,0.01175,0,0
0.14631537587959,4048,0.012,0,0
0.14631544942595,4049,0.01225,0,0
0.14631552297225,4050,0.0125,0,0
0.14631559651851,4051,0.01275,0,0
0.14631567006471,4052,0.013,0,0
0.14631574361087,4053,0.01325,0,0
0.14631581715697,4054,0.0135,0,0
0.14631589070302,4055,0.01375,0,0
0.14631596424903,4056,0.014,0,0
0.14631603779498,4057,0.01425,0,0
0.14631611134088,4058,0.0145,0,0
0.14631618488673,4059,0.01475,0,0
0.14631625843253,4060,0.015,0,0
0.14631633197828,4061,0.01525,0,0
0.14631640552398,4062,0.0155,0,0
0.14631647906963,4063,0.01575,0,0
0.14631655261523,4064,0.016,0,0
0.14631662616078,4065,0.01625,0,0
0.14631669970628,4066,0.0165,0,0
0.14631677325173,4067,0.01675,0,0
0.14631684679713,4068,0.017,0,0
0.14631692034248,4069,0.01725,0,0
0.14631699388778,4070,0.0175,0,0
0.14631706743303,4071,0.01775,0,0
0.14631714097822,4072,0.018,0,0
0.14631721452337,4073,0.01825,0,0
0.14631728806847,4074,0.0185,0,0
0.14631736161352,4075,0.01875,0,0
0.14631743515851,4076,0.019,0,0
0.14631750870346,4077,0.01925,0,0
0.14631758224836,4078,0.0195,0,0
0.1463176557932,4079,0.01975,0,0
0.146317729338,4080,0.02,0,0
0.14631780288274,4081,0.02025,0,0
0.14631787642744,4082,0.0205,0,0
0.14631794997208,4083,0.02075,0,0
0.14631802351668,4084,0.021,0,0
0.14631809706123,4085,0.02125,0,0
0.14631817060572,4086,0.0215,0,0
0.14631824415017,4087,0.02175,0,0
0.14631831769456,4088,0.022,0,0
0.14631839123891,4089,0.02225,0,0
0.1463184647832,4090,0.0225,0,0
0.14631853832745,4091,0.02275,0,0
0.14631861187164,4092,0.023,0,0
0.14631868541578,4093,0.02325,0,0
0.14631875895988,4094,0.0235,0,0
0.14631883250392,4095,0.02375,0,0
0.14631890604792,4096,0.024,0,0
0.14631897959186,4097,0.02425,0,0
0.14631905313576,4098,0.0245,0,0
0.1463191266796,4099,0.02475,0,0
0.14631920022339,4100,0.025,0,0
0.14631927376714,4101,0.02525,0,0
0.14631934731083,4102,0.0255,0,0
0.14631942085448,4103,0.02575,0,0
0.14631949439807,4104,0.026,0,0
0.14631956794161,4105,0.02625,0,0
0.14631964148511,4106,0.0265,0,0
0.14631971502855,4107,0.02675,0,0
0.14631978857195,4108,0.027,0,0
0.14631986211529,4109,0.02725,0,0
0.14631993565858,4110,0.0275,0,0
0.14632000920183,4111,0.02775,0,0
0.14632008274502,4112,0.028,0,0
0.14632015628817,4113,0.02825,0,0
0.14632022983126,4114,0.0285,0,0
0.14632030337431,4115,0.02875,0,0
0.1463203769173,4116,0.029,0,0
0.14632045046025,4117,0.02925,0,0
0.14632052400314,4118,0.0295,0,0
0.14632059754599,4119,0.02975,0,0
0.14632067108878,4120,0.03,0,0
0.14632074463153,4121,0.03025,0,0
0.14632081817422,4122,0.0305,0,0
0.14632089171687,4123,0.03075,0,0
0.14632096525946,4124,0.031,0,0
0.14632103880201,4125,0.03125,0,0
0.1463211123445,4126,0.0315,0,0
0.14632118588695,4127,0.03175,0,0
0.14632125942935,4128,0.032,0,0
0.14632133297169,4129,0.03225,0,0
0.14632140651399,4130,0.0325,0,0
0.14632148005624,4131,0.03275,0,0
0.14632155359843,4132,0.033,0,0
0.14632162714058,4133,0.03325,0,0
0.14632170068268,4134,0.0335,0,0
0.14632177422473,4135,0.03375,0,0
0.14632184776673,4136,0.034,0,0
0.14632192130867,4137,0.03425,0,0
0.14632199485057,4138,0.0345,0,0
0.14632206839242,4139,0.03475,0,0
0.14632214193422,4140,0.035,0,0
0.14632221547597,4141,0.03525,0,0
0.14632228901767,4142,0.0355,0,0
0.14632236255932,4143,0.03575,0,0
0.14632243610092,4144,0.036,0,0
0.14632250964247,4145,0.03625,0,0
0.14632258318397,4146,0.0365,0,0
0.14632265672543,4147,0.03675,0,0
0.14632273026683,4148,0.037,0,0
0.14632280380818,4149,0.03725,0,0
0.14632287734948,4150,0.0375,0,0
0.14632295089073,4151,0.03775,0,0
0.14632302443194,4152,0.038,0,0
0.14632309797309,4153,0.03825,0,0
0.1463231715142,4154,0.0385,0,0
0.14632324505525,4155,0.03875,0,0
0.14632331859626,4156,0.039,0,0
0.14632339213721,4157,0.03925,0,0
0.14632346567812,4158,0.0395,0,0
0.14632353921897,4159,0.03975,0,0
0.14632361275978,4160,0.04,0,0
0.14632368630054,4161,0.04025,0,0
0.14632375984124,4162,0.0405,0,0
0.1463238333819,4163,0.04075,0,0
0.14632390692251,4164,0.041,0,0
0.14632398046307,4165,0.04125,0,0
0.14632405400358,4166,0.0415,0,0
0.14632412754404,4167,0.04175,0,0
0.14632420108445,4168,0.042,0,0
0.14632427462481,4169,0.04225,0,0
0.14632434816512,4170,0.0425,0,0
0.14632442170538,4171,0.04275,0,0
0.1463244952456,4172,0.043,0,0
0.14632456878576,4173,0.04325,0,0
0.14632464232587,4174,0.0435,0,0
0.14632471586594,4175,0.04375,0,0
0.14632478940595,4176,0.044,0,0
0.14632486294592,4177,0.04425,0,0
0.14632493648583,4178,0.0445,0,0
0.1463250100257,4179,0.04475,0,0
0.14632508356552,4180,0.045,0,0
0.14632515710529,4181,0.04525,0,0
0.146325230645,4182,0.0455,0,0
0.14632530418467,4183,0.04575,0,0
0.14632537772429,4184,0.046,0,0
0.14632545126386,4185,0.04625,0,0
0.14632552480338,4186,0.0465,0,0
0.14632559834286,4187,0.04675,0,0
0.14632567188228,4188,0.047,0,0
0.14632574542165,4189,0.04725,0,0
0.14632581896098,4190,0.0475,0,0
0.14632589250025,4191,0.04775,0,0
0.14632596603948,4192,0.048,0,0
0.14632603957865,4193,0.04825,0,0
0.14632611311778,4194,0.0485,0,0
0.14632618665686,4195,0.04875,0,0
0.14632626019588,4196,0.049,0,0
0.14632633373486,4197,0.04925,0,0
0.14632640727379,4198,0.0495,0,0
0.14632648081267,4199,0.04975,0,0
0.1463265543515,4200,0.05,0,0
0.14632662789029,4201,0.05025,0,0
0.14632670142902,4202,0.0505,0,0
0.1463267749677,4203,0.05075,0,0
0.14632684850634,4204,0.051,0,0
0.14632692204492,4205,0.05125,0,0
0.14632699558346,4206,0.0515,0,0
0.14632706912194,4207,0.05175,0,0
0.14632714266038,4208,0.052,0,0
0.14632721619877,4209,0.05225,0,0
0.14632728973711,4210,0.0525,0,0
0.1463273632754,4211,0.05275,0,0
0.14632743681364,4212,0.053,0,0
0.14632751035183,4213,0.05325,0,0
0.14632758388998,4214,0.0535,0,0
0.14632765742807,4215,0.05375,0,0
0.14632773096611,4216,0.054,0,0
0.14632780450411,4217,0.05425,0,0
0.14632787804206,4218,0.0545,0,0
0.14632795157995,4219,0.05475,0,0
0.1463280251178,4220,0.055,0,0
0.1463280986556,4221,0.05525,0,0
0.14632817219335,4222,0.0555,0,0
0.14632824573105,4223,0.05575,0,0
0.14632831926871,4224,0.056,0,0
0.14632839280631,4225,0.05625,0,0
0.14632846634386,4226,0.0565,0,0
0.14632853988137,4227,0.05675,0,0
0.14632861341883,4228,0.057,0,0
0.14632868695623,4229,0.05725,0,0
0.14632876049359,4230,0.0575,0,0
0.1463288340309,4231,0.05775,0,0
0.14632890756816,4232,0.058,0,0
0.14632898110537,4233,0.05825,0,0
0.14632905464254,4234,0.0585,0,0
0.14632912817965,4235,0.05875,0,0
0.14632920171671,4236,0.059,0,0
0.14632927525373,4237,0.05925,0,0
0.1463293487907,4238,0.0595,0,0
0.14632942232761,4239,0.05975,0,0
0.14632949586448,4240,0.06,0,0
0.1463295694013,4241,0.06025,0,0
0.14632964293807,4242,0.0605,0,0
0.1463297164748,4243,0.06075,0,0
0.14632979001147,4244,0.061,0,0
0.1463298635481,4245,0.06125,0,0
0.14632993708467,4246,0.0615,0,0
0.1463300106212,4247,0.06175,0,0
0.14633008415768,4248,0.062,0,0
0.14633015769411,4249,0.06225,0,0
0.14633023123049,4250,0.0625,0,0
0.14633030476682,4251,0.06275,0,0
0.1463303783031,4252,0.063,0,0
0.14633045183934,4253,0.06325,0,0
0.14633052537552,4254,0.0635,0,0
0.14633059891166,4255,0.06375,0,0
0.14633067244775,4256,0.064,0,0
0.14633074598379,4257,0.06425,0,0
0.14633081951978,4258,0.0645,0,0
0.14633089305572,4259,0.06475,0,0
0.14633096659161,4260,0.065,0,0
0.14633104012746,4261,0.06525,0,0
0.14633111366325,4262,0.0655,0,0
0.146331187199,4263,0.06575,0,0
0.1463312607347,4264,0.066,0,0
0.14633133427035,4265,0.06625,0,0
0.14633140780595,4266,0.0665,0,0
0.1463314813415,4267,0.06675,0,0
0.14633155487701,4268,0.067,0,0
0.14633162841246,4269,0.06725,0,0
0.14633170194787,4270,0.0675,0,0
0.14633177548323,4271,0.06775,0,0
0.14633184901854,4272,0.068,0,0
0.1463319225538,4273,0.06825,0,0
0.14633199608901,4274,0.0685,0,0
0.14633206962417,4275,0.06875,0,0
0.14633214315929,4276,0.069,0,0
0.14633221669436,4277,0.06925,0,0
0.14633229022937,4278,0.0695,0,0
0.14633236376434,4279,0.06975,0,0
0.14633243729926,4280,0.07,0,0
0.14633251083414,4281,0.07025,0,0
0.14633258436896,4282,0.0705,0,0
0.14633265790374,4283,0.07075,0,0
0.14633273143846,4284,0.071,0,0
0.14633280497314,4285,0.07125,0,0
0.14633287850777,4286,0.0715,0,0
0.14633295204235,4287,0.07175,0,0
0.14633302557689,4288,0.072,0,0
0.14633309911137,4289,0.07225,0,0
0.14633317264581,4290,0.0725,0,0
0.1463332461802,4291,0.07275,0,0
0.14633331971453,4292,0.073,0,0
0.14633339324883,4293,0.07325,0,0
0.14633346678307,4294,0.0735,0,0
0.14633354031726,4295,0.07375,0,0
0.14633361385141,4296,0.074,0,0
0.14633368738551,4297,0.07425,0,0
0.14633376091955,4298,0.0745,0,0
0.14633383445355,4299,0.07475,0,0
0.14633390798751,4300,0.075,0,0
0.14633398152141,4301,0.07525,0,0
0.14633405505527,4302,0.0755,0,0
0.14633412858907,4303,0.07575,0,0
0.14633420212283,4304,0.076,0,0
0.14633427565654,4305,0.07625,0,0
0.14633434919021,4306,0.0765,0,0
0.14633442272382,4307,0.07675,0,0
0.14633449625739,4308,0.077,0,0
0.1463345697909,4309,0.07725,0,0
0.14633464332437,4310,0.0775,0,0
0.14633471685779,4311,0.07775,0,0
0.14633479039117,4312,0.078,0,0
0.14633486392449,4313,0.07825,0,0
0.14633493745777,4314,0.0785,0,0
0.146335010991,4315,0.07875,0,0
0.14633508452418,4316,0.079,0,0
0.14633515805731,4317,0.07925,0,0
0.14633523159039,4318,0.0795,0,0
0.14633530512343,4319,0.07975,0,0
0.14633537865641,4320,0.08,0,0
0.14633545218935,4321,0.08025,0,0
0.14633552572224,4322,0.0805,0,0
0.14633559925509,4323,0.08075,0,0
0.14633567278788,4324,0.081,0,0
0.14633574632063,4325,0.08125,0,0
0.14633581985333,4326,0.0815,0,0
0.14633589338598,4327,0.08175,0,0
0.14633596691858,4328,0.082,0,0
0.14633604045113,4329,0.08225,0,0
0.14633611398364,4330,0.0825,0,0
0.1463361875161,4331,0.08275,0,0
0.14633626104851,4332,0.083,0,0
0.14633633458087,4333,0.08325,0,0
0.14633640811318,4334,0.0835,0,0
0.14633648164545,4335,0.08375,0,0
0.14633655517767,4336,0.084,0,0
0.14633662870984,4337,0.08425,0,0
0.14633670224196,4338,0.0845,0,0
0.14633677577403,4339,0.08475,0,0
0.14633684930606,4340,0.085,0,0
0.14633692283803,4341,0.08525,0,0
0.14633699636996,4342,0.0855,0,0
0.14633706990185,4343,0.08575,0,0
0.14633714343368,4344,0.086,0,0
0.14633721696547,4345,0.08625,0,0
0.1463372904972,4346,0.0865,0,0
0.14633736402889,4347,0.08675,0,0
0.14633743756054,4348,0.087,0,0
0.14633751109213,4349,0.08725,0,0
0.14633758462368,4350,0.0875,0,0
0.14633765815518,4351,0.08775,0,0
0.14633773168663,4352,0.088,0,0
0.14633780521803,4353,0.08825,0,0
0.14633787874939,4354,0.0885,0,0
0.14633795228069,4355,0.08875,0,0
0.14633802581195,4356,0.089,0,0
0.14633809934316,4357,0.08925,0,0
0.14633817287433,4358,0.0895,0,0
0.14633824640544,4359,0.08975,0,0
0.14633831993651,4360,0.09,0,0
0.14633839346753,4361,0.09025,0,0
0.14633846699851,4362,0.0905,0,0
0.14633854052943,4363,0.09075,0,0
0.14633861406031,4364,0.091,0,0
0.14633868759114,4365,0.09125,0,0
0.14633876112192,4366,0.0915,0,0
0.14633883465265,4367,0.09175,0,0
0.14633890818334,4368,0.092,0,0
0.14633898171398,4369,0.09225,0,0
0.14633905524457,4370,0.0925,0,0
0.14633912877511,4371,0.09275,0,0
0.14633920230561,4372,0.093,0,0
0.14633927583605,4373,0.09325,0,0
0.14633934936645,4374,0.0935,0,0
0.14633942289681,4375,0.09375,0,0
0.14633949642711,4376,0.094,0,0
0.14633956995737,4377,0.09425,0,0
0.14633964348758,4378,0.0945,0,0
0.14633971701774,4379,0.09475,0,0
0.14633979054786,4380,0.095,0,0
0.14633986407792,4381,0.09525,0,0
0.14633993760794,4382,0.0955,0,0
0.14634001113791,4383,0.09575,0,0
0.14634008466784,4384,0.096,0,0
0.14634015819771,4385,0.09625,0,0
0.14634023172754,4386,0.0965,0,0
0.14634030525732,4387,0.09675,0,0
0.14634037878706,4388,0.097,0,0
0.14634045231674,4389,0.09725,0,0
0.14634052584638,4390,0.0975,0,0
0.14634059937598,4391,0.09775,0,0
0.14634067290552,4392,0.098,0,0
0.14634074643502,4393,0.09825,0,0
0.14634081996446,4394,0.0985,0,0
0.14634089349387,4395,0.09875,0,0
0.14634096702322,4396,0.099,0,0
0.14634104055253,4397,0.09925,0,0
0.14634111408179,4398,0.0995,0,0
0.146341187611,4399,0.09975,0,0
0.14634126114016,4400,0.1,0,0
0.14634133466928,4401,0.10025,0,0
0.14634140819835,4402,0.1005,0,0
0.14634148172737,4403,0.10075,0,0
0.14634155525635,4404,0.101,0,0
0.14634162878527,4405,0.10125,0,0
0.14634170231415,4406,0.1015,0,0
0.14634177584299,4407,0.10175,0,0
0.14634184937177,4408,0.102,0,0
0.14634192290051,4409,0.10225,0,0
0.1463419964292,4410,0.1025,0,0
0.14634206995785,4411,0.10275,0,0
0.14634214348644,4412,0.103,0,0
0.14634221701499,4413,0.10325,0,0
0.14634229054349,4414,0.1035,0,0
0.14634236407195,4415,0.10375,0,0
0.14634243760036,4416,0.104,0,0
0.14634251112872,4417,0.10425,0,0
0.14634258465703,4418,0.1045,0,0
0.14634265818529,4419,0.10475,0,0
0.14634273171351,4420,0.105,0,0
0.14634280524168,4421,0.10525,0,0
0.14634287876981,4422,0.1055,0,0
0.14634295229788,4423,0.10575,0,0
0.14634302582591,4424,0.106,0,0
0.1463430993539,4425,0.10625,0,0
0.14634317288183,4426,0.1065,0,0
0.14634324640972,4427,0.10675,0,0
0.14634331993756,4428,0.107,0,0
0.14634339346536,4429,0.10725,0,0
0.1463434669931,4430,0.1075,0,0
0.1463435405208,4431,0.10775,0,0
0.14634361404846,4432,0.108,0,0
0.14634368757606,4433,0.10825,0,0
0.14634376110362,4434,0.1085,0,0
0.14634383463113,4435,0.10875,0,0
0.1463439081586,4436,0.109,0,0
0.14634398168601,4437,0.10925,0,0
0.14634405521338,4438,0.1095,0,0
0.14634412874071,4439,0.10975,0,0
0.14634420226798,4440,0.11,0,0
0.14634427579521,4441,0.11025,0,0
0.1463443493224,4442,0.1105,0,0
0.14634442284953,4443,0.11075,0,0
0.14634449637662,4444,0.111,0,0
0.14634456990366,4445,0.11125,0,0
0.14634464343066,4446,0.1115,0,0
0.1463447169576,4447,0.11175,0,0
0.1463447904845,4448,0.112,0,0
0.14634486401136,4449,0.11225,0,0
0.14634493753816,4450,0.1125,0,0
0.14634501106492,4451,0.11275,0,0
0.14634508459164,4452,0.113,0,0
0.1463451581183,4453,0.11325,0,0
0.14634523164492,4454,0.1135,0,0
0.1463453051715,4455,0.11375,0,0
0.14634537869802,4456,0.114,0,0
0.1463454522245,4457,0.11425,0,0
0.14634552575093,4458,0.1145,0,0
0.14634559927732,4459,0.11475,0,0
0.14634567280366,4460,0.115,0,0
0.14634574632995,4461,0.11525,0,0
0.14634581985619,4462,0.1155,0,0
0.14634589338239,4463,0.11575,0,0
0.14634596690854,4464,0.116,0,0
0.14634604043465,4465,0.11625,0,0
0.1463461139607,4466,0.1165,0,0
0.14634618748672,4467,0.11675,0,0
0.14634626101268,4468,0.117,0,0
0.1463463345386,4469,0.11725,0,0
0.14634640806447,4470,0.1175,0,0
0.14634648159029,4471,0.11775,0,0
0.14634655511607,4472,0.118,0,0
0.1463466286418,4473,0.11825,0,0
0.14634670216749,4474,0.1185,0,0
0.14634677569312,4475,0.11875,0,0
0.14634684921871,4476,0.119,0,0
0.14634692274426,4477,0.11925,0,0
0.14634699626976,4478,0.1195,0,0
0.14634706979521,4479,0.11975,0,0
0.14634714332061,4480,0.12,0,0
0.14634721684597,4481,0.12025,0,0
0.14634729037128,4482,0.1205,0,0
0.14634736389655,4483,0.12075,0,0
0.14634743742176,4484,0.121,0,0
0.14634751094694,4485,0.12125,0,0
0.14634758447206,4486,0.1215,0,0
0.14634765799714,4487,0.12175,0,0
0.14634773152217,4488,0.122,0,0
0.14634780504716,4489,0.12225,0,0
0.1463478785721,4490,0.1225,0,0
0.14634795209699,4491,0.12275,0,0
0.14634802562183,4492,0.123,0,0
0.14634809914663,4493,0.12325,0,0
0.14634817267139,4494,0.1235,0,0
0.14634824619609,4495,0.12375,0,0
0.14634831972075,4496,0.124,0,0
0.14634839324537,4497,0.12425,0,0
0.14634846676994,4498,0.1245,0,0
0.14634854029446,4499,0.12475,0,0
0.14634861381893,4500,0.125,0,0
0.14634868734336,4501,0.12525,0,0
0.14634876086774,4502,0.1255,0,0
0.14634883439208,4503,0.12575,0,0
0.14634890791637,4504,0.126,0,0
0.14634898144061,4505,0.12625,0,0
0.14634905496481,4506,0.1265,0,0
0.14634912848896,4507,0.12675,0,0
0.14634920201306,4508,0.127,0,0
0.14634927553712,4509,0.12725,0,0
0.14634934906113,4510,0.1275,0,0
0.1463494225851,4511,0.12775,0,0
0.14634949610901,4512,0.128,0,0
0.14634956963289,4513,0.12825,0,0
0.14634964315671,4514,0.1285,0,0
0.14634971668049,4515,0.12875,0,0
0.14634979020423,4516,0.129,0,0
0.14634986372791,4517,0.12925,0,0
0.14634993725156,4518,0.1295,0,0
0.14635001077515,4519,0.12975,0,0
0.1463500842987,4520,0.13,0,0
0.1463501578222,4521,0.13025,0,0
0.14635023134566,4522,0.1305,0,0
0.14635030486907,4523,0.13075,0,0
0.14635037839244,4524,0.131,0,0
0.14635045191575,4525,0.13125,0,0
0.14635052543903,4526,0.1315,0,0
0.14635059896225,4527,0.13175,0,0
0.14635067248543,4528,0.132,0,0
0.14635074600857,4529,0.13225,0,0
0.14635081953165,4530,0.1325,0,0
0.1463508930547,4531,0.13275,0,0
0.14635096657769,4532,0.133,0,0
0.14635104010064,4533,0.13325,0,0
0.14635111362355,4534,0.1335,0,0
0.1463511871464,4535,0.13375,0,0
0.14635126066922,4536,0.134,0,0
0.14635133419198,4537,0.13425,0,0
0.1463514077147,4538,0.1345,0,0
0.14635148123737,4539,0.13475,0,0
0.14635155476,4540,0.135,0,0
0.14635162828258,4541,0.13525,0,0
0.14635170180512,4542,0.1355,0,0
0.14635177532761,4543,0.13575,0,0
0.14635184885005,4544,0.136,0,0
0.14635192237245,4545,0.13625,0,0
0.1463519958948,4546,0.1365,0,0
0.14635206941711,4547,0.13675,0,0
0.14635214293937,4548,0.137,0,0
0.14635221646159,4549,0.13725,0,0
0.14635228998375,4550,0.1375,0,0
0.14635236350588,4551,0.13775,0,0
0.14635243702795,4552,0.138,0,0
0.14635251054999,4553,0.13825,0,0
0.14635258407197,4554,0.1385,0,0
0.14635265759391,4555,0.13875,0,0
0.1463527311158,4556,0.139,0,0
0.14635280463765,4557,0.13925,0,0
0.14635287815945,4558,0.1395,0,0
0.14635295168121,4559,0.13975,0,0
0.14635302520292,4560,0.14,0,0
0.14635309872459,4561,0.14025,0,0
0.14635317224621,4562,0.1405,0,0
0.14635324576778,4563,0.14075,0,0
0.14635331928931,4564,0.141,0,0
0.14635339281079,4565,0.14125,0,0
0.14635346633223,4566,0.1415,0,0
0.14635353985362,4567,0.14175,0,0
0.14635361337496,4568,0.142,0,0
0.14635368689626,4569,0.14225,0,0
0.14635376041752,4570,0.1425,0,0
0.14635383393872,4571,0.14275,0,0
0.14635390745989,4572,0.143,0,0
0.146353980981,4573,0.14325,0,0
0.14635405450208,4574,0.1435,0,0
0.1463541280231,4575,0.14375,0,0
0.14635420154408,4576,0.144,0,0
0.14635427506502,4577,0.14425,0,0
0.14635434858591,4578,0.1445,0,0
0.14635442210675,4579,0.14475,0,0
0.14635449562755,4580,0.145,0,0
0.1463545691483,4581,0.14525,0,0
0.14635464266901,4582,0.1455,0,0
0.14635471618967,4583,0.14575,0,0
0.14635478971028,4584,0.146,0,0
0.14635486323085,4585,0.14625,0,0
0.14635493675138,4586,0.1465,0,0
0.14635501027186,4587,0.14675,0,0
0.14635508379229,4588,0.147,0,0
0.14635515731268,4589,0.14725,0,0
0.14635523083303,4590,0.1475,0,0
0.14635530435332,4591,0.14775,0,0
0.14635537787358,4592,0.148,0,0
0.14635545139378,4593,0.14825,0,0
0.14635552491395,4594,0.1485,0,0
0.14635559843406,4595,0.14875,0,0
0.14635567195413,4596,0.149,0,0
0.14635574547416,4597,0.14925,0,0
0.14635581899414,4598,0.1495,0,0
0.14635589251407,4599,0.14975,0,0
0.14635596603396,4600,0.15,0,0
0.14635603955381,4601,0.15025,0,0
0.14635611307361,4602,0.1505,0,0
0.14635618659336,4603,0.15075,0,0
0.14635626011307,4604,0.151,0,0
0.14635633363273,4605,0.15125,0,0
0.14635640715235,4606,0.1515,0,0
0.14635648067192,4607,0.15175,0,0
0.14635655419145,4608,0.152,0,0
0.14635662771093,4609,0.15225,0,0
0.14635670123037,4610,0.1525,0,0
0.14635677474976,4611,0.15275,0,0
0.14635684826911,4612,0.153,0,0
0.14635692178841,4613,0.15325,0,0
0.14635699530767,4614,0.1535,0,0
0.14635706882688,4615,0.15375,0,0
0.14635714234605,4616,0.154,0,0
0.14635721586517,4617,0.15425,0,0
0.14635728938424,4618,0.1545,0,0
0.14635736290328,4619,0.15475,0,0
0.14635743642226,4620,0.155,0,0
0.1463575099412,4621,0.15525,0,0
0.1463575834601,4622,0.1555,0,0
0.14635765697895,4623,0.15575,0,0
0.14635773049775,4624,0.156,0,0
0.14635780401652,4625,0.15625,0,0
0.14635787753523,4626,0.1565,0,0
0.1463579510539,4627,0.15675,0,0
0.14635802457253,4628,0.157,0,0
0.14635809809111,4629,0.15725,0,0
0.14635817160964,4630,0.1575,0,0
0.14635824512813,4631,0.15775,0,0
0.14635831864658,4632,0.158,0,0
0.14635839216498,4633,0.15825,0,0
0.14635846568334,4634,0.1585,0,0
0.14635853920165,4635,0.15875,0,0
0.14635861271991,4636,0.159,0,0
0.14635868623814,4637,0.15925,0,0
0.14635875975631,4638,0.1595,0,0
0.14635883327444,4639,0.15975,0,0
0.14635890679253,4640,0.16,0,0
0.14635898031057,4641,0.16025,0,0
0.14635905382857,4642,0.1605,0,0
0.14635912734652,4643,0.16075,0,0
0.14635920086443,4644,0.161,0,0
0.14635927438229,4645,0.16125,0,0
0.14635934790011,4646,0.1615,0,0
0.14635942141788,4647,0.16175,0,0
0.14635949493561,4648,0.162,0,0
0.14635956845329,4649,0.16225,0,0
0.14635964197093,4650,0.1625,0,0
0.14635971548853,4651,0.16275,0,0
0.14635978900607,4652,0.163,0,0
0.14635986252358,4653,0.16325,0,0
0.14635993604104,4654,0.1635,0,0
0.14636000955845,4655,0.16375,0,0
0.14636008307582,4656,0.164,0,0
0.14636015659315,4657,0.16425,0,0
0.14636023011043,4658,0.1645,0,0
0.14636030362767,4659,0.16475,0,0
0.14636037714486,4660,0.165,0,0
0.14636045066201,4661,0.16525,0,0
0.14636052417911,4662,0.1655,0,0
0.14636059769617,4663,0.16575,0,0
0.14636067121318,4664,0.166,0,0
0.14636074473015,4665,0.16625,0,0
0.14636081824707,4666,0.1665,0,0
0.14636089176395,4667,0.16675,0,0
0.14636096528079,4668,0.167,0,0
0.14636103879758,4669,0.16725,0,0
0.14636111231433,4670,0.1675,0,0
0.14636118583103,4671,0.16775,0,0
0.14636125934768,4672,0.168,0,0
0.1463613328643,4673,0.16825,0,0
0.14636140638087,4674,0.1685,0,0
0.14636147989739,4675,0.16875,0,0
0.14636155341387,4676,0.169,0,0
0.1463616269303,4677,0.16925,0,0
0.14636170044669,4678,0.1695,0,0
0.14636177396304,4679,0.16975,0,0
0.14636184747934,4680,0.17,0,0
0.1463619209956,4681,0.17025,0,0
0.14636199451181,4682,0.1705,0,0
0.14636206802798,4683,0.17075,0,0
0.1463621415441,4684,0.171,0,0
0.14636221506018,4685,0.17125,0,0
0.14636228857622,4686,0.1715,0,0
0.14636236209221,4687,0.17175,0,0
0.14636243560816,4688,0.172,0,0
0.14636250912406,4689,0.17225,0,0
0.14636258263992,4690,0.1725,0,0
0.14636265615573,4691,0.17275,0,0
0.1463627296715,4692,0.173,0,0
0.14636280318723,4693,0.17325,0,0
0.14636287670291,4694,0.1735,0,0
0.14636295021855,4695,0.17375,0,0
0.14636302373414,4696,0.174,0,0
0.14636309724969,4697,0.17425,0,0
0.14636317076519,4698,0.1745,0,0
0.14636324428065,4699,0.17475,0,0
0.14636331779607,4700,0.175,0,0
0.14636339131144,4701,0.17525,0,0
0.14636346482677,4702,0.1755,0,0
0.14636353834205,4703,0.17575,0,0
0.14636361185729,4704,0.176,0,0
0.14636368537249,4705,0.17625,0,0
0.14636375888764,4706,0.1765,0,0
0.14636383240275,4707,0.17675,0,0
0.14636390591781,4708,0.177,0,0
0.14636397943283,4709,0.17725,0,0
0.1463640529478,4710,0.1775,0,0
0.14636412646274,4711,0.17775,0,0
0.14636419997762,4712,0.178,0,0
0.14636427349247,4713,0.17825,0,0
0.14636434700727,4714,0.1785,0,0
0.14636442052202,4715,0.17875,0,0
0.14636449403673,4716,0.179,0,0
0.1463645675514,4717,0.17925,0,0
0.14636464106602,4718,0.1795,0,0
0.1463647145806,4719,0.17975,0,0
0.14636478809514,4720,0.18,0,0
0.14636486160963,4721,0.18025,0,0
0.14636493512408,4722,0.1805,0,0
0.14636500863848,4723,0.18075,0,0
0.14636508215284,4724,0.181,0,0
0.14636515566715,4725,0.18125,0,0
0.14636522918143,4726,0.1815,0,0
0.14636530269566,4727,0.18175,0,0
0.14636537620984,4728,0.182,0,0
0.14636544972398,4729,0.18225,0,0
0.14636552323808,4730,0.1825,0,0
0.14636559675213,4731,0.18275,0,0
0.14636567026614,4732,0.183,0,0
0.1463657437801,4733,0.18325,0,0
0.14636581729403,4734,0.1835,0,0
0.1463658908079,4735,0.18375,0,0
0.14636596432174,4736,0.184,0,0
0.14636603783553,4737,0.18425,0,0
0.14636611134927,4738,0.1845,0,0
0.14636618486298,4739,0.18475,0,0
0.14636625837664,4740,0.185,0,0
0.14636633189025,4741,0.18525,0,0
0.14636640540382,4742,0.1855,0,0
0.14636647891735,4743,0.18575,0,0
0.14636655243084,4744,0.186,0,0
0.14636662594428,4745,0.18625,0,0
0.14636669945768,4746,0.1865,0,0
0.14636677297103,4747,0.18675,0,0
0.14636684648434,4748,0.187,0,0
0.14636691999761,4749,0.18725,0,0
0.14636699351083,4750,0.1875,0,0
0.14636706702401,4751,0.18775,0,0
0.14636714053715,4752,0.188,0,0
0.14636721405024,4753,0.18825,0,0
0.14636728756329,4754,0.1885,0,0
0.14636736107629,4755,0.18875,0,0
0.14636743458925,4756,0.189,0,0
0.14636750810217,4757,0.18925,0,0
0.14636758161505,4758,0.1895,0,0
0.14636765512788,4759,0.18975,0,0
0.14636772864067,4760,0.19,0,0
0.14636780215341,4761,0.19025,0,0
0.14636787566611,4762,0.1905,0,0
0.14636794917877,4763,0.19075,0,0
0.14636802269138,4764,0.191,0,0
0.14636809620396,4765,0.19125,0,0
0.14636816971648,4766,0.1915,0,0
0.14636824322897,4767,0.19175,0,0
0.14636831674141,4768,0.192,0,0
0.14636839025381,4769,0.19225,0,0
0.14636846376616,4770,0.1925,0,0
0.14636853727847,4771,0.19275,0,0
0.14636861079074,4772,0.193,0,0
0.14636868430296,4773,0.19325,0,0
0.14636875781514,4774,0.1935,0,0
0.14636883132728,4775,0.19375,0,0
0.14636890483938,4776,0.194,0,0
0.14636897835143,4777,0.19425,0,0
0.14636905186344,4778,0.1945,0,0
0.1463691253754,4779,0.19475,0,0
0.14636919888732,4780,0.195,0,0
0.1463692723992,4781,0.19525,0,0
0.14636934591104,4782,0.1955,0,0
0.14636941942283,4783,0.19575,0,0
0.14636949293458,4784,0.196,0,0
0.14636956644628,4785,0.19625,0,0
0.14636963995794,4786,0.1965,0,0
0.14636971346956,4787,0.19675,0,0
0.14636978698114,4788,0.197,0,0
0.14636986049267,4789,0.19725,0,0
0.14636993400416,4790,0.1975,0,0
0.14637000751561,4791,0.19775,0,0
0.14637008102702,4792,0.198,0,0
0.14637015453838,4793,0.19825,0,0
0.14637022804969,4794,0.1985,0,0
0.14637030156097,4795,0.19875,0,0
0.1463703750722,4796,0.199,0,0
0.14637044858339,4797,0.19925,0,0
0.14637052209454,4798,0.1995,0,0
0.14637059560564,4799,0.19975,0,0
0.1463706691167,4800,0.2,0,0
0.14637074262772,4801,0.20025,0,0
0.14637081613869,4802,0.2005,0,0
0.14637088964962,4803,0.20075,0,0
0.14637096316051,4804,0.201,0,0
0.14637103667136,4805,0.20125,0,0
0.14637111018216,4806,0.2015,0,0
0.14637118369292,4807,0.20175,0,0
0.14637125720364,4808,0.202,0,0
0.14637133071431,4809,0.20225,0,0
0.14637140422494,4810,0.2025,0,0
0.14637147773553,4811,0.20275,0,0
0.14637155124607,4812,0.203,0,0
0.14637162475658,4813,0.20325,0,0
0.14637169826704,4814,0.2035,0,0
0.14637177177745,4815,0.20375,0,0
0.14637184528783,4816,0.204,0,0
0.14637191879816,4817,0.20425,0,0
0.14637199230845,4818,0.2045,0,0
0.1463720658187,4819,0.20475,0,0
0.1463721393289,4820,0.205,0,0
0.14637221283906,4821,0.20525,0,0
0.14637228634918,4822,0.2055,0,0
0.14637235985925,4823,0.20575,0,0
0.14637243336929,4824,0.206,0,0
0.14637250687928,4825,0.20625,0,0
0.14637258038922,4826,0.2065,0,0
0.14637265389913,4827,0.20675,0,0
0.14637272740899,4828,0.207,0,0
0.14637280091881,4829,0.20725,0,0
0.14637287442859,4830,0.2075,0,0
0.14637294793832,4831,0.20775,0,0
0.14637302144801,4832,0.208,0,0
0.14637309495766,4833,0.20825,0,0
0.14637316846727,4834,0.2085,0,0
0.14637324197683,4835,0.20875,0,0
0.14637331548636,4836,0.209,0,0
0.14637338899584,4837,0.20925,0,0
0.14637346250527,4838,0.2095,0,0
0.14637353601467,4839,0.20975,0,0
0.14637360952402,4840,0.21,0,0
0.14637368303333,4841,0.21025,0,0
0.1463737565426,4842,0.2105,0,0
0.14637383005182,4843,0.21075,0,0
0.146373903561,4844,0.211,0,0
0.14637397707014,4845,0.21125,0,0
0.14637405057924,4846,0.2115,0,0
0.14637412408829,4847,0.21175,0,0
0.14637419759731,4848,0.212,0,0
0.14637427110628,4849,0.21225,0,0
0.14637434461521,4850,0.2125,0,0
0.14637441812409,4851,0.21275,0,0
0.14637449163293,4852,0.213,0,0
0.14637456514174,4853,0.21325,0,0
0.14637463865049,4854,0.2135,0,0
0.14637471215921,4855,0.21375,0,0
0.14637478566788,4856,0.214,0,0
0.14637485917652,4857,0.21425,0,0
0.14637493268511,4858,0.2145,0,0
0.14637500619365,4859,0.21475,0,0
0.14637507970216,4860,0.215,0,0
0.14637515321062,4861,0.21525,0,0
0.14637522671904,4862,0.2155,0,0
0.14637530022742,4863,0.21575,0,0
0.14637537373576,4864,0.216,0,0
0.14637544724405,4865,0.21625,0,0
0.14637552075231,4866,0.2165,0,0
0.14637559426052,4867,0.21675,0,0
0.14637566776868,4868,0.217,0,0
0.14637574127681,4869,0.21725,0,0
0.14637581478489,4870,0.2175,0,0
0.14637588829294,4871,0.21775,0,0
0.14637596180094,4872,0.218,0,0
0.14637603530889,4873,0.21825,0,0
0.14637610881681,4874,0.2185,0,0
0.14637618232468,4875,0.21875,0,0
0.14637625583251,4876,0.219,0,0
0.1463763293403,4877,0.21925,0,0
0.14637640284805,4878,0.2195,0,0
0.14637647635576,4879,0.21975,0,0
0.14637654986342,4880,0.22,0,0
0.14637662337104,4881,0.22025,0,0
0.14637669687862,4882,0.2205,0,0
0.14637677038616,4883,0.22075,0,0
0.14637684389366,4884,0.221,0,0
0.14637691740111,4885,0.22125,0,0
0.14637699090852,4886,0.2215,0,0
0.14637706441589,4887,0.22175,0,0
0.14637713792322,4888,0.222,0,0
0.14637721143051,4889,0.22225,0,0
0.14637728493775,4890,0.2225,0,0
0.14637735844496,4891,0.22275,0,0
0.14637743195212,4892,0.223,0,0
0.14637750545924,4893,0.22325,0,0
0.14637757896632,4894,0.2235,0,0
0.14637765247335,4895,0.22375,0,0
0.14637772598035,4896,0.224,0,0
0.1463777994873,4897,0.22425,0,0
0.14637787299421,4898,0.2245,0,0
0.14637794650108,4899,0.22475,0,0
0.14637802000791,4900,0.225,0,0
0.14637809351469,4901,0.22525,0,0
0.14637816702144,4902,0.2255,0,0
0.14637824052814,4903,0.22575,0,0
0.1463783140348,4904,0.226,0,0
0.14637838754142,4905,0.22625,0,0
0.146378461048,4906,0.2265,0,0
0.14637853455453,4907,0.22675,0,0
0.14637860806103,4908,0.227,0,0
0.14637868156748,4909,0.22725,0,0
0.14637875507389,4910,0.2275,0,0
0.14637882858026,4911,0.22775,0,0
0.14637890208659,4912,0.228,0,0
0.14637897559287,4913,0.22825,0,0
0.14637904909912,4914,0.2285,0,0
0.14637912260532,4915,0.22875,0,0
0.14637919611148,4916,0.229,0,0
0.1463792696176,4917,0.22925,0,0
0.14637934312368,4918,0.2295,0,0
0.14637941662972,4919,0.22975,0,0
0.14637949013572,4920,0.23,0,0
0.14637956364167,4921,0.23025,0,0
0.14637963714759,4922,0.2305,0,0
0.14637971065346,4923,0.23075,0,0
0.14637978415929,4924,0.231,0,0
0.14637985766508,4925,0.23125,0,0
0.14637993117082,4926,0.2315,0,0
0.14638000467653,4927,0.23175,0,0
0.1463800781822,4928,0.232,0,0
0.14638015168782,4929,0.23225,0,0
0.1463802251934,4930,0.2325,0,0
0.14638029869894,4931,0.23275,0,0
0.14638037220444,4932,0.233,0,0
0.1463804457099,4933,0.23325,0,0
0.14638051921532,4934,0.2335,0,0
0.1463805927207,4935,0.23375,0,0
0.14638066622603,4936,0.234,0,0
0.14638073973132,4937,0.23425,0,0
0.14638081323658,4938,0.2345,0,0
0.14638088674179,4939,0.23475,0,0
0.14638096024696,4940,0.235,0,0
0.14638103375209,4941,0.23525,0,0
0.14638110725717,4942,0.2355,0,0
0.14638118076222,4943,0.23575,0,0
0.14638125426723,4944,0.236,0,0
0.14638132777219,4945,0.23625,0,0
0.14638140127711,4946,0.2365,0,0
0.146381474782,4947,0.23675,0,0
0.14638154828684,4948,0.237,0,0
0.14638162179164,4949,0.23725,0,0
0.1463816952964,4950,0.2375,0,0
0.14638176880111,4951,0.23775,0,0
0.14638184230579,4952,0.238,0,0
0.14638191581043,4953,0.23825,0,0
0.14638198931502,4954,0.2385,0,0
0.14638206281958,4955,0.23875,0,0
0.14638213632409,4956,0.239,0,0
0.14638220982856,4957,0.23925,0,0
0.14638228333299,4958,0.2395,0,0
0.14638235683738,4959,0.23975,0,0
0.14638243034173,4960,0.24,0,0
0.14638250384604,4961,0.24025,0,0
0.14638257735031,4962,0.2405,0,0
0.14638265085453,4963,0.24075,0,0
0.14638272435872,4964,0.241,0,0
0.14638279786286,4965,0.24125,0,0
0.14638287136697,4966,0.2415,0,0
0.14638294487103,4967,0.24175,0,0
0.14638301837505,4968,0.242,0,0
0.14638309187904,4969,0.24225,0,0
0.14638316538298,4970,0.2425,0,0
0.14638323888688,4971,0.24275,0,0
0.14638331239074,4972,0.243,0,0
0.14638338589455,4973,0.24325,0,0
0.14638345939833,4974,0.2435,0,0
0.14638353290207,4975,0.24375,0,0
0.14638360640577,4976,0.244,0,0
0.14638367990942,4977,0.24425,0,0
0.14638375341304,4978,0.2445,0,0
0.14638382691661,4979,0.24475,0,0
0.14638390042014,4980,0.245,0,0
0.14638397392364,4981,0.24525,0,0
0.14638404742709,4982,0.2455,0,0
0.1463841209305,4983,0.24575,0,0
0.14638419443387,4984,0.246,0,0
0.1463842679372,4985,0.24625,0,0
0.14638434144049,4986,0.2465,0,0
0.14638441494374,4987,0.24675,0,0
0.14638448844695,4988,0.247,0,0
0.14638456195012,4989,0.24725,0,0
0.14638463545325,4990,0.2475,0,0
0.14638470895634,4991,0.24775,0,0
0.14638478245938,4992,0.248,0,0
0.14638485596239,4993,0.24825,0,0
0.14638492946536,4994,0.2485,0,0
0.14638500296828,4995,0.24875,0,0
0.14638507647117,4996,0.249,0,0
0.14638514997401,4997,0.24925,0,0
0.14638522347682,4998,0.2495,0,0
0.14638529697958,4999,0.24975,0,0
0.1463853704823,5000,0.25,0,0
0.14638544398499,5001,0.25025,0,0
0.14638551748763,5002,0.2505,0,0
0.14638559099023,5003,0.25075,0,0
0.14638566449279,5004,0.251,0,0
0.14638573799531,5005,0.25125,0,0
0.1463858114978,5006,0.2515,0,0
0.14638588500024,5007,0.25175,0,0
0.14638595850264,5008,0.252,0,0
0.146386032005,5009,0.25225,0,0
0.14638610550732,5010,0.2525,0,0
0.1463861790096,5011,0.25275,0,0
0.14638625251184,5012,0.253,0,0
0.14638632601404,5013,0.25325,0,0
0.1463863995162,5014,0.2535,0,0
0.14638647301832,5015,0.25375,0,0
0.1463865465204,5016,0.254,0,0
0.14638662002244,5017,0.25425,0,0
0.14638669352443,5018,0.2545,0,0
0.14638676702639,5019,0.25475,0,0
0.14638684052831,5020,0.255,0,0
0.14638691403019,5021,0.25525,0,0
0.14638698753203,5022,0.2555,0,0
0.14638706103383,5023,0.25575,0,0
0.14638713453558,5024,0.256,0,0
0.1463872080373,5025,0.25625,0,0
0.14638728153898,5026,0.2565,0,0
0.14638735504062,5027,0.25675,0,0
0.14638742854222,5028,0.257,0,0
0.14638750204378,5029,0.25725,0,0
0.14638757554529,5030,0.2575,0,0
0.14638764904677,5031,0.25775,0,0
0.14638772254821,5032,0.258,0,0
0.14638779604961,5033,0.25825,0,0
0.14638786955097,5034,0.2585,0,0
0.14638794305229,5035,0.25875,0,0
0.14638801655356,5036,0.259,0,0
0.1463880900548,5037,0.25925,0,0
0.146388163556,5038,0.2595,0,0
0.14638823705716,5039,0.25975,0,0
0.14638831055828,5040,0.26,0,0
0.14638838405936,5041,0.26025,0,0
0.1463884575604,5042,0.2605,0,0
0.1463885310614,5043,0.26075,0,0
0.14638860456236,5044,0.261,0,0
0.14638867806328,5045,0.26125,0,0
0.14638875156416,5046,0.2615,0,0
0.146388825065,5047,0.26175,0,0
0.1463888985658,5048,0.262,0,0
0.14638897206656,5049,0.26225,0,0
0.14638904556728,5050,0.2625,0,0
0.14638911906796,5051,0.26275,0,0
0.14638919256861,5052,0.263,0,0
0.14638926606921,5053,0.26325,0,0
0.14638933956977,5054,0.2635,0,0
0.14638941307029,5055,0.26375,0,0
0.14638948657078,5056,0.264,0,0
0.14638956007122,5057,0.26425,0,0
0.14638963357162,5058,0.2645,0,0
0.14638970707199,5059,0.26475,0,0
0.14638978057231,5060,0.265,0,0
0.1463898540726,5061,0.26525,0,0
0.14638992757285,5062,0.2655,0,0
0.14639000107305,5063,0.26575,0,0
0.14639007457322,5064,0.266,0,0
0.14639014807335,5065,0.26625,0,0
0.14639022157343,5066,0.2665,0,0
0.14639029507348,5067,0.26675,0,0
0.14639036857349,5068,0.267,0,0
0.14639044207346,5069,0.26725,0,0
0.14639051557339,5070,0.2675,0,0
0.14639058907328,5071,0.26775,0,0
0.14639066257313,5072,0.268,0,0
0.14639073607294,5073,0.26825,0,0
0.14639080957272,5074,0.2685,0,0
0.14639088307245,5075,0.26875,0,0
0.14639095657214,5076,0.269,0,0
0.1463910300718,5077,0.26925,0,0
0.14639110357141,5078,0.2695,0,0
0.14639117707099,5079,0.26975,0,0
0.14639125057052,5080,0.27,0,0
0.14639132407002,5081,0.27025,0,0
0.14639139756948,5082,0.2705,0,0
0.1463914710689,5083,0.27075,0,0
0.14639154456828,5084,0.271,0,0
0.14639161806762,5085,0.27125,0,0
0.14639169156692,5086,0.2715,0,0
0.14639176506618,5087,0.27175,0,0
0.1463918385654,5088,0.272,0,0
0.14639191206459,5089,0.27225,0,0
0.14639198556373,5090,0.2725,0,0
0.14639205906283,5091,0.27275,0,0
0.1463921325619,5092,0.273,0,0
0.14639220606093,5093,0.27325,0,0
0.14639227955991,5094,0.2735,0,0
0.14639235305886,5095,0.27375,0,0
0.14639242655777,5096,0.274,0,0
0.14639250005664,5097,0.27425,0,0
0.14639257355547,5098,0.2745,0,0
0.14639264705427,5099,0.27475,0,0
0.14639272055302,5100,0.275,0,0
0.14639279405173,5101,0.27525,0,0
0.14639286755041,5102,0.2755,0,0
0.14639294104905,5103,0.27575,0,0
0.14639301454764,5104,0.276,0,0
0.1463930880462,5105,0.27625,0,0
0.14639316154472,5106,0.2765,0,0
0.1463932350432,5107,0.27675,0,0
0.14639330854164,5108,0.277,0,0
0.14639338204004,5109,0.27725,0,0
0.14639345553841,5110,0.2775,0,0
0.14639352903673,5111,0.27775,0,0
0.14639360253502,5112,0.278,0,0
0.14639367603327,5113,0.27825,0,0
0.14639374953147,5114,0.2785,0,0
0.14639382302964,5115,0.27875,0,0
0.14639389652778,5116,0.279,0,0
0.14639397002587,5117,0.27925,0,0
0.14639404352392,5118,0.2795,0,0
0.14639411702193,5119,0.27975,0,0
0.14639419051991,5120,0.28,0,0
0.14639426401785,5121,0.28025,0,0
0.14639433751575,5122,0.2805,0,0
0.1463944110136,5123,0.28075,0,0
0.14639448451143,5124,0.281,0,0
0.14639455800921,5125,0.28125,0,0
0.14639463150695,5126,0.2815,0,0
0.14639470500466,5127,0.28175,0,0
0.14639477850232,5128,0.282,0,0
0.14639485199995,5129,0.28225,0,0
0.14639492549754,5130,0.2825,0,0
0.14639499899509,5131,0.28275,0,0
0.1463950724926,5132,0.283,0,0
0.14639514599007,5133,0.28325,0,0
0.14639521948751,5134,0.2835,0,0
0.1463952929849,5135,0.28375,0,0
0.14639536648226,5136,0.284,0,0
0.14639543997958,5137,0.28425,0,0
0.14639551347686,5138,0.2845,0,0
0.1463955869741,5139,0.28475,0,0
0.14639566047131,5140,0.285,0,0
0.14639573396847,5141,0.28525,0,0
0.1463958074656,5142,0.2855,0,0
0.14639588096269,5143,0.28575,0,0
0.14639595445974,5144,0.286,0,0
0.14639602795675,5145,0.28625,0,0
0.14639610145372,5146,0.2865,0,0
0.14639617495066,5147,0.28675,0,0
0.14639624844755,5148,0.287,0,0
0.14639632194441,5149,0.28725,0,0
0.14639639544123,5150,0.2875,0,0
0.14639646893801,5151,0.28775,0,0
0.14639654243475,5152,0.288,0,0
0.14639661593146,5153,0.28825,0,0
0.14639668942813,5154,0.2885,0,0
0.14639676292475,5155,0.28875,0,0
0.14639683642134,5156,0.289,0,0
0.1463969099179,5157,0.28925,0,0
0.14639698341441,5158,0.2895,0,0
0.14639705691088,5159,0.28975,0,0
0.14639713040732,5160,0.29,0,0
0.14639720390372,5161,0.29025,0,0
0.14639727740008,5162,0.2905,0,0
0.1463973508964,5163,0.29075,0,0
0.14639742439269,5164,0.291,0,0
0.14639749788894,5165,0.29125,0,0
0.14639757138514,5166,0.2915,0,0
0.14639764488131,5167,0.29175,0,0
0.14639771837745,5168,0.292,0,0
0.14639779187354,5169,0.29225,0,0
0.1463978653696,5170,0.2925,0,0
0.14639793886561,5171,0.29275,0,0
0.14639801236159,5172,0.293,0,0
0.14639808585754,5173,0.29325,0,0
0.14639815935344,5174,0.2935,0,0
0.14639823284931,5175,0.29375,0,0
0.14639830634513,5176,0.294,0,0
0.14639837984092,5177,0.29425,0,0
0.14639845333668,5178,0.2945,0,0
0.14639852683239,5179,0.29475,0,0
0.14639860032807,5180,0.295,0,0
0.1463986738237,5181,0.29525,0,0
0.14639874731931,5182,0.2955,0,0
0.14639882081487,5183,0.29575,0,0
0.14639889431039,5184,0.296,0,0
0.14639896780588,5185,0.29625,0,0
0.14639904130133,5186,0.2965,0,0
0.14639911479674,5187,0.29675,0,0
0.14639918829211,5188,0.297,0,0
0.14639926178745,5189,0.29725,0,0
0.14639933528275,5190,0.2975,0,0
0.14639940877801,5191,0.29775,0,0
0.14639948227323,5192,0.298,0,0
0.14639955576842,5193,0.29825,0,0
0.14639962926356,5194,0.2985,0,0
0.14639970275867,5195,0.29875,0,0
0.14639977625374,5196,0.299,0,0
0.14639984974878,5197,0.29925,0,0
0.14639992324377,5198,0.2995,0,0
0.14639999673873,5199,0.29975,0,0
0.14640007023365,5200,0.3,0,0
0.14640014372854,5201,0.30025,0,0
0.14640021722338,5202,0.3005,0,0
0.14640029071819,5203,0.30075,0,0
0.14640036421296,5204,0.301,0,0
0.1464004377077,5205,0.30125,0,0
0.14640051120239,5206,0.3015,0,0
0.14640058469705,5207,0.30175,0,0
0.14640065819167,5208,0.302,0,0
0.14640073168625,5209,0.30225,0,0
0.1464008051808,5210,0.3025,0,0
0.14640087867531,5211,0.30275,0,0
0.14640095216978,5212,0.303,0,0
0.14640102566421,5213,0.30325,0,0
0.14640109915861,5214,0.3035,0,0
0.14640117265296,5215,0.30375,0,0
0.14640124614729,5216,0.304,0,0
0.14640131964157,5217,0.30425,0,0
0.14640139313582,5218,0.3045,0,0
0.14640146663002,5219,0.30475,0,0
0.1464015401242,5220,0.305,0,0
0.14640161361833,5221,0.30525,0,0
0.14640168711243,5222,0.3055,0,0
0.14640176060649,5223,0.30575,0,0
0.14640183410051,5224,0.306,0,0
0.14640190759449,5225,0.30625,0,0
0.14640198108844,5226,0.3065,0,0
0.14640205458235,5227,0.30675,0,0
0.14640212807623,5228,0.307,0,0
0.14640220157006,5229,0.30725,0,0
0.14640227506386,5230,0.3075,0,0
0.14640234855762,5231,0.30775,0,0
0.14640242205135,5232,0.308,0,0
0.14640249554504,5233,0.30825,0,0
0.14640256903869,5234,0.3085,0,0
0.1464026425323,5235,0.30875,0,0
0.14640271602588,5236,0.309,0,0
0.14640278951941,5237,0.30925,0,0
0.14640286301292,5238,0.3095,0,0
0.14640293650638,5239,0.30975,0,0
0.14640300999981,5240,0.31,0,0
0.1464030834932,5241,0.31025,0,0
0.14640315698655,5242,0.3105,0,0
0.14640323047987,5243,0.31075,0,0
0.14640330397315,5244,0.311,0,0
0.14640337746639,5245,0.31125,0,0
0.1464034509596,5246,0.3115,0,0
0.14640352445277,5247,0.31175,0,0
0.1464035979459,5248,0.312,0,0
0.14640367143899,5249,0.31225,0,0
0.14640374493205,5250,0.3125,0,0
0.14640381842507,5251,0.31275,0,0
0.14640389191806,5252,0.313,0,0
0.146403965411,5253,0.31325,0,0
0.14640403890391,5254,0.3135,0,0
0.14640411239679,5255,0.31375,0,0
0.14640418588963,5256,0.314,0,0
0.14640425938243,5257,0.31425,0,0
0.14640433287519,5258,0.3145,0,0
0.14640440636792,5259,0.31475,0,0
0.1464044798606,5260,0.315,0,0
0.14640455335326,5261,0.31525,0,0
0.14640462684587,5262,0.3155,0,0
0.14640470033845,5263,0.31575,0,0
0.146404773831,5264,0.316,0,0
0.1464048473235,5265,0.31625,0,0
0.14640492081597,5266,0.3165,0,0
0.1464049943084,5267,0.31675,0,0
0.1464050678008,5268,0.317,0,0
0.14640514129316,5269,0.31725,0,0
0.14640521478548,5270,0.3175,0,0
0.14640528827777,5271,0.31775,0,0
0.14640536177002,5272,0.318,0,0
0.14640543526223,5273,0.31825,0,0
0.14640550875441,5274,0.3185,0,0
0.14640558224655,5275,0.31875,0,0
0.14640565573865,5276,0.319,0,0
0.14640572923072,5277,0.31925,0,0
0.14640580272275,5278,0.3195,0,0
0.14640587621474,5279,0.31975,0,0
0.1464059497067,5280,0.32,0,0
0.14640602319862,5281,0.32025,0,0
0.14640609669051,5282,0.3205,0,0
0.14640617018235,5283,0.32075,0,0
0.14640624367417,5284,0.321,0,0
0.14640631716594,5285,0.32125,0,0
0.14640639065768,5286,0.3215,0,0
0.14640646414938,5287,0.32175,0,0
0.14640653764105,5288,0.322,0,0
0.14640661113268,5289,0.32225,0,0
0.14640668462427,5290,0.3225,0,0
0.14640675811583,5291,0.32275,0,0
0.14640683160735,5292,0.323,0,0
0.14640690509883,5293,0.32325,0,0
0.14640697859028,5294,0.3235,0,0
0.14640705208169,5295,0.32375,0,0
0.14640712557307,5296,0.324,0,0
0.14640719906441,5297,0.32425,0,0
0.14640727255571,5298,0.3245,0,0
0.14640734604698,5299,0.32475,0,0
0.14640741953821,5300,0.325,0,0
0.1464074930294,5301,0.32525,0,0
0.14640756652056,5302,0.3255,0,0
0.14640764001169,5303,0.32575,0,0
0.14640771350277,5304,0.326,0,0
0.14640778699382,5305,0.32625,0,0
0.14640786048484,5306,0.3265,0,0
0.14640793397581,5307,0.32675,0,0
0.14640800746676,5308,0.327,0,0
0.14640808095766,5309,0.32725,0,0
0.14640815444853,5310,0.3275,0,0
0.14640822793936,5311,0.32775,0,0
0.14640830143016,5312,0.328,0,0
0.14640837492092,5313,0.32825,0,0
0.14640844841165,5314,0.3285,0,0
0.14640852190234,5315,0.32875,0,0
0.14640859539299,5316,0.329,0,0
0.14640866888361,5317,0.32925,0,0
0.14640874237419,5318,0.3295,0,0
0.14640881586474,5319,0.32975,0,0
0.14640888935525,5320,0.33,0,0
0.14640896284572,5321,0.33025,0,0
0.14640903633616,5322,0.3305,0,0
0.14640910982656,5323,0.33075,0,0
0.14640918331693,5324,0.331,0,0
0.14640925680726,5325,0.33125,0,0
0.14640933029756,5326,0.3315,0,0
0.14640940378782,5327,0.33175,0,0
0.14640947727804,5328,0.332,0,0
0.14640955076823,5329,0.33225,0,0
0.14640962425838,5330,0.3325,0,0
0.1464096977485,5331,0.33275,0,0
0.14640977123858,5332,0.333,0,0
0.14640984472862,5333,0.33325,0,0
0.14640991821863,5334,0.3335,0,0
0.1464099917086,5335,0.33375,0,0
0.14641006519854,5336,0.334,0,0
0.14641013868844,5337,0.33425,0,0
0.14641021217831,5338,0.3345,0,0
0.14641028566814,5339,0.33475,0,0
0.14641035915794,5340,0.335,0,0
0.1464104326477,5341,0.33525,0,0
0.14641050613742,5342,0.3355,0,0
0.14641057962711,5343,0.33575,0,0
0.14641065311676,5344,0.336,0,0
0.14641072660638,5345,0.33625,0,0
0.14641080009596,5346,0.3365,0,0
0.14641087358551,5347,0.33675,0,0
0.14641094707502,5348,0.337,0,0
0.14641102056449,5349,0.33725,0,0
0.14641109405393,5350,0.3375,0,0
0.14641116754334,5351,0.33775,0,0
0.14641124103271,5352,0.338,0,0
0.14641131452204,5353,0.33825,0,0
0.14641138801134,5354,0.3385,0,0
0.1464114615006,5355,0.33875,0,0
0.14641153498983,5356,0.339,0,0
0.14641160847902,5357,0.33925,0,0
0.14641168196818,5358,0.3395,0,0
0.1464117554573,5359,0.33975,0,0
0.14641182894639,5360,0.34,0,0
0.14641190243544,5361,0.34025,0,0
0.14641197592445,5362,0.3405,0,0
0.14641204941343,5363,0.34075,0,0
0.14641212290238,5364,0.341,0,0
0.14641219639129,5365,0.34125,0,0
0.14641226988016,5366,0.3415,0,0
0.146412343369,5367,0.34175,0,0
0.1464124168578,5368,0.342,0,0
0.14641249034657,5369,0.34225,0,0
0.14641256383531,5370,0.3425,0,0
0.14641263732401,5371,0.34275,0,0
0.14641271081267,5372,0.343,0,0
0.1464127843013,5373,0.34325,0,0
0.14641285778989,5374,0.3435,0,0
0.14641293127845,5375,0.34375,0,0
0.14641300476697,5376,0.344,0,0
0.14641307825546,5377,0.34425,0,0
0.14641315174391,5378,0.3445,0,0
0.14641322523233,5379,0.34475,0,0
0.14641329872072,5380,0.345,0,0
0.14641337220906,5381,0.34525,0,0
0.14641344569738,5382,0.3455,0,0
0.14641351918565,5383,0.34575,0,0
0.1464135926739,5384,0.346,0,0
0.14641366616211,5385,0.34625,0,0
0.14641373965028,5386,0.3465,0,0
0.14641381313842,5387,0.34675,0,0
0.14641388662652,5388,0.347,0,0
0.14641396011459,5389,0.34725,0,0
0.14641403360262,5390,0.3475,0,0
0.14641410709062,5391,0.34775,0,0
0.14641418057858,5392,0.348,0,0
0.14641425406651,5393,0.34825,0,0
0.14641432755441,5394,0.3485,0,0
0.14641440104227,5395,0.34875,0,0
0.14641447453009,5396,0.349,0,0
0.14641454801788,5397,0.34925,0,0
0.14641462150564,5398,0.3495,0,0
0.14641469499336,5399,0.34975,0,0
0.14641476848104,5400,0.35,0,0
0.14641484196869,5401,0.35025,0,0
0.14641491545631,5402,0.3505,0,0
0.14641498894389,5403,0.35075,0,0
0.14641506243144,5404,0.351,0,0
0.14641513591895,5405,0.35125,0,0
0.14641520940643,5406,0.3515,0,0
0.14641528289387,5407,0.35175,0,0
0.14641535638128,5408,0.352,0,0
0.14641542986865,5409,0.35225,0,0
0.14641550335599,5410,0.3525,0,0
0.1464155768433,5411,0.35275,0,0
0.14641565033057,5412,0.353,0,0
0.1464157238178,5413,0.35325,0,0
0.146415797305,5414,0.3535,0,0
0.14641587079217,5415,0.35375,0,0
0.1464159442793,5416,0.354,0,0
0.1464160177664,5417,0.35425,0,0
0.14641609125346,5418,0.3545,0,0
0.14641616474049,5419,0.35475,0,0
0.14641623822749,5420,0.355,0,0
0.14641631171445,5421,0.35525,0,0
0.14641638520137,5422,0.3555,0,0
0.14641645868826,5423,0.35575,0,0
0.14641653217512,5424,0.356,0,0
0.14641660566194,5425,0.35625,0,0
0.14641667914873,5426,0.3565,0,0
0.14641675263548,5427,0.35675,0,0
0.1464168261222,5428,0.357,0,0
0.14641689960889,5429,0.35725,0,0
0.14641697309554,5430,0.3575,0,0
0.14641704658216,5431,0.35775,0,0
0.14641712006874,5432,0.358,0,0
0.14641719355529,5433,0.35825,0,0
0.1464172670418,5434,0.3585,0,0
0.14641734052828,5435,0.35875,0,0
0.14641741401473,5436,0.359,0,0
0.14641748750114,5437,0.35925,0,0
0.14641756098751,5438,0.3595,0,0
0.14641763447386,5439,0.35975,0,0
0.14641770796017,5440,0.36,0,0
0.14641778144644,5441,0.36025,0,0
0.14641785493268,5442,0.3605,0,0
0.14641792841889,5443,0.36075,0,0
0.14641800190506,5444,0.361,0,0
0.1464180753912,5445,0.36125,0,0
0.1464181488773,5446,0.3615,0,0
0.14641822236337,5447,0.36175,0,0
0.14641829584941,5448,0.362,0,0
0.14641836933541,5449,0.36225,0,0
0.14641844282138,5450,0.3625,0,0
0.14641851630731,5451,0.36275,0,0
0.14641858979321,5452,0.363,0,0
0.14641866327908,5453,0.36325,0,0
0.14641873676491,5454,0.3635,0,0
0.14641881025071,5455,0.36375,0,0
0.14641888373648,5456,0.364,0,0
0.14641895722221,5457,0.36425,0,0
0.1464190307079,5458,0.3645,0,0
0.14641910419357,5459,0.36475,0,0
0.1464191776792,5460,0.365,0,0
0.14641925116479,5461,0.36525,0,0
0.14641932465035,5462,0.3655,0,0
0.14641939813588,5463,0.36575,0,0
0.14641947162138,5464,0.366,0,0
0.14641954510684,5465,0.36625,0,0
0.14641961859226,5466,0.3665,0,0
0.14641969207766,5467,0.36675,0,0
0.14641976556301,5468,0.367,0,0
0.14641983904834,5469,0.36725,0,0
0.14641991253363,5470,0.3675,0,0
0.14641998601889,5471,0.36775,0,0
0.14642005950411,5472,0.368,0,0
0.14642013298931,5473,0.36825,0,0
0.14642020647446,5474,0.3685,0,0
0.14642027995959,5475,0.36875,0,0
0.14642035344468,5476,0.369,0,0
0.14642042692973,5477,0.36925,0,0
0.14642050041475,5478,0.3695,0,0
0.14642057389974,5479,0.36975,0,0
0.1464206473847,5480,0.37,0,0
0.14642072086962,5481,0.37025,0,0
0.14642079435451,5482,0.3705,0,0
0.14642086783937,5483,0.37075,0,0
0.14642094132419,5484,0.371,0,0
0.14642101480898,5485,0.37125,0,0
0.14642108829373,5486,0.3715,0,0
0.14642116177845,5487,0.37175,0,0
0.14642123526314,5488,0.372,0,0
0.14642130874779,5489,0.37225,0,0
0.14642138223242,5490,0.3725,0,0
0.146421455717,5491,0.37275,0,0
0.14642152920156,5492,0.373,0,0
0.14642160268608,5493,0.37325,0,0
0.14642167617057,5494,0.3735,0,0
0.14642174965502,5495,0.37375,0,0
0.14642182313944,5496,0.374,0,0
0.14642189662383,5497,0.37425,0,0
0.14642197010818,5498,0.3745,0,0
0.14642204359251,5499,0.37475,0,0
0.14642211707679,5500,0.375,0,0
0.14642219056105,5501,0.37525,0,0
0.14642226404527,5502,0.3755,0,0
0.14642233752946,5503,0.37575,0,0
0.14642241101361,5504,0.376,0,0
0.14642248449774,5505,0.37625,0,0
0.14642255798183,5506,0.3765,0,0
0.14642263146588,5507,0.37675,0,0
0.1464227049499,5508,0.377,0,0
0.14642277843389,5509,0.37725,0,0
0.14642285191785,5510,0.3775,0,0
0.14642292540177,5511,0.37775,0,0
0.14642299888566,5512,0.378,0,0
0.14642307236952,5513,0.37825,0,0
0.14642314585335,5514,0.3785,0,0
0.14642321933714,5515,0.37875,0,0
0.14642329282089,5516,0.379,0,0
0.14642336630462,5517,0.37925,0,0
0.14642343978831,5518,0.3795,0,0
0.14642351327197,5519,0.37975,0,0
0.1464235867556,5520,0.38,0,0
0.14642366023919,5521,0.38025,0,0
0.14642373372275,5522,0.3805,0,0
0.14642380720628,5523,0.38075,0,0
0.14642388068978,5524,0.381,0,0
0.14642395417324,5525,0.38125,0,0
0.14642402765667,5526,0.3815,0,0
0.14642410114006,5527,0.38175,0,0
0.14642417462343,5528,0.382,0,0
0.14642424810676,5529,0.38225,0,0
0.14642432159005,5530,0.3825,0,0
0.14642439507332,5531,0.38275,0,0
0.14642446855655,5532,0.383,0,0
0.14642454203975,5533,0.38325,0,0
0.14642461552292,5534,0.3835,0,0
0.14642468900605,5535,0.38375,0,0
0.14642476248915,5536,0.384,0,0
0.14642483597222,5537,0.38425,0,0
0.14642490945526,5538,0.3845,0,0
0.14642498293826,5539,0.38475,0,0
0.14642505642123,5540,0.385,0,0
0.14642512990417,5541,0.38525,0,0
0.14642520338708,5542,0.3855,0,0
0.14642527686995,5543,0.38575,0,0
0.14642535035279,5544,0.386,0,0
0.1464254238356,5545,0.38625,0,0
0.14642549731837,5546,0.3865,0,0
0.14642557080112,5547,0.38675,0,0
0.14642564428383,5548,0.387,0,0
0.1464257177665,5549,0.38725,0,0
0.14642579124915,5550,0.3875,0,0
0.14642586473176,5551,0.38775,0,0
0.14642593821434,5552,0.388,0,0
0.14642601169689,5553,0.38825,0,0
0.14642608517941,5554,0.3885,0,0
0.14642615866189,5555,0.38875,0,0
0.14642623214434,5556,0.389,0,0
0.14642630562676,5557,0.38925,0,0
0.14642637910914,5558,0.3895,0,0
0.1464264525915,5559,0.38975,0,0
0.14642652607382,5560,0.39,0,0
0.14642659955611,5561,0.39025,0,0
0.14642667303836,5562,0.3905,0,0
0.14642674652059,5563,0.39075,0,0
0.14642682000278,5564,0.391,0,0
0.14642689348494,5565,0.39125,0,0
0.14642696696707,5566,0.3915,0,0
0.14642704044916,5567,0.39175,0,0
0.14642711393122,5568,0.392,0,0
0.14642718741326,5569,0.39225,0,0
0.14642726089525,5570,0.3925,0,0
0.14642733437722,5571,0.39275,0,0
0.14642740785915,5572,0.393,0,0
0.14642748134106,5573,0.39325,0,0
0.14642755482293,5574,0.3935,0,0
0.14642762830476,5575,0.39375,0,0
0.14642770178657,5576,0.394,0,0
0.14642777526834,5577,0.39425,0,0
0.14642784875009,5578,0.3945,0,0
0.1464279222318,5579,0.39475,0,0
0.14642799571347,5580,0.395,0,0
0.14642806919512,5581,0.39525,0,0
0.14642814267673,5582,0.3955,0,0
0.14642821615831,5583,0.39575,0,0
0.14642828963986,5584,0.396,0,0
0.14642836312138,5585,0.39625,0,0
0.14642843660287,5586,0.3965,0,0
0.14642851008432,5587,0.39675,0,0
0.14642858356574,5588,0.397,0,0
0.14642865704713,5589,0.39725,0,0
0.14642873052849,5590,0.3975,0,0
0.14642880400981,5591,0.39775,0,0
0.14642887749111,5592,0.398,0,0
0.14642895097237,5593,0.39825,0,0
0.1464290244536,5594,0.3985,0,0
0.1464290979348,5595,0.39875,0,0
0.14642917141597,5596,0.399,0,0
0.1464292448971,5597,0.39925,0,0
0.14642931837821,5598,0.3995,0,0
0.14642939185928,5599,0.39975,0,0
0.14642946534032,5600,0.4,0,0
0.14642953882133,5601,0.40025,0,0
0.1464296123023,5602,0.4005,0,0
0.14642968578325,5603,0.40075,0,0
0.14642975926416,5604,0.401,0,0
0.14642983274504,5605,0.40125,0,0
0.14642990622589,5606,0.4015,0,0
0.14642997970671,5607,0.40175,0,0
0.1464300531875,5608,0.402,0,0
0.14643012666825,5609,0.40225,0,0
0.14643020014897,5610,0.4025,0,0
0.14643027362967,5611,0.40275,0,0
0.14643034711033,5612,0.403,0,0
0.14643042059096,5613,0.40325,0,0
0.14643049407155,5614,0.4035,0,0
0.14643056755212,5615,0.40375,0,0
0.14643064103265,5616,0.404,0,0
0.14643071451315,5617,0.40425,0,0
0.14643078799363,5618,0.4045,0,0
0.14643086147407,5619,0.40475,0,0
0.14643093495447,5620,0.405,0,0
0.14643100843485,5621,0.40525,0,0
0.1464310819152,5622,0.4055,0,0
0.14643115539551,5623,0.40575,0,0
0.14643122887579,5624,0.406,0,0
0.14643130235604,5625,0.40625,0,0
0.14643137583626,5626,0.4065,0,0
0.14643144931645,5627,0.40675,0,0
0.14643152279661,5628,0.407,0,0
0.14643159627674,5629,0.40725,0,0
0.14643166975683,5630,0.4075,0,0
0.14643174323689,5631,0.40775,0,0
0.14643181671693,5632,0.408,0,0
0.14643189019693,5633,0.40825,0,0
0.1464319636769,5634,0.4085,0,0
0.14643203715684,5635,0.40875,0,0
0.14643211063674,5636,0.409,0,0
0.14643218411662,5637,0.40925,0,0
0.14643225759646,5638,0.4095,0,0
0.14643233107628,5639,0.40975,0,0
0.14643240455606,5640,0.41,0,0
0.14643247803581,5641,0.41025,0,0
0.14643255151553,5642,0.4105,0,0
0.14643262499522,5643,0.41075,0,0
0.14643269847488,5644,0.411,0,0
0.14643277195451,5645,0.41125,0,0
0.1464328454341,5646,0.4115,0,0
0.14643291891367,5647,0.41175,0,0
0.1464329923932,5648,0.412,0,0
0.14643306587271,5649,0.41225,0,0
0.14643313935218,5650,0.4125,0,0
0.14643321283162,5651,0.41275,0,0
0.14643328631103,5652,0.413,0,0
0.14643335979041,5653,0.41325,0,0
0.14643343326976,5654,0.4135,0,0
0.14643350674908,5655,0.41375,0,0
0.14643358022836,5656,0.414,0,0
0.14643365370762,5657,0.41425,0,0
0.14643372718684,5658,0.4145,0,0
0.14643380066604,5659,0.41475,0,0
0.1464338741452,5660,0.415,0,0
0.14643394762433,5661,0.41525,0,0
0.14643402110343,5662,0.4155,0,0
0.1464340945825,5663,0.41575,0,0
0.14643416806154,5664,0.416,0,0
0.14643424154055,5665,0.41625,0,0
0.14643431501953,5666,0.4165,0,0
0.14643438849848,5667,0.41675,0,0
0.1464344619774,5668,0.417,0,0
0.14643453545628,5669,0.41725,0,0
0.14643460893514,5670,0.4175,0,0
0.14643468241396,5671,0.41775,0,0
0.14643475589276,5672,0.418,0,0
0.14643482937152,5673,0.41825,0,0
0.14643490285026,5674,0.4185,0,0
0.14643497632896,5675,0.41875,0,0
0.14643504980763,5676,0.419,0,0
0.14643512328627,5677,0.41925,0,0
0.14643519676488,5678,0.4195,0,0
0.14643527024346,5679,0.41975,0,0
0.14643534372201,5680,0.42,0,0
0.14643541720053,5681,0.42025,0,0
0.14643549067902,5682,0.4205,0,0
0.14643556415748,5683,0.42075,0,0
0.14643563763591,5684,0.421,0,0
0.1464357111143,5685,0.42125,0,0
0.14643578459267,5686,0.4215,0,0
0.14643585807101,5687,0.42175,0,0
0.14643593154931,5688,0.422,0,0
0.14643600502759,5689,0.42225,0,0
0.14643607850583,5690,0.4225,0,0
0.14643615198405,5691,0.42275,0,0
0.14643622546223,5692,0.423,0,0
0.14643629894039,5693,0.42325,0,0
0.14643637241851,5694,0.4235,0,0
0.1464364458966,5695,0.42375,0,0
0.14643651937467,5696,0.424,0,0
0.1464365928527,5697,0.42425,0,0
0.1464366663307,5698,0.4245,0,0
0.14643673980867,5699,0.42475,0,0
0.14643681328662,5700,0.425,0,0
0.14643688676453,5701,0.42525,0,0
0.14643696024241,5702,0.4255,0,0
0.14643703372026,5703,0.42575,0,0
0.14643710719808,5704,0.426,0,0
0.14643718067587,5705,0.42625,0,0
0.14643725415364,5706,0.4265,0,0
0.14643732763137,5707,0.42675,0,0
0.14643740110907,5708,0.427,0,0
0.14643747458674,5709,0.42725,0,0
0.14643754806438,5710,0.4275,0,0
0.14643762154199,5711,0.42775,0,0
0.14643769501957,5712,0.428,0,0
0.14643776849712,5713,0.42825,0,0
0.14643784197464,5714,0.4285,0,0
0.14643791545213,5715,0.42875,0,0
0.14643798892959,5716,0.429,0,0
0.14643806240702,5717,0.42925,0,0
0.14643813588442,5718,0.4295,0,0
0.14643820936179,5719,0.42975,0,0
0.14643828283914,5720,0.43,0,0
0.14643835631645,5721,0.43025,0,0
0.14643842979373,5722,0.4305,0,0
0.14643850327098,5723,0.43075,0,0
0.1464385767482,5724,0.431,0,0
0.14643865022539,5725,0.43125,0,0
0.14643872370255,5726,0.4315,0,0
0.14643879717968,5727,0.43175,0,0
0.14643887065679,5728,0.432,0,0
0.14643894413386,5729,0.43225,0,0
0.1464390176109,5730,0.4325,0,0
0.14643909108791,5731,0.43275,0,0
0.1464391645649,5732,0.433,0,0
0.14643923804185,5733,0.43325,0,0
0.14643931151877,5734,0.4335,0,0
0.14643938499567,5735,0.43375,0,0
0.14643945847253,5736,0.434,0,0
0.14643953194936,5737,0.43425,0,0
0.14643960542617,5738,0.4345,0,0
0.14643967890294,5739,0.43475,0,0
0.14643975237969,5740,0.435,0,0
0.1464398258564,5741,0.43525,0,0
0.14643989933309,5742,0.4355,0,0
0.14643997280975,5743,0.43575,0,0
0.14644004628637,5744,0.436,0,0
0.14644011976297,5745,0.43625,0,0
0.14644019323954,5746,0.4365,0,0
0.14644026671608,5747,0.43675,0,0
0.14644034019259,5748,0.437,0,0
0.14644041366907,5749,0.43725,0,0
0.14644048714552,5750,0.4375,0,0
0.14644056062194,5751,0.43775,0,0
0.14644063409833,5752,0.438,0,0
0.14644070757469,5753,0.43825,0,0
0.14644078105102,5754,0.4385,0,0
0.14644085452732,5755,0.43875,0,0
0.1464409280036,5756,0.439,0,0
0.14644100147984,5757,0.43925,0,0
0.14644107495606,5758,0.4395,0,0
0.14644114843224,5759,0.43975,0,0
0.1464412219084,5760,0.44,0,0
0.14644129538452,5761,0.44025,0,0
0.14644136886062,5762,0.4405,0,0
0.14644144233669,5763,0.44075,0,0
0.14644151581273,5764,0.441,0,0
0.14644158928874,5765,0.44125,0,0
0.14644166276472,5766,0.4415,0,0
0.14644173624067,5767,0.44175,0,0
0.14644180971659,5768,0.442,0,0
0.14644188319248,5769,0.44225,0,0
0.14644195666835,5770,0.4425,0,0
0.14644203014418,5771,0.44275,0,0
0.14644210361999,5772,0.443,0,0
0.14644217709576,5773,0.44325,0,0
0.14644225057151,5774,0.4435,0,0
0.14644232404723,5775,0.44375,0,0
0.14644239752292,5776,0.444,0,0
0.14644247099858,5777,0.44425,0,0
0.14644254447421,5778,0.4445,0,0
0.14644261794981,5779,0.44475,0,0
0.14644269142538,5780,0.445,0,0
0.14644276490093,5781,0.44525,0,0
0.14644283837644,5782,0.4455,0,0
0.14644291185193,5783,0.44575,0,0
0.14644298532738,5784,0.446,0,0
0.14644305880281,5785,0.44625,0,0
0.14644313227821,5786,0.4465,0,0
0.14644320575358,5787,0.44675,0,0
0.14644327922892,5788,0.447,0,0
0.14644335270423,5789,0.44725,0,0
0.14644342617952,5790,0.4475,0,0
0.14644349965477,5791,0.44775,0,0
0.14644357313,5792,0.448,0,0
0.14644364660519,5793,0.44825,0,0
0.14644372008036,5794,0.4485,0,0
0.1464437935555,5795,0.44875,0,0
0.14644386703061,5796,0.449,0,0
0.14644394050569,5797,0.44925,0,0
0.14644401398074,5798,0.4495,0,0
0.14644408745577,5799,0.44975,0,0
0.14644416093076,5800,0.45,0,0
0.14644423440573,5801,0.45025,0,0
0.14644430788067,5802,0.4505,0,0
0.14644438135558,5803,0.45075,0,0
0.14644445483046,5804,0.451,0,0
0.14644452830531,5805,0.45125,0,0
0.14644460178013,5806,0.4515,0,0
0.14644467525493,5807,0.45175,0,0
0.14644474872969,5808,0.452,0,0
0.14644482220443,5809,0.45225,0,0
0.14644489567914,5810,0.4525,0,0
0.14644496915382,5811,0.45275,0,0
0.14644504262847,5812,0.453,0,0
0.1464451161031,5813,0.45325,0,0
0.14644518957769,5814,0.4535,0,0
0.14644526305226,5815,0.45375,0,0
0.1464453365268,5816,0.454,0,0
0.1464454100013,5817,0.45425,0,0
0.14644548347579,5818,0.4545,0,0
0.14644555695024,5819,0.45475,0,0
0.14644563042466,5820,0.455,0,0
0.14644570389906,5821,0.45525,0,0
0.14644577737342,5822,0.4555,0,0
0.14644585084776,5823,0.45575,0,0
0.14644592432207,5824,0.456,0,0
0.14644599779636,5825,0.45625,0,0
0.14644607127061,5826,0.4565,0,0
0.14644614474484,5827,0.45675,0,0
0.14644621821903,5828,0.457,0,0
0.1464462916932,5829,0.45725,0,0
0.14644636516734,5830,0.4575,0,0
0.14644643864145,5831,0.45775,0,0
0.14644651211554,5832,0.458,0,0
0.14644658558959,5833,0.45825,0,0
0.14644665906362,5834,0.4585,0,0
0.14644673253762,5835,0.45875,0,0
0.14644680601159,5836,0.459,0,0
0.14644687948554,5837,0.45925,0,0
0.14644695295945,5838,0.4595,0,0
0.14644702643334,5839,0.45975,0,0
0.1464470999072,5840,0.46,0,0
0.14644717338103,5841,0.46025,0,0
0.14644724685483,5842,0.4605,0,0
0.1464473203286,5843,0.46075,0,0
0.14644739380235,5844,0.461,0,0
0.14644746727607,5845,0.46125,0,0
0.14644754074976,5846,0.4615,0,0
0.14644761422342,5847,0.46175,0,0
0.14644768769706,5848,0.462,0,0
0.14644776117066,5849,0.46225,0,0
0.14644783464424,5850,0.4625,0,0
0.14644790811779,5851,0.46275,0,0
0.14644798159131,5852,0.463,0,0
0.14644805506481,5853,0.46325,0,0
0.14644812853828,5854,0.4635,0,0
0.14644820201171,5855,0.46375,0,0
0.14644827548512,5856,0.464,0,0
0.14644834895851,5857,0.46425,0,0
0.14644842243186,5858,0.4645,0,0
0.14644849590519,5859,0.46475,0,0
0.14644856937849,5860,0.465,0,0
0.14644864285176,5861,0.46525,0,0
0.14644871632501,5862,0.4655,0,0
0.14644878979822,5863,0.46575,0,0
0.14644886327141,5864,0.466,0,0
0.14644893674457,5865,0.46625,0,0
0.1464490102177,5866,0.4665,0,0
0.14644908369081,5867,0.46675,0,0
0.14644915716389,5868,0.467,0,0
0.14644923063694,5869,0.46725,0,0
0.14644930410996,5870,0.4675,0,0
0.14644937758295,5871,0.46775,0,0
0.14644945105592,5872,0.468,0,0
0.14644952452886,5873,0.46825,0,0
0.14644959800177,5874,0.4685,0,0
0.14644967147465,5875,0.46875,0,0
0.14644974494751,5876,0.469,0,0
0.14644981842034,5877,0.46925,0,0
0.14644989189314,5878,0.4695,0,0
0.14644996536591,5879,0.46975,0,0
0.14645003883866,5880,0.47,0,0
0.14645011231138,5881,0.47025,0,0
0.14645018578407,5882,0.4705,0,0
0.14645025925673,5883,0.47075,0,0
0.14645033272937,5884,0.471,0,0
0.14645040620198,5885,0.47125,0,0
0.14645047967456,5886,0.4715,0,0
0.14645055314711,5887,0.47175,0,0
0.14645062661964,5888,0.472,0,0
0.14645070009214,5889,0.47225,0,0
0.14645077356461,5890,0.4725,0,0
0.14645084703706,5891,0.47275,0,0
0.14645092050947,5892,0.473,0,0
0.14645099398186,5893,0.47325,0,0
0.14645106745422,5894,0.4735,0,0
0.14645114092656,5895,0.47375,0,0
0.14645121439887,5896,0.474,0,0
0.14645128787115,5897,0.47425,0,0
0.1464513613434,5898,0.4745,0,0
0.14645143481563,5899,0.47475,0,0
0.14645150828783,5900,0.475,0,0
0.14645158176,5901,0.47525,0,0
0.14645165523214,5902,0.4755,0,0
0.14645172870426,5903,0.47575,0,0
0.14645180217635,5904,0.476,0,0
0.14645187564841,5905,0.47625,0,0
0.14645194912045,5906,0.4765,0,0
0.14645202259246,5907,0.47675,0,0
0.14645209606444,5908,0.477,0,0
0.14645216953639,5909,0.47725,0,0
0.14645224300832,5910,0.4775,0,0
0.14645231648022,5911,0.47775,0,0
0.14645238995209,5912,0.478,0,0
0.14645246342394,5913,0.47825,0,0
0.14645253689576,5914,0.4785,0,0
0.14645261036755,5915,0.47875,0,0
0.14645268383932,5916,0.479,0,0
0.14645275731106,5917,0.47925,0,0
0.14645283078277,5918,0.4795,0,0
0.14645290425445,5919,0.47975,0,0
0.14645297772611,5920,0.48,0,0
0.14645305119774,5921,0.48025,0,0
0.14645312466934,5922,0.4805,0,0
0.14645319814092,5923,0.48075,0,0
0.14645327161247,5924,0.481,0,0
0.14645334508399,5925,0.48125,0,0
0.14645341855549,5926,0.4815,0,0
0.14645349202696,5927,0.48175,0,0
0.1464535654984,5928,0.482,0,0
0.14645363896982,5929,0.48225,0,0
0.14645371244121,5930,0.4825,0,0
0.14645378591257,5931,0.48275,0,0
0.14645385938391,5932,0.483,0,0
0.14645393285521,5933,0.48325,0,0
0.1464540063265,5934,0.4835,0,0
0.14645407979775,5935,0.48375,0,0
0.14645415326898,5936,0.484,0,0
0.14645422674018,5937,0.48425,0,0
0.14645430021136,5938,0.4845,0,0
0.14645437368251,5939,0.48475,0,0
0.14645444715363,5940,0.485,0,0
0.14645452062472,5941,0.48525,0,0
0.14645459409579,5942,0.4855,0,0
0.14645466756684,5943,0.48575,0,0
0.14645474103785,5944,0.486,0,0
0.14645481450884,5945,0.48625,0,0
0.1464548879798,5946,0.4865,0,0
0.14645496145074,5947,0.48675,0,0
0.14645503492165,5948,0.487,0,0
0.14645510839253,5949,0.48725,0,0
0.14645518186339,5950,0.4875,0,0
0.14645525533422,5951,0.48775,0,0
0.14645532880502,5952,0.488,0,0
0.1464554022758,5953,0.48825,0,0
0.14645547574655,5954,0.4885,0,0
0.14645554921728,5955,0.48875,0,0
0.14645562268797,5956,0.489,0,0
0.14645569615865,5957,0.48925,0,0
0.14645576962929,5958,0.4895,0,0
0.14645584309991,5959,0.48975,0,0
0.1464559165705,5960,0.49,0,0
0.14645599004107,5961,0.49025,0,0
0.14645606351161,5962,0.4905,0,0
0.14645613698212,5963,0.49075,0,0
0.14645621045261,5964,0.491,0,0
0.14645628392307,5965,0.49125,0,0
0.14645635739351,5966,0.4915,0,0
0.14645643086392,5967,0.49175,0,0
0.1464565043343,5968,0.492,0,0
0.14645657780465,5969,0.49225,0,0
0.14645665127499,5970,0.4925,0,0
0.14645672474529,5971,0.49275,0,0
0.14645679821557,5972,0.493,0,0
0.14645687168582,5973,0.49325,0,0
0.14645694515604,5974,0.4935,0,0
0.14645701862624,5975,0.49375,0,0
0.14645709209642,5976,0.494,0,0
0.14645716556656,5977,0.49425,0,0
0.14645723903669,5978,0.4945,0,0
0.14645731250678,5979,0.49475,0,0
0.14645738597685,5980,0.495,0,0
0.14645745944689,5981,0.49525,0,0
0.14645753291691,5982,0.4955,0,0
0.1464576063869,5983,0.49575,0,0
0.14645767985687,5984,0.496,0,0
0.14645775332681,5985,0.49625,0,0
0.14645782679672,5986,0.4965,0,0
0.14645790026661,5987,0.49675,0,0
0.14645797373647,5988,0.497,0,0
0.1464580472063,5989,0.49725,0,0
0.14645812067611,5990,0.4975,0,0
0.1464581941459,5991,0.49775,0,0
0.14645826761566,5992,0.498,0,0
0.14645834108539,5993,0.49825,0,0
0.14645841455509,5994,0.4985,0,0
0.14645848802477,5995,0.49875,0,0
0.14645856149443,5996,0.499,0,0
0.14645863496406,5997,0.49925,0,0
0.14645870843366,5998,0.4995,0,0
0.14645878190324,5999,0.49975,0,0
0.14645885537279,6000,0.5,0,0
0.14645892884232,6001,0.50025,0,0
0.14645900231182,6002,0.5005,0,0
0.14645907578129,6003,0.50075,0,0
0.14645914925074,6004,0.501,0,0
0.14645922272016,6005,0.50125,0,0
0.14645929618956,6006,0.5015,0,0
0.14645936965893,6007,0.50175,0,0
0.14645944312828,6008,0.502,0,0
0.1464595165976,6009,0.50225,0,0
0.14645959006689,6010,0.5025,0,0
0.14645966353616,6011,0.50275,0,0
0.14645973700541,6012,0.503,0,0
0.14645981047462,6013,0.50325,0,0
0.14645988394382,6014,0.5035,0,0
0.14645995741298,6015,0.50375,0,0
0.14646003088213,6016,0.504,0,0
0.14646010435124,6017,0.50425,0,0
0.14646017782033,6018,0.5045,0,0
0.1464602512894,6019,0.50475,0,0
0.14646032475844,6020,0.505,0,0
0.14646039822745,6021,0.50525,0,0
0.14646047169644,6022,0.5055,0,0
0.14646054516541,6023,0.50575,0,0
0.14646061863434,6024,0.506,0,0
0.14646069210326,6025,0.50625,0,0
0.14646076557214,6026,0.5065,0,0
0.14646083904101,6027,0.50675,0,0
0.14646091250984,6028,0.507,0,0
0.14646098597865,6029,0.50725,0,0
0.14646105944744,6030,0.5075,0,0
0.1464611329162,6031,0.50775,0,0
0.14646120638494,6032,0.508,0,0
0.14646127985365,6033,0.50825,0,0
0.14646135332233,6034,0.5085,0,0
0.14646142679099,6035,0.50875,0,0
0.14646150025963,6036,0.509,0,0
0.14646157372824,6037,0.50925,0,0
0.14646164719682,6038,0.5095,0,0
0.14646172066538,6039,0.50975,0,0
0.14646179413391,6040,0.51,0,0
0.14646186760242,6041,0.51025,0,0
0.14646194107091,6042,0.5105,0,0
0.14646201453937,6043,0.51075,0,0
0.1464620880078,6044,0.511,0,0
0.14646216147621,6045,0.51125,0,0
0.14646223494459,6046,0.5115,0,0
0.14646230841295,6047,0.51175,0,0
0.14646238188128,6048,0.512,0,0
0.14646245534959,6049,0.51225,0,0
0.14646252881787,6050,0.5125,0,0
0.14646260228613,6051,0.51275,0,0
0.14646267575437,6052,0.513,0,0
0.14646274922257,6053,0.51325,0,0
0.14646282269076,6054,0.5135,0,0
0.14646289615892,6055,0.51375,0,0
0.14646296962705,6056,0.514,0,0
0.14646304309516,6057,0.51425,0,0
0.14646311656324,6058,0.5145,0,0
0.1464631900313,6059,0.51475,0,0
0.14646326349933,6060,0.515,0,0
0.14646333696734,6061,0.51525,0,0
0.14646341043533,6062,0.5155,0,0
0.14646348390329,6063,0.51575,0,0
0.14646355737122,6064,0.516,0,0
0.14646363083913,6065,0.51625,0,0
0.14646370430702,6066,0.5165,0,0
0.14646377777488,6067,0.51675,0,0
0.14646385124271,6068,0.517,0,0
0.14646392471052,6069,0.51725,0,0
0.14646399817831,6070,0.5175,0,0
0.14646407164607,6071,0.51775,0,0
0.14646414511381,6072,0.518,0,0
0.14646421858152,6073,0.51825,0,0
0.14646429204921,6074,0.5185,0,0
0.14646436551687,6075,0.51875,0,0
0.14646443898451,6076,0.519,0,0
0.14646451245212,6077,0.51925,0,0
0.14646458591971,6078,0.5195,0,0
0.14646465938728,6079,0.51975,0,0
0.14646473285482,6080,0.52,0,0
0.14646480632233,6081,0.52025,0,0
0.14646487978982,6082,0.5205,0,0
0.14646495325729,6083,0.52075,0,0
0.14646502672473,6084,0.521,0,0
0.14646510019215,6085,0.52125,0,0
0.14646517365954,6086,0.5215,0,0
0.14646524712691,6087,0.52175,0,0
0.14646532059425,6088,0.522,0,0
0.14646539406157,6089,0.52225,0,0
0.14646546752887,6090,0.5225,0,0
0.14646554099614,6091,0.52275,0,0
0.14646561446338,6092,0.523,0,0
0.1464656879306,6093,0.52325,0,0
0.1464657613978,6094,0.5235,0,0
0.14646583486498,6095,0.52375,0,0
0.14646590833212,6096,0.524,0,0
0.14646598179925,6097,0.52425,0,0
0.14646605526635,6098,0.5245,0,0
0.14646612873342,6099,0.52475,0,0
0.14646620220048,6100,0.525,0,0
0.1464662756675,6101,0.52525,0,0
0.14646634913451,6102,0.5255,0,0
0.14646642260148,6103,0.52575,0,0
0.14646649606844,6104,0.526,0,0
0.14646656953537,6105,0.52625,0,0
0.14646664300228,6106,0.5265,0,0
0.14646671646916,6107,0.52675,0,0
0.14646678993601,6108,0.527,0,0
0.14646686340285,6109,0.52725,0,0
0.14646693686966,6110,0.5275,0,0
0.14646701033644,6111,0.52775,0,0
0.1464670838032,6112,0.528,0,0
0.14646715726994,6113,0.52825,0,0
0.14646723073665,6114,0.5285,0,0
0.14646730420334,6115,0.52875,0,0
0.14646737767001,6116,0.529,0,0
0.14646745113665,6117,0.52925,0,0
0.14646752460327,6118,0.5295,0,0
0.14646759806986,6119,0.52975,0,0
0.14646767153643,6120,0.53,0,0
0.14646774500297,6121,0.53025,0,0
0.14646781846949,6122,0.5305,0,0
0.14646789193599,6123,0.53075,0,0
0.14646796540246,6124,0.531,0,0
0.14646803886891,6125,0.53125,0,0
0.14646811233534,6126,0.5315,0,0
0.14646818580174,6127,0.53175,0,0
0.14646825926812,6128,0.532,0,0
0.14646833273447,6129,0.53225,0,0
0.1464684062008,6130,0.5325,0,0
0.14646847966711,6131,0.53275,0,0
0.14646855313339,6132,0.533,0,0
0.14646862659965,6133,0.53325,0,0
0.14646870006588,6134,0.5335,0,0
0.14646877353209,6135,0.53375,0,0
0.14646884699828,6136,0.534,0,0
0.14646892046444,6137,0.53425,0,0
0.14646899393058,6138,0.5345,0,0
0.1464690673967,6139,0.53475,0,0
0.14646914086279,6140,0.535,0,0
0.14646921432886,6141,0.53525,0,0
0.1464692877949,6142,0.5355,0,0
0.14646936126092,6143,0.53575,0,0
0.14646943472692,6144,0.536,0,0
0.14646950819289,6145,0.53625,0,0
0.14646958165884,6146,0.5365,0,0
0.14646965512477,6147,0.53675,0,0
0.14646972859067,6148,0.537,0,0
0.14646980205655,6149,0.53725,0,0
0.14646987552241,6150,0.5375,0,0
0.14646994898824,6151,0.53775,0,0
0.14647002245405,6152,0.538,0,0
0.14647009591983,6153,0.53825,0,0
0.1464701693856,6154,0.5385,0,0
0.14647024285133,6155,0.53875,0,0
0.14647031631705,6156,0.539,0,0
0.14647038978274,6157,0.53925,0,0
0.14647046324841,6158,0.5395,0,0
0.14647053671405,6159,0.53975,0,0
0.14647061017967,6160,0.54,0,0
0.14647068364527,6161,0.54025,0,0
0.14647075711084,6162,0.5405,0,0
0.14647083057639,6163,0.54075,0,0
0.14647090404192,6164,0.541,0,0
0.14647097750743,6165,0.54125,0,0
0.14647105097291,6166,0.5415,0,0
0.14647112443836,6167,0.54175,0,0
0.1464711979038,6168,0.542,0,0
0.14647127136921,6169,0.54225,0,0
0.1464713448346,6170,0.5425,0,0
0.14647141829996,6171,0.54275,0,0
0.1464714917653,6172,0.543,0,0
0.14647156523062,6173,0.54325,0,0
0.14647163869591,6174,0.5435,0,0
0.14647171216118,6175,0.54375,0,0
0.14647178562643,6176,0.544,0,0
0.14647185909166,6177,0.54425,0,0
0.14647193255686,6178,0.5445,0,0
0.14647200602204,6179,0.54475,0,0
0.14647207948719,6180,0.545,0,0
0.14647215295233,6181,0.54525,0,0
0.14647222641743,6182,0.5455,0,0
0.14647229988252,6183,0.54575,0,0
0.14647237334758,6184,0.546,0,0
0.14647244681262,6185,0.54625,0,0
0.14647252027764,6186,0.5465,0,0
0.14647259374263,6187,0.54675,0,0
0.1464726672076,6188,0.547,0,0
0.14647274067255,6189,0.54725,0,0
0.14647281413748,6190,0.5475,0,0
0.14647288760238,6191,0.54775,0,0
0.14647296106726,6192,0.548,0,0
0.14647303453211,6193,0.54825,0,0
0.14647310799695,6194,0.5485,0,0
0.14647318146176,6195,0.54875,0,0
0.14647325492654,6196,0.549,0,0
0.14647332839131,6197,0.54925,0,0
0.14647340185605,6198,0.5495,0,0
0.14647347532077,6199,0.54975,0,0
0.14647354878546,6200,0.55,0,0
0.14647362225014,6201,0.55025,0,0
0.14647369571479,6202,0.5505,0,0
0.14647376917941,6203,0.55075,0,0
0.14647384264402,6204,0.551,0,0
0.1464739161086,6205,0.55125,0,0
0.14647398957316,6206,0.5515,0,0
0.1464740630377,6207,0.55175,0,0
0.14647413650221,6208,0.552,0,0
0.1464742099667,6209,0.55225,0,0
0.14647428343117,6210,0.5525,0,0
0.14647435689561,6211,0.55275,0,0
0.14647443036003,6212,0.553,0,0
0.14647450382443,6213,0.55325,0,0
0.14647457728881,6214,0.5535,0,0
0.14647465075317,6215,0.55375,0,0
0.1464747242175,6216,0.554,0,0
0.14647479768181,6217,0.55425,0,0
0.14647487114609,6218,0.5545,0,0
0.14647494461036,6219,0.55475,0,0
0.1464750180746,6220,0.555,0,0
0.14647509153882,6221,0.55525,0,0
0.14647516500302,6222,0.5555,0,0
0.14647523846719,6223,0.55575,0,0
0.14647531193134,6224,0.556,0,0
0.14647538539547,6225,0.55625,0,0
0.14647545885958,6226,0.5565,0,0
0.14647553232366,6227,0.55675,0,0
0.14647560578772,6228,0.557,0,0
0.14647567925176,6229,0.55725,0,0
0.14647575271578,6230,0.5575,0,0
0.14647582617977,6231,0.55775,0,0
0.14647589964374,6232,0.558,0,0
0.14647597310769,6233,0.55825,0,0
0.14647604657162,6234,0.5585,0,0
0.14647612003552,6235,0.55875,0,0
0.14647619349941,6236,0.559,0,0
0.14647626696327,6237,0.55925,0,0
0.1464763404271,6238,0.5595,0,0
0.14647641389092,6239,0.55975,0,0
0.14647648735471,6240,0.56,0,0
0.14647656081848,6241,0.56025,0,0
0.14647663428223,6242,0.5605,0,0
0.14647670774596,6243,0.56075,0,0
0.14647678120966,6244,0.561,0,0
0.14647685467334,6245,0.56125,0,0
0.146476928137,6246,0.5615,0,0
0.14647700160064,6247,0.56175,0,0
0.14647707506425,6248,0.562,0,0
0.14647714852785,6249,0.56225,0,0
0.14647722199142,6250,0.5625,0,0
0.14647729545497,6251,0.56275,0,0
0.14647736891849,6252,0.563,0,0
0.146477442382,6253,0.56325,0,0
0.14647751584548,6254,0.5635,0,0
0.14647758930894,6255,0.56375,0,0
0.14647766277238,6256,0.564,0,0
0.14647773623579,6257,0.56425,0,0
0.14647780969919,6258,0.5645,0,0
0.14647788316256,6259,0.56475,0,0
0.14647795662591,6260,0.565,0,0
0.14647803008924,6261,0.56525,0,0
0.14647810355254,6262,0.5655,0,0
0.14647817701583,6263,0.56575,0,0
0.14647825047909,6264,0.566,0,0
0.14647832394233,6265,0.56625,0,0
0.14647839740555,6266,0.5665,0,0
0.14647847086874,6267,0.56675,0,0
0.14647854433192,6268,0.567,0,0
0.14647861779507,6269,0.56725,0,0
0.1464786912582,6270,0.5675,0,0
0.14647876472131,6271,0.56775,0,0
0.1464788381844,6272,0.568,0,0
0.14647891164746,6273,0.56825,0,0
0.14647898511051,6274,0.5685,0,0
0.14647905857353,6275,0.56875,0,0
0.14647913203653,6276,0.569,0,0
0.1464792054995,6277,0.56925,0,0
0.14647927896246,6278,0.5695,0,0
0.14647935242539,6279,0.56975,0,0
0.14647942588831,6280,0.57,0,0
0.1464794993512,6281,0.57025,0,0
0.14647957281407,6282,0.5705,0,0
0.14647964627691,6283,0.57075,0,0
0.14647971973974,6284,0.571,0,0
0.14647979320254,6285,0.57125,0,0
0.14647986666533,6286,0.5715,0,0
0.14647994012809,6287,0.57175,0,0
0.14648001359083,6288,0.572,0,0
0.14648008705354,6289,0.57225,0,0
0.14648016051624,6290,0.5725,0,0
0.14648023397891,6291,0.57275,0,0
0.14648030744157,6292,0.573,0,0
0.1464803809042,6293,0.57325,0,0
0.14648045436681,6294,0.5735,0,0
0.1464805278294,6295,0.57375,0,0
0.14648060129196,6296,0.574,0,0
0.14648067475451,6297,0.57425,0,0
0.14648074821703,6298,0.5745,0,0
0.14648082167953,6299,0.57475,0,0
0.14648089514201,6300,0.575,0,0
0.14648096860447,6301,0.57525,0,0
0.14648104206691,6302,0.5755,0,0
0.14648111552933,6303,0.57575,0,0
0.14648118899172,6304,0.576,0,0
0.14648126245409,6305,0.57625,0,0
0.14648133591645,6306,0.5765,0,0
0.14648140937878,6307,0.57675,0,0
0.14648148284109,6308,0.577,0,0
0.14648155630337,6309,0.57725,0,0
0.14648162976564,6310,0.5775,0,0
0.14648170322789,6311,0.57775,0,0
0.14648177669011,6312,0.578,0,0
0.14648185015231,6313,0.57825,0,0
0.1464819236145,6314,0.5785,0,0
0.14648199707666,6315,0.57875,0,0
0.14648207053879,6316,0.579,0,0
0.14648214400091,6317,0.57925,0,0
0.14648221746301,6318,0.5795,0,0
0.14648229092508,6319,0.57975,0,0
0.14648236438714,6320,0.58,0,0
0.14648243784917,6321,0.58025,0,0
0.14648251131118,6322,0.5805,0,0
0.14648258477317,6323,0.58075,0,0
0.14648265823514,6324,0.581,0,0
0.14648273169709,6325,0.58125,0,0
0.14648280515902,6326,0.5815,0,0
0.14648287862092,6327,0.58175,0,0
0.14648295208281,6328,0.582,0,0
0.14648302554467,6329,0.58225,0,0
0.14648309900652,6330,0.5825,0,0
0.14648317246834,6331,0.58275,0,0
0.14648324593014,6332,0.583,0,0
0.14648331939192,6333,0.58325,0,0
0.14648339285368,6334,0.5835,0,0
0.14648346631541,6335,0.58375,0,0
0.14648353977713,6336,0.584,0,0
0.14648361323883,6337,0.58425,0,0
0.1464836867005,6338,0.5845,0,0
0.14648376016216,6339,0.58475,0,0
0.14648383362379,6340,0.585,0,0
0.1464839070854,6341,0.58525,0,0
0.14648398054699,6342,0.5855,0,0
0.14648405400856,6343,0.58575,0,0
0.14648412747011,6344,0.586,0,0
0.14648420093164,6345,0.58625,0,0
0.14648427439315,6346,0.5865,0,0
0.14648434785464,6347,0.58675,0,0
0.1464844213161,6348,0.587,0,0
0.14648449477755,6349,0.58725,0,0
0.14648456823897,6350,0.5875,0,0
0.14648464170037,6351,0.58775,0,0
0.14648471516176,6352,0.588,0,0
0.14648478862312,6353,0.58825,0,0
0.14648486208446,6354,0.5885,0,0
0.14648493554578,6355,0.58875,0,0
0.14648500900708,6356,0.589,0,0
0.14648508246836,6357,0.58925,0,0
0.14648515592962,6358,0.5895,0,0
0.14648522939086,6359,0.58975,0,0
0.14648530285207,6360,0.59,0,0
0.14648537631327,6361,0.59025,0,0
0.14648544977445,6362,0.5905,0,0
0.1464855232356,6363,0.59075,0,0
0.14648559669674,6364,0.591,0,0
0.14648567015785,6365,0.59125,0,0
0.14648574361895,6366,0.5915,0,0
0.14648581708002,6367,0.59175,0,0
0.14648589054107,6368,0.592,0,0
0.1464859640021,6369,0.59225,0,0
0.14648603746311,6370,0.5925,0,0
0.14648611092411,6371,0.59275,0,0
0.14648618438508,6372,0.593,0,0
0.14648625784603,6373,0.59325,0,0
0.14648633130696,6374,0.5935,0,0
0.14648640476786,6375,0.59375,0,0
0.14648647822875,6376,0.594,0,0
0.14648655168962,6377,0.59425,0,0
0.14648662515047,6378,0.5945,0,0
0.1464866986113,6379,0.59475,0,0
0.1464867720721,6380,0.595,0,0
0.14648684553289,6381,0.59525,0,0
0.14648691899366,6382,0.5955,0,0
0.1464869924544,6383,0.59575,0,0
0.14648706591513,6384,0.596,0,0
0.14648713937583,6385,0.59625,0,0
0.14648721283652,6386,0.5965,0,0
0.14648728629718,6387,0.59675,0,0
0.14648735975783,6388,0.597,0,0
0.14648743321845,6389,0.59725,0,0
0.14648750667905,6390,0.5975,0,0
0.14648758013964,6391,0.59775,0,0
0.1464876536002,6392,0.598,0,0
0.14648772706074,6393,0.59825,0,0
0.14648780052127,6394,0.5985,0,0
0.14648787398177,6395,0.59875,0,0
0.14648794744225,6396,0.599,0,0
0.14648802090271,6397,0.59925,0,0
0.14648809436315,6398,0.5995,0,0
0.14648816782358,6399,0.59975,0,0
0.14648824128398,6400,0.6,0,0
0.14648831474436,6401,0.60025,0,0
0.14648838820472,6402,0.6005,0,0
0.14648846166506,6403,0.60075,0,0
0.14648853512538,6404,0.601,0,0
0.14648860858569,6405,0.60125,0,0
0.14648868204597,6406,0.6015,0,0
0.14648875550623,6407,0.60175,0,0
0.14648882896647,6408,0.602,0,0
0.14648890242669,6409,0.60225,0,0
0.14648897588689,6410,0.6025,0,0
0.14648904934707,6411,0.60275,0,0
0.14648912280723,6412,0.603,0,0
0.14648919626738,6413,0.60325,0,0
0.1464892697275,6414,0.6035,0,0
0.1464893431876,6415,0.60375,0,0
0.14648941664768,6416,0.604,0,0
0.14648949010774,6417,0.60425,0,0
0.14648956356778,6418,0.6045,0,0
0.14648963702781,6419,0.60475,0,0
0.14648971048781,6420,0.605,0,0
0.14648978394779,6421,0.60525,0,0
0.14648985740775,6422,0.6055,0,0
0.14648993086769,6423,0.60575,0,0
0.14649000432762,6424,0.606,0,0
0.14649007778752,6425,0.60625,0,0
0.1464901512474,6426,0.6065,0,0
0.14649022470727,6427,0.60675,0,0
0.14649029816711,6428,0.607,0,0
0.14649037162693,6429,0.60725,0,0
0.14649044508674,6430,0.6075,0,0
0.14649051854652,6431,0.60775,0,0
0.14649059200629,6432,0.608,0,0
0.14649066546603,6433,0.60825,0,0
0.14649073892576,6434,0.6085,0,0
0.14649081238546,6435,0.60875,0,0
0.14649088584515,6436,0.609,0,0
0.14649095930481,6437,0.60925,0,0
0.14649103276446,6438,0.6095,0,0
0.14649110622409,6439,0.60975,0,0
0.14649117968369,6440,0.61,0,0
0.14649125314328,6441,0.61025,0,0
0.14649132660285,6442,0.6105,0,0
0.1464914000624,6443,0.61075,0,0
0.14649147352193,6444,0.611,0,0
0.14649154698144,6445,0.61125,0,0
0.14649162044093,6446,0.6115,0,0
0.1464916939004,6447,0.61175,0,0
0.14649176735985,6448,0.612,0,0
0.14649184081928,6449,0.61225,0,0
0.14649191427869,6450,0.6125,0,0
0.14649198773808,6451,0.61275,0,0
0.14649206119746,6452,0.613,0,0
0.14649213465681,6453,0.61325,0,0
0.14649220811614,6454,0.6135,0,0
0.14649228157546,6455,0.61375,0,0
0.14649235503475,6456,0.614,0,0
0.14649242849403,6457,0.61425,0,0
0.14649250195329,6458,0.6145,0,0
0.14649257541252,6459,0.61475,0,0
0.14649264887174,6460,0.615,0,0
0.14649272233094,6461,0.61525,0,0
0.14649279579012,6462,0.6155,0,0
0.14649286924928,6463,0.61575,0,0
0.14649294270842,6464,0.616,0,0
0.14649301616754,6465,0.61625,0,0
0.14649308962664,6466,0.6165,0,0
0.14649316308573,6467,0.61675,0,0
0.14649323654479,6468,0.617,0,0
0.14649331000383,6469,0.61725,0,0
0.14649338346286,6470,0.6175,0,0
0.14649345692186,6471,0.61775,0,0
0.14649353038085,6472,0.618,0,0
0.14649360383982,6473,0.61825,0,0
0.14649367729877,6474,0.6185,0,0
0.1464937507577,6475,0.61875,0,0
0.14649382421661,6476,0.619,0,0
0.1464938976755,6477,0.61925,0,0
0.14649397113437,6478,0.6195,0,0
0.14649404459322,6479,0.61975,0,0
0.14649411805205,6480,0.62,0,0
0.14649419151087,6481,0.62025,0,0
0.14649426496966,6482,0.6205,0,0
0.14649433842844,6483,0.62075,0,0
0.1464944118872,6484,0.621,0,0
0.14649448534594,6485,0.62125,0,0
0.14649455880465,6486,0.6215,0,0
0.14649463226335,6487,0.62175,0,0
0.14649470572204,6488,0.622,0,0
0.1464947791807,6489,0.62225,0,0
0.14649485263934,6490,0.6225,0,0
0.14649492609797,6491,0.62275,0,0
0.14649499955657,6492,0.623,0,0
0.14649507301516,6493,0.62325,0,0
0.14649514647372,6494,0.6235,0,0
0.14649521993227,6495,0.62375,0,0
0.1464952933908,6496,0.624,0,0
0.14649536684931,6497,0.62425,0,0
0.14649544030781,6498,0.6245,0,0
0.14649551376628,6499,0.62475,0,0
0.14649558722473,6500,0.625,0,0
0.14649566068317,6501,0.62525,0,0
0.14649573414158,6502,0.6255,0,0
0.14649580759998,6503,0.62575,0,0
0.14649588105836,6504,0.626,0,0
0.14649595451672,6505,0.62625,0,0
0.14649602797506,6506,0.6265,0,0
0.14649610143338,6507,0.62675,0,0
0.14649617489169,6508,0.627,0,0
0.14649624834997,6509,0.62725,0,0
0.14649632180824,6510,0.6275,0,0
0.14649639526649,6511,0.62775,0,0
0.14649646872472,6512,0.628,0,0
0.14649654218293,6513,0.62825,0,0
0.14649661564112,6514,0.6285,0,0
0.14649668909929,6515,0.62875,0,0
0.14649676255745,6516,0.629,0,0
0.14649683601558,6517,0.62925,0,0
0.1464969094737,6518,0.6295,0,0
0.1464969829318,6519,0.62975,0,0
0.14649705638988,6520,0.63,0,0
0.14649712984794,6521,0.63025,0,0
0.14649720330598,6522,0.6305,0,0
0.146497276764,6523,0.63075,0,0
0.14649735022201,6524,0.631,0,0
0.14649742368,6525,0.63125,0,0
0.14649749713797,6526,0.6315,0,0
0.14649757059592,6527,0.63175,0,0
0.14649764405385,6528,0.632,0,0
0.14649771751176,6529,0.63225,0,0
0.14649779096965,6530,0.6325,0,0
0.14649786442753,6531,0.63275,0,0
0.14649793788539,6532,0.633,0,0
0.14649801134323,6533,0.63325,0,0
0.14649808480105,6534,0.6335,0,0
0.14649815825885,6535,0.63375,0,0
0.14649823171663,6536,0.634,0,0
0.1464983051744,6537,0.63425,0,0
0.14649837863215,6538,0.6345,0,0
0.14649845208988,6539,0.63475,0,0
0.14649852554759,6540,0.635,0,0
0.14649859900528,6541,0.63525,0,0
0.14649867246295,6542,0.6355,0,0
0.14649874592061,6543,0.63575,0,0
0.14649881937824,6544,0.636,0,0
0.14649889283586,6545,0.63625,0,0
0.14649896629346,6546,0.6365,0,0
0.14649903975105,6547,0.63675,0,0
0.14649911320861,6548,0.637,0,0
0.14649918666616,6549,0.63725,0,0
0.14649926012368,6550,0.6375,0,0
0.14649933358119,6551,0.63775,0,0
0.14649940703868,6552,0.638,0,0
0.14649948049616,6553,0.63825,0,0
0.14649955395361,6554,0.6385,0,0
0.14649962741105,6555,0.63875,0,0
0.14649970086847,6556,0.639,0,0
0.14649977432587,6557,0.63925,0,0
0.14649984778325,6558,0.6395,0,0
0.14649992124061,6559,0.63975,0,0
0.14649999469796,6560,0.64,0,0
0.14650006815529,6561,0.64025,0,0
0.1465001416126,6562,0.6405,0,0
0.14650021506989,6563,0.64075,0,0
0.14650028852716,6564,0.641,0,0
0.14650036198442,6565,0.64125,0,0
0.14650043544166,6566,0.6415,0,0
0.14650050889888,6567,0.64175,0,0
0.14650058235608,6568,0.642,0,0
0.14650065581326,6569,0.64225,0,0
0.14650072927043,6570,0.6425,0,0
0.14650080272757,6571,0.64275,0,0
0.1465008761847,6572,0.643,0,0
0.14650094964182,6573,0.64325,0,0
0.14650102309891,6574,0.6435,0,0
0.14650109655599,6575,0.64375,0,0
0.14650117001304,6576,0.644,0,0
0.14650124347008,6577,0.64425,0,0
0.14650131692711,6578,0.6445,0,0
0.14650139038411,6579,0.64475,0,0
0.1465014638411,6580,0.645,0,0
0.14650153729806,6581,0.64525,0,0
0.14650161075502,6582,0.6455,0,0
0.14650168421195,6583,0.64575,0,0
0.14650175766886,6584,0.646,0,0
0.14650183112576,6585,0.64625,0,0
0.14650190458264,6586,0.6465,0,0
0.1465019780395,6587,0.64675,0,0
0.14650205149635,6588,0.647,0,0
0.14650212495317,6589,0.64725,0,0
0.14650219840998,6590,0.6475,0,0
0.14650227186677,6591,0.64775,0,0
0.14650234532354,6592,0.648,0,0
0.1465024187803,6593,0.64825,0,0
0.14650249223704,6594,0.6485,0,0
0.14650256569376,6595,0.64875,0,0
0.14650263915046,6596,0.649,0,0
0.14650271260714,6597,0.64925,0,0
0.14650278606381,6598,0.6495,0,0
0.14650285952046,6599,0.64975,0,0
0.14650293297709,6600,0.65,0,0
0.1465030064337,6601,0.65025,0,0
0.1465030798903,6602,0.6505,0,0
0.14650315334688,6603,0.65075,0,0
0.14650322680344,6604,0.651,0,0
0.14650330025998,6605,0.65125,0,0
0.14650337371651,6606,0.6515,0,0
0.14650344717302,6607,0.65175,0,0
0.14650352062951,6608,0.652,0,0
0.14650359408598,6609,0.65225,0,0
0.14650366754244,6610,0.6525,0,0
0.14650374099888,6611,0.65275,0,0
0.1465038144553,6612,0.653,0,0
0.1465038879117,6613,0.65325,0,0
0.14650396136809,6614,0.6535,0,0
0.14650403482446,6615,0.65375,0,0
0.14650410828081,6616,0.654,0,0
0.14650418173714,6617,0.65425,0,0
0.14650425519346,6618,0.6545,0,0
0.14650432864976,6619,0.65475,0,0
0.14650440210604,6620,0.655,0,0
0.1465044755623,6621,0.65525,0,0
0.14650454901855,6622,0.6555,0,0
0.14650462247478,6623,0.65575,0,0
0.14650469593099,6624,0.656,0,0
0.14650476938719,6625,0.65625,0,0
0.14650484284336,6626,0.6565,0,0
0.14650491629952,6627,0.65675,0,0
0.14650498975567,6628,0.657,0,0
0.14650506321179,6629,0.65725,0,0
0.1465051366679,6630,0.6575,0,0
0.14650521012399,6631,0.65775,0,0
0.14650528358006,6632,0.658,0,0
0.14650535703612,6633,0.65825,0,0
0.14650543049216,6634,0.6585,0,0
0.14650550394818,6635,0.65875,0,0
0.14650557740419,6636,0.659,0,0
0.14650565086017,6637,0.65925,0,0
0.14650572431614,6638,0.6595,0,0
0.1465057977721,6639,0.65975,0,0
0.14650587122803,6640,0.66,0,0
0.14650594468395,6641,0.66025,0,0
0.14650601813985,6642,0.6605,0,0
0.14650609159574,6643,0.66075,0,0
0.14650616505161,6644,0.661,0,0
0.14650623850746,6645,0.66125,0,0
0.14650631196329,6646,0.6615,0,0
0.14650638541911,6647,0.66175,0,0
0.14650645887491,6648,0.662,0,0
0.14650653233069,6649,0.66225,0,0
0.14650660578645,6650,0.6625,0,0
0.1465066792422,6651,0.66275,0,0
0.14650675269793,6652,0.663,0,0
0.14650682615365,6653,0.66325,0,0
0.14650689960934,6654,0.6635,0,0
0.14650697306502,6655,0.66375,0,0
0.14650704652069,6656,0.664,0,0
0.14650711997633,6657,0.66425,0,0
0.14650719343196,6658,0.6645,0,0
0.14650726688758,6659,0.66475,0,0
0.14650734034317,6660,0.665,0,0
0.14650741379875,6661,0.66525,0,0
0.14650748725431,6662,0.6655,0,0
0.14650756070986,6663,0.66575,0,0
0.14650763416538,6664,0.666,0,0
0.14650770762089,6665,0.66625,0,0
0.14650778107639,6666,0.6665,0,0
0.14650785453187,6667,0.66675,0,0
0.14650792798733,6668,0.667,0,0
0.14650800144277,6669,0.66725,0,0
0.1465080748982,6670,0.6675,0,0
0.14650814835361,6671,0.66775,0,0
0.146508221809,6672,0.668,0,0
0.14650829526438,6673,0.66825,0,0
0.14650836871973,6674,0.6685,0,0
0.14650844217508,6675,0.66875,0,0
0.1465085156304,6676,0.669,0,0
0.14650858908571,6677,0.66925,0,0
0.14650866254101,6678,0.6695,0,0
0.14650873599628,6679,0.66975,0,0
0.14650880945154,6680,0.67,0,0
0.14650888290678,6681,0.67025,0,0
0.14650895636201,6682,0.6705,0,0
0.14650902981722,6683,0.67075,0,0
0.14650910327241,6684,0.671,0,0
0.14650917672759,6685,0.67125,0,0
0.14650925018274,6686,0.6715,0,0
0.14650932363789,6687,0.67175,0,0
0.14650939709301,6688,0.672,0,0
0.14650947054812,6689,0.67225,0,0
0.14650954400322,6690,0.6725,0,0
0.14650961745829,6691,0.67275,0,0
0.14650969091335,6692,0.673,0,0
0.14650976436839,6693,0.67325,0,0
0.14650983782342,6694,0.6735,0,0
0.14650991127843,6695,0.67375,0,0
0.14650998473342,6696,0.674,0,0
0.1465100581884,6697,0.67425,0,0
0.14651013164336,6698,0.6745,0,0
0.14651020509831,6699,0.67475,0,0
0.14651027855323,6700,0.675,0,0
0.14651035200814,6701,0.67525,0,0
0.14651042546304,6702,0.6755,0,0
0.14651049891792,6703,0.67575,0,0
0.14651057237278,6704,0.676,0,0
0.14651064582762,6705,0.67625,0,0
0.14651071928245,6706,0.6765,0,0
0.14651079273726,6707,0.67675,0,0
0.14651086619206,6708,0.677,0,0
0.14651093964684,6709,0.67725,0,0
0.1465110131016,6710,0.6775,0,0
0.14651108655635,6711,0.67775,0,0
0.14651116001108,6712,0.678,0,0
0.1465112334658,6713,0.67825,0,0
0.14651130692049,6714,0.6785,0,0
0.14651138037517,6715,0.67875,0,0
0.14651145382984,6716,0.679,0,0
0.14651152728449,6717,0.67925,0,0
0.14651160073912,6718,0.6795,0,0
0.14651167419374,6719,0.67975,0,0
0.14651174764834,6720,0.68,0,0
0.14651182110292,6721,0.68025,0,0
0.14651189455749,6722,0.6805,0,0
0.14651196801204,6723,0.68075,0,0
0.14651204146658,6724,0.681,0,0
0.1465121149211,6725,0.68125,0,0
0.1465121883756,6726,0.6815,0,0
0.14651226183009,6727,0.68175,0,0
0.14651233528456,6728,0.682,0,0
0.14651240873901,6729,0.68225,0,0
0.14651248219345,6730,0.6825,0,0
0.14651255564787,6731,0.68275,0,0
0.14651262910228,6732,0.683,0,0
0.14651270255667,6733,0.68325,0,0
0.14651277601104,6734,0.6835,0,0
0.1465128494654,6735,0.68375,0,0
0.14651292291974,6736,0.684,0,0
0.14651299637406,6737,0.68425,0,0
0.14651306982837,6738,0.6845,0,0
0.14651314328267,6739,0.68475,0,0
0.14651321673694,6740,0.685,0,0
0.14651329019121,6741,0.68525,0,0
0.14651336364545,6742,0.6855,0,0
0.14651343709968,6743,0.68575,0,0
0.14651351055389,6744,0.686,0,0
0.14651358400809,6745,0.68625,0,0
0.14651365746227,6746,0.6865,0,0
0.14651373091644,6747,0.68675,0,0
0.14651380437059,6748,0.687,0,0
0.14651387782472,6749,0.68725,0,0
0.14651395127884,6750,0.6875,0,0
0.14651402473294,6751,0.68775,0,0
0.14651409818703,6752,0.688,0,0
0.1465141716411,6753,0.68825,0,0
0.14651424509515,6754,0.6885,0,0
0.14651431854919,6755,0.68875,0,0
0.14651439200321,6756,0.689,0,0
0.14651446545722,6757,0.68925,0,0
0.14651453891121,6758,0.6895,0,0
0.14651461236518,6759,0.68975,0,0
0.14651468581914,6760,0.69,0,0
0.14651475927308,6761,0.69025,0,0
0.14651483272701,6762,0.6905,0,0
0.14651490618092,6763,0.69075,0,0
0.14651497963482,6764,0.691,0,0
0.1465150530887,6765,0.69125,0,0
0.14651512654256,6766,0.6915,0,0
0.14651519999641,6767,0.69175,0,0
0.14651527345024,6768,0.692,0,0
0.14651534690406,6769,0.69225,0,0
0.14651542035786,6770,0.6925,0,0
0.14651549381164,6771,0.69275,0,0
0.14651556726541,6772,0.693,0,0
0.14651564071917,6773,0.69325,0,0
0.14651571417291,6774,0.6935,0,0
0.14651578762663,6775,0.69375,0,0
0.14651586108034,6776,0.694,0,0
0.14651593453403,6777,0.69425,0,0
0.1465160079877,6778,0.6945,0,0
0.14651608144136,6779,0.69475,0,0
0.14651615489501,6780,0.695,0,0
0.14651622834864,6781,0.69525,0,0
0.14651630180225,6782,0.6955,0,0
0.14651637525585,6783,0.69575,0,0
0.14651644870943,6784,0.696,0,0
0.146516522163,6785,0.69625,0,0
0.14651659561655,6786,0.6965,0,0
0.14651666907008,6787,0.69675,0,0
0.1465167425236,6788,0.697,0,0
0.14651681597711,6789,0.69725,0,0
0.14651688943059,6790,0.6975,0,0
0.14651696288407,6791,0.69775,0,0
0.14651703633753,6792,0.698,0,0
0.14651710979097,6793,0.69825,0,0
0.1465171832444,6794,0.6985,0,0
0.14651725669781,6795,0.69875,0,0
0.1465173301512,6796,0.699,0,0
0.14651740360458,6797,0.69925,0,0
0.14651747705795,6798,0.6995,0,0
0.1465175505113,6799,0.69975,0,0
0.14651762396463,6800,0.7,0,0
0.14651769741795,6801,0.70025,0,0
0.14651777087125,6802,0.7005,0,0
0.14651784432454,6803,0.70075,0,0
0.14651791777782,6804,0.701,0,0
0.14651799123107,6805,0.70125,0,0
0.14651806468432,6806,0.7015,0,0
0.14651813813754,6807,0.70175,0,0
0.14651821159075,6808,0.702,0,0
0.14651828504395,6809,0.70225,0,0
0.14651835849713,6810,0.7025,0,0
0.1465184319503,6811,0.70275,0,0
0.14651850540345,6812,0.703,0,0
0.14651857885658,6813,0.70325,0,0
0.1465186523097,6814,0.7035,0,0
0.1465187257628,6815,0.70375,0,0
0.14651879921589,6816,0.704,0,0
0.14651887266897,6817,0.70425,0,0
0.14651894612203,6818,0.7045,0,0
0.14651901957507,6819,0.70475,0,0
0.1465190930281,6820,0.705,0,0
0.14651916648111,6821,0.70525,0,0
0.14651923993411,6822,0.7055,0,0
0.14651931338709,6823,0.70575,0,0
0.14651938684006,6824,0.706,0,0
0.14651946029301,6825,0.70625,0,0
0.14651953374595,6826,0.7065,0,0
0.14651960719887,6827,0.70675,0,0
0.14651968065178,6828,0.707,0,0
0.14651975410467,6829,0.70725,0,0
0.14651982755755,6830,0.7075,0,0
0.14651990101041,6831,0.70775,0,0
0.14651997446326,6832,0.708,0,0
0.14652004791609,6833,0.70825,0,0
0.1465201213689,6834,0.7085,0,0
0.14652019482171,6835,0.70875,0,0
0.14652026827449,6836,0.709,0,0
0.14652034172726,6837,0.70925,0,0
0.14652041518002,6838,0.7095,0,0
0.14652048863276,6839,0.70975,0,0
0.14652056208549,6840,0.71,0,0
0.1465206355382,6841,0.71025,0,0
0.14652070899089,6842,0.7105,0,0
0.14652078244358,6843,0.71075,0,0
0.14652085589624,6844,0.711,0,0
0.14652092934889,6845,0.71125,0,0
0.14652100280153,6846,0.7115,0,0
0.14652107625415,6847,0.71175,0,0
0.14652114970676,6848,0.712,0,0
0.14652122315935,6849,0.71225,0,0
0.14652129661193,6850,0.7125,0,0
0.14652137006449,6851,0.71275,0,0
0.14652144351704,6852,0.713,0,0
0.14652151696957,6853,0.71325,0,0
0.14652159042209,6854,0.7135,0,0
0.14652166387459,6855,0.71375,0,0
0.14652173732708,6856,0.714,0,0
0.14652181077955,6857,0.71425,0,0
0.14652188423201,6858,0.7145,0,0
0.14652195768445,6859,0.71475,0,0
0.14652203113688,6860,0.715,0,0
0.14652210458929,6861,0.71525,0,0
0.14652217804169,6862,0.7155,0,0
0.14652225149407,6863,0.71575,0,0
0.14652232494644,6864,0.716,0,0
0.1465223983988,6865,0.71625,0,0
0.14652247185114,6866,0.7165,0,0
0.14652254530346,6867,0.71675,0,0
0.14652261875577,6868,0.717,0,0
0.14652269220807,6869,0.71725,0,0
0.14652276566035,6870,0.7175,0,0
0.14652283911262,6871,0.71775,0,0
0.14652291256487,6872,0.718,0,0
0.1465229860171,6873,0.71825,0,0
0.14652305946933,6874,0.7185,0,0
0.14652313292153,6875,0.71875,0,0
0.14652320637373,6876,0.719,0,0
0.1465232798259,6877,0.71925,0,0
0.14652335327807,6878,0.7195,0,0
0.14652342673022,6879,0.71975,0,0
0.14652350018235,6880,0.72,0,0
0.14652357363447,6881,0.72025,0,0
0.14652364708658,6882,0.7205,0,0
0.14652372053867,6883,0.72075,0,0
0.14652379399074,6884,0.721,0,0
0.1465238674428,6885,0.72125,0,0
0.14652394089485,6886,0.7215,0,0
0.14652401434688,6887,0.72175,0,0
0.1465240877989,6888,0.722,0,0
0.1465241612509,6889,0.72225,0,0
0.14652423470289,6890,0.7225,0,0
0.14652430815487,6891,0.72275,0,0
0.14652438160683,6892,0.723,0,0
0.14652445505877,6893,0.72325,0,0
0.1465245285107,6894,0.7235,0,0
0.14652460196262,6895,0.72375,0,0
0.14652467541452,6896,0.724,0,0
0.14652474886641,6897,0.72425,0,0
0.14652482231828,6898,0.7245,0,0
0.14652489577014,6899,0.72475,0,0
0.14652496922198,6900,0.725,0,0
0.14652504267381,6901,0.72525,0,0
0.14652511612563,6902,0.7255,0,0
0.14652518957743,6903,0.72575,0,0
0.14652526302921,6904,0.726,0,0
0.14652533648099,6905,0.72625,0,0
0.14652540993274,6906,0.7265,0,0
0.14652548338449,6907,0.72675,0,0
0.14652555683622,6908,0.727,0,0
0.14652563028793,6909,0.72725,0,0
0.14652570373963,6910,0.7275,0,0
0.14652577719132,6911,0.72775,0,0
0.14652585064299,6912,0.728,0,0
0.14652592409465,6913,0.72825,0,0
0.14652599754629,6914,0.7285,0,0
0.14652607099792,6915,0.72875,0,0
0.14652614444953,6916,0.729,0,0
0.14652621790113,6917,0.72925,0,0
0.14652629135272,6918,0.7295,0,0
0.14652636480429,6919,0.72975,0,0
0.14652643825585,6920,0.73,0,0
0.14652651170739,6921,0.73025,0,0
0.14652658515892,6922,0.7305,0,0
0.14652665861043,6923,0.73075,0,0
0.14652673206194,6924,0.731,0,0
0.14652680551342,6925,0.73125,0,0
0.14652687896489,6926,0.7315,0,0
0.14652695241635,6927,0.73175,0,0
0.1465270258678,6928,0.732,0,0
0.14652709931923,6929,0.73225,0,0
0.14652717277064,6930,0.7325,0,0
0.14652724622204,6931,0.73275,0,0
0.14652731967343,6932,0.733,0,0
0.1465273931248,6933,0.73325,0,0
0.14652746657616,6934,0.7335,0,0
0.14652754002751,6935,0.73375,0,0
0.14652761347884,6936,0.734,0,0
0.14652768693016,6937,0.73425,0,0
0.14652776038146,6938,0.7345,0,0
0.14652783383275,6939,0.73475,0,0
0.14652790728402,6940,0.735,0,0
0.14652798073528,6941,0.73525,0,0
0.14652805418653,6942,0.7355,0,0
0.14652812763776,6943,0.73575,0,0
0.14652820108898,6944,0.736,0,0
0.14652827454019,6945,0.73625,0,0
0.14652834799138,6946,0.7365,0,0
0.14652842144255,6947,0.73675,0,0
0.14652849489372,6948,0.737,0,0
0.14652856834486,6949,0.73725,0,0
0.146528641796,6950,0.7375,0,0
0.14652871524712,6951,0.73775,0,0
0.14652878869823,6952,0.738,0,0
0.14652886214932,6953,0.73825,0,0
0.1465289356004,6954,0.7385,0,0
0.14652900905146,6955,0.73875,0,0
0.14652908250252,6956,0.739,0,0
0.14652915595355,6957,0.73925,0,0
0.14652922940458,6958,0.7395,0,0
0.14652930285559,6959,0.73975,0,0
0.14652937630658,6960,0.74,0,0
0.14652944975756,6961,0.74025,0,0
0.14652952320853,6962,0.7405,0,0
0.14652959665948,6963,0.74075,0,0
0.14652967011042,6964,0.741,0,0
0.14652974356135,6965,0.74125,0,0
0.14652981701226,6966,0.7415,0,0
0.14652989046316,6967,0.74175,0,0
0.14652996391405,6968,0.742,0,0
0.14653003736492,6969,0.74225,0,0
0.14653011081578,6970,0.7425,0,0
0.14653018426662,6971,0.74275,0,0
0.14653025771745,6972,0.743,0,0
0.14653033116826,6973,0.74325,0,0
0.14653040461907,6974,0.7435,0,0
0.14653047806986,6975,0.74375,0,0
0.14653055152063,6976,0.744,0,0
0.14653062497139,6977,0.74425,0,0
0.14653069842214,6978,0.7445,0,0
0.14653077187287,6979,0.74475,0,0
0.14653084532359,6980,0.745,0,0
0.1465309187743,6981,0.74525,0,0
0.14653099222499,6982,0.7455,0,0
0.14653106567567,6983,0.74575,0,0
0.14653113912634,6984,0.746,0,0
0.14653121257699,6985,0.74625,0,0
0.14653128602763,6986,0.7465,0,0
0.14653135947825,6987,0.74675,0,0
0.14653143292886,6988,0.747,0,0
0.14653150637946,6989,0.74725,0,0
0.14653157983004,6990,0.7475,0,0
0.14653165328061,6991,0.74775,0,0
0.14653172673117,6992,0.748,0,0
0.14653180018171,6993,0.74825,0,0
0.14653187363224,6994,0.7485,0,0
0.14653194708275,6995,0.74875,0,0
0.14653202053326,6996,0.749,0,0
0.14653209398374,6997,0.74925,0,0
0.14653216743422,6998,0.7495,0,0
0.14653224088468,6999,0.74975,0,0
0.14653231433513,7000,0.75,0,0
0.14653238778556,7001,0.75025,0,0
0.14653246123598,7002,0.7505,0,0
0.14653253468639,7003,0.75075,0,0
0.14653260813678,7004,0.751,0,0
0.14653268158716,7005,0.75125,0,0
0.14653275503753,7006,0.7515,0,0
0.14653282848789,7007,0.75175,0,0
0.14653290193822,7008,0.752,0,0
0.14653297538855,7009,0.75225,0,0
0.14653304883886,7010,0.7525,0,0
0.14653312228916,7011,0.75275,0,0
0.14653319573945,7012,0.753,0,0
0.14653326918972,7013,0.75325,0,0
0.14653334263998,7014,0.7535,0,0
0.14653341609023,7015,0.75375,0,0
0.14653348954046,7016,0.754,0,0
0.14653356299068,7017,0.75425,0,0
0.14653363644089,7018,0.7545,0,0
0.14653370989108,7019,0.75475,0,0
0.14653378334126,7020,0.755,0,0
0.14653385679142,7021,0.75525,0,0
0.14653393024157,7022,0.7555,0,0
0.14653400369171,7023,0.75575,0,0
0.14653407714184,7024,0.756,0,0
0.14653415059195,7025,0.75625,0,0
0.14653422404205,7026,0.7565,0,0
0.14653429749214,7027,0.75675,0,0
0.14653437094221,7028,0.757,0,0
0.14653444439227,7029,0.75725,0,0
0.14653451784231,7030,0.7575,0,0
0.14653459129235,7031,0.75775,0,0
0.14653466474237,7032,0.758,0,0
0.14653473819237,7033,0.75825,0,0
0.14653481164237,7034,0.7585,0,0
0.14653488509234,7035,0.75875,0,0
0.14653495854231,7036,0.759,0,0
0.14653503199226,7037,0.75925,0,0
0.1465351054422,7038,0.7595,0,0
0.14653517889213,7039,0.75975,0,0
0.14653525234204,7040,0.76,0,0
0.14653532579194,7041,0.76025,0,0
0.14653539924183,7042,0.7605,0,0
0.14653547269171,7043,0.76075,0,0
0.14653554614157,7044,0.761,0,0
0.14653561959141,7045,0.76125,0,0
0.14653569304125,7046,0.7615,0,0
0.14653576649107,7047,0.76175,0,0
0.14653583994088,7048,0.762,0,0
0.14653591339067,7049,0.76225,0,0
0.14653598684046,7050,0.7625,0,0
0.14653606029023,7051,0.76275,0,0
0.14653613373998,7052,0.763,0,0
0.14653620718972,7053,0.76325,0,0
0.14653628063945,7054,0.7635,0,0
0.14653635408917,7055,0.76375,0,0
0.14653642753887,7056,0.764,0,0
0.14653650098856,7057,0.76425,0,0
0.14653657443824,7058,0.7645,0,0
0.14653664788791,7059,0.76475,0,0
0.14653672133756,7060,0.765,0,0
0.1465367947872,7061,0.76525,0,0
0.14653686823682,7062,0.7655,0,0
0.14653694168643,7063,0.76575,0,0
0.14653701513603,7064,0.766,0,0
0.14653708858562,7065,0.76625,0,0
0.14653716203519,7066,0.7665,0,0
0.14653723548475,7067,0.76675,0,0
0.1465373089343,7068,0.767,0,0
0.14653738238383,7069,0.76725,0,0
0.14653745583336,7070,0.7675,0,0
0.14653752928286,7071,0.76775,0,0
0.14653760273236,7072,0.768,0,0
0.14653767618184,7073,0.76825,0,0
0.14653774963131,7074,0.7685,0,0
0.14653782308077,7075,0.76875,0,0
0.14653789653021,7076,0.769,0,0
0.14653796997964,7077,0.76925,0,0
0.14653804342906,7078,0.7695,0,0
0.14653811687847,7079,0.76975,0,0
0.14653819032786,7080,0.77,0,0
0.14653826377724,7081,0.77025,0,0
0.1465383372266,7082,0.7705,0,0
0.14653841067596,7083,0.77075,0,0
0.1465384841253,7084,0.771,0,0
0.14653855757463,7085,0.77125,0,0
0.14653863102394,7086,0.7715,0,0
0.14653870447324,7087,0.77175,0,0
0.14653877792253,7088,0.772,0,0
0.14653885137181,7089,0.77225,0,0
0.14653892482107,7090,0.7725,0,0
0.14653899827033,7091,0.77275,0,0
0.14653907171956,7092,0.773,0,0
0.14653914516879,7093,0.77325,0,0
0.146539218618,7094,0.7735,0,0
0.1465392920672,7095,0.77375,0,0
0.14653936551639,7096,0.774,0,0
0.14653943896556,7097,0.77425,0,0
0.14653951241473,7098,0.7745,0,0
0.14653958586387,7099,0.77475,0,0
0.14653965931301,7100,0.775,0,0
0.14653973276213,7101,0.77525,0,0
0.14653980621124,7102,0.7755,0,0
0.14653987966034,7103,0.77575,0,0
0.14653995310943,7104,0.776,0,0
0.1465400265585,7105,0.77625,0,0
0.14654010000756,7106,0.7765,0,0
0.14654017345661,7107,0.77675,0,0
0.14654024690564,7108,0.777,0,0
0.14654032035467,7109,0.77725,0,0
0.14654039380367,7110,0.7775,0,0
0.14654046725267,7111,0.77775,0,0
0.14654054070166,7112,0.778,0,0
0.14654061415063,7113,0.77825,0,0
0.14654068759959,7114,0.7785,0,0
0.14654076104853,7115,0.77875,0,0
0.14654083449747,7116,0.779,0,0
0.14654090794639,7117,0.77925,0,0
0.1465409813953,7118,0.7795,0,0
0.14654105484419,7119,0.77975,0,0
0.14654112829307,7120,0.78,0,0
0.14654120174194,7121,0.78025,0,0
0.1465412751908,7122,0.7805,0,0
0.14654134863965,7123,0.78075,0,0
0.14654142208848,7124,0.781,0,0
0.1465414955373,7125,0.78125,0,0
0.14654156898611,7126,0.7815,0,0
0.14654164243491,7127,0.78175,0,0
0.14654171588369,7128,0.782,0,0
0.14654178933246,7129,0.78225,0,0
0.14654186278122,7130,0.7825,0,0
0.14654193622996,7131,0.78275,0,0
0.14654200967869,7132,0.783,0,0
0.14654208312741,7133,0.78325,0,0
0.14654215657612,7134,0.7835,0,0
0.14654223002482,7135,0.78375,0,0
0.1465423034735,7136,0.784,0,0
0.14654237692217,7137,0.78425,0,0
0.14654245037083,7138,0.7845,0,0
0.14654252381947,7139,0.78475,0,0
0.14654259726811,7140,0.785,0,0
0.14654267071673,7141,0.78525,0,0
0.14654274416534,7142,0.7855,0,0
0.14654281761393,7143,0.78575,0,0
0.14654289106252,7144,0.786,0,0
0.14654296451109,7145,0.78625,0,0
0.14654303795965,7146,0.7865,0,0
0.14654311140819,7147,0.78675,0,0
0.14654318485673,7148,0.787,0,0
0.14654325830525,7149,0.78725,0,0
0.14654333175376,7150,0.7875,0,0
0.14654340520225,7151,0.78775,0,0
0.14654347865074,7152,0.788,0,0
0.14654355209921,7153,0.78825,0,0
0.14654362554767,7154,0.7885,0,0
0.14654369899612,7155,0.78875,0,0
0.14654377244455,7156,0.789,0,0
0.14654384589298,7157,0.78925,0,0
0.14654391934139,7158,0.7895,0,0
0.14654399278978,7159,0.78975,0,0
0.14654406623817,7160,0.79,0,0
0.14654413968654,7161,0.79025,0,0
0.1465442131349,7162,0.7905,0,0
0.14654428658325,7163,0.79075,0,0
0.14654436003159,7164,0.791,0,0
0.14654443347991,7165,0.79125,0,0
0.14654450692823,7166,0.7915,0,0
0.14654458037653,7167,0.79175,0,0
0.14654465382481,7168,0.792,0,0
0.14654472727309,7169,0.79225,0,0
0.14654480072135,7170,0.7925,0,0
0.1465448741696,7171,0.79275,0,0
0.14654494761784,7172,0.793,0,0
0.14654502106607,7173,0.79325,0,0
0.14654509451428,7174,0.7935,0,0
0.14654516796249,7175,0.79375,0,0
0.14654524141068,7176,0.794,0,0
0.14654531485885,7177,0.79425,0,0
0.14654538830702,7178,0.7945,0,0
0.14654546175517,7179,0.79475,0,0
0.14654553520331,7180,0.795,0,0
0.14654560865144,7181,0.79525,0,0
0.14654568209956,7182,0.7955,0,0
0.14654575554767,7183,0.79575,0,0
0.14654582899576,7184,0.796,0,0
0.14654590244384,7185,0.79625,0,0
0.14654597589191,7186,0.7965,0,0
0.14654604933996,7187,0.79675,0,0
0.14654612278801,7188,0.797,0,0
0.14654619623604,7189,0.79725,0,0
0.14654626968406,7190,0.7975,0,0
0.14654634313207,7191,0.79775,0,0
0.14654641658006,7192,0.798,0,0
0.14654649002805,7193,0.79825,0,0
0.14654656347602,7194,0.7985,0,0
0.14654663692398,7195,0.79875,0,0
0.14654671037193,7196,0.799,0,0
0.14654678381986,7197,0.79925,0,0
0.14654685726779,7198,0.7995,0,0
0.1465469307157,7199,0.79975,0,0
0.1465470041636,7200,0.8,0,0
0.14654707761148,7201,0.80025,0,0
0.14654715105936,7202,0.8005,0,0
0.14654722450722,7203,0.80075,0,0
0.14654729795507,7204,0.801,0,0
0.14654737140291,7205,0.80125,0,0
0.14654744485074,7206,0.8015,0,0
0.14654751829856,7207,0.80175,0,0
0.14654759174636,7208,0.802,0,0
0.14654766519415,7209,0.80225,0,0
0.14654773864193,7210,0.8025,0,0
0.1465478120897,7211,0.80275,0,0
0.14654788553745,7212,0.803,0,0
0.1465479589852,7213,0.80325,0,0
0.14654803243293,7214,0.8035,0,0
0.14654810588065,7215,0.80375,0,0
0.14654817932836,7216,0.804,0,0
0.14654825277605,7217,0.80425,0,0
0.14654832622374,7218,0.8045,0,0
0.14654839967141,7219,0.80475,0,0
0.14654847311907,7220,0.805,0,0
0.14654854656672,7221,0.80525,0,0
0.14654862001435,7222,0.8055,0,0
0.14654869346198,7223,0.80575,0,0
0.14654876690959,7224,0.806,0,0
0.14654884035719,7225,0.80625,0,0
0.14654891380478,7226,0.8065,0,0
0.14654898725236,7227,0.80675,0,0
0.14654906069992,7228,0.807,0,0
0.14654913414747,7229,0.80725,0,0
0.14654920759502,7230,0.8075,0,0
0.14654928104255,7231,0.80775,0,0
0.14654935449006,7232,0.808,0,0
0.14654942793757,7233,0.80825,0,0
0.14654950138506,7234,0.8085,0,0
0.14654957483255,7235,0.80875,0,0
0.14654964828002,7236,0.809,0,0
0.14654972172747,7237,0.80925,0,0
0.14654979517492,7238,0.8095,0,0
0.14654986862236,7239,0.80975,0,0
0.14654994206978,7240,0.81,0,0
0.14655001551719,7241,0.81025,0,0
0.14655008896459,7242,0.8105,0,0
0.14655016241198,7243,0.81075,0,0
0.14655023585935,7244,0.811,0,0
0.14655030930672,7245,0.81125,0,0
0.14655038275407,7246,0.8115,0,0
0.14655045620141,7247,0.81175,0,0
0.14655052964874,7248,0.812,0,0
0.14655060309606,7249,0.81225,0,0
0.14655067654337,7250,0.8125,0,0
0.14655074999066,7251,0.81275,0,0
0.14655082343794,7252,0.813,0,0
0.14655089688521,7253,0.81325,0,0
0.14655097033247,7254,0.8135,0,0
0.14655104377972,7255,0.81375,0,0
0.14655111722695,7256,0.814,0,0
0.14655119067418,7257,0.81425,0,0
0.14655126412139,7258,0.8145,0,0
0.14655133756859,7259,0.81475,0,0
0.14655141101578,7260,0.815,0,0
0.14655148446296,7261,0.81525,0,0
0.14655155791012,7262,0.8155,0,0
0.14655163135728,7263,0.81575,0,0
0.14655170480442,7264,0.816,0,0
0.14655177825155,7265,0.81625,0,0
0.14655185169867,7266,0.8165,0,0
0.14655192514578,7267,0.81675,0,0
0.14655199859287,7268,0.817,0,0
0.14655207203995,7269,0.81725,0,0
0.14655214548703,7270,0.8175,0,0
0.14655221893409,7271,0.81775,0,0
0.14655229238114,7272,0.818,0,0
0.14655236582818,7273,0.81825,0,0
0.1465524392752,7274,0.8185,0,0
0.14655251272222,7275,0.81875,0,0
0.14655258616922,7276,0.819,0,0
0.14655265961621,7277,0.81925,0,0
0.14655273306319,7278,0.8195,0,0
0.14655280651016,7279,0.81975,0,0
0.14655287995712,7280,0.82,0,0
0.14655295340406,7281,0.82025,0,0
0.14655302685099,7282,0.8205,0,0
0.14655310029792,7283,0.82075,0,0
0.14655317374483,7284,0.821,0,0
0.14655324719173,7285,0.82125,0,0
0.14655332063861,7286,0.8215,0,0
0.14655339408549,7287,0.82175,0,0
0.14655346753235,7288,0.822,0,0
0.14655354097921,7289,0.82225,0,0
0.14655361442605,7290,0.8225,0,0
0.14655368787288,7291,0.82275,0,0
0.1465537613197,7292,0.823,0,0
0.1465538347665,7293,0.82325,0,0
0.1465539082133,7294,0.8235,0,0
0.14655398166008,7295,0.82375,0,0
0.14655405510686,7296,0.824,0,0
0.14655412855362,7297,0.82425,0,0
0.14655420200037,7298,0.8245,0,0
0.1465542754471,7299,0.82475,0,0
0.14655434889383,7300,0.825,0,0
0.14655442234055,7301,0.82525,0,0
0.14655449578725,7302,0.8255,0,0
0.14655456923394,7303,0.82575,0,0
0.14655464268062,7304,0.826,0,0
0.14655471612729,7305,0.82625,0,0
0.14655478957395,7306,0.8265,0,0
0.1465548630206,7307,0.82675,0,0
0.14655493646723,7308,0.827,0,0
0.14655500991386,7309,0.82725,0,0
0.14655508336047,7310,0.8275,0,0
0.14655515680707,7311,0.82775,0,0
0.14655523025366,7312,0.828,0,0
0.14655530370024,7313,0.82825,0,0
0.14655537714681,7314,0.8285,0,0
0.14655545059336,7315,0.82875,0,0
0.14655552403991,7316,0.829,0,0
0.14655559748644,7317,0.82925,0,0
0.14655567093296,7318,0.8295,0,0
0.14655574437947,7319,0.82975,0,0
0.14655581782597,7320,0.83,0,0
0.14655589127246,7321,0.83025,0,0
0.14655596471894,7322,0.8305,0,0
0.1465560381654,7323,0.83075,0,0
0.14655611161185,7324,0.831,0,0
0.1465561850583,7325,0.83125,0,0
0.14655625850473,7326,0.8315,0,0
0.14655633195115,7327,0.83175,0,0
0.14655640539756,7328,0.832,0,0
0.14655647884395,7329,0.83225,0,0
0.14655655229034,7330,0.8325,0,0
0.14655662573671,7331,0.83275,0,0
0.14655669918308,7332,0.833,0,0
0.14655677262943,7333,0.83325,0,0
0.14655684607577,7334,0.8335,0,0
0.1465569195221,7335,0.83375,0,0
0.14655699296842,7336,0.834,0,0
0.14655706641473,7337,0.83425,0,0
0.14655713986102,7338,0.8345,0,0
0.14655721330731,7339,0.83475,0,0
0.14655728675358,7340,0.835,0,0
0.14655736019984,7341,0.83525,0,0
0.14655743364609,7342,0.8355,0,0
0.14655750709233,7343,0.83575,0,0
0.14655758053856,7344,0.836,0,0
0.14655765398478,7345,0.83625,0,0
0.14655772743098,7346,0.8365,0,0
0.14655780087718,7347,0.83675,0,0
0.14655787432336,7348,0.837,0,0
0.14655794776953,7349,0.83725,0,0
0.14655802121569,7350,0.8375,0,0
0.14655809466184,7351,0.83775,0,0
0.14655816810798,7352,0.838,0,0
0.14655824155411,7353,0.83825,0,0
0.14655831500023,7354,0.8385,0,0
0.14655838844633,7355,0.83875,0,0
0.14655846189243,7356,0.839,0,0
0.14655853533851,7357,0.83925,0,0
0.14655860878458,7358,0.8395,0,0
0.14655868223064,7359,0.83975,0,0
0.14655875567669,7360,0.84,0,0
0.14655882912273,7361,0.84025,0,0
0.14655890256876,7362,0.8405,0,0
0.14655897601477,7363,0.84075,0,0
0.14655904946078,7364,0.841,0,0
0.14655912290677,7365,0.84125,0,0
0.14655919635275,7366,0.8415,0,0
0.14655926979873,7367,0.84175,0,0
0.14655934324469,7368,0.842,0,0
0.14655941669064,7369,0.84225,0,0
0.14655949013657,7370,0.8425,0,0
0.1465595635825,7371,0.84275,0,0
0.14655963702842,7372,0.843,0,0
0.14655971047432,7373,0.84325,0,0
0.14655978392022,7374,0.8435,0,0
0.1465598573661,7375,0.84375,0,0
0.14655993081197,7376,0.844,0,0
0.14656000425783,7377,0.84425,0,0
0.14656007770368,7378,0.8445,0,0
0.14656015114952,7379,0.84475,0,0
0.14656022459535,7380,0.845,0,0
0.14656029804116,7381,0.84525,0,0
0.14656037148697,7382,0.8455,0,0
0.14656044493276,7383,0.84575,0,0
0.14656051837855,7384,0.846,0,0
0.14656059182432,7385,0.84625,0,0
0.14656066527008,7386,0.8465,0,0
0.14656073871583,7387,0.84675,0,0
0.14656081216157,7388,0.847,0,0
0.1465608856073,7389,0.84725,0,0
0.14656095905302,7390,0.8475,0,0
0.14656103249872,7391,0.84775,0,0
0.14656110594442,7392,0.848,0,0
0.1465611793901,7393,0.84825,0,0
0.14656125283578,7394,0.8485,0,0
0.14656132628144,7395,0.84875,0,0
0.14656139972709,7396,0.849,0,0
0.14656147317273,7397,0.84925,0,0
0.14656154661836,7398,0.8495,0,0
0.14656162006398,7399,0.84975,0,0
0.14656169350958,7400,0.85,0,0
0.14656176695518,7401,0.85025,0,0
0.14656184040077,7402,0.8505,0,0
0.14656191384634,7403,0.85075,0,0
0.1465619872919,7404,0.851,0,0
0.14656206073746,7405,0.85125,0,0
0.146562134183,7406,0.8515,0,0
0.14656220762853,7407,0.85175,0,0
0.14656228107405,7408,0.852,0,0
0.14656235451956,7409,0.85225,0,0
0.14656242796506,7410,0.8525,0,0
0.14656250141054,7411,0.85275,0,0
0.14656257485602,7412,0.853,0,0
0.14656264830148,7413,0.85325,0,0
0.14656272174694,7414,0.8535,0,0
0.14656279519238,7415,0.85375,0,0
0.14656286863781,7416,0.854,0,0
0.14656294208324,7417,0.85425,0,0
0.14656301552865,7418,0.8545,0,0
0.14656308897405,7419,0.85475,0,0
0.14656316241944,7420,0.855,0,0
0.14656323586481,7421,0.85525,0,0
0.14656330931018,7422,0.8555,0,0
0.14656338275554,7423,0.85575,0,0
0.14656345620088,7424,0.856,0,0
0.14656352964622,7425,0.85625,0,0
0.14656360309154,7426,0.8565,0,0
0.14656367653685,7427,0.85675,0,0
0.14656374998216,7428,0.857,0,0
0.14656382342745,7429,0.85725,0,0
0.14656389687273,7430,0.8575,0,0
0.146563970318,7431,0.85775,0,0
0.14656404376326,7432,0.858,0,0
0.1465641172085,7433,0.85825,0,0
0.14656419065374,7434,0.8585,0,0
0.14656426409897,7435,0.85875,0,0
0.14656433754418,7436,0.859,0,0
0.14656441098939,7437,0.85925,0,0
0.14656448443458,7438,0.8595,0,0
0.14656455787976,7439,0.85975,0,0
0.14656463132493,7440,0.86,0,0
0.1465647047701,7441,0.86025,0,0
0.14656477821525,7442,0.8605,0,0
0.14656485166039,7443,0.86075,0,0
0.14656492510551,7444,0.861,0,0
0.14656499855063,7445,0.86125,0,0
0.14656507199574,7446,0.8615,0,0
0.14656514544084,7447,0.86175,0,0
0.14656521888592,7448,0.862,0,0
0.146565292331,7449,0.86225,0,0
0.14656536577606,7450,0.8625,0,0
0.14656543922111,7451,0.86275,0,0
0.14656551266616,7452,0.863,0,0
0.14656558611119,7453,0.86325,0,0
0.14656565955621,7454,0.8635,0,0
0.14656573300122,7455,0.86375,0,0
0.14656580644622,7456,0.864,0,0
0.14656587989121,7457,0.86425,0,0
0.14656595333619,7458,0.8645,0,0
0.14656602678115,7459,0.86475,0,0
0.14656610022611,7460,0.865,0,0
0.14656617367106,7461,0.86525,0,0
0.14656624711599,7462,0.8655,0,0
0.14656632056092,7463,0.86575,0,0
0.14656639400583,7464,0.866,0,0
0.14656646745073,7465,0.86625,0,0
0.14656654089562,7466,0.8665,0,0
0.14656661434051,7467,0.86675,0,0
0.14656668778538,7468,0.867,0,0
0.14656676123024,7469,0.86725,0,0
0.14656683467509,7470,0.8675,0,0
0.14656690811992,7471,0.86775,0,0
0.14656698156475,7472,0.868,0,0
0.14656705500957,7473,0.86825,0,0
0.14656712845438,7474,0.8685,0,0
0.14656720189917,7475,0.86875,0,0
0.14656727534396,7476,0.869,0,0
0.14656734878873,7477,0.86925,0,0
0.1465674222335,7478,0.8695,0,0
0.14656749567825,7479,0.86975,0,0
0.14656756912299,7480,0.87,0,0
0.14656764256772,7481,0.87025,0,0
0.14656771601245,7482,0.8705,0,0
0.14656778945716,7483,0.87075,0,0
0.14656786290186,7484,0.871,0,0
0.14656793634655,7485,0.87125,0,0
0.14656800979122,7486,0.8715,0,0
0.14656808323589,7487,0.87175,0,0
0.14656815668055,7488,0.872,0,0
0.1465682301252,7489,0.87225,0,0
0.14656830356983,7490,0.8725,0,0
0.14656837701446,7491,0.87275,0,0
0.14656845045907,7492,0.873,0,0
0.14656852390368,7493,0.87325,0,0
0.14656859734827,7494,0.8735,0,0
0.14656867079285,7495,0.87375,0,0
0.14656874423742,7496,0.874,0,0
0.14656881768199,7497,0.87425,0,0
0.14656889112654,7498,0.8745,0,0
0.14656896457108,7499,0.87475,0,0
0.14656903801561,7500,0.875,0,0
0.14656911146013,7501,0.87525,0,0
0.14656918490464,7502,0.8755,0,0
0.14656925834913,7503,0.87575,0,0
0.14656933179362,7504,0.876,0,0
0.1465694052381,7505,0.87625,0,0
0.14656947868256,7506,0.8765,0,0
0.14656955212702,7507,0.87675,0,0
0.14656962557147,7508,0.877,0,0
0.1465696990159,7509,0.87725,0,0
0.14656977246032,7510,0.8775,0,0
0.14656984590474,7511,0.87775,0,0
0.14656991934914,7512,0.878,0,0
0.14656999279353,7513,0.87825,0,0
0.14657006623791,7514,0.8785,0,0
0.14657013968228,7515,0.87875,0,0
0.14657021312665,7516,0.879,0,0
0.146570286571,7517,0.87925,0,0
0.14657036001533,7518,0.8795,0,0
0.14657043345966,7519,0.87975,0,0
0.14657050690398,7520,0.88,0,0
0.14657058034829,7521,0.88025,0,0
0.14657065379259,7522,0.8805,0,0
0.14657072723687,7523,0.88075,0,0
0.14657080068115,7524,0.881,0,0
0.14657087412542,7525,0.88125,0,0
0.14657094756967,7526,0.8815,0,0
0.14657102101391,7527,0.88175,0,0
0.14657109445815,7528,0.882,0,0
0.14657116790237,7529,0.88225,0,0
0.14657124134659,7530,0.8825,0,0
0.14657131479079,7531,0.88275,0,0
0.14657138823498,7532,0.883,0,0
0.14657146167916,7533,0.88325,0,0
0.14657153512333,7534,0.8835,0,0
0.14657160856749,7535,0.88375,0,0
0.14657168201164,7536,0.884,0,0
0.14657175545578,7537,0.88425,0,0
0.14657182889991,7538,0.8845,0,0
0.14657190234403,7539,0.88475,0,0
0.14657197578814,7540,0.885,0,0
0.14657204923223,7541,0.88525,0,0
0.14657212267632,7542,0.8855,0,0
0.1465721961204,7543,0.88575,0,0
0.14657226956446,7544,0.886,0,0
0.14657234300852,7545,0.88625,0,0
0.14657241645256,7546,0.8865,0,0
0.1465724898966,7547,0.88675,0,0
0.14657256334062,7548,0.887,0,0
0.14657263678464,7549,0.88725,0,0
0.14657271022864,7550,0.8875,0,0
0.14657278367263,7551,0.88775,0,0
0.14657285711661,7552,0.888,0,0
0.14657293056059,7553,0.88825,0,0
0.14657300400455,7554,0.8885,0,0
0.1465730774485,7555,0.88875,0,0
0.14657315089244,7556,0.889,0,0
0.14657322433637,7557,0.88925,0,0
0.14657329778029,7558,0.8895,0,0
0.1465733712242,7559,0.88975,0,0
0.14657344466809,7560,0.89,0,0
0.14657351811198,7561,0.89025,0,0
0.14657359155586,7562,0.8905,0,0
0.14657366499973,7563,0.89075,0,0
0.14657373844358,7564,0.891,0,0
0.14657381188743,7565,0.89125,0,0
0.14657388533127,7566,0.8915,0,0
0.14657395877509,7567,0.89175,0,0
0.14657403221891,7568,0.892,0,0
0.14657410566271,7569,0.89225,0,0
0.14657417910651,7570,0.8925,0,0
0.14657425255029,7571,0.89275,0,0
0.14657432599406,7572,0.893,0,0
0.14657439943783,7573,0.89325,0,0
0.14657447288158,7574,0.8935,0,0
0.14657454632532,7575,0.89375,0,0
0.14657461976905,7576,0.894,0,0
0.14657469321277,7577,0.89425,0,0
0.14657476665648,7578,0.8945,0,0
0.14657484010018,7579,0.89475,0,0
0.14657491354387,7580,0.895,0,0
0.14657498698755,7581,0.89525,0,0
0.14657506043122,7582,0.8955,0,0
0.14657513387488,7583,0.89575,0,0
0.14657520731853,7584,0.896,0,0
0.14657528076217,7585,0.89625,0,0
0.1465753542058,7586,0.8965,0,0
0.14657542764941,7587,0.89675,0,0
0.14657550109302,7588,0.897,0,0
0.14657557453662,7589,0.89725,0,0
0.1465756479802,7590,0.8975,0,0
0.14657572142378,7591,0.89775,0,0
0.14657579486734,7592,0.898,0,0
0.1465758683109,7593,0.89825,0,0
0.14657594175444,7594,0.8985,0,0
0.14657601519798,7595,0.89875,0,0
0.1465760886415,7596,0.899,0,0
0.14657616208501,7597,0.89925,0,0
0.14657623552852,7598,0.8995,0,0
0.14657630897201,7599,0.89975,0,0
0.14657638241549,7600,0.9,0,0
0.14657645585896,7601,0.90025,0,0
0.14657652930243,7602,0.9005,0,0
0.14657660274588,7603,0.90075,0,0
0.14657667618932,7604,0.901,0,0
0.14657674963275,7605,0.90125,0,0
0.14657682307617,7606,0.9015,0,0
0.14657689651958,7607,0.90175,0,0
0.14657696996298,7608,0.902,0,0
0.14657704340637,7609,0.90225,0,0
0.14657711684975,7610,0.9025,0,0
0.14657719029311,7611,0.90275,0,0
0.14657726373647,7612,0.903,0,0
0.14657733717982,7613,0.90325,0,0
0.14657741062316,7614,0.9035,0,0
0.14657748406649,7615,0.90375,0,0
0.1465775575098,7616,0.904,0,0
0.14657763095311,7617,0.90425,0,0
0.1465777043964,7618,0.9045,0,0
0.14657777783969,7619,0.90475,0,0
0.14657785128297,7620,0.905,0,0
0.14657792472623,7621,0.90525,0,0
0.14657799816949,7622,0.9055,0,0
0.14657807161273,7623,0.90575,0,0
0.14657814505596,7624,0.906,0,0
0.14657821849919,7625,0.90625,0,0
0.1465782919424,7626,0.9065,0,0
0.1465783653856,7627,0.90675,0,0
0.1465784388288,7628,0.907,0,0
0.14657851227198,7629,0.90725,0,0
0.14657858571515,7630,0.9075,0,0
0.14657865915831,7631,0.90775,0,0
0.14657873260146,7632,0.908,0,0
0.14657880604461,7633,0.90825,0,0
0.14657887948774,7634,0.9085,0,0
0.14657895293086,7635,0.90875,0,0
0.14657902637397,7636,0.909,0,0
0.14657909981707,7637,0.90925,0,0
0.14657917326016,7638,0.9095,0,0
0.14657924670324,7639,0.90975,0,0
0.14657932014631,7640,0.91,0,0
0.14657939358936,7641,0.91025,0,0
0.14657946703241,7642,0.9105,0,0
0.14657954047545,7643,0.91075,0,0
0.14657961391848,7644,0.911,0,0
0.1465796873615,7645,0.91125,0,0
0.1465797608045,7646,0.9115,0,0
0.1465798342475,7647,0.91175,0,0
0.14657990769049,7648,0.912,0,0
0.14657998113346,7649,0.91225,0,0
0.14658005457643,7650,0.9125,0,0
0.14658012801939,7651,0.91275,0,0
0.14658020146233,7652,0.913,0,0
0.14658027490527,7653,0.91325,0,0
0.14658034834819,7654,0.9135,0,0
0.14658042179111,7655,0.91375,0,0
0.14658049523401,7656,0.914,0,0
0.1465805686769,7657,0.91425,0,0
0.14658064211979,7658,0.9145,0,0
0.14658071556266,7659,0.91475,0,0
0.14658078900553,7660,0.915,0,0
0.14658086244838,7661,0.91525,0,0
0.14658093589122,7662,0.9155,0,0
0.14658100933405,7663,0.91575,0,0
0.14658108277688,7664,0.916,0,0
0.14658115621969,7665,0.91625,0,0
0.14658122966249,7666,0.9165,0,0
0.14658130310528,7667,0.91675,0,0
0.14658137654806,7668,0.917,0,0
0.14658144999083,7669,0.91725,0,0
0.14658152343359,7670,0.9175,0,0
0.14658159687634,7671,0.91775,0,0
0.14658167031908,7672,0.918,0,0
0.14658174376181,7673,0.91825,0,0
0.14658181720453,7674,0.9185,0,0
0.14658189064724,7675,0.91875,0,0
0.14658196408994,7676,0.919,0,0
0.14658203753263,7677,0.91925,0,0
0.14658211097531,7678,0.9195,0,0
0.14658218441798,7679,0.91975,0,0
0.14658225786063,7680,0.92,0,0
0.14658233130328,7681,0.92025,0,0
0.14658240474592,7682,0.9205,0,0
0.14658247818855,7683,0.92075,0,0
0.14658255163116,7684,0.921,0,0
0.14658262507377,7685,0.92125,0,0
0.14658269851637,7686,0.9215,0,0
0.14658277195895,7687,0.92175,0,0
0.14658284540153,7688,0.922,0,0
0.14658291884409,7689,0.92225,0,0
0.14658299228665,7690,0.9225,0,0
0.14658306572919,7691,0.92275,0,0
0.14658313917173,7692,0.923,0,0
0.14658321261425,7693,0.92325,0,0
0.14658328605677,7694,0.9235,0,0
0.14658335949927,7695,0.92375,0,0
0.14658343294177,7696,0.924,0,0
0.14658350638425,7697,0.92425,0,0
0.14658357982672,7698,0.9245,0,0
0.14658365326919,7699,0.92475,0,0
0.14658372671164,7700,0.925,0,0
0.14658380015408,7701,0.92525,0,0
0.14658387359651,7702,0.9255,0,0
0.14658394703894,7703,0.92575,0,0
0.14658402048135,7704,0.926,0,0
0.14658409392375,7705,0.92625,0,0
0.14658416736614,7706,0.9265,0,0
0.14658424080852,7707,0.92675,0,0
0.14658431425089,7708,0.927,0,0
0.14658438769325,7709,0.92725,0,0
0.1465844611356,7710,0.9275,0,0
0.14658453457794,7711,0.92775,0,0
0.14658460802027,7712,0.928,0,0
0.14658468146259,7713,0.92825,0,0
0.1465847549049,7714,0.9285,0,0
0.1465848283472,7715,0.92875,0,0
0.14658490178949,7716,0.929,0,0
0.14658497523177,7717,0.92925,0,0
0.14658504867404,7718,0.9295,0,0
0.1465851221163,7719,0.92975,0,0
0.14658519555854,7720,0.93,0,0
0.14658526900078,7721,0.93025,0,0
0.14658534244301,7722,0.9305,0,0
0.14658541588523,7723,0.93075,0,0
0.14658548932743,7724,0.931,0,0
0.14658556276963,7725,0.93125,0,0
0.14658563621182,7726,0.9315,0,0
0.14658570965399,7727,0.93175,0,0
0.14658578309616,7728,0.932,0,0
0.14658585653832,7729,0.93225,0,0
0.14658592998046,7730,0.9325,0,0
0.1465860034226,7731,0.93275,0,0
0.14658607686472,7732,0.933,0,0
0.14658615030684,7733,0.93325,0,0
0.14658622374894,7734,0.9335,0,0
0.14658629719104,7735,0.93375,0,0
0.14658637063312,7736,0.934,0,0
0.14658644407519,7737,0.93425,0,0
0.14658651751726,7738,0.9345,0,0
0.14658659095931,7739,0.93475,0,0
0.14658666440135,7740,0.935,0,0
0.14658673784339,7741,0.93525,0,0
0.14658681128541,7742,0.9355,0,0
0.14658688472742,7743,0.93575,0,0
0.14658695816943,7744,0.936,0,0
0.14658703161142,7745,0.93625,0,0
0.1465871050534,7746,0.9365,0,0
0.14658717849537,7747,0.93675,0,0
0.14658725193733,7748,0.937,0,0
0.14658732537928,7749,0.93725,0,0
0.14658739882123,7750,0.9375,0,0
0.14658747226316,7751,0.93775,0,0
0.14658754570508,7752,0.938,0,0
0.14658761914699,7753,0.93825,0,0
0.14658769258889,7754,0.9385,0,0
0.14658776603078,7755,0.93875,0,0
0.14658783947266,7756,0.939,0,0
0.14658791291453,7757,0.93925,0,0
0.14658798635638,7758,0.9395,0,0
0.14658805979823,7759,0.93975,0,0
0.14658813324007,7760,0.94,0,0
0.1465882066819,7761,0.94025,0,0
0.14658828012372,7762,0.9405,0,0
0.14658835356553,7763,0.94075,0,0
0.14658842700732,7764,0.941,0,0
0.14658850044911,7765,0.94125,0,0
0.14658857389089,7766,0.9415,0,0
0.14658864733266,7767,0.94175,0,0
0.14658872077441,7768,0.942,0,0
0.14658879421616,7769,0.94225,0,0
0.1465888676579,7770,0.9425,0,0
0.14658894109962,7771,0.94275,0,0
0.14658901454134,7772,0.943,0,0
0.14658908798304,7773,0.94325,0,0
0.14658916142474,7774,0.9435,0,0
0.14658923486642,7775,0.94375,0,0
0.1465893083081,7776,0.944,0,0
0.14658938174976,7777,0.94425,0,0
0.14658945519142,7778,0.9445,0,0
0.14658952863306,7779,0.94475,0,0
0.1465896020747,7780,0.945,0,0
0.14658967551632,7781,0.94525,0,0
0.14658974895793,7782,0.9455,0,0
0.14658982239954,7783,0.94575,0,0
0.14658989584113,7784,0.946,0,0
0.14658996928271,7785,0.94625,0,0
0.14659004272428,7786,0.9465,0,0
0.14659011616585,7787,0.94675,0,0
0.1465901896074,7788,0.947,0,0
0.14659026304894,7789,0.94725,0,0
0.14659033649047,7790,0.9475,0,0
0.14659040993199,7791,0.94775,0,0
0.1465904833735,7792,0.948,0,0
0.146590556815,7793,0.94825,0,0
0.1465906302565,7794,0.9485,0,0
0.14659070369798,7795,0.94875,0,0
0.14659077713945,7796,0.949,0,0
0.14659085058091,7797,0.94925,0,0
0.14659092402235,7798,0.9495,0,0
0.14659099746379,7799,0.94975,0,0
0.14659107090522,7800,0.95,0,0
0.14659114434664,7801,0.95025,0,0
0.14659121778805,7802,0.9505,0,0
0.14659129122945,7803,0.95075,0,0
0.14659136467084,7804,0.951,0,0
0.14659143811221,7805,0.95125,0,0
0.14659151155358,7806,0.9515,0,0
0.14659158499494,7807,0.95175,0,0
0.14659165843629,7808,0.952,0,0
0.14659173187762,7809,0.95225,0,0
0.14659180531895,7810,0.9525,0,0
0.14659187876027,7811,0.95275,0,0
0.14659195220157,7812,0.953,0,0
0.14659202564287,7813,0.95325,0,0
0.14659209908415,7814,0.9535,0,0
0.14659217252543,7815,0.95375,0,0
0.14659224596669,7816,0.954,0,0
0.14659231940795,7817,0.95425,0,0
0.14659239284919,7818,0.9545,0,0
0.14659246629043,7819,0.95475,0,0
0.14659253973165,7820,0.955,0,0
0.14659261317286,7821,0.95525,0,0
0.14659268661407,7822,0.9555,0,0
0.14659276005526,7823,0.95575,0,0
0.14659283349644,7824,0.956,0,0
0.14659290693761,7825,0.95625,0,0
0.14659298037878,7826,0.9565,0,0
0.14659305381993,7827,0.95675,0,0
0.14659312726107,7828,0.957,0,0
0.1465932007022,7829,0.95725,0,0
0.14659327414332,7830,0.9575,0,0
0.14659334758443,7831,0.95775,0,0
0.14659342102553,7832,0.958,0,0
0.14659349446662,7833,0.95825,0,0
0.1465935679077,7834,0.9585,0,0
0.14659364134877,7835,0.95875,0,0
0.14659371478983,7836,0.959,0,0
0.14659378823088,7837,0.95925,0,0
0.14659386167192,7838,0.9595,0,0
0.14659393511295,7839,0.95975,0,0
0.14659400855397,7840,0.96,0,0
0.14659408199498,7841,0.96025,0,0
0.14659415543597,7842,0.9605,0,0
0.14659422887696,7843,0.96075,0,0
0.14659430231794,7844,0.961,0,0
0.14659437575891,7845,0.96125,0,0
0.14659444919986,7846,0.9615,0,0
0.14659452264081,7847,0.96175,0,0
0.14659459608174,7848,0.962,0,0
0.14659466952267,7849,0.96225,0,0
0.14659474296358,7850,0.9625,0,0
0.14659481640449,7851,0.96275,0,0
0.14659488984538,7852,0.963,0,0
0.14659496328627,7853,0.96325,0,0
0.14659503672714,7854,0.9635,0,0
0.14659511016801,7855,0.96375,0,0
0.14659518360886,7856,0.964,0,0
0.1465952570497,7857,0.96425,0,0
0.14659533049054,7858,0.9645,0,0
0.14659540393136,7859,0.96475,0,0
0.14659547737217,7860,0.965,0,0
0.14659555081297,7861,0.96525,0,0
0.14659562425376,7862,0.9655,0,0
0.14659569769455,7863,0.96575,0,0
0.14659577113532,7864,0.966,0,0
0.14659584457608,7865,0.96625,0,0
0.14659591801683,7866,0.9665,0,0
0.14659599145757,7867,0.96675,0,0
0.1465960648983,7868,0.967,0,0
0.14659613833902,7869,0.96725,0,0
0.14659621177973,7870,0.9675,0,0
0.14659628522042,7871,0.96775,0,0
0.14659635866111,7872,0.968,0,0
0.14659643210179,7873,0.96825,0,0
0.14659650554246,7874,0.9685,0,0
0.14659657898312,7875,0.96875,0,0
0.14659665242376,7876,0.969,0,0
0.1465967258644,7877,0.96925,0,0
0.14659679930503,7878,0.9695,0,0
0.14659687274564,7879,0.96975,0,0
0.14659694618625,7880,0.97,0,0
0.14659701962684,7881,0.97025,0,0
0.14659709306743,7882,0.9705,0,0
0.146597166508,7883,0.97075,0,0
0.14659723994857,7884,0.971,0,0
0.14659731338912,7885,0.97125,0,0
0.14659738682966,7886,0.9715,0,0
0.1465974602702,7887,0.97175,0,0
0.14659753371072,7888,0.972,0,0
0.14659760715123,7889,0.97225,0,0
0.14659768059173,7890,0.9725,0,0
0.14659775403223,7891,0.97275,0,0
0.14659782747271,7892,0.973,0,0
0.14659790091318,7893,0.97325,0,0
0.14659797435364,7894,0.9735,0,0
0.14659804779409,7895,0.97375,0,0
0.14659812123453,7896,0.974,0,0
0.14659819467496,7897,0.97425,0,0
0.14659826811538,7898,0.9745,0,0
0.14659834155579,7899,0.97475,0,0
0.14659841499618,7900,0.975,0,0
0.14659848843657,7901,0.97525,0,0
0.14659856187695,7902,0.9755,0,0
0.14659863531732,7903,0.97575,0,0
0.14659870875767,7904,0.976,0,0
0.14659878219802,7905,0.97625,0,0
0.14659885563836,7906,0.9765,0,0
0.14659892907868,7907,0.97675,0,0
0.146599002519,7908,0.977,0,0
0.1465990759593,7909,0.97725,0,0
0.1465991493996,7910,0.9775,0,0
0.14659922283988,7911,0.97775,0,0
0.14659929628015,7912,0.978,0,0
0.14659936972042,7913,0.97825,0,0
0.14659944316067,7914,0.9785,0,0
0.14659951660091,7915,0.97875,0,0
0.14659959004114,7916,0.979,0,0
0.14659966348136,7917,0.97925,0,0
0.14659973692158,7918,0.9795,0,0
0.14659981036178,7919,0.97975,0,0
0.14659988380197,7920,0.98,0,0
0.14659995724215,7921,0.98025,0,0
0.14660003068232,7922,0.9805,0,0
0.14660010412248,7923,0.98075,0,0
0.14660017756262,7924,0.981,0,0
0.14660025100276,7925,0.98125,0,0
0.14660032444289,7926,0.9815,0,0
0.14660039788301,7927,0.98175,0,0
0.14660047132311,7928,0.982,0,0
0.14660054476321,7929,0.98225,0,0
0.1466006182033,7930,0.9825,0,0
0.14660069164337,7931,0.98275,0,0
0.14660076508344,7932,0.983,0,0
0.14660083852349,7933,0.98325,0,0
0.14660091196353,7934,0.9835,0,0
0.14660098540357,7935,0.98375,0,0
0.14660105884359,7936,0.984,0,0
0.1466011322836,7937,0.98425,0,0
0.14660120572361,7938,0.9845,0,0
0.1466012791636,7939,0.98475,0,0
0.14660135260358,7940,0.985,0,0
0.14660142604355,7941,0.98525,0,0
0.14660149948351,7942,0.9855,0,0
0.14660157292346,7943,0.98575,0,0
0.1466016463634,7944,0.986,0,0
0.14660171980333,7945,0.98625,0,0
0.14660179324325,7946,0.9865,0,0
0.14660186668316,7947,0.98675,0,0
0.14660194012305,7948,0.987,0,0
0.14660201356294,7949,0.98725,0,0
0.14660208700282,7950,0.9875,0,0
0.14660216044268,7951,0.98775,0,0
0.14660223388254,7952,0.988,0,0
0.14660230732238,7953,0.98825,0,0
0.14660238076222,7954,0.9885,0,0
0.14660245420204,7955,0.98875,0,0
0.14660252764185,7956,0.989,0,0
0.14660260108166,7957,0.98925,0,0
0.14660267452145,7958,0.9895,0,0
0.14660274796123,7959,0.98975,0,0
0.146602821401,7960,0.99,0,0
0.14660289484076,7961,0.99025,0,0
0.14660296828051,7962,0.9905,0,0
0.14660304172025,7963,0.99075,0,0
0.14660311515998,7964,0.991,0,0
0.1466031885997,7965,0.99125,0,0
0.14660326203941,7966,0.9915,0,0
0.14660333547911,7967,0.99175,0,0
0.14660340891879,7968,0.992,0,0
0.14660348235847,7969,0.99225,0,0
0.14660355579814,7970,0.9925,0,0
0.14660362923779,7971,0.99275,0,0
0.14660370267744,7972,0.993,0,0
0.14660377611707,7973,0.99325,0,0
0.1466038495567,7974,0.9935,0,0
0.14660392299631,7975,0.99375,0,0
0.14660399643591,7976,0.994,0,0
0.1466040698755,7977,0.99425,0,0
0.14660414331509,7978,0.9945,0,0
0.14660421675465,7979,0.99475,0,0
0.14660429019423,7980,0.995,0,0
0.14660436363371,7981,0.99525,0,0
0.14660443707354,7982,0.9955,0,0
0.14660451051183,7983,0.99575,0,0
0.14660458395674,7984,0.996,0,0
0.14660465737279,7985,0.99625,0,0
0.14660473091429,7986,0.9965,0,0
0.14660480391007,7987,0.99675,0,0
0.14660487927961,7988,0.997,0,0
0.14660494432356,7989,0.99725,0,0
0.1466050542824,7990,0.9975,0,0
0.14660496886739,7991,0.99775,0,0
0.14660573330356,7992,0.998,0,0
0.14660280101514,7993,0.99825,0,0
0.14661594928257,7994,0.9985,0,0
0.14655915484458,7995,0.99875,0,0
0.14680670728932,7996,0.999,0,0
0.14573238725102,7997,0.99925,0,0
0.15044573920391,7998,0.9995,0,0
0.13069940789176,7999,0.99975,0,0
0.22995677840498,8000,1,0,0
