ci,id,x,y,z
0.81014086948716,0,-2,0,0
0.81014086943172,1,-1.9995,0,0
0.81014086926537,2,-1.999,0,0
0.81014086898812,3,-1.9985,0,0
0.81014086859998,4,-1.998,0,0
0.81014086810094,5,-1.9975,0,0
0.810140867491,6,-1.997,0,0
0.81014086677017,7,-1.9965,0,0
0.81014086593844,8,-1.996,0,0
0.8101408649958,9,-1.9955,0,0
0.81014086394228,10,-1.995,0,0
0.81014086277785,11,-1.9945,0,0
0.81014086150252,12,-1.994,0,0
0.8101408601163,13,-1.9935,0,0
0.81014085861918,14,-1.993,0,0
0.81014085701116,15,-1.9925,0,0
0.81014085529225,16,-1.992,0,0
0.81014085346243,17,-1.9915,0,0
0.81014085152172,18,-1.991,0,0
0.81014084947011,19,-1.9905,0,0
0.81014084730761,20,-1.99,0,0
0.8101408450342,21,-1.9895,0,0
0.8101408426499,22,-1.989,0,0
0.8101408401547,23,-1.9885,0,0
0.8101408375486,24,-1.988,0,0
0.8101408348316,25,-1.9875,0,0
0.81014083200371,26,-1.987,0,0
0.81014082906491,27,-1.9865,0,0
0.81014082601522,28,-1.986,0,0
0.81014082285463,29,-1.9855,0,0
0.81014081958315,30,-1.985,0,0
0.81014081620076,31,-1.9845,0,0
0.81014081270748,32,-1.984,0,0
0.8101408091033,33,-1.9835,0,0
0.81014080538822,34,-1.983,0,0
0.81014080156224,35,-1.9825,0,0
0.81014079762536,36,-1.982,0,0
0.81014079357759,37,-1.9815,0,0
0.81014078941892,38,-1.981,0,0
0.81014078514935,39,-1.9805,0,0
0.81014078076888,40,-1.98,0,0
0.81014077627751,41,-1.9795,0,0
0.81014077167525,42,-1.979,0,0
0.81014076696208,43,-1.9785,0,0
0.81014076213802,44,-1.978,0,0
0.81014075720306,45,-1.9775,0,0
0.8101407521572,46,-1.977,0,0
0.81014074700044,47,-1.9765,0,0
0.81014074173278,48,-1.976,0,0
0.81014073635423,49,-1.9755,0,0
0.81014073086478,50,-1.975,0,0
0.81014072526442,51,-1.9745,0,0
0.81014071955317,52,-1.974,0,0
0.81014071373102,53,-1.9735,0,0
0.81014070779797,54,-1.973,0,0
0.81014070175403,55,-1.9725,0,0
0.81014069559918,56,-1.972,0,0
0.81014068933344,57,-1.9715,0,0
0.81014068295679,58,-1.971,0,0
0.81014067646925,59,-1.9705,0,0
0.81014066987081,60,-1.97,0,0
0.81014066316147,61,-1.9695,0,0
0.81014065634123,62,-1.969,0,0
0.81014064941009,63,-1.9685,0,0
0.81014064236805,64,-1.968,0,0
0.81014063521511,65,-1.9675,0,0
0.81014062795128,66,-1.967,0,0
0.81014062057654,67,-1.9665,0,0
0.8101406130909,68,-1.966,0,0
0.81014060549437,69,-1.9655,0,0
0.81014059778693,70,-1.965,0,0
0.8101405899686,71,-1.9645,0,0
0.81014058203937,72,-1.964,0,0
0.81014057399923,73,-1.9635,0,0
0.8101405658482,74,-1.963,0,0
0.81014055758627,75,-1.9625,0,0
0.81014054921344,76,-1.962,0,0
0.8101405407297,77,-1.9615,0,0
0.81014053213507,78,-1.961,0,0
0.81014052342954,79,-1.9605,0,0
0.81014051461311,80,-1.96,0,0
0.81014050568578,81,-1.9595,0,0
0.81014049664754,82,-1.959,0,0
0.81014048749841,83,-1.9585,0,0
0.81014047823838,84,-1.958,0,0
0.81014046886745,85,-1.9575,0,0
0.81014045938561,86,-1.957,0,0
0.81014044979288,87,-1.9565,0,0
0.81014044008925,88,-1.956,0,0
0.81014043027471,89,-1.9555,0,0
0.81014042034928,90,-1.955,0,0
0.81014041031294,91,-1.9545,0,0
0.81014040016571,92,-1.954,0,0
0.81014038990757,93,-1.9535,0,0
0.81014037953853,94,-1.953,0,0
0.81014036905859,95,-1.9525,0,0
0.81014035846775,96,-1.952,0,0
0.81014034776601,97,-1.9515,0,0
0.81014033695337,98,-1.951,0,0
0.81014032602983,99,-1.9505,0,0
0.81014031499538,100,-1.95,0,0
0.81014030385004,101,-1.9495,0,0
0.81014029259379,102,-1.949,0,0
0.81014028122664,103,-1.9485,0,0
0.81014026974859,104,-1.948,0,0
0.81014025815964,105,-1.9475,0,0
0.81014024645979,106,-1.947,0,0
0.81014023464903,107,-1.9465,0,0
0.81014022272737,108,-1.946,0,0
0.81014021069481,109,-1.9455,0,0
0.81014019855135,110,-1.945,0,0
0.81014018629699,111,-1.9445,0,0
0.81014017393173,112,-1.944,0,0
0.81014016145556,113,-1.9435,0,0
0.81014014886849,114,-1.943,0,0
0.81014013617052,115,-1.9425,0,0
0.81014012336164,116,-1.942,0,0
0.81014011044186,117,-1.9415,0,0
0.81014009741118,118,-1.941,0,0
0.8101400842696,119,-1.9405,0,0
0.81014007101712,120,-1.94,0,0
0.81014005765373,121,-1.9395,0,0
0.81014004417944,122,-1.939,0,0
0.81014003059424,123,-1.9385,0,0
0.81014001689815,124,-1.938,0,0
0.81014000309114,125,-1.9375,0,0
0.81013998917324,126,-1.937,0,0
0.81013997514443,127,-1.9365,0,0
0.81013996100472,128,-1.936,0,0
0.81013994675411,129,-1.9355,0,0
0.81013993239259,130,-1.935,0,0
0.81013991792017,131,-1.9345,0,0
0.81013990333684,132,-1.934,0,0
0.81013988864261,133,-1.9335,0,0
0.81013987383748,134,-1.933,0,0
0.81013985892144,135,-1.9325,0,0
0.8101398438945,136,-1.932,0,0
0.81013982875665,137,-1.9315,0,0
0.8101398135079,138,-1.931,0,0
0.81013979814824,139,-1.9305,0,0
0.81013978267768,140,-1.93,0,0
0.81013976709622,141,-1.9295,0,0
0.81013975140385,142,-1.929,0,0
0.81013973560057,143,-1.9285,0,0
0.81013971968639,144,-1.928,0,0
0.81013970366131,145,-1.9275,0,0
0.81013968752532,146,-1.927,0,0
0.81013967127842,147,-1.9265,0,0
0.81013965492062,148,-1.926,0,0
0.81013963845191,149,-1.9255,0,0
0.8101396218723,150,-1.925,0,0
0.81013960518178,151,-1.9245,0,0
0.81013958838036,152,-1.924,0,0
0.81013957146803,153,-1.9235,0,0
0.81013955444479,154,-1.923,0,0
0.81013953731065,155,-1.9225,0,0
0.8101395200656,156,-1.922,0,0
0.81013950270965,157,-1.9215,0,0
0.81013948524279,158,-1.921,0,0
0.81013946766502,159,-1.9205,0,0
0.81013944997634,160,-1.92,0,0
0.81013943217676,161,-1.9195,0,0
0.81013941426627,162,-1.919,0,0
0.81013939624487,163,-1.9185,0,0
0.81013937811257,164,-1.918,0,0
0.81013935986936,165,-1.9175,0,0
0.81013934151524,166,-1.917,0,0
0.81013932305022,167,-1.9165,0,0
0.81013930447428,168,-1.916,0,0
0.81013928578744,169,-1.9155,0,0
0.81013926698969,170,-1.915,0,0
0.81013924808104,171,-1.9145,0,0
0.81013922906147,172,-1.914,0,0
0.810139209931,173,-1.9135,0,0
0.81013919068962,174,-1.913,0,0
0.81013917133732,175,-1.9125,0,0
0.81013915187413,176,-1.912,0,0
0.81013913230002,177,-1.9115,0,0
0.810139112615,178,-1.911,0,0
0.81013909281907,179,-1.9105,0,0
0.81013907291224,180,-1.91,0,0
0.81013905289449,181,-1.9095,0,0
0.81013903276584,182,-1.909,0,0
0.81013901252628,183,-1.9085,0,0
0.8101389921758,184,-1.908,0,0
0.81013897171442,185,-1.9075,0,0
0.81013895114213,186,-1.907,0,0
0.81013893045892,187,-1.9065,0,0
0.81013890966481,188,-1.906,0,0
0.81013888875979,189,-1.9055,0,0
0.81013886774385,190,-1.905,0,0
0.81013884661701,191,-1.9045,0,0
0.81013882537925,192,-1.904,0,0
0.81013880403059,193,-1.9035,0,0
0.81013878257101,194,-1.903,0,0
0.81013876100052,195,-1.9025,0,0
0.81013873931912,196,-1.902,0,0
0.81013871752681,197,-1.9015,0,0
0.81013869562359,198,-1.901,0,0
0.81013867360945,199,-1.9005,0,0
0.81013865148441,200,-1.9,0,0
0.81013862924845,201,-1.8995,0,0
0.81013860690158,202,-1.899,0,0
0.81013858444379,203,-1.8985,0,0
0.8101385618751,204,-1.898,0,0
0.81013853919549,205,-1.8975,0,0
0.81013851640497,206,-1.897,0,0
0.81013849350354,207,-1.8965,0,0
0.81013847049119,208,-1.896,0,0
0.81013844736793,209,-1.8955,0,0
0.81013842413376,210,-1.895,0,0
0.81013840078867,211,-1.8945,0,0
0.81013837733267,212,-1.894,0,0
0.81013835376576,213,-1.8935,0,0
0.81013833008793,214,-1.893,0,0
0.81013830629919,215,-1.8925,0,0
0.81013828239953,216,-1.892,0,0
0.81013825838896,217,-1.8915,0,0
0.81013823426748,218,-1.891,0,0
0.81013821003508,219,-1.8905,0,0
0.81013818569176,220,-1.89,0,0
0.81013816123753,221,-1.8895,0,0
0.81013813667239,222,-1.889,0,0
0.81013811199633,223,-1.8885,0,0
0.81013808720935,224,-1.888,0,0
0.81013806231146,225,-1.8875,0,0
0.81013803730266,226,-1.887,0,0
0.81013801218293,227,-1.8865,0,0
0.8101379869523,228,-1.886,0,0
0.81013796161074,229,-1.8855,0,0
0.81013793615827,230,-1.885,0,0
0.81013791059488,231,-1.8845,0,0
0.81013788492058,232,-1.884,0,0
0.81013785913535,233,-1.8835,0,0
0.81013783323922,234,-1.883,0,0
0.81013780723216,235,-1.8825,0,0
0.81013778111419,236,-1.882,0,0
0.8101377548853,237,-1.8815,0,0
0.81013772854549,238,-1.881,0,0
0.81013770209476,239,-1.8805,0,0
0.81013767553312,240,-1.88,0,0
0.81013764886055,241,-1.8795,0,0
0.81013762207707,242,-1.879,0,0
0.81013759518267,243,-1.8785,0,0
0.81013756817735,244,-1.878,0,0
0.81013754106112,245,-1.8775,0,0
0.81013751383396,246,-1.877,0,0
0.81013748649588,247,-1.8765,0,0
0.81013745904689,248,-1.876,0,0
0.81013743148697,249,-1.8755,0,0
0.81013740381614,250,-1.875,0,0
0.81013737603438,251,-1.8745,0,0
0.81013734814171,252,-1.874,0,0
0.81013732013811,253,-1.8735,0,0
0.8101372920236,254,-1.873,0,0
0.81013726379816,255,-1.8725,0,0
0.8101372354618,256,-1.872,0,0
0.81013720701452,257,-1.8715,0,0
0.81013717845632,258,-1.871,0,0
0.8101371497872,259,-1.8705,0,0
0.81013712100716,260,-1.87,0,0
0.81013709211619,261,-1.8695,0,0
0.81013706311431,262,-1.869,0,0
0.8101370340015,263,-1.8685,0,0
0.81013700477777,264,-1.868,0,0
0.81013697544311,265,-1.8675,0,0
0.81013694599754,266,-1.867,0,0
0.81013691644104,267,-1.8665,0,0
0.81013688677362,268,-1.866,0,0
0.81013685699527,269,-1.8655,0,0
0.810136827106,270,-1.865,0,0
0.81013679710581,271,-1.8645,0,0
0.81013676699469,272,-1.864,0,0
0.81013673677265,273,-1.8635,0,0
0.81013670643968,274,-1.863,0,0
0.81013667599579,275,-1.8625,0,0
0.81013664544098,276,-1.862,0,0
0.81013661477524,277,-1.8615,0,0
0.81013658399858,278,-1.861,0,0
0.81013655311099,279,-1.8605,0,0
0.81013652211247,280,-1.86,0,0
0.81013649100303,281,-1.8595,0,0
0.81013645978267,282,-1.859,0,0
0.81013642845137,283,-1.8585,0,0
0.81013639700916,284,-1.858,0,0
0.81013636545601,285,-1.8575,0,0
0.81013633379194,286,-1.857,0,0
0.81013630201694,287,-1.8565,0,0
0.81013627013102,288,-1.856,0,0
0.81013623813416,289,-1.8555,0,0
0.81013620602638,290,-1.855,0,0
0.81013617380768,291,-1.8545,0,0
0.81013614147804,292,-1.854,0,0
0.81013610903748,293,-1.8535,0,0
0.81013607648598,294,-1.853,0,0
0.81013604382356,295,-1.8525,0,0
0.81013601105022,296,-1.852,0,0
0.81013597816594,297,-1.8515,0,0
0.81013594517073,298,-1.851,0,0
0.81013591206459,299,-1.8505,0,0
0.81013587884753,300,-1.85,0,0
0.81013584551953,301,-1.8495,0,0
0.81013581208061,302,-1.849,0,0
0.81013577853075,303,-1.8485,0,0
0.81013574486997,304,-1.848,0,0
0.81013571109825,305,-1.8475,0,0
0.8101356772156,306,-1.847,0,0
0.81013564322202,307,-1.8465,0,0
0.81013560911751,308,-1.846,0,0
0.81013557490207,309,-1.8455,0,0
0.8101355405757,310,-1.845,0,0
0.81013550613839,311,-1.8445,0,0
0.81013547159016,312,-1.844,0,0
0.81013543693099,313,-1.8435,0,0
0.81013540216089,314,-1.843,0,0
0.81013536727985,315,-1.8425,0,0
0.81013533228789,316,-1.842,0,0
0.81013529718498,317,-1.8415,0,0
0.81013526197115,318,-1.841,0,0
0.81013522664638,319,-1.8405,0,0
0.81013519121068,320,-1.84,0,0
0.81013515566405,321,-1.8395,0,0
0.81013512000648,322,-1.839,0,0
0.81013508423797,323,-1.8385,0,0
0.81013504835853,324,-1.838,0,0
0.81013501236816,325,-1.8375,0,0
0.81013497626685,326,-1.837,0,0
0.8101349400546,327,-1.8365,0,0
0.81013490373142,328,-1.836,0,0
0.8101348672973,329,-1.8355,0,0
0.81013483075225,330,-1.835,0,0
0.81013479409626,331,-1.8345,0,0
0.81013475732934,332,-1.834,0,0
0.81013472045147,333,-1.8335,0,0
0.81013468346267,334,-1.833,0,0
0.81013464636293,335,-1.8325,0,0
0.81013460915226,336,-1.832,0,0
0.81013457183065,337,-1.8315,0,0
0.8101345343981,338,-1.831,0,0
0.81013449685461,339,-1.8305,0,0
0.81013445920018,340,-1.83,0,0
0.81013442143481,341,-1.8295,0,0
0.81013438355851,342,-1.829,0,0
0.81013434557126,343,-1.8285,0,0
0.81013430747308,344,-1.828,0,0
0.81013426926395,345,-1.8275,0,0
0.81013423094389,346,-1.827,0,0
0.81013419251288,347,-1.8265,0,0
0.81013415397094,348,-1.826,0,0
0.81013411531805,349,-1.8255,0,0
0.81013407655423,350,-1.825,0,0
0.81013403767946,351,-1.8245,0,0
0.81013399869375,352,-1.824,0,0
0.8101339595971,353,-1.8235,0,0
0.81013392038951,354,-1.823,0,0
0.81013388107097,355,-1.8225,0,0
0.8101338416415,356,-1.822,0,0
0.81013380210107,357,-1.8215,0,0
0.81013376244971,358,-1.821,0,0
0.81013372268741,359,-1.8205,0,0
0.81013368281416,360,-1.82,0,0
0.81013364282996,361,-1.8195,0,0
0.81013360273482,362,-1.819,0,0
0.81013356252874,363,-1.8185,0,0
0.81013352221172,364,-1.818,0,0
0.81013348178375,365,-1.8175,0,0
0.81013344124483,366,-1.817,0,0
0.81013340059497,367,-1.8165,0,0
0.81013335983416,368,-1.816,0,0
0.81013331896241,369,-1.8155,0,0
0.81013327797971,370,-1.815,0,0
0.81013323688607,371,-1.8145,0,0
0.81013319568147,372,-1.814,0,0
0.81013315436594,373,-1.8135,0,0
0.81013311293945,374,-1.813,0,0
0.81013307140202,375,-1.8125,0,0
0.81013302975364,376,-1.812,0,0
0.81013298799431,377,-1.8115,0,0
0.81013294612403,378,-1.811,0,0
0.81013290414281,379,-1.8105,0,0
0.81013286205064,380,-1.81,0,0
0.81013281984751,381,-1.8095,0,0
0.81013277753344,382,-1.809,0,0
0.81013273510842,383,-1.8085,0,0
0.81013269257245,384,-1.808,0,0
0.81013264992553,385,-1.8075,0,0
0.81013260716766,386,-1.807,0,0
0.81013256429884,387,-1.8065,0,0
0.81013252131907,388,-1.806,0,0
0.81013247822834,389,-1.8055,0,0
0.81013243502667,390,-1.805,0,0
0.81013239171404,391,-1.8045,0,0
0.81013234829046,392,-1.804,0,0
0.81013230475593,393,-1.8035,0,0
0.81013226111045,394,-1.803,0,0
0.81013221735402,395,-1.8025,0,0
0.81013217348663,396,-1.802,0,0
0.81013212950828,397,-1.8015,0,0
0.81013208541899,398,-1.801,0,0
0.81013204121874,399,-1.8005,0,0
0.81013199690754,400,-1.8,0,0
0.81013195248538,401,-1.7995,0,0
0.81013190795227,402,-1.799,0,0
0.8101318633082,403,-1.7985,0,0
0.81013181855317,404,-1.798,0,0
0.8101317736872,405,-1.7975,0,0
0.81013172871026,406,-1.797,0,0
0.81013168362237,407,-1.7965,0,0
0.81013163842353,408,-1.796,0,0
0.81013159311372,409,-1.7955,0,0
0.81013154769296,410,-1.795,0,0
0.81013150216124,411,-1.7945,0,0
0.81013145651857,412,-1.794,0,0
0.81013141076493,413,-1.7935,0,0
0.81013136490034,414,-1.793,0,0
0.81013131892479,415,-1.7925,0,0
0.81013127283829,416,-1.792,0,0
0.81013122664082,417,-1.7915,0,0
0.81013118033239,418,-1.791,0,0
0.810131133913,419,-1.7905,0,0
0.81013108738266,420,-1.79,0,0
0.81013104074135,421,-1.7895,0,0
0.81013099398909,422,-1.789,0,0
0.81013094712586,423,-1.7885,0,0
0.81013090015167,424,-1.788,0,0
0.81013085306652,425,-1.7875,0,0
0.81013080587041,426,-1.787,0,0
0.81013075856333,427,-1.7865,0,0
0.8101307111453,428,-1.786,0,0
0.8101306636163,429,-1.7855,0,0
0.81013061597634,430,-1.785,0,0
0.81013056822541,431,-1.7845,0,0
0.81013052036353,432,-1.784,0,0
0.81013047239067,433,-1.7835,0,0
0.81013042430686,434,-1.783,0,0
0.81013037611208,435,-1.7825,0,0
0.81013032780633,436,-1.782,0,0
0.81013027938962,437,-1.7815,0,0
0.81013023086195,438,-1.781,0,0
0.81013018222331,439,-1.7805,0,0
0.8101301334737,440,-1.78,0,0
0.81013008461313,441,-1.7795,0,0
0.81013003564159,442,-1.779,0,0
0.81012998655908,443,-1.7785,0,0
0.81012993736561,444,-1.778,0,0
0.81012988806117,445,-1.7775,0,0
0.81012983864576,446,-1.777,0,0
0.81012978911938,447,-1.7765,0,0
0.81012973948204,448,-1.776,0,0
0.81012968973372,449,-1.7755,0,0
0.81012963987444,450,-1.775,0,0
0.81012958990419,451,-1.7745,0,0
0.81012953982297,452,-1.774,0,0
0.81012948963077,453,-1.7735,0,0
0.81012943932761,454,-1.773,0,0
0.81012938891348,455,-1.7725,0,0
0.81012933838838,456,-1.772,0,0
0.8101292877523,457,-1.7715,0,0
0.81012923700525,458,-1.771,0,0
0.81012918614724,459,-1.7705,0,0
0.81012913517825,460,-1.77,0,0
0.81012908409828,461,-1.7695,0,0
0.81012903290735,462,-1.769,0,0
0.81012898160544,463,-1.7685,0,0
0.81012893019256,464,-1.768,0,0
0.8101288786687,465,-1.7675,0,0
0.81012882703387,466,-1.767,0,0
0.81012877528806,467,-1.7665,0,0
0.81012872343128,468,-1.766,0,0
0.81012867146353,469,-1.7655,0,0
0.8101286193848,470,-1.765,0,0
0.81012856719509,471,-1.7645,0,0
0.81012851489441,472,-1.764,0,0
0.81012846248275,473,-1.7635,0,0
0.81012840996012,474,-1.763,0,0
0.8101283573265,475,-1.7625,0,0
0.81012830458191,476,-1.762,0,0
0.81012825172635,477,-1.7615,0,0
0.8101281987598,478,-1.761,0,0
0.81012814568228,479,-1.7605,0,0
0.81012809249377,480,-1.76,0,0
0.81012803919429,481,-1.7595,0,0
0.81012798578383,482,-1.759,0,0
0.81012793226239,483,-1.7585,0,0
0.81012787862997,484,-1.758,0,0
0.81012782488657,485,-1.7575,0,0
0.81012777103219,486,-1.757,0,0
0.81012771706682,487,-1.7565,0,0
0.81012766299048,488,-1.756,0,0
0.81012760880315,489,-1.7555,0,0
0.81012755450484,490,-1.755,0,0
0.81012750009555,491,-1.7545,0,0
0.81012744557527,492,-1.754,0,0
0.81012739094402,493,-1.7535,0,0
0.81012733620178,494,-1.753,0,0
0.81012728134855,495,-1.7525,0,0
0.81012722638434,496,-1.752,0,0
0.81012717130915,497,-1.7515,0,0
0.81012711612297,498,-1.751,0,0
0.81012706082581,499,-1.7505,0,0
0.81012700541766,500,-1.75,0,0
0.81012694989852,501,-1.7495,0,0
0.8101268942684,502,-1.749,0,0
0.81012683852729,503,-1.7485,0,0
0.8101267826752,504,-1.748,0,0
0.81012672671212,505,-1.7475,0,0
0.81012667063805,506,-1.747,0,0
0.81012661445299,507,-1.7465,0,0
0.81012655815694,508,-1.746,0,0
0.81012650174991,509,-1.7455,0,0
0.81012644523188,510,-1.745,0,0
0.81012638860287,511,-1.7445,0,0
0.81012633186286,512,-1.744,0,0
0.81012627501187,513,-1.7435,0,0
0.81012621804988,514,-1.743,0,0
0.81012616097691,515,-1.7425,0,0
0.81012610379294,516,-1.742,0,0
0.81012604649798,517,-1.7415,0,0
0.81012598909203,518,-1.741,0,0
0.81012593157509,519,-1.7405,0,0
0.81012587394716,520,-1.74,0,0
0.81012581620823,521,-1.7395,0,0
0.81012575835831,522,-1.739,0,0
0.81012570039739,523,-1.7385,0,0
0.81012564232548,524,-1.738,0,0
0.81012558414258,525,-1.7375,0,0
0.81012552584868,526,-1.737,0,0
0.81012546744379,527,-1.7365,0,0
0.8101254089279,528,-1.736,0,0
0.81012535030101,529,-1.7355,0,0
0.81012529156313,530,-1.735,0,0
0.81012523271425,531,-1.7345,0,0
0.81012517375438,532,-1.734,0,0
0.8101251146835,533,-1.7335,0,0
0.81012505550163,534,-1.733,0,0
0.81012499620876,535,-1.7325,0,0
0.81012493680489,536,-1.732,0,0
0.81012487729003,537,-1.7315,0,0
0.81012481766416,538,-1.731,0,0
0.8101247579273,539,-1.7305,0,0
0.81012469807943,540,-1.73,0,0
0.81012463812057,541,-1.7295,0,0
0.8101245780507,542,-1.729,0,0
0.81012451786983,543,-1.7285,0,0
0.81012445757796,544,-1.728,0,0
0.81012439717509,545,-1.7275,0,0
0.81012433666122,546,-1.727,0,0
0.81012427603634,547,-1.7265,0,0
0.81012421530046,548,-1.726,0,0
0.81012415445358,549,-1.7255,0,0
0.81012409349569,550,-1.725,0,0
0.8101240324268,551,-1.7245,0,0
0.8101239712469,552,-1.724,0,0
0.810123909956,553,-1.7235,0,0
0.8101238485541,554,-1.723,0,0
0.81012378704119,555,-1.7225,0,0
0.81012372541727,556,-1.722,0,0
0.81012366368235,557,-1.7215,0,0
0.81012360183641,558,-1.721,0,0
0.81012353987948,559,-1.7205,0,0
0.81012347781153,560,-1.72,0,0
0.81012341563258,561,-1.7195,0,0
0.81012335334261,562,-1.719,0,0
0.81012329094164,563,-1.7185,0,0
0.81012322842966,564,-1.718,0,0
0.81012316580667,565,-1.7175,0,0
0.81012310307267,566,-1.717,0,0
0.81012304022766,567,-1.7165,0,0
0.81012297727164,568,-1.716,0,0
0.81012291420461,569,-1.7155,0,0
0.81012285102656,570,-1.715,0,0
0.81012278773751,571,-1.7145,0,0
0.81012272433744,572,-1.714,0,0
0.81012266082636,573,-1.7135,0,0
0.81012259720426,574,-1.713,0,0
0.81012253347115,575,-1.7125,0,0
0.81012246962703,576,-1.712,0,0
0.8101224056719,577,-1.7115,0,0
0.81012234160575,578,-1.711,0,0
0.81012227742858,579,-1.7105,0,0
0.8101222131404,580,-1.71,0,0
0.8101221487412,581,-1.7095,0,0
0.81012208423099,582,-1.709,0,0
0.81012201960976,583,-1.7085,0,0
0.81012195487751,584,-1.708,0,0
0.81012189003424,585,-1.7075,0,0
0.81012182507996,586,-1.707,0,0
0.81012176001466,587,-1.7065,0,0
0.81012169483834,588,-1.706,0,0
0.810121629551,589,-1.7055,0,0
0.81012156415264,590,-1.705,0,0
0.81012149864326,591,-1.7045,0,0
0.81012143302286,592,-1.704,0,0
0.81012136729144,593,-1.7035,0,0
0.810121301449,594,-1.703,0,0
0.81012123549553,595,-1.7025,0,0
0.81012116943105,596,-1.702,0,0
0.81012110325554,597,-1.7015,0,0
0.81012103696901,598,-1.701,0,0
0.81012097057145,599,-1.7005,0,0
0.81012090406288,600,-1.7,0,0
0.81012083744328,601,-1.6995,0,0
0.81012077071265,602,-1.699,0,0
0.810120703871,603,-1.6985,0,0
0.81012063691832,604,-1.698,0,0
0.81012056985462,605,-1.6975,0,0
0.81012050267989,606,-1.697,0,0
0.81012043539413,607,-1.6965,0,0
0.81012036799735,608,-1.696,0,0
0.81012030048954,609,-1.6955,0,0
0.8101202328707,610,-1.695,0,0
0.81012016514084,611,-1.6945,0,0
0.81012009729994,612,-1.694,0,0
0.81012002934802,613,-1.6935,0,0
0.81011996128507,614,-1.693,0,0
0.81011989311108,615,-1.6925,0,0
0.81011982482607,616,-1.692,0,0
0.81011975643003,617,-1.6915,0,0
0.81011968792295,618,-1.691,0,0
0.81011961930484,619,-1.6905,0,0
0.8101195505757,620,-1.69,0,0
0.81011948173553,621,-1.6895,0,0
0.81011941278433,622,-1.689,0,0
0.81011934372209,623,-1.6885,0,0
0.81011927454882,624,-1.688,0,0
0.81011920526451,625,-1.6875,0,0
0.81011913586917,626,-1.687,0,0
0.81011906636279,627,-1.6865,0,0
0.81011899674538,628,-1.686,0,0
0.81011892701693,629,-1.6855,0,0
0.81011885717745,630,-1.685,0,0
0.81011878722693,631,-1.6845,0,0
0.81011871716537,632,-1.684,0,0
0.81011864699277,633,-1.6835,0,0
0.81011857670914,634,-1.683,0,0
0.81011850631447,635,-1.6825,0,0
0.81011843580876,636,-1.682,0,0
0.810118365192,637,-1.6815,0,0
0.81011829446421,638,-1.681,0,0
0.81011822362538,639,-1.6805,0,0
0.81011815267551,640,-1.68,0,0
0.8101180816146,641,-1.6795,0,0
0.81011801044264,642,-1.679,0,0
0.81011793915965,643,-1.6785,0,0
0.81011786776561,644,-1.678,0,0
0.81011779626052,645,-1.6775,0,0
0.8101177246444,646,-1.677,0,0
0.81011765291723,647,-1.6765,0,0
0.81011758107901,648,-1.676,0,0
0.81011750912976,649,-1.6755,0,0
0.81011743706945,650,-1.675,0,0
0.8101173648981,651,-1.6745,0,0
0.81011729261571,652,-1.674,0,0
0.81011722022226,653,-1.6735,0,0
0.81011714771778,654,-1.673,0,0
0.81011707510224,655,-1.6725,0,0
0.81011700237565,656,-1.672,0,0
0.81011692953802,657,-1.6715,0,0
0.81011685658934,658,-1.671,0,0
0.81011678352961,659,-1.6705,0,0
0.81011671035883,660,-1.67,0,0
0.810116637077,661,-1.6695,0,0
0.81011656368412,662,-1.669,0,0
0.81011649018018,663,-1.6685,0,0
0.8101164165652,664,-1.668,0,0
0.81011634283917,665,-1.6675,0,0
0.81011626900208,666,-1.667,0,0
0.81011619505394,667,-1.6665,0,0
0.81011612099474,668,-1.666,0,0
0.81011604682449,669,-1.6655,0,0
0.81011597254319,670,-1.665,0,0
0.81011589815084,671,-1.6645,0,0
0.81011582364742,672,-1.664,0,0
0.81011574903296,673,-1.6635,0,0
0.81011567430743,674,-1.663,0,0
0.81011559947085,675,-1.6625,0,0
0.81011552452322,676,-1.662,0,0
0.81011544946452,677,-1.6615,0,0
0.81011537429477,678,-1.661,0,0
0.81011529901396,679,-1.6605,0,0
0.81011522362209,680,-1.66,0,0
0.81011514811916,681,-1.6595,0,0
0.81011507250517,682,-1.659,0,0
0.81011499678012,683,-1.6585,0,0
0.81011492094401,684,-1.658,0,0
0.81011484499684,685,-1.6575,0,0
0.81011476893861,686,-1.657,0,0
0.81011469276931,687,-1.6565,0,0
0.81011461648895,688,-1.656,0,0
0.81011454009753,689,-1.6555,0,0
0.81011446359505,690,-1.655,0,0
0.8101143869815,691,-1.6545,0,0
0.81011431025689,692,-1.654,0,0
0.81011423342121,693,-1.6535,0,0
0.81011415647447,694,-1.653,0,0
0.81011407941666,695,-1.6525,0,0
0.81011400224779,696,-1.652,0,0
0.81011392496785,697,-1.6515,0,0
0.81011384757684,698,-1.651,0,0
0.81011377007476,699,-1.6505,0,0
0.81011369246161,700,-1.65,0,0
0.8101136147374,701,-1.6495,0,0
0.81011353690212,702,-1.649,0,0
0.81011345895576,703,-1.6485,0,0
0.81011338089834,704,-1.648,0,0
0.81011330272985,705,-1.6475,0,0
0.81011322445028,706,-1.647,0,0
0.81011314605965,707,-1.6465,0,0
0.81011306755794,708,-1.646,0,0
0.81011298894516,709,-1.6455,0,0
0.8101129102213,710,-1.645,0,0
0.81011283138638,711,-1.6445,0,0
0.81011275244037,712,-1.644,0,0
0.8101126733833,713,-1.6435,0,0
0.81011259421515,714,-1.643,0,0
0.81011251493592,715,-1.6425,0,0
0.81011243554562,716,-1.642,0,0
0.81011235604424,717,-1.6415,0,0
0.81011227643178,718,-1.641,0,0
0.81011219670825,719,-1.6405,0,0
0.81011211687364,720,-1.64,0,0
0.81011203692795,721,-1.6395,0,0
0.81011195687118,722,-1.639,0,0
0.81011187670333,723,-1.6385,0,0
0.8101117964244,724,-1.638,0,0
0.81011171603439,725,-1.6375,0,0
0.8101116355333,726,-1.637,0,0
0.81011155492113,727,-1.6365,0,0
0.81011147419788,728,-1.636,0,0
0.81011139336354,729,-1.6355,0,0
0.81011131241813,730,-1.635,0,0
0.81011123136163,731,-1.6345,0,0
0.81011115019404,732,-1.634,0,0
0.81011106891537,733,-1.6335,0,0
0.81011098752562,734,-1.633,0,0
0.81011090602478,735,-1.6325,0,0
0.81011082441285,736,-1.632,0,0
0.81011074268984,737,-1.6315,0,0
0.81011066085574,738,-1.631,0,0
0.81011057891056,739,-1.6305,0,0
0.81011049685428,740,-1.63,0,0
0.81011041468692,741,-1.6295,0,0
0.81011033240847,742,-1.629,0,0
0.81011025001893,743,-1.6285,0,0
0.8101101675183,744,-1.628,0,0
0.81011008490658,745,-1.6275,0,0
0.81011000218377,746,-1.627,0,0
0.81010991934986,747,-1.6265,0,0
0.81010983640487,748,-1.626,0,0
0.81010975334878,749,-1.6255,0,0
0.8101096701816,750,-1.625,0,0
0.81010958690333,751,-1.6245,0,0
0.81010950351396,752,-1.624,0,0
0.8101094200135,753,-1.6235,0,0
0.81010933640194,754,-1.623,0,0
0.81010925267929,755,-1.6225,0,0
0.81010916884554,756,-1.622,0,0
0.8101090849007,757,-1.6215,0,0
0.81010900084476,758,-1.621,0,0
0.81010891667772,759,-1.6205,0,0
0.81010883239958,760,-1.62,0,0
0.81010874801034,761,-1.6195,0,0
0.81010866351001,762,-1.619,0,0
0.81010857889858,763,-1.6185,0,0
0.81010849417604,764,-1.618,0,0
0.81010840934241,765,-1.6175,0,0
0.81010832439767,766,-1.617,0,0
0.81010823934183,767,-1.6165,0,0
0.81010815417489,768,-1.616,0,0
0.81010806889685,769,-1.6155,0,0
0.81010798350771,770,-1.615,0,0
0.81010789800746,771,-1.6145,0,0
0.8101078123961,772,-1.614,0,0
0.81010772667365,773,-1.6135,0,0
0.81010764084008,774,-1.613,0,0
0.81010755489541,775,-1.6125,0,0
0.81010746883964,776,-1.612,0,0
0.81010738267275,777,-1.6115,0,0
0.81010729639477,778,-1.611,0,0
0.81010721000567,779,-1.6105,0,0
0.81010712350546,780,-1.61,0,0
0.81010703689415,781,-1.6095,0,0
0.81010695017172,782,-1.609,0,0
0.81010686333819,783,-1.6085,0,0
0.81010677639354,784,-1.608,0,0
0.81010668933779,785,-1.6075,0,0
0.81010660217092,786,-1.607,0,0
0.81010651489294,787,-1.6065,0,0
0.81010642750385,788,-1.606,0,0
0.81010634000364,789,-1.6055,0,0
0.81010625239232,790,-1.605,0,0
0.81010616466989,791,-1.6045,0,0
0.81010607683634,792,-1.604,0,0
0.81010598889168,793,-1.6035,0,0
0.8101059008359,794,-1.603,0,0
0.810105812669,795,-1.6025,0,0
0.81010572439099,796,-1.602,0,0
0.81010563600186,797,-1.6015,0,0
0.81010554750161,798,-1.601,0,0
0.81010545889025,799,-1.6005,0,0
0.81010537016776,800,-1.6,0,0
0.81010528133416,801,-1.5995,0,0
0.81010519238943,802,-1.599,0,0
0.81010510333359,803,-1.5985,0,0
0.81010501416662,804,-1.598,0,0
0.81010492488853,805,-1.5975,0,0
0.81010483549932,806,-1.597,0,0
0.81010474599899,807,-1.5965,0,0
0.81010465638753,808,-1.596,0,0
0.81010456666495,809,-1.5955,0,0
0.81010447683124,810,-1.595,0,0
0.81010438688641,811,-1.5945,0,0
0.81010429683045,812,-1.594,0,0
0.81010420666337,813,-1.5935,0,0
0.81010411638516,814,-1.593,0,0
0.81010402599583,815,-1.5925,0,0
0.81010393549536,816,-1.592,0,0
0.81010384488377,817,-1.5915,0,0
0.81010375416105,818,-1.591,0,0
0.8101036633272,819,-1.5905,0,0
0.81010357238222,820,-1.59,0,0
0.81010348132611,821,-1.5895,0,0
0.81010339015887,822,-1.589,0,0
0.81010329888049,823,-1.5885,0,0
0.81010320749099,824,-1.588,0,0
0.81010311599035,825,-1.5875,0,0
0.81010302437858,826,-1.587,0,0
0.81010293265567,827,-1.5865,0,0
0.81010284082163,828,-1.586,0,0
0.81010274887646,829,-1.5855,0,0
0.81010265682015,830,-1.585,0,0
0.8101025646527,831,-1.5845,0,0
0.81010247237412,832,-1.584,0,0
0.8101023799844,833,-1.5835,0,0
0.81010228748354,834,-1.583,0,0
0.81010219487155,835,-1.5825,0,0
0.81010210214841,836,-1.582,0,0
0.81010200931414,837,-1.5815,0,0
0.81010191636872,838,-1.581,0,0
0.81010182331217,839,-1.5805,0,0
0.81010173014448,840,-1.58,0,0
0.81010163686564,841,-1.5795,0,0
0.81010154347566,842,-1.579,0,0
0.81010144997454,843,-1.5785,0,0
0.81010135636227,844,-1.578,0,0
0.81010126263886,845,-1.5775,0,0
0.81010116880431,846,-1.577,0,0
0.81010107485861,847,-1.5765,0,0
0.81010098080177,848,-1.576,0,0
0.81010088663378,849,-1.5755,0,0
0.81010079235464,850,-1.575,0,0
0.81010069796436,851,-1.5745,0,0
0.81010060346293,852,-1.574,0,0
0.81010050885035,853,-1.5735,0,0
0.81010041412662,854,-1.573,0,0
0.81010031929174,855,-1.5725,0,0
0.81010022434571,856,-1.572,0,0
0.81010012928853,857,-1.5715,0,0
0.8101000341202,858,-1.571,0,0
0.81009993884072,859,-1.5705,0,0
0.81009984345008,860,-1.57,0,0
0.81009974794829,861,-1.5695,0,0
0.81009965233535,862,-1.569,0,0
0.81009955661126,863,-1.5685,0,0
0.810099460776,864,-1.568,0,0
0.8100993648296,865,-1.5675,0,0
0.81009926877204,866,-1.567,0,0
0.81009917260332,867,-1.5665,0,0
0.81009907632344,868,-1.566,0,0
0.81009897993241,869,-1.5655,0,0
0.81009888343022,870,-1.565,0,0
0.81009878681687,871,-1.5645,0,0
0.81009869009236,872,-1.564,0,0
0.8100985932567,873,-1.5635,0,0
0.81009849630987,874,-1.563,0,0
0.81009839925188,875,-1.5625,0,0
0.81009830208272,876,-1.562,0,0
0.81009820480241,877,-1.5615,0,0
0.81009810741093,878,-1.561,0,0
0.81009800990829,879,-1.5605,0,0
0.81009791229449,880,-1.56,0,0
0.81009781456952,881,-1.5595,0,0
0.81009771673339,882,-1.559,0,0
0.81009761878609,883,-1.5585,0,0
0.81009752072762,884,-1.558,0,0
0.81009742255799,885,-1.5575,0,0
0.81009732427719,886,-1.557,0,0
0.81009722588522,887,-1.5565,0,0
0.81009712738208,888,-1.556,0,0
0.81009702876778,889,-1.5555,0,0
0.8100969300423,890,-1.555,0,0
0.81009683120565,891,-1.5545,0,0
0.81009673225783,892,-1.554,0,0
0.81009663319885,893,-1.5535,0,0
0.81009653402868,894,-1.553,0,0
0.81009643474735,895,-1.5525,0,0
0.81009633535484,896,-1.552,0,0
0.81009623585116,897,-1.5515,0,0
0.8100961362363,898,-1.551,0,0
0.81009603651027,899,-1.5505,0,0
0.81009593667306,900,-1.55,0,0
0.81009583672468,901,-1.5495,0,0
0.81009573666512,902,-1.549,0,0
0.81009563649438,903,-1.5485,0,0
0.81009553621247,904,-1.548,0,0
0.81009543581937,905,-1.5475,0,0
0.8100953353151,906,-1.547,0,0
0.81009523469964,907,-1.5465,0,0
0.81009513397301,908,-1.546,0,0
0.81009503313519,909,-1.5455,0,0
0.81009493218619,910,-1.545,0,0
0.81009483112601,911,-1.5445,0,0
0.81009472995465,912,-1.544,0,0
0.8100946286721,913,-1.5435,0,0
0.81009452727837,914,-1.543,0,0
0.81009442577345,915,-1.5425,0,0
0.81009432415735,916,-1.542,0,0
0.81009422243006,917,-1.5415,0,0
0.81009412059159,918,-1.541,0,0
0.81009401864193,919,-1.5405,0,0
0.81009391658108,920,-1.54,0,0
0.81009381440904,921,-1.5395,0,0
0.81009371212582,922,-1.539,0,0
0.8100936097314,923,-1.5385,0,0
0.81009350722579,924,-1.538,0,0
0.810093404609,925,-1.5375,0,0
0.81009330188101,926,-1.537,0,0
0.81009319904183,927,-1.5365,0,0
0.81009309609145,928,-1.536,0,0
0.81009299302989,929,-1.5355,0,0
0.81009288985713,930,-1.535,0,0
0.81009278657317,931,-1.5345,0,0
0.81009268317802,932,-1.534,0,0
0.81009257967167,933,-1.5335,0,0
0.81009247605413,934,-1.533,0,0
0.81009237232539,935,-1.5325,0,0
0.81009226848545,936,-1.532,0,0
0.81009216453432,937,-1.5315,0,0
0.81009206047198,938,-1.531,0,0
0.81009195629845,939,-1.5305,0,0
0.81009185201372,940,-1.53,0,0
0.81009174761778,941,-1.5295,0,0
0.81009164311065,942,-1.529,0,0
0.81009153849231,943,-1.5285,0,0
0.81009143376277,944,-1.528,0,0
0.81009132892202,945,-1.5275,0,0
0.81009122397008,946,-1.527,0,0
0.81009111890692,947,-1.5265,0,0
0.81009101373257,948,-1.526,0,0
0.81009090844701,949,-1.5255,0,0
0.81009080305024,950,-1.525,0,0
0.81009069754226,951,-1.5245,0,0
0.81009059192308,952,-1.524,0,0
0.81009048619269,953,-1.5235,0,0
0.81009038035109,954,-1.523,0,0
0.81009027439828,955,-1.5225,0,0
0.81009016833426,956,-1.522,0,0
0.81009006215903,957,-1.5215,0,0
0.81008995587258,958,-1.521,0,0
0.81008984947493,959,-1.5205,0,0
0.81008974296606,960,-1.52,0,0
0.81008963634599,961,-1.5195,0,0
0.81008952961469,962,-1.519,0,0
0.81008942277218,963,-1.5185,0,0
0.81008931581846,964,-1.518,0,0
0.81008920875352,965,-1.5175,0,0
0.81008910157737,966,-1.517,0,0
0.81008899429,967,-1.5165,0,0
0.81008888689141,968,-1.516,0,0
0.8100887793816,969,-1.5155,0,0
0.81008867176057,970,-1.515,0,0
0.81008856402833,971,-1.5145,0,0
0.81008845618486,972,-1.514,0,0
0.81008834823017,973,-1.5135,0,0
0.81008824016427,974,-1.513,0,0
0.81008813198714,975,-1.5125,0,0
0.81008802369878,976,-1.512,0,0
0.81008791529921,977,-1.5115,0,0
0.81008780678841,978,-1.511,0,0
0.81008769816638,979,-1.5105,0,0
0.81008758943313,980,-1.51,0,0
0.81008748058865,981,-1.5095,0,0
0.81008737163295,982,-1.509,0,0
0.81008726256602,983,-1.5085,0,0
0.81008715338786,984,-1.508,0,0
0.81008704409848,985,-1.5075,0,0
0.81008693469786,986,-1.507,0,0
0.81008682518602,987,-1.5065,0,0
0.81008671556294,988,-1.506,0,0
0.81008660582863,989,-1.5055,0,0
0.8100864959831,990,-1.505,0,0
0.81008638602633,991,-1.5045,0,0
0.81008627595832,992,-1.504,0,0
0.81008616577908,993,-1.5035,0,0
0.81008605548861,994,-1.503,0,0
0.81008594508691,995,-1.5025,0,0
0.81008583457397,996,-1.502,0,0
0.81008572394979,997,-1.5015,0,0
0.81008561321437,998,-1.501,0,0
0.81008550236772,999,-1.5005,0,0
0.81008539140983,1000,-1.5,0,0
0.8100852803407,1001,-1.4995,0,0
0.81008516916033,1002,-1.499,0,0
0.81008505786872,1003,-1.4985,0,0
0.81008494646587,1004,-1.498,0,0
0.81008483495178,1005,-1.4975,0,0
0.81008472332645,1006,-1.497,0,0
0.81008461158987,1007,-1.4965,0,0
0.81008449974205,1008,-1.496,0,0
0.81008438778299,1009,-1.4955,0,0
0.81008427571268,1010,-1.495,0,0
0.81008416353113,1011,-1.4945,0,0
0.81008405123833,1012,-1.494,0,0
0.81008393883428,1013,-1.4935,0,0
0.81008382631899,1014,-1.493,0,0
0.81008371369244,1015,-1.4925,0,0
0.81008360095465,1016,-1.492,0,0
0.81008348810561,1017,-1.4915,0,0
0.81008337514532,1018,-1.491,0,0
0.81008326207378,1019,-1.4905,0,0
0.81008314889099,1020,-1.49,0,0
0.81008303559695,1021,-1.4895,0,0
0.81008292219165,1022,-1.489,0,0
0.8100828086751,1023,-1.4885,0,0
0.8100826950473,1024,-1.488,0,0
0.81008258130824,1025,-1.4875,0,0
0.81008246745793,1026,-1.487,0,0
0.81008235349636,1027,-1.4865,0,0
0.81008223942353,1028,-1.486,0,0
0.81008212523945,1029,-1.4855,0,0
0.81008201094411,1030,-1.485,0,0
0.81008189653751,1031,-1.4845,0,0
0.81008178201965,1032,-1.484,0,0
0.81008166739053,1033,-1.4835,0,0
0.81008155265015,1034,-1.483,0,0
0.81008143779851,1035,-1.4825,0,0
0.81008132283561,1036,-1.482,0,0
0.81008120776144,1037,-1.4815,0,0
0.81008109257602,1038,-1.481,0,0
0.81008097727932,1039,-1.4805,0,0
0.81008086187137,1040,-1.48,0,0
0.81008074635214,1041,-1.4795,0,0
0.81008063072165,1042,-1.479,0,0
0.8100805149799,1043,-1.4785,0,0
0.81008039912688,1044,-1.478,0,0
0.81008028316259,1045,-1.4775,0,0
0.81008016708703,1046,-1.477,0,0
0.8100800509002,1047,-1.4765,0,0
0.8100799346021,1048,-1.476,0,0
0.81007981819273,1049,-1.4755,0,0
0.81007970167209,1050,-1.475,0,0
0.81007958504018,1051,-1.4745,0,0
0.81007946829699,1052,-1.474,0,0
0.81007935144253,1053,-1.4735,0,0
0.8100792344768,1054,-1.473,0,0
0.81007911739979,1055,-1.4725,0,0
0.81007900021151,1056,-1.472,0,0
0.81007888291195,1057,-1.4715,0,0
0.81007876550112,1058,-1.471,0,0
0.810078647979,1059,-1.4705,0,0
0.81007853034561,1060,-1.47,0,0
0.81007841260094,1061,-1.4695,0,0
0.81007829474499,1062,-1.469,0,0
0.81007817677776,1063,-1.4685,0,0
0.81007805869925,1064,-1.468,0,0
0.81007794050946,1065,-1.4675,0,0
0.81007782220838,1066,-1.467,0,0
0.81007770379602,1067,-1.4665,0,0
0.81007758527238,1068,-1.466,0,0
0.81007746663745,1069,-1.4655,0,0
0.81007734789124,1070,-1.465,0,0
0.81007722903375,1071,-1.4645,0,0
0.81007711006496,1072,-1.464,0,0
0.81007699098489,1073,-1.4635,0,0
0.81007687179354,1074,-1.463,0,0
0.81007675249089,1075,-1.4625,0,0
0.81007663307695,1076,-1.462,0,0
0.81007651355173,1077,-1.4615,0,0
0.81007639391521,1078,-1.461,0,0
0.8100762741674,1079,-1.4605,0,0
0.81007615430831,1080,-1.46,0,0
0.81007603433791,1081,-1.4595,0,0
0.81007591425623,1082,-1.459,0,0
0.81007579406325,1083,-1.4585,0,0
0.81007567375898,1084,-1.458,0,0
0.81007555334341,1085,-1.4575,0,0
0.81007543281654,1086,-1.457,0,0
0.81007531217838,1087,-1.4565,0,0
0.81007519142892,1088,-1.456,0,0
0.81007507056816,1089,-1.4555,0,0
0.81007494959611,1090,-1.455,0,0
0.81007482851275,1091,-1.4545,0,0
0.81007470731809,1092,-1.454,0,0
0.81007458601214,1093,-1.4535,0,0
0.81007446459488,1094,-1.453,0,0
0.81007434306632,1095,-1.4525,0,0
0.81007422142645,1096,-1.452,0,0
0.81007409967528,1097,-1.4515,0,0
0.81007397781281,1098,-1.451,0,0
0.81007385583903,1099,-1.4505,0,0
0.81007373375395,1100,-1.45,0,0
0.81007361155756,1101,-1.4495,0,0
0.81007348924986,1102,-1.449,0,0
0.81007336683086,1103,-1.4485,0,0
0.81007324430054,1104,-1.448,0,0
0.81007312165892,1105,-1.4475,0,0
0.81007299890598,1106,-1.447,0,0
0.81007287604174,1107,-1.4465,0,0
0.81007275306618,1108,-1.446,0,0
0.81007262997932,1109,-1.4455,0,0
0.81007250678114,1110,-1.445,0,0
0.81007238347164,1111,-1.4445,0,0
0.81007226005083,1112,-1.444,0,0
0.81007213651871,1113,-1.4435,0,0
0.81007201287527,1114,-1.443,0,0
0.81007188912051,1115,-1.4425,0,0
0.81007176525444,1116,-1.442,0,0
0.81007164127705,1117,-1.4415,0,0
0.81007151718834,1118,-1.441,0,0
0.81007139298831,1119,-1.4405,0,0
0.81007126867696,1120,-1.44,0,0
0.81007114425429,1121,-1.4395,0,0
0.8100710197203,1122,-1.439,0,0
0.81007089507498,1123,-1.4385,0,0
0.81007077031835,1124,-1.438,0,0
0.81007064545039,1125,-1.4375,0,0
0.8100705204711,1126,-1.437,0,0
0.81007039538049,1127,-1.4365,0,0
0.81007027017856,1128,-1.436,0,0
0.8100701448653,1129,-1.4355,0,0
0.81007001944071,1130,-1.435,0,0
0.81006989390479,1131,-1.4345,0,0
0.81006976825755,1132,-1.434,0,0
0.81006964249897,1133,-1.4335,0,0
0.81006951662907,1134,-1.433,0,0
0.81006939064783,1135,-1.4325,0,0
0.81006926455527,1136,-1.432,0,0
0.81006913835137,1137,-1.4315,0,0
0.81006901203614,1138,-1.431,0,0
0.81006888560957,1139,-1.4305,0,0
0.81006875907167,1140,-1.43,0,0
0.81006863242244,1141,-1.4295,0,0
0.81006850566186,1142,-1.429,0,0
0.81006837878996,1143,-1.4285,0,0
0.81006825180671,1144,-1.428,0,0
0.81006812471213,1145,-1.4275,0,0
0.81006799750621,1146,-1.427,0,0
0.81006787018895,1147,-1.4265,0,0
0.81006774276035,1148,-1.426,0,0
0.81006761522041,1149,-1.4255,0,0
0.81006748756912,1150,-1.425,0,0
0.8100673598065,1151,-1.4245,0,0
0.81006723193253,1152,-1.424,0,0
0.81006710394722,1153,-1.4235,0,0
0.81006697585056,1154,-1.423,0,0
0.81006684764256,1155,-1.4225,0,0
0.81006671932321,1156,-1.422,0,0
0.81006659089252,1157,-1.4215,0,0
0.81006646235047,1158,-1.421,0,0
0.81006633369708,1159,-1.4205,0,0
0.81006620493234,1160,-1.42,0,0
0.81006607605626,1161,-1.4195,0,0
0.81006594706882,1162,-1.419,0,0
0.81006581797003,1163,-1.4185,0,0
0.81006568875988,1164,-1.418,0,0
0.81006555943839,1165,-1.4175,0,0
0.81006543000554,1166,-1.417,0,0
0.81006530046134,1167,-1.4165,0,0
0.81006517080578,1168,-1.416,0,0
0.81006504103887,1169,-1.4155,0,0
0.8100649111606,1170,-1.415,0,0
0.81006478117098,1171,-1.4145,0,0
0.81006465107,1172,-1.414,0,0
0.81006452085765,1173,-1.4135,0,0
0.81006439053395,1174,-1.413,0,0
0.81006426009889,1175,-1.4125,0,0
0.81006412955247,1176,-1.412,0,0
0.81006399889469,1177,-1.4115,0,0
0.81006386812554,1178,-1.411,0,0
0.81006373724504,1179,-1.4105,0,0
0.81006360625317,1180,-1.41,0,0
0.81006347514993,1181,-1.4095,0,0
0.81006334393533,1182,-1.409,0,0
0.81006321260936,1183,-1.4085,0,0
0.81006308117203,1184,-1.408,0,0
0.81006294962333,1185,-1.4075,0,0
0.81006281796326,1186,-1.407,0,0
0.81006268619182,1187,-1.4065,0,0
0.81006255430902,1188,-1.406,0,0
0.81006242231484,1189,-1.4055,0,0
0.81006229020929,1190,-1.405,0,0
0.81006215799237,1191,-1.4045,0,0
0.81006202566408,1192,-1.404,0,0
0.81006189322441,1193,-1.4035,0,0
0.81006176067337,1194,-1.403,0,0
0.81006162801096,1195,-1.4025,0,0
0.81006149523717,1196,-1.402,0,0
0.810061362352,1197,-1.4015,0,0
0.81006122935546,1198,-1.401,0,0
0.81006109624754,1199,-1.4005,0,0
0.81006096302824,1200,-1.4,0,0
0.81006082969756,1201,-1.3995,0,0
0.8100606962555,1202,-1.399,0,0
0.81006056270206,1203,-1.3985,0,0
0.81006042903724,1204,-1.398,0,0
0.81006029526104,1205,-1.3975,0,0
0.81006016137345,1206,-1.397,0,0
0.81006002737448,1207,-1.3965,0,0
0.81005989326413,1208,-1.396,0,0
0.81005975904239,1209,-1.3955,0,0
0.81005962470926,1210,-1.395,0,0
0.81005949026475,1211,-1.3945,0,0
0.81005935570885,1212,-1.394,0,0
0.81005922104156,1213,-1.3935,0,0
0.81005908626288,1214,-1.393,0,0
0.81005895137281,1215,-1.3925,0,0
0.81005881637135,1216,-1.392,0,0
0.8100586812585,1217,-1.3915,0,0
0.81005854603426,1218,-1.391,0,0
0.81005841069863,1219,-1.3905,0,0
0.8100582752516,1220,-1.39,0,0
0.81005813969318,1221,-1.3895,0,0
0.81005800402336,1222,-1.389,0,0
0.81005786824215,1223,-1.3885,0,0
0.81005773234954,1224,-1.388,0,0
0.81005759634553,1225,-1.3875,0,0
0.81005746023012,1226,-1.387,0,0
0.81005732400332,1227,-1.3865,0,0
0.81005718766511,1228,-1.386,0,0
0.81005705121551,1229,-1.3855,0,0
0.8100569146545,1230,-1.385,0,0
0.81005677798209,1231,-1.3845,0,0
0.81005664119828,1232,-1.384,0,0
0.81005650430307,1233,-1.3835,0,0
0.81005636729645,1234,-1.383,0,0
0.81005623017843,1235,-1.3825,0,0
0.810056092949,1236,-1.382,0,0
0.81005595560816,1237,-1.3815,0,0
0.81005581815592,1238,-1.381,0,0
0.81005568059227,1239,-1.3805,0,0
0.81005554291721,1240,-1.38,0,0
0.81005540513074,1241,-1.3795,0,0
0.81005526723286,1242,-1.379,0,0
0.81005512922356,1243,-1.3785,0,0
0.81005499110286,1244,-1.378,0,0
0.81005485287074,1245,-1.3775,0,0
0.81005471452721,1246,-1.377,0,0
0.81005457607227,1247,-1.3765,0,0
0.81005443750591,1248,-1.376,0,0
0.81005429882814,1249,-1.3755,0,0
0.81005416003894,1250,-1.375,0,0
0.81005402113834,1251,-1.3745,0,0
0.81005388212631,1252,-1.374,0,0
0.81005374300286,1253,-1.3735,0,0
0.810053603768,1254,-1.373,0,0
0.81005346442171,1255,-1.3725,0,0
0.810053324964,1256,-1.372,0,0
0.81005318539487,1257,-1.3715,0,0
0.81005304571432,1258,-1.371,0,0
0.81005290592235,1259,-1.3705,0,0
0.81005276601895,1260,-1.37,0,0
0.81005262600412,1261,-1.3695,0,0
0.81005248587787,1262,-1.369,0,0
0.81005234564019,1263,-1.3685,0,0
0.81005220529109,1264,-1.368,0,0
0.81005206483056,1265,-1.3675,0,0
0.81005192425859,1266,-1.367,0,0
0.8100517835752,1267,-1.3665,0,0
0.81005164278038,1268,-1.366,0,0
0.81005150187412,1269,-1.3655,0,0
0.81005136085644,1270,-1.365,0,0
0.81005121972732,1271,-1.3645,0,0
0.81005107848677,1272,-1.364,0,0
0.81005093713478,1273,-1.3635,0,0
0.81005079567136,1274,-1.363,0,0
0.8100506540965,1275,-1.3625,0,0
0.8100505124102,1276,-1.362,0,0
0.81005037061247,1277,-1.3615,0,0
0.8100502287033,1278,-1.361,0,0
0.81005008668269,1279,-1.3605,0,0
0.81004994455064,1280,-1.36,0,0
0.81004980230715,1281,-1.3595,0,0
0.81004965995222,1282,-1.359,0,0
0.81004951748584,1283,-1.3585,0,0
0.81004937490802,1284,-1.358,0,0
0.81004923221876,1285,-1.3575,0,0
0.81004908941806,1286,-1.357,0,0
0.81004894650591,1287,-1.3565,0,0
0.81004880348231,1288,-1.356,0,0
0.81004866034726,1289,-1.3555,0,0
0.81004851710077,1290,-1.355,0,0
0.81004837374283,1291,-1.3545,0,0
0.81004823027344,1292,-1.354,0,0
0.8100480866926,1293,-1.3535,0,0
0.8100479430003,1294,-1.353,0,0
0.81004779919656,1295,-1.3525,0,0
0.81004765528136,1296,-1.352,0,0
0.81004751125471,1297,-1.3515,0,0
0.81004736711661,1298,-1.351,0,0
0.81004722286705,1299,-1.3505,0,0
0.81004707850604,1300,-1.35,0,0
0.81004693403357,1301,-1.3495,0,0
0.81004678944964,1302,-1.349,0,0
0.81004664475425,1303,-1.3485,0,0
0.8100464999474,1304,-1.348,0,0
0.8100463550291,1305,-1.3475,0,0
0.81004620999933,1306,-1.347,0,0
0.81004606485811,1307,-1.3465,0,0
0.81004591960542,1308,-1.346,0,0
0.81004577424127,1309,-1.3455,0,0
0.81004562876565,1310,-1.345,0,0
0.81004548317857,1311,-1.3445,0,0
0.81004533748002,1312,-1.344,0,0
0.81004519167001,1313,-1.3435,0,0
0.81004504574853,1314,-1.343,0,0
0.81004489971559,1315,-1.3425,0,0
0.81004475357117,1316,-1.342,0,0
0.81004460731529,1317,-1.3415,0,0
0.81004446094794,1318,-1.341,0,0
0.81004431446911,1319,-1.3405,0,0
0.81004416787881,1320,-1.34,0,0
0.81004402117705,1321,-1.3395,0,0
0.8100438743638,1322,-1.339,0,0
0.81004372743909,1323,-1.3385,0,0
0.81004358040289,1324,-1.338,0,0
0.81004343325523,1325,-1.3375,0,0
0.81004328599608,1326,-1.337,0,0
0.81004313862546,1327,-1.3365,0,0
0.81004299114336,1328,-1.336,0,0
0.81004284354979,1329,-1.3355,0,0
0.81004269584473,1330,-1.335,0,0
0.81004254802819,1331,-1.3345,0,0
0.81004240010017,1332,-1.334,0,0
0.81004225206067,1333,-1.3335,0,0
0.81004210390968,1334,-1.333,0,0
0.81004195564722,1335,-1.3325,0,0
0.81004180727326,1336,-1.332,0,0
0.81004165878783,1337,-1.3315,0,0
0.8100415101909,1338,-1.331,0,0
0.81004136148249,1339,-1.3305,0,0
0.81004121266259,1340,-1.33,0,0
0.8100410637312,1341,-1.3295,0,0
0.81004091468832,1342,-1.329,0,0
0.81004076553396,1343,-1.3285,0,0
0.8100406162681,1344,-1.328,0,0
0.81004046689075,1345,-1.3275,0,0
0.8100403174019,1346,-1.327,0,0
0.81004016780157,1347,-1.3265,0,0
0.81004001808974,1348,-1.326,0,0
0.81003986826641,1349,-1.3255,0,0
0.81003971833159,1350,-1.325,0,0
0.81003956828527,1351,-1.3245,0,0
0.81003941812745,1352,-1.324,0,0
0.81003926785814,1353,-1.3235,0,0
0.81003911747732,1354,-1.323,0,0
0.81003896698501,1355,-1.3225,0,0
0.8100388163812,1356,-1.322,0,0
0.81003866566588,1357,-1.3215,0,0
0.81003851483906,1358,-1.321,0,0
0.81003836390074,1359,-1.3205,0,0
0.81003821285091,1360,-1.32,0,0
0.81003806168958,1361,-1.3195,0,0
0.81003791041674,1362,-1.319,0,0
0.8100377590324,1363,-1.3185,0,0
0.81003760753655,1364,-1.318,0,0
0.81003745592919,1365,-1.3175,0,0
0.81003730421032,1366,-1.317,0,0
0.81003715237994,1367,-1.3165,0,0
0.81003700043806,1368,-1.316,0,0
0.81003684838466,1369,-1.3155,0,0
0.81003669621974,1370,-1.315,0,0
0.81003654394332,1371,-1.3145,0,0
0.81003639155538,1372,-1.314,0,0
0.81003623905593,1373,-1.3135,0,0
0.81003608644496,1374,-1.313,0,0
0.81003593372247,1375,-1.3125,0,0
0.81003578088847,1376,-1.312,0,0
0.81003562794295,1377,-1.3115,0,0
0.81003547488591,1378,-1.311,0,0
0.81003532171735,1379,-1.3105,0,0
0.81003516843727,1380,-1.31,0,0
0.81003501504566,1381,-1.3095,0,0
0.81003486154254,1382,-1.309,0,0
0.81003470792789,1383,-1.3085,0,0
0.81003455420172,1384,-1.308,0,0
0.81003440036403,1385,-1.3075,0,0
0.81003424641481,1386,-1.307,0,0
0.81003409235406,1387,-1.3065,0,0
0.81003393818179,1388,-1.306,0,0
0.81003378389798,1389,-1.3055,0,0
0.81003362950265,1390,-1.305,0,0
0.81003347499579,1391,-1.3045,0,0
0.8100333203774,1392,-1.304,0,0
0.81003316564748,1393,-1.3035,0,0
0.81003301080602,1394,-1.303,0,0
0.81003285585304,1395,-1.3025,0,0
0.81003270078851,1396,-1.302,0,0
0.81003254561246,1397,-1.3015,0,0
0.81003239032487,1398,-1.301,0,0
0.81003223492574,1399,-1.3005,0,0
0.81003207941508,1400,-1.3,0,0
0.81003192379287,1401,-1.2995,0,0
0.81003176805913,1402,-1.299,0,0
0.81003161221385,1403,-1.2985,0,0
0.81003145625703,1404,-1.298,0,0
0.81003130018867,1405,-1.2975,0,0
0.81003114400876,1406,-1.297,0,0
0.81003098771731,1407,-1.2965,0,0
0.81003083131432,1408,-1.296,0,0
0.81003067479979,1409,-1.2955,0,0
0.8100305181737,1410,-1.295,0,0
0.81003036143608,1411,-1.2945,0,0
0.8100302045869,1412,-1.294,0,0
0.81003004762618,1413,-1.2935,0,0
0.81002989055391,1414,-1.293,0,0
0.81002973337009,1415,-1.2925,0,0
0.81002957607471,1416,-1.292,0,0
0.81002941866779,1417,-1.2915,0,0
0.81002926114931,1418,-1.291,0,0
0.81002910351929,1419,-1.2905,0,0
0.8100289457777,1420,-1.29,0,0
0.81002878792457,1421,-1.2895,0,0
0.81002862995987,1422,-1.289,0,0
0.81002847188363,1423,-1.2885,0,0
0.81002831369582,1424,-1.288,0,0
0.81002815539646,1425,-1.2875,0,0
0.81002799698553,1426,-1.287,0,0
0.81002783846305,1427,-1.2865,0,0
0.81002767982901,1428,-1.286,0,0
0.8100275210834,1429,-1.2855,0,0
0.81002736222623,1430,-1.285,0,0
0.8100272032575,1431,-1.2845,0,0
0.81002704417721,1432,-1.284,0,0
0.81002688498535,1433,-1.2835,0,0
0.81002672568193,1434,-1.283,0,0
0.81002656626694,1435,-1.2825,0,0
0.81002640674038,1436,-1.282,0,0
0.81002624710225,1437,-1.2815,0,0
0.81002608735256,1438,-1.281,0,0
0.81002592749129,1439,-1.2805,0,0
0.81002576751845,1440,-1.28,0,0
0.81002560743405,1441,-1.2795,0,0
0.81002544723807,1442,-1.279,0,0
0.81002528693051,1443,-1.2785,0,0
0.81002512651138,1444,-1.278,0,0
0.81002496598068,1445,-1.2775,0,0
0.8100248053384,1446,-1.277,0,0
0.81002464458455,1447,-1.2765,0,0
0.81002448371912,1448,-1.276,0,0
0.81002432274211,1449,-1.2755,0,0
0.81002416165352,1450,-1.275,0,0
0.81002400045335,1451,-1.2745,0,0
0.81002383914159,1452,-1.274,0,0
0.81002367771826,1453,-1.2735,0,0
0.81002351618335,1454,-1.273,0,0
0.81002335453685,1455,-1.2725,0,0
0.81002319277876,1456,-1.272,0,0
0.81002303090909,1457,-1.2715,0,0
0.81002286892784,1458,-1.271,0,0
0.810022706835,1459,-1.2705,0,0
0.81002254463057,1460,-1.27,0,0
0.81002238231455,1461,-1.2695,0,0
0.81002221988694,1462,-1.269,0,0
0.81002205734775,1463,-1.2685,0,0
0.81002189469696,1464,-1.268,0,0
0.81002173193458,1465,-1.2675,0,0
0.8100215690606,1466,-1.267,0,0
0.81002140607504,1467,-1.2665,0,0
0.81002124297787,1468,-1.266,0,0
0.81002107976912,1469,-1.2655,0,0
0.81002091644876,1470,-1.265,0,0
0.81002075301681,1471,-1.2645,0,0
0.81002058947326,1472,-1.264,0,0
0.81002042581812,1473,-1.2635,0,0
0.81002026205137,1474,-1.263,0,0
0.81002009817302,1475,-1.2625,0,0
0.81001993418307,1476,-1.262,0,0
0.81001977008152,1477,-1.2615,0,0
0.81001960586836,1478,-1.261,0,0
0.8100194415436,1479,-1.2605,0,0
0.81001927710724,1480,-1.26,0,0
0.81001911255927,1481,-1.2595,0,0
0.81001894789969,1482,-1.259,0,0
0.81001878312851,1483,-1.2585,0,0
0.81001861824572,1484,-1.258,0,0
0.81001845325132,1485,-1.2575,0,0
0.8100182881453,1486,-1.257,0,0
0.81001812292768,1487,-1.2565,0,0
0.81001795759845,1488,-1.256,0,0
0.8100177921576,1489,-1.2555,0,0
0.81001762660514,1490,-1.255,0,0
0.81001746094106,1491,-1.2545,0,0
0.81001729516537,1492,-1.254,0,0
0.81001712927807,1493,-1.2535,0,0
0.81001696327915,1494,-1.253,0,0
0.8100167971686,1495,-1.2525,0,0
0.81001663094644,1496,-1.252,0,0
0.81001646461266,1497,-1.2515,0,0
0.81001629816726,1498,-1.251,0,0
0.81001613161024,1499,-1.2505,0,0
0.8100159649416,1500,-1.25,0,0
0.81001579816133,1501,-1.2495,0,0
0.81001563126944,1502,-1.249,0,0
0.81001546426593,1503,-1.2485,0,0
0.81001529715079,1504,-1.248,0,0
0.81001512992402,1505,-1.2475,0,0
0.81001496258562,1506,-1.247,0,0
0.8100147951356,1507,-1.2465,0,0
0.81001462757395,1508,-1.246,0,0
0.81001445990066,1509,-1.2455,0,0
0.81001429211575,1510,-1.245,0,0
0.81001412421921,1511,-1.2445,0,0
0.81001395621103,1512,-1.244,0,0
0.81001378809122,1513,-1.2435,0,0
0.81001361985977,1514,-1.243,0,0
0.81001345151669,1515,-1.2425,0,0
0.81001328306197,1516,-1.242,0,0
0.81001311449562,1517,-1.2415,0,0
0.81001294581763,1518,-1.241,0,0
0.810012777028,1519,-1.2405,0,0
0.81001260812673,1520,-1.24,0,0
0.81001243911381,1521,-1.2395,0,0
0.81001226998926,1522,-1.239,0,0
0.81001210075307,1523,-1.2385,0,0
0.81001193140523,1524,-1.238,0,0
0.81001176194575,1525,-1.2375,0,0
0.81001159237462,1526,-1.237,0,0
0.81001142269185,1527,-1.2365,0,0
0.81001125289743,1528,-1.236,0,0
0.81001108299136,1529,-1.2355,0,0
0.81001091297365,1530,-1.235,0,0
0.81001074284428,1531,-1.2345,0,0
0.81001057260327,1532,-1.234,0,0
0.8100104022506,1533,-1.2335,0,0
0.81001023178629,1534,-1.233,0,0
0.81001006121032,1535,-1.2325,0,0
0.81000989052269,1536,-1.232,0,0
0.81000971972342,1537,-1.2315,0,0
0.81000954881248,1538,-1.231,0,0
0.81000937778989,1539,-1.2305,0,0
0.81000920665564,1540,-1.23,0,0
0.81000903540974,1541,-1.2295,0,0
0.81000886405218,1542,-1.229,0,0
0.81000869258295,1543,-1.2285,0,0
0.81000852100207,1544,-1.228,0,0
0.81000834930952,1545,-1.2275,0,0
0.81000817750531,1546,-1.227,0,0
0.81000800558944,1547,-1.2265,0,0
0.8100078335619,1548,-1.226,0,0
0.8100076614227,1549,-1.2255,0,0
0.81000748917183,1550,-1.225,0,0
0.8100073168093,1551,-1.2245,0,0
0.8100071443351,1552,-1.224,0,0
0.81000697174923,1553,-1.2235,0,0
0.81000679905169,1554,-1.223,0,0
0.81000662624248,1555,-1.2225,0,0
0.81000645332159,1556,-1.222,0,0
0.81000628028904,1557,-1.2215,0,0
0.81000610714481,1558,-1.221,0,0
0.81000593388891,1559,-1.2205,0,0
0.81000576052133,1560,-1.22,0,0
0.81000558704208,1561,-1.2195,0,0
0.81000541345115,1562,-1.219,0,0
0.81000523974855,1563,-1.2185,0,0
0.81000506593426,1564,-1.218,0,0
0.8100048920083,1565,-1.2175,0,0
0.81000471797066,1566,-1.217,0,0
0.81000454382133,1567,-1.2165,0,0
0.81000436956032,1568,-1.216,0,0
0.81000419518763,1569,-1.2155,0,0
0.81000402070326,1570,-1.215,0,0
0.8100038461072,1571,-1.2145,0,0
0.81000367139946,1572,-1.214,0,0
0.81000349658003,1573,-1.2135,0,0
0.81000332164891,1574,-1.213,0,0
0.81000314660611,1575,-1.2125,0,0
0.81000297145161,1576,-1.212,0,0
0.81000279618543,1577,-1.2115,0,0
0.81000262080755,1578,-1.211,0,0
0.81000244531798,1579,-1.2105,0,0
0.81000226971672,1580,-1.21,0,0
0.81000209400377,1581,-1.2095,0,0
0.81000191817912,1582,-1.209,0,0
0.81000174224278,1583,-1.2085,0,0
0.81000156619474,1584,-1.208,0,0
0.810001390035,1585,-1.2075,0,0
0.81000121376357,1586,-1.207,0,0
0.81000103738043,1587,-1.2065,0,0
0.8100008608856,1588,-1.206,0,0
0.81000068427907,1589,-1.2055,0,0
0.81000050756083,1590,-1.205,0,0
0.81000033073089,1591,-1.2045,0,0
0.81000015378925,1592,-1.204,0,0
0.8099999767359,1593,-1.2035,0,0
0.80999979957085,1594,-1.203,0,0
0.8099996222941,1595,-1.2025,0,0
0.80999944490563,1596,-1.202,0,0
0.80999926740546,1597,-1.2015,0,0
0.80999908979358,1598,-1.201,0,0
0.80999891206999,1599,-1.2005,0,0
0.80999873423469,1600,-1.2,0,0
0.80999855628767,1601,-1.1995,0,0
0.80999837822895,1602,-1.199,0,0
0.80999820005851,1603,-1.1985,0,0
0.80999802177636,1604,-1.198,0,0
0.80999784338249,1605,-1.1975,0,0
0.80999766487691,1606,-1.197,0,0
0.80999748625961,1607,-1.1965,0,0
0.80999730753059,1608,-1.196,0,0
0.80999712868985,1609,-1.1955,0,0
0.8099969497374,1610,-1.195,0,0
0.80999677067322,1611,-1.1945,0,0
0.80999659149732,1612,-1.194,0,0
0.8099964122097,1613,-1.1935,0,0
0.80999623281036,1614,-1.193,0,0
0.80999605329929,1615,-1.1925,0,0
0.8099958736765,1616,-1.192,0,0
0.80999569394198,1617,-1.1915,0,0
0.80999551409574,1618,-1.191,0,0
0.80999533413776,1619,-1.1905,0,0
0.80999515406806,1620,-1.19,0,0
0.80999497388663,1621,-1.1895,0,0
0.80999479359347,1622,-1.189,0,0
0.80999461318858,1623,-1.1885,0,0
0.80999443267195,1624,-1.188,0,0
0.80999425204359,1625,-1.1875,0,0
0.8099940713035,1626,-1.187,0,0
0.80999389045167,1627,-1.1865,0,0
0.80999370948811,1628,-1.186,0,0
0.80999352841281,1629,-1.1855,0,0
0.80999334722577,1630,-1.185,0,0
0.809993165927,1631,-1.1845,0,0
0.80999298451648,1632,-1.184,0,0
0.80999280299423,1633,-1.1835,0,0
0.80999262136023,1634,-1.183,0,0
0.80999243961449,1635,-1.1825,0,0
0.80999225775701,1636,-1.182,0,0
0.80999207578778,1637,-1.1815,0,0
0.80999189370681,1638,-1.181,0,0
0.8099917115141,1639,-1.1805,0,0
0.80999152920963,1640,-1.18,0,0
0.80999134679342,1641,-1.1795,0,0
0.80999116426546,1642,-1.179,0,0
0.80999098162575,1643,-1.1785,0,0
0.80999079887429,1644,-1.178,0,0
0.80999061601108,1645,-1.1775,0,0
0.80999043303612,1646,-1.177,0,0
0.8099902499494,1647,-1.1765,0,0
0.80999006675093,1648,-1.176,0,0
0.80998988344071,1649,-1.1755,0,0
0.80998970001873,1650,-1.175,0,0
0.80998951648499,1651,-1.1745,0,0
0.80998933283949,1652,-1.174,0,0
0.80998914908224,1653,-1.1735,0,0
0.80998896521323,1654,-1.173,0,0
0.80998878123245,1655,-1.1725,0,0
0.80998859713992,1656,-1.172,0,0
0.80998841293562,1657,-1.1715,0,0
0.80998822861956,1658,-1.171,0,0
0.80998804419174,1659,-1.1705,0,0
0.80998785965215,1660,-1.17,0,0
0.80998767500079,1661,-1.1695,0,0
0.80998749023767,1662,-1.169,0,0
0.80998730536278,1663,-1.1685,0,0
0.80998712037612,1664,-1.168,0,0
0.80998693527769,1665,-1.1675,0,0
0.80998675006749,1666,-1.167,0,0
0.80998656474552,1667,-1.1665,0,0
0.80998637931178,1668,-1.166,0,0
0.80998619376627,1669,-1.1655,0,0
0.80998600810898,1670,-1.165,0,0
0.80998582233991,1671,-1.1645,0,0
0.80998563645907,1672,-1.164,0,0
0.80998545046646,1673,-1.1635,0,0
0.80998526436206,1674,-1.163,0,0
0.80998507814589,1675,-1.1625,0,0
0.80998489181793,1676,-1.162,0,0
0.8099847053782,1677,-1.1615,0,0
0.80998451882669,1678,-1.161,0,0
0.80998433216339,1679,-1.1605,0,0
0.80998414538831,1680,-1.16,0,0
0.80998395850144,1681,-1.1595,0,0
0.80998377150279,1682,-1.159,0,0
0.80998358439235,1683,-1.1585,0,0
0.80998339717013,1684,-1.158,0,0
0.80998320983612,1685,-1.1575,0,0
0.80998302239032,1686,-1.157,0,0
0.80998283483273,1687,-1.1565,0,0
0.80998264716335,1688,-1.156,0,0
0.80998245938218,1689,-1.1555,0,0
0.80998227148921,1690,-1.155,0,0
0.80998208348445,1691,-1.1545,0,0
0.8099818953679,1692,-1.154,0,0
0.80998170713955,1693,-1.1535,0,0
0.80998151879941,1694,-1.153,0,0
0.80998133034747,1695,-1.1525,0,0
0.80998114178373,1696,-1.152,0,0
0.80998095310819,1697,-1.1515,0,0
0.80998076432085,1698,-1.151,0,0
0.80998057542172,1699,-1.1505,0,0
0.80998038641078,1700,-1.15,0,0
0.80998019728803,1701,-1.1495,0,0
0.80998000805349,1702,-1.149,0,0
0.80997981870713,1703,-1.1485,0,0
0.80997962924898,1704,-1.148,0,0
0.80997943967901,1705,-1.1475,0,0
0.80997924999724,1706,-1.147,0,0
0.80997906020367,1707,-1.1465,0,0
0.80997887029828,1708,-1.146,0,0
0.80997868028108,1709,-1.1455,0,0
0.80997849015207,1710,-1.145,0,0
0.80997829991125,1711,-1.1445,0,0
0.80997810955862,1712,-1.144,0,0
0.80997791909417,1713,-1.1435,0,0
0.80997772851791,1714,-1.143,0,0
0.80997753782983,1715,-1.1425,0,0
0.80997734702994,1716,-1.142,0,0
0.80997715611823,1717,-1.1415,0,0
0.8099769650947,1718,-1.141,0,0
0.80997677395935,1719,-1.1405,0,0
0.80997658271218,1720,-1.14,0,0
0.80997639135319,1721,-1.1395,0,0
0.80997619988237,1722,-1.139,0,0
0.80997600829974,1723,-1.1385,0,0
0.80997581660528,1724,-1.138,0,0
0.80997562479899,1725,-1.1375,0,0
0.80997543288088,1726,-1.137,0,0
0.80997524085095,1727,-1.1365,0,0
0.80997504870918,1728,-1.136,0,0
0.80997485645559,1729,-1.1355,0,0
0.80997466409016,1730,-1.135,0,0
0.80997447161291,1731,-1.1345,0,0
0.80997427902382,1732,-1.134,0,0
0.80997408632291,1733,-1.1335,0,0
0.80997389351016,1734,-1.133,0,0
0.80997370058557,1735,-1.1325,0,0
0.80997350754915,1736,-1.132,0,0
0.80997331440089,1737,-1.1315,0,0
0.8099731211408,1738,-1.131,0,0
0.80997292776887,1739,-1.1305,0,0
0.8099727342851,1740,-1.13,0,0
0.80997254068949,1741,-1.1295,0,0
0.80997234698204,1742,-1.129,0,0
0.80997215316275,1743,-1.1285,0,0
0.80997195923161,1744,-1.128,0,0
0.80997176518863,1745,-1.1275,0,0
0.80997157103381,1746,-1.127,0,0
0.80997137676714,1747,-1.1265,0,0
0.80997118238863,1748,-1.126,0,0
0.80997098789827,1749,-1.1255,0,0
0.80997079329606,1750,-1.125,0,0
0.809970598582,1751,-1.1245,0,0
0.80997040375609,1752,-1.124,0,0
0.80997020881833,1753,-1.1235,0,0
0.80997001376871,1754,-1.123,0,0
0.80996981860725,1755,-1.1225,0,0
0.80996962333393,1756,-1.122,0,0
0.80996942794876,1757,-1.1215,0,0
0.80996923245173,1758,-1.121,0,0
0.80996903684284,1759,-1.1205,0,0
0.8099688411221,1760,-1.12,0,0
0.80996864528949,1761,-1.1195,0,0
0.80996844934503,1762,-1.119,0,0
0.80996825328871,1763,-1.1185,0,0
0.80996805712053,1764,-1.118,0,0
0.80996786084048,1765,-1.1175,0,0
0.80996766444857,1766,-1.117,0,0
0.8099674679448,1767,-1.1165,0,0
0.80996727132916,1768,-1.116,0,0
0.80996707460166,1769,-1.1155,0,0
0.80996687776228,1770,-1.115,0,0
0.80996668081105,1771,-1.1145,0,0
0.80996648374794,1772,-1.114,0,0
0.80996628657296,1773,-1.1135,0,0
0.80996608928611,1774,-1.113,0,0
0.80996589188739,1775,-1.1125,0,0
0.8099656943768,1776,-1.112,0,0
0.80996549675433,1777,-1.1115,0,0
0.80996529901999,1778,-1.111,0,0
0.80996510117378,1779,-1.1105,0,0
0.80996490321568,1780,-1.11,0,0
0.80996470514571,1781,-1.1095,0,0
0.80996450696387,1782,-1.109,0,0
0.80996430867014,1783,-1.1085,0,0
0.80996411026453,1784,-1.108,0,0
0.80996391174704,1785,-1.1075,0,0
0.80996371311767,1786,-1.107,0,0
0.80996351437642,1787,-1.1065,0,0
0.80996331552328,1788,-1.106,0,0
0.80996311655826,1789,-1.1055,0,0
0.80996291748135,1790,-1.105,0,0
0.80996271829256,1791,-1.1045,0,0
0.80996251899187,1792,-1.104,0,0
0.8099623195793,1793,-1.1035,0,0
0.80996212005484,1794,-1.103,0,0
0.80996192041849,1795,-1.1025,0,0
0.80996172067025,1796,-1.102,0,0
0.80996152081011,1797,-1.1015,0,0
0.80996132083809,1798,-1.101,0,0
0.80996112075416,1799,-1.1005,0,0
0.80996092055835,1800,-1.1,0,0
0.80996072025063,1801,-1.0995,0,0
0.80996051983102,1802,-1.099,0,0
0.80996031929951,1803,-1.0985,0,0
0.80996011865611,1804,-1.098,0,0
0.8099599179008,1805,-1.0975,0,0
0.80995971703359,1806,-1.097,0,0
0.80995951605448,1807,-1.0965,0,0
0.80995931496346,1808,-1.096,0,0
0.80995911376055,1809,-1.0955,0,0
0.80995891244573,1810,-1.095,0,0
0.809958711019,1811,-1.0945,0,0
0.80995850948036,1812,-1.094,0,0
0.80995830782982,1813,-1.0935,0,0
0.80995810606737,1814,-1.093,0,0
0.80995790419301,1815,-1.0925,0,0
0.80995770220674,1816,-1.092,0,0
0.80995750010856,1817,-1.0915,0,0
0.80995729789847,1818,-1.091,0,0
0.80995709557646,1819,-1.0905,0,0
0.80995689314254,1820,-1.09,0,0
0.80995669059671,1821,-1.0895,0,0
0.80995648793895,1822,-1.089,0,0
0.80995628516929,1823,-1.0885,0,0
0.8099560822877,1824,-1.088,0,0
0.80995587929419,1825,-1.0875,0,0
0.80995567618877,1826,-1.087,0,0
0.80995547297142,1827,-1.0865,0,0
0.80995526964215,1828,-1.086,0,0
0.80995506620096,1829,-1.0855,0,0
0.80995486264785,1830,-1.085,0,0
0.80995465898281,1831,-1.0845,0,0
0.80995445520585,1832,-1.084,0,0
0.80995425131695,1833,-1.0835,0,0
0.80995404731614,1834,-1.083,0,0
0.80995384320339,1835,-1.0825,0,0
0.80995363897871,1836,-1.082,0,0
0.80995343464211,1837,-1.0815,0,0
0.80995323019357,1838,-1.081,0,0
0.8099530256331,1839,-1.0805,0,0
0.8099528209607,1840,-1.08,0,0
0.80995261617636,1841,-1.0795,0,0
0.80995241128009,1842,-1.079,0,0
0.80995220627188,1843,-1.0785,0,0
0.80995200115173,1844,-1.078,0,0
0.80995179591965,1845,-1.0775,0,0
0.80995159057563,1846,-1.077,0,0
0.80995138511967,1847,-1.0765,0,0
0.80995117955176,1848,-1.076,0,0
0.80995097387192,1849,-1.0755,0,0
0.80995076808013,1850,-1.075,0,0
0.8099505621764,1851,-1.0745,0,0
0.80995035616073,1852,-1.074,0,0
0.80995015003311,1853,-1.0735,0,0
0.80994994379354,1854,-1.073,0,0
0.80994973744202,1855,-1.0725,0,0
0.80994953097856,1856,-1.072,0,0
0.80994932440315,1857,-1.0715,0,0
0.80994911771579,1858,-1.071,0,0
0.80994891091647,1859,-1.0705,0,0
0.80994870400521,1860,-1.07,0,0
0.80994849698199,1861,-1.0695,0,0
0.80994828984681,1862,-1.069,0,0
0.80994808259968,1863,-1.0685,0,0
0.8099478752406,1864,-1.068,0,0
0.80994766776956,1865,-1.0675,0,0
0.80994746018656,1866,-1.067,0,0
0.8099472524916,1867,-1.0665,0,0
0.80994704468468,1868,-1.066,0,0
0.8099468367658,1869,-1.0655,0,0
0.80994662873496,1870,-1.065,0,0
0.80994642059216,1871,-1.0645,0,0
0.80994621233739,1872,-1.064,0,0
0.80994600397066,1873,-1.0635,0,0
0.80994579549196,1874,-1.063,0,0
0.8099455869013,1875,-1.0625,0,0
0.80994537819866,1876,-1.062,0,0
0.80994516938406,1877,-1.0615,0,0
0.80994496045749,1878,-1.061,0,0
0.80994475141895,1879,-1.0605,0,0
0.80994454226844,1880,-1.06,0,0
0.80994433300596,1881,-1.0595,0,0
0.8099441236315,1882,-1.059,0,0
0.80994391414507,1883,-1.0585,0,0
0.80994370454667,1884,-1.058,0,0
0.80994349483628,1885,-1.0575,0,0
0.80994328501392,1886,-1.057,0,0
0.80994307507959,1887,-1.0565,0,0
0.80994286503327,1888,-1.056,0,0
0.80994265487497,1889,-1.0555,0,0
0.8099424446047,1890,-1.055,0,0
0.80994223422244,1891,-1.0545,0,0
0.80994202372819,1892,-1.054,0,0
0.80994181312197,1893,-1.0535,0,0
0.80994160240376,1894,-1.053,0,0
0.80994139157356,1895,-1.0525,0,0
0.80994118063138,1896,-1.052,0,0
0.80994096957721,1897,-1.0515,0,0
0.80994075841105,1898,-1.051,0,0
0.8099405471329,1899,-1.0505,0,0
0.80994033574276,1900,-1.05,0,0
0.80994012424063,1901,-1.0495,0,0
0.8099399126265,1902,-1.049,0,0
0.80993970090039,1903,-1.0485,0,0
0.80993948906228,1904,-1.048,0,0
0.80993927711217,1905,-1.0475,0,0
0.80993906505007,1906,-1.047,0,0
0.80993885287597,1907,-1.0465,0,0
0.80993864058987,1908,-1.046,0,0
0.80993842819177,1909,-1.0455,0,0
0.80993821568167,1910,-1.045,0,0
0.80993800305957,1911,-1.0445,0,0
0.80993779032547,1912,-1.044,0,0
0.80993757747937,1913,-1.0435,0,0
0.80993736452126,1914,-1.043,0,0
0.80993715145115,1915,-1.0425,0,0
0.80993693826903,1916,-1.042,0,0
0.80993672497491,1917,-1.0415,0,0
0.80993651156877,1918,-1.041,0,0
0.80993629805063,1919,-1.0405,0,0
0.80993608442048,1920,-1.04,0,0
0.80993587067831,1921,-1.0395,0,0
0.80993565682414,1922,-1.039,0,0
0.80993544285795,1923,-1.0385,0,0
0.80993522877975,1924,-1.038,0,0
0.80993501458954,1925,-1.0375,0,0
0.80993480028731,1926,-1.037,0,0
0.80993458587306,1927,-1.0365,0,0
0.80993437134679,1928,-1.036,0,0
0.80993415670851,1929,-1.0355,0,0
0.80993394195821,1930,-1.035,0,0
0.80993372709589,1931,-1.0345,0,0
0.80993351212154,1932,-1.034,0,0
0.80993329703517,1933,-1.0335,0,0
0.80993308183678,1934,-1.033,0,0
0.80993286652637,1935,-1.0325,0,0
0.80993265110393,1936,-1.032,0,0
0.80993243556947,1937,-1.0315,0,0
0.80993221992297,1938,-1.031,0,0
0.80993200416445,1939,-1.0305,0,0
0.8099317882939,1940,-1.03,0,0
0.80993157231132,1941,-1.0295,0,0
0.80993135621671,1942,-1.029,0,0
0.80993114001007,1943,-1.0285,0,0
0.80993092369139,1944,-1.028,0,0
0.80993070726068,1945,-1.0275,0,0
0.80993049071794,1946,-1.027,0,0
0.80993027406316,1947,-1.0265,0,0
0.80993005729634,1948,-1.026,0,0
0.80992984041749,1949,-1.0255,0,0
0.8099296234266,1950,-1.025,0,0
0.80992940632366,1951,-1.0245,0,0
0.80992918910869,1952,-1.024,0,0
0.80992897178167,1953,-1.0235,0,0
0.80992875434262,1954,-1.023,0,0
0.80992853679151,1955,-1.0225,0,0
0.80992831912837,1956,-1.022,0,0
0.80992810135318,1957,-1.0215,0,0
0.80992788346594,1958,-1.021,0,0
0.80992766546665,1959,-1.0205,0,0
0.80992744735532,1960,-1.02,0,0
0.80992722913194,1961,-1.0195,0,0
0.8099270107965,1962,-1.019,0,0
0.80992679234902,1963,-1.0185,0,0
0.80992657378948,1964,-1.018,0,0
0.80992635511789,1965,-1.0175,0,0
0.80992613633425,1966,-1.017,0,0
0.80992591743855,1967,-1.0165,0,0
0.80992569843079,1968,-1.016,0,0
0.80992547931098,1969,-1.0155,0,0
0.80992526007911,1970,-1.015,0,0
0.80992504073518,1971,-1.0145,0,0
0.80992482127919,1972,-1.014,0,0
0.80992460171114,1973,-1.0135,0,0
0.80992438203103,1974,-1.013,0,0
0.80992416223885,1975,-1.0125,0,0
0.80992394233461,1976,-1.012,0,0
0.80992372231831,1977,-1.0115,0,0
0.80992350218994,1978,-1.011,0,0
0.8099232819495,1979,-1.0105,0,0
0.809923061597,1980,-1.01,0,0
0.80992284113243,1981,-1.0095,0,0
0.80992262055578,1982,-1.009,0,0
0.80992239986707,1983,-1.0085,0,0
0.80992217906628,1984,-1.008,0,0
0.80992195815343,1985,-1.0075,0,0
0.80992173712849,1986,-1.007,0,0
0.80992151599149,1987,-1.0065,0,0
0.80992129474241,1988,-1.006,0,0
0.80992107338125,1989,-1.0055,0,0
0.80992085190801,1990,-1.005,0,0
0.8099206303227,1991,-1.0045,0,0
0.80992040862531,1992,-1.004,0,0
0.80992018681583,1993,-1.0035,0,0
0.80991996489428,1994,-1.003,0,0
0.80991974286064,1995,-1.0025,0,0
0.80991952071492,1996,-1.002,0,0
0.80991929845712,1997,-1.0015,0,0
0.80991907608723,1998,-1.001,0,0
0.80991885360525,1999,-1.0005,0,0
0.80991863101119,2000,-1,0,0
0.80991840830504,2001,-0.9995,0,0
0.80991818548679,2002,-0.999,0,0
0.80991796255646,2003,-0.9985,0,0
0.80991773951404,2004,-0.998,0,0
0.80991751635953,2005,-0.9975,0,0
0.80991729309292,2006,-0.997,0,0
0.80991706971422,2007,-0.9965,0,0
0.80991684622343,2008,-0.996,0,0
0.80991662262053,2009,-0.9955,0,0
0.80991639890555,2010,-0.995,0,0
0.80991617507846,2011,-0.9945,0,0
0.80991595113928,2012,-0.994,0,0
0.80991572708799,2013,-0.9935,0,0
0.8099155029246,2014,-0.993,0,0
0.80991527864912,2015,-0.9925,0,0
0.80991505426153,2016,-0.992,0,0
0.80991482976183,2017,-0.9915,0,0
0.80991460515004,2018,-0.991,0,0
0.80991438042613,2019,-0.9905,0,0
0.80991415559012,2020,-0.99,0,0
0.809913930642,2021,-0.9895,0,0
0.80991370558178,2022,-0.989,0,0
0.80991348040944,2023,-0.9885,0,0
0.80991325512499,2024,-0.988,0,0
0.80991302972844,2025,-0.9875,0,0
0.80991280421977,2026,-0.987,0,0
0.80991257859898,2027,-0.9865,0,0
0.80991235286608,2028,-0.986,0,0
0.80991212702107,2029,-0.9855,0,0
0.80991190106394,2030,-0.985,0,0
0.80991167499469,2031,-0.9845,0,0
0.80991144881333,2032,-0.984,0,0
0.80991122251984,2033,-0.9835,0,0
0.80991099611424,2034,-0.983,0,0
0.80991076959651,2035,-0.9825,0,0
0.80991054296666,2036,-0.982,0,0
0.80991031622469,2037,-0.9815,0,0
0.80991008937059,2038,-0.981,0,0
0.80990986240437,2039,-0.9805,0,0
0.80990963532603,2040,-0.98,0,0
0.80990940813555,2041,-0.9795,0,0
0.80990918083295,2042,-0.979,0,0
0.80990895341822,2043,-0.9785,0,0
0.80990872589136,2044,-0.978,0,0
0.80990849825237,2045,-0.9775,0,0
0.80990827050124,2046,-0.977,0,0
0.80990804263799,2047,-0.9765,0,0
0.8099078146626,2048,-0.976,0,0
0.80990758657507,2049,-0.9755,0,0
0.80990735837541,2050,-0.975,0,0
0.80990713006361,2051,-0.9745,0,0
0.80990690163968,2052,-0.974,0,0
0.8099066731036,2053,-0.9735,0,0
0.80990644445539,2054,-0.973,0,0
0.80990621569503,2055,-0.9725,0,0
0.80990598682254,2056,-0.972,0,0
0.8099057578379,2057,-0.9715,0,0
0.80990552874111,2058,-0.971,0,0
0.80990529953219,2059,-0.9705,0,0
0.80990507021111,2060,-0.97,0,0
0.80990484077789,2061,-0.9695,0,0
0.80990461123253,2062,-0.969,0,0
0.80990438157501,2063,-0.9685,0,0
0.80990415180535,2064,-0.968,0,0
0.80990392192353,2065,-0.9675,0,0
0.80990369192957,2066,-0.967,0,0
0.80990346182345,2067,-0.9665,0,0
0.80990323160517,2068,-0.966,0,0
0.80990300127475,2069,-0.9655,0,0
0.80990277083216,2070,-0.965,0,0
0.80990254027743,2071,-0.9645,0,0
0.80990230961053,2072,-0.964,0,0
0.80990207883148,2073,-0.9635,0,0
0.80990184794026,2074,-0.963,0,0
0.80990161693689,2075,-0.9625,0,0
0.80990138582136,2076,-0.962,0,0
0.80990115459366,2077,-0.9615,0,0
0.8099009232538,2078,-0.961,0,0
0.80990069180178,2079,-0.9605,0,0
0.80990046023759,2080,-0.96,0,0
0.80990022856123,2081,-0.9595,0,0
0.80989999677271,2082,-0.959,0,0
0.80989976487202,2083,-0.9585,0,0
0.80989953285916,2084,-0.958,0,0
0.80989930073413,2085,-0.9575,0,0
0.80989906849693,2086,-0.957,0,0
0.80989883614756,2087,-0.9565,0,0
0.80989860368602,2088,-0.956,0,0
0.8098983711123,2089,-0.9555,0,0
0.8098981384264,2090,-0.955,0,0
0.80989790562833,2091,-0.9545,0,0
0.80989767271809,2092,-0.954,0,0
0.80989743969566,2093,-0.9535,0,0
0.80989720656106,2094,-0.953,0,0
0.80989697331428,2095,-0.9525,0,0
0.80989673995532,2096,-0.952,0,0
0.80989650648417,2097,-0.9515,0,0
0.80989627290085,2098,-0.951,0,0
0.80989603920533,2099,-0.9505,0,0
0.80989580539764,2100,-0.95,0,0
0.80989557147776,2101,-0.9495,0,0
0.80989533744569,2102,-0.949,0,0
0.80989510330144,2103,-0.9485,0,0
0.80989486904499,2104,-0.948,0,0
0.80989463467636,2105,-0.9475,0,0
0.80989440019554,2106,-0.947,0,0
0.80989416560252,2107,-0.9465,0,0
0.80989393089731,2108,-0.946,0,0
0.80989369607991,2109,-0.9455,0,0
0.80989346115032,2110,-0.945,0,0
0.80989322610853,2111,-0.9445,0,0
0.80989299095454,2112,-0.944,0,0
0.80989275568835,2113,-0.9435,0,0
0.80989252030997,2114,-0.943,0,0
0.80989228481939,2115,-0.9425,0,0
0.80989204921661,2116,-0.942,0,0
0.80989181350163,2117,-0.9415,0,0
0.80989157767444,2118,-0.941,0,0
0.80989134173505,2119,-0.9405,0,0
0.80989110568346,2120,-0.94,0,0
0.80989086951966,2121,-0.9395,0,0
0.80989063324366,2122,-0.939,0,0
0.80989039685545,2123,-0.9385,0,0
0.80989016035503,2124,-0.938,0,0
0.8098899237424,2125,-0.9375,0,0
0.80988968701756,2126,-0.937,0,0
0.80988945018051,2127,-0.9365,0,0
0.80988921323125,2128,-0.936,0,0
0.80988897616978,2129,-0.9355,0,0
0.80988873899609,2130,-0.935,0,0
0.80988850171019,2131,-0.9345,0,0
0.80988826431207,2132,-0.934,0,0
0.80988802680173,2133,-0.9335,0,0
0.80988778917918,2134,-0.933,0,0
0.80988755144441,2135,-0.9325,0,0
0.80988731359741,2136,-0.932,0,0
0.8098870756382,2137,-0.9315,0,0
0.80988683756677,2138,-0.931,0,0
0.80988659938311,2139,-0.9305,0,0
0.80988636108723,2140,-0.93,0,0
0.80988612267912,2141,-0.9295,0,0
0.80988588415879,2142,-0.929,0,0
0.80988564552623,2143,-0.9285,0,0
0.80988540678145,2144,-0.928,0,0
0.80988516792444,2145,-0.9275,0,0
0.80988492895519,2146,-0.927,0,0
0.80988468987372,2147,-0.9265,0,0
0.80988445068001,2148,-0.926,0,0
0.80988421137407,2149,-0.9255,0,0
0.8098839719559,2150,-0.925,0,0
0.8098837324255,2151,-0.9245,0,0
0.80988349278286,2152,-0.924,0,0
0.80988325302798,2153,-0.9235,0,0
0.80988301316086,2154,-0.923,0,0
0.80988277318151,2155,-0.9225,0,0
0.80988253308992,2156,-0.922,0,0
0.80988229288608,2157,-0.9215,0,0
0.80988205257001,2158,-0.921,0,0
0.80988181214169,2159,-0.9205,0,0
0.80988157160113,2160,-0.92,0,0
0.80988133094833,2161,-0.9195,0,0
0.80988109018328,2162,-0.919,0,0
0.80988084930598,2163,-0.9185,0,0
0.80988060831644,2164,-0.918,0,0
0.80988036721465,2165,-0.9175,0,0
0.80988012600061,2166,-0.917,0,0
0.80987988467432,2167,-0.9165,0,0
0.80987964323578,2168,-0.916,0,0
0.80987940168498,2169,-0.9155,0,0
0.80987916002194,2170,-0.915,0,0
0.80987891824664,2171,-0.9145,0,0
0.80987867635908,2172,-0.914,0,0
0.80987843435927,2173,-0.9135,0,0
0.8098781922472,2174,-0.913,0,0
0.80987795002288,2175,-0.9125,0,0
0.80987770768629,2176,-0.912,0,0
0.80987746523745,2177,-0.9115,0,0
0.80987722267634,2178,-0.911,0,0
0.80987698000297,2179,-0.9105,0,0
0.80987673721734,2180,-0.91,0,0
0.80987649431945,2181,-0.9095,0,0
0.80987625130929,2182,-0.909,0,0
0.80987600818686,2183,-0.9085,0,0
0.80987576495217,2184,-0.908,0,0
0.80987552160521,2185,-0.9075,0,0
0.80987527814599,2186,-0.907,0,0
0.80987503457449,2187,-0.9065,0,0
0.80987479089072,2188,-0.906,0,0
0.80987454709468,2189,-0.9055,0,0
0.80987430318637,2190,-0.905,0,0
0.80987405916578,2191,-0.9045,0,0
0.80987381503292,2192,-0.904,0,0
0.80987357078779,2193,-0.9035,0,0
0.80987332643038,2194,-0.903,0,0
0.80987308196069,2195,-0.9025,0,0
0.80987283737872,2196,-0.902,0,0
0.80987259268447,2197,-0.9015,0,0
0.80987234787794,2198,-0.901,0,0
0.80987210295913,2199,-0.9005,0,0
0.80987185792804,2200,-0.9,0,0
0.80987161278467,2201,-0.8995,0,0
0.80987136752901,2202,-0.899,0,0
0.80987112216106,2203,-0.8985,0,0
0.80987087668083,2204,-0.898,0,0
0.80987063108831,2205,-0.8975,0,0
0.80987038538351,2206,-0.897,0,0
0.80987013956641,2207,-0.8965,0,0
0.80986989363703,2208,-0.896,0,0
0.80986964759535,2209,-0.8955,0,0
0.80986940144138,2210,-0.895,0,0
0.80986915517512,2211,-0.8945,0,0
0.80986890879656,2212,-0.894,0,0
0.80986866230571,2213,-0.8935,0,0
0.80986841570256,2214,-0.893,0,0
0.80986816898712,2215,-0.8925,0,0
0.80986792215938,2216,-0.892,0,0
0.80986767521934,2217,-0.8915,0,0
0.809867428167,2218,-0.891,0,0
0.80986718100235,2219,-0.8905,0,0
0.80986693372541,2220,-0.89,0,0
0.80986668633616,2221,-0.8895,0,0
0.80986643883461,2222,-0.889,0,0
0.80986619122076,2223,-0.8885,0,0
0.8098659434946,2224,-0.888,0,0
0.80986569565613,2225,-0.8875,0,0
0.80986544770535,2226,-0.887,0,0
0.80986519964227,2227,-0.8865,0,0
0.80986495146687,2228,-0.886,0,0
0.80986470317917,2229,-0.8855,0,0
0.80986445477915,2230,-0.885,0,0
0.80986420626682,2231,-0.8845,0,0
0.80986395764218,2232,-0.884,0,0
0.80986370890522,2233,-0.8835,0,0
0.80986346005595,2234,-0.883,0,0
0.80986321109436,2235,-0.8825,0,0
0.80986296202045,2236,-0.882,0,0
0.80986271283423,2237,-0.8815,0,0
0.80986246353568,2238,-0.881,0,0
0.80986221412482,2239,-0.8805,0,0
0.80986196460163,2240,-0.88,0,0
0.80986171496612,2241,-0.8795,0,0
0.80986146521829,2242,-0.879,0,0
0.80986121535813,2243,-0.8785,0,0
0.80986096538565,2244,-0.878,0,0
0.80986071530084,2245,-0.8775,0,0
0.80986046510371,2246,-0.877,0,0
0.80986021479424,2247,-0.8765,0,0
0.80985996437245,2248,-0.876,0,0
0.80985971383833,2249,-0.8755,0,0
0.80985946319187,2250,-0.875,0,0
0.80985921243308,2251,-0.8745,0,0
0.80985896156196,2252,-0.874,0,0
0.80985871057851,2253,-0.8735,0,0
0.80985845948272,2254,-0.873,0,0
0.8098582082746,2255,-0.8725,0,0
0.80985795695413,2256,-0.872,0,0
0.80985770552133,2257,-0.8715,0,0
0.80985745397619,2258,-0.871,0,0
0.80985720231872,2259,-0.8705,0,0
0.8098569505489,2260,-0.87,0,0
0.80985669866673,2261,-0.8695,0,0
0.80985644667223,2262,-0.869,0,0
0.80985619456538,2263,-0.8685,0,0
0.80985594234619,2264,-0.868,0,0
0.80985569001465,2265,-0.8675,0,0
0.80985543757076,2266,-0.867,0,0
0.80985518501453,2267,-0.8665,0,0
0.80985493234594,2268,-0.866,0,0
0.80985467956501,2269,-0.8655,0,0
0.80985442667173,2270,-0.865,0,0
0.80985417366609,2271,-0.8645,0,0
0.80985392054811,2272,-0.864,0,0
0.80985366731776,2273,-0.8635,0,0
0.80985341397507,2274,-0.863,0,0
0.80985316052002,2275,-0.8625,0,0
0.80985290695261,2276,-0.862,0,0
0.80985265327285,2277,-0.8615,0,0
0.80985239948072,2278,-0.861,0,0
0.80985214557624,2279,-0.8605,0,0
0.8098518915594,2280,-0.86,0,0
0.80985163743019,2281,-0.8595,0,0
0.80985138318862,2282,-0.859,0,0
0.80985112883469,2283,-0.8585,0,0
0.8098508743684,2284,-0.858,0,0
0.80985061978974,2285,-0.8575,0,0
0.80985036509871,2286,-0.857,0,0
0.80985011029532,2287,-0.8565,0,0
0.80984985537956,2288,-0.856,0,0
0.80984960035142,2289,-0.8555,0,0
0.80984934521092,2290,-0.855,0,0
0.80984908995805,2291,-0.8545,0,0
0.80984883459281,2292,-0.854,0,0
0.80984857911519,2293,-0.8535,0,0
0.8098483235252,2294,-0.853,0,0
0.80984806782283,2295,-0.8525,0,0
0.80984781200809,2296,-0.852,0,0
0.80984755608097,2297,-0.8515,0,0
0.80984730004147,2298,-0.851,0,0
0.80984704388959,2299,-0.8505,0,0
0.80984678762534,2300,-0.85,0,0
0.8098465312487,2301,-0.8495,0,0
0.80984627475968,2302,-0.849,0,0
0.80984601815828,2303,-0.8485,0,0
0.80984576144449,2304,-0.848,0,0
0.80984550461832,2305,-0.8475,0,0
0.80984524767977,2306,-0.847,0,0
0.80984499062882,2307,-0.8465,0,0
0.80984473346549,2308,-0.846,0,0
0.80984447618977,2309,-0.8455,0,0
0.80984421880166,2310,-0.845,0,0
0.80984396130116,2311,-0.8445,0,0
0.80984370368827,2312,-0.844,0,0
0.80984344596299,2313,-0.8435,0,0
0.80984318812531,2314,-0.843,0,0
0.80984293017524,2315,-0.8425,0,0
0.80984267211277,2316,-0.842,0,0
0.80984241393791,2317,-0.8415,0,0
0.80984215565065,2318,-0.841,0,0
0.80984189725099,2319,-0.8405,0,0
0.80984163873893,2320,-0.84,0,0
0.80984138011447,2321,-0.8395,0,0
0.80984112137761,2322,-0.839,0,0
0.80984086252835,2323,-0.8385,0,0
0.80984060356669,2324,-0.838,0,0
0.80984034449262,2325,-0.8375,0,0
0.80984008530614,2326,-0.837,0,0
0.80983982600726,2327,-0.8365,0,0
0.80983956659597,2328,-0.836,0,0
0.80983930707228,2329,-0.8355,0,0
0.80983904743617,2330,-0.835,0,0
0.80983878768766,2331,-0.8345,0,0
0.80983852782673,2332,-0.834,0,0
0.80983826785339,2333,-0.8335,0,0
0.80983800776764,2334,-0.833,0,0
0.80983774756947,2335,-0.8325,0,0
0.80983748725889,2336,-0.832,0,0
0.8098372268359,2337,-0.8315,0,0
0.80983696630049,2338,-0.831,0,0
0.80983670565266,2339,-0.8305,0,0
0.80983644489241,2340,-0.83,0,0
0.80983618401974,2341,-0.8295,0,0
0.80983592303465,2342,-0.829,0,0
0.80983566193714,2343,-0.8285,0,0
0.8098354007272,2344,-0.828,0,0
0.80983513940485,2345,-0.8275,0,0
0.80983487797007,2346,-0.827,0,0
0.80983461642286,2347,-0.8265,0,0
0.80983435476322,2348,-0.826,0,0
0.80983409299116,2349,-0.8255,0,0
0.80983383110667,2350,-0.825,0,0
0.80983356910975,2351,-0.8245,0,0
0.80983330700041,2352,-0.824,0,0
0.80983304477862,2353,-0.8235,0,0
0.80983278244441,2354,-0.823,0,0
0.80983251999776,2355,-0.8225,0,0
0.80983225743868,2356,-0.822,0,0
0.80983199476717,2357,-0.8215,0,0
0.80983173198322,2358,-0.821,0,0
0.80983146908683,2359,-0.8205,0,0
0.809831206078,2360,-0.82,0,0
0.80983094295673,2361,-0.8195,0,0
0.80983067972303,2362,-0.819,0,0
0.80983041637688,2363,-0.8185,0,0
0.80983015291829,2364,-0.818,0,0
0.80982988934726,2365,-0.8175,0,0
0.80982962566378,2366,-0.817,0,0
0.80982936186786,2367,-0.8165,0,0
0.80982909795949,2368,-0.816,0,0
0.80982883393868,2369,-0.8155,0,0
0.80982856980542,2370,-0.815,0,0
0.80982830555971,2371,-0.8145,0,0
0.80982804120155,2372,-0.814,0,0
0.80982777673094,2373,-0.8135,0,0
0.80982751214788,2374,-0.813,0,0
0.80982724745236,2375,-0.8125,0,0
0.80982698264439,2376,-0.812,0,0
0.80982671772397,2377,-0.8115,0,0
0.80982645269109,2378,-0.811,0,0
0.80982618754576,2379,-0.8105,0,0
0.80982592228796,2380,-0.81,0,0
0.80982565691771,2381,-0.8095,0,0
0.809825391435,2382,-0.809,0,0
0.80982512583983,2383,-0.8085,0,0
0.8098248601322,2384,-0.808,0,0
0.80982459431211,2385,-0.8075,0,0
0.80982432837955,2386,-0.807,0,0
0.80982406233453,2387,-0.8065,0,0
0.80982379617704,2388,-0.806,0,0
0.80982352990709,2389,-0.8055,0,0
0.80982326352467,2390,-0.805,0,0
0.80982299702978,2391,-0.8045,0,0
0.80982273042242,2392,-0.804,0,0
0.8098224637026,2393,-0.8035,0,0
0.8098221968703,2394,-0.803,0,0
0.80982192992553,2395,-0.8025,0,0
0.80982166286829,2396,-0.802,0,0
0.80982139569857,2397,-0.8015,0,0
0.80982112841638,2398,-0.801,0,0
0.80982086102171,2399,-0.8005,0,0
0.80982059351457,2400,-0.8,0,0
0.80982032589494,2401,-0.7995,0,0
0.80982005816284,2402,-0.799,0,0
0.80981979031826,2403,-0.7985,0,0
0.8098195223612,2404,-0.798,0,0
0.80981925429166,2405,-0.7975,0,0
0.80981898610964,2406,-0.797,0,0
0.80981871781513,2407,-0.7965,0,0
0.80981844940814,2408,-0.796,0,0
0.80981818088866,2409,-0.7955,0,0
0.8098179122567,2410,-0.795,0,0
0.80981764351225,2411,-0.7945,0,0
0.80981737465531,2412,-0.794,0,0
0.80981710568588,2413,-0.7935,0,0
0.80981683660396,2414,-0.793,0,0
0.80981656740955,2415,-0.7925,0,0
0.80981629810265,2416,-0.792,0,0
0.80981602868325,2417,-0.7915,0,0
0.80981575915136,2418,-0.791,0,0
0.80981548950698,2419,-0.7905,0,0
0.8098152197501,2420,-0.79,0,0
0.80981494988072,2421,-0.7895,0,0
0.80981467989884,2422,-0.789,0,0
0.80981440980447,2423,-0.7885,0,0
0.8098141395976,2424,-0.788,0,0
0.80981386927822,2425,-0.7875,0,0
0.80981359884634,2426,-0.787,0,0
0.80981332830197,2427,-0.7865,0,0
0.80981305764508,2428,-0.786,0,0
0.8098127868757,2429,-0.7855,0,0
0.8098125159938,2430,-0.785,0,0
0.8098122449994,2431,-0.7845,0,0
0.8098119738925,2432,-0.784,0,0
0.80981170267308,2433,-0.7835,0,0
0.80981143134116,2434,-0.783,0,0
0.80981115989672,2435,-0.7825,0,0
0.80981088833978,2436,-0.782,0,0
0.80981061667032,2437,-0.7815,0,0
0.80981034488835,2438,-0.781,0,0
0.80981007299386,2439,-0.7805,0,0
0.80980980098686,2440,-0.78,0,0
0.80980952886734,2441,-0.7795,0,0
0.80980925663531,2442,-0.779,0,0
0.80980898429075,2443,-0.7785,0,0
0.80980871183368,2444,-0.778,0,0
0.80980843926409,2445,-0.7775,0,0
0.80980816658198,2446,-0.777,0,0
0.80980789378735,2447,-0.7765,0,0
0.80980762088019,2448,-0.776,0,0
0.80980734786051,2449,-0.7755,0,0
0.8098070747283,2450,-0.775,0,0
0.80980680148357,2451,-0.7745,0,0
0.80980652812631,2452,-0.774,0,0
0.80980625465653,2453,-0.7735,0,0
0.80980598107422,2454,-0.773,0,0
0.80980570737937,2455,-0.7725,0,0
0.809805433572,2456,-0.772,0,0
0.80980515965209,2457,-0.7715,0,0
0.80980488561966,2458,-0.771,0,0
0.80980461147469,2459,-0.7705,0,0
0.80980433721718,2460,-0.77,0,0
0.80980406284714,2461,-0.7695,0,0
0.80980378836456,2462,-0.769,0,0
0.80980351376945,2463,-0.7685,0,0
0.8098032390618,2464,-0.768,0,0
0.80980296424161,2465,-0.7675,0,0
0.80980268930888,2466,-0.767,0,0
0.80980241426361,2467,-0.7665,0,0
0.80980213910579,2468,-0.766,0,0
0.80980186383544,2469,-0.7655,0,0
0.80980158845254,2470,-0.765,0,0
0.80980131295709,2471,-0.7645,0,0
0.8098010373491,2472,-0.764,0,0
0.80980076162856,2473,-0.7635,0,0
0.80980048579548,2474,-0.763,0,0
0.80980020984984,2475,-0.7625,0,0
0.80979993379166,2476,-0.762,0,0
0.80979965762093,2477,-0.7615,0,0
0.80979938133764,2478,-0.761,0,0
0.8097991049418,2479,-0.7605,0,0
0.80979882843341,2480,-0.76,0,0
0.80979855181247,2481,-0.7595,0,0
0.80979827507897,2482,-0.759,0,0
0.80979799823291,2483,-0.7585,0,0
0.8097977212743,2484,-0.758,0,0
0.80979744420313,2485,-0.7575,0,0
0.8097971670194,2486,-0.757,0,0
0.8097968897231,2487,-0.7565,0,0
0.80979661231425,2488,-0.756,0,0
0.80979633479284,2489,-0.7555,0,0
0.80979605715886,2490,-0.755,0,0
0.80979577941232,2491,-0.7545,0,0
0.80979550155322,2492,-0.754,0,0
0.80979522358155,2493,-0.7535,0,0
0.80979494549731,2494,-0.753,0,0
0.8097946673005,2495,-0.7525,0,0
0.80979438899113,2496,-0.752,0,0
0.80979411056919,2497,-0.7515,0,0
0.80979383203467,2498,-0.751,0,0
0.80979355338759,2499,-0.7505,0,0
0.80979327462793,2500,-0.75,0,0
0.8097929957557,2501,-0.7495,0,0
0.8097927167709,2502,-0.749,0,0
0.80979243767352,2503,-0.7485,0,0
0.80979215846356,2504,-0.748,0,0
0.80979187914103,2505,-0.7475,0,0
0.80979159970591,2506,-0.747,0,0
0.80979132015822,2507,-0.7465,0,0
0.80979104049795,2508,-0.746,0,0
0.8097907607251,2509,-0.7455,0,0
0.80979048083967,2510,-0.745,0,0
0.80979020084165,2511,-0.7445,0,0
0.80978992073106,2512,-0.744,0,0
0.80978964050787,2513,-0.7435,0,0
0.8097893601721,2514,-0.743,0,0
0.80978907972375,2515,-0.7425,0,0
0.8097887991628,2516,-0.742,0,0
0.80978851848927,2517,-0.7415,0,0
0.80978823770315,2518,-0.741,0,0
0.80978795680444,2519,-0.7405,0,0
0.80978767579313,2520,-0.74,0,0
0.80978739466924,2521,-0.7395,0,0
0.80978711343275,2522,-0.739,0,0
0.80978683208367,2523,-0.7385,0,0
0.80978655062199,2524,-0.738,0,0
0.80978626904771,2525,-0.7375,0,0
0.80978598736084,2526,-0.737,0,0
0.80978570556137,2527,-0.7365,0,0
0.80978542364931,2528,-0.736,0,0
0.80978514162464,2529,-0.7355,0,0
0.80978485948737,2530,-0.735,0,0
0.8097845772375,2531,-0.7345,0,0
0.80978429487503,2532,-0.734,0,0
0.80978401239995,2533,-0.7335,0,0
0.80978372981227,2534,-0.733,0,0
0.80978344711199,2535,-0.7325,0,0
0.8097831642991,2536,-0.732,0,0
0.8097828813736,2537,-0.7315,0,0
0.80978259833549,2538,-0.731,0,0
0.80978231518477,2539,-0.7305,0,0
0.80978203192145,2540,-0.73,0,0
0.80978174854551,2541,-0.7295,0,0
0.80978146505696,2542,-0.729,0,0
0.80978118145579,2543,-0.7285,0,0
0.80978089774202,2544,-0.728,0,0
0.80978061391562,2545,-0.7275,0,0
0.80978032997662,2546,-0.727,0,0
0.80978004592499,2547,-0.7265,0,0
0.80977976176075,2548,-0.726,0,0
0.80977947748389,2549,-0.7255,0,0
0.80977919309441,2550,-0.725,0,0
0.80977890859231,2551,-0.7245,0,0
0.80977862397759,2552,-0.724,0,0
0.80977833925024,2553,-0.7235,0,0
0.80977805441027,2554,-0.723,0,0
0.80977776945768,2555,-0.7225,0,0
0.80977748439247,2556,-0.722,0,0
0.80977719921462,2557,-0.7215,0,0
0.80977691392415,2558,-0.721,0,0
0.80977662852105,2559,-0.7205,0,0
0.80977634300533,2560,-0.72,0,0
0.80977605737697,2561,-0.7195,0,0
0.80977577163598,2562,-0.719,0,0
0.80977548578236,2563,-0.7185,0,0
0.80977519981611,2564,-0.718,0,0
0.80977491373722,2565,-0.7175,0,0
0.8097746275457,2566,-0.717,0,0
0.80977434124154,2567,-0.7165,0,0
0.80977405482475,2568,-0.716,0,0
0.80977376829532,2569,-0.7155,0,0
0.80977348165325,2570,-0.715,0,0
0.80977319489855,2571,-0.7145,0,0
0.8097729080312,2572,-0.714,0,0
0.80977262105121,2573,-0.7135,0,0
0.80977233395858,2574,-0.713,0,0
0.80977204675331,2575,-0.7125,0,0
0.80977175943539,2576,-0.712,0,0
0.80977147200482,2577,-0.7115,0,0
0.80977118446162,2578,-0.711,0,0
0.80977089680576,2579,-0.7105,0,0
0.80977060903726,2580,-0.71,0,0
0.80977032115611,2581,-0.7095,0,0
0.80977003316231,2582,-0.709,0,0
0.80976974505586,2583,-0.7085,0,0
0.80976945683675,2584,-0.708,0,0
0.809769168505,2585,-0.7075,0,0
0.80976888006059,2586,-0.707,0,0
0.80976859150353,2587,-0.7065,0,0
0.80976830283381,2588,-0.706,0,0
0.80976801405144,2589,-0.7055,0,0
0.80976772515641,2590,-0.705,0,0
0.80976743614872,2591,-0.7045,0,0
0.80976714702837,2592,-0.704,0,0
0.80976685779536,2593,-0.7035,0,0
0.8097665684497,2594,-0.703,0,0
0.80976627899137,2595,-0.7025,0,0
0.80976598942038,2596,-0.702,0,0
0.80976569973672,2597,-0.7015,0,0
0.8097654099404,2598,-0.701,0,0
0.80976512003142,2599,-0.7005,0,0
0.80976483000976,2600,-0.7,0,0
0.80976453987545,2601,-0.6995,0,0
0.80976424962846,2602,-0.699,0,0
0.8097639592688,2603,-0.6985,0,0
0.80976366879648,2604,-0.698,0,0
0.80976337821148,2605,-0.6975,0,0
0.80976308751381,2606,-0.697,0,0
0.80976279670347,2607,-0.6965,0,0
0.80976250578046,2608,-0.696,0,0
0.80976221474477,2609,-0.6955,0,0
0.8097619235964,2610,-0.695,0,0
0.80976163233536,2611,-0.6945,0,0
0.80976134096164,2612,-0.694,0,0
0.80976104947524,2613,-0.6935,0,0
0.80976075787617,2614,-0.693,0,0
0.80976046616441,2615,-0.6925,0,0
0.80976017433997,2616,-0.692,0,0
0.80975988240285,2617,-0.6915,0,0
0.80975959035305,2618,-0.691,0,0
0.80975929819056,2619,-0.6905,0,0
0.80975900591539,2620,-0.69,0,0
0.80975871352753,2621,-0.6895,0,0
0.80975842102699,2622,-0.689,0,0
0.80975812841376,2623,-0.6885,0,0
0.80975783568784,2624,-0.688,0,0
0.80975754284923,2625,-0.6875,0,0
0.80975724989793,2626,-0.687,0,0
0.80975695683394,2627,-0.6865,0,0
0.80975666365726,2628,-0.686,0,0
0.80975637036788,2629,-0.6855,0,0
0.80975607696581,2630,-0.685,0,0
0.80975578345104,2631,-0.6845,0,0
0.80975548982358,2632,-0.684,0,0
0.80975519608342,2633,-0.6835,0,0
0.80975490223057,2634,-0.683,0,0
0.80975460826501,2635,-0.6825,0,0
0.80975431418676,2636,-0.682,0,0
0.8097540199958,2637,-0.6815,0,0
0.80975372569215,2638,-0.681,0,0
0.80975343127579,2639,-0.6805,0,0
0.80975313674673,2640,-0.68,0,0
0.80975284210496,2641,-0.6795,0,0
0.80975254735049,2642,-0.679,0,0
0.80975225248331,2643,-0.6785,0,0
0.80975195750343,2644,-0.678,0,0
0.80975166241084,2645,-0.6775,0,0
0.80975136720554,2646,-0.677,0,0
0.80975107188753,2647,-0.6765,0,0
0.80975077645681,2648,-0.676,0,0
0.80975048091338,2649,-0.6755,0,0
0.80975018525723,2650,-0.675,0,0
0.80974988948837,2651,-0.6745,0,0
0.8097495936068,2652,-0.674,0,0
0.80974929761251,2653,-0.6735,0,0
0.80974900150551,2654,-0.673,0,0
0.80974870528579,2655,-0.6725,0,0
0.80974840895335,2656,-0.672,0,0
0.80974811250819,2657,-0.6715,0,0
0.80974781595031,2658,-0.671,0,0
0.80974751927972,2659,-0.6705,0,0
0.8097472224964,2660,-0.67,0,0
0.80974692560035,2661,-0.6695,0,0
0.80974662859159,2662,-0.669,0,0
0.8097463314701,2663,-0.6685,0,0
0.80974603423588,2664,-0.668,0,0
0.80974573688894,2665,-0.6675,0,0
0.80974543942927,2666,-0.667,0,0
0.80974514185688,2667,-0.6665,0,0
0.80974484417175,2668,-0.666,0,0
0.8097445463739,2669,-0.6655,0,0
0.80974424846331,2670,-0.665,0,0
0.80974395043999,2671,-0.6645,0,0
0.80974365230394,2672,-0.664,0,0
0.80974335405516,2673,-0.6635,0,0
0.80974305569364,2674,-0.663,0,0
0.80974275721939,2675,-0.6625,0,0
0.8097424586324,2676,-0.662,0,0
0.80974215993267,2677,-0.6615,0,0
0.80974186112021,2678,-0.661,0,0
0.809741562195,2679,-0.6605,0,0
0.80974126315706,2680,-0.66,0,0
0.80974096400637,2681,-0.6595,0,0
0.80974066474295,2682,-0.659,0,0
0.80974036536678,2683,-0.6585,0,0
0.80974006587787,2684,-0.658,0,0
0.80973976627621,2685,-0.6575,0,0
0.80973946656181,2686,-0.657,0,0
0.80973916673466,2687,-0.6565,0,0
0.80973886679476,2688,-0.656,0,0
0.80973856674212,2689,-0.6555,0,0
0.80973826657673,2690,-0.655,0,0
0.80973796629858,2691,-0.6545,0,0
0.80973766590769,2692,-0.654,0,0
0.80973736540405,2693,-0.6535,0,0
0.80973706478765,2694,-0.653,0,0
0.8097367640585,2695,-0.6525,0,0
0.80973646321659,2696,-0.652,0,0
0.80973616226193,2697,-0.6515,0,0
0.80973586119452,2698,-0.651,0,0
0.80973556001434,2699,-0.6505,0,0
0.80973525872141,2700,-0.65,0,0
0.80973495731572,2701,-0.6495,0,0
0.80973465579727,2702,-0.649,0,0
0.80973435416606,2703,-0.6485,0,0
0.80973405242208,2704,-0.648,0,0
0.80973375056535,2705,-0.6475,0,0
0.80973344859585,2706,-0.647,0,0
0.80973314651359,2707,-0.6465,0,0
0.80973284431856,2708,-0.646,0,0
0.80973254201076,2709,-0.6455,0,0
0.8097322395902,2710,-0.645,0,0
0.80973193705687,2711,-0.6445,0,0
0.80973163441077,2712,-0.644,0,0
0.8097313316519,2713,-0.6435,0,0
0.80973102878026,2714,-0.643,0,0
0.80973072579585,2715,-0.6425,0,0
0.80973042269867,2716,-0.642,0,0
0.80973011948871,2717,-0.6415,0,0
0.80972981616598,2718,-0.641,0,0
0.80972951273048,2719,-0.6405,0,0
0.80972920918219,2720,-0.64,0,0
0.80972890552114,2721,-0.6395,0,0
0.8097286017473,2722,-0.639,0,0
0.80972829786068,2723,-0.6385,0,0
0.80972799386129,2724,-0.638,0,0
0.80972768974911,2725,-0.6375,0,0
0.80972738552415,2726,-0.637,0,0
0.80972708118641,2727,-0.6365,0,0
0.80972677673589,2728,-0.636,0,0
0.80972647217258,2729,-0.6355,0,0
0.80972616749649,2730,-0.635,0,0
0.80972586270761,2731,-0.6345,0,0
0.80972555780595,2732,-0.634,0,0
0.8097252527915,2733,-0.6335,0,0
0.80972494766425,2734,-0.633,0,0
0.80972464242422,2735,-0.6325,0,0
0.8097243370714,2736,-0.632,0,0
0.80972403160579,2737,-0.6315,0,0
0.80972372602738,2738,-0.631,0,0
0.80972342033619,2739,-0.6305,0,0
0.80972311453219,2740,-0.63,0,0
0.80972280861541,2741,-0.6295,0,0
0.80972250258582,2742,-0.629,0,0
0.80972219644344,2743,-0.6285,0,0
0.80972189018827,2744,-0.628,0,0
0.80972158382029,2745,-0.6275,0,0
0.80972127733952,2746,-0.627,0,0
0.80972097074594,2747,-0.6265,0,0
0.80972066403957,2748,-0.626,0,0
0.80972035722039,2749,-0.6255,0,0
0.80972005028841,2750,-0.625,0,0
0.80971974324362,2751,-0.6245,0,0
0.80971943608603,2752,-0.624,0,0
0.80971912881563,2753,-0.6235,0,0
0.80971882143243,2754,-0.623,0,0
0.80971851393642,2755,-0.6225,0,0
0.80971820632761,2756,-0.622,0,0
0.80971789860598,2757,-0.6215,0,0
0.80971759077154,2758,-0.621,0,0
0.80971728282429,2759,-0.6205,0,0
0.80971697476423,2760,-0.62,0,0
0.80971666659136,2761,-0.6195,0,0
0.80971635830568,2762,-0.619,0,0
0.80971604990717,2763,-0.6185,0,0
0.80971574139586,2764,-0.618,0,0
0.80971543277173,2765,-0.6175,0,0
0.80971512403478,2766,-0.617,0,0
0.80971481518501,2767,-0.6165,0,0
0.80971450622242,2768,-0.616,0,0
0.80971419714702,2769,-0.6155,0,0
0.80971388795879,2770,-0.615,0,0
0.80971357865774,2771,-0.6145,0,0
0.80971326924387,2772,-0.614,0,0
0.80971295971718,2773,-0.6135,0,0
0.80971265007766,2774,-0.613,0,0
0.80971234032531,2775,-0.6125,0,0
0.80971203046014,2776,-0.612,0,0
0.80971172048215,2777,-0.6115,0,0
0.80971141039132,2778,-0.611,0,0
0.80971110018767,2779,-0.6105,0,0
0.80971078987119,2780,-0.61,0,0
0.80971047944187,2781,-0.6095,0,0
0.80971016889973,2782,-0.609,0,0
0.80970985824475,2783,-0.6085,0,0
0.80970954747694,2784,-0.608,0,0
0.8097092365963,2785,-0.6075,0,0
0.80970892560282,2786,-0.607,0,0
0.80970861449651,2787,-0.6065,0,0
0.80970830327735,2788,-0.606,0,0
0.80970799194537,2789,-0.6055,0,0
0.80970768050054,2790,-0.605,0,0
0.80970736894287,2791,-0.6045,0,0
0.80970705727237,2792,-0.604,0,0
0.80970674548902,2793,-0.6035,0,0
0.80970643359283,2794,-0.603,0,0
0.8097061215838,2795,-0.6025,0,0
0.80970580946192,2796,-0.602,0,0
0.8097054972272,2797,-0.6015,0,0
0.80970518487964,2798,-0.601,0,0
0.80970487241923,2799,-0.6005,0,0
0.80970455984597,2800,-0.6,0,0
0.80970424715986,2801,-0.5995,0,0
0.80970393436091,2802,-0.599,0,0
0.8097036214491,2803,-0.5985,0,0
0.80970330842444,2804,-0.598,0,0
0.80970299528694,2805,-0.5975,0,0
0.80970268203658,2806,-0.597,0,0
0.80970236867336,2807,-0.5965,0,0
0.8097020551973,2808,-0.596,0,0
0.80970174160837,2809,-0.5955,0,0
0.8097014279066,2810,-0.595,0,0
0.80970111409196,2811,-0.5945,0,0
0.80970080016447,2812,-0.594,0,0
0.80970048612412,2813,-0.5935,0,0
0.80970017197091,2814,-0.593,0,0
0.80969985770483,2815,-0.5925,0,0
0.8096995433259,2816,-0.592,0,0
0.80969922883411,2817,-0.5915,0,0
0.80969891422945,2818,-0.591,0,0
0.80969859951193,2819,-0.5905,0,0
0.80969828468155,2820,-0.59,0,0
0.80969796973829,2821,-0.5895,0,0
0.80969765468218,2822,-0.589,0,0
0.80969733951319,2823,-0.5885,0,0
0.80969702423134,2824,-0.588,0,0
0.80969670883662,2825,-0.5875,0,0
0.80969639332903,2826,-0.587,0,0
0.80969607770857,2827,-0.5865,0,0
0.80969576197523,2828,-0.586,0,0
0.80969544612903,2829,-0.5855,0,0
0.80969513016995,2830,-0.585,0,0
0.80969481409799,2831,-0.5845,0,0
0.80969449791317,2832,-0.584,0,0
0.80969418161546,2833,-0.5835,0,0
0.80969386520488,2834,-0.583,0,0
0.80969354868142,2835,-0.5825,0,0
0.80969323204508,2836,-0.582,0,0
0.80969291529587,2837,-0.5815,0,0
0.80969259843377,2838,-0.581,0,0
0.80969228145879,2839,-0.5805,0,0
0.80969196437093,2840,-0.58,0,0
0.80969164717019,2841,-0.5795,0,0
0.80969132985656,2842,-0.579,0,0
0.80969101243005,2843,-0.5785,0,0
0.80969069489066,2844,-0.578,0,0
0.80969037723837,2845,-0.5775,0,0
0.8096900594732,2846,-0.577,0,0
0.80968974159515,2847,-0.5765,0,0
0.8096894236042,2848,-0.576,0,0
0.80968910550036,2849,-0.5755,0,0
0.80968878728364,2850,-0.575,0,0
0.80968846895402,2851,-0.5745,0,0
0.80968815051151,2852,-0.574,0,0
0.8096878319561,2853,-0.5735,0,0
0.80968751328781,2854,-0.573,0,0
0.80968719450661,2855,-0.5725,0,0
0.80968687561252,2856,-0.572,0,0
0.80968655660554,2857,-0.5715,0,0
0.80968623748566,2858,-0.571,0,0
0.80968591825288,2859,-0.5705,0,0
0.8096855989072,2860,-0.57,0,0
0.80968527944862,2861,-0.5695,0,0
0.80968495987713,2862,-0.569,0,0
0.80968464019275,2863,-0.5685,0,0
0.80968432039547,2864,-0.568,0,0
0.80968400048528,2865,-0.5675,0,0
0.80968368046218,2866,-0.567,0,0
0.80968336032619,2867,-0.5665,0,0
0.80968304007728,2868,-0.566,0,0
0.80968271971547,2869,-0.5655,0,0
0.80968239924075,2870,-0.565,0,0
0.80968207865313,2871,-0.5645,0,0
0.80968175795259,2872,-0.564,0,0
0.80968143713914,2873,-0.5635,0,0
0.80968111621278,2874,-0.563,0,0
0.80968079517351,2875,-0.5625,0,0
0.80968047402133,2876,-0.562,0,0
0.80968015275623,2877,-0.5615,0,0
0.80967983137822,2878,-0.561,0,0
0.80967950988729,2879,-0.5605,0,0
0.80967918828345,2880,-0.56,0,0
0.80967886656669,2881,-0.5595,0,0
0.80967854473701,2882,-0.559,0,0
0.80967822279442,2883,-0.5585,0,0
0.8096779007389,2884,-0.558,0,0
0.80967757857046,2885,-0.5575,0,0
0.8096772562891,2886,-0.557,0,0
0.80967693389482,2887,-0.5565,0,0
0.80967661138762,2888,-0.556,0,0
0.80967628876749,2889,-0.5555,0,0
0.80967596603444,2890,-0.555,0,0
0.80967564318846,2891,-0.5545,0,0
0.80967532022956,2892,-0.554,0,0
0.80967499715773,2893,-0.5535,0,0
0.80967467397297,2894,-0.553,0,0
0.80967435067528,2895,-0.5525,0,0
0.80967402726466,2896,-0.552,0,0
0.80967370374111,2897,-0.5515,0,0
0.80967338010463,2898,-0.551,0,0
0.80967305635522,2899,-0.5505,0,0
0.80967273249287,2900,-0.55,0,0
0.80967240851759,2901,-0.5495,0,0
0.80967208442937,2902,-0.549,0,0
0.80967176022822,2903,-0.5485,0,0
0.80967143591414,2904,-0.548,0,0
0.80967111148711,2905,-0.5475,0,0
0.80967078694715,2906,-0.547,0,0
0.80967046229424,2907,-0.5465,0,0
0.8096701375284,2908,-0.546,0,0
0.80966981264962,2909,-0.5455,0,0
0.80966948765789,2910,-0.545,0,0
0.80966916255323,2911,-0.5445,0,0
0.80966883733562,2912,-0.544,0,0
0.80966851200506,2913,-0.5435,0,0
0.80966818656156,2914,-0.543,0,0
0.80966786100512,2915,-0.5425,0,0
0.80966753533573,2916,-0.542,0,0
0.80966720955339,2917,-0.5415,0,0
0.8096668836581,2918,-0.541,0,0
0.80966655764986,2919,-0.5405,0,0
0.80966623152868,2920,-0.54,0,0
0.80966590529454,2921,-0.5395,0,0
0.80966557894745,2922,-0.539,0,0
0.80966525248741,2923,-0.5385,0,0
0.80966492591441,2924,-0.538,0,0
0.80966459922846,2925,-0.5375,0,0
0.80966427242956,2926,-0.537,0,0
0.8096639455177,2927,-0.5365,0,0
0.80966361849288,2928,-0.536,0,0
0.8096632913551,2929,-0.5355,0,0
0.80966296410437,2930,-0.535,0,0
0.80966263674068,2931,-0.5345,0,0
0.80966230926403,2932,-0.534,0,0
0.80966198167441,2933,-0.5335,0,0
0.80966165397184,2934,-0.533,0,0
0.8096613261563,2935,-0.5325,0,0
0.8096609982278,2936,-0.532,0,0
0.80966067018634,2937,-0.5315,0,0
0.80966034203191,2938,-0.531,0,0
0.80966001376451,2939,-0.5305,0,0
0.80965968538415,2940,-0.53,0,0
0.80965935689082,2941,-0.5295,0,0
0.80965902828452,2942,-0.529,0,0
0.80965869956525,2943,-0.5285,0,0
0.80965837073302,2944,-0.528,0,0
0.80965804178781,2945,-0.5275,0,0
0.80965771272963,2946,-0.527,0,0
0.80965738355848,2947,-0.5265,0,0
0.80965705427435,2948,-0.526,0,0
0.80965672487725,2949,-0.5255,0,0
0.80965639536718,2950,-0.525,0,0
0.80965606574413,2951,-0.5245,0,0
0.8096557360081,2952,-0.524,0,0
0.8096554061591,2953,-0.5235,0,0
0.80965507619711,2954,-0.523,0,0
0.80965474612215,2955,-0.5225,0,0
0.80965441593421,2956,-0.522,0,0
0.80965408563329,2957,-0.5215,0,0
0.80965375521939,2958,-0.521,0,0
0.8096534246925,2959,-0.5205,0,0
0.80965309405263,2960,-0.52,0,0
0.80965276329978,2961,-0.5195,0,0
0.80965243243394,2962,-0.519,0,0
0.80965210145512,2963,-0.5185,0,0
0.80965177036331,2964,-0.518,0,0
0.80965143915851,2965,-0.5175,0,0
0.80965110784072,2966,-0.517,0,0
0.80965077640995,2967,-0.5165,0,0
0.80965044486618,2968,-0.516,0,0
0.80965011320943,2969,-0.5155,0,0
0.80964978143968,2970,-0.515,0,0
0.80964944955694,2971,-0.5145,0,0
0.80964911756121,2972,-0.514,0,0
0.80964878545249,2973,-0.5135,0,0
0.80964845323077,2974,-0.513,0,0
0.80964812089605,2975,-0.5125,0,0
0.80964778844834,2976,-0.512,0,0
0.80964745588763,2977,-0.5115,0,0
0.80964712321393,2978,-0.511,0,0
0.80964679042722,2979,-0.5105,0,0
0.80964645752751,2980,-0.51,0,0
0.80964612451481,2981,-0.5095,0,0
0.8096457913891,2982,-0.509,0,0
0.80964545815039,2983,-0.5085,0,0
0.80964512479868,2984,-0.508,0,0
0.80964479133397,2985,-0.5075,0,0
0.80964445775625,2986,-0.507,0,0
0.80964412406552,2987,-0.5065,0,0
0.80964379026179,2988,-0.506,0,0
0.80964345634506,2989,-0.5055,0,0
0.80964312231531,2990,-0.505,0,0
0.80964278817256,2991,-0.5045,0,0
0.80964245391679,2992,-0.504,0,0
0.80964211954802,2993,-0.5035,0,0
0.80964178506624,2994,-0.503,0,0
0.80964145047144,2995,-0.5025,0,0
0.80964111576363,2996,-0.502,0,0
0.80964078094281,2997,-0.5015,0,0
0.80964044600898,2998,-0.501,0,0
0.80964011096212,2999,-0.5005,0,0
0.80963977580226,3000,-0.5,0,0
0.80963944052938,3001,-0.4995,0,0
0.80963910514347,3002,-0.499,0,0
0.80963876964456,3003,-0.4985,0,0
0.80963843403262,3004,-0.498,0,0
0.80963809830766,3005,-0.4975,0,0
0.80963776246968,3006,-0.497,0,0
0.80963742651868,3007,-0.4965,0,0
0.80963709045466,3008,-0.496,0,0
0.80963675427762,3009,-0.4955,0,0
0.80963641798755,3010,-0.495,0,0
0.80963608158446,3011,-0.4945,0,0
0.80963574506834,3012,-0.494,0,0
0.80963540843919,3013,-0.4935,0,0
0.80963507169702,3014,-0.493,0,0
0.80963473484182,3015,-0.4925,0,0
0.80963439787359,3016,-0.492,0,0
0.80963406079234,3017,-0.4915,0,0
0.80963372359805,3018,-0.491,0,0
0.80963338629073,3019,-0.4905,0,0
0.80963304887038,3020,-0.49,0,0
0.80963271133699,3021,-0.4895,0,0
0.80963237369058,3022,-0.489,0,0
0.80963203593113,3023,-0.4885,0,0
0.80963169805864,3024,-0.488,0,0
0.80963136007312,3025,-0.4875,0,0
0.80963102197456,3026,-0.487,0,0
0.80963068376296,3027,-0.4865,0,0
0.80963034543833,3028,-0.486,0,0
0.80963000700066,3029,-0.4855,0,0
0.80962966844994,3030,-0.485,0,0
0.80962932978619,3031,-0.4845,0,0
0.8096289910094,3032,-0.484,0,0
0.80962865211956,3033,-0.4835,0,0
0.80962831311668,3034,-0.483,0,0
0.80962797400076,3035,-0.4825,0,0
0.80962763477179,3036,-0.482,0,0
0.80962729542977,3037,-0.4815,0,0
0.80962695597471,3038,-0.481,0,0
0.80962661640661,3039,-0.4805,0,0
0.80962627672545,3040,-0.48,0,0
0.80962593693125,3041,-0.4795,0,0
0.809625597024,3042,-0.479,0,0
0.80962525700369,3043,-0.4785,0,0
0.80962491687034,3044,-0.478,0,0
0.80962457662394,3045,-0.4775,0,0
0.80962423626448,3046,-0.477,0,0
0.80962389579197,3047,-0.4765,0,0
0.8096235552064,3048,-0.476,0,0
0.80962321450778,3049,-0.4755,0,0
0.80962287369611,3050,-0.475,0,0
0.80962253277138,3051,-0.4745,0,0
0.80962219173359,3052,-0.474,0,0
0.80962185058274,3053,-0.4735,0,0
0.80962150931884,3054,-0.473,0,0
0.80962116794187,3055,-0.4725,0,0
0.80962082645185,3056,-0.472,0,0
0.80962048484876,3057,-0.4715,0,0
0.80962014313261,3058,-0.471,0,0
0.8096198013034,3059,-0.4705,0,0
0.80961945936112,3060,-0.47,0,0
0.80961911730579,3061,-0.4695,0,0
0.80961877513738,3062,-0.469,0,0
0.80961843285591,3063,-0.4685,0,0
0.80961809046138,3064,-0.468,0,0
0.80961774795377,3065,-0.4675,0,0
0.8096174053331,3066,-0.467,0,0
0.80961706259936,3067,-0.4665,0,0
0.80961671975255,3068,-0.466,0,0
0.80961637679267,3069,-0.4655,0,0
0.80961603371972,3070,-0.465,0,0
0.80961569053369,3071,-0.4645,0,0
0.80961534723459,3072,-0.464,0,0
0.80961500382242,3073,-0.4635,0,0
0.80961466029718,3074,-0.463,0,0
0.80961431665886,3075,-0.4625,0,0
0.80961397290746,3076,-0.462,0,0
0.80961362904299,3077,-0.4615,0,0
0.80961328506544,3078,-0.461,0,0
0.80961294097481,3079,-0.4605,0,0
0.8096125967711,3080,-0.46,0,0
0.80961225245431,3081,-0.4595,0,0
0.80961190802445,3082,-0.459,0,0
0.8096115634815,3083,-0.4585,0,0
0.80961121882546,3084,-0.458,0,0
0.80961087405635,3085,-0.4575,0,0
0.80961052917415,3086,-0.457,0,0
0.80961018417887,3087,-0.4565,0,0
0.8096098390705,3088,-0.456,0,0
0.80960949384905,3089,-0.4555,0,0
0.80960914851451,3090,-0.455,0,0
0.80960880306688,3091,-0.4545,0,0
0.80960845750616,3092,-0.454,0,0
0.80960811183235,3093,-0.4535,0,0
0.80960776604546,3094,-0.453,0,0
0.80960742014547,3095,-0.4525,0,0
0.80960707413239,3096,-0.452,0,0
0.80960672800623,3097,-0.4515,0,0
0.80960638176696,3098,-0.451,0,0
0.80960603541461,3099,-0.4505,0,0
0.80960568894916,3100,-0.45,0,0
0.80960534237061,3101,-0.4495,0,0
0.80960499567897,3102,-0.449,0,0
0.80960464887423,3103,-0.4485,0,0
0.80960430195639,3104,-0.448,0,0
0.80960395492546,3105,-0.4475,0,0
0.80960360778142,3106,-0.447,0,0
0.80960326052429,3107,-0.4465,0,0
0.80960291315406,3108,-0.446,0,0
0.80960256567072,3109,-0.4455,0,0
0.80960221807428,3110,-0.445,0,0
0.80960187036474,3111,-0.4445,0,0
0.8096015225421,3112,-0.444,0,0
0.80960117460635,3113,-0.4435,0,0
0.8096008265575,3114,-0.443,0,0
0.80960047839554,3115,-0.4425,0,0
0.80960013012047,3116,-0.442,0,0
0.8095997817323,3117,-0.4415,0,0
0.80959943323102,3118,-0.441,0,0
0.80959908461663,3119,-0.4405,0,0
0.80959873588913,3120,-0.44,0,0
0.80959838704851,3121,-0.4395,0,0
0.80959803809479,3122,-0.439,0,0
0.80959768902796,3123,-0.4385,0,0
0.80959733984801,3124,-0.438,0,0
0.80959699055495,3125,-0.4375,0,0
0.80959664114878,3126,-0.437,0,0
0.80959629162949,3127,-0.4365,0,0
0.80959594199708,3128,-0.436,0,0
0.80959559225156,3129,-0.4355,0,0
0.80959524239292,3130,-0.435,0,0
0.80959489242117,3131,-0.4345,0,0
0.80959454233629,3132,-0.434,0,0
0.80959419213829,3133,-0.4335,0,0
0.80959384182718,3134,-0.433,0,0
0.80959349140294,3135,-0.4325,0,0
0.80959314086558,3136,-0.432,0,0
0.8095927902151,3137,-0.4315,0,0
0.8095924394515,3138,-0.431,0,0
0.80959208857477,3139,-0.4305,0,0
0.80959173758492,3140,-0.43,0,0
0.80959138648194,3141,-0.4295,0,0
0.80959103526584,3142,-0.429,0,0
0.8095906839366,3143,-0.4285,0,0
0.80959033249425,3144,-0.428,0,0
0.80958998093876,3145,-0.4275,0,0
0.80958962927014,3146,-0.427,0,0
0.80958927748839,3147,-0.4265,0,0
0.80958892559352,3148,-0.426,0,0
0.80958857358551,3149,-0.4255,0,0
0.80958822146436,3150,-0.425,0,0
0.80958786923009,3151,-0.4245,0,0
0.80958751688268,3152,-0.424,0,0
0.80958716442214,3153,-0.4235,0,0
0.80958681184846,3154,-0.423,0,0
0.80958645916165,3155,-0.4225,0,0
0.8095861063617,3156,-0.422,0,0
0.80958575344861,3157,-0.4215,0,0
0.80958540042238,3158,-0.421,0,0
0.80958504728302,3159,-0.4205,0,0
0.80958469403051,3160,-0.42,0,0
0.80958434066487,3161,-0.4195,0,0
0.80958398718608,3162,-0.419,0,0
0.80958363359415,3163,-0.4185,0,0
0.80958327988908,3164,-0.418,0,0
0.80958292607087,3165,-0.4175,0,0
0.80958257213951,3166,-0.417,0,0
0.80958221809501,3167,-0.4165,0,0
0.80958186393736,3168,-0.416,0,0
0.80958150966656,3169,-0.4155,0,0
0.80958115528262,3170,-0.415,0,0
0.80958080078553,3171,-0.4145,0,0
0.80958044617529,3172,-0.414,0,0
0.80958009145191,3173,-0.4135,0,0
0.80957973661537,3174,-0.413,0,0
0.80957938166568,3175,-0.4125,0,0
0.80957902660284,3176,-0.412,0,0
0.80957867142685,3177,-0.4115,0,0
0.8095783161377,3178,-0.411,0,0
0.80957796073541,3179,-0.4105,0,0
0.80957760521995,3180,-0.41,0,0
0.80957724959134,3181,-0.4095,0,0
0.80957689384958,3182,-0.409,0,0
0.80957653799466,3183,-0.4085,0,0
0.80957618202658,3184,-0.408,0,0
0.80957582594535,3185,-0.4075,0,0
0.80957546975095,3186,-0.407,0,0
0.8095751134434,3187,-0.4065,0,0
0.80957475702269,3188,-0.406,0,0
0.80957440048881,3189,-0.4055,0,0
0.80957404384177,3190,-0.405,0,0
0.80957368708157,3191,-0.4045,0,0
0.80957333020821,3192,-0.404,0,0
0.80957297322169,3193,-0.4035,0,0
0.809572616122,3194,-0.403,0,0
0.80957225890914,3195,-0.4025,0,0
0.80957190158312,3196,-0.402,0,0
0.80957154414393,3197,-0.4015,0,0
0.80957118659157,3198,-0.401,0,0
0.80957082892605,3199,-0.4005,0,0
0.80957047114736,3200,-0.4,0,0
0.80957011325549,3201,-0.3995,0,0
0.80956975525046,3202,-0.399,0,0
0.80956939713226,3203,-0.3985,0,0
0.80956903890088,3204,-0.398,0,0
0.80956868055633,3205,-0.3975,0,0
0.80956832209861,3206,-0.397,0,0
0.80956796352771,3207,-0.3965,0,0
0.80956760484364,3208,-0.396,0,0
0.8095672460464,3209,-0.3955,0,0
0.80956688713598,3210,-0.395,0,0
0.80956652811238,3211,-0.3945,0,0
0.8095661689756,3212,-0.394,0,0
0.80956580972565,3213,-0.3935,0,0
0.80956545036251,3214,-0.393,0,0
0.8095650908862,3215,-0.3925,0,0
0.80956473129671,3216,-0.392,0,0
0.80956437159403,3217,-0.3915,0,0
0.80956401177818,3218,-0.391,0,0
0.80956365184914,3219,-0.3905,0,0
0.80956329180691,3220,-0.39,0,0
0.80956293165151,3221,-0.3895,0,0
0.80956257138292,3222,-0.389,0,0
0.80956221100114,3223,-0.3885,0,0
0.80956185050618,3224,-0.388,0,0
0.80956148989803,3225,-0.3875,0,0
0.80956112917669,3226,-0.387,0,0
0.80956076834217,3227,-0.3865,0,0
0.80956040739445,3228,-0.386,0,0
0.80956004633355,3229,-0.3855,0,0
0.80955968515946,3230,-0.385,0,0
0.80955932387217,3231,-0.3845,0,0
0.80955896247169,3232,-0.384,0,0
0.80955860095802,3233,-0.3835,0,0
0.80955823933116,3234,-0.383,0,0
0.80955787759111,3235,-0.3825,0,0
0.80955751573785,3236,-0.382,0,0
0.80955715377141,3237,-0.3815,0,0
0.80955679169177,3238,-0.381,0,0
0.80955642949893,3239,-0.3805,0,0
0.80955606719289,3240,-0.38,0,0
0.80955570477366,3241,-0.3795,0,0
0.80955534224122,3242,-0.379,0,0
0.80955497959559,3243,-0.3785,0,0
0.80955461683676,3244,-0.378,0,0
0.80955425396472,3245,-0.3775,0,0
0.80955389097949,3246,-0.377,0,0
0.80955352788105,3247,-0.3765,0,0
0.80955316466941,3248,-0.376,0,0
0.80955280134456,3249,-0.3755,0,0
0.80955243790651,3250,-0.375,0,0
0.80955207435526,3251,-0.3745,0,0
0.8095517106908,3252,-0.374,0,0
0.80955134691313,3253,-0.3735,0,0
0.80955098302226,3254,-0.373,0,0
0.80955061901817,3255,-0.3725,0,0
0.80955025490088,3256,-0.372,0,0
0.80954989067038,3257,-0.3715,0,0
0.80954952632667,3258,-0.371,0,0
0.80954916186975,3259,-0.3705,0,0
0.80954879729962,3260,-0.37,0,0
0.80954843261628,3261,-0.3695,0,0
0.80954806781972,3262,-0.369,0,0
0.80954770290995,3263,-0.3685,0,0
0.80954733788696,3264,-0.368,0,0
0.80954697275076,3265,-0.3675,0,0
0.80954660750135,3266,-0.367,0,0
0.80954624213872,3267,-0.3665,0,0
0.80954587666287,3268,-0.366,0,0
0.8095455110738,3269,-0.3655,0,0
0.80954514537152,3270,-0.365,0,0
0.80954477955602,3271,-0.3645,0,0
0.80954441362729,3272,-0.364,0,0
0.80954404758535,3273,-0.3635,0,0
0.80954368143018,3274,-0.363,0,0
0.8095433151618,3275,-0.3625,0,0
0.80954294878019,3276,-0.362,0,0
0.80954258228536,3277,-0.3615,0,0
0.8095422156773,3278,-0.361,0,0
0.80954184895602,3279,-0.3605,0,0
0.80954148212152,3280,-0.36,0,0
0.80954111517379,3281,-0.3595,0,0
0.80954074811283,3282,-0.359,0,0
0.80954038093864,3283,-0.3585,0,0
0.80954001365123,3284,-0.358,0,0
0.80953964625059,3285,-0.3575,0,0
0.80953927873672,3286,-0.357,0,0
0.80953891110962,3287,-0.3565,0,0
0.80953854336928,3288,-0.356,0,0
0.80953817551572,3289,-0.3555,0,0
0.80953780754893,3290,-0.355,0,0
0.8095374394689,3291,-0.3545,0,0
0.80953707127564,3292,-0.354,0,0
0.80953670296914,3293,-0.3535,0,0
0.80953633454941,3294,-0.353,0,0
0.80953596601645,3295,-0.3525,0,0
0.80953559737025,3296,-0.352,0,0
0.80953522861081,3297,-0.3515,0,0
0.80953485973814,3298,-0.351,0,0
0.80953449075222,3299,-0.3505,0,0
0.80953412165307,3300,-0.35,0,0
0.80953375244068,3301,-0.3495,0,0
0.80953338311505,3302,-0.349,0,0
0.80953301367617,3303,-0.3485,0,0
0.80953264412406,3304,-0.348,0,0
0.8095322744587,3305,-0.3475,0,0
0.8095319046801,3306,-0.347,0,0
0.80953153478826,3307,-0.3465,0,0
0.80953116478317,3308,-0.346,0,0
0.80953079466484,3309,-0.3455,0,0
0.80953042443327,3310,-0.345,0,0
0.80953005408844,3311,-0.3445,0,0
0.80952968363037,3312,-0.344,0,0
0.80952931305905,3313,-0.3435,0,0
0.80952894237449,3314,-0.343,0,0
0.80952857157667,3315,-0.3425,0,0
0.80952820066561,3316,-0.342,0,0
0.8095278296413,3317,-0.3415,0,0
0.80952745850373,3318,-0.341,0,0
0.80952708725291,3319,-0.3405,0,0
0.80952671588884,3320,-0.34,0,0
0.80952634441152,3321,-0.3395,0,0
0.80952597282095,3322,-0.339,0,0
0.80952560111712,3323,-0.3385,0,0
0.80952522930003,3324,-0.338,0,0
0.80952485736969,3325,-0.3375,0,0
0.8095244853261,3326,-0.337,0,0
0.80952411316924,3327,-0.3365,0,0
0.80952374089913,3328,-0.336,0,0
0.80952336851577,3329,-0.3355,0,0
0.80952299601914,3330,-0.335,0,0
0.80952262340925,3331,-0.3345,0,0
0.8095222506861,3332,-0.334,0,0
0.8095218778497,3333,-0.3335,0,0
0.80952150490003,3334,-0.333,0,0
0.8095211318371,3335,-0.3325,0,0
0.8095207586609,3336,-0.332,0,0
0.80952038537144,3337,-0.3315,0,0
0.80952001196872,3338,-0.331,0,0
0.80951963845274,3339,-0.3305,0,0
0.80951926482348,3340,-0.33,0,0
0.80951889108097,3341,-0.3295,0,0
0.80951851722518,3342,-0.329,0,0
0.80951814325613,3343,-0.3285,0,0
0.80951776917381,3344,-0.328,0,0
0.80951739497822,3345,-0.3275,0,0
0.80951702066936,3346,-0.327,0,0
0.80951664624724,3347,-0.3265,0,0
0.80951627171184,3348,-0.326,0,0
0.80951589706317,3349,-0.3255,0,0
0.80951552230123,3350,-0.325,0,0
0.80951514742601,3351,-0.3245,0,0
0.80951477243753,3352,-0.324,0,0
0.80951439733577,3353,-0.3235,0,0
0.80951402212073,3354,-0.323,0,0
0.80951364679242,3355,-0.3225,0,0
0.80951327135083,3356,-0.322,0,0
0.80951289579597,3357,-0.3215,0,0
0.80951252012783,3358,-0.321,0,0
0.80951214434641,3359,-0.3205,0,0
0.80951176845171,3360,-0.32,0,0
0.80951139244374,3361,-0.3195,0,0
0.80951101632248,3362,-0.319,0,0
0.80951064008795,3363,-0.3185,0,0
0.80951026374013,3364,-0.318,0,0
0.80950988727903,3365,-0.3175,0,0
0.80950951070465,3366,-0.317,0,0
0.80950913401699,3367,-0.3165,0,0
0.80950875721604,3368,-0.316,0,0
0.80950838030181,3369,-0.3155,0,0
0.8095080032743,3370,-0.315,0,0
0.8095076261335,3371,-0.3145,0,0
0.80950724887941,3372,-0.314,0,0
0.80950687151204,3373,-0.3135,0,0
0.80950649403137,3374,-0.313,0,0
0.80950611643742,3375,-0.3125,0,0
0.80950573873019,3376,-0.312,0,0
0.80950536090966,3377,-0.3115,0,0
0.80950498297584,3378,-0.311,0,0
0.80950460492873,3379,-0.3105,0,0
0.80950422676834,3380,-0.31,0,0
0.80950384849464,3381,-0.3095,0,0
0.80950347010766,3382,-0.309,0,0
0.80950309160739,3383,-0.3085,0,0
0.80950271299382,3384,-0.308,0,0
0.80950233426695,3385,-0.3075,0,0
0.80950195542679,3386,-0.307,0,0
0.80950157647334,3387,-0.3065,0,0
0.80950119740658,3388,-0.306,0,0
0.80950081822654,3389,-0.3055,0,0
0.80950043893319,3390,-0.305,0,0
0.80950005952655,3391,-0.3045,0,0
0.8094996800066,3392,-0.304,0,0
0.80949930037336,3393,-0.3035,0,0
0.80949892062682,3394,-0.303,0,0
0.80949854076698,3395,-0.3025,0,0
0.80949816079383,3396,-0.302,0,0
0.80949778070739,3397,-0.3015,0,0
0.80949740050764,3398,-0.301,0,0
0.80949702019459,3399,-0.3005,0,0
0.80949663976823,3400,-0.3,0,0
0.80949625922857,3401,-0.2995,0,0
0.80949587857561,3402,-0.299,0,0
0.80949549780934,3403,-0.2985,0,0
0.80949511692976,3404,-0.298,0,0
0.80949473593688,3405,-0.2975,0,0
0.80949435483068,3406,-0.297,0,0
0.80949397361118,3407,-0.2965,0,0
0.80949359227838,3408,-0.296,0,0
0.80949321083226,3409,-0.2955,0,0
0.80949282927283,3410,-0.295,0,0
0.80949244760009,3411,-0.2945,0,0
0.80949206581404,3412,-0.294,0,0
0.80949168391468,3413,-0.2935,0,0
0.80949130190201,3414,-0.293,0,0
0.80949091977602,3415,-0.2925,0,0
0.80949053753672,3416,-0.292,0,0
0.80949015518411,3417,-0.2915,0,0
0.80948977271818,3418,-0.291,0,0
0.80948939013893,3419,-0.2905,0,0
0.80948900744637,3420,-0.29,0,0
0.80948862464049,3421,-0.2895,0,0
0.80948824172129,3422,-0.289,0,0
0.80948785868878,3423,-0.2885,0,0
0.80948747554295,3424,-0.288,0,0
0.80948709228379,3425,-0.2875,0,0
0.80948670891132,3426,-0.287,0,0
0.80948632542553,3427,-0.2865,0,0
0.80948594182642,3428,-0.286,0,0
0.80948555811398,3429,-0.2855,0,0
0.80948517428822,3430,-0.285,0,0
0.80948479034914,3431,-0.2845,0,0
0.80948440629674,3432,-0.284,0,0
0.80948402213101,3433,-0.2835,0,0
0.80948363785196,3434,-0.283,0,0
0.80948325345958,3435,-0.2825,0,0
0.80948286895388,3436,-0.282,0,0
0.80948248433485,3437,-0.2815,0,0
0.80948209960249,3438,-0.281,0,0
0.8094817147568,3439,-0.2805,0,0
0.80948132979779,3440,-0.28,0,0
0.80948094472545,3441,-0.2795,0,0
0.80948055953978,3442,-0.279,0,0
0.80948017424077,3443,-0.2785,0,0
0.80947978882844,3444,-0.278,0,0
0.80947940330278,3445,-0.2775,0,0
0.80947901766378,3446,-0.277,0,0
0.80947863191145,3447,-0.2765,0,0
0.80947824604579,3448,-0.276,0,0
0.80947786006679,3449,-0.2755,0,0
0.80947747397446,3450,-0.275,0,0
0.80947708776879,3451,-0.2745,0,0
0.80947670144979,3452,-0.274,0,0
0.80947631501746,3453,-0.2735,0,0
0.80947592847178,3454,-0.273,0,0
0.80947554181277,3455,-0.2725,0,0
0.80947515504042,3456,-0.272,0,0
0.80947476815473,3457,-0.2715,0,0
0.80947438115571,3458,-0.271,0,0
0.80947399404334,3459,-0.2705,0,0
0.80947360681763,3460,-0.27,0,0
0.80947321947858,3461,-0.2695,0,0
0.80947283202619,3462,-0.269,0,0
0.80947244446046,3463,-0.2685,0,0
0.80947205678139,3464,-0.268,0,0
0.80947166898897,3465,-0.2675,0,0
0.80947128108321,3466,-0.267,0,0
0.8094708930641,3467,-0.2665,0,0
0.80947050493165,3468,-0.266,0,0
0.80947011668585,3469,-0.2655,0,0
0.80946972832671,3470,-0.265,0,0
0.80946933985422,3471,-0.2645,0,0
0.80946895126838,3472,-0.264,0,0
0.8094685625692,3473,-0.2635,0,0
0.80946817375666,3474,-0.263,0,0
0.80946778483078,3475,-0.2625,0,0
0.80946739579155,3476,-0.262,0,0
0.80946700663896,3477,-0.2615,0,0
0.80946661737303,3478,-0.261,0,0
0.80946622799374,3479,-0.2605,0,0
0.8094658385011,3480,-0.26,0,0
0.80946544889511,3481,-0.2595,0,0
0.80946505917577,3482,-0.259,0,0
0.80946466934307,3483,-0.2585,0,0
0.80946427939702,3484,-0.258,0,0
0.80946388933761,3485,-0.2575,0,0
0.80946349916485,3486,-0.257,0,0
0.80946310887873,3487,-0.2565,0,0
0.80946271847925,3488,-0.256,0,0
0.80946232796642,3489,-0.2555,0,0
0.80946193734023,3490,-0.255,0,0
0.80946154660068,3491,-0.2545,0,0
0.80946115574777,3492,-0.254,0,0
0.8094607647815,3493,-0.2535,0,0
0.80946037370187,3494,-0.253,0,0
0.80945998250888,3495,-0.2525,0,0
0.80945959120253,3496,-0.252,0,0
0.80945919978282,3497,-0.2515,0,0
0.80945880824975,3498,-0.251,0,0
0.80945841660331,3499,-0.2505,0,0
0.80945802484351,3500,-0.25,0,0
0.80945763297034,3501,-0.2495,0,0
0.80945724098381,3502,-0.249,0,0
0.80945684888391,3503,-0.2485,0,0
0.80945645667065,3504,-0.248,0,0
0.80945606434402,3505,-0.2475,0,0
0.80945567190402,3506,-0.247,0,0
0.80945527935066,3507,-0.2465,0,0
0.80945488668393,3508,-0.246,0,0
0.80945449390383,3509,-0.2455,0,0
0.80945410101036,3510,-0.245,0,0
0.80945370800352,3511,-0.2445,0,0
0.80945331488331,3512,-0.244,0,0
0.80945292164973,3513,-0.2435,0,0
0.80945252830277,3514,-0.243,0,0
0.80945213484245,3515,-0.2425,0,0
0.80945174126875,3516,-0.242,0,0
0.80945134758168,3517,-0.2415,0,0
0.80945095378124,3518,-0.241,0,0
0.80945055986742,3519,-0.2405,0,0
0.80945016584022,3520,-0.24,0,0
0.80944977169965,3521,-0.2395,0,0
0.8094493774457,3522,-0.239,0,0
0.80944898307838,3523,-0.2385,0,0
0.80944858859768,3524,-0.238,0,0
0.8094481940036,3525,-0.2375,0,0
0.80944779929615,3526,-0.237,0,0
0.80944740447531,3527,-0.2365,0,0
0.8094470095411,3528,-0.236,0,0
0.8094466144935,3529,-0.2355,0,0
0.80944621933253,3530,-0.235,0,0
0.80944582405817,3531,-0.2345,0,0
0.80944542867043,3532,-0.234,0,0
0.80944503316931,3533,-0.2335,0,0
0.80944463755481,3534,-0.233,0,0
0.80944424182692,3535,-0.2325,0,0
0.80944384598565,3536,-0.232,0,0
0.809443450031,3537,-0.2315,0,0
0.80944305396296,3538,-0.231,0,0
0.80944265778153,3539,-0.2305,0,0
0.80944226148672,3540,-0.23,0,0
0.80944186507852,3541,-0.2295,0,0
0.80944146855694,3542,-0.229,0,0
0.80944107192196,3543,-0.2285,0,0
0.8094406751736,3544,-0.228,0,0
0.80944027831185,3545,-0.2275,0,0
0.80943988133671,3546,-0.227,0,0
0.80943948424818,3547,-0.2265,0,0
0.80943908704626,3548,-0.226,0,0
0.80943868973095,3549,-0.2255,0,0
0.80943829230225,3550,-0.225,0,0
0.80943789476015,3551,-0.2245,0,0
0.80943749710467,3552,-0.224,0,0
0.80943709933578,3553,-0.2235,0,0
0.80943670145351,3554,-0.223,0,0
0.80943630345784,3555,-0.2225,0,0
0.80943590534878,3556,-0.222,0,0
0.80943550712632,3557,-0.2215,0,0
0.80943510879046,3558,-0.221,0,0
0.80943471034121,3559,-0.2205,0,0
0.80943431177856,3560,-0.22,0,0
0.80943391310252,3561,-0.2195,0,0
0.80943351431307,3562,-0.219,0,0
0.80943311541023,3563,-0.2185,0,0
0.80943271639399,3564,-0.218,0,0
0.80943231726434,3565,-0.2175,0,0
0.8094319180213,3566,-0.217,0,0
0.80943151866486,3567,-0.2165,0,0
0.80943111919501,3568,-0.216,0,0
0.80943071961177,3569,-0.2155,0,0
0.80943031991512,3570,-0.215,0,0
0.80942992010507,3571,-0.2145,0,0
0.80942952018161,3572,-0.214,0,0
0.80942912014475,3573,-0.2135,0,0
0.80942871999449,3574,-0.213,0,0
0.80942831973082,3575,-0.2125,0,0
0.80942791935375,3576,-0.212,0,0
0.80942751886327,3577,-0.2115,0,0
0.80942711825938,3578,-0.211,0,0
0.80942671754209,3579,-0.2105,0,0
0.80942631671139,3580,-0.21,0,0
0.80942591576728,3581,-0.2095,0,0
0.80942551470976,3582,-0.209,0,0
0.80942511353883,3583,-0.2085,0,0
0.80942471225449,3584,-0.208,0,0
0.80942431085674,3585,-0.2075,0,0
0.80942390934558,3586,-0.207,0,0
0.80942350772101,3587,-0.2065,0,0
0.80942310598303,3588,-0.206,0,0
0.80942270413164,3589,-0.2055,0,0
0.80942230216683,3590,-0.205,0,0
0.80942190008861,3591,-0.2045,0,0
0.80942149789697,3592,-0.204,0,0
0.80942109559192,3593,-0.2035,0,0
0.80942069317346,3594,-0.203,0,0
0.80942029064158,3595,-0.2025,0,0
0.80941988799628,3596,-0.202,0,0
0.80941948523757,3597,-0.2015,0,0
0.80941908236544,3598,-0.201,0,0
0.80941867937989,3599,-0.2005,0,0
0.80941827628093,3600,-0.2,0,0
0.80941787306854,3601,-0.1995,0,0
0.80941746974274,3602,-0.199,0,0
0.80941706630351,3603,-0.1985,0,0
0.80941666275087,3604,-0.198,0,0
0.80941625908481,3605,-0.1975,0,0
0.80941585530532,3606,-0.197,0,0
0.80941545141241,3607,-0.1965,0,0
0.80941504740608,3608,-0.196,0,0
0.80941464328633,3609,-0.1955,0,0
0.80941423905315,3610,-0.195,0,0
0.80941383470655,3611,-0.1945,0,0
0.80941343024653,3612,-0.194,0,0
0.80941302567308,3613,-0.1935,0,0
0.80941262098621,3614,-0.193,0,0
0.80941221618591,3615,-0.1925,0,0
0.80941181127218,3616,-0.192,0,0
0.80941140624503,3617,-0.1915,0,0
0.80941100110445,3618,-0.191,0,0
0.80941059585044,3619,-0.1905,0,0
0.809410190483,3620,-0.19,0,0
0.80940978500213,3621,-0.1895,0,0
0.80940937940784,3622,-0.189,0,0
0.80940897370011,3623,-0.1885,0,0
0.80940856787896,3624,-0.188,0,0
0.80940816194437,3625,-0.1875,0,0
0.80940775589635,3626,-0.187,0,0
0.8094073497349,3627,-0.1865,0,0
0.80940694346002,3628,-0.186,0,0
0.80940653707171,3629,-0.1855,0,0
0.80940613056996,3630,-0.185,0,0
0.80940572395477,3631,-0.1845,0,0
0.80940531722616,3632,-0.184,0,0
0.80940491038411,3633,-0.1835,0,0
0.80940450342862,3634,-0.183,0,0
0.80940409635969,3635,-0.1825,0,0
0.80940368917733,3636,-0.182,0,0
0.80940328188154,3637,-0.1815,0,0
0.8094028744723,3638,-0.181,0,0
0.80940246694963,3639,-0.1805,0,0
0.80940205931352,3640,-0.18,0,0
0.80940165156397,3641,-0.1795,0,0
0.80940124370098,3642,-0.179,0,0
0.80940083572455,3643,-0.1785,0,0
0.80940042763468,3644,-0.178,0,0
0.80940001943137,3645,-0.1775,0,0
0.80939961111462,3646,-0.177,0,0
0.80939920268443,3647,-0.1765,0,0
0.80939879414079,3648,-0.176,0,0
0.80939838548371,3649,-0.1755,0,0
0.80939797671319,3650,-0.175,0,0
0.80939756782923,3651,-0.1745,0,0
0.80939715883182,3652,-0.174,0,0
0.80939674972096,3653,-0.1735,0,0
0.80939634049666,3654,-0.173,0,0
0.80939593115892,3655,-0.1725,0,0
0.80939552170772,3656,-0.172,0,0
0.80939511214308,3657,-0.1715,0,0
0.809394702465,3658,-0.171,0,0
0.80939429267346,3659,-0.1705,0,0
0.80939388276848,3660,-0.17,0,0
0.80939347275005,3661,-0.1695,0,0
0.80939306261817,3662,-0.169,0,0
0.80939265237284,3663,-0.1685,0,0
0.80939224201406,3664,-0.168,0,0
0.80939183154183,3665,-0.1675,0,0
0.80939142095615,3666,-0.167,0,0
0.80939101025702,3667,-0.1665,0,0
0.80939059944443,3668,-0.166,0,0
0.80939018851839,3669,-0.1655,0,0
0.8093897774789,3670,-0.165,0,0
0.80938936632596,3671,-0.1645,0,0
0.80938895505956,3672,-0.164,0,0
0.80938854367971,3673,-0.1635,0,0
0.8093881321864,3674,-0.163,0,0
0.80938772057964,3675,-0.1625,0,0
0.80938730885942,3676,-0.162,0,0
0.80938689702574,3677,-0.1615,0,0
0.80938648507861,3678,-0.161,0,0
0.80938607301802,3679,-0.1605,0,0
0.80938566084398,3680,-0.16,0,0
0.80938524855647,3681,-0.1595,0,0
0.80938483615551,3682,-0.159,0,0
0.80938442364108,3683,-0.1585,0,0
0.8093840110132,3684,-0.158,0,0
0.80938359827186,3685,-0.1575,0,0
0.80938318541705,3686,-0.157,0,0
0.80938277244879,3687,-0.1565,0,0
0.80938235936706,3688,-0.156,0,0
0.80938194617187,3689,-0.1555,0,0
0.80938153286322,3690,-0.155,0,0
0.80938111944111,3691,-0.1545,0,0
0.80938070590553,3692,-0.154,0,0
0.80938029225649,3693,-0.1535,0,0
0.80937987849399,3694,-0.153,0,0
0.80937946461802,3695,-0.1525,0,0
0.80937905062858,3696,-0.152,0,0
0.80937863652568,3697,-0.1515,0,0
0.80937822230931,3698,-0.151,0,0
0.80937780797948,3699,-0.1505,0,0
0.80937739353618,3700,-0.15,0,0
0.80937697897941,3701,-0.1495,0,0
0.80937656430917,3702,-0.149,0,0
0.80937614952547,3703,-0.1485,0,0
0.80937573462829,3704,-0.148,0,0
0.80937531961765,3705,-0.1475,0,0
0.80937490449354,3706,-0.147,0,0
0.80937448925595,3707,-0.1465,0,0
0.8093740739049,3708,-0.146,0,0
0.80937365844037,3709,-0.1455,0,0
0.80937324286238,3710,-0.145,0,0
0.80937282717091,3711,-0.1445,0,0
0.80937241136597,3712,-0.144,0,0
0.80937199544755,3713,-0.1435,0,0
0.80937157941566,3714,-0.143,0,0
0.8093711632703,3715,-0.1425,0,0
0.80937074701146,3716,-0.142,0,0
0.80937033063915,3717,-0.1415,0,0
0.80936991415336,3718,-0.141,0,0
0.8093694975541,3719,-0.1405,0,0
0.80936908084136,3720,-0.14,0,0
0.80936866401515,3721,-0.1395,0,0
0.80936824707545,3722,-0.139,0,0
0.80936783002228,3723,-0.1385,0,0
0.80936741285563,3724,-0.138,0,0
0.80936699557551,3725,-0.1375,0,0
0.8093665781819,3726,-0.137,0,0
0.80936616067482,3727,-0.1365,0,0
0.80936574305425,3728,-0.136,0,0
0.80936532532021,3729,-0.1355,0,0
0.80936490747268,3730,-0.135,0,0
0.80936448951167,3731,-0.1345,0,0
0.80936407143718,3732,-0.134,0,0
0.80936365324921,3733,-0.1335,0,0
0.80936323494776,3734,-0.133,0,0
0.80936281653282,3735,-0.1325,0,0
0.8093623980044,3736,-0.132,0,0
0.8093619793625,3737,-0.1315,0,0
0.80936156060711,3738,-0.131,0,0
0.80936114173824,3739,-0.1305,0,0
0.80936072275588,3740,-0.13,0,0
0.80936030366004,3741,-0.1295,0,0
0.80935988445071,3742,-0.129,0,0
0.8093594651279,3743,-0.1285,0,0
0.8093590456916,3744,-0.128,0,0
0.80935862614181,3745,-0.1275,0,0
0.80935820647853,3746,-0.127,0,0
0.80935778670177,3747,-0.1265,0,0
0.80935736681151,3748,-0.126,0,0
0.80935694680777,3749,-0.1255,0,0
0.80935652669054,3750,-0.125,0,0
0.80935610645982,3751,-0.1245,0,0
0.8093556861156,3752,-0.124,0,0
0.8093552656579,3753,-0.1235,0,0
0.80935484508671,3754,-0.123,0,0
0.80935442440202,3755,-0.1225,0,0
0.80935400360384,3756,-0.122,0,0
0.80935358269217,3757,-0.1215,0,0
0.80935316166701,3758,-0.121,0,0
0.80935274052835,3759,-0.1205,0,0
0.8093523192762,3760,-0.12,0,0
0.80935189791056,3761,-0.1195,0,0
0.80935147643142,3762,-0.119,0,0
0.80935105483878,3763,-0.1185,0,0
0.80935063313266,3764,-0.118,0,0
0.80935021131303,3765,-0.1175,0,0
0.80934978937991,3766,-0.117,0,0
0.80934936733329,3767,-0.1165,0,0
0.80934894517317,3768,-0.116,0,0
0.80934852289956,3769,-0.1155,0,0
0.80934810051245,3770,-0.115,0,0
0.80934767801184,3771,-0.1145,0,0
0.80934725539773,3772,-0.114,0,0
0.80934683267013,3773,-0.1135,0,0
0.80934640982902,3774,-0.113,0,0
0.80934598687441,3775,-0.1125,0,0
0.8093455638063,3776,-0.112,0,0
0.80934514062469,3777,-0.1115,0,0
0.80934471732958,3778,-0.111,0,0
0.80934429392097,3779,-0.1105,0,0
0.80934387039886,3780,-0.11,0,0
0.80934344676324,3781,-0.1095,0,0
0.80934302301412,3782,-0.109,0,0
0.8093425991515,3783,-0.1085,0,0
0.80934217517537,3784,-0.108,0,0
0.80934175108574,3785,-0.1075,0,0
0.80934132688261,3786,-0.107,0,0
0.80934090256597,3787,-0.1065,0,0
0.80934047813582,3788,-0.106,0,0
0.80934005359217,3789,-0.1055,0,0
0.80933962893501,3790,-0.105,0,0
0.80933920416434,3791,-0.1045,0,0
0.80933877928017,3792,-0.104,0,0
0.80933835428249,3793,-0.1035,0,0
0.80933792917131,3794,-0.103,0,0
0.80933750394661,3795,-0.1025,0,0
0.80933707860841,3796,-0.102,0,0
0.80933665315669,3797,-0.1015,0,0
0.80933622759147,3798,-0.101,0,0
0.80933580191274,3799,-0.1005,0,0
0.80933537612049,3800,-0.1,0,0
0.80933495021474,3801,-0.0995,0,0
0.80933452419547,3802,-0.099,0,0
0.8093340980627,3803,-0.0985,0,0
0.80933367181641,3804,-0.098,0,0
0.8093332454566,3805,-0.0975,0,0
0.80933281898329,3806,-0.097,0,0
0.80933239239646,3807,-0.0965,0,0
0.80933196569612,3808,-0.096,0,0
0.80933153888227,3809,-0.0955,0,0
0.8093311119549,3810,-0.095,0,0
0.80933068491402,3811,-0.0945,0,0
0.80933025775962,3812,-0.094,0,0
0.8093298304917,3813,-0.0935,0,0
0.80932940311027,3814,-0.093,0,0
0.80932897561532,3815,-0.0925,0,0
0.80932854800686,3816,-0.092,0,0
0.80932812028488,3817,-0.0915,0,0
0.80932769244938,3818,-0.091,0,0
0.80932726450037,3819,-0.0905,0,0
0.80932683643783,3820,-0.09,0,0
0.80932640826178,3821,-0.0895,0,0
0.80932597997221,3822,-0.089,0,0
0.80932555156911,3823,-0.0885,0,0
0.8093251230525,3824,-0.088,0,0
0.80932469442237,3825,-0.0875,0,0
0.80932426567872,3826,-0.087,0,0
0.80932383682155,3827,-0.0865,0,0
0.80932340785085,3828,-0.086,0,0
0.80932297876663,3829,-0.0855,0,0
0.8093225495689,3830,-0.085,0,0
0.80932212025763,3831,-0.0845,0,0
0.80932169083285,3832,-0.084,0,0
0.80932126129454,3833,-0.0835,0,0
0.80932083164271,3834,-0.083,0,0
0.80932040187735,3835,-0.0825,0,0
0.80931997199847,3836,-0.082,0,0
0.80931954200607,3837,-0.0815,0,0
0.80931911190014,3838,-0.081,0,0
0.80931868168068,3839,-0.0805,0,0
0.8093182513477,3840,-0.08,0,0
0.80931782090119,3841,-0.0795,0,0
0.80931739034116,3842,-0.079,0,0
0.8093169596676,3843,-0.0785,0,0
0.80931652888051,3844,-0.078,0,0
0.80931609797989,3845,-0.0775,0,0
0.80931566696574,3846,-0.077,0,0
0.80931523583807,3847,-0.0765,0,0
0.80931480459686,3848,-0.076,0,0
0.80931437324213,3849,-0.0755,0,0
0.80931394177387,3850,-0.075,0,0
0.80931351019208,3851,-0.0745,0,0
0.80931307849675,3852,-0.074,0,0
0.8093126466879,3853,-0.0735,0,0
0.80931221476551,3854,-0.073,0,0
0.80931178272959,3855,-0.0725,0,0
0.80931135058014,3856,-0.072,0,0
0.80931091831716,3857,-0.0715,0,0
0.80931048594065,3858,-0.071,0,0
0.8093100534506,3859,-0.0705,0,0
0.80930962084702,3860,-0.07,0,0
0.8093091881299,3861,-0.0695,0,0
0.80930875529925,3862,-0.069,0,0
0.80930832235507,3863,-0.0685,0,0
0.80930788929735,3864,-0.068,0,0
0.8093074561261,3865,-0.0675,0,0
0.80930702284131,3866,-0.067,0,0
0.80930658944298,3867,-0.0665,0,0
0.80930615593112,3868,-0.066,0,0
0.80930572230572,3869,-0.0655,0,0
0.80930528856678,3870,-0.065,0,0
0.80930485471431,3871,-0.0645,0,0
0.8093044207483,3872,-0.064,0,0
0.80930398666875,3873,-0.0635,0,0
0.80930355247566,3874,-0.063,0,0
0.80930311816903,3875,-0.0625,0,0
0.80930268374886,3876,-0.062,0,0
0.80930224921516,3877,-0.0615,0,0
0.80930181456791,3878,-0.061,0,0
0.80930137980712,3879,-0.0605,0,0
0.80930094493279,3880,-0.06,0,0
0.80930050994492,3881,-0.0595,0,0
0.80930007484351,3882,-0.059,0,0
0.80929963962856,3883,-0.0585,0,0
0.80929920430007,3884,-0.058,0,0
0.80929876885803,3885,-0.0575,0,0
0.80929833330245,3886,-0.057,0,0
0.80929789763333,3887,-0.0565,0,0
0.80929746185066,3888,-0.056,0,0
0.80929702595445,3889,-0.0555,0,0
0.80929658994469,3890,-0.055,0,0
0.80929615382139,3891,-0.0545,0,0
0.80929571758455,3892,-0.054,0,0
0.80929528123416,3893,-0.0535,0,0
0.80929484477022,3894,-0.053,0,0
0.80929440819274,3895,-0.0525,0,0
0.80929397150171,3896,-0.052,0,0
0.80929353469714,3897,-0.0515,0,0
0.80929309777902,3898,-0.051,0,0
0.80929266074735,3899,-0.0505,0,0
0.80929222360213,3900,-0.05,0,0
0.80929178634336,3901,-0.0495,0,0
0.80929134897105,3902,-0.049,0,0
0.80929091148519,3903,-0.0485,0,0
0.80929047388578,3904,-0.048,0,0
0.80929003617282,3905,-0.0475,0,0
0.8092895983463,3906,-0.047,0,0
0.80928916040624,3907,-0.0465,0,0
0.80928872235263,3908,-0.046,0,0
0.80928828418547,3909,-0.0455,0,0
0.80928784590475,3910,-0.045,0,0
0.80928740751049,3911,-0.0445,0,0
0.80928696900267,3912,-0.044,0,0
0.8092865303813,3913,-0.0435,0,0
0.80928609164638,3914,-0.043,0,0
0.80928565279791,3915,-0.0425,0,0
0.80928521383588,3916,-0.042,0,0
0.8092847747603,3917,-0.0415,0,0
0.80928433557116,3918,-0.041,0,0
0.80928389626847,3919,-0.0405,0,0
0.80928345685223,3920,-0.04,0,0
0.80928301732243,3921,-0.0395,0,0
0.80928257767907,3922,-0.039,0,0
0.80928213792216,3923,-0.0385,0,0
0.8092816980517,3924,-0.038,0,0
0.80928125806767,3925,-0.0375,0,0
0.8092808179701,3926,-0.037,0,0
0.80928037775896,3927,-0.0365,0,0
0.80927993743427,3928,-0.036,0,0
0.80927949699602,3929,-0.0355,0,0
0.80927905644421,3930,-0.035,0,0
0.80927861577884,3931,-0.0345,0,0
0.80927817499992,3932,-0.034,0,0
0.80927773410744,3933,-0.0335,0,0
0.80927729310139,3934,-0.033,0,0
0.80927685198179,3935,-0.0325,0,0
0.80927641074863,3936,-0.032,0,0
0.80927596940191,3937,-0.0315,0,0
0.80927552794162,3938,-0.031,0,0
0.80927508636778,3939,-0.0305,0,0
0.80927464468038,3940,-0.03,0,0
0.80927420287941,3941,-0.0295,0,0
0.80927376096488,3942,-0.029,0,0
0.80927331893679,3943,-0.0285,0,0
0.80927287679514,3944,-0.028,0,0
0.80927243453992,3945,-0.0275,0,0
0.80927199217115,3946,-0.027,0,0
0.80927154968881,3947,-0.0265,0,0
0.8092711070929,3948,-0.026,0,0
0.80927066438343,3949,-0.0255,0,0
0.8092702215604,3950,-0.025,0,0
0.8092697786238,3951,-0.0245,0,0
0.80926933557364,3952,-0.024,0,0
0.80926889240991,3953,-0.0235,0,0
0.80926844913262,3954,-0.023,0,0
0.80926800574176,3955,-0.0225,0,0
0.80926756223733,3956,-0.022,0,0
0.80926711861934,3957,-0.0215,0,0
0.80926667488778,3958,-0.021,0,0
0.80926623104266,3959,-0.0205,0,0
0.80926578708396,3960,-0.02,0,0
0.8092653430117,3961,-0.0195,0,0
0.80926489882587,3962,-0.019,0,0
0.80926445452648,3963,-0.0185,0,0
0.80926401011351,3964,-0.018,0,0
0.80926356558698,3965,-0.0175,0,0
0.80926312094687,3966,-0.017,0,0
0.8092626761932,3967,-0.0165,0,0
0.80926223132595,3968,-0.016,0,0
0.80926178634514,3969,-0.0155,0,0
0.80926134125076,3970,-0.015,0,0
0.8092608960428,3971,-0.0145,0,0
0.80926045072128,3972,-0.014,0,0
0.80926000528618,3973,-0.0135,0,0
0.80925955973751,3974,-0.013,0,0
0.80925911407527,3975,-0.0125,0,0
0.80925866829945,3976,-0.012,0,0
0.80925822241007,3977,-0.0115,0,0
0.80925777640711,3978,-0.011,0,0
0.80925733029058,3979,-0.0105,0,0
0.80925688406047,3980,-0.01,0,0
0.80925643771679,3981,-0.0095000000000001,0,0
0.80925599125954,3982,-0.0089999999999999,0,0
0.80925554468871,3983,-0.0085,0,0
0.80925509800431,3984,-0.008,0,0
0.80925465120633,3985,-0.0075000000000001,0,0
0.80925420429478,3986,-0.0069999999999999,0,0
0.80925375726965,3987,-0.0065,0,0
0.80925331013095,3988,-0.006,0,0
0.80925286287867,3989,-0.0055000000000001,0,0
0.80925241551281,3990,-0.0049999999999999,0,0
0.80925196803338,3991,-0.0044999999999999,0,0
0.80925152044037,3992,-0.004,0,0
0.80925107273378,3993,-0.0035000000000001,0,0
0.80925062491361,3994,-0.0029999999999999,0,0
0.80925017697987,3995,-0.0024999999999999,0,0
0.80924972893255,3996,-0.002,0,0
0.80924928077165,3997,-0.0015000000000001,0,0
0.80924883249717,3998,-0.00099999999999989,0,0
0.80924838410911,3999,-0.00049999999999994,0,0
0.80924793560748,4000,0,0,0
0.39120937053424,8000,1,0,0
0.39120853720163,8001,1.0005,0,0
0.39120770409069,8002,1.001,0,0
0.39120687120144,8003,1.0015,0,0
0.39120603853386,8004,1.002,0,0
0.39120520608797,8005,1.0025,0,0
0.39120437386376,8006,1.003,0,0
0.39120354186123,8007,1.0035,0,0
0.39120271008039,8008,1.004,0,0
0.39120187852123,8009,1.0045,0,0
0.39120104718376,8010,1.005,0,0
0.39120021606797,8011,1.0055,0,0
0.39119938517388,8012,1.006,0,0
0.39119855450147,8013,1.0065,0,0
0.39119772405075,8014,1.007,0,0
0.39119689382173,8015,1.0075,0,0
0.39119606381439,8016,1.008,0,0
0.39119523402875,8017,1.0085,0,0
0.3911944044648,8018,1.009,0,0
0.39119357512254,8019,1.0095,0,0
0.39119274600198,8020,1.01,0,0
0.39119191710311,8021,1.0105,0,0
0.39119108842594,8022,1.011,0,0
0.39119025997047,8023,1.0115,0,0
0.39118943173669,8024,1.012,0,0
0.39118860372461,8025,1.0125,0,0
0.39118777593424,8026,1.013,0,0
0.39118694836556,8027,1.0135,0,0
0.39118612101858,8028,1.014,0,0
0.3911852938933,8029,1.0145,0,0
0.39118446698973,8030,1.015,0,0
0.39118364030785,8031,1.0155,0,0
0.39118281384769,8032,1.016,0,0
0.39118198760922,8033,1.0165,0,0
0.39118116159246,8034,1.017,0,0
0.3911803357974,8035,1.0175,0,0
0.39117951022405,8036,1.018,0,0
0.39117868487241,8037,1.0185,0,0
0.39117785974247,8038,1.019,0,0
0.39117703483425,8039,1.0195,0,0
0.39117621014773,8040,1.02,0,0
0.39117538568291,8041,1.0205,0,0
0.39117456143981,8042,1.021,0,0
0.39117373741842,8043,1.0215,0,0
0.39117291361874,8044,1.022,0,0
0.39117209004077,8045,1.0225,0,0
0.39117126668451,8046,1.023,0,0
0.39117044354996,8047,1.0235,0,0
0.39116962063713,8048,1.024,0,0
0.39116879794601,8049,1.0245,0,0
0.3911679754766,8050,1.025,0,0
0.39116715322891,8051,1.0255,0,0
0.39116633120293,8052,1.026,0,0
0.39116550939867,8053,1.0265,0,0
0.39116468781612,8054,1.027,0,0
0.39116386645529,8055,1.0275,0,0
0.39116304531618,8056,1.028,0,0
0.39116222439878,8057,1.0285,0,0
0.3911614037031,8058,1.029,0,0
0.39116058322914,8059,1.0295,0,0
0.39115976297689,8060,1.03,0,0
0.39115894294637,8061,1.0305,0,0
0.39115812313756,8062,1.031,0,0
0.39115730355048,8063,1.0315,0,0
0.39115648418511,8064,1.032,0,0
0.39115566504146,8065,1.0325,0,0
0.39115484611954,8066,1.033,0,0
0.39115402741933,8067,1.0335,0,0
0.39115320894085,8068,1.034,0,0
0.39115239068408,8069,1.0345,0,0
0.39115157264904,8070,1.035,0,0
0.39115075483572,8071,1.0355,0,0
0.39114993724413,8072,1.036,0,0
0.39114911987425,8073,1.0365,0,0
0.3911483027261,8074,1.037,0,0
0.39114748579967,8075,1.0375,0,0
0.39114666909497,8076,1.038,0,0
0.39114585261199,8077,1.0385,0,0
0.39114503635073,8078,1.039,0,0
0.3911442203112,8079,1.0395,0,0
0.39114340449339,8080,1.04,0,0
0.39114258889731,8081,1.0405,0,0
0.39114177352295,8082,1.041,0,0
0.39114095837032,8083,1.0415,0,0
0.39114014343941,8084,1.042,0,0
0.39113932873022,8085,1.0425,0,0
0.39113851424277,8086,1.043,0,0
0.39113769997704,8087,1.0435,0,0
0.39113688593303,8088,1.044,0,0
0.39113607211075,8089,1.0445,0,0
0.3911352585102,8090,1.045,0,0
0.39113444513137,8091,1.0455,0,0
0.39113363197427,8092,1.046,0,0
0.39113281903889,8093,1.0465,0,0
0.39113200632525,8094,1.047,0,0
0.39113119383332,8095,1.0475,0,0
0.39113038156313,8096,1.048,0,0
0.39112956951466,8097,1.0485,0,0
0.39112875768792,8098,1.049,0,0
0.3911279460829,8099,1.0495,0,0
0.39112713469962,8100,1.05,0,0
0.39112632353806,8101,1.0505,0,0
0.39112551259822,8102,1.051,0,0
0.39112470188012,8103,1.0515,0,0
0.39112389138374,8104,1.052,0,0
0.39112308110908,8105,1.0525,0,0
0.39112227105616,8106,1.053,0,0
0.39112146122496,8107,1.0535,0,0
0.39112065161548,8108,1.054,0,0
0.39111984222774,8109,1.0545,0,0
0.39111903306172,8110,1.055,0,0
0.39111822411742,8111,1.0555,0,0
0.39111741539486,8112,1.056,0,0
0.39111660689402,8113,1.0565,0,0
0.39111579861491,8114,1.057,0,0
0.39111499055752,8115,1.0575,0,0
0.39111418272186,8116,1.058,0,0
0.39111337510792,8117,1.0585,0,0
0.39111256771571,8118,1.059,0,0
0.39111176054523,8119,1.0595,0,0
0.39111095359647,8120,1.06,0,0
0.39111014686944,8121,1.0605,0,0
0.39110934036413,8122,1.061,0,0
0.39110853408055,8123,1.0615,0,0
0.39110772801869,8124,1.062,0,0
0.39110692217856,8125,1.0625,0,0
0.39110611656015,8126,1.063,0,0
0.39110531116346,8127,1.0635,0,0
0.3911045059885,8128,1.064,0,0
0.39110370103527,8129,1.0645,0,0
0.39110289630375,8130,1.065,0,0
0.39110209179396,8131,1.0655,0,0
0.39110128750589,8132,1.066,0,0
0.39110048343955,8133,1.0665,0,0
0.39109967959493,8134,1.067,0,0
0.39109887597203,8135,1.0675,0,0
0.39109807257085,8136,1.068,0,0
0.39109726939139,8137,1.0685,0,0
0.39109646643366,8138,1.069,0,0
0.39109566369764,8139,1.0695,0,0
0.39109486118335,8140,1.07,0,0
0.39109405889077,8141,1.0705,0,0
0.39109325681992,8142,1.071,0,0
0.39109245497078,8143,1.0715,0,0
0.39109165334337,8144,1.072,0,0
0.39109085193767,8145,1.0725,0,0
0.39109005075369,8146,1.073,0,0
0.39108924979143,8147,1.0735,0,0
0.39108844905088,8148,1.074,0,0
0.39108764853206,8149,1.0745,0,0
0.39108684823495,8150,1.075,0,0
0.39108604815955,8151,1.0755,0,0
0.39108524830587,8152,1.076,0,0
0.39108444867391,8153,1.0765,0,0
0.39108364926366,8154,1.077,0,0
0.39108285007512,8155,1.0775,0,0
0.3910820511083,8156,1.078,0,0
0.39108125236319,8157,1.0785,0,0
0.3910804538398,8158,1.079,0,0
0.39107965553812,8159,1.0795,0,0
0.39107885745814,8160,1.08,0,0
0.39107805959988,8161,1.0805,0,0
0.39107726196333,8162,1.081,0,0
0.39107646454849,8163,1.0815,0,0
0.39107566735536,8164,1.082,0,0
0.39107487038394,8165,1.0825,0,0
0.39107407363423,8166,1.083,0,0
0.39107327710622,8167,1.0835,0,0
0.39107248079993,8168,1.084,0,0
0.39107168471533,8169,1.0845,0,0
0.39107088885245,8170,1.085,0,0
0.39107009321127,8171,1.0855,0,0
0.39106929779179,8172,1.086,0,0
0.39106850259402,8173,1.0865,0,0
0.39106770761795,8174,1.087,0,0
0.39106691286358,8175,1.0875,0,0
0.39106611833092,8176,1.088,0,0
0.39106532401995,8177,1.0885,0,0
0.39106452993069,8178,1.089,0,0
0.39106373606313,8179,1.0895,0,0
0.39106294241726,8180,1.09,0,0
0.3910621489931,8181,1.0905,0,0
0.39106135579063,8182,1.091,0,0
0.39106056280986,8183,1.0915,0,0
0.39105977005078,8184,1.092,0,0
0.3910589775134,8185,1.0925,0,0
0.39105818519772,8186,1.093,0,0
0.39105739310373,8187,1.0935,0,0
0.39105660123143,8188,1.094,0,0
0.39105580958082,8189,1.0945,0,0
0.39105501815191,8190,1.095,0,0
0.39105422694469,8191,1.0955,0,0
0.39105343595915,8192,1.096,0,0
0.39105264519531,8193,1.0965,0,0
0.39105185465315,8194,1.097,0,0
0.39105106433268,8195,1.0975,0,0
0.3910502742339,8196,1.098,0,0
0.3910494843568,8197,1.0985,0,0
0.39104869470139,8198,1.099,0,0
0.39104790526766,8199,1.0995,0,0
0.39104711605561,8200,1.1,0,0
0.39104632706524,8201,1.1005,0,0
0.39104553829656,8202,1.101,0,0
0.39104474974956,8203,1.1015,0,0
0.39104396142423,8204,1.102,0,0
0.39104317332059,8205,1.1025,0,0
0.39104238543862,8206,1.103,0,0
0.39104159777832,8207,1.1035,0,0
0.39104081033971,8208,1.104,0,0
0.39104002312276,8209,1.1045,0,0
0.39103923612749,8210,1.105,0,0
0.39103844935389,8211,1.1055,0,0
0.39103766280197,8212,1.106,0,0
0.39103687647171,8213,1.1065,0,0
0.39103609036312,8214,1.107,0,0
0.39103530447621,8215,1.1075,0,0
0.39103451881095,8216,1.108,0,0
0.39103373336737,8217,1.1085,0,0
0.39103294814545,8218,1.109,0,0
0.39103216314519,8219,1.1095,0,0
0.3910313783666,8220,1.11,0,0
0.39103059380966,8221,1.1105,0,0
0.39102980947439,8222,1.111,0,0
0.39102902536078,8223,1.1115,0,0
0.39102824146883,8224,1.112,0,0
0.39102745779853,8225,1.1125,0,0
0.39102667434989,8226,1.113,0,0
0.3910258911229,8227,1.1135,0,0
0.39102510811757,8228,1.114,0,0
0.39102432533389,8229,1.1145,0,0
0.39102354277186,8230,1.115,0,0
0.39102276043149,8231,1.1155,0,0
0.39102197831276,8232,1.116,0,0
0.39102119641568,8233,1.1165,0,0
0.39102041474024,8234,1.117,0,0
0.39101963328646,8235,1.1175,0,0
0.39101885205431,8236,1.118,0,0
0.39101807104381,8237,1.1185,0,0
0.39101729025495,8238,1.119,0,0
0.39101650968773,8239,1.1195,0,0
0.39101572934215,8240,1.12,0,0
0.39101494921821,8241,1.1205,0,0
0.3910141693159,8242,1.121,0,0
0.39101338963523,8243,1.1215,0,0
0.39101261017619,8244,1.122,0,0
0.39101183093879,8245,1.1225,0,0
0.39101105192302,8246,1.123,0,0
0.39101027312887,8247,1.1235,0,0
0.39100949455636,8248,1.124,0,0
0.39100871620547,8249,1.1245,0,0
0.39100793807621,8250,1.125,0,0
0.39100716016857,8251,1.1255,0,0
0.39100638248256,8252,1.126,0,0
0.39100560501817,8253,1.1265,0,0
0.3910048277754,8254,1.127,0,0
0.39100405075424,8255,1.1275,0,0
0.39100327395471,8256,1.128,0,0
0.39100249737679,8257,1.1285,0,0
0.39100172102048,8258,1.129,0,0
0.39100094488579,8259,1.1295,0,0
0.39100016897271,8260,1.13,0,0
0.39099939328124,8261,1.1305,0,0
0.39099861781138,8262,1.131,0,0
0.39099784256313,8263,1.1315,0,0
0.39099706753648,8264,1.132,0,0
0.39099629273144,8265,1.1325,0,0
0.390995518148,8266,1.133,0,0
0.39099474378616,8267,1.1335,0,0
0.39099396964592,8268,1.134,0,0
0.39099319572728,8269,1.1345,0,0
0.39099242203023,8270,1.135,0,0
0.39099164855478,8271,1.1355,0,0
0.39099087530093,8272,1.136,0,0
0.39099010226866,8273,1.1365,0,0
0.39098932945799,8274,1.137,0,0
0.3909885568689,8275,1.1375,0,0
0.3909877845014,8276,1.138,0,0
0.39098701235549,8277,1.1385,0,0
0.39098624043116,8278,1.139,0,0
0.39098546872841,8279,1.1395,0,0
0.39098469724725,8280,1.14,0,0
0.39098392598766,8281,1.1405,0,0
0.39098315494965,8282,1.141,0,0
0.39098238413322,8283,1.1415,0,0
0.39098161353836,8284,1.142,0,0
0.39098084316507,8285,1.1425,0,0
0.39098007301335,8286,1.143,0,0
0.3909793030832,8287,1.1435,0,0
0.39097853337462,8288,1.144,0,0
0.39097776388761,8289,1.1445,0,0
0.39097699462215,8290,1.145,0,0
0.39097622557826,8291,1.1455,0,0
0.39097545675593,8292,1.146,0,0
0.39097468815516,8293,1.1465,0,0
0.39097391977595,8294,1.147,0,0
0.39097315161829,8295,1.1475,0,0
0.39097238368218,8296,1.148,0,0
0.39097161596762,8297,1.1485,0,0
0.39097084847462,8298,1.149,0,0
0.39097008120316,8299,1.1495,0,0
0.39096931415325,8300,1.15,0,0
0.39096854732488,8301,1.1505,0,0
0.39096778071805,8302,1.151,0,0
0.39096701433276,8303,1.1515,0,0
0.39096624816902,8304,1.152,0,0
0.3909654822268,8305,1.1525,0,0
0.39096471650613,8306,1.153,0,0
0.39096395100698,8307,1.1535,0,0
0.39096318572937,8308,1.154,0,0
0.39096242067329,8309,1.1545,0,0
0.39096165583873,8310,1.155,0,0
0.3909608912257,8311,1.1555,0,0
0.39096012683419,8312,1.156,0,0
0.3909593626642,8313,1.1565,0,0
0.39095859871573,8314,1.157,0,0
0.39095783498878,8315,1.1575,0,0
0.39095707148335,8316,1.158,0,0
0.39095630819943,8317,1.1585,0,0
0.39095554513702,8318,1.159,0,0
0.39095478229611,8319,1.1595,0,0
0.39095401967672,8320,1.16,0,0
0.39095325727883,8321,1.1605,0,0
0.39095249510245,8322,1.161,0,0
0.39095173314756,8323,1.1615,0,0
0.39095097141418,8324,1.162,0,0
0.39095020990229,8325,1.1625,0,0
0.3909494486119,8326,1.163,0,0
0.390948687543,8327,1.1635,0,0
0.39094792669559,8328,1.164,0,0
0.39094716606967,8329,1.1645,0,0
0.39094640566524,8330,1.165,0,0
0.3909456454823,8331,1.1655,0,0
0.39094488552083,8332,1.166,0,0
0.39094412578085,8333,1.1665,0,0
0.39094336626234,8334,1.167,0,0
0.39094260696531,8335,1.1675,0,0
0.39094184788975,8336,1.168,0,0
0.39094108903567,8337,1.1685,0,0
0.39094033040306,8338,1.169,0,0
0.39093957199191,8339,1.1695,0,0
0.39093881380223,8340,1.17,0,0
0.39093805583401,8341,1.1705,0,0
0.39093729808725,8342,1.171,0,0
0.39093654056195,8343,1.1715,0,0
0.39093578325811,8344,1.172,0,0
0.39093502617572,8345,1.1725,0,0
0.39093426931479,8346,1.173,0,0
0.3909335126753,8347,1.1735,0,0
0.39093275625726,8348,1.174,0,0
0.39093200006067,8349,1.1745,0,0
0.39093124408552,8350,1.175,0,0
0.39093048833181,8351,1.1755,0,0
0.39092973279954,8352,1.176,0,0
0.3909289774887,8353,1.1765,0,0
0.3909282223993,8354,1.177,0,0
0.39092746753133,8355,1.1775,0,0
0.39092671288479,8356,1.178,0,0
0.39092595845967,8357,1.1785,0,0
0.39092520425598,8358,1.179,0,0
0.39092445027371,8359,1.1795,0,0
0.39092369651286,8360,1.18,0,0
0.39092294297343,8361,1.1805,0,0
0.39092218965542,8362,1.181,0,0
0.39092143655881,8363,1.1815,0,0
0.39092068368362,8364,1.182,0,0
0.39091993102983,8365,1.1825,0,0
0.39091917859745,8366,1.183,0,0
0.39091842638647,8367,1.1835,0,0
0.39091767439689,8368,1.184,0,0
0.39091692262871,8369,1.1845,0,0
0.39091617108193,8370,1.185,0,0
0.39091541975653,8371,1.1855,0,0
0.39091466865253,8372,1.186,0,0
0.39091391776992,8373,1.1865,0,0
0.39091316710869,8374,1.187,0,0
0.39091241666884,8375,1.1875,0,0
0.39091166645038,8376,1.188,0,0
0.39091091645329,8377,1.1885,0,0
0.39091016667758,8378,1.189,0,0
0.39090941712324,8379,1.1895,0,0
0.39090866779027,8380,1.19,0,0
0.39090791867867,8381,1.1905,0,0
0.39090716978843,8382,1.191,0,0
0.39090642111956,8383,1.1915,0,0
0.39090567267205,8384,1.192,0,0
0.39090492444589,8385,1.1925,0,0
0.39090417644109,8386,1.193,0,0
0.39090342865764,8387,1.1935,0,0
0.39090268109554,8388,1.194,0,0
0.39090193375479,8389,1.1945,0,0
0.39090118663538,8390,1.195,0,0
0.39090043973732,8391,1.1955,0,0
0.39089969306059,8392,1.196,0,0
0.3908989466052,8393,1.1965,0,0
0.39089820037114,8394,1.197,0,0
0.39089745435841,8395,1.1975,0,0
0.39089670856701,8396,1.198,0,0
0.39089596299694,8397,1.1985,0,0
0.39089521764819,8398,1.199,0,0
0.39089447252076,8399,1.1995,0,0
0.39089372761465,8400,1.2,0,0
0.39089298292985,8401,1.2005,0,0
0.39089223846636,8402,1.201,0,0
0.39089149422419,8403,1.2015,0,0
0.39089075020332,8404,1.202,0,0
0.39089000640375,8405,1.2025,0,0
0.39088926282548,8406,1.203,0,0
0.39088851946851,8407,1.2035,0,0
0.39088777633284,8408,1.204,0,0
0.39088703341846,8409,1.2045,0,0
0.39088629072537,8410,1.205,0,0
0.39088554825356,8411,1.2055,0,0
0.39088480600304,8412,1.206,0,0
0.3908840639738,8413,1.2065,0,0
0.39088332216584,8414,1.207,0,0
0.39088258057915,8415,1.2075,0,0
0.39088183921374,8416,1.208,0,0
0.3908810980696,8417,1.2085,0,0
0.39088035714672,8418,1.209,0,0
0.39087961644511,8419,1.2095,0,0
0.39087887596475,8420,1.21,0,0
0.39087813570566,8421,1.2105,0,0
0.39087739566782,8422,1.211,0,0
0.39087665585123,8423,1.2115,0,0
0.39087591625589,8424,1.212,0,0
0.3908751768818,8425,1.2125,0,0
0.39087443772895,8426,1.213,0,0
0.39087369879734,8427,1.2135,0,0
0.39087296008697,8428,1.214,0,0
0.39087222159783,8429,1.2145,0,0
0.39087148332992,8430,1.215,0,0
0.39087074528325,8431,1.2155,0,0
0.39087000745779,8432,1.216,0,0
0.39086926985356,8433,1.2165,0,0
0.39086853247055,8434,1.217,0,0
0.39086779530876,8435,1.2175,0,0
0.39086705836817,8436,1.218,0,0
0.3908663216488,8437,1.2185,0,0
0.39086558515064,8438,1.219,0,0
0.39086484887367,8439,1.2195,0,0
0.39086411281791,8440,1.22,0,0
0.39086337698335,8441,1.2205,0,0
0.39086264136998,8442,1.221,0,0
0.39086190597781,8443,1.2215,0,0
0.39086117080682,8444,1.222,0,0
0.39086043585701,8445,1.2225,0,0
0.39085970112839,8446,1.223,0,0
0.39085896662095,8447,1.2235,0,0
0.39085823233469,8448,1.224,0,0
0.39085749826959,8449,1.2245,0,0
0.39085676442567,8450,1.225,0,0
0.39085603080291,8451,1.2255,0,0
0.39085529740131,8452,1.226,0,0
0.39085456422088,8453,1.2265,0,0
0.3908538312616,8454,1.227,0,0
0.39085309852347,8455,1.2275,0,0
0.3908523660065,8456,1.228,0,0
0.39085163371067,8457,1.2285,0,0
0.39085090163599,8458,1.229,0,0
0.39085016978244,8459,1.2295,0,0
0.39084943815004,8460,1.23,0,0
0.39084870673876,8461,1.2305,0,0
0.39084797554862,8462,1.231,0,0
0.39084724457961,8463,1.2315,0,0
0.39084651383172,8464,1.232,0,0
0.39084578330495,8465,1.2325,0,0
0.39084505299929,8466,1.233,0,0
0.39084432291476,8467,1.2335,0,0
0.39084359305133,8468,1.234,0,0
0.39084286340901,8469,1.2345,0,0
0.39084213398779,8470,1.235,0,0
0.39084140478768,8471,1.2355,0,0
0.39084067580866,8472,1.236,0,0
0.39083994705074,8473,1.2365,0,0
0.3908392185139,8474,1.237,0,0
0.39083849019816,8475,1.2375,0,0
0.39083776210349,8476,1.238,0,0
0.39083703422991,8477,1.2385,0,0
0.39083630657741,8478,1.239,0,0
0.39083557914597,8479,1.2395,0,0
0.39083485193561,8480,1.24,0,0
0.39083412494632,8481,1.2405,0,0
0.39083339817809,8482,1.241,0,0
0.39083267163091,8483,1.2415,0,0
0.3908319453048,8484,1.242,0,0
0.39083121919973,8485,1.2425,0,0
0.39083049331572,8486,1.243,0,0
0.39082976765275,8487,1.2435,0,0
0.39082904221083,8488,1.244,0,0
0.39082831698994,8489,1.2445,0,0
0.39082759199009,8490,1.245,0,0
0.39082686721127,8491,1.2455,0,0
0.39082614265347,8492,1.246,0,0
0.39082541831671,8493,1.2465,0,0
0.39082469420096,8494,1.247,0,0
0.39082397030623,8495,1.2475,0,0
0.39082324663252,8496,1.248,0,0
0.39082252317981,8497,1.2485,0,0
0.39082179994811,8498,1.249,0,0
0.39082107693742,8499,1.2495,0,0
0.39082035414772,8500,1.25,0,0
0.39081963157902,8501,1.2505,0,0
0.39081890923131,8502,1.251,0,0
0.39081818710459,8503,1.2515,0,0
0.39081746519886,8504,1.252,0,0
0.39081674351411,8505,1.2525,0,0
0.39081602205033,8506,1.253,0,0
0.39081530080753,8507,1.2535,0,0
0.3908145797857,8508,1.254,0,0
0.39081385898483,8509,1.2545,0,0
0.39081313840493,8510,1.255,0,0
0.39081241804599,8511,1.2555,0,0
0.390811697908,8512,1.256,0,0
0.39081097799097,8513,1.2565,0,0
0.39081025829488,8514,1.257,0,0
0.39080953881974,8515,1.2575,0,0
0.39080881956553,8516,1.258,0,0
0.39080810053227,8517,1.2585,0,0
0.39080738171993,8518,1.259,0,0
0.39080666312853,8519,1.2595,0,0
0.39080594475805,8520,1.26,0,0
0.39080522660849,8521,1.2605,0,0
0.39080450867985,8522,1.261,0,0
0.39080379097213,8523,1.2615,0,0
0.39080307348531,8524,1.262,0,0
0.3908023562194,8525,1.2625,0,0
0.3908016391744,8526,1.263,0,0
0.39080092235029,8527,1.2635,0,0
0.39080020574708,8528,1.264,0,0
0.39079948936476,8529,1.2645,0,0
0.39079877320332,8530,1.265,0,0
0.39079805726277,8531,1.2655,0,0
0.3907973415431,8532,1.266,0,0
0.3907966260443,8533,1.2665,0,0
0.39079591076637,8534,1.267,0,0
0.39079519570931,8535,1.2675,0,0
0.39079448087312,8536,1.268,0,0
0.39079376625778,8537,1.2685,0,0
0.3907930518633,8538,1.269,0,0
0.39079233768968,8539,1.2695,0,0
0.3907916237369,8540,1.27,0,0
0.39079091000496,8541,1.2705,0,0
0.39079019649387,8542,1.271,0,0
0.39078948320361,8543,1.2715,0,0
0.39078877013418,8544,1.272,0,0
0.39078805728558,8545,1.2725,0,0
0.3907873446578,8546,1.273,0,0
0.39078663225085,8547,1.2735,0,0
0.39078592006471,8548,1.274,0,0
0.39078520809938,8549,1.2745,0,0
0.39078449635486,8550,1.275,0,0
0.39078378483114,8551,1.2755,0,0
0.39078307352822,8552,1.276,0,0
0.3907823624461,8553,1.2765,0,0
0.39078165158477,8554,1.277,0,0
0.39078094094423,8555,1.2775,0,0
0.39078023052447,8556,1.278,0,0
0.39077952032549,8557,1.2785,0,0
0.39077881034728,8558,1.279,0,0
0.39077810058985,8559,1.2795,0,0
0.39077739105318,8560,1.28,0,0
0.39077668173728,8561,1.2805,0,0
0.39077597264213,8562,1.281,0,0
0.39077526376774,8563,1.2815,0,0
0.3907745551141,8564,1.282,0,0
0.3907738466812,8565,1.2825,0,0
0.39077313846905,8566,1.283,0,0
0.39077243047763,8567,1.2835,0,0
0.39077172270695,8568,1.284,0,0
0.390771015157,8569,1.2845,0,0
0.39077030782777,8570,1.285,0,0
0.39076960071927,8571,1.2855,0,0
0.39076889383148,8572,1.286,0,0
0.3907681871644,8573,1.2865,0,0
0.39076748071803,8574,1.287,0,0
0.39076677449236,8575,1.2875,0,0
0.3907660684874,8576,1.288,0,0
0.39076536270313,8577,1.2885,0,0
0.39076465713955,8578,1.289,0,0
0.39076395179666,8579,1.2895,0,0
0.39076324667445,8580,1.29,0,0
0.39076254177292,8581,1.2905,0,0
0.39076183709206,8582,1.291,0,0
0.39076113263187,8583,1.2915,0,0
0.39076042839235,8584,1.292,0,0
0.39075972437349,8585,1.2925,0,0
0.39075902057528,8586,1.293,0,0
0.39075831699773,8587,1.2935,0,0
0.39075761364082,8588,1.294,0,0
0.39075691050456,8589,1.2945,0,0
0.39075620758894,8590,1.295,0,0
0.39075550489395,8591,1.2955,0,0
0.39075480241959,8592,1.296,0,0
0.39075410016586,8593,1.2965,0,0
0.39075339813275,8594,1.297,0,0
0.39075269632026,8595,1.2975,0,0
0.39075199472838,8596,1.298,0,0
0.3907512933571,8597,1.2985,0,0
0.39075059220644,8598,1.299,0,0
0.39074989127637,8599,1.2995,0,0
0.39074919056689,8600,1.3,0,0
0.39074849007801,8601,1.3005,0,0
0.39074778980971,8602,1.301,0,0
0.39074708976199,8603,1.3015,0,0
0.39074638993485,8604,1.302,0,0
0.39074569032828,8605,1.3025,0,0
0.39074499094228,8606,1.303,0,0
0.39074429177685,8607,1.3035,0,0
0.39074359283197,8608,1.304,0,0
0.39074289410764,8609,1.3045,0,0
0.39074219560387,8610,1.305,0,0
0.39074149732064,8611,1.3055,0,0
0.39074079925795,8612,1.306,0,0
0.3907401014158,8613,1.3065,0,0
0.39073940379418,8614,1.307,0,0
0.39073870639308,8615,1.3075,0,0
0.39073800921251,8616,1.308,0,0
0.39073731225246,8617,1.3085,0,0
0.39073661551292,8618,1.309,0,0
0.39073591899388,8619,1.3095,0,0
0.39073522269535,8620,1.31,0,0
0.39073452661732,8621,1.3105,0,0
0.39073383075979,8622,1.311,0,0
0.39073313512274,8623,1.3115,0,0
0.39073243970618,8624,1.312,0,0
0.3907317445101,8625,1.3125,0,0
0.39073104953449,8626,1.313,0,0
0.39073035477936,8627,1.3135,0,0
0.39072966024469,8628,1.314,0,0
0.39072896593049,8629,1.3145,0,0
0.39072827183674,8630,1.315,0,0
0.39072757796344,8631,1.3155,0,0
0.39072688431059,8632,1.316,0,0
0.39072619087819,8633,1.3165,0,0
0.39072549766622,8634,1.317,0,0
0.39072480467468,8635,1.3175,0,0
0.39072411190358,8636,1.318,0,0
0.39072341935289,8637,1.3185,0,0
0.39072272702263,8638,1.319,0,0
0.39072203491278,8639,1.3195,0,0
0.39072134302334,8640,1.32,0,0
0.3907206513543,8641,1.3205,0,0
0.39071995990567,8642,1.321,0,0
0.39071926867743,8643,1.3215,0,0
0.39071857766958,8644,1.322,0,0
0.39071788688211,8645,1.3225,0,0
0.39071719631502,8646,1.323,0,0
0.39071650596831,8647,1.3235,0,0
0.39071581584198,8648,1.324,0,0
0.390715125936,8649,1.3245,0,0
0.39071443625039,8650,1.325,0,0
0.39071374678513,8651,1.3255,0,0
0.39071305754023,8652,1.326,0,0
0.39071236851567,8653,1.3265,0,0
0.39071167971145,8654,1.327,0,0
0.39071099112757,8655,1.3275,0,0
0.39071030276402,8656,1.328,0,0
0.3907096146208,8657,1.3285,0,0
0.39070892669789,8658,1.329,0,0
0.39070823899531,8659,1.3295,0,0
0.39070755151303,8660,1.33,0,0
0.39070686425107,8661,1.3305,0,0
0.3907061772094,8662,1.331,0,0
0.39070549038803,8663,1.3315,0,0
0.39070480378696,8664,1.332,0,0
0.39070411740617,8665,1.3325,0,0
0.39070343124566,8666,1.333,0,0
0.39070274530543,8667,1.3335,0,0
0.39070205958547,8668,1.334,0,0
0.39070137408577,8669,1.3345,0,0
0.39070068880634,8670,1.335,0,0
0.39070000374717,8671,1.3355,0,0
0.39069931890824,8672,1.336,0,0
0.39069863428957,8673,1.3365,0,0
0.39069794989113,8674,1.337,0,0
0.39069726571293,8675,1.3375,0,0
0.39069658175496,8676,1.338,0,0
0.39069589801722,8677,1.3385,0,0
0.3906952144997,8678,1.339,0,0
0.3906945312024,8679,1.3395,0,0
0.3906938481253,8680,1.34,0,0
0.39069316526841,8681,1.3405,0,0
0.39069248263172,8682,1.341,0,0
0.39069180021523,8683,1.3415,0,0
0.39069111801893,8684,1.342,0,0
0.39069043604281,8685,1.3425,0,0
0.39068975428687,8686,1.343,0,0
0.39068907275111,8687,1.3435,0,0
0.39068839143551,8688,1.344,0,0
0.39068771034008,8689,1.3445,0,0
0.39068702946481,8690,1.345,0,0
0.3906863488097,8691,1.3455,0,0
0.39068566837473,8692,1.346,0,0
0.3906849881599,8693,1.3465,0,0
0.39068430816522,8694,1.347,0,0
0.39068362839066,8695,1.3475,0,0
0.39068294883624,8696,1.348,0,0
0.39068226950194,8697,1.3485,0,0
0.39068159038775,8698,1.349,0,0
0.39068091149367,8699,1.3495,0,0
0.39068023281971,8700,1.35,0,0
0.39067955436584,8701,1.3505,0,0
0.39067887613207,8702,1.351,0,0
0.39067819811839,8703,1.3515,0,0
0.3906775203248,8704,1.352,0,0
0.39067684275128,8705,1.3525,0,0
0.39067616539784,8706,1.353,0,0
0.39067548826447,8707,1.3535,0,0
0.39067481135116,8708,1.354,0,0
0.39067413465792,8709,1.3545,0,0
0.39067345818472,8710,1.355,0,0
0.39067278193158,8711,1.3555,0,0
0.39067210589847,8712,1.356,0,0
0.39067143008541,8713,1.3565,0,0
0.39067075449237,8714,1.357,0,0
0.39067007911936,8715,1.3575,0,0
0.39066940396638,8716,1.358,0,0
0.3906687290334,8717,1.3585,0,0
0.39066805432044,8718,1.359,0,0
0.39066737982748,8719,1.3595,0,0
0.39066670555453,8720,1.36,0,0
0.39066603150156,8721,1.3605,0,0
0.39066535766859,8722,1.361,0,0
0.39066468405559,8723,1.3615,0,0
0.39066401066258,8724,1.362,0,0
0.39066333748954,8725,1.3625,0,0
0.39066266453646,8726,1.363,0,0
0.39066199180334,8727,1.3635,0,0
0.39066131929018,8728,1.364,0,0
0.39066064699697,8729,1.3645,0,0
0.3906599749237,8730,1.365,0,0
0.39065930307038,8731,1.3655,0,0
0.39065863143698,8732,1.366,0,0
0.39065796002352,8733,1.3665,0,0
0.39065728882997,8734,1.367,0,0
0.39065661785634,8735,1.3675,0,0
0.39065594710263,8736,1.368,0,0
0.39065527656882,8737,1.3685,0,0
0.39065460625491,8738,1.369,0,0
0.39065393616089,8739,1.3695,0,0
0.39065326628676,8740,1.37,0,0
0.39065259663252,8741,1.3705,0,0
0.39065192719815,8742,1.371,0,0
0.39065125798365,8743,1.3715,0,0
0.39065058898903,8744,1.372,0,0
0.39064992021426,8745,1.3725,0,0
0.39064925165934,8746,1.373,0,0
0.39064858332428,8747,1.3735,0,0
0.39064791520906,8748,1.374,0,0
0.39064724731368,8749,1.3745,0,0
0.39064657963813,8750,1.375,0,0
0.3906459121824,8751,1.3755,0,0
0.3906452449465,8752,1.376,0,0
0.39064457793041,8753,1.3765,0,0
0.39064391113414,8754,1.377,0,0
0.39064324455766,8755,1.3775,0,0
0.39064257820099,8756,1.378,0,0
0.3906419120641,8757,1.3785,0,0
0.390641246147,8758,1.379,0,0
0.39064058044969,8759,1.3795,0,0
0.39063991497215,8760,1.38,0,0
0.39063924971438,8761,1.3805,0,0
0.39063858467637,8762,1.381,0,0
0.39063791985812,8763,1.3815,0,0
0.39063725525962,8764,1.382,0,0
0.39063659088087,8765,1.3825,0,0
0.39063592672186,8766,1.383,0,0
0.39063526278258,8767,1.3835,0,0
0.39063459906303,8768,1.384,0,0
0.39063393556321,8769,1.3845,0,0
0.3906332722831,8770,1.385,0,0
0.3906326092227,8771,1.3855,0,0
0.39063194638201,8772,1.386,0,0
0.39063128376102,8773,1.3865,0,0
0.39063062135972,8774,1.387,0,0
0.39062995917811,8775,1.3875,0,0
0.39062929721618,8776,1.388,0,0
0.39062863547393,8777,1.3885,0,0
0.39062797395135,8778,1.389,0,0
0.39062731264843,8779,1.3895,0,0
0.39062665156517,8780,1.39,0,0
0.39062599070156,8781,1.3905,0,0
0.3906253300576,8782,1.391,0,0
0.39062466963328,8783,1.3915,0,0
0.3906240094286,8784,1.392,0,0
0.39062334944354,8785,1.3925,0,0
0.39062268967811,8786,1.393,0,0
0.39062203013229,8787,1.3935,0,0
0.39062137080609,8788,1.394,0,0
0.39062071169948,8789,1.3945,0,0
0.39062005281248,8790,1.395,0,0
0.39061939414507,8791,1.3955,0,0
0.39061873569725,8792,1.396,0,0
0.39061807746901,8793,1.3965,0,0
0.39061741946034,8794,1.397,0,0
0.39061676167124,8795,1.3975,0,0
0.39061610410171,8796,1.398,0,0
0.39061544675173,8797,1.3985,0,0
0.3906147896213,8798,1.399,0,0
0.39061413271042,8799,1.3995,0,0
0.39061347601908,8800,1.4,0,0
0.39061281954727,8801,1.4005,0,0
0.39061216329498,8802,1.401,0,0
0.39061150726221,8803,1.4015,0,0
0.39061085144896,8804,1.402,0,0
0.39061019585522,8805,1.4025,0,0
0.39060954048098,8806,1.403,0,0
0.39060888532624,8807,1.4035,0,0
0.39060823039098,8808,1.404,0,0
0.39060757567521,8809,1.4045,0,0
0.39060692117892,8810,1.405,0,0
0.3906062669021,8811,1.4055,0,0
0.39060561284474,8812,1.406,0,0
0.39060495900684,8813,1.4065,0,0
0.3906043053884,8814,1.407,0,0
0.3906036519894,8815,1.4075,0,0
0.39060299880984,8816,1.408,0,0
0.39060234584972,8817,1.4085,0,0
0.39060169310903,8818,1.409,0,0
0.39060104058775,8819,1.4095,0,0
0.3906003882859,8820,1.41,0,0
0.39059973620345,8821,1.4105,0,0
0.39059908434041,8822,1.411,0,0
0.39059843269676,8823,1.4115,0,0
0.3905977812725,8824,1.412,0,0
0.39059713006763,8825,1.4125,0,0
0.39059647908214,8826,1.413,0,0
0.39059582831602,8827,1.4135,0,0
0.39059517776926,8828,1.414,0,0
0.39059452744187,8829,1.4145,0,0
0.39059387733383,8830,1.415,0,0
0.39059322744513,8831,1.4155,0,0
0.39059257777578,8832,1.416,0,0
0.39059192832576,8833,1.4165,0,0
0.39059127909506,8834,1.417,0,0
0.39059063008369,8835,1.4175,0,0
0.39058998129164,8836,1.418,0,0
0.39058933271889,8837,1.4185,0,0
0.39058868436545,8838,1.419,0,0
0.3905880362313,8839,1.4195,0,0
0.39058738831645,8840,1.42,0,0
0.39058674062087,8841,1.4205,0,0
0.39058609314458,8842,1.421,0,0
0.39058544588755,8843,1.4215,0,0
0.39058479884979,8844,1.422,0,0
0.39058415203129,8845,1.4225,0,0
0.39058350543204,8846,1.423,0,0
0.39058285905203,8847,1.4235,0,0
0.39058221289127,8848,1.424,0,0
0.39058156694973,8849,1.4245,0,0
0.39058092122743,8850,1.425,0,0
0.39058027572434,8851,1.4255,0,0
0.39057963044046,8852,1.426,0,0
0.39057898537579,8853,1.4265,0,0
0.39057834053032,8854,1.427,0,0
0.39057769590405,8855,1.4275,0,0
0.39057705149696,8856,1.428,0,0
0.39057640730905,8857,1.4285,0,0
0.39057576334032,8858,1.429,0,0
0.39057511959076,8859,1.4295,0,0
0.39057447606035,8860,1.43,0,0
0.3905738327491,8861,1.4305,0,0
0.390573189657,8862,1.431,0,0
0.39057254678405,8863,1.4315,0,0
0.39057190413022,8864,1.432,0,0
0.39057126169553,8865,1.4325,0,0
0.39057061947995,8866,1.433,0,0
0.3905699774835,8867,1.4335,0,0
0.39056933570615,8868,1.434,0,0
0.3905686941479,8869,1.4345,0,0
0.39056805280875,8870,1.435,0,0
0.39056741168869,8871,1.4355,0,0
0.39056677078771,8872,1.436,0,0
0.39056613010581,8873,1.4365,0,0
0.39056548964297,8874,1.437,0,0
0.3905648493992,8875,1.4375,0,0
0.39056420937449,8876,1.438,0,0
0.39056356956882,8877,1.4385,0,0
0.3905629299822,8878,1.439,0,0
0.39056229061462,8879,1.4395,0,0
0.39056165146606,8880,1.44,0,0
0.39056101253653,8881,1.4405,0,0
0.39056037382601,8882,1.441,0,0
0.3905597353345,8883,1.4415,0,0
0.390559097062,8884,1.442,0,0
0.39055845900849,8885,1.4425,0,0
0.39055782117397,8886,1.443,0,0
0.39055718355844,8887,1.4435,0,0
0.39055654616188,8888,1.444,0,0
0.39055590898429,8889,1.4445,0,0
0.39055527202566,8890,1.445,0,0
0.39055463528599,8891,1.4455,0,0
0.39055399876527,8892,1.446,0,0
0.39055336246349,8893,1.4465,0,0
0.39055272638064,8894,1.447,0,0
0.39055209051673,8895,1.4475,0,0
0.39055145487174,8896,1.448,0,0
0.39055081944566,8897,1.4485,0,0
0.39055018423849,8898,1.449,0,0
0.39054954925022,8899,1.4495,0,0
0.39054891448085,8900,1.45,0,0
0.39054827993037,8901,1.4505,0,0
0.39054764559877,8902,1.451,0,0
0.39054701148604,8903,1.4515,0,0
0.39054637759218,8904,1.452,0,0
0.39054574391718,8905,1.4525,0,0
0.39054511046104,8906,1.453,0,0
0.39054447722374,8907,1.4535,0,0
0.39054384420528,8908,1.454,0,0
0.39054321140566,8909,1.4545,0,0
0.39054257882486,8910,1.455,0,0
0.39054194646289,8911,1.4555,0,0
0.39054131431973,8912,1.456,0,0
0.39054068239537,8913,1.4565,0,0
0.39054005068981,8914,1.457,0,0
0.39053941920304,8915,1.4575,0,0
0.39053878793506,8916,1.458,0,0
0.39053815688586,8917,1.4585,0,0
0.39053752605543,8918,1.459,0,0
0.39053689544377,8919,1.4595,0,0
0.39053626505086,8920,1.46,0,0
0.3905356348767,8921,1.4605,0,0
0.39053500492129,8922,1.461,0,0
0.39053437518461,8923,1.4615,0,0
0.39053374566667,8924,1.462,0,0
0.39053311636744,8925,1.4625,0,0
0.39053248728694,8926,1.463,0,0
0.39053185842514,8927,1.4635,0,0
0.39053122978204,8928,1.464,0,0
0.39053060135764,8929,1.4645,0,0
0.39052997315193,8930,1.465,0,0
0.39052934516489,8931,1.4655,0,0
0.39052871739654,8932,1.466,0,0
0.39052808984684,8933,1.4665,0,0
0.39052746251581,8934,1.467,0,0
0.39052683540343,8935,1.4675,0,0
0.3905262085097,8936,1.468,0,0
0.39052558183461,8937,1.4685,0,0
0.39052495537814,8938,1.469,0,0
0.39052432914031,8939,1.4695,0,0
0.39052370312109,8940,1.47,0,0
0.39052307732048,8941,1.4705,0,0
0.39052245173847,8942,1.471,0,0
0.39052182637506,8943,1.4715,0,0
0.39052120123024,8944,1.472,0,0
0.390520576304,8945,1.4725,0,0
0.39051995159634,8946,1.473,0,0
0.39051932710724,8947,1.4735,0,0
0.3905187028367,8948,1.474,0,0
0.39051807878472,8949,1.4745,0,0
0.39051745495129,8950,1.475,0,0
0.39051683133639,8951,1.4755,0,0
0.39051620794003,8952,1.476,0,0
0.39051558476219,8953,1.4765,0,0
0.39051496180287,8954,1.477,0,0
0.39051433906206,8955,1.4775,0,0
0.39051371653975,8956,1.478,0,0
0.39051309423594,8957,1.4785,0,0
0.39051247215062,8958,1.479,0,0
0.39051185028378,8959,1.4795,0,0
0.39051122863542,8960,1.48,0,0
0.39051060720552,8961,1.4805,0,0
0.39050998599408,8962,1.481,0,0
0.3905093650011,8963,1.4815,0,0
0.39050874422656,8964,1.482,0,0
0.39050812367046,8965,1.4825,0,0
0.39050750333279,8966,1.483,0,0
0.39050688321354,8967,1.4835,0,0
0.39050626331272,8968,1.484,0,0
0.3905056436303,8969,1.4845,0,0
0.39050502416628,8970,1.485,0,0
0.39050440492066,8971,1.4855,0,0
0.39050378589343,8972,1.486,0,0
0.39050316708457,8973,1.4865,0,0
0.39050254849409,8974,1.487,0,0
0.39050193012198,8975,1.4875,0,0
0.39050131196822,8976,1.488,0,0
0.39050069403281,8977,1.4885,0,0
0.39050007631575,8978,1.489,0,0
0.39049945881703,8979,1.4895,0,0
0.39049884153663,8980,1.49,0,0
0.39049822447456,8981,1.4905,0,0
0.3904976076308,8982,1.491,0,0
0.39049699100534,8983,1.4915,0,0
0.39049637459819,8984,1.492,0,0
0.39049575840933,8985,1.4925,0,0
0.39049514243875,8986,1.493,0,0
0.39049452668645,8987,1.4935,0,0
0.39049391115242,8988,1.494,0,0
0.39049329583666,8989,1.4945,0,0
0.39049268073915,8990,1.495,0,0
0.39049206585988,8991,1.4955,0,0
0.39049145119886,8992,1.496,0,0
0.39049083675607,8993,1.4965,0,0
0.3904902225315,8994,1.497,0,0
0.39048960852516,8995,1.4975,0,0
0.39048899473702,8996,1.498,0,0
0.39048838116709,8997,1.4985,0,0
0.39048776781535,8998,1.499,0,0
0.3904871546818,8999,1.4995,0,0
0.39048654176644,9000,1.5,0,0
0.39048592906924,9001,1.5005,0,0
0.39048531659021,9002,1.501,0,0
0.39048470432934,9003,1.5015,0,0
0.39048409228662,9004,1.502,0,0
0.39048348046205,9005,1.5025,0,0
0.3904828688556,9006,1.503,0,0
0.39048225746729,9007,1.5035,0,0
0.3904816462971,9008,1.504,0,0
0.39048103534502,9009,1.5045,0,0
0.39048042461105,9010,1.505,0,0
0.39047981409517,9011,1.5055,0,0
0.39047920379739,9012,1.506,0,0
0.39047859371769,9013,1.5065,0,0
0.39047798385606,9014,1.507,0,0
0.3904773742125,9015,1.5075,0,0
0.390476764787,9016,1.508,0,0
0.39047615557956,9017,1.5085,0,0
0.39047554659016,9018,1.509,0,0
0.39047493781879,9019,1.5095,0,0
0.39047432926546,9020,1.51,0,0
0.39047372093015,9021,1.5105,0,0
0.39047311281285,9022,1.511,0,0
0.39047250491357,9023,1.5115,0,0
0.39047189723228,9024,1.512,0,0
0.39047128976898,9025,1.5125,0,0
0.39047068252366,9026,1.513,0,0
0.39047007549632,9027,1.5135,0,0
0.39046946868696,9028,1.514,0,0
0.39046886209555,9029,1.5145,0,0
0.39046825572209,9030,1.515,0,0
0.39046764956658,9031,1.5155,0,0
0.39046704362901,9032,1.516,0,0
0.39046643790937,9033,1.5165,0,0
0.39046583240766,9034,1.517,0,0
0.39046522712385,9035,1.5175,0,0
0.39046462205796,9036,1.518,0,0
0.39046401720996,9037,1.5185,0,0
0.39046341257986,9038,1.519,0,0
0.39046280816764,9039,1.5195,0,0
0.39046220397329,9040,1.52,0,0
0.39046159999682,9041,1.5205,0,0
0.3904609962382,9042,1.521,0,0
0.39046039269744,9043,1.5215,0,0
0.39045978937453,9044,1.522,0,0
0.39045918626945,9045,1.5225,0,0
0.3904585833822,9046,1.523,0,0
0.39045798071277,9047,1.5235,0,0
0.39045737826116,9048,1.524,0,0
0.39045677602735,9049,1.5245,0,0
0.39045617401135,9050,1.525,0,0
0.39045557221313,9051,1.5255,0,0
0.3904549706327,9052,1.526,0,0
0.39045436927004,9053,1.5265,0,0
0.39045376812515,9054,1.527,0,0
0.39045316719802,9055,1.5275,0,0
0.39045256648864,9056,1.528,0,0
0.390451965997,9057,1.5285,0,0
0.3904513657231,9058,1.529,0,0
0.39045076566693,9059,1.5295,0,0
0.39045016582848,9060,1.53,0,0
0.39044956620774,9061,1.5305,0,0
0.39044896680471,9062,1.531,0,0
0.39044836761937,9063,1.5315,0,0
0.39044776865172,9064,1.532,0,0
0.39044716990175,9065,1.5325,0,0
0.39044657136946,9066,1.533,0,0
0.39044597305483,9067,1.5335,0,0
0.39044537495786,9068,1.534,0,0
0.39044477707853,9069,1.5345,0,0
0.39044417941685,9070,1.535,0,0
0.3904435819728,9071,1.5355,0,0
0.39044298474638,9072,1.536,0,0
0.39044238773757,9073,1.5365,0,0
0.39044179094638,9074,1.537,0,0
0.39044119437278,9075,1.5375,0,0
0.39044059801678,9076,1.538,0,0
0.39044000187837,9077,1.5385,0,0
0.39043940595753,9078,1.539,0,0
0.39043881025426,9079,1.5395,0,0
0.39043821476856,9080,1.54,0,0
0.39043761950041,9081,1.5405,0,0
0.3904370244498,9082,1.541,0,0
0.39043642961673,9083,1.5415,0,0
0.39043583500119,9084,1.542,0,0
0.39043524060318,9085,1.5425,0,0
0.39043464642267,9086,1.543,0,0
0.39043405245968,9087,1.5435,0,0
0.39043345871418,9088,1.544,0,0
0.39043286518617,9089,1.5445,0,0
0.39043227187564,9090,1.545,0,0
0.39043167878258,9091,1.5455,0,0
0.390431085907,9092,1.546,0,0
0.39043049324886,9093,1.5465,0,0
0.39042990080818,9094,1.547,0,0
0.39042930858494,9095,1.5475,0,0
0.39042871657913,9096,1.548,0,0
0.39042812479075,9097,1.5485,0,0
0.39042753321978,9098,1.549,0,0
0.39042694186622,9099,1.5495,0,0
0.39042635073007,9100,1.55,0,0
0.3904257598113,9101,1.5505,0,0
0.39042516910993,9102,1.551,0,0
0.39042457862592,9103,1.5515,0,0
0.39042398835929,9104,1.552,0,0
0.39042339831001,9105,1.5525,0,0
0.39042280847809,9106,1.553,0,0
0.39042221886351,9107,1.5535,0,0
0.39042162946627,9108,1.554,0,0
0.39042104028636,9109,1.5545,0,0
0.39042045132376,9110,1.555,0,0
0.39041986257848,9111,1.5555,0,0
0.39041927405049,9112,1.556,0,0
0.39041868573981,9113,1.5565,0,0
0.39041809764641,9114,1.557,0,0
0.39041750977029,9115,1.5575,0,0
0.39041692211143,9116,1.558,0,0
0.39041633466985,9117,1.5585,0,0
0.39041574744551,9118,1.559,0,0
0.39041516043842,9119,1.5595,0,0
0.39041457364857,9120,1.56,0,0
0.39041398707594,9121,1.5605,0,0
0.39041340072054,9122,1.561,0,0
0.39041281458235,9123,1.5615,0,0
0.39041222866137,9124,1.562,0,0
0.39041164295758,9125,1.5625,0,0
0.39041105747098,9126,1.563,0,0
0.39041047220156,9127,1.5635,0,0
0.39040988714931,9128,1.564,0,0
0.39040930231422,9129,1.5645,0,0
0.39040871769629,9130,1.565,0,0
0.3904081332955,9131,1.5655,0,0
0.39040754911185,9132,1.566,0,0
0.39040696514534,9133,1.5665,0,0
0.39040638139594,9134,1.567,0,0
0.39040579786366,9135,1.5675,0,0
0.39040521454848,9136,1.568,0,0
0.3904046314504,9137,1.5685,0,0
0.39040404856941,9138,1.569,0,0
0.3904034659055,9139,1.5695,0,0
0.39040288345866,9140,1.57,0,0
0.39040230122888,9141,1.5705,0,0
0.39040171921616,9142,1.571,0,0
0.39040113742048,9143,1.5715,0,0
0.39040055584184,9144,1.572,0,0
0.39039997448023,9145,1.5725,0,0
0.39039939333565,9146,1.573,0,0
0.39039881240807,9147,1.5735,0,0
0.3903982316975,9148,1.574,0,0
0.39039765120393,9149,1.5745,0,0
0.39039707092735,9150,1.575,0,0
0.39039649086774,9151,1.5755,0,0
0.39039591102511,9152,1.576,0,0
0.39039533139944,9153,1.5765,0,0
0.39039475199072,9154,1.577,0,0
0.39039417279895,9155,1.5775,0,0
0.39039359382412,9156,1.578,0,0
0.39039301506621,9157,1.5785,0,0
0.39039243652523,9158,1.579,0,0
0.39039185820115,9159,1.5795,0,0
0.39039128009399,9160,1.58,0,0
0.39039070220371,9161,1.5805,0,0
0.39039012453033,9162,1.581,0,0
0.39038954707382,9163,1.5815,0,0
0.39038896983418,9164,1.582,0,0
0.3903883928114,9165,1.5825,0,0
0.39038781600547,9166,1.583,0,0
0.39038723941639,9167,1.5835,0,0
0.39038666304415,9168,1.584,0,0
0.39038608688873,9169,1.5845,0,0
0.39038551095013,9170,1.585,0,0
0.39038493522834,9171,1.5855,0,0
0.39038435972335,9172,1.586,0,0
0.39038378443516,9173,1.5865,0,0
0.39038320936375,9174,1.587,0,0
0.39038263450912,9175,1.5875,0,0
0.39038205987125,9176,1.588,0,0
0.39038148545014,9177,1.5885,0,0
0.39038091124579,9178,1.589,0,0
0.39038033725817,9179,1.5895,0,0
0.39037976348729,9180,1.59,0,0
0.39037918993313,9181,1.5905,0,0
0.39037861659569,9182,1.591,0,0
0.39037804347496,9183,1.5915,0,0
0.39037747057093,9184,1.592,0,0
0.39037689788358,9185,1.5925,0,0
0.39037632541292,9186,1.593,0,0
0.39037575315893,9187,1.5935,0,0
0.3903751811216,9188,1.594,0,0
0.39037460930094,9189,1.5945,0,0
0.39037403769691,9190,1.595,0,0
0.39037346630953,9191,1.5955,0,0
0.39037289513878,9192,1.596,0,0
0.39037232418465,9193,1.5965,0,0
0.39037175344713,9194,1.597,0,0
0.39037118292621,9195,1.5975,0,0
0.39037061262189,9196,1.598,0,0
0.39037004253416,9197,1.5985,0,0
0.39036947266301,9198,1.599,0,0
0.39036890300842,9199,1.5995,0,0
0.3903683335704,9200,1.6,0,0
0.39036776434892,9201,1.6005,0,0
0.390367195344,9202,1.601,0,0
0.3903666265556,9203,1.6015,0,0
0.39036605798373,9204,1.602,0,0
0.39036548962838,9205,1.6025,0,0
0.39036492148954,9206,1.603,0,0
0.3903643535672,9207,1.6035,0,0
0.39036378586134,9208,1.604,0,0
0.39036321837197,9209,1.6045,0,0
0.39036265109908,9210,1.605,0,0
0.39036208404265,9211,1.6055,0,0
0.39036151720267,9212,1.606,0,0
0.39036095057915,9213,1.6065,0,0
0.39036038417206,9214,1.607,0,0
0.3903598179814,9215,1.6075,0,0
0.39035925200716,9216,1.608,0,0
0.39035868624933,9217,1.6085,0,0
0.39035812070791,9218,1.609,0,0
0.39035755538289,9219,1.6095,0,0
0.39035699027424,9220,1.61,0,0
0.39035642538198,9221,1.6105,0,0
0.39035586070609,9222,1.611,0,0
0.39035529624655,9223,1.6115,0,0
0.39035473200336,9224,1.612,0,0
0.39035416797652,9225,1.6125,0,0
0.39035360416601,9226,1.613,0,0
0.39035304057183,9227,1.6135,0,0
0.39035247719396,9228,1.614,0,0
0.39035191403239,9229,1.6145,0,0
0.39035135108713,9230,1.615,0,0
0.39035078835815,9231,1.6155,0,0
0.39035022584545,9232,1.616,0,0
0.39034966354903,9233,1.6165,0,0
0.39034910146887,9234,1.617,0,0
0.39034853960496,9235,1.6175,0,0
0.39034797795729,9236,1.618,0,0
0.39034741652587,9237,1.6185,0,0
0.39034685531066,9238,1.619,0,0
0.39034629431168,9239,1.6195,0,0
0.39034573352891,9240,1.62,0,0
0.39034517296233,9241,1.6205,0,0
0.39034461261195,9242,1.621,0,0
0.39034405247775,9243,1.6215,0,0
0.39034349255972,9244,1.622,0,0
0.39034293285786,9245,1.6225,0,0
0.39034237337215,9246,1.623,0,0
0.3903418141026,9247,1.6235,0,0
0.39034125504917,9248,1.624,0,0
0.39034069621188,9249,1.6245,0,0
0.39034013759071,9250,1.625,0,0
0.39033957918565,9251,1.6255,0,0
0.39033902099669,9252,1.626,0,0
0.39033846302382,9253,1.6265,0,0
0.39033790526704,9254,1.627,0,0
0.39033734772633,9255,1.6275,0,0
0.39033679040169,9256,1.628,0,0
0.39033623329311,9257,1.6285,0,0
0.39033567640057,9258,1.629,0,0
0.39033511972408,9259,1.6295,0,0
0.39033456326361,9260,1.63,0,0
0.39033400701916,9261,1.6305,0,0
0.39033345099073,9262,1.631,0,0
0.3903328951783,9263,1.6315,0,0
0.39033233958187,9264,1.632,0,0
0.39033178420142,9265,1.6325,0,0
0.39033122903695,9266,1.633,0,0
0.39033067408844,9267,1.6335,0,0
0.39033011935589,9268,1.634,0,0
0.39032956483929,9269,1.6345,0,0
0.39032901053863,9270,1.635,0,0
0.3903284564539,9271,1.6355,0,0
0.3903279025851,9272,1.636,0,0
0.39032734893221,9273,1.6365,0,0
0.39032679549522,9274,1.637,0,0
0.39032624227412,9275,1.6375,0,0
0.39032568926891,9276,1.638,0,0
0.39032513647958,9277,1.6385,0,0
0.39032458390612,9278,1.639,0,0
0.39032403154851,9279,1.6395,0,0
0.39032347940675,9280,1.64,0,0
0.39032292748083,9281,1.6405,0,0
0.39032237577075,9282,1.641,0,0
0.39032182427649,9283,1.6415,0,0
0.39032127299803,9284,1.642,0,0
0.39032072193539,9285,1.6425,0,0
0.39032017108854,9286,1.643,0,0
0.39031962045747,9287,1.6435,0,0
0.39031907004218,9288,1.644,0,0
0.39031851984266,9289,1.6445,0,0
0.39031796985889,9290,1.645,0,0
0.39031742009087,9291,1.6455,0,0
0.3903168705386,9292,1.646,0,0
0.39031632120205,9293,1.6465,0,0
0.39031577208123,9294,1.647,0,0
0.39031522317612,9295,1.6475,0,0
0.39031467448671,9296,1.648,0,0
0.390314126013,9297,1.6485,0,0
0.39031357775497,9298,1.649,0,0
0.39031302971261,9299,1.6495,0,0
0.39031248188592,9300,1.65,0,0
0.39031193427489,9301,1.6505,0,0
0.39031138687951,9302,1.651,0,0
0.39031083969977,9303,1.6515,0,0
0.39031029273565,9304,1.652,0,0
0.39030974598716,9305,1.6525,0,0
0.39030919945428,9306,1.653,0,0
0.390308653137,9307,1.6535,0,0
0.39030810703531,9308,1.654,0,0
0.39030756114921,9309,1.6545,0,0
0.39030701547868,9310,1.655,0,0
0.39030647002371,9311,1.6555,0,0
0.3903059247843,9312,1.656,0,0
0.39030537976044,9313,1.6565,0,0
0.39030483495212,9314,1.657,0,0
0.39030429035932,9315,1.6575,0,0
0.39030374598204,9316,1.658,0,0
0.39030320182027,9317,1.6585,0,0
0.390302657874,9318,1.659,0,0
0.39030211414323,9319,1.6595,0,0
0.39030157062793,9320,1.66,0,0
0.39030102732811,9321,1.6605,0,0
0.39030048424375,9322,1.661,0,0
0.39029994137484,9323,1.6615,0,0
0.39029939872138,9324,1.662,0,0
0.39029885628335,9325,1.6625,0,0
0.39029831406075,9326,1.663,0,0
0.39029777205356,9327,1.6635,0,0
0.39029723026178,9328,1.664,0,0
0.3902966886854,9329,1.6645,0,0
0.39029614732441,9330,1.665,0,0
0.3902956061788,9331,1.6655,0,0
0.39029506524856,9332,1.666,0,0
0.39029452453367,9333,1.6665,0,0
0.39029398403414,9334,1.667,0,0
0.39029344374995,9335,1.6675,0,0
0.3902929036811,9336,1.668,0,0
0.39029236382756,9337,1.6685,0,0
0.39029182418934,9338,1.669,0,0
0.39029128476643,9339,1.6695,0,0
0.3902907455588,9340,1.67,0,0
0.39029020656647,9341,1.6705,0,0
0.39028966778941,9342,1.671,0,0
0.39028912922762,9343,1.6715,0,0
0.39028859088108,9344,1.672,0,0
0.39028805274979,9345,1.6725,0,0
0.39028751483375,9346,1.673,0,0
0.39028697713293,9347,1.6735,0,0
0.39028643964733,9348,1.674,0,0
0.39028590237694,9349,1.6745,0,0
0.39028536532175,9350,1.675,0,0
0.39028482848175,9351,1.6755,0,0
0.39028429185694,9352,1.676,0,0
0.39028375544729,9353,1.6765,0,0
0.39028321925281,9354,1.677,0,0
0.39028268327349,9355,1.6775,0,0
0.39028214750931,9356,1.678,0,0
0.39028161196026,9357,1.6785,0,0
0.39028107662634,9358,1.679,0,0
0.39028054150753,9359,1.6795,0,0
0.39028000660384,9360,1.68,0,0
0.39027947191523,9361,1.6805,0,0
0.39027893744172,9362,1.681,0,0
0.39027840318328,9363,1.6815,0,0
0.39027786913991,9364,1.682,0,0
0.39027733531161,9365,1.6825,0,0
0.39027680169835,9366,1.683,0,0
0.39027626830013,9367,1.6835,0,0
0.39027573511694,9368,1.684,0,0
0.39027520214877,9369,1.6845,0,0
0.39027466939561,9370,1.685,0,0
0.39027413685746,9371,1.6855,0,0
0.3902736045343,9372,1.686,0,0
0.39027307242612,9373,1.6865,0,0
0.39027254053291,9374,1.687,0,0
0.39027200885467,9375,1.6875,0,0
0.39027147739138,9376,1.688,0,0
0.39027094614304,9377,1.6885,0,0
0.39027041510963,9378,1.689,0,0
0.39026988429115,9379,1.6895,0,0
0.39026935368759,9380,1.69,0,0
0.39026882329893,9381,1.6905,0,0
0.39026829312516,9382,1.691,0,0
0.39026776316629,9383,1.6915,0,0
0.39026723342229,9384,1.692,0,0
0.39026670389316,9385,1.6925,0,0
0.39026617457889,9386,1.693,0,0
0.39026564547947,9387,1.6935,0,0
0.39026511659489,9388,1.694,0,0
0.39026458792514,9389,1.6945,0,0
0.39026405947021,9390,1.695,0,0
0.39026353123009,9391,1.6955,0,0
0.39026300320477,9392,1.696,0,0
0.39026247539424,9393,1.6965,0,0
0.3902619477985,9394,1.697,0,0
0.39026142041753,9395,1.6975,0,0
0.39026089325132,9396,1.698,0,0
0.39026036629986,9397,1.6985,0,0
0.39025983956314,9398,1.699,0,0
0.39025931304116,9399,1.6995,0,0
0.39025878673391,9400,1.7,0,0
0.39025826064137,9401,1.7005,0,0
0.39025773476353,9402,1.701,0,0
0.39025720910039,9403,1.7015,0,0
0.39025668365193,9404,1.702,0,0
0.39025615841815,9405,1.7025,0,0
0.39025563339904,9406,1.703,0,0
0.39025510859458,9407,1.7035,0,0
0.39025458400477,9408,1.704,0,0
0.3902540596296,9409,1.7045,0,0
0.39025353546905,9410,1.705,0,0
0.39025301152312,9411,1.7055,0,0
0.3902524877918,9412,1.706,0,0
0.39025196427508,9413,1.7065,0,0
0.39025144097295,9414,1.707,0,0
0.3902509178854,9415,1.7075,0,0
0.39025039501241,9416,1.708,0,0
0.39024987235399,9417,1.7085,0,0
0.39024934991011,9418,1.709,0,0
0.39024882768078,9419,1.7095,0,0
0.39024830566597,9420,1.71,0,0
0.39024778386569,9421,1.7105,0,0
0.39024726227992,9422,1.711,0,0
0.39024674090865,9423,1.7115,0,0
0.39024621975187,9424,1.712,0,0
0.39024569880957,9425,1.7125,0,0
0.39024517808175,9426,1.713,0,0
0.39024465756838,9427,1.7135,0,0
0.39024413726947,9428,1.714,0,0
0.390243617185,9429,1.7145,0,0
0.39024309731497,9430,1.715,0,0
0.39024257765936,9431,1.7155,0,0
0.39024205821816,9432,1.716,0,0
0.39024153899137,9433,1.7165,0,0
0.39024101997897,9434,1.717,0,0
0.39024050118095,9435,1.7175,0,0
0.39023998259731,9436,1.718,0,0
0.39023946422803,9437,1.7185,0,0
0.39023894607311,9438,1.719,0,0
0.39023842813253,9439,1.7195,0,0
0.39023791040629,9440,1.72,0,0
0.39023739289437,9441,1.7205,0,0
0.39023687559677,9442,1.721,0,0
0.39023635851348,9443,1.7215,0,0
0.39023584164448,9444,1.722,0,0
0.39023532498977,9445,1.7225,0,0
0.39023480854933,9446,1.723,0,0
0.39023429232316,9447,1.7235,0,0
0.39023377631124,9448,1.724,0,0
0.39023326051358,9449,1.7245,0,0
0.39023274493015,9450,1.725,0,0
0.39023222956095,9451,1.7255,0,0
0.39023171440596,9452,1.726,0,0
0.39023119946518,9453,1.7265,0,0
0.3902306847386,9454,1.727,0,0
0.39023017022621,9455,1.7275,0,0
0.390229655928,9456,1.728,0,0
0.39022914184395,9457,1.7285,0,0
0.39022862797406,9458,1.729,0,0
0.39022811431832,9459,1.7295,0,0
0.39022760087672,9460,1.73,0,0
0.39022708764924,9461,1.7305,0,0
0.39022657463589,9462,1.731,0,0
0.39022606183664,9463,1.7315,0,0
0.3902255492515,9464,1.732,0,0
0.39022503688044,9465,1.7325,0,0
0.39022452472346,9466,1.733,0,0
0.39022401278055,9467,1.7335,0,0
0.3902235010517,9468,1.734,0,0
0.3902229895369,9469,1.7345,0,0
0.39022247823613,9470,1.735,0,0
0.3902219671494,9471,1.7355,0,0
0.39022145627669,9472,1.736,0,0
0.39022094561799,9473,1.7365,0,0
0.39022043517328,9474,1.737,0,0
0.39021992494257,9475,1.7375,0,0
0.39021941492583,9476,1.738,0,0
0.39021890512307,9477,1.7385,0,0
0.39021839553427,9478,1.739,0,0
0.39021788615941,9479,1.7395,0,0
0.3902173769985,9480,1.74,0,0
0.39021686805151,9481,1.7405,0,0
0.39021635931845,9482,1.741,0,0
0.3902158507993,9483,1.7415,0,0
0.39021534249404,9484,1.742,0,0
0.39021483440268,9485,1.7425,0,0
0.3902143265252,9486,1.743,0,0
0.39021381886158,9487,1.7435,0,0
0.39021331141183,9488,1.744,0,0
0.39021280417593,9489,1.7445,0,0
0.39021229715387,9490,1.745,0,0
0.39021179034564,9491,1.7455,0,0
0.39021128375122,9492,1.746,0,0
0.39021077737062,9493,1.7465,0,0
0.39021027120382,9494,1.747,0,0
0.39020976525081,9495,1.7475,0,0
0.39020925951158,9496,1.748,0,0
0.39020875398612,9497,1.7485,0,0
0.39020824867443,9498,1.749,0,0
0.39020774357648,9499,1.7495,0,0
0.39020723869227,9500,1.75,0,0
0.39020673402179,9501,1.7505,0,0
0.39020622956503,9502,1.751,0,0
0.39020572532198,9503,1.7515,0,0
0.39020522129264,9504,1.752,0,0
0.39020471747698,9505,1.7525,0,0
0.390204213875,9506,1.753,0,0
0.39020371048669,9507,1.7535,0,0
0.39020320731205,9508,1.754,0,0
0.39020270435105,9509,1.7545,0,0
0.39020220160369,9510,1.755,0,0
0.39020169906996,9511,1.7555,0,0
0.39020119674986,9512,1.756,0,0
0.39020069464336,9513,1.7565,0,0
0.39020019275046,9514,1.757,0,0
0.39019969107115,9515,1.7575,0,0
0.39019918960542,9516,1.758,0,0
0.39019868835326,9517,1.7585,0,0
0.39019818731466,9518,1.759,0,0
0.3901976864896,9519,1.7595,0,0
0.39019718587809,9520,1.76,0,0
0.39019668548011,9521,1.7605,0,0
0.39019618529564,9522,1.761,0,0
0.39019568532469,9523,1.7615,0,0
0.39019518556723,9524,1.762,0,0
0.39019468602326,9525,1.7625,0,0
0.39019418669277,9526,1.763,0,0
0.39019368757575,9527,1.7635,0,0
0.39019318867218,9528,1.764,0,0
0.39019268998207,9529,1.7645,0,0
0.39019219150539,9530,1.765,0,0
0.39019169324214,9531,1.7655,0,0
0.39019119519231,9532,1.766,0,0
0.39019069735588,9533,1.7665,0,0
0.39019019973285,9534,1.767,0,0
0.39018970232321,9535,1.7675,0,0
0.39018920512695,9536,1.768,0,0
0.39018870814405,9537,1.7685,0,0
0.39018821137452,9538,1.769,0,0
0.39018771481832,9539,1.7695,0,0
0.39018721847547,9540,1.77,0,0
0.39018672234594,9541,1.7705,0,0
0.39018622642973,9542,1.771,0,0
0.39018573072682,9543,1.7715,0,0
0.39018523523721,9544,1.772,0,0
0.39018473996088,9545,1.7725,0,0
0.39018424489783,9546,1.773,0,0
0.39018375004805,9547,1.7735,0,0
0.39018325541152,9548,1.774,0,0
0.39018276098824,9549,1.7745,0,0
0.39018226677819,9550,1.775,0,0
0.39018177278136,9551,1.7755,0,0
0.39018127899775,9552,1.776,0,0
0.39018078542735,9553,1.7765,0,0
0.39018029207014,9554,1.777,0,0
0.39017979892611,9555,1.7775,0,0
0.39017930599525,9556,1.778,0,0
0.39017881327756,9557,1.7785,0,0
0.39017832077302,9558,1.779,0,0
0.39017782848163,9559,1.7795,0,0
0.39017733640337,9560,1.78,0,0
0.39017684453823,9561,1.7805,0,0
0.3901763528862,9562,1.781,0,0
0.39017586144728,9563,1.7815,0,0
0.39017537022144,9564,1.782,0,0
0.39017487920869,9565,1.7825,0,0
0.39017438840901,9566,1.783,0,0
0.39017389782239,9567,1.7835,0,0
0.39017340744882,9568,1.784,0,0
0.39017291728829,9569,1.7845,0,0
0.3901724273408,9570,1.785,0,0
0.39017193760632,9571,1.7855,0,0
0.39017144808485,9572,1.786,0,0
0.39017095877639,9573,1.7865,0,0
0.39017046968091,9574,1.787,0,0
0.39016998079841,9575,1.7875,0,0
0.39016949212888,9576,1.788,0,0
0.39016900367231,9577,1.7885,0,0
0.39016851542868,9578,1.789,0,0
0.390168027398,9579,1.7895,0,0
0.39016753958024,9580,1.79,0,0
0.3901670519754,9581,1.7905,0,0
0.39016656458347,9582,1.791,0,0
0.39016607740443,9583,1.7915,0,0
0.39016559043828,9584,1.792,0,0
0.39016510368501,9585,1.7925,0,0
0.3901646171446,9586,1.793,0,0
0.39016413081705,9587,1.7935,0,0
0.39016364470234,9588,1.794,0,0
0.39016315880047,9589,1.7945,0,0
0.39016267311142,9590,1.795,0,0
0.39016218763519,9591,1.7955,0,0
0.39016170237176,9592,1.796,0,0
0.39016121732113,9593,1.7965,0,0
0.39016073248327,9594,1.797,0,0
0.3901602478582,9595,1.7975,0,0
0.39015976344588,9596,1.798,0,0
0.39015927924632,9597,1.7985,0,0
0.3901587952595,9598,1.799,0,0
0.39015831148541,9599,1.7995,0,0
0.39015782792404,9600,1.8,0,0
0.39015734457539,9601,1.8005,0,0
0.39015686143943,9602,1.801,0,0
0.39015637851617,9603,1.8015,0,0
0.39015589580558,9604,1.802,0,0
0.39015541330767,9605,1.8025,0,0
0.39015493102241,9606,1.803,0,0
0.39015444894981,9607,1.8035,0,0
0.39015396708984,9608,1.804,0,0
0.3901534854425,9609,1.8045,0,0
0.39015300400778,9610,1.805,0,0
0.39015252278567,9611,1.8055,0,0
0.39015204177615,9612,1.806,0,0
0.39015156097922,9613,1.8065,0,0
0.39015108039487,9614,1.807,0,0
0.39015060002308,9615,1.8075,0,0
0.39015011986385,9616,1.808,0,0
0.39014963991716,9617,1.8085,0,0
0.39014916018301,9618,1.809,0,0
0.39014868066138,9619,1.8095,0,0
0.39014820135227,9620,1.81,0,0
0.39014772225566,9621,1.8105,0,0
0.39014724337155,9622,1.811,0,0
0.39014676469991,9623,1.8115,0,0
0.39014628624075,9624,1.812,0,0
0.39014580799406,9625,1.8125,0,0
0.39014532995981,9626,1.813,0,0
0.39014485213801,9627,1.8135,0,0
0.39014437452863,9628,1.814,0,0
0.39014389713168,9629,1.8145,0,0
0.39014341994713,9630,1.815,0,0
0.39014294297499,9631,1.8155,0,0
0.39014246621524,9632,1.816,0,0
0.39014198966786,9633,1.8165,0,0
0.39014151333285,9634,1.817,0,0
0.3901410372102,9635,1.8175,0,0
0.3901405612999,9636,1.818,0,0
0.39014008560194,9637,1.8185,0,0
0.3901396101163,9638,1.819,0,0
0.39013913484298,9639,1.8195,0,0
0.39013865978196,9640,1.82,0,0
0.39013818493324,9641,1.8205,0,0
0.3901377102968,9642,1.821,0,0
0.39013723587264,9643,1.8215,0,0
0.39013676166074,9644,1.822,0,0
0.3901362876611,9645,1.8225,0,0
0.3901358138737,9646,1.823,0,0
0.39013534029853,9647,1.8235,0,0
0.39013486693558,9648,1.824,0,0
0.39013439378485,9649,1.8245,0,0
0.39013392084631,9650,1.825,0,0
0.39013344811997,9651,1.8255,0,0
0.39013297560581,9652,1.826,0,0
0.39013250330381,9653,1.8265,0,0
0.39013203121398,9654,1.827,0,0
0.39013155933629,9655,1.8275,0,0
0.39013108767074,9656,1.828,0,0
0.39013061621732,9657,1.8285,0,0
0.39013014497602,9658,1.829,0,0
0.39012967394683,9659,1.8295,0,0
0.39012920312973,9660,1.83,0,0
0.39012873252471,9661,1.8305,0,0
0.39012826213178,9662,1.831,0,0
0.3901277919509,9663,1.8315,0,0
0.39012732198208,9664,1.832,0,0
0.39012685222531,9665,1.8325,0,0
0.39012638268057,9666,1.833,0,0
0.39012591334785,9667,1.8335,0,0
0.39012544422714,9668,1.834,0,0
0.39012497531843,9669,1.8345,0,0
0.39012450662172,9670,1.835,0,0
0.39012403813699,9671,1.8355,0,0
0.39012356986422,9672,1.836,0,0
0.39012310180342,9673,1.8365,0,0
0.39012263395457,9674,1.837,0,0
0.39012216631765,9675,1.8375,0,0
0.39012169889266,9676,1.838,0,0
0.39012123167959,9677,1.8385,0,0
0.39012076467843,9678,1.839,0,0
0.39012029788916,9679,1.8395,0,0
0.39011983131178,9680,1.84,0,0
0.39011936494628,9681,1.8405,0,0
0.39011889879263,9682,1.841,0,0
0.39011843285085,9683,1.8415,0,0
0.39011796712091,9684,1.842,0,0
0.3901175016028,9685,1.8425,0,0
0.39011703629651,9686,1.843,0,0
0.39011657120203,9687,1.8435,0,0
0.39011610631936,9688,1.844,0,0
0.39011564164848,9689,1.8445,0,0
0.39011517718938,9690,1.845,0,0
0.39011471294204,9691,1.8455,0,0
0.39011424890647,9692,1.846,0,0
0.39011378508265,9693,1.8465,0,0
0.39011332147056,9694,1.847,0,0
0.3901128580702,9695,1.8475,0,0
0.39011239488156,9696,1.848,0,0
0.39011193190462,9697,1.8485,0,0
0.39011146913938,9698,1.849,0,0
0.39011100658583,9699,1.8495,0,0
0.39011054424395,9700,1.85,0,0
0.39011008211373,9701,1.8505,0,0
0.39010962019517,9702,1.851,0,0
0.39010915848825,9703,1.8515,0,0
0.39010869699296,9704,1.852,0,0
0.3901082357093,9705,1.8525,0,0
0.39010777463724,9706,1.853,0,0
0.39010731377679,9707,1.8535,0,0
0.39010685312793,9708,1.854,0,0
0.39010639269064,9709,1.8545,0,0
0.39010593246492,9710,1.855,0,0
0.39010547245077,9711,1.8555,0,0
0.39010501264815,9712,1.856,0,0
0.39010455305708,9713,1.8565,0,0
0.39010409367753,9714,1.857,0,0
0.3901036345095,9715,1.8575,0,0
0.39010317555297,9716,1.858,0,0
0.39010271680794,9717,1.8585,0,0
0.39010225827439,9718,1.859,0,0
0.39010179995231,9719,1.8595,0,0
0.3901013418417,9720,1.86,0,0
0.39010088394254,9721,1.8605,0,0
0.39010042625482,9722,1.861,0,0
0.39009996877853,9723,1.8615,0,0
0.39009951151366,9724,1.862,0,0
0.3900990544602,9725,1.8625,0,0
0.39009859761814,9726,1.863,0,0
0.39009814098746,9727,1.8635,0,0
0.39009768456817,9728,1.864,0,0
0.39009722836024,9729,1.8645,0,0
0.39009677236366,9730,1.865,0,0
0.39009631657843,9731,1.8655,0,0
0.39009586100454,9732,1.866,0,0
0.39009540564197,9733,1.8665,0,0
0.39009495049071,9734,1.867,0,0
0.39009449555076,9735,1.8675,0,0
0.3900940408221,9736,1.868,0,0
0.39009358630472,9737,1.8685,0,0
0.39009313199861,9738,1.869,0,0
0.39009267790377,9739,1.8695,0,0
0.39009222402017,9740,1.87,0,0
0.39009177034781,9741,1.8705,0,0
0.39009131688668,9742,1.871,0,0
0.39009086363676,9743,1.8715,0,0
0.39009041059805,9744,1.872,0,0
0.39008995777054,9745,1.8725,0,0
0.39008950515422,9746,1.873,0,0
0.39008905274907,9747,1.8735,0,0
0.39008860055508,9748,1.874,0,0
0.39008814857225,9749,1.8745,0,0
0.39008769680056,9750,1.875,0,0
0.39008724524,9751,1.8755,0,0
0.39008679389056,9752,1.876,0,0
0.39008634275224,9753,1.8765,0,0
0.39008589182501,9754,1.877,0,0
0.39008544110888,9755,1.8775,0,0
0.39008499060382,9756,1.878,0,0
0.39008454030983,9757,1.8785,0,0
0.3900840902269,9758,1.879,0,0
0.39008364035501,9759,1.8795,0,0
0.39008319069416,9760,1.88,0,0
0.39008274124434,9761,1.8805,0,0
0.39008229200553,9762,1.881,0,0
0.39008184297772,9763,1.8815,0,0
0.39008139416091,9764,1.882,0,0
0.39008094555508,9765,1.8825,0,0
0.39008049716022,9766,1.883,0,0
0.39008004897632,9767,1.8835,0,0
0.39007960100337,9768,1.884,0,0
0.39007915324136,9769,1.8845,0,0
0.39007870569028,9770,1.885,0,0
0.39007825835012,9771,1.8855,0,0
0.39007781122087,9772,1.886,0,0
0.39007736430251,9773,1.8865,0,0
0.39007691759504,9774,1.887,0,0
0.39007647109844,9775,1.8875,0,0
0.39007602481271,9776,1.888,0,0
0.39007557873783,9777,1.8885,0,0
0.39007513287379,9778,1.889,0,0
0.39007468722059,9779,1.8895,0,0
0.39007424177821,9780,1.89,0,0
0.39007379654664,9781,1.8905,0,0
0.39007335152587,9782,1.891,0,0
0.39007290671589,9783,1.8915,0,0
0.39007246211668,9784,1.892,0,0
0.39007201772825,9785,1.8925,0,0
0.39007157355057,9786,1.893,0,0
0.39007112958364,9787,1.8935,0,0
0.39007068582745,9788,1.894,0,0
0.39007024228197,9789,1.8945,0,0
0.39006979894722,9790,1.895,0,0
0.39006935582316,9791,1.8955,0,0
0.3900689129098,9792,1.896,0,0
0.39006847020712,9793,1.8965,0,0
0.39006802771512,9794,1.897,0,0
0.39006758543377,9795,1.8975,0,0
0.39006714336307,9796,1.898,0,0
0.39006670150301,9797,1.8985,0,0
0.39006625985358,9798,1.899,0,0
0.39006581841477,9799,1.8995,0,0
0.39006537718656,9800,1.9,0,0
0.39006493616895,9801,1.9005,0,0
0.39006449536193,9802,1.901,0,0
0.39006405476548,9803,1.9015,0,0
0.39006361437959,9804,1.902,0,0
0.39006317420425,9805,1.9025,0,0
0.39006273423946,9806,1.903,0,0
0.3900622944852,9807,1.9035,0,0
0.39006185494146,9808,1.904,0,0
0.39006141560822,9809,1.9045,0,0
0.39006097648549,9810,1.905,0,0
0.39006053757325,9811,1.9055,0,0
0.39006009887148,9812,1.906,0,0
0.39005966038018,9813,1.9065,0,0
0.39005922209933,9814,1.907,0,0
0.39005878402893,9815,1.9075,0,0
0.39005834616897,9816,1.908,0,0
0.39005790851942,9817,1.9085,0,0
0.39005747108029,9818,1.909,0,0
0.39005703385156,9819,1.9095,0,0
0.39005659683323,9820,1.91,0,0
0.39005616002527,9821,1.9105,0,0
0.39005572342768,9822,1.911,0,0
0.39005528704045,9823,1.9115,0,0
0.39005485086357,9824,1.912,0,0
0.39005441489703,9825,1.9125,0,0
0.39005397914081,9826,1.913,0,0
0.39005354359491,9827,1.9135,0,0
0.39005310825931,9828,1.914,0,0
0.39005267313401,9829,1.9145,0,0
0.39005223821899,9830,1.915,0,0
0.39005180351424,9831,1.9155,0,0
0.39005136901976,9832,1.916,0,0
0.39005093473552,9833,1.9165,0,0
0.39005050066153,9834,1.917,0,0
0.39005006679776,9835,1.9175,0,0
0.39004963314421,9836,1.918,0,0
0.39004919970087,9837,1.9185,0,0
0.39004876646772,9838,1.919,0,0
0.39004833344477,9839,1.9195,0,0
0.39004790063198,9840,1.92,0,0
0.39004746802936,9841,1.9205,0,0
0.3900470356369,9842,1.921,0,0
0.39004660345457,9843,1.9215,0,0
0.39004617148238,9844,1.922,0,0
0.39004573972031,9845,1.9225,0,0
0.39004530816835,9846,1.923,0,0
0.39004487682649,9847,1.9235,0,0
0.39004444569472,9848,1.924,0,0
0.39004401477302,9849,1.9245,0,0
0.39004358406139,9850,1.925,0,0
0.39004315355982,9851,1.9255,0,0
0.3900427232683,9852,1.926,0,0
0.3900422931868,9853,1.9265,0,0
0.39004186331533,9854,1.927,0,0
0.39004143365388,9855,1.9275,0,0
0.39004100420242,9856,1.928,0,0
0.39004057496096,9857,1.9285,0,0
0.39004014592948,9858,1.929,0,0
0.39003971710796,9859,1.9295,0,0
0.39003928849641,9860,1.93,0,0
0.3900388600948,9861,1.9305,0,0
0.39003843190313,9862,1.931,0,0
0.39003800392138,9863,1.9315,0,0
0.39003757614955,9864,1.932,0,0
0.39003714858763,9865,1.9325,0,0
0.3900367212356,9866,1.933,0,0
0.39003629409345,9867,1.9335,0,0
0.39003586716117,9868,1.934,0,0
0.39003544043875,9869,1.9345,0,0
0.39003501392619,9870,1.935,0,0
0.39003458762346,9871,1.9355,0,0
0.39003416153056,9872,1.936,0,0
0.39003373564748,9873,1.9365,0,0
0.39003330997421,9874,1.937,0,0
0.39003288451073,9875,1.9375,0,0
0.39003245925703,9876,1.938,0,0
0.39003203421312,9877,1.9385,0,0
0.39003160937896,9878,1.939,0,0
0.39003118475456,9879,1.9395,0,0
0.39003076033989,9880,1.94,0,0
0.39003033613496,9881,1.9405,0,0
0.39002991213975,9882,1.941,0,0
0.39002948835425,9883,1.9415,0,0
0.39002906477845,9884,1.942,0,0
0.39002864141233,9885,1.9425,0,0
0.39002821825589,9886,1.943,0,0
0.39002779530912,9887,1.9435,0,0
0.390027372572,9888,1.944,0,0
0.39002695004452,9889,1.9445,0,0
0.39002652772668,9890,1.945,0,0
0.39002610561846,9891,1.9455,0,0
0.39002568371985,9892,1.946,0,0
0.39002526203084,9893,1.9465,0,0
0.39002484055143,9894,1.947,0,0
0.39002441928159,9895,1.9475,0,0
0.39002399822131,9896,1.948,0,0
0.3900235773706,9897,1.9485,0,0
0.39002315672943,9898,1.949,0,0
0.3900227362978,9899,1.9495,0,0
0.39002231607569,9900,1.95,0,0
0.39002189606309,9901,1.9505,0,0
0.39002147626,9902,1.951,0,0
0.3900210566664,9903,1.9515,0,0
0.39002063728228,9904,1.952,0,0
0.39002021810763,9905,1.9525,0,0
0.39001979914244,9906,1.953,0,0
0.3900193803867,9907,1.9535,0,0
0.39001896184039,9908,1.954,0,0
0.39001854350351,9909,1.9545,0,0
0.39001812537605,9910,1.955,0,0
0.39001770745799,9911,1.9555,0,0
0.39001728974933,9912,1.956,0,0
0.39001687225005,9913,1.9565,0,0
0.39001645496014,9914,1.957,0,0
0.39001603787959,9915,1.9575,0,0
0.39001562100839,9916,1.958,0,0
0.39001520434654,9917,1.9585,0,0
0.39001478789401,9918,1.959,0,0
0.3900143716508,9919,1.9595,0,0
0.39001395561689,9920,1.96,0,0
0.39001353979228,9921,1.9605,0,0
0.39001312417696,9922,1.961,0,0
0.39001270877091,9923,1.9615,0,0
0.39001229357413,9924,1.962,0,0
0.39001187858659,9925,1.9625,0,0
0.3900114638083,9926,1.963,0,0
0.39001104923924,9927,1.9635,0,0
0.3900106348794,9928,1.964,0,0
0.39001022072877,9929,1.9645,0,0
0.39000980678734,9930,1.965,0,0
0.39000939305509,9931,1.9655,0,0
0.39000897953202,9932,1.966,0,0
0.39000856621812,9933,1.9665,0,0
0.39000815311337,9934,1.967,0,0
0.39000774021776,9935,1.9675,0,0
0.39000732753128,9936,1.968,0,0
0.39000691505393,9937,1.9685,0,0
0.39000650278569,9938,1.969,0,0
0.39000609072655,9939,1.9695,0,0
0.3900056788765,9940,1.97,0,0
0.39000526723552,9941,1.9705,0,0
0.39000485580362,9942,1.971,0,0
0.39000444458077,9943,1.9715,0,0
0.39000403356696,9944,1.972,0,0
0.3900036227622,9945,1.9725,0,0
0.39000321216645,9946,1.973,0,0
0.39000280177972,9947,1.9735,0,0
0.39000239160199,9948,1.974,0,0
0.39000198163325,9949,1.9745,0,0
0.39000157187349,9950,1.975,0,0
0.3900011623227,9951,1.9755,0,0
0.39000075298087,9952,1.976,0,0
0.39000034384798,9953,1.9765,0,0
0.38999993492403,9954,1.977,0,0
0.38999952620901,9955,1.9775,0,0
0.38999911770291,9956,1.978,0,0
0.3899987094057,9957,1.9785,0,0
0.38999830131739,9958,1.979,0,0
0.38999789343797,9959,1.9795,0,0
0.38999748576741,9960,1.98,0,0
0.38999707830571,9961,1.9805,0,0
0.38999667105287,9962,1.981,0,0
0.38999626400886,9963,1.9815,0,0
0.38999585717368,9964,1.982,0,0
0.38999545054731,9965,1.9825,0,0
0.38999504412976,9966,1.983,0,0
0.38999463792099,9967,1.9835,0,0
0.38999423192101,9968,1.984,0,0
0.38999382612981,9969,1.9845,0,0
0.38999342054737,9970,1.985,0,0
0.38999301517367,9971,1.9855,0,0
0.38999261000872,9972,1.986,0,0
0.3899922050525,9973,1.9865,0,0
0.389991800305,9974,1.987,0,0
0.3899913957662,9975,1.9875,0,0
0.3899909914361,9976,1.988,0,0
0.38999058731469,9977,1.9885,0,0
0.38999018340195,9978,1.989,0,0
0.38998977969788,9979,1.9895,0,0
0.38998937620246,9980,1.99,0,0
0.38998897291568,9981,1.9905,0,0
0.38998856983753,9982,1.991,0,0
0.38998816696801,9983,1.9915,0,0
0.38998776430709,9984,1.992,0,0
0.38998736185477,9985,1.9925,0,0
0.38998695961104,9986,1.993,0,0
0.38998655757589,9987,1.9935,0,0
0.3899861557493,9988,1.994,0,0
0.38998575413127,9989,1.9945,0,0
0.38998535272178,9990,1.995,0,0
0.38998495152083,9991,1.9955,0,0
0.3899845505284,9992,1.996,0,0
0.38998414974447,9993,1.9965,0,0
0.38998374916905,9994,1.997,0,0
0.38998334880212,9995,1.9975,0,0
0.38998294864367,9996,1.998,0,0
0.38998254869369,9997,1.9985,0,0
0.38998214895216,9998,1.999,0,0
0.38998174941908,9999,1.9995,0,0
0.38998135009444,10000,2,0,0
0.38998095097821,10001,2.0005,0,0
0.38998055207041,10002,2.001,0,0
0.389980153371,10003,2.0015,0,0
0.38997975487999,10004,2.002,0,0
0.38997935659735,10005,2.0025,0,0
0.38997895852309,10006,2.003,0,0
0.38997856065718,10007,2.0035,0,0
0.38997816299963,10008,2.004,0,0
0.38997776555041,10009,2.0045,0,0
0.38997736830951,10010,2.005,0,0
0.38997697127693,10011,2.0055,0,0
0.38997657445266,10012,2.006,0,0
0.38997617783668,10013,2.0065,0,0
0.38997578142898,10014,2.007,0,0
0.38997538522955,10015,2.0075,0,0
0.38997498923839,10016,2.008,0,0
0.38997459345547,10017,2.0085,0,0
0.38997419788079,10018,2.009,0,0
0.38997380251434,10019,2.0095,0,0
0.38997340735611,10020,2.01,0,0
0.38997301240608,10021,2.0105,0,0
0.38997261766425,10022,2.011,0,0
0.3899722231306,10023,2.0115,0,0
0.38997182880513,10024,2.012,0,0
0.38997143468782,10025,2.0125,0,0
0.38997104077866,10026,2.013,0,0
0.38997064707764,10027,2.0135,0,0
0.38997025358475,10028,2.014,0,0
0.38996986029998,10029,2.0145,0,0
0.38996946722332,10030,2.015,0,0
0.38996907435476,10031,2.0155,0,0
0.38996868169428,10032,2.016,0,0
0.38996828924187,10033,2.0165,0,0
0.38996789699754,10034,2.017,0,0
0.38996750496125,10035,2.0175,0,0
0.38996711313301,10036,2.018,0,0
0.3899667215128,10037,2.0185,0,0
0.38996633010061,10038,2.019,0,0
0.38996593889643,10039,2.0195,0,0
0.38996554790025,10040,2.02,0,0
0.38996515711205,10041,2.0205,0,0
0.38996476653184,10042,2.021,0,0
0.38996437615959,10043,2.0215,0,0
0.38996398599529,10044,2.022,0,0
0.38996359603894,10045,2.0225,0,0
0.38996320629053,10046,2.023,0,0
0.38996281675003,10047,2.0235,0,0
0.38996242741745,10048,2.024,0,0
0.38996203829277,10049,2.0245,0,0
0.38996164937598,10050,2.025,0,0
0.38996126066707,10051,2.0255,0,0
0.38996087216603,10052,2.026,0,0
0.38996048387284,10053,2.0265,0,0
0.3899600957875,10054,2.027,0,0
0.38995970791,10055,2.0275,0,0
0.38995932024032,10056,2.028,0,0
0.38995893277846,10057,2.0285,0,0
0.38995854552439,10058,2.029,0,0
0.38995815847812,10059,2.0295,0,0
0.38995777163963,10060,2.03,0,0
0.38995738500891,10061,2.0305,0,0
0.38995699858596,10062,2.031,0,0
0.38995661237074,10063,2.0315,0,0
0.38995622636327,10064,2.032,0,0
0.38995584056352,10065,2.0325,0,0
0.38995545497149,10066,2.033,0,0
0.38995506958717,10067,2.0335,0,0
0.38995468441053,10068,2.034,0,0
0.38995429944158,10069,2.0345,0,0
0.38995391468031,10070,2.035,0,0
0.38995353012669,10071,2.0355,0,0
0.38995314578072,10072,2.036,0,0
0.3899527616424,10073,2.0365,0,0
0.3899523777117,10074,2.037,0,0
0.38995199398862,10075,2.0375,0,0
0.38995161047315,10076,2.038,0,0
0.38995122716527,10077,2.0385,0,0
0.38995084406498,10078,2.039,0,0
0.38995046117226,10079,2.0395,0,0
0.38995007848711,10080,2.04,0,0
0.38994969600951,10081,2.0405,0,0
0.38994931373945,10082,2.041,0,0
0.38994893167692,10083,2.0415,0,0
0.38994854982191,10084,2.042,0,0
0.38994816817441,10085,2.0425,0,0
0.3899477867344,10086,2.043,0,0
0.38994740550189,10087,2.0435,0,0
0.38994702447685,10088,2.044,0,0
0.38994664365928,10089,2.0445,0,0
0.38994626304916,10090,2.045,0,0
0.38994588264648,10091,2.0455,0,0
0.38994550245124,10092,2.046,0,0
0.38994512246342,10093,2.0465,0,0
0.38994474268301,10094,2.047,0,0
0.38994436311,10095,2.0475,0,0
0.38994398374438,10096,2.048,0,0
0.38994360458614,10097,2.0485,0,0
0.38994322563526,10098,2.049,0,0
0.38994284689174,10099,2.0495,0,0
0.38994246835557,10100,2.05,0,0
0.38994209002673,10101,2.0505,0,0
0.38994171190522,10102,2.051,0,0
0.38994133399102,10103,2.0515,0,0
0.38994095628412,10104,2.052,0,0
0.38994057878452,10105,2.0525,0,0
0.38994020149219,10106,2.053,0,0
0.38993982440714,10107,2.0535,0,0
0.38993944752934,10108,2.054,0,0
0.38993907085879,10109,2.0545,0,0
0.38993869439548,10110,2.055,0,0
0.38993831813939,10111,2.0555,0,0
0.38993794209052,10112,2.056,0,0
0.38993756624886,10113,2.0565,0,0
0.38993719061438,10114,2.057,0,0
0.38993681518709,10115,2.0575,0,0
0.38993643996698,10116,2.058,0,0
0.38993606495402,10117,2.0585,0,0
0.38993569014822,10118,2.059,0,0
0.38993531554955,10119,2.0595,0,0
0.38993494115801,10120,2.06,0,0
0.38993456697359,10121,2.0605,0,0
0.38993419299628,10122,2.061,0,0
0.38993381922606,10123,2.0615,0,0
0.38993344566293,10124,2.062,0,0
0.38993307230687,10125,2.0625,0,0
0.38993269915787,10126,2.063,0,0
0.38993232621593,10127,2.0635,0,0
0.38993195348103,10128,2.064,0,0
0.38993158095316,10129,2.0645,0,0
0.38993120863231,10130,2.065,0,0
0.38993083651847,10131,2.0655,0,0
0.38993046461163,10132,2.066,0,0
0.38993009291177,10133,2.0665,0,0
0.3899297214189,10134,2.067,0,0
0.38992935013298,10135,2.0675,0,0
0.38992897905403,10136,2.068,0,0
0.38992860818201,10137,2.0685,0,0
0.38992823751693,10138,2.069,0,0
0.38992786705878,10139,2.0695,0,0
0.38992749680753,10140,2.07,0,0
0.38992712676318,10141,2.0705,0,0
0.38992675692573,10142,2.071,0,0
0.38992638729515,10143,2.0715,0,0
0.38992601787145,10144,2.072,0,0
0.38992564865459,10145,2.0725,0,0
0.38992527964459,10146,2.073,0,0
0.38992491084142,10147,2.0735,0,0
0.38992454224508,10148,2.074,0,0
0.38992417385555,10149,2.0745,0,0
0.38992380567282,10150,2.075,0,0
0.38992343769689,10151,2.0755,0,0
0.38992306992774,10152,2.076,0,0
0.38992270236536,10153,2.0765,0,0
0.38992233500974,10154,2.077,0,0
0.38992196786086,10155,2.0775,0,0
0.38992160091873,10156,2.078,0,0
0.38992123418332,10157,2.0785,0,0
0.38992086765464,10158,2.079,0,0
0.38992050133265,10159,2.0795,0,0
0.38992013521736,10160,2.08,0,0
0.38991976930876,10161,2.0805,0,0
0.38991940360683,10162,2.081,0,0
0.38991903811156,10163,2.0815,0,0
0.38991867282294,10164,2.082,0,0
0.38991830774097,10165,2.0825,0,0
0.38991794286562,10166,2.083,0,0
0.3899175781969,10167,2.0835,0,0
0.38991721373478,10168,2.084,0,0
0.38991684947926,10169,2.0845,0,0
0.38991648543033,10170,2.085,0,0
0.38991612158797,10171,2.0855,0,0
0.38991575795218,10172,2.086,0,0
0.38991539452294,10173,2.0865,0,0
0.38991503130025,10174,2.087,0,0
0.38991466828409,10175,2.0875,0,0
0.38991430547445,10176,2.088,0,0
0.38991394287132,10177,2.0885,0,0
0.3899135804747,10178,2.089,0,0
0.38991321828456,10179,2.0895,0,0
0.3899128563009,10180,2.09,0,0
0.38991249452371,10181,2.0905,0,0
0.38991213295298,10182,2.091,0,0
0.38991177158869,10183,2.0915,0,0
0.38991141043084,10184,2.092,0,0
0.38991104947942,10185,2.0925,0,0
0.38991068873441,10186,2.093,0,0
0.3899103281958,10187,2.0935,0,0
0.38990996786359,10188,2.094,0,0
0.38990960773775,10189,2.0945,0,0
0.38990924781829,10190,2.095,0,0
0.38990888810519,10191,2.0955,0,0
0.38990852859844,10192,2.096,0,0
0.38990816929802,10193,2.0965,0,0
0.38990781020394,10194,2.097,0,0
0.38990745131617,10195,2.0975,0,0
0.38990709263471,10196,2.098,0,0
0.38990673415954,10197,2.0985,0,0
0.38990637589066,10198,2.099,0,0
0.38990601782806,10199,2.0995,0,0
0.38990565997171,10200,2.1,0,0
0.38990530232162,10201,2.1005,0,0
0.38990494487777,10202,2.101,0,0
0.38990458764015,10203,2.1015,0,0
0.38990423060875,10204,2.102,0,0
0.38990387378357,10205,2.1025,0,0
0.38990351716458,10206,2.103,0,0
0.38990316075177,10207,2.1035,0,0
0.38990280454515,10208,2.104,0,0
0.38990244854469,10209,2.1045,0,0
0.38990209275039,10210,2.105,0,0
0.38990173716223,10211,2.1055,0,0
0.38990138178021,10212,2.106,0,0
0.38990102660431,10213,2.1065,0,0
0.38990067163452,10214,2.107,0,0
0.38990031687083,10215,2.1075,0,0
0.38989996231324,10216,2.108,0,0
0.38989960796173,10217,2.1085,0,0
0.38989925381628,10218,2.109,0,0
0.3898988998769,10219,2.1095,0,0
0.38989854614356,10220,2.11,0,0
0.38989819261626,10221,2.1105,0,0
0.38989783929499,10222,2.111,0,0
0.38989748617973,10223,2.1115,0,0
0.38989713327048,10224,2.112,0,0
0.38989678056723,10225,2.1125,0,0
0.38989642806996,10226,2.113,0,0
0.38989607577866,10227,2.1135,0,0
0.38989572369332,10228,2.114,0,0
0.38989537181393,10229,2.1145,0,0
0.38989502014049,10230,2.115,0,0
0.38989466867298,10231,2.1155,0,0
0.38989431741138,10232,2.116,0,0
0.3898939663557,10233,2.1165,0,0
0.38989361550591,10234,2.117,0,0
0.38989326486201,10235,2.1175,0,0
0.38989291442398,10236,2.118,0,0
0.38989256419183,10237,2.1185,0,0
0.38989221416552,10238,2.119,0,0
0.38989186434507,10239,2.1195,0,0
0.38989151473044,10240,2.12,0,0
0.38989116532164,10241,2.1205,0,0
0.38989081611865,10242,2.121,0,0
0.38989046712146,10243,2.1215,0,0
0.38989011833007,10244,2.122,0,0
0.38988976974445,10245,2.1225,0,0
0.38988942136461,10246,2.123,0,0
0.38988907319052,10247,2.1235,0,0
0.38988872522218,10248,2.124,0,0
0.38988837745958,10249,2.1245,0,0
0.3898880299027,10250,2.125,0,0
0.38988768255155,10251,2.1255,0,0
0.38988733540609,10252,2.126,0,0
0.38988698846633,10253,2.1265,0,0
0.38988664173226,10254,2.127,0,0
0.38988629520386,10255,2.1275,0,0
0.38988594888112,10256,2.128,0,0
0.38988560276403,10257,2.1285,0,0
0.38988525685259,10258,2.129,0,0
0.38988491114678,10259,2.1295,0,0
0.38988456564658,10260,2.13,0,0
0.389884220352,10261,2.1305,0,0
0.38988387526301,10262,2.131,0,0
0.38988353037961,10263,2.1315,0,0
0.38988318570179,10264,2.132,0,0
0.38988284122954,10265,2.1325,0,0
0.38988249696284,10266,2.133,0,0
0.38988215290169,10267,2.1335,0,0
0.38988180904607,10268,2.134,0,0
0.38988146539597,10269,2.1345,0,0
0.38988112195139,10270,2.135,0,0
0.38988077871232,10271,2.1355,0,0
0.38988043567873,10272,2.136,0,0
0.38988009285062,10273,2.1365,0,0
0.38987975022799,10274,2.137,0,0
0.38987940781082,10275,2.1375,0,0
0.38987906559909,10276,2.138,0,0
0.38987872359281,10277,2.1385,0,0
0.38987838179195,10278,2.139,0,0
0.38987804019651,10279,2.1395,0,0
0.38987769880648,10280,2.14,0,0
0.38987735762184,10281,2.1405,0,0
0.38987701664259,10282,2.141,0,0
0.38987667586872,10283,2.1415,0,0
0.3898763353002,10284,2.142,0,0
0.38987599493705,10285,2.1425,0,0
0.38987565477923,10286,2.143,0,0
0.38987531482675,10287,2.1435,0,0
0.38987497507959,10288,2.144,0,0
0.38987463553774,10289,2.1445,0,0
0.38987429620119,10290,2.145,0,0
0.38987395706994,10291,2.1455,0,0
0.38987361814396,10292,2.146,0,0
0.38987327942325,10293,2.1465,0,0
0.3898729409078,10294,2.147,0,0
0.38987260259759,10295,2.1475,0,0
0.38987226449262,10296,2.148,0,0
0.38987192659288,10297,2.1485,0,0
0.38987158889836,10298,2.149,0,0
0.38987125140904,10299,2.1495,0,0
0.38987091412491,10300,2.15,0,0
0.38987057704597,10301,2.1505,0,0
0.38987024017221,10302,2.151,0,0
0.3898699035036,10303,2.1515,0,0
0.38986956704015,10304,2.152,0,0
0.38986923078184,10305,2.1525,0,0
0.38986889472866,10306,2.153,0,0
0.3898685588806,10307,2.1535,0,0
0.38986822323765,10308,2.154,0,0
0.3898678877998,10309,2.1545,0,0
0.38986755256704,10310,2.155,0,0
0.38986721753935,10311,2.1555,0,0
0.38986688271674,10312,2.156,0,0
0.38986654809918,10313,2.1565,0,0
0.38986621368667,10314,2.157,0,0
0.38986587947919,10315,2.1575,0,0
0.38986554547674,10316,2.158,0,0
0.3898652116793,10317,2.1585,0,0
0.38986487808687,10318,2.159,0,0
0.38986454469943,10319,2.1595,0,0
0.38986421151698,10320,2.16,0,0
0.3898638785395,10321,2.1605,0,0
0.38986354576697,10322,2.161,0,0
0.38986321319941,10323,2.1615,0,0
0.38986288083678,10324,2.162,0,0
0.38986254867908,10325,2.1625,0,0
0.3898622167263,10326,2.163,0,0
0.38986188497843,10327,2.1635,0,0
0.38986155343546,10328,2.164,0,0
0.38986122209738,10329,2.1645,0,0
0.38986089096418,10330,2.165,0,0
0.38986056003584,10331,2.1655,0,0
0.38986022931236,10332,2.166,0,0
0.38985989879372,10333,2.1665,0,0
0.38985956847993,10334,2.167,0,0
0.38985923837095,10335,2.1675,0,0
0.38985890846679,10336,2.168,0,0
0.38985857876744,10337,2.1685,0,0
0.38985824927288,10338,2.169,0,0
0.3898579199831,10339,2.1695,0,0
0.38985759089809,10340,2.17,0,0
0.38985726201785,10341,2.1705,0,0
0.38985693334235,10342,2.171,0,0
0.3898566048716,10343,2.1715,0,0
0.38985627660558,10344,2.172,0,0
0.38985594854428,10345,2.1725,0,0
0.38985562068769,10346,2.173,0,0
0.38985529303579,10347,2.1735,0,0
0.38985496558859,10348,2.174,0,0
0.38985463834606,10349,2.1745,0,0
0.3898543113082,10350,2.175,0,0
0.389853984475,10351,2.1755,0,0
0.38985365784644,10352,2.176,0,0
0.38985333142252,10353,2.1765,0,0
0.38985300520323,10354,2.177,0,0
0.38985267918855,10355,2.1775,0,0
0.38985235337848,10356,2.178,0,0
0.389852027773,10357,2.1785,0,0
0.3898517023721,10358,2.179,0,0
0.38985137717578,10359,2.1795,0,0
0.38985105218402,10360,2.18,0,0
0.38985072739681,10361,2.1805,0,0
0.38985040281414,10362,2.181,0,0
0.38985007843601,10363,2.1815,0,0
0.38984975426239,10364,2.182,0,0
0.38984943029329,10365,2.1825,0,0
0.38984910652869,10366,2.183,0,0
0.38984878296857,10367,2.1835,0,0
0.38984845961294,10368,2.184,0,0
0.38984813646177,10369,2.1845,0,0
0.38984781351507,10370,2.185,0,0
0.38984749077281,10371,2.1855,0,0
0.38984716823498,10372,2.186,0,0
0.38984684590159,10373,2.1865,0,0
0.38984652377261,10374,2.187,0,0
0.38984620184804,10375,2.1875,0,0
0.38984588012786,10376,2.188,0,0
0.38984555861207,10377,2.1885,0,0
0.38984523730065,10378,2.189,0,0
0.3898449161936,10379,2.1895,0,0
0.3898445952909,10380,2.19,0,0
0.38984427459255,10381,2.1905,0,0
0.38984395409852,10382,2.191,0,0
0.38984363380883,10383,2.1915,0,0
0.38984331372344,10384,2.192,0,0
0.38984299384236,10385,2.1925,0,0
0.38984267416556,10386,2.193,0,0
0.38984235469305,10387,2.1935,0,0
0.38984203542481,10388,2.194,0,0
0.38984171636083,10389,2.1945,0,0
0.3898413975011,10390,2.195,0,0
0.38984107884561,10391,2.1955,0,0
0.38984076039435,10392,2.196,0,0
0.38984044214731,10393,2.1965,0,0
0.38984012410447,10394,2.197,0,0
0.38983980626584,10395,2.1975,0,0
0.38983948863139,10396,2.198,0,0
0.38983917120112,10397,2.1985,0,0
0.38983885397502,10398,2.199,0,0
0.38983853695307,10399,2.1995,0,0
0.38983822013527,10400,2.2,0,0
0.38983790352161,10401,2.2005,0,0
0.38983758711207,10402,2.201,0,0
0.38983727090665,10403,2.2015,0,0
0.38983695490533,10404,2.202,0,0
0.3898366391081,10405,2.2025,0,0
0.38983632351496,10406,2.203,0,0
0.3898360081259,10407,2.2035,0,0
0.3898356929409,10408,2.204,0,0
0.38983537795995,10409,2.2045,0,0
0.38983506318304,10410,2.205,0,0
0.38983474861017,10411,2.2055,0,0
0.38983443424132,10412,2.206,0,0
0.38983412007648,10413,2.2065,0,0
0.38983380611564,10414,2.207,0,0
0.3898334923588,10415,2.2075,0,0
0.38983317880593,10416,2.208,0,0
0.38983286545704,10417,2.2085,0,0
0.3898325523121,10418,2.209,0,0
0.38983223937112,10419,2.2095,0,0
0.38983192663407,10420,2.21,0,0
0.38983161410096,10421,2.2105,0,0
0.38983130177176,10422,2.211,0,0
0.38983098964648,10423,2.2115,0,0
0.38983067772509,10424,2.212,0,0
0.38983036600759,10425,2.2125,0,0
0.38983005449397,10426,2.213,0,0
0.38982974318421,10427,2.2135,0,0
0.38982943207831,10428,2.214,0,0
0.38982912117626,10429,2.2145,0,0
0.38982881047805,10430,2.215,0,0
0.38982849998366,10431,2.2155,0,0
0.38982818969309,10432,2.216,0,0
0.38982787960633,10433,2.2165,0,0
0.38982756972336,10434,2.217,0,0
0.38982726004418,10435,2.2175,0,0
0.38982695056877,10436,2.218,0,0
0.38982664129713,10437,2.2185,0,0
0.38982633222924,10438,2.219,0,0
0.3898260233651,10439,2.2195,0,0
0.38982571470469,10440,2.22,0,0
0.389825406248,10441,2.2205,0,0
0.38982509799503,10442,2.221,0,0
0.38982478994576,10443,2.2215,0,0
0.38982448210019,10444,2.222,0,0
0.3898241744583,10445,2.2225,0,0
0.38982386702008,10446,2.223,0,0
0.38982355978552,10447,2.2235,0,0
0.38982325275462,10448,2.224,0,0
0.38982294592736,10449,2.2245,0,0
0.38982263930373,10450,2.225,0,0
0.38982233288372,10451,2.2255,0,0
0.38982202666732,10452,2.226,0,0
0.38982172065453,10453,2.2265,0,0
0.38982141484533,10454,2.227,0,0
0.3898211092397,10455,2.2275,0,0
0.38982080383765,10456,2.228,0,0
0.38982049863916,10457,2.2285,0,0
0.38982019364422,10458,2.229,0,0
0.38981988885282,10459,2.2295,0,0
0.38981958426494,10460,2.23,0,0
0.38981927988059,10461,2.2305,0,0
0.38981897569975,10462,2.231,0,0
0.38981867172241,10463,2.2315,0,0
0.38981836794856,10464,2.232,0,0
0.38981806437818,10465,2.2325,0,0
0.38981776101128,10466,2.233,0,0
0.38981745784783,10467,2.2335,0,0
0.38981715488783,10468,2.234,0,0
0.38981685213127,10469,2.2345,0,0
0.38981654957814,10470,2.235,0,0
0.38981624722843,10471,2.2355,0,0
0.38981594508212,10472,2.236,0,0
0.38981564313922,10473,2.2365,0,0
0.3898153413997,10474,2.237,0,0
0.38981503986355,10475,2.2375,0,0
0.38981473853078,10476,2.238,0,0
0.38981443740136,10477,2.2385,0,0
0.38981413647529,10478,2.239,0,0
0.38981383575256,10479,2.2395,0,0
0.38981353523315,10480,2.24,0,0
0.38981323491706,10481,2.2405,0,0
0.38981293480428,10482,2.241,0,0
0.38981263489479,10483,2.2415,0,0
0.38981233518859,10484,2.242,0,0
0.38981203568567,10485,2.2425,0,0
0.38981173638601,10486,2.243,0,0
0.38981143728961,10487,2.2435,0,0
0.38981113839645,10488,2.244,0,0
0.38981083970654,10489,2.2445,0,0
0.38981054121984,10490,2.245,0,0
0.38981024293636,10491,2.2455,0,0
0.38980994485609,10492,2.246,0,0
0.38980964697902,10493,2.2465,0,0
0.38980934930512,10494,2.247,0,0
0.38980905183441,10495,2.2475,0,0
0.38980875456686,10496,2.248,0,0
0.38980845750246,10497,2.2485,0,0
0.38980816064121,10498,2.249,0,0
0.3898078639831,10499,2.2495,0,0
0.38980756752811,10500,2.25,0,0
0.38980727127624,10501,2.2505,0,0
0.38980697522747,10502,2.251,0,0
0.38980667938179,10503,2.2515,0,0
0.3898063837392,10504,2.252,0,0
0.38980608829969,10505,2.2525,0,0
0.38980579306324,10506,2.253,0,0
0.38980549802984,10507,2.2535,0,0
0.38980520319949,10508,2.254,0,0
0.38980490857218,10509,2.2545,0,0
0.38980461414789,10510,2.255,0,0
0.38980431992661,10511,2.2555,0,0
0.38980402590834,10512,2.256,0,0
0.38980373209306,10513,2.2565,0,0
0.38980343848077,10514,2.257,0,0
0.38980314507145,10515,2.2575,0,0
0.3898028518651,10516,2.258,0,0
0.3898025588617,10517,2.2585,0,0
0.38980226606125,10518,2.259,0,0
0.38980197346373,10519,2.2595,0,0
0.38980168106914,10520,2.26,0,0
0.38980138887746,10521,2.2605,0,0
0.38980109688868,10522,2.261,0,0
0.3898008051028,10523,2.2615,0,0
0.38980051351981,10524,2.262,0,0
0.38980022213969,10525,2.2625,0,0
0.38979993096243,10526,2.263,0,0
0.38979963998803,10527,2.2635,0,0
0.38979934921648,10528,2.264,0,0
0.38979905864776,10529,2.2645,0,0
0.38979876828186,10530,2.265,0,0
0.38979847811878,10531,2.2655,0,0
0.3897981881585,10532,2.266,0,0
0.38979789840102,10533,2.2665,0,0
0.38979760884633,10534,2.267,0,0
0.38979731949441,10535,2.2675,0,0
0.38979703034525,10536,2.268,0,0
0.38979674139885,10537,2.2685,0,0
0.3897964526552,10538,2.269,0,0
0.38979616411428,10539,2.2695,0,0
0.38979587577609,10540,2.27,0,0
0.38979558764061,10541,2.2705,0,0
0.38979529970784,10542,2.271,0,0
0.38979501197776,10543,2.2715,0,0
0.38979472445037,10544,2.272,0,0
0.38979443712566,10545,2.2725,0,0
0.38979415000361,10546,2.273,0,0
0.38979386308422,10547,2.2735,0,0
0.38979357636747,10548,2.274,0,0
0.38979328985337,10549,2.2745,0,0
0.38979300354188,10550,2.275,0,0
0.38979271743302,10551,2.2755,0,0
0.38979243152676,10552,2.276,0,0
0.3897921458231,10553,2.2765,0,0
0.38979186032203,10554,2.277,0,0
0.38979157502353,10555,2.2775,0,0
0.3897912899276,10556,2.278,0,0
0.38979100503423,10557,2.2785,0,0
0.3897907203434,10558,2.279,0,0
0.38979043585512,10559,2.2795,0,0
0.38979015156936,10560,2.28,0,0
0.38978986748612,10561,2.2805,0,0
0.38978958360539,10562,2.281,0,0
0.38978929992716,10563,2.2815,0,0
0.38978901645141,10564,2.282,0,0
0.38978873317814,10565,2.2825,0,0
0.38978845010735,10566,2.283,0,0
0.38978816723901,10567,2.2835,0,0
0.38978788457312,10568,2.284,0,0
0.38978760210967,10569,2.2845,0,0
0.38978731984865,10570,2.285,0,0
0.38978703779006,10571,2.2855,0,0
0.38978675593387,10572,2.286,0,0
0.38978647428008,10573,2.2865,0,0
0.38978619282868,10574,2.287,0,0
0.38978591157966,10575,2.2875,0,0
0.38978563053302,10576,2.288,0,0
0.38978534968873,10577,2.2885,0,0
0.3897850690468,10578,2.289,0,0
0.3897847886072,10579,2.2895,0,0
0.38978450836994,10580,2.29,0,0
0.38978422833501,10581,2.2905,0,0
0.38978394850238,10582,2.291,0,0
0.38978366887206,10583,2.2915,0,0
0.38978338944403,10584,2.292,0,0
0.38978311021828,10585,2.2925,0,0
0.3897828311948,10586,2.293,0,0
0.38978255237359,10587,2.2935,0,0
0.38978227375464,10588,2.294,0,0
0.38978199533792,10589,2.2945,0,0
0.38978171712344,10590,2.295,0,0
0.38978143911119,10591,2.2955,0,0
0.38978116130115,10592,2.296,0,0
0.38978088369332,10593,2.2965,0,0
0.38978060628768,10594,2.297,0,0
0.38978032908423,10595,2.2975,0,0
0.38978005208295,10596,2.298,0,0
0.38977977528384,10597,2.2985,0,0
0.38977949868689,10598,2.299,0,0
0.38977922229208,10599,2.2995,0,0
0.38977894609941,10600,2.3,0,0
0.38977867010887,10601,2.3005,0,0
0.38977839432044,10602,2.301,0,0
0.38977811873413,10603,2.3015,0,0
0.38977784334991,10604,2.302,0,0
0.38977756816778,10605,2.3025,0,0
0.38977729318773,10606,2.303,0,0
0.38977701840975,10607,2.3035,0,0
0.38977674383383,10608,2.304,0,0
0.38977646945996,10609,2.3045,0,0
0.38977619528813,10610,2.305,0,0
0.38977592131833,10611,2.3055,0,0
0.38977564755056,10612,2.306,0,0
0.38977537398479,10613,2.3065,0,0
0.38977510062103,10614,2.307,0,0
0.38977482745926,10615,2.3075,0,0
0.38977455449947,10616,2.308,0,0
0.38977428174165,10617,2.3085,0,0
0.3897740091858,10618,2.309,0,0
0.3897737368319,10619,2.3095,0,0
0.38977346467995,10620,2.31,0,0
0.38977319272993,10621,2.3105,0,0
0.38977292098183,10622,2.311,0,0
0.38977264943565,10623,2.3115,0,0
0.38977237809138,10624,2.312,0,0
0.389772106949,10625,2.3125,0,0
0.38977183600851,10626,2.313,0,0
0.3897715652699,10627,2.3135,0,0
0.38977129473315,10628,2.314,0,0
0.38977102439826,10629,2.3145,0,0
0.38977075426522,10630,2.315,0,0
0.38977048433402,10631,2.3155,0,0
0.38977021460465,10632,2.316,0,0
0.3897699450771,10633,2.3165,0,0
0.38976967575135,10634,2.317,0,0
0.38976940662741,10635,2.3175,0,0
0.38976913770526,10636,2.318,0,0
0.38976886898489,10637,2.3185,0,0
0.38976860046629,10638,2.319,0,0
0.38976833214946,10639,2.3195,0,0
0.38976806403438,10640,2.32,0,0
0.38976779612104,10641,2.3205,0,0
0.38976752840943,10642,2.321,0,0
0.38976726089955,10643,2.3215,0,0
0.38976699359138,10644,2.322,0,0
0.38976672648492,10645,2.3225,0,0
0.38976645958015,10646,2.323,0,0
0.38976619287707,10647,2.3235,0,0
0.38976592637567,10648,2.324,0,0
0.38976566007594,10649,2.3245,0,0
0.38976539397786,10650,2.325,0,0
0.38976512808143,10651,2.3255,0,0
0.38976486238664,10652,2.326,0,0
0.38976459689347,10653,2.3265,0,0
0.38976433160193,10654,2.327,0,0
0.389764066512,10655,2.3275,0,0
0.38976380162367,10656,2.328,0,0
0.38976353693693,10657,2.3285,0,0
0.38976327245177,10658,2.329,0,0
0.38976300816819,10659,2.3295,0,0
0.38976274408617,10660,2.33,0,0
0.3897624802057,10661,2.3305,0,0
0.38976221652677,10662,2.331,0,0
0.38976195304938,10663,2.3315,0,0
0.38976168977352,10664,2.332,0,0
0.38976142669917,10665,2.3325,0,0
0.38976116382633,10666,2.333,0,0
0.38976090115499,10667,2.3335,0,0
0.38976063868513,10668,2.334,0,0
0.38976037641675,10669,2.3345,0,0
0.38976011434984,10670,2.335,0,0
0.38975985248439,10671,2.3355,0,0
0.38975959082039,10672,2.336,0,0
0.38975932935783,10673,2.3365,0,0
0.3897590680967,10674,2.337,0,0
0.38975880703699,10675,2.3375,0,0
0.3897585461787,10676,2.338,0,0
0.38975828552181,10677,2.3385,0,0
0.38975802506631,10678,2.339,0,0
0.3897577648122,10679,2.3395,0,0
0.38975750475946,10680,2.34,0,0
0.38975724490809,10681,2.3405,0,0
0.38975698525807,10682,2.341,0,0
0.38975672580941,10683,2.3415,0,0
0.38975646656207,10684,2.342,0,0
0.38975620751607,10685,2.3425,0,0
0.38975594867139,10686,2.343,0,0
0.38975569002801,10687,2.3435,0,0
0.38975543158594,10688,2.344,0,0
0.38975517334516,10689,2.3445,0,0
0.38975491530566,10690,2.345,0,0
0.38975465746743,10691,2.3455,0,0
0.38975439983046,10692,2.346,0,0
0.38975414239475,10693,2.3465,0,0
0.38975388516028,10694,2.347,0,0
0.38975362812705,10695,2.3475,0,0
0.38975337129504,10696,2.348,0,0
0.38975311466425,10697,2.3485,0,0
0.38975285823467,10698,2.349,0,0
0.38975260200629,10699,2.3495,0,0
0.38975234597909,10700,2.35,0,0
0.38975209015308,10701,2.3505,0,0
0.38975183452823,10702,2.351,0,0
0.38975157910455,10703,2.3515,0,0
0.38975132388201,10704,2.352,0,0
0.38975106886062,10705,2.3525,0,0
0.38975081404037,10706,2.353,0,0
0.38975055942123,10707,2.3535,0,0
0.38975030500321,10708,2.354,0,0
0.3897500507863,10709,2.3545,0,0
0.38974979677049,10710,2.355,0,0
0.38974954295576,10711,2.3555,0,0
0.38974928934211,10712,2.356,0,0
0.38974903592952,10713,2.3565,0,0
0.389748782718,10714,2.357,0,0
0.38974852970753,10715,2.3575,0,0
0.38974827689809,10716,2.358,0,0
0.3897480242897,10717,2.3585,0,0
0.38974777188232,10718,2.359,0,0
0.38974751967595,10719,2.3595,0,0
0.3897472676706,10720,2.36,0,0
0.38974701586623,10721,2.3605,0,0
0.38974676426285,10722,2.361,0,0
0.38974651286045,10723,2.3615,0,0
0.38974626165902,10724,2.362,0,0
0.38974601065854,10725,2.3625,0,0
0.38974575985902,10726,2.363,0,0
0.38974550926043,10727,2.3635,0,0
0.38974525886278,10728,2.364,0,0
0.38974500866605,10729,2.3645,0,0
0.38974475867023,10730,2.365,0,0
0.38974450887531,10731,2.3655,0,0
0.38974425928129,10732,2.366,0,0
0.38974400988815,10733,2.3665,0,0
0.38974376069589,10734,2.367,0,0
0.3897435117045,10735,2.3675,0,0
0.38974326291397,10736,2.368,0,0
0.38974301432428,10737,2.3685,0,0
0.38974276593544,10738,2.369,0,0
0.38974251774742,10739,2.3695,0,0
0.38974226976023,10740,2.37,0,0
0.38974202197385,10741,2.3705,0,0
0.38974177438828,10742,2.371,0,0
0.3897415270035,10743,2.3715,0,0
0.3897412798195,10744,2.372,0,0
0.38974103283628,10745,2.3725,0,0
0.38974078605383,10746,2.373,0,0
0.38974053947213,10747,2.3735,0,0
0.38974029309119,10748,2.374,0,0
0.38974004691098,10749,2.3745,0,0
0.38973980093151,10750,2.375,0,0
0.38973955515276,10751,2.3755,0,0
0.38973930957472,10752,2.376,0,0
0.38973906419739,10753,2.3765,0,0
0.38973881902075,10754,2.377,0,0
0.3897385740448,10755,2.3775,0,0
0.38973832926952,10756,2.378,0,0
0.38973808469491,10757,2.3785,0,0
0.38973784032097,10758,2.379,0,0
0.38973759614767,10759,2.3795,0,0
0.38973735217501,10760,2.38,0,0
0.38973710840299,10761,2.3805,0,0
0.38973686483158,10762,2.381,0,0
0.3897366214608,10763,2.3815,0,0
0.38973637829061,10764,2.382,0,0
0.38973613532103,10765,2.3825,0,0
0.38973589255203,10766,2.383,0,0
0.38973564998361,10767,2.3835,0,0
0.38973540761575,10768,2.384,0,0
0.38973516544846,10769,2.3845,0,0
0.38973492348172,10770,2.385,0,0
0.38973468171553,10771,2.3855,0,0
0.38973444014986,10772,2.386,0,0
0.38973419878472,10773,2.3865,0,0
0.3897339576201,10774,2.387,0,0
0.38973371665599,10775,2.3875,0,0
0.38973347589237,10776,2.388,0,0
0.38973323532924,10777,2.3885,0,0
0.38973299496659,10778,2.389,0,0
0.38973275480441,10779,2.3895,0,0
0.3897325148427,10780,2.39,0,0
0.38973227508143,10781,2.3905,0,0
0.38973203552062,10782,2.391,0,0
0.38973179616023,10783,2.3915,0,0
0.38973155700028,10784,2.392,0,0
0.38973131804074,10785,2.3925,0,0
0.38973107928162,10786,2.393,0,0
0.38973084072289,10787,2.3935,0,0
0.38973060236455,10788,2.394,0,0
0.3897303642066,10789,2.3945,0,0
0.38973012624902,10790,2.395,0,0
0.3897298884918,10791,2.3955,0,0
0.38972965093494,10792,2.396,0,0
0.38972941357843,10793,2.3965,0,0
0.38972917642226,10794,2.397,0,0
0.38972893946642,10795,2.3975,0,0
0.38972870271089,10796,2.398,0,0
0.38972846615568,10797,2.3985,0,0
0.38972822980077,10798,2.399,0,0
0.38972799364616,10799,2.3995,0,0
0.38972775769183,10800,2.4,0,0
0.38972752193778,10801,2.4005,0,0
0.389727286384,10802,2.401,0,0
0.38972705103048,10803,2.4015,0,0
0.3897268158772,10804,2.402,0,0
0.38972658092417,10805,2.4025,0,0
0.38972634617137,10806,2.403,0,0
0.3897261116188,10807,2.4035,0,0
0.38972587726644,10808,2.404,0,0
0.38972564311429,10809,2.4045,0,0
0.38972540916234,10810,2.405,0,0
0.38972517541057,10811,2.4055,0,0
0.38972494185899,10812,2.406,0,0
0.38972470850757,10813,2.4065,0,0
0.38972447535632,10814,2.407,0,0
0.38972424240523,10815,2.4075,0,0
0.38972400965428,10816,2.408,0,0
0.38972377710347,10817,2.4085,0,0
0.38972354475278,10818,2.409,0,0
0.38972331260222,10819,2.4095,0,0
0.38972308065177,10820,2.41,0,0
0.38972284890141,10821,2.4105,0,0
0.38972261735116,10822,2.411,0,0
0.38972238600098,10823,2.4115,0,0
0.38972215485089,10824,2.412,0,0
0.38972192390086,10825,2.4125,0,0
0.38972169315089,10826,2.413,0,0
0.38972146260097,10827,2.4135,0,0
0.38972123225109,10828,2.414,0,0
0.38972100210124,10829,2.4145,0,0
0.38972077215142,10830,2.415,0,0
0.38972054240162,10831,2.4155,0,0
0.38972031285182,10832,2.416,0,0
0.38972008350202,10833,2.4165,0,0
0.38971985435221,10834,2.417,0,0
0.38971962540238,10835,2.4175,0,0
0.38971939665252,10836,2.418,0,0
0.38971916810263,10837,2.4185,0,0
0.38971893975269,10838,2.419,0,0
0.3897187116027,10839,2.4195,0,0
0.38971848365265,10840,2.42,0,0
0.38971825590252,10841,2.4205,0,0
0.38971802835232,10842,2.421,0,0
0.38971780100203,10843,2.4215,0,0
0.38971757385165,10844,2.422,0,0
0.38971734690116,10845,2.4225,0,0
0.38971712015056,10846,2.423,0,0
0.38971689359983,10847,2.4235,0,0
0.38971666724898,10848,2.424,0,0
0.38971644109798,10849,2.4245,0,0
0.38971621514684,10850,2.425,0,0
0.38971598939555,10851,2.4255,0,0
0.38971576384409,10852,2.426,0,0
0.38971553849245,10853,2.4265,0,0
0.38971531334064,10854,2.427,0,0
0.38971508838863,10855,2.4275,0,0
0.38971486363643,10856,2.428,0,0
0.38971463908402,10857,2.4285,0,0
0.38971441473139,10858,2.429,0,0
0.38971419057854,10859,2.4295,0,0
0.38971396662546,10860,2.43,0,0
0.38971374287214,10861,2.4305,0,0
0.38971351931857,10862,2.431,0,0
0.38971329596474,10863,2.4315,0,0
0.38971307281064,10864,2.432,0,0
0.38971284985627,10865,2.4325,0,0
0.38971262710162,10866,2.433,0,0
0.38971240454668,10867,2.4335,0,0
0.38971218219143,10868,2.434,0,0
0.38971196003588,10869,2.4345,0,0
0.38971173808001,10870,2.435,0,0
0.38971151632381,10871,2.4355,0,0
0.38971129476729,10872,2.436,0,0
0.38971107341042,10873,2.4365,0,0
0.38971085225319,10874,2.437,0,0
0.38971063129561,10875,2.4375,0,0
0.38971041053767,10876,2.438,0,0
0.38971018997935,10877,2.4385,0,0
0.38970996962064,10878,2.439,0,0
0.38970974946154,10879,2.4395,0,0
0.38970952950204,10880,2.44,0,0
0.38970930974213,10881,2.4405,0,0
0.38970909018181,10882,2.441,0,0
0.38970887082106,10883,2.4415,0,0
0.38970865165987,10884,2.442,0,0
0.38970843269824,10885,2.4425,0,0
0.38970821393617,10886,2.443,0,0
0.38970799537363,10887,2.4435,0,0
0.38970777701062,10888,2.444,0,0
0.38970755884714,10889,2.4445,0,0
0.38970734088318,10890,2.445,0,0
0.38970712311872,10891,2.4455,0,0
0.38970690555376,10892,2.446,0,0
0.3897066881883,10893,2.4465,0,0
0.38970647102231,10894,2.447,0,0
0.3897062540558,10895,2.4475,0,0
0.38970603728876,10896,2.448,0,0
0.38970582072117,10897,2.4485,0,0
0.38970560435304,10898,2.449,0,0
0.38970538818434,10899,2.4495,0,0
0.38970517221508,10900,2.45,0,0
0.38970495644525,10901,2.4505,0,0
0.38970474087483,10902,2.451,0,0
0.38970452550382,10903,2.4515,0,0
0.38970431033221,10904,2.452,0,0
0.38970409535999,10905,2.4525,0,0
0.38970388058715,10906,2.453,0,0
0.38970366601369,10907,2.4535,0,0
0.3897034516396,10908,2.454,0,0
0.38970323746487,10909,2.4545,0,0
0.38970302348948,10910,2.455,0,0
0.38970280971344,10911,2.4555,0,0
0.38970259613674,10912,2.456,0,0
0.38970238275936,10913,2.4565,0,0
0.3897021695813,10914,2.457,0,0
0.38970195660255,10915,2.4575,0,0
0.3897017438231,10916,2.458,0,0
0.38970153124294,10917,2.4585,0,0
0.38970131886207,10918,2.459,0,0
0.38970110668048,10919,2.4595,0,0
0.38970089469816,10920,2.46,0,0
0.3897006829151,10921,2.4605,0,0
0.38970047133129,10922,2.461,0,0
0.38970025994672,10923,2.4615,0,0
0.3897000487614,10924,2.462,0,0
0.3896998377753,10925,2.4625,0,0
0.38969962698842,10926,2.463,0,0
0.38969941640075,10927,2.4635,0,0
0.38969920601229,10928,2.464,0,0
0.38969899582302,10929,2.4645,0,0
0.38969878583295,10930,2.465,0,0
0.38969857604205,10931,2.4655,0,0
0.38969836645032,10932,2.466,0,0
0.38969815705776,10933,2.4665,0,0
0.38969794786436,10934,2.467,0,0
0.3896977388701,10935,2.4675,0,0
0.38969753007498,10936,2.468,0,0
0.38969732147899,10937,2.4685,0,0
0.38969711308213,10938,2.469,0,0
0.38969690488438,10939,2.4695,0,0
0.38969669688574,10940,2.47,0,0
0.3896964890862,10941,2.4705,0,0
0.38969628148575,10942,2.471,0,0
0.38969607408438,10943,2.4715,0,0
0.38969586688209,10944,2.472,0,0
0.38969565987887,10945,2.4725,0,0
0.38969545307471,10946,2.473,0,0
0.3896952464696,10947,2.4735,0,0
0.38969504006353,10948,2.474,0,0
0.3896948338565,10949,2.4745,0,0
0.38969462784849,10950,2.475,0,0
0.38969442203951,10951,2.4755,0,0
0.38969421642953,10952,2.476,0,0
0.38969401101856,10953,2.4765,0,0
0.38969380580659,10954,2.477,0,0
0.3896936007936,10955,2.4775,0,0
0.38969339597959,10956,2.478,0,0
0.38969319136456,10957,2.4785,0,0
0.38969298694849,10958,2.479,0,0
0.38969278273137,10959,2.4795,0,0
0.38969257871321,10960,2.48,0,0
0.38969237489398,10961,2.4805,0,0
0.38969217127369,10962,2.481,0,0
0.38969196785232,10963,2.4815,0,0
0.38969176462987,10964,2.482,0,0
0.38969156160632,10965,2.4825,0,0
0.38969135878168,10966,2.483,0,0
0.38969115615593,10967,2.4835,0,0
0.38969095372907,10968,2.484,0,0
0.38969075150108,10969,2.4845,0,0
0.38969054947196,10970,2.485,0,0
0.3896903476417,10971,2.4855,0,0
0.3896901460103,10972,2.486,0,0
0.38968994457774,10973,2.4865,0,0
0.38968974334403,10974,2.487,0,0
0.38968954230914,10975,2.4875,0,0
0.38968934147307,10976,2.488,0,0
0.38968914083582,10977,2.4885,0,0
0.38968894039737,10978,2.489,0,0
0.38968874015773,10979,2.4895,0,0
0.38968854011687,10980,2.49,0,0
0.3896883402748,10981,2.4905,0,0
0.38968814063151,10982,2.491,0,0
0.38968794118698,10983,2.4915,0,0
0.38968774194121,10984,2.492,0,0
0.3896875428942,10985,2.4925,0,0
0.38968734404593,10986,2.493,0,0
0.38968714539639,10987,2.4935,0,0
0.38968694694559,10988,2.494,0,0
0.3896867486935,10989,2.4945,0,0
0.38968655064013,10990,2.495,0,0
0.38968635278547,10991,2.4955,0,0
0.38968615512951,10992,2.496,0,0
0.38968595767223,10993,2.4965,0,0
0.38968576041364,10994,2.497,0,0
0.38968556335372,10995,2.4975,0,0
0.38968536649247,10996,2.498,0,0
0.38968516982988,10997,2.4985,0,0
0.38968497336594,10998,2.499,0,0
0.38968477710065,10999,2.4995,0,0
0.38968458103399,11000,2.5,0,0
0.38968438516596,11001,2.5005,0,0
0.38968418949655,11002,2.501,0,0
0.38968399402576,11003,2.5015,0,0
0.38968379875357,11004,2.502,0,0
0.38968360367998,11005,2.5025,0,0
0.38968340880498,11006,2.503,0,0
0.38968321412857,11007,2.5035,0,0
0.38968301965073,11008,2.504,0,0
0.38968282537145,11009,2.5045,0,0
0.38968263129074,11010,2.505,0,0
0.38968243740858,11011,2.5055,0,0
0.38968224372497,11012,2.506,0,0
0.38968205023989,11013,2.5065,0,0
0.38968185695334,11014,2.507,0,0
0.38968166386532,11015,2.5075,0,0
0.38968147097581,11016,2.508,0,0
0.3896812782848,11017,2.5085,0,0
0.3896810857923,11018,2.509,0,0
0.38968089349829,11019,2.5095,0,0
0.38968070140276,11020,2.51,0,0
0.38968050950571,11021,2.5105,0,0
0.38968031780713,11022,2.511,0,0
0.38968012630701,11023,2.5115,0,0
0.38967993500534,11024,2.512,0,0
0.38967974390213,11025,2.5125,0,0
0.38967955299735,11026,2.513,0,0
0.389679362291,11027,2.5135,0,0
0.38967917178308,11028,2.514,0,0
0.38967898147357,11029,2.5145,0,0
0.38967879136247,11030,2.515,0,0
0.38967860144978,11031,2.5155,0,0
0.38967841173548,11032,2.516,0,0
0.38967822221956,11033,2.5165,0,0
0.38967803290203,11034,2.517,0,0
0.38967784378287,11035,2.5175,0,0
0.38967765486207,11036,2.518,0,0
0.38967746613963,11037,2.5185,0,0
0.38967727761554,11038,2.519,0,0
0.38967708928979,11039,2.5195,0,0
0.38967690116237,11040,2.52,0,0
0.38967671323328,11041,2.5205,0,0
0.38967652550252,11042,2.521,0,0
0.38967633797006,11043,2.5215,0,0
0.38967615063591,11044,2.522,0,0
0.38967596350006,11045,2.5225,0,0
0.3896757765625,11046,2.523,0,0
0.38967558982322,11047,2.5235,0,0
0.38967540328222,11048,2.524,0,0
0.38967521693948,11049,2.5245,0,0
0.38967503079501,11050,2.525,0,0
0.38967484484879,11051,2.5255,0,0
0.38967465910081,11052,2.526,0,0
0.38967447355107,11053,2.5265,0,0
0.38967428819957,11054,2.527,0,0
0.38967410304629,11055,2.5275,0,0
0.38967391809123,11056,2.528,0,0
0.38967373333437,11057,2.5285,0,0
0.38967354877572,11058,2.529,0,0
0.38967336441526,11059,2.5295,0,0
0.38967318025299,11060,2.53,0,0
0.3896729962889,11061,2.5305,0,0
0.38967281252299,11062,2.531,0,0
0.38967262895523,11063,2.5315,0,0
0.38967244558564,11064,2.532,0,0
0.3896722624142,11065,2.5325,0,0
0.3896720794409,11066,2.533,0,0
0.38967189666574,11067,2.5335,0,0
0.38967171408871,11068,2.534,0,0
0.3896715317098,11069,2.5345,0,0
0.38967134952901,11070,2.535,0,0
0.38967116754632,11071,2.5355,0,0
0.38967098576173,11072,2.536,0,0
0.38967080417524,11073,2.5365,0,0
0.38967062278683,11074,2.537,0,0
0.3896704415965,11075,2.5375,0,0
0.38967026060425,11076,2.538,0,0
0.38967007981005,11077,2.5385,0,0
0.38966989921392,11078,2.539,0,0
0.38966971881583,11079,2.5395,0,0
0.38966953861579,11080,2.54,0,0
0.38966935861378,11081,2.5405,0,0
0.38966917880981,11082,2.541,0,0
0.38966899920385,11083,2.5415,0,0
0.38966881979591,11084,2.542,0,0
0.38966864058597,11085,2.5425,0,0
0.38966846157403,11086,2.543,0,0
0.38966828276009,11087,2.5435,0,0
0.38966810414414,11088,2.544,0,0
0.38966792572616,11089,2.5445,0,0
0.38966774750615,11090,2.545,0,0
0.38966756948411,11091,2.5455,0,0
0.38966739166002,11092,2.546,0,0
0.38966721403389,11093,2.5465,0,0
0.3896670366057,11094,2.547,0,0
0.38966685937544,11095,2.5475,0,0
0.38966668234311,11096,2.548,0,0
0.38966650550871,11097,2.5485,0,0
0.38966632887222,11098,2.549,0,0
0.38966615243364,11099,2.5495,0,0
0.38966597619295,11100,2.55,0,0
0.38966580015017,11101,2.5505,0,0
0.38966562430527,11102,2.551,0,0
0.38966544865824,11103,2.5515,0,0
0.38966527320909,11104,2.552,0,0
0.38966509795781,11105,2.5525,0,0
0.38966492290439,11106,2.553,0,0
0.38966474804881,11107,2.5535,0,0
0.38966457339109,11108,2.554,0,0
0.3896643989312,11109,2.5545,0,0
0.38966422466914,11110,2.555,0,0
0.3896640506049,11111,2.5555,0,0
0.38966387673848,11112,2.556,0,0
0.38966370306987,11113,2.5565,0,0
0.38966352959907,11114,2.557,0,0
0.38966335632605,11115,2.5575,0,0
0.38966318325083,11116,2.558,0,0
0.38966301037339,11117,2.5585,0,0
0.38966283769373,11118,2.559,0,0
0.38966266521183,11119,2.5595,0,0
0.3896624929277,11120,2.56,0,0
0.38966232084132,11121,2.5605,0,0
0.38966214895268,11122,2.561,0,0
0.38966197726179,11123,2.5615,0,0
0.38966180576863,11124,2.562,0,0
0.3896616344732,11125,2.5625,0,0
0.38966146337549,11126,2.563,0,0
0.38966129247549,11127,2.5635,0,0
0.3896611217732,11128,2.564,0,0
0.3896609512686,11129,2.5645,0,0
0.3896607809617,11130,2.565,0,0
0.38966061085249,11131,2.5655,0,0
0.38966044094095,11132,2.566,0,0
0.38966027122709,11133,2.5665,0,0
0.38966010171089,11134,2.567,0,0
0.38965993239235,11135,2.5675,0,0
0.38965976327146,11136,2.568,0,0
0.38965959434821,11137,2.5685,0,0
0.38965942562261,11138,2.569,0,0
0.38965925709463,11139,2.5695,0,0
0.38965908876428,11140,2.57,0,0
0.38965892063155,11141,2.5705,0,0
0.38965875269642,11142,2.571,0,0
0.38965858495891,11143,2.5715,0,0
0.38965841741899,11144,2.572,0,0
0.38965825007666,11145,2.5725,0,0
0.38965808293191,11146,2.573,0,0
0.38965791598474,11147,2.5735,0,0
0.38965774923514,11148,2.574,0,0
0.38965758268311,11149,2.5745,0,0
0.38965741632863,11150,2.575,0,0
0.3896572501717,11151,2.5755,0,0
0.38965708421232,11152,2.576,0,0
0.38965691845047,11153,2.5765,0,0
0.38965675288615,11154,2.577,0,0
0.38965658751936,11155,2.5775,0,0
0.38965642235008,11156,2.578,0,0
0.38965625737832,11157,2.5785,0,0
0.38965609260406,11158,2.579,0,0
0.38965592802729,11159,2.5795,0,0
0.38965576364802,11160,2.58,0,0
0.38965559946622,11161,2.5805,0,0
0.38965543548191,11162,2.581,0,0
0.38965527169506,11163,2.5815,0,0
0.38965510810568,11164,2.582,0,0
0.38965494471376,11165,2.5825,0,0
0.38965478151929,11166,2.583,0,0
0.38965461852226,11167,2.5835,0,0
0.38965445572267,11168,2.584,0,0
0.38965429312051,11169,2.5845,0,0
0.38965413071577,11170,2.585,0,0
0.38965396850845,11171,2.5855,0,0
0.38965380649854,11172,2.586,0,0
0.38965364468604,11173,2.5865,0,0
0.38965348307093,11174,2.587,0,0
0.38965332165322,11175,2.5875,0,0
0.38965316043289,11176,2.588,0,0
0.38965299940994,11177,2.5885,0,0
0.38965283858436,11178,2.589,0,0
0.38965267795614,11179,2.5895,0,0
0.38965251752529,11180,2.59,0,0
0.38965235729179,11181,2.5905,0,0
0.38965219725563,11182,2.591,0,0
0.38965203741681,11183,2.5915,0,0
0.38965187777533,11184,2.592,0,0
0.38965171833117,11185,2.5925,0,0
0.38965155908433,11186,2.593,0,0
0.3896514000348,11187,2.5935,0,0
0.38965124118258,11188,2.594,0,0
0.38965108252767,11189,2.5945,0,0
0.38965092407004,11190,2.595,0,0
0.38965076580971,11191,2.5955,0,0
0.38965060774665,11192,2.596,0,0
0.38965044988087,11193,2.5965,0,0
0.38965029221236,11194,2.597,0,0
0.38965013474111,11195,2.5975,0,0
0.38964997746712,11196,2.598,0,0
0.38964982039037,11197,2.5985,0,0
0.38964966351087,11198,2.599,0,0
0.3896495068286,11199,2.5995,0,0
0.38964935034357,11200,2.6,0,0
0.38964919405575,11201,2.6005,0,0
0.38964903796516,11202,2.601,0,0
0.38964888207178,11203,2.6015,0,0
0.3896487263756,11204,2.602,0,0
0.38964857087662,11205,2.6025,0,0
0.38964841557483,11206,2.603,0,0
0.38964826047022,11207,2.6035,0,0
0.3896481055628,11208,2.604,0,0
0.38964795085255,11209,2.6045,0,0
0.38964779633946,11210,2.605,0,0
0.38964764202354,11211,2.6055,0,0
0.38964748790477,11212,2.606,0,0
0.38964733398315,11213,2.6065,0,0
0.38964718025867,11214,2.607,0,0
0.38964702673132,11215,2.6075,0,0
0.38964687340111,11216,2.608,0,0
0.38964672026801,11217,2.6085,0,0
0.38964656733204,11218,2.609,0,0
0.38964641459317,11219,2.6095,0,0
0.38964626205141,11220,2.61,0,0
0.38964610970675,11221,2.6105,0,0
0.38964595755917,11222,2.611,0,0
0.38964580560869,11223,2.6115,0,0
0.38964565385528,11224,2.612,0,0
0.38964550229894,11225,2.6125,0,0
0.38964535093967,11226,2.613,0,0
0.38964519977747,11227,2.6135,0,0
0.38964504881231,11228,2.614,0,0
0.38964489804421,11229,2.6145,0,0
0.38964474747315,11230,2.615,0,0
0.38964459709912,11231,2.6155,0,0
0.38964444692212,11232,2.616,0,0
0.38964429694215,11233,2.6165,0,0
0.38964414715919,11234,2.617,0,0
0.38964399757325,11235,2.6175,0,0
0.38964384818431,11236,2.618,0,0
0.38964369899237,11237,2.6185,0,0
0.38964354999743,11238,2.619,0,0
0.38964340119947,11239,2.6195,0,0
0.38964325259849,11240,2.62,0,0
0.38964310419448,11241,2.6205,0,0
0.38964295598745,11242,2.621,0,0
0.38964280797738,11243,2.6215,0,0
0.38964266016426,11244,2.622,0,0
0.3896425125481,11245,2.6225,0,0
0.38964236512888,11246,2.623,0,0
0.38964221790659,11247,2.6235,0,0
0.38964207088124,11248,2.624,0,0
0.38964192405282,11249,2.6245,0,0
0.38964177742132,11250,2.625,0,0
0.38964163098673,11251,2.6255,0,0
0.38964148474905,11252,2.626,0,0
0.38964133870827,11253,2.6265,0,0
0.38964119286439,11254,2.627,0,0
0.3896410472174,11255,2.6275,0,0
0.38964090176729,11256,2.628,0,0
0.38964075651406,11257,2.6285,0,0
0.38964061145771,11258,2.629,0,0
0.38964046659822,11259,2.6295,0,0
0.38964032193559,11260,2.63,0,0
0.38964017746981,11261,2.6305,0,0
0.38964003320089,11262,2.631,0,0
0.3896398891288,11263,2.6315,0,0
0.38963974525356,11264,2.632,0,0
0.38963960157514,11265,2.6325,0,0
0.38963945809355,11266,2.633,0,0
0.38963931480878,11267,2.6335,0,0
0.38963917172083,11268,2.634,0,0
0.38963902882967,11269,2.6345,0,0
0.38963888613533,11270,2.635,0,0
0.38963874363777,11271,2.6355,0,0
0.38963860133701,11272,2.636,0,0
0.38963845923303,11273,2.6365,0,0
0.38963831732583,11274,2.637,0,0
0.3896381756154,11275,2.6375,0,0
0.38963803410173,11276,2.638,0,0
0.38963789278483,11277,2.6385,0,0
0.38963775166468,11278,2.639,0,0
0.38963761074128,11279,2.6395,0,0
0.38963747001463,11280,2.64,0,0
0.38963732948471,11281,2.6405,0,0
0.38963718915152,11282,2.641,0,0
0.38963704901506,11283,2.6415,0,0
0.38963690907532,11284,2.642,0,0
0.38963676933229,11285,2.6425,0,0
0.38963662978597,11286,2.643,0,0
0.38963649043635,11287,2.6435,0,0
0.38963635128343,11288,2.644,0,0
0.38963621232721,11289,2.6445,0,0
0.38963607356766,11290,2.645,0,0
0.3896359350048,11291,2.6455,0,0
0.38963579663861,11292,2.646,0,0
0.38963565846909,11293,2.6465,0,0
0.38963552049623,11294,2.647,0,0
0.38963538272003,11295,2.6475,0,0
0.38963524514047,11296,2.648,0,0
0.38963510775757,11297,2.6485,0,0
0.3896349705713,11298,2.649,0,0
0.38963483358167,11299,2.6495,0,0
0.38963469678867,11300,2.65,0,0
0.38963456019229,11301,2.6505,0,0
0.38963442379252,11302,2.651,0,0
0.38963428758937,11303,2.6515,0,0
0.38963415158283,11304,2.652,0,0
0.38963401577288,11305,2.6525,0,0
0.38963388015953,11306,2.653,0,0
0.38963374474277,11307,2.6535,0,0
0.38963360952259,11308,2.654,0,0
0.38963347449899,11309,2.6545,0,0
0.38963333967196,11310,2.655,0,0
0.3896332050415,11311,2.6555,0,0
0.3896330706076,11312,2.656,0,0
0.38963293637025,11313,2.6565,0,0
0.38963280232946,11314,2.657,0,0
0.38963266848521,11315,2.6575,0,0
0.38963253483749,11316,2.658,0,0
0.38963240138632,11317,2.6585,0,0
0.38963226813167,11318,2.659,0,0
0.38963213507354,11319,2.6595,0,0
0.38963200221192,11320,2.66,0,0
0.38963186954682,11321,2.6605,0,0
0.38963173707823,11322,2.661,0,0
0.38963160480613,11323,2.6615,0,0
0.38963147273053,11324,2.662,0,0
0.38963134085142,11325,2.6625,0,0
0.3896312091688,11326,2.663,0,0
0.38963107768265,11327,2.6635,0,0
0.38963094639297,11328,2.664,0,0
0.38963081529976,11329,2.6645,0,0
0.38963068440302,11330,2.665,0,0
0.38963055370273,11331,2.6655,0,0
0.38963042319889,11332,2.666,0,0
0.3896302928915,11333,2.6665,0,0
0.38963016278054,11334,2.667,0,0
0.38963003286603,11335,2.6675,0,0
0.38962990314794,11336,2.668,0,0
0.38962977362628,11337,2.6685,0,0
0.38962964430103,11338,2.669,0,0
0.3896295151722,11339,2.6695,0,0
0.38962938623977,11340,2.67,0,0
0.38962925750375,11341,2.6705,0,0
0.38962912896413,11342,2.671,0,0
0.3896290006209,11343,2.6715,0,0
0.38962887247405,11344,2.672,0,0
0.38962874452359,11345,2.6725,0,0
0.3896286167695,11346,2.673,0,0
0.38962848921178,11347,2.6735,0,0
0.38962836185043,11348,2.674,0,0
0.38962823468544,11349,2.6745,0,0
0.3896281077168,11350,2.675,0,0
0.38962798094451,11351,2.6755,0,0
0.38962785436857,11352,2.676,0,0
0.38962772798896,11353,2.6765,0,0
0.38962760180569,11354,2.677,0,0
0.38962747581875,11355,2.6775,0,0
0.38962735002813,11356,2.678,0,0
0.38962722443382,11357,2.6785,0,0
0.38962709903583,11358,2.679,0,0
0.38962697383415,11359,2.6795,0,0
0.38962684882877,11360,2.68,0,0
0.38962672401969,11361,2.6805,0,0
0.3896265994069,11362,2.681,0,0
0.38962647499039,11363,2.6815,0,0
0.38962635077017,11364,2.682,0,0
0.38962622674622,11365,2.6825,0,0
0.38962610291854,11366,2.683,0,0
0.38962597928713,11367,2.6835,0,0
0.38962585585198,11368,2.684,0,0
0.38962573261309,11369,2.6845,0,0
0.38962560957045,11370,2.685,0,0
0.38962548672405,11371,2.6855,0,0
0.38962536407389,11372,2.686,0,0
0.38962524161997,11373,2.6865,0,0
0.38962511936227,11374,2.687,0,0
0.3896249973008,11375,2.6875,0,0
0.38962487543555,11376,2.688,0,0
0.38962475376652,11377,2.6885,0,0
0.38962463229369,11378,2.689,0,0
0.38962451101707,11379,2.6895,0,0
0.38962438993665,11380,2.69,0,0
0.38962426905243,11381,2.6905,0,0
0.38962414836439,11382,2.691,0,0
0.38962402787253,11383,2.6915,0,0
0.38962390757686,11384,2.692,0,0
0.38962378747736,11385,2.6925,0,0
0.38962366757403,11386,2.693,0,0
0.38962354786686,11387,2.6935,0,0
0.38962342835585,11388,2.694,0,0
0.389623309041,11389,2.6945,0,0
0.3896231899223,11390,2.695,0,0
0.38962307099974,11391,2.6955,0,0
0.38962295227331,11392,2.696,0,0
0.38962283374303,11393,2.6965,0,0
0.38962271540887,11394,2.697,0,0
0.38962259727083,11395,2.6975,0,0
0.38962247932892,11396,2.698,0,0
0.38962236158312,11397,2.6985,0,0
0.38962224403343,11398,2.699,0,0
0.38962212667984,11399,2.6995,0,0
0.38962200952235,11400,2.7,0,0
0.38962189256096,11401,2.7005,0,0
0.38962177579566,11402,2.701,0,0
0.38962165922644,11403,2.7015,0,0
0.3896215428533,11404,2.702,0,0
0.38962142667624,11405,2.7025,0,0
0.38962131069525,11406,2.703,0,0
0.38962119491032,11407,2.7035,0,0
0.38962107932145,11408,2.704,0,0
0.38962096392864,11409,2.7045,0,0
0.38962084873188,11410,2.705,0,0
0.38962073373117,11411,2.7055,0,0
0.3896206189265,11412,2.706,0,0
0.38962050431786,11413,2.7065,0,0
0.38962038990525,11414,2.707,0,0
0.38962027568867,11415,2.7075,0,0
0.38962016166812,11416,2.708,0,0
0.38962004784358,11417,2.7085,0,0
0.38961993421505,11418,2.709,0,0
0.38961982078253,11419,2.7095,0,0
0.38961970754601,11420,2.71,0,0
0.38961959450549,11421,2.7105,0,0
0.38961948166097,11422,2.711,0,0
0.38961936901243,11423,2.7115,0,0
0.38961925655988,11424,2.712,0,0
0.3896191443033,11425,2.7125,0,0
0.3896190322427,11426,2.713,0,0
0.38961892037807,11427,2.7135,0,0
0.38961880870941,11428,2.714,0,0
0.3896186972367,11429,2.7145,0,0
0.38961858595995,11430,2.715,0,0
0.38961847487915,11431,2.7155,0,0
0.3896183639943,11432,2.716,0,0
0.38961825330539,11433,2.7165,0,0
0.38961814281242,11434,2.717,0,0
0.38961803251537,11435,2.7175,0,0
0.38961792241426,11436,2.718,0,0
0.38961781250907,11437,2.7185,0,0
0.38961770279979,11438,2.719,0,0
0.38961759328644,11439,2.7195,0,0
0.38961748396898,11440,2.72,0,0
0.38961737484744,11441,2.7205,0,0
0.38961726592179,11442,2.721,0,0
0.38961715719204,11443,2.7215,0,0
0.38961704865818,11444,2.722,0,0
0.38961694032021,11445,2.7225,0,0
0.38961683217811,11446,2.723,0,0
0.3896167242319,11447,2.7235,0,0
0.38961661648156,11448,2.724,0,0
0.38961650892708,11449,2.7245,0,0
0.38961640156847,11450,2.725,0,0
0.38961629440572,11451,2.7255,0,0
0.38961618743882,11452,2.726,0,0
0.38961608066777,11453,2.7265,0,0
0.38961597409257,11454,2.727,0,0
0.3896158677132,11455,2.7275,0,0
0.38961576152968,11456,2.728,0,0
0.38961565554198,11457,2.7285,0,0
0.38961554975011,11458,2.729,0,0
0.38961544415407,11459,2.7295,0,0
0.38961533875384,11460,2.73,0,0
0.38961523354943,11461,2.7305,0,0
0.38961512854083,11462,2.731,0,0
0.38961502372803,11463,2.7315,0,0
0.38961491911104,11464,2.732,0,0
0.38961481468984,11465,2.7325,0,0
0.38961471046443,11466,2.733,0,0
0.38961460643481,11467,2.7335,0,0
0.38961450260097,11468,2.734,0,0
0.38961439896291,11469,2.7345,0,0
0.38961429552062,11470,2.735,0,0
0.38961419227411,11471,2.7355,0,0
0.38961408922336,11472,2.736,0,0
0.38961398636837,11473,2.7365,0,0
0.38961388370914,11474,2.737,0,0
0.38961378124566,11475,2.7375,0,0
0.38961367897793,11476,2.738,0,0
0.38961357690594,11477,2.7385,0,0
0.3896134750297,11478,2.739,0,0
0.38961337334918,11479,2.7395,0,0
0.3896132718644,11480,2.74,0,0
0.38961317057535,11481,2.7405,0,0
0.38961306948201,11482,2.741,0,0
0.3896129685844,11483,2.7415,0,0
0.3896128678825,11484,2.742,0,0
0.38961276737631,11485,2.7425,0,0
0.38961266706582,11486,2.743,0,0
0.38961256695104,11487,2.7435,0,0
0.38961246703195,11488,2.744,0,0
0.38961236730855,11489,2.7445,0,0
0.38961226778085,11490,2.745,0,0
0.38961216844882,11491,2.7455,0,0
0.38961206931248,11492,2.746,0,0
0.38961197037181,11493,2.7465,0,0
0.38961187162682,11494,2.747,0,0
0.38961177307749,11495,2.7475,0,0
0.38961167472382,11496,2.748,0,0
0.38961157656582,11497,2.7485,0,0
0.38961147860346,11498,2.749,0,0
0.38961138083676,11499,2.7495,0,0
0.38961128326571,11500,2.75,0,0
0.3896111858903,11501,2.7505,0,0
0.38961108871052,11502,2.751,0,0
0.38961099172638,11503,2.7515,0,0
0.38961089493787,11504,2.752,0,0
0.38961079834499,11505,2.7525,0,0
0.38961070194772,11506,2.753,0,0
0.38961060574608,11507,2.7535,0,0
0.38961050974005,11508,2.754,0,0
0.38961041392963,11509,2.7545,0,0
0.38961031831481,11510,2.755,0,0
0.3896102228956,11511,2.7555,0,0
0.38961012767198,11512,2.756,0,0
0.38961003264396,11513,2.7565,0,0
0.38960993781152,11514,2.757,0,0
0.38960984317467,11515,2.7575,0,0
0.3896097487334,11516,2.758,0,0
0.38960965448771,11517,2.7585,0,0
0.38960956043759,11518,2.759,0,0
0.38960946658305,11519,2.7595,0,0
0.38960937292406,11520,2.76,0,0
0.38960927946064,11521,2.7605,0,0
0.38960918619277,11522,2.761,0,0
0.38960909312046,11523,2.7615,0,0
0.3896090002437,11524,2.762,0,0
0.38960890756248,11525,2.7625,0,0
0.38960881507681,11526,2.763,0,0
0.38960872278667,11527,2.7635,0,0
0.38960863069207,11528,2.764,0,0
0.38960853879299,11529,2.7645,0,0
0.38960844708944,11530,2.765,0,0
0.38960835558142,11531,2.7655,0,0
0.38960826426891,11532,2.766,0,0
0.38960817315191,11533,2.7665,0,0
0.38960808223043,11534,2.767,0,0
0.38960799150445,11535,2.7675,0,0
0.38960790097398,11536,2.768,0,0
0.389607810639,11537,2.7685,0,0
0.38960772049952,11538,2.769,0,0
0.38960763055552,11539,2.7695,0,0
0.38960754080702,11540,2.77,0,0
0.389607451254,11541,2.7705,0,0
0.38960736189646,11542,2.771,0,0
0.38960727273439,11543,2.7715,0,0
0.3896071837678,11544,2.772,0,0
0.38960709499667,11545,2.7725,0,0
0.38960700642101,11546,2.773,0,0
0.38960691804081,11547,2.7735,0,0
0.38960682985607,11548,2.774,0,0
0.38960674186678,11549,2.7745,0,0
0.38960665407293,11550,2.775,0,0
0.38960656647454,11551,2.7755,0,0
0.38960647907158,11552,2.776,0,0
0.38960639186407,11553,2.7765,0,0
0.38960630485199,11554,2.777,0,0
0.38960621803533,11555,2.7775,0,0
0.38960613141411,11556,2.778,0,0
0.38960604498831,11557,2.7785,0,0
0.38960595875793,11558,2.779,0,0
0.38960587272296,11559,2.7795,0,0
0.38960578688341,11560,2.78,0,0
0.38960570123926,11561,2.7805,0,0
0.38960561579052,11562,2.781,0,0
0.38960553053718,11563,2.7815,0,0
0.38960544547924,11564,2.782,0,0
0.38960536061669,11565,2.7825,0,0
0.38960527594954,11566,2.783,0,0
0.38960519147777,11567,2.7835,0,0
0.38960510720138,11568,2.784,0,0
0.38960502312037,11569,2.7845,0,0
0.38960493923474,11570,2.785,0,0
0.38960485554448,11571,2.7855,0,0
0.38960477204959,11572,2.786,0,0
0.38960468875006,11573,2.7865,0,0
0.3896046056459,11574,2.787,0,0
0.38960452273709,11575,2.7875,0,0
0.38960444002364,11576,2.788,0,0
0.38960435750554,11577,2.7885,0,0
0.38960427518279,11578,2.789,0,0
0.38960419305538,11579,2.7895,0,0
0.38960411112331,11580,2.79,0,0
0.38960402938658,11581,2.7905,0,0
0.38960394784518,11582,2.791,0,0
0.38960386649912,11583,2.7915,0,0
0.38960378534838,11584,2.792,0,0
0.38960370439296,11585,2.7925,0,0
0.38960362363286,11586,2.793,0,0
0.38960354306808,11587,2.7935,0,0
0.38960346269861,11588,2.794,0,0
0.38960338252445,11589,2.7945,0,0
0.38960330254559,11590,2.795,0,0
0.38960322276204,11591,2.7955,0,0
0.38960314317379,11592,2.796,0,0
0.38960306378083,11593,2.7965,0,0
0.38960298458316,11594,2.797,0,0
0.38960290558079,11595,2.7975,0,0
0.38960282677369,11596,2.798,0,0
0.38960274816188,11597,2.7985,0,0
0.38960266974535,11598,2.799,0,0
0.3896025915241,11599,2.7995,0,0
0.38960251349811,11600,2.8,0,0
0.3896024356674,11601,2.8005,0,0
0.38960235803195,11602,2.801,0,0
0.38960228059176,11603,2.8015,0,0
0.38960220334683,11604,2.802,0,0
0.38960212629716,11605,2.8025,0,0
0.38960204944274,11606,2.803,0,0
0.38960197278357,11607,2.8035,0,0
0.38960189631964,11608,2.804,0,0
0.38960182005095,11609,2.8045,0,0
0.38960174397751,11610,2.805,0,0
0.3896016680993,11611,2.8055,0,0
0.38960159241632,11612,2.806,0,0
0.38960151692857,11613,2.8065,0,0
0.38960144163605,11614,2.807,0,0
0.38960136653874,11615,2.8075,0,0
0.38960129163666,11616,2.808,0,0
0.3896012169298,11617,2.8085,0,0
0.38960114241815,11618,2.809,0,0
0.38960106810171,11619,2.8095,0,0
0.38960099398047,11620,2.81,0,0
0.38960092005444,11621,2.8105,0,0
0.38960084632361,11622,2.811,0,0
0.38960077278797,11623,2.8115,0,0
0.38960069944753,11624,2.812,0,0
0.38960062630228,11625,2.8125,0,0
0.38960055335222,11626,2.813,0,0
0.38960048059735,11627,2.8135,0,0
0.38960040803765,11628,2.814,0,0
0.38960033567313,11629,2.8145,0,0
0.38960026350379,11630,2.815,0,0
0.38960019152962,11631,2.8155,0,0
0.38960011975062,11632,2.816,0,0
0.38960004816679,11633,2.8165,0,0
0.38959997677811,11634,2.817,0,0
0.3895999055846,11635,2.8175,0,0
0.38959983458625,11636,2.818,0,0
0.38959976378304,11637,2.8185,0,0
0.38959969317499,11638,2.819,0,0
0.38959962276209,11639,2.8195,0,0
0.38959955254433,11640,2.82,0,0
0.38959948252172,11641,2.8205,0,0
0.38959941269424,11642,2.821,0,0
0.38959934306189,11643,2.8215,0,0
0.38959927362468,11644,2.822,0,0
0.3895992043826,11645,2.8225,0,0
0.38959913533565,11646,2.823,0,0
0.38959906648382,11647,2.8235,0,0
0.38959899782711,11648,2.824,0,0
0.38959892936552,11649,2.8245,0,0
0.38959886109904,11650,2.825,0,0
0.38959879302768,11651,2.8255,0,0
0.38959872515142,11652,2.826,0,0
0.38959865747027,11653,2.8265,0,0
0.38959858998423,11654,2.827,0,0
0.38959852269328,11655,2.8275,0,0
0.38959845559743,11656,2.828,0,0
0.38959838869668,11657,2.8285,0,0
0.38959832199101,11658,2.829,0,0
0.38959825548044,11659,2.8295,0,0
0.38959818916495,11660,2.83,0,0
0.38959812304455,11661,2.8305,0,0
0.38959805711922,11662,2.831,0,0
0.38959799138897,11663,2.8315,0,0
0.3895979258538,11664,2.832,0,0
0.3895978605137,11665,2.8325,0,0
0.38959779536867,11666,2.833,0,0
0.3895977304187,11667,2.8335,0,0
0.3895976656638,11668,2.834,0,0
0.38959760110395,11669,2.8345,0,0
0.38959753673917,11670,2.835,0,0
0.38959747256944,11671,2.8355,0,0
0.38959740859476,11672,2.836,0,0
0.38959734481513,11673,2.8365,0,0
0.38959728123055,11674,2.837,0,0
0.38959721784101,11675,2.8375,0,0
0.38959715464651,11676,2.838,0,0
0.38959709164706,11677,2.8385,0,0
0.38959702884263,11678,2.839,0,0
0.38959696623324,11679,2.8395,0,0
0.38959690381888,11680,2.84,0,0
0.38959684159955,11681,2.8405,0,0
0.38959677957525,11682,2.841,0,0
0.38959671774596,11683,2.8415,0,0
0.3895966561117,11684,2.842,0,0
0.38959659467245,11685,2.8425,0,0
0.38959653342822,11686,2.843,0,0
0.38959647237899,11687,2.8435,0,0
0.38959641152478,11688,2.844,0,0
0.38959635086558,11689,2.8445,0,0
0.38959629040137,11690,2.845,0,0
0.38959623013217,11691,2.8455,0,0
0.38959617005797,11692,2.846,0,0
0.38959611017876,11693,2.8465,0,0
0.38959605049455,11694,2.847,0,0
0.38959599100533,11695,2.8475,0,0
0.3895959317111,11696,2.848,0,0
0.38959587261185,11697,2.8485,0,0
0.38959581370758,11698,2.849,0,0
0.3895957549983,11699,2.8495,0,0
0.38959569648399,11700,2.85,0,0
0.38959563816466,11701,2.8505,0,0
0.38959558004031,11702,2.851,0,0
0.38959552211092,11703,2.8515,0,0
0.3895954643765,11704,2.852,0,0
0.38959540683705,11705,2.8525,0,0
0.38959534949256,11706,2.853,0,0
0.38959529234303,11707,2.8535,0,0
0.38959523538846,11708,2.854,0,0
0.38959517862885,11709,2.8545,0,0
0.38959512206418,11710,2.855,0,0
0.38959506569447,11711,2.8555,0,0
0.38959500951971,11712,2.856,0,0
0.38959495353989,11713,2.8565,0,0
0.38959489775502,11714,2.857,0,0
0.38959484216509,11715,2.8575,0,0
0.3895947867701,11716,2.858,0,0
0.38959473157004,11717,2.8585,0,0
0.38959467656492,11718,2.859,0,0
0.38959462175473,11719,2.8595,0,0
0.38959456713946,11720,2.86,0,0
0.38959451271913,11721,2.8605,0,0
0.38959445849372,11722,2.861,0,0
0.38959440446323,11723,2.8615,0,0
0.38959435062766,11724,2.862,0,0
0.38959429698701,11725,2.8625,0,0
0.38959424354128,11726,2.863,0,0
0.38959419029045,11727,2.8635,0,0
0.38959413723454,11728,2.864,0,0
0.38959408437354,11729,2.8645,0,0
0.38959403170744,11730,2.865,0,0
0.38959397923624,11731,2.8655,0,0
0.38959392695995,11732,2.866,0,0
0.38959387487856,11733,2.8665,0,0
0.38959382299206,11734,2.867,0,0
0.38959377130046,11735,2.8675,0,0
0.38959371980375,11736,2.868,0,0
0.38959366850193,11737,2.8685,0,0
0.389593617395,11738,2.869,0,0
0.38959356648296,11739,2.8695,0,0
0.38959351576579,11740,2.87,0,0
0.38959346524351,11741,2.8705,0,0
0.38959341491611,11742,2.871,0,0
0.38959336478359,11743,2.8715,0,0
0.38959331484594,11744,2.872,0,0
0.38959326510316,11745,2.8725,0,0
0.38959321555526,11746,2.873,0,0
0.38959316620222,11747,2.8735,0,0
0.38959311704405,11748,2.874,0,0
0.38959306808074,11749,2.8745,0,0
0.3895930193123,11750,2.875,0,0
0.38959297073872,11751,2.8755,0,0
0.38959292235999,11752,2.876,0,0
0.38959287417612,11753,2.8765,0,0
0.3895928261871,11754,2.877,0,0
0.38959277839294,11755,2.8775,0,0
0.38959273079362,11756,2.878,0,0
0.38959268338915,11757,2.8785,0,0
0.38959263617953,11758,2.879,0,0
0.38959258916475,11759,2.8795,0,0
0.38959254234481,11760,2.88,0,0
0.38959249571971,11761,2.8805,0,0
0.38959244928945,11762,2.881,0,0
0.38959240305402,11763,2.8815,0,0
0.38959235701343,11764,2.882,0,0
0.38959231116767,11765,2.8825,0,0
0.38959226551673,11766,2.883,0,0
0.38959222006063,11767,2.8835,0,0
0.38959217479935,11768,2.884,0,0
0.38959212973289,11769,2.8845,0,0
0.38959208486126,11770,2.885,0,0
0.38959204018444,11771,2.8855,0,0
0.38959199570244,11772,2.886,0,0
0.38959195141526,11773,2.8865,0,0
0.38959190732289,11774,2.887,0,0
0.38959186342534,11775,2.8875,0,0
0.38959181972259,11776,2.888,0,0
0.38959177621465,11777,2.8885,0,0
0.38959173290152,11778,2.889,0,0
0.38959168978319,11779,2.8895,0,0
0.38959164685967,11780,2.89,0,0
0.38959160413094,11781,2.8905,0,0
0.38959156159701,11782,2.891,0,0
0.38959151925788,11783,2.8915,0,0
0.38959147711355,11784,2.892,0,0
0.38959143516401,11785,2.8925,0,0
0.38959139340926,11786,2.893,0,0
0.3895913518493,11787,2.8935,0,0
0.38959131048412,11788,2.894,0,0
0.38959126931374,11789,2.8945,0,0
0.38959122833813,11790,2.895,0,0
0.38959118755731,11791,2.8955,0,0
0.38959114697127,11792,2.896,0,0
0.38959110658001,11793,2.8965,0,0
0.38959106638353,11794,2.897,0,0
0.38959102638182,11795,2.8975,0,0
0.38959098657489,11796,2.898,0,0
0.38959094696272,11797,2.8985,0,0
0.38959090754533,11798,2.899,0,0
0.38959086832271,11799,2.8995,0,0
0.38959082929485,11800,2.9,0,0
0.38959079046176,11801,2.9005,0,0
0.38959075182343,11802,2.901,0,0
0.38959071337986,11803,2.9015,0,0
0.38959067513105,11804,2.902,0,0
0.38959063707701,11805,2.9025,0,0
0.38959059921771,11806,2.903,0,0
0.38959056155318,11807,2.9035,0,0
0.38959052408339,11808,2.904,0,0
0.38959048680836,11809,2.9045,0,0
0.38959044972808,11810,2.905,0,0
0.38959041284255,11811,2.9055,0,0
0.38959037615176,11812,2.906,0,0
0.38959033965572,11813,2.9065,0,0
0.38959030335443,11814,2.907,0,0
0.38959026724787,11815,2.9075,0,0
0.38959023133606,11816,2.908,0,0
0.38959019561899,11817,2.9085,0,0
0.38959016009665,11818,2.909,0,0
0.38959012476905,11819,2.9095,0,0
0.38959008963619,11820,2.91,0,0
0.38959005469805,11821,2.9105,0,0
0.38959001995465,11822,2.911,0,0
0.38958998540598,11823,2.9115,0,0
0.38958995105204,11824,2.912,0,0
0.38958991689282,11825,2.9125,0,0
0.38958988292833,11826,2.913,0,0
0.38958984915857,11827,2.9135,0,0
0.38958981558352,11828,2.914,0,0
0.3895897822032,11829,2.9145,0,0
0.3895897490176,11830,2.915,0,0
0.38958971602671,11831,2.9155,0,0
0.38958968323055,11832,2.916,0,0
0.38958965062909,11833,2.9165,0,0
0.38958961822236,11834,2.917,0,0
0.38958958601033,11835,2.9175,0,0
0.38958955399301,11836,2.918,0,0
0.38958952217041,11837,2.9185,0,0
0.38958949054251,11838,2.919,0,0
0.38958945910932,11839,2.9195,0,0
0.38958942787084,11840,2.92,0,0
0.38958939682706,11841,2.9205,0,0
0.38958936597798,11842,2.921,0,0
0.38958933532361,11843,2.9215,0,0
0.38958930486393,11844,2.922,0,0
0.38958927459896,11845,2.9225,0,0
0.38958924452868,11846,2.923,0,0
0.3895892146531,11847,2.9235,0,0
0.38958918497221,11848,2.924,0,0
0.38958915548602,11849,2.9245,0,0
0.38958912619452,11850,2.925,0,0
0.38958909709771,11851,2.9255,0,0
0.38958906819559,11852,2.926,0,0
0.38958903948816,11853,2.9265,0,0
0.38958901097541,11854,2.927,0,0
0.38958898265735,11855,2.9275,0,0
0.38958895453398,11856,2.928,0,0
0.38958892660529,11857,2.9285,0,0
0.38958889887129,11858,2.929,0,0
0.38958887133196,11859,2.9295,0,0
0.38958884398732,11860,2.93,0,0
0.38958881683735,11861,2.9305,0,0
0.38958878988206,11862,2.931,0,0
0.38958876312145,11863,2.9315,0,0
0.38958873655552,11864,2.932,0,0
0.38958871018425,11865,2.9325,0,0
0.38958868400766,11866,2.933,0,0
0.38958865802575,11867,2.9335,0,0
0.3895886322385,11868,2.934,0,0
0.38958860664592,11869,2.9345,0,0
0.38958858124802,11870,2.935,0,0
0.38958855604478,11871,2.9355,0,0
0.3895885310362,11872,2.936,0,0
0.38958850622229,11873,2.9365,0,0
0.38958848160305,11874,2.937,0,0
0.38958845717847,11875,2.9375,0,0
0.38958843294855,11876,2.938,0,0
0.38958840891329,11877,2.9385,0,0
0.38958838507269,11878,2.939,0,0
0.38958836142675,11879,2.9395,0,0
0.38958833797547,11880,2.94,0,0
0.38958831471885,11881,2.9405,0,0
0.38958829165688,11882,2.941,0,0
0.38958826878957,11883,2.9415,0,0
0.38958824611691,11884,2.942,0,0
0.3895882236389,11885,2.9425,0,0
0.38958820135555,11886,2.943,0,0
0.38958817926684,11887,2.9435,0,0
0.38958815737279,11888,2.944,0,0
0.38958813567338,11889,2.9445,0,0
0.38958811416863,11890,2.945,0,0
0.38958809285852,11891,2.9455,0,0
0.38958807174305,11892,2.946,0,0
0.38958805082224,11893,2.9465,0,0
0.38958803009606,11894,2.947,0,0
0.38958800956453,11895,2.9475,0,0
0.38958798922765,11896,2.948,0,0
0.3895879690854,11897,2.9485,0,0
0.3895879491378,11898,2.949,0,0
0.38958792938483,11899,2.9495,0,0
0.38958790982651,11900,2.95,0,0
0.38958789046282,11901,2.9505,0,0
0.38958787129377,11902,2.951,0,0
0.38958785231936,11903,2.9515,0,0
0.38958783353958,11904,2.952,0,0
0.38958781495444,11905,2.9525,0,0
0.38958779656393,11906,2.953,0,0
0.38958777836805,11907,2.9535,0,0
0.38958776036681,11908,2.954,0,0
0.3895877425602,11909,2.9545,0,0
0.38958772494822,11910,2.955,0,0
0.38958770753087,11911,2.9555,0,0
0.38958769030815,11912,2.956,0,0
0.38958767328006,11913,2.9565,0,0
0.3895876564466,11914,2.957,0,0
0.38958763980777,11915,2.9575,0,0
0.38958762336356,11916,2.958,0,0
0.38958760711397,11917,2.9585,0,0
0.38958759105901,11918,2.959,0,0
0.38958757519868,11919,2.9595,0,0
0.38958755953297,11920,2.96,0,0
0.38958754406188,11921,2.9605,0,0
0.38958752878542,11922,2.961,0,0
0.38958751370358,11923,2.9615,0,0
0.38958749881636,11924,2.962,0,0
0.38958748412375,11925,2.9625,0,0
0.38958746962577,11926,2.963,0,0
0.38958745532241,11927,2.9635,0,0
0.38958744121367,11928,2.964,0,0
0.38958742729954,11929,2.9645,0,0
0.38958741358003,11930,2.965,0,0
0.38958740005514,11931,2.9655,0,0
0.38958738672486,11932,2.966,0,0
0.3895873735892,11933,2.9665,0,0
0.38958736064816,11934,2.967,0,0
0.38958734790173,11935,2.9675,0,0
0.38958733534991,11936,2.968,0,0
0.38958732299271,11937,2.9685,0,0
0.38958731083011,11938,2.969,0,0
0.38958729886214,11939,2.9695,0,0
0.38958728708877,11940,2.97,0,0
0.38958727551001,11941,2.9705,0,0
0.38958726412587,11942,2.971,0,0
0.38958725293633,11943,2.9715,0,0
0.38958724194141,11944,2.972,0,0
0.38958723114109,11945,2.9725,0,0
0.38958722053538,11946,2.973,0,0
0.38958721012428,11947,2.9735,0,0
0.38958719990779,11948,2.974,0,0
0.38958718988591,11949,2.9745,0,0
0.38958718005863,11950,2.975,0,0
0.38958717042596,11951,2.9755,0,0
0.3895871609879,11952,2.976,0,0
0.38958715174444,11953,2.9765,0,0
0.38958714269559,11954,2.977,0,0
0.38958713384134,11955,2.9775,0,0
0.38958712518169,11956,2.978,0,0
0.38958711671665,11957,2.9785,0,0
0.38958710844622,11958,2.979,0,0
0.38958710037038,11959,2.9795,0,0
0.38958709248916,11960,2.98,0,0
0.38958708480253,11961,2.9805,0,0
0.3895870773105,11962,2.981,0,0
0.38958707001308,11963,2.9815,0,0
0.38958706291026,11964,2.982,0,0
0.38958705600204,11965,2.9825,0,0
0.38958704928842,11966,2.983,0,0
0.38958704276941,11967,2.9835,0,0
0.38958703644499,11968,2.984,0,0
0.38958703031517,11969,2.9845,0,0
0.38958702437996,11970,2.985,0,0
0.38958701863934,11971,2.9855,0,0
0.38958701309332,11972,2.986,0,0
0.38958700774191,11973,2.9865,0,0
0.38958700258509,11974,2.987,0,0
0.38958699762287,11975,2.9875,0,0
0.38958699285525,11976,2.988,0,0
0.38958698828222,11977,2.9885,0,0
0.3895869839038,11978,2.989,0,0
0.38958697971997,11979,2.9895,0,0
0.38958697573074,11980,2.99,0,0
0.38958697193611,11981,2.9905,0,0
0.38958696833608,11982,2.991,0,0
0.38958696493064,11983,2.9915,0,0
0.3895869617198,11984,2.992,0,0
0.38958695870356,11985,2.9925,0,0
0.38958695588191,11986,2.993,0,0
0.38958695325487,11987,2.9935,0,0
0.38958695082241,11988,2.994,0,0
0.38958694858456,11989,2.9945,0,0
0.3895869465413,11990,2.995,0,0
0.38958694469264,11991,2.9955,0,0
0.38958694303857,11992,2.996,0,0
0.3895869415791,11993,2.9965,0,0
0.38958694031423,11994,2.997,0,0
0.38958693924395,11995,2.9975,0,0
0.38958693836827,11996,2.998,0,0
0.38958693768718,11997,2.9985,0,0
0.38958693720069,11998,2.999,0,0
0.3895869369088,11999,2.9995,0,0
0.3895869368115,12000,3,0,0
