cm,id,x,y,z
0.13648001202599,4000,0,0,0
0.14568476092495,4001,0.00025,0,0
0.14640121158207,4002,0.0005,0,0
0.14644098499399,4003,0.00075,0,0
0.1464430974845,4004,0.001,0,0
0.14644321354262,4005,0.00125,0,0
0.1464432240873,4006,0.0015,0,0
0.1464432290517,4007,0.00175,0,0
0.14644323372154,4008,0.002,0,0
0.14644323837518,4009,0.00225,0,0
0.14644324302757,4010,0.0025,0,0
0.14644324767943,4011,0.00275,0,0
0.14644325233084,4012,0.003,0,0
0.14644325698177,4013,0.00325,0,0
0.14644326163223,4014,0.0035,0,0
0.14644326628223,4015,0.00375,0,0
0.14644327093176,4016,0.004,0,0
0.14644327558082,4017,0.00425,0,0
0.14644328022942,4018,0.0045,0,0
0.14644328487754,4019,0.00475,0,0
0.1464432895252,4020,0.005,0,0
0.14644329417239,4021,0.00525,0,0
0.14644329881911,4022,0.0055,0,0
0.14644330346536,4023,0.00575,0,0
0.14644330811115,4024,0.006,0,0
0.14644331275646,4025,0.00625,0,0
0.14644331740131,4026,0.0065,0,0
0.14644332204569,4027,0.00675,0,0
0.1464433266896,4028,0.007,0,0
0.14644333133303,4029,0.00725,0,0
0.146443335976,4030,0.0075,0,0
0.14644334061851,4031,0.00775,0,0
0.14644334526054,4032,0.008,0,0
0.1464433499021,4033,0.00825,0,0
0.14644335454319,4034,0.0085,0,0
0.14644335918381,4035,0.00875,0,0
0.14644336382396,4036,0.009,0,0
0.14644336846365,4037,0.00925,0,0
0.14644337310286,4038,0.0095,0,0
0.1464433777416,4039,0.00975,0,0
0.14644338237987,4040,0.01,0,0
0.14644338701767,4041,0.01025,0,0
0.146443391655,4042,0.0105,0,0
0.14644339629186,4043,0.01075,0,0
0.14644340092825,4044,0.011,0,0
0.14644340556416,4045,0.01125,0,0
0.14644341019961,4046,0.0115,0,0
0.14644341483459,4047,0.01175,0,0
0.14644341946909,4048,0.012,0,0
0.14644342410312,4049,0.01225,0,0
0.14644342873668,4050,0.0125,0,0
0.14644343336977,4051,0.01275,0,0
0.14644343800239,4052,0.013,0,0
0.14644344263454,4053,0.01325,0,0
0.14644344726621,4054,0.0135,0,0
0.14644345189741,4055,0.01375,0,0
0.14644345652814,4056,0.014,0,0
0.1464434611584,4057,0.01425,0,0
0.14644346578818,4058,0.0145,0,0
0.1464434704175,4059,0.01475,0,0
0.14644347504633,4060,0.015,0,0
0.1464434796747,4061,0.01525,0,0
0.1464434843026,4062,0.0155,0,0
0.14644348893002,4063,0.01575,0,0
0.14644349355697,4064,0.016,0,0
0.14644349818344,4065,0.01625,0,0
0.14644350280944,4066,0.0165,0,0
0.14644350743497,4067,0.01675,0,0
0.14644351206003,4068,0.017,0,0
0.14644351668461,4069,0.01725,0,0
0.14644352130872,4070,0.0175,0,0
0.14644352593235,4071,0.01775,0,0
0.14644353055552,4072,0.018,0,0
0.1464435351782,4073,0.01825,0,0
0.14644353980042,4074,0.0185,0,0
0.14644354442215,4075,0.01875,0,0
0.14644354904342,4076,0.019,0,0
0.14644355366421,4077,0.01925,0,0
0.14644355828453,4078,0.0195,0,0
0.14644356290437,4079,0.01975,0,0
0.14644356752373,4080,0.02,0,0
0.14644357214263,4081,0.02025,0,0
0.14644357676104,4082,0.0205,0,0
0.14644358137899,4083,0.02075,0,0
0.14644358599645,4084,0.021,0,0
0.14644359061345,4085,0.02125,0,0
0.14644359522996,4086,0.0215,0,0
0.14644359984601,4087,0.02175,0,0
0.14644360446157,4088,0.022,0,0
0.14644360907666,4089,0.02225,0,0
0.14644361369128,4090,0.0225,0,0
0.14644361830542,4091,0.02275,0,0
0.14644362291908,4092,0.023,0,0
0.14644362753227,4093,0.02325,0,0
0.14644363214498,4094,0.0235,0,0
0.14644363675722,4095,0.02375,0,0
0.14644364136898,4096,0.024,0,0
0.14644364598026,4097,0.02425,0,0
0.14644365059107,4098,0.0245,0,0
0.1464436552014,4099,0.02475,0,0
0.14644365981125,4100,0.025,0,0
0.14644366442063,4101,0.02525,0,0
0.14644366902953,4102,0.0255,0,0
0.14644367363796,4103,0.02575,0,0
0.1464436782459,4104,0.026,0,0
0.14644368285337,4105,0.02625,0,0
0.14644368746037,4106,0.0265,0,0
0.14644369206688,4107,0.02675,0,0
0.14644369667292,4108,0.027,0,0
0.14644370127848,4109,0.02725,0,0
0.14644370588356,4110,0.0275,0,0
0.14644371048817,4111,0.02775,0,0
0.1464437150923,4112,0.028,0,0
0.14644371969595,4113,0.02825,0,0
0.14644372429912,4114,0.0285,0,0
0.14644372890182,4115,0.02875,0,0
0.14644373350403,4116,0.029,0,0
0.14644373810577,4117,0.02925,0,0
0.14644374270703,4118,0.0295,0,0
0.14644374730782,4119,0.02975,0,0
0.14644375190812,4120,0.03,0,0
0.14644375650794,4121,0.03025,0,0
0.14644376110729,4122,0.0305,0,0
0.14644376570616,4123,0.03075,0,0
0.14644377030455,4124,0.031,0,0
0.14644377490246,4125,0.03125,0,0
0.14644377949989,4126,0.0315,0,0
0.14644378409684,4127,0.03175,0,0
0.14644378869332,4128,0.032,0,0
0.14644379328931,4129,0.03225,0,0
0.14644379788483,4130,0.0325,0,0
0.14644380247986,4131,0.03275,0,0
0.14644380707442,4132,0.033,0,0
0.1464438116685,4133,0.03325,0,0
0.1464438162621,4134,0.0335,0,0
0.14644382085521,4135,0.03375,0,0
0.14644382544785,4136,0.034,0,0
0.14644383004001,4137,0.03425,0,0
0.14644383463169,4138,0.0345,0,0
0.14644383922289,4139,0.03475,0,0
0.14644384381361,4140,0.035,0,0
0.14644384840384,4141,0.03525,0,0
0.1464438529936,4142,0.0355,0,0
0.14644385758288,4143,0.03575,0,0
0.14644386217168,4144,0.036,0,0
0.14644386675999,4145,0.03625,0,0
0.14644387134783,4146,0.0365,0,0
0.14644387593519,4147,0.03675,0,0
0.14644388052206,4148,0.037,0,0
0.14644388510845,4149,0.03725,0,0
0.14644388969437,4150,0.0375,0,0
0.1464438942798,4151,0.03775,0,0
0.14644389886475,4152,0.038,0,0
0.14644390344922,4153,0.03825,0,0
0.14644390803321,4154,0.0385,0,0
0.14644391261672,4155,0.03875,0,0
0.14644391719974,4156,0.039,0,0
0.14644392178229,4157,0.03925,0,0
0.14644392636435,4158,0.0395,0,0
0.14644393094593,4159,0.03975,0,0
0.14644393552703,4160,0.04,0,0
0.14644394010765,4161,0.04025,0,0
0.14644394468779,4162,0.0405,0,0
0.14644394926744,4163,0.04075,0,0
0.14644395384661,4164,0.041,0,0
0.1464439584253,4165,0.04125,0,0
0.14644396300351,4166,0.0415,0,0
0.14644396758124,4167,0.04175,0,0
0.14644397215848,4168,0.042,0,0
0.14644397673524,4169,0.04225,0,0
0.14644398131152,4170,0.0425,0,0
0.14644398588732,4171,0.04275,0,0
0.14644399046263,4172,0.043,0,0
0.14644399503746,4173,0.04325,0,0
0.14644399961181,4174,0.0435,0,0
0.14644400418567,4175,0.04375,0,0
0.14644400875906,4176,0.044,0,0
0.14644401333196,4177,0.04425,0,0
0.14644401790437,4178,0.0445,0,0
0.14644402247631,4179,0.04475,0,0
0.14644402704776,4180,0.045,0,0
0.14644403161873,4181,0.04525,0,0
0.14644403618921,4182,0.0455,0,0
0.14644404075921,4183,0.04575,0,0
0.14644404532873,4184,0.046,0,0
0.14644404989776,4185,0.04625,0,0
0.14644405446631,4186,0.0465,0,0
0.14644405903438,4187,0.04675,0,0
0.14644406360196,4188,0.047,0,0
0.14644406816906,4189,0.04725,0,0
0.14644407273567,4190,0.0475,0,0
0.1464440773018,4191,0.04775,0,0
0.14644408186745,4192,0.048,0,0
0.14644408643261,4193,0.04825,0,0
0.14644409099729,4194,0.0485,0,0
0.14644409556149,4195,0.04875,0,0
0.1464441001252,4196,0.049,0,0
0.14644410468842,4197,0.04925,0,0
0.14644410925116,4198,0.0495,0,0
0.14644411381342,4199,0.04975,0,0
0.14644411837519,4200,0.05,0,0
0.14644412293648,4201,0.05025,0,0
0.14644412749728,4202,0.0505,0,0
0.1464441320576,4203,0.05075,0,0
0.14644413661744,4204,0.051,0,0
0.14644414117678,4205,0.05125,0,0
0.14644414573565,4206,0.0515,0,0
0.14644415029403,4207,0.05175,0,0
0.14644415485192,4208,0.052,0,0
0.14644415940933,4209,0.05225,0,0
0.14644416396625,4210,0.0525,0,0
0.14644416852269,4211,0.05275,0,0
0.14644417307864,4212,0.053,0,0
0.14644417763411,4213,0.05325,0,0
0.14644418218909,4214,0.0535,0,0
0.14644418674359,4215,0.05375,0,0
0.1464441912976,4216,0.054,0,0
0.14644419585113,4217,0.05425,0,0
0.14644420040417,4218,0.0545,0,0
0.14644420495672,4219,0.05475,0,0
0.14644420950879,4220,0.055,0,0
0.14644421406037,4221,0.05525,0,0
0.14644421861147,4222,0.0555,0,0
0.14644422316208,4223,0.05575,0,0
0.1464442277122,4224,0.056,0,0
0.14644423226184,4225,0.05625,0,0
0.14644423681099,4226,0.0565,0,0
0.14644424135966,4227,0.05675,0,0
0.14644424590784,4228,0.057,0,0
0.14644425045553,4229,0.05725,0,0
0.14644425500274,4230,0.0575,0,0
0.14644425954946,4231,0.05775,0,0
0.14644426409569,4232,0.058,0,0
0.14644426864144,4233,0.05825,0,0
0.1464442731867,4234,0.0585,0,0
0.14644427773147,4235,0.05875,0,0
0.14644428227576,4236,0.059,0,0
0.14644428681956,4237,0.05925,0,0
0.14644429136287,4238,0.0595,0,0
0.1464442959057,4239,0.05975,0,0
0.14644430044804,4240,0.06,0,0
0.14644430498989,4241,0.06025,0,0
0.14644430953126,4242,0.0605,0,0
0.14644431407214,4243,0.06075,0,0
0.14644431861253,4244,0.061,0,0
0.14644432315243,4245,0.06125,0,0
0.14644432769185,4246,0.0615,0,0
0.14644433223078,4247,0.06175,0,0
0.14644433676922,4248,0.062,0,0
0.14644434130718,4249,0.06225,0,0
0.14644434584464,4250,0.0625,0,0
0.14644435038162,4251,0.06275,0,0
0.14644435491811,4252,0.063,0,0
0.14644435945412,4253,0.06325,0,0
0.14644436398964,4254,0.0635,0,0
0.14644436852466,4255,0.06375,0,0
0.14644437305921,4256,0.064,0,0
0.14644437759326,4257,0.06425,0,0
0.14644438212682,4258,0.0645,0,0
0.1464443866599,4259,0.06475,0,0
0.14644439119249,4260,0.065,0,0
0.14644439572459,4261,0.06525,0,0
0.14644440025621,4262,0.0655,0,0
0.14644440478733,4263,0.06575,0,0
0.14644440931797,4264,0.066,0,0
0.14644441384812,4265,0.06625,0,0
0.14644441837778,4266,0.0665,0,0
0.14644442290695,4267,0.06675,0,0
0.14644442743563,4268,0.067,0,0
0.14644443196383,4269,0.06725,0,0
0.14644443649153,4270,0.0675,0,0
0.14644444101875,4271,0.06775,0,0
0.14644444554548,4272,0.068,0,0
0.14644445007172,4273,0.06825,0,0
0.14644445459747,4274,0.0685,0,0
0.14644445912274,4275,0.06875,0,0
0.14644446364751,4276,0.069,0,0
0.1464444681718,4277,0.06925,0,0
0.1464444726956,4278,0.0695,0,0
0.1464444772189,4279,0.06975,0,0
0.14644448174172,4280,0.07,0,0
0.14644448626405,4281,0.07025,0,0
0.14644449078589,4282,0.0705,0,0
0.14644449530725,4283,0.07075,0,0
0.14644449982811,4284,0.071,0,0
0.14644450434848,4285,0.07125,0,0
0.14644450886837,4286,0.0715,0,0
0.14644451338776,4287,0.07175,0,0
0.14644451790667,4288,0.072,0,0
0.14644452242509,4289,0.07225,0,0
0.14644452694302,4290,0.0725,0,0
0.14644453146045,4291,0.07275,0,0
0.1464445359774,4292,0.073,0,0
0.14644454049386,4293,0.07325,0,0
0.14644454500983,4294,0.0735,0,0
0.14644454952531,4295,0.07375,0,0
0.1464445540403,4296,0.074,0,0
0.1464445585548,4297,0.07425,0,0
0.14644456306882,4298,0.0745,0,0
0.14644456758234,4299,0.07475,0,0
0.14644457209537,4300,0.075,0,0
0.14644457660791,4301,0.07525,0,0
0.14644458111996,4302,0.0755,0,0
0.14644458563153,4303,0.07575,0,0
0.1464445901426,4304,0.076,0,0
0.14644459465318,4305,0.07625,0,0
0.14644459916327,4306,0.0765,0,0
0.14644460367288,4307,0.07675,0,0
0.14644460818199,4308,0.077,0,0
0.14644461269061,4309,0.07725,0,0
0.14644461719874,4310,0.0775,0,0
0.14644462170639,4311,0.07775,0,0
0.14644462621354,4312,0.078,0,0
0.1464446307202,4313,0.07825,0,0
0.14644463522637,4314,0.0785,0,0
0.14644463973205,4315,0.07875,0,0
0.14644464423724,4316,0.079,0,0
0.14644464874194,4317,0.07925,0,0
0.14644465324615,4318,0.0795,0,0
0.14644465774987,4319,0.07975,0,0
0.1464446622531,4320,0.08,0,0
0.14644466675584,4321,0.08025,0,0
0.14644467125809,4322,0.0805,0,0
0.14644467575985,4323,0.08075,0,0
0.14644468026111,4324,0.081,0,0
0.14644468476189,4325,0.08125,0,0
0.14644468926218,4326,0.0815,0,0
0.14644469376197,4327,0.08175,0,0
0.14644469826127,4328,0.082,0,0
0.14644470276009,4329,0.08225,0,0
0.14644470725841,4330,0.0825,0,0
0.14644471175624,4331,0.08275,0,0
0.14644471625358,4332,0.083,0,0
0.14644472075043,4333,0.08325,0,0
0.14644472524679,4334,0.0835,0,0
0.14644472974266,4335,0.08375,0,0
0.14644473423804,4336,0.084,0,0
0.14644473873293,4337,0.08425,0,0
0.14644474322732,4338,0.0845,0,0
0.14644474772123,4339,0.08475,0,0
0.14644475221464,4340,0.085,0,0
0.14644475670756,4341,0.08525,0,0
0.14644476119999,4342,0.0855,0,0
0.14644476569193,4343,0.08575,0,0
0.14644477018338,4344,0.086,0,0
0.14644477467434,4345,0.08625,0,0
0.14644477916481,4346,0.0865,0,0
0.14644478365478,4347,0.08675,0,0
0.14644478814427,4348,0.087,0,0
0.14644479263326,4349,0.08725,0,0
0.14644479712176,4350,0.0875,0,0
0.14644480160977,4351,0.08775,0,0
0.14644480609729,4352,0.088,0,0
0.14644481058432,4353,0.08825,0,0
0.14644481507085,4354,0.0885,0,0
0.1464448195569,4355,0.08875,0,0
0.14644482404245,4356,0.089,0,0
0.14644482852751,4357,0.08925,0,0
0.14644483301208,4358,0.0895,0,0
0.14644483749616,4359,0.08975,0,0
0.14644484197975,4360,0.09,0,0
0.14644484646284,4361,0.09025,0,0
0.14644485094545,4362,0.0905,0,0
0.14644485542756,4363,0.09075,0,0
0.14644485990918,4364,0.091,0,0
0.14644486439031,4365,0.09125,0,0
0.14644486887095,4366,0.0915,0,0
0.14644487335109,4367,0.09175,0,0
0.14644487783075,4368,0.092,0,0
0.14644488230991,4369,0.09225,0,0
0.14644488678858,4370,0.0925,0,0
0.14644489126676,4371,0.09275,0,0
0.14644489574444,4372,0.093,0,0
0.14644490022164,4373,0.09325,0,0
0.14644490469834,4374,0.0935,0,0
0.14644490917455,4375,0.09375,0,0
0.14644491365027,4376,0.094,0,0
0.1464449181255,4377,0.09425,0,0
0.14644492260024,4378,0.0945,0,0
0.14644492707448,4379,0.09475,0,0
0.14644493154823,4380,0.095,0,0
0.14644493602149,4381,0.09525,0,0
0.14644494049426,4382,0.0955,0,0
0.14644494496653,4383,0.09575,0,0
0.14644494943832,4384,0.096,0,0
0.14644495390961,4385,0.09625,0,0
0.14644495838041,4386,0.0965,0,0
0.14644496285072,4387,0.09675,0,0
0.14644496732053,4388,0.097,0,0
0.14644497178986,4389,0.09725,0,0
0.14644497625869,4390,0.0975,0,0
0.14644498072703,4391,0.09775,0,0
0.14644498519488,4392,0.098,0,0
0.14644498966223,4393,0.09825,0,0
0.1464449941291,4394,0.0985,0,0
0.14644499859547,4395,0.09875,0,0
0.14644500306135,4396,0.099,0,0
0.14644500752673,4397,0.09925,0,0
0.14644501199163,4398,0.0995,0,0
0.14644501645603,4399,0.09975,0,0
0.14644502091994,4400,0.1,0,0
0.14644502538336,4401,0.10025,0,0
0.14644502984628,4402,0.1005,0,0
0.14644503430872,4403,0.10075,0,0
0.14644503877066,4404,0.101,0,0
0.14644504323211,4405,0.10125,0,0
0.14644504769307,4406,0.1015,0,0
0.14644505215353,4407,0.10175,0,0
0.1464450566135,4408,0.102,0,0
0.14644506107298,4409,0.10225,0,0
0.14644506553197,4410,0.1025,0,0
0.14644506999047,4411,0.10275,0,0
0.14644507444847,4412,0.103,0,0
0.14644507890598,4413,0.10325,0,0
0.146445083363,4414,0.1035,0,0
0.14644508781953,4415,0.10375,0,0
0.14644509227556,4416,0.104,0,0
0.1464450967311,4417,0.10425,0,0
0.14644510118615,4418,0.1045,0,0
0.14644510564071,4419,0.10475,0,0
0.14644511009477,4420,0.105,0,0
0.14644511454834,4421,0.10525,0,0
0.14644511900142,4422,0.1055,0,0
0.14644512345401,4423,0.10575,0,0
0.14644512790611,4424,0.106,0,0
0.14644513235771,4425,0.10625,0,0
0.14644513680882,4426,0.1065,0,0
0.14644514125944,4427,0.10675,0,0
0.14644514570956,4428,0.107,0,0
0.1464451501592,4429,0.10725,0,0
0.14644515460834,4430,0.1075,0,0
0.14644515905699,4431,0.10775,0,0
0.14644516350514,4432,0.108,0,0
0.14644516795281,4433,0.10825,0,0
0.14644517239998,4434,0.1085,0,0
0.14644517684666,4435,0.10875,0,0
0.14644518129284,4436,0.109,0,0
0.14644518573854,4437,0.10925,0,0
0.14644519018374,4438,0.1095,0,0
0.14644519462845,4439,0.10975,0,0
0.14644519907266,4440,0.11,0,0
0.14644520351639,4441,0.11025,0,0
0.14644520795962,4442,0.1105,0,0
0.14644521240236,4443,0.11075,0,0
0.14644521684461,4444,0.111,0,0
0.14644522128636,4445,0.11125,0,0
0.14644522572763,4446,0.1115,0,0
0.1464452301684,4447,0.11175,0,0
0.14644523460867,4448,0.112,0,0
0.14644523904846,4449,0.11225,0,0
0.14644524348775,4450,0.1125,0,0
0.14644524792655,4451,0.11275,0,0
0.14644525236486,4452,0.113,0,0
0.14644525680268,4453,0.11325,0,0
0.14644526124,4454,0.1135,0,0
0.14644526567683,4455,0.11375,0,0
0.14644527011317,4456,0.114,0,0
0.14644527454902,4457,0.11425,0,0
0.14644527898437,4458,0.1145,0,0
0.14644528341923,4459,0.11475,0,0
0.1464452878536,4460,0.115,0,0
0.14644529228748,4461,0.11525,0,0
0.14644529672086,4462,0.1155,0,0
0.14644530115375,4463,0.11575,0,0
0.14644530558615,4464,0.116,0,0
0.14644531001806,4465,0.11625,0,0
0.14644531444948,4466,0.1165,0,0
0.1464453188804,4467,0.11675,0,0
0.14644532331083,4468,0.117,0,0
0.14644532774077,4469,0.11725,0,0
0.14644533217022,4470,0.1175,0,0
0.14644533659917,4471,0.11775,0,0
0.14644534102763,4472,0.118,0,0
0.1464453454556,4473,0.11825,0,0
0.14644534988308,4474,0.1185,0,0
0.14644535431006,4475,0.11875,0,0
0.14644535873656,4476,0.119,0,0
0.14644536316256,4477,0.11925,0,0
0.14644536758806,4478,0.1195,0,0
0.14644537201308,4479,0.11975,0,0
0.1464453764376,4480,0.12,0,0
0.14644538086164,4481,0.12025,0,0
0.14644538528518,4482,0.1205,0,0
0.14644538970822,4483,0.12075,0,0
0.14644539413078,4484,0.121,0,0
0.14644539855284,4485,0.12125,0,0
0.14644540297441,4486,0.1215,0,0
0.14644540739549,4487,0.12175,0,0
0.14644541181608,4488,0.122,0,0
0.14644541623617,4489,0.12225,0,0
0.14644542065578,4490,0.1225,0,0
0.14644542507489,4491,0.12275,0,0
0.14644542949351,4492,0.123,0,0
0.14644543391163,4493,0.12325,0,0
0.14644543832927,4494,0.1235,0,0
0.14644544274641,4495,0.12375,0,0
0.14644544716306,4496,0.124,0,0
0.14644545157922,4497,0.12425,0,0
0.14644545599489,4498,0.1245,0,0
0.14644546041006,4499,0.12475,0,0
0.14644546482475,4500,0.125,0,0
0.14644546923894,4501,0.12525,0,0
0.14644547365264,4502,0.1255,0,0
0.14644547806584,4503,0.12575,0,0
0.14644548247856,4504,0.126,0,0
0.14644548689078,4505,0.12625,0,0
0.14644549130252,4506,0.1265,0,0
0.14644549571376,4507,0.12675,0,0
0.14644550012451,4508,0.127,0,0
0.14644550453476,4509,0.12725,0,0
0.14644550894453,4510,0.1275,0,0
0.1464455133538,4511,0.12775,0,0
0.14644551776258,4512,0.128,0,0
0.14644552217087,4513,0.12825,0,0
0.14644552657867,4514,0.1285,0,0
0.14644553098598,4515,0.12875,0,0
0.14644553539279,4516,0.129,0,0
0.14644553979912,4517,0.12925,0,0
0.14644554420495,4518,0.1295,0,0
0.14644554861029,4519,0.12975,0,0
0.14644555301514,4520,0.13,0,0
0.1464455574195,4521,0.13025,0,0
0.14644556182336,4522,0.1305,0,0
0.14644556622674,4523,0.13075,0,0
0.14644557062962,4524,0.131,0,0
0.14644557503201,4525,0.13125,0,0
0.14644557943391,4526,0.1315,0,0
0.14644558383532,4527,0.13175,0,0
0.14644558823624,4528,0.132,0,0
0.14644559263667,4529,0.13225,0,0
0.1464455970366,4530,0.1325,0,0
0.14644560143605,4531,0.13275,0,0
0.146445605835,4532,0.133,0,0
0.14644561023346,4533,0.13325,0,0
0.14644561463143,4534,0.1335,0,0
0.14644561902891,4535,0.13375,0,0
0.1464456234259,4536,0.134,0,0
0.14644562782239,4537,0.13425,0,0
0.1464456322184,4538,0.1345,0,0
0.14644563661391,4539,0.13475,0,0
0.14644564100894,4540,0.135,0,0
0.14644564540347,4541,0.13525,0,0
0.14644564979751,4542,0.1355,0,0
0.14644565419106,4543,0.13575,0,0
0.14644565858412,4544,0.136,0,0
0.14644566297669,4545,0.13625,0,0
0.14644566736877,4546,0.1365,0,0
0.14644567176036,4547,0.13675,0,0
0.14644567615145,4548,0.137,0,0
0.14644568054206,4549,0.13725,0,0
0.14644568493217,4550,0.1375,0,0
0.1464456893218,4551,0.13775,0,0
0.14644569371093,4552,0.138,0,0
0.14644569809958,4553,0.13825,0,0
0.14644570248773,4554,0.1385,0,0
0.14644570687539,4555,0.13875,0,0
0.14644571126256,4556,0.139,0,0
0.14644571564924,4557,0.13925,0,0
0.14644572003543,4558,0.1395,0,0
0.14644572442113,4559,0.13975,0,0
0.14644572880634,4560,0.14,0,0
0.14644573319106,4561,0.14025,0,0
0.14644573757529,4562,0.1405,0,0
0.14644574195903,4563,0.14075,0,0
0.14644574634227,4564,0.141,0,0
0.14644575072503,4565,0.14125,0,0
0.1464457551073,4566,0.1415,0,0
0.14644575948908,4567,0.14175,0,0
0.14644576387036,4568,0.142,0,0
0.14644576825116,4569,0.14225,0,0
0.14644577263147,4570,0.1425,0,0
0.14644577701128,4571,0.14275,0,0
0.14644578139061,4572,0.143,0,0
0.14644578576945,4573,0.14325,0,0
0.14644579014779,4574,0.1435,0,0
0.14644579452565,4575,0.14375,0,0
0.14644579890302,4576,0.144,0,0
0.1464458032799,4577,0.14425,0,0
0.14644580765628,4578,0.1445,0,0
0.14644581203218,4579,0.14475,0,0
0.14644581640759,4580,0.145,0,0
0.14644582078251,4581,0.14525,0,0
0.14644582515694,4582,0.1455,0,0
0.14644582953087,4583,0.14575,0,0
0.14644583390432,4584,0.146,0,0
0.14644583827728,4585,0.14625,0,0
0.14644584264975,4586,0.1465,0,0
0.14644584702173,4587,0.14675,0,0
0.14644585139323,4588,0.147,0,0
0.14644585576423,4589,0.14725,0,0
0.14644586013474,4590,0.1475,0,0
0.14644586450476,4591,0.14775,0,0
0.1464458688743,4592,0.148,0,0
0.14644587324334,4593,0.14825,0,0
0.1464458776119,4594,0.1485,0,0
0.14644588197997,4595,0.14875,0,0
0.14644588634754,4596,0.149,0,0
0.14644589071463,4597,0.14925,0,0
0.14644589508123,4598,0.1495,0,0
0.14644589944734,4599,0.14975,0,0
0.14644590381296,4600,0.15,0,0
0.1464459081781,4601,0.15025,0,0
0.14644591254274,4602,0.1505,0,0
0.1464459169069,4603,0.15075,0,0
0.14644592127056,4604,0.151,0,0
0.14644592563374,4605,0.15125,0,0
0.14644592999643,4606,0.1515,0,0
0.14644593435863,4607,0.15175,0,0
0.14644593872034,4608,0.152,0,0
0.14644594308157,4609,0.15225,0,0
0.1464459474423,4610,0.1525,0,0
0.14644595180255,4611,0.15275,0,0
0.14644595616231,4612,0.153,0,0
0.14644596052158,4613,0.15325,0,0
0.14644596488036,4614,0.1535,0,0
0.14644596923865,4615,0.15375,0,0
0.14644597359646,4616,0.154,0,0
0.14644597795377,4617,0.15425,0,0
0.1464459823106,4618,0.1545,0,0
0.14644598666694,4619,0.15475,0,0
0.14644599102279,4620,0.155,0,0
0.14644599537816,4621,0.15525,0,0
0.14644599973304,4622,0.1555,0,0
0.14644600408742,4623,0.15575,0,0
0.14644600844133,4624,0.156,0,0
0.14644601279474,4625,0.15625,0,0
0.14644601714767,4626,0.1565,0,0
0.1464460215001,4627,0.15675,0,0
0.14644602585205,4628,0.157,0,0
0.14644603020352,4629,0.15725,0,0
0.14644603455449,4630,0.1575,0,0
0.14644603890498,4631,0.15775,0,0
0.14644604325498,4632,0.158,0,0
0.14644604760449,4633,0.15825,0,0
0.14644605195352,4634,0.1585,0,0
0.14644605630206,4635,0.15875,0,0
0.14644606065011,4636,0.159,0,0
0.14644606499767,4637,0.15925,0,0
0.14644606934475,4638,0.1595,0,0
0.14644607369134,4639,0.15975,0,0
0.14644607803744,4640,0.16,0,0
0.14644608238306,4641,0.16025,0,0
0.14644608672819,4642,0.1605,0,0
0.14644609107283,4643,0.16075,0,0
0.14644609541699,4644,0.161,0,0
0.14644609976066,4645,0.16125,0,0
0.14644610410384,4646,0.1615,0,0
0.14644610844654,4647,0.16175,0,0
0.14644611278874,4648,0.162,0,0
0.14644611713047,4649,0.16225,0,0
0.1464461214717,4650,0.1625,0,0
0.14644612581245,4651,0.16275,0,0
0.14644613015272,4652,0.163,0,0
0.14644613449249,4653,0.16325,0,0
0.14644613883179,4654,0.1635,0,0
0.14644614317059,4655,0.16375,0,0
0.14644614750891,4656,0.164,0,0
0.14644615184674,4657,0.16425,0,0
0.14644615618409,4658,0.1645,0,0
0.14644616052095,4659,0.16475,0,0
0.14644616485732,4660,0.165,0,0
0.14644616919321,4661,0.16525,0,0
0.14644617352862,4662,0.1655,0,0
0.14644617786353,4663,0.16575,0,0
0.14644618219797,4664,0.166,0,0
0.14644618653191,4665,0.16625,0,0
0.14644619086537,4666,0.1665,0,0
0.14644619519835,4667,0.16675,0,0
0.14644619953084,4668,0.167,0,0
0.14644620386285,4669,0.16725,0,0
0.14644620819436,4670,0.1675,0,0
0.1464462125254,4671,0.16775,0,0
0.14644621685595,4672,0.168,0,0
0.14644622118601,4673,0.16825,0,0
0.14644622551559,4674,0.1685,0,0
0.14644622984469,4675,0.16875,0,0
0.1464462341733,4676,0.169,0,0
0.14644623850142,4677,0.16925,0,0
0.14644624282906,4678,0.1695,0,0
0.14644624715621,4679,0.16975,0,0
0.14644625148288,4680,0.17,0,0
0.14644625580907,4681,0.17025,0,0
0.14644626013477,4682,0.1705,0,0
0.14644626445999,4683,0.17075,0,0
0.14644626878472,4684,0.171,0,0
0.14644627310897,4685,0.17125,0,0
0.14644627743273,4686,0.1715,0,0
0.14644628175601,4687,0.17175,0,0
0.14644628607881,4688,0.172,0,0
0.14644629040112,4689,0.17225,0,0
0.14644629472295,4690,0.1725,0,0
0.14644629904429,4691,0.17275,0,0
0.14644630336515,4692,0.173,0,0
0.14644630768553,4693,0.17325,0,0
0.14644631200542,4694,0.1735,0,0
0.14644631632483,4695,0.17375,0,0
0.14644632064375,4696,0.174,0,0
0.14644632496219,4697,0.17425,0,0
0.14644632928015,4698,0.1745,0,0
0.14644633359763,4699,0.17475,0,0
0.14644633791462,4700,0.175,0,0
0.14644634223112,4701,0.17525,0,0
0.14644634654715,4702,0.1755,0,0
0.14644635086269,4703,0.17575,0,0
0.14644635517775,4704,0.176,0,0
0.14644635949233,4705,0.17625,0,0
0.14644636380642,4706,0.1765,0,0
0.14644636812003,4707,0.17675,0,0
0.14644637243316,4708,0.177,0,0
0.1464463767458,4709,0.17725,0,0
0.14644638105796,4710,0.1775,0,0
0.14644638536964,4711,0.17775,0,0
0.14644638968084,4712,0.178,0,0
0.14644639399155,4713,0.17825,0,0
0.14644639830178,4714,0.1785,0,0
0.14644640261153,4715,0.17875,0,0
0.1464464069208,4716,0.179,0,0
0.14644641122959,4717,0.17925,0,0
0.14644641553789,4718,0.1795,0,0
0.14644641984571,4719,0.17975,0,0
0.14644642415305,4720,0.18,0,0
0.14644642845991,4721,0.18025,0,0
0.14644643276629,4722,0.1805,0,0
0.14644643707218,4723,0.18075,0,0
0.14644644137759,4724,0.181,0,0
0.14644644568253,4725,0.18125,0,0
0.14644644998698,4726,0.1815,0,0
0.14644645429094,4727,0.18175,0,0
0.14644645859443,4728,0.182,0,0
0.14644646289744,4729,0.18225,0,0
0.14644646719996,4730,0.1825,0,0
0.14644647150201,4731,0.18275,0,0
0.14644647580357,4732,0.183,0,0
0.14644648010465,4733,0.18325,0,0
0.14644648440525,4734,0.1835,0,0
0.14644648870537,4735,0.18375,0,0
0.14644649300501,4736,0.184,0,0
0.14644649730417,4737,0.18425,0,0
0.14644650160285,4738,0.1845,0,0
0.14644650590105,4739,0.18475,0,0
0.14644651019877,4740,0.185,0,0
0.146446514496,4741,0.18525,0,0
0.14644651879276,4742,0.1855,0,0
0.14644652308904,4743,0.18575,0,0
0.14644652738483,4744,0.186,0,0
0.14644653168015,4745,0.18625,0,0
0.14644653597499,4746,0.1865,0,0
0.14644654026935,4747,0.18675,0,0
0.14644654456322,4748,0.187,0,0
0.14644654885662,4749,0.18725,0,0
0.14644655314954,4750,0.1875,0,0
0.14644655744198,4751,0.18775,0,0
0.14644656173394,4752,0.188,0,0
0.14644656602542,4753,0.18825,0,0
0.14644657031642,4754,0.1885,0,0
0.14644657460694,4755,0.18875,0,0
0.14644657889699,4756,0.189,0,0
0.14644658318655,4757,0.18925,0,0
0.14644658747564,4758,0.1895,0,0
0.14644659176424,4759,0.18975,0,0
0.14644659605237,4760,0.19,0,0
0.14644660034002,4761,0.19025,0,0
0.14644660462719,4762,0.1905,0,0
0.14644660891388,4763,0.19075,0,0
0.14644661320009,4764,0.191,0,0
0.14644661748583,4765,0.19125,0,0
0.14644662177109,4766,0.1915,0,0
0.14644662605586,4767,0.19175,0,0
0.14644663034017,4768,0.192,0,0
0.14644663462399,4769,0.19225,0,0
0.14644663890733,4770,0.1925,0,0
0.1464466431902,4771,0.19275,0,0
0.14644664747259,4772,0.193,0,0
0.1464466517545,4773,0.19325,0,0
0.14644665603594,4774,0.1935,0,0
0.14644666031689,4775,0.19375,0,0
0.14644666459737,4776,0.194,0,0
0.14644666887737,4777,0.19425,0,0
0.1464466731569,4778,0.1945,0,0
0.14644667743595,4779,0.19475,0,0
0.14644668171452,4780,0.195,0,0
0.14644668599261,4781,0.19525,0,0
0.14644669027023,4782,0.1955,0,0
0.14644669454737,4783,0.19575,0,0
0.14644669882403,4784,0.196,0,0
0.14644670310022,4785,0.19625,0,0
0.14644670737593,4786,0.1965,0,0
0.14644671165116,4787,0.19675,0,0
0.14644671592592,4788,0.197,0,0
0.1464467202002,4789,0.19725,0,0
0.14644672447401,4790,0.1975,0,0
0.14644672874734,4791,0.19775,0,0
0.14644673302019,4792,0.198,0,0
0.14644673729257,4793,0.19825,0,0
0.14644674156447,4794,0.1985,0,0
0.1464467458359,4795,0.19875,0,0
0.14644675010685,4796,0.199,0,0
0.14644675437733,4797,0.19925,0,0
0.14644675864733,4798,0.1995,0,0
0.14644676291685,4799,0.19975,0,0
0.1464467671859,4800,0.2,0,0
0.14644677145448,4801,0.20025,0,0
0.14644677572258,4802,0.2005,0,0
0.1464467799902,4803,0.20075,0,0
0.14644678425735,4804,0.201,0,0
0.14644678852403,4805,0.20125,0,0
0.14644679279023,4806,0.2015,0,0
0.14644679705595,4807,0.20175,0,0
0.1464468013212,4808,0.202,0,0
0.14644680558598,4809,0.20225,0,0
0.14644680985029,4810,0.2025,0,0
0.14644681411411,4811,0.20275,0,0
0.14644681837747,4812,0.203,0,0
0.14644682264035,4813,0.20325,0,0
0.14644682690276,4814,0.2035,0,0
0.14644683116469,4815,0.20375,0,0
0.14644683542615,4816,0.204,0,0
0.14644683968714,4817,0.20425,0,0
0.14644684394765,4818,0.2045,0,0
0.14644684820769,4819,0.20475,0,0
0.14644685246726,4820,0.205,0,0
0.14644685672635,4821,0.20525,0,0
0.14644686098497,4822,0.2055,0,0
0.14644686524312,4823,0.20575,0,0
0.14644686950079,4824,0.206,0,0
0.14644687375799,4825,0.20625,0,0
0.14644687801472,4826,0.2065,0,0
0.14644688227098,4827,0.20675,0,0
0.14644688652676,4828,0.207,0,0
0.14644689078207,4829,0.20725,0,0
0.14644689503691,4830,0.2075,0,0
0.14644689929128,4831,0.20775,0,0
0.14644690354517,4832,0.208,0,0
0.1464469077986,4833,0.20825,0,0
0.14644691205155,4834,0.2085,0,0
0.14644691630403,4835,0.20875,0,0
0.14644692055603,4836,0.209,0,0
0.14644692480757,4837,0.20925,0,0
0.14644692905864,4838,0.2095,0,0
0.14644693330923,4839,0.20975,0,0
0.14644693755935,4840,0.21,0,0
0.146446941809,4841,0.21025,0,0
0.14644694605818,4842,0.2105,0,0
0.14644695030689,4843,0.21075,0,0
0.14644695455513,4844,0.211,0,0
0.1464469588029,4845,0.21125,0,0
0.14644696305019,4846,0.2115,0,0
0.14644696729702,4847,0.21175,0,0
0.14644697154338,4848,0.212,0,0
0.14644697578926,4849,0.21225,0,0
0.14644698003468,4850,0.2125,0,0
0.14644698427962,4851,0.21275,0,0
0.1464469885241,4852,0.213,0,0
0.14644699276811,4853,0.21325,0,0
0.14644699701164,4854,0.2135,0,0
0.14644700125471,4855,0.21375,0,0
0.1464470054973,4856,0.214,0,0
0.14644700973943,4857,0.21425,0,0
0.14644701398109,4858,0.2145,0,0
0.14644701822228,4859,0.21475,0,0
0.146447022463,4860,0.215,0,0
0.14644702670325,4861,0.21525,0,0
0.14644703094303,4862,0.2155,0,0
0.14644703518234,4863,0.21575,0,0
0.14644703942119,4864,0.216,0,0
0.14644704365956,4865,0.21625,0,0
0.14644704789747,4866,0.2165,0,0
0.14644705213491,4867,0.21675,0,0
0.14644705637188,4868,0.217,0,0
0.14644706060838,4869,0.21725,0,0
0.14644706484442,4870,0.2175,0,0
0.14644706907998,4871,0.21775,0,0
0.14644707331508,4872,0.218,0,0
0.14644707754971,4873,0.21825,0,0
0.14644708178388,4874,0.2185,0,0
0.14644708601757,4875,0.21875,0,0
0.1464470902508,4876,0.219,0,0
0.14644709448356,4877,0.21925,0,0
0.14644709871586,4878,0.2195,0,0
0.14644710294768,4879,0.21975,0,0
0.14644710717904,4880,0.22,0,0
0.14644711140994,4881,0.22025,0,0
0.14644711564037,4882,0.2205,0,0
0.14644711987033,4883,0.22075,0,0
0.14644712409982,4884,0.221,0,0
0.14644712832885,4885,0.22125,0,0
0.14644713255741,4886,0.2215,0,0
0.1464471367855,4887,0.22175,0,0
0.14644714101313,4888,0.222,0,0
0.1464471452403,4889,0.22225,0,0
0.14644714946699,4890,0.2225,0,0
0.14644715369323,4891,0.22275,0,0
0.14644715791899,4892,0.223,0,0
0.14644716214429,4893,0.22325,0,0
0.14644716636913,4894,0.2235,0,0
0.1464471705935,4895,0.22375,0,0
0.1464471748174,4896,0.224,0,0
0.14644717904085,4897,0.22425,0,0
0.14644718326382,4898,0.2245,0,0
0.14644718748633,4899,0.22475,0,0
0.14644719170838,4900,0.225,0,0
0.14644719592996,4901,0.22525,0,0
0.14644720015108,4902,0.2255,0,0
0.14644720437173,4903,0.22575,0,0
0.14644720859192,4904,0.226,0,0
0.14644721281165,4905,0.22625,0,0
0.14644721703091,4906,0.2265,0,0
0.1464472212497,4907,0.22675,0,0
0.14644722546804,4908,0.227,0,0
0.14644722968591,4909,0.22725,0,0
0.14644723390331,4910,0.2275,0,0
0.14644723812026,4911,0.22775,0,0
0.14644724233674,4912,0.228,0,0
0.14644724655276,4913,0.22825,0,0
0.14644725076831,4914,0.2285,0,0
0.1464472549834,4915,0.22875,0,0
0.14644725919803,4916,0.229,0,0
0.1464472634122,4917,0.22925,0,0
0.1464472676259,4918,0.2295,0,0
0.14644727183914,4919,0.22975,0,0
0.14644727605192,4920,0.23,0,0
0.14644728026424,4921,0.23025,0,0
0.1464472844761,4922,0.2305,0,0
0.14644728868749,4923,0.23075,0,0
0.14644729289842,4924,0.231,0,0
0.14644729710889,4925,0.23125,0,0
0.1464473013189,4926,0.2315,0,0
0.14644730552845,4927,0.23175,0,0
0.14644730973753,4928,0.232,0,0
0.14644731394616,4929,0.23225,0,0
0.14644731815432,4930,0.2325,0,0
0.14644732236203,4931,0.23275,0,0
0.14644732656927,4932,0.233,0,0
0.14644733077605,4933,0.23325,0,0
0.14644733498237,4934,0.2335,0,0
0.14644733918823,4935,0.23375,0,0
0.14644734339363,4936,0.234,0,0
0.14644734759858,4937,0.23425,0,0
0.14644735180306,4938,0.2345,0,0
0.14644735600708,4939,0.23475,0,0
0.14644736021064,4940,0.235,0,0
0.14644736441374,4941,0.23525,0,0
0.14644736861638,4942,0.2355,0,0
0.14644737281857,4943,0.23575,0,0
0.14644737702029,4944,0.236,0,0
0.14644738122156,4945,0.23625,0,0
0.14644738542236,4946,0.2365,0,0
0.14644738962271,4947,0.23675,0,0
0.1464473938226,4948,0.237,0,0
0.14644739802203,4949,0.23725,0,0
0.146447402221,4950,0.2375,0,0
0.14644740641951,4951,0.23775,0,0
0.14644741061757,4952,0.238,0,0
0.14644741481516,4953,0.23825,0,0
0.1464474190123,4954,0.2385,0,0
0.14644742320898,4955,0.23875,0,0
0.14644742740521,4956,0.239,0,0
0.14644743160097,4957,0.23925,0,0
0.14644743579628,4958,0.2395,0,0
0.14644743999113,4959,0.23975,0,0
0.14644744418553,4960,0.24,0,0
0.14644744837946,4961,0.24025,0,0
0.14644745257294,4962,0.2405,0,0
0.14644745676597,4963,0.24075,0,0
0.14644746095854,4964,0.241,0,0
0.14644746515065,4965,0.24125,0,0
0.1464474693423,4966,0.2415,0,0
0.1464474735335,4967,0.24175,0,0
0.14644747772424,4968,0.242,0,0
0.14644748191453,4969,0.24225,0,0
0.14644748610436,4970,0.2425,0,0
0.14644749029373,4971,0.24275,0,0
0.14644749448265,4972,0.243,0,0
0.14644749867111,4973,0.24325,0,0
0.14644750285912,4974,0.2435,0,0
0.14644750704668,4975,0.24375,0,0
0.14644751123377,4976,0.244,0,0
0.14644751542042,4977,0.24425,0,0
0.14644751960661,4978,0.2445,0,0
0.14644752379234,4979,0.24475,0,0
0.14644752797762,4980,0.245,0,0
0.14644753216245,4981,0.24525,0,0
0.14644753634682,4982,0.2455,0,0
0.14644754053073,4983,0.24575,0,0
0.1464475447142,4984,0.246,0,0
0.14644754889721,4985,0.24625,0,0
0.14644755307976,4986,0.2465,0,0
0.14644755726187,4987,0.24675,0,0
0.14644756144351,4988,0.247,0,0
0.14644756562471,4989,0.24725,0,0
0.14644756980545,4990,0.2475,0,0
0.14644757398574,4991,0.24775,0,0
0.14644757816558,4992,0.248,0,0
0.14644758234496,4993,0.24825,0,0
0.1464475865239,4994,0.2485,0,0
0.14644759070238,4995,0.24875,0,0
0.1464475948804,4996,0.249,0,0
0.14644759905798,4997,0.24925,0,0
0.1464476032351,4998,0.2495,0,0
0.14644760741177,4999,0.24975,0,0
0.14644761158799,5000,0.25,0,0
0.14644761576376,5001,0.25025,0,0
0.14644761993908,5002,0.2505,0,0
0.14644762411394,5003,0.25075,0,0
0.14644762828836,5004,0.251,0,0
0.14644763246232,5005,0.25125,0,0
0.14644763663583,5006,0.2515,0,0
0.14644764080889,5007,0.25175,0,0
0.1464476449815,5008,0.252,0,0
0.14644764915366,5009,0.25225,0,0
0.14644765332537,5010,0.2525,0,0
0.14644765749663,5011,0.25275,0,0
0.14644766166745,5012,0.253,0,0
0.14644766583781,5013,0.25325,0,0
0.14644767000772,5014,0.2535,0,0
0.14644767417718,5015,0.25375,0,0
0.14644767834619,5016,0.254,0,0
0.14644768251475,5017,0.25425,0,0
0.14644768668287,5018,0.2545,0,0
0.14644769085053,5019,0.25475,0,0
0.14644769501775,5020,0.255,0,0
0.14644769918451,5021,0.25525,0,0
0.14644770335083,5022,0.2555,0,0
0.1464477075167,5023,0.25575,0,0
0.14644771168212,5024,0.256,0,0
0.1464477158471,5025,0.25625,0,0
0.14644772001162,5026,0.2565,0,0
0.1464477241757,5027,0.25675,0,0
0.14644772833933,5028,0.257,0,0
0.14644773250251,5029,0.25725,0,0
0.14644773666525,5030,0.2575,0,0
0.14644774082753,5031,0.25775,0,0
0.14644774498938,5032,0.258,0,0
0.14644774915077,5033,0.25825,0,0
0.14644775331172,5034,0.2585,0,0
0.14644775747222,5035,0.25875,0,0
0.14644776163227,5036,0.259,0,0
0.14644776579188,5037,0.25925,0,0
0.14644776995104,5038,0.2595,0,0
0.14644777410976,5039,0.25975,0,0
0.14644777826802,5040,0.26,0,0
0.14644778242585,5041,0.26025,0,0
0.14644778658323,5042,0.2605,0,0
0.14644779074016,5043,0.26075,0,0
0.14644779489665,5044,0.261,0,0
0.14644779905269,5045,0.26125,0,0
0.14644780320829,5046,0.2615,0,0
0.14644780736344,5047,0.26175,0,0
0.14644781151815,5048,0.262,0,0
0.14644781567241,5049,0.26225,0,0
0.14644781982623,5050,0.2625,0,0
0.1464478239796,5051,0.26275,0,0
0.14644782813253,5052,0.263,0,0
0.14644783228502,5053,0.26325,0,0
0.14644783643706,5054,0.2635,0,0
0.14644784058866,5055,0.26375,0,0
0.14644784473982,5056,0.264,0,0
0.14644784889053,5057,0.26425,0,0
0.1464478530408,5058,0.2645,0,0
0.14644785719062,5059,0.26475,0,0
0.14644786134001,5060,0.265,0,0
0.14644786548895,5061,0.26525,0,0
0.14644786963744,5062,0.2655,0,0
0.1464478737855,5063,0.26575,0,0
0.14644787793311,5064,0.266,0,0
0.14644788208028,5065,0.26625,0,0
0.14644788622701,5066,0.2665,0,0
0.1464478903733,5067,0.26675,0,0
0.14644789451915,5068,0.267,0,0
0.14644789866455,5069,0.26725,0,0
0.14644790280951,5070,0.2675,0,0
0.14644790695403,5071,0.26775,0,0
0.14644791109811,5072,0.268,0,0
0.14644791524175,5073,0.26825,0,0
0.14644791938495,5074,0.2685,0,0
0.14644792352771,5075,0.26875,0,0
0.14644792767003,5076,0.269,0,0
0.14644793181191,5077,0.26925,0,0
0.14644793595335,5078,0.2695,0,0
0.14644794009434,5079,0.26975,0,0
0.1464479442349,5080,0.27,0,0
0.14644794837502,5081,0.27025,0,0
0.1464479525147,5082,0.2705,0,0
0.14644795665394,5083,0.27075,0,0
0.14644796079274,5084,0.271,0,0
0.1464479649311,5085,0.27125,0,0
0.14644796906902,5086,0.2715,0,0
0.14644797320651,5087,0.27175,0,0
0.14644797734355,5088,0.272,0,0
0.14644798148016,5089,0.27225,0,0
0.14644798561633,5090,0.2725,0,0
0.14644798975206,5091,0.27275,0,0
0.14644799388735,5092,0.273,0,0
0.14644799802221,5093,0.27325,0,0
0.14644800215663,5094,0.2735,0,0
0.14644800629061,5095,0.27375,0,0
0.14644801042415,5096,0.274,0,0
0.14644801455726,5097,0.27425,0,0
0.14644801868993,5098,0.2745,0,0
0.14644802282216,5099,0.27475,0,0
0.14644802695396,5100,0.275,0,0
0.14644803108531,5101,0.27525,0,0
0.14644803521624,5102,0.2755,0,0
0.14644803934673,5103,0.27575,0,0
0.14644804347678,5104,0.276,0,0
0.14644804760639,5105,0.27625,0,0
0.14644805173557,5106,0.2765,0,0
0.14644805586432,5107,0.27675,0,0
0.14644805999263,5108,0.277,0,0
0.1464480641205,5109,0.27725,0,0
0.14644806824794,5110,0.2775,0,0
0.14644807237494,5111,0.27775,0,0
0.14644807650151,5112,0.278,0,0
0.14644808062765,5113,0.27825,0,0
0.14644808475335,5114,0.2785,0,0
0.14644808887862,5115,0.27875,0,0
0.14644809300345,5116,0.279,0,0
0.14644809712785,5117,0.27925,0,0
0.14644810125182,5118,0.2795,0,0
0.14644810537535,5119,0.27975,0,0
0.14644810949845,5120,0.28,0,0
0.14644811362111,5121,0.28025,0,0
0.14644811774334,5122,0.2805,0,0
0.14644812186514,5123,0.28075,0,0
0.14644812598651,5124,0.281,0,0
0.14644813010745,5125,0.28125,0,0
0.14644813422795,5126,0.2815,0,0
0.14644813834802,5127,0.28175,0,0
0.14644814246766,5128,0.282,0,0
0.14644814658686,5129,0.28225,0,0
0.14644815070564,5130,0.2825,0,0
0.14644815482398,5131,0.28275,0,0
0.14644815894189,5132,0.283,0,0
0.14644816305938,5133,0.28325,0,0
0.14644816717643,5134,0.2835,0,0
0.14644817129305,5135,0.28375,0,0
0.14644817540923,5136,0.284,0,0
0.14644817952499,5137,0.28425,0,0
0.14644818364032,5138,0.2845,0,0
0.14644818775522,5139,0.28475,0,0
0.14644819186969,5140,0.285,0,0
0.14644819598372,5141,0.28525,0,0
0.14644820009733,5142,0.2855,0,0
0.14644820421051,5143,0.28575,0,0
0.14644820832326,5144,0.286,0,0
0.14644821243558,5145,0.28625,0,0
0.14644821654747,5146,0.2865,0,0
0.14644822065894,5147,0.28675,0,0
0.14644822476997,5148,0.287,0,0
0.14644822888058,5149,0.28725,0,0
0.14644823299076,5150,0.2875,0,0
0.14644823710051,5151,0.28775,0,0
0.14644824120983,5152,0.288,0,0
0.14644824531872,5153,0.28825,0,0
0.14644824942719,5154,0.2885,0,0
0.14644825353523,5155,0.28875,0,0
0.14644825764284,5156,0.289,0,0
0.14644826175002,5157,0.28925,0,0
0.14644826585678,5158,0.2895,0,0
0.14644826996311,5159,0.28975,0,0
0.14644827406902,5160,0.29,0,0
0.1464482781745,5161,0.29025,0,0
0.14644828227955,5162,0.2905,0,0
0.14644828638418,5163,0.29075,0,0
0.14644829048838,5164,0.291,0,0
0.14644829459215,5165,0.29125,0,0
0.1464482986955,5166,0.2915,0,0
0.14644830279843,5167,0.29175,0,0
0.14644830690093,5168,0.292,0,0
0.146448311003,5169,0.29225,0,0
0.14644831510465,5170,0.2925,0,0
0.14644831920587,5171,0.29275,0,0
0.14644832330667,5172,0.293,0,0
0.14644832740705,5173,0.29325,0,0
0.146448331507,5174,0.2935,0,0
0.14644833560653,5175,0.29375,0,0
0.14644833970564,5176,0.294,0,0
0.14644834380432,5177,0.29425,0,0
0.14644834790258,5178,0.2945,0,0
0.14644835200041,5179,0.29475,0,0
0.14644835609782,5180,0.295,0,0
0.14644836019481,5181,0.29525,0,0
0.14644836429138,5182,0.2955,0,0
0.14644836838752,5183,0.29575,0,0
0.14644837248324,5184,0.296,0,0
0.14644837657854,5185,0.29625,0,0
0.14644838067342,5186,0.2965,0,0
0.14644838476787,5187,0.29675,0,0
0.14644838886191,5188,0.297,0,0
0.14644839295552,5189,0.29725,0,0
0.14644839704871,5190,0.2975,0,0
0.14644840114148,5191,0.29775,0,0
0.14644840523383,5192,0.298,0,0
0.14644840932576,5193,0.29825,0,0
0.14644841341727,5194,0.2985,0,0
0.14644841750836,5195,0.29875,0,0
0.14644842159903,5196,0.299,0,0
0.14644842568927,5197,0.29925,0,0
0.1464484297791,5198,0.2995,0,0
0.14644843386851,5199,0.29975,0,0
0.1464484379575,5200,0.3,0,0
0.14644844204607,5201,0.30025,0,0
0.14644844613422,5202,0.3005,0,0
0.14644845022196,5203,0.30075,0,0
0.14644845430927,5204,0.301,0,0
0.14644845839616,5205,0.30125,0,0
0.14644846248264,5206,0.3015,0,0
0.1464484665687,5207,0.30175,0,0
0.14644847065434,5208,0.302,0,0
0.14644847473956,5209,0.30225,0,0
0.14644847882437,5210,0.3025,0,0
0.14644848290876,5211,0.30275,0,0
0.14644848699273,5212,0.303,0,0
0.14644849107628,5213,0.30325,0,0
0.14644849515942,5214,0.3035,0,0
0.14644849924214,5215,0.30375,0,0
0.14644850332444,5216,0.304,0,0
0.14644850740633,5217,0.30425,0,0
0.1464485114878,5218,0.3045,0,0
0.14644851556886,5219,0.30475,0,0
0.1464485196495,5220,0.305,0,0
0.14644852372972,5221,0.30525,0,0
0.14644852780953,5222,0.3055,0,0
0.14644853188893,5223,0.30575,0,0
0.1464485359679,5224,0.306,0,0
0.14644854004647,5225,0.30625,0,0
0.14644854412462,5226,0.3065,0,0
0.14644854820235,5227,0.30675,0,0
0.14644855227967,5228,0.307,0,0
0.14644855635658,5229,0.30725,0,0
0.14644856043307,5230,0.3075,0,0
0.14644856450915,5231,0.30775,0,0
0.14644856858482,5232,0.308,0,0
0.14644857266007,5233,0.30825,0,0
0.14644857673491,5234,0.3085,0,0
0.14644858080934,5235,0.30875,0,0
0.14644858488335,5236,0.309,0,0
0.14644858895695,5237,0.30925,0,0
0.14644859303014,5238,0.3095,0,0
0.14644859710292,5239,0.30975,0,0
0.14644860117528,5240,0.31,0,0
0.14644860524723,5241,0.31025,0,0
0.14644860931878,5242,0.3105,0,0
0.14644861338991,5243,0.31075,0,0
0.14644861746062,5244,0.311,0,0
0.14644862153093,5245,0.31125,0,0
0.14644862560083,5246,0.3115,0,0
0.14644862967031,5247,0.31175,0,0
0.14644863373939,5248,0.312,0,0
0.14644863780806,5249,0.31225,0,0
0.14644864187631,5250,0.3125,0,0
0.14644864594416,5251,0.31275,0,0
0.14644865001159,5252,0.313,0,0
0.14644865407862,5253,0.31325,0,0
0.14644865814523,5254,0.3135,0,0
0.14644866221144,5255,0.31375,0,0
0.14644866627724,5256,0.314,0,0
0.14644867034263,5257,0.31425,0,0
0.14644867440761,5258,0.3145,0,0
0.14644867847219,5259,0.31475,0,0
0.14644868253635,5260,0.315,0,0
0.14644868660011,5261,0.31525,0,0
0.14644869066346,5262,0.3155,0,0
0.1464486947264,5263,0.31575,0,0
0.14644869878893,5264,0.316,0,0
0.14644870285106,5265,0.31625,0,0
0.14644870691278,5266,0.3165,0,0
0.14644871097409,5267,0.31675,0,0
0.146448715035,5268,0.317,0,0
0.1464487190955,5269,0.31725,0,0
0.1464487231556,5270,0.3175,0,0
0.14644872721528,5271,0.31775,0,0
0.14644873127457,5272,0.318,0,0
0.14644873533344,5273,0.31825,0,0
0.14644873939191,5274,0.3185,0,0
0.14644874344998,5275,0.31875,0,0
0.14644874750764,5276,0.319,0,0
0.1464487515649,5277,0.31925,0,0
0.14644875562175,5278,0.3195,0,0
0.14644875967819,5279,0.31975,0,0
0.14644876373424,5280,0.32,0,0
0.14644876778988,5281,0.32025,0,0
0.14644877184511,5282,0.3205,0,0
0.14644877589994,5283,0.32075,0,0
0.14644877995437,5284,0.321,0,0
0.14644878400839,5285,0.32125,0,0
0.14644878806201,5286,0.3215,0,0
0.14644879211523,5287,0.32175,0,0
0.14644879616805,5288,0.322,0,0
0.14644880022046,5289,0.32225,0,0
0.14644880427247,5290,0.3225,0,0
0.14644880832408,5291,0.32275,0,0
0.14644881237529,5292,0.323,0,0
0.14644881642609,5293,0.32325,0,0
0.1464488204765,5294,0.3235,0,0
0.1464488245265,5295,0.32375,0,0
0.1464488285761,5296,0.324,0,0
0.1464488326253,5297,0.32425,0,0
0.1464488366741,5298,0.3245,0,0
0.1464488407225,5299,0.32475,0,0
0.1464488447705,5300,0.325,0,0
0.1464488488181,5301,0.32525,0,0
0.14644885286529,5302,0.3255,0,0
0.14644885691209,5303,0.32575,0,0
0.14644886095849,5304,0.326,0,0
0.14644886500449,5305,0.32625,0,0
0.14644886905009,5306,0.3265,0,0
0.1464488730953,5307,0.32675,0,0
0.1464488771401,5308,0.327,0,0
0.14644888118451,5309,0.32725,0,0
0.14644888522851,5310,0.3275,0,0
0.14644888927212,5311,0.32775,0,0
0.14644889331533,5312,0.328,0,0
0.14644889735815,5313,0.32825,0,0
0.14644890140056,5314,0.3285,0,0
0.14644890544258,5315,0.32875,0,0
0.1464489094842,5316,0.329,0,0
0.14644891352543,5317,0.32925,0,0
0.14644891756625,5318,0.3295,0,0
0.14644892160668,5319,0.32975,0,0
0.14644892564672,5320,0.33,0,0
0.14644892968636,5321,0.33025,0,0
0.1464489337256,5322,0.3305,0,0
0.14644893776445,5323,0.33075,0,0
0.1464489418029,5324,0.331,0,0
0.14644894584096,5325,0.33125,0,0
0.14644894987862,5326,0.3315,0,0
0.14644895391589,5327,0.33175,0,0
0.14644895795276,5328,0.332,0,0
0.14644896198924,5329,0.33225,0,0
0.14644896602532,5330,0.3325,0,0
0.14644897006101,5331,0.33275,0,0
0.14644897409631,5332,0.333,0,0
0.14644897813121,5333,0.33325,0,0
0.14644898216572,5334,0.3335,0,0
0.14644898619983,5335,0.33375,0,0
0.14644899023355,5336,0.334,0,0
0.14644899426688,5337,0.33425,0,0
0.14644899829982,5338,0.3345,0,0
0.14644900233237,5339,0.33475,0,0
0.14644900636452,5340,0.335,0,0
0.14644901039628,5341,0.33525,0,0
0.14644901442765,5342,0.3355,0,0
0.14644901845863,5343,0.33575,0,0
0.14644902248921,5344,0.336,0,0
0.14644902651941,5345,0.33625,0,0
0.14644903054921,5346,0.3365,0,0
0.14644903457862,5347,0.33675,0,0
0.14644903860765,5348,0.337,0,0
0.14644904263628,5349,0.33725,0,0
0.14644904666452,5350,0.3375,0,0
0.14644905069238,5351,0.33775,0,0
0.14644905471984,5352,0.338,0,0
0.14644905874691,5353,0.33825,0,0
0.1464490627736,5354,0.3385,0,0
0.14644906679989,5355,0.33875,0,0
0.1464490708258,5356,0.339,0,0
0.14644907485132,5357,0.33925,0,0
0.14644907887644,5358,0.3395,0,0
0.14644908290119,5359,0.33975,0,0
0.14644908692554,5360,0.34,0,0
0.1464490909495,5361,0.34025,0,0
0.14644909497308,5362,0.3405,0,0
0.14644909899627,5363,0.34075,0,0
0.14644910301908,5364,0.341,0,0
0.14644910704149,5365,0.34125,0,0
0.14644911106352,5366,0.3415,0,0
0.14644911508516,5367,0.34175,0,0
0.14644911910642,5368,0.342,0,0
0.14644912312729,5369,0.34225,0,0
0.14644912714778,5370,0.3425,0,0
0.14644913116788,5371,0.34275,0,0
0.14644913518759,5372,0.343,0,0
0.14644913920692,5373,0.34325,0,0
0.14644914322586,5374,0.3435,0,0
0.14644914724442,5375,0.34375,0,0
0.14644915126259,5376,0.344,0,0
0.14644915528038,5377,0.34425,0,0
0.14644915929779,5378,0.3445,0,0
0.14644916331481,5379,0.34475,0,0
0.14644916733145,5380,0.345,0,0
0.1464491713477,5381,0.34525,0,0
0.14644917536357,5382,0.3455,0,0
0.14644917937906,5383,0.34575,0,0
0.14644918339417,5384,0.346,0,0
0.14644918740889,5385,0.34625,0,0
0.14644919142323,5386,0.3465,0,0
0.14644919543718,5387,0.34675,0,0
0.14644919945076,5388,0.347,0,0
0.14644920346395,5389,0.34725,0,0
0.14644920747677,5390,0.3475,0,0
0.1464492114892,5391,0.34775,0,0
0.14644921550125,5392,0.348,0,0
0.14644921951291,5393,0.34825,0,0
0.1464492235242,5394,0.3485,0,0
0.14644922753511,5395,0.34875,0,0
0.14644923154564,5396,0.349,0,0
0.14644923555578,5397,0.34925,0,0
0.14644923956555,5398,0.3495,0,0
0.14644924357494,5399,0.34975,0,0
0.14644924758394,5400,0.35,0,0
0.14644925159257,5401,0.35025,0,0
0.14644925560082,5402,0.3505,0,0
0.14644925960869,5403,0.35075,0,0
0.14644926361618,5404,0.351,0,0
0.1464492676233,5405,0.35125,0,0
0.14644927163003,5406,0.3515,0,0
0.14644927563639,5407,0.35175,0,0
0.14644927964237,5408,0.352,0,0
0.14644928364797,5409,0.35225,0,0
0.1464492876532,5410,0.3525,0,0
0.14644929165805,5411,0.35275,0,0
0.14644929566252,5412,0.353,0,0
0.14644929966661,5413,0.35325,0,0
0.14644930367033,5414,0.3535,0,0
0.14644930767367,5415,0.35375,0,0
0.14644931167664,5416,0.354,0,0
0.14644931567923,5417,0.35425,0,0
0.14644931968144,5418,0.3545,0,0
0.14644932368328,5419,0.35475,0,0
0.14644932768475,5420,0.355,0,0
0.14644933168584,5421,0.35525,0,0
0.14644933568655,5422,0.3555,0,0
0.14644933968689,5423,0.35575,0,0
0.14644934368686,5424,0.356,0,0
0.14644934768645,5425,0.35625,0,0
0.14644935168567,5426,0.3565,0,0
0.14644935568452,5427,0.35675,0,0
0.14644935968299,5428,0.357,0,0
0.14644936368109,5429,0.35725,0,0
0.14644936767881,5430,0.3575,0,0
0.14644937167616,5431,0.35775,0,0
0.14644937567314,5432,0.358,0,0
0.14644937966975,5433,0.35825,0,0
0.14644938366599,5434,0.3585,0,0
0.14644938766185,5435,0.35875,0,0
0.14644939165735,5436,0.359,0,0
0.14644939565247,5437,0.35925,0,0
0.14644939964722,5438,0.3595,0,0
0.1464494036416,5439,0.35975,0,0
0.14644940763561,5440,0.36,0,0
0.14644941162925,5441,0.36025,0,0
0.14644941562252,5442,0.3605,0,0
0.14644941961541,5443,0.36075,0,0
0.14644942360794,5444,0.361,0,0
0.1464494276001,5445,0.36125,0,0
0.14644943159189,5446,0.3615,0,0
0.14644943558331,5447,0.36175,0,0
0.14644943957436,5448,0.362,0,0
0.14644944356505,5449,0.36225,0,0
0.14644944755536,5450,0.3625,0,0
0.14644945154531,5451,0.36275,0,0
0.14644945553489,5452,0.363,0,0
0.1464494595241,5453,0.36325,0,0
0.14644946351294,5454,0.3635,0,0
0.14644946750142,5455,0.36375,0,0
0.14644947148953,5456,0.364,0,0
0.14644947547727,5457,0.36425,0,0
0.14644947946464,5458,0.3645,0,0
0.14644948345165,5459,0.36475,0,0
0.1464494874383,5460,0.365,0,0
0.14644949142457,5461,0.36525,0,0
0.14644949541049,5462,0.3655,0,0
0.14644949939603,5463,0.36575,0,0
0.14644950338121,5464,0.366,0,0
0.14644950736603,5465,0.36625,0,0
0.14644951135048,5466,0.3665,0,0
0.14644951533456,5467,0.36675,0,0
0.14644951931829,5468,0.367,0,0
0.14644952330164,5469,0.36725,0,0
0.14644952728464,5470,0.3675,0,0
0.14644953126727,5471,0.36775,0,0
0.14644953524953,5472,0.368,0,0
0.14644953923144,5473,0.36825,0,0
0.14644954321298,5474,0.3685,0,0
0.14644954719416,5475,0.36875,0,0
0.14644955117497,5476,0.369,0,0
0.14644955515542,5477,0.36925,0,0
0.14644955913551,5478,0.3695,0,0
0.14644956311524,5479,0.36975,0,0
0.14644956709461,5480,0.37,0,0
0.14644957107362,5481,0.37025,0,0
0.14644957505226,5482,0.3705,0,0
0.14644957903054,5483,0.37075,0,0
0.14644958300847,5484,0.371,0,0
0.14644958698603,5485,0.37125,0,0
0.14644959096323,5486,0.3715,0,0
0.14644959494008,5487,0.37175,0,0
0.14644959891656,5488,0.372,0,0
0.14644960289268,5489,0.37225,0,0
0.14644960686844,5490,0.3725,0,0
0.14644961084385,5491,0.37275,0,0
0.14644961481889,5492,0.373,0,0
0.14644961879358,5493,0.37325,0,0
0.14644962276791,5494,0.3735,0,0
0.14644962674188,5495,0.37375,0,0
0.14644963071549,5496,0.374,0,0
0.14644963468875,5497,0.37425,0,0
0.14644963866165,5498,0.3745,0,0
0.14644964263419,5499,0.37475,0,0
0.14644964660637,5500,0.375,0,0
0.1464496505782,5501,0.37525,0,0
0.14644965454966,5502,0.3755,0,0
0.14644965852078,5503,0.37575,0,0
0.14644966249154,5504,0.376,0,0
0.14644966646194,5505,0.37625,0,0
0.14644967043198,5506,0.3765,0,0
0.14644967440167,5507,0.37675,0,0
0.14644967837101,5508,0.377,0,0
0.14644968233999,5509,0.37725,0,0
0.14644968630861,5510,0.3775,0,0
0.14644969027689,5511,0.37775,0,0
0.1464496942448,5512,0.378,0,0
0.14644969821237,5513,0.37825,0,0
0.14644970217958,5514,0.3785,0,0
0.14644970614643,5515,0.37875,0,0
0.14644971011293,5516,0.379,0,0
0.14644971407908,5517,0.37925,0,0
0.14644971804488,5518,0.3795,0,0
0.14644972201032,5519,0.37975,0,0
0.14644972597542,5520,0.38,0,0
0.14644972994015,5521,0.38025,0,0
0.14644973390454,5522,0.3805,0,0
0.14644973786858,5523,0.38075,0,0
0.14644974183226,5524,0.381,0,0
0.1464497457956,5525,0.38125,0,0
0.14644974975858,5526,0.3815,0,0
0.14644975372121,5527,0.38175,0,0
0.14644975768349,5528,0.382,0,0
0.14644976164542,5529,0.38225,0,0
0.146449765607,5530,0.3825,0,0
0.14644976956823,5531,0.38275,0,0
0.14644977352912,5532,0.383,0,0
0.14644977748965,5533,0.38325,0,0
0.14644978144983,5534,0.3835,0,0
0.14644978540967,5535,0.38375,0,0
0.14644978936915,5536,0.384,0,0
0.14644979332829,5537,0.38425,0,0
0.14644979728708,5538,0.3845,0,0
0.14644980124552,5539,0.38475,0,0
0.14644980520362,5540,0.385,0,0
0.14644980916136,5541,0.38525,0,0
0.14644981311876,5542,0.3855,0,0
0.14644981707581,5543,0.38575,0,0
0.14644982103252,5544,0.386,0,0
0.14644982498888,5545,0.38625,0,0
0.14644982894489,5546,0.3865,0,0
0.14644983290056,5547,0.38675,0,0
0.14644983685588,5548,0.387,0,0
0.14644984081086,5549,0.38725,0,0
0.14644984476549,5550,0.3875,0,0
0.14644984871977,5551,0.38775,0,0
0.14644985267371,5552,0.388,0,0
0.14644985662731,5553,0.38825,0,0
0.14644986058056,5554,0.3885,0,0
0.14644986453347,5555,0.38875,0,0
0.14644986848603,5556,0.389,0,0
0.14644987243825,5557,0.38925,0,0
0.14644987639013,5558,0.3895,0,0
0.14644988034167,5559,0.38975,0,0
0.14644988429286,5560,0.39,0,0
0.14644988824371,5561,0.39025,0,0
0.14644989219421,5562,0.3905,0,0
0.14644989614438,5563,0.39075,0,0
0.1464499000942,5564,0.391,0,0
0.14644990404368,5565,0.39125,0,0
0.14644990799282,5566,0.3915,0,0
0.14644991194162,5567,0.39175,0,0
0.14644991589007,5568,0.392,0,0
0.14644991983819,5569,0.39225,0,0
0.14644992378596,5570,0.3925,0,0
0.1464499277334,5571,0.39275,0,0
0.14644993168049,5572,0.393,0,0
0.14644993562725,5573,0.39325,0,0
0.14644993957367,5574,0.3935,0,0
0.14644994351974,5575,0.39375,0,0
0.14644994746548,5576,0.394,0,0
0.14644995141088,5577,0.39425,0,0
0.14644995535594,5578,0.3945,0,0
0.14644995930066,5579,0.39475,0,0
0.14644996324505,5580,0.395,0,0
0.14644996718909,5581,0.39525,0,0
0.1464499711328,5582,0.3955,0,0
0.14644997507618,5583,0.39575,0,0
0.14644997901921,5584,0.396,0,0
0.14644998296191,5585,0.39625,0,0
0.14644998690427,5586,0.3965,0,0
0.14644999084629,5587,0.39675,0,0
0.14644999478798,5588,0.397,0,0
0.14644999872934,5589,0.39725,0,0
0.14645000267035,5590,0.3975,0,0
0.14645000661103,5591,0.39775,0,0
0.14645001055138,5592,0.398,0,0
0.14645001449139,5593,0.39825,0,0
0.14645001843107,5594,0.3985,0,0
0.14645002237041,5595,0.39875,0,0
0.14645002630942,5596,0.399,0,0
0.1464500302481,5597,0.39925,0,0
0.14645003418644,5598,0.3995,0,0
0.14645003812444,5599,0.39975,0,0
0.14645004206212,5600,0.4,0,0
0.14645004599946,5601,0.40025,0,0
0.14645004993647,5602,0.4005,0,0
0.14645005387315,5603,0.40075,0,0
0.14645005780949,5604,0.401,0,0
0.1464500617455,5605,0.40125,0,0
0.14645006568118,5606,0.4015,0,0
0.14645006961653,5607,0.40175,0,0
0.14645007355155,5608,0.402,0,0
0.14645007748624,5609,0.40225,0,0
0.14645008142059,5610,0.4025,0,0
0.14645008535462,5611,0.40275,0,0
0.14645008928831,5612,0.403,0,0
0.14645009322168,5613,0.40325,0,0
0.14645009715472,5614,0.4035,0,0
0.14645010108742,5615,0.40375,0,0
0.1464501050198,5616,0.404,0,0
0.14645010895185,5617,0.40425,0,0
0.14645011288357,5618,0.4045,0,0
0.14645011681496,5619,0.40475,0,0
0.14645012074602,5620,0.405,0,0
0.14645012467675,5621,0.40525,0,0
0.14645012860716,5622,0.4055,0,0
0.14645013253724,5623,0.40575,0,0
0.14645013646699,5624,0.406,0,0
0.14645014039642,5625,0.40625,0,0
0.14645014432551,5626,0.4065,0,0
0.14645014825429,5627,0.40675,0,0
0.14645015218273,5628,0.407,0,0
0.14645015611085,5629,0.40725,0,0
0.14645016003864,5630,0.4075,0,0
0.14645016396611,5631,0.40775,0,0
0.14645016789326,5632,0.408,0,0
0.14645017182007,5633,0.40825,0,0
0.14645017574657,5634,0.4085,0,0
0.14645017967273,5635,0.40875,0,0
0.14645018359858,5636,0.409,0,0
0.1464501875241,5637,0.40925,0,0
0.1464501914493,5638,0.4095,0,0
0.14645019537417,5639,0.40975,0,0
0.14645019929872,5640,0.41,0,0
0.14645020322294,5641,0.41025,0,0
0.14645020714685,5642,0.4105,0,0
0.14645021107043,5643,0.41075,0,0
0.14645021499369,5644,0.411,0,0
0.14645021891662,5645,0.41125,0,0
0.14645022283924,5646,0.4115,0,0
0.14645022676153,5647,0.41175,0,0
0.1464502306835,5648,0.412,0,0
0.14645023460516,5649,0.41225,0,0
0.14645023852649,5650,0.4125,0,0
0.1464502424475,5651,0.41275,0,0
0.14645024636819,5652,0.413,0,0
0.14645025028855,5653,0.41325,0,0
0.1464502542086,5654,0.4135,0,0
0.14645025812833,5655,0.41375,0,0
0.14645026204775,5656,0.414,0,0
0.14645026596684,5657,0.41425,0,0
0.14645026988561,5658,0.4145,0,0
0.14645027380407,5659,0.41475,0,0
0.1464502777222,5660,0.415,0,0
0.14645028164002,5661,0.41525,0,0
0.14645028555752,5662,0.4155,0,0
0.1464502894747,5663,0.41575,0,0
0.14645029339157,5664,0.416,0,0
0.14645029730812,5665,0.41625,0,0
0.14645030122435,5666,0.4165,0,0
0.14645030514026,5667,0.41675,0,0
0.14645030905586,5668,0.417,0,0
0.14645031297115,5669,0.41725,0,0
0.14645031688611,5670,0.4175,0,0
0.14645032080077,5671,0.41775,0,0
0.1464503247151,5672,0.418,0,0
0.14645032862912,5673,0.41825,0,0
0.14645033254283,5674,0.4185,0,0
0.14645033645622,5675,0.41875,0,0
0.1464503403693,5676,0.419,0,0
0.14645034428207,5677,0.41925,0,0
0.14645034819452,5678,0.4195,0,0
0.14645035210665,5679,0.41975,0,0
0.14645035601848,5680,0.42,0,0
0.14645035992999,5681,0.42025,0,0
0.14645036384119,5682,0.4205,0,0
0.14645036775207,5683,0.42075,0,0
0.14645037166265,5684,0.421,0,0
0.14645037557291,5685,0.42125,0,0
0.14645037948286,5686,0.4215,0,0
0.1464503833925,5687,0.42175,0,0
0.14645038730182,5688,0.422,0,0
0.14645039121084,5689,0.42225,0,0
0.14645039511954,5690,0.4225,0,0
0.14645039902794,5691,0.42275,0,0
0.14645040293602,5692,0.423,0,0
0.1464504068438,5693,0.42325,0,0
0.14645041075126,5694,0.4235,0,0
0.14645041465842,5695,0.42375,0,0
0.14645041856527,5696,0.424,0,0
0.14645042247181,5697,0.42425,0,0
0.14645042637804,5698,0.4245,0,0
0.14645043028396,5699,0.42475,0,0
0.14645043418957,5700,0.425,0,0
0.14645043809487,5701,0.42525,0,0
0.14645044199987,5702,0.4255,0,0
0.14645044590456,5703,0.42575,0,0
0.14645044980894,5704,0.426,0,0
0.14645045371302,5705,0.42625,0,0
0.14645045761679,5706,0.4265,0,0
0.14645046152025,5707,0.42675,0,0
0.14645046542341,5708,0.427,0,0
0.14645046932626,5709,0.42725,0,0
0.14645047322881,5710,0.4275,0,0
0.14645047713105,5711,0.42775,0,0
0.14645048103298,5712,0.428,0,0
0.14645048493461,5713,0.42825,0,0
0.14645048883594,5714,0.4285,0,0
0.14645049273696,5715,0.42875,0,0
0.14645049663768,5716,0.429,0,0
0.1464505005381,5717,0.42925,0,0
0.14645050443821,5718,0.4295,0,0
0.14645050833801,5719,0.42975,0,0
0.14645051223752,5720,0.43,0,0
0.14645051613672,5721,0.43025,0,0
0.14645052003562,5722,0.4305,0,0
0.14645052393422,5723,0.43075,0,0
0.14645052783251,5724,0.431,0,0
0.1464505317305,5725,0.43125,0,0
0.1464505356282,5726,0.4315,0,0
0.14645053952559,5727,0.43175,0,0
0.14645054342268,5728,0.432,0,0
0.14645054731947,5729,0.43225,0,0
0.14645055121596,5730,0.4325,0,0
0.14645055511214,5731,0.43275,0,0
0.14645055900803,5732,0.433,0,0
0.14645056290362,5733,0.43325,0,0
0.14645056679891,5734,0.4335,0,0
0.1464505706939,5735,0.43375,0,0
0.1464505745886,5736,0.434,0,0
0.14645057848299,5737,0.43425,0,0
0.14645058237708,5738,0.4345,0,0
0.14645058627088,5739,0.43475,0,0
0.14645059016438,5740,0.435,0,0
0.14645059405758,5741,0.43525,0,0
0.14645059795049,5742,0.4355,0,0
0.14645060184309,5743,0.43575,0,0
0.1464506057354,5744,0.436,0,0
0.14645060962742,5745,0.43625,0,0
0.14645061351914,5746,0.4365,0,0
0.14645061741056,5747,0.43675,0,0
0.14645062130168,5748,0.437,0,0
0.14645062519252,5749,0.43725,0,0
0.14645062908305,5750,0.4375,0,0
0.14645063297329,5751,0.43775,0,0
0.14645063686324,5752,0.438,0,0
0.14645064075289,5753,0.43825,0,0
0.14645064464225,5754,0.4385,0,0
0.14645064853131,5755,0.43875,0,0
0.14645065242008,5756,0.439,0,0
0.14645065630856,5757,0.43925,0,0
0.14645066019674,5758,0.4395,0,0
0.14645066408463,5759,0.43975,0,0
0.14645066797223,5760,0.44,0,0
0.14645067185953,5761,0.44025,0,0
0.14645067574655,5762,0.4405,0,0
0.14645067963327,5763,0.44075,0,0
0.1464506835197,5764,0.441,0,0
0.14645068740584,5765,0.44125,0,0
0.14645069129169,5766,0.4415,0,0
0.14645069517724,5767,0.44175,0,0
0.14645069906251,5768,0.442,0,0
0.14645070294749,5769,0.44225,0,0
0.14645070683217,5770,0.4425,0,0
0.14645071071657,5771,0.44275,0,0
0.14645071460068,5772,0.443,0,0
0.1464507184845,5773,0.44325,0,0
0.14645072236803,5774,0.4435,0,0
0.14645072625127,5775,0.44375,0,0
0.14645073013422,5776,0.444,0,0
0.14645073401688,5777,0.44425,0,0
0.14645073789926,5778,0.4445,0,0
0.14645074178135,5779,0.44475,0,0
0.14645074566315,5780,0.445,0,0
0.14645074954467,5781,0.44525,0,0
0.14645075342589,5782,0.4455,0,0
0.14645075730684,5783,0.44575,0,0
0.14645076118749,5784,0.446,0,0
0.14645076506786,5785,0.44625,0,0
0.14645076894794,5786,0.4465,0,0
0.14645077282774,5787,0.44675,0,0
0.14645077670725,5788,0.447,0,0
0.14645078058648,5789,0.44725,0,0
0.14645078446542,5790,0.4475,0,0
0.14645078834408,5791,0.44775,0,0
0.14645079222246,5792,0.448,0,0
0.14645079610055,5793,0.44825,0,0
0.14645079997835,5794,0.4485,0,0
0.14645080385588,5795,0.44875,0,0
0.14645080773312,5796,0.449,0,0
0.14645081161007,5797,0.44925,0,0
0.14645081548675,5798,0.4495,0,0
0.14645081936314,5799,0.44975,0,0
0.14645082323925,5800,0.45,0,0
0.14645082711508,5801,0.45025,0,0
0.14645083099063,5802,0.4505,0,0
0.14645083486589,5803,0.45075,0,0
0.14645083874088,5804,0.451,0,0
0.14645084261558,5805,0.45125,0,0
0.14645084649001,5806,0.4515,0,0
0.14645085036415,5807,0.45175,0,0
0.14645085423802,5808,0.452,0,0
0.1464508581116,5809,0.45225,0,0
0.14645086198491,5810,0.4525,0,0
0.14645086585793,5811,0.45275,0,0
0.14645086973068,5812,0.453,0,0
0.14645087360315,5813,0.45325,0,0
0.14645087747534,5814,0.4535,0,0
0.14645088134725,5815,0.45375,0,0
0.14645088521888,5816,0.454,0,0
0.14645088909024,5817,0.45425,0,0
0.14645089296132,5818,0.4545,0,0
0.14645089683212,5819,0.45475,0,0
0.14645090070265,5820,0.455,0,0
0.1464509045729,5821,0.45525,0,0
0.14645090844287,5822,0.4555,0,0
0.14645091231257,5823,0.45575,0,0
0.14645091618199,5824,0.456,0,0
0.14645092005113,5825,0.45625,0,0
0.14645092392001,5826,0.4565,0,0
0.1464509277886,5827,0.45675,0,0
0.14645093165692,5828,0.457,0,0
0.14645093552497,5829,0.45725,0,0
0.14645093939274,5830,0.4575,0,0
0.14645094326024,5831,0.45775,0,0
0.14645094712747,5832,0.458,0,0
0.14645095099442,5833,0.45825,0,0
0.1464509548611,5834,0.4585,0,0
0.14645095872751,5835,0.45875,0,0
0.14645096259364,5836,0.459,0,0
0.14645096645951,5837,0.45925,0,0
0.1464509703251,5838,0.4595,0,0
0.14645097419042,5839,0.45975,0,0
0.14645097805546,5840,0.46,0,0
0.14645098192024,5841,0.46025,0,0
0.14645098578475,5842,0.4605,0,0
0.14645098964898,5843,0.46075,0,0
0.14645099351295,5844,0.461,0,0
0.14645099737664,5845,0.46125,0,0
0.14645100124007,5846,0.4615,0,0
0.14645100510322,5847,0.46175,0,0
0.14645100896611,5848,0.462,0,0
0.14645101282873,5849,0.46225,0,0
0.14645101669108,5850,0.4625,0,0
0.14645102055316,5851,0.46275,0,0
0.14645102441497,5852,0.463,0,0
0.14645102827651,5853,0.46325,0,0
0.14645103213779,5854,0.4635,0,0
0.1464510359988,5855,0.46375,0,0
0.14645103985954,5856,0.464,0,0
0.14645104372002,5857,0.46425,0,0
0.14645104758023,5858,0.4645,0,0
0.14645105144017,5859,0.46475,0,0
0.14645105529985,5860,0.465,0,0
0.14645105915926,5861,0.46525,0,0
0.1464510630184,5862,0.4655,0,0
0.14645106687728,5863,0.46575,0,0
0.1464510707359,5864,0.466,0,0
0.14645107459425,5865,0.46625,0,0
0.14645107845234,5866,0.4665,0,0
0.14645108231016,5867,0.46675,0,0
0.14645108616772,5868,0.467,0,0
0.14645109002501,5869,0.46725,0,0
0.14645109388205,5870,0.4675,0,0
0.14645109773882,5871,0.46775,0,0
0.14645110159532,5872,0.468,0,0
0.14645110545157,5873,0.46825,0,0
0.14645110930755,5874,0.4685,0,0
0.14645111316327,5875,0.46875,0,0
0.14645111701873,5876,0.469,0,0
0.14645112087392,5877,0.46925,0,0
0.14645112472886,5878,0.4695,0,0
0.14645112858353,5879,0.46975,0,0
0.14645113243795,5880,0.47,0,0
0.1464511362921,5881,0.47025,0,0
0.146451140146,5882,0.4705,0,0
0.14645114399963,5883,0.47075,0,0
0.14645114785301,5884,0.471,0,0
0.14645115170612,5885,0.47125,0,0
0.14645115555898,5886,0.4715,0,0
0.14645115941158,5887,0.47175,0,0
0.14645116326391,5888,0.472,0,0
0.146451167116,5889,0.47225,0,0
0.14645117096782,5890,0.4725,0,0
0.14645117481939,5891,0.47275,0,0
0.14645117867069,5892,0.473,0,0
0.14645118252175,5893,0.47325,0,0
0.14645118637254,5894,0.4735,0,0
0.14645119022308,5895,0.47375,0,0
0.14645119407336,5896,0.474,0,0
0.14645119792339,5897,0.47425,0,0
0.14645120177316,5898,0.4745,0,0
0.14645120562267,5899,0.47475,0,0
0.14645120947193,5900,0.475,0,0
0.14645121332094,5901,0.47525,0,0
0.14645121716969,5902,0.4755,0,0
0.14645122101819,5903,0.47575,0,0
0.14645122486643,5904,0.476,0,0
0.14645122871442,5905,0.47625,0,0
0.14645123256215,5906,0.4765,0,0
0.14645123640963,5907,0.47675,0,0
0.14645124025686,5908,0.477,0,0
0.14645124410384,5909,0.47725,0,0
0.14645124795056,5910,0.4775,0,0
0.14645125179704,5911,0.47775,0,0
0.14645125564326,5912,0.478,0,0
0.14645125948922,5913,0.47825,0,0
0.14645126333494,5914,0.4785,0,0
0.14645126718041,5915,0.47875,0,0
0.14645127102562,5916,0.479,0,0
0.14645127487059,5917,0.47925,0,0
0.1464512787153,5918,0.4795,0,0
0.14645128255977,5919,0.47975,0,0
0.14645128640398,5920,0.48,0,0
0.14645129024795,5921,0.48025,0,0
0.14645129409166,5922,0.4805,0,0
0.14645129793513,5923,0.48075,0,0
0.14645130177835,5924,0.481,0,0
0.14645130562132,5925,0.48125,0,0
0.14645130946404,5926,0.4815,0,0
0.14645131330652,5927,0.48175,0,0
0.14645131714875,5928,0.482,0,0
0.14645132099073,5929,0.48225,0,0
0.14645132483246,5930,0.4825,0,0
0.14645132867395,5931,0.48275,0,0
0.14645133251519,5932,0.483,0,0
0.14645133635618,5933,0.48325,0,0
0.14645134019693,5934,0.4835,0,0
0.14645134403743,5935,0.48375,0,0
0.14645134787769,5936,0.484,0,0
0.1464513517177,5937,0.48425,0,0
0.14645135555747,5938,0.4845,0,0
0.146451359397,5939,0.48475,0,0
0.14645136323628,5940,0.485,0,0
0.14645136707531,5941,0.48525,0,0
0.1464513709141,5942,0.4855,0,0
0.14645137475265,5943,0.48575,0,0
0.14645137859096,5944,0.486,0,0
0.14645138242902,5945,0.48625,0,0
0.14645138626684,5946,0.4865,0,0
0.14645139010442,5947,0.48675,0,0
0.14645139394175,5948,0.487,0,0
0.14645139777885,5949,0.48725,0,0
0.1464514016157,5950,0.4875,0,0
0.14645140545231,5951,0.48775,0,0
0.14645140928868,5952,0.488,0,0
0.14645141312481,5953,0.48825,0,0
0.1464514169607,5954,0.4885,0,0
0.14645142079635,5955,0.48875,0,0
0.14645142463176,5956,0.489,0,0
0.14645142846693,5957,0.48925,0,0
0.14645143230187,5958,0.4895,0,0
0.14645143613656,5959,0.48975,0,0
0.14645143997101,5960,0.49,0,0
0.14645144380523,5961,0.49025,0,0
0.1464514476392,5962,0.4905,0,0
0.14645145147294,5963,0.49075,0,0
0.14645145530645,5964,0.491,0,0
0.14645145913971,5965,0.49125,0,0
0.14645146297274,5966,0.4915,0,0
0.14645146680553,5967,0.49175,0,0
0.14645147063808,5968,0.492,0,0
0.1464514744704,5969,0.49225,0,0
0.14645147830248,5970,0.4925,0,0
0.14645148213433,5971,0.49275,0,0
0.14645148596594,5972,0.493,0,0
0.14645148979732,5973,0.49325,0,0
0.14645149362846,5974,0.4935,0,0
0.14645149745937,5975,0.49375,0,0
0.14645150129004,5976,0.494,0,0
0.14645150512048,5977,0.49425,0,0
0.14645150895068,5978,0.4945,0,0
0.14645151278065,5979,0.49475,0,0
0.14645151661039,5980,0.495,0,0
0.1464515204399,5981,0.49525,0,0
0.14645152426917,5982,0.4955,0,0
0.14645152809821,5983,0.49575,0,0
0.14645153192702,5984,0.496,0,0
0.1464515357556,5985,0.49625,0,0
0.14645153958394,5986,0.4965,0,0
0.14645154341206,5987,0.49675,0,0
0.14645154723994,5988,0.497,0,0
0.1464515510676,5989,0.49725,0,0
0.14645155489502,5990,0.4975,0,0
0.14645155872221,5991,0.49775,0,0
0.14645156254917,5992,0.498,0,0
0.14645156637591,5993,0.49825,0,0
0.14645157020241,5994,0.4985,0,0
0.14645157402868,5995,0.49875,0,0
0.14645157785473,5996,0.499,0,0
0.14645158168055,5997,0.49925,0,0
0.14645158550614,5998,0.4995,0,0
0.1464515893315,5999,0.49975,0,0
0.14645159315663,6000,0.5,0,0
0.14645159698154,6001,0.50025,0,0
0.14645160080622,6002,0.5005,0,0
0.14645160463067,6003,0.50075,0,0
0.1464516084549,6004,0.501,0,0
0.1464516122789,6005,0.50125,0,0
0.14645161610267,6006,0.5015,0,0
0.14645161992622,6007,0.50175,0,0
0.14645162374955,6008,0.502,0,0
0.14645162757265,6009,0.50225,0,0
0.14645163139552,6010,0.5025,0,0
0.14645163521817,6011,0.50275,0,0
0.14645163904059,6012,0.503,0,0
0.14645164286279,6013,0.50325,0,0
0.14645164668477,6014,0.5035,0,0
0.14645165050652,6015,0.50375,0,0
0.14645165432806,6016,0.504,0,0
0.14645165814936,6017,0.50425,0,0
0.14645166197045,6018,0.5045,0,0
0.14645166579131,6019,0.50475,0,0
0.14645166961195,6020,0.505,0,0
0.14645167343237,6021,0.50525,0,0
0.14645167725257,6022,0.5055,0,0
0.14645168107254,6023,0.50575,0,0
0.1464516848923,6024,0.506,0,0
0.14645168871184,6025,0.50625,0,0
0.14645169253115,6026,0.5065,0,0
0.14645169635024,6027,0.50675,0,0
0.14645170016912,6028,0.507,0,0
0.14645170398777,6029,0.50725,0,0
0.14645170780621,6030,0.5075,0,0
0.14645171162443,6031,0.50775,0,0
0.14645171544243,6032,0.508,0,0
0.14645171926021,6033,0.50825,0,0
0.14645172307777,6034,0.5085,0,0
0.14645172689511,6035,0.50875,0,0
0.14645173071224,6036,0.509,0,0
0.14645173452915,6037,0.50925,0,0
0.14645173834584,6038,0.5095,0,0
0.14645174216231,6039,0.50975,0,0
0.14645174597857,6040,0.51,0,0
0.14645174979462,6041,0.51025,0,0
0.14645175361044,6042,0.5105,0,0
0.14645175742605,6043,0.51075,0,0
0.14645176124145,6044,0.511,0,0
0.14645176505663,6045,0.51125,0,0
0.1464517688716,6046,0.5115,0,0
0.14645177268635,6047,0.51175,0,0
0.14645177650089,6048,0.512,0,0
0.14645178031521,6049,0.51225,0,0
0.14645178412932,6050,0.5125,0,0
0.14645178794322,6051,0.51275,0,0
0.1464517917569,6052,0.513,0,0
0.14645179557037,6053,0.51325,0,0
0.14645179938363,6054,0.5135,0,0
0.14645180319668,6055,0.51375,0,0
0.14645180700951,6056,0.514,0,0
0.14645181082213,6057,0.51425,0,0
0.14645181463454,6058,0.5145,0,0
0.14645181844674,6059,0.51475,0,0
0.14645182225873,6060,0.515,0,0
0.14645182607051,6061,0.51525,0,0
0.14645182988208,6062,0.5155,0,0
0.14645183369344,6063,0.51575,0,0
0.14645183750458,6064,0.516,0,0
0.14645184131552,6065,0.51625,0,0
0.14645184512625,6066,0.5165,0,0
0.14645184893677,6067,0.51675,0,0
0.14645185274709,6068,0.517,0,0
0.14645185655719,6069,0.51725,0,0
0.14645186036708,6070,0.5175,0,0
0.14645186417677,6071,0.51775,0,0
0.14645186798625,6072,0.518,0,0
0.14645187179553,6073,0.51825,0,0
0.14645187560459,6074,0.5185,0,0
0.14645187941345,6075,0.51875,0,0
0.14645188322211,6076,0.519,0,0
0.14645188703055,6077,0.51925,0,0
0.1464518908388,6078,0.5195,0,0
0.14645189464683,6079,0.51975,0,0
0.14645189845466,6080,0.52,0,0
0.14645190226229,6081,0.52025,0,0
0.14645190606971,6082,0.5205,0,0
0.14645190987693,6083,0.52075,0,0
0.14645191368394,6084,0.521,0,0
0.14645191749075,6085,0.52125,0,0
0.14645192129735,6086,0.5215,0,0
0.14645192510375,6087,0.52175,0,0
0.14645192890995,6088,0.522,0,0
0.14645193271595,6089,0.52225,0,0
0.14645193652174,6090,0.5225,0,0
0.14645194032734,6091,0.52275,0,0
0.14645194413273,6092,0.523,0,0
0.14645194793791,6093,0.52325,0,0
0.1464519517429,6094,0.5235,0,0
0.14645195554769,6095,0.52375,0,0
0.14645195935227,6096,0.524,0,0
0.14645196315666,6097,0.52425,0,0
0.14645196696084,6098,0.5245,0,0
0.14645197076482,6099,0.52475,0,0
0.14645197456861,6100,0.525,0,0
0.1464519783722,6101,0.52525,0,0
0.14645198217558,6102,0.5255,0,0
0.14645198597877,6103,0.52575,0,0
0.14645198978176,6104,0.526,0,0
0.14645199358455,6105,0.52625,0,0
0.14645199738714,6106,0.5265,0,0
0.14645200118954,6107,0.52675,0,0
0.14645200499174,6108,0.527,0,0
0.14645200879374,6109,0.52725,0,0
0.14645201259554,6110,0.5275,0,0
0.14645201639715,6111,0.52775,0,0
0.14645202019856,6112,0.528,0,0
0.14645202399978,6113,0.52825,0,0
0.1464520278008,6114,0.5285,0,0
0.14645203160162,6115,0.52875,0,0
0.14645203540225,6116,0.529,0,0
0.14645203920268,6117,0.52925,0,0
0.14645204300292,6118,0.5295,0,0
0.14645204680297,6119,0.52975,0,0
0.14645205060282,6120,0.53,0,0
0.14645205440248,6121,0.53025,0,0
0.14645205820194,6122,0.5305,0,0
0.14645206200121,6123,0.53075,0,0
0.14645206580029,6124,0.531,0,0
0.14645206959918,6125,0.53125,0,0
0.14645207339787,6126,0.5315,0,0
0.14645207719637,6127,0.53175,0,0
0.14645208099468,6128,0.532,0,0
0.1464520847928,6129,0.53225,0,0
0.14645208859073,6130,0.5325,0,0
0.14645209238846,6131,0.53275,0,0
0.14645209618601,6132,0.533,0,0
0.14645209998336,6133,0.53325,0,0
0.14645210378053,6134,0.5335,0,0
0.1464521075775,6135,0.53375,0,0
0.14645211137429,6136,0.534,0,0
0.14645211517089,6137,0.53425,0,0
0.14645211896729,6138,0.5345,0,0
0.14645212276351,6139,0.53475,0,0
0.14645212655954,6140,0.535,0,0
0.14645213035539,6141,0.53525,0,0
0.14645213415104,6142,0.5355,0,0
0.14645213794651,6143,0.53575,0,0
0.14645214174179,6144,0.536,0,0
0.14645214553688,6145,0.53625,0,0
0.14645214933179,6146,0.5365,0,0
0.14645215312651,6147,0.53675,0,0
0.14645215692104,6148,0.537,0,0
0.14645216071539,6149,0.53725,0,0
0.14645216450955,6150,0.5375,0,0
0.14645216830353,6151,0.53775,0,0
0.14645217209732,6152,0.538,0,0
0.14645217589093,6153,0.53825,0,0
0.14645217968435,6154,0.5385,0,0
0.14645218347759,6155,0.53875,0,0
0.14645218727064,6156,0.539,0,0
0.14645219106352,6157,0.53925,0,0
0.1464521948562,6158,0.5395,0,0
0.14645219864871,6159,0.53975,0,0
0.14645220244103,6160,0.54,0,0
0.14645220623317,6161,0.54025,0,0
0.14645221002513,6162,0.5405,0,0
0.1464522138169,6163,0.54075,0,0
0.1464522176085,6164,0.541,0,0
0.14645222139991,6165,0.54125,0,0
0.14645222519114,6166,0.5415,0,0
0.14645222898219,6167,0.54175,0,0
0.14645223277307,6168,0.542,0,0
0.14645223656376,6169,0.54225,0,0
0.14645224035427,6170,0.5425,0,0
0.1464522441446,6171,0.54275,0,0
0.14645224793475,6172,0.543,0,0
0.14645225172472,6173,0.54325,0,0
0.14645225551452,6174,0.5435,0,0
0.14645225930413,6175,0.54375,0,0
0.14645226309357,6176,0.544,0,0
0.14645226688283,6177,0.54425,0,0
0.14645227067191,6178,0.5445,0,0
0.14645227446081,6179,0.54475,0,0
0.14645227824954,6180,0.545,0,0
0.14645228203809,6181,0.54525,0,0
0.14645228582646,6182,0.5455,0,0
0.14645228961466,6183,0.54575,0,0
0.14645229340268,6184,0.546,0,0
0.14645229719053,6185,0.54625,0,0
0.1464523009782,6186,0.5465,0,0
0.14645230476569,6187,0.54675,0,0
0.14645230855301,6188,0.547,0,0
0.14645231234016,6189,0.54725,0,0
0.14645231612713,6190,0.5475,0,0
0.14645231991393,6191,0.54775,0,0
0.14645232370055,6192,0.548,0,0
0.146452327487,6193,0.54825,0,0
0.14645233127328,6194,0.5485,0,0
0.14645233505939,6195,0.54875,0,0
0.14645233884532,6196,0.549,0,0
0.14645234263108,6197,0.54925,0,0
0.14645234641666,6198,0.5495,0,0
0.14645235020208,6199,0.54975,0,0
0.14645235398732,6200,0.55,0,0
0.1464523577724,6201,0.55025,0,0
0.1464523615573,6202,0.5505,0,0
0.14645236534203,6203,0.55075,0,0
0.14645236912659,6204,0.551,0,0
0.14645237291099,6205,0.55125,0,0
0.14645237669521,6206,0.5515,0,0
0.14645238047926,6207,0.55175,0,0
0.14645238426314,6208,0.552,0,0
0.14645238804686,6209,0.55225,0,0
0.1464523918304,6210,0.5525,0,0
0.14645239561378,6211,0.55275,0,0
0.14645239939699,6212,0.553,0,0
0.14645240318003,6213,0.55325,0,0
0.1464524069629,6214,0.5535,0,0
0.14645241074561,6215,0.55375,0,0
0.14645241452815,6216,0.554,0,0
0.14645241831052,6217,0.55425,0,0
0.14645242209273,6218,0.5545,0,0
0.14645242587477,6219,0.55475,0,0
0.14645242965664,6220,0.555,0,0
0.14645243343835,6221,0.55525,0,0
0.1464524372199,6222,0.5555,0,0
0.14645244100128,6223,0.55575,0,0
0.14645244478249,6224,0.556,0,0
0.14645244856354,6225,0.55625,0,0
0.14645245234443,6226,0.5565,0,0
0.14645245612515,6227,0.55675,0,0
0.14645245990571,6228,0.557,0,0
0.1464524636861,6229,0.55725,0,0
0.14645246746633,6230,0.5575,0,0
0.1464524712464,6231,0.55775,0,0
0.14645247502631,6232,0.558,0,0
0.14645247880606,6233,0.55825,0,0
0.14645248258564,6234,0.5585,0,0
0.14645248636506,6235,0.55875,0,0
0.14645249014432,6236,0.559,0,0
0.14645249392342,6237,0.55925,0,0
0.14645249770236,6238,0.5595,0,0
0.14645250148114,6239,0.55975,0,0
0.14645250525976,6240,0.56,0,0
0.14645250903821,6241,0.56025,0,0
0.14645251281651,6242,0.5605,0,0
0.14645251659465,6243,0.56075,0,0
0.14645252037263,6244,0.561,0,0
0.14645252415045,6245,0.56125,0,0
0.14645252792812,6246,0.5615,0,0
0.14645253170562,6247,0.56175,0,0
0.14645253548297,6248,0.562,0,0
0.14645253926016,6249,0.56225,0,0
0.14645254303719,6250,0.5625,0,0
0.14645254681406,6251,0.56275,0,0
0.14645255059078,6252,0.563,0,0
0.14645255436734,6253,0.56325,0,0
0.14645255814375,6254,0.5635,0,0
0.14645256192,6255,0.56375,0,0
0.14645256569609,6256,0.564,0,0
0.14645256947203,6257,0.56425,0,0
0.14645257324781,6258,0.5645,0,0
0.14645257702344,6259,0.56475,0,0
0.14645258079891,6260,0.565,0,0
0.14645258457423,6261,0.56525,0,0
0.1464525883494,6262,0.5655,0,0
0.14645259212441,6263,0.56575,0,0
0.14645259589927,6264,0.566,0,0
0.14645259967398,6265,0.56625,0,0
0.14645260344853,6266,0.5665,0,0
0.14645260722293,6267,0.56675,0,0
0.14645261099718,6268,0.567,0,0
0.14645261477127,6269,0.56725,0,0
0.14645261854522,6270,0.5675,0,0
0.14645262231901,6271,0.56775,0,0
0.14645262609265,6272,0.568,0,0
0.14645262986614,6273,0.56825,0,0
0.14645263363948,6274,0.5685,0,0
0.14645263741267,6275,0.56875,0,0
0.14645264118571,6276,0.569,0,0
0.1464526449586,6277,0.56925,0,0
0.14645264873134,6278,0.5695,0,0
0.14645265250394,6279,0.56975,0,0
0.14645265627638,6280,0.57,0,0
0.14645266004867,6281,0.57025,0,0
0.14645266382082,6282,0.5705,0,0
0.14645266759282,6283,0.57075,0,0
0.14645267136467,6284,0.571,0,0
0.14645267513637,6285,0.57125,0,0
0.14645267890792,6286,0.5715,0,0
0.14645268267933,6287,0.57175,0,0
0.14645268645059,6288,0.572,0,0
0.14645269022171,6289,0.57225,0,0
0.14645269399268,6290,0.5725,0,0
0.1464526977635,6291,0.57275,0,0
0.14645270153418,6292,0.573,0,0
0.14645270530471,6293,0.57325,0,0
0.1464527090751,6294,0.5735,0,0
0.14645271284534,6295,0.57375,0,0
0.14645271661544,6296,0.574,0,0
0.1464527203854,6297,0.57425,0,0
0.14645272415521,6298,0.5745,0,0
0.14645272792488,6299,0.57475,0,0
0.1464527316944,6300,0.575,0,0
0.14645273546378,6301,0.57525,0,0
0.14645273923302,6302,0.5755,0,0
0.14645274300212,6303,0.57575,0,0
0.14645274677107,6304,0.576,0,0
0.14645275053988,6305,0.57625,0,0
0.14645275430855,6306,0.5765,0,0
0.14645275807708,6307,0.57675,0,0
0.14645276184547,6308,0.577,0,0
0.14645276561372,6309,0.57725,0,0
0.14645276938183,6310,0.5775,0,0
0.14645277314979,6311,0.57775,0,0
0.14645277691762,6312,0.578,0,0
0.14645278068531,6313,0.57825,0,0
0.14645278445285,6314,0.5785,0,0
0.14645278822026,6315,0.57875,0,0
0.14645279198753,6316,0.579,0,0
0.14645279575467,6317,0.57925,0,0
0.14645279952166,6318,0.5795,0,0
0.14645280328852,6319,0.57975,0,0
0.14645280705523,6320,0.58,0,0
0.14645281082181,6321,0.58025,0,0
0.14645281458826,6322,0.5805,0,0
0.14645281835456,6323,0.58075,0,0
0.14645282212074,6324,0.581,0,0
0.14645282588677,6325,0.58125,0,0
0.14645282965267,6326,0.5815,0,0
0.14645283341843,6327,0.58175,0,0
0.14645283718406,6328,0.582,0,0
0.14645284094955,6329,0.58225,0,0
0.14645284471491,6330,0.5825,0,0
0.14645284848013,6331,0.58275,0,0
0.14645285224522,6332,0.583,0,0
0.14645285601017,6333,0.58325,0,0
0.14645285977499,6334,0.5835,0,0
0.14645286353968,6335,0.58375,0,0
0.14645286730423,6336,0.584,0,0
0.14645287106866,6337,0.58425,0,0
0.14645287483294,6338,0.5845,0,0
0.1464528785971,6339,0.58475,0,0
0.14645288236112,6340,0.585,0,0
0.14645288612502,6341,0.58525,0,0
0.14645288988878,6342,0.5855,0,0
0.14645289365241,6343,0.58575,0,0
0.14645289741591,6344,0.586,0,0
0.14645290117928,6345,0.58625,0,0
0.14645290494251,6346,0.5865,0,0
0.14645290870562,6347,0.58675,0,0
0.1464529124686,6348,0.587,0,0
0.14645291623145,6349,0.58725,0,0
0.14645291999417,6350,0.5875,0,0
0.14645292375676,6351,0.58775,0,0
0.14645292751922,6352,0.588,0,0
0.14645293128156,6353,0.58825,0,0
0.14645293504376,6354,0.5885,0,0
0.14645293880584,6355,0.58875,0,0
0.14645294256779,6356,0.589,0,0
0.14645294632961,6357,0.58925,0,0
0.14645295009131,6358,0.5895,0,0
0.14645295385288,6359,0.58975,0,0
0.14645295761432,6360,0.59,0,0
0.14645296137564,6361,0.59025,0,0
0.14645296513683,6362,0.5905,0,0
0.14645296889789,6363,0.59075,0,0
0.14645297265883,6364,0.591,0,0
0.14645297641965,6365,0.59125,0,0
0.14645298018034,6366,0.5915,0,0
0.1464529839409,6367,0.59175,0,0
0.14645298770134,6368,0.592,0,0
0.14645299146166,6369,0.59225,0,0
0.14645299522186,6370,0.5925,0,0
0.14645299898193,6371,0.59275,0,0
0.14645300274187,6372,0.593,0,0
0.1464530065017,6373,0.59325,0,0
0.1464530102614,6374,0.5935,0,0
0.14645301402098,6375,0.59375,0,0
0.14645301778044,6376,0.594,0,0
0.14645302153978,6377,0.59425,0,0
0.14645302529899,6378,0.5945,0,0
0.14645302905809,6379,0.59475,0,0
0.14645303281706,6380,0.595,0,0
0.14645303657591,6381,0.59525,0,0
0.14645304033464,6382,0.5955,0,0
0.14645304409326,6383,0.59575,0,0
0.14645304785175,6384,0.596,0,0
0.14645305161012,6385,0.59625,0,0
0.14645305536838,6386,0.5965,0,0
0.14645305912651,6387,0.59675,0,0
0.14645306288453,6388,0.597,0,0
0.14645306664243,6389,0.59725,0,0
0.14645307040021,6390,0.5975,0,0
0.14645307415787,6391,0.59775,0,0
0.14645307791541,6392,0.598,0,0
0.14645308167284,6393,0.59825,0,0
0.14645308543015,6394,0.5985,0,0
0.14645308918735,6395,0.59875,0,0
0.14645309294442,6396,0.599,0,0
0.14645309670139,6397,0.59925,0,0
0.14645310045823,6398,0.5995,0,0
0.14645310421496,6399,0.59975,0,0
0.14645310797158,6400,0.6,0,0
0.14645311172808,6401,0.60025,0,0
0.14645311548446,6402,0.6005,0,0
0.14645311924073,6403,0.60075,0,0
0.14645312299689,6404,0.601,0,0
0.14645312675293,6405,0.60125,0,0
0.14645313050886,6406,0.6015,0,0
0.14645313426468,6407,0.60175,0,0
0.14645313802038,6408,0.602,0,0
0.14645314177597,6409,0.60225,0,0
0.14645314553145,6410,0.6025,0,0
0.14645314928682,6411,0.60275,0,0
0.14645315304207,6412,0.603,0,0
0.14645315679721,6413,0.60325,0,0
0.14645316055224,6414,0.6035,0,0
0.14645316430716,6415,0.60375,0,0
0.14645316806197,6416,0.604,0,0
0.14645317181667,6417,0.60425,0,0
0.14645317557126,6418,0.6045,0,0
0.14645317932574,6419,0.60475,0,0
0.14645318308011,6420,0.605,0,0
0.14645318683437,6421,0.60525,0,0
0.14645319058852,6422,0.6055,0,0
0.14645319434256,6423,0.60575,0,0
0.14645319809649,6424,0.606,0,0
0.14645320185031,6425,0.60625,0,0
0.14645320560403,6426,0.6065,0,0
0.14645320935764,6427,0.60675,0,0
0.14645321311114,6428,0.607,0,0
0.14645321686453,6429,0.60725,0,0
0.14645322061782,6430,0.6075,0,0
0.146453224371,6431,0.60775,0,0
0.14645322812407,6432,0.608,0,0
0.14645323187704,6433,0.60825,0,0
0.1464532356299,6434,0.6085,0,0
0.14645323938266,6435,0.60875,0,0
0.14645324313531,6436,0.609,0,0
0.14645324688786,6437,0.60925,0,0
0.1464532506403,6438,0.6095,0,0
0.14645325439264,6439,0.60975,0,0
0.14645325814487,6440,0.61,0,0
0.146453261897,6441,0.61025,0,0
0.14645326564902,6442,0.6105,0,0
0.14645326940095,6443,0.61075,0,0
0.14645327315277,6444,0.611,0,0
0.14645327690448,6445,0.61125,0,0
0.1464532806561,6446,0.6115,0,0
0.14645328440761,6447,0.61175,0,0
0.14645328815902,6448,0.612,0,0
0.14645329191032,6449,0.61225,0,0
0.14645329566153,6450,0.6125,0,0
0.14645329941264,6451,0.61275,0,0
0.14645330316364,6452,0.613,0,0
0.14645330691455,6453,0.61325,0,0
0.14645331066535,6454,0.6135,0,0
0.14645331441605,6455,0.61375,0,0
0.14645331816666,6456,0.614,0,0
0.14645332191716,6457,0.61425,0,0
0.14645332566757,6458,0.6145,0,0
0.14645332941787,6459,0.61475,0,0
0.14645333316808,6460,0.615,0,0
0.14645333691819,6461,0.61525,0,0
0.1464533406682,6462,0.6155,0,0
0.14645334441812,6463,0.61575,0,0
0.14645334816793,6464,0.616,0,0
0.14645335191765,6465,0.61625,0,0
0.14645335566727,6466,0.6165,0,0
0.1464533594168,6467,0.61675,0,0
0.14645336316623,6468,0.617,0,0
0.14645336691556,6469,0.61725,0,0
0.1464533706648,6470,0.6175,0,0
0.14645337441394,6471,0.61775,0,0
0.14645337816299,6472,0.618,0,0
0.14645338191194,6473,0.61825,0,0
0.14645338566079,6474,0.6185,0,0
0.14645338940955,6475,0.61875,0,0
0.14645339315822,6476,0.619,0,0
0.1464533969068,6477,0.61925,0,0
0.14645340065528,6478,0.6195,0,0
0.14645340440366,6479,0.61975,0,0
0.14645340815196,6480,0.62,0,0
0.14645341190016,6481,0.62025,0,0
0.14645341564826,6482,0.6205,0,0
0.14645341939628,6483,0.62075,0,0
0.1464534231442,6484,0.621,0,0
0.14645342689203,6485,0.62125,0,0
0.14645343063978,6486,0.6215,0,0
0.14645343438742,6487,0.62175,0,0
0.14645343813498,6488,0.622,0,0
0.14645344188245,6489,0.62225,0,0
0.14645344562983,6490,0.6225,0,0
0.14645344937711,6491,0.62275,0,0
0.14645345312431,6492,0.623,0,0
0.14645345687142,6493,0.62325,0,0
0.14645346061844,6494,0.6235,0,0
0.14645346436537,6495,0.62375,0,0
0.14645346811221,6496,0.624,0,0
0.14645347185896,6497,0.62425,0,0
0.14645347560562,6498,0.6245,0,0
0.1464534793522,6499,0.62475,0,0
0.14645348309869,6500,0.625,0,0
0.14645348684509,6501,0.62525,0,0
0.1464534905914,6502,0.6255,0,0
0.14645349433763,6503,0.62575,0,0
0.14645349808377,6504,0.626,0,0
0.14645350182983,6505,0.62625,0,0
0.1464535055758,6506,0.6265,0,0
0.14645350932168,6507,0.62675,0,0
0.14645351306748,6508,0.627,0,0
0.14645351681319,6509,0.62725,0,0
0.14645352055881,6510,0.6275,0,0
0.14645352430436,6511,0.62775,0,0
0.14645352804982,6512,0.628,0,0
0.14645353179519,6513,0.62825,0,0
0.14645353554048,6514,0.6285,0,0
0.14645353928569,6515,0.62875,0,0
0.14645354303081,6516,0.629,0,0
0.14645354677585,6517,0.62925,0,0
0.14645355052081,6518,0.6295,0,0
0.14645355426568,6519,0.62975,0,0
0.14645355801048,6520,0.63,0,0
0.14645356175519,6521,0.63025,0,0
0.14645356549982,6522,0.6305,0,0
0.14645356924437,6523,0.63075,0,0
0.14645357298883,6524,0.631,0,0
0.14645357673322,6525,0.63125,0,0
0.14645358047753,6526,0.6315,0,0
0.14645358422175,6527,0.63175,0,0
0.1464535879659,6528,0.632,0,0
0.14645359170996,6529,0.63225,0,0
0.14645359545395,6530,0.6325,0,0
0.14645359919786,6531,0.63275,0,0
0.14645360294168,6532,0.633,0,0
0.14645360668543,6533,0.63325,0,0
0.1464536104291,6534,0.6335,0,0
0.1464536141727,6535,0.63375,0,0
0.14645361791621,6536,0.634,0,0
0.14645362165965,6537,0.63425,0,0
0.14645362540301,6538,0.6345,0,0
0.14645362914629,6539,0.63475,0,0
0.1464536328895,6540,0.635,0,0
0.14645363663263,6541,0.63525,0,0
0.14645364037569,6542,0.6355,0,0
0.14645364411866,6543,0.63575,0,0
0.14645364786157,6544,0.636,0,0
0.14645365160439,6545,0.63625,0,0
0.14645365534714,6546,0.6365,0,0
0.14645365908982,6547,0.63675,0,0
0.14645366283242,6548,0.637,0,0
0.14645366657495,6549,0.63725,0,0
0.14645367031741,6550,0.6375,0,0
0.14645367405979,6551,0.63775,0,0
0.14645367780209,6552,0.638,0,0
0.14645368154433,6553,0.63825,0,0
0.14645368528649,6554,0.6385,0,0
0.14645368902858,6555,0.63875,0,0
0.14645369277059,6556,0.639,0,0
0.14645369651254,6557,0.63925,0,0
0.14645370025441,6558,0.6395,0,0
0.14645370399621,6559,0.63975,0,0
0.14645370773794,6560,0.64,0,0
0.14645371147959,6561,0.64025,0,0
0.14645371522118,6562,0.6405,0,0
0.1464537189627,6563,0.64075,0,0
0.14645372270414,6564,0.641,0,0
0.14645372644552,6565,0.64125,0,0
0.14645373018682,6566,0.6415,0,0
0.14645373392806,6567,0.64175,0,0
0.14645373766923,6568,0.642,0,0
0.14645374141033,6569,0.64225,0,0
0.14645374515136,6570,0.6425,0,0
0.14645374889232,6571,0.64275,0,0
0.14645375263321,6572,0.643,0,0
0.14645375637404,6573,0.64325,0,0
0.1464537601148,6574,0.6435,0,0
0.14645376385549,6575,0.64375,0,0
0.14645376759611,6576,0.644,0,0
0.14645377133667,6577,0.64425,0,0
0.14645377507716,6578,0.6445,0,0
0.14645377881758,6579,0.64475,0,0
0.14645378255794,6580,0.645,0,0
0.14645378629823,6581,0.64525,0,0
0.14645379003846,6582,0.6455,0,0
0.14645379377862,6583,0.64575,0,0
0.14645379751872,6584,0.646,0,0
0.14645380125875,6585,0.64625,0,0
0.14645380499872,6586,0.6465,0,0
0.14645380873863,6587,0.64675,0,0
0.14645381247847,6588,0.647,0,0
0.14645381621824,6589,0.64725,0,0
0.14645381995796,6590,0.6475,0,0
0.14645382369761,6591,0.64775,0,0
0.1464538274372,6592,0.648,0,0
0.14645383117672,6593,0.64825,0,0
0.14645383491618,6594,0.6485,0,0
0.14645383865559,6595,0.64875,0,0
0.14645384239493,6596,0.649,0,0
0.1464538461342,6597,0.64925,0,0
0.14645384987342,6598,0.6495,0,0
0.14645385361258,6599,0.64975,0,0
0.14645385735167,6600,0.65,0,0
0.14645386109071,6601,0.65025,0,0
0.14645386482968,6602,0.6505,0,0
0.1464538685686,6603,0.65075,0,0
0.14645387230745,6604,0.651,0,0
0.14645387604625,6605,0.65125,0,0
0.14645387978499,6606,0.6515,0,0
0.14645388352367,6607,0.65175,0,0
0.14645388726229,6608,0.652,0,0
0.14645389100085,6609,0.65225,0,0
0.14645389473935,6610,0.6525,0,0
0.1464538984778,6611,0.65275,0,0
0.14645390221619,6612,0.653,0,0
0.14645390595452,6613,0.65325,0,0
0.1464539096928,6614,0.6535,0,0
0.14645391343101,6615,0.65375,0,0
0.14645391716918,6616,0.654,0,0
0.14645392090728,6617,0.65425,0,0
0.14645392464533,6618,0.6545,0,0
0.14645392838333,6619,0.65475,0,0
0.14645393212127,6620,0.655,0,0
0.14645393585915,6621,0.65525,0,0
0.14645393959698,6622,0.6555,0,0
0.14645394333475,6623,0.65575,0,0
0.14645394707248,6624,0.656,0,0
0.14645395081014,6625,0.65625,0,0
0.14645395454776,6626,0.6565,0,0
0.14645395828531,6627,0.65675,0,0
0.14645396202282,6628,0.657,0,0
0.14645396576028,6629,0.65725,0,0
0.14645396949768,6630,0.6575,0,0
0.14645397323502,6631,0.65775,0,0
0.14645397697232,6632,0.658,0,0
0.14645398070957,6633,0.65825,0,0
0.14645398444676,6634,0.6585,0,0
0.1464539881839,6635,0.65875,0,0
0.14645399192099,6636,0.659,0,0
0.14645399565803,6637,0.65925,0,0
0.14645399939502,6638,0.6595,0,0
0.14645400313196,6639,0.65975,0,0
0.14645400686885,6640,0.66,0,0
0.14645401060569,6641,0.66025,0,0
0.14645401434248,6642,0.6605,0,0
0.14645401807922,6643,0.66075,0,0
0.14645402181591,6644,0.661,0,0
0.14645402555255,6645,0.66125,0,0
0.14645402928915,6646,0.6615,0,0
0.1464540330257,6647,0.66175,0,0
0.14645403676219,6648,0.662,0,0
0.14645404049865,6649,0.66225,0,0
0.14645404423505,6650,0.6625,0,0
0.14645404797141,6651,0.66275,0,0
0.14645405170772,6652,0.663,0,0
0.14645405544398,6653,0.66325,0,0
0.14645405918019,6654,0.6635,0,0
0.14645406291637,6655,0.66375,0,0
0.14645406665249,6656,0.664,0,0
0.14645407038857,6657,0.66425,0,0
0.1464540741246,6658,0.6645,0,0
0.14645407786059,6659,0.66475,0,0
0.14645408159654,6660,0.665,0,0
0.14645408533244,6661,0.66525,0,0
0.14645408906829,6662,0.6655,0,0
0.1464540928041,6663,0.66575,0,0
0.14645409653987,6664,0.666,0,0
0.1464541002756,6665,0.66625,0,0
0.14645410401128,6666,0.6665,0,0
0.14645410774692,6667,0.66675,0,0
0.14645411148251,6668,0.667,0,0
0.14645411521807,6669,0.66725,0,0
0.14645411895358,6670,0.6675,0,0
0.14645412268905,6671,0.66775,0,0
0.14645412642448,6672,0.668,0,0
0.14645413015986,6673,0.66825,0,0
0.14645413389521,6674,0.6685,0,0
0.14645413763051,6675,0.66875,0,0
0.14645414136578,6676,0.669,0,0
0.146454145101,6677,0.66925,0,0
0.14645414883618,6678,0.6695,0,0
0.14645415257133,6679,0.66975,0,0
0.14645415630643,6680,0.67,0,0
0.1464541600415,6681,0.67025,0,0
0.14645416377652,6682,0.6705,0,0
0.14645416751151,6683,0.67075,0,0
0.14645417124646,6684,0.671,0,0
0.14645417498137,6685,0.67125,0,0
0.14645417871624,6686,0.6715,0,0
0.14645418245108,6687,0.67175,0,0
0.14645418618587,6688,0.672,0,0
0.14645418992063,6689,0.67225,0,0
0.14645419365536,6690,0.6725,0,0
0.14645419739004,6691,0.67275,0,0
0.14645420112469,6692,0.673,0,0
0.14645420485931,6693,0.67325,0,0
0.14645420859389,6694,0.6735,0,0
0.14645421232843,6695,0.67375,0,0
0.14645421606294,6696,0.674,0,0
0.14645421979741,6697,0.67425,0,0
0.14645422353185,6698,0.6745,0,0
0.14645422726625,6699,0.67475,0,0
0.14645423100062,6700,0.675,0,0
0.14645423473495,6701,0.67525,0,0
0.14645423846925,6702,0.6755,0,0
0.14645424220352,6703,0.67575,0,0
0.14645424593775,6704,0.676,0,0
0.14645424967195,6705,0.67625,0,0
0.14645425340612,6706,0.6765,0,0
0.14645425714025,6707,0.67675,0,0
0.14645426087436,6708,0.677,0,0
0.14645426460843,6709,0.67725,0,0
0.14645426834247,6710,0.6775,0,0
0.14645427207647,6711,0.67775,0,0
0.14645427581045,6712,0.678,0,0
0.14645427954439,6713,0.67825,0,0
0.14645428327831,6714,0.6785,0,0
0.14645428701219,6715,0.67875,0,0
0.14645429074605,6716,0.679,0,0
0.14645429447987,6717,0.67925,0,0
0.14645429821366,6718,0.6795,0,0
0.14645430194743,6719,0.67975,0,0
0.14645430568116,6720,0.68,0,0
0.14645430941487,6721,0.68025,0,0
0.14645431314855,6722,0.6805,0,0
0.1464543168822,6723,0.68075,0,0
0.14645432061582,6724,0.681,0,0
0.14645432434941,6725,0.68125,0,0
0.14645432808298,6726,0.6815,0,0
0.14645433181652,6727,0.68175,0,0
0.14645433555003,6728,0.682,0,0
0.14645433928351,6729,0.68225,0,0
0.14645434301697,6730,0.6825,0,0
0.1464543467504,6731,0.68275,0,0
0.1464543504838,6732,0.683,0,0
0.14645435421718,6733,0.68325,0,0
0.14645435795054,6734,0.6835,0,0
0.14645436168386,6735,0.68375,0,0
0.14645436541717,6736,0.684,0,0
0.14645436915044,6737,0.68425,0,0
0.1464543728837,6738,0.6845,0,0
0.14645437661693,6739,0.68475,0,0
0.14645438035013,6740,0.685,0,0
0.14645438408331,6741,0.68525,0,0
0.14645438781647,6742,0.6855,0,0
0.1464543915496,6743,0.68575,0,0
0.14645439528272,6744,0.686,0,0
0.1464543990158,6745,0.68625,0,0
0.14645440274887,6746,0.6865,0,0
0.14645440648191,6747,0.68675,0,0
0.14645441021493,6748,0.687,0,0
0.14645441394793,6749,0.68725,0,0
0.14645441768091,6750,0.6875,0,0
0.14645442141387,6751,0.68775,0,0
0.1464544251468,6752,0.688,0,0
0.14645442887972,6753,0.68825,0,0
0.14645443261261,6754,0.6885,0,0
0.14645443634549,6755,0.68875,0,0
0.14645444007834,6756,0.689,0,0
0.14645444381117,6757,0.68925,0,0
0.14645444754399,6758,0.6895,0,0
0.14645445127678,6759,0.68975,0,0
0.14645445500956,6760,0.69,0,0
0.14645445874232,6761,0.69025,0,0
0.14645446247506,6762,0.6905,0,0
0.14645446620778,6763,0.69075,0,0
0.14645446994048,6764,0.691,0,0
0.14645447367316,6765,0.69125,0,0
0.14645447740583,6766,0.6915,0,0
0.14645448113848,6767,0.69175,0,0
0.14645448487111,6768,0.692,0,0
0.14645448860373,6769,0.69225,0,0
0.14645449233633,6770,0.6925,0,0
0.14645449606891,6771,0.69275,0,0
0.14645449980148,6772,0.693,0,0
0.14645450353403,6773,0.69325,0,0
0.14645450726657,6774,0.6935,0,0
0.14645451099909,6775,0.69375,0,0
0.14645451473159,6776,0.694,0,0
0.14645451846409,6777,0.69425,0,0
0.14645452219656,6778,0.6945,0,0
0.14645452592902,6779,0.69475,0,0
0.14645452966147,6780,0.695,0,0
0.14645453339391,6781,0.69525,0,0
0.14645453712633,6782,0.6955,0,0
0.14645454085873,6783,0.69575,0,0
0.14645454459113,6784,0.696,0,0
0.14645454832351,6785,0.69625,0,0
0.14645455205588,6786,0.6965,0,0
0.14645455578824,6787,0.69675,0,0
0.14645455952058,6788,0.697,0,0
0.14645456325292,6789,0.69725,0,0
0.14645456698524,6790,0.6975,0,0
0.14645457071755,6791,0.69775,0,0
0.14645457444985,6792,0.698,0,0
0.14645457818214,6793,0.69825,0,0
0.14645458191441,6794,0.6985,0,0
0.14645458564668,6795,0.69875,0,0
0.14645458937894,6796,0.699,0,0
0.14645459311119,6797,0.69925,0,0
0.14645459684343,6798,0.6995,0,0
0.14645460057565,6799,0.69975,0,0
0.14645460430787,6800,0.7,0,0
0.14645460804009,6801,0.70025,0,0
0.14645461177229,6802,0.7005,0,0
0.14645461550448,6803,0.70075,0,0
0.14645461923667,6804,0.701,0,0
0.14645462296885,6805,0.70125,0,0
0.14645462670102,6806,0.7015,0,0
0.14645463043318,6807,0.70175,0,0
0.14645463416534,6808,0.702,0,0
0.14645463789749,6809,0.70225,0,0
0.14645464162963,6810,0.7025,0,0
0.14645464536177,6811,0.70275,0,0
0.1464546490939,6812,0.703,0,0
0.14645465282603,6813,0.70325,0,0
0.14645465655814,6814,0.7035,0,0
0.14645466029026,6815,0.70375,0,0
0.14645466402237,6816,0.704,0,0
0.14645466775447,6817,0.70425,0,0
0.14645467148657,6818,0.7045,0,0
0.14645467521867,6819,0.70475,0,0
0.14645467895076,6820,0.705,0,0
0.14645468268285,6821,0.70525,0,0
0.14645468641493,6822,0.7055,0,0
0.14645469014701,6823,0.70575,0,0
0.14645469387909,6824,0.706,0,0
0.14645469761116,6825,0.70625,0,0
0.14645470134323,6826,0.7065,0,0
0.1464547050753,6827,0.70675,0,0
0.14645470880737,6828,0.707,0,0
0.14645471253943,6829,0.70725,0,0
0.1464547162715,6830,0.7075,0,0
0.14645472000356,6831,0.70775,0,0
0.14645472373562,6832,0.708,0,0
0.14645472746768,6833,0.70825,0,0
0.14645473119974,6834,0.7085,0,0
0.1464547349318,6835,0.70875,0,0
0.14645473866386,6836,0.709,0,0
0.14645474239591,6837,0.70925,0,0
0.14645474612797,6838,0.7095,0,0
0.14645474986003,6839,0.70975,0,0
0.14645475359209,6840,0.71,0,0
0.14645475732415,6841,0.71025,0,0
0.14645476105622,6842,0.7105,0,0
0.14645476478828,6843,0.71075,0,0
0.14645476852035,6844,0.711,0,0
0.14645477225241,6845,0.71125,0,0
0.14645477598448,6846,0.7115,0,0
0.14645477971656,6847,0.71175,0,0
0.14645478344863,6848,0.712,0,0
0.14645478718071,6849,0.71225,0,0
0.14645479091279,6850,0.7125,0,0
0.14645479464488,6851,0.71275,0,0
0.14645479837696,6852,0.713,0,0
0.14645480210906,6853,0.71325,0,0
0.14645480584115,6854,0.7135,0,0
0.14645480957325,6855,0.71375,0,0
0.14645481330536,6856,0.714,0,0
0.14645481703747,6857,0.71425,0,0
0.14645482076959,6858,0.7145,0,0
0.14645482450171,6859,0.71475,0,0
0.14645482823383,6860,0.715,0,0
0.14645483196597,6861,0.71525,0,0
0.1464548356981,6862,0.7155,0,0
0.14645483943025,6863,0.71575,0,0
0.1464548431624,6864,0.716,0,0
0.14645484689456,6865,0.71625,0,0
0.14645485062672,6866,0.7165,0,0
0.1464548543589,6867,0.71675,0,0
0.14645485809108,6868,0.717,0,0
0.14645486182326,6869,0.71725,0,0
0.14645486555546,6870,0.7175,0,0
0.14645486928766,6871,0.71775,0,0
0.14645487301988,6872,0.718,0,0
0.1464548767521,6873,0.71825,0,0
0.14645488048433,6874,0.7185,0,0
0.14645488421657,6875,0.71875,0,0
0.14645488794882,6876,0.719,0,0
0.14645489168107,6877,0.71925,0,0
0.14645489541334,6878,0.7195,0,0
0.14645489914562,6879,0.71975,0,0
0.14645490287791,6880,0.72,0,0
0.14645490661021,6881,0.72025,0,0
0.14645491034252,6882,0.7205,0,0
0.14645491407484,6883,0.72075,0,0
0.14645491780718,6884,0.721,0,0
0.14645492153952,6885,0.72125,0,0
0.14645492527188,6886,0.7215,0,0
0.14645492900424,6887,0.72175,0,0
0.14645493273663,6888,0.722,0,0
0.14645493646902,6889,0.72225,0,0
0.14645494020143,6890,0.7225,0,0
0.14645494393384,6891,0.72275,0,0
0.14645494766628,6892,0.723,0,0
0.14645495139872,6893,0.72325,0,0
0.14645495513118,6894,0.7235,0,0
0.14645495886366,6895,0.72375,0,0
0.14645496259614,6896,0.724,0,0
0.14645496632865,6897,0.72425,0,0
0.14645497006116,6898,0.7245,0,0
0.14645497379369,6899,0.72475,0,0
0.14645497752624,6900,0.725,0,0
0.1464549812588,6901,0.72525,0,0
0.14645498499138,6902,0.7255,0,0
0.14645498872397,6903,0.72575,0,0
0.14645499245658,6904,0.726,0,0
0.14645499618921,6905,0.72625,0,0
0.14645499992185,6906,0.7265,0,0
0.14645500365451,6907,0.72675,0,0
0.14645500738719,6908,0.727,0,0
0.14645501111988,6909,0.72725,0,0
0.14645501485259,6910,0.7275,0,0
0.14645501858532,6911,0.72775,0,0
0.14645502231807,6912,0.728,0,0
0.14645502605083,6913,0.72825,0,0
0.14645502978362,6914,0.7285,0,0
0.14645503351642,6915,0.72875,0,0
0.14645503724924,6916,0.729,0,0
0.14645504098208,6917,0.72925,0,0
0.14645504471494,6918,0.7295,0,0
0.14645504844782,6919,0.72975,0,0
0.14645505218072,6920,0.73,0,0
0.14645505591363,6921,0.73025,0,0
0.14645505964657,6922,0.7305,0,0
0.14645506337953,6923,0.73075,0,0
0.14645506711251,6924,0.731,0,0
0.14645507084551,6925,0.73125,0,0
0.14645507457854,6926,0.7315,0,0
0.14645507831158,6927,0.73175,0,0
0.14645508204465,6928,0.732,0,0
0.14645508577773,6929,0.73225,0,0
0.14645508951084,6930,0.7325,0,0
0.14645509324398,6931,0.73275,0,0
0.14645509697713,6932,0.733,0,0
0.14645510071031,6933,0.73325,0,0
0.14645510444351,6934,0.7335,0,0
0.14645510817673,6935,0.73375,0,0
0.14645511190998,6936,0.734,0,0
0.14645511564325,6937,0.73425,0,0
0.14645511937655,6938,0.7345,0,0
0.14645512310986,6939,0.73475,0,0
0.14645512684321,6940,0.735,0,0
0.14645513057658,6941,0.73525,0,0
0.14645513430997,6942,0.7355,0,0
0.14645513804339,6943,0.73575,0,0
0.14645514177683,6944,0.736,0,0
0.1464551455103,6945,0.73625,0,0
0.1464551492438,6946,0.7365,0,0
0.14645515297732,6947,0.73675,0,0
0.14645515671087,6948,0.737,0,0
0.14645516044444,6949,0.73725,0,0
0.14645516417804,6950,0.7375,0,0
0.14645516791167,6951,0.73775,0,0
0.14645517164532,6952,0.738,0,0
0.14645517537901,6953,0.73825,0,0
0.14645517911272,6954,0.7385,0,0
0.14645518284645,6955,0.73875,0,0
0.14645518658022,6956,0.739,0,0
0.14645519031402,6957,0.73925,0,0
0.14645519404784,6958,0.7395,0,0
0.14645519778169,6959,0.73975,0,0
0.14645520151557,6960,0.74,0,0
0.14645520524948,6961,0.74025,0,0
0.14645520898342,6962,0.7405,0,0
0.14645521271739,6963,0.74075,0,0
0.14645521645139,6964,0.741,0,0
0.14645522018542,6965,0.74125,0,0
0.14645522391948,6966,0.7415,0,0
0.14645522765357,6967,0.74175,0,0
0.14645523138769,6968,0.742,0,0
0.14645523512184,6969,0.74225,0,0
0.14645523885603,6970,0.7425,0,0
0.14645524259024,6971,0.74275,0,0
0.14645524632449,6972,0.743,0,0
0.14645525005877,6973,0.74325,0,0
0.14645525379308,6974,0.7435,0,0
0.14645525752742,6975,0.74375,0,0
0.1464552612618,6976,0.744,0,0
0.14645526499621,6977,0.74425,0,0
0.14645526873065,6978,0.7445,0,0
0.14645527246512,6979,0.74475,0,0
0.14645527619963,6980,0.745,0,0
0.14645527993418,6981,0.74525,0,0
0.14645528366875,6982,0.7455,0,0
0.14645528740336,6983,0.74575,0,0
0.14645529113801,6984,0.746,0,0
0.14645529487269,6985,0.74625,0,0
0.1464552986074,6986,0.7465,0,0
0.14645530234216,6987,0.74675,0,0
0.14645530607694,6988,0.747,0,0
0.14645530981176,6989,0.74725,0,0
0.14645531354662,6990,0.7475,0,0
0.14645531728151,6991,0.74775,0,0
0.14645532101644,6992,0.748,0,0
0.14645532475141,6993,0.74825,0,0
0.14645532848641,6994,0.7485,0,0
0.14645533222145,6995,0.74875,0,0
0.14645533595652,6996,0.749,0,0
0.14645533969164,6997,0.74925,0,0
0.14645534342679,6998,0.7495,0,0
0.14645534716198,6999,0.74975,0,0
0.1464553508972,7000,0.75,0,0
0.14645535463247,7001,0.75025,0,0
0.14645535836777,7002,0.7505,0,0
0.14645536210311,7003,0.75075,0,0
0.1464553658385,7004,0.751,0,0
0.14645536957392,7005,0.75125,0,0
0.14645537330938,7006,0.7515,0,0
0.14645537704488,7007,0.75175,0,0
0.14645538078041,7008,0.752,0,0
0.14645538451599,7009,0.75225,0,0
0.14645538825161,7010,0.7525,0,0
0.14645539198727,7011,0.75275,0,0
0.14645539572297,7012,0.753,0,0
0.14645539945871,7013,0.75325,0,0
0.1464554031945,7014,0.7535,0,0
0.14645540693032,7015,0.75375,0,0
0.14645541066618,7016,0.754,0,0
0.14645541440209,7017,0.75425,0,0
0.14645541813804,7018,0.7545,0,0
0.14645542187403,7019,0.75475,0,0
0.14645542561007,7020,0.755,0,0
0.14645542934614,7021,0.75525,0,0
0.14645543308226,7022,0.7555,0,0
0.14645543681842,7023,0.75575,0,0
0.14645544055463,7024,0.756,0,0
0.14645544429088,7025,0.75625,0,0
0.14645544802717,7026,0.7565,0,0
0.14645545176351,7027,0.75675,0,0
0.14645545549989,7028,0.757,0,0
0.14645545923631,7029,0.75725,0,0
0.14645546297278,7030,0.7575,0,0
0.1464554667093,7031,0.75775,0,0
0.14645547044586,7032,0.758,0,0
0.14645547418246,7033,0.75825,0,0
0.14645547791911,7034,0.7585,0,0
0.14645548165581,7035,0.75875,0,0
0.14645548539255,7036,0.759,0,0
0.14645548912934,7037,0.75925,0,0
0.14645549286617,7038,0.7595,0,0
0.14645549660305,7039,0.75975,0,0
0.14645550033998,7040,0.76,0,0
0.14645550407696,7041,0.76025,0,0
0.14645550781398,7042,0.7605,0,0
0.14645551155105,7043,0.76075,0,0
0.14645551528816,7044,0.761,0,0
0.14645551902533,7045,0.76125,0,0
0.14645552276254,7046,0.7615,0,0
0.1464555264998,7047,0.76175,0,0
0.14645553023711,7048,0.762,0,0
0.14645553397447,7049,0.76225,0,0
0.14645553771188,7050,0.7625,0,0
0.14645554144933,7051,0.76275,0,0
0.14645554518684,7052,0.763,0,0
0.14645554892439,7053,0.76325,0,0
0.146455552662,7054,0.7635,0,0
0.14645555639965,7055,0.76375,0,0
0.14645556013736,7056,0.764,0,0
0.14645556387512,7057,0.76425,0,0
0.14645556761292,7058,0.7645,0,0
0.14645557135078,7059,0.76475,0,0
0.14645557508869,7060,0.765,0,0
0.14645557882665,7061,0.76525,0,0
0.14645558256466,7062,0.7655,0,0
0.14645558630272,7063,0.76575,0,0
0.14645559004083,7064,0.766,0,0
0.146455593779,7065,0.76625,0,0
0.14645559751722,7066,0.7665,0,0
0.14645560125549,7067,0.76675,0,0
0.14645560499382,7068,0.767,0,0
0.14645560873219,7069,0.76725,0,0
0.14645561247062,7070,0.7675,0,0
0.14645561620911,7071,0.76775,0,0
0.14645561994764,7072,0.768,0,0
0.14645562368624,7073,0.76825,0,0
0.14645562742488,7074,0.7685,0,0
0.14645563116358,7075,0.76875,0,0
0.14645563490233,7076,0.769,0,0
0.14645563864114,7077,0.76925,0,0
0.14645564238001,7078,0.7695,0,0
0.14645564611893,7079,0.76975,0,0
0.1464556498579,7080,0.77,0,0
0.14645565359693,7081,0.77025,0,0
0.14645565733601,7082,0.7705,0,0
0.14645566107515,7083,0.77075,0,0
0.14645566481435,7084,0.771,0,0
0.1464556685536,7085,0.77125,0,0
0.14645567229291,7086,0.7715,0,0
0.14645567603228,7087,0.77175,0,0
0.1464556797717,7088,0.772,0,0
0.14645568351118,7089,0.77225,0,0
0.14645568725072,7090,0.7725,0,0
0.14645569099032,7091,0.77275,0,0
0.14645569472997,7092,0.773,0,0
0.14645569846968,7093,0.77325,0,0
0.14645570220945,7094,0.7735,0,0
0.14645570594928,7095,0.77375,0,0
0.14645570968917,7096,0.774,0,0
0.14645571342911,7097,0.77425,0,0
0.14645571716912,7098,0.7745,0,0
0.14645572090918,7099,0.77475,0,0
0.1464557246493,7100,0.775,0,0
0.14645572838949,7101,0.77525,0,0
0.14645573212973,7102,0.7755,0,0
0.14645573587003,7103,0.77575,0,0
0.1464557396104,7104,0.776,0,0
0.14645574335082,7105,0.77625,0,0
0.1464557470913,7106,0.7765,0,0
0.14645575083185,7107,0.77675,0,0
0.14645575457246,7108,0.777,0,0
0.14645575831312,7109,0.77725,0,0
0.14645576205385,7110,0.7775,0,0
0.14645576579464,7111,0.77775,0,0
0.14645576953549,7112,0.778,0,0
0.14645577327641,7113,0.77825,0,0
0.14645577701739,7114,0.7785,0,0
0.14645578075843,7115,0.77875,0,0
0.14645578449953,7116,0.779,0,0
0.14645578824069,7117,0.77925,0,0
0.14645579198192,7118,0.7795,0,0
0.14645579572321,7119,0.77975,0,0
0.14645579946457,7120,0.78,0,0
0.14645580320599,7121,0.78025,0,0
0.14645580694747,7122,0.7805,0,0
0.14645581068902,7123,0.78075,0,0
0.14645581443063,7124,0.781,0,0
0.14645581817231,7125,0.78125,0,0
0.14645582191405,7126,0.7815,0,0
0.14645582565585,7127,0.78175,0,0
0.14645582939772,7128,0.782,0,0
0.14645583313966,7129,0.78225,0,0
0.14645583688166,7130,0.7825,0,0
0.14645584062373,7131,0.78275,0,0
0.14645584436586,7132,0.783,0,0
0.14645584810806,7133,0.78325,0,0
0.14645585185033,7134,0.7835,0,0
0.14645585559266,7135,0.78375,0,0
0.14645585933506,7136,0.784,0,0
0.14645586307753,7137,0.78425,0,0
0.14645586682006,7138,0.7845,0,0
0.14645587056266,7139,0.78475,0,0
0.14645587430533,7140,0.785,0,0
0.14645587804807,7141,0.78525,0,0
0.14645588179087,7142,0.7855,0,0
0.14645588553374,7143,0.78575,0,0
0.14645588927668,7144,0.786,0,0
0.14645589301969,7145,0.78625,0,0
0.14645589676277,7146,0.7865,0,0
0.14645590050592,7147,0.78675,0,0
0.14645590424914,7148,0.787,0,0
0.14645590799242,7149,0.78725,0,0
0.14645591173578,7150,0.7875,0,0
0.1464559154792,7151,0.78775,0,0
0.1464559192227,7152,0.788,0,0
0.14645592296626,7153,0.78825,0,0
0.1464559267099,7154,0.7885,0,0
0.1464559304536,7155,0.78875,0,0
0.14645593419738,7156,0.789,0,0
0.14645593794123,7157,0.78925,0,0
0.14645594168515,7158,0.7895,0,0
0.14645594542914,7159,0.78975,0,0
0.1464559491732,7160,0.79,0,0
0.14645595291733,7161,0.79025,0,0
0.14645595666154,7162,0.7905,0,0
0.14645596040582,7163,0.79075,0,0
0.14645596415017,7164,0.791,0,0
0.14645596789459,7165,0.79125,0,0
0.14645597163909,7166,0.7915,0,0
0.14645597538365,7167,0.79175,0,0
0.14645597912829,7168,0.792,0,0
0.14645598287301,7169,0.79225,0,0
0.1464559866178,7170,0.7925,0,0
0.14645599036266,7171,0.79275,0,0
0.1464559941076,7172,0.793,0,0
0.14645599785261,7173,0.79325,0,0
0.14645600159769,7174,0.7935,0,0
0.14645600534285,7175,0.79375,0,0
0.14645600908808,7176,0.794,0,0
0.14645601283339,7177,0.79425,0,0
0.14645601657877,7178,0.7945,0,0
0.14645602032423,7179,0.79475,0,0
0.14645602406977,7180,0.795,0,0
0.14645602781538,7181,0.79525,0,0
0.14645603156106,7182,0.7955,0,0
0.14645603530682,7183,0.79575,0,0
0.14645603905266,7184,0.796,0,0
0.14645604279857,7185,0.79625,0,0
0.14645604654456,7186,0.7965,0,0
0.14645605029063,7187,0.79675,0,0
0.14645605403678,7188,0.797,0,0
0.146456057783,7189,0.79725,0,0
0.1464560615293,7190,0.7975,0,0
0.14645606527567,7191,0.79775,0,0
0.14645606902213,7192,0.798,0,0
0.14645607276866,7193,0.79825,0,0
0.14645607651527,7194,0.7985,0,0
0.14645608026196,7195,0.79875,0,0
0.14645608400873,7196,0.799,0,0
0.14645608775557,7197,0.79925,0,0
0.1464560915025,7198,0.7995,0,0
0.1464560952495,7199,0.79975,0,0
0.14645609899659,7200,0.8,0,0
0.14645610274375,7201,0.80025,0,0
0.14645610649099,7202,0.8005,0,0
0.14645611023831,7203,0.80075,0,0
0.14645611398572,7204,0.801,0,0
0.1464561177332,7205,0.80125,0,0
0.14645612148076,7206,0.8015,0,0
0.14645612522841,7207,0.80175,0,0
0.14645612897613,7208,0.802,0,0
0.14645613272394,7209,0.80225,0,0
0.14645613647182,7210,0.8025,0,0
0.14645614021979,7211,0.80275,0,0
0.14645614396784,7212,0.803,0,0
0.14645614771597,7213,0.80325,0,0
0.14645615146418,7214,0.8035,0,0
0.14645615521248,7215,0.80375,0,0
0.14645615896086,7216,0.804,0,0
0.14645616270932,7217,0.80425,0,0
0.14645616645786,7218,0.8045,0,0
0.14645617020648,7219,0.80475,0,0
0.14645617395519,7220,0.805,0,0
0.14645617770399,7221,0.80525,0,0
0.14645618145286,7222,0.8055,0,0
0.14645618520182,7223,0.80575,0,0
0.14645618895086,7224,0.806,0,0
0.14645619269999,7225,0.80625,0,0
0.1464561964492,7226,0.8065,0,0
0.14645620019849,7227,0.80675,0,0
0.14645620394787,7228,0.807,0,0
0.14645620769734,7229,0.80725,0,0
0.14645621144689,7230,0.8075,0,0
0.14645621519652,7231,0.80775,0,0
0.14645621894624,7232,0.808,0,0
0.14645622269605,7233,0.80825,0,0
0.14645622644594,7234,0.8085,0,0
0.14645623019591,7235,0.80875,0,0
0.14645623394598,7236,0.809,0,0
0.14645623769613,7237,0.80925,0,0
0.14645624144636,7238,0.8095,0,0
0.14645624519668,7239,0.80975,0,0
0.14645624894709,7240,0.81,0,0
0.14645625269759,7241,0.81025,0,0
0.14645625644817,7242,0.8105,0,0
0.14645626019884,7243,0.81075,0,0
0.1464562639496,7244,0.811,0,0
0.14645626770044,7245,0.81125,0,0
0.14645627145137,7246,0.8115,0,0
0.1464562752024,7247,0.81175,0,0
0.1464562789535,7248,0.812,0,0
0.1464562827047,7249,0.81225,0,0
0.14645628645599,7250,0.8125,0,0
0.14645629020736,7251,0.81275,0,0
0.14645629395883,7252,0.813,0,0
0.14645629771038,7253,0.81325,0,0
0.14645630146202,7254,0.8135,0,0
0.14645630521375,7255,0.81375,0,0
0.14645630896557,7256,0.814,0,0
0.14645631271748,7257,0.81425,0,0
0.14645631646949,7258,0.8145,0,0
0.14645632022158,7259,0.81475,0,0
0.14645632397376,7260,0.815,0,0
0.14645632772603,7261,0.81525,0,0
0.14645633147839,7262,0.8155,0,0
0.14645633523085,7263,0.81575,0,0
0.14645633898339,7264,0.816,0,0
0.14645634273603,7265,0.81625,0,0
0.14645634648875,7266,0.8165,0,0
0.14645635024157,7267,0.81675,0,0
0.14645635399448,7268,0.817,0,0
0.14645635774749,7269,0.81725,0,0
0.14645636150058,7270,0.8175,0,0
0.14645636525377,7271,0.81775,0,0
0.14645636900705,7272,0.818,0,0
0.14645637276042,7273,0.81825,0,0
0.14645637651389,7274,0.8185,0,0
0.14645638026745,7275,0.81875,0,0
0.1464563840211,7276,0.819,0,0
0.14645638777484,7277,0.81925,0,0
0.14645639152868,7278,0.8195,0,0
0.14645639528261,7279,0.81975,0,0
0.14645639903664,7280,0.82,0,0
0.14645640279076,7281,0.82025,0,0
0.14645640654498,7282,0.8205,0,0
0.14645641029928,7283,0.82075,0,0
0.14645641405369,7284,0.821,0,0
0.14645641780819,7285,0.82125,0,0
0.14645642156278,7286,0.8215,0,0
0.14645642531747,7287,0.82175,0,0
0.14645642907225,7288,0.822,0,0
0.14645643282713,7289,0.82225,0,0
0.14645643658211,7290,0.8225,0,0
0.14645644033718,7291,0.82275,0,0
0.14645644409235,7292,0.823,0,0
0.14645644784761,7293,0.82325,0,0
0.14645645160297,7294,0.8235,0,0
0.14645645535842,7295,0.82375,0,0
0.14645645911398,7296,0.824,0,0
0.14645646286963,7297,0.82425,0,0
0.14645646662537,7298,0.8245,0,0
0.14645647038122,7299,0.82475,0,0
0.14645647413716,7300,0.825,0,0
0.1464564778932,7301,0.82525,0,0
0.14645648164933,7302,0.8255,0,0
0.14645648540557,7303,0.82575,0,0
0.1464564891619,7304,0.826,0,0
0.14645649291833,7305,0.82625,0,0
0.14645649667486,7306,0.8265,0,0
0.14645650043149,7307,0.82675,0,0
0.14645650418822,7308,0.827,0,0
0.14645650794504,7309,0.82725,0,0
0.14645651170197,7310,0.8275,0,0
0.14645651545899,7311,0.82775,0,0
0.14645651921611,7312,0.828,0,0
0.14645652297334,7313,0.82825,0,0
0.14645652673066,7314,0.8285,0,0
0.14645653048808,7315,0.82875,0,0
0.1464565342456,7316,0.829,0,0
0.14645653800323,7317,0.82925,0,0
0.14645654176095,7318,0.8295,0,0
0.14645654551878,7319,0.82975,0,0
0.1464565492767,7320,0.83,0,0
0.14645655303473,7321,0.83025,0,0
0.14645655679285,7322,0.8305,0,0
0.14645656055108,7323,0.83075,0,0
0.14645656430941,7324,0.831,0,0
0.14645656806784,7325,0.83125,0,0
0.14645657182638,7326,0.8315,0,0
0.14645657558501,7327,0.83175,0,0
0.14645657934375,7328,0.832,0,0
0.14645658310259,7329,0.83225,0,0
0.14645658686153,7330,0.8325,0,0
0.14645659062058,7331,0.83275,0,0
0.14645659437973,7332,0.833,0,0
0.14645659813898,7333,0.83325,0,0
0.14645660189833,7334,0.8335,0,0
0.14645660565779,7335,0.83375,0,0
0.14645660941735,7336,0.834,0,0
0.14645661317701,7337,0.83425,0,0
0.14645661693678,7338,0.8345,0,0
0.14645662069665,7339,0.83475,0,0
0.14645662445663,7340,0.835,0,0
0.14645662821671,7341,0.83525,0,0
0.1464566319769,7342,0.8355,0,0
0.14645663573719,7343,0.83575,0,0
0.14645663949758,7344,0.836,0,0
0.14645664325808,7345,0.83625,0,0
0.14645664701868,7346,0.8365,0,0
0.14645665077939,7347,0.83675,0,0
0.14645665454021,7348,0.837,0,0
0.14645665830113,7349,0.83725,0,0
0.14645666206216,7350,0.8375,0,0
0.14645666582329,7351,0.83775,0,0
0.14645666958453,7352,0.838,0,0
0.14645667334587,7353,0.83825,0,0
0.14645667710732,7354,0.8385,0,0
0.14645668086888,7355,0.83875,0,0
0.14645668463055,7356,0.839,0,0
0.14645668839232,7357,0.83925,0,0
0.1464566921542,7358,0.8395,0,0
0.14645669591618,7359,0.83975,0,0
0.14645669967828,7360,0.84,0,0
0.14645670344048,7361,0.84025,0,0
0.14645670720279,7362,0.8405,0,0
0.1464567109652,7363,0.84075,0,0
0.14645671472773,7364,0.841,0,0
0.14645671849036,7365,0.84125,0,0
0.1464567222531,7366,0.8415,0,0
0.14645672601595,7367,0.84175,0,0
0.14645672977891,7368,0.842,0,0
0.14645673354197,7369,0.84225,0,0
0.14645673730515,7370,0.8425,0,0
0.14645674106844,7371,0.84275,0,0
0.14645674483183,7372,0.843,0,0
0.14645674859533,7373,0.84325,0,0
0.14645675235895,7374,0.8435,0,0
0.14645675612267,7375,0.84375,0,0
0.1464567598865,7376,0.844,0,0
0.14645676365045,7377,0.84425,0,0
0.1464567674145,7378,0.8445,0,0
0.14645677117866,7379,0.84475,0,0
0.14645677494294,7380,0.845,0,0
0.14645677870732,7381,0.84525,0,0
0.14645678247182,7382,0.8455,0,0
0.14645678623643,7383,0.84575,0,0
0.14645679000115,7384,0.846,0,0
0.14645679376598,7385,0.84625,0,0
0.14645679753092,7386,0.8465,0,0
0.14645680129597,7387,0.84675,0,0
0.14645680506113,7388,0.847,0,0
0.14645680882641,7389,0.84725,0,0
0.1464568125918,7390,0.8475,0,0
0.1464568163573,7391,0.84775,0,0
0.14645682012291,7392,0.848,0,0
0.14645682388864,7393,0.84825,0,0
0.14645682765448,7394,0.8485,0,0
0.14645683142043,7395,0.84875,0,0
0.1464568351865,7396,0.849,0,0
0.14645683895267,7397,0.84925,0,0
0.14645684271897,7398,0.8495,0,0
0.14645684648537,7399,0.84975,0,0
0.14645685025189,7400,0.85,0,0
0.14645685401852,7401,0.85025,0,0
0.14645685778527,7402,0.8505,0,0
0.14645686155213,7403,0.85075,0,0
0.1464568653191,7404,0.851,0,0
0.14645686908619,7405,0.85125,0,0
0.1464568728534,7406,0.8515,0,0
0.14645687662072,7407,0.85175,0,0
0.14645688038815,7408,0.852,0,0
0.1464568841557,7409,0.85225,0,0
0.14645688792336,7410,0.8525,0,0
0.14645689169114,7411,0.85275,0,0
0.14645689545903,7412,0.853,0,0
0.14645689922704,7413,0.85325,0,0
0.14645690299517,7414,0.8535,0,0
0.14645690676341,7415,0.85375,0,0
0.14645691053177,7416,0.854,0,0
0.14645691430025,7417,0.85425,0,0
0.14645691806884,7418,0.8545,0,0
0.14645692183754,7419,0.85475,0,0
0.14645692560637,7420,0.855,0,0
0.14645692937531,7421,0.85525,0,0
0.14645693314437,7422,0.8555,0,0
0.14645693691354,7423,0.85575,0,0
0.14645694068283,7424,0.856,0,0
0.14645694445224,7425,0.85625,0,0
0.14645694822177,7426,0.8565,0,0
0.14645695199141,7427,0.85675,0,0
0.14645695576118,7428,0.857,0,0
0.14645695953106,7429,0.85725,0,0
0.14645696330106,7430,0.8575,0,0
0.14645696707117,7431,0.85775,0,0
0.14645697084141,7432,0.858,0,0
0.14645697461176,7433,0.85825,0,0
0.14645697838224,7434,0.8585,0,0
0.14645698215283,7435,0.85875,0,0
0.14645698592354,7436,0.859,0,0
0.14645698969437,7437,0.85925,0,0
0.14645699346532,7438,0.8595,0,0
0.14645699723639,7439,0.85975,0,0
0.14645700100758,7440,0.86,0,0
0.14645700477889,7441,0.86025,0,0
0.14645700855032,7442,0.8605,0,0
0.14645701232186,7443,0.86075,0,0
0.14645701609353,7444,0.861,0,0
0.14645701986532,7445,0.86125,0,0
0.14645702363723,7446,0.8615,0,0
0.14645702740926,7447,0.86175,0,0
0.14645703118141,7448,0.862,0,0
0.14645703495369,7449,0.86225,0,0
0.14645703872608,7450,0.8625,0,0
0.14645704249859,7451,0.86275,0,0
0.14645704627123,7452,0.863,0,0
0.14645705004399,7453,0.86325,0,0
0.14645705381687,7454,0.8635,0,0
0.14645705758987,7455,0.86375,0,0
0.14645706136299,7456,0.864,0,0
0.14645706513623,7457,0.86425,0,0
0.1464570689096,7458,0.8645,0,0
0.14645707268309,7459,0.86475,0,0
0.1464570764567,7460,0.865,0,0
0.14645708023044,7461,0.86525,0,0
0.14645708400429,7462,0.8655,0,0
0.14645708777827,7463,0.86575,0,0
0.14645709155238,7464,0.866,0,0
0.1464570953266,7465,0.86625,0,0
0.14645709910095,7466,0.8665,0,0
0.14645710287543,7467,0.86675,0,0
0.14645710665002,7468,0.867,0,0
0.14645711042474,7469,0.86725,0,0
0.14645711419959,7470,0.8675,0,0
0.14645711797456,7471,0.86775,0,0
0.14645712174965,7472,0.868,0,0
0.14645712552487,7473,0.86825,0,0
0.14645712930021,7474,0.8685,0,0
0.14645713307567,7475,0.86875,0,0
0.14645713685127,7476,0.869,0,0
0.14645714062698,7477,0.86925,0,0
0.14645714440282,7478,0.8695,0,0
0.14645714817879,7479,0.86975,0,0
0.14645715195488,7480,0.87,0,0
0.1464571557311,7481,0.87025,0,0
0.14645715950744,7482,0.8705,0,0
0.14645716328391,7483,0.87075,0,0
0.1464571670605,7484,0.871,0,0
0.14645717083722,7485,0.87125,0,0
0.14645717461407,7486,0.8715,0,0
0.14645717839104,7487,0.87175,0,0
0.14645718216814,7488,0.872,0,0
0.14645718594536,7489,0.87225,0,0
0.14645718972271,7490,0.8725,0,0
0.14645719350019,7491,0.87275,0,0
0.1464571972778,7492,0.873,0,0
0.14645720105553,7493,0.87325,0,0
0.14645720483339,7494,0.8735,0,0
0.14645720861138,7495,0.87375,0,0
0.14645721238949,7496,0.874,0,0
0.14645721616773,7497,0.87425,0,0
0.1464572199461,7498,0.8745,0,0
0.1464572237246,7499,0.87475,0,0
0.14645722750323,7500,0.875,0,0
0.14645723128198,7501,0.87525,0,0
0.14645723506086,7502,0.8755,0,0
0.14645723883987,7503,0.87575,0,0
0.14645724261901,7504,0.876,0,0
0.14645724639828,7505,0.87625,0,0
0.14645725017768,7506,0.8765,0,0
0.1464572539572,7507,0.87675,0,0
0.14645725773686,7508,0.877,0,0
0.14645726151664,7509,0.87725,0,0
0.14645726529655,7510,0.8775,0,0
0.14645726907659,7511,0.87775,0,0
0.14645727285677,7512,0.878,0,0
0.14645727663707,7513,0.87825,0,0
0.1464572804175,7514,0.8785,0,0
0.14645728419806,7515,0.87875,0,0
0.14645728797875,7516,0.879,0,0
0.14645729175957,7517,0.87925,0,0
0.14645729554053,7518,0.8795,0,0
0.14645729932161,7519,0.87975,0,0
0.14645730310282,7520,0.88,0,0
0.14645730688417,7521,0.88025,0,0
0.14645731066564,7522,0.8805,0,0
0.14645731444725,7523,0.88075,0,0
0.14645731822898,7524,0.881,0,0
0.14645732201085,7525,0.88125,0,0
0.14645732579285,7526,0.8815,0,0
0.14645732957498,7527,0.88175,0,0
0.14645733335725,7528,0.882,0,0
0.14645733713964,7529,0.88225,0,0
0.14645734092217,7530,0.8825,0,0
0.14645734470483,7531,0.88275,0,0
0.14645734848762,7532,0.883,0,0
0.14645735227054,7533,0.88325,0,0
0.14645735605359,7534,0.8835,0,0
0.14645735983678,7535,0.88375,0,0
0.1464573636201,7536,0.884,0,0
0.14645736740356,7537,0.88425,0,0
0.14645737118714,7538,0.8845,0,0
0.14645737497086,7539,0.88475,0,0
0.14645737875471,7540,0.885,0,0
0.1464573825387,7541,0.88525,0,0
0.14645738632282,7542,0.8855,0,0
0.14645739010707,7543,0.88575,0,0
0.14645739389146,7544,0.886,0,0
0.14645739767598,7545,0.88625,0,0
0.14645740146063,7546,0.8865,0,0
0.14645740524542,7547,0.88675,0,0
0.14645740903034,7548,0.887,0,0
0.1464574128154,7549,0.88725,0,0
0.14645741660059,7550,0.8875,0,0
0.14645742038592,7551,0.88775,0,0
0.14645742417138,7552,0.888,0,0
0.14645742795697,7553,0.88825,0,0
0.1464574317427,7554,0.8885,0,0
0.14645743552856,7555,0.88875,0,0
0.14645743931456,7556,0.889,0,0
0.1464574431007,7557,0.88925,0,0
0.14645744688697,7558,0.8895,0,0
0.14645745067338,7559,0.88975,0,0
0.14645745445992,7560,0.89,0,0
0.14645745824659,7561,0.89025,0,0
0.14645746203341,7562,0.8905,0,0
0.14645746582036,7563,0.89075,0,0
0.14645746960744,7564,0.891,0,0
0.14645747339466,7565,0.89125,0,0
0.14645747718202,7566,0.8915,0,0
0.14645748096952,7567,0.89175,0,0
0.14645748475715,7568,0.892,0,0
0.14645748854491,7569,0.89225,0,0
0.14645749233282,7570,0.8925,0,0
0.14645749612086,7571,0.89275,0,0
0.14645749990904,7572,0.893,0,0
0.14645750369735,7573,0.89325,0,0
0.14645750748581,7574,0.8935,0,0
0.1464575112744,7575,0.89375,0,0
0.14645751506312,7576,0.894,0,0
0.14645751885199,7577,0.89425,0,0
0.14645752264099,7578,0.8945,0,0
0.14645752643013,7579,0.89475,0,0
0.14645753021941,7580,0.895,0,0
0.14645753400883,7581,0.89525,0,0
0.14645753779839,7582,0.8955,0,0
0.14645754158808,7583,0.89575,0,0
0.14645754537791,7584,0.896,0,0
0.14645754916788,7585,0.89625,0,0
0.14645755295799,7586,0.8965,0,0
0.14645755674824,7587,0.89675,0,0
0.14645756053863,7588,0.897,0,0
0.14645756432915,7589,0.89725,0,0
0.14645756811982,7590,0.8975,0,0
0.14645757191062,7591,0.89775,0,0
0.14645757570157,7592,0.898,0,0
0.14645757949265,7593,0.89825,0,0
0.14645758328387,7594,0.8985,0,0
0.14645758707524,7595,0.89875,0,0
0.14645759086674,7596,0.899,0,0
0.14645759465838,7597,0.89925,0,0
0.14645759845016,7598,0.8995,0,0
0.14645760224209,7599,0.89975,0,0
0.14645760603415,7600,0.9,0,0
0.14645760982635,7601,0.90025,0,0
0.1464576136187,7602,0.9005,0,0
0.14645761741118,7603,0.90075,0,0
0.14645762120381,7604,0.901,0,0
0.14645762499657,7605,0.90125,0,0
0.14645762878948,7606,0.9015,0,0
0.14645763258253,7607,0.90175,0,0
0.14645763637572,7608,0.902,0,0
0.14645764016905,7609,0.90225,0,0
0.14645764396252,7610,0.9025,0,0
0.14645764775613,7611,0.90275,0,0
0.14645765154989,7612,0.903,0,0
0.14645765534379,7613,0.90325,0,0
0.14645765913783,7614,0.9035,0,0
0.14645766293201,7615,0.90375,0,0
0.14645766672633,7616,0.904,0,0
0.14645767052079,7617,0.90425,0,0
0.1464576743154,7618,0.9045,0,0
0.14645767811015,7619,0.90475,0,0
0.14645768190504,7620,0.905,0,0
0.14645768570008,7621,0.90525,0,0
0.14645768949526,7622,0.9055,0,0
0.14645769329058,7623,0.90575,0,0
0.14645769708604,7624,0.906,0,0
0.14645770088164,7625,0.90625,0,0
0.14645770467739,7626,0.9065,0,0
0.14645770847329,7627,0.90675,0,0
0.14645771226932,7628,0.907,0,0
0.1464577160655,7629,0.90725,0,0
0.14645771986182,7630,0.9075,0,0
0.14645772365829,7631,0.90775,0,0
0.1464577274549,7632,0.908,0,0
0.14645773125166,7633,0.90825,0,0
0.14645773504855,7634,0.9085,0,0
0.1464577388456,7635,0.90875,0,0
0.14645774264278,7636,0.909,0,0
0.14645774644011,7637,0.90925,0,0
0.14645775023759,7638,0.9095,0,0
0.14645775403521,7639,0.90975,0,0
0.14645775783297,7640,0.91,0,0
0.14645776163088,7641,0.91025,0,0
0.14645776542894,7642,0.9105,0,0
0.14645776922713,7643,0.91075,0,0
0.14645777302548,7644,0.911,0,0
0.14645777682397,7645,0.91125,0,0
0.1464577806226,7646,0.9115,0,0
0.14645778442138,7647,0.91175,0,0
0.14645778822031,7648,0.912,0,0
0.14645779201938,7649,0.91225,0,0
0.14645779581859,7650,0.9125,0,0
0.14645779961795,7651,0.91275,0,0
0.14645780341746,7652,0.913,0,0
0.14645780721712,7653,0.91325,0,0
0.14645781101692,7654,0.9135,0,0
0.14645781481686,7655,0.91375,0,0
0.14645781861695,7656,0.914,0,0
0.14645782241719,7657,0.91425,0,0
0.14645782621758,7658,0.9145,0,0
0.14645783001811,7659,0.91475,0,0
0.14645783381879,7660,0.915,0,0
0.14645783761961,7661,0.91525,0,0
0.14645784142058,7662,0.9155,0,0
0.1464578452217,7663,0.91575,0,0
0.14645784902297,7664,0.916,0,0
0.14645785282438,7665,0.91625,0,0
0.14645785662594,7666,0.9165,0,0
0.14645786042765,7667,0.91675,0,0
0.1464578642295,7668,0.917,0,0
0.1464578680315,7669,0.91725,0,0
0.14645787183365,7670,0.9175,0,0
0.14645787563595,7671,0.91775,0,0
0.1464578794384,7672,0.918,0,0
0.14645788324099,7673,0.91825,0,0
0.14645788704373,7674,0.9185,0,0
0.14645789084662,7675,0.91875,0,0
0.14645789464966,7676,0.919,0,0
0.14645789845285,7677,0.91925,0,0
0.14645790225618,7678,0.9195,0,0
0.14645790605966,7679,0.91975,0,0
0.1464579098633,7680,0.92,0,0
0.14645791366708,7681,0.92025,0,0
0.146457917471,7682,0.9205,0,0
0.14645792127508,7683,0.92075,0,0
0.14645792507931,7684,0.921,0,0
0.14645792888369,7685,0.92125,0,0
0.14645793268821,7686,0.9215,0,0
0.14645793649289,7687,0.92175,0,0
0.14645794029771,7688,0.922,0,0
0.14645794410268,7689,0.92225,0,0
0.14645794790781,7690,0.9225,0,0
0.14645795171308,7691,0.92275,0,0
0.1464579555185,7692,0.923,0,0
0.14645795932407,7693,0.92325,0,0
0.14645796312979,7694,0.9235,0,0
0.14645796693567,7695,0.92375,0,0
0.14645797074169,7696,0.924,0,0
0.14645797454786,7697,0.92425,0,0
0.14645797835418,7698,0.9245,0,0
0.14645798216066,7699,0.92475,0,0
0.14645798596728,7700,0.925,0,0
0.14645798977405,7701,0.92525,0,0
0.14645799358098,7702,0.9255,0,0
0.14645799738805,7703,0.92575,0,0
0.14645800119528,7704,0.926,0,0
0.14645800500266,7705,0.92625,0,0
0.14645800881018,7706,0.9265,0,0
0.14645801261786,7707,0.92675,0,0
0.14645801642569,7708,0.927,0,0
0.14645802023367,7709,0.92725,0,0
0.14645802404181,7710,0.9275,0,0
0.14645802785009,7711,0.92775,0,0
0.14645803165853,7712,0.928,0,0
0.14645803546712,7713,0.92825,0,0
0.14645803927585,7714,0.9285,0,0
0.14645804308475,7715,0.92875,0,0
0.14645804689379,7716,0.929,0,0
0.14645805070298,7717,0.92925,0,0
0.14645805451233,7718,0.9295,0,0
0.14645805832183,7719,0.92975,0,0
0.14645806213148,7720,0.93,0,0
0.14645806594128,7721,0.93025,0,0
0.14645806975124,7722,0.9305,0,0
0.14645807356135,7723,0.93075,0,0
0.14645807737161,7724,0.931,0,0
0.14645808118202,7725,0.93125,0,0
0.14645808499259,7726,0.9315,0,0
0.14645808880331,7727,0.93175,0,0
0.14645809261418,7728,0.932,0,0
0.14645809642521,7729,0.93225,0,0
0.14645810023639,7730,0.9325,0,0
0.14645810404772,7731,0.93275,0,0
0.1464581078592,7732,0.933,0,0
0.14645811167084,7733,0.93325,0,0
0.14645811548263,7734,0.9335,0,0
0.14645811929458,7735,0.93375,0,0
0.14645812310668,7736,0.934,0,0
0.14645812691893,7737,0.93425,0,0
0.14645813073134,7738,0.9345,0,0
0.1464581345439,7739,0.93475,0,0
0.14645813835661,7740,0.935,0,0
0.14645814216948,7741,0.93525,0,0
0.1464581459825,7742,0.9355,0,0
0.14645814979568,7743,0.93575,0,0
0.14645815360901,7744,0.936,0,0
0.14645815742249,7745,0.93625,0,0
0.14645816123613,7746,0.9365,0,0
0.14645816504993,7747,0.93675,0,0
0.14645816886387,7748,0.937,0,0
0.14645817267798,7749,0.93725,0,0
0.14645817649223,7750,0.9375,0,0
0.14645818030665,7751,0.93775,0,0
0.14645818412121,7752,0.938,0,0
0.14645818793594,7753,0.93825,0,0
0.14645819175081,7754,0.9385,0,0
0.14645819556585,7755,0.93875,0,0
0.14645819938104,7756,0.939,0,0
0.14645820319638,7757,0.93925,0,0
0.14645820701188,7758,0.9395,0,0
0.14645821082753,7759,0.93975,0,0
0.14645821464334,7760,0.94,0,0
0.14645821845931,7761,0.94025,0,0
0.14645822227543,7762,0.9405,0,0
0.1464582260917,7763,0.94075,0,0
0.14645822990814,7764,0.941,0,0
0.14645823372472,7765,0.94125,0,0
0.14645823754147,7766,0.9415,0,0
0.14645824135837,7767,0.94175,0,0
0.14645824517543,7768,0.942,0,0
0.14645824899264,7769,0.94225,0,0
0.14645825281001,7770,0.9425,0,0
0.14645825662753,7771,0.94275,0,0
0.14645826044521,7772,0.943,0,0
0.14645826426305,7773,0.94325,0,0
0.14645826808105,7774,0.9435,0,0
0.1464582718992,7775,0.94375,0,0
0.14645827571751,7776,0.944,0,0
0.14645827953597,7777,0.94425,0,0
0.1464582833546,7778,0.9445,0,0
0.14645828717337,7779,0.94475,0,0
0.14645829099231,7780,0.945,0,0
0.1464582948114,7781,0.94525,0,0
0.14645829863065,7782,0.9455,0,0
0.14645830245006,7783,0.94575,0,0
0.14645830626963,7784,0.946,0,0
0.14645831008935,7785,0.94625,0,0
0.14645831390923,7786,0.9465,0,0
0.14645831772927,7787,0.94675,0,0
0.14645832154946,7788,0.947,0,0
0.14645832536982,7789,0.94725,0,0
0.14645832919033,7790,0.9475,0,0
0.14645833301099,7791,0.94775,0,0
0.14645833683182,7792,0.948,0,0
0.1464583406528,7793,0.94825,0,0
0.14645834447395,7794,0.9485,0,0
0.14645834829525,7795,0.94875,0,0
0.14645835211671,7796,0.949,0,0
0.14645835593832,7797,0.94925,0,0
0.1464583597601,7798,0.9495,0,0
0.14645836358203,7799,0.94975,0,0
0.14645836740412,7800,0.95,0,0
0.14645837122637,7801,0.95025,0,0
0.14645837504878,7802,0.9505,0,0
0.14645837887135,7803,0.95075,0,0
0.14645838269408,7804,0.951,0,0
0.14645838651696,7805,0.95125,0,0
0.14645839034001,7806,0.9515,0,0
0.14645839416321,7807,0.95175,0,0
0.14645839798657,7808,0.952,0,0
0.1464584018101,7809,0.95225,0,0
0.14645840563378,7810,0.9525,0,0
0.14645840945762,7811,0.95275,0,0
0.14645841328162,7812,0.953,0,0
0.14645841710577,7813,0.95325,0,0
0.14645842093009,7814,0.9535,0,0
0.14645842475457,7815,0.95375,0,0
0.14645842857921,7816,0.954,0,0
0.146458432404,7817,0.95425,0,0
0.14645843622896,7818,0.9545,0,0
0.14645844005407,7819,0.95475,0,0
0.14645844387935,7820,0.955,0,0
0.14645844770479,7821,0.95525,0,0
0.14645845153038,7822,0.9555,0,0
0.14645845535614,7823,0.95575,0,0
0.14645845918205,7824,0.956,0,0
0.14645846300813,7825,0.95625,0,0
0.14645846683436,7826,0.9565,0,0
0.14645847066076,7827,0.95675,0,0
0.14645847448732,7828,0.957,0,0
0.14645847831403,7829,0.95725,0,0
0.14645848214091,7830,0.9575,0,0
0.14645848596795,7831,0.95775,0,0
0.14645848979515,7832,0.958,0,0
0.14645849362251,7833,0.95825,0,0
0.14645849745003,7834,0.9585,0,0
0.14645850127771,7835,0.95875,0,0
0.14645850510555,7836,0.959,0,0
0.14645850893355,7837,0.95925,0,0
0.14645851276171,7838,0.9595,0,0
0.14645851659004,7839,0.95975,0,0
0.14645852041852,7840,0.96,0,0
0.14645852424717,7841,0.96025,0,0
0.14645852807597,7842,0.9605,0,0
0.14645853190494,7843,0.96075,0,0
0.14645853573407,7844,0.961,0,0
0.14645853956336,7845,0.96125,0,0
0.14645854339282,7846,0.9615,0,0
0.14645854722243,7847,0.96175,0,0
0.14645855105221,7848,0.962,0,0
0.14645855488214,7849,0.96225,0,0
0.14645855871224,7850,0.9625,0,0
0.1464585625425,7851,0.96275,0,0
0.14645856637293,7852,0.963,0,0
0.14645857020351,7853,0.96325,0,0
0.14645857403426,7854,0.9635,0,0
0.14645857786516,7855,0.96375,0,0
0.14645858169623,7856,0.964,0,0
0.14645858552747,7857,0.96425,0,0
0.14645858935886,7858,0.9645,0,0
0.14645859319042,7859,0.96475,0,0
0.14645859702213,7860,0.965,0,0
0.14645860085401,7861,0.96525,0,0
0.14645860468606,7862,0.9655,0,0
0.14645860851826,7863,0.96575,0,0
0.14645861235063,7864,0.966,0,0
0.14645861618316,7865,0.96625,0,0
0.14645862001585,7866,0.9665,0,0
0.14645862384871,7867,0.96675,0,0
0.14645862768173,7868,0.967,0,0
0.14645863151491,7869,0.96725,0,0
0.14645863534825,7870,0.9675,0,0
0.14645863918176,7871,0.96775,0,0
0.14645864301543,7872,0.968,0,0
0.14645864684926,7873,0.96825,0,0
0.14645865068325,7874,0.9685,0,0
0.14645865451741,7875,0.96875,0,0
0.14645865835173,7876,0.969,0,0
0.14645866218622,7877,0.96925,0,0
0.14645866602087,7878,0.9695,0,0
0.14645866985568,7879,0.96975,0,0
0.14645867369065,7880,0.97,0,0
0.14645867752579,7881,0.97025,0,0
0.14645868136109,7882,0.9705,0,0
0.14645868519655,7883,0.97075,0,0
0.14645868903218,7884,0.971,0,0
0.14645869286797,7885,0.97125,0,0
0.14645869670393,7886,0.9715,0,0
0.14645870054005,7887,0.97175,0,0
0.14645870437633,7888,0.972,0,0
0.14645870821277,7889,0.97225,0,0
0.14645871204938,7890,0.9725,0,0
0.14645871588616,7891,0.97275,0,0
0.14645871972309,7892,0.973,0,0
0.1464587235602,7893,0.97325,0,0
0.14645872739746,7894,0.9735,0,0
0.14645873123489,7895,0.97375,0,0
0.14645873507248,7896,0.974,0,0
0.14645873891024,7897,0.97425,0,0
0.14645874274816,7898,0.9745,0,0
0.14645874658625,7899,0.97475,0,0
0.1464587504245,7900,0.975,0,0
0.14645875426291,7901,0.97525,0,0
0.14645875810149,7902,0.9755,0,0
0.14645876194023,7903,0.97575,0,0
0.14645876577914,7904,0.976,0,0
0.14645876961821,7905,0.97625,0,0
0.14645877345745,7906,0.9765,0,0
0.14645877729685,7907,0.97675,0,0
0.14645878113642,7908,0.977,0,0
0.14645878497615,7909,0.97725,0,0
0.14645878881604,7910,0.9775,0,0
0.1464587926561,7911,0.97775,0,0
0.14645879649633,7912,0.978,0,0
0.14645880033672,7913,0.97825,0,0
0.14645880417727,7914,0.9785,0,0
0.14645880801799,7915,0.97875,0,0
0.14645881185888,7916,0.979,0,0
0.14645881569993,7917,0.97925,0,0
0.14645881954114,7918,0.9795,0,0
0.14645882338252,7919,0.97975,0,0
0.14645882722407,7920,0.98,0,0
0.14645883106578,7921,0.98025,0,0
0.14645883490765,7922,0.9805,0,0
0.14645883874969,7923,0.98075,0,0
0.1464588425919,7924,0.981,0,0
0.14645884643427,7925,0.98125,0,0
0.1464588502768,7926,0.9815,0,0
0.14645885411951,7927,0.98175,0,0
0.14645885796237,7928,0.982,0,0
0.14645886180541,7929,0.98225,0,0
0.14645886564861,7930,0.9825,0,0
0.14645886949197,7931,0.98275,0,0
0.1464588733355,7932,0.983,0,0
0.1464588771792,7933,0.98325,0,0
0.14645888102306,7934,0.9835,0,0
0.14645888486708,7935,0.98375,0,0
0.14645888871128,7936,0.984,0,0
0.14645889255564,7937,0.98425,0,0
0.14645889640016,7938,0.9845,0,0
0.14645890024485,7939,0.98475,0,0
0.14645890408971,7940,0.985,0,0
0.14645890793473,7941,0.98525,0,0
0.14645891177992,7942,0.9855,0,0
0.14645891562527,7943,0.98575,0,0
0.14645891947079,7944,0.986,0,0
0.14645892331648,7945,0.98625,0,0
0.14645892716233,7946,0.9865,0,0
0.14645893100835,7947,0.98675,0,0
0.14645893485454,7948,0.987,0,0
0.14645893870089,7949,0.98725,0,0
0.14645894254741,7950,0.9875,0,0
0.14645894639409,7951,0.98775,0,0
0.14645895024094,7952,0.988,0,0
0.14645895408796,7953,0.98825,0,0
0.14645895793514,7954,0.9885,0,0
0.14645896178249,7955,0.98875,0,0
0.14645896563001,7956,0.989,0,0
0.14645896947769,7957,0.98925,0,0
0.14645897332554,7958,0.9895,0,0
0.14645897717356,7959,0.98975,0,0
0.14645898102174,7960,0.99,0,0
0.14645898487009,7961,0.99025,0,0
0.14645898871861,7962,0.9905,0,0
0.14645899256729,7963,0.99075,0,0
0.14645899641614,7964,0.991,0,0
0.14645900026516,7965,0.99125,0,0
0.14645900411434,7966,0.9915,0,0
0.14645900796369,7967,0.99175,0,0
0.14645901181321,7968,0.992,0,0
0.14645901566289,7969,0.99225,0,0
0.14645901951275,7970,0.9925,0,0
0.14645902336276,7971,0.99275,0,0
0.14645902721295,7972,0.993,0,0
0.1464590310633,7973,0.99325,0,0
0.14645903491382,7974,0.9935,0,0
0.14645903876451,7975,0.99375,0,0
0.14645904261536,7976,0.994,0,0
0.14645904646638,7977,0.99425,0,0
0.14645905031757,7978,0.9945,0,0
0.14645905416893,7979,0.99475,0,0
0.14645905802045,7980,0.995,0,0
0.14645906187214,7981,0.99525,0,0
0.146459065724,7982,0.9955,0,0
0.14645906957602,7983,0.99575,0,0
0.14645907342822,7984,0.996,0,0
0.14645907728058,7985,0.99625,0,0
0.1464590811331,7986,0.9965,0,0
0.1464590849858,7987,0.99675,0,0
0.14645908883866,7988,0.997,0,0
0.14645909269169,7989,0.99725,0,0
0.14645909654489,7990,0.9975,0,0
0.14645910039825,7991,0.99775,0,0
0.14645910425178,7992,0.998,0,0
0.14645910810548,7993,0.99825,0,0
0.14645911195918,7994,0.9985,0,0
0.14645911581042,7995,0.99875,0,0
0.14645911961039,7996,0.999,0,0
0.14645912244314,7997,0.99925,0,0
0.14645910693299,7998,0.9995,0,0
0.14645874425563,7999,0.99975,0,0
0.14645181151132,8000,1,0,0
