ci,id,x,y,z
0.62928048166205,0,-2,0,0
0.62928048170943,1,-1.9996,0,0
0.6292804818516,2,-1.9992,0,0
0.62928048208854,3,-1.9988,0,0
0.62928048242025,4,-1.9984,0,0
0.62928048284674,5,-1.998,0,0
0.629280483368,6,-1.9976,0,0
0.62928048398404,7,-1.9972,0,0
0.62928048469485,8,-1.9968,0,0
0.62928048550044,9,-1.9964,0,0
0.6292804864008,10,-1.996,0,0
0.62928048739594,11,-1.9956,0,0
0.62928048848585,12,-1.9952,0,0
0.62928048967054,13,-1.9948,0,0
0.62928049095,14,-1.9944,0,0
0.62928049232424,15,-1.994,0,0
0.62928049379325,16,-1.9936,0,0
0.62928049535704,17,-1.9932,0,0
0.6292804970156,18,-1.9928,0,0
0.62928049876894,19,-1.9924,0,0
0.62928050061705,20,-1.992,0,0
0.62928050255994,21,-1.9916,0,0
0.6292805045976,22,-1.9912,0,0
0.62928050673004,23,-1.9908,0,0
0.62928050895725,24,-1.9904,0,0
0.62928051127924,25,-1.99,0,0
0.629280513696,26,-1.9896,0,0
0.62928051620754,27,-1.9892,0,0
0.62928051881385,28,-1.9888,0,0
0.62928052151494,29,-1.9884,0,0
0.62928052431081,30,-1.988,0,0
0.62928052720144,31,-1.9876,0,0
0.62928053018686,32,-1.9872,0,0
0.62928053326704,33,-1.9868,0,0
0.62928053644201,34,-1.9864,0,0
0.62928053971174,35,-1.986,0,0
0.62928054307626,36,-1.9856,0,0
0.62928054653555,37,-1.9852,0,0
0.62928055008961,38,-1.9848,0,0
0.62928055373845,39,-1.9844,0,0
0.62928055748206,40,-1.984,0,0
0.62928056132045,41,-1.9836,0,0
0.62928056525361,42,-1.9832,0,0
0.62928056928155,43,-1.9828,0,0
0.62928057340426,44,-1.9824,0,0
0.62928057762175,45,-1.982,0,0
0.62928058193401,46,-1.9816,0,0
0.62928058634105,47,-1.9812,0,0
0.62928059084286,48,-1.9808,0,0
0.62928059543945,49,-1.9804,0,0
0.62928060013081,50,-1.98,0,0
0.62928060491695,51,-1.9796,0,0
0.62928060979786,52,-1.9792,0,0
0.62928061477355,53,-1.9788,0,0
0.62928061984401,54,-1.9784,0,0
0.62928062500925,55,-1.978,0,0
0.62928063026926,56,-1.9776,0,0
0.62928063562405,57,-1.9772,0,0
0.62928064107361,58,-1.9768,0,0
0.62928064661794,59,-1.9764,0,0
0.62928065225706,60,-1.976,0,0
0.62928065799094,61,-1.9756,0,0
0.62928066381961,62,-1.9752,0,0
0.62928066974304,63,-1.9748,0,0
0.62928067576125,64,-1.9744,0,0
0.62928068187424,65,-1.974,0,0
0.629280688082,66,-1.9736,0,0
0.62928069438454,67,-1.9732,0,0
0.62928070078185,68,-1.9728,0,0
0.62928070727393,69,-1.9724,0,0
0.6292807138608,70,-1.972,0,0
0.62928072054243,71,-1.9716,0,0
0.62928072731884,72,-1.9712,0,0
0.62928073419003,73,-1.9708,0,0
0.62928074115599,74,-1.9704,0,0
0.62928074821672,75,-1.97,0,0
0.62928075537223,76,-1.9696,0,0
0.62928076262252,77,-1.9692,0,0
0.62928076996758,78,-1.9688,0,0
0.62928077740741,79,-1.9684,0,0
0.62928078494202,80,-1.968,0,0
0.62928079257141,81,-1.9676,0,0
0.62928080029557,82,-1.9672,0,0
0.6292808081145,83,-1.9668,0,0
0.62928081602821,84,-1.9664,0,0
0.62928082403669,85,-1.966,0,0
0.62928083213995,86,-1.9656,0,0
0.62928084033798,87,-1.9652,0,0
0.62928084863079,88,-1.9648,0,0
0.62928085701838,89,-1.9644,0,0
0.62928086550073,90,-1.964,0,0
0.62928087407787,91,-1.9636,0,0
0.62928088274977,92,-1.9632,0,0
0.62928089151646,93,-1.9628,0,0
0.62928090037791,94,-1.9624,0,0
0.62928090933414,95,-1.962,0,0
0.62928091838515,96,-1.9616,0,0
0.62928092753093,97,-1.9612,0,0
0.62928093677149,98,-1.9608,0,0
0.62928094610682,99,-1.9604,0,0
0.62928095553692,100,-1.96,0,0
0.6292809650618,101,-1.9596,0,0
0.62928097468146,102,-1.9592,0,0
0.62928098439589,103,-1.9588,0,0
0.62928099420509,104,-1.9584,0,0
0.62928100410907,105,-1.958,0,0
0.62928101410783,106,-1.9576,0,0
0.62928102420135,107,-1.9572,0,0
0.62928103438966,108,-1.9568,0,0
0.62928104467274,109,-1.9564,0,0
0.62928105505059,110,-1.956,0,0
0.62928106552322,111,-1.9556,0,0
0.62928107609062,112,-1.9552,0,0
0.62928108675279,113,-1.9548,0,0
0.62928109750975,114,-1.9544,0,0
0.62928110836147,115,-1.954,0,0
0.62928111930797,116,-1.9536,0,0
0.62928113034925,117,-1.9532,0,0
0.6292811414853,118,-1.9528,0,0
0.62928115271612,119,-1.9524,0,0
0.62928116404172,120,-1.952,0,0
0.62928117546209,121,-1.9516,0,0
0.62928118697724,122,-1.9512,0,0
0.62928119858717,123,-1.9508,0,0
0.62928121029186,124,-1.9504,0,0
0.62928122209134,125,-1.95,0,0
0.62928123398558,126,-1.9496,0,0
0.6292812459746,127,-1.9492,0,0
0.6292812580584,128,-1.9488,0,0
0.62928127023697,129,-1.9484,0,0
0.62928128251032,130,-1.948,0,0
0.62928129487844,131,-1.9476,0,0
0.62928130734133,132,-1.9472,0,0
0.629281319899,133,-1.9468,0,0
0.62928133255144,134,-1.9464,0,0
0.62928134529866,135,-1.946,0,0
0.62928135814065,136,-1.9456,0,0
0.62928137107742,137,-1.9452,0,0
0.62928138410896,138,-1.9448,0,0
0.62928139723527,139,-1.9444,0,0
0.62928141045636,140,-1.944,0,0
0.62928142377223,141,-1.9436,0,0
0.62928143718287,142,-1.9432,0,0
0.62928145068828,143,-1.9428,0,0
0.62928146428847,144,-1.9424,0,0
0.62928147798343,145,-1.942,0,0
0.62928149177317,146,-1.9416,0,0
0.62928150565768,147,-1.9412,0,0
0.62928151963697,148,-1.9408,0,0
0.62928153371103,149,-1.9404,0,0
0.62928154787986,150,-1.94,0,0
0.62928156214347,151,-1.9396,0,0
0.62928157650185,152,-1.9392,0,0
0.62928159095501,153,-1.9388,0,0
0.62928160550294,154,-1.9384,0,0
0.62928162014565,155,-1.938,0,0
0.62928163488313,156,-1.9376,0,0
0.62928164971539,157,-1.9372,0,0
0.62928166464241,158,-1.9368,0,0
0.62928167966422,159,-1.9364,0,0
0.6292816947808,160,-1.936,0,0
0.62928170999215,161,-1.9356,0,0
0.62928172529828,162,-1.9352,0,0
0.62928174069918,163,-1.9348,0,0
0.62928175619485,164,-1.9344,0,0
0.6292817717853,165,-1.934,0,0
0.62928178747053,166,-1.9336,0,0
0.62928180325052,167,-1.9332,0,0
0.6292818191253,168,-1.9328,0,0
0.62928183509484,169,-1.9324,0,0
0.62928185115916,170,-1.932,0,0
0.62928186731826,171,-1.9316,0,0
0.62928188357213,172,-1.9312,0,0
0.62928189992077,173,-1.9308,0,0
0.62928191636419,174,-1.9304,0,0
0.62928193290238,175,-1.93,0,0
0.62928194953534,176,-1.9296,0,0
0.62928196626308,177,-1.9292,0,0
0.6292819830856,178,-1.9288,0,0
0.62928200000289,179,-1.9284,0,0
0.62928201701495,180,-1.928,0,0
0.62928203412179,181,-1.9276,0,0
0.6292820513234,182,-1.9272,0,0
0.62928206861978,183,-1.9268,0,0
0.62928208601094,184,-1.9264,0,0
0.62928210349687,185,-1.926,0,0
0.62928212107758,186,-1.9256,0,0
0.62928213875306,187,-1.9252,0,0
0.62928215652332,188,-1.9248,0,0
0.62928217438834,189,-1.9244,0,0
0.62928219234815,190,-1.924,0,0
0.62928221040272,191,-1.9236,0,0
0.62928222855208,192,-1.9232,0,0
0.6292822467962,193,-1.9228,0,0
0.6292822651351,194,-1.9224,0,0
0.62928228356877,195,-1.922,0,0
0.62928230209722,196,-1.9216,0,0
0.62928232072044,197,-1.9212,0,0
0.62928233943844,198,-1.9208,0,0
0.6292823582512,199,-1.9204,0,0
0.62928237715875,200,-1.92,0,0
0.62928239616106,201,-1.9196,0,0
0.62928241525815,202,-1.9192,0,0
0.62928243445002,203,-1.9188,0,0
0.62928245373666,204,-1.9184,0,0
0.62928247311807,205,-1.918,0,0
0.62928249259425,206,-1.9176,0,0
0.62928251216521,207,-1.9172,0,0
0.62928253183095,208,-1.9168,0,0
0.62928255159145,209,-1.9164,0,0
0.62928257144674,210,-1.916,0,0
0.62928259139679,211,-1.9156,0,0
0.62928261144162,212,-1.9152,0,0
0.62928263158122,213,-1.9148,0,0
0.6292826518156,214,-1.9144,0,0
0.62928267214475,215,-1.914,0,0
0.62928269256867,216,-1.9136,0,0
0.62928271308737,217,-1.9132,0,0
0.62928273370084,218,-1.9128,0,0
0.62928275440908,219,-1.9124,0,0
0.6292827752121,220,-1.912,0,0
0.6292827961099,221,-1.9116,0,0
0.62928281710246,222,-1.9112,0,0
0.6292828381898,223,-1.9108,0,0
0.62928285937191,224,-1.9104,0,0
0.6292828806488,225,-1.91,0,0
0.62928290202046,226,-1.9096,0,0
0.62928292348689,227,-1.9092,0,0
0.6292829450481,228,-1.9088,0,0
0.62928296670408,229,-1.9084,0,0
0.62928298845484,230,-1.908,0,0
0.62928301030036,231,-1.9076,0,0
0.62928303224067,232,-1.9072,0,0
0.62928305427574,233,-1.9068,0,0
0.62928307640559,234,-1.9064,0,0
0.62928309863021,235,-1.906,0,0
0.62928312094961,236,-1.9056,0,0
0.62928314336378,237,-1.9052,0,0
0.62928316587272,238,-1.9048,0,0
0.62928318847643,239,-1.9044,0,0
0.62928321117492,240,-1.904,0,0
0.62928323396819,241,-1.9036,0,0
0.62928325685622,242,-1.9032,0,0
0.62928327983903,243,-1.9028,0,0
0.62928330291662,244,-1.9024,0,0
0.62928332608897,245,-1.902,0,0
0.6292833493561,246,-1.9016,0,0
0.629283372718,247,-1.9012,0,0
0.62928339617468,248,-1.9008,0,0
0.62928341972613,249,-1.9004,0,0
0.62928344337235,250,-1.9,0,0
0.62928346711335,251,-1.8996,0,0
0.62928349094912,252,-1.8992,0,0
0.62928351487966,253,-1.8988,0,0
0.62928353890498,254,-1.8984,0,0
0.62928356302506,255,-1.898,0,0
0.62928358723993,256,-1.8976,0,0
0.62928361154956,257,-1.8972,0,0
0.62928363595397,258,-1.8968,0,0
0.62928366045315,259,-1.8964,0,0
0.62928368504711,260,-1.896,0,0
0.62928370973584,261,-1.8956,0,0
0.62928373451934,262,-1.8952,0,0
0.62928375939761,263,-1.8948,0,0
0.62928378437066,264,-1.8944,0,0
0.62928380943848,265,-1.894,0,0
0.62928383460107,266,-1.8936,0,0
0.62928385985844,267,-1.8932,0,0
0.62928388521058,268,-1.8928,0,0
0.62928391065749,269,-1.8924,0,0
0.62928393619917,270,-1.892,0,0
0.62928396183563,271,-1.8916,0,0
0.62928398756686,272,-1.8912,0,0
0.62928401339287,273,-1.8908,0,0
0.62928403931365,274,-1.8904,0,0
0.6292840653292,275,-1.89,0,0
0.62928409143952,276,-1.8896,0,0
0.62928411764461,277,-1.8892,0,0
0.62928414394448,278,-1.8888,0,0
0.62928417033913,279,-1.8884,0,0
0.62928419682854,280,-1.888,0,0
0.62928422341273,281,-1.8876,0,0
0.62928425009169,282,-1.8872,0,0
0.62928427686542,283,-1.8868,0,0
0.62928430373393,284,-1.8864,0,0
0.6292843306972,285,-1.886,0,0
0.62928435775526,286,-1.8856,0,0
0.62928438490808,287,-1.8852,0,0
0.62928441215568,288,-1.8848,0,0
0.62928443949804,289,-1.8844,0,0
0.62928446693519,290,-1.884,0,0
0.6292844944671,291,-1.8836,0,0
0.62928452209379,292,-1.8832,0,0
0.62928454981525,293,-1.8828,0,0
0.62928457763148,294,-1.8824,0,0
0.62928460554249,295,-1.882,0,0
0.62928463354826,296,-1.8816,0,0
0.62928466164881,297,-1.8812,0,0
0.62928468984414,298,-1.8808,0,0
0.62928471813423,299,-1.8804,0,0
0.6292847465191,300,-1.88,0,0
0.62928477499874,301,-1.8796,0,0
0.62928480357315,302,-1.8792,0,0
0.62928483224234,303,-1.8788,0,0
0.6292848610063,304,-1.8784,0,0
0.62928488986503,305,-1.878,0,0
0.62928491881853,306,-1.8776,0,0
0.6292849478668,307,-1.8772,0,0
0.62928497700985,308,-1.8768,0,0
0.62928500624767,309,-1.8764,0,0
0.62928503558026,310,-1.876,0,0
0.62928506500763,311,-1.8756,0,0
0.62928509452976,312,-1.8752,0,0
0.62928512414667,313,-1.8748,0,0
0.62928515385835,314,-1.8744,0,0
0.62928518366481,315,-1.874,0,0
0.62928521356603,316,-1.8736,0,0
0.62928524356203,317,-1.8732,0,0
0.6292852736528,318,-1.8728,0,0
0.62928530383834,319,-1.8724,0,0
0.62928533411866,320,-1.872,0,0
0.62928536449375,321,-1.8716,0,0
0.6292853949636,322,-1.8712,0,0
0.62928542552824,323,-1.8708,0,0
0.62928545618764,324,-1.8704,0,0
0.62928548694181,325,-1.87,0,0
0.62928551779076,326,-1.8696,0,0
0.62928554873448,327,-1.8692,0,0
0.62928557977297,328,-1.8688,0,0
0.62928561090623,329,-1.8684,0,0
0.62928564213427,330,-1.868,0,0
0.62928567345708,331,-1.8676,0,0
0.62928570487466,332,-1.8672,0,0
0.62928573638701,333,-1.8668,0,0
0.62928576799413,334,-1.8664,0,0
0.62928579969602,335,-1.866,0,0
0.62928583149269,336,-1.8656,0,0
0.62928586338413,337,-1.8652,0,0
0.62928589537034,338,-1.8648,0,0
0.62928592745132,339,-1.8644,0,0
0.62928595962708,340,-1.864,0,0
0.6292859918976,341,-1.8636,0,0
0.6292860242629,342,-1.8632,0,0
0.62928605672297,343,-1.8628,0,0
0.62928608927781,344,-1.8624,0,0
0.62928612192742,345,-1.862,0,0
0.62928615467181,346,-1.8616,0,0
0.62928618751096,347,-1.8612,0,0
0.62928622044489,348,-1.8608,0,0
0.62928625347359,349,-1.8604,0,0
0.62928628659706,350,-1.86,0,0
0.6292863198153,351,-1.8596,0,0
0.62928635312832,352,-1.8592,0,0
0.6292863865361,353,-1.8588,0,0
0.62928642003866,354,-1.8584,0,0
0.62928645363599,355,-1.858,0,0
0.62928648732809,356,-1.8576,0,0
0.62928652111496,357,-1.8572,0,0
0.6292865549966,358,-1.8568,0,0
0.62928658897302,359,-1.8564,0,0
0.62928662304421,360,-1.856,0,0
0.62928665721016,361,-1.8556,0,0
0.62928669147089,362,-1.8552,0,0
0.62928672582639,363,-1.8548,0,0
0.62928676027666,364,-1.8544,0,0
0.62928679482171,365,-1.854,0,0
0.62928682946152,366,-1.8536,0,0
0.6292868641961,367,-1.8532,0,0
0.62928689902546,368,-1.8528,0,0
0.62928693394959,369,-1.8524,0,0
0.62928696896849,370,-1.852,0,0
0.62928700408216,371,-1.8516,0,0
0.6292870392906,372,-1.8512,0,0
0.62928707459381,373,-1.8508,0,0
0.62928710999179,374,-1.8504,0,0
0.62928714548455,375,-1.85,0,0
0.62928718107207,376,-1.8496,0,0
0.62928721675437,377,-1.8492,0,0
0.62928725253144,378,-1.8488,0,0
0.62928728840328,379,-1.8484,0,0
0.62928732436989,380,-1.848,0,0
0.62928736043127,381,-1.8476,0,0
0.62928739658742,382,-1.8472,0,0
0.62928743283834,383,-1.8468,0,0
0.62928746918404,384,-1.8464,0,0
0.6292875056245,385,-1.846,0,0
0.62928754215974,386,-1.8456,0,0
0.62928757878974,387,-1.8452,0,0
0.62928761551452,388,-1.8448,0,0
0.62928765233407,389,-1.8444,0,0
0.62928768924838,390,-1.844,0,0
0.62928772625747,391,-1.8436,0,0
0.62928776336133,392,-1.8432,0,0
0.62928780055996,393,-1.8428,0,0
0.62928783785337,394,-1.8424,0,0
0.62928787524154,395,-1.842,0,0
0.62928791272448,396,-1.8416,0,0
0.62928795030219,397,-1.8412,0,0
0.62928798797468,398,-1.8408,0,0
0.62928802574193,399,-1.8404,0,0
0.62928806360396,400,-1.84,0,0
0.62928810156075,401,-1.8396,0,0
0.62928813961232,402,-1.8392,0,0
0.62928817775866,403,-1.8388,0,0
0.62928821599976,404,-1.8384,0,0
0.62928825433564,405,-1.838,0,0
0.62928829276629,406,-1.8376,0,0
0.62928833129171,407,-1.8372,0,0
0.6292883699119,408,-1.8368,0,0
0.62928840862685,409,-1.8364,0,0
0.62928844743658,410,-1.836,0,0
0.62928848634108,411,-1.8356,0,0
0.62928852534035,412,-1.8352,0,0
0.62928856443439,413,-1.8348,0,0
0.6292886036232,414,-1.8344,0,0
0.62928864290678,415,-1.834,0,0
0.62928868228514,416,-1.8336,0,0
0.62928872175826,417,-1.8332,0,0
0.62928876132615,418,-1.8328,0,0
0.62928880098881,419,-1.8324,0,0
0.62928884074624,420,-1.832,0,0
0.62928888059844,421,-1.8316,0,0
0.62928892054541,422,-1.8312,0,0
0.62928896058715,423,-1.8308,0,0
0.62928900072367,424,-1.8304,0,0
0.62928904095495,425,-1.83,0,0
0.629289081281,426,-1.8296,0,0
0.62928912170182,427,-1.8292,0,0
0.62928916221741,428,-1.8288,0,0
0.62928920282777,429,-1.8284,0,0
0.6292892435329,430,-1.828,0,0
0.6292892843328,431,-1.8276,0,0
0.62928932522748,432,-1.8272,0,0
0.62928936621692,433,-1.8268,0,0
0.62928940730113,434,-1.8264,0,0
0.62928944848011,435,-1.826,0,0
0.62928948975386,436,-1.8256,0,0
0.62928953112238,437,-1.8252,0,0
0.62928957258566,438,-1.8248,0,0
0.62928961414372,439,-1.8244,0,0
0.62928965579655,440,-1.824,0,0
0.62928969754415,441,-1.8236,0,0
0.62928973938652,442,-1.8232,0,0
0.62928978132365,443,-1.8228,0,0
0.62928982335556,444,-1.8224,0,0
0.62928986548224,445,-1.822,0,0
0.62928990770368,446,-1.8216,0,0
0.6292899500199,447,-1.8212,0,0
0.62928999243088,448,-1.8208,0,0
0.62929003493663,449,-1.8204,0,0
0.62929007753716,450,-1.82,0,0
0.62929012023245,451,-1.8196,0,0
0.62929016302251,452,-1.8192,0,0
0.62929020590734,453,-1.8188,0,0
0.62929024888694,454,-1.8184,0,0
0.62929029196131,455,-1.818,0,0
0.62929033513045,456,-1.8176,0,0
0.62929037839436,457,-1.8172,0,0
0.62929042175304,458,-1.8168,0,0
0.62929046520648,459,-1.8164,0,0
0.6292905087547,460,-1.816,0,0
0.62929055239768,461,-1.8156,0,0
0.62929059613544,462,-1.8152,0,0
0.62929063996796,463,-1.8148,0,0
0.62929068389525,464,-1.8144,0,0
0.62929072791731,465,-1.814,0,0
0.62929077203414,466,-1.8136,0,0
0.62929081624574,467,-1.8132,0,0
0.62929086055211,468,-1.8128,0,0
0.62929090495324,469,-1.8124,0,0
0.62929094944915,470,-1.812,0,0
0.62929099403982,471,-1.8116,0,0
0.62929103872526,472,-1.8112,0,0
0.62929108350547,473,-1.8108,0,0
0.62929112838045,474,-1.8104,0,0
0.6292911733502,475,-1.81,0,0
0.62929121841472,476,-1.8096,0,0
0.62929126357401,477,-1.8092,0,0
0.62929130882806,478,-1.8088,0,0
0.62929135417689,479,-1.8084,0,0
0.62929139962048,480,-1.808,0,0
0.62929144515884,481,-1.8076,0,0
0.62929149079197,482,-1.8072,0,0
0.62929153651987,483,-1.8068,0,0
0.62929158234253,484,-1.8064,0,0
0.62929162825997,485,-1.806,0,0
0.62929167427217,486,-1.8056,0,0
0.62929172037914,487,-1.8052,0,0
0.62929176658088,488,-1.8048,0,0
0.62929181287739,489,-1.8044,0,0
0.62929185926867,490,-1.804,0,0
0.62929190575471,491,-1.8036,0,0
0.62929195233552,492,-1.8032,0,0
0.6292919990111,493,-1.8028,0,0
0.62929204578145,494,-1.8024,0,0
0.62929209264657,495,-1.802,0,0
0.62929213960646,496,-1.8016,0,0
0.62929218666111,497,-1.8012,0,0
0.62929223381053,498,-1.8008,0,0
0.62929228105472,499,-1.8004,0,0
0.62929232839368,500,-1.8,0,0
0.62929237582741,501,-1.7996,0,0
0.6292924233559,502,-1.7992,0,0
0.62929247097916,503,-1.7988,0,0
0.62929251869719,504,-1.7984,0,0
0.62929256650999,505,-1.798,0,0
0.62929261441756,506,-1.7976,0,0
0.62929266241989,507,-1.7972,0,0
0.62929271051699,508,-1.7968,0,0
0.62929275870886,509,-1.7964,0,0
0.6292928069955,510,-1.796,0,0
0.6292928553769,511,-1.7956,0,0
0.62929290385307,512,-1.7952,0,0
0.62929295242401,513,-1.7948,0,0
0.62929300108972,514,-1.7944,0,0
0.6292930498502,515,-1.794,0,0
0.62929309870544,516,-1.7936,0,0
0.62929314765545,517,-1.7932,0,0
0.62929319670023,518,-1.7928,0,0
0.62929324583977,519,-1.7924,0,0
0.62929329507409,520,-1.792,0,0
0.62929334440317,521,-1.7916,0,0
0.62929339382701,522,-1.7912,0,0
0.62929344334563,523,-1.7908,0,0
0.62929349295901,524,-1.7904,0,0
0.62929354266716,525,-1.79,0,0
0.62929359247008,526,-1.7896,0,0
0.62929364236776,527,-1.7892,0,0
0.62929369236021,528,-1.7888,0,0
0.62929374244743,529,-1.7884,0,0
0.62929379262942,530,-1.788,0,0
0.62929384290617,531,-1.7876,0,0
0.62929389327769,532,-1.7872,0,0
0.62929394374398,533,-1.7868,0,0
0.62929399430503,534,-1.7864,0,0
0.62929404496086,535,-1.786,0,0
0.62929409571144,536,-1.7856,0,0
0.6292941465568,537,-1.7852,0,0
0.62929419749692,538,-1.7848,0,0
0.62929424853181,539,-1.7844,0,0
0.62929429966147,540,-1.784,0,0
0.62929435088589,541,-1.7836,0,0
0.62929440220508,542,-1.7832,0,0
0.62929445361903,543,-1.7828,0,0
0.62929450512776,544,-1.7824,0,0
0.62929455673125,545,-1.782,0,0
0.6292946084295,546,-1.7816,0,0
0.62929466022253,547,-1.7812,0,0
0.62929471211032,548,-1.7808,0,0
0.62929476409287,549,-1.7804,0,0
0.6292948161702,550,-1.78,0,0
0.62929486834229,551,-1.7796,0,0
0.62929492060914,552,-1.7792,0,0
0.62929497297077,553,-1.7788,0,0
0.62929502542715,554,-1.7784,0,0
0.62929507797831,555,-1.778,0,0
0.62929513062423,556,-1.7776,0,0
0.62929518336492,557,-1.7772,0,0
0.62929523620037,558,-1.7768,0,0
0.62929528913059,559,-1.7764,0,0
0.62929534215558,560,-1.776,0,0
0.62929539527533,561,-1.7756,0,0
0.62929544848985,562,-1.7752,0,0
0.62929550179914,563,-1.7748,0,0
0.62929555520319,564,-1.7744,0,0
0.62929560870201,565,-1.774,0,0
0.62929566229559,566,-1.7736,0,0
0.62929571598394,567,-1.7732,0,0
0.62929576976706,568,-1.7728,0,0
0.62929582364494,569,-1.7724,0,0
0.62929587761759,570,-1.772,0,0
0.629295931685,571,-1.7716,0,0
0.62929598584718,572,-1.7712,0,0
0.62929604010413,573,-1.7708,0,0
0.62929609445584,574,-1.7704,0,0
0.62929614890232,575,-1.77,0,0
0.62929620344356,576,-1.7696,0,0
0.62929625807957,577,-1.7692,0,0
0.62929631281034,578,-1.7688,0,0
0.62929636763588,579,-1.7684,0,0
0.62929642255619,580,-1.768,0,0
0.62929647757126,581,-1.7676,0,0
0.62929653268109,582,-1.7672,0,0
0.6292965878857,583,-1.7668,0,0
0.62929664318506,584,-1.7664,0,0
0.6292966985792,585,-1.766,0,0
0.62929675406809,586,-1.7656,0,0
0.62929680965176,587,-1.7652,0,0
0.62929686533019,588,-1.7648,0,0
0.62929692110338,589,-1.7644,0,0
0.62929697697134,590,-1.764,0,0
0.62929703293407,591,-1.7636,0,0
0.62929708899156,592,-1.7632,0,0
0.62929714514381,593,-1.7628,0,0
0.62929720139083,594,-1.7624,0,0
0.62929725773262,595,-1.762,0,0
0.62929731416917,596,-1.7616,0,0
0.62929737070049,597,-1.7612,0,0
0.62929742732657,598,-1.7608,0,0
0.62929748404741,599,-1.7604,0,0
0.62929754086302,600,-1.76,0,0
0.6292975977734,601,-1.7596,0,0
0.62929765477854,602,-1.7592,0,0
0.62929771187845,603,-1.7588,0,0
0.62929776907312,604,-1.7584,0,0
0.62929782636255,605,-1.758,0,0
0.62929788374675,606,-1.7576,0,0
0.62929794122572,607,-1.7572,0,0
0.62929799879945,608,-1.7568,0,0
0.62929805646794,609,-1.7564,0,0
0.6292981142312,610,-1.756,0,0
0.62929817208922,611,-1.7556,0,0
0.62929823004201,612,-1.7552,0,0
0.62929828808956,613,-1.7548,0,0
0.62929834623188,614,-1.7544,0,0
0.62929840446896,615,-1.754,0,0
0.6292984628008,616,-1.7536,0,0
0.62929852122741,617,-1.7532,0,0
0.62929857974879,618,-1.7528,0,0
0.62929863836493,619,-1.7524,0,0
0.62929869707583,620,-1.752,0,0
0.6292987558815,621,-1.7516,0,0
0.62929881478193,622,-1.7512,0,0
0.62929887377712,623,-1.7508,0,0
0.62929893286708,624,-1.7504,0,0
0.62929899205181,625,-1.75,0,0
0.62929905133129,626,-1.7496,0,0
0.62929911070555,627,-1.7492,0,0
0.62929917017456,628,-1.7488,0,0
0.62929922973834,629,-1.7484,0,0
0.62929928939689,630,-1.748,0,0
0.62929934915019,631,-1.7476,0,0
0.62929940899826,632,-1.7472,0,0
0.6292994689411,633,-1.7468,0,0
0.6292995289787,634,-1.7464,0,0
0.62929958911106,635,-1.746,0,0
0.62929964933819,636,-1.7456,0,0
0.62929970966008,637,-1.7452,0,0
0.62929977007673,638,-1.7448,0,0
0.62929983058815,639,-1.7444,0,0
0.62929989119433,640,-1.744,0,0
0.62929995189528,641,-1.7436,0,0
0.62930001269098,642,-1.7432,0,0
0.62930007358145,643,-1.7428,0,0
0.62930013456669,644,-1.7424,0,0
0.62930019564669,645,-1.742,0,0
0.62930025682145,646,-1.7416,0,0
0.62930031809097,647,-1.7412,0,0
0.62930037945526,648,-1.7408,0,0
0.62930044091431,649,-1.7404,0,0
0.62930050246813,650,-1.74,0,0
0.62930056411671,651,-1.7396,0,0
0.62930062586005,652,-1.7392,0,0
0.62930068769815,653,-1.7388,0,0
0.62930074963102,654,-1.7384,0,0
0.62930081165865,655,-1.738,0,0
0.62930087378104,656,-1.7376,0,0
0.6293009359982,657,-1.7372,0,0
0.62930099831012,658,-1.7368,0,0
0.6293010607168,659,-1.7364,0,0
0.62930112321824,660,-1.736,0,0
0.62930118581445,661,-1.7356,0,0
0.62930124850542,662,-1.7352,0,0
0.62930131129115,663,-1.7348,0,0
0.62930137417165,664,-1.7344,0,0
0.62930143714691,665,-1.734,0,0
0.62930150021693,666,-1.7336,0,0
0.62930156338171,667,-1.7332,0,0
0.62930162664126,668,-1.7328,0,0
0.62930168999557,669,-1.7324,0,0
0.62930175344464,670,-1.732,0,0
0.62930181698847,671,-1.7316,0,0
0.62930188062707,672,-1.7312,0,0
0.62930194436043,673,-1.7308,0,0
0.62930200818855,674,-1.7304,0,0
0.62930207211143,675,-1.73,0,0
0.62930213612907,676,-1.7296,0,0
0.62930220024148,677,-1.7292,0,0
0.62930226444865,678,-1.7288,0,0
0.62930232875058,679,-1.7284,0,0
0.62930239314728,680,-1.728,0,0
0.62930245763873,681,-1.7276,0,0
0.62930252222495,682,-1.7272,0,0
0.62930258690593,683,-1.7268,0,0
0.62930265168167,684,-1.7264,0,0
0.62930271655217,685,-1.726,0,0
0.62930278151744,686,-1.7256,0,0
0.62930284657747,687,-1.7252,0,0
0.62930291173226,688,-1.7248,0,0
0.62930297698181,689,-1.7244,0,0
0.62930304232612,690,-1.724,0,0
0.62930310776519,691,-1.7236,0,0
0.62930317329903,692,-1.7232,0,0
0.62930323892763,693,-1.7228,0,0
0.62930330465099,694,-1.7224,0,0
0.62930337046911,695,-1.722,0,0
0.62930343638199,696,-1.7216,0,0
0.62930350238963,697,-1.7212,0,0
0.62930356849204,698,-1.7208,0,0
0.6293036346892,699,-1.7204,0,0
0.62930370098113,700,-1.72,0,0
0.62930376736782,701,-1.7196,0,0
0.62930383384927,702,-1.7192,0,0
0.62930390042548,703,-1.7188,0,0
0.62930396709645,704,-1.7184,0,0
0.62930403386218,705,-1.718,0,0
0.62930410072268,706,-1.7176,0,0
0.62930416767793,707,-1.7172,0,0
0.62930423472795,708,-1.7168,0,0
0.62930430187273,709,-1.7164,0,0
0.62930436911227,710,-1.716,0,0
0.62930443644657,711,-1.7156,0,0
0.62930450387563,712,-1.7152,0,0
0.62930457139945,713,-1.7148,0,0
0.62930463901803,714,-1.7144,0,0
0.62930470673137,715,-1.714,0,0
0.62930477453947,716,-1.7136,0,0
0.62930484244234,717,-1.7132,0,0
0.62930491043996,718,-1.7128,0,0
0.62930497853235,719,-1.7124,0,0
0.62930504671949,720,-1.712,0,0
0.6293051150014,721,-1.7116,0,0
0.62930518337806,722,-1.7112,0,0
0.62930525184949,723,-1.7108,0,0
0.62930532041568,724,-1.7104,0,0
0.62930538907662,725,-1.71,0,0
0.62930545783233,726,-1.7096,0,0
0.6293055266828,727,-1.7092,0,0
0.62930559562803,728,-1.7088,0,0
0.62930566466802,729,-1.7084,0,0
0.62930573380276,730,-1.708,0,0
0.62930580303227,731,-1.7076,0,0
0.62930587235654,732,-1.7072,0,0
0.62930594177557,733,-1.7068,0,0
0.62930601128936,734,-1.7064,0,0
0.62930608089791,735,-1.706,0,0
0.62930615060121,736,-1.7056,0,0
0.62930622039928,737,-1.7052,0,0
0.62930629029211,738,-1.7048,0,0
0.6293063602797,739,-1.7044,0,0
0.62930643036204,740,-1.704,0,0
0.62930650053915,741,-1.7036,0,0
0.62930657081102,742,-1.7032,0,0
0.62930664117764,743,-1.7028,0,0
0.62930671163903,744,-1.7024,0,0
0.62930678219517,745,-1.702,0,0
0.62930685284608,746,-1.7016,0,0
0.62930692359174,747,-1.7012,0,0
0.62930699443217,748,-1.7008,0,0
0.62930706536735,749,-1.7004,0,0
0.62930713639729,750,-1.7,0,0
0.62930720752199,751,-1.6996,0,0
0.62930727874145,752,-1.6992,0,0
0.62930735005567,753,-1.6988,0,0
0.62930742146465,754,-1.6984,0,0
0.62930749296839,755,-1.698,0,0
0.62930756456689,756,-1.6976,0,0
0.62930763626014,757,-1.6972,0,0
0.62930770804816,758,-1.6968,0,0
0.62930777993093,759,-1.6964,0,0
0.62930785190846,760,-1.696,0,0
0.62930792398075,761,-1.6956,0,0
0.6293079961478,762,-1.6952,0,0
0.62930806840961,763,-1.6948,0,0
0.62930814076618,764,-1.6944,0,0
0.62930821321751,765,-1.694,0,0
0.62930828576359,766,-1.6936,0,0
0.62930835840443,767,-1.6932,0,0
0.62930843114004,768,-1.6928,0,0
0.6293085039704,769,-1.6924,0,0
0.62930857689551,770,-1.692,0,0
0.62930864991539,771,-1.6916,0,0
0.62930872303003,772,-1.6912,0,0
0.62930879623942,773,-1.6908,0,0
0.62930886954357,774,-1.6904,0,0
0.62930894294248,775,-1.69,0,0
0.62930901643615,776,-1.6896,0,0
0.62930909002458,777,-1.6892,0,0
0.62930916370776,778,-1.6888,0,0
0.62930923748571,779,-1.6884,0,0
0.62930931135841,780,-1.688,0,0
0.62930938532586,781,-1.6876,0,0
0.62930945938808,782,-1.6872,0,0
0.62930953354506,783,-1.6868,0,0
0.62930960779679,784,-1.6864,0,0
0.62930968214328,785,-1.686,0,0
0.62930975658453,786,-1.6856,0,0
0.62930983112053,787,-1.6852,0,0
0.62930990575129,788,-1.6848,0,0
0.62930998047681,789,-1.6844,0,0
0.62931005529709,790,-1.684,0,0
0.62931013021213,791,-1.6836,0,0
0.62931020522192,792,-1.6832,0,0
0.62931028032647,793,-1.6828,0,0
0.62931035552578,794,-1.6824,0,0
0.62931043081985,795,-1.682,0,0
0.62931050620867,796,-1.6816,0,0
0.62931058169225,797,-1.6812,0,0
0.62931065727059,798,-1.6808,0,0
0.62931073294368,799,-1.6804,0,0
0.62931080871153,800,-1.68,0,0
0.62931088457414,801,-1.6796,0,0
0.62931096053151,802,-1.6792,0,0
0.62931103658363,803,-1.6788,0,0
0.62931111273051,804,-1.6784,0,0
0.62931118897214,805,-1.678,0,0
0.62931126530854,806,-1.6776,0,0
0.62931134173969,807,-1.6772,0,0
0.62931141826559,808,-1.6768,0,0
0.62931149488626,809,-1.6764,0,0
0.62931157160168,810,-1.676,0,0
0.62931164841185,811,-1.6756,0,0
0.62931172531679,812,-1.6752,0,0
0.62931180231648,813,-1.6748,0,0
0.62931187941092,814,-1.6744,0,0
0.62931195660012,815,-1.674,0,0
0.62931203388408,816,-1.6736,0,0
0.6293121112628,817,-1.6732,0,0
0.62931218873627,818,-1.6728,0,0
0.6293122663045,819,-1.6724,0,0
0.62931234396748,820,-1.672,0,0
0.62931242172522,821,-1.6716,0,0
0.62931249957772,822,-1.6712,0,0
0.62931257752497,823,-1.6708,0,0
0.62931265556698,824,-1.6704,0,0
0.62931273370375,825,-1.67,0,0
0.62931281193527,826,-1.6696,0,0
0.62931289026154,827,-1.6692,0,0
0.62931296868257,828,-1.6688,0,0
0.62931304719836,829,-1.6684,0,0
0.62931312580891,830,-1.668,0,0
0.62931320451421,831,-1.6676,0,0
0.62931328331426,832,-1.6672,0,0
0.62931336220907,833,-1.6668,0,0
0.62931344119864,834,-1.6664,0,0
0.62931352028296,835,-1.666,0,0
0.62931359946204,836,-1.6656,0,0
0.62931367873587,837,-1.6652,0,0
0.62931375810446,838,-1.6648,0,0
0.6293138375678,839,-1.6644,0,0
0.6293139171259,840,-1.664,0,0
0.62931399677875,841,-1.6636,0,0
0.62931407652636,842,-1.6632,0,0
0.62931415636873,843,-1.6628,0,0
0.62931423630584,844,-1.6624,0,0
0.62931431633772,845,-1.662,0,0
0.62931439646435,846,-1.6616,0,0
0.62931447668573,847,-1.6612,0,0
0.62931455700187,848,-1.6608,0,0
0.62931463741277,849,-1.6604,0,0
0.62931471791841,850,-1.66,0,0
0.62931479851882,851,-1.6596,0,0
0.62931487921398,852,-1.6592,0,0
0.62931496000389,853,-1.6588,0,0
0.62931504088856,854,-1.6584,0,0
0.62931512186798,855,-1.658,0,0
0.62931520294215,856,-1.6576,0,0
0.62931528411109,857,-1.6572,0,0
0.62931536537477,858,-1.6568,0,0
0.62931544673321,859,-1.6564,0,0
0.62931552818641,860,-1.656,0,0
0.62931560973435,861,-1.6556,0,0
0.62931569137706,862,-1.6552,0,0
0.62931577311451,863,-1.6548,0,0
0.62931585494672,864,-1.6544,0,0
0.62931593687369,865,-1.654,0,0
0.62931601889541,866,-1.6536,0,0
0.62931610101188,867,-1.6532,0,0
0.62931618322311,868,-1.6528,0,0
0.62931626552909,869,-1.6524,0,0
0.62931634792982,870,-1.652,0,0
0.62931643042531,871,-1.6516,0,0
0.62931651301555,872,-1.6512,0,0
0.62931659570055,873,-1.6508,0,0
0.6293166784803,874,-1.6504,0,0
0.6293167613548,875,-1.65,0,0
0.62931684432406,876,-1.6496,0,0
0.62931692738807,877,-1.6492,0,0
0.62931701054683,878,-1.6488,0,0
0.62931709380035,879,-1.6484,0,0
0.62931717714862,880,-1.648,0,0
0.62931726059164,881,-1.6476,0,0
0.62931734412942,882,-1.6472,0,0
0.62931742776195,883,-1.6468,0,0
0.62931751148923,884,-1.6464,0,0
0.62931759531127,885,-1.646,0,0
0.62931767922806,886,-1.6456,0,0
0.6293177632396,887,-1.6452,0,0
0.6293178473459,888,-1.6448,0,0
0.62931793154695,889,-1.6444,0,0
0.62931801584275,890,-1.644,0,0
0.6293181002333,891,-1.6436,0,0
0.62931818471861,892,-1.6432,0,0
0.62931826929867,893,-1.6428,0,0
0.62931835397348,894,-1.6424,0,0
0.62931843874304,895,-1.642,0,0
0.62931852360736,896,-1.6416,0,0
0.62931860856643,897,-1.6412,0,0
0.62931869362025,898,-1.6408,0,0
0.62931877876883,899,-1.6404,0,0
0.62931886401216,900,-1.64,0,0
0.62931894935023,901,-1.6396,0,0
0.62931903478307,902,-1.6392,0,0
0.62931912031065,903,-1.6388,0,0
0.62931920593299,904,-1.6384,0,0
0.62931929165007,905,-1.638,0,0
0.62931937746191,906,-1.6376,0,0
0.62931946336851,907,-1.6372,0,0
0.62931954936985,908,-1.6368,0,0
0.62931963546595,909,-1.6364,0,0
0.62931972165679,910,-1.636,0,0
0.62931980794239,911,-1.6356,0,0
0.62931989432274,912,-1.6352,0,0
0.62931998079785,913,-1.6348,0,0
0.6293200673677,914,-1.6344,0,0
0.62932015403231,915,-1.634,0,0
0.62932024079167,916,-1.6336,0,0
0.62932032764577,917,-1.6332,0,0
0.62932041459463,918,-1.6328,0,0
0.62932050163825,919,-1.6324,0,0
0.62932058877661,920,-1.632,0,0
0.62932067600972,921,-1.6316,0,0
0.62932076333759,922,-1.6312,0,0
0.62932085076021,923,-1.6308,0,0
0.62932093827758,924,-1.6304,0,0
0.62932102588969,925,-1.63,0,0
0.62932111359656,926,-1.6296,0,0
0.62932120139819,927,-1.6292,0,0
0.62932128929456,928,-1.6288,0,0
0.62932137728568,929,-1.6284,0,0
0.62932146537155,930,-1.628,0,0
0.62932155355218,931,-1.6276,0,0
0.62932164182755,932,-1.6272,0,0
0.62932173019768,933,-1.6268,0,0
0.62932181866256,934,-1.6264,0,0
0.62932190722218,935,-1.626,0,0
0.62932199587656,936,-1.6256,0,0
0.62932208462569,937,-1.6252,0,0
0.62932217346957,938,-1.6248,0,0
0.6293222624082,939,-1.6244,0,0
0.62932235144158,940,-1.624,0,0
0.6293224405697,941,-1.6236,0,0
0.62932252979258,942,-1.6232,0,0
0.62932261911021,943,-1.6228,0,0
0.62932270852259,944,-1.6224,0,0
0.62932279802972,945,-1.622,0,0
0.6293228876316,946,-1.6216,0,0
0.62932297732823,947,-1.6212,0,0
0.62932306711961,948,-1.6208,0,0
0.62932315700574,949,-1.6204,0,0
0.62932324698662,950,-1.62,0,0
0.62932333706225,951,-1.6196,0,0
0.62932342723263,952,-1.6192,0,0
0.62932351749775,953,-1.6188,0,0
0.62932360785763,954,-1.6184,0,0
0.62932369831226,955,-1.618,0,0
0.62932378886164,956,-1.6176,0,0
0.62932387950576,957,-1.6172,0,0
0.62932397024464,958,-1.6168,0,0
0.62932406107826,959,-1.6164,0,0
0.62932415200663,960,-1.616,0,0
0.62932424302976,961,-1.6156,0,0
0.62932433414763,962,-1.6152,0,0
0.62932442536025,963,-1.6148,0,0
0.62932451666762,964,-1.6144,0,0
0.62932460806974,965,-1.614,0,0
0.62932469956661,966,-1.6136,0,0
0.62932479115822,967,-1.6132,0,0
0.62932488284459,968,-1.6128,0,0
0.6293249746257,969,-1.6124,0,0
0.62932506650157,970,-1.612,0,0
0.62932515847218,971,-1.6116,0,0
0.62932525053754,972,-1.6112,0,0
0.62932534269765,973,-1.6108,0,0
0.6293254349525,974,-1.6104,0,0
0.62932552730211,975,-1.61,0,0
0.62932561974646,976,-1.6096,0,0
0.62932571228557,977,-1.6092,0,0
0.62932580491942,978,-1.6088,0,0
0.62932589764801,979,-1.6084,0,0
0.62932599047136,980,-1.608,0,0
0.62932608338946,981,-1.6076,0,0
0.6293261764023,982,-1.6072,0,0
0.62932626950989,983,-1.6068,0,0
0.62932636271223,984,-1.6064,0,0
0.62932645600932,985,-1.606,0,0
0.62932654940115,986,-1.6056,0,0
0.62932664288773,987,-1.6052,0,0
0.62932673646906,988,-1.6048,0,0
0.62932683014514,989,-1.6044,0,0
0.62932692391596,990,-1.604,0,0
0.62932701778154,991,-1.6036,0,0
0.62932711174186,992,-1.6032,0,0
0.62932720579692,993,-1.6028,0,0
0.62932729994674,994,-1.6024,0,0
0.6293273941913,995,-1.602,0,0
0.62932748853061,996,-1.6016,0,0
0.62932758296467,997,-1.6012,0,0
0.62932767749347,998,-1.6008,0,0
0.62932777211702,999,-1.6004,0,0
0.62932786683532,1000,-1.6,0,0
0.62932796164837,1001,-1.5996,0,0
0.62932805655616,1002,-1.5992,0,0
0.6293281515587,1003,-1.5988,0,0
0.62932824665598,1004,-1.5984,0,0
0.62932834184801,1005,-1.598,0,0
0.62932843713479,1006,-1.5976,0,0
0.62932853251632,1007,-1.5972,0,0
0.62932862799259,1008,-1.5968,0,0
0.62932872356361,1009,-1.5964,0,0
0.62932881922937,1010,-1.596,0,0
0.62932891498989,1011,-1.5956,0,0
0.62932901084514,1012,-1.5952,0,0
0.62932910679515,1013,-1.5948,0,0
0.6293292028399,1014,-1.5944,0,0
0.62932929897939,1015,-1.594,0,0
0.62932939521364,1016,-1.5936,0,0
0.62932949154263,1017,-1.5932,0,0
0.62932958796636,1018,-1.5928,0,0
0.62932968448484,1019,-1.5924,0,0
0.62932978109807,1020,-1.592,0,0
0.62932987780604,1021,-1.5916,0,0
0.62932997460876,1022,-1.5912,0,0
0.62933007150622,1023,-1.5908,0,0
0.62933016849843,1024,-1.5904,0,0
0.62933026558539,1025,-1.59,0,0
0.62933036276709,1026,-1.5896,0,0
0.62933046004353,1027,-1.5892,0,0
0.62933055741473,1028,-1.5888,0,0
0.62933065488066,1029,-1.5884,0,0
0.62933075244135,1030,-1.588,0,0
0.62933085009677,1031,-1.5876,0,0
0.62933094784695,1032,-1.5872,0,0
0.62933104569186,1033,-1.5868,0,0
0.62933114363153,1034,-1.5864,0,0
0.62933124166594,1035,-1.586,0,0
0.62933133979509,1036,-1.5856,0,0
0.62933143801899,1037,-1.5852,0,0
0.62933153633763,1038,-1.5848,0,0
0.62933163475102,1039,-1.5844,0,0
0.62933173325915,1040,-1.584,0,0
0.62933183186203,1041,-1.5836,0,0
0.62933193055965,1042,-1.5832,0,0
0.62933202935201,1043,-1.5828,0,0
0.62933212823913,1044,-1.5824,0,0
0.62933222722098,1045,-1.582,0,0
0.62933232629758,1046,-1.5816,0,0
0.62933242546892,1047,-1.5812,0,0
0.62933252473501,1048,-1.5808,0,0
0.62933262409585,1049,-1.5804,0,0
0.62933272355142,1050,-1.58,0,0
0.62933282310174,1051,-1.5796,0,0
0.62933292274681,1052,-1.5792,0,0
0.62933302248662,1053,-1.5788,0,0
0.62933312232117,1054,-1.5784,0,0
0.62933322225047,1055,-1.578,0,0
0.62933332227451,1056,-1.5776,0,0
0.62933342239329,1057,-1.5772,0,0
0.62933352260682,1058,-1.5768,0,0
0.62933362291509,1059,-1.5764,0,0
0.6293337233181,1060,-1.576,0,0
0.62933382381586,1061,-1.5756,0,0
0.62933392440836,1062,-1.5752,0,0
0.62933402509561,1063,-1.5748,0,0
0.6293341258776,1064,-1.5744,0,0
0.62933422675433,1065,-1.574,0,0
0.62933432772581,1066,-1.5736,0,0
0.62933442879202,1067,-1.5732,0,0
0.62933452995299,1068,-1.5728,0,0
0.62933463120869,1069,-1.5724,0,0
0.62933473255914,1070,-1.572,0,0
0.62933483400433,1071,-1.5716,0,0
0.62933493554426,1072,-1.5712,0,0
0.62933503717894,1073,-1.5708,0,0
0.62933513890835,1074,-1.5704,0,0
0.62933524073252,1075,-1.57,0,0
0.62933534265142,1076,-1.5696,0,0
0.62933544466507,1077,-1.5692,0,0
0.62933554677345,1078,-1.5688,0,0
0.62933564897659,1079,-1.5684,0,0
0.62933575127446,1080,-1.568,0,0
0.62933585366708,1081,-1.5676,0,0
0.62933595615443,1082,-1.5672,0,0
0.62933605873653,1083,-1.5668,0,0
0.62933616141338,1084,-1.5664,0,0
0.62933626418496,1085,-1.566,0,0
0.62933636705129,1086,-1.5656,0,0
0.62933647001236,1087,-1.5652,0,0
0.62933657306817,1088,-1.5648,0,0
0.62933667621872,1089,-1.5644,0,0
0.62933677946401,1090,-1.564,0,0
0.62933688280405,1091,-1.5636,0,0
0.62933698623883,1092,-1.5632,0,0
0.62933708976835,1093,-1.5628,0,0
0.62933719339261,1094,-1.5624,0,0
0.62933729711161,1095,-1.562,0,0
0.62933740092535,1096,-1.5616,0,0
0.62933750483384,1097,-1.5612,0,0
0.62933760883706,1098,-1.5608,0,0
0.62933771293503,1099,-1.5604,0,0
0.62933781712774,1100,-1.56,0,0
0.62933792141519,1101,-1.5596,0,0
0.62933802579738,1102,-1.5592,0,0
0.62933813027431,1103,-1.5588,0,0
0.62933823484598,1104,-1.5584,0,0
0.62933833951239,1105,-1.558,0,0
0.62933844427355,1106,-1.5576,0,0
0.62933854912944,1107,-1.5572,0,0
0.62933865408008,1108,-1.5568,0,0
0.62933875912545,1109,-1.5564,0,0
0.62933886426557,1110,-1.556,0,0
0.62933896950043,1111,-1.5556,0,0
0.62933907483002,1112,-1.5552,0,0
0.62933918025436,1113,-1.5548,0,0
0.62933928577344,1114,-1.5544,0,0
0.62933939138726,1115,-1.554,0,0
0.62933949709581,1116,-1.5536,0,0
0.62933960289911,1117,-1.5532,0,0
0.62933970879715,1118,-1.5528,0,0
0.62933981478993,1119,-1.5524,0,0
0.62933992087745,1120,-1.552,0,0
0.6293400270597,1121,-1.5516,0,0
0.6293401333367,1122,-1.5512,0,0
0.62934023970844,1123,-1.5508,0,0
0.62934034617492,1124,-1.5504,0,0
0.62934045273613,1125,-1.55,0,0
0.62934055939209,1126,-1.5496,0,0
0.62934066614279,1127,-1.5492,0,0
0.62934077298822,1128,-1.5488,0,0
0.62934087992839,1129,-1.5484,0,0
0.62934098696331,1130,-1.548,0,0
0.62934109409296,1131,-1.5476,0,0
0.62934120131735,1132,-1.5472,0,0
0.62934130863648,1133,-1.5468,0,0
0.62934141605035,1134,-1.5464,0,0
0.62934152355896,1135,-1.546,0,0
0.62934163116231,1136,-1.5456,0,0
0.6293417388604,1137,-1.5452,0,0
0.62934184665322,1138,-1.5448,0,0
0.62934195454079,1139,-1.5444,0,0
0.62934206252309,1140,-1.544,0,0
0.62934217060013,1141,-1.5436,0,0
0.62934227877191,1142,-1.5432,0,0
0.62934238703843,1143,-1.5428,0,0
0.62934249539969,1144,-1.5424,0,0
0.62934260385568,1145,-1.542,0,0
0.62934271240641,1146,-1.5416,0,0
0.62934282105189,1147,-1.5412,0,0
0.6293429297921,1148,-1.5408,0,0
0.62934303862704,1149,-1.5404,0,0
0.62934314755673,1150,-1.54,0,0
0.62934325658115,1151,-1.5396,0,0
0.62934336570031,1152,-1.5392,0,0
0.62934347491421,1153,-1.5388,0,0
0.62934358422285,1154,-1.5384,0,0
0.62934369362623,1155,-1.538,0,0
0.62934380312434,1156,-1.5376,0,0
0.62934391271719,1157,-1.5372,0,0
0.62934402240477,1158,-1.5368,0,0
0.6293441321871,1159,-1.5364,0,0
0.62934424206416,1160,-1.536,0,0
0.62934435203596,1161,-1.5356,0,0
0.6293444621025,1162,-1.5352,0,0
0.62934457226377,1163,-1.5348,0,0
0.62934468251978,1164,-1.5344,0,0
0.62934479287053,1165,-1.534,0,0
0.62934490331601,1166,-1.5336,0,0
0.62934501385624,1167,-1.5332,0,0
0.62934512449119,1168,-1.5328,0,0
0.62934523522089,1169,-1.5324,0,0
0.62934534604532,1170,-1.532,0,0
0.62934545696449,1171,-1.5316,0,0
0.62934556797839,1172,-1.5312,0,0
0.62934567908704,1173,-1.5308,0,0
0.62934579029041,1174,-1.5304,0,0
0.62934590158853,1175,-1.53,0,0
0.62934601298138,1176,-1.5296,0,0
0.62934612446897,1177,-1.5292,0,0
0.62934623605129,1178,-1.5288,0,0
0.62934634772835,1179,-1.5284,0,0
0.62934645950014,1180,-1.528,0,0
0.62934657136667,1181,-1.5276,0,0
0.62934668332794,1182,-1.5272,0,0
0.62934679538394,1183,-1.5268,0,0
0.62934690753468,1184,-1.5264,0,0
0.62934701978016,1185,-1.526,0,0
0.62934713212037,1186,-1.5256,0,0
0.62934724455531,1187,-1.5252,0,0
0.62934735708499,1188,-1.5248,0,0
0.62934746970941,1189,-1.5244,0,0
0.62934758242856,1190,-1.524,0,0
0.62934769524245,1191,-1.5236,0,0
0.62934780815107,1192,-1.5232,0,0
0.62934792115443,1193,-1.5228,0,0
0.62934803425252,1194,-1.5224,0,0
0.62934814744535,1195,-1.522,0,0
0.62934826073291,1196,-1.5216,0,0
0.62934837411521,1197,-1.5212,0,0
0.62934848759224,1198,-1.5208,0,0
0.62934860116401,1199,-1.5204,0,0
0.62934871483051,1200,-1.52,0,0
0.62934882859175,1201,-1.5196,0,0
0.62934894244772,1202,-1.5192,0,0
0.62934905639842,1203,-1.5188,0,0
0.62934917044386,1204,-1.5184,0,0
0.62934928458404,1205,-1.518,0,0
0.62934939881895,1206,-1.5176,0,0
0.62934951314859,1207,-1.5172,0,0
0.62934962757297,1208,-1.5168,0,0
0.62934974209208,1209,-1.5164,0,0
0.62934985670592,1210,-1.516,0,0
0.6293499714145,1211,-1.5156,0,0
0.62935008621782,1212,-1.5152,0,0
0.62935020111586,1213,-1.5148,0,0
0.62935031610864,1214,-1.5144,0,0
0.62935043119616,1215,-1.514,0,0
0.6293505463784,1216,-1.5136,0,0
0.62935066165539,1217,-1.5132,0,0
0.6293507770271,1218,-1.5128,0,0
0.62935089249355,1219,-1.5124,0,0
0.62935100805473,1220,-1.512,0,0
0.62935112371065,1221,-1.5116,0,0
0.62935123946129,1222,-1.5112,0,0
0.62935135530668,1223,-1.5108,0,0
0.62935147124679,1224,-1.5104,0,0
0.62935158728164,1225,-1.51,0,0
0.62935170341122,1226,-1.5096,0,0
0.62935181963553,1227,-1.5092,0,0
0.62935193595458,1228,-1.5088,0,0
0.62935205236836,1229,-1.5084,0,0
0.62935216887687,1230,-1.508,0,0
0.62935228548011,1231,-1.5076,0,0
0.62935240217809,1232,-1.5072,0,0
0.6293525189708,1233,-1.5068,0,0
0.62935263585824,1234,-1.5064,0,0
0.62935275284041,1235,-1.506,0,0
0.62935286991732,1236,-1.5056,0,0
0.62935298708895,1237,-1.5052,0,0
0.62935310435532,1238,-1.5048,0,0
0.62935322171643,1239,-1.5044,0,0
0.62935333917226,1240,-1.504,0,0
0.62935345672283,1241,-1.5036,0,0
0.62935357436812,1242,-1.5032,0,0
0.62935369210815,1243,-1.5028,0,0
0.62935380994292,1244,-1.5024,0,0
0.62935392787241,1245,-1.502,0,0
0.62935404589663,1246,-1.5016,0,0
0.62935416401559,1247,-1.5012,0,0
0.62935428222928,1248,-1.5008,0,0
0.62935440053769,1249,-1.5004,0,0
0.62935451894084,1250,-1.5,0,0
0.62935463743873,1251,-1.4996,0,0
0.62935475603134,1252,-1.4992,0,0
0.62935487471868,1253,-1.4988,0,0
0.62935499350076,1254,-1.4984,0,0
0.62935511237756,1255,-1.498,0,0
0.6293552313491,1256,-1.4976,0,0
0.62935535041536,1257,-1.4972,0,0
0.62935546957636,1258,-1.4968,0,0
0.62935558883209,1259,-1.4964,0,0
0.62935570818255,1260,-1.496,0,0
0.62935582762774,1261,-1.4956,0,0
0.62935594716766,1262,-1.4952,0,0
0.62935606680231,1263,-1.4948,0,0
0.62935618653169,1264,-1.4944,0,0
0.6293563063558,1265,-1.494,0,0
0.62935642627464,1266,-1.4936,0,0
0.62935654628821,1267,-1.4932,0,0
0.62935666639651,1268,-1.4928,0,0
0.62935678659954,1269,-1.4924,0,0
0.6293569068973,1270,-1.492,0,0
0.62935702728979,1271,-1.4916,0,0
0.62935714777701,1272,-1.4912,0,0
0.62935726835896,1273,-1.4908,0,0
0.62935738903564,1274,-1.4904,0,0
0.62935750980705,1275,-1.49,0,0
0.62935763067319,1276,-1.4896,0,0
0.62935775163405,1277,-1.4892,0,0
0.62935787268965,1278,-1.4888,0,0
0.62935799383998,1279,-1.4884,0,0
0.62935811508503,1280,-1.488,0,0
0.62935823642482,1281,-1.4876,0,0
0.62935835785933,1282,-1.4872,0,0
0.62935847938857,1283,-1.4868,0,0
0.62935860101254,1284,-1.4864,0,0
0.62935872273124,1285,-1.486,0,0
0.62935884454467,1286,-1.4856,0,0
0.62935896645283,1287,-1.4852,0,0
0.62935908845571,1288,-1.4848,0,0
0.62935921055333,1289,-1.4844,0,0
0.62935933274567,1290,-1.484,0,0
0.62935945503274,1291,-1.4836,0,0
0.62935957741454,1292,-1.4832,0,0
0.62935969989107,1293,-1.4828,0,0
0.62935982246232,1294,-1.4824,0,0
0.62935994512831,1295,-1.482,0,0
0.62936006788902,1296,-1.4816,0,0
0.62936019074446,1297,-1.4812,0,0
0.62936031369462,1298,-1.4808,0,0
0.62936043673952,1299,-1.4804,0,0
0.62936055987914,1300,-1.48,0,0
0.62936068311349,1301,-1.4796,0,0
0.62936080644257,1302,-1.4792,0,0
0.62936092986638,1303,-1.4788,0,0
0.62936105338491,1304,-1.4784,0,0
0.62936117699817,1305,-1.478,0,0
0.62936130070616,1306,-1.4776,0,0
0.62936142450887,1307,-1.4772,0,0
0.62936154840631,1308,-1.4768,0,0
0.62936167239848,1309,-1.4764,0,0
0.62936179648538,1310,-1.476,0,0
0.629361920667,1311,-1.4756,0,0
0.62936204494335,1312,-1.4752,0,0
0.62936216931443,1313,-1.4748,0,0
0.62936229378023,1314,-1.4744,0,0
0.62936241834076,1315,-1.474,0,0
0.62936254299601,1316,-1.4736,0,0
0.629362667746,1317,-1.4732,0,0
0.6293627925907,1318,-1.4728,0,0
0.62936291753014,1319,-1.4724,0,0
0.6293630425643,1320,-1.472,0,0
0.62936316769319,1321,-1.4716,0,0
0.6293632929168,1322,-1.4712,0,0
0.62936341823514,1323,-1.4708,0,0
0.62936354364821,1324,-1.4704,0,0
0.629363669156,1325,-1.47,0,0
0.62936379475852,1326,-1.4696,0,0
0.62936392045576,1327,-1.4692,0,0
0.62936404624773,1328,-1.4688,0,0
0.62936417213442,1329,-1.4684,0,0
0.62936429811584,1330,-1.468,0,0
0.62936442419199,1331,-1.4676,0,0
0.62936455036286,1332,-1.4672,0,0
0.62936467662845,1333,-1.4668,0,0
0.62936480298877,1334,-1.4664,0,0
0.62936492944382,1335,-1.466,0,0
0.62936505599359,1336,-1.4656,0,0
0.62936518263808,1337,-1.4652,0,0
0.6293653093773,1338,-1.4648,0,0
0.62936543621125,1339,-1.4644,0,0
0.62936556313992,1340,-1.464,0,0
0.62936569016332,1341,-1.4636,0,0
0.62936581728143,1342,-1.4632,0,0
0.62936594449428,1343,-1.4628,0,0
0.62936607180185,1344,-1.4624,0,0
0.62936619920414,1345,-1.462,0,0
0.62936632670116,1346,-1.4616,0,0
0.6293664542929,1347,-1.4612,0,0
0.62936658197936,1348,-1.4608,0,0
0.62936670976055,1349,-1.4604,0,0
0.62936683763647,1350,-1.46,0,0
0.6293669656071,1351,-1.4596,0,0
0.62936709367247,1352,-1.4592,0,0
0.62936722183255,1353,-1.4588,0,0
0.62936735008736,1354,-1.4584,0,0
0.62936747843689,1355,-1.458,0,0
0.62936760688115,1356,-1.4576,0,0
0.62936773542013,1357,-1.4572,0,0
0.62936786405383,1358,-1.4568,0,0
0.62936799278225,1359,-1.4564,0,0
0.6293681216054,1360,-1.456,0,0
0.62936825052328,1361,-1.4556,0,0
0.62936837953587,1362,-1.4552,0,0
0.62936850864319,1363,-1.4548,0,0
0.62936863784523,1364,-1.4544,0,0
0.62936876714199,1365,-1.454,0,0
0.62936889653348,1366,-1.4536,0,0
0.62936902601969,1367,-1.4532,0,0
0.62936915560062,1368,-1.4528,0,0
0.62936928527628,1369,-1.4524,0,0
0.62936941504666,1370,-1.452,0,0
0.62936954491175,1371,-1.4516,0,0
0.62936967487158,1372,-1.4512,0,0
0.62936980492612,1373,-1.4508,0,0
0.62936993507539,1374,-1.4504,0,0
0.62937006531937,1375,-1.45,0,0
0.62937019565809,1376,-1.4496,0,0
0.62937032609152,1377,-1.4492,0,0
0.62937045661967,1378,-1.4488,0,0
0.62937058724255,1379,-1.4484,0,0
0.62937071796014,1380,-1.448,0,0
0.62937084877246,1381,-1.4476,0,0
0.6293709796795,1382,-1.4472,0,0
0.62937111068127,1383,-1.4468,0,0
0.62937124177775,1384,-1.4464,0,0
0.62937137296895,1385,-1.446,0,0
0.62937150425488,1386,-1.4456,0,0
0.62937163563553,1387,-1.4452,0,0
0.6293717671109,1388,-1.4448,0,0
0.62937189868099,1389,-1.4444,0,0
0.6293720303458,1390,-1.444,0,0
0.62937216210533,1391,-1.4436,0,0
0.62937229395958,1392,-1.4432,0,0
0.62937242590855,1393,-1.4428,0,0
0.62937255795224,1394,-1.4424,0,0
0.62937269009066,1395,-1.442,0,0
0.62937282232379,1396,-1.4416,0,0
0.62937295465165,1397,-1.4412,0,0
0.62937308707422,1398,-1.4408,0,0
0.62937321959151,1399,-1.4404,0,0
0.62937335220353,1400,-1.44,0,0
0.62937348491026,1401,-1.4396,0,0
0.62937361771172,1402,-1.4392,0,0
0.62937375060789,1403,-1.4388,0,0
0.62937388359879,1404,-1.4384,0,0
0.6293740166844,1405,-1.438,0,0
0.62937414986474,1406,-1.4376,0,0
0.62937428313979,1407,-1.4372,0,0
0.62937441650956,1408,-1.4368,0,0
0.62937454997406,1409,-1.4364,0,0
0.62937468353327,1410,-1.436,0,0
0.6293748171872,1411,-1.4356,0,0
0.62937495093585,1412,-1.4352,0,0
0.62937508477922,1413,-1.4348,0,0
0.62937521871731,1414,-1.4344,0,0
0.62937535275012,1415,-1.434,0,0
0.62937548687764,1416,-1.4336,0,0
0.62937562109989,1417,-1.4332,0,0
0.62937575541685,1418,-1.4328,0,0
0.62937588982853,1419,-1.4324,0,0
0.62937602433493,1420,-1.432,0,0
0.62937615893605,1421,-1.4316,0,0
0.62937629363189,1422,-1.4312,0,0
0.62937642842245,1423,-1.4308,0,0
0.62937656330772,1424,-1.4304,0,0
0.62937669828771,1425,-1.43,0,0
0.62937683336242,1426,-1.4296,0,0
0.62937696853185,1427,-1.4292,0,0
0.629377103796,1428,-1.4288,0,0
0.62937723915486,1429,-1.4284,0,0
0.62937737460845,1430,-1.428,0,0
0.62937751015675,1431,-1.4276,0,0
0.62937764579976,1432,-1.4272,0,0
0.6293777815375,1433,-1.4268,0,0
0.62937791736995,1434,-1.4264,0,0
0.62937805329712,1435,-1.426,0,0
0.62937818931901,1436,-1.4256,0,0
0.62937832543561,1437,-1.4252,0,0
0.62937846164693,1438,-1.4248,0,0
0.62937859795297,1439,-1.4244,0,0
0.62937873435373,1440,-1.424,0,0
0.6293788708492,1441,-1.4236,0,0
0.62937900743939,1442,-1.4232,0,0
0.62937914412429,1443,-1.4228,0,0
0.62937928090391,1444,-1.4224,0,0
0.62937941777825,1445,-1.422,0,0
0.62937955474731,1446,-1.4216,0,0
0.62937969181108,1447,-1.4212,0,0
0.62937982896957,1448,-1.4208,0,0
0.62937996622277,1449,-1.4204,0,0
0.62938010357069,1450,-1.42,0,0
0.62938024101333,1451,-1.4196,0,0
0.62938037855068,1452,-1.4192,0,0
0.62938051618275,1453,-1.4188,0,0
0.62938065390953,1454,-1.4184,0,0
0.62938079173103,1455,-1.418,0,0
0.62938092964725,1456,-1.4176,0,0
0.62938106765818,1457,-1.4172,0,0
0.62938120576382,1458,-1.4168,0,0
0.62938134396419,1459,-1.4164,0,0
0.62938148225926,1460,-1.416,0,0
0.62938162064906,1461,-1.4156,0,0
0.62938175913356,1462,-1.4152,0,0
0.62938189771279,1463,-1.4148,0,0
0.62938203638672,1464,-1.4144,0,0
0.62938217515538,1465,-1.414,0,0
0.62938231401874,1466,-1.4136,0,0
0.62938245297682,1467,-1.4132,0,0
0.62938259202962,1468,-1.4128,0,0
0.62938273117713,1469,-1.4124,0,0
0.62938287041936,1470,-1.412,0,0
0.6293830097563,1471,-1.4116,0,0
0.62938314918795,1472,-1.4112,0,0
0.62938328871432,1473,-1.4108,0,0
0.62938342833541,1474,-1.4104,0,0
0.6293835680512,1475,-1.41,0,0
0.62938370786171,1476,-1.4096,0,0
0.62938384776694,1477,-1.4092,0,0
0.62938398776688,1478,-1.4088,0,0
0.62938412786153,1479,-1.4084,0,0
0.6293842680509,1480,-1.408,0,0
0.62938440833498,1481,-1.4076,0,0
0.62938454871377,1482,-1.4072,0,0
0.62938468918728,1483,-1.4068,0,0
0.6293848297555,1484,-1.4064,0,0
0.62938497041843,1485,-1.406,0,0
0.62938511117608,1486,-1.4056,0,0
0.62938525202844,1487,-1.4052,0,0
0.62938539297551,1488,-1.4048,0,0
0.62938553401729,1489,-1.4044,0,0
0.62938567515379,1490,-1.404,0,0
0.629385816385,1491,-1.4036,0,0
0.62938595771093,1492,-1.4032,0,0
0.62938609913156,1493,-1.4028,0,0
0.62938624064691,1494,-1.4024,0,0
0.62938638225697,1495,-1.402,0,0
0.62938652396175,1496,-1.4016,0,0
0.62938666576123,1497,-1.4012,0,0
0.62938680765543,1498,-1.4008,0,0
0.62938694964434,1499,-1.4004,0,0
0.62938709172797,1500,-1.4,0,0
0.6293872339063,1501,-1.3996,0,0
0.62938737617935,1502,-1.3992,0,0
0.6293875185471,1503,-1.3988,0,0
0.62938766100957,1504,-1.3984,0,0
0.62938780356675,1505,-1.398,0,0
0.62938794621865,1506,-1.3976,0,0
0.62938808896525,1507,-1.3972,0,0
0.62938823180657,1508,-1.3968,0,0
0.62938837474259,1509,-1.3964,0,0
0.62938851777333,1510,-1.396,0,0
0.62938866089878,1511,-1.3956,0,0
0.62938880411894,1512,-1.3952,0,0
0.62938894743381,1513,-1.3948,0,0
0.62938909084339,1514,-1.3944,0,0
0.62938923434768,1515,-1.394,0,0
0.62938937794669,1516,-1.3936,0,0
0.6293895216404,1517,-1.3932,0,0
0.62938966542882,1518,-1.3928,0,0
0.62938980931196,1519,-1.3924,0,0
0.6293899532898,1520,-1.392,0,0
0.62939009736236,1521,-1.3916,0,0
0.62939024152962,1522,-1.3912,0,0
0.6293903857916,1523,-1.3908,0,0
0.62939053014828,1524,-1.3904,0,0
0.62939067459968,1525,-1.39,0,0
0.62939081914578,1526,-1.3896,0,0
0.6293909637866,1527,-1.3892,0,0
0.62939110852212,1528,-1.3888,0,0
0.62939125335235,1529,-1.3884,0,0
0.6293913982773,1530,-1.388,0,0
0.62939154329695,1531,-1.3876,0,0
0.62939168841131,1532,-1.3872,0,0
0.62939183362038,1533,-1.3868,0,0
0.62939197892416,1534,-1.3864,0,0
0.62939212432265,1535,-1.386,0,0
0.62939226981585,1536,-1.3856,0,0
0.62939241540376,1537,-1.3852,0,0
0.62939256108637,1538,-1.3848,0,0
0.6293927068637,1539,-1.3844,0,0
0.62939285273573,1540,-1.384,0,0
0.62939299870247,1541,-1.3836,0,0
0.62939314476392,1542,-1.3832,0,0
0.62939329092008,1543,-1.3828,0,0
0.62939343717094,1544,-1.3824,0,0
0.62939358351652,1545,-1.382,0,0
0.6293937299568,1546,-1.3816,0,0
0.62939387649179,1547,-1.3812,0,0
0.62939402312149,1548,-1.3808,0,0
0.6293941698459,1549,-1.3804,0,0
0.62939431666501,1550,-1.38,0,0
0.62939446357883,1551,-1.3796,0,0
0.62939461058736,1552,-1.3792,0,0
0.6293947576906,1553,-1.3788,0,0
0.62939490488854,1554,-1.3784,0,0
0.6293950521812,1555,-1.378,0,0
0.62939519956855,1556,-1.3776,0,0
0.62939534705062,1557,-1.3772,0,0
0.62939549462739,1558,-1.3768,0,0
0.62939564229887,1559,-1.3764,0,0
0.62939579006506,1560,-1.376,0,0
0.62939593792595,1561,-1.3756,0,0
0.62939608588155,1562,-1.3752,0,0
0.62939623393186,1563,-1.3748,0,0
0.62939638207687,1564,-1.3744,0,0
0.62939653031659,1565,-1.374,0,0
0.62939667865102,1566,-1.3736,0,0
0.62939682708015,1567,-1.3732,0,0
0.62939697560399,1568,-1.3728,0,0
0.62939712422253,1569,-1.3724,0,0
0.62939727293578,1570,-1.372,0,0
0.62939742174374,1571,-1.3716,0,0
0.6293975706464,1572,-1.3712,0,0
0.62939771964377,1573,-1.3708,0,0
0.62939786873584,1574,-1.3704,0,0
0.62939801792262,1575,-1.37,0,0
0.62939816720411,1576,-1.3696,0,0
0.6293983165803,1577,-1.3692,0,0
0.62939846605119,1578,-1.3688,0,0
0.62939861561679,1579,-1.3684,0,0
0.6293987652771,1580,-1.368,0,0
0.62939891503211,1581,-1.3676,0,0
0.62939906488183,1582,-1.3672,0,0
0.62939921482625,1583,-1.3668,0,0
0.62939936486537,1584,-1.3664,0,0
0.6293995149992,1585,-1.366,0,0
0.62939966522773,1586,-1.3656,0,0
0.62939981555097,1587,-1.3652,0,0
0.62939996596892,1588,-1.3648,0,0
0.62940011648156,1589,-1.3644,0,0
0.62940026708892,1590,-1.364,0,0
0.62940041779097,1591,-1.3636,0,0
0.62940056858773,1592,-1.3632,0,0
0.62940071947919,1593,-1.3628,0,0
0.62940087046536,1594,-1.3624,0,0
0.62940102154623,1595,-1.362,0,0
0.62940117272181,1596,-1.3616,0,0
0.62940132399209,1597,-1.3612,0,0
0.62940147535707,1598,-1.3608,0,0
0.62940162681676,1599,-1.3604,0,0
0.62940177837114,1600,-1.36,0,0
0.62940193002024,1601,-1.3596,0,0
0.62940208176403,1602,-1.3592,0,0
0.62940223360253,1603,-1.3588,0,0
0.62940238553573,1604,-1.3584,0,0
0.62940253756363,1605,-1.358,0,0
0.62940268968624,1606,-1.3576,0,0
0.62940284190355,1607,-1.3572,0,0
0.62940299421556,1608,-1.3568,0,0
0.62940314662228,1609,-1.3564,0,0
0.6294032991237,1610,-1.356,0,0
0.62940345171981,1611,-1.3556,0,0
0.62940360441064,1612,-1.3552,0,0
0.62940375719616,1613,-1.3548,0,0
0.62940391007639,1614,-1.3544,0,0
0.62940406305131,1615,-1.354,0,0
0.62940421612094,1616,-1.3536,0,0
0.62940436928527,1617,-1.3532,0,0
0.62940452254431,1618,-1.3528,0,0
0.62940467589804,1619,-1.3524,0,0
0.62940482934648,1620,-1.352,0,0
0.62940498288962,1621,-1.3516,0,0
0.62940513652746,1622,-1.3512,0,0
0.62940529026,1623,-1.3508,0,0
0.62940544408724,1624,-1.3504,0,0
0.62940559800918,1625,-1.35,0,0
0.62940575202582,1626,-1.3496,0,0
0.62940590613717,1627,-1.3492,0,0
0.62940606034321,1628,-1.3488,0,0
0.62940621464396,1629,-1.3484,0,0
0.62940636903941,1630,-1.348,0,0
0.62940652352955,1631,-1.3476,0,0
0.6294066781144,1632,-1.3472,0,0
0.62940683279395,1633,-1.3468,0,0
0.6294069875682,1634,-1.3464,0,0
0.62940714243714,1635,-1.346,0,0
0.62940729740079,1636,-1.3456,0,0
0.62940745245914,1637,-1.3452,0,0
0.62940760761219,1638,-1.3448,0,0
0.62940776285994,1639,-1.3444,0,0
0.62940791820238,1640,-1.344,0,0
0.62940807363953,1641,-1.3436,0,0
0.62940822917138,1642,-1.3432,0,0
0.62940838479792,1643,-1.3428,0,0
0.62940854051917,1644,-1.3424,0,0
0.62940869633511,1645,-1.342,0,0
0.62940885224576,1646,-1.3416,0,0
0.6294090082511,1647,-1.3412,0,0
0.62940916435114,1648,-1.3408,0,0
0.62940932054588,1649,-1.3404,0,0
0.62940947683532,1650,-1.34,0,0
0.62940963321946,1651,-1.3396,0,0
0.6294097896983,1652,-1.3392,0,0
0.62940994627183,1653,-1.3388,0,0
0.62941010294006,1654,-1.3384,0,0
0.629410259703,1655,-1.338,0,0
0.62941041656063,1656,-1.3376,0,0
0.62941057351295,1657,-1.3372,0,0
0.62941073055998,1658,-1.3368,0,0
0.62941088770171,1659,-1.3364,0,0
0.62941104493813,1660,-1.336,0,0
0.62941120226925,1661,-1.3356,0,0
0.62941135969506,1662,-1.3352,0,0
0.62941151721558,1663,-1.3348,0,0
0.62941167483079,1664,-1.3344,0,0
0.6294118325407,1665,-1.334,0,0
0.62941199034531,1666,-1.3336,0,0
0.62941214824461,1667,-1.3332,0,0
0.62941230623861,1668,-1.3328,0,0
0.62941246432731,1669,-1.3324,0,0
0.62941262251071,1670,-1.332,0,0
0.6294127807888,1671,-1.3316,0,0
0.62941293916159,1672,-1.3312,0,0
0.62941309762907,1673,-1.3308,0,0
0.62941325619125,1674,-1.3304,0,0
0.62941341484813,1675,-1.33,0,0
0.62941357359971,1676,-1.3296,0,0
0.62941373244598,1677,-1.3292,0,0
0.62941389138695,1678,-1.3288,0,0
0.62941405042261,1679,-1.3284,0,0
0.62941420955297,1680,-1.328,0,0
0.62941436877802,1681,-1.3276,0,0
0.62941452809777,1682,-1.3272,0,0
0.62941468751222,1683,-1.3268,0,0
0.62941484702136,1684,-1.3264,0,0
0.6294150066252,1685,-1.326,0,0
0.62941516632373,1686,-1.3256,0,0
0.62941532611696,1687,-1.3252,0,0
0.62941548600488,1688,-1.3248,0,0
0.6294156459875,1689,-1.3244,0,0
0.62941580606482,1690,-1.324,0,0
0.62941596623683,1691,-1.3236,0,0
0.62941612650353,1692,-1.3232,0,0
0.62941628686493,1693,-1.3228,0,0
0.62941644732102,1694,-1.3224,0,0
0.62941660787181,1695,-1.322,0,0
0.62941676851729,1696,-1.3216,0,0
0.62941692925746,1697,-1.3212,0,0
0.62941709009234,1698,-1.3208,0,0
0.6294172510219,1699,-1.3204,0,0
0.62941741204616,1700,-1.32,0,0
0.62941757316511,1701,-1.3196,0,0
0.62941773437876,1702,-1.3192,0,0
0.6294178956871,1703,-1.3188,0,0
0.62941805709013,1704,-1.3184,0,0
0.62941821858786,1705,-1.318,0,0
0.62941838018028,1706,-1.3176,0,0
0.62941854186739,1707,-1.3172,0,0
0.6294187036492,1708,-1.3168,0,0
0.6294188655257,1709,-1.3164,0,0
0.6294190274969,1710,-1.316,0,0
0.62941918956279,1711,-1.3156,0,0
0.62941935172337,1712,-1.3152,0,0
0.62941951397864,1713,-1.3148,0,0
0.6294196763286,1714,-1.3144,0,0
0.62941983877326,1715,-1.314,0,0
0.62942000131261,1716,-1.3136,0,0
0.62942016394666,1717,-1.3132,0,0
0.62942032667539,1718,-1.3128,0,0
0.62942048949882,1719,-1.3124,0,0
0.62942065241694,1720,-1.312,0,0
0.62942081542975,1721,-1.3116,0,0
0.62942097853726,1722,-1.3112,0,0
0.62942114173945,1723,-1.3108,0,0
0.62942130503634,1724,-1.3104,0,0
0.62942146842792,1725,-1.31,0,0
0.62942163191419,1726,-1.3096,0,0
0.62942179549515,1727,-1.3092,0,0
0.62942195917081,1728,-1.3088,0,0
0.62942212294115,1729,-1.3084,0,0
0.62942228680619,1730,-1.308,0,0
0.62942245076592,1731,-1.3076,0,0
0.62942261482033,1732,-1.3072,0,0
0.62942277896944,1733,-1.3068,0,0
0.62942294321324,1734,-1.3064,0,0
0.62942310755173,1735,-1.306,0,0
0.62942327198492,1736,-1.3056,0,0
0.62942343651279,1737,-1.3052,0,0
0.62942360113535,1738,-1.3048,0,0
0.6294237658526,1739,-1.3044,0,0
0.62942393066455,1740,-1.304,0,0
0.62942409557118,1741,-1.3036,0,0
0.6294242605725,1742,-1.3032,0,0
0.62942442566851,1743,-1.3028,0,0
0.62942459085922,1744,-1.3024,0,0
0.62942475614461,1745,-1.302,0,0
0.62942492152469,1746,-1.3016,0,0
0.62942508699946,1747,-1.3012,0,0
0.62942525256893,1748,-1.3008,0,0
0.62942541823308,1749,-1.3004,0,0
0.62942558399192,1750,-1.3,0,0
0.62942574984544,1751,-1.2996,0,0
0.62942591579366,1752,-1.2992,0,0
0.62942608183657,1753,-1.2988,0,0
0.62942624797416,1754,-1.2984,0,0
0.62942641420645,1755,-1.298,0,0
0.62942658053342,1756,-1.2976,0,0
0.62942674695508,1757,-1.2972,0,0
0.62942691347143,1758,-1.2968,0,0
0.62942708008247,1759,-1.2964,0,0
0.6294272467882,1760,-1.296,0,0
0.62942741358861,1761,-1.2956,0,0
0.62942758048372,1762,-1.2952,0,0
0.62942774747351,1763,-1.2948,0,0
0.62942791455799,1764,-1.2944,0,0
0.62942808173715,1765,-1.294,0,0
0.62942824901101,1766,-1.2936,0,0
0.62942841637955,1767,-1.2932,0,0
0.62942858384278,1768,-1.2928,0,0
0.6294287514007,1769,-1.2924,0,0
0.6294289190533,1770,-1.292,0,0
0.62942908680059,1771,-1.2916,0,0
0.62942925464257,1772,-1.2912,0,0
0.62942942257923,1773,-1.2908,0,0
0.62942959061059,1774,-1.2904,0,0
0.62942975873663,1775,-1.29,0,0
0.62942992695735,1776,-1.2896,0,0
0.62943009527276,1777,-1.2892,0,0
0.62943026368286,1778,-1.2888,0,0
0.62943043218765,1779,-1.2884,0,0
0.62943060078712,1780,-1.288,0,0
0.62943076948128,1781,-1.2876,0,0
0.62943093827012,1782,-1.2872,0,0
0.62943110715365,1783,-1.2868,0,0
0.62943127613186,1784,-1.2864,0,0
0.62943144520476,1785,-1.286,0,0
0.62943161437235,1786,-1.2856,0,0
0.62943178363462,1787,-1.2852,0,0
0.62943195299158,1788,-1.2848,0,0
0.62943212244322,1789,-1.2844,0,0
0.62943229198955,1790,-1.284,0,0
0.62943246163057,1791,-1.2836,0,0
0.62943263136627,1792,-1.2832,0,0
0.62943280119665,1793,-1.2828,0,0
0.62943297112172,1794,-1.2824,0,0
0.62943314114147,1795,-1.282,0,0
0.62943331125591,1796,-1.2816,0,0
0.62943348146503,1797,-1.2812,0,0
0.62943365176884,1798,-1.2808,0,0
0.62943382216733,1799,-1.2804,0,0
0.62943399266051,1800,-1.28,0,0
0.62943416324837,1801,-1.2796,0,0
0.62943433393091,1802,-1.2792,0,0
0.62943450470814,1803,-1.2788,0,0
0.62943467558005,1804,-1.2784,0,0
0.62943484654664,1805,-1.278,0,0
0.62943501760792,1806,-1.2776,0,0
0.62943518876389,1807,-1.2772,0,0
0.62943536001453,1808,-1.2768,0,0
0.62943553135986,1809,-1.2764,0,0
0.62943570279988,1810,-1.276,0,0
0.62943587433457,1811,-1.2756,0,0
0.62943604596395,1812,-1.2752,0,0
0.62943621768801,1813,-1.2748,0,0
0.62943638950676,1814,-1.2744,0,0
0.62943656142018,1815,-1.274,0,0
0.62943673342829,1816,-1.2736,0,0
0.62943690553109,1817,-1.2732,0,0
0.62943707772856,1818,-1.2728,0,0
0.62943725002072,1819,-1.2724,0,0
0.62943742240756,1820,-1.272,0,0
0.62943759488908,1821,-1.2716,0,0
0.62943776746529,1822,-1.2712,0,0
0.62943794013617,1823,-1.2708,0,0
0.62943811290174,1824,-1.2704,0,0
0.62943828576199,1825,-1.27,0,0
0.62943845871692,1826,-1.2696,0,0
0.62943863176653,1827,-1.2692,0,0
0.62943880491083,1828,-1.2688,0,0
0.6294389781498,1829,-1.2684,0,0
0.62943915148346,1830,-1.268,0,0
0.6294393249118,1831,-1.2676,0,0
0.62943949843482,1832,-1.2672,0,0
0.62943967205252,1833,-1.2668,0,0
0.6294398457649,1834,-1.2664,0,0
0.62944001957196,1835,-1.266,0,0
0.6294401934737,1836,-1.2656,0,0
0.62944036747012,1837,-1.2652,0,0
0.62944054156122,1838,-1.2648,0,0
0.62944071574701,1839,-1.2644,0,0
0.62944089002747,1840,-1.264,0,0
0.62944106440261,1841,-1.2636,0,0
0.62944123887244,1842,-1.2632,0,0
0.62944141343694,1843,-1.2628,0,0
0.62944158809612,1844,-1.2624,0,0
0.62944176284999,1845,-1.262,0,0
0.62944193769853,1846,-1.2616,0,0
0.62944211264175,1847,-1.2612,0,0
0.62944228767965,1848,-1.2608,0,0
0.62944246281223,1849,-1.2604,0,0
0.62944263803949,1850,-1.26,0,0
0.62944281336143,1851,-1.2596,0,0
0.62944298877805,1852,-1.2592,0,0
0.62944316428934,1853,-1.2588,0,0
0.62944333989532,1854,-1.2584,0,0
0.62944351559597,1855,-1.258,0,0
0.6294436913913,1856,-1.2576,0,0
0.62944386728131,1857,-1.2572,0,0
0.629444043266,1858,-1.2568,0,0
0.62944421934537,1859,-1.2564,0,0
0.62944439551942,1860,-1.256,0,0
0.62944457178814,1861,-1.2556,0,0
0.62944474815154,1862,-1.2552,0,0
0.62944492460962,1863,-1.2548,0,0
0.62944510116238,1864,-1.2544,0,0
0.62944527780981,1865,-1.254,0,0
0.62944545455192,1866,-1.2536,0,0
0.62944563138871,1867,-1.2532,0,0
0.62944580832018,1868,-1.2528,0,0
0.62944598534632,1869,-1.2524,0,0
0.62944616246714,1870,-1.252,0,0
0.62944633968264,1871,-1.2516,0,0
0.62944651699282,1872,-1.2512,0,0
0.62944669439767,1873,-1.2508,0,0
0.62944687189719,1874,-1.2504,0,0
0.6294470494914,1875,-1.25,0,0
0.62944722718028,1876,-1.2496,0,0
0.62944740496384,1877,-1.2492,0,0
0.62944758284207,1878,-1.2488,0,0
0.62944776081498,1879,-1.2484,0,0
0.62944793888257,1880,-1.248,0,0
0.62944811704483,1881,-1.2476,0,0
0.62944829530177,1882,-1.2472,0,0
0.62944847365338,1883,-1.2468,0,0
0.62944865209967,1884,-1.2464,0,0
0.62944883064063,1885,-1.246,0,0
0.62944900927627,1886,-1.2456,0,0
0.62944918800659,1887,-1.2452,0,0
0.62944936683158,1888,-1.2448,0,0
0.62944954575124,1889,-1.2444,0,0
0.62944972476558,1890,-1.244,0,0
0.6294499038746,1891,-1.2436,0,0
0.62945008307829,1892,-1.2432,0,0
0.62945026237665,1893,-1.2428,0,0
0.62945044176969,1894,-1.2424,0,0
0.6294506212574,1895,-1.242,0,0
0.62945080083979,1896,-1.2416,0,0
0.62945098051685,1897,-1.2412,0,0
0.62945116028859,1898,-1.2408,0,0
0.629451340155,1899,-1.2404,0,0
0.62945152011608,1900,-1.24,0,0
0.62945170017184,1901,-1.2396,0,0
0.62945188032227,1902,-1.2392,0,0
0.62945206056738,1903,-1.2388,0,0
0.62945224090716,1904,-1.2384,0,0
0.62945242134161,1905,-1.238,0,0
0.62945260187073,1906,-1.2376,0,0
0.62945278249453,1907,-1.2372,0,0
0.629452963213,1908,-1.2368,0,0
0.62945314402615,1909,-1.2364,0,0
0.62945332493397,1910,-1.236,0,0
0.62945350593646,1911,-1.2356,0,0
0.62945368703362,1912,-1.2352,0,0
0.62945386822545,1913,-1.2348,0,0
0.62945404951196,1914,-1.2344,0,0
0.62945423089314,1915,-1.234,0,0
0.62945441236899,1916,-1.2336,0,0
0.62945459393952,1917,-1.2332,0,0
0.62945477560471,1918,-1.2328,0,0
0.62945495736458,1919,-1.2324,0,0
0.62945513921912,1920,-1.232,0,0
0.62945532116833,1921,-1.2316,0,0
0.62945550321221,1922,-1.2312,0,0
0.62945568535077,1923,-1.2308,0,0
0.629455867584,1924,-1.2304,0,0
0.62945604991189,1925,-1.23,0,0
0.62945623233446,1926,-1.2296,0,0
0.6294564148517,1927,-1.2292,0,0
0.62945659746361,1928,-1.2288,0,0
0.62945678017019,1929,-1.2284,0,0
0.62945696297144,1930,-1.228,0,0
0.62945714586736,1931,-1.2276,0,0
0.62945732885796,1932,-1.2272,0,0
0.62945751194322,1933,-1.2268,0,0
0.62945769512315,1934,-1.2264,0,0
0.62945787839776,1935,-1.226,0,0
0.62945806176703,1936,-1.2256,0,0
0.62945824523097,1937,-1.2252,0,0
0.62945842878959,1938,-1.2248,0,0
0.62945861244287,1939,-1.2244,0,0
0.62945879619082,1940,-1.224,0,0
0.62945898003344,1941,-1.2236,0,0
0.62945916397073,1942,-1.2232,0,0
0.62945934800269,1943,-1.2228,0,0
0.62945953212932,1944,-1.2224,0,0
0.62945971635062,1945,-1.222,0,0
0.62945990066659,1946,-1.2216,0,0
0.62946008507723,1947,-1.2212,0,0
0.62946026958253,1948,-1.2208,0,0
0.62946045418251,1949,-1.2204,0,0
0.62946063887715,1950,-1.22,0,0
0.62946082366646,1951,-1.2196,0,0
0.62946100855044,1952,-1.2192,0,0
0.62946119352909,1953,-1.2188,0,0
0.6294613786024,1954,-1.2184,0,0
0.62946156377038,1955,-1.218,0,0
0.62946174903304,1956,-1.2176,0,0
0.62946193439035,1957,-1.2172,0,0
0.62946211984234,1958,-1.2168,0,0
0.629462305389,1959,-1.2164,0,0
0.62946249103032,1960,-1.216,0,0
0.62946267676631,1961,-1.2156,0,0
0.62946286259696,1962,-1.2152,0,0
0.62946304852229,1963,-1.2148,0,0
0.62946323454228,1964,-1.2144,0,0
0.62946342065693,1965,-1.214,0,0
0.62946360686626,1966,-1.2136,0,0
0.62946379317025,1967,-1.2132,0,0
0.6294639795689,1968,-1.2128,0,0
0.62946416606223,1969,-1.2124,0,0
0.62946435265022,1970,-1.212,0,0
0.62946453933287,1971,-1.2116,0,0
0.6294647261102,1972,-1.2112,0,0
0.62946491298218,1973,-1.2108,0,0
0.62946509994884,1974,-1.2104,0,0
0.62946528701016,1975,-1.21,0,0
0.62946547416614,1976,-1.2096,0,0
0.62946566141679,1977,-1.2092,0,0
0.62946584876211,1978,-1.2088,0,0
0.62946603620209,1979,-1.2084,0,0
0.62946622373674,1980,-1.208,0,0
0.62946641136605,1981,-1.2076,0,0
0.62946659909003,1982,-1.2072,0,0
0.62946678690867,1983,-1.2068,0,0
0.62946697482197,1984,-1.2064,0,0
0.62946716282995,1985,-1.206,0,0
0.62946735093258,1986,-1.2056,0,0
0.62946753912988,1987,-1.2052,0,0
0.62946772742185,1988,-1.2048,0,0
0.62946791580848,1989,-1.2044,0,0
0.62946810428977,1990,-1.204,0,0
0.62946829286573,1991,-1.2036,0,0
0.62946848153635,1992,-1.2032,0,0
0.62946867030163,1993,-1.2028,0,0
0.62946885916158,1994,-1.2024,0,0
0.62946904811619,1995,-1.202,0,0
0.62946923716547,1996,-1.2016,0,0
0.6294694263094,1997,-1.2012,0,0
0.62946961554801,1998,-1.2008,0,0
0.62946980488127,1999,-1.2004,0,0
0.6294699943092,2000,-1.2,0,0
0.62947018383179,2001,-1.1996,0,0
0.62947037344904,2002,-1.1992,0,0
0.62947056316096,2003,-1.1988,0,0
0.62947075296754,2004,-1.1984,0,0
0.62947094286878,2005,-1.198,0,0
0.62947113286468,2006,-1.1976,0,0
0.62947132295525,2007,-1.1972,0,0
0.62947151314047,2008,-1.1968,0,0
0.62947170342036,2009,-1.1964,0,0
0.62947189379491,2010,-1.196,0,0
0.62947208426413,2011,-1.1956,0,0
0.629472274828,2012,-1.1952,0,0
0.62947246548654,2013,-1.1948,0,0
0.62947265623974,2014,-1.1944,0,0
0.6294728470876,2015,-1.194,0,0
0.62947303803012,2016,-1.1936,0,0
0.6294732290673,2017,-1.1932,0,0
0.62947342019914,2018,-1.1928,0,0
0.62947361142564,2019,-1.1924,0,0
0.62947380274681,2020,-1.192,0,0
0.62947399416263,2021,-1.1916,0,0
0.62947418567312,2022,-1.1912,0,0
0.62947437727826,2023,-1.1908,0,0
0.62947456897807,2024,-1.1904,0,0
0.62947476077253,2025,-1.19,0,0
0.62947495266166,2026,-1.1896,0,0
0.62947514464544,2027,-1.1892,0,0
0.62947533672389,2028,-1.1888,0,0
0.62947552889699,2029,-1.1884,0,0
0.62947572116476,2030,-1.188,0,0
0.62947591352718,2031,-1.1876,0,0
0.62947610598427,2032,-1.1872,0,0
0.62947629853601,2033,-1.1868,0,0
0.62947649118241,2034,-1.1864,0,0
0.62947668392347,2035,-1.186,0,0
0.62947687675919,2036,-1.1856,0,0
0.62947706968957,2037,-1.1852,0,0
0.62947726271461,2038,-1.1848,0,0
0.62947745583431,2039,-1.1844,0,0
0.62947764904866,2040,-1.184,0,0
0.62947784235767,2041,-1.1836,0,0
0.62947803576134,2042,-1.1832,0,0
0.62947822925967,2043,-1.1828,0,0
0.62947842285266,2044,-1.1824,0,0
0.62947861654031,2045,-1.182,0,0
0.62947881032261,2046,-1.1816,0,0
0.62947900419957,2047,-1.1812,0,0
0.62947919817119,2048,-1.1808,0,0
0.62947939223746,2049,-1.1804,0,0
0.6294795863984,2050,-1.18,0,0
0.62947978065399,2051,-1.1796,0,0
0.62947997500423,2052,-1.1792,0,0
0.62948016944914,2053,-1.1788,0,0
0.6294803639887,2054,-1.1784,0,0
0.62948055862292,2055,-1.178,0,0
0.62948075335179,2056,-1.1776,0,0
0.62948094817532,2057,-1.1772,0,0
0.62948114309351,2058,-1.1768,0,0
0.62948133810635,2059,-1.1764,0,0
0.62948153321385,2060,-1.176,0,0
0.62948172841601,2061,-1.1756,0,0
0.62948192371282,2062,-1.1752,0,0
0.62948211910429,2063,-1.1748,0,0
0.62948231459041,2064,-1.1744,0,0
0.62948251017119,2065,-1.174,0,0
0.62948270584662,2066,-1.1736,0,0
0.62948290161671,2067,-1.1732,0,0
0.62948309748146,2068,-1.1728,0,0
0.62948329344086,2069,-1.1724,0,0
0.62948348949491,2070,-1.172,0,0
0.62948368564362,2071,-1.1716,0,0
0.62948388188699,2072,-1.1712,0,0
0.62948407822501,2073,-1.1708,0,0
0.62948427465768,2074,-1.1704,0,0
0.62948447118501,2075,-1.17,0,0
0.62948466780699,2076,-1.1696,0,0
0.62948486452363,2077,-1.1692,0,0
0.62948506133492,2078,-1.1688,0,0
0.62948525824086,2079,-1.1684,0,0
0.62948545524146,2080,-1.168,0,0
0.62948565233671,2081,-1.1676,0,0
0.62948584952662,2082,-1.1672,0,0
0.62948604681118,2083,-1.1668,0,0
0.62948624419039,2084,-1.1664,0,0
0.62948644166426,2085,-1.166,0,0
0.62948663923278,2086,-1.1656,0,0
0.62948683689595,2087,-1.1652,0,0
0.62948703465377,2088,-1.1648,0,0
0.62948723250625,2089,-1.1644,0,0
0.62948743045338,2090,-1.164,0,0
0.62948762849517,2091,-1.1636,0,0
0.6294878266316,2092,-1.1632,0,0
0.62948802486269,2093,-1.1628,0,0
0.62948822318843,2094,-1.1624,0,0
0.62948842160882,2095,-1.162,0,0
0.62948862012387,2096,-1.1616,0,0
0.62948881873356,2097,-1.1612,0,0
0.62948901743791,2098,-1.1608,0,0
0.62948921623691,2099,-1.1604,0,0
0.62948941513056,2100,-1.16,0,0
0.62948961411886,2101,-1.1596,0,0
0.62948981320181,2102,-1.1592,0,0
0.62949001237942,2103,-1.1588,0,0
0.62949021165168,2104,-1.1584,0,0
0.62949041101858,2105,-1.158,0,0
0.62949061048014,2106,-1.1576,0,0
0.62949081003635,2107,-1.1572,0,0
0.62949100968721,2108,-1.1568,0,0
0.62949120943272,2109,-1.1564,0,0
0.62949140927287,2110,-1.156,0,0
0.62949160920768,2111,-1.1556,0,0
0.62949180923714,2112,-1.1552,0,0
0.62949200936125,2113,-1.1548,0,0
0.62949220958001,2114,-1.1544,0,0
0.62949240989342,2115,-1.154,0,0
0.62949261030148,2116,-1.1536,0,0
0.62949281080419,2117,-1.1532,0,0
0.62949301140155,2118,-1.1528,0,0
0.62949321209355,2119,-1.1524,0,0
0.62949341288021,2120,-1.152,0,0
0.62949361376152,2121,-1.1516,0,0
0.62949381473747,2122,-1.1512,0,0
0.62949401580807,2123,-1.1508,0,0
0.62949421697332,2124,-1.1504,0,0
0.62949441823322,2125,-1.15,0,0
0.62949461958777,2126,-1.1496,0,0
0.62949482103697,2127,-1.1492,0,0
0.62949502258081,2128,-1.1488,0,0
0.62949522421931,2129,-1.1484,0,0
0.62949542595245,2130,-1.148,0,0
0.62949562778024,2131,-1.1476,0,0
0.62949582970267,2132,-1.1472,0,0
0.62949603171976,2133,-1.1468,0,0
0.62949623383149,2134,-1.1464,0,0
0.62949643603787,2135,-1.146,0,0
0.62949663833889,2136,-1.1456,0,0
0.62949684073457,2137,-1.1452,0,0
0.62949704322489,2138,-1.1448,0,0
0.62949724580985,2139,-1.1444,0,0
0.62949744848947,2140,-1.144,0,0
0.62949765126373,2141,-1.1436,0,0
0.62949785413264,2142,-1.1432,0,0
0.62949805709619,2143,-1.1428,0,0
0.62949826015439,2144,-1.1424,0,0
0.62949846330723,2145,-1.142,0,0
0.62949866655473,2146,-1.1416,0,0
0.62949886989686,2147,-1.1412,0,0
0.62949907333365,2148,-1.1408,0,0
0.62949927686508,2149,-1.1404,0,0
0.62949948049115,2150,-1.14,0,0
0.62949968421187,2151,-1.1396,0,0
0.62949988802724,2152,-1.1392,0,0
0.62950009193725,2153,-1.1388,0,0
0.6295002959419,2154,-1.1384,0,0
0.6295005000412,2155,-1.138,0,0
0.62950070423515,2156,-1.1376,0,0
0.62950090852374,2157,-1.1372,0,0
0.62950111290697,2158,-1.1368,0,0
0.62950131738485,2159,-1.1364,0,0
0.62950152195738,2160,-1.136,0,0
0.62950172662454,2161,-1.1356,0,0
0.62950193138636,2162,-1.1352,0,0
0.62950213624281,2163,-1.1348,0,0
0.62950234119391,2164,-1.1344,0,0
0.62950254623966,2165,-1.134,0,0
0.62950275138004,2166,-1.1336,0,0
0.62950295661507,2167,-1.1332,0,0
0.62950316194475,2168,-1.1328,0,0
0.62950336736907,2169,-1.1324,0,0
0.62950357288803,2170,-1.132,0,0
0.62950377850163,2171,-1.1316,0,0
0.62950398420988,2172,-1.1312,0,0
0.62950419001276,2173,-1.1308,0,0
0.6295043959103,2174,-1.1304,0,0
0.62950460190247,2175,-1.13,0,0
0.62950480798929,2176,-1.1296,0,0
0.62950501417075,2177,-1.1292,0,0
0.62950522044685,2178,-1.1288,0,0
0.62950542681759,2179,-1.1284,0,0
0.62950563328297,2180,-1.128,0,0
0.629505839843,2181,-1.1276,0,0
0.62950604649767,2182,-1.1272,0,0
0.62950625324698,2183,-1.1268,0,0
0.62950646009093,2184,-1.1264,0,0
0.62950666702952,2185,-1.126,0,0
0.62950687406276,2186,-1.1256,0,0
0.62950708119063,2187,-1.1252,0,0
0.62950728841315,2188,-1.1248,0,0
0.62950749573031,2189,-1.1244,0,0
0.6295077031421,2190,-1.124,0,0
0.62950791064854,2191,-1.1236,0,0
0.62950811824962,2192,-1.1232,0,0
0.62950832594534,2193,-1.1228,0,0
0.6295085337357,2194,-1.1224,0,0
0.6295087416207,2195,-1.122,0,0
0.62950894960034,2196,-1.1216,0,0
0.62950915767461,2197,-1.1212,0,0
0.62950936584353,2198,-1.1208,0,0
0.62950957410709,2199,-1.1204,0,0
0.62950978246529,2200,-1.12,0,0
0.62950999091812,2201,-1.1196,0,0
0.6295101994656,2202,-1.1192,0,0
0.62951040810772,2203,-1.1188,0,0
0.62951061684447,2204,-1.1184,0,0
0.62951082567586,2205,-1.118,0,0
0.6295110346019,2206,-1.1176,0,0
0.62951124362257,2207,-1.1172,0,0
0.62951145273787,2208,-1.1168,0,0
0.62951166194782,2209,-1.1164,0,0
0.62951187125241,2210,-1.116,0,0
0.62951208065163,2211,-1.1156,0,0
0.62951229014549,2212,-1.1152,0,0
0.62951249973399,2213,-1.1148,0,0
0.62951270941713,2214,-1.1144,0,0
0.6295129191949,2215,-1.114,0,0
0.62951312906731,2216,-1.1136,0,0
0.62951333903436,2217,-1.1132,0,0
0.62951354909605,2218,-1.1128,0,0
0.62951375925237,2219,-1.1124,0,0
0.62951396950334,2220,-1.112,0,0
0.62951417984893,2221,-1.1116,0,0
0.62951439028917,2222,-1.1112,0,0
0.62951460082404,2223,-1.1108,0,0
0.62951481145355,2224,-1.1104,0,0
0.62951502217769,2225,-1.11,0,0
0.62951523299647,2226,-1.1096,0,0
0.62951544390989,2227,-1.1092,0,0
0.62951565491794,2228,-1.1088,0,0
0.62951586602063,2229,-1.1084,0,0
0.62951607721795,2230,-1.108,0,0
0.62951628850991,2231,-1.1076,0,0
0.6295164998965,2232,-1.1072,0,0
0.62951671137773,2233,-1.1068,0,0
0.6295169229536,2234,-1.1064,0,0
0.6295171346241,2235,-1.106,0,0
0.62951734638924,2236,-1.1056,0,0
0.62951755824901,2237,-1.1052,0,0
0.62951777020341,2238,-1.1048,0,0
0.62951798225245,2239,-1.1044,0,0
0.62951819439613,2240,-1.104,0,0
0.62951840663443,2241,-1.1036,0,0
0.62951861896738,2242,-1.1032,0,0
0.62951883139495,2243,-1.1028,0,0
0.62951904391716,2244,-1.1024,0,0
0.62951925653401,2245,-1.102,0,0
0.62951946924549,2246,-1.1016,0,0
0.6295196820516,2247,-1.1012,0,0
0.62951989495235,2248,-1.1008,0,0
0.62952010794773,2249,-1.1004,0,0
0.62952032103774,2250,-1.1,0,0
0.62952053422238,2251,-1.0996,0,0
0.62952074750166,2252,-1.0992,0,0
0.62952096087557,2253,-1.0988,0,0
0.62952117434412,2254,-1.0984,0,0
0.62952138790729,2255,-1.098,0,0
0.6295216015651,2256,-1.0976,0,0
0.62952181531754,2257,-1.0972,0,0
0.62952202916462,2258,-1.0968,0,0
0.62952224310632,2259,-1.0964,0,0
0.62952245714266,2260,-1.096,0,0
0.62952267127363,2261,-1.0956,0,0
0.62952288549923,2262,-1.0952,0,0
0.62952309981946,2263,-1.0948,0,0
0.62952331423433,2264,-1.0944,0,0
0.62952352874382,2265,-1.094,0,0
0.62952374334795,2266,-1.0936,0,0
0.62952395804671,2267,-1.0932,0,0
0.6295241728401,2268,-1.0928,0,0
0.62952438772812,2269,-1.0924,0,0
0.62952460271077,2270,-1.092,0,0
0.62952481778805,2271,-1.0916,0,0
0.62952503295996,2272,-1.0912,0,0
0.6295252482265,2273,-1.0908,0,0
0.62952546358767,2274,-1.0904,0,0
0.62952567904347,2275,-1.09,0,0
0.6295258945939,2276,-1.0896,0,0
0.62952611023897,2277,-1.0892,0,0
0.62952632597866,2278,-1.0888,0,0
0.62952654181298,2279,-1.0884,0,0
0.62952675774193,2280,-1.088,0,0
0.62952697376551,2281,-1.0876,0,0
0.62952718988372,2282,-1.0872,0,0
0.62952740609655,2283,-1.0868,0,0
0.62952762240402,2284,-1.0864,0,0
0.62952783880612,2285,-1.086,0,0
0.62952805530284,2286,-1.0856,0,0
0.62952827189419,2287,-1.0852,0,0
0.62952848858018,2288,-1.0848,0,0
0.62952870536078,2289,-1.0844,0,0
0.62952892223602,2290,-1.084,0,0
0.62952913920589,2291,-1.0836,0,0
0.62952935627038,2292,-1.0832,0,0
0.6295295734295,2293,-1.0828,0,0
0.62952979068325,2294,-1.0824,0,0
0.62953000803163,2295,-1.082,0,0
0.62953022547463,2296,-1.0816,0,0
0.62953044301226,2297,-1.0812,0,0
0.62953066064452,2298,-1.0808,0,0
0.6295308783714,2299,-1.0804,0,0
0.62953109619292,2300,-1.08,0,0
0.62953131410906,2301,-1.0796,0,0
0.62953153211982,2302,-1.0792,0,0
0.62953175022521,2303,-1.0788,0,0
0.62953196842523,2304,-1.0784,0,0
0.62953218671987,2305,-1.078,0,0
0.62953240510914,2306,-1.0776,0,0
0.62953262359304,2307,-1.0772,0,0
0.62953284217156,2308,-1.0768,0,0
0.62953306084471,2309,-1.0764,0,0
0.62953327961248,2310,-1.076,0,0
0.62953349847488,2311,-1.0756,0,0
0.62953371743191,2312,-1.0752,0,0
0.62953393648356,2313,-1.0748,0,0
0.62953415562983,2314,-1.0744,0,0
0.62953437487073,2315,-1.074,0,0
0.62953459420625,2316,-1.0736,0,0
0.6295348136364,2317,-1.0732,0,0
0.62953503316118,2318,-1.0728,0,0
0.62953525278057,2319,-1.0724,0,0
0.6295354724946,2320,-1.072,0,0
0.62953569230324,2321,-1.0716,0,0
0.62953591220651,2322,-1.0712,0,0
0.62953613220441,2323,-1.0708,0,0
0.62953635229692,2324,-1.0704,0,0
0.62953657248406,2325,-1.07,0,0
0.62953679276583,2326,-1.0696,0,0
0.62953701314222,2327,-1.0692,0,0
0.62953723361323,2328,-1.0688,0,0
0.62953745417886,2329,-1.0684,0,0
0.62953767483912,2330,-1.068,0,0
0.629537895594,2331,-1.0676,0,0
0.6295381164435,2332,-1.0672,0,0
0.62953833738763,2333,-1.0668,0,0
0.62953855842638,2334,-1.0664,0,0
0.62953877955975,2335,-1.066,0,0
0.62953900078774,2336,-1.0656,0,0
0.62953922211036,2337,-1.0652,0,0
0.62953944352759,2338,-1.0648,0,0
0.62953966503945,2339,-1.0644,0,0
0.62953988664593,2340,-1.064,0,0
0.62954010834703,2341,-1.0636,0,0
0.62954033014276,2342,-1.0632,0,0
0.6295405520331,2343,-1.0628,0,0
0.62954077401806,2344,-1.0624,0,0
0.62954099609765,2345,-1.062,0,0
0.62954121827186,2346,-1.0616,0,0
0.62954144054069,2347,-1.0612,0,0
0.62954166290413,2348,-1.0608,0,0
0.6295418853622,2349,-1.0604,0,0
0.62954210791489,2350,-1.06,0,0
0.6295423305622,2351,-1.0596,0,0
0.62954255330413,2352,-1.0592,0,0
0.62954277614068,2353,-1.0588,0,0
0.62954299907185,2354,-1.0584,0,0
0.62954322209764,2355,-1.058,0,0
0.62954344521805,2356,-1.0576,0,0
0.62954366843308,2357,-1.0572,0,0
0.62954389174273,2358,-1.0568,0,0
0.62954411514699,2359,-1.0564,0,0
0.62954433864588,2360,-1.056,0,0
0.62954456223938,2361,-1.0556,0,0
0.62954478592751,2362,-1.0552,0,0
0.62954500971025,2363,-1.0548,0,0
0.62954523358761,2364,-1.0544,0,0
0.62954545755959,2365,-1.054,0,0
0.62954568162618,2366,-1.0536,0,0
0.6295459057874,2367,-1.0532,0,0
0.62954613004323,2368,-1.0528,0,0
0.62954635439368,2369,-1.0524,0,0
0.62954657883875,2370,-1.052,0,0
0.62954680337844,2371,-1.0516,0,0
0.62954702801274,2372,-1.0512,0,0
0.62954725274166,2373,-1.0508,0,0
0.6295474775652,2374,-1.0504,0,0
0.62954770248336,2375,-1.05,0,0
0.62954792749613,2376,-1.0496,0,0
0.62954815260352,2377,-1.0492,0,0
0.62954837780552,2378,-1.0488,0,0
0.62954860310215,2379,-1.0484,0,0
0.62954882849339,2380,-1.048,0,0
0.62954905397924,2381,-1.0476,0,0
0.62954927955971,2382,-1.0472,0,0
0.6295495052348,2383,-1.0468,0,0
0.6295497310045,2384,-1.0464,0,0
0.62954995686882,2385,-1.046,0,0
0.62955018282775,2386,-1.0456,0,0
0.6295504088813,2387,-1.0452,0,0
0.62955063502947,2388,-1.0448,0,0
0.62955086127225,2389,-1.0444,0,0
0.62955108760964,2390,-1.044,0,0
0.62955131404165,2391,-1.0436,0,0
0.62955154056828,2392,-1.0432,0,0
0.62955176718952,2393,-1.0428,0,0
0.62955199390537,2394,-1.0424,0,0
0.62955222071584,2395,-1.042,0,0
0.62955244762092,2396,-1.0416,0,0
0.62955267462062,2397,-1.0412,0,0
0.62955290171493,2398,-1.0408,0,0
0.62955312890385,2399,-1.0404,0,0
0.62955335618739,2400,-1.04,0,0
0.62955358356554,2401,-1.0396,0,0
0.62955381103831,2402,-1.0392,0,0
0.62955403860568,2403,-1.0388,0,0
0.62955426626768,2404,-1.0384,0,0
0.62955449402428,2405,-1.038,0,0
0.6295547218755,2406,-1.0376,0,0
0.62955494982133,2407,-1.0372,0,0
0.62955517786177,2408,-1.0368,0,0
0.62955540599683,2409,-1.0364,0,0
0.62955563422649,2410,-1.036,0,0
0.62955586255077,2411,-1.0356,0,0
0.62955609096966,2412,-1.0352,0,0
0.62955631948317,2413,-1.0348,0,0
0.62955654809128,2414,-1.0344,0,0
0.62955677679401,2415,-1.034,0,0
0.62955700559135,2416,-1.0336,0,0
0.6295572344833,2417,-1.0332,0,0
0.62955746346986,2418,-1.0328,0,0
0.62955769255103,2419,-1.0324,0,0
0.62955792172682,2420,-1.032,0,0
0.62955815099721,2421,-1.0316,0,0
0.62955838036222,2422,-1.0312,0,0
0.62955860982183,2423,-1.0308,0,0
0.62955883937606,2424,-1.0304,0,0
0.6295590690249,2425,-1.03,0,0
0.62955929876834,2426,-1.0296,0,0
0.6295595286064,2427,-1.0292,0,0
0.62955975853907,2428,-1.0288,0,0
0.62955998856635,2429,-1.0284,0,0
0.62956021868823,2430,-1.028,0,0
0.62956044890473,2431,-1.0276,0,0
0.62956067921583,2432,-1.0272,0,0
0.62956090962155,2433,-1.0268,0,0
0.62956114012187,2434,-1.0264,0,0
0.6295613707168,2435,-1.026,0,0
0.62956160140634,2436,-1.0256,0,0
0.62956183219049,2437,-1.0252,0,0
0.62956206306925,2438,-1.0248,0,0
0.62956229404262,2439,-1.0244,0,0
0.62956252511059,2440,-1.024,0,0
0.62956275627318,2441,-1.0236,0,0
0.62956298753037,2442,-1.0232,0,0
0.62956321888217,2443,-1.0228,0,0
0.62956345032858,2444,-1.0224,0,0
0.62956368186959,2445,-1.022,0,0
0.62956391350521,2446,-1.0216,0,0
0.62956414523544,2447,-1.0212,0,0
0.62956437706028,2448,-1.0208,0,0
0.62956460897972,2449,-1.0204,0,0
0.62956484099377,2450,-1.02,0,0
0.62956507310243,2451,-1.0196,0,0
0.62956530530569,2452,-1.0192,0,0
0.62956553760356,2453,-1.0188,0,0
0.62956576999604,2454,-1.0184,0,0
0.62956600248312,2455,-1.018,0,0
0.62956623506481,2456,-1.0176,0,0
0.62956646774111,2457,-1.0172,0,0
0.62956670051201,2458,-1.0168,0,0
0.62956693337752,2459,-1.0164,0,0
0.62956716633763,2460,-1.016,0,0
0.62956739939235,2461,-1.0156,0,0
0.62956763254167,2462,-1.0152,0,0
0.6295678657856,2463,-1.0148,0,0
0.62956809912413,2464,-1.0144,0,0
0.62956833255727,2465,-1.014,0,0
0.62956856608501,2466,-1.0136,0,0
0.62956879970736,2467,-1.0132,0,0
0.62956903342431,2468,-1.0128,0,0
0.62956926723586,2469,-1.0124,0,0
0.62956950114202,2470,-1.012,0,0
0.62956973514279,2471,-1.0116,0,0
0.62956996923815,2472,-1.0112,0,0
0.62957020342813,2473,-1.0108,0,0
0.6295704377127,2474,-1.0104,0,0
0.62957067209188,2475,-1.01,0,0
0.62957090656566,2476,-1.0096,0,0
0.62957114113405,2477,-1.0092,0,0
0.62957137579704,2478,-1.0088,0,0
0.62957161055463,2479,-1.0084,0,0
0.62957184540682,2480,-1.008,0,0
0.62957208035362,2481,-1.0076,0,0
0.62957231539502,2482,-1.0072,0,0
0.62957255053102,2483,-1.0068,0,0
0.62957278576162,2484,-1.0064,0,0
0.62957302108683,2485,-1.006,0,0
0.62957325650663,2486,-1.0056,0,0
0.62957349202104,2487,-1.0052,0,0
0.62957372763005,2488,-1.0048,0,0
0.62957396333367,2489,-1.0044,0,0
0.62957419913188,2490,-1.004,0,0
0.6295744350247,2491,-1.0036,0,0
0.62957467101211,2492,-1.0032,0,0
0.62957490709413,2493,-1.0028,0,0
0.62957514327075,2494,-1.0024,0,0
0.62957537954197,2495,-1.002,0,0
0.62957561590779,2496,-1.0016,0,0
0.62957585236821,2497,-1.0012,0,0
0.62957608892323,2498,-1.0008,0,0
0.62957632557285,2499,-1.0004,0,0
0.62957656231707,2500,-1,0,0
0.62957679915589,2501,-0.9996,0,0
0.62957703608931,2502,-0.9992,0,0
0.62957727311732,2503,-0.9988,0,0
0.62957751023994,2504,-0.9984,0,0
0.62957774745716,2505,-0.998,0,0
0.62957798476898,2506,-0.9976,0,0
0.62957822217539,2507,-0.9972,0,0
0.62957845967641,2508,-0.9968,0,0
0.62957869727202,2509,-0.9964,0,0
0.62957893496223,2510,-0.996,0,0
0.62957917274705,2511,-0.9956,0,0
0.62957941062645,2512,-0.9952,0,0
0.62957964860046,2513,-0.9948,0,0
0.62957988666907,2514,-0.9944,0,0
0.62958012483227,2515,-0.994,0,0
0.62958036309007,2516,-0.9936,0,0
0.62958060144247,2517,-0.9932,0,0
0.62958083988946,2518,-0.9928,0,0
0.62958107843106,2519,-0.9924,0,0
0.62958131706725,2520,-0.992,0,0
0.62958155579804,2521,-0.9916,0,0
0.62958179462342,2522,-0.9912,0,0
0.6295820335434,2523,-0.9908,0,0
0.62958227255798,2524,-0.9904,0,0
0.62958251166715,2525,-0.99,0,0
0.62958275087092,2526,-0.9896,0,0
0.62958299016929,2527,-0.9892,0,0
0.62958322956225,2528,-0.9888,0,0
0.62958346904981,2529,-0.9884,0,0
0.62958370863196,2530,-0.988,0,0
0.62958394830871,2531,-0.9876,0,0
0.62958418808006,2532,-0.9872,0,0
0.629584427946,2533,-0.9868,0,0
0.62958466790654,2534,-0.9864,0,0
0.62958490796167,2535,-0.986,0,0
0.62958514811139,2536,-0.9856,0,0
0.62958538835571,2537,-0.9852,0,0
0.62958562869463,2538,-0.9848,0,0
0.62958586912814,2539,-0.9844,0,0
0.62958610965624,2540,-0.984,0,0
0.62958635027894,2541,-0.9836,0,0
0.62958659099623,2542,-0.9832,0,0
0.62958683180812,2543,-0.9828,0,0
0.6295870727146,2544,-0.9824,0,0
0.62958731371567,2545,-0.982,0,0
0.62958755481134,2546,-0.9816,0,0
0.6295877960016,2547,-0.9812,0,0
0.62958803728646,2548,-0.9808,0,0
0.6295882786659,2549,-0.9804,0,0
0.62958852013994,2550,-0.98,0,0
0.62958876170857,2551,-0.9796,0,0
0.6295890033718,2552,-0.9792,0,0
0.62958924512962,2553,-0.9788,0,0
0.62958948698203,2554,-0.9784,0,0
0.62958972892903,2555,-0.978,0,0
0.62958997097062,2556,-0.9776,0,0
0.62959021310681,2557,-0.9772,0,0
0.62959045533759,2558,-0.9768,0,0
0.62959069766296,2559,-0.9764,0,0
0.62959094008292,2560,-0.976,0,0
0.62959118259747,2561,-0.9756,0,0
0.62959142520661,2562,-0.9752,0,0
0.62959166791035,2563,-0.9748,0,0
0.62959191070867,2564,-0.9744,0,0
0.62959215360159,2565,-0.974,0,0
0.6295923965891,2566,-0.9736,0,0
0.62959263967119,2567,-0.9732,0,0
0.62959288284788,2568,-0.9728,0,0
0.62959312611916,2569,-0.9724,0,0
0.62959336948503,2570,-0.972,0,0
0.62959361294549,2571,-0.9716,0,0
0.62959385650053,2572,-0.9712,0,0
0.62959410015017,2573,-0.9708,0,0
0.6295943438944,2574,-0.9704,0,0
0.62959458773321,2575,-0.97,0,0
0.62959483166662,2576,-0.9696,0,0
0.62959507569461,2577,-0.9692,0,0
0.6295953198172,2578,-0.9688,0,0
0.62959556403437,2579,-0.9684,0,0
0.62959580834613,2580,-0.968,0,0
0.62959605275248,2581,-0.9676,0,0
0.62959629725341,2582,-0.9672,0,0
0.62959654184894,2583,-0.9668,0,0
0.62959678653905,2584,-0.9664,0,0
0.62959703132376,2585,-0.966,0,0
0.62959727620304,2586,-0.9656,0,0
0.62959752117692,2587,-0.9652,0,0
0.62959776624539,2588,-0.9648,0,0
0.62959801140844,2589,-0.9644,0,0
0.62959825666608,2590,-0.964,0,0
0.6295985020183,2591,-0.9636,0,0
0.62959874746511,2592,-0.9632,0,0
0.62959899300651,2593,-0.9628,0,0
0.6295992386425,2594,-0.9624,0,0
0.62959948437307,2595,-0.962,0,0
0.62959973019823,2596,-0.9616,0,0
0.62959997611797,2597,-0.9612,0,0
0.62960022213231,2598,-0.9608,0,0
0.62960046824122,2599,-0.9604,0,0
0.62960071444472,2600,-0.96,0,0
0.62960096074281,2601,-0.9596,0,0
0.62960120713549,2602,-0.9592,0,0
0.62960145362274,2603,-0.9588,0,0
0.62960170020459,2604,-0.9584,0,0
0.62960194688102,2605,-0.958,0,0
0.62960219365203,2606,-0.9576,0,0
0.62960244051763,2607,-0.9572,0,0
0.62960268747781,2608,-0.9568,0,0
0.62960293453258,2609,-0.9564,0,0
0.62960318168193,2610,-0.956,0,0
0.62960342892587,2611,-0.9556,0,0
0.62960367626438,2612,-0.9552,0,0
0.62960392369749,2613,-0.9548,0,0
0.62960417122518,2614,-0.9544,0,0
0.62960441884745,2615,-0.954,0,0
0.6296046665643,2616,-0.9536,0,0
0.62960491437574,2617,-0.9532,0,0
0.62960516228176,2618,-0.9528,0,0
0.62960541028236,2619,-0.9524,0,0
0.62960565837755,2620,-0.952,0,0
0.62960590656731,2621,-0.9516,0,0
0.62960615485167,2622,-0.9512,0,0
0.6296064032306,2623,-0.9508,0,0
0.62960665170411,2624,-0.9504,0,0
0.62960690027221,2625,-0.95,0,0
0.62960714893489,2626,-0.9496,0,0
0.62960739769215,2627,-0.9492,0,0
0.629607646544,2628,-0.9488,0,0
0.62960789549042,2629,-0.9484,0,0
0.62960814453143,2630,-0.948,0,0
0.62960839366701,2631,-0.9476,0,0
0.62960864289718,2632,-0.9472,0,0
0.62960889222193,2633,-0.9468,0,0
0.62960914164126,2634,-0.9464,0,0
0.62960939115517,2635,-0.946,0,0
0.62960964076366,2636,-0.9456,0,0
0.62960989046673,2637,-0.9452,0,0
0.62961014026438,2638,-0.9448,0,0
0.62961039015661,2639,-0.9444,0,0
0.62961064014342,2640,-0.944,0,0
0.62961089022481,2641,-0.9436,0,0
0.62961114040078,2642,-0.9432,0,0
0.62961139067133,2643,-0.9428,0,0
0.62961164103646,2644,-0.9424,0,0
0.62961189149617,2645,-0.942,0,0
0.62961214205046,2646,-0.9416,0,0
0.62961239269932,2647,-0.9412,0,0
0.62961264344277,2648,-0.9408,0,0
0.62961289428079,2649,-0.9404,0,0
0.62961314521339,2650,-0.94,0,0
0.62961339624057,2651,-0.9396,0,0
0.62961364736233,2652,-0.9392,0,0
0.62961389857866,2653,-0.9388,0,0
0.62961414988957,2654,-0.9384,0,0
0.62961440129507,2655,-0.938,0,0
0.62961465279513,2656,-0.9376,0,0
0.62961490438978,2657,-0.9372,0,0
0.629615156079,2658,-0.9368,0,0
0.6296154078628,2659,-0.9364,0,0
0.62961565974118,2660,-0.936,0,0
0.62961591171413,2661,-0.9356,0,0
0.62961616378166,2662,-0.9352,0,0
0.62961641594377,2663,-0.9348,0,0
0.62961666820045,2664,-0.9344,0,0
0.62961692055171,2665,-0.934,0,0
0.62961717299754,2666,-0.9336,0,0
0.62961742553795,2667,-0.9332,0,0
0.62961767817294,2668,-0.9328,0,0
0.6296179309025,2669,-0.9324,0,0
0.62961818372664,2670,-0.932,0,0
0.62961843664535,2671,-0.9316,0,0
0.62961868965864,2672,-0.9312,0,0
0.6296189427665,2673,-0.9308,0,0
0.62961919596894,2674,-0.9304,0,0
0.62961944926595,2675,-0.93,0,0
0.62961970265754,2676,-0.9296,0,0
0.6296199561437,2677,-0.9292,0,0
0.62962020972443,2678,-0.9288,0,0
0.62962046339974,2679,-0.9284,0,0
0.62962071716962,2680,-0.928,0,0
0.62962097103408,2681,-0.9276,0,0
0.62962122499311,2682,-0.9272,0,0
0.62962147904671,2683,-0.9268,0,0
0.62962173319489,2684,-0.9264,0,0
0.62962198743764,2685,-0.926,0,0
0.62962224177496,2686,-0.9256,0,0
0.62962249620686,2687,-0.9252,0,0
0.62962275073333,2688,-0.9248,0,0
0.62962300535437,2689,-0.9244,0,0
0.62962326006998,2690,-0.924,0,0
0.62962351488017,2691,-0.9236,0,0
0.62962376978493,2692,-0.9232,0,0
0.62962402478425,2693,-0.9228,0,0
0.62962427987816,2694,-0.9224,0,0
0.62962453506663,2695,-0.922,0,0
0.62962479034967,2696,-0.9216,0,0
0.62962504572729,2697,-0.9212,0,0
0.62962530119948,2698,-0.9208,0,0
0.62962555676623,2699,-0.9204,0,0
0.62962581242756,2700,-0.92,0,0
0.62962606818346,2701,-0.9196,0,0
0.62962632403393,2702,-0.9192,0,0
0.62962657997897,2703,-0.9188,0,0
0.62962683601859,2704,-0.9184,0,0
0.62962709215277,2705,-0.918,0,0
0.62962734838152,2706,-0.9176,0,0
0.62962760470484,2707,-0.9172,0,0
0.62962786112273,2708,-0.9168,0,0
0.62962811763519,2709,-0.9164,0,0
0.62962837424222,2710,-0.916,0,0
0.62962863094382,2711,-0.9156,0,0
0.62962888773998,2712,-0.9152,0,0
0.62962914463072,2713,-0.9148,0,0
0.62962940161603,2714,-0.9144,0,0
0.6296296586959,2715,-0.914,0,0
0.62962991587034,2716,-0.9136,0,0
0.62963017313935,2717,-0.9132,0,0
0.62963043050293,2718,-0.9128,0,0
0.62963068796108,2719,-0.9124,0,0
0.62963094551379,2720,-0.912,0,0
0.62963120316108,2721,-0.9116,0,0
0.62963146090293,2722,-0.9112,0,0
0.62963171873934,2723,-0.9108,0,0
0.62963197667033,2724,-0.9104,0,0
0.62963223469588,2725,-0.91,0,0
0.629632492816,2726,-0.9096,0,0
0.62963275103068,2727,-0.9092,0,0
0.62963300933994,2728,-0.9088,0,0
0.62963326774375,2729,-0.9084,0,0
0.62963352624214,2730,-0.908,0,0
0.62963378483509,2731,-0.9076,0,0
0.62963404352261,2732,-0.9072,0,0
0.62963430230469,2733,-0.9068,0,0
0.62963456118134,2734,-0.9064,0,0
0.62963482015255,2735,-0.906,0,0
0.62963507921833,2736,-0.9056,0,0
0.62963533837868,2737,-0.9052,0,0
0.62963559763359,2738,-0.9048,0,0
0.62963585698306,2739,-0.9044,0,0
0.6296361164271,2740,-0.904,0,0
0.6296363759657,2741,-0.9036,0,0
0.62963663559887,2742,-0.9032,0,0
0.62963689532661,2743,-0.9028,0,0
0.6296371551489,2744,-0.9024,0,0
0.62963741506576,2745,-0.902,0,0
0.62963767507719,2746,-0.9016,0,0
0.62963793518318,2747,-0.9012,0,0
0.62963819538373,2748,-0.9008,0,0
0.62963845567885,2749,-0.9004,0,0
0.62963871606853,2750,-0.9,0,0
0.62963897655277,2751,-0.8996,0,0
0.62963923713157,2752,-0.8992,0,0
0.62963949780494,2753,-0.8988,0,0
0.62963975857287,2754,-0.8984,0,0
0.62964001943536,2755,-0.898,0,0
0.62964028039242,2756,-0.8976,0,0
0.62964054144404,2757,-0.8972,0,0
0.62964080259022,2758,-0.8968,0,0
0.62964106383096,2759,-0.8964,0,0
0.62964132516626,2760,-0.896,0,0
0.62964158659612,2761,-0.8956,0,0
0.62964184812055,2762,-0.8952,0,0
0.62964210973954,2763,-0.8948,0,0
0.62964237145309,2764,-0.8944,0,0
0.6296426332612,2765,-0.894,0,0
0.62964289516387,2766,-0.8936,0,0
0.6296431571611,2767,-0.8932,0,0
0.62964341925289,2768,-0.8928,0,0
0.62964368143924,2769,-0.8924,0,0
0.62964394372015,2770,-0.892,0,0
0.62964420609562,2771,-0.8916,0,0
0.62964446856565,2772,-0.8912,0,0
0.62964473113024,2773,-0.8908,0,0
0.6296449937894,2774,-0.8904,0,0
0.62964525654311,2775,-0.89,0,0
0.62964551939137,2776,-0.8896,0,0
0.6296457823342,2777,-0.8892,0,0
0.62964604537159,2778,-0.8888,0,0
0.62964630850354,2779,-0.8884,0,0
0.62964657173004,2780,-0.888,0,0
0.6296468350511,2781,-0.8876,0,0
0.62964709846673,2782,-0.8872,0,0
0.62964736197691,2783,-0.8868,0,0
0.62964762558164,2784,-0.8864,0,0
0.62964788928094,2785,-0.886,0,0
0.62964815307479,2786,-0.8856,0,0
0.6296484169632,2787,-0.8852,0,0
0.62964868094617,2788,-0.8848,0,0
0.6296489450237,2789,-0.8844,0,0
0.62964920919578,2790,-0.884,0,0
0.62964947346242,2791,-0.8836,0,0
0.62964973782361,2792,-0.8832,0,0
0.62965000227937,2793,-0.8828,0,0
0.62965026682967,2794,-0.8824,0,0
0.62965053147454,2795,-0.882,0,0
0.62965079621396,2796,-0.8816,0,0
0.62965106104794,2797,-0.8812,0,0
0.62965132597647,2798,-0.8808,0,0
0.62965159099956,2799,-0.8804,0,0
0.6296518561172,2800,-0.88,0,0
0.6296521213294,2801,-0.8796,0,0
0.62965238663616,2802,-0.8792,0,0
0.62965265203747,2803,-0.8788,0,0
0.62965291753333,2804,-0.8784,0,0
0.62965318312375,2805,-0.878,0,0
0.62965344880873,2806,-0.8776,0,0
0.62965371458825,2807,-0.8772,0,0
0.62965398046234,2808,-0.8768,0,0
0.62965424643097,2809,-0.8764,0,0
0.62965451249416,2810,-0.876,0,0
0.62965477865191,2811,-0.8756,0,0
0.62965504490421,2812,-0.8752,0,0
0.62965531125106,2813,-0.8748,0,0
0.62965557769246,2814,-0.8744,0,0
0.62965584422842,2815,-0.874,0,0
0.62965611085893,2816,-0.8736,0,0
0.62965637758399,2817,-0.8732,0,0
0.62965664440361,2818,-0.8728,0,0
0.62965691131778,2819,-0.8724,0,0
0.6296571783265,2820,-0.872,0,0
0.62965744542977,2821,-0.8716,0,0
0.6296577126276,2822,-0.8712,0,0
0.62965797991997,2823,-0.8708,0,0
0.6296582473069,2824,-0.8704,0,0
0.62965851478838,2825,-0.87,0,0
0.62965878236441,2826,-0.8696,0,0
0.629659050035,2827,-0.8692,0,0
0.62965931780013,2828,-0.8688,0,0
0.62965958565982,2829,-0.8684,0,0
0.62965985361405,2830,-0.868,0,0
0.62966012166284,2831,-0.8676,0,0
0.62966038980618,2832,-0.8672,0,0
0.62966065804406,2833,-0.8668,0,0
0.6296609263765,2834,-0.8664,0,0
0.62966119480349,2835,-0.866,0,0
0.62966146332502,2836,-0.8656,0,0
0.62966173194111,2837,-0.8652,0,0
0.62966200065175,2838,-0.8648,0,0
0.62966226945693,2839,-0.8644,0,0
0.62966253835667,2840,-0.864,0,0
0.62966280735095,2841,-0.8636,0,0
0.62966307643978,2842,-0.8632,0,0
0.62966334562316,2843,-0.8628,0,0
0.62966361490109,2844,-0.8624,0,0
0.62966388427357,2845,-0.862,0,0
0.6296641537406,2846,-0.8616,0,0
0.62966442330217,2847,-0.8612,0,0
0.62966469295829,2848,-0.8608,0,0
0.62966496270896,2849,-0.8604,0,0
0.62966523255418,2850,-0.86,0,0
0.62966550249395,2851,-0.8596,0,0
0.62966577252826,2852,-0.8592,0,0
0.62966604265712,2853,-0.8588,0,0
0.62966631288053,2854,-0.8584,0,0
0.62966658319848,2855,-0.858,0,0
0.62966685361098,2856,-0.8576,0,0
0.62966712411802,2857,-0.8572,0,0
0.62966739471962,2858,-0.8568,0,0
0.62966766541576,2859,-0.8564,0,0
0.62966793620644,2860,-0.856,0,0
0.62966820709167,2861,-0.8556,0,0
0.62966847807145,2862,-0.8552,0,0
0.62966874914577,2863,-0.8548,0,0
0.62966902031464,2864,-0.8544,0,0
0.62966929157805,2865,-0.854,0,0
0.62966956293601,2866,-0.8536,0,0
0.62966983438851,2867,-0.8532,0,0
0.62967010593555,2868,-0.8528,0,0
0.62967037757715,2869,-0.8524,0,0
0.62967064931328,2870,-0.852,0,0
0.62967092114396,2871,-0.8516,0,0
0.62967119306919,2872,-0.8512,0,0
0.62967146508895,2873,-0.8508,0,0
0.62967173720326,2874,-0.8504,0,0
0.62967200941212,2875,-0.85,0,0
0.62967228171552,2876,-0.8496,0,0
0.62967255411346,2877,-0.8492,0,0
0.62967282660595,2878,-0.8488,0,0
0.62967309919297,2879,-0.8484,0,0
0.62967337187454,2880,-0.848,0,0
0.62967364465066,2881,-0.8476,0,0
0.62967391752131,2882,-0.8472,0,0
0.62967419048651,2883,-0.8468,0,0
0.62967446354625,2884,-0.8464,0,0
0.62967473670053,2885,-0.846,0,0
0.62967500994936,2886,-0.8456,0,0
0.62967528329272,2887,-0.8452,0,0
0.62967555673063,2888,-0.8448,0,0
0.62967583026308,2889,-0.8444,0,0
0.62967610389007,2890,-0.844,0,0
0.6296763776116,2891,-0.8436,0,0
0.62967665142767,2892,-0.8432,0,0
0.62967692533828,2893,-0.8428,0,0
0.62967719934344,2894,-0.8424,0,0
0.62967747344313,2895,-0.842,0,0
0.62967774763736,2896,-0.8416,0,0
0.62967802192613,2897,-0.8412,0,0
0.62967829630945,2898,-0.8408,0,0
0.6296785707873,2899,-0.8404,0,0
0.62967884535969,2900,-0.84,0,0
0.62967912002662,2901,-0.8396,0,0
0.6296793947881,2902,-0.8392,0,0
0.62967966964411,2903,-0.8388,0,0
0.62967994459465,2904,-0.8384,0,0
0.62968021963974,2905,-0.838,0,0
0.62968049477937,2906,-0.8376,0,0
0.62968077001353,2907,-0.8372,0,0
0.62968104534223,2908,-0.8368,0,0
0.62968132076548,2909,-0.8364,0,0
0.62968159628325,2910,-0.836,0,0
0.62968187189557,2911,-0.8356,0,0
0.62968214760243,2912,-0.8352,0,0
0.62968242340382,2913,-0.8348,0,0
0.62968269929975,2914,-0.8344,0,0
0.62968297529021,2915,-0.834,0,0
0.62968325137521,2916,-0.8336,0,0
0.62968352755475,2917,-0.8332,0,0
0.62968380382883,2918,-0.8328,0,0
0.62968408019744,2919,-0.8324,0,0
0.62968435666059,2920,-0.832,0,0
0.62968463321828,2921,-0.8316,0,0
0.6296849098705,2922,-0.8312,0,0
0.62968518661725,2923,-0.8308,0,0
0.62968546345855,2924,-0.8304,0,0
0.62968574039438,2925,-0.83,0,0
0.62968601742474,2926,-0.8296,0,0
0.62968629454964,2927,-0.8292,0,0
0.62968657176907,2928,-0.8288,0,0
0.62968684908304,2929,-0.8284,0,0
0.62968712649154,2930,-0.828,0,0
0.62968740399458,2931,-0.8276,0,0
0.62968768159215,2932,-0.8272,0,0
0.62968795928426,2933,-0.8268,0,0
0.6296882370709,2934,-0.8264,0,0
0.62968851495207,2935,-0.826,0,0
0.62968879292778,2936,-0.8256,0,0
0.62968907099802,2937,-0.8252,0,0
0.62968934916279,2938,-0.8248,0,0
0.6296896274221,2939,-0.8244,0,0
0.62968990577594,2940,-0.824,0,0
0.62969018422431,2941,-0.8236,0,0
0.62969046276722,2942,-0.8232,0,0
0.62969074140466,2943,-0.8228,0,0
0.62969102013663,2944,-0.8224,0,0
0.62969129896313,2945,-0.822,0,0
0.62969157788416,2946,-0.8216,0,0
0.62969185689973,2947,-0.8212,0,0
0.62969213600983,2948,-0.8208,0,0
0.62969241521446,2949,-0.8204,0,0
0.62969269451362,2950,-0.82,0,0
0.62969297390731,2951,-0.8196,0,0
0.62969325339554,2952,-0.8192,0,0
0.62969353297829,2953,-0.8188,0,0
0.62969381265558,2954,-0.8184,0,0
0.62969409242739,2955,-0.818,0,0
0.62969437229374,2956,-0.8176,0,0
0.62969465225461,2957,-0.8172,0,0
0.62969493231002,2958,-0.8168,0,0
0.62969521245996,2959,-0.8164,0,0
0.62969549270442,2960,-0.816,0,0
0.62969577304342,2961,-0.8156,0,0
0.62969605347694,2962,-0.8152,0,0
0.629696334005,2963,-0.8148,0,0
0.62969661462758,2964,-0.8144,0,0
0.62969689534469,2965,-0.814,0,0
0.62969717615633,2966,-0.8136,0,0
0.6296974570625,2967,-0.8132,0,0
0.6296977380632,2968,-0.8128,0,0
0.62969801915842,2969,-0.8124,0,0
0.62969830034818,2970,-0.812,0,0
0.62969858163246,2971,-0.8116,0,0
0.62969886301127,2972,-0.8112,0,0
0.6296991444846,2973,-0.8108,0,0
0.62969942605247,2974,-0.8104,0,0
0.62969970771486,2975,-0.81,0,0
0.62969998947178,2976,-0.8096,0,0
0.62970027132322,2977,-0.8092,0,0
0.6297005532692,2978,-0.8088,0,0
0.62970083530969,2979,-0.8084,0,0
0.62970111744472,2980,-0.808,0,0
0.62970139967427,2981,-0.8076,0,0
0.62970168199835,2982,-0.8072,0,0
0.62970196441695,2983,-0.8068,0,0
0.62970224693008,2984,-0.8064,0,0
0.62970252953773,2985,-0.806,0,0
0.62970281223991,2986,-0.8056,0,0
0.62970309503662,2987,-0.8052,0,0
0.62970337792785,2988,-0.8048,0,0
0.6297036609136,2989,-0.8044,0,0
0.62970394399388,2990,-0.804,0,0
0.62970422716869,2991,-0.8036,0,0
0.62970451043802,2992,-0.8032,0,0
0.62970479380187,2993,-0.8028,0,0
0.62970507726025,2994,-0.8024,0,0
0.62970536081315,2995,-0.802,0,0
0.62970564446057,2996,-0.8016,0,0
0.62970592820252,2997,-0.8012,0,0
0.62970621203899,2998,-0.8008,0,0
0.62970649596998,2999,-0.8004,0,0
0.6297067799955,3000,-0.8,0,0
0.62970706411554,3001,-0.7996,0,0
0.62970734833011,3002,-0.7992,0,0
0.62970763263919,3003,-0.7988,0,0
0.6297079170428,3004,-0.7984,0,0
0.62970820154093,3005,-0.798,0,0
0.62970848613358,3006,-0.7976,0,0
0.62970877082076,3007,-0.7972,0,0
0.62970905560245,3008,-0.7968,0,0
0.62970934047867,3009,-0.7964,0,0
0.62970962544941,3010,-0.796,0,0
0.62970991051467,3011,-0.7956,0,0
0.62971019567445,3012,-0.7952,0,0
0.62971048092875,3013,-0.7948,0,0
0.62971076627757,3014,-0.7944,0,0
0.62971105172092,3015,-0.794,0,0
0.62971133725878,3016,-0.7936,0,0
0.62971162289116,3017,-0.7932,0,0
0.62971190861807,3018,-0.7928,0,0
0.62971219443949,3019,-0.7924,0,0
0.62971248035543,3020,-0.792,0,0
0.62971276636589,3021,-0.7916,0,0
0.62971305247088,3022,-0.7912,0,0
0.62971333867038,3023,-0.7908,0,0
0.6297136249644,3024,-0.7904,0,0
0.62971391135294,3025,-0.79,0,0
0.62971419783599,3026,-0.7896,0,0
0.62971448441357,3027,-0.7892,0,0
0.62971477108566,3028,-0.7888,0,0
0.62971505785228,3029,-0.7884,0,0
0.62971534471341,3030,-0.788,0,0
0.62971563166905,3031,-0.7876,0,0
0.62971591871922,3032,-0.7872,0,0
0.6297162058639,3033,-0.7868,0,0
0.6297164931031,3034,-0.7864,0,0
0.62971678043682,3035,-0.786,0,0
0.62971706786506,3036,-0.7856,0,0
0.62971735538781,3037,-0.7852,0,0
0.62971764300508,3038,-0.7848,0,0
0.62971793071686,3039,-0.7844,0,0
0.62971821852316,3040,-0.784,0,0
0.62971850642398,3041,-0.7836,0,0
0.62971879441931,3042,-0.7832,0,0
0.62971908250916,3043,-0.7828,0,0
0.62971937069352,3044,-0.7824,0,0
0.6297196589724,3045,-0.782,0,0
0.6297199473458,3046,-0.7816,0,0
0.62972023581371,3047,-0.7812,0,0
0.62972052437613,3048,-0.7808,0,0
0.62972081303307,3049,-0.7804,0,0
0.62972110178453,3050,-0.78,0,0
0.6297213906305,3051,-0.7796,0,0
0.62972167957098,3052,-0.7792,0,0
0.62972196860598,3053,-0.7788,0,0
0.62972225773549,3054,-0.7784,0,0
0.62972254695951,3055,-0.778,0,0
0.62972283627805,3056,-0.7776,0,0
0.6297231256911,3057,-0.7772,0,0
0.62972341519867,3058,-0.7768,0,0
0.62972370480074,3059,-0.7764,0,0
0.62972399449733,3060,-0.776,0,0
0.62972428428844,3061,-0.7756,0,0
0.62972457417405,3062,-0.7752,0,0
0.62972486415418,3063,-0.7748,0,0
0.62972515422882,3064,-0.7744,0,0
0.62972544439797,3065,-0.774,0,0
0.62972573466164,3066,-0.7736,0,0
0.62972602501981,3067,-0.7732,0,0
0.6297263154725,3068,-0.7728,0,0
0.6297266060197,3069,-0.7724,0,0
0.62972689666141,3070,-0.772,0,0
0.62972718739763,3071,-0.7716,0,0
0.62972747822836,3072,-0.7712,0,0
0.62972776915361,3073,-0.7708,0,0
0.62972806017336,3074,-0.7704,0,0
0.62972835128762,3075,-0.77,0,0
0.62972864249639,3076,-0.7696,0,0
0.62972893379968,3077,-0.7692,0,0
0.62972922519747,3078,-0.7688,0,0
0.62972951668977,3079,-0.7684,0,0
0.62972980827658,3080,-0.768,0,0
0.62973009995791,3081,-0.7676,0,0
0.62973039173374,3082,-0.7672,0,0
0.62973068360408,3083,-0.7668,0,0
0.62973097556892,3084,-0.7664,0,0
0.62973126762828,3085,-0.766,0,0
0.62973155978214,3086,-0.7656,0,0
0.62973185203052,3087,-0.7652,0,0
0.6297321443734,3088,-0.7648,0,0
0.62973243681079,3089,-0.7644,0,0
0.62973272934268,3090,-0.764,0,0
0.62973302196909,3091,-0.7636,0,0
0.62973331469,3092,-0.7632,0,0
0.62973360750542,3093,-0.7628,0,0
0.62973390041535,3094,-0.7624,0,0
0.62973419341978,3095,-0.762,0,0
0.62973448651872,3096,-0.7616,0,0
0.62973477971216,3097,-0.7612,0,0
0.62973507300012,3098,-0.7608,0,0
0.62973536638257,3099,-0.7604,0,0
0.62973565985954,3100,-0.76,0,0
0.62973595343101,3101,-0.7596,0,0
0.62973624709698,3102,-0.7592,0,0
0.62973654085747,3103,-0.7588,0,0
0.62973683471245,3104,-0.7584,0,0
0.62973712866194,3105,-0.758,0,0
0.62973742270594,3106,-0.7576,0,0
0.62973771684444,3107,-0.7572,0,0
0.62973801107745,3108,-0.7568,0,0
0.62973830540496,3109,-0.7564,0,0
0.62973859982697,3110,-0.756,0,0
0.62973889434349,3111,-0.7556,0,0
0.62973918895451,3112,-0.7552,0,0
0.62973948366004,3113,-0.7548,0,0
0.62973977846007,3114,-0.7544,0,0
0.6297400733546,3115,-0.754,0,0
0.62974036834364,3116,-0.7536,0,0
0.62974066342718,3117,-0.7532,0,0
0.62974095860522,3118,-0.7528,0,0
0.62974125387777,3119,-0.7524,0,0
0.62974154924481,3120,-0.752,0,0
0.62974184470636,3121,-0.7516,0,0
0.62974214026241,3122,-0.7512,0,0
0.62974243591297,3123,-0.7508,0,0
0.62974273165802,3124,-0.7504,0,0
0.62974302749758,3125,-0.75,0,0
0.62974332343164,3126,-0.7496,0,0
0.6297436194602,3127,-0.7492,0,0
0.62974391558326,3128,-0.7488,0,0
0.62974421180082,3129,-0.7484,0,0
0.62974450811289,3130,-0.748,0,0
0.62974480451945,3131,-0.7476,0,0
0.62974510102051,3132,-0.7472,0,0
0.62974539761608,3133,-0.7468,0,0
0.62974569430614,3134,-0.7464,0,0
0.6297459910907,3135,-0.746,0,0
0.62974628796977,3136,-0.7456,0,0
0.62974658494333,3137,-0.7452,0,0
0.62974688201139,3138,-0.7448,0,0
0.62974717917395,3139,-0.7444,0,0
0.62974747643102,3140,-0.744,0,0
0.62974777378257,3141,-0.7436,0,0
0.62974807122863,3142,-0.7432,0,0
0.62974836876919,3143,-0.7428,0,0
0.62974866640424,3144,-0.7424,0,0
0.6297489641338,3145,-0.742,0,0
0.62974926195785,3146,-0.7416,0,0
0.6297495598764,3147,-0.7412,0,0
0.62974985788944,3148,-0.7408,0,0
0.62975015599699,3149,-0.7404,0,0
0.62975045419903,3150,-0.74,0,0
0.62975075249557,3151,-0.7396,0,0
0.6297510508866,3152,-0.7392,0,0
0.62975134937213,3153,-0.7388,0,0
0.62975164795216,3154,-0.7384,0,0
0.62975194662668,3155,-0.738,0,0
0.62975224539571,3156,-0.7376,0,0
0.62975254425922,3157,-0.7372,0,0
0.62975284321723,3158,-0.7368,0,0
0.62975314226974,3159,-0.7364,0,0
0.62975344141675,3160,-0.736,0,0
0.62975374065824,3161,-0.7356,0,0
0.62975403999424,3162,-0.7352,0,0
0.62975433942473,3163,-0.7348,0,0
0.62975463894971,3164,-0.7344,0,0
0.62975493856919,3165,-0.734,0,0
0.62975523828316,3166,-0.7336,0,0
0.62975553809163,3167,-0.7332,0,0
0.62975583799459,3168,-0.7328,0,0
0.62975613799205,3169,-0.7324,0,0
0.62975643808399,3170,-0.732,0,0
0.62975673827044,3171,-0.7316,0,0
0.62975703855137,3172,-0.7312,0,0
0.6297573389268,3173,-0.7308,0,0
0.62975763939672,3174,-0.7304,0,0
0.62975793996114,3175,-0.73,0,0
0.62975824062004,3176,-0.7296,0,0
0.62975854137344,3177,-0.7292,0,0
0.62975884222133,3178,-0.7288,0,0
0.62975914316372,3179,-0.7284,0,0
0.62975944420059,3180,-0.728,0,0
0.62975974533196,3181,-0.7276,0,0
0.62976004655782,3182,-0.7272,0,0
0.62976034787817,3183,-0.7268,0,0
0.62976064929301,3184,-0.7264,0,0
0.62976095080235,3185,-0.726,0,0
0.62976125240617,3186,-0.7256,0,0
0.62976155410448,3187,-0.7252,0,0
0.62976185589729,3188,-0.7248,0,0
0.62976215778458,3189,-0.7244,0,0
0.62976245976637,3190,-0.724,0,0
0.62976276184264,3191,-0.7236,0,0
0.62976306401341,3192,-0.7232,0,0
0.62976336627866,3193,-0.7228,0,0
0.62976366863841,3194,-0.7224,0,0
0.62976397109264,3195,-0.722,0,0
0.62976427364136,3196,-0.7216,0,0
0.62976457628458,3197,-0.7212,0,0
0.62976487902228,3198,-0.7208,0,0
0.62976518185446,3199,-0.7204,0,0
0.62976548478114,3200,-0.72,0,0
0.62976578780231,3201,-0.7196,0,0
0.62976609091796,3202,-0.7192,0,0
0.6297663941281,3203,-0.7188,0,0
0.62976669743273,3204,-0.7184,0,0
0.62976700083185,3205,-0.718,0,0
0.62976730432545,3206,-0.7176,0,0
0.62976760791354,3207,-0.7172,0,0
0.62976791159612,3208,-0.7168,0,0
0.62976821537318,3209,-0.7164,0,0
0.62976851924473,3210,-0.716,0,0
0.62976882321077,3211,-0.7156,0,0
0.62976912727129,3212,-0.7152,0,0
0.6297694314263,3213,-0.7148,0,0
0.6297697356758,3214,-0.7144,0,0
0.62977004001978,3215,-0.714,0,0
0.62977034445824,3216,-0.7136,0,0
0.62977064899119,3217,-0.7132,0,0
0.62977095361863,3218,-0.7128,0,0
0.62977125834055,3219,-0.7124,0,0
0.62977156315696,3220,-0.712,0,0
0.62977186806785,3221,-0.7116,0,0
0.62977217307323,3222,-0.7112,0,0
0.62977247817309,3223,-0.7108,0,0
0.62977278336743,3224,-0.7104,0,0
0.62977308865626,3225,-0.71,0,0
0.62977339403957,3226,-0.7096,0,0
0.62977369951736,3227,-0.7092,0,0
0.62977400508964,3228,-0.7088,0,0
0.6297743107564,3229,-0.7084,0,0
0.62977461651765,3230,-0.708,0,0
0.62977492237337,3231,-0.7076,0,0
0.62977522832358,3232,-0.7072,0,0
0.62977553436828,3233,-0.7068,0,0
0.62977584050745,3234,-0.7064,0,0
0.62977614674111,3235,-0.706,0,0
0.62977645306925,3236,-0.7056,0,0
0.62977675949187,3237,-0.7052,0,0
0.62977706600897,3238,-0.7048,0,0
0.62977737262055,3239,-0.7044,0,0
0.62977767932661,3240,-0.704,0,0
0.62977798612716,3241,-0.7036,0,0
0.62977829302218,3242,-0.7032,0,0
0.62977860001169,3243,-0.7028,0,0
0.62977890709568,3244,-0.7024,0,0
0.62977921427414,3245,-0.702,0,0
0.62977952154709,3246,-0.7016,0,0
0.62977982891452,3247,-0.7012,0,0
0.62978013637643,3248,-0.7008,0,0
0.62978044393281,3249,-0.7004,0,0
0.62978075158368,3250,-0.7,0,0
0.62978105932902,3251,-0.6996,0,0
0.62978136716885,3252,-0.6992,0,0
0.62978167510315,3253,-0.6988,0,0
0.62978198313193,3254,-0.6984,0,0
0.62978229125519,3255,-0.698,0,0
0.62978259947293,3256,-0.6976,0,0
0.62978290778514,3257,-0.6972,0,0
0.62978321619184,3258,-0.6968,0,0
0.62978352469301,3259,-0.6964,0,0
0.62978383328866,3260,-0.696,0,0
0.62978414197878,3261,-0.6956,0,0
0.62978445076339,3262,-0.6952,0,0
0.62978475964247,3263,-0.6948,0,0
0.62978506861602,3264,-0.6944,0,0
0.62978537768406,3265,-0.694,0,0
0.62978568684657,3266,-0.6936,0,0
0.62978599610355,3267,-0.6932,0,0
0.62978630545502,3268,-0.6928,0,0
0.62978661490096,3269,-0.6924,0,0
0.62978692444137,3270,-0.692,0,0
0.62978723407626,3271,-0.6916,0,0
0.62978754380562,3272,-0.6912,0,0
0.62978785362946,3273,-0.6908,0,0
0.62978816354778,3274,-0.6904,0,0
0.62978847356057,3275,-0.69,0,0
0.62978878366783,3276,-0.6896,0,0
0.62978909386957,3277,-0.6892,0,0
0.62978940416579,3278,-0.6888,0,0
0.62978971455647,3279,-0.6884,0,0
0.62979002504163,3280,-0.688,0,0
0.62979033562127,3281,-0.6876,0,0
0.62979064629538,3282,-0.6872,0,0
0.62979095706396,3283,-0.6868,0,0
0.62979126792701,3284,-0.6864,0,0
0.62979157888454,3285,-0.686,0,0
0.62979188993654,3286,-0.6856,0,0
0.62979220108302,3287,-0.6852,0,0
0.62979251232396,3288,-0.6848,0,0
0.62979282365938,3289,-0.6844,0,0
0.62979313508927,3290,-0.684,0,0
0.62979344661363,3291,-0.6836,0,0
0.62979375823246,3292,-0.6832,0,0
0.62979406994577,3293,-0.6828,0,0
0.62979438175354,3294,-0.6824,0,0
0.62979469365579,3295,-0.682,0,0
0.62979500565251,3296,-0.6816,0,0
0.6297953177437,3297,-0.6812,0,0
0.62979562992936,3298,-0.6808,0,0
0.62979594220949,3299,-0.6804,0,0
0.62979625458409,3300,-0.68,0,0
0.62979656705316,3301,-0.6796,0,0
0.62979687961669,3302,-0.6792,0,0
0.6297971922747,3303,-0.6788,0,0
0.62979750502718,3304,-0.6784,0,0
0.62979781787413,3305,-0.678,0,0
0.62979813081555,3306,-0.6776,0,0
0.62979844385143,3307,-0.6772,0,0
0.62979875698179,3308,-0.6768,0,0
0.62979907020661,3309,-0.6764,0,0
0.6297993835259,3310,-0.676,0,0
0.62979969693966,3311,-0.6756,0,0
0.62980001044789,3312,-0.6752,0,0
0.62980032405059,3313,-0.6748,0,0
0.62980063774775,3314,-0.6744,0,0
0.62980095153938,3315,-0.674,0,0
0.62980126542548,3316,-0.6736,0,0
0.62980157940604,3317,-0.6732,0,0
0.62980189348107,3318,-0.6728,0,0
0.62980220765057,3319,-0.6724,0,0
0.62980252191454,3320,-0.672,0,0
0.62980283627297,3321,-0.6716,0,0
0.62980315072586,3322,-0.6712,0,0
0.62980346527323,3323,-0.6708,0,0
0.62980377991506,3324,-0.6704,0,0
0.62980409465135,3325,-0.67,0,0
0.62980440948211,3326,-0.6696,0,0
0.62980472440733,3327,-0.6692,0,0
0.62980503942702,3328,-0.6688,0,0
0.62980535454118,3329,-0.6684,0,0
0.6298056697498,3330,-0.668,0,0
0.62980598505288,3331,-0.6676,0,0
0.62980630045043,3332,-0.6672,0,0
0.62980661594244,3333,-0.6668,0,0
0.62980693152892,3334,-0.6664,0,0
0.62980724720986,3335,-0.666,0,0
0.62980756298526,3336,-0.6656,0,0
0.62980787885513,3337,-0.6652,0,0
0.62980819481946,3338,-0.6648,0,0
0.62980851087825,3339,-0.6644,0,0
0.62980882703151,3340,-0.664,0,0
0.62980914327922,3341,-0.6636,0,0
0.6298094596214,3342,-0.6632,0,0
0.62980977605805,3343,-0.6628,0,0
0.62981009258915,3344,-0.6624,0,0
0.62981040921472,3345,-0.662,0,0
0.62981072593474,3346,-0.6616,0,0
0.62981104274923,3347,-0.6612,0,0
0.62981135965819,3348,-0.6608,0,0
0.6298116766616,3349,-0.6604,0,0
0.62981199375947,3350,-0.66,0,0
0.6298123109518,3351,-0.6596,0,0
0.6298126282386,3352,-0.6592,0,0
0.62981294561985,3353,-0.6588,0,0
0.62981326309557,3354,-0.6584,0,0
0.62981358066574,3355,-0.658,0,0
0.62981389833037,3356,-0.6576,0,0
0.62981421608947,3357,-0.6572,0,0
0.62981453394302,3358,-0.6568,0,0
0.62981485189103,3359,-0.6564,0,0
0.6298151699335,3360,-0.656,0,0
0.62981548807043,3361,-0.6556,0,0
0.62981580630182,3362,-0.6552,0,0
0.62981612462767,3363,-0.6548,0,0
0.62981644304798,3364,-0.6544,0,0
0.62981676156274,3365,-0.654,0,0
0.62981708017196,3366,-0.6536,0,0
0.62981739887564,3367,-0.6532,0,0
0.62981771767378,3368,-0.6528,0,0
0.62981803656637,3369,-0.6524,0,0
0.62981835555342,3370,-0.652,0,0
0.62981867463493,3371,-0.6516,0,0
0.62981899381089,3372,-0.6512,0,0
0.62981931308132,3373,-0.6508,0,0
0.62981963244619,3374,-0.6504,0,0
0.62981995190553,3375,-0.65,0,0
0.62982027145932,3376,-0.6496,0,0
0.62982059110756,3377,-0.6492,0,0
0.62982091085026,3378,-0.6488,0,0
0.62982123068742,3379,-0.6484,0,0
0.62982155061903,3380,-0.648,0,0
0.6298218706451,3381,-0.6476,0,0
0.62982219076562,3382,-0.6472,0,0
0.6298225109806,3383,-0.6468,0,0
0.62982283129003,3384,-0.6464,0,0
0.62982315169392,3385,-0.646,0,0
0.62982347219226,3386,-0.6456,0,0
0.62982379278505,3387,-0.6452,0,0
0.6298241134723,3388,-0.6448,0,0
0.629824434254,3389,-0.6444,0,0
0.62982475513015,3390,-0.644,0,0
0.62982507610076,3391,-0.6436,0,0
0.62982539716582,3392,-0.6432,0,0
0.62982571832533,3393,-0.6428,0,0
0.6298260395793,3394,-0.6424,0,0
0.62982636092772,3395,-0.642,0,0
0.62982668237059,3396,-0.6416,0,0
0.62982700390791,3397,-0.6412,0,0
0.62982732553968,3398,-0.6408,0,0
0.62982764726591,3399,-0.6404,0,0
0.62982796908659,3400,-0.64,0,0
0.62982829100171,3401,-0.6396,0,0
0.62982861301129,3402,-0.6392,0,0
0.62982893511532,3403,-0.6388,0,0
0.62982925731381,3404,-0.6384,0,0
0.62982957960674,3405,-0.638,0,0
0.62982990199412,3406,-0.6376,0,0
0.62983022447595,3407,-0.6372,0,0
0.62983054705223,3408,-0.6368,0,0
0.62983086972297,3409,-0.6364,0,0
0.62983119248815,3410,-0.636,0,0
0.62983151534778,3411,-0.6356,0,0
0.62983183830186,3412,-0.6352,0,0
0.62983216135039,3413,-0.6348,0,0
0.62983248449336,3414,-0.6344,0,0
0.62983280773079,3415,-0.634,0,0
0.62983313106267,3416,-0.6336,0,0
0.62983345448899,3417,-0.6332,0,0
0.62983377800976,3418,-0.6328,0,0
0.62983410162498,3419,-0.6324,0,0
0.62983442533464,3420,-0.632,0,0
0.62983474913876,3421,-0.6316,0,0
0.62983507303732,3422,-0.6312,0,0
0.62983539703033,3423,-0.6308,0,0
0.62983572111778,3424,-0.6304,0,0
0.62983604529968,3425,-0.63,0,0
0.62983636957603,3426,-0.6296,0,0
0.62983669394683,3427,-0.6292,0,0
0.62983701841207,3428,-0.6288,0,0
0.62983734297176,3429,-0.6284,0,0
0.62983766762589,3430,-0.628,0,0
0.62983799237447,3431,-0.6276,0,0
0.62983831721749,3432,-0.6272,0,0
0.62983864215496,3433,-0.6268,0,0
0.62983896718687,3434,-0.6264,0,0
0.62983929231323,3435,-0.626,0,0
0.62983961753403,3436,-0.6256,0,0
0.62983994284928,3437,-0.6252,0,0
0.62984026825897,3438,-0.6248,0,0
0.62984059376311,3439,-0.6244,0,0
0.62984091936168,3440,-0.624,0,0
0.62984124505471,3441,-0.6236,0,0
0.62984157084217,3442,-0.6232,0,0
0.62984189672408,3443,-0.6228,0,0
0.62984222270044,3444,-0.6224,0,0
0.62984254877123,3445,-0.622,0,0
0.62984287493647,3446,-0.6216,0,0
0.62984320119615,3447,-0.6212,0,0
0.62984352755027,3448,-0.6208,0,0
0.62984385399884,3449,-0.6204,0,0
0.62984418054184,3450,-0.62,0,0
0.62984450717929,3451,-0.6196,0,0
0.62984483391118,3452,-0.6192,0,0
0.62984516073751,3453,-0.6188,0,0
0.62984548765828,3454,-0.6184,0,0
0.6298458146735,3455,-0.618,0,0
0.62984614178315,3456,-0.6176,0,0
0.62984646898725,3457,-0.6172,0,0
0.62984679628578,3458,-0.6168,0,0
0.62984712367876,3459,-0.6164,0,0
0.62984745116617,3460,-0.616,0,0
0.62984777874803,3461,-0.6156,0,0
0.62984810642432,3462,-0.6152,0,0
0.62984843419505,3463,-0.6148,0,0
0.62984876206023,3464,-0.6144,0,0
0.62984909001984,3465,-0.614,0,0
0.62984941807389,3466,-0.6136,0,0
0.62984974622238,3467,-0.6132,0,0
0.62985007446531,3468,-0.6128,0,0
0.62985040280267,3469,-0.6124,0,0
0.62985073123447,3470,-0.612,0,0
0.62985105976072,3471,-0.6116,0,0
0.6298513883814,3472,-0.6112,0,0
0.62985171709651,3473,-0.6108,0,0
0.62985204590607,3474,-0.6104,0,0
0.62985237481006,3475,-0.61,0,0
0.62985270380849,3476,-0.6096,0,0
0.62985303290135,3477,-0.6092,0,0
0.62985336208865,3478,-0.6088,0,0
0.62985369137039,3479,-0.6084,0,0
0.62985402074656,3480,-0.608,0,0
0.62985435021717,3481,-0.6076,0,0
0.62985467978222,3482,-0.6072,0,0
0.6298550094417,3483,-0.6068,0,0
0.62985533919561,3484,-0.6064,0,0
0.62985566904396,3485,-0.606,0,0
0.62985599898675,3486,-0.6056,0,0
0.62985632902397,3487,-0.6052,0,0
0.62985665915562,3488,-0.6048,0,0
0.62985698938171,3489,-0.6044,0,0
0.62985731970224,3490,-0.604,0,0
0.62985765011719,3491,-0.6036,0,0
0.62985798062658,3492,-0.6032,0,0
0.62985831123041,3493,-0.6028,0,0
0.62985864192867,3494,-0.6024,0,0
0.62985897272136,3495,-0.602,0,0
0.62985930360848,3496,-0.6016,0,0
0.62985963459004,3497,-0.6012,0,0
0.62985996566603,3498,-0.6008,0,0
0.62986029683645,3499,-0.6004,0,0
0.6298606281013,3500,-0.6,0,0
0.62986095946059,3501,-0.5996,0,0
0.62986129091431,3502,-0.5992,0,0
0.62986162246246,3503,-0.5988,0,0
0.62986195410504,3504,-0.5984,0,0
0.62986228584205,3505,-0.598,0,0
0.62986261767349,3506,-0.5976,0,0
0.62986294959936,3507,-0.5972,0,0
0.62986328161967,3508,-0.5968,0,0
0.6298636137344,3509,-0.5964,0,0
0.62986394594357,3510,-0.596,0,0
0.62986427824716,3511,-0.5956,0,0
0.62986461064519,3512,-0.5952,0,0
0.62986494313764,3513,-0.5948,0,0
0.62986527572453,3514,-0.5944,0,0
0.62986560840584,3515,-0.594,0,0
0.62986594118158,3516,-0.5936,0,0
0.62986627405175,3517,-0.5932,0,0
0.62986660701635,3518,-0.5928,0,0
0.62986694007538,3519,-0.5924,0,0
0.62986727322883,3520,-0.592,0,0
0.62986760647672,3521,-0.5916,0,0
0.62986793981903,3522,-0.5912,0,0
0.62986827325577,3523,-0.5908,0,0
0.62986860678694,3524,-0.5904,0,0
0.62986894041253,3525,-0.59,0,0
0.62986927413255,3526,-0.5896,0,0
0.629869607947,3527,-0.5892,0,0
0.62986994185588,3528,-0.5888,0,0
0.62987027585918,3529,-0.5884,0,0
0.62987060995691,3530,-0.588,0,0
0.62987094414906,3531,-0.5876,0,0
0.62987127843564,3532,-0.5872,0,0
0.62987161281665,3533,-0.5868,0,0
0.62987194729208,3534,-0.5864,0,0
0.62987228186193,3535,-0.586,0,0
0.62987261652622,3536,-0.5856,0,0
0.62987295128492,3537,-0.5852,0,0
0.62987328613805,3538,-0.5848,0,0
0.62987362108561,3539,-0.5844,0,0
0.62987395612759,3540,-0.584,0,0
0.62987429126399,3541,-0.5836,0,0
0.62987462649482,3542,-0.5832,0,0
0.62987496182007,3543,-0.5828,0,0
0.62987529723975,3544,-0.5824,0,0
0.62987563275384,3545,-0.582,0,0
0.62987596836237,3546,-0.5816,0,0
0.62987630406531,3547,-0.5812,0,0
0.62987663986268,3548,-0.5808,0,0
0.62987697575447,3549,-0.5804,0,0
0.62987731174068,3550,-0.58,0,0
0.62987764782131,3551,-0.5796,0,0
0.62987798399637,3552,-0.5792,0,0
0.62987832026585,3553,-0.5788,0,0
0.62987865662975,3554,-0.5784,0,0
0.62987899308807,3555,-0.578,0,0
0.62987932964081,3556,-0.5776,0,0
0.62987966628797,3557,-0.5772,0,0
0.62988000302955,3558,-0.5768,0,0
0.62988033986556,3559,-0.5764,0,0
0.62988067679598,3560,-0.576,0,0
0.62988101382083,3561,-0.5756,0,0
0.62988135094009,3562,-0.5752,0,0
0.62988168815378,3563,-0.5748,0,0
0.62988202546188,3564,-0.5744,0,0
0.6298823628644,3565,-0.574,0,0
0.62988270036134,3566,-0.5736,0,0
0.62988303795271,3567,-0.5732,0,0
0.62988337563849,3568,-0.5728,0,0
0.62988371341868,3569,-0.5724,0,0
0.6298840512933,3570,-0.572,0,0
0.62988438926234,3571,-0.5716,0,0
0.62988472732579,3572,-0.5712,0,0
0.62988506548366,3573,-0.5708,0,0
0.62988540373595,3574,-0.5704,0,0
0.62988574208265,3575,-0.57,0,0
0.62988608052378,3576,-0.5696,0,0
0.62988641905931,3577,-0.5692,0,0
0.62988675768927,3578,-0.5688,0,0
0.62988709641364,3579,-0.5684,0,0
0.62988743523243,3580,-0.568,0,0
0.62988777414564,3581,-0.5676,0,0
0.62988811315326,3582,-0.5672,0,0
0.6298884522553,3583,-0.5668,0,0
0.62988879145175,3584,-0.5664,0,0
0.62988913074262,3585,-0.566,0,0
0.6298894701279,3586,-0.5656,0,0
0.6298898096076,3587,-0.5652,0,0
0.62989014918171,3588,-0.5648,0,0
0.62989048885024,3589,-0.5644,0,0
0.62989082861318,3590,-0.564,0,0
0.62989116847054,3591,-0.5636,0,0
0.62989150842231,3592,-0.5632,0,0
0.62989184846849,3593,-0.5628,0,0
0.62989218860909,3594,-0.5624,0,0
0.6298925288441,3595,-0.562,0,0
0.62989286917352,3596,-0.5616,0,0
0.62989320959736,3597,-0.5612,0,0
0.62989355011561,3598,-0.5608,0,0
0.62989389072827,3599,-0.5604,0,0
0.62989423143534,3600,-0.56,0,0
0.62989457223683,3601,-0.5596,0,0
0.62989491313273,3602,-0.5592,0,0
0.62989525412304,3603,-0.5588,0,0
0.62989559520776,3604,-0.5584,0,0
0.62989593638689,3605,-0.558,0,0
0.62989627766043,3606,-0.5576,0,0
0.62989661902839,3607,-0.5572,0,0
0.62989696049075,3608,-0.5568,0,0
0.62989730204753,3609,-0.5564,0,0
0.62989764369872,3610,-0.556,0,0
0.62989798544431,3611,-0.5556,0,0
0.62989832728432,3612,-0.5552,0,0
0.62989866921873,3613,-0.5548,0,0
0.62989901124756,3614,-0.5544,0,0
0.62989935337079,3615,-0.554,0,0
0.62989969558844,3616,-0.5536,0,0
0.62990003790049,3617,-0.5532,0,0
0.62990038030695,3618,-0.5528,0,0
0.62990072280782,3619,-0.5524,0,0
0.6299010654031,3620,-0.552,0,0
0.62990140809279,3621,-0.5516,0,0
0.62990175087688,3622,-0.5512,0,0
0.62990209375538,3623,-0.5508,0,0
0.62990243672829,3624,-0.5504,0,0
0.62990277979561,3625,-0.55,0,0
0.62990312295734,3626,-0.5496,0,0
0.62990346621347,3627,-0.5492,0,0
0.629903809564,3628,-0.5488,0,0
0.62990415300895,3629,-0.5484,0,0
0.6299044965483,3630,-0.548,0,0
0.62990484018205,3631,-0.5476,0,0
0.62990518391022,3632,-0.5472,0,0
0.62990552773278,3633,-0.5468,0,0
0.62990587164976,3634,-0.5464,0,0
0.62990621566114,3635,-0.546,0,0
0.62990655976692,3636,-0.5456,0,0
0.62990690396711,3637,-0.5452,0,0
0.6299072482617,3638,-0.5448,0,0
0.6299075926507,3639,-0.5444,0,0
0.6299079371341,3640,-0.544,0,0
0.62990828171191,3641,-0.5436,0,0
0.62990862638412,3642,-0.5432,0,0
0.62990897115073,3643,-0.5428,0,0
0.62990931601175,3644,-0.5424,0,0
0.62990966096717,3645,-0.542,0,0
0.62991000601699,3646,-0.5416,0,0
0.62991035116122,3647,-0.5412,0,0
0.62991069639984,3648,-0.5408,0,0
0.62991104173288,3649,-0.5404,0,0
0.62991138716031,3650,-0.54,0,0
0.62991173268214,3651,-0.5396,0,0
0.62991207829838,3652,-0.5392,0,0
0.62991242400902,3653,-0.5388,0,0
0.62991276981406,3654,-0.5384,0,0
0.6299131157135,3655,-0.538,0,0
0.62991346170734,3656,-0.5376,0,0
0.62991380779558,3657,-0.5372,0,0
0.62991415397823,3658,-0.5368,0,0
0.62991450025527,3659,-0.5364,0,0
0.62991484662672,3660,-0.536,0,0
0.62991519309256,3661,-0.5356,0,0
0.6299155396528,3662,-0.5352,0,0
0.62991588630745,3663,-0.5348,0,0
0.62991623305649,3664,-0.5344,0,0
0.62991657989993,3665,-0.534,0,0
0.62991692683777,3666,-0.5336,0,0
0.62991727387001,3667,-0.5332,0,0
0.62991762099665,3668,-0.5328,0,0
0.62991796821769,3669,-0.5324,0,0
0.62991831553312,3670,-0.532,0,0
0.62991866294295,3671,-0.5316,0,0
0.62991901044718,3672,-0.5312,0,0
0.62991935804581,3673,-0.5308,0,0
0.62991970573883,3674,-0.5304,0,0
0.62992005352626,3675,-0.53,0,0
0.62992040140807,3676,-0.5296,0,0
0.62992074938429,3677,-0.5292,0,0
0.6299210974549,3678,-0.5288,0,0
0.62992144561991,3679,-0.5284,0,0
0.62992179387931,3680,-0.528,0,0
0.62992214223311,3681,-0.5276,0,0
0.62992249068131,3682,-0.5272,0,0
0.6299228392239,3683,-0.5268,0,0
0.62992318786089,3684,-0.5264,0,0
0.62992353659227,3685,-0.526,0,0
0.62992388541805,3686,-0.5256,0,0
0.62992423433822,3687,-0.5252,0,0
0.62992458335278,3688,-0.5248,0,0
0.62992493246174,3689,-0.5244,0,0
0.6299252816651,3690,-0.524,0,0
0.62992563096284,3691,-0.5236,0,0
0.62992598035498,3692,-0.5232,0,0
0.62992632984152,3693,-0.5228,0,0
0.62992667942245,3694,-0.5224,0,0
0.62992702909777,3695,-0.522,0,0
0.62992737886748,3696,-0.5216,0,0
0.62992772873159,3697,-0.5212,0,0
0.62992807869008,3698,-0.5208,0,0
0.62992842874297,3699,-0.5204,0,0
0.62992877889026,3700,-0.52,0,0
0.62992912913193,3701,-0.5196,0,0
0.629929479468,3702,-0.5192,0,0
0.62992982989845,3703,-0.5188,0,0
0.6299301804233,3704,-0.5184,0,0
0.62993053104254,3705,-0.518,0,0
0.62993088175617,3706,-0.5176,0,0
0.62993123256419,3707,-0.5172,0,0
0.6299315834666,3708,-0.5168,0,0
0.6299319344634,3709,-0.5164,0,0
0.62993228555459,3710,-0.516,0,0
0.62993263674017,3711,-0.5156,0,0
0.62993298802014,3712,-0.5152,0,0
0.6299333393945,3713,-0.5148,0,0
0.62993369086325,3714,-0.5144,0,0
0.62993404242638,3715,-0.514,0,0
0.62993439408391,3716,-0.5136,0,0
0.62993474583582,3717,-0.5132,0,0
0.62993509768212,3718,-0.5128,0,0
0.62993544962281,3719,-0.5124,0,0
0.62993580165789,3720,-0.512,0,0
0.62993615378736,3721,-0.5116,0,0
0.62993650601121,3722,-0.5112,0,0
0.62993685832945,3723,-0.5108,0,0
0.62993721074207,3724,-0.5104,0,0
0.62993756324909,3725,-0.51,0,0
0.62993791585049,3726,-0.5096,0,0
0.62993826854627,3727,-0.5092,0,0
0.62993862133645,3728,-0.5088,0,0
0.62993897422101,3729,-0.5084,0,0
0.62993932719995,3730,-0.508,0,0
0.62993968027328,3731,-0.5076,0,0
0.62994003344099,3732,-0.5072,0,0
0.62994038670309,3733,-0.5068,0,0
0.62994074005958,3734,-0.5064,0,0
0.62994109351045,3735,-0.506,0,0
0.6299414470557,3736,-0.5056,0,0
0.62994180069534,3737,-0.5052,0,0
0.62994215442936,3738,-0.5048,0,0
0.62994250825777,3739,-0.5044,0,0
0.62994286218056,3740,-0.504,0,0
0.62994321619773,3741,-0.5036,0,0
0.62994357030929,3742,-0.5032,0,0
0.62994392451523,3743,-0.5028,0,0
0.62994427881555,3744,-0.5024,0,0
0.62994463321026,3745,-0.502,0,0
0.62994498769934,3746,-0.5016,0,0
0.62994534228281,3747,-0.5012,0,0
0.62994569696066,3748,-0.5008,0,0
0.6299460517329,3749,-0.5004,0,0
0.62994640659951,3750,-0.5,0,0
0.62994676156051,3751,-0.4996,0,0
0.62994711661588,3752,-0.4992,0,0
0.62994747176564,3753,-0.4988,0,0
0.62994782700978,3754,-0.4984,0,0
0.6299481823483,3755,-0.498,0,0
0.6299485377812,3756,-0.4976,0,0
0.62994889330848,3757,-0.4972,0,0
0.62994924893014,3758,-0.4968,0,0
0.62994960464618,3759,-0.4964,0,0
0.6299499604566,3760,-0.496,0,0
0.62995031636139,3761,-0.4956,0,0
0.62995067236057,3762,-0.4952,0,0
0.62995102845413,3763,-0.4948,0,0
0.62995138464206,3764,-0.4944,0,0
0.62995174092437,3765,-0.494,0,0
0.62995209730106,3766,-0.4936,0,0
0.62995245377213,3767,-0.4932,0,0
0.62995281033758,3768,-0.4928,0,0
0.6299531669974,3769,-0.4924,0,0
0.6299535237516,3770,-0.492,0,0
0.62995388060018,3771,-0.4916,0,0
0.62995423754314,3772,-0.4912,0,0
0.62995459458047,3773,-0.4908,0,0
0.62995495171218,3774,-0.4904,0,0
0.62995530893826,3775,-0.49,0,0
0.62995566625872,3776,-0.4896,0,0
0.62995602367356,3777,-0.4892,0,0
0.62995638118277,3778,-0.4888,0,0
0.62995673878636,3779,-0.4884,0,0
0.62995709648432,3780,-0.488,0,0
0.62995745427666,3781,-0.4876,0,0
0.62995781216337,3782,-0.4872,0,0
0.62995817014446,3783,-0.4868,0,0
0.62995852821992,3784,-0.4864,0,0
0.62995888638976,3785,-0.486,0,0
0.62995924465397,3786,-0.4856,0,0
0.62995960301255,3787,-0.4852,0,0
0.62995996146551,3788,-0.4848,0,0
0.62996032001284,3789,-0.4844,0,0
0.62996067865454,3790,-0.484,0,0
0.62996103739062,3791,-0.4836,0,0
0.62996139622107,3792,-0.4832,0,0
0.62996175514589,3793,-0.4828,0,0
0.62996211416509,3794,-0.4824,0,0
0.62996247327865,3795,-0.482,0,0
0.62996283248659,3796,-0.4816,0,0
0.6299631917889,3797,-0.4812,0,0
0.62996355118558,3798,-0.4808,0,0
0.62996391067663,3799,-0.4804,0,0
0.62996427026206,3800,-0.48,0,0
0.62996462994185,3801,-0.4796,0,0
0.62996498971601,3802,-0.4792,0,0
0.62996534958455,3803,-0.4788,0,0
0.62996570954745,3804,-0.4784,0,0
0.62996606960473,3805,-0.478,0,0
0.62996642975637,3806,-0.4776,0,0
0.62996679000239,3807,-0.4772,0,0
0.62996715034277,3808,-0.4768,0,0
0.62996751077752,3809,-0.4764,0,0
0.62996787130665,3810,-0.476,0,0
0.62996823193014,3811,-0.4756,0,0
0.62996859264799,3812,-0.4752,0,0
0.62996895346022,3813,-0.4748,0,0
0.62996931436682,3814,-0.4744,0,0
0.62996967536778,3815,-0.474,0,0
0.62997003646311,3816,-0.4736,0,0
0.62997039765281,3817,-0.4732,0,0
0.62997075893687,3818,-0.4728,0,0
0.6299711203153,3819,-0.4724,0,0
0.6299714817881,3820,-0.472,0,0
0.62997184335527,3821,-0.4716,0,0
0.6299722050168,3822,-0.4712,0,0
0.62997256677269,3823,-0.4708,0,0
0.62997292862296,3824,-0.4704,0,0
0.62997329056759,3825,-0.47,0,0
0.62997365260658,3826,-0.4696,0,0
0.62997401473994,3827,-0.4692,0,0
0.62997437696766,3828,-0.4688,0,0
0.62997473928975,3829,-0.4684,0,0
0.62997510170621,3830,-0.468,0,0
0.62997546421703,3831,-0.4676,0,0
0.62997582682221,3832,-0.4672,0,0
0.62997618952176,3833,-0.4668,0,0
0.62997655231567,3834,-0.4664,0,0
0.62997691520394,3835,-0.466,0,0
0.62997727818658,3836,-0.4656,0,0
0.62997764126358,3837,-0.4652,0,0
0.62997800443494,3838,-0.4648,0,0
0.62997836770067,3839,-0.4644,0,0
0.62997873106075,3840,-0.464,0,0
0.6299790945152,3841,-0.4636,0,0
0.62997945806402,3842,-0.4632,0,0
0.62997982170719,3843,-0.4628,0,0
0.62998018544473,3844,-0.4624,0,0
0.62998054927662,3845,-0.462,0,0
0.62998091320288,3846,-0.4616,0,0
0.6299812772235,3847,-0.4612,0,0
0.62998164133848,3848,-0.4608,0,0
0.62998200554782,3849,-0.4604,0,0
0.62998236985152,3850,-0.46,0,0
0.62998273424959,3851,-0.4596,0,0
0.62998309874201,3852,-0.4592,0,0
0.62998346332879,3853,-0.4588,0,0
0.62998382800993,3854,-0.4584,0,0
0.62998419278543,3855,-0.458,0,0
0.62998455765529,3856,-0.4576,0,0
0.6299849226195,3857,-0.4572,0,0
0.62998528767808,3858,-0.4568,0,0
0.62998565283101,3859,-0.4564,0,0
0.6299860180783,3860,-0.456,0,0
0.62998638341996,3861,-0.4556,0,0
0.62998674885596,3862,-0.4552,0,0
0.62998711438633,3863,-0.4548,0,0
0.62998748001105,3864,-0.4544,0,0
0.62998784573013,3865,-0.454,0,0
0.62998821154357,3866,-0.4536,0,0
0.62998857745136,3867,-0.4532,0,0
0.62998894345351,3868,-0.4528,0,0
0.62998930955002,3869,-0.4524,0,0
0.62998967574088,3870,-0.452,0,0
0.6299900420261,3871,-0.4516,0,0
0.62999040840567,3872,-0.4512,0,0
0.6299907748796,3873,-0.4508,0,0
0.62999114144788,3874,-0.4504,0,0
0.62999150811052,3875,-0.45,0,0
0.62999187486752,3876,-0.4496,0,0
0.62999224171886,3877,-0.4492,0,0
0.62999260866457,3878,-0.4488,0,0
0.62999297570462,3879,-0.4484,0,0
0.62999334283903,3880,-0.448,0,0
0.6299937100678,3881,-0.4476,0,0
0.62999407739091,3882,-0.4472,0,0
0.62999444480838,3883,-0.4468,0,0
0.62999481232021,3884,-0.4464,0,0
0.62999517992638,3885,-0.446,0,0
0.62999554762691,3886,-0.4456,0,0
0.62999591542179,3887,-0.4452,0,0
0.62999628331103,3888,-0.4448,0,0
0.62999665129461,3889,-0.4444,0,0
0.62999701937255,3890,-0.444,0,0
0.62999738754483,3891,-0.4436,0,0
0.62999775581147,3892,-0.4432,0,0
0.62999812417246,3893,-0.4428,0,0
0.62999849262781,3894,-0.4424,0,0
0.6299988611775,3895,-0.442,0,0
0.62999922982154,3896,-0.4416,0,0
0.62999959855993,3897,-0.4412,0,0
0.62999996739267,3898,-0.4408,0,0
0.63000033631977,3899,-0.4404,0,0
0.63000070534121,3900,-0.44,0,0
0.630001074457,3901,-0.4396,0,0
0.63000144366714,3902,-0.4392,0,0
0.63000181297162,3903,-0.4388,0,0
0.63000218237046,3904,-0.4384,0,0
0.63000255186365,3905,-0.438,0,0
0.63000292145118,3906,-0.4376,0,0
0.63000329113306,3907,-0.4372,0,0
0.63000366090929,3908,-0.4368,0,0
0.63000403077987,3909,-0.4364,0,0
0.63000440074479,3910,-0.436,0,0
0.63000477080406,3911,-0.4356,0,0
0.63000514095768,3912,-0.4352,0,0
0.63000551120565,3913,-0.4348,0,0
0.63000588154796,3914,-0.4344,0,0
0.63000625198462,3915,-0.434,0,0
0.63000662251562,3916,-0.4336,0,0
0.63000699314097,3917,-0.4332,0,0
0.63000736386066,3918,-0.4328,0,0
0.6300077346747,3919,-0.4324,0,0
0.63000810558309,3920,-0.432,0,0
0.63000847658582,3921,-0.4316,0,0
0.63000884768289,3922,-0.4312,0,0
0.63000921887431,3923,-0.4308,0,0
0.63000959016008,3924,-0.4304,0,0
0.63000996154019,3925,-0.43,0,0
0.63001033301464,3926,-0.4296,0,0
0.63001070458343,3927,-0.4292,0,0
0.63001107624657,3928,-0.4288,0,0
0.63001144800405,3929,-0.4284,0,0
0.63001181985588,3930,-0.428,0,0
0.63001219180204,3931,-0.4276,0,0
0.63001256384255,3932,-0.4272,0,0
0.6300129359774,3933,-0.4268,0,0
0.6300133082066,3934,-0.4264,0,0
0.63001368053013,3935,-0.426,0,0
0.63001405294801,3936,-0.4256,0,0
0.63001442546023,3937,-0.4252,0,0
0.63001479806679,3938,-0.4248,0,0
0.63001517076769,3939,-0.4244,0,0
0.63001554356293,3940,-0.424,0,0
0.63001591645252,3941,-0.4236,0,0
0.63001628943644,3942,-0.4232,0,0
0.6300166625147,3943,-0.4228,0,0
0.6300170356873,3944,-0.4224,0,0
0.63001740895425,3945,-0.422,0,0
0.63001778231553,3946,-0.4216,0,0
0.63001815577115,3947,-0.4212,0,0
0.63001852932111,3948,-0.4208,0,0
0.63001890296541,3949,-0.4204,0,0
0.63001927670404,3950,-0.42,0,0
0.63001965053702,3951,-0.4196,0,0
0.63002002446433,3952,-0.4192,0,0
0.63002039848598,3953,-0.4188,0,0
0.63002077260197,3954,-0.4184,0,0
0.6300211468123,3955,-0.418,0,0
0.63002152111696,3956,-0.4176,0,0
0.63002189551596,3957,-0.4172,0,0
0.6300222700093,3958,-0.4168,0,0
0.63002264459697,3959,-0.4164,0,0
0.63002301927898,3960,-0.416,0,0
0.63002339405533,3961,-0.4156,0,0
0.63002376892601,3962,-0.4152,0,0
0.63002414389103,3963,-0.4148,0,0
0.63002451895038,3964,-0.4144,0,0
0.63002489410407,3965,-0.414,0,0
0.6300252693521,3966,-0.4136,0,0
0.63002564469445,3967,-0.4132,0,0
0.63002602013115,3968,-0.4128,0,0
0.63002639566217,3969,-0.4124,0,0
0.63002677128754,3970,-0.412,0,0
0.63002714700723,3971,-0.4116,0,0
0.63002752282126,3972,-0.4112,0,0
0.63002789872962,3973,-0.4108,0,0
0.63002827473232,3974,-0.4104,0,0
0.63002865082935,3975,-0.41,0,0
0.63002902702071,3976,-0.4096,0,0
0.6300294033064,3977,-0.4092,0,0
0.63002977968643,3978,-0.4088,0,0
0.63003015616079,3979,-0.4084,0,0
0.63003053272948,3980,-0.408,0,0
0.6300309093925,3981,-0.4076,0,0
0.63003128614985,3982,-0.4072,0,0
0.63003166300154,3983,-0.4068,0,0
0.63003203994755,3984,-0.4064,0,0
0.6300324169879,3985,-0.406,0,0
0.63003279412257,3986,-0.4056,0,0
0.63003317135158,3987,-0.4052,0,0
0.63003354867492,3988,-0.4048,0,0
0.63003392609259,3989,-0.4044,0,0
0.63003430360458,3990,-0.404,0,0
0.63003468121091,3991,-0.4036,0,0
0.63003505891156,3992,-0.4032,0,0
0.63003543670655,3993,-0.4028,0,0
0.63003581459586,3994,-0.4024,0,0
0.6300361925795,3995,-0.402,0,0
0.63003657065747,3996,-0.4016,0,0
0.63003694882977,3997,-0.4012,0,0
0.6300373270964,3998,-0.4008,0,0
0.63003770545735,3999,-0.4004,0,0
0.63003808391263,4000,-0.4,0,0
0.63003846246224,4001,-0.3996,0,0
0.63003884110618,4002,-0.3992,0,0
0.63003921984444,4003,-0.3988,0,0
0.63003959867703,4004,-0.3984,0,0
0.63003997760394,4005,-0.398,0,0
0.63004035662519,4006,-0.3976,0,0
0.63004073574075,4007,-0.3972,0,0
0.63004111495064,4008,-0.3968,0,0
0.63004149425486,4009,-0.3964,0,0
0.63004187365341,4010,-0.396,0,0
0.63004225314627,4011,-0.3956,0,0
0.63004263273347,4012,-0.3952,0,0
0.63004301241499,4013,-0.3948,0,0
0.63004339219083,4014,-0.3944,0,0
0.63004377206099,4015,-0.394,0,0
0.63004415202548,4016,-0.3936,0,0
0.6300445320843,4017,-0.3932,0,0
0.63004491223743,4018,-0.3928,0,0
0.63004529248489,4019,-0.3924,0,0
0.63004567282668,4020,-0.392,0,0
0.63004605326278,4021,-0.3916,0,0
0.63004643379321,4022,-0.3912,0,0
0.63004681441796,4023,-0.3908,0,0
0.63004719513703,4024,-0.3904,0,0
0.63004757595043,4025,-0.39,0,0
0.63004795685814,4026,-0.3896,0,0
0.63004833786018,4027,-0.3892,0,0
0.63004871895654,4028,-0.3888,0,0
0.63004910014722,4029,-0.3884,0,0
0.63004948143222,4030,-0.388,0,0
0.63004986281154,4031,-0.3876,0,0
0.63005024428518,4032,-0.3872,0,0
0.63005062585314,4033,-0.3868,0,0
0.63005100751542,4034,-0.3864,0,0
0.63005138927202,4035,-0.386,0,0
0.63005177112294,4036,-0.3856,0,0
0.63005215306818,4037,-0.3852,0,0
0.63005253510774,4038,-0.3848,0,0
0.63005291724162,4039,-0.3844,0,0
0.63005329946981,4040,-0.384,0,0
0.63005368179233,4041,-0.3836,0,0
0.63005406420916,4042,-0.3832,0,0
0.63005444672031,4043,-0.3828,0,0
0.63005482932577,4044,-0.3824,0,0
0.63005521202556,4045,-0.382,0,0
0.63005559481966,4046,-0.3816,0,0
0.63005597770807,4047,-0.3812,0,0
0.63005636069081,4048,-0.3808,0,0
0.63005674376786,4049,-0.3804,0,0
0.63005712693923,4050,-0.38,0,0
0.63005751020491,4051,-0.3796,0,0
0.63005789356491,4052,-0.3792,0,0
0.63005827701922,4053,-0.3788,0,0
0.63005866056785,4054,-0.3784,0,0
0.6300590442108,4055,-0.378,0,0
0.63005942794806,4056,-0.3776,0,0
0.63005981177963,4057,-0.3772,0,0
0.63006019570552,4058,-0.3768,0,0
0.63006057972572,4059,-0.3764,0,0
0.63006096384024,4060,-0.376,0,0
0.63006134804907,4061,-0.3756,0,0
0.63006173235221,4062,-0.3752,0,0
0.63006211674967,4063,-0.3748,0,0
0.63006250124144,4064,-0.3744,0,0
0.63006288582752,4065,-0.374,0,0
0.63006327050792,4066,-0.3736,0,0
0.63006365528263,4067,-0.3732,0,0
0.63006404015165,4068,-0.3728,0,0
0.63006442511498,4069,-0.3724,0,0
0.63006481017262,4070,-0.372,0,0
0.63006519532458,4071,-0.3716,0,0
0.63006558057085,4072,-0.3712,0,0
0.63006596591142,4073,-0.3708,0,0
0.63006635134631,4074,-0.3704,0,0
0.63006673687551,4075,-0.37,0,0
0.63006712249902,4076,-0.3696,0,0
0.63006750821684,4077,-0.3692,0,0
0.63006789402897,4078,-0.3688,0,0
0.6300682799354,4079,-0.3684,0,0
0.63006866593615,4080,-0.368,0,0
0.63006905203121,4081,-0.3676,0,0
0.63006943822057,4082,-0.3672,0,0
0.63006982450425,4083,-0.3668,0,0
0.63007021088223,4084,-0.3664,0,0
0.63007059735452,4085,-0.366,0,0
0.63007098392112,4086,-0.3656,0,0
0.63007137058203,4087,-0.3652,0,0
0.63007175733725,4088,-0.3648,0,0
0.63007214418677,4089,-0.3644,0,0
0.6300725311306,4090,-0.364,0,0
0.63007291816873,4091,-0.3636,0,0
0.63007330530118,4092,-0.3632,0,0
0.63007369252792,4093,-0.3628,0,0
0.63007407984898,4094,-0.3624,0,0
0.63007446726434,4095,-0.362,0,0
0.63007485477401,4096,-0.3616,0,0
0.63007524237798,4097,-0.3612,0,0
0.63007563007626,4098,-0.3608,0,0
0.63007601786884,4099,-0.3604,0,0
0.63007640575573,4100,-0.36,0,0
0.63007679373692,4101,-0.3596,0,0
0.63007718181242,4102,-0.3592,0,0
0.63007756998222,4103,-0.3588,0,0
0.63007795824632,4104,-0.3584,0,0
0.63007834660473,4105,-0.358,0,0
0.63007873505744,4106,-0.3576,0,0
0.63007912360446,4107,-0.3572,0,0
0.63007951224578,4108,-0.3568,0,0
0.6300799009814,4109,-0.3564,0,0
0.63008028981132,4110,-0.356,0,0
0.63008067873555,4111,-0.3556,0,0
0.63008106775408,4112,-0.3552,0,0
0.63008145686691,4113,-0.3548,0,0
0.63008184607404,4114,-0.3544,0,0
0.63008223537547,4115,-0.354,0,0
0.6300826247712,4116,-0.3536,0,0
0.63008301426124,4117,-0.3532,0,0
0.63008340384557,4118,-0.3528,0,0
0.63008379352421,4119,-0.3524,0,0
0.63008418329715,4120,-0.352,0,0
0.63008457316438,4121,-0.3516,0,0
0.63008496312592,4122,-0.3512,0,0
0.63008535318175,4123,-0.3508,0,0
0.63008574333189,4124,-0.3504,0,0
0.63008613357632,4125,-0.35,0,0
0.63008652391505,4126,-0.3496,0,0
0.63008691434809,4127,-0.3492,0,0
0.63008730487542,4128,-0.3488,0,0
0.63008769549704,4129,-0.3484,0,0
0.63008808621297,4130,-0.348,0,0
0.63008847702319,4131,-0.3476,0,0
0.63008886792771,4132,-0.3472,0,0
0.63008925892653,4133,-0.3468,0,0
0.63008965001965,4134,-0.3464,0,0
0.63009004120706,4135,-0.346,0,0
0.63009043248877,4136,-0.3456,0,0
0.63009082386477,4137,-0.3452,0,0
0.63009121533508,4138,-0.3448,0,0
0.63009160689967,4139,-0.3444,0,0
0.63009199855857,4140,-0.344,0,0
0.63009239031175,4141,-0.3436,0,0
0.63009278215924,4142,-0.3432,0,0
0.63009317410101,4143,-0.3428,0,0
0.63009356613709,4144,-0.3424,0,0
0.63009395826745,4145,-0.342,0,0
0.63009435049212,4146,-0.3416,0,0
0.63009474281107,4147,-0.3412,0,0
0.63009513522432,4148,-0.3408,0,0
0.63009552773186,4149,-0.3404,0,0
0.6300959203337,4150,-0.34,0,0
0.63009631302983,4151,-0.3396,0,0
0.63009670582025,4152,-0.3392,0,0
0.63009709870497,4153,-0.3388,0,0
0.63009749168397,4154,-0.3384,0,0
0.63009788475727,4155,-0.338,0,0
0.63009827792486,4156,-0.3376,0,0
0.63009867118675,4157,-0.3372,0,0
0.63009906454292,4158,-0.3368,0,0
0.63009945799339,4159,-0.3364,0,0
0.63009985153814,4160,-0.336,0,0
0.63010024517719,4161,-0.3356,0,0
0.63010063891053,4162,-0.3352,0,0
0.63010103273816,4163,-0.3348,0,0
0.63010142666007,4164,-0.3344,0,0
0.63010182067628,4165,-0.334,0,0
0.63010221478678,4166,-0.3336,0,0
0.63010260899157,4167,-0.3332,0,0
0.63010300329064,4168,-0.3328,0,0
0.63010339768401,4169,-0.3324,0,0
0.63010379217166,4170,-0.332,0,0
0.6301041867536,4171,-0.3316,0,0
0.63010458142983,4172,-0.3312,0,0
0.63010497620035,4173,-0.3308,0,0
0.63010537106516,4174,-0.3304,0,0
0.63010576602425,4175,-0.33,0,0
0.63010616107763,4176,-0.3296,0,0
0.6301065562253,4177,-0.3292,0,0
0.63010695146726,4178,-0.3288,0,0
0.6301073468035,4179,-0.3284,0,0
0.63010774223403,4180,-0.328,0,0
0.63010813775884,4181,-0.3276,0,0
0.63010853337794,4182,-0.3272,0,0
0.63010892909132,4183,-0.3268,0,0
0.630109324899,4184,-0.3264,0,0
0.63010972080095,4185,-0.326,0,0
0.63011011679719,4186,-0.3256,0,0
0.63011051288772,4187,-0.3252,0,0
0.63011090907253,4188,-0.3248,0,0
0.63011130535162,4189,-0.3244,0,0
0.630111701725,4190,-0.324,0,0
0.63011209819266,4191,-0.3236,0,0
0.63011249475461,4192,-0.3232,0,0
0.63011289141084,4193,-0.3228,0,0
0.63011328816135,4194,-0.3224,0,0
0.63011368500614,4195,-0.322,0,0
0.63011408194522,4196,-0.3216,0,0
0.63011447897858,4197,-0.3212,0,0
0.63011487610622,4198,-0.3208,0,0
0.63011527332815,4199,-0.3204,0,0
0.63011567064435,4200,-0.32,0,0
0.63011606805484,4201,-0.3196,0,0
0.63011646555961,4202,-0.3192,0,0
0.63011686315866,4203,-0.3188,0,0
0.63011726085199,4204,-0.3184,0,0
0.6301176586396,4205,-0.318,0,0
0.63011805652149,4206,-0.3176,0,0
0.63011845449766,4207,-0.3172,0,0
0.63011885256811,4208,-0.3168,0,0
0.63011925073284,4209,-0.3164,0,0
0.63011964899185,4210,-0.316,0,0
0.63012004734514,4211,-0.3156,0,0
0.6301204457927,4212,-0.3152,0,0
0.63012084433455,4213,-0.3148,0,0
0.63012124297067,4214,-0.3144,0,0
0.63012164170107,4215,-0.314,0,0
0.63012204052575,4216,-0.3136,0,0
0.63012243944471,4217,-0.3132,0,0
0.63012283845795,4218,-0.3128,0,0
0.63012323756546,4219,-0.3124,0,0
0.63012363676725,4220,-0.312,0,0
0.63012403606332,4221,-0.3116,0,0
0.63012443545366,4222,-0.3112,0,0
0.63012483493828,4223,-0.3108,0,0
0.63012523451717,4224,-0.3104,0,0
0.63012563419034,4225,-0.31,0,0
0.63012603395779,4226,-0.3096,0,0
0.63012643381951,4227,-0.3092,0,0
0.63012683377551,4228,-0.3088,0,0
0.63012723382578,4229,-0.3084,0,0
0.63012763397033,4230,-0.308,0,0
0.63012803420915,4231,-0.3076,0,0
0.63012843454224,4232,-0.3072,0,0
0.63012883496961,4233,-0.3068,0,0
0.63012923549125,4234,-0.3064,0,0
0.63012963610717,4235,-0.306,0,0
0.63013003681736,4236,-0.3056,0,0
0.63013043762182,4237,-0.3052,0,0
0.63013083852055,4238,-0.3048,0,0
0.63013123951356,4239,-0.3044,0,0
0.63013164060084,4240,-0.304,0,0
0.63013204178239,4241,-0.3036,0,0
0.63013244305821,4242,-0.3032,0,0
0.63013284442831,4243,-0.3028,0,0
0.63013324589268,4244,-0.3024,0,0
0.63013364745131,4245,-0.302,0,0
0.63013404910422,4246,-0.3016,0,0
0.6301344508514,4247,-0.3012,0,0
0.63013485269285,4248,-0.3008,0,0
0.63013525462857,4249,-0.3004,0,0
0.63013565665856,4250,-0.3,0,0
0.63013605878281,4251,-0.2996,0,0
0.63013646100134,4252,-0.2992,0,0
0.63013686331414,4253,-0.2988,0,0
0.6301372657212,4254,-0.2984,0,0
0.63013766822254,4255,-0.298,0,0
0.63013807081814,4256,-0.2976,0,0
0.63013847350801,4257,-0.2972,0,0
0.63013887629215,4258,-0.2968,0,0
0.63013927917056,4259,-0.2964,0,0
0.63013968214323,4260,-0.296,0,0
0.63014008521018,4261,-0.2956,0,0
0.63014048837138,4262,-0.2952,0,0
0.63014089162686,4263,-0.2948,0,0
0.6301412949766,4264,-0.2944,0,0
0.63014169842061,4265,-0.294,0,0
0.63014210195889,4266,-0.2936,0,0
0.63014250559143,4267,-0.2932,0,0
0.63014290931823,4268,-0.2928,0,0
0.6301433131393,4269,-0.2924,0,0
0.63014371705464,4270,-0.292,0,0
0.63014412106424,4271,-0.2916,0,0
0.63014452516811,4272,-0.2912,0,0
0.63014492936624,4273,-0.2908,0,0
0.63014533365863,4274,-0.2904,0,0
0.63014573804529,4275,-0.29,0,0
0.63014614252621,4276,-0.2896,0,0
0.6301465471014,4277,-0.2892,0,0
0.63014695177085,4278,-0.2888,0,0
0.63014735653456,4279,-0.2884,0,0
0.63014776139253,4280,-0.288,0,0
0.63014816634477,4281,-0.2876,0,0
0.63014857139127,4282,-0.2872,0,0
0.63014897653203,4283,-0.2868,0,0
0.63014938176705,4284,-0.2864,0,0
0.63014978709634,4285,-0.286,0,0
0.63015019251989,4286,-0.2856,0,0
0.63015059803769,4287,-0.2852,0,0
0.63015100364976,4288,-0.2848,0,0
0.63015140935609,4289,-0.2844,0,0
0.63015181515668,4290,-0.284,0,0
0.63015222105153,4291,-0.2836,0,0
0.63015262704064,4292,-0.2832,0,0
0.630153033124,4293,-0.2828,0,0
0.63015343930163,4294,-0.2824,0,0
0.63015384557352,4295,-0.282,0,0
0.63015425193966,4296,-0.2816,0,0
0.63015465840007,4297,-0.2812,0,0
0.63015506495473,4298,-0.2808,0,0
0.63015547160365,4299,-0.2804,0,0
0.63015587834683,4300,-0.28,0,0
0.63015628518427,4301,-0.2796,0,0
0.63015669211596,4302,-0.2792,0,0
0.63015709914192,4303,-0.2788,0,0
0.63015750626212,4304,-0.2784,0,0
0.63015791347659,4305,-0.278,0,0
0.63015832078531,4306,-0.2776,0,0
0.63015872818829,4307,-0.2772,0,0
0.63015913568552,4308,-0.2768,0,0
0.63015954327701,4309,-0.2764,0,0
0.63015995096276,4310,-0.276,0,0
0.63016035874276,4311,-0.2756,0,0
0.63016076661702,4312,-0.2752,0,0
0.63016117458553,4313,-0.2748,0,0
0.63016158264829,4314,-0.2744,0,0
0.63016199080531,4315,-0.274,0,0
0.63016239905659,4316,-0.2736,0,0
0.63016280740211,4317,-0.2732,0,0
0.63016321584189,4318,-0.2728,0,0
0.63016362437593,4319,-0.2724,0,0
0.63016403300422,4320,-0.272,0,0
0.63016444172676,4321,-0.2716,0,0
0.63016485054355,4322,-0.2712,0,0
0.6301652594546,4323,-0.2708,0,0
0.63016566845989,4324,-0.2704,0,0
0.63016607755944,4325,-0.27,0,0
0.63016648675325,4326,-0.2696,0,0
0.6301668960413,4327,-0.2692,0,0
0.6301673054236,4328,-0.2688,0,0
0.63016771490016,4329,-0.2684,0,0
0.63016812447096,4330,-0.268,0,0
0.63016853413602,4331,-0.2676,0,0
0.63016894389533,4332,-0.2672,0,0
0.63016935374888,4333,-0.2668,0,0
0.63016976369669,4334,-0.2664,0,0
0.63017017373875,4335,-0.266,0,0
0.63017058387505,4336,-0.2656,0,0
0.63017099410561,4337,-0.2652,0,0
0.63017140443041,4338,-0.2648,0,0
0.63017181484946,4339,-0.2644,0,0
0.63017222536276,4340,-0.264,0,0
0.63017263597031,4341,-0.2636,0,0
0.6301730466721,4342,-0.2632,0,0
0.63017345746815,4343,-0.2628,0,0
0.63017386835844,4344,-0.2624,0,0
0.63017427934298,4345,-0.262,0,0
0.63017469042176,4346,-0.2616,0,0
0.63017510159479,4347,-0.2612,0,0
0.63017551286207,4348,-0.2608,0,0
0.63017592422359,4349,-0.2604,0,0
0.63017633567936,4350,-0.26,0,0
0.63017674722938,4351,-0.2596,0,0
0.63017715887364,4352,-0.2592,0,0
0.63017757061215,4353,-0.2588,0,0
0.6301779824449,4354,-0.2584,0,0
0.63017839437189,4355,-0.258,0,0
0.63017880639313,4356,-0.2576,0,0
0.63017921850862,4357,-0.2572,0,0
0.63017963071834,4358,-0.2568,0,0
0.63018004302232,4359,-0.2564,0,0
0.63018045542053,4360,-0.256,0,0
0.63018086791299,4361,-0.2556,0,0
0.63018128049969,4362,-0.2552,0,0
0.63018169318064,4363,-0.2548,0,0
0.63018210595582,4364,-0.2544,0,0
0.63018251882525,4365,-0.254,0,0
0.63018293178892,4366,-0.2536,0,0
0.63018334484683,4367,-0.2532,0,0
0.63018375799899,4368,-0.2528,0,0
0.63018417124538,4369,-0.2524,0,0
0.63018458458602,4370,-0.252,0,0
0.6301849980209,4371,-0.2516,0,0
0.63018541155002,4372,-0.2512,0,0
0.63018582517337,4373,-0.2508,0,0
0.63018623889097,4374,-0.2504,0,0
0.63018665270281,4375,-0.25,0,0
0.63018706660889,4376,-0.2496,0,0
0.6301874806092,4377,-0.2492,0,0
0.63018789470376,4378,-0.2488,0,0
0.63018830889255,4379,-0.2484,0,0
0.63018872317559,4380,-0.248,0,0
0.63018913755286,4381,-0.2476,0,0
0.63018955202437,4382,-0.2472,0,0
0.63018996659012,4383,-0.2468,0,0
0.6301903812501,4384,-0.2464,0,0
0.63019079600433,4385,-0.246,0,0
0.63019121085278,4386,-0.2456,0,0
0.63019162579548,4387,-0.2452,0,0
0.63019204083241,4388,-0.2448,0,0
0.63019245596358,4389,-0.2444,0,0
0.63019287118899,4390,-0.244,0,0
0.63019328650863,4391,-0.2436,0,0
0.63019370192251,4392,-0.2432,0,0
0.63019411743062,4393,-0.2428,0,0
0.63019453303297,4394,-0.2424,0,0
0.63019494872955,4395,-0.242,0,0
0.63019536452037,4396,-0.2416,0,0
0.63019578040542,4397,-0.2412,0,0
0.63019619638471,4398,-0.2408,0,0
0.63019661245823,4399,-0.2404,0,0
0.63019702862598,4400,-0.24,0,0
0.63019744488797,4401,-0.2396,0,0
0.63019786124419,4402,-0.2392,0,0
0.63019827769464,4403,-0.2388,0,0
0.63019869423933,4404,-0.2384,0,0
0.63019911087825,4405,-0.238,0,0
0.6301995276114,4406,-0.2376,0,0
0.63019994443878,4407,-0.2372,0,0
0.63020036136039,4408,-0.2368,0,0
0.63020077837624,4409,-0.2364,0,0
0.63020119548632,4410,-0.236,0,0
0.63020161269062,4411,-0.2356,0,0
0.63020202998916,4412,-0.2352,0,0
0.63020244738193,4413,-0.2348,0,0
0.63020286486893,4414,-0.2344,0,0
0.63020328245016,4415,-0.234,0,0
0.63020370012562,4416,-0.2336,0,0
0.63020411789531,4417,-0.2332,0,0
0.63020453575923,4418,-0.2328,0,0
0.63020495371737,4419,-0.2324,0,0
0.63020537176975,4420,-0.232,0,0
0.63020578991635,4421,-0.2316,0,0
0.63020620815719,4422,-0.2312,0,0
0.63020662649225,4423,-0.2308,0,0
0.63020704492153,4424,-0.2304,0,0
0.63020746344505,4425,-0.23,0,0
0.63020788206279,4426,-0.2296,0,0
0.63020830077476,4427,-0.2292,0,0
0.63020871958096,4428,-0.2288,0,0
0.63020913848138,4429,-0.2284,0,0
0.63020955747603,4430,-0.228,0,0
0.63020997656491,4431,-0.2276,0,0
0.63021039574801,4432,-0.2272,0,0
0.63021081502534,4433,-0.2268,0,0
0.63021123439689,4434,-0.2264,0,0
0.63021165386267,4435,-0.226,0,0
0.63021207342267,4436,-0.2256,0,0
0.6302124930769,4437,-0.2252,0,0
0.63021291282535,4438,-0.2248,0,0
0.63021333266802,4439,-0.2244,0,0
0.63021375260492,4440,-0.224,0,0
0.63021417263605,4441,-0.2236,0,0
0.63021459276139,4442,-0.2232,0,0
0.63021501298096,4443,-0.2228,0,0
0.63021543329475,4444,-0.2224,0,0
0.63021585370277,4445,-0.222,0,0
0.63021627420501,4446,-0.2216,0,0
0.63021669480147,4447,-0.2212,0,0
0.63021711549215,4448,-0.2208,0,0
0.63021753627705,4449,-0.2204,0,0
0.63021795715617,4450,-0.22,0,0
0.63021837812952,4451,-0.2196,0,0
0.63021879919708,4452,-0.2192,0,0
0.63021922035887,4453,-0.2188,0,0
0.63021964161488,4454,-0.2184,0,0
0.6302200629651,4455,-0.218,0,0
0.63022048440955,4456,-0.2176,0,0
0.63022090594822,4457,-0.2172,0,0
0.6302213275811,4458,-0.2168,0,0
0.63022174930821,4459,-0.2164,0,0
0.63022217112953,4460,-0.216,0,0
0.63022259304507,4461,-0.2156,0,0
0.63022301505483,4462,-0.2152,0,0
0.63022343715881,4463,-0.2148,0,0
0.63022385935701,4464,-0.2144,0,0
0.63022428164942,4465,-0.214,0,0
0.63022470403605,4466,-0.2136,0,0
0.6302251265169,4467,-0.2132,0,0
0.63022554909197,4468,-0.2128,0,0
0.63022597176125,4469,-0.2124,0,0
0.63022639452475,4470,-0.212,0,0
0.63022681738246,4471,-0.2116,0,0
0.6302272403344,4472,-0.2112,0,0
0.63022766338054,4473,-0.2108,0,0
0.6302280865209,4474,-0.2104,0,0
0.63022850975548,4475,-0.21,0,0
0.63022893308427,4476,-0.2096,0,0
0.63022935650728,4477,-0.2092,0,0
0.6302297800245,4478,-0.2088,0,0
0.63023020363593,4479,-0.2084,0,0
0.63023062734158,4480,-0.208,0,0
0.63023105114144,4481,-0.2076,0,0
0.63023147503552,4482,-0.2072,0,0
0.63023189902381,4483,-0.2068,0,0
0.63023232310631,4484,-0.2064,0,0
0.63023274728302,4485,-0.206,0,0
0.63023317155395,4486,-0.2056,0,0
0.63023359591909,4487,-0.2052,0,0
0.63023402037844,4488,-0.2048,0,0
0.630234444932,4489,-0.2044,0,0
0.63023486957978,4490,-0.204,0,0
0.63023529432176,4491,-0.2036,0,0
0.63023571915796,4492,-0.2032,0,0
0.63023614408836,4493,-0.2028,0,0
0.63023656911298,4494,-0.2024,0,0
0.63023699423181,4495,-0.202,0,0
0.63023741944484,4496,-0.2016,0,0
0.63023784475209,4497,-0.2012,0,0
0.63023827015355,4498,-0.2008,0,0
0.63023869564921,4499,-0.2004,0,0
0.63023912123908,4500,-0.2,0,0
0.63023954692317,4501,-0.1996,0,0
0.63023997270146,4502,-0.1992,0,0
0.63024039857396,4503,-0.1988,0,0
0.63024082454066,4504,-0.1984,0,0
0.63024125060158,4505,-0.198,0,0
0.6302416767567,4506,-0.1976,0,0
0.63024210300603,4507,-0.1972,0,0
0.63024252934956,4508,-0.1968,0,0
0.6302429557873,4509,-0.1964,0,0
0.63024338231925,4510,-0.196,0,0
0.63024380894541,4511,-0.1956,0,0
0.63024423566577,4512,-0.1952,0,0
0.63024466248033,4513,-0.1948,0,0
0.63024508938911,4514,-0.1944,0,0
0.63024551639208,4515,-0.194,0,0
0.63024594348926,4516,-0.1936,0,0
0.63024637068065,4517,-0.1932,0,0
0.63024679796624,4518,-0.1928,0,0
0.63024722534603,4519,-0.1924,0,0
0.63024765282003,4520,-0.192,0,0
0.63024808038823,4521,-0.1916,0,0
0.63024850805064,4522,-0.1912,0,0
0.63024893580725,4523,-0.1908,0,0
0.63024936365806,4524,-0.1904,0,0
0.63024979160307,4525,-0.19,0,0
0.63025021964229,4526,-0.1896,0,0
0.63025064777571,4527,-0.1892,0,0
0.63025107600333,4528,-0.1888,0,0
0.63025150432515,4529,-0.1884,0,0
0.63025193274117,4530,-0.188,0,0
0.63025236125139,4531,-0.1876,0,0
0.63025278985582,4532,-0.1872,0,0
0.63025321855444,4533,-0.1868,0,0
0.63025364734727,4534,-0.1864,0,0
0.6302540762343,4535,-0.186,0,0
0.63025450521552,4536,-0.1856,0,0
0.63025493429095,4537,-0.1852,0,0
0.63025536346057,4538,-0.1848,0,0
0.63025579272439,4539,-0.1844,0,0
0.63025622208241,4540,-0.184,0,0
0.63025665153464,4541,-0.1836,0,0
0.63025708108105,4542,-0.1832,0,0
0.63025751072167,4543,-0.1828,0,0
0.63025794045649,4544,-0.1824,0,0
0.6302583702855,4545,-0.182,0,0
0.63025880020871,4546,-0.1816,0,0
0.63025923022611,4547,-0.1812,0,0
0.63025966033772,4548,-0.1808,0,0
0.63026009054352,4549,-0.1804,0,0
0.63026052084351,4550,-0.18,0,0
0.6302609512377,4551,-0.1796,0,0
0.63026138172609,4552,-0.1792,0,0
0.63026181230868,4553,-0.1788,0,0
0.63026224298545,4554,-0.1784,0,0
0.63026267375643,4555,-0.178,0,0
0.6302631046216,4556,-0.1776,0,0
0.63026353558096,4557,-0.1772,0,0
0.63026396663452,4558,-0.1768,0,0
0.63026439778227,4559,-0.1764,0,0
0.63026482902421,4560,-0.176,0,0
0.63026526036035,4561,-0.1756,0,0
0.63026569179068,4562,-0.1752,0,0
0.6302661233152,4563,-0.1748,0,0
0.63026655493392,4564,-0.1744,0,0
0.63026698664683,4565,-0.174,0,0
0.63026741845393,4566,-0.1736,0,0
0.63026785035523,4567,-0.1732,0,0
0.63026828235071,4568,-0.1728,0,0
0.63026871444039,4569,-0.1724,0,0
0.63026914662426,4570,-0.172,0,0
0.63026957890231,4571,-0.1716,0,0
0.63027001127456,4572,-0.1712,0,0
0.630270443741,4573,-0.1708,0,0
0.63027087630163,4574,-0.1704,0,0
0.63027130895645,4575,-0.17,0,0
0.63027174170546,4576,-0.1696,0,0
0.63027217454866,4577,-0.1692,0,0
0.63027260748605,4578,-0.1688,0,0
0.63027304051763,4579,-0.1684,0,0
0.63027347364339,4580,-0.168,0,0
0.63027390686334,4581,-0.1676,0,0
0.63027434017749,4582,-0.1672,0,0
0.63027477358582,4583,-0.1668,0,0
0.63027520708833,4584,-0.1664,0,0
0.63027564068504,4585,-0.166,0,0
0.63027607437593,4586,-0.1656,0,0
0.63027650816101,4587,-0.1652,0,0
0.63027694204027,4588,-0.1648,0,0
0.63027737601373,4589,-0.1644,0,0
0.63027781008136,4590,-0.164,0,0
0.63027824424319,4591,-0.1636,0,0
0.6302786784992,4592,-0.1632,0,0
0.63027911284939,4593,-0.1628,0,0
0.63027954729377,4594,-0.1624,0,0
0.63027998183233,4595,-0.162,0,0
0.63028041646508,4596,-0.1616,0,0
0.63028085119201,4597,-0.1612,0,0
0.63028128601313,4598,-0.1608,0,0
0.63028172092843,4599,-0.1604,0,0
0.63028215593792,4600,-0.16,0,0
0.63028259104158,4601,-0.1596,0,0
0.63028302623943,4602,-0.1592,0,0
0.63028346153147,4603,-0.1588,0,0
0.63028389691768,4604,-0.1584,0,0
0.63028433239808,4605,-0.158,0,0
0.63028476797266,4606,-0.1576,0,0
0.63028520364142,4607,-0.1572,0,0
0.63028563940436,4608,-0.1568,0,0
0.63028607526149,4609,-0.1564,0,0
0.63028651121279,4610,-0.156,0,0
0.63028694725828,4611,-0.1556,0,0
0.63028738339794,4612,-0.1552,0,0
0.63028781963179,4613,-0.1548,0,0
0.63028825595982,4614,-0.1544,0,0
0.63028869238202,4615,-0.154,0,0
0.63028912889841,4616,-0.1536,0,0
0.63028956550897,4617,-0.1532,0,0
0.63029000221372,4618,-0.1528,0,0
0.63029043901264,4619,-0.1524,0,0
0.63029087590574,4620,-0.152,0,0
0.63029131289302,4621,-0.1516,0,0
0.63029174997447,4622,-0.1512,0,0
0.63029218715011,4623,-0.1508,0,0
0.63029262441992,4624,-0.1504,0,0
0.63029306178391,4625,-0.15,0,0
0.63029349924207,4626,-0.1496,0,0
0.63029393679441,4627,-0.1492,0,0
0.63029437444093,4628,-0.1488,0,0
0.63029481218162,4629,-0.1484,0,0
0.63029525001649,4630,-0.148,0,0
0.63029568794554,4631,-0.1476,0,0
0.63029612596876,4632,-0.1472,0,0
0.63029656408615,4633,-0.1468,0,0
0.63029700229772,4634,-0.1464,0,0
0.63029744060347,4635,-0.146,0,0
0.63029787900339,4636,-0.1456,0,0
0.63029831749748,4637,-0.1452,0,0
0.63029875608575,4638,-0.1448,0,0
0.63029919476819,4639,-0.1444,0,0
0.6302996335448,4640,-0.144,0,0
0.63030007241559,4641,-0.1436,0,0
0.63030051138055,4642,-0.1432,0,0
0.63030095043968,4643,-0.1428,0,0
0.63030138959298,4644,-0.1424,0,0
0.63030182884046,4645,-0.142,0,0
0.6303022681821,4646,-0.1416,0,0
0.63030270761792,4647,-0.1412,0,0
0.63030314714791,4648,-0.1408,0,0
0.63030358677207,4649,-0.1404,0,0
0.6303040264904,4650,-0.14,0,0
0.6303044663029,4651,-0.1396,0,0
0.63030490620958,4652,-0.1392,0,0
0.63030534621042,4653,-0.1388,0,0
0.63030578630543,4654,-0.1384,0,0
0.63030622649461,4655,-0.138,0,0
0.63030666677796,4656,-0.1376,0,0
0.63030710715548,4657,-0.1372,0,0
0.63030754762716,4658,-0.1368,0,0
0.63030798819302,4659,-0.1364,0,0
0.63030842885304,4660,-0.136,0,0
0.63030886960723,4661,-0.1356,0,0
0.63030931045559,4662,-0.1352,0,0
0.63030975139811,4663,-0.1348,0,0
0.63031019243481,4664,-0.1344,0,0
0.63031063356567,4665,-0.134,0,0
0.63031107479069,4666,-0.1336,0,0
0.63031151610988,4667,-0.1332,0,0
0.63031195752324,4668,-0.1328,0,0
0.63031239903076,4669,-0.1324,0,0
0.63031284063245,4670,-0.132,0,0
0.63031328232831,4671,-0.1316,0,0
0.63031372411833,4672,-0.1312,0,0
0.63031416600251,4673,-0.1308,0,0
0.63031460798086,4674,-0.1304,0,0
0.63031505005337,4675,-0.13,0,0
0.63031549222004,4676,-0.1296,0,0
0.63031593448088,4677,-0.1292,0,0
0.63031637683589,4678,-0.1288,0,0
0.63031681928505,4679,-0.1284,0,0
0.63031726182838,4680,-0.128,0,0
0.63031770446587,4681,-0.1276,0,0
0.63031814719753,4682,-0.1272,0,0
0.63031859002334,4683,-0.1268,0,0
0.63031903294332,4684,-0.1264,0,0
0.63031947595746,4685,-0.126,0,0
0.63031991906576,4686,-0.1256,0,0
0.63032036226822,4687,-0.1252,0,0
0.63032080556484,4688,-0.1248,0,0
0.63032124895562,4689,-0.1244,0,0
0.63032169244056,4690,-0.124,0,0
0.63032213601967,4691,-0.1236,0,0
0.63032257969293,4692,-0.1232,0,0
0.63032302346035,4693,-0.1228,0,0
0.63032346732193,4694,-0.1224,0,0
0.63032391127767,4695,-0.122,0,0
0.63032435532757,4696,-0.1216,0,0
0.63032479947162,4697,-0.1212,0,0
0.63032524370984,4698,-0.1208,0,0
0.63032568804221,4699,-0.1204,0,0
0.63032613246874,4700,-0.12,0,0
0.63032657698943,4701,-0.1196,0,0
0.63032702160427,4702,-0.1192,0,0
0.63032746631327,4703,-0.1188,0,0
0.63032791111643,4704,-0.1184,0,0
0.63032835601374,4705,-0.118,0,0
0.63032880100521,4706,-0.1176,0,0
0.63032924609084,4707,-0.1172,0,0
0.63032969127062,4708,-0.1168,0,0
0.63033013654456,4709,-0.1164,0,0
0.63033058191265,4710,-0.116,0,0
0.6303310273749,4711,-0.1156,0,0
0.6303314729313,4712,-0.1152,0,0
0.63033191858185,4713,-0.1148,0,0
0.63033236432656,4714,-0.1144,0,0
0.63033281016542,4715,-0.114,0,0
0.63033325609844,4716,-0.1136,0,0
0.63033370212561,4717,-0.1132,0,0
0.63033414824693,4718,-0.1128,0,0
0.6303345944624,4719,-0.1124,0,0
0.63033504077203,4720,-0.112,0,0
0.63033548717581,4721,-0.1116,0,0
0.63033593367374,4722,-0.1112,0,0
0.63033638026582,4723,-0.1108,0,0
0.63033682695205,4724,-0.1104,0,0
0.63033727373244,4725,-0.11,0,0
0.63033772060697,4726,-0.1096,0,0
0.63033816757566,4727,-0.1092,0,0
0.63033861463849,4728,-0.1088,0,0
0.63033906179548,4729,-0.1084,0,0
0.63033950904661,4730,-0.108,0,0
0.6303399563919,4731,-0.1076,0,0
0.63034040383133,4732,-0.1072,0,0
0.63034085136492,4733,-0.1068,0,0
0.63034129899265,4734,-0.1064,0,0
0.63034174671453,4735,-0.106,0,0
0.63034219453055,4736,-0.1056,0,0
0.63034264244073,4737,-0.1052,0,0
0.63034309044505,4738,-0.1048,0,0
0.63034353854353,4739,-0.1044,0,0
0.63034398673614,4740,-0.104,0,0
0.63034443502291,4741,-0.1036,0,0
0.63034488340382,4742,-0.1032,0,0
0.63034533187888,4743,-0.1028,0,0
0.63034578044808,4744,-0.1024,0,0
0.63034622911143,4745,-0.102,0,0
0.63034667786892,4746,-0.1016,0,0
0.63034712672056,4747,-0.1012,0,0
0.63034757566635,4748,-0.1008,0,0
0.63034802470628,4749,-0.1004,0,0
0.63034847384035,4750,-0.1,0,0
0.63034892306857,4751,-0.0996,0,0
0.63034937239093,4752,-0.0992,0,0
0.63034982180744,4753,-0.0988,0,0
0.63035027131809,4754,-0.0984,0,0
0.63035072092288,4755,-0.098,0,0
0.63035117062181,4756,-0.0976,0,0
0.63035162041489,4757,-0.0972,0,0
0.63035207030211,4758,-0.0968,0,0
0.63035252028347,4759,-0.0964,0,0
0.63035297035898,4760,-0.096,0,0
0.63035342052862,4761,-0.0956,0,0
0.63035387079241,4762,-0.0952,0,0
0.63035432115033,4763,-0.0948,0,0
0.6303547716024,4764,-0.0944,0,0
0.63035522214861,4765,-0.094,0,0
0.63035567278896,4766,-0.0936,0,0
0.63035612352345,4767,-0.0932,0,0
0.63035657435208,4768,-0.0928,0,0
0.63035702527484,4769,-0.0924,0,0
0.63035747629175,4770,-0.092,0,0
0.6303579274028,4771,-0.0916,0,0
0.63035837860798,4772,-0.0912,0,0
0.6303588299073,4773,-0.0908,0,0
0.63035928130076,4774,-0.0904,0,0
0.63035973278836,4775,-0.09,0,0
0.6303601843701,4776,-0.0896,0,0
0.63036063604597,4777,-0.0892,0,0
0.63036108781598,4778,-0.0888,0,0
0.63036153968013,4779,-0.0884,0,0
0.63036199163841,4780,-0.088,0,0
0.63036244369083,4781,-0.0876,0,0
0.63036289583738,4782,-0.0872,0,0
0.63036334807807,4783,-0.0868,0,0
0.6303638004129,4784,-0.0864,0,0
0.63036425284186,4785,-0.086,0,0
0.63036470536496,4786,-0.0856,0,0
0.63036515798219,4787,-0.0852,0,0
0.63036561069355,4788,-0.0848,0,0
0.63036606349905,4789,-0.0844,0,0
0.63036651639869,4790,-0.084,0,0
0.63036696939245,4791,-0.0836,0,0
0.63036742248035,4792,-0.0832,0,0
0.63036787566239,4793,-0.0828,0,0
0.63036832893855,4794,-0.0824,0,0
0.63036878230885,4795,-0.082,0,0
0.63036923577328,4796,-0.0816,0,0
0.63036968933184,4797,-0.0812,0,0
0.63037014298453,4798,-0.0808,0,0
0.63037059673136,4799,-0.0804,0,0
0.63037105057232,4800,-0.08,0,0
0.6303715045074,4801,-0.0796,0,0
0.63037195853662,4802,-0.0792,0,0
0.63037241265997,4803,-0.0788,0,0
0.63037286687745,4804,-0.0784,0,0
0.63037332118905,4805,-0.078,0,0
0.63037377559479,4806,-0.0776,0,0
0.63037423009466,4807,-0.0772,0,0
0.63037468468865,4808,-0.0768,0,0
0.63037513937678,4809,-0.0764,0,0
0.63037559415903,4810,-0.076,0,0
0.63037604903541,4811,-0.0756,0,0
0.63037650400592,4812,-0.0752,0,0
0.63037695907055,4813,-0.0748,0,0
0.63037741422932,4814,-0.0744,0,0
0.63037786948221,4815,-0.074,0,0
0.63037832482923,4816,-0.0736,0,0
0.63037878027037,4817,-0.0732,0,0
0.63037923580564,4818,-0.0728,0,0
0.63037969143504,4819,-0.0724,0,0
0.63038014715856,4820,-0.072,0,0
0.63038060297621,4821,-0.0716,0,0
0.63038105888798,4822,-0.0712,0,0
0.63038151489388,4823,-0.0708,0,0
0.6303819709939,4824,-0.0704,0,0
0.63038242718805,4825,-0.07,0,0
0.63038288347632,4826,-0.0696,0,0
0.63038333985871,4827,-0.0692,0,0
0.63038379633523,4828,-0.0688,0,0
0.63038425290587,4829,-0.0684,0,0
0.63038470957064,4830,-0.068,0,0
0.63038516632953,4831,-0.0676,0,0
0.63038562318254,4832,-0.0672,0,0
0.63038608012967,4833,-0.0668,0,0
0.63038653717092,4834,-0.0664,0,0
0.6303869943063,4835,-0.066,0,0
0.6303874515358,4836,-0.0656,0,0
0.63038790885942,4837,-0.0652,0,0
0.63038836627716,4838,-0.0648,0,0
0.63038882378902,4839,-0.0644,0,0
0.630389281395,4840,-0.064,0,0
0.6303897390951,4841,-0.0636,0,0
0.63039019688932,4842,-0.0632,0,0
0.63039065477766,4843,-0.0628,0,0
0.63039111276012,4844,-0.0624,0,0
0.6303915708367,4845,-0.062,0,0
0.63039202900739,4846,-0.0616,0,0
0.63039248727221,4847,-0.0612,0,0
0.63039294563114,4848,-0.0608,0,0
0.6303934040842,4849,-0.0604,0,0
0.63039386263137,4850,-0.06,0,0
0.63039432127265,4851,-0.0596,0,0
0.63039478000806,4852,-0.0592,0,0
0.63039523883758,4853,-0.0588,0,0
0.63039569776122,4854,-0.0584,0,0
0.63039615677897,4855,-0.058,0,0
0.63039661589084,4856,-0.0576,0,0
0.63039707509683,4857,-0.0572,0,0
0.63039753439693,4858,-0.0568,0,0
0.63039799379114,4859,-0.0564,0,0
0.63039845327947,4860,-0.056,0,0
0.63039891286192,4861,-0.0556,0,0
0.63039937253848,4862,-0.0552,0,0
0.63039983230916,4863,-0.0548,0,0
0.63040029217394,4864,-0.0544,0,0
0.63040075213285,4865,-0.054,0,0
0.63040121218586,4866,-0.0536,0,0
0.63040167233299,4867,-0.0532,0,0
0.63040213257423,4868,-0.0528,0,0
0.63040259290959,4869,-0.0524,0,0
0.63040305333905,4870,-0.052,0,0
0.63040351386263,4871,-0.0516,0,0
0.63040397448032,4872,-0.0512,0,0
0.63040443519212,4873,-0.0508,0,0
0.63040489599804,4874,-0.0504,0,0
0.63040535689806,4875,-0.05,0,0
0.63040581789219,4876,-0.0496,0,0
0.63040627898044,4877,-0.0492,0,0
0.63040674016279,4878,-0.0488,0,0
0.63040720143926,4879,-0.0484,0,0
0.63040766280983,4880,-0.048,0,0
0.63040812427451,4881,-0.0476,0,0
0.63040858583331,4882,-0.0472,0,0
0.63040904748621,4883,-0.0468,0,0
0.63040950923322,4884,-0.0464,0,0
0.63040997107433,4885,-0.046,0,0
0.63041043300956,4886,-0.0456,0,0
0.63041089503889,4887,-0.0452,0,0
0.63041135716233,4888,-0.0448,0,0
0.63041181937988,4889,-0.0444,0,0
0.63041228169154,4890,-0.044,0,0
0.6304127440973,4891,-0.0436,0,0
0.63041320659716,4892,-0.0432,0,0
0.63041366919114,4893,-0.0428,0,0
0.63041413187922,4894,-0.0424,0,0
0.6304145946614,4895,-0.042,0,0
0.63041505753769,4896,-0.0416,0,0
0.63041552050808,4897,-0.0412,0,0
0.63041598357258,4898,-0.0408,0,0
0.63041644673119,4899,-0.0404,0,0
0.63041690998389,4900,-0.04,0,0
0.63041737333071,4901,-0.0396,0,0
0.63041783677162,4902,-0.0392,0,0
0.63041830030664,4903,-0.0388,0,0
0.63041876393576,4904,-0.0384,0,0
0.63041922765898,4905,-0.038,0,0
0.63041969147631,4906,-0.0376,0,0
0.63042015538774,4907,-0.0372,0,0
0.63042061939327,4908,-0.0368,0,0
0.6304210834929,4909,-0.0364,0,0
0.63042154768664,4910,-0.036,0,0
0.63042201197447,4911,-0.0356,0,0
0.63042247635641,4912,-0.0352,0,0
0.63042294083244,4913,-0.0348,0,0
0.63042340540258,4914,-0.0344,0,0
0.63042387006681,4915,-0.034,0,0
0.63042433482515,4916,-0.0336,0,0
0.63042479967759,4917,-0.0332,0,0
0.63042526462412,4918,-0.0328,0,0
0.63042572966475,4919,-0.0324,0,0
0.63042619479949,4920,-0.032,0,0
0.63042666002832,4921,-0.0316,0,0
0.63042712535125,4922,-0.0312,0,0
0.63042759076827,4923,-0.0308,0,0
0.6304280562794,4924,-0.0304,0,0
0.63042852188462,4925,-0.03,0,0
0.63042898758394,4926,-0.0296,0,0
0.63042945337735,4927,-0.0292,0,0
0.63042991926486,4928,-0.0288,0,0
0.63043038524647,4929,-0.0284,0,0
0.63043085132217,4930,-0.028,0,0
0.63043131749197,4931,-0.0276,0,0
0.63043178375587,4932,-0.0272,0,0
0.63043225011385,4933,-0.0268,0,0
0.63043271656594,4934,-0.0264,0,0
0.63043318311212,4935,-0.026,0,0
0.63043364975239,4936,-0.0256,0,0
0.63043411648676,4937,-0.0252,0,0
0.63043458331522,4938,-0.0248,0,0
0.63043505023777,4939,-0.0244,0,0
0.63043551725442,4940,-0.024,0,0
0.63043598436516,4941,-0.0236,0,0
0.63043645156999,4942,-0.0232,0,0
0.63043691886892,4943,-0.0228,0,0
0.63043738626193,4944,-0.0224,0,0
0.63043785374904,4945,-0.022,0,0
0.63043832133024,4946,-0.0216,0,0
0.63043878900553,4947,-0.0212,0,0
0.63043925677491,4948,-0.0208,0,0
0.63043972463839,4949,-0.0204,0,0
0.63044019259595,4950,-0.02,0,0
0.6304406606476,4951,-0.0196,0,0
0.63044112879335,4952,-0.0192,0,0
0.63044159703318,4953,-0.0188,0,0
0.6304420653671,4954,-0.0184,0,0
0.63044253379511,4955,-0.018,0,0
0.63044300231721,4956,-0.0176,0,0
0.6304434709334,4957,-0.0172,0,0
0.63044393964368,4958,-0.0168,0,0
0.63044440844804,4959,-0.0164,0,0
0.63044487734649,4960,-0.016,0,0
0.63044534633903,4961,-0.0156,0,0
0.63044581542566,4962,-0.0152,0,0
0.63044628460637,4963,-0.0148,0,0
0.63044675388117,4964,-0.0144,0,0
0.63044722325006,4965,-0.014,0,0
0.63044769271303,4966,-0.0136,0,0
0.63044816227009,4967,-0.0132,0,0
0.63044863192123,4968,-0.0128,0,0
0.63044910166646,4969,-0.0124,0,0
0.63044957150577,4970,-0.012,0,0
0.63045004143917,4971,-0.0116,0,0
0.63045051146665,4972,-0.0112,0,0
0.63045098158821,4973,-0.0108,0,0
0.63045145180386,4974,-0.0104,0,0
0.6304519221136,4975,-0.01,0,0
0.63045239251741,4976,-0.0096000000000001,0,0
0.63045286301531,4977,-0.0092000000000001,0,0
0.63045333360729,4978,-0.0087999999999999,0,0
0.63045380429336,4979,-0.0084,0,0
0.6304542750735,4980,-0.008,0,0
0.63045474594773,4981,-0.0076000000000001,0,0
0.63045521691604,4982,-0.0072000000000001,0,0
0.63045568797843,4983,-0.0067999999999999,0,0
0.6304561591349,4984,-0.0064,0,0
0.63045663038546,4985,-0.006,0,0
0.63045710173009,4986,-0.0056,0,0
0.6304575731688,4987,-0.0052000000000001,0,0
0.63045804470159,4988,-0.0047999999999999,0,0
0.63045851632847,4989,-0.0044,0,0
0.63045898804942,4990,-0.004,0,0
0.63045945986445,4991,-0.0036,0,0
0.63045993177356,4992,-0.0032000000000001,0,0
0.63046040377675,4993,-0.0027999999999999,0,0
0.63046087587401,4994,-0.0024,0,0
0.63046134806536,4995,-0.002,0,0
0.63046182035078,4996,-0.0016,0,0
0.63046229273028,4997,-0.0012000000000001,0,0
0.63046276520385,4998,-0.00079999999999991,0,0
0.63046323777151,4999,-0.00039999999999996,0,0
0.63046347409061,15005,-0.00019999999999998,0,0
0.63046359225899,15011,-9.9999999999989e-05,0,0
0.63046365134538,15017,-4.9999999999994e-05,0,0
0.63046368088912,15021,-2.4999999999997e-05,0,0
0.63046369566113,15028,-1.2499999999999e-05,0,0
0.63046371043324,5000,0,0,0
0.56945415250848,10000,1,0,0
0.56945416873325,15024,1.0000125,0,0
0.56945418495791,15019,1.000025,0,0
0.56945421740695,15015,1.00005,0,0
0.56945428230379,15007,1.0001,0,0
0.56945441209257,15002,1.0002,0,0
0.56945467165057,10001,1.0004,0,0
0.56945519068829,10002,1.0008,0,0
0.56945570962162,10003,1.0012,0,0
0.56945622845058,10004,1.0016,0,0
0.56945674717516,10005,1.002,0,0
0.56945726579535,10006,1.0024,0,0
0.56945778431117,10007,1.0028,0,0
0.56945830272261,10008,1.0032,0,0
0.56945882102967,10009,1.0036,0,0
0.56945933923235,10010,1.004,0,0
0.56945985733066,10011,1.0044,0,0
0.56946037532458,10012,1.0048,0,0
0.56946089321413,10013,1.0052,0,0
0.56946141099931,10014,1.0056,0,0
0.5694619286801,10015,1.006,0,0
0.56946244625652,10016,1.0064,0,0
0.56946296372857,10017,1.0068,0,0
0.56946348109624,10018,1.0072,0,0
0.56946399835953,10019,1.0076,0,0
0.56946451551845,10020,1.008,0,0
0.56946503257299,10021,1.0084,0,0
0.56946554952316,10022,1.0088,0,0
0.56946606636896,10023,1.0092,0,0
0.56946658311038,10024,1.0096,0,0
0.56946709974743,10025,1.01,0,0
0.56946761628011,10026,1.0104,0,0
0.56946813270841,10027,1.0108,0,0
0.56946864903234,10028,1.0112,0,0
0.5694691652519,10029,1.0116,0,0
0.56946968136709,10030,1.012,0,0
0.56947019737791,10031,1.0124,0,0
0.56947071328435,10032,1.0128,0,0
0.56947122908643,10033,1.0132,0,0
0.56947174478413,10034,1.0136,0,0
0.56947226037747,10035,1.014,0,0
0.56947277586643,10036,1.0144,0,0
0.56947329125103,10037,1.0148,0,0
0.56947380653125,10038,1.0152,0,0
0.56947432170711,10039,1.0156,0,0
0.5694748367786,10040,1.016,0,0
0.56947535174572,10041,1.0164,0,0
0.56947586660848,10042,1.0168,0,0
0.56947638136686,10043,1.0172,0,0
0.56947689602088,10044,1.0176,0,0
0.56947741057053,10045,1.018,0,0
0.56947792501582,10046,1.0184,0,0
0.56947843935674,10047,1.0188,0,0
0.56947895359329,10048,1.0192,0,0
0.56947946772548,10049,1.0196,0,0
0.56947998175331,10050,1.02,0,0
0.56948049567677,10051,1.0204,0,0
0.56948100949586,10052,1.0208,0,0
0.56948152321059,10053,1.0212,0,0
0.56948203682096,10054,1.0216,0,0
0.56948255032696,10055,1.022,0,0
0.5694830637286,10056,1.0224,0,0
0.56948357702587,10057,1.0228,0,0
0.56948409021879,10058,1.0232,0,0
0.56948460330734,10059,1.0236,0,0
0.56948511629153,10060,1.024,0,0
0.56948562917136,10061,1.0244,0,0
0.56948614194682,10062,1.0248,0,0
0.56948665461793,10063,1.0252,0,0
0.56948716718467,10064,1.0256,0,0
0.56948767964706,10065,1.026,0,0
0.56948819200508,10066,1.0264,0,0
0.56948870425875,10067,1.0268,0,0
0.56948921640805,10068,1.0272,0,0
0.569489728453,10069,1.0276,0,0
0.56949024039359,10070,1.028,0,0
0.56949075222982,10071,1.0284,0,0
0.56949126396169,10072,1.0288,0,0
0.5694917755892,10073,1.0292,0,0
0.56949228711236,10074,1.0296,0,0
0.56949279853116,10075,1.03,0,0
0.5694933098456,10076,1.0304,0,0
0.56949382105569,10077,1.0308,0,0
0.56949433216142,10078,1.0312,0,0
0.56949484316279,10079,1.0316,0,0
0.56949535405981,10080,1.032,0,0
0.56949586485248,10081,1.0324,0,0
0.56949637554078,10082,1.0328,0,0
0.56949688612474,10083,1.0332,0,0
0.56949739660434,10084,1.0336,0,0
0.56949790697958,10085,1.034,0,0
0.56949841725048,10086,1.0344,0,0
0.56949892741702,10087,1.0348,0,0
0.5694994374792,10088,1.0352,0,0
0.56949994743704,10089,1.0356,0,0
0.56950045729052,10090,1.036,0,0
0.56950096703965,10091,1.0364,0,0
0.56950147668443,10092,1.0368,0,0
0.56950198622485,10093,1.0372,0,0
0.56950249566093,10094,1.0376,0,0
0.56950300499265,10095,1.038,0,0
0.56950351422003,10096,1.0384,0,0
0.56950402334305,10097,1.0388,0,0
0.56950453236173,10098,1.0392,0,0
0.56950504127605,10099,1.0396,0,0
0.56950555008603,10100,1.04,0,0
0.56950605879165,10101,1.0404,0,0
0.56950656739293,10102,1.0408,0,0
0.56950707588986,10103,1.0412,0,0
0.56950758428245,10104,1.0416,0,0
0.56950809257068,10105,1.042,0,0
0.56950860075457,10106,1.0424,0,0
0.56950910883411,10107,1.0428,0,0
0.56950961680931,10108,1.0432,0,0
0.56951012468016,10109,1.0436,0,0
0.56951063244666,10110,1.044,0,0
0.56951114010882,10111,1.0444,0,0
0.56951164766663,10112,1.0448,0,0
0.5695121551201,10113,1.0452,0,0
0.56951266246922,10114,1.0456,0,0
0.569513169714,10115,1.046,0,0
0.56951367685443,10116,1.0464,0,0
0.56951418389052,10117,1.0468,0,0
0.56951469082227,10118,1.0472,0,0
0.56951519764967,10119,1.0476,0,0
0.56951570437273,10120,1.048,0,0
0.56951621099145,10121,1.0484,0,0
0.56951671750583,10122,1.0488,0,0
0.56951722391587,10123,1.0492,0,0
0.56951773022156,10124,1.0496,0,0
0.56951823642291,10125,1.05,0,0
0.56951874251992,10126,1.0504,0,0
0.5695192485126,10127,1.0508,0,0
0.56951975440093,10128,1.0512,0,0
0.56952026018492,10129,1.0516,0,0
0.56952076586457,10130,1.052,0,0
0.56952127143988,10131,1.0524,0,0
0.56952177691086,10132,1.0528,0,0
0.56952228227749,10133,1.0532,0,0
0.56952278753979,10134,1.0536,0,0
0.56952329269775,10135,1.054,0,0
0.56952379775137,10136,1.0544,0,0
0.56952430270065,10137,1.0548,0,0
0.5695248075456,10138,1.0552,0,0
0.56952531228621,10139,1.0556,0,0
0.56952581692249,10140,1.056,0,0
0.56952632145442,10141,1.0564,0,0
0.56952682588203,10142,1.0568,0,0
0.56952733020529,10143,1.0572,0,0
0.56952783442423,10144,1.0576,0,0
0.56952833853882,10145,1.058,0,0
0.56952884254909,10146,1.0584,0,0
0.56952934645501,10147,1.0588,0,0
0.56952985025661,10148,1.0592,0,0
0.56953035395387,10149,1.0596,0,0
0.5695308575468,10150,1.06,0,0
0.56953136103539,10151,1.0604,0,0
0.56953186441966,10152,1.0608,0,0
0.56953236769959,10153,1.0612,0,0
0.56953287087519,10154,1.0616,0,0
0.56953337394645,10155,1.062,0,0
0.56953387691339,10156,1.0624,0,0
0.56953437977599,10157,1.0628,0,0
0.56953488253427,10158,1.0632,0,0
0.56953538518821,10159,1.0636,0,0
0.56953588773782,10160,1.064,0,0
0.56953639018311,10161,1.0644,0,0
0.56953689252406,10162,1.0648,0,0
0.56953739476069,10163,1.0652,0,0
0.56953789689299,10164,1.0656,0,0
0.56953839892095,10165,1.066,0,0
0.56953890084459,10166,1.0664,0,0
0.56953940266391,10167,1.0668,0,0
0.56953990437889,10168,1.0672,0,0
0.56954040598955,10169,1.0676,0,0
0.56954090749588,10170,1.068,0,0
0.56954140889788,10171,1.0684,0,0
0.56954191019556,10172,1.0688,0,0
0.56954241138891,10173,1.0692,0,0
0.56954291247794,10174,1.0696,0,0
0.56954341346264,10175,1.07,0,0
0.56954391434302,10176,1.0704,0,0
0.56954441511907,10177,1.0708,0,0
0.5695449157908,10178,1.0712,0,0
0.5695454163582,10179,1.0716,0,0
0.56954591682128,10180,1.072,0,0
0.56954641718004,10181,1.0724,0,0
0.56954691743447,10182,1.0728,0,0
0.56954741758458,10183,1.0732,0,0
0.56954791763037,10184,1.0736,0,0
0.56954841757183,10185,1.074,0,0
0.56954891740898,10186,1.0744,0,0
0.5695494171418,10187,1.0748,0,0
0.5695499167703,10188,1.0752,0,0
0.56955041629448,10189,1.0756,0,0
0.56955091571434,10190,1.076,0,0
0.56955141502988,10191,1.0764,0,0
0.5695519142411,10192,1.0768,0,0
0.569552413348,10193,1.0772,0,0
0.56955291235058,10194,1.0776,0,0
0.56955341124884,10195,1.078,0,0
0.56955391004278,10196,1.0784,0,0
0.56955440873241,10197,1.0788,0,0
0.56955490731771,10198,1.0792,0,0
0.5695554057987,10199,1.0796,0,0
0.56955590417537,10200,1.08,0,0
0.56955640244773,10201,1.0804,0,0
0.56955690061576,10202,1.0808,0,0
0.56955739867948,10203,1.0812,0,0
0.56955789663889,10204,1.0816,0,0
0.56955839449398,10205,1.082,0,0
0.56955889224475,10206,1.0824,0,0
0.56955938989121,10207,1.0828,0,0
0.56955988743335,10208,1.0832,0,0
0.56956038487118,10209,1.0836,0,0
0.56956088220469,10210,1.084,0,0
0.56956137943389,10211,1.0844,0,0
0.56956187655878,10212,1.0848,0,0
0.56956237357935,10213,1.0852,0,0
0.56956287049561,10214,1.0856,0,0
0.56956336730756,10215,1.086,0,0
0.56956386401519,10216,1.0864,0,0
0.56956436061851,10217,1.0868,0,0
0.56956485711752,10218,1.0872,0,0
0.56956535351222,10219,1.0876,0,0
0.56956584980261,10220,1.088,0,0
0.56956634598869,10221,1.0884,0,0
0.56956684207045,10222,1.0888,0,0
0.56956733804791,10223,1.0892,0,0
0.56956783392106,10224,1.0896,0,0
0.56956832968989,10225,1.09,0,0
0.56956882535442,10226,1.0904,0,0
0.56956932091464,10227,1.0908,0,0
0.56956981637055,10228,1.0912,0,0
0.56957031172215,10229,1.0916,0,0
0.56957080696944,10230,1.092,0,0
0.56957130211243,10231,1.0924,0,0
0.5695717971511,10232,1.0928,0,0
0.56957229208547,10233,1.0932,0,0
0.56957278691554,10234,1.0936,0,0
0.56957328164129,10235,1.094,0,0
0.56957377626275,10236,1.0944,0,0
0.56957427077989,10237,1.0948,0,0
0.56957476519273,10238,1.0952,0,0
0.56957525950126,10239,1.0956,0,0
0.56957575370549,10240,1.096,0,0
0.56957624780542,10241,1.0964,0,0
0.56957674180104,10242,1.0968,0,0
0.56957723569235,10243,1.0972,0,0
0.56957772947937,10244,1.0976,0,0
0.56957822316208,10245,1.098,0,0
0.56957871674048,10246,1.0984,0,0
0.56957921021459,10247,1.0988,0,0
0.56957970358439,10248,1.0992,0,0
0.56958019684988,10249,1.0996,0,0
0.56958069001108,10250,1.1,0,0
0.56958118306798,10251,1.1004,0,0
0.56958167602057,10252,1.1008,0,0
0.56958216886886,10253,1.1012,0,0
0.56958266161285,10254,1.1016,0,0
0.56958315425255,10255,1.102,0,0
0.56958364678794,10256,1.1024,0,0
0.56958413921903,10257,1.1028,0,0
0.56958463154582,10258,1.1032,0,0
0.56958512376832,10259,1.1036,0,0
0.56958561588651,10260,1.104,0,0
0.56958610790041,10261,1.1044,0,0
0.56958659981001,10262,1.1048,0,0
0.56958709161531,10263,1.1052,0,0
0.56958758331631,10264,1.1056,0,0
0.56958807491301,10265,1.106,0,0
0.56958856640542,10266,1.1064,0,0
0.56958905779354,10267,1.1068,0,0
0.56958954907735,10268,1.1072,0,0
0.56959004025687,10269,1.1076,0,0
0.5695905313321,10270,1.108,0,0
0.56959102230302,10271,1.1084,0,0
0.56959151316966,10272,1.1088,0,0
0.569592003932,10273,1.1092,0,0
0.56959249459004,10274,1.1096,0,0
0.56959298514379,10275,1.11,0,0
0.56959347559325,10276,1.1104,0,0
0.56959396593841,10277,1.1108,0,0
0.56959445617928,10278,1.1112,0,0
0.56959494631586,10279,1.1116,0,0
0.56959543634814,10280,1.112,0,0
0.56959592627613,10281,1.1124,0,0
0.56959641609983,10282,1.1128,0,0
0.56959690581924,10283,1.1132,0,0
0.56959739543436,10284,1.1136,0,0
0.56959788494518,10285,1.114,0,0
0.56959837435172,10286,1.1144,0,0
0.56959886365396,10287,1.1148,0,0
0.56959935285192,10288,1.1152,0,0
0.56959984194558,10289,1.1156,0,0
0.56960033093496,10290,1.116,0,0
0.56960081982004,10291,1.1164,0,0
0.56960130860084,10292,1.1168,0,0
0.56960179727735,10293,1.1172,0,0
0.56960228584957,10294,1.1176,0,0
0.5696027743175,10295,1.118,0,0
0.56960326268114,10296,1.1184,0,0
0.5696037509405,10297,1.1188,0,0
0.56960423909557,10298,1.1192,0,0
0.56960472714635,10299,1.1196,0,0
0.56960521509285,10300,1.12,0,0
0.56960570293506,10301,1.1204,0,0
0.56960619067298,10302,1.1208,0,0
0.56960667830662,10303,1.1212,0,0
0.56960716583598,10304,1.1216,0,0
0.56960765326105,10305,1.122,0,0
0.56960814058183,10306,1.1224,0,0
0.56960862779833,10307,1.1228,0,0
0.56960911491055,10308,1.1232,0,0
0.56960960191848,10309,1.1236,0,0
0.56961008882213,10310,1.124,0,0
0.56961057562149,10311,1.1244,0,0
0.56961106231658,10312,1.1248,0,0
0.56961154890738,10313,1.1252,0,0
0.56961203539389,10314,1.1256,0,0
0.56961252177613,10315,1.126,0,0
0.56961300805408,10316,1.1264,0,0
0.56961349422776,10317,1.1268,0,0
0.56961398029715,10318,1.1272,0,0
0.56961446626226,10319,1.1276,0,0
0.56961495212309,10320,1.128,0,0
0.56961543787965,10321,1.1284,0,0
0.56961592353192,10322,1.1288,0,0
0.56961640907991,10323,1.1292,0,0
0.56961689452362,10324,1.1296,0,0
0.56961737986306,10325,1.13,0,0
0.56961786509821,10326,1.1304,0,0
0.56961835022909,10327,1.1308,0,0
0.56961883525569,10328,1.1312,0,0
0.56961932017801,10329,1.1316,0,0
0.56961980499606,10330,1.132,0,0
0.56962028970982,10331,1.1324,0,0
0.56962077431932,10332,1.1328,0,0
0.56962125882453,10333,1.1332,0,0
0.56962174322547,10334,1.1336,0,0
0.56962222752213,10335,1.134,0,0
0.56962271171452,10336,1.1344,0,0
0.56962319580263,10337,1.1348,0,0
0.56962367978647,10338,1.1352,0,0
0.56962416366603,10339,1.1356,0,0
0.56962464744132,10340,1.136,0,0
0.56962513111233,10341,1.1364,0,0
0.56962561467908,10342,1.1368,0,0
0.56962609814154,10343,1.1372,0,0
0.56962658149974,10344,1.1376,0,0
0.56962706475366,10345,1.138,0,0
0.56962754790331,10346,1.1384,0,0
0.56962803094869,10347,1.1388,0,0
0.56962851388979,10348,1.1392,0,0
0.56962899672663,10349,1.1396,0,0
0.56962947945919,10350,1.14,0,0
0.56962996208748,10351,1.1404,0,0
0.5696304446115,10352,1.1408,0,0
0.56963092703125,10353,1.1412,0,0
0.56963140934673,10354,1.1416,0,0
0.56963189155794,10355,1.142,0,0
0.56963237366489,10356,1.1424,0,0
0.56963285566756,10357,1.1428,0,0
0.56963333756596,10358,1.1432,0,0
0.5696338193601,10359,1.1436,0,0
0.56963430104996,10360,1.144,0,0
0.56963478263556,10361,1.1444,0,0
0.5696352641169,10362,1.1448,0,0
0.56963574549396,10363,1.1452,0,0
0.56963622676676,10364,1.1456,0,0
0.56963670793529,10365,1.146,0,0
0.56963718899955,10366,1.1464,0,0
0.56963766995955,10367,1.1468,0,0
0.56963815081528,10368,1.1472,0,0
0.56963863156675,10369,1.1476,0,0
0.56963911221395,10370,1.148,0,0
0.56963959275689,10371,1.1484,0,0
0.56964007319556,10372,1.1488,0,0
0.56964055352997,10373,1.1492,0,0
0.56964103376011,10374,1.1496,0,0
0.56964151388599,10375,1.15,0,0
0.56964199390761,10376,1.1504,0,0
0.56964247382496,10377,1.1508,0,0
0.56964295363806,10378,1.1512,0,0
0.56964343334688,10379,1.1516,0,0
0.56964391295145,10380,1.152,0,0
0.56964439245176,10381,1.1524,0,0
0.5696448718478,10382,1.1528,0,0
0.56964535113958,10383,1.1532,0,0
0.5696458303271,10384,1.1536,0,0
0.56964630941036,10385,1.154,0,0
0.56964678838936,10386,1.1544,0,0
0.5696472672641,10387,1.1548,0,0
0.56964774603458,10388,1.1552,0,0
0.5696482247008,10389,1.1556,0,0
0.56964870326276,10390,1.156,0,0
0.56964918172047,10391,1.1564,0,0
0.56964966007391,10392,1.1568,0,0
0.5696501383231,10393,1.1572,0,0
0.56965061646803,10394,1.1576,0,0
0.5696510945087,10395,1.158,0,0
0.56965157244511,10396,1.1584,0,0
0.56965205027727,10397,1.1588,0,0
0.56965252800516,10398,1.1592,0,0
0.56965300562881,10399,1.1596,0,0
0.56965348314819,10400,1.16,0,0
0.56965396056332,10401,1.1604,0,0
0.5696544378742,10402,1.1608,0,0
0.56965491508082,10403,1.1612,0,0
0.56965539218319,10404,1.1616,0,0
0.5696558691813,10405,1.162,0,0
0.56965634607515,10406,1.1624,0,0
0.56965682286475,10407,1.1628,0,0
0.5696572995501,10408,1.1632,0,0
0.5696577761312,10409,1.1636,0,0
0.56965825260804,10410,1.164,0,0
0.56965872898063,10411,1.1644,0,0
0.56965920524896,10412,1.1648,0,0
0.56965968141305,10413,1.1652,0,0
0.56966015747288,10414,1.1656,0,0
0.56966063342846,10415,1.166,0,0
0.56966110927979,10416,1.1664,0,0
0.56966158502687,10417,1.1668,0,0
0.56966206066969,10418,1.1672,0,0
0.56966253620827,10419,1.1676,0,0
0.5696630116426,10420,1.168,0,0
0.56966348697268,10421,1.1684,0,0
0.5696639621985,10422,1.1688,0,0
0.56966443732008,10423,1.1692,0,0
0.56966491233741,10424,1.1696,0,0
0.56966538725049,10425,1.17,0,0
0.56966586205932,10426,1.1704,0,0
0.56966633676391,10427,1.1708,0,0
0.56966681136424,10428,1.1712,0,0
0.56966728586033,10429,1.1716,0,0
0.56966776025217,10430,1.172,0,0
0.56966823453977,10431,1.1724,0,0
0.56966870872311,10432,1.1728,0,0
0.56966918280222,10433,1.1732,0,0
0.56966965677707,10434,1.1736,0,0
0.56967013064768,10435,1.174,0,0
0.56967060441405,10436,1.1744,0,0
0.56967107807617,10437,1.1748,0,0
0.56967155163404,10438,1.1752,0,0
0.56967202508767,10439,1.1756,0,0
0.56967249843706,10440,1.176,0,0
0.5696729716822,10441,1.1764,0,0
0.5696734448231,10442,1.1768,0,0
0.56967391785975,10443,1.1772,0,0
0.56967439079217,10444,1.1776,0,0
0.56967486362033,10445,1.178,0,0
0.56967533634426,10446,1.1784,0,0
0.56967580896395,10447,1.1788,0,0
0.56967628147939,10448,1.1792,0,0
0.56967675389059,10449,1.1796,0,0
0.56967722619755,10450,1.18,0,0
0.56967769840027,10451,1.1804,0,0
0.56967817049875,10452,1.1808,0,0
0.56967864249299,10453,1.1812,0,0
0.56967911438299,10454,1.1816,0,0
0.56967958616875,10455,1.182,0,0
0.56968005785026,10456,1.1824,0,0
0.56968052942754,10457,1.1828,0,0
0.56968100090059,10458,1.1832,0,0
0.56968147226939,10459,1.1836,0,0
0.56968194353395,10460,1.184,0,0
0.56968241469428,10461,1.1844,0,0
0.56968288575037,10462,1.1848,0,0
0.56968335670222,10463,1.1852,0,0
0.56968382754983,10464,1.1856,0,0
0.56968429829321,10465,1.186,0,0
0.56968476893235,10466,1.1864,0,0
0.56968523946726,10467,1.1868,0,0
0.56968570989793,10468,1.1872,0,0
0.56968618022436,10469,1.1876,0,0
0.56968665044656,10470,1.188,0,0
0.56968712056452,10471,1.1884,0,0
0.56968759057825,10472,1.1888,0,0
0.56968806048774,10473,1.1892,0,0
0.569688530293,10474,1.1896,0,0
0.56968899999403,10475,1.19,0,0
0.56968946959082,10476,1.1904,0,0
0.56968993908338,10477,1.1908,0,0
0.5696904084717,10478,1.1912,0,0
0.5696908777558,10479,1.1916,0,0
0.56969134693566,10480,1.192,0,0
0.56969181601129,10481,1.1924,0,0
0.56969228498268,10482,1.1928,0,0
0.56969275384985,10483,1.1932,0,0
0.56969322261278,10484,1.1936,0,0
0.56969369127149,10485,1.194,0,0
0.56969415982596,10486,1.1944,0,0
0.5696946282762,10487,1.1948,0,0
0.56969509662222,10488,1.1952,0,0
0.569695564864,10489,1.1956,0,0
0.56969603300155,10490,1.196,0,0
0.56969650103488,10491,1.1964,0,0
0.56969696896397,10492,1.1968,0,0
0.56969743678884,10493,1.1972,0,0
0.56969790450948,10494,1.1976,0,0
0.56969837212589,10495,1.198,0,0
0.56969883963807,10496,1.1984,0,0
0.56969930704603,10497,1.1988,0,0
0.56969977434976,10498,1.1992,0,0
0.56970024154926,10499,1.1996,0,0
0.56970070864453,10500,1.2,0,0
0.56970117563558,10501,1.2004,0,0
0.56970164252241,10502,1.2008,0,0
0.569702109305,10503,1.2012,0,0
0.56970257598338,10504,1.2016,0,0
0.56970304255752,10505,1.202,0,0
0.56970350902745,10506,1.2024,0,0
0.56970397539315,10507,1.2028,0,0
0.56970444165462,10508,1.2032,0,0
0.56970490781187,10509,1.2036,0,0
0.5697053738649,10510,1.204,0,0
0.5697058398137,10511,1.2044,0,0
0.56970630565828,10512,1.2048,0,0
0.56970677139864,10513,1.2052,0,0
0.56970723703477,10514,1.2056,0,0
0.56970770256669,10515,1.206,0,0
0.56970816799438,10516,1.2064,0,0
0.56970863331785,10517,1.2068,0,0
0.5697090985371,10518,1.2072,0,0
0.56970956365213,10519,1.2076,0,0
0.56971002866293,10520,1.208,0,0
0.56971049356952,10521,1.2084,0,0
0.56971095837189,10522,1.2088,0,0
0.56971142307003,10523,1.2092,0,0
0.56971188766396,10524,1.2096,0,0
0.56971235215367,10525,1.21,0,0
0.56971281653916,10526,1.2104,0,0
0.56971328082043,10527,1.2108,0,0
0.56971374499748,10528,1.2112,0,0
0.56971420907032,10529,1.2116,0,0
0.56971467303893,10530,1.212,0,0
0.56971513690333,10531,1.2124,0,0
0.56971560066352,10532,1.2128,0,0
0.56971606431948,10533,1.2132,0,0
0.56971652787123,10534,1.2136,0,0
0.56971699131876,10535,1.214,0,0
0.56971745466208,10536,1.2144,0,0
0.56971791790118,10537,1.2148,0,0
0.56971838103607,10538,1.2152,0,0
0.56971884406674,10539,1.2156,0,0
0.56971930699319,10540,1.216,0,0
0.56971976981543,10541,1.2164,0,0
0.56972023253346,10542,1.2168,0,0
0.56972069514728,10543,1.2172,0,0
0.56972115765687,10544,1.2176,0,0
0.56972162006226,10545,1.218,0,0
0.56972208236343,10546,1.2184,0,0
0.56972254456039,10547,1.2188,0,0
0.56972300665314,10548,1.2192,0,0
0.56972346864168,10549,1.2196,0,0
0.569723930526,10550,1.22,0,0
0.56972439230611,10551,1.2204,0,0
0.56972485398201,10552,1.2208,0,0
0.5697253155537,10553,1.2212,0,0
0.56972577702118,10554,1.2216,0,0
0.56972623838445,10555,1.222,0,0
0.56972669964351,10556,1.2224,0,0
0.56972716079836,10557,1.2228,0,0
0.569727621849,10558,1.2232,0,0
0.56972808279543,10559,1.2236,0,0
0.56972854363765,10560,1.224,0,0
0.56972900437566,10561,1.2244,0,0
0.56972946500946,10562,1.2248,0,0
0.56972992553906,10563,1.2252,0,0
0.56973038596445,10564,1.2256,0,0
0.56973084628563,10565,1.226,0,0
0.5697313065026,10566,1.2264,0,0
0.56973176661536,10567,1.2268,0,0
0.56973222662392,10568,1.2272,0,0
0.56973268652828,10569,1.2276,0,0
0.56973314632842,10570,1.228,0,0
0.56973360602436,10571,1.2284,0,0
0.5697340656161,10572,1.2288,0,0
0.56973452510363,10573,1.2292,0,0
0.56973498448695,10574,1.2296,0,0
0.56973544376607,10575,1.23,0,0
0.56973590294099,10576,1.2304,0,0
0.5697363620117,10577,1.2308,0,0
0.56973682097821,10578,1.2312,0,0
0.56973727984051,10579,1.2316,0,0
0.56973773859861,10580,1.232,0,0
0.56973819725251,10581,1.2324,0,0
0.56973865580221,10582,1.2328,0,0
0.5697391142477,10583,1.2332,0,0
0.56973957258899,10584,1.2336,0,0
0.56974003082608,10585,1.234,0,0
0.56974048895897,10586,1.2344,0,0
0.56974094698766,10587,1.2348,0,0
0.56974140491214,10588,1.2352,0,0
0.56974186273243,10589,1.2356,0,0
0.56974232044851,10590,1.236,0,0
0.5697427780604,10591,1.2364,0,0
0.56974323556808,10592,1.2368,0,0
0.56974369297157,10593,1.2372,0,0
0.56974415027085,10594,1.2376,0,0
0.56974460746594,10595,1.238,0,0
0.56974506455683,10596,1.2384,0,0
0.56974552154352,10597,1.2388,0,0
0.56974597842601,10598,1.2392,0,0
0.5697464352043,10599,1.2396,0,0
0.5697468918784,10600,1.24,0,0
0.5697473484483,10601,1.2404,0,0
0.569747804914,10602,1.2408,0,0
0.56974826127551,10603,1.2412,0,0
0.56974871753282,10604,1.2416,0,0
0.56974917368593,10605,1.242,0,0
0.56974962973485,10606,1.2424,0,0
0.56975008567957,10607,1.2428,0,0
0.5697505415201,10608,1.2432,0,0
0.56975099725643,10609,1.2436,0,0
0.56975145288857,10610,1.244,0,0
0.56975190841652,10611,1.2444,0,0
0.56975236384026,10612,1.2448,0,0
0.56975281915982,10613,1.2452,0,0
0.56975327437518,10614,1.2456,0,0
0.56975372948635,10615,1.246,0,0
0.56975418449333,10616,1.2464,0,0
0.56975463939611,10617,1.2468,0,0
0.5697550941947,10618,1.2472,0,0
0.5697555488891,10619,1.2476,0,0
0.56975600347931,10620,1.248,0,0
0.56975645796532,10621,1.2484,0,0
0.56975691234715,10622,1.2488,0,0
0.56975736662478,10623,1.2492,0,0
0.56975782079823,10624,1.2496,0,0
0.56975827486748,10625,1.25,0,0
0.56975872883254,10626,1.2504,0,0
0.56975918269341,10627,1.2508,0,0
0.5697596364501,10628,1.2512,0,0
0.56976009010259,10629,1.2516,0,0
0.5697605436509,10630,1.252,0,0
0.56976099709501,10631,1.2524,0,0
0.56976145043494,10632,1.2528,0,0
0.56976190367068,10633,1.2532,0,0
0.56976235680224,10634,1.2536,0,0
0.5697628098296,10635,1.254,0,0
0.56976326275278,10636,1.2544,0,0
0.56976371557177,10637,1.2548,0,0
0.56976416828657,10638,1.2552,0,0
0.56976462089719,10639,1.2556,0,0
0.56976507340362,10640,1.256,0,0
0.56976552580587,10641,1.2564,0,0
0.56976597810393,10642,1.2568,0,0
0.56976643029781,10643,1.2572,0,0
0.5697668823875,10644,1.2576,0,0
0.569767334373,10645,1.258,0,0
0.56976778625432,10646,1.2584,0,0
0.56976823803146,10647,1.2588,0,0
0.56976868970441,10648,1.2592,0,0
0.56976914127318,10649,1.2596,0,0
0.56976959273777,10650,1.26,0,0
0.56977004409817,10651,1.2604,0,0
0.5697704953544,10652,1.2608,0,0
0.56977094650644,10653,1.2612,0,0
0.56977139755429,10654,1.2616,0,0
0.56977184849797,10655,1.262,0,0
0.56977229933746,10656,1.2624,0,0
0.56977275007277,10657,1.2628,0,0
0.5697732007039,10658,1.2632,0,0
0.56977365123085,10659,1.2636,0,0
0.56977410165362,10660,1.264,0,0
0.56977455197221,10661,1.2644,0,0
0.56977500218662,10662,1.2648,0,0
0.56977545229685,10663,1.2652,0,0
0.56977590230291,10664,1.2656,0,0
0.56977635220478,10665,1.266,0,0
0.56977680200247,10666,1.2664,0,0
0.56977725169599,10667,1.2668,0,0
0.56977770128532,10668,1.2672,0,0
0.56977815077048,10669,1.2676,0,0
0.56977860015146,10670,1.268,0,0
0.56977904942827,10671,1.2684,0,0
0.5697794986009,10672,1.2688,0,0
0.56977994766935,10673,1.2692,0,0
0.56978039663362,10674,1.2696,0,0
0.56978084549372,10675,1.27,0,0
0.56978129424964,10676,1.2704,0,0
0.56978174290139,10677,1.2708,0,0
0.56978219144896,10678,1.2712,0,0
0.56978263989235,10679,1.2716,0,0
0.56978308823158,10680,1.272,0,0
0.56978353646662,10681,1.2724,0,0
0.56978398459749,10682,1.2728,0,0
0.56978443262419,10683,1.2732,0,0
0.56978488054672,10684,1.2736,0,0
0.56978532836507,10685,1.274,0,0
0.56978577607925,10686,1.2744,0,0
0.56978622368925,10687,1.2748,0,0
0.56978667119509,10688,1.2752,0,0
0.56978711859675,10689,1.2756,0,0
0.56978756589424,10690,1.276,0,0
0.56978801308756,10691,1.2764,0,0
0.5697884601767,10692,1.2768,0,0
0.56978890716168,10693,1.2772,0,0
0.56978935404248,10694,1.2776,0,0
0.56978980081912,10695,1.278,0,0
0.56979024749158,10696,1.2784,0,0
0.56979069405987,10697,1.2788,0,0
0.569791140524,10698,1.2792,0,0
0.56979158688395,10699,1.2796,0,0
0.56979203313974,10700,1.28,0,0
0.56979247929135,10701,1.2804,0,0
0.5697929253388,10702,1.2808,0,0
0.56979337128208,10703,1.2812,0,0
0.56979381712119,10704,1.2816,0,0
0.56979426285613,10705,1.282,0,0
0.56979470848691,10706,1.2824,0,0
0.56979515401352,10707,1.2828,0,0
0.56979559943596,10708,1.2832,0,0
0.56979604475424,10709,1.2836,0,0
0.56979648996835,10710,1.284,0,0
0.56979693507829,10711,1.2844,0,0
0.56979738008407,10712,1.2848,0,0
0.56979782498568,10713,1.2852,0,0
0.56979826978312,10714,1.2856,0,0
0.56979871447641,10715,1.286,0,0
0.56979915906552,10716,1.2864,0,0
0.56979960355047,10717,1.2868,0,0
0.56980004793126,10718,1.2872,0,0
0.56980049220789,10719,1.2876,0,0
0.56980093638035,10720,1.288,0,0
0.56980138044865,10721,1.2884,0,0
0.56980182441278,10722,1.2888,0,0
0.56980226827275,10723,1.2892,0,0
0.56980271202856,10724,1.2896,0,0
0.56980315568021,10725,1.29,0,0
0.5698035992277,10726,1.2904,0,0
0.56980404267102,10727,1.2908,0,0
0.56980448601018,10728,1.2912,0,0
0.56980492924518,10729,1.2916,0,0
0.56980537237602,10730,1.292,0,0
0.5698058154027,10731,1.2924,0,0
0.56980625832522,10732,1.2928,0,0
0.56980670114358,10733,1.2932,0,0
0.56980714385779,10734,1.2936,0,0
0.56980758646783,10735,1.294,0,0
0.56980802897371,10736,1.2944,0,0
0.56980847137543,10737,1.2948,0,0
0.569808913673,10738,1.2952,0,0
0.5698093558664,10739,1.2956,0,0
0.56980979795565,10740,1.296,0,0
0.56981023994074,10741,1.2964,0,0
0.56981068182167,10742,1.2968,0,0
0.56981112359845,10743,1.2972,0,0
0.56981156527107,10744,1.2976,0,0
0.56981200683953,10745,1.298,0,0
0.56981244830384,10746,1.2984,0,0
0.56981288966399,10747,1.2988,0,0
0.56981333091998,10748,1.2992,0,0
0.56981377207182,10749,1.2996,0,0
0.56981421311951,10750,1.3,0,0
0.56981465406303,10751,1.3004,0,0
0.56981509490241,10752,1.3008,0,0
0.56981553563763,10753,1.3012,0,0
0.56981597626869,10754,1.3016,0,0
0.56981641679561,10755,1.302,0,0
0.56981685721836,10756,1.3024,0,0
0.56981729753697,10757,1.3028,0,0
0.56981773775142,10758,1.3032,0,0
0.56981817786172,10759,1.3036,0,0
0.56981861786787,10760,1.304,0,0
0.56981905776986,10761,1.3044,0,0
0.5698194975677,10762,1.3048,0,0
0.5698199372614,10763,1.3052,0,0
0.56982037685093,10764,1.3056,0,0
0.56982081633632,10765,1.306,0,0
0.56982125571756,10766,1.3064,0,0
0.56982169499465,10767,1.3068,0,0
0.56982213416759,10768,1.3072,0,0
0.56982257323637,10769,1.3076,0,0
0.56982301220101,10770,1.308,0,0
0.5698234510615,10771,1.3084,0,0
0.56982388981784,10772,1.3088,0,0
0.56982432847003,10773,1.3092,0,0
0.56982476701807,10774,1.3096,0,0
0.56982520546196,10775,1.31,0,0
0.56982564380171,10776,1.3104,0,0
0.5698260820373,10777,1.3108,0,0
0.56982652016875,10778,1.3112,0,0
0.56982695819606,10779,1.3116,0,0
0.56982739611921,10780,1.312,0,0
0.56982783393822,10781,1.3124,0,0
0.56982827165308,10782,1.3128,0,0
0.5698287092638,10783,1.3132,0,0
0.56982914677037,10784,1.3136,0,0
0.56982958417279,10785,1.314,0,0
0.56983002147107,10786,1.3144,0,0
0.56983045866521,10787,1.3148,0,0
0.5698308957552,10788,1.3152,0,0
0.56983133274104,10789,1.3156,0,0
0.56983176962275,10790,1.316,0,0
0.5698322064003,10791,1.3164,0,0
0.56983264307372,10792,1.3168,0,0
0.56983307964299,10793,1.3172,0,0
0.56983351610811,10794,1.3176,0,0
0.5698339524691,10795,1.318,0,0
0.56983438872594,10796,1.3184,0,0
0.56983482487864,10797,1.3188,0,0
0.5698352609272,10798,1.3192,0,0
0.56983569687161,10799,1.3196,0,0
0.56983613271189,10800,1.32,0,0
0.56983656844802,10801,1.3204,0,0
0.56983700408001,10802,1.3208,0,0
0.56983743960786,10803,1.3212,0,0
0.56983787503157,10804,1.3216,0,0
0.56983831035115,10805,1.322,0,0
0.56983874556658,10806,1.3224,0,0
0.56983918067787,10807,1.3228,0,0
0.56983961568502,10808,1.3232,0,0
0.56984005058803,10809,1.3236,0,0
0.56984048538691,10810,1.324,0,0
0.56984092008165,10811,1.3244,0,0
0.56984135467224,10812,1.3248,0,0
0.5698417891587,10813,1.3252,0,0
0.56984222354103,10814,1.3256,0,0
0.56984265781921,10815,1.326,0,0
0.56984309199326,10816,1.3264,0,0
0.56984352606317,10817,1.3268,0,0
0.56984396002895,10818,1.3272,0,0
0.56984439389058,10819,1.3276,0,0
0.56984482764809,10820,1.328,0,0
0.56984526130145,10821,1.3284,0,0
0.56984569485068,10822,1.3288,0,0
0.56984612829578,10823,1.3292,0,0
0.56984656163674,10824,1.3296,0,0
0.56984699487357,10825,1.33,0,0
0.56984742800626,10826,1.3304,0,0
0.56984786103482,10827,1.3308,0,0
0.56984829395924,10828,1.3312,0,0
0.56984872677953,10829,1.3316,0,0
0.56984915949569,10830,1.332,0,0
0.56984959210771,10831,1.3324,0,0
0.56985002461561,10832,1.3328,0,0
0.56985045701937,10833,1.3332,0,0
0.56985088931899,10834,1.3336,0,0
0.56985132151449,10835,1.334,0,0
0.56985175360585,10836,1.3344,0,0
0.56985218559308,10837,1.3348,0,0
0.56985261747618,10838,1.3352,0,0
0.56985304925515,10839,1.3356,0,0
0.56985348092999,10840,1.336,0,0
0.5698539125007,10841,1.3364,0,0
0.56985434396728,10842,1.3368,0,0
0.56985477532973,10843,1.3372,0,0
0.56985520658805,10844,1.3376,0,0
0.56985563774224,10845,1.338,0,0
0.5698560687923,10846,1.3384,0,0
0.56985649973824,10847,1.3388,0,0
0.56985693058004,10848,1.3392,0,0
0.56985736131772,10849,1.3396,0,0
0.56985779195127,10850,1.34,0,0
0.56985822248069,10851,1.3404,0,0
0.56985865290598,10852,1.3408,0,0
0.56985908322715,10853,1.3412,0,0
0.56985951344419,10854,1.3416,0,0
0.5698599435571,10855,1.342,0,0
0.56986037356589,10856,1.3424,0,0
0.56986080347055,10857,1.3428,0,0
0.56986123327108,10858,1.3432,0,0
0.56986166296749,10859,1.3436,0,0
0.56986209255978,10860,1.344,0,0
0.56986252204794,10861,1.3444,0,0
0.56986295143197,10862,1.3448,0,0
0.56986338071189,10863,1.3452,0,0
0.56986380988767,10864,1.3456,0,0
0.56986423895934,10865,1.346,0,0
0.56986466792687,10866,1.3464,0,0
0.56986509679029,10867,1.3468,0,0
0.56986552554958,10868,1.3472,0,0
0.56986595420475,10869,1.3476,0,0
0.5698663827558,10870,1.348,0,0
0.56986681120273,10871,1.3484,0,0
0.56986723954553,10872,1.3488,0,0
0.56986766778421,10873,1.3492,0,0
0.56986809591878,10874,1.3496,0,0
0.56986852394922,10875,1.35,0,0
0.56986895187553,10876,1.3504,0,0
0.56986937969773,10877,1.3508,0,0
0.56986980741581,10878,1.3512,0,0
0.56987023502977,10879,1.3516,0,0
0.56987066253961,10880,1.352,0,0
0.56987108994532,10881,1.3524,0,0
0.56987151724692,10882,1.3528,0,0
0.5698719444444,10883,1.3532,0,0
0.56987237153777,10884,1.3536,0,0
0.56987279852701,10885,1.354,0,0
0.56987322541213,10886,1.3544,0,0
0.56987365219314,10887,1.3548,0,0
0.56987407887003,10888,1.3552,0,0
0.5698745054428,10889,1.3556,0,0
0.56987493191146,10890,1.356,0,0
0.569875358276,10891,1.3564,0,0
0.56987578453642,10892,1.3568,0,0
0.56987621069272,10893,1.3572,0,0
0.56987663674491,10894,1.3576,0,0
0.56987706269298,10895,1.358,0,0
0.56987748853694,10896,1.3584,0,0
0.56987791427678,10897,1.3588,0,0
0.56987833991251,10898,1.3592,0,0
0.56987876544413,10899,1.3596,0,0
0.56987919087162,10900,1.36,0,0
0.56987961619501,10901,1.3604,0,0
0.56988004141428,10902,1.3608,0,0
0.56988046652944,10903,1.3612,0,0
0.56988089154048,10904,1.3616,0,0
0.56988131644741,10905,1.362,0,0
0.56988174125023,10906,1.3624,0,0
0.56988216594893,10907,1.3628,0,0
0.56988259054352,10908,1.3632,0,0
0.56988301503401,10909,1.3636,0,0
0.56988343942037,10910,1.364,0,0
0.56988386370263,10911,1.3644,0,0
0.56988428788078,10912,1.3648,0,0
0.56988471195481,10913,1.3652,0,0
0.56988513592474,10914,1.3656,0,0
0.56988555979055,10915,1.366,0,0
0.56988598355226,10916,1.3664,0,0
0.56988640720985,10917,1.3668,0,0
0.56988683076333,10918,1.3672,0,0
0.56988725421271,10919,1.3676,0,0
0.56988767755797,10920,1.368,0,0
0.56988810079913,10921,1.3684,0,0
0.56988852393618,10922,1.3688,0,0
0.56988894696912,10923,1.3692,0,0
0.56988936989795,10924,1.3696,0,0
0.56988979272268,10925,1.37,0,0
0.56989021544329,10926,1.3704,0,0
0.5698906380598,10927,1.3708,0,0
0.56989106057221,10928,1.3712,0,0
0.5698914829805,10929,1.3716,0,0
0.56989190528469,10930,1.372,0,0
0.56989232748477,10931,1.3724,0,0
0.56989274958075,10932,1.3728,0,0
0.56989317157262,10933,1.3732,0,0
0.56989359346039,10934,1.3736,0,0
0.56989401524405,10935,1.374,0,0
0.56989443692361,10936,1.3744,0,0
0.56989485849906,10937,1.3748,0,0
0.5698952799704,10938,1.3752,0,0
0.56989570133765,10939,1.3756,0,0
0.56989612260079,10940,1.376,0,0
0.56989654375982,10941,1.3764,0,0
0.56989696481476,10942,1.3768,0,0
0.56989738576558,10943,1.3772,0,0
0.56989780661231,10944,1.3776,0,0
0.56989822735494,10945,1.378,0,0
0.56989864799346,10946,1.3784,0,0
0.56989906852788,10947,1.3788,0,0
0.5698994889582,10948,1.3792,0,0
0.56989990928441,10949,1.3796,0,0
0.56990032950653,10950,1.38,0,0
0.56990074962454,10951,1.3804,0,0
0.56990116963846,10952,1.3808,0,0
0.56990158954827,10953,1.3812,0,0
0.56990200935399,10954,1.3816,0,0
0.5699024290556,10955,1.382,0,0
0.56990284865311,10956,1.3824,0,0
0.56990326814653,10957,1.3828,0,0
0.56990368753584,10958,1.3832,0,0
0.56990410682106,10959,1.3836,0,0
0.56990452600218,10960,1.384,0,0
0.5699049450792,10961,1.3844,0,0
0.56990536405212,10962,1.3848,0,0
0.56990578292095,10963,1.3852,0,0
0.56990620168568,10964,1.3856,0,0
0.5699066203463,10965,1.386,0,0
0.56990703890284,10966,1.3864,0,0
0.56990745735527,10967,1.3868,0,0
0.56990787570361,10968,1.3872,0,0
0.56990829394786,10969,1.3876,0,0
0.56990871208801,10970,1.388,0,0
0.56990913012406,10971,1.3884,0,0
0.56990954805601,10972,1.3888,0,0
0.56990996588388,10973,1.3892,0,0
0.56991038360764,10974,1.3896,0,0
0.56991080122731,10975,1.39,0,0
0.56991121874289,10976,1.3904,0,0
0.56991163615438,10977,1.3908,0,0
0.56991205346177,10978,1.3912,0,0
0.56991247066506,10979,1.3916,0,0
0.56991288776427,10980,1.392,0,0
0.56991330475938,10981,1.3924,0,0
0.56991372165039,10982,1.3928,0,0
0.56991413843732,10983,1.3932,0,0
0.56991455512015,10984,1.3936,0,0
0.56991497169889,10985,1.394,0,0
0.56991538817354,10986,1.3944,0,0
0.5699158045441,10987,1.3948,0,0
0.56991622081056,10988,1.3952,0,0
0.56991663697294,10989,1.3956,0,0
0.56991705303122,10990,1.396,0,0
0.56991746898542,10991,1.3964,0,0
0.56991788483552,10992,1.3968,0,0
0.56991830058153,10993,1.3972,0,0
0.56991871622346,10994,1.3976,0,0
0.56991913176129,10995,1.398,0,0
0.56991954719504,10996,1.3984,0,0
0.5699199625247,10997,1.3988,0,0
0.56992037775027,10998,1.3992,0,0
0.56992079287175,10999,1.3996,0,0
0.56992120788914,11000,1.4,0,0
0.56992162280244,11001,1.4004,0,0
0.56992203761166,11002,1.4008,0,0
0.56992245231679,11003,1.4012,0,0
0.56992286691783,11004,1.4016,0,0
0.56992328141479,11005,1.402,0,0
0.56992369580766,11006,1.4024,0,0
0.56992411009644,11007,1.4028,0,0
0.56992452428114,11008,1.4032,0,0
0.56992493836175,11009,1.4036,0,0
0.56992535233827,11010,1.404,0,0
0.56992576621071,11011,1.4044,0,0
0.56992617997907,11012,1.4048,0,0
0.56992659364334,11013,1.4052,0,0
0.56992700720353,11014,1.4056,0,0
0.56992742065963,11015,1.406,0,0
0.56992783401165,11016,1.4064,0,0
0.56992824725958,11017,1.4068,0,0
0.56992866040343,11018,1.4072,0,0
0.5699290734432,11019,1.4076,0,0
0.56992948637889,11020,1.408,0,0
0.56992989921049,11021,1.4084,0,0
0.56993031193801,11022,1.4088,0,0
0.56993072456145,11023,1.4092,0,0
0.56993113708081,11024,1.4096,0,0
0.56993154949608,11025,1.41,0,0
0.56993196180728,11026,1.4104,0,0
0.56993237401439,11027,1.4108,0,0
0.56993278611742,11028,1.4112,0,0
0.56993319811637,11029,1.4116,0,0
0.56993361001124,11030,1.412,0,0
0.56993402180203,11031,1.4124,0,0
0.56993443348874,11032,1.4128,0,0
0.56993484507138,11033,1.4132,0,0
0.56993525654993,11034,1.4136,0,0
0.5699356679244,11035,1.414,0,0
0.5699360791948,11036,1.4144,0,0
0.56993649036111,11037,1.4148,0,0
0.56993690142335,11038,1.4152,0,0
0.56993731238151,11039,1.4156,0,0
0.56993772323559,11040,1.416,0,0
0.5699381339856,11041,1.4164,0,0
0.56993854463153,11042,1.4168,0,0
0.56993895517338,11043,1.4172,0,0
0.56993936561115,11044,1.4176,0,0
0.56993977594485,11045,1.418,0,0
0.56994018617447,11046,1.4184,0,0
0.56994059630002,11047,1.4188,0,0
0.56994100632149,11048,1.4192,0,0
0.56994141623888,11049,1.4196,0,0
0.5699418260522,11050,1.42,0,0
0.56994223576144,11051,1.4204,0,0
0.56994264536661,11052,1.4208,0,0
0.56994305486771,11053,1.4212,0,0
0.56994346426473,11054,1.4216,0,0
0.56994387355768,11055,1.422,0,0
0.56994428274655,11056,1.4224,0,0
0.56994469183135,11057,1.4228,0,0
0.56994510081208,11058,1.4232,0,0
0.56994550968874,11059,1.4236,0,0
0.56994591846132,11060,1.424,0,0
0.56994632712983,11061,1.4244,0,0
0.56994673569427,11062,1.4248,0,0
0.56994714415463,11063,1.4252,0,0
0.56994755251093,11064,1.4256,0,0
0.56994796076315,11065,1.426,0,0
0.5699483689113,11066,1.4264,0,0
0.56994877695538,11067,1.4268,0,0
0.5699491848954,11068,1.4272,0,0
0.56994959273134,11069,1.4276,0,0
0.56995000046321,11070,1.428,0,0
0.56995040809101,11071,1.4284,0,0
0.56995081561474,11072,1.4288,0,0
0.5699512230344,11073,1.4292,0,0
0.56995163035,11074,1.4296,0,0
0.56995203756152,11075,1.43,0,0
0.56995244466898,11076,1.4304,0,0
0.56995285167236,11077,1.4308,0,0
0.56995325857168,11078,1.4312,0,0
0.56995366536694,11079,1.4316,0,0
0.56995407205812,11080,1.432,0,0
0.56995447864524,11081,1.4324,0,0
0.56995488512829,11082,1.4328,0,0
0.56995529150727,11083,1.4332,0,0
0.56995569778219,11084,1.4336,0,0
0.56995610395304,11085,1.434,0,0
0.56995651001983,11086,1.4344,0,0
0.56995691598255,11087,1.4348,0,0
0.5699573218412,11088,1.4352,0,0
0.56995772759579,11089,1.4356,0,0
0.56995813324632,11090,1.436,0,0
0.56995853879278,11091,1.4364,0,0
0.56995894423517,11092,1.4368,0,0
0.5699593495735,11093,1.4372,0,0
0.56995975480777,11094,1.4376,0,0
0.56996015993797,11095,1.438,0,0
0.56996056496411,11096,1.4384,0,0
0.56996096988619,11097,1.4388,0,0
0.56996137470421,11098,1.4392,0,0
0.56996177941816,11099,1.4396,0,0
0.56996218402805,11100,1.44,0,0
0.56996258853388,11101,1.4404,0,0
0.56996299293564,11102,1.4408,0,0
0.56996339723334,11103,1.4412,0,0
0.56996380142699,11104,1.4416,0,0
0.56996420551657,11105,1.442,0,0
0.56996460950209,11106,1.4424,0,0
0.56996501338355,11107,1.4428,0,0
0.56996541716095,11108,1.4432,0,0
0.56996582083429,11109,1.4436,0,0
0.56996622440357,11110,1.444,0,0
0.56996662786879,11111,1.4444,0,0
0.56996703122995,11112,1.4448,0,0
0.56996743448705,11113,1.4452,0,0
0.5699678376401,11114,1.4456,0,0
0.56996824068908,11115,1.446,0,0
0.56996864363401,11116,1.4464,0,0
0.56996904647487,11117,1.4468,0,0
0.56996944921168,11118,1.4472,0,0
0.56996985184444,11119,1.4476,0,0
0.56997025437313,11120,1.448,0,0
0.56997065679777,11121,1.4484,0,0
0.56997105911835,11122,1.4488,0,0
0.56997146133488,11123,1.4492,0,0
0.56997186344735,11124,1.4496,0,0
0.56997226545576,11125,1.45,0,0
0.56997266736012,11126,1.4504,0,0
0.56997306916042,11127,1.4508,0,0
0.56997347085667,11128,1.4512,0,0
0.56997387244886,11129,1.4516,0,0
0.56997427393699,11130,1.452,0,0
0.56997467532108,11131,1.4524,0,0
0.5699750766011,11132,1.4528,0,0
0.56997547777708,11133,1.4532,0,0
0.569975878849,11134,1.4536,0,0
0.56997627981686,11135,1.454,0,0
0.56997668068068,11136,1.4544,0,0
0.56997708144044,11137,1.4548,0,0
0.56997748209614,11138,1.4552,0,0
0.5699778826478,11139,1.4556,0,0
0.5699782830954,11140,1.456,0,0
0.56997868343895,11141,1.4564,0,0
0.56997908367845,11142,1.4568,0,0
0.5699794838139,11143,1.4572,0,0
0.5699798838453,11144,1.4576,0,0
0.56998028377264,11145,1.458,0,0
0.56998068359594,11146,1.4584,0,0
0.56998108331518,11147,1.4588,0,0
0.56998148293037,11148,1.4592,0,0
0.56998188244152,11149,1.4596,0,0
0.56998228184861,11150,1.46,0,0
0.56998268115165,11151,1.4604,0,0
0.56998308035065,11152,1.4608,0,0
0.5699834794456,11153,1.4612,0,0
0.56998387843649,11154,1.4616,0,0
0.56998427732334,11155,1.462,0,0
0.56998467610614,11156,1.4624,0,0
0.5699850747849,11157,1.4628,0,0
0.5699854733596,11158,1.4632,0,0
0.56998587183026,11159,1.4636,0,0
0.56998627019687,11160,1.464,0,0
0.56998666845943,11161,1.4644,0,0
0.56998706661795,11162,1.4648,0,0
0.56998746467242,11163,1.4652,0,0
0.56998786262284,11164,1.4656,0,0
0.56998826046922,11165,1.466,0,0
0.56998865821155,11166,1.4664,0,0
0.56998905584984,11167,1.4668,0,0
0.56998945338408,11168,1.4672,0,0
0.56998985081428,11169,1.4676,0,0
0.56999024814043,11170,1.468,0,0
0.56999064536254,11171,1.4684,0,0
0.5699910424806,11172,1.4688,0,0
0.56999143949462,11173,1.4692,0,0
0.56999183640459,11174,1.4696,0,0
0.56999223321052,11175,1.47,0,0
0.56999262991241,11176,1.4704,0,0
0.56999302651026,11177,1.4708,0,0
0.56999342300406,11178,1.4712,0,0
0.56999381939382,11179,1.4716,0,0
0.56999421567954,11180,1.472,0,0
0.56999461186121,11181,1.4724,0,0
0.56999500793885,11182,1.4728,0,0
0.56999540391244,11183,1.4732,0,0
0.56999579978199,11184,1.4736,0,0
0.5699961955475,11185,1.474,0,0
0.56999659120897,11186,1.4744,0,0
0.5699969867664,11187,1.4748,0,0
0.56999738221979,11188,1.4752,0,0
0.56999777756914,11189,1.4756,0,0
0.56999817281445,11190,1.476,0,0
0.56999856795572,11191,1.4764,0,0
0.56999896299295,11192,1.4768,0,0
0.56999935792614,11193,1.4772,0,0
0.56999975275529,11194,1.4776,0,0
0.5700001474804,11195,1.478,0,0
0.57000054210148,11196,1.4784,0,0
0.57000093661852,11197,1.4788,0,0
0.57000133103152,11198,1.4792,0,0
0.57000172534048,11199,1.4796,0,0
0.5700021195454,11200,1.48,0,0
0.57000251364629,11201,1.4804,0,0
0.57000290764314,11202,1.4808,0,0
0.57000330153596,11203,1.4812,0,0
0.57000369532473,11204,1.4816,0,0
0.57000408900947,11205,1.482,0,0
0.57000448259018,11206,1.4824,0,0
0.57000487606685,11207,1.4828,0,0
0.57000526943949,11208,1.4832,0,0
0.57000566270809,11209,1.4836,0,0
0.57000605587265,11210,1.484,0,0
0.57000644893318,11211,1.4844,0,0
0.57000684188968,11212,1.4848,0,0
0.57000723474214,11213,1.4852,0,0
0.57000762749057,11214,1.4856,0,0
0.57000802013497,11215,1.486,0,0
0.57000841267533,11216,1.4864,0,0
0.57000880511166,11217,1.4868,0,0
0.57000919744395,11218,1.4872,0,0
0.57000958967221,11219,1.4876,0,0
0.57000998179644,11220,1.488,0,0
0.57001037381664,11221,1.4884,0,0
0.57001076573281,11222,1.4888,0,0
0.57001115754494,11223,1.4892,0,0
0.57001154925305,11224,1.4896,0,0
0.57001194085712,11225,1.49,0,0
0.57001233235716,11226,1.4904,0,0
0.57001272375317,11227,1.4908,0,0
0.57001311504515,11228,1.4912,0,0
0.5700135062331,11229,1.4916,0,0
0.57001389731702,11230,1.492,0,0
0.57001428829691,11231,1.4924,0,0
0.57001467917278,11232,1.4928,0,0
0.57001506994461,11233,1.4932,0,0
0.57001546061241,11234,1.4936,0,0
0.57001585117619,11235,1.494,0,0
0.57001624163593,11236,1.4944,0,0
0.57001663199165,11237,1.4948,0,0
0.57001702224334,11238,1.4952,0,0
0.570017412391,11239,1.4956,0,0
0.57001780243464,11240,1.496,0,0
0.57001819237424,11241,1.4964,0,0
0.57001858220983,11242,1.4968,0,0
0.57001897194138,11243,1.4972,0,0
0.57001936156891,11244,1.4976,0,0
0.57001975109241,11245,1.498,0,0
0.57002014051188,11246,1.4984,0,0
0.57002052982733,11247,1.4988,0,0
0.57002091903876,11248,1.4992,0,0
0.57002130814615,11249,1.4996,0,0
0.57002169714953,11250,1.5,0,0
0.57002208604888,11251,1.5004,0,0
0.5700224748442,11252,1.5008,0,0
0.5700228635355,11253,1.5012,0,0
0.57002325212278,11254,1.5016,0,0
0.57002364060603,11255,1.502,0,0
0.57002402898526,11256,1.5024,0,0
0.57002441726046,11257,1.5028,0,0
0.57002480543165,11258,1.5032,0,0
0.57002519349881,11259,1.5036,0,0
0.57002558146194,11260,1.504,0,0
0.57002596932106,11261,1.5044,0,0
0.57002635707615,11262,1.5048,0,0
0.57002674472722,11263,1.5052,0,0
0.57002713227427,11264,1.5056,0,0
0.5700275197173,11265,1.506,0,0
0.5700279070563,11266,1.5064,0,0
0.57002829429129,11267,1.5068,0,0
0.57002868142225,11268,1.5072,0,0
0.5700290684492,11269,1.5076,0,0
0.57002945537212,11270,1.508,0,0
0.57002984219103,11271,1.5084,0,0
0.57003022890591,11272,1.5088,0,0
0.57003061551678,11273,1.5092,0,0
0.57003100202362,11274,1.5096,0,0
0.57003138842645,11275,1.51,0,0
0.57003177472526,11276,1.5104,0,0
0.57003216092005,11277,1.5108,0,0
0.57003254701082,11278,1.5112,0,0
0.57003293299758,11279,1.5116,0,0
0.57003331888031,11280,1.512,0,0
0.57003370465903,11281,1.5124,0,0
0.57003409033373,11282,1.5128,0,0
0.57003447590442,11283,1.5132,0,0
0.57003486137108,11284,1.5136,0,0
0.57003524673374,11285,1.514,0,0
0.57003563199237,11286,1.5144,0,0
0.57003601714699,11287,1.5148,0,0
0.57003640219759,11288,1.5152,0,0
0.57003678714418,11289,1.5156,0,0
0.57003717198675,11290,1.516,0,0
0.57003755672531,11291,1.5164,0,0
0.57003794135985,11292,1.5168,0,0
0.57003832589038,11293,1.5172,0,0
0.57003871031689,11294,1.5176,0,0
0.57003909463939,11295,1.518,0,0
0.57003947885788,11296,1.5184,0,0
0.57003986297235,11297,1.5188,0,0
0.57004024698281,11298,1.5192,0,0
0.57004063088925,11299,1.5196,0,0
0.57004101469169,11300,1.52,0,0
0.5700413983901,11301,1.5204,0,0
0.57004178198451,11302,1.5208,0,0
0.57004216547491,11303,1.5212,0,0
0.57004254886129,11304,1.5216,0,0
0.57004293214366,11305,1.522,0,0
0.57004331532202,11306,1.5224,0,0
0.57004369839637,11307,1.5228,0,0
0.57004408136671,11308,1.5232,0,0
0.57004446423304,11309,1.5236,0,0
0.57004484699535,11310,1.524,0,0
0.57004522965366,11311,1.5244,0,0
0.57004561220796,11312,1.5248,0,0
0.57004599465824,11313,1.5252,0,0
0.57004637700452,11314,1.5256,0,0
0.57004675924679,11315,1.526,0,0
0.57004714138505,11316,1.5264,0,0
0.5700475234193,11317,1.5268,0,0
0.57004790534954,11318,1.5272,0,0
0.57004828717577,11319,1.5276,0,0
0.57004866889799,11320,1.528,0,0
0.57004905051621,11321,1.5284,0,0
0.57004943203042,11322,1.5288,0,0
0.57004981344062,11323,1.5292,0,0
0.57005019474682,11324,1.5296,0,0
0.57005057594901,11325,1.53,0,0
0.57005095704719,11326,1.5304,0,0
0.57005133804136,11327,1.5308,0,0
0.57005171893153,11328,1.5312,0,0
0.57005209971769,11329,1.5316,0,0
0.57005248039985,11330,1.532,0,0
0.570052860978,11331,1.5324,0,0
0.57005324145215,11332,1.5328,0,0
0.57005362182229,11333,1.5332,0,0
0.57005400208843,11334,1.5336,0,0
0.57005438225056,11335,1.534,0,0
0.57005476230869,11336,1.5344,0,0
0.57005514226281,11337,1.5348,0,0
0.57005552211293,11338,1.5352,0,0
0.57005590185905,11339,1.5356,0,0
0.57005628150116,11340,1.536,0,0
0.57005666103927,11341,1.5364,0,0
0.57005704047338,11342,1.5368,0,0
0.57005741980348,11343,1.5372,0,0
0.57005779902958,11344,1.5376,0,0
0.57005817815168,11345,1.538,0,0
0.57005855716978,11346,1.5384,0,0
0.57005893608388,11347,1.5388,0,0
0.57005931489397,11348,1.5392,0,0
0.57005969360007,11349,1.5396,0,0
0.57006007220216,11350,1.54,0,0
0.57006045070025,11351,1.5404,0,0
0.57006082909434,11352,1.5408,0,0
0.57006120738443,11353,1.5412,0,0
0.57006158557053,11354,1.5416,0,0
0.57006196365262,11355,1.542,0,0
0.57006234163071,11356,1.5424,0,0
0.5700627195048,11357,1.5428,0,0
0.5700630972749,11358,1.5432,0,0
0.57006347494099,11359,1.5436,0,0
0.57006385250309,11360,1.544,0,0
0.57006422996119,11361,1.5444,0,0
0.57006460731529,11362,1.5448,0,0
0.57006498456539,11363,1.5452,0,0
0.57006536171149,11364,1.5456,0,0
0.5700657387536,11365,1.546,0,0
0.57006611569171,11366,1.5464,0,0
0.57006649252582,11367,1.5468,0,0
0.57006686925594,11368,1.5472,0,0
0.57006724588206,11369,1.5476,0,0
0.57006762240418,11370,1.548,0,0
0.57006799882231,11371,1.5484,0,0
0.57006837513644,11372,1.5488,0,0
0.57006875134658,11373,1.5492,0,0
0.57006912745272,11374,1.5496,0,0
0.57006950345487,11375,1.55,0,0
0.57006987935302,11376,1.5504,0,0
0.57007025514717,11377,1.5508,0,0
0.57007063083734,11378,1.5512,0,0
0.5700710064235,11379,1.5516,0,0
0.57007138190568,11380,1.552,0,0
0.57007175728386,11381,1.5524,0,0
0.57007213255805,11382,1.5528,0,0
0.57007250772824,11383,1.5532,0,0
0.57007288279444,11384,1.5536,0,0
0.57007325775665,11385,1.554,0,0
0.57007363261487,11386,1.5544,0,0
0.57007400736909,11387,1.5548,0,0
0.57007438201933,11388,1.5552,0,0
0.57007475656557,11389,1.5556,0,0
0.57007513100781,11390,1.556,0,0
0.57007550534607,11391,1.5564,0,0
0.57007587958034,11392,1.5568,0,0
0.57007625371062,11393,1.5572,0,0
0.5700766277369,11394,1.5576,0,0
0.5700770016592,11395,1.558,0,0
0.5700773754775,11396,1.5584,0,0
0.57007774919182,11397,1.5588,0,0
0.57007812280214,11398,1.5592,0,0
0.57007849630848,11399,1.5596,0,0
0.57007886971082,11400,1.56,0,0
0.57007924300918,11401,1.5604,0,0
0.57007961620355,11402,1.5608,0,0
0.57007998929393,11403,1.5612,0,0
0.57008036228032,11404,1.5616,0,0
0.57008073516273,11405,1.562,0,0
0.57008110794115,11406,1.5624,0,0
0.57008148061557,11407,1.5628,0,0
0.57008185318602,11408,1.5632,0,0
0.57008222565247,11409,1.5636,0,0
0.57008259801494,11410,1.564,0,0
0.57008297027342,11411,1.5644,0,0
0.57008334242792,11412,1.5648,0,0
0.57008371447843,11413,1.5652,0,0
0.57008408642495,11414,1.5656,0,0
0.57008445826749,11415,1.566,0,0
0.57008483000604,11416,1.5664,0,0
0.57008520164061,11417,1.5668,0,0
0.57008557317119,11418,1.5672,0,0
0.57008594459779,11419,1.5676,0,0
0.5700863159204,11420,1.568,0,0
0.57008668713903,11421,1.5684,0,0
0.57008705825367,11422,1.5688,0,0
0.57008742926433,11423,1.5692,0,0
0.57008780017101,11424,1.5696,0,0
0.5700881709737,11425,1.57,0,0
0.57008854167241,11426,1.5704,0,0
0.57008891226714,11427,1.5708,0,0
0.57008928275789,11428,1.5712,0,0
0.57008965314465,11429,1.5716,0,0
0.57009002342743,11430,1.572,0,0
0.57009039360623,11431,1.5724,0,0
0.57009076368105,11432,1.5728,0,0
0.57009113365188,11433,1.5732,0,0
0.57009150351874,11434,1.5736,0,0
0.57009187328161,11435,1.574,0,0
0.5700922429405,11436,1.5744,0,0
0.57009261249541,11437,1.5748,0,0
0.57009298194635,11438,1.5752,0,0
0.5700933512933,11439,1.5756,0,0
0.57009372053627,11440,1.576,0,0
0.57009408967526,11441,1.5764,0,0
0.57009445871027,11442,1.5768,0,0
0.57009482764131,11443,1.5772,0,0
0.57009519646836,11444,1.5776,0,0
0.57009556519144,11445,1.578,0,0
0.57009593381054,11446,1.5784,0,0
0.57009630232566,11447,1.5788,0,0
0.5700966707368,11448,1.5792,0,0
0.57009703904396,11449,1.5796,0,0
0.57009740724715,11450,1.58,0,0
0.57009777534636,11451,1.5804,0,0
0.57009814334159,11452,1.5808,0,0
0.57009851123284,11453,1.5812,0,0
0.57009887902012,11454,1.5816,0,0
0.57009924670342,11455,1.582,0,0
0.57009961428275,11456,1.5824,0,0
0.5700999817581,11457,1.5828,0,0
0.57010034912947,11458,1.5832,0,0
0.57010071639687,11459,1.5836,0,0
0.5701010835603,11460,1.584,0,0
0.57010145061974,11461,1.5844,0,0
0.57010181757522,11462,1.5848,0,0
0.57010218442672,11463,1.5852,0,0
0.57010255117424,11464,1.5856,0,0
0.57010291781779,11465,1.586,0,0
0.57010328435737,11466,1.5864,0,0
0.57010365079297,11467,1.5868,0,0
0.5701040171246,11468,1.5872,0,0
0.57010438335226,11469,1.5876,0,0
0.57010474947594,11470,1.588,0,0
0.57010511549566,11471,1.5884,0,0
0.57010548141139,11472,1.5888,0,0
0.57010584722316,11473,1.5892,0,0
0.57010621293096,11474,1.5896,0,0
0.57010657853478,11475,1.59,0,0
0.57010694403463,11476,1.5904,0,0
0.57010730943051,11477,1.5908,0,0
0.57010767472242,11478,1.5912,0,0
0.57010803991036,11479,1.5916,0,0
0.57010840499432,11480,1.592,0,0
0.57010876997432,11481,1.5924,0,0
0.57010913485035,11482,1.5928,0,0
0.5701094996224,11483,1.5932,0,0
0.57010986429049,11484,1.5936,0,0
0.57011022885461,11485,1.594,0,0
0.57011059331476,11486,1.5944,0,0
0.57011095767094,11487,1.5948,0,0
0.57011132192315,11488,1.5952,0,0
0.57011168607139,11489,1.5956,0,0
0.57011205011566,11490,1.596,0,0
0.57011241405597,11491,1.5964,0,0
0.5701127778923,11492,1.5968,0,0
0.57011314162467,11493,1.5972,0,0
0.57011350525308,11494,1.5976,0,0
0.57011386877751,11495,1.598,0,0
0.57011423219798,11496,1.5984,0,0
0.57011459551448,11497,1.5988,0,0
0.57011495872702,11498,1.5992,0,0
0.57011532183558,11499,1.5996,0,0
0.57011568484019,11500,1.6,0,0
0.57011604774082,11501,1.6004,0,0
0.5701164105375,11502,1.6008,0,0
0.5701167732302,11503,1.6012,0,0
0.57011713581894,11504,1.6016,0,0
0.57011749830372,11505,1.602,0,0
0.57011786068453,11506,1.6024,0,0
0.57011822296137,11507,1.6028,0,0
0.57011858513426,11508,1.6032,0,0
0.57011894720317,11509,1.6036,0,0
0.57011930916813,11510,1.604,0,0
0.57011967102912,11511,1.6044,0,0
0.57012003278615,11512,1.6048,0,0
0.57012039443921,11513,1.6052,0,0
0.57012075598831,11514,1.6056,0,0
0.57012111743345,11515,1.606,0,0
0.57012147877463,11516,1.6064,0,0
0.57012184001184,11517,1.6068,0,0
0.57012220114509,11518,1.6072,0,0
0.57012256217439,11519,1.6076,0,0
0.57012292309971,11520,1.608,0,0
0.57012328392108,11521,1.6084,0,0
0.57012364463849,11522,1.6088,0,0
0.57012400525193,11523,1.6092,0,0
0.57012436576142,11524,1.6096,0,0
0.57012472616694,11525,1.61,0,0
0.57012508646851,11526,1.6104,0,0
0.57012544666611,11527,1.6108,0,0
0.57012580675976,11528,1.6112,0,0
0.57012616674944,11529,1.6116,0,0
0.57012652663517,11530,1.612,0,0
0.57012688641694,11531,1.6124,0,0
0.57012724609474,11532,1.6128,0,0
0.57012760566859,11533,1.6132,0,0
0.57012796513848,11534,1.6136,0,0
0.57012832450442,11535,1.614,0,0
0.57012868376639,11536,1.6144,0,0
0.57012904292441,11537,1.6148,0,0
0.57012940197847,11538,1.6152,0,0
0.57012976092857,11539,1.6156,0,0
0.57013011977472,11540,1.616,0,0
0.57013047851691,11541,1.6164,0,0
0.57013083715514,11542,1.6168,0,0
0.57013119568942,11543,1.6172,0,0
0.57013155411974,11544,1.6176,0,0
0.5701319124461,11545,1.618,0,0
0.57013227066851,11546,1.6184,0,0
0.57013262878696,11547,1.6188,0,0
0.57013298680146,11548,1.6192,0,0
0.570133344712,11549,1.6196,0,0
0.57013370251859,11550,1.62,0,0
0.57013406022122,11551,1.6204,0,0
0.5701344178199,11552,1.6208,0,0
0.57013477531463,11553,1.6212,0,0
0.5701351327054,11554,1.6216,0,0
0.57013548999222,11555,1.622,0,0
0.57013584717508,11556,1.6224,0,0
0.57013620425399,11557,1.6228,0,0
0.57013656122895,11558,1.6232,0,0
0.57013691809995,11559,1.6236,0,0
0.57013727486701,11560,1.624,0,0
0.57013763153011,11561,1.6244,0,0
0.57013798808925,11562,1.6248,0,0
0.57013834454445,11563,1.6252,0,0
0.5701387008957,11564,1.6256,0,0
0.57013905714299,11565,1.626,0,0
0.57013941328633,11566,1.6264,0,0
0.57013976932572,11567,1.6268,0,0
0.57014012526116,11568,1.6272,0,0
0.57014048109265,11569,1.6276,0,0
0.57014083682019,11570,1.628,0,0
0.57014119244378,11571,1.6284,0,0
0.57014154796342,11572,1.6288,0,0
0.57014190337911,11573,1.6292,0,0
0.57014225869085,11574,1.6296,0,0
0.57014261389864,11575,1.63,0,0
0.57014296900249,11576,1.6304,0,0
0.57014332400238,11577,1.6308,0,0
0.57014367889832,11578,1.6312,0,0
0.57014403369032,11579,1.6316,0,0
0.57014438837837,11580,1.632,0,0
0.57014474296247,11581,1.6324,0,0
0.57014509744262,11582,1.6328,0,0
0.57014545181883,11583,1.6332,0,0
0.57014580609109,11584,1.6336,0,0
0.5701461602594,11585,1.634,0,0
0.57014651432377,11586,1.6344,0,0
0.57014686828419,11587,1.6348,0,0
0.57014722214066,11588,1.6352,0,0
0.57014757589318,11589,1.6356,0,0
0.57014792954176,11590,1.636,0,0
0.5701482830864,11591,1.6364,0,0
0.57014863652709,11592,1.6368,0,0
0.57014898986383,11593,1.6372,0,0
0.57014934309663,11594,1.6376,0,0
0.57014969622549,11595,1.638,0,0
0.5701500492504,11596,1.6384,0,0
0.57015040217136,11597,1.6388,0,0
0.57015075498838,11598,1.6392,0,0
0.57015110770146,11599,1.6396,0,0
0.57015146031059,11600,1.64,0,0
0.57015181281579,11601,1.6404,0,0
0.57015216521703,11602,1.6408,0,0
0.57015251751434,11603,1.6412,0,0
0.5701528697077,11604,1.6416,0,0
0.57015322179712,11605,1.642,0,0
0.5701535737826,11606,1.6424,0,0
0.57015392566413,11607,1.6428,0,0
0.57015427744172,11608,1.6432,0,0
0.57015462911537,11609,1.6436,0,0
0.57015498068508,11610,1.644,0,0
0.57015533215085,11611,1.6444,0,0
0.57015568351268,11612,1.6448,0,0
0.57015603477057,11613,1.6452,0,0
0.57015638592451,11614,1.6456,0,0
0.57015673697452,11615,1.646,0,0
0.57015708792059,11616,1.6464,0,0
0.57015743876271,11617,1.6468,0,0
0.5701577895009,11618,1.6472,0,0
0.57015814013514,11619,1.6476,0,0
0.57015849066545,11620,1.648,0,0
0.57015884109182,11621,1.6484,0,0
0.57015919141425,11622,1.6488,0,0
0.57015954163274,11623,1.6492,0,0
0.5701598917473,11624,1.6496,0,0
0.57016024175791,11625,1.65,0,0
0.57016059166459,11626,1.6504,0,0
0.57016094146733,11627,1.6508,0,0
0.57016129116613,11628,1.6512,0,0
0.57016164076099,11629,1.6516,0,0
0.57016199025192,11630,1.652,0,0
0.57016233963891,11631,1.6524,0,0
0.57016268892196,11632,1.6528,0,0
0.57016303810108,11633,1.6532,0,0
0.57016338717626,11634,1.6536,0,0
0.57016373614751,11635,1.654,0,0
0.57016408501482,11636,1.6544,0,0
0.57016443377819,11637,1.6548,0,0
0.57016478243763,11638,1.6552,0,0
0.57016513099314,11639,1.6556,0,0
0.57016547944471,11640,1.656,0,0
0.57016582779234,11641,1.6564,0,0
0.57016617603604,11642,1.6568,0,0
0.57016652417581,11643,1.6572,0,0
0.57016687221164,11644,1.6576,0,0
0.57016722014354,11645,1.658,0,0
0.5701675679715,11646,1.6584,0,0
0.57016791569553,11647,1.6588,0,0
0.57016826331563,11648,1.6592,0,0
0.5701686108318,11649,1.6596,0,0
0.57016895824403,11650,1.66,0,0
0.57016930555233,11651,1.6604,0,0
0.5701696527567,11652,1.6608,0,0
0.57016999985713,11653,1.6612,0,0
0.57017034685364,11654,1.6616,0,0
0.57017069374621,11655,1.662,0,0
0.57017104053485,11656,1.6624,0,0
0.57017138721956,11657,1.6628,0,0
0.57017173380034,11658,1.6632,0,0
0.57017208027719,11659,1.6636,0,0
0.57017242665011,11660,1.664,0,0
0.5701727729191,11661,1.6644,0,0
0.57017311908415,11662,1.6648,0,0
0.57017346514528,11663,1.6652,0,0
0.57017381110248,11664,1.6656,0,0
0.57017415695575,11665,1.666,0,0
0.57017450270509,11666,1.6664,0,0
0.5701748483505,11667,1.6668,0,0
0.57017519389198,11668,1.6672,0,0
0.57017553932954,11669,1.6676,0,0
0.57017588466316,11670,1.668,0,0
0.57017622989286,11671,1.6684,0,0
0.57017657501863,11672,1.6688,0,0
0.57017692004047,11673,1.6692,0,0
0.57017726495838,11674,1.6696,0,0
0.57017760977237,11675,1.67,0,0
0.57017795448243,11676,1.6704,0,0
0.57017829908856,11677,1.6708,0,0
0.57017864359077,11678,1.6712,0,0
0.57017898798905,11679,1.6716,0,0
0.5701793322834,11680,1.672,0,0
0.57017967647383,11681,1.6724,0,0
0.57018002056033,11682,1.6728,0,0
0.57018036454291,11683,1.6732,0,0
0.57018070842156,11684,1.6736,0,0
0.57018105219629,11685,1.674,0,0
0.57018139586709,11686,1.6744,0,0
0.57018173943396,11687,1.6748,0,0
0.57018208289692,11688,1.6752,0,0
0.57018242625595,11689,1.6756,0,0
0.57018276951105,11690,1.676,0,0
0.57018311266223,11691,1.6764,0,0
0.57018345570949,11692,1.6768,0,0
0.57018379865282,11693,1.6772,0,0
0.57018414149223,11694,1.6776,0,0
0.57018448422772,11695,1.678,0,0
0.57018482685928,11696,1.6784,0,0
0.57018516938692,11697,1.6788,0,0
0.57018551181064,11698,1.6792,0,0
0.57018585413044,11699,1.6796,0,0
0.57018619634632,11700,1.68,0,0
0.57018653845827,11701,1.6804,0,0
0.5701868804663,11702,1.6808,0,0
0.57018722237042,11703,1.6812,0,0
0.57018756417061,11704,1.6816,0,0
0.57018790586688,11705,1.682,0,0
0.57018824745923,11706,1.6824,0,0
0.57018858894765,11707,1.6828,0,0
0.57018893033216,11708,1.6832,0,0
0.57018927161275,11709,1.6836,0,0
0.57018961278942,11710,1.684,0,0
0.57018995386217,11711,1.6844,0,0
0.570190294831,11712,1.6848,0,0
0.57019063569591,11713,1.6852,0,0
0.5701909764569,11714,1.6856,0,0
0.57019131711398,11715,1.686,0,0
0.57019165766713,11716,1.6864,0,0
0.57019199811637,11717,1.6868,0,0
0.57019233846169,11718,1.6872,0,0
0.57019267870309,11719,1.6876,0,0
0.57019301884057,11720,1.688,0,0
0.57019335887414,11721,1.6884,0,0
0.57019369880379,11722,1.6888,0,0
0.57019403862952,11723,1.6892,0,0
0.57019437835134,11724,1.6896,0,0
0.57019471796924,11725,1.69,0,0
0.57019505748322,11726,1.6904,0,0
0.57019539689329,11727,1.6908,0,0
0.57019573619944,11728,1.6912,0,0
0.57019607540167,11729,1.6916,0,0
0.57019641449999,11730,1.692,0,0
0.5701967534944,11731,1.6924,0,0
0.57019709238489,11732,1.6928,0,0
0.57019743117146,11733,1.6932,0,0
0.57019776985412,11734,1.6936,0,0
0.57019810843287,11735,1.694,0,0
0.5701984469077,11736,1.6944,0,0
0.57019878527861,11737,1.6948,0,0
0.57019912354562,11738,1.6952,0,0
0.57019946170871,11739,1.6956,0,0
0.57019979976789,11740,1.696,0,0
0.57020013772315,11741,1.6964,0,0
0.5702004755745,11742,1.6968,0,0
0.57020081332194,11743,1.6972,0,0
0.57020115096546,11744,1.6976,0,0
0.57020148850508,11745,1.698,0,0
0.57020182594078,11746,1.6984,0,0
0.57020216327257,11747,1.6988,0,0
0.57020250050045,11748,1.6992,0,0
0.57020283762441,11749,1.6996,0,0
0.57020317464447,11750,1.7,0,0
0.57020351156061,11751,1.7004,0,0
0.57020384837284,11752,1.7008,0,0
0.57020418508117,11753,1.7012,0,0
0.57020452168558,11754,1.7016,0,0
0.57020485818608,11755,1.702,0,0
0.57020519458267,11756,1.7024,0,0
0.57020553087536,11757,1.7028,0,0
0.57020586706413,11758,1.7032,0,0
0.57020620314899,11759,1.7036,0,0
0.57020653912995,11760,1.704,0,0
0.57020687500699,11761,1.7044,0,0
0.57020721078013,11762,1.7048,0,0
0.57020754644936,11763,1.7052,0,0
0.57020788201468,11764,1.7056,0,0
0.57020821747609,11765,1.706,0,0
0.5702085528336,11766,1.7064,0,0
0.57020888808719,11767,1.7068,0,0
0.57020922323688,11768,1.7072,0,0
0.57020955828267,11769,1.7076,0,0
0.57020989322454,11770,1.708,0,0
0.57021022806251,11771,1.7084,0,0
0.57021056279657,11772,1.7088,0,0
0.57021089742673,11773,1.7092,0,0
0.57021123195298,11774,1.7096,0,0
0.57021156637532,11775,1.71,0,0
0.57021190069376,11776,1.7104,0,0
0.57021223490829,11777,1.7108,0,0
0.57021256901892,11778,1.7112,0,0
0.57021290302564,11779,1.7116,0,0
0.57021323692846,11780,1.712,0,0
0.57021357072737,11781,1.7124,0,0
0.57021390442237,11782,1.7128,0,0
0.57021423801348,11783,1.7132,0,0
0.57021457150068,11784,1.7136,0,0
0.57021490488397,11785,1.714,0,0
0.57021523816336,11786,1.7144,0,0
0.57021557133885,11787,1.7148,0,0
0.57021590441044,11788,1.7152,0,0
0.57021623737812,11789,1.7156,0,0
0.5702165702419,11790,1.716,0,0
0.57021690300178,11791,1.7164,0,0
0.57021723565775,11792,1.7168,0,0
0.57021756820982,11793,1.7172,0,0
0.57021790065799,11794,1.7176,0,0
0.57021823300226,11795,1.718,0,0
0.57021856524263,11796,1.7184,0,0
0.57021889737909,11797,1.7188,0,0
0.57021922941166,11798,1.7192,0,0
0.57021956134032,11799,1.7196,0,0
0.57021989316508,11800,1.72,0,0
0.57022022488595,11801,1.7204,0,0
0.57022055650291,11802,1.7208,0,0
0.57022088801597,11803,1.7212,0,0
0.57022121942513,11804,1.7216,0,0
0.57022155073039,11805,1.722,0,0
0.57022188193176,11806,1.7224,0,0
0.57022221302922,11807,1.7228,0,0
0.57022254402278,11808,1.7232,0,0
0.57022287491245,11809,1.7236,0,0
0.57022320569821,11810,1.724,0,0
0.57022353638008,11811,1.7244,0,0
0.57022386695805,11812,1.7248,0,0
0.57022419743213,11813,1.7252,0,0
0.5702245278023,11814,1.7256,0,0
0.57022485806858,11815,1.726,0,0
0.57022518823095,11816,1.7264,0,0
0.57022551828944,11817,1.7268,0,0
0.57022584824402,11818,1.7272,0,0
0.57022617809471,11819,1.7276,0,0
0.5702265078415,11820,1.728,0,0
0.5702268374844,11821,1.7284,0,0
0.5702271670234,11822,1.7288,0,0
0.5702274964585,11823,1.7292,0,0
0.57022782578971,11824,1.7296,0,0
0.57022815501702,11825,1.73,0,0
0.57022848414043,11826,1.7304,0,0
0.57022881315996,11827,1.7308,0,0
0.57022914207558,11828,1.7312,0,0
0.57022947088731,11829,1.7316,0,0
0.57022979959515,11830,1.732,0,0
0.57023012819909,11831,1.7324,0,0
0.57023045669914,11832,1.7328,0,0
0.5702307850953,11833,1.7332,0,0
0.57023111338756,11834,1.7336,0,0
0.57023144157593,11835,1.734,0,0
0.5702317696604,11836,1.7344,0,0
0.57023209764098,11837,1.7348,0,0
0.57023242551767,11838,1.7352,0,0
0.57023275329046,11839,1.7356,0,0
0.57023308095937,11840,1.736,0,0
0.57023340852438,11841,1.7364,0,0
0.5702337359855,11842,1.7368,0,0
0.57023406334272,11843,1.7372,0,0
0.57023439059606,11844,1.7376,0,0
0.5702347177455,11845,1.738,0,0
0.57023504479106,11846,1.7384,0,0
0.57023537173272,11847,1.7388,0,0
0.57023569857049,11848,1.7392,0,0
0.57023602530437,11849,1.7396,0,0
0.57023635193436,11850,1.74,0,0
0.57023667846046,11851,1.7404,0,0
0.57023700488267,11852,1.7408,0,0
0.57023733120099,11853,1.7412,0,0
0.57023765741542,11854,1.7416,0,0
0.57023798352596,11855,1.742,0,0
0.57023830953261,11856,1.7424,0,0
0.57023863543537,11857,1.7428,0,0
0.57023896123425,11858,1.7432,0,0
0.57023928692923,11859,1.7436,0,0
0.57023961252033,11860,1.744,0,0
0.57023993800754,11861,1.7444,0,0
0.57024026339086,11862,1.7448,0,0
0.57024058867029,11863,1.7452,0,0
0.57024091384584,11864,1.7456,0,0
0.5702412389175,11865,1.746,0,0
0.57024156388527,11866,1.7464,0,0
0.57024188874915,11867,1.7468,0,0
0.57024221350915,11868,1.7472,0,0
0.57024253816526,11869,1.7476,0,0
0.57024286271748,11870,1.748,0,0
0.57024318716582,11871,1.7484,0,0
0.57024351151028,11872,1.7488,0,0
0.57024383575084,11873,1.7492,0,0
0.57024415988752,11874,1.7496,0,0
0.57024448392032,11875,1.75,0,0
0.57024480784923,11876,1.7504,0,0
0.57024513167426,11877,1.7508,0,0
0.5702454553954,11878,1.7512,0,0
0.57024577901265,11879,1.7516,0,0
0.57024610252603,11880,1.752,0,0
0.57024642593551,11881,1.7524,0,0
0.57024674924112,11882,1.7528,0,0
0.57024707244284,11883,1.7532,0,0
0.57024739554068,11884,1.7536,0,0
0.57024771853463,11885,1.754,0,0
0.5702480414247,11886,1.7544,0,0
0.57024836421089,11887,1.7548,0,0
0.57024868689319,11888,1.7552,0,0
0.57024900947162,11889,1.7556,0,0
0.57024933194616,11890,1.756,0,0
0.57024965431682,11891,1.7564,0,0
0.57024997658359,11892,1.7568,0,0
0.57025029874649,11893,1.7572,0,0
0.5702506208055,11894,1.7576,0,0
0.57025094276063,11895,1.758,0,0
0.57025126461188,11896,1.7584,0,0
0.57025158635925,11897,1.7588,0,0
0.57025190800274,11898,1.7592,0,0
0.57025222954235,11899,1.7596,0,0
0.57025255097808,11900,1.76,0,0
0.57025287230993,11901,1.7604,0,0
0.5702531935379,11902,1.7608,0,0
0.57025351466199,11903,1.7612,0,0
0.5702538356822,11904,1.7616,0,0
0.57025415659853,11905,1.762,0,0
0.57025447741098,11906,1.7624,0,0
0.57025479811955,11907,1.7628,0,0
0.57025511872425,11908,1.7632,0,0
0.57025543922506,11909,1.7636,0,0
0.570255759622,11910,1.764,0,0
0.57025607991506,11911,1.7644,0,0
0.57025640010424,11912,1.7648,0,0
0.57025672018954,11913,1.7652,0,0
0.57025704017097,11914,1.7656,0,0
0.57025736004852,11915,1.766,0,0
0.57025767982219,11916,1.7664,0,0
0.57025799949199,11917,1.7668,0,0
0.57025831905791,11918,1.7672,0,0
0.57025863851995,11919,1.7676,0,0
0.57025895787811,11920,1.768,0,0
0.5702592771324,11921,1.7684,0,0
0.57025959628282,11922,1.7688,0,0
0.57025991532936,11923,1.7692,0,0
0.57026023427202,11924,1.7696,0,0
0.57026055311081,11925,1.77,0,0
0.57026087184572,11926,1.7704,0,0
0.57026119047676,11927,1.7708,0,0
0.57026150900392,11928,1.7712,0,0
0.57026182742721,11929,1.7716,0,0
0.57026214574662,11930,1.772,0,0
0.57026246396216,11931,1.7724,0,0
0.57026278207383,11932,1.7728,0,0
0.57026310008162,11933,1.7732,0,0
0.57026341798554,11934,1.7736,0,0
0.57026373578559,11935,1.774,0,0
0.57026405348176,11936,1.7744,0,0
0.57026437107406,11937,1.7748,0,0
0.57026468856249,11938,1.7752,0,0
0.57026500594704,11939,1.7756,0,0
0.57026532322773,11940,1.776,0,0
0.57026564040454,11941,1.7764,0,0
0.57026595747748,11942,1.7768,0,0
0.57026627444654,11943,1.7772,0,0
0.57026659131174,11944,1.7776,0,0
0.57026690807307,11945,1.778,0,0
0.57026722473052,11946,1.7784,0,0
0.5702675412841,11947,1.7788,0,0
0.57026785773381,11948,1.7792,0,0
0.57026817407966,11949,1.7796,0,0
0.57026849032163,11950,1.78,0,0
0.57026880645973,11951,1.7804,0,0
0.57026912249396,11952,1.7808,0,0
0.57026943842432,11953,1.7812,0,0
0.57026975425081,11954,1.7816,0,0
0.57027006997344,11955,1.782,0,0
0.57027038559219,11956,1.7824,0,0
0.57027070110707,11957,1.7828,0,0
0.57027101651809,11958,1.7832,0,0
0.57027133182524,11959,1.7836,0,0
0.57027164702852,11960,1.784,0,0
0.57027196212793,11961,1.7844,0,0
0.57027227712347,11962,1.7848,0,0
0.57027259201515,11963,1.7852,0,0
0.57027290680296,11964,1.7856,0,0
0.5702732214869,11965,1.786,0,0
0.57027353606697,11966,1.7864,0,0
0.57027385054318,11967,1.7868,0,0
0.57027416491552,11968,1.7872,0,0
0.57027447918399,11969,1.7876,0,0
0.5702747933486,11970,1.788,0,0
0.57027510740934,11971,1.7884,0,0
0.57027542136622,11972,1.7888,0,0
0.57027573521923,11973,1.7892,0,0
0.57027604896837,11974,1.7896,0,0
0.57027636261365,11975,1.79,0,0
0.57027667615506,11976,1.7904,0,0
0.57027698959261,11977,1.7908,0,0
0.5702773029263,11978,1.7912,0,0
0.57027761615612,11979,1.7916,0,0
0.57027792928207,11980,1.792,0,0
0.57027824230416,11981,1.7924,0,0
0.57027855522239,11982,1.7928,0,0
0.57027886803675,11983,1.7932,0,0
0.57027918074725,11984,1.7936,0,0
0.57027949335389,11985,1.794,0,0
0.57027980585666,11986,1.7944,0,0
0.57028011825557,11987,1.7948,0,0
0.57028043055062,11988,1.7952,0,0
0.57028074274181,11989,1.7956,0,0
0.57028105482913,11990,1.796,0,0
0.57028136681259,11991,1.7964,0,0
0.57028167869219,11992,1.7968,0,0
0.57028199046792,11993,1.7972,0,0
0.5702823021398,11994,1.7976,0,0
0.57028261370781,11995,1.798,0,0
0.57028292517196,11996,1.7984,0,0
0.57028323653225,11997,1.7988,0,0
0.57028354778868,11998,1.7992,0,0
0.57028385894125,11999,1.7996,0,0
0.57028416998996,12000,1.8,0,0
0.57028448093481,12001,1.8004,0,0
0.5702847917758,12002,1.8008,0,0
0.57028510251293,12003,1.8012,0,0
0.5702854131462,12004,1.8016,0,0
0.57028572367561,12005,1.802,0,0
0.57028603410116,12006,1.8024,0,0
0.57028634442285,12007,1.8028,0,0
0.57028665464068,12008,1.8032,0,0
0.57028696475466,12009,1.8036,0,0
0.57028727476477,12010,1.804,0,0
0.57028758467103,12011,1.8044,0,0
0.57028789447343,12012,1.8048,0,0
0.57028820417197,12013,1.8052,0,0
0.57028851376666,12014,1.8056,0,0
0.57028882325748,12015,1.806,0,0
0.57028913264445,12016,1.8064,0,0
0.57028944192756,12017,1.8068,0,0
0.57028975110682,12018,1.8072,0,0
0.57029006018221,12019,1.8076,0,0
0.57029036915376,12020,1.808,0,0
0.57029067802144,12021,1.8084,0,0
0.57029098678527,12022,1.8088,0,0
0.57029129544524,12023,1.8092,0,0
0.57029160400136,12024,1.8096,0,0
0.57029191245362,12025,1.81,0,0
0.57029222080203,12026,1.8104,0,0
0.57029252904658,12027,1.8108,0,0
0.57029283718727,12028,1.8112,0,0
0.57029314522411,12029,1.8116,0,0
0.5702934531571,12030,1.812,0,0
0.57029376098623,12031,1.8124,0,0
0.57029406871151,12032,1.8128,0,0
0.57029437633293,12033,1.8132,0,0
0.5702946838505,12034,1.8136,0,0
0.57029499126422,12035,1.814,0,0
0.57029529857408,12036,1.8144,0,0
0.57029560578009,12037,1.8148,0,0
0.57029591288225,12038,1.8152,0,0
0.57029621988055,12039,1.8156,0,0
0.570296526775,12040,1.816,0,0
0.5702968335656,12041,1.8164,0,0
0.57029714025235,12042,1.8168,0,0
0.57029744683524,12043,1.8172,0,0
0.57029775331428,12044,1.8176,0,0
0.57029805968947,12045,1.818,0,0
0.57029836596081,12046,1.8184,0,0
0.5702986721283,12047,1.8188,0,0
0.57029897819193,12048,1.8192,0,0
0.57029928415172,12049,1.8196,0,0
0.57029959000765,12050,1.82,0,0
0.57029989575974,12051,1.8204,0,0
0.57030020140797,12052,1.8208,0,0
0.57030050695235,12053,1.8212,0,0
0.57030081239289,12054,1.8216,0,0
0.57030111772957,12055,1.822,0,0
0.5703014229624,12056,1.8224,0,0
0.57030172809139,12057,1.8228,0,0
0.57030203311652,12058,1.8232,0,0
0.57030233803781,12059,1.8236,0,0
0.57030264285525,12060,1.824,0,0
0.57030294756884,12061,1.8244,0,0
0.57030325217858,12062,1.8248,0,0
0.57030355668447,12063,1.8252,0,0
0.57030386108651,12064,1.8256,0,0
0.57030416538471,12065,1.826,0,0
0.57030446957905,12066,1.8264,0,0
0.57030477366955,12067,1.8268,0,0
0.57030507765621,12068,1.8272,0,0
0.57030538153901,12069,1.8276,0,0
0.57030568531797,12070,1.828,0,0
0.57030598899308,12071,1.8284,0,0
0.57030629256435,12072,1.8288,0,0
0.57030659603177,12073,1.8292,0,0
0.57030689939534,12074,1.8296,0,0
0.57030720265507,12075,1.83,0,0
0.57030750581095,12076,1.8304,0,0
0.57030780886299,12077,1.8308,0,0
0.57030811181118,12078,1.8312,0,0
0.57030841465552,12079,1.8316,0,0
0.57030871739602,12080,1.832,0,0
0.57030902003268,12081,1.8324,0,0
0.57030932256549,12082,1.8328,0,0
0.57030962499445,12083,1.8332,0,0
0.57030992731957,12084,1.8336,0,0
0.57031022954085,12085,1.834,0,0
0.57031053165829,12086,1.8344,0,0
0.57031083367188,12087,1.8348,0,0
0.57031113558162,12088,1.8352,0,0
0.57031143738752,12089,1.8356,0,0
0.57031173908958,12090,1.836,0,0
0.5703120406878,12091,1.8364,0,0
0.57031234218218,12092,1.8368,0,0
0.57031264357271,12093,1.8372,0,0
0.5703129448594,12094,1.8376,0,0
0.57031324604224,12095,1.838,0,0
0.57031354712125,12096,1.8384,0,0
0.57031384809641,12097,1.8388,0,0
0.57031414896773,12098,1.8392,0,0
0.57031444973521,12099,1.8396,0,0
0.57031475039885,12100,1.84,0,0
0.57031505095865,12101,1.8404,0,0
0.5703153514146,12102,1.8408,0,0
0.57031565176672,12103,1.8412,0,0
0.57031595201499,12104,1.8416,0,0
0.57031625215943,12105,1.842,0,0
0.57031655220002,12106,1.8424,0,0
0.57031685213678,12107,1.8428,0,0
0.57031715196969,12108,1.8432,0,0
0.57031745169877,12109,1.8436,0,0
0.57031775132401,12110,1.844,0,0
0.5703180508454,12111,1.8444,0,0
0.57031835026296,12112,1.8448,0,0
0.57031864957668,12113,1.8452,0,0
0.57031894878656,12114,1.8456,0,0
0.5703192478926,12115,1.846,0,0
0.57031954689481,12116,1.8464,0,0
0.57031984579317,12117,1.8468,0,0
0.5703201445877,12118,1.8472,0,0
0.57032044327839,12119,1.8476,0,0
0.57032074186524,12120,1.848,0,0
0.57032104034826,12121,1.8484,0,0
0.57032133872744,12122,1.8488,0,0
0.57032163700278,12123,1.8492,0,0
0.57032193517428,12124,1.8496,0,0
0.57032223324195,12125,1.85,0,0
0.57032253120578,12126,1.8504,0,0
0.57032282906577,12127,1.8508,0,0
0.57032312682193,12128,1.8512,0,0
0.57032342447426,12129,1.8516,0,0
0.57032372202274,12130,1.852,0,0
0.5703240194674,12131,1.8524,0,0
0.57032431680821,12132,1.8528,0,0
0.5703246140452,12133,1.8532,0,0
0.57032491117834,12134,1.8536,0,0
0.57032520820765,12135,1.854,0,0
0.57032550513313,12136,1.8544,0,0
0.57032580195478,12137,1.8548,0,0
0.57032609867258,12138,1.8552,0,0
0.57032639528656,12139,1.8556,0,0
0.5703266917967,12140,1.856,0,0
0.57032698820301,12141,1.8564,0,0
0.57032728450548,12142,1.8568,0,0
0.57032758070412,12143,1.8572,0,0
0.57032787679893,12144,1.8576,0,0
0.57032817278991,12145,1.858,0,0
0.57032846867705,12146,1.8584,0,0
0.57032876446036,12147,1.8588,0,0
0.57032906013984,12148,1.8592,0,0
0.57032935571548,12149,1.8596,0,0
0.5703296511873,12150,1.86,0,0
0.57032994655528,12151,1.8604,0,0
0.57033024181943,12152,1.8608,0,0
0.57033053697975,12153,1.8612,0,0
0.57033083203624,12154,1.8616,0,0
0.57033112698889,12155,1.862,0,0
0.57033142183772,12156,1.8624,0,0
0.57033171658271,12157,1.8628,0,0
0.57033201122388,12158,1.8632,0,0
0.57033230576121,12159,1.8636,0,0
0.57033260019472,12160,1.864,0,0
0.57033289452439,12161,1.8644,0,0
0.57033318875024,12162,1.8648,0,0
0.57033348287225,12163,1.8652,0,0
0.57033377689044,12164,1.8656,0,0
0.57033407080479,12165,1.866,0,0
0.57033436461532,12166,1.8664,0,0
0.57033465832202,12167,1.8668,0,0
0.57033495192489,12168,1.8672,0,0
0.57033524542393,12169,1.8676,0,0
0.57033553881915,12170,1.868,0,0
0.57033583211053,12171,1.8684,0,0
0.57033612529809,12172,1.8688,0,0
0.57033641838182,12173,1.8692,0,0
0.57033671136172,12174,1.8696,0,0
0.5703370042378,12175,1.87,0,0
0.57033729701005,12176,1.8704,0,0
0.57033758967847,12177,1.8708,0,0
0.57033788224306,12178,1.8712,0,0
0.57033817470383,12179,1.8716,0,0
0.57033846706077,12180,1.872,0,0
0.57033875931388,12181,1.8724,0,0
0.57033905146317,12182,1.8728,0,0
0.57033934350864,12183,1.8732,0,0
0.57033963545027,12184,1.8736,0,0
0.57033992728809,12185,1.874,0,0
0.57034021902207,12186,1.8744,0,0
0.57034051065223,12187,1.8748,0,0
0.57034080217857,12188,1.8752,0,0
0.57034109360108,12189,1.8756,0,0
0.57034138491977,12190,1.876,0,0
0.57034167613463,12191,1.8764,0,0
0.57034196724567,12192,1.8768,0,0
0.57034225825289,12193,1.8772,0,0
0.57034254915628,12194,1.8776,0,0
0.57034283995584,12195,1.878,0,0
0.57034313065159,12196,1.8784,0,0
0.57034342124351,12197,1.8788,0,0
0.57034371173161,12198,1.8792,0,0
0.57034400211588,12199,1.8796,0,0
0.57034429239633,12200,1.88,0,0
0.57034458257296,12201,1.8804,0,0
0.57034487264577,12202,1.8808,0,0
0.57034516261475,12203,1.8812,0,0
0.57034545247991,12204,1.8816,0,0
0.57034574224125,12205,1.882,0,0
0.57034603189877,12206,1.8824,0,0
0.57034632145247,12207,1.8828,0,0
0.57034661090234,12208,1.8832,0,0
0.5703469002484,12209,1.8836,0,0
0.57034718949063,12210,1.884,0,0
0.57034747862905,12211,1.8844,0,0
0.57034776766364,12212,1.8848,0,0
0.57034805659441,12213,1.8852,0,0
0.57034834542136,12214,1.8856,0,0
0.57034863414449,12215,1.886,0,0
0.57034892276381,12216,1.8864,0,0
0.5703492112793,12217,1.8868,0,0
0.57034949969097,12218,1.8872,0,0
0.57034978799882,12219,1.8876,0,0
0.57035007620286,12220,1.888,0,0
0.57035036430307,12221,1.8884,0,0
0.57035065229947,12222,1.8888,0,0
0.57035094019205,12223,1.8892,0,0
0.57035122798081,12224,1.8896,0,0
0.57035151566575,12225,1.89,0,0
0.57035180324687,12226,1.8904,0,0
0.57035209072418,12227,1.8908,0,0
0.57035237809767,12228,1.8912,0,0
0.57035266536734,12229,1.8916,0,0
0.57035295253319,12230,1.892,0,0
0.57035323959522,12231,1.8924,0,0
0.57035352655344,12232,1.8928,0,0
0.57035381340785,12233,1.8932,0,0
0.57035410015843,12234,1.8936,0,0
0.5703543868052,12235,1.894,0,0
0.57035467334815,12236,1.8944,0,0
0.57035495978729,12237,1.8948,0,0
0.57035524612261,12238,1.8952,0,0
0.57035553235411,12239,1.8956,0,0
0.5703558184818,12240,1.896,0,0
0.57035610450568,12241,1.8964,0,0
0.57035639042574,12242,1.8968,0,0
0.57035667624198,12243,1.8972,0,0
0.57035696195441,12244,1.8976,0,0
0.57035724756302,12245,1.898,0,0
0.57035753306782,12246,1.8984,0,0
0.57035781846881,12247,1.8988,0,0
0.57035810376598,12248,1.8992,0,0
0.57035838895934,12249,1.8996,0,0
0.57035867404888,12250,1.9,0,0
0.57035895903461,12251,1.9004,0,0
0.57035924391653,12252,1.9008,0,0
0.57035952869463,12253,1.9012,0,0
0.57035981336892,12254,1.9016,0,0
0.5703600979394,12255,1.902,0,0
0.57036038240607,12256,1.9024,0,0
0.57036066676892,12257,1.9028,0,0
0.57036095102796,12258,1.9032,0,0
0.57036123518319,12259,1.9036,0,0
0.5703615192346,12260,1.904,0,0
0.57036180318221,12261,1.9044,0,0
0.570362087026,12262,1.9048,0,0
0.57036237076598,12263,1.9052,0,0
0.57036265440215,12264,1.9056,0,0
0.57036293793451,12265,1.906,0,0
0.57036322136306,12266,1.9064,0,0
0.5703635046878,12267,1.9068,0,0
0.57036378790872,12268,1.9072,0,0
0.57036407102584,12269,1.9076,0,0
0.57036435403915,12270,1.908,0,0
0.57036463694864,12271,1.9084,0,0
0.57036491975433,12272,1.9088,0,0
0.57036520245621,12273,1.9092,0,0
0.57036548505427,12274,1.9096,0,0
0.57036576754853,12275,1.91,0,0
0.57036604993898,12276,1.9104,0,0
0.57036633222562,12277,1.9108,0,0
0.57036661440845,12278,1.9112,0,0
0.57036689648747,12279,1.9116,0,0
0.57036717846269,12280,1.912,0,0
0.57036746033409,12281,1.9124,0,0
0.57036774210169,12282,1.9128,0,0
0.57036802376548,12283,1.9132,0,0
0.57036830532546,12284,1.9136,0,0
0.57036858678164,12285,1.914,0,0
0.57036886813401,12286,1.9144,0,0
0.57036914938257,12287,1.9148,0,0
0.57036943052732,12288,1.9152,0,0
0.57036971156826,12289,1.9156,0,0
0.5703699925054,12290,1.916,0,0
0.57037027333874,12291,1.9164,0,0
0.57037055406826,12292,1.9168,0,0
0.57037083469398,12293,1.9172,0,0
0.5703711152159,12294,1.9176,0,0
0.57037139563401,12295,1.918,0,0
0.57037167594831,12296,1.9184,0,0
0.57037195615881,12297,1.9188,0,0
0.5703722362655,12298,1.9192,0,0
0.57037251626839,12299,1.9196,0,0
0.57037279616747,12300,1.92,0,0
0.57037307596275,12301,1.9204,0,0
0.57037335565422,12302,1.9208,0,0
0.57037363524189,12303,1.9212,0,0
0.57037391472576,12304,1.9216,0,0
0.57037419410582,12305,1.922,0,0
0.57037447338208,12306,1.9224,0,0
0.57037475255453,12307,1.9228,0,0
0.57037503162318,12308,1.9232,0,0
0.57037531058803,12309,1.9236,0,0
0.57037558944907,12310,1.924,0,0
0.57037586820631,12311,1.9244,0,0
0.57037614685975,12312,1.9248,0,0
0.57037642540938,12313,1.9252,0,0
0.57037670385521,12314,1.9256,0,0
0.57037698219724,12315,1.926,0,0
0.57037726043547,12316,1.9264,0,0
0.5703775385699,12317,1.9268,0,0
0.57037781660052,12318,1.9272,0,0
0.57037809452735,12319,1.9276,0,0
0.57037837235037,12320,1.928,0,0
0.57037865006959,12321,1.9284,0,0
0.57037892768501,12322,1.9288,0,0
0.57037920519662,12323,1.9292,0,0
0.57037948260444,12324,1.9296,0,0
0.57037975990846,12325,1.93,0,0
0.57038003710868,12326,1.9304,0,0
0.57038031420509,12327,1.9308,0,0
0.57038059119771,12328,1.9312,0,0
0.57038086808652,12329,1.9316,0,0
0.57038114487154,12330,1.932,0,0
0.57038142155276,12331,1.9324,0,0
0.57038169813018,12332,1.9328,0,0
0.5703819746038,12333,1.9332,0,0
0.57038225097362,12334,1.9336,0,0
0.57038252723964,12335,1.934,0,0
0.57038280340186,12336,1.9344,0,0
0.57038307946028,12337,1.9348,0,0
0.57038335541491,12338,1.9352,0,0
0.57038363126574,12339,1.9356,0,0
0.57038390701277,12340,1.936,0,0
0.570384182656,12341,1.9364,0,0
0.57038445819543,12342,1.9368,0,0
0.57038473363107,12343,1.9372,0,0
0.57038500896291,12344,1.9376,0,0
0.57038528419095,12345,1.938,0,0
0.5703855593152,12346,1.9384,0,0
0.57038583433565,12347,1.9388,0,0
0.5703861092523,12348,1.9392,0,0
0.57038638406516,12349,1.9396,0,0
0.57038665877422,12350,1.94,0,0
0.57038693337948,12351,1.9404,0,0
0.57038720788095,12352,1.9408,0,0
0.57038748227862,12353,1.9412,0,0
0.5703877565725,12354,1.9416,0,0
0.57038803076258,12355,1.942,0,0
0.57038830484886,12356,1.9424,0,0
0.57038857883136,12357,1.9428,0,0
0.57038885271005,12358,1.9432,0,0
0.57038912648495,12359,1.9436,0,0
0.57038940015606,12360,1.944,0,0
0.57038967372337,12361,1.9444,0,0
0.57038994718689,12362,1.9448,0,0
0.57039022054662,12363,1.9452,0,0
0.57039049380255,12364,1.9456,0,0
0.57039076695468,12365,1.946,0,0
0.57039104000303,12366,1.9464,0,0
0.57039131294758,12367,1.9468,0,0
0.57039158578834,12368,1.9472,0,0
0.5703918585253,12369,1.9476,0,0
0.57039213115847,12370,1.948,0,0
0.57039240368785,12371,1.9484,0,0
0.57039267611344,12372,1.9488,0,0
0.57039294843523,12373,1.9492,0,0
0.57039322065323,12374,1.9496,0,0
0.57039349276744,12375,1.95,0,0
0.57039376477786,12376,1.9504,0,0
0.57039403668449,12377,1.9508,0,0
0.57039430848732,12378,1.9512,0,0
0.57039458018637,12379,1.9516,0,0
0.57039485178162,12380,1.952,0,0
0.57039512327308,12381,1.9524,0,0
0.57039539466076,12382,1.9528,0,0
0.57039566594464,12383,1.9532,0,0
0.57039593712473,12384,1.9536,0,0
0.57039620820103,12385,1.954,0,0
0.57039647917354,12386,1.9544,0,0
0.57039675004226,12387,1.9548,0,0
0.57039702080719,12388,1.9552,0,0
0.57039729146833,12389,1.9556,0,0
0.57039756202568,12390,1.956,0,0
0.57039783247924,12391,1.9564,0,0
0.57039810282902,12392,1.9568,0,0
0.570398373075,12393,1.9572,0,0
0.5703986432172,12394,1.9576,0,0
0.5703989132556,12395,1.958,0,0
0.57039918319022,12396,1.9584,0,0
0.57039945302105,12397,1.9588,0,0
0.5703997227481,12398,1.9592,0,0
0.57039999237135,12399,1.9596,0,0
0.57040026189082,12400,1.96,0,0
0.5704005313065,12401,1.9604,0,0
0.57040080061839,12402,1.9608,0,0
0.5704010698265,12403,1.9612,0,0
0.57040133893081,12404,1.9616,0,0
0.57040160793134,12405,1.962,0,0
0.57040187682809,12406,1.9624,0,0
0.57040214562105,12407,1.9628,0,0
0.57040241431022,12408,1.9632,0,0
0.5704026828956,12409,1.9636,0,0
0.5704029513772,12410,1.964,0,0
0.57040321975502,12411,1.9644,0,0
0.57040348802905,12412,1.9648,0,0
0.57040375619929,12413,1.9652,0,0
0.57040402426574,12414,1.9656,0,0
0.57040429222842,12415,1.966,0,0
0.5704045600873,12416,1.9664,0,0
0.57040482784241,12417,1.9668,0,0
0.57040509549372,12418,1.9672,0,0
0.57040536304126,12419,1.9676,0,0
0.570405630485,12420,1.968,0,0
0.57040589782497,12421,1.9684,0,0
0.57040616506115,12422,1.9688,0,0
0.57040643219355,12423,1.9692,0,0
0.57040669922216,12424,1.9696,0,0
0.57040696614699,12425,1.97,0,0
0.57040723296804,12426,1.9704,0,0
0.5704074996853,12427,1.9708,0,0
0.57040776629878,12428,1.9712,0,0
0.57040803280848,12429,1.9716,0,0
0.57040829921439,12430,1.972,0,0
0.57040856551652,12431,1.9724,0,0
0.57040883171487,12432,1.9728,0,0
0.57040909780944,12433,1.9732,0,0
0.57040936380022,12434,1.9736,0,0
0.57040962968723,12435,1.974,0,0
0.57040989547045,12436,1.9744,0,0
0.57041016114989,12437,1.9748,0,0
0.57041042672555,12438,1.9752,0,0
0.57041069219743,12439,1.9756,0,0
0.57041095756553,12440,1.976,0,0
0.57041122282984,12441,1.9764,0,0
0.57041148799038,12442,1.9768,0,0
0.57041175304713,12443,1.9772,0,0
0.57041201800011,12444,1.9776,0,0
0.5704122828493,12445,1.978,0,0
0.57041254759472,12446,1.9784,0,0
0.57041281223635,12447,1.9788,0,0
0.57041307677421,12448,1.9792,0,0
0.57041334120828,12449,1.9796,0,0
0.57041360553858,12450,1.98,0,0
0.5704138697651,12451,1.9804,0,0
0.57041413388784,12452,1.9808,0,0
0.57041439790679,12453,1.9812,0,0
0.57041466182198,12454,1.9816,0,0
0.57041492563338,12455,1.982,0,0
0.570415189341,12456,1.9824,0,0
0.57041545294485,12457,1.9828,0,0
0.57041571644491,12458,1.9832,0,0
0.5704159798412,12459,1.9836,0,0
0.57041624313372,12460,1.984,0,0
0.57041650632245,12461,1.9844,0,0
0.57041676940741,12462,1.9848,0,0
0.57041703238859,12463,1.9852,0,0
0.57041729526599,12464,1.9856,0,0
0.57041755803962,12465,1.986,0,0
0.57041782070947,12466,1.9864,0,0
0.57041808327554,12467,1.9868,0,0
0.57041834573784,12468,1.9872,0,0
0.57041860809636,12469,1.9876,0,0
0.5704188703511,12470,1.988,0,0
0.57041913250207,12471,1.9884,0,0
0.57041939454926,12472,1.9888,0,0
0.57041965649268,12473,1.9892,0,0
0.57041991833232,12474,1.9896,0,0
0.57042018006819,12475,1.99,0,0
0.57042044170028,12476,1.9904,0,0
0.5704207032286,12477,1.9908,0,0
0.57042096465314,12478,1.9912,0,0
0.57042122597391,12479,1.9916,0,0
0.5704214871909,12480,1.992,0,0
0.57042174830412,12481,1.9924,0,0
0.57042200931356,12482,1.9928,0,0
0.57042227021923,12483,1.9932,0,0
0.57042253102113,12484,1.9936,0,0
0.57042279171926,12485,1.994,0,0
0.57042305231361,12486,1.9944,0,0
0.57042331280418,12487,1.9948,0,0
0.57042357319099,12488,1.9952,0,0
0.57042383347402,12489,1.9956,0,0
0.57042409365328,12490,1.996,0,0
0.57042435372876,12491,1.9964,0,0
0.57042461370047,12492,1.9968,0,0
0.57042487356842,12493,1.9972,0,0
0.57042513333258,12494,1.9976,0,0
0.57042539299298,12495,1.998,0,0
0.57042565254961,12496,1.9984,0,0
0.57042591200246,12497,1.9988,0,0
0.57042617135154,12498,1.9992,0,0
0.57042643059685,12499,1.9996,0,0
0.57042668973839,12500,2,0,0
0.57042694877616,12501,2.0004,0,0
0.57042720771016,12502,2.0008,0,0
0.57042746654038,12503,2.0012,0,0
0.57042772526684,12504,2.0016,0,0
0.57042798388953,12505,2.002,0,0
0.57042824240844,12506,2.0024,0,0
0.57042850082359,12507,2.0028,0,0
0.57042875913497,12508,2.0032,0,0
0.57042901734257,12509,2.0036,0,0
0.57042927544641,12510,2.004,0,0
0.57042953344648,12511,2.0044,0,0
0.57042979134278,12512,2.0048,0,0
0.57043004913531,12513,2.0052,0,0
0.57043030682407,12514,2.0056,0,0
0.57043056440906,12515,2.006,0,0
0.57043082189028,12516,2.0064,0,0
0.57043107926774,12517,2.0068,0,0
0.57043133654142,12518,2.0072,0,0
0.57043159371134,12519,2.0076,0,0
0.57043185077749,12520,2.008,0,0
0.57043210773988,12521,2.0084,0,0
0.57043236459849,12522,2.0088,0,0
0.57043262135334,12523,2.0092,0,0
0.57043287800442,12524,2.0096,0,0
0.57043313455173,12525,2.01,0,0
0.57043339099528,12526,2.0104,0,0
0.57043364733506,12527,2.0108,0,0
0.57043390357107,12528,2.0112,0,0
0.57043415970332,12529,2.0116,0,0
0.5704344157318,12530,2.012,0,0
0.57043467165652,12531,2.0124,0,0
0.57043492747746,12532,2.0128,0,0
0.57043518319465,12533,2.0132,0,0
0.57043543880806,12534,2.0136,0,0
0.57043569431772,12535,2.014,0,0
0.5704359497236,12536,2.0144,0,0
0.57043620502572,12537,2.0148,0,0
0.57043646022408,12538,2.0152,0,0
0.57043671531867,12539,2.0156,0,0
0.5704369703095,12540,2.016,0,0
0.57043722519656,12541,2.0164,0,0
0.57043747997986,12542,2.0168,0,0
0.57043773465939,12543,2.0172,0,0
0.57043798923516,12544,2.0176,0,0
0.57043824370716,12545,2.018,0,0
0.57043849807541,12546,2.0184,0,0
0.57043875233988,12547,2.0188,0,0
0.5704390065006,12548,2.0192,0,0
0.57043926055755,12549,2.0196,0,0
0.57043951451074,12550,2.02,0,0
0.57043976836016,12551,2.0204,0,0
0.57044002210583,12552,2.0208,0,0
0.57044027574773,12553,2.0212,0,0
0.57044052928586,12554,2.0216,0,0
0.57044078272024,12555,2.022,0,0
0.57044103605085,12556,2.0224,0,0
0.5704412892777,12557,2.0228,0,0
0.57044154240079,12558,2.0232,0,0
0.57044179542012,12559,2.0236,0,0
0.57044204833569,12560,2.024,0,0
0.57044230114749,12561,2.0244,0,0
0.57044255385553,12562,2.0248,0,0
0.57044280645982,12563,2.0252,0,0
0.57044305896034,12564,2.0256,0,0
0.5704433113571,12565,2.026,0,0
0.5704435636501,12566,2.0264,0,0
0.57044381583934,12567,2.0268,0,0
0.57044406792482,12568,2.0272,0,0
0.57044431990654,12569,2.0276,0,0
0.5704445717845,12570,2.028,0,0
0.5704448235587,12571,2.0284,0,0
0.57044507522914,12572,2.0288,0,0
0.57044532679582,12573,2.0292,0,0
0.57044557825874,12574,2.0296,0,0
0.5704458296179,12575,2.03,0,0
0.57044608087331,12576,2.0304,0,0
0.57044633202495,12577,2.0308,0,0
0.57044658307284,12578,2.0312,0,0
0.57044683401696,12579,2.0316,0,0
0.57044708485733,12580,2.032,0,0
0.57044733559394,12581,2.0324,0,0
0.5704475862268,12582,2.0328,0,0
0.57044783675589,12583,2.0332,0,0
0.57044808718123,12584,2.0336,0,0
0.57044833750281,12585,2.034,0,0
0.57044858772063,12586,2.0344,0,0
0.5704488378347,12587,2.0348,0,0
0.570449087845,12588,2.0352,0,0
0.57044933775155,12589,2.0356,0,0
0.57044958755435,12590,2.036,0,0
0.57044983725339,12591,2.0364,0,0
0.57045008684867,12592,2.0368,0,0
0.57045033634019,12593,2.0372,0,0
0.57045058572796,12594,2.0376,0,0
0.57045083501197,12595,2.038,0,0
0.57045108419223,12596,2.0384,0,0
0.57045133326873,12597,2.0388,0,0
0.57045158224147,12598,2.0392,0,0
0.57045183111046,12599,2.0396,0,0
0.5704520798757,12600,2.04,0,0
0.57045232853718,12601,2.0404,0,0
0.5704525770949,12602,2.0408,0,0
0.57045282554887,12603,2.0412,0,0
0.57045307389909,12604,2.0416,0,0
0.57045332214555,12605,2.042,0,0
0.57045357028826,12606,2.0424,0,0
0.57045381832721,12607,2.0428,0,0
0.57045406626241,12608,2.0432,0,0
0.57045431409385,12609,2.0436,0,0
0.57045456182154,12610,2.044,0,0
0.57045480944548,12611,2.0444,0,0
0.57045505696566,12612,2.0448,0,0
0.5704553043821,12613,2.0452,0,0
0.57045555169477,12614,2.0456,0,0
0.5704557989037,12615,2.046,0,0
0.57045604600887,12616,2.0464,0,0
0.57045629301029,12617,2.0468,0,0
0.57045653990796,12618,2.0472,0,0
0.57045678670187,12619,2.0476,0,0
0.57045703339203,12620,2.048,0,0
0.57045727997845,12621,2.0484,0,0
0.5704575264611,12622,2.0488,0,0
0.57045777284001,12623,2.0492,0,0
0.57045801911517,12624,2.0496,0,0
0.57045826528657,12625,2.05,0,0
0.57045851135423,12626,2.0504,0,0
0.57045875731813,12627,2.0508,0,0
0.57045900317828,12628,2.0512,0,0
0.57045924893468,12629,2.0516,0,0
0.57045949458733,12630,2.052,0,0
0.57045974013623,12631,2.0524,0,0
0.57045998558138,12632,2.0528,0,0
0.57046023092278,12633,2.0532,0,0
0.57046047616043,12634,2.0536,0,0
0.57046072129433,12635,2.054,0,0
0.57046096632448,12636,2.0544,0,0
0.57046121125088,12637,2.0548,0,0
0.57046145607353,12638,2.0552,0,0
0.57046170079243,12639,2.0556,0,0
0.57046194540758,12640,2.056,0,0
0.57046218991898,12641,2.0564,0,0
0.57046243432664,12642,2.0568,0,0
0.57046267863055,12643,2.0572,0,0
0.5704629228307,12644,2.0576,0,0
0.57046316692711,12645,2.058,0,0
0.57046341091978,12646,2.0584,0,0
0.57046365480869,12647,2.0588,0,0
0.57046389859385,12648,2.0592,0,0
0.57046414227527,12649,2.0596,0,0
0.57046438585294,12650,2.06,0,0
0.57046462932687,12651,2.0604,0,0
0.57046487269704,12652,2.0608,0,0
0.57046511596347,12653,2.0612,0,0
0.57046535912615,12654,2.0616,0,0
0.57046560218509,12655,2.062,0,0
0.57046584514028,12656,2.0624,0,0
0.57046608799172,12657,2.0628,0,0
0.57046633073941,12658,2.0632,0,0
0.57046657338336,12659,2.0636,0,0
0.57046681592357,12660,2.064,0,0
0.57046705836003,12661,2.0644,0,0
0.57046730069274,12662,2.0648,0,0
0.5704675429217,12663,2.0652,0,0
0.57046778504693,12664,2.0656,0,0
0.5704680270684,12665,2.066,0,0
0.57046826898613,12666,2.0664,0,0
0.57046851080012,12667,2.0668,0,0
0.57046875251036,12668,2.0672,0,0
0.57046899411686,12669,2.0676,0,0
0.57046923561961,12670,2.068,0,0
0.57046947701862,12671,2.0684,0,0
0.57046971831388,12672,2.0688,0,0
0.5704699595054,12673,2.0692,0,0
0.57047020059318,12674,2.0696,0,0
0.57047044157721,12675,2.07,0,0
0.5704706824575,12676,2.0704,0,0
0.57047092323404,12677,2.0708,0,0
0.57047116390684,12678,2.0712,0,0
0.5704714044759,12679,2.0716,0,0
0.57047164494122,12680,2.072,0,0
0.57047188530279,12681,2.0724,0,0
0.57047212556062,12682,2.0728,0,0
0.57047236571471,12683,2.0732,0,0
0.57047260576505,12684,2.0736,0,0
0.57047284571166,12685,2.074,0,0
0.57047308555452,12686,2.0744,0,0
0.57047332529363,12687,2.0748,0,0
0.57047356492901,12688,2.0752,0,0
0.57047380446065,12689,2.0756,0,0
0.57047404388854,12690,2.076,0,0
0.57047428321269,12691,2.0764,0,0
0.57047452243311,12692,2.0768,0,0
0.57047476154978,12693,2.0772,0,0
0.57047500056271,12694,2.0776,0,0
0.5704752394719,12695,2.078,0,0
0.57047547827734,12696,2.0784,0,0
0.57047571697905,12697,2.0788,0,0
0.57047595557702,12698,2.0792,0,0
0.57047619407125,12699,2.0796,0,0
0.57047643246174,12700,2.08,0,0
0.57047667074848,12701,2.0804,0,0
0.57047690893149,12702,2.0808,0,0
0.57047714701076,12703,2.0812,0,0
0.57047738498629,12704,2.0816,0,0
0.57047762285808,12705,2.082,0,0
0.57047786062613,12706,2.0824,0,0
0.57047809829044,12707,2.0828,0,0
0.57047833585102,12708,2.0832,0,0
0.57047857330785,12709,2.0836,0,0
0.57047881066095,12710,2.084,0,0
0.5704790479103,12711,2.0844,0,0
0.57047928505592,12712,2.0848,0,0
0.5704795220978,12713,2.0852,0,0
0.57047975903595,12714,2.0856,0,0
0.57047999587035,12715,2.086,0,0
0.57048023260102,12716,2.0864,0,0
0.57048046922795,12717,2.0868,0,0
0.57048070575115,12718,2.0872,0,0
0.5704809421706,12719,2.0876,0,0
0.57048117848632,12720,2.088,0,0
0.57048141469831,12721,2.0884,0,0
0.57048165080655,12722,2.0888,0,0
0.57048188681106,12723,2.0892,0,0
0.57048212271183,12724,2.0896,0,0
0.57048235850887,12725,2.09,0,0
0.57048259420217,12726,2.0904,0,0
0.57048282979174,12727,2.0908,0,0
0.57048306527756,12728,2.0912,0,0
0.57048330065966,12729,2.0916,0,0
0.57048353593801,12730,2.092,0,0
0.57048377111264,12731,2.0924,0,0
0.57048400618352,12732,2.0928,0,0
0.57048424115068,12733,2.0932,0,0
0.57048447601409,12734,2.0936,0,0
0.57048471077377,12735,2.094,0,0
0.57048494542972,12736,2.0944,0,0
0.57048517998194,12737,2.0948,0,0
0.57048541443041,12738,2.0952,0,0
0.57048564877516,12739,2.0956,0,0
0.57048588301617,12740,2.096,0,0
0.57048611715345,12741,2.0964,0,0
0.57048635118699,12742,2.0968,0,0
0.5704865851168,12743,2.0972,0,0
0.57048681894287,12744,2.0976,0,0
0.57048705266521,12745,2.098,0,0
0.57048728628382,12746,2.0984,0,0
0.5704875197987,12747,2.0988,0,0
0.57048775320984,12748,2.0992,0,0
0.57048798651725,12749,2.0996,0,0
0.57048821972093,12750,2.1,0,0
0.57048845282088,12751,2.1004,0,0
0.57048868581709,12752,2.1008,0,0
0.57048891870957,12753,2.1012,0,0
0.57048915149832,12754,2.1016,0,0
0.57048938418334,12755,2.102,0,0
0.57048961676462,12756,2.1024,0,0
0.57048984924218,12757,2.1028,0,0
0.570490081616,12758,2.1032,0,0
0.57049031388609,12759,2.1036,0,0
0.57049054605245,12760,2.104,0,0
0.57049077811508,12761,2.1044,0,0
0.57049101007398,12762,2.1048,0,0
0.57049124192915,12763,2.1052,0,0
0.57049147368058,12764,2.1056,0,0
0.57049170532829,12765,2.106,0,0
0.57049193687226,12766,2.1064,0,0
0.57049216831251,12767,2.1068,0,0
0.57049239964903,12768,2.1072,0,0
0.57049263088181,12769,2.1076,0,0
0.57049286201087,12770,2.108,0,0
0.5704930930362,12771,2.1084,0,0
0.5704933239578,12772,2.1088,0,0
0.57049355477566,12773,2.1092,0,0
0.5704937854898,12774,2.1096,0,0
0.57049401610021,12775,2.11,0,0
0.57049424660689,12776,2.1104,0,0
0.57049447700985,12777,2.1108,0,0
0.57049470730907,12778,2.1112,0,0
0.57049493750457,12779,2.1116,0,0
0.57049516759634,12780,2.112,0,0
0.57049539758438,12781,2.1124,0,0
0.57049562746869,12782,2.1128,0,0
0.57049585724927,12783,2.1132,0,0
0.57049608692613,12784,2.1136,0,0
0.57049631649926,12785,2.114,0,0
0.57049654596866,12786,2.1144,0,0
0.57049677533433,12787,2.1148,0,0
0.57049700459628,12788,2.1152,0,0
0.5704972337545,12789,2.1156,0,0
0.57049746280899,12790,2.116,0,0
0.57049769175976,12791,2.1164,0,0
0.5704979206068,12792,2.1168,0,0
0.57049814935011,12793,2.1172,0,0
0.5704983779897,12794,2.1176,0,0
0.57049860652556,12795,2.118,0,0
0.5704988349577,12796,2.1184,0,0
0.57049906328611,12797,2.1188,0,0
0.57049929151079,12798,2.1192,0,0
0.57049951963175,12799,2.1196,0,0
0.57049974764898,12800,2.12,0,0
0.57049997556249,12801,2.1204,0,0
0.57050020337227,12802,2.1208,0,0
0.57050043107833,12803,2.1212,0,0
0.57050065868067,12804,2.1216,0,0
0.57050088617927,12805,2.122,0,0
0.57050111357416,12806,2.1224,0,0
0.57050134086532,12807,2.1228,0,0
0.57050156805275,12808,2.1232,0,0
0.57050179513646,12809,2.1236,0,0
0.57050202211645,12810,2.124,0,0
0.57050224899271,12811,2.1244,0,0
0.57050247576525,12812,2.1248,0,0
0.57050270243407,12813,2.1252,0,0
0.57050292899916,12814,2.1256,0,0
0.57050315546053,12815,2.126,0,0
0.57050338181818,12816,2.1264,0,0
0.5705036080721,12817,2.1268,0,0
0.5705038342223,12818,2.1272,0,0
0.57050406026878,12819,2.1276,0,0
0.57050428621154,12820,2.128,0,0
0.57050451205057,12821,2.1284,0,0
0.57050473778588,12822,2.1288,0,0
0.57050496341747,12823,2.1292,0,0
0.57050518894534,12824,2.1296,0,0
0.57050541436948,12825,2.13,0,0
0.57050563968991,12826,2.1304,0,0
0.57050586490661,12827,2.1308,0,0
0.57050609001959,12828,2.1312,0,0
0.57050631502885,12829,2.1316,0,0
0.57050653993439,12830,2.132,0,0
0.5705067647362,12831,2.1324,0,0
0.5705069894343,12832,2.1328,0,0
0.57050721402868,12833,2.1332,0,0
0.57050743851933,12834,2.1336,0,0
0.57050766290627,12835,2.134,0,0
0.57050788718948,12836,2.1344,0,0
0.57050811136898,12837,2.1348,0,0
0.57050833544475,12838,2.1352,0,0
0.5705085594168,12839,2.1356,0,0
0.57050878328514,12840,2.136,0,0
0.57050900704975,12841,2.1364,0,0
0.57050923071065,12842,2.1368,0,0
0.57050945426783,12843,2.1372,0,0
0.57050967772128,12844,2.1376,0,0
0.57050990107102,12845,2.138,0,0
0.57051012431704,12846,2.1384,0,0
0.57051034745934,12847,2.1388,0,0
0.57051057049792,12848,2.1392,0,0
0.57051079343279,12849,2.1396,0,0
0.57051101626393,12850,2.14,0,0
0.57051123899136,12851,2.1404,0,0
0.57051146161507,12852,2.1408,0,0
0.57051168413506,12853,2.1412,0,0
0.57051190655133,12854,2.1416,0,0
0.57051212886389,12855,2.142,0,0
0.57051235107273,12856,2.1424,0,0
0.57051257317785,12857,2.1428,0,0
0.57051279517925,12858,2.1432,0,0
0.57051301707694,12859,2.1436,0,0
0.57051323887091,12860,2.144,0,0
0.57051346056116,12861,2.1444,0,0
0.5705136821477,12862,2.1448,0,0
0.57051390363052,12863,2.1452,0,0
0.57051412500962,12864,2.1456,0,0
0.57051434628501,12865,2.146,0,0
0.57051456745668,12866,2.1464,0,0
0.57051478852464,12867,2.1468,0,0
0.57051500948888,12868,2.1472,0,0
0.5705152303494,12869,2.1476,0,0
0.57051545110621,12870,2.148,0,0
0.5705156717593,12871,2.1484,0,0
0.57051589230868,12872,2.1488,0,0
0.57051611275434,12873,2.1492,0,0
0.57051633309629,12874,2.1496,0,0
0.57051655333452,12875,2.15,0,0
0.57051677346904,12876,2.1504,0,0
0.57051699349984,12877,2.1508,0,0
0.57051721342693,12878,2.1512,0,0
0.57051743325031,12879,2.1516,0,0
0.57051765296997,12880,2.152,0,0
0.57051787258591,12881,2.1524,0,0
0.57051809209815,12882,2.1528,0,0
0.57051831150667,12883,2.1532,0,0
0.57051853081147,12884,2.1536,0,0
0.57051875001256,12885,2.154,0,0
0.57051896910994,12886,2.1544,0,0
0.57051918810361,12887,2.1548,0,0
0.57051940699356,12888,2.1552,0,0
0.5705196257798,12889,2.1556,0,0
0.57051984446233,12890,2.156,0,0
0.57052006304114,12891,2.1564,0,0
0.57052028151624,12892,2.1568,0,0
0.57052049988763,12893,2.1572,0,0
0.57052071815531,12894,2.1576,0,0
0.57052093631927,12895,2.158,0,0
0.57052115437952,12896,2.1584,0,0
0.57052137233607,12897,2.1588,0,0
0.57052159018889,12898,2.1592,0,0
0.57052180793801,12899,2.1596,0,0
0.57052202558342,12900,2.16,0,0
0.57052224312511,12901,2.1604,0,0
0.5705224605631,12902,2.1608,0,0
0.57052267789737,12903,2.1612,0,0
0.57052289512793,12904,2.1616,0,0
0.57052311225478,12905,2.162,0,0
0.57052332927792,12906,2.1624,0,0
0.57052354619735,12907,2.1628,0,0
0.57052376301307,12908,2.1632,0,0
0.57052397972508,12909,2.1636,0,0
0.57052419633338,12910,2.164,0,0
0.57052441283797,12911,2.1644,0,0
0.57052462923885,12912,2.1648,0,0
0.57052484553602,12913,2.1652,0,0
0.57052506172948,12914,2.1656,0,0
0.57052527781923,12915,2.166,0,0
0.57052549380528,12916,2.1664,0,0
0.57052570968761,12917,2.1668,0,0
0.57052592546623,12918,2.1672,0,0
0.57052614114115,12919,2.1676,0,0
0.57052635671236,12920,2.168,0,0
0.57052657217985,12921,2.1684,0,0
0.57052678754364,12922,2.1688,0,0
0.57052700280372,12923,2.1692,0,0
0.5705272179601,12924,2.1696,0,0
0.57052743301276,12925,2.17,0,0
0.57052764796172,12926,2.1704,0,0
0.57052786280697,12927,2.1708,0,0
0.57052807754851,12928,2.1712,0,0
0.57052829218634,12929,2.1716,0,0
0.57052850672047,12930,2.172,0,0
0.57052872115089,12931,2.1724,0,0
0.5705289354776,12932,2.1728,0,0
0.57052914970061,12933,2.1732,0,0
0.57052936381991,12934,2.1736,0,0
0.5705295778355,12935,2.174,0,0
0.57052979174739,12936,2.1744,0,0
0.57053000555556,12937,2.1748,0,0
0.57053021926004,12938,2.1752,0,0
0.5705304328608,12939,2.1756,0,0
0.57053064635786,12940,2.176,0,0
0.57053085975122,12941,2.1764,0,0
0.57053107304087,12942,2.1768,0,0
0.57053128622681,12943,2.1772,0,0
0.57053149930905,12944,2.1776,0,0
0.57053171228758,12945,2.178,0,0
0.57053192516241,12946,2.1784,0,0
0.57053213793353,12947,2.1788,0,0
0.57053235060095,12948,2.1792,0,0
0.57053256316466,12949,2.1796,0,0
0.57053277562467,12950,2.18,0,0
0.57053298798097,12951,2.1804,0,0
0.57053320023357,12952,2.1808,0,0
0.57053341238247,12953,2.1812,0,0
0.57053362442766,12954,2.1816,0,0
0.57053383636914,12955,2.182,0,0
0.57053404820693,12956,2.1824,0,0
0.570534259941,12957,2.1828,0,0
0.57053447157138,12958,2.1832,0,0
0.57053468309805,12959,2.1836,0,0
0.57053489452102,12960,2.184,0,0
0.57053510584028,12961,2.1844,0,0
0.57053531705585,12962,2.1848,0,0
0.57053552816771,12963,2.1852,0,0
0.57053573917586,12964,2.1856,0,0
0.57053595008031,12965,2.186,0,0
0.57053616088107,12966,2.1864,0,0
0.57053637157811,12967,2.1868,0,0
0.57053658217146,12968,2.1872,0,0
0.5705367926611,12969,2.1876,0,0
0.57053700304705,12970,2.188,0,0
0.57053721332929,12971,2.1884,0,0
0.57053742350782,12972,2.1888,0,0
0.57053763358266,12973,2.1892,0,0
0.5705378435538,12974,2.1896,0,0
0.57053805342123,12975,2.19,0,0
0.57053826318496,12976,2.1904,0,0
0.57053847284499,12977,2.1908,0,0
0.57053868240132,12978,2.1912,0,0
0.57053889185395,12979,2.1916,0,0
0.57053910120288,12980,2.192,0,0
0.57053931044811,12981,2.1924,0,0
0.57053951958964,12982,2.1928,0,0
0.57053972862747,12983,2.1932,0,0
0.57053993756159,12984,2.1936,0,0
0.57054014639202,12985,2.194,0,0
0.57054035511875,12986,2.1944,0,0
0.57054056374178,12987,2.1948,0,0
0.5705407722611,12988,2.1952,0,0
0.57054098067673,12989,2.1956,0,0
0.57054118898866,12990,2.196,0,0
0.57054139719689,12991,2.1964,0,0
0.57054160530142,12992,2.1968,0,0
0.57054181330225,12993,2.1972,0,0
0.57054202119938,12994,2.1976,0,0
0.57054222899282,12995,2.198,0,0
0.57054243668255,12996,2.1984,0,0
0.57054264426859,12997,2.1988,0,0
0.57054285175093,12998,2.1992,0,0
0.57054305912957,12999,2.1996,0,0
0.57054326640451,13000,2.2,0,0
0.57054347357575,13001,2.2004,0,0
0.5705436806433,13002,2.2008,0,0
0.57054388760715,13003,2.2012,0,0
0.5705440944673,13004,2.2016,0,0
0.57054430122375,13005,2.202,0,0
0.57054450787651,13006,2.2024,0,0
0.57054471442557,13007,2.2028,0,0
0.57054492087093,13008,2.2032,0,0
0.57054512721259,13009,2.2036,0,0
0.57054533345056,13010,2.204,0,0
0.57054553958483,13011,2.2044,0,0
0.57054574561541,13012,2.2048,0,0
0.57054595154228,13013,2.2052,0,0
0.57054615736547,13014,2.2056,0,0
0.57054636308495,13015,2.206,0,0
0.57054656870074,13016,2.2064,0,0
0.57054677421284,13017,2.2068,0,0
0.57054697962123,13018,2.2072,0,0
0.57054718492594,13019,2.2076,0,0
0.57054739012694,13020,2.208,0,0
0.57054759522425,13021,2.2084,0,0
0.57054780021787,13022,2.2088,0,0
0.57054800510779,13023,2.2092,0,0
0.57054820989402,13024,2.2096,0,0
0.57054841457655,13025,2.21,0,0
0.57054861915538,13026,2.2104,0,0
0.57054882363053,13027,2.2108,0,0
0.57054902800197,13028,2.2112,0,0
0.57054923226973,13029,2.2116,0,0
0.57054943643378,13030,2.212,0,0
0.57054964049415,13031,2.2124,0,0
0.57054984445082,13032,2.2128,0,0
0.5705500483038,13033,2.2132,0,0
0.57055025205308,13034,2.2136,0,0
0.57055045569867,13035,2.214,0,0
0.57055065924056,13036,2.2144,0,0
0.57055086267877,13037,2.2148,0,0
0.57055106601327,13038,2.2152,0,0
0.57055126924409,13039,2.2156,0,0
0.57055147237121,13040,2.216,0,0
0.57055167539464,13041,2.2164,0,0
0.57055187831438,13042,2.2168,0,0
0.57055208113043,13043,2.2172,0,0
0.57055228384278,13044,2.2176,0,0
0.57055248645144,13045,2.218,0,0
0.57055268895641,13046,2.2184,0,0
0.57055289135768,13047,2.2188,0,0
0.57055309365527,13048,2.2192,0,0
0.57055329584916,13049,2.2196,0,0
0.57055349793936,13050,2.22,0,0
0.57055369992587,13051,2.2204,0,0
0.57055390180868,13052,2.2208,0,0
0.57055410358781,13053,2.2212,0,0
0.57055430526324,13054,2.2216,0,0
0.57055450683499,13055,2.222,0,0
0.57055470830304,13056,2.2224,0,0
0.5705549096674,13057,2.2228,0,0
0.57055511092807,13058,2.2232,0,0
0.57055531208505,13059,2.2236,0,0
0.57055551313834,13060,2.224,0,0
0.57055571408794,13061,2.2244,0,0
0.57055591493385,13062,2.2248,0,0
0.57055611567607,13063,2.2252,0,0
0.5705563163146,13064,2.2256,0,0
0.57055651684944,13065,2.226,0,0
0.57055671728059,13066,2.2264,0,0
0.57055691760805,13067,2.2268,0,0
0.57055711783183,13068,2.2272,0,0
0.57055731795191,13069,2.2276,0,0
0.5705575179683,13070,2.228,0,0
0.570557717881,13071,2.2284,0,0
0.57055791769002,13072,2.2288,0,0
0.57055811739534,13073,2.2292,0,0
0.57055831699698,13074,2.2296,0,0
0.57055851649493,13075,2.23,0,0
0.57055871588919,13076,2.2304,0,0
0.57055891517976,13077,2.2308,0,0
0.57055911436664,13078,2.2312,0,0
0.57055931344984,13079,2.2316,0,0
0.57055951242935,13080,2.232,0,0
0.57055971130517,13081,2.2324,0,0
0.5705599100773,13082,2.2328,0,0
0.57056010874574,13083,2.2332,0,0
0.5705603073105,13084,2.2336,0,0
0.57056050577157,13085,2.234,0,0
0.57056070412895,13086,2.2344,0,0
0.57056090238265,13087,2.2348,0,0
0.57056110053266,13088,2.2352,0,0
0.57056129857898,13089,2.2356,0,0
0.57056149652162,13090,2.236,0,0
0.57056169436056,13091,2.2364,0,0
0.57056189209583,13092,2.2368,0,0
0.5705620897274,13093,2.2372,0,0
0.57056228725529,13094,2.2376,0,0
0.57056248467949,13095,2.238,0,0
0.57056268200001,13096,2.2384,0,0
0.57056287921684,13097,2.2388,0,0
0.57056307632999,13098,2.2392,0,0
0.57056327333945,13099,2.2396,0,0
0.57056347024523,13100,2.24,0,0
0.57056366704731,13101,2.2404,0,0
0.57056386374572,13102,2.2408,0,0
0.57056406034044,13103,2.2412,0,0
0.57056425683147,13104,2.2416,0,0
0.57056445321882,13105,2.242,0,0
0.57056464950249,13106,2.2424,0,0
0.57056484568247,13107,2.2428,0,0
0.57056504175876,13108,2.2432,0,0
0.57056523773137,13109,2.2436,0,0
0.5705654336003,13110,2.244,0,0
0.57056562936554,13111,2.2444,0,0
0.5705658250271,13112,2.2448,0,0
0.57056602058498,13113,2.2452,0,0
0.57056621603917,13114,2.2456,0,0
0.57056641138968,13115,2.246,0,0
0.5705666066365,13116,2.2464,0,0
0.57056680177964,13117,2.2468,0,0
0.5705669968191,13118,2.2472,0,0
0.57056719175487,13119,2.2476,0,0
0.57056738658697,13120,2.248,0,0
0.57056758131537,13121,2.2484,0,0
0.5705677759401,13122,2.2488,0,0
0.57056797046114,13123,2.2492,0,0
0.5705681648785,13124,2.2496,0,0
0.57056835919218,13125,2.25,0,0
0.57056855340218,13126,2.2504,0,0
0.57056874750849,13127,2.2508,0,0
0.57056894151112,13128,2.2512,0,0
0.57056913541007,13129,2.2516,0,0
0.57056932920534,13130,2.252,0,0
0.57056952289693,13131,2.2524,0,0
0.57056971648483,13132,2.2528,0,0
0.57056990996906,13133,2.2532,0,0
0.5705701033496,13134,2.2536,0,0
0.57057029662646,13135,2.254,0,0
0.57057048979964,13136,2.2544,0,0
0.57057068286914,13137,2.2548,0,0
0.57057087583496,13138,2.2552,0,0
0.5705710686971,13139,2.2556,0,0
0.57057126145555,13140,2.256,0,0
0.57057145411033,13141,2.2564,0,0
0.57057164666142,13142,2.2568,0,0
0.57057183910884,13143,2.2572,0,0
0.57057203145258,13144,2.2576,0,0
0.57057222369263,13145,2.258,0,0
0.57057241582901,13146,2.2584,0,0
0.5705726078617,13147,2.2588,0,0
0.57057279979072,13148,2.2592,0,0
0.57057299161606,13149,2.2596,0,0
0.57057318333772,13150,2.26,0,0
0.57057337495569,13151,2.2604,0,0
0.57057356646999,13152,2.2608,0,0
0.57057375788061,13153,2.2612,0,0
0.57057394918755,13154,2.2616,0,0
0.57057414039082,13155,2.262,0,0
0.5705743314904,13156,2.2624,0,0
0.57057452248631,13157,2.2628,0,0
0.57057471337853,13158,2.2632,0,0
0.57057490416708,13159,2.2636,0,0
0.57057509485195,13160,2.264,0,0
0.57057528543315,13161,2.2644,0,0
0.57057547591066,13162,2.2648,0,0
0.5705756662845,13163,2.2652,0,0
0.57057585655466,13164,2.2656,0,0
0.57057604672114,13165,2.266,0,0
0.57057623678394,13166,2.2664,0,0
0.57057642674307,13167,2.2668,0,0
0.57057661659852,13168,2.2672,0,0
0.57057680635029,13169,2.2676,0,0
0.57057699599838,13170,2.268,0,0
0.5705771855428,13171,2.2684,0,0
0.57057737498354,13172,2.2688,0,0
0.57057756432061,13173,2.2692,0,0
0.570577753554,13174,2.2696,0,0
0.57057794268371,13175,2.27,0,0
0.57057813170975,13176,2.2704,0,0
0.57057832063211,13177,2.2708,0,0
0.57057850945079,13178,2.2712,0,0
0.5705786981658,13179,2.2716,0,0
0.57057888677713,13180,2.272,0,0
0.57057907528479,13181,2.2724,0,0
0.57057926368877,13182,2.2728,0,0
0.57057945198907,13183,2.2732,0,0
0.5705796401857,13184,2.2736,0,0
0.57057982827866,13185,2.274,0,0
0.57058001626793,13186,2.2744,0,0
0.57058020415354,13187,2.2748,0,0
0.57058039193547,13188,2.2752,0,0
0.57058057961372,13189,2.2756,0,0
0.5705807671883,13190,2.276,0,0
0.57058095465921,13191,2.2764,0,0
0.57058114202644,13192,2.2768,0,0
0.57058132929,13193,2.2772,0,0
0.57058151644988,13194,2.2776,0,0
0.57058170350609,13195,2.278,0,0
0.57058189045863,13196,2.2784,0,0
0.57058207730749,13197,2.2788,0,0
0.57058226405267,13198,2.2792,0,0
0.57058245069419,13199,2.2796,0,0
0.57058263723203,13200,2.28,0,0
0.5705828236662,13201,2.2804,0,0
0.57058300999669,13202,2.2808,0,0
0.57058319622351,13203,2.2812,0,0
0.57058338234666,13204,2.2816,0,0
0.57058356836613,13205,2.282,0,0
0.57058375428194,13206,2.2824,0,0
0.57058394009406,13207,2.2828,0,0
0.57058412580252,13208,2.2832,0,0
0.57058431140731,13209,2.2836,0,0
0.57058449690842,13210,2.284,0,0
0.57058468230586,13211,2.2844,0,0
0.57058486759963,13212,2.2848,0,0
0.57058505278972,13213,2.2852,0,0
0.57058523787615,13214,2.2856,0,0
0.5705854228589,13215,2.286,0,0
0.57058560773798,13216,2.2864,0,0
0.57058579251339,13217,2.2868,0,0
0.57058597718513,13218,2.2872,0,0
0.5705861617532,13219,2.2876,0,0
0.57058634621759,13220,2.288,0,0
0.57058653057832,13221,2.2884,0,0
0.57058671483537,13222,2.2888,0,0
0.57058689898875,13223,2.2892,0,0
0.57058708303847,13224,2.2896,0,0
0.57058726698451,13225,2.29,0,0
0.57058745082688,13226,2.2904,0,0
0.57058763456558,13227,2.2908,0,0
0.57058781820061,13228,2.2912,0,0
0.57058800173197,13229,2.2916,0,0
0.57058818515966,13230,2.292,0,0
0.57058836848368,13231,2.2924,0,0
0.57058855170403,13232,2.2928,0,0
0.57058873482072,13233,2.2932,0,0
0.57058891783373,13234,2.2936,0,0
0.57058910074307,13235,2.294,0,0
0.57058928354874,13236,2.2944,0,0
0.57058946625075,13237,2.2948,0,0
0.57058964884908,13238,2.2952,0,0
0.57058983134375,13239,2.2956,0,0
0.57059001373475,13240,2.296,0,0
0.57059019602207,13241,2.2964,0,0
0.57059037820573,13242,2.2968,0,0
0.57059056028573,13243,2.2972,0,0
0.57059074226205,13244,2.2976,0,0
0.5705909241347,13245,2.298,0,0
0.57059110590369,13246,2.2984,0,0
0.57059128756901,13247,2.2988,0,0
0.57059146913066,13248,2.2992,0,0
0.57059165058864,13249,2.2996,0,0
0.57059183194296,13250,2.3,0,0
0.57059201319361,13251,2.3004,0,0
0.57059219434059,13252,2.3008,0,0
0.5705923753839,13253,2.3012,0,0
0.57059255632354,13254,2.3016,0,0
0.57059273715952,13255,2.302,0,0
0.57059291789183,13256,2.3024,0,0
0.57059309852048,13257,2.3028,0,0
0.57059327904546,13258,2.3032,0,0
0.57059345946677,13259,2.3036,0,0
0.57059363978441,13260,2.304,0,0
0.57059381999839,13261,2.3044,0,0
0.5705940001087,13262,2.3048,0,0
0.57059418011535,13263,2.3052,0,0
0.57059436001832,13264,2.3056,0,0
0.57059453981764,13265,2.306,0,0
0.57059471951328,13266,2.3064,0,0
0.57059489910527,13267,2.3068,0,0
0.57059507859358,13268,2.3072,0,0
0.57059525797823,13269,2.3076,0,0
0.57059543725922,13270,2.308,0,0
0.57059561643654,13271,2.3084,0,0
0.57059579551019,13272,2.3088,0,0
0.57059597448018,13273,2.3092,0,0
0.57059615334651,13274,2.3096,0,0
0.57059633210916,13275,2.31,0,0
0.57059651076816,13276,2.3104,0,0
0.57059668932349,13277,2.3108,0,0
0.57059686777515,13278,2.3112,0,0
0.57059704612316,13279,2.3116,0,0
0.57059722436749,13280,2.312,0,0
0.57059740250816,13281,2.3124,0,0
0.57059758054517,13282,2.3128,0,0
0.57059775847852,13283,2.3132,0,0
0.5705979363082,13284,2.3136,0,0
0.57059811403421,13285,2.314,0,0
0.57059829165657,13286,2.3144,0,0
0.57059846917526,13287,2.3148,0,0
0.57059864659028,13288,2.3152,0,0
0.57059882390165,13289,2.3156,0,0
0.57059900110935,13290,2.316,0,0
0.57059917821338,13291,2.3164,0,0
0.57059935521376,13292,2.3168,0,0
0.57059953211047,13293,2.3172,0,0
0.57059970890351,13294,2.3176,0,0
0.5705998855929,13295,2.318,0,0
0.57060006217862,13296,2.3184,0,0
0.57060023866068,13297,2.3188,0,0
0.57060041503908,13298,2.3192,0,0
0.57060059131382,13299,2.3196,0,0
0.57060076748489,13300,2.32,0,0
0.5706009435523,13301,2.3204,0,0
0.57060111951605,13302,2.3208,0,0
0.57060129537614,13303,2.3212,0,0
0.57060147113256,13304,2.3216,0,0
0.57060164678533,13305,2.322,0,0
0.57060182233443,13306,2.3224,0,0
0.57060199777987,13307,2.3228,0,0
0.57060217312165,13308,2.3232,0,0
0.57060234835977,13309,2.3236,0,0
0.57060252349423,13310,2.324,0,0
0.57060269852503,13311,2.3244,0,0
0.57060287345217,13312,2.3248,0,0
0.57060304827564,13313,2.3252,0,0
0.57060322299546,13314,2.3256,0,0
0.57060339761161,13315,2.326,0,0
0.57060357212411,13316,2.3264,0,0
0.57060374653294,13317,2.3268,0,0
0.57060392083812,13318,2.3272,0,0
0.57060409503963,13319,2.3276,0,0
0.57060426913749,13320,2.328,0,0
0.57060444313168,13321,2.3284,0,0
0.57060461702222,13322,2.3288,0,0
0.57060479080909,13323,2.3292,0,0
0.57060496449231,13324,2.3296,0,0
0.57060513807187,13325,2.33,0,0
0.57060531154776,13326,2.3304,0,0
0.57060548492,13327,2.3308,0,0
0.57060565818858,13328,2.3312,0,0
0.5706058313535,13329,2.3316,0,0
0.57060600441476,13330,2.332,0,0
0.57060617737236,13331,2.3324,0,0
0.57060635022631,13332,2.3328,0,0
0.57060652297659,13333,2.3332,0,0
0.57060669562322,13334,2.3336,0,0
0.57060686816619,13335,2.334,0,0
0.5706070406055,13336,2.3344,0,0
0.57060721294115,13337,2.3348,0,0
0.57060738517315,13338,2.3352,0,0
0.57060755730148,13339,2.3356,0,0
0.57060772932616,13340,2.336,0,0
0.57060790124719,13341,2.3364,0,0
0.57060807306455,13342,2.3368,0,0
0.57060824477826,13343,2.3372,0,0
0.57060841638831,13344,2.3376,0,0
0.5706085878947,13345,2.338,0,0
0.57060875929743,13346,2.3384,0,0
0.57060893059651,13347,2.3388,0,0
0.57060910179193,13348,2.3392,0,0
0.5706092728837,13349,2.3396,0,0
0.5706094438718,13350,2.34,0,0
0.57060961475625,13351,2.3404,0,0
0.57060978553705,13352,2.3408,0,0
0.57060995621419,13353,2.3412,0,0
0.57061012678767,13354,2.3416,0,0
0.57061029725749,13355,2.342,0,0
0.57061046762366,13356,2.3424,0,0
0.57061063788618,13357,2.3428,0,0
0.57061080804504,13358,2.3432,0,0
0.57061097810024,13359,2.3436,0,0
0.57061114805179,13360,2.344,0,0
0.57061131789968,13361,2.3444,0,0
0.57061148764391,13362,2.3448,0,0
0.57061165728449,13363,2.3452,0,0
0.57061182682142,13364,2.3456,0,0
0.57061199625469,13365,2.346,0,0
0.5706121655843,13366,2.3464,0,0
0.57061233481026,13367,2.3468,0,0
0.57061250393257,13368,2.3472,0,0
0.57061267295122,13369,2.3476,0,0
0.57061284186622,13370,2.348,0,0
0.57061301067756,13371,2.3484,0,0
0.57061317938525,13372,2.3488,0,0
0.57061334798928,13373,2.3492,0,0
0.57061351648966,13374,2.3496,0,0
0.57061368488639,13375,2.35,0,0
0.57061385317946,13376,2.3504,0,0
0.57061402136888,13377,2.3508,0,0
0.57061418945464,13378,2.3512,0,0
0.57061435743675,13379,2.3516,0,0
0.57061452531521,13380,2.352,0,0
0.57061469309001,13381,2.3524,0,0
0.57061486076116,13382,2.3528,0,0
0.57061502832866,13383,2.3532,0,0
0.5706151957925,13384,2.3536,0,0
0.57061536315269,13385,2.354,0,0
0.57061553040923,13386,2.3544,0,0
0.57061569756212,13387,2.3548,0,0
0.57061586461135,13388,2.3552,0,0
0.57061603155693,13389,2.3556,0,0
0.57061619839886,13390,2.356,0,0
0.57061636513713,13391,2.3564,0,0
0.57061653177176,13392,2.3568,0,0
0.57061669830273,13393,2.3572,0,0
0.57061686473005,13394,2.3576,0,0
0.57061703105371,13395,2.358,0,0
0.57061719727373,13396,2.3584,0,0
0.57061736339009,13397,2.3588,0,0
0.57061752940281,13398,2.3592,0,0
0.57061769531187,13399,2.3596,0,0
0.57061786111728,13400,2.36,0,0
0.57061802681903,13401,2.3604,0,0
0.57061819241714,13402,2.3608,0,0
0.5706183579116,13403,2.3612,0,0
0.5706185233024,13404,2.3616,0,0
0.57061868858955,13405,2.362,0,0
0.57061885377306,13406,2.3624,0,0
0.57061901885291,13407,2.3628,0,0
0.57061918382911,13408,2.3632,0,0
0.57061934870166,13409,2.3636,0,0
0.57061951347056,13410,2.364,0,0
0.57061967813581,13411,2.3644,0,0
0.57061984269741,13412,2.3648,0,0
0.57062000715536,13413,2.3652,0,0
0.57062017150966,13414,2.3656,0,0
0.57062033576032,13415,2.366,0,0
0.57062049990732,13416,2.3664,0,0
0.57062066395067,13417,2.3668,0,0
0.57062082789037,13418,2.3672,0,0
0.57062099172642,13419,2.3676,0,0
0.57062115545882,13420,2.368,0,0
0.57062131908758,13421,2.3684,0,0
0.57062148261268,13422,2.3688,0,0
0.57062164603414,13423,2.3692,0,0
0.57062180935194,13424,2.3696,0,0
0.5706219725661,13425,2.37,0,0
0.57062213567661,13426,2.3704,0,0
0.57062229868347,13427,2.3708,0,0
0.57062246158668,13428,2.3712,0,0
0.57062262438625,13429,2.3716,0,0
0.57062278708216,13430,2.372,0,0
0.57062294967443,13431,2.3724,0,0
0.57062311216305,13432,2.3728,0,0
0.57062327454802,13433,2.3732,0,0
0.57062343682934,13434,2.3736,0,0
0.57062359900702,13435,2.374,0,0
0.57062376108104,13436,2.3744,0,0
0.57062392305142,13437,2.3748,0,0
0.57062408491816,13438,2.3752,0,0
0.57062424668124,13439,2.3756,0,0
0.57062440834068,13440,2.376,0,0
0.57062456989647,13441,2.3764,0,0
0.57062473134861,13442,2.3768,0,0
0.57062489269711,13443,2.3772,0,0
0.57062505394196,13444,2.3776,0,0
0.57062521508316,13445,2.378,0,0
0.57062537612072,13446,2.3784,0,0
0.57062553705463,13447,2.3788,0,0
0.57062569788489,13448,2.3792,0,0
0.5706258586115,13449,2.3796,0,0
0.57062601923447,13450,2.38,0,0
0.5706261797538,13451,2.3804,0,0
0.57062634016948,13452,2.3808,0,0
0.57062650048151,13453,2.3812,0,0
0.57062666068989,13454,2.3816,0,0
0.57062682079463,13455,2.382,0,0
0.57062698079573,13456,2.3824,0,0
0.57062714069318,13457,2.3828,0,0
0.57062730048698,13458,2.3832,0,0
0.57062746017714,13459,2.3836,0,0
0.57062761976365,13460,2.384,0,0
0.57062777924652,13461,2.3844,0,0
0.57062793862574,13462,2.3848,0,0
0.57062809790132,13463,2.3852,0,0
0.57062825707325,13464,2.3856,0,0
0.57062841614154,13465,2.386,0,0
0.57062857510618,13466,2.3864,0,0
0.57062873396718,13467,2.3868,0,0
0.57062889272454,13468,2.3872,0,0
0.57062905137825,13469,2.3876,0,0
0.57062920992831,13470,2.388,0,0
0.57062936837473,13471,2.3884,0,0
0.57062952671751,13472,2.3888,0,0
0.57062968495664,13473,2.3892,0,0
0.57062984309213,13474,2.3896,0,0
0.57063000112398,13475,2.39,0,0
0.57063015905218,13476,2.3904,0,0
0.57063031687674,13477,2.3908,0,0
0.57063047459765,13478,2.3912,0,0
0.57063063221492,13479,2.3916,0,0
0.57063078972855,13480,2.392,0,0
0.57063094713853,13481,2.3924,0,0
0.57063110444488,13482,2.3928,0,0
0.57063126164757,13483,2.3932,0,0
0.57063141874663,13484,2.3936,0,0
0.57063157574204,13485,2.394,0,0
0.57063173263381,13486,2.3944,0,0
0.57063188942194,13487,2.3948,0,0
0.57063204610643,13488,2.3952,0,0
0.57063220268727,13489,2.3956,0,0
0.57063235916447,13490,2.396,0,0
0.57063251553803,13491,2.3964,0,0
0.57063267180794,13492,2.3968,0,0
0.57063282797422,13493,2.3972,0,0
0.57063298403685,13494,2.3976,0,0
0.57063313999584,13495,2.398,0,0
0.57063329585119,13496,2.3984,0,0
0.57063345160289,13497,2.3988,0,0
0.57063360725096,13498,2.3992,0,0
0.57063376279538,13499,2.3996,0,0
0.57063391823616,13500,2.4,0,0
0.57063407357331,13501,2.4004,0,0
0.57063422880681,13502,2.4008,0,0
0.57063438393666,13503,2.4012,0,0
0.57063453896288,13504,2.4016,0,0
0.57063469388546,13505,2.402,0,0
0.5706348487044,13506,2.4024,0,0
0.57063500341969,13507,2.4028,0,0
0.57063515803135,13508,2.4032,0,0
0.57063531253936,13509,2.4036,0,0
0.57063546694374,13510,2.404,0,0
0.57063562124447,13511,2.4044,0,0
0.57063577544156,13512,2.4048,0,0
0.57063592953502,13513,2.4052,0,0
0.57063608352483,13514,2.4056,0,0
0.57063623741101,13515,2.406,0,0
0.57063639119354,13516,2.4064,0,0
0.57063654487243,13517,2.4068,0,0
0.57063669844769,13518,2.4072,0,0
0.5706368519193,13519,2.4076,0,0
0.57063700528728,13520,2.408,0,0
0.57063715855162,13521,2.4084,0,0
0.57063731171231,13522,2.4088,0,0
0.57063746476937,13523,2.4092,0,0
0.57063761772279,13524,2.4096,0,0
0.57063777057257,13525,2.41,0,0
0.57063792331871,13526,2.4104,0,0
0.57063807596122,13527,2.4108,0,0
0.57063822850008,13528,2.4112,0,0
0.5706383809353,13529,2.4116,0,0
0.57063853326689,13530,2.412,0,0
0.57063868549484,13531,2.4124,0,0
0.57063883761915,13532,2.4128,0,0
0.57063898963982,13533,2.4132,0,0
0.57063914155686,13534,2.4136,0,0
0.57063929337025,13535,2.414,0,0
0.57063944508001,13536,2.4144,0,0
0.57063959668613,13537,2.4148,0,0
0.57063974818862,13538,2.4152,0,0
0.57063989958746,13539,2.4156,0,0
0.57064005088267,13540,2.416,0,0
0.57064020207424,13541,2.4164,0,0
0.57064035316217,13542,2.4168,0,0
0.57064050414647,13543,2.4172,0,0
0.57064065502713,13544,2.4176,0,0
0.57064080580415,13545,2.418,0,0
0.57064095647753,13546,2.4184,0,0
0.57064110704728,13547,2.4188,0,0
0.57064125751339,13548,2.4192,0,0
0.57064140787587,13549,2.4196,0,0
0.5706415581347,13550,2.42,0,0
0.5706417082899,13551,2.4204,0,0
0.57064185834147,13552,2.4208,0,0
0.5706420082894,13553,2.4212,0,0
0.57064215813369,13554,2.4216,0,0
0.57064230787435,13555,2.422,0,0
0.57064245751137,13556,2.4224,0,0
0.57064260704475,13557,2.4228,0,0
0.5706427564745,13558,2.4232,0,0
0.57064290580061,13559,2.4236,0,0
0.57064305502309,13560,2.424,0,0
0.57064320414193,13561,2.4244,0,0
0.57064335315714,13562,2.4248,0,0
0.57064350206871,13563,2.4252,0,0
0.57064365087665,13564,2.4256,0,0
0.57064379958095,13565,2.426,0,0
0.57064394818161,13566,2.4264,0,0
0.57064409667864,13567,2.4268,0,0
0.57064424507204,13568,2.4272,0,0
0.5706443933618,13569,2.4276,0,0
0.57064454154793,13570,2.428,0,0
0.57064468963042,13571,2.4284,0,0
0.57064483760928,13572,2.4288,0,0
0.5706449854845,13573,2.4292,0,0
0.57064513325609,13574,2.4296,0,0
0.57064528092404,13575,2.43,0,0
0.57064542848836,13576,2.4304,0,0
0.57064557594905,13577,2.4308,0,0
0.5706457233061,13578,2.4312,0,0
0.57064587055952,13579,2.4316,0,0
0.5706460177093,13580,2.432,0,0
0.57064616475545,13581,2.4324,0,0
0.57064631169797,13582,2.4328,0,0
0.57064645853685,13583,2.4332,0,0
0.5706466052721,13584,2.4336,0,0
0.57064675190372,13585,2.434,0,0
0.5706468984317,13586,2.4344,0,0
0.57064704485605,13587,2.4348,0,0
0.57064719117677,13588,2.4352,0,0
0.57064733739386,13589,2.4356,0,0
0.57064748350731,13590,2.436,0,0
0.57064762951713,13591,2.4364,0,0
0.57064777542331,13592,2.4368,0,0
0.57064792122587,13593,2.4372,0,0
0.57064806692479,13594,2.4376,0,0
0.57064821252008,13595,2.438,0,0
0.57064835801174,13596,2.4384,0,0
0.57064850339976,13597,2.4388,0,0
0.57064864868415,13598,2.4392,0,0
0.57064879386491,13599,2.4396,0,0
0.57064893894204,13600,2.44,0,0
0.57064908391554,13601,2.4404,0,0
0.5706492287854,13602,2.4408,0,0
0.57064937355164,13603,2.4412,0,0
0.57064951821424,13604,2.4416,0,0
0.57064966277321,13605,2.442,0,0
0.57064980722855,13606,2.4424,0,0
0.57064995158025,13607,2.4428,0,0
0.57065009582833,13608,2.4432,0,0
0.57065023997277,13609,2.4436,0,0
0.57065038401359,13610,2.444,0,0
0.57065052795077,13611,2.4444,0,0
0.57065067178432,13612,2.4448,0,0
0.57065081551424,13613,2.4452,0,0
0.57065095914053,13614,2.4456,0,0
0.57065110266319,13615,2.446,0,0
0.57065124608222,13616,2.4464,0,0
0.57065138939762,13617,2.4468,0,0
0.57065153260939,13618,2.4472,0,0
0.57065167571753,13619,2.4476,0,0
0.57065181872204,13620,2.448,0,0
0.57065196162292,13621,2.4484,0,0
0.57065210442017,13622,2.4488,0,0
0.57065224711379,13623,2.4492,0,0
0.57065238970377,13624,2.4496,0,0
0.57065253219013,13625,2.45,0,0
0.57065267457286,13626,2.4504,0,0
0.57065281685196,13627,2.4508,0,0
0.57065295902743,13628,2.4512,0,0
0.57065310109928,13629,2.4516,0,0
0.57065324306749,13630,2.452,0,0
0.57065338493207,13631,2.4524,0,0
0.57065352669302,13632,2.4528,0,0
0.57065366835035,13633,2.4532,0,0
0.57065380990405,13634,2.4536,0,0
0.57065395135411,13635,2.454,0,0
0.57065409270055,13636,2.4544,0,0
0.57065423394336,13637,2.4548,0,0
0.57065437508254,13638,2.4552,0,0
0.5706545161181,13639,2.4556,0,0
0.57065465705002,13640,2.456,0,0
0.57065479787832,13641,2.4564,0,0
0.57065493860298,13642,2.4568,0,0
0.57065507922402,13643,2.4572,0,0
0.57065521974144,13644,2.4576,0,0
0.57065536015522,13645,2.458,0,0
0.57065550046538,13646,2.4584,0,0
0.5706556406719,13647,2.4588,0,0
0.57065578077481,13648,2.4592,0,0
0.57065592077408,13649,2.4596,0,0
0.57065606066972,13650,2.46,0,0
0.57065620046174,13651,2.4604,0,0
0.57065634015013,13652,2.4608,0,0
0.5706564797349,13653,2.4612,0,0
0.57065661921603,13654,2.4616,0,0
0.57065675859354,13655,2.462,0,0
0.57065689786743,13656,2.4624,0,0
0.57065703703768,13657,2.4628,0,0
0.57065717610431,13658,2.4632,0,0
0.57065731506731,13659,2.4636,0,0
0.57065745392669,13660,2.464,0,0
0.57065759268244,13661,2.4644,0,0
0.57065773133456,13662,2.4648,0,0
0.57065786988306,13663,2.4652,0,0
0.57065800832793,13664,2.4656,0,0
0.57065814666917,13665,2.466,0,0
0.57065828490679,13666,2.4664,0,0
0.57065842304078,13667,2.4668,0,0
0.57065856107115,13668,2.4672,0,0
0.57065869899789,13669,2.4676,0,0
0.570658836821,13670,2.468,0,0
0.57065897454049,13671,2.4684,0,0
0.57065911215636,13672,2.4688,0,0
0.57065924966859,13673,2.4692,0,0
0.57065938707721,13674,2.4696,0,0
0.57065952438219,13675,2.47,0,0
0.57065966158356,13676,2.4704,0,0
0.57065979868129,13677,2.4708,0,0
0.5706599356754,13678,2.4712,0,0
0.57066007256589,13679,2.4716,0,0
0.57066020935275,13680,2.472,0,0
0.57066034603599,13681,2.4724,0,0
0.5706604826156,13682,2.4728,0,0
0.57066061909159,13683,2.4732,0,0
0.57066075546395,13684,2.4736,0,0
0.57066089173269,13685,2.474,0,0
0.57066102789781,13686,2.4744,0,0
0.5706611639593,13687,2.4748,0,0
0.57066129991716,13688,2.4752,0,0
0.5706614357714,13689,2.4756,0,0
0.57066157152202,13690,2.476,0,0
0.57066170716901,13691,2.4764,0,0
0.57066184271238,13692,2.4768,0,0
0.57066197815213,13693,2.4772,0,0
0.57066211348825,13694,2.4776,0,0
0.57066224872075,13695,2.478,0,0
0.57066238384963,13696,2.4784,0,0
0.57066251887488,13697,2.4788,0,0
0.57066265379651,13698,2.4792,0,0
0.57066278861451,13699,2.4796,0,0
0.5706629233289,13700,2.48,0,0
0.57066305793965,13701,2.4804,0,0
0.57066319244679,13702,2.4808,0,0
0.5706633268503,13703,2.4812,0,0
0.57066346115019,13704,2.4816,0,0
0.57066359534646,13705,2.482,0,0
0.57066372943911,13706,2.4824,0,0
0.57066386342813,13707,2.4828,0,0
0.57066399731353,13708,2.4832,0,0
0.57066413109531,13709,2.4836,0,0
0.57066426477346,13710,2.484,0,0
0.57066439834799,13711,2.4844,0,0
0.5706645318189,13712,2.4848,0,0
0.57066466518619,13713,2.4852,0,0
0.57066479844986,13714,2.4856,0,0
0.5706649316099,13715,2.486,0,0
0.57066506466632,13716,2.4864,0,0
0.57066519761913,13717,2.4868,0,0
0.5706653304683,13718,2.4872,0,0
0.57066546321386,13719,2.4876,0,0
0.5706655958558,13720,2.488,0,0
0.57066572839411,13721,2.4884,0,0
0.57066586082881,13722,2.4888,0,0
0.57066599315988,13723,2.4892,0,0
0.57066612538733,13724,2.4896,0,0
0.57066625751116,13725,2.49,0,0
0.57066638953137,13726,2.4904,0,0
0.57066652144796,13727,2.4908,0,0
0.57066665326092,13728,2.4912,0,0
0.57066678497027,13729,2.4916,0,0
0.57066691657599,13730,2.492,0,0
0.5706670480781,13731,2.4924,0,0
0.57066717947658,13732,2.4928,0,0
0.57066731077145,13733,2.4932,0,0
0.57066744196269,13734,2.4936,0,0
0.57066757305031,13735,2.494,0,0
0.57066770403432,13736,2.4944,0,0
0.5706678349147,13737,2.4948,0,0
0.57066796569146,13738,2.4952,0,0
0.57066809636461,13739,2.4956,0,0
0.57066822693413,13740,2.496,0,0
0.57066835740003,13741,2.4964,0,0
0.57066848776232,13742,2.4968,0,0
0.57066861802098,13743,2.4972,0,0
0.57066874817603,13744,2.4976,0,0
0.57066887822745,13745,2.498,0,0
0.57066900817526,13746,2.4984,0,0
0.57066913801944,13747,2.4988,0,0
0.57066926776001,13748,2.4992,0,0
0.57066939739696,13749,2.4996,0,0
0.57066952693029,13750,2.5,0,0
0.57066965636,13751,2.5004,0,0
0.57066978568609,13752,2.5008,0,0
0.57066991490856,13753,2.5012,0,0
0.57067004402742,13754,2.5016,0,0
0.57067017304265,13755,2.502,0,0
0.57067030195427,13756,2.5024,0,0
0.57067043076227,13757,2.5028,0,0
0.57067055946664,13758,2.5032,0,0
0.57067068806741,13759,2.5036,0,0
0.57067081656455,13760,2.504,0,0
0.57067094495807,13761,2.5044,0,0
0.57067107324798,13762,2.5048,0,0
0.57067120143427,13763,2.5052,0,0
0.57067132951694,13764,2.5056,0,0
0.57067145749599,13765,2.506,0,0
0.57067158537143,13766,2.5064,0,0
0.57067171314325,13767,2.5068,0,0
0.57067184081145,13768,2.5072,0,0
0.57067196837603,13769,2.5076,0,0
0.57067209583699,13770,2.508,0,0
0.57067222319434,13771,2.5084,0,0
0.57067235044807,13772,2.5088,0,0
0.57067247759819,13773,2.5092,0,0
0.57067260464468,13774,2.5096,0,0
0.57067273158756,13775,2.51,0,0
0.57067285842682,13776,2.5104,0,0
0.57067298516247,13777,2.5108,0,0
0.5706731117945,13778,2.5112,0,0
0.57067323832291,13779,2.5116,0,0
0.5706733647477,13780,2.512,0,0
0.57067349106888,13781,2.5124,0,0
0.57067361728644,13782,2.5128,0,0
0.57067374340039,13783,2.5132,0,0
0.57067386941072,13784,2.5136,0,0
0.57067399531743,13785,2.514,0,0
0.57067412112053,13786,2.5144,0,0
0.57067424682001,13787,2.5148,0,0
0.57067437241587,13788,2.5152,0,0
0.57067449790812,13789,2.5156,0,0
0.57067462329676,13790,2.516,0,0
0.57067474858177,13791,2.5164,0,0
0.57067487376318,13792,2.5168,0,0
0.57067499884096,13793,2.5172,0,0
0.57067512381513,13794,2.5176,0,0
0.57067524868569,13795,2.518,0,0
0.57067537345263,13796,2.5184,0,0
0.57067549811595,13797,2.5188,0,0
0.57067562267566,13798,2.5192,0,0
0.57067574713175,13799,2.5196,0,0
0.57067587148423,13800,2.52,0,0
0.5706759957331,13801,2.5204,0,0
0.57067611987834,13802,2.5208,0,0
0.57067624391998,13803,2.5212,0,0
0.570676367858,13804,2.5216,0,0
0.5706764916924,13805,2.522,0,0
0.57067661542319,13806,2.5224,0,0
0.57067673905037,13807,2.5228,0,0
0.57067686257393,13808,2.5232,0,0
0.57067698599387,13809,2.5236,0,0
0.57067710931021,13810,2.524,0,0
0.57067723252293,13811,2.5244,0,0
0.57067735563203,13812,2.5248,0,0
0.57067747863752,13813,2.5252,0,0
0.57067760153939,13814,2.5256,0,0
0.57067772433766,13815,2.526,0,0
0.5706778470323,13816,2.5264,0,0
0.57067796962334,13817,2.5268,0,0
0.57067809211076,13818,2.5272,0,0
0.57067821449457,13819,2.5276,0,0
0.57067833677476,13820,2.528,0,0
0.57067845895134,13821,2.5284,0,0
0.57067858102431,13822,2.5288,0,0
0.57067870299366,13823,2.5292,0,0
0.5706788248594,13824,2.5296,0,0
0.57067894662153,13825,2.53,0,0
0.57067906828004,13826,2.5304,0,0
0.57067918983494,13827,2.5308,0,0
0.57067931128623,13828,2.5312,0,0
0.57067943263391,13829,2.5316,0,0
0.57067955387797,13830,2.532,0,0
0.57067967501842,13831,2.5324,0,0
0.57067979605525,13832,2.5328,0,0
0.57067991698848,13833,2.5332,0,0
0.57068003781809,13834,2.5336,0,0
0.57068015854409,13835,2.534,0,0
0.57068027916648,13836,2.5344,0,0
0.57068039968525,13837,2.5348,0,0
0.57068052010042,13838,2.5352,0,0
0.57068064041197,13839,2.5356,0,0
0.57068076061991,13840,2.536,0,0
0.57068088072423,13841,2.5364,0,0
0.57068100072495,13842,2.5368,0,0
0.57068112062205,13843,2.5372,0,0
0.57068124041554,13844,2.5376,0,0
0.57068136010542,13845,2.538,0,0
0.57068147969169,13846,2.5384,0,0
0.57068159917435,13847,2.5388,0,0
0.57068171855339,13848,2.5392,0,0
0.57068183782883,13849,2.5396,0,0
0.57068195700065,13850,2.54,0,0
0.57068207606886,13851,2.5404,0,0
0.57068219503346,13852,2.5408,0,0
0.57068231389445,13853,2.5412,0,0
0.57068243265183,13854,2.5416,0,0
0.5706825513056,13855,2.542,0,0
0.57068266985576,13856,2.5424,0,0
0.5706827883023,13857,2.5428,0,0
0.57068290664524,13858,2.5432,0,0
0.57068302488456,13859,2.5436,0,0
0.57068314302028,13860,2.544,0,0
0.57068326105238,13861,2.5444,0,0
0.57068337898087,13862,2.5448,0,0
0.57068349680576,13863,2.5452,0,0
0.57068361452703,13864,2.5456,0,0
0.57068373214469,13865,2.546,0,0
0.57068384965875,13866,2.5464,0,0
0.57068396706919,13867,2.5468,0,0
0.57068408437602,13868,2.5472,0,0
0.57068420157924,13869,2.5476,0,0
0.57068431867886,13870,2.548,0,0
0.57068443567486,13871,2.5484,0,0
0.57068455256726,13872,2.5488,0,0
0.57068466935604,13873,2.5492,0,0
0.57068478604121,13874,2.5496,0,0
0.57068490262278,13875,2.55,0,0
0.57068501910074,13876,2.5504,0,0
0.57068513547508,13877,2.5508,0,0
0.57068525174582,13878,2.5512,0,0
0.57068536791295,13879,2.5516,0,0
0.57068548397647,13880,2.552,0,0
0.57068559993638,13881,2.5524,0,0
0.57068571579268,13882,2.5528,0,0
0.57068583154537,13883,2.5532,0,0
0.57068594719446,13884,2.5536,0,0
0.57068606273993,13885,2.554,0,0
0.5706861781818,13886,2.5544,0,0
0.57068629352006,13887,2.5548,0,0
0.57068640875471,13888,2.5552,0,0
0.57068652388575,13889,2.5556,0,0
0.57068663891318,13890,2.556,0,0
0.570686753837,13891,2.5564,0,0
0.57068686865722,13892,2.5568,0,0
0.57068698337383,13893,2.5572,0,0
0.57068709798683,13894,2.5576,0,0
0.57068721249622,13895,2.558,0,0
0.57068732690201,13896,2.5584,0,0
0.57068744120418,13897,2.5588,0,0
0.57068755540275,13898,2.5592,0,0
0.57068766949771,13899,2.5596,0,0
0.57068778348907,13900,2.56,0,0
0.57068789737681,13901,2.5604,0,0
0.57068801116095,13902,2.5608,0,0
0.57068812484148,13903,2.5612,0,0
0.5706882384184,13904,2.5616,0,0
0.57068835189172,13905,2.562,0,0
0.57068846526143,13906,2.5624,0,0
0.57068857852753,13907,2.5628,0,0
0.57068869169003,13908,2.5632,0,0
0.57068880474892,13909,2.5636,0,0
0.5706889177042,13910,2.564,0,0
0.57068903055587,13911,2.5644,0,0
0.57068914330394,13912,2.5648,0,0
0.5706892559484,13913,2.5652,0,0
0.57068936848925,13914,2.5656,0,0
0.5706894809265,13915,2.566,0,0
0.57068959326014,13916,2.5664,0,0
0.57068970549018,13917,2.5668,0,0
0.57068981761661,13918,2.5672,0,0
0.57068992963943,13919,2.5676,0,0
0.57069004155864,13920,2.568,0,0
0.57069015337425,13921,2.5684,0,0
0.57069026508626,13922,2.5688,0,0
0.57069037669466,13923,2.5692,0,0
0.57069048819945,13924,2.5696,0,0
0.57069059960063,13925,2.57,0,0
0.57069071089821,13926,2.5704,0,0
0.57069082209219,13927,2.5708,0,0
0.57069093318256,13928,2.5712,0,0
0.57069104416932,13929,2.5716,0,0
0.57069115505248,13930,2.572,0,0
0.57069126583203,13931,2.5724,0,0
0.57069137650798,13932,2.5728,0,0
0.57069148708032,13933,2.5732,0,0
0.57069159754906,13934,2.5736,0,0
0.57069170791419,13935,2.574,0,0
0.57069181817571,13936,2.5744,0,0
0.57069192833364,13937,2.5748,0,0
0.57069203838795,13938,2.5752,0,0
0.57069214833866,13939,2.5756,0,0
0.57069225818577,13940,2.576,0,0
0.57069236792927,13941,2.5764,0,0
0.57069247756917,13942,2.5768,0,0
0.57069258710546,13943,2.5772,0,0
0.57069269653815,13944,2.5776,0,0
0.57069280586723,13945,2.578,0,0
0.57069291509271,13946,2.5784,0,0
0.57069302421459,13947,2.5788,0,0
0.57069313323286,13948,2.5792,0,0
0.57069324214752,13949,2.5796,0,0
0.57069335095859,13950,2.58,0,0
0.57069345966605,13951,2.5804,0,0
0.5706935682699,13952,2.5808,0,0
0.57069367677015,13953,2.5812,0,0
0.5706937851668,13954,2.5816,0,0
0.57069389345984,13955,2.582,0,0
0.57069400164928,13956,2.5824,0,0
0.57069410973511,13957,2.5828,0,0
0.57069421771734,13958,2.5832,0,0
0.57069432559597,13959,2.5836,0,0
0.570694433371,13960,2.584,0,0
0.57069454104242,13961,2.5844,0,0
0.57069464861024,13962,2.5848,0,0
0.57069475607445,13963,2.5852,0,0
0.57069486343506,13964,2.5856,0,0
0.57069497069207,13965,2.586,0,0
0.57069507784548,13966,2.5864,0,0
0.57069518489528,13967,2.5868,0,0
0.57069529184148,13968,2.5872,0,0
0.57069539868408,13969,2.5876,0,0
0.57069550542307,13970,2.588,0,0
0.57069561205846,13971,2.5884,0,0
0.57069571859025,13972,2.5888,0,0
0.57069582501844,13973,2.5892,0,0
0.57069593134302,13974,2.5896,0,0
0.570696037564,13975,2.59,0,0
0.57069614368138,13976,2.5904,0,0
0.57069624969516,13977,2.5908,0,0
0.57069635560533,13978,2.5912,0,0
0.5706964614119,13979,2.5916,0,0
0.57069656711487,13980,2.592,0,0
0.57069667271424,13981,2.5924,0,0
0.57069677821,13982,2.5928,0,0
0.57069688360217,13983,2.5932,0,0
0.57069698889073,13984,2.5936,0,0
0.57069709407569,13985,2.594,0,0
0.57069719915705,13986,2.5944,0,0
0.57069730413481,13987,2.5948,0,0
0.57069740900896,13988,2.5952,0,0
0.57069751377951,13989,2.5956,0,0
0.57069761844647,13990,2.596,0,0
0.57069772300982,13991,2.5964,0,0
0.57069782746957,13992,2.5968,0,0
0.57069793182572,13993,2.5972,0,0
0.57069803607826,13994,2.5976,0,0
0.57069814022721,13995,2.598,0,0
0.57069824427255,13996,2.5984,0,0
0.5706983482143,13997,2.5988,0,0
0.57069845205244,13998,2.5992,0,0
0.57069855578698,13999,2.5996,0,0
0.57069865941792,14000,2.6,0,0
0.57069876294526,14001,2.6004,0,0
0.570698866369,14002,2.6008,0,0
0.57069896968914,14003,2.6012,0,0
0.57069907290568,14004,2.6016,0,0
0.57069917601862,14005,2.602,0,0
0.57069927902796,14006,2.6024,0,0
0.5706993819337,14007,2.6028,0,0
0.57069948473583,14008,2.6032,0,0
0.57069958743437,14009,2.6036,0,0
0.57069969002931,14010,2.604,0,0
0.57069979252064,14011,2.6044,0,0
0.57069989490838,14012,2.6048,0,0
0.57069999719252,14013,2.6052,0,0
0.57070009937305,14014,2.6056,0,0
0.57070020144999,14015,2.606,0,0
0.57070030342333,14016,2.6064,0,0
0.57070040529307,14017,2.6068,0,0
0.5707005070592,14018,2.6072,0,0
0.57070060872174,14019,2.6076,0,0
0.57070071028068,14020,2.608,0,0
0.57070081173602,14021,2.6084,0,0
0.57070091308776,14022,2.6088,0,0
0.5707010143359,14023,2.6092,0,0
0.57070111548044,14024,2.6096,0,0
0.57070121652138,14025,2.61,0,0
0.57070131745873,14026,2.6104,0,0
0.57070141829247,14027,2.6108,0,0
0.57070151902262,14028,2.6112,0,0
0.57070161964916,14029,2.6116,0,0
0.57070172017211,14030,2.612,0,0
0.57070182059146,14031,2.6124,0,0
0.57070192090721,14032,2.6128,0,0
0.57070202111936,14033,2.6132,0,0
0.57070212122791,14034,2.6136,0,0
0.57070222123286,14035,2.614,0,0
0.57070232113422,14036,2.6144,0,0
0.57070242093198,14037,2.6148,0,0
0.57070252062613,14038,2.6152,0,0
0.57070262021669,14039,2.6156,0,0
0.57070271970366,14040,2.616,0,0
0.57070281908702,14041,2.6164,0,0
0.57070291836678,14042,2.6168,0,0
0.57070301754295,14043,2.6172,0,0
0.57070311661552,14044,2.6176,0,0
0.57070321558449,14045,2.618,0,0
0.57070331444986,14046,2.6184,0,0
0.57070341321164,14047,2.6188,0,0
0.57070351186982,14048,2.6192,0,0
0.5707036104244,14049,2.6196,0,0
0.57070370887538,14050,2.62,0,0
0.57070380722277,14051,2.6204,0,0
0.57070390546655,14052,2.6208,0,0
0.57070400360674,14053,2.6212,0,0
0.57070410164334,14054,2.6216,0,0
0.57070419957633,14055,2.622,0,0
0.57070429740573,14056,2.6224,0,0
0.57070439513153,14057,2.6228,0,0
0.57070449275373,14058,2.6232,0,0
0.57070459027234,14059,2.6236,0,0
0.57070468768735,14060,2.624,0,0
0.57070478499876,14061,2.6244,0,0
0.57070488220658,14062,2.6248,0,0
0.5707049793108,14063,2.6252,0,0
0.57070507631142,14064,2.6256,0,0
0.57070517320844,14065,2.626,0,0
0.57070527000187,14066,2.6264,0,0
0.5707053666917,14067,2.6268,0,0
0.57070546327794,14068,2.6272,0,0
0.57070555976058,14069,2.6276,0,0
0.57070565613962,14070,2.628,0,0
0.57070575241507,14071,2.6284,0,0
0.57070584858692,14072,2.6288,0,0
0.57070594465517,14073,2.6292,0,0
0.57070604061983,14074,2.6296,0,0
0.57070613648089,14075,2.63,0,0
0.57070623223835,14076,2.6304,0,0
0.57070632789222,14077,2.6308,0,0
0.5707064234425,14078,2.6312,0,0
0.57070651888917,14079,2.6316,0,0
0.57070661423225,14080,2.632,0,0
0.57070670947174,14081,2.6324,0,0
0.57070680460763,14082,2.6328,0,0
0.57070689963992,14083,2.6332,0,0
0.57070699456862,14084,2.6336,0,0
0.57070708939373,14085,2.634,0,0
0.57070718411523,14086,2.6344,0,0
0.57070727873315,14087,2.6348,0,0
0.57070737324746,14088,2.6352,0,0
0.57070746765819,14089,2.6356,0,0
0.57070756196531,14090,2.636,0,0
0.57070765616884,14091,2.6364,0,0
0.57070775026878,14092,2.6368,0,0
0.57070784426512,14093,2.6372,0,0
0.57070793815787,14094,2.6376,0,0
0.57070803194702,14095,2.638,0,0
0.57070812563258,14096,2.6384,0,0
0.57070821921454,14097,2.6388,0,0
0.5707083126929,14098,2.6392,0,0
0.57070840606768,14099,2.6396,0,0
0.57070849933885,14100,2.64,0,0
0.57070859250644,14101,2.6404,0,0
0.57070868557043,14102,2.6408,0,0
0.57070877853082,14103,2.6412,0,0
0.57070887138762,14104,2.6416,0,0
0.57070896414082,14105,2.642,0,0
0.57070905679043,14106,2.6424,0,0
0.57070914933645,14107,2.6428,0,0
0.57070924177887,14108,2.6432,0,0
0.5707093341177,14109,2.6436,0,0
0.57070942635294,14110,2.644,0,0
0.57070951848458,14111,2.6444,0,0
0.57070961051262,14112,2.6448,0,0
0.57070970243708,14113,2.6452,0,0
0.57070979425793,14114,2.6456,0,0
0.5707098859752,14115,2.646,0,0
0.57070997758887,14116,2.6464,0,0
0.57071006909895,14117,2.6468,0,0
0.57071016050543,14118,2.6472,0,0
0.57071025180832,14119,2.6476,0,0
0.57071034300762,14120,2.648,0,0
0.57071043410332,14121,2.6484,0,0
0.57071052509543,14122,2.6488,0,0
0.57071061598395,14123,2.6492,0,0
0.57071070676887,14124,2.6496,0,0
0.5707107974502,14125,2.65,0,0
0.57071088802794,14126,2.6504,0,0
0.57071097850208,14127,2.6508,0,0
0.57071106887264,14128,2.6512,0,0
0.57071115913959,14129,2.6516,0,0
0.57071124930296,14130,2.652,0,0
0.57071133936273,14131,2.6524,0,0
0.57071142931891,14132,2.6528,0,0
0.5707115191715,14133,2.6532,0,0
0.57071160892049,14134,2.6536,0,0
0.57071169856589,14135,2.654,0,0
0.5707117881077,14136,2.6544,0,0
0.57071187754592,14137,2.6548,0,0
0.57071196688054,14138,2.6552,0,0
0.57071205611157,14139,2.6556,0,0
0.57071214523901,14140,2.656,0,0
0.57071223426286,14141,2.6564,0,0
0.57071232318311,14142,2.6568,0,0
0.57071241199978,14143,2.6572,0,0
0.57071250071285,14144,2.6576,0,0
0.57071258932232,14145,2.658,0,0
0.57071267782821,14146,2.6584,0,0
0.5707127662305,14147,2.6588,0,0
0.57071285452921,14148,2.6592,0,0
0.57071294272432,14149,2.6596,0,0
0.57071303081584,14150,2.66,0,0
0.57071311880376,14151,2.6604,0,0
0.5707132066881,14152,2.6608,0,0
0.57071329446884,14153,2.6612,0,0
0.57071338214599,14154,2.6616,0,0
0.57071346971955,14155,2.662,0,0
0.57071355718952,14156,2.6624,0,0
0.5707136445559,14157,2.6628,0,0
0.57071373181869,14158,2.6632,0,0
0.57071381897788,14159,2.6636,0,0
0.57071390603348,14160,2.664,0,0
0.5707139929855,14161,2.6644,0,0
0.57071407983392,14162,2.6648,0,0
0.57071416657875,14163,2.6652,0,0
0.57071425321999,14164,2.6656,0,0
0.57071433975763,14165,2.666,0,0
0.57071442619169,14166,2.6664,0,0
0.57071451252216,14167,2.6668,0,0
0.57071459874903,14168,2.6672,0,0
0.57071468487232,14169,2.6676,0,0
0.57071477089201,14170,2.668,0,0
0.57071485680811,14171,2.6684,0,0
0.57071494262063,14172,2.6688,0,0
0.57071502832955,14173,2.6692,0,0
0.57071511393488,14174,2.6696,0,0
0.57071519943662,14175,2.67,0,0
0.57071528483477,14176,2.6704,0,0
0.57071537012933,14177,2.6708,0,0
0.5707154553203,14178,2.6712,0,0
0.57071554040768,14179,2.6716,0,0
0.57071562539147,14180,2.672,0,0
0.57071571027167,14181,2.6724,0,0
0.57071579504828,14182,2.6728,0,0
0.5707158797213,14183,2.6732,0,0
0.57071596429073,14184,2.6736,0,0
0.57071604875657,14185,2.674,0,0
0.57071613311882,14186,2.6744,0,0
0.57071621737748,14187,2.6748,0,0
0.57071630153255,14188,2.6752,0,0
0.57071638558403,14189,2.6756,0,0
0.57071646953192,14190,2.676,0,0
0.57071655337622,14191,2.6764,0,0
0.57071663711694,14192,2.6768,0,0
0.57071672075406,14193,2.6772,0,0
0.57071680428759,14194,2.6776,0,0
0.57071688771753,14195,2.678,0,0
0.57071697104389,14196,2.6784,0,0
0.57071705426665,14197,2.6788,0,0
0.57071713738583,14198,2.6792,0,0
0.57071722040142,14199,2.6796,0,0
0.57071730331341,14200,2.68,0,0
0.57071738612182,14201,2.6804,0,0
0.57071746882664,14202,2.6808,0,0
0.57071755142787,14203,2.6812,0,0
0.57071763392551,14204,2.6816,0,0
0.57071771631956,14205,2.682,0,0
0.57071779861003,14206,2.6824,0,0
0.5707178807969,14207,2.6828,0,0
0.57071796288019,14208,2.6832,0,0
0.57071804485989,14209,2.6836,0,0
0.570718126736,14210,2.684,0,0
0.57071820850852,14211,2.6844,0,0
0.57071829017745,14212,2.6848,0,0
0.57071837174279,14213,2.6852,0,0
0.57071845320455,14214,2.6856,0,0
0.57071853456271,14215,2.686,0,0
0.57071861581729,14216,2.6864,0,0
0.57071869696828,14217,2.6868,0,0
0.57071877801568,14218,2.6872,0,0
0.5707188589595,14219,2.6876,0,0
0.57071893979972,14220,2.688,0,0
0.57071902053636,14221,2.6884,0,0
0.57071910116941,14222,2.6888,0,0
0.57071918169887,14223,2.6892,0,0
0.57071926212474,14224,2.6896,0,0
0.57071934244703,14225,2.69,0,0
0.57071942266573,14226,2.6904,0,0
0.57071950278084,14227,2.6908,0,0
0.57071958279236,14228,2.6912,0,0
0.57071966270029,14229,2.6916,0,0
0.57071974250464,14230,2.692,0,0
0.5707198222054,14231,2.6924,0,0
0.57071990180257,14232,2.6928,0,0
0.57071998129616,14233,2.6932,0,0
0.57072006068616,14234,2.6936,0,0
0.57072013997257,14235,2.694,0,0
0.57072021915539,14236,2.6944,0,0
0.57072029823462,14237,2.6948,0,0
0.57072037721027,14238,2.6952,0,0
0.57072045608233,14239,2.6956,0,0
0.57072053485081,14240,2.696,0,0
0.5707206135157,14241,2.6964,0,0
0.57072069207699,14242,2.6968,0,0
0.57072077053471,14243,2.6972,0,0
0.57072084888883,14244,2.6976,0,0
0.57072092713937,14245,2.698,0,0
0.57072100528633,14246,2.6984,0,0
0.57072108332969,14247,2.6988,0,0
0.57072116126947,14248,2.6992,0,0
0.57072123910566,14249,2.6996,0,0
0.57072131683827,14250,2.7,0,0
0.57072139446729,14251,2.7004,0,0
0.57072147199272,14252,2.7008,0,0
0.57072154941457,14253,2.7012,0,0
0.57072162673283,14254,2.7016,0,0
0.5707217039475,14255,2.702,0,0
0.57072178105859,14256,2.7024,0,0
0.57072185806609,14257,2.7028,0,0
0.57072193497,14258,2.7032,0,0
0.57072201177033,14259,2.7036,0,0
0.57072208846707,14260,2.704,0,0
0.57072216506023,14261,2.7044,0,0
0.5707222415498,14262,2.7048,0,0
0.57072231793578,14263,2.7052,0,0
0.57072239421818,14264,2.7056,0,0
0.57072247039699,14265,2.706,0,0
0.57072254647222,14266,2.7064,0,0
0.57072262244386,14267,2.7068,0,0
0.57072269831192,14268,2.7072,0,0
0.57072277407638,14269,2.7076,0,0
0.57072284973727,14270,2.708,0,0
0.57072292529457,14271,2.7084,0,0
0.57072300074828,14272,2.7088,0,0
0.57072307609841,14273,2.7092,0,0
0.57072315134495,14274,2.7096,0,0
0.5707232264879,14275,2.71,0,0
0.57072330152727,14276,2.7104,0,0
0.57072337646306,14277,2.7108,0,0
0.57072345129526,14278,2.7112,0,0
0.57072352602387,14279,2.7116,0,0
0.5707236006489,14280,2.712,0,0
0.57072367517035,14281,2.7124,0,0
0.57072374958821,14282,2.7128,0,0
0.57072382390248,14283,2.7132,0,0
0.57072389811317,14284,2.7136,0,0
0.57072397222028,14285,2.714,0,0
0.57072404622379,14286,2.7144,0,0
0.57072412012373,14287,2.7148,0,0
0.57072419392008,14288,2.7152,0,0
0.57072426761284,14289,2.7156,0,0
0.57072434120202,14290,2.716,0,0
0.57072441468762,14291,2.7164,0,0
0.57072448806963,14292,2.7168,0,0
0.57072456134806,14293,2.7172,0,0
0.5707246345229,14294,2.7176,0,0
0.57072470759416,14295,2.718,0,0
0.57072478056183,14296,2.7184,0,0
0.57072485342592,14297,2.7188,0,0
0.57072492618642,14298,2.7192,0,0
0.57072499884334,14299,2.7196,0,0
0.57072507139668,14300,2.72,0,0
0.57072514384643,14301,2.7204,0,0
0.5707252161926,14302,2.7208,0,0
0.57072528843518,14303,2.7212,0,0
0.57072536057418,14304,2.7216,0,0
0.5707254326096,14305,2.722,0,0
0.57072550454143,14306,2.7224,0,0
0.57072557636967,14307,2.7228,0,0
0.57072564809434,14308,2.7232,0,0
0.57072571971542,14309,2.7236,0,0
0.57072579123291,14310,2.724,0,0
0.57072586264682,14311,2.7244,0,0
0.57072593395715,14312,2.7248,0,0
0.5707260051639,14313,2.7252,0,0
0.57072607626706,14314,2.7256,0,0
0.57072614726663,14315,2.726,0,0
0.57072621816263,14316,2.7264,0,0
0.57072628895504,14317,2.7268,0,0
0.57072635964386,14318,2.7272,0,0
0.57072643022911,14319,2.7276,0,0
0.57072650071077,14320,2.728,0,0
0.57072657108884,14321,2.7284,0,0
0.57072664136334,14322,2.7288,0,0
0.57072671153425,14323,2.7292,0,0
0.57072678160157,14324,2.7296,0,0
0.57072685156532,14325,2.73,0,0
0.57072692142548,14326,2.7304,0,0
0.57072699118206,14327,2.7308,0,0
0.57072706083505,14328,2.7312,0,0
0.57072713038446,14329,2.7316,0,0
0.57072719983029,14330,2.732,0,0
0.57072726917254,14331,2.7324,0,0
0.5707273384112,14332,2.7328,0,0
0.57072740754628,14333,2.7332,0,0
0.57072747657778,14334,2.7336,0,0
0.57072754550569,14335,2.734,0,0
0.57072761433002,14336,2.7344,0,0
0.57072768305077,14337,2.7348,0,0
0.57072775166794,14338,2.7352,0,0
0.57072782018152,14339,2.7356,0,0
0.57072788859153,14340,2.736,0,0
0.57072795689795,14341,2.7364,0,0
0.57072802510078,14342,2.7368,0,0
0.57072809320004,14343,2.7372,0,0
0.57072816119571,14344,2.7376,0,0
0.5707282290878,14345,2.738,0,0
0.57072829687631,14346,2.7384,0,0
0.57072836456123,14347,2.7388,0,0
0.57072843214258,14348,2.7392,0,0
0.57072849962034,14349,2.7396,0,0
0.57072856699452,14350,2.74,0,0
0.57072863426511,14351,2.7404,0,0
0.57072870143213,14352,2.7408,0,0
0.57072876849556,14353,2.7412,0,0
0.57072883545541,14354,2.7416,0,0
0.57072890231168,14355,2.742,0,0
0.57072896906437,14356,2.7424,0,0
0.57072903571348,14357,2.7428,0,0
0.570729102259,14358,2.7432,0,0
0.57072916870094,14359,2.7436,0,0
0.5707292350393,14360,2.744,0,0
0.57072930127408,14361,2.7444,0,0
0.57072936740528,14362,2.7448,0,0
0.5707294334329,14363,2.7452,0,0
0.57072949935693,14364,2.7456,0,0
0.57072956517738,14365,2.746,0,0
0.57072963089426,14366,2.7464,0,0
0.57072969650755,14367,2.7468,0,0
0.57072976201725,14368,2.7472,0,0
0.57072982742338,14369,2.7476,0,0
0.57072989272593,14370,2.748,0,0
0.57072995792489,14371,2.7484,0,0
0.57073002302028,14372,2.7488,0,0
0.57073008801208,14373,2.7492,0,0
0.5707301529003,14374,2.7496,0,0
0.57073021768494,14375,2.75,0,0
0.570730282366,14376,2.7504,0,0
0.57073034694348,14377,2.7508,0,0
0.57073041141738,14378,2.7512,0,0
0.5707304757877,14379,2.7516,0,0
0.57073054005443,14380,2.752,0,0
0.57073060421759,14381,2.7524,0,0
0.57073066827717,14382,2.7528,0,0
0.57073073223316,14383,2.7532,0,0
0.57073079608557,14384,2.7536,0,0
0.57073085983441,14385,2.754,0,0
0.57073092347966,14386,2.7544,0,0
0.57073098702133,14387,2.7548,0,0
0.57073105045942,14388,2.7552,0,0
0.57073111379393,14389,2.7556,0,0
0.57073117702486,14390,2.756,0,0
0.57073124015221,14391,2.7564,0,0
0.57073130317598,14392,2.7568,0,0
0.57073136609617,14393,2.7572,0,0
0.57073142891278,14394,2.7576,0,0
0.57073149162581,14395,2.758,0,0
0.57073155423526,14396,2.7584,0,0
0.57073161674112,14397,2.7588,0,0
0.57073167914341,14398,2.7592,0,0
0.57073174144212,14399,2.7596,0,0
0.57073180363725,14400,2.76,0,0
0.5707318657288,14401,2.7604,0,0
0.57073192771676,14402,2.7608,0,0
0.57073198960115,14403,2.7612,0,0
0.57073205138196,14404,2.7616,0,0
0.57073211305919,14405,2.762,0,0
0.57073217463284,14406,2.7624,0,0
0.57073223610291,14407,2.7628,0,0
0.57073229746939,14408,2.7632,0,0
0.5707323587323,14409,2.7636,0,0
0.57073241989163,14410,2.764,0,0
0.57073248094738,14411,2.7644,0,0
0.57073254189955,14412,2.7648,0,0
0.57073260274814,14413,2.7652,0,0
0.57073266349316,14414,2.7656,0,0
0.57073272413459,14415,2.766,0,0
0.57073278467244,14416,2.7664,0,0
0.57073284510671,14417,2.7668,0,0
0.57073290543741,14418,2.7672,0,0
0.57073296566452,14419,2.7676,0,0
0.57073302578806,14420,2.768,0,0
0.57073308580801,14421,2.7684,0,0
0.57073314572439,14422,2.7688,0,0
0.57073320553719,14423,2.7692,0,0
0.57073326524641,14424,2.7696,0,0
0.57073332485205,14425,2.77,0,0
0.57073338435411,14426,2.7704,0,0
0.57073344375259,14427,2.7708,0,0
0.57073350304749,14428,2.7712,0,0
0.57073356223881,14429,2.7716,0,0
0.57073362132656,14430,2.772,0,0
0.57073368031072,14431,2.7724,0,0
0.57073373919131,14432,2.7728,0,0
0.57073379796832,14433,2.7732,0,0
0.57073385664175,14434,2.7736,0,0
0.5707339152116,14435,2.774,0,0
0.57073397367787,14436,2.7744,0,0
0.57073403204056,14437,2.7748,0,0
0.57073409029968,14438,2.7752,0,0
0.57073414845521,14439,2.7756,0,0
0.57073420650717,14440,2.776,0,0
0.57073426445555,14441,2.7764,0,0
0.57073432230035,14442,2.7768,0,0
0.57073438004157,14443,2.7772,0,0
0.57073443767922,14444,2.7776,0,0
0.57073449521328,14445,2.778,0,0
0.57073455264377,14446,2.7784,0,0
0.57073460997068,14447,2.7788,0,0
0.57073466719401,14448,2.7792,0,0
0.57073472431376,14449,2.7796,0,0
0.57073478132993,14450,2.78,0,0
0.57073483824253,14451,2.7804,0,0
0.57073489505155,14452,2.7808,0,0
0.57073495175699,14453,2.7812,0,0
0.57073500835885,14454,2.7816,0,0
0.57073506485713,14455,2.782,0,0
0.57073512125184,14456,2.7824,0,0
0.57073517754297,14457,2.7828,0,0
0.57073523373052,14458,2.7832,0,0
0.57073528981449,14459,2.7836,0,0
0.57073534579488,14460,2.784,0,0
0.5707354016717,14461,2.7844,0,0
0.57073545744494,14462,2.7848,0,0
0.5707355131146,14463,2.7852,0,0
0.57073556868068,14464,2.7856,0,0
0.57073562414319,14465,2.786,0,0
0.57073567950212,14466,2.7864,0,0
0.57073573475747,14467,2.7868,0,0
0.57073578990924,14468,2.7872,0,0
0.57073584495743,14469,2.7876,0,0
0.57073589990205,14470,2.788,0,0
0.57073595474309,14471,2.7884,0,0
0.57073600948056,14472,2.7888,0,0
0.57073606411444,14473,2.7892,0,0
0.57073611864475,14474,2.7896,0,0
0.57073617307148,14475,2.79,0,0
0.57073622739463,14476,2.7904,0,0
0.57073628161421,14477,2.7908,0,0
0.57073633573021,14478,2.7912,0,0
0.57073638974263,14479,2.7916,0,0
0.57073644365148,14480,2.792,0,0
0.57073649745675,14481,2.7924,0,0
0.57073655115844,14482,2.7928,0,0
0.57073660475655,14483,2.7932,0,0
0.57073665825109,14484,2.7936,0,0
0.57073671164205,14485,2.794,0,0
0.57073676492943,14486,2.7944,0,0
0.57073681811324,14487,2.7948,0,0
0.57073687119347,14488,2.7952,0,0
0.57073692417012,14489,2.7956,0,0
0.57073697704319,14490,2.796,0,0
0.57073702981269,14491,2.7964,0,0
0.57073708247861,14492,2.7968,0,0
0.57073713504096,14493,2.7972,0,0
0.57073718749973,14494,2.7976,0,0
0.57073723985492,14495,2.798,0,0
0.57073729210654,14496,2.7984,0,0
0.57073734425457,14497,2.7988,0,0
0.57073739629904,14498,2.7992,0,0
0.57073744823992,14499,2.7996,0,0
0.57073750007723,14500,2.8,0,0
0.57073755181096,14501,2.8004,0,0
0.57073760344112,14502,2.8008,0,0
0.5707376549677,14503,2.8012,0,0
0.57073770639071,14504,2.8016,0,0
0.57073775771013,14505,2.802,0,0
0.57073780892598,14506,2.8024,0,0
0.57073786003826,14507,2.8028,0,0
0.57073791104696,14508,2.8032,0,0
0.57073796195208,14509,2.8036,0,0
0.57073801275363,14510,2.804,0,0
0.5707380634516,14511,2.8044,0,0
0.57073811404599,14512,2.8048,0,0
0.57073816453681,14513,2.8052,0,0
0.57073821492405,14514,2.8056,0,0
0.57073826520772,14515,2.806,0,0
0.57073831538781,14516,2.8064,0,0
0.57073836546432,14517,2.8068,0,0
0.57073841543726,14518,2.8072,0,0
0.57073846530662,14519,2.8076,0,0
0.57073851507241,14520,2.808,0,0
0.57073856473462,14521,2.8084,0,0
0.57073861429325,14522,2.8088,0,0
0.57073866374831,14523,2.8092,0,0
0.5707387130998,14524,2.8096,0,0
0.5707387623477,14525,2.81,0,0
0.57073881149204,14526,2.8104,0,0
0.57073886053279,14527,2.8108,0,0
0.57073890946997,14528,2.8112,0,0
0.57073895830358,14529,2.8116,0,0
0.57073900703361,14530,2.812,0,0
0.57073905566006,14531,2.8124,0,0
0.57073910418294,14532,2.8128,0,0
0.57073915260225,14533,2.8132,0,0
0.57073920091798,14534,2.8136,0,0
0.57073924913013,14535,2.814,0,0
0.57073929723871,14536,2.8144,0,0
0.57073934524371,14537,2.8148,0,0
0.57073939314513,14538,2.8152,0,0
0.57073944094299,14539,2.8156,0,0
0.57073948863726,14540,2.816,0,0
0.57073953622796,14541,2.8164,0,0
0.57073958371509,14542,2.8168,0,0
0.57073963109864,14543,2.8172,0,0
0.57073967837862,14544,2.8176,0,0
0.57073972555502,14545,2.818,0,0
0.57073977262784,14546,2.8184,0,0
0.57073981959709,14547,2.8188,0,0
0.57073986646277,14548,2.8192,0,0
0.57073991322487,14549,2.8196,0,0
0.57073995988339,14550,2.82,0,0
0.57074000643834,14551,2.8204,0,0
0.57074005288972,14552,2.8208,0,0
0.57074009923752,14553,2.8212,0,0
0.57074014548175,14554,2.8216,0,0
0.5707401916224,14555,2.822,0,0
0.57074023765948,14556,2.8224,0,0
0.57074028359298,14557,2.8228,0,0
0.5707403294229,14558,2.8232,0,0
0.57074037514926,14559,2.8236,0,0
0.57074042077204,14560,2.824,0,0
0.57074046629124,14561,2.8244,0,0
0.57074051170687,14562,2.8248,0,0
0.57074055701892,14563,2.8252,0,0
0.5707406022274,14564,2.8256,0,0
0.57074064733231,14565,2.826,0,0
0.57074069233364,14566,2.8264,0,0
0.57074073723139,14567,2.8268,0,0
0.57074078202558,14568,2.8272,0,0
0.57074082671618,14569,2.8276,0,0
0.57074087130322,14570,2.828,0,0
0.57074091578667,14571,2.8284,0,0
0.57074096016656,14572,2.8288,0,0
0.57074100444287,14573,2.8292,0,0
0.57074104861561,14574,2.8296,0,0
0.57074109268477,14575,2.83,0,0
0.57074113665035,14576,2.8304,0,0
0.57074118051237,14577,2.8308,0,0
0.57074122427081,14578,2.8312,0,0
0.57074126792567,14579,2.8316,0,0
0.57074131147696,14580,2.832,0,0
0.57074135492468,14581,2.8324,0,0
0.57074139826882,14582,2.8328,0,0
0.57074144150939,14583,2.8332,0,0
0.57074148464639,14584,2.8336,0,0
0.57074152767981,14585,2.834,0,0
0.57074157060965,14586,2.8344,0,0
0.57074161343593,14587,2.8348,0,0
0.57074165615863,14588,2.8352,0,0
0.57074169877775,14589,2.8356,0,0
0.5707417412933,14590,2.836,0,0
0.57074178370528,14591,2.8364,0,0
0.57074182601369,14592,2.8368,0,0
0.57074186821852,14593,2.8372,0,0
0.57074191031977,14594,2.8376,0,0
0.57074195231746,14595,2.838,0,0
0.57074199421157,14596,2.8384,0,0
0.5707420360021,14597,2.8388,0,0
0.57074207768906,14598,2.8392,0,0
0.57074211927245,14599,2.8396,0,0
0.57074216075227,14600,2.84,0,0
0.57074220212851,14601,2.8404,0,0
0.57074224340118,14602,2.8408,0,0
0.57074228457027,14603,2.8412,0,0
0.57074232563579,14604,2.8416,0,0
0.57074236659774,14605,2.842,0,0
0.57074240745611,14606,2.8424,0,0
0.57074244821091,14607,2.8428,0,0
0.57074248886214,14608,2.8432,0,0
0.5707425294098,14609,2.8436,0,0
0.57074256985388,14610,2.844,0,0
0.57074261019438,14611,2.8444,0,0
0.57074265043132,14612,2.8448,0,0
0.57074269056468,14613,2.8452,0,0
0.57074273059447,14614,2.8456,0,0
0.57074277052068,14615,2.846,0,0
0.57074281034332,14616,2.8464,0,0
0.57074285006239,14617,2.8468,0,0
0.57074288967789,14618,2.8472,0,0
0.57074292918981,14619,2.8476,0,0
0.57074296859816,14620,2.848,0,0
0.57074300790293,14621,2.8484,0,0
0.57074304710414,14622,2.8488,0,0
0.57074308620177,14623,2.8492,0,0
0.57074312519583,14624,2.8496,0,0
0.57074316408631,14625,2.85,0,0
0.57074320287322,14626,2.8504,0,0
0.57074324155656,14627,2.8508,0,0
0.57074328013633,14628,2.8512,0,0
0.57074331861252,14629,2.8516,0,0
0.57074335698514,14630,2.852,0,0
0.57074339525419,14631,2.8524,0,0
0.57074343341966,14632,2.8528,0,0
0.57074347148156,14633,2.8532,0,0
0.57074350943989,14634,2.8536,0,0
0.57074354729465,14635,2.854,0,0
0.57074358504583,14636,2.8544,0,0
0.57074362269344,14637,2.8548,0,0
0.57074366023748,14638,2.8552,0,0
0.57074369767795,14639,2.8556,0,0
0.57074373501484,14640,2.856,0,0
0.57074377224816,14641,2.8564,0,0
0.57074380937791,14642,2.8568,0,0
0.57074384640409,14643,2.8572,0,0
0.57074388332669,14644,2.8576,0,0
0.57074392014572,14645,2.858,0,0
0.57074395686118,14646,2.8584,0,0
0.57074399347307,14647,2.8588,0,0
0.57074402998138,14648,2.8592,0,0
0.57074406638612,14649,2.8596,0,0
0.57074410268729,14650,2.86,0,0
0.57074413888489,14651,2.8604,0,0
0.57074417497891,14652,2.8608,0,0
0.57074421096936,14653,2.8612,0,0
0.57074424685624,14654,2.8616,0,0
0.57074428263955,14655,2.862,0,0
0.57074431831929,14656,2.8624,0,0
0.57074435389545,14657,2.8628,0,0
0.57074438936804,14658,2.8632,0,0
0.57074442473706,14659,2.8636,0,0
0.57074446000251,14660,2.864,0,0
0.57074449516438,14661,2.8644,0,0
0.57074453022269,14662,2.8648,0,0
0.57074456517742,14663,2.8652,0,0
0.57074460002858,14664,2.8656,0,0
0.57074463477616,14665,2.866,0,0
0.57074466942018,14666,2.8664,0,0
0.57074470396062,14667,2.8668,0,0
0.57074473839749,14668,2.8672,0,0
0.57074477273079,14669,2.8676,0,0
0.57074480696052,14670,2.868,0,0
0.57074484108667,14671,2.8684,0,0
0.57074487510926,14672,2.8688,0,0
0.57074490902827,14673,2.8692,0,0
0.57074494284371,14674,2.8696,0,0
0.57074497655557,14675,2.87,0,0
0.57074501016387,14676,2.8704,0,0
0.5707450436686,14677,2.8708,0,0
0.57074507706975,14678,2.8712,0,0
0.57074511036733,14679,2.8716,0,0
0.57074514356134,14680,2.872,0,0
0.57074517665178,14681,2.8724,0,0
0.57074520963864,14682,2.8728,0,0
0.57074524252194,14683,2.8732,0,0
0.57074527530166,14684,2.8736,0,0
0.57074530797781,14685,2.874,0,0
0.57074534055039,14686,2.8744,0,0
0.5707453730194,14687,2.8748,0,0
0.57074540538484,14688,2.8752,0,0
0.5707454376467,14689,2.8756,0,0
0.57074546980499,14690,2.876,0,0
0.57074550185972,14691,2.8764,0,0
0.57074553381087,14692,2.8768,0,0
0.57074556565845,14693,2.8772,0,0
0.57074559740245,14694,2.8776,0,0
0.57074562904289,14695,2.878,0,0
0.57074566057976,14696,2.8784,0,0
0.57074569201305,14697,2.8788,0,0
0.57074572334277,14698,2.8792,0,0
0.57074575456892,14699,2.8796,0,0
0.5707457856915,14700,2.88,0,0
0.57074581671051,14701,2.8804,0,0
0.57074584762595,14702,2.8808,0,0
0.57074587843782,14703,2.8812,0,0
0.57074590914611,14704,2.8816,0,0
0.57074593975084,14705,2.882,0,0
0.57074597025199,14706,2.8824,0,0
0.57074600064957,14707,2.8828,0,0
0.57074603094358,14708,2.8832,0,0
0.57074606113402,14709,2.8836,0,0
0.57074609122089,14710,2.884,0,0
0.57074612120419,14711,2.8844,0,0
0.57074615108391,14712,2.8848,0,0
0.57074618086007,14713,2.8852,0,0
0.57074621053265,14714,2.8856,0,0
0.57074624010166,14715,2.886,0,0
0.57074626956711,14716,2.8864,0,0
0.57074629892898,14717,2.8868,0,0
0.57074632818728,14718,2.8872,0,0
0.57074635734201,14719,2.8876,0,0
0.57074638639317,14720,2.888,0,0
0.57074641534075,14721,2.8884,0,0
0.57074644418477,14722,2.8888,0,0
0.57074647292522,14723,2.8892,0,0
0.57074650156209,14724,2.8896,0,0
0.5707465300954,14725,2.89,0,0
0.57074655852513,14726,2.8904,0,0
0.57074658685129,14727,2.8908,0,0
0.57074661507388,14728,2.8912,0,0
0.5707466431929,14729,2.8916,0,0
0.57074667120835,14730,2.892,0,0
0.57074669912023,14731,2.8924,0,0
0.57074672692854,14732,2.8928,0,0
0.57074675463328,14733,2.8932,0,0
0.57074678223445,14734,2.8936,0,0
0.57074680973205,14735,2.894,0,0
0.57074683712607,14736,2.8944,0,0
0.57074686441653,14737,2.8948,0,0
0.57074689160341,14738,2.8952,0,0
0.57074691868673,14739,2.8956,0,0
0.57074694566647,14740,2.896,0,0
0.57074697254265,14741,2.8964,0,0
0.57074699931525,14742,2.8968,0,0
0.57074702598428,14743,2.8972,0,0
0.57074705254975,14744,2.8976,0,0
0.57074707901164,14745,2.898,0,0
0.57074710536996,14746,2.8984,0,0
0.57074713162471,14747,2.8988,0,0
0.57074715777589,14748,2.8992,0,0
0.5707471838235,14749,2.8996,0,0
0.57074720976754,14750,2.9,0,0
0.57074723560801,14751,2.9004,0,0
0.57074726134491,14752,2.9008,0,0
0.57074728697824,14753,2.9012,0,0
0.57074731250799,14754,2.9016,0,0
0.57074733793418,14755,2.902,0,0
0.5707473632568,14756,2.9024,0,0
0.57074738847585,14757,2.9028,0,0
0.57074741359132,14758,2.9032,0,0
0.57074743860323,14759,2.9036,0,0
0.57074746351157,14760,2.904,0,0
0.57074748831633,14761,2.9044,0,0
0.57074751301753,14762,2.9048,0,0
0.57074753761516,14763,2.9052,0,0
0.57074756210921,14764,2.9056,0,0
0.5707475864997,14765,2.906,0,0
0.57074761078661,14766,2.9064,0,0
0.57074763496996,14767,2.9068,0,0
0.57074765904973,14768,2.9072,0,0
0.57074768302594,14769,2.9076,0,0
0.57074770689857,14770,2.908,0,0
0.57074773066764,14771,2.9084,0,0
0.57074775433314,14772,2.9088,0,0
0.57074777789506,14773,2.9092,0,0
0.57074780135342,14774,2.9096,0,0
0.5707478247082,14775,2.91,0,0
0.57074784795942,14776,2.9104,0,0
0.57074787110706,14777,2.9108,0,0
0.57074789415114,14778,2.9112,0,0
0.57074791709164,14779,2.9116,0,0
0.57074793992858,14780,2.912,0,0
0.57074796266194,14781,2.9124,0,0
0.57074798529174,14782,2.9128,0,0
0.57074800781796,14783,2.9132,0,0
0.57074803024062,14784,2.9136,0,0
0.57074805255971,14785,2.914,0,0
0.57074807477522,14786,2.9144,0,0
0.57074809688717,14787,2.9148,0,0
0.57074811889554,14788,2.9152,0,0
0.57074814080035,14789,2.9156,0,0
0.57074816260159,14790,2.916,0,0
0.57074818429925,14791,2.9164,0,0
0.57074820589335,14792,2.9168,0,0
0.57074822738388,14793,2.9172,0,0
0.57074824877084,14794,2.9176,0,0
0.57074827005423,14795,2.918,0,0
0.57074829123404,14796,2.9184,0,0
0.57074831231029,14797,2.9188,0,0
0.57074833328297,14798,2.9192,0,0
0.57074835415208,14799,2.9196,0,0
0.57074837491762,14800,2.92,0,0
0.57074839557959,14801,2.9204,0,0
0.57074841613799,14802,2.9208,0,0
0.57074843659282,14803,2.9212,0,0
0.57074845694408,14804,2.9216,0,0
0.57074847719178,14805,2.922,0,0
0.5707484973359,14806,2.9224,0,0
0.57074851737645,14807,2.9228,0,0
0.57074853731343,14808,2.9232,0,0
0.57074855714685,14809,2.9236,0,0
0.57074857687669,14810,2.924,0,0
0.57074859650297,14811,2.9244,0,0
0.57074861602567,14812,2.9248,0,0
0.57074863544481,14813,2.9252,0,0
0.57074865476037,14814,2.9256,0,0
0.57074867397237,14815,2.926,0,0
0.5707486930808,14816,2.9264,0,0
0.57074871208565,14817,2.9268,0,0
0.57074873098694,14818,2.9272,0,0
0.57074874978466,14819,2.9276,0,0
0.57074876847881,14820,2.928,0,0
0.57074878706939,14821,2.9284,0,0
0.5707488055564,14822,2.9288,0,0
0.57074882393984,14823,2.9292,0,0
0.57074884221971,14824,2.9296,0,0
0.57074886039602,14825,2.93,0,0
0.57074887846875,14826,2.9304,0,0
0.57074889643791,14827,2.9308,0,0
0.57074891430351,14828,2.9312,0,0
0.57074893206553,14829,2.9316,0,0
0.57074894972399,14830,2.932,0,0
0.57074896727888,14831,2.9324,0,0
0.57074898473019,14832,2.9328,0,0
0.57074900207794,14833,2.9332,0,0
0.57074901932212,14834,2.9336,0,0
0.57074903646273,14835,2.934,0,0
0.57074905349977,14836,2.9344,0,0
0.57074907043324,14837,2.9348,0,0
0.57074908726314,14838,2.9352,0,0
0.57074910398948,14839,2.9356,0,0
0.57074912061224,14840,2.936,0,0
0.57074913713143,14841,2.9364,0,0
0.57074915354706,14842,2.9368,0,0
0.57074916985912,14843,2.9372,0,0
0.5707491860676,14844,2.9376,0,0
0.57074920217252,14845,2.938,0,0
0.57074921817387,14846,2.9384,0,0
0.57074923407165,14847,2.9388,0,0
0.57074924986586,14848,2.9392,0,0
0.5707492655565,14849,2.9396,0,0
0.57074928114357,14850,2.94,0,0
0.57074929662708,14851,2.9404,0,0
0.57074931200701,14852,2.9408,0,0
0.57074932728338,14853,2.9412,0,0
0.57074934245617,14854,2.9416,0,0
0.5707493575254,14855,2.942,0,0
0.57074937249106,14856,2.9424,0,0
0.57074938735315,14857,2.9428,0,0
0.57074940211167,14858,2.9432,0,0
0.57074941676662,14859,2.9436,0,0
0.570749431318,14860,2.944,0,0
0.57074944576581,14861,2.9444,0,0
0.57074946011006,14862,2.9448,0,0
0.57074947435073,14863,2.9452,0,0
0.57074948848784,14864,2.9456,0,0
0.57074950252138,14865,2.946,0,0
0.57074951645134,14866,2.9464,0,0
0.57074953027774,14867,2.9468,0,0
0.57074954400057,14868,2.9472,0,0
0.57074955761984,14869,2.9476,0,0
0.57074957113553,14870,2.948,0,0
0.57074958454765,14871,2.9484,0,0
0.57074959785621,14872,2.9488,0,0
0.57074961106119,14873,2.9492,0,0
0.57074962416261,14874,2.9496,0,0
0.57074963716046,14875,2.95,0,0
0.57074965005474,14876,2.9504,0,0
0.57074966284545,14877,2.9508,0,0
0.57074967553259,14878,2.9512,0,0
0.57074968811616,14879,2.9516,0,0
0.57074970059617,14880,2.952,0,0
0.5707497129726,14881,2.9524,0,0
0.57074972524547,14882,2.9528,0,0
0.57074973741477,14883,2.9532,0,0
0.5707497494805,14884,2.9536,0,0
0.57074976144266,14885,2.954,0,0
0.57074977330125,14886,2.9544,0,0
0.57074978505627,14887,2.9548,0,0
0.57074979670773,14888,2.9552,0,0
0.57074980825561,14889,2.9556,0,0
0.57074981969993,14890,2.956,0,0
0.57074983104068,14891,2.9564,0,0
0.57074984227785,14892,2.9568,0,0
0.57074985341146,14893,2.9572,0,0
0.57074986444151,14894,2.9576,0,0
0.57074987536798,14895,2.958,0,0
0.57074988619088,14896,2.9584,0,0
0.57074989691022,14897,2.9588,0,0
0.57074990752599,14898,2.9592,0,0
0.57074991803818,14899,2.9596,0,0
0.57074992844681,14900,2.96,0,0
0.57074993875187,14901,2.9604,0,0
0.57074994895337,14902,2.9608,0,0
0.57074995905129,14903,2.9612,0,0
0.57074996904564,14904,2.9616,0,0
0.57074997893643,14905,2.962,0,0
0.57074998872365,14906,2.9624,0,0
0.5707499984073,14907,2.9628,0,0
0.57075000798738,14908,2.9632,0,0
0.57075001746389,14909,2.9636,0,0
0.57075002683683,14910,2.964,0,0
0.57075003610621,14911,2.9644,0,0
0.57075004527201,14912,2.9648,0,0
0.57075005433425,14913,2.9652,0,0
0.57075006329292,14914,2.9656,0,0
0.57075007214802,14915,2.966,0,0
0.57075008089955,14916,2.9664,0,0
0.57075008954751,14917,2.9668,0,0
0.57075009809191,14918,2.9672,0,0
0.57075010653273,14919,2.9676,0,0
0.57075011486999,14920,2.968,0,0
0.57075012310368,14921,2.9684,0,0
0.5707501312338,14922,2.9688,0,0
0.57075013926035,14923,2.9692,0,0
0.57075014718333,14924,2.9696,0,0
0.57075015500275,14925,2.97,0,0
0.57075016271859,14926,2.9704,0,0
0.57075017033087,14927,2.9708,0,0
0.57075017783958,14928,2.9712,0,0
0.57075018524472,14929,2.9716,0,0
0.57075019254629,14930,2.972,0,0
0.5707501997443,14931,2.9724,0,0
0.57075020683873,14932,2.9728,0,0
0.5707502138296,14933,2.9732,0,0
0.5707502207169,14934,2.9736,0,0
0.57075022750062,14935,2.974,0,0
0.57075023418079,14936,2.9744,0,0
0.57075024075738,14937,2.9748,0,0
0.5707502472304,14938,2.9752,0,0
0.57075025359986,14939,2.9756,0,0
0.57075025986575,14940,2.976,0,0
0.57075026602806,14941,2.9764,0,0
0.57075027208681,14942,2.9768,0,0
0.570750278042,14943,2.9772,0,0
0.57075028389361,14944,2.9776,0,0
0.57075028964165,14945,2.978,0,0
0.57075029528613,14946,2.9784,0,0
0.57075030082704,14947,2.9788,0,0
0.57075030626438,14948,2.9792,0,0
0.57075031159815,14949,2.9796,0,0
0.57075031682835,14950,2.98,0,0
0.57075032195499,14951,2.9804,0,0
0.57075032697805,14952,2.9808,0,0
0.57075033189755,14953,2.9812,0,0
0.57075033671348,14954,2.9816,0,0
0.57075034142584,14955,2.982,0,0
0.57075034603463,14956,2.9824,0,0
0.57075035053986,14957,2.9828,0,0
0.57075035494151,14958,2.9832,0,0
0.5707503592396,14959,2.9836,0,0
0.57075036343412,14960,2.984,0,0
0.57075036752507,14961,2.9844,0,0
0.57075037151245,14962,2.9848,0,0
0.57075037539626,14963,2.9852,0,0
0.57075037917651,14964,2.9856,0,0
0.57075038285318,14965,2.986,0,0
0.57075038642629,14966,2.9864,0,0
0.57075038989583,14967,2.9868,0,0
0.5707503932618,14968,2.9872,0,0
0.57075039652421,14969,2.9876,0,0
0.57075039968304,14970,2.988,0,0
0.57075040273831,14971,2.9884,0,0
0.57075040569001,14972,2.9888,0,0
0.57075040853813,14973,2.9892,0,0
0.5707504112827,14974,2.9896,0,0
0.57075041392369,14975,2.99,0,0
0.57075041646111,14976,2.9904,0,0
0.57075041889497,14977,2.9908,0,0
0.57075042122526,14978,2.9912,0,0
0.57075042345198,14979,2.9916,0,0
0.57075042557513,14980,2.992,0,0
0.57075042759471,14981,2.9924,0,0
0.57075042951073,14982,2.9928,0,0
0.57075043132317,14983,2.9932,0,0
0.57075043303205,14984,2.9936,0,0
0.57075043463736,14985,2.994,0,0
0.5707504361391,14986,2.9944,0,0
0.57075043753727,14987,2.9948,0,0
0.57075043883188,14988,2.9952,0,0
0.57075044002291,14989,2.9956,0,0
0.57075044111038,14990,2.996,0,0
0.57075044209428,14991,2.9964,0,0
0.57075044297461,14992,2.9968,0,0
0.57075044375137,14993,2.9972,0,0
0.57075044442457,14994,2.9976,0,0
0.57075044499419,14995,2.998,0,0
0.57075044546025,14996,2.9984,0,0
0.57075044582274,14997,2.9988,0,0
0.57075044608166,14998,2.9992,0,0
0.57075044623701,14999,2.9996,0,0
0.5707504462888,15000,3,0,0
