ci,id,x,y,z
0.75782274510898,0,-2,0,0
0.75782274514771,1,-1.9996,0,0
0.7578227452639,2,-1.9992,0,0
0.75782274545756,3,-1.9988,0,0
0.75782274572867,4,-1.9984,0,0
0.75782274607725,5,-1.998,0,0
0.75782274650329,6,-1.9976,0,0
0.75782274700679,7,-1.9972,0,0
0.75782274758775,8,-1.9968,0,0
0.75782274824618,9,-1.9964,0,0
0.75782274898206,10,-1.996,0,0
0.75782274979541,11,-1.9956,0,0
0.75782275068622,12,-1.9952,0,0
0.75782275165449,13,-1.9948,0,0
0.75782275270022,14,-1.9944,0,0
0.75782275382341,15,-1.994,0,0
0.75782275502407,16,-1.9936,0,0
0.75782275630218,17,-1.9932,0,0
0.75782275765776,18,-1.9928,0,0
0.7578227590908,19,-1.9924,0,0
0.7578227606013,20,-1.992,0,0
0.75782276218927,21,-1.9916,0,0
0.75782276385469,22,-1.9912,0,0
0.75782276559758,23,-1.9908,0,0
0.75782276741793,24,-1.9904,0,0
0.75782276931574,25,-1.99,0,0
0.75782277129101,26,-1.9896,0,0
0.75782277334374,27,-1.9892,0,0
0.75782277547393,28,-1.9888,0,0
0.75782277768159,29,-1.9884,0,0
0.75782277996671,30,-1.988,0,0
0.75782278232929,31,-1.9876,0,0
0.75782278476933,32,-1.9872,0,0
0.75782278728683,33,-1.9868,0,0
0.7578227898818,34,-1.9864,0,0
0.75782279255422,35,-1.986,0,0
0.75782279530411,36,-1.9856,0,0
0.75782279813146,37,-1.9852,0,0
0.75782280103627,38,-1.9848,0,0
0.75782280401854,39,-1.9844,0,0
0.75782280707827,40,-1.984,0,0
0.75782281021547,41,-1.9836,0,0
0.75782281343013,42,-1.9832,0,0
0.75782281672225,43,-1.9828,0,0
0.75782282009183,44,-1.9824,0,0
0.75782282353887,45,-1.982,0,0
0.75782282706337,46,-1.9816,0,0
0.75782283066534,47,-1.9812,0,0
0.75782283434476,48,-1.9808,0,0
0.75782283810165,49,-1.9804,0,0
0.757822841936,50,-1.98,0,0
0.75782284584781,51,-1.9796,0,0
0.75782284983708,52,-1.9792,0,0
0.75782285390382,53,-1.9788,0,0
0.75782285804801,54,-1.9784,0,0
0.75782286226967,55,-1.978,0,0
0.75782286656879,56,-1.9776,0,0
0.75782287094537,57,-1.9772,0,0
0.75782287539941,58,-1.9768,0,0
0.75782287993092,59,-1.9764,0,0
0.75782288453988,60,-1.976,0,0
0.75782288922631,61,-1.9756,0,0
0.7578228939902,62,-1.9752,0,0
0.75782289883155,63,-1.9748,0,0
0.75782290375036,64,-1.9744,0,0
0.75782290874663,65,-1.974,0,0
0.75782291382037,66,-1.9736,0,0
0.75782291897156,67,-1.9732,0,0
0.75782292420022,68,-1.9728,0,0
0.75782292950634,69,-1.9724,0,0
0.75782293488992,70,-1.972,0,0
0.75782294035096,71,-1.9716,0,0
0.75782294588947,72,-1.9712,0,0
0.75782295150543,73,-1.9708,0,0
0.75782295719886,74,-1.9704,0,0
0.75782296296975,75,-1.97,0,0
0.7578229688181,76,-1.9696,0,0
0.75782297474391,77,-1.9692,0,0
0.75782298074718,78,-1.9688,0,0
0.75782298682792,79,-1.9684,0,0
0.75782299298611,80,-1.968,0,0
0.75782299922177,81,-1.9676,0,0
0.75782300553489,82,-1.9672,0,0
0.75782301192547,83,-1.9668,0,0
0.75782301839351,84,-1.9664,0,0
0.75782302493901,85,-1.966,0,0
0.75782303156198,86,-1.9656,0,0
0.75782303826241,87,-1.9652,0,0
0.75782304504029,88,-1.9648,0,0
0.75782305189564,89,-1.9644,0,0
0.75782305882845,90,-1.964,0,0
0.75782306583873,91,-1.9636,0,0
0.75782307292646,92,-1.9632,0,0
0.75782308009166,93,-1.9628,0,0
0.75782308733431,94,-1.9624,0,0
0.75782309465443,95,-1.962,0,0
0.75782310205201,96,-1.9616,0,0
0.75782310952705,97,-1.9612,0,0
0.75782311707955,98,-1.9608,0,0
0.75782312470952,99,-1.9604,0,0
0.75782313241694,100,-1.96,0,0
0.75782314020183,101,-1.9596,0,0
0.75782314806418,102,-1.9592,0,0
0.75782315600399,103,-1.9588,0,0
0.75782316402126,104,-1.9584,0,0
0.75782317211599,105,-1.958,0,0
0.75782318028819,106,-1.9576,0,0
0.75782318853784,107,-1.9572,0,0
0.75782319686496,108,-1.9568,0,0
0.75782320526954,109,-1.9564,0,0
0.75782321375158,110,-1.956,0,0
0.75782322231108,111,-1.9556,0,0
0.75782323094804,112,-1.9552,0,0
0.75782323966246,113,-1.9548,0,0
0.75782324845435,114,-1.9544,0,0
0.7578232573237,115,-1.954,0,0
0.7578232662705,116,-1.9536,0,0
0.75782327529477,117,-1.9532,0,0
0.75782328439651,118,-1.9528,0,0
0.7578232935757,119,-1.9524,0,0
0.75782330283235,120,-1.952,0,0
0.75782331216647,121,-1.9516,0,0
0.75782332157804,122,-1.9512,0,0
0.75782333106708,123,-1.9508,0,0
0.75782334063358,124,-1.9504,0,0
0.75782335027754,125,-1.95,0,0
0.75782335999896,126,-1.9496,0,0
0.75782336979784,127,-1.9492,0,0
0.75782337967419,128,-1.9488,0,0
0.75782338962799,129,-1.9484,0,0
0.75782339965926,130,-1.948,0,0
0.75782340976799,131,-1.9476,0,0
0.75782341995418,132,-1.9472,0,0
0.75782343021783,133,-1.9468,0,0
0.75782344055894,134,-1.9464,0,0
0.75782345097752,135,-1.946,0,0
0.75782346147355,136,-1.9456,0,0
0.75782347204705,137,-1.9452,0,0
0.757823482698,138,-1.9448,0,0
0.75782349342642,139,-1.9444,0,0
0.7578235042323,140,-1.944,0,0
0.75782351511564,141,-1.9436,0,0
0.75782352607645,142,-1.9432,0,0
0.75782353711471,143,-1.9428,0,0
0.75782354823043,144,-1.9424,0,0
0.75782355942362,145,-1.942,0,0
0.75782357069427,146,-1.9416,0,0
0.75782358204238,147,-1.9412,0,0
0.75782359346795,148,-1.9408,0,0
0.75782360497098,149,-1.9404,0,0
0.75782361655147,150,-1.94,0,0
0.75782362820942,151,-1.9396,0,0
0.75782363994484,152,-1.9392,0,0
0.75782365175771,153,-1.9388,0,0
0.75782366364805,154,-1.9384,0,0
0.75782367561585,155,-1.938,0,0
0.75782368766111,156,-1.9376,0,0
0.75782369978383,157,-1.9372,0,0
0.75782371198401,158,-1.9368,0,0
0.75782372426165,159,-1.9364,0,0
0.75782373661676,160,-1.936,0,0
0.75782374904932,161,-1.9356,0,0
0.75782376155935,162,-1.9352,0,0
0.75782377414684,163,-1.9348,0,0
0.75782378681179,164,-1.9344,0,0
0.7578237995542,165,-1.934,0,0
0.75782381237407,166,-1.9336,0,0
0.7578238252714,167,-1.9332,0,0
0.75782383824619,168,-1.9328,0,0
0.75782385129845,169,-1.9324,0,0
0.75782386442816,170,-1.932,0,0
0.75782387763534,171,-1.9316,0,0
0.75782389091998,172,-1.9312,0,0
0.75782390428207,173,-1.9308,0,0
0.75782391772163,174,-1.9304,0,0
0.75782393123866,175,-1.93,0,0
0.75782394483314,176,-1.9296,0,0
0.75782395850508,177,-1.9292,0,0
0.75782397225448,178,-1.9288,0,0
0.75782398608135,179,-1.9284,0,0
0.75782399998568,180,-1.928,0,0
0.75782401396746,181,-1.9276,0,0
0.75782402802671,182,-1.9272,0,0
0.75782404216342,183,-1.9268,0,0
0.75782405637759,184,-1.9264,0,0
0.75782407066922,185,-1.926,0,0
0.75782408503831,186,-1.9256,0,0
0.75782409948487,187,-1.9252,0,0
0.75782411400888,188,-1.9248,0,0
0.75782412861036,189,-1.9244,0,0
0.75782414328929,190,-1.924,0,0
0.75782415804569,191,-1.9236,0,0
0.75782417287955,192,-1.9232,0,0
0.75782418779087,193,-1.9228,0,0
0.75782420277964,194,-1.9224,0,0
0.75782421784589,195,-1.922,0,0
0.75782423298959,196,-1.9216,0,0
0.75782424821075,197,-1.9212,0,0
0.75782426350937,198,-1.9208,0,0
0.75782427888546,199,-1.9204,0,0
0.757824294339,200,-1.92,0,0
0.75782430987001,201,-1.9196,0,0
0.75782432547848,202,-1.9192,0,0
0.7578243411644,203,-1.9188,0,0
0.75782435692779,204,-1.9184,0,0
0.75782437276864,205,-1.918,0,0
0.75782438868695,206,-1.9176,0,0
0.75782440468273,207,-1.9172,0,0
0.75782442075596,208,-1.9168,0,0
0.75782443690665,209,-1.9164,0,0
0.7578244531348,210,-1.916,0,0
0.75782446944042,211,-1.9156,0,0
0.75782448582349,212,-1.9152,0,0
0.75782450228403,213,-1.9148,0,0
0.75782451882203,214,-1.9144,0,0
0.75782453543749,215,-1.914,0,0
0.75782455213041,216,-1.9136,0,0
0.75782456890078,217,-1.9132,0,0
0.75782458574862,218,-1.9128,0,0
0.75782460267393,219,-1.9124,0,0
0.75782461967669,220,-1.912,0,0
0.75782463675691,221,-1.9116,0,0
0.75782465391459,222,-1.9112,0,0
0.75782467114974,223,-1.9108,0,0
0.75782468846234,224,-1.9104,0,0
0.75782470585241,225,-1.91,0,0
0.75782472331993,226,-1.9096,0,0
0.75782474086492,227,-1.9092,0,0
0.75782475848737,228,-1.9088,0,0
0.75782477618728,229,-1.9084,0,0
0.75782479396464,230,-1.908,0,0
0.75782481181947,231,-1.9076,0,0
0.75782482975176,232,-1.9072,0,0
0.75782484776151,233,-1.9068,0,0
0.75782486584873,234,-1.9064,0,0
0.7578248840134,235,-1.906,0,0
0.75782490225553,236,-1.9056,0,0
0.75782492057512,237,-1.9052,0,0
0.75782493897218,238,-1.9048,0,0
0.75782495744669,239,-1.9044,0,0
0.75782497599867,240,-1.904,0,0
0.7578249946281,241,-1.9036,0,0
0.757825013335,242,-1.9032,0,0
0.75782503211935,243,-1.9028,0,0
0.75782505098117,244,-1.9024,0,0
0.75782506992045,245,-1.902,0,0
0.75782508893719,246,-1.9016,0,0
0.75782510803139,247,-1.9012,0,0
0.75782512720304,248,-1.9008,0,0
0.75782514645216,249,-1.9004,0,0
0.75782516577874,250,-1.9,0,0
0.75782518518279,251,-1.8996,0,0
0.75782520466429,252,-1.8992,0,0
0.75782522422325,253,-1.8988,0,0
0.75782524385967,254,-1.8984,0,0
0.75782526357355,255,-1.898,0,0
0.75782528336489,256,-1.8976,0,0
0.7578253032337,257,-1.8972,0,0
0.75782532317996,258,-1.8968,0,0
0.75782534320369,259,-1.8964,0,0
0.75782536330487,260,-1.896,0,0
0.75782538348352,261,-1.8956,0,0
0.75782540373962,262,-1.8952,0,0
0.75782542407319,263,-1.8948,0,0
0.75782544448421,264,-1.8944,0,0
0.7578254649727,265,-1.894,0,0
0.75782548553865,266,-1.8936,0,0
0.75782550618205,267,-1.8932,0,0
0.75782552690292,268,-1.8928,0,0
0.75782554770125,269,-1.8924,0,0
0.75782556857704,270,-1.892,0,0
0.75782558953028,271,-1.8916,0,0
0.75782561056099,272,-1.8912,0,0
0.75782563166916,273,-1.8908,0,0
0.75782565285479,274,-1.8904,0,0
0.75782567411788,275,-1.89,0,0
0.75782569545843,276,-1.8896,0,0
0.75782571687644,277,-1.8892,0,0
0.75782573837191,278,-1.8888,0,0
0.75782575994484,279,-1.8884,0,0
0.75782578159523,280,-1.888,0,0
0.75782580332308,281,-1.8876,0,0
0.75782582512839,282,-1.8872,0,0
0.75782584701116,283,-1.8868,0,0
0.75782586897139,284,-1.8864,0,0
0.75782589100908,285,-1.886,0,0
0.75782591312423,286,-1.8856,0,0
0.75782593531685,287,-1.8852,0,0
0.75782595758692,288,-1.8848,0,0
0.75782597993445,289,-1.8844,0,0
0.75782600235944,290,-1.884,0,0
0.75782602486189,291,-1.8836,0,0
0.7578260474418,292,-1.8832,0,0
0.75782607009918,293,-1.8828,0,0
0.75782609283401,294,-1.8824,0,0
0.7578261156463,295,-1.882,0,0
0.75782613853605,296,-1.8816,0,0
0.75782616150327,297,-1.8812,0,0
0.75782618454794,298,-1.8808,0,0
0.75782620767007,299,-1.8804,0,0
0.75782623086966,300,-1.88,0,0
0.75782625414671,301,-1.8796,0,0
0.75782627750123,302,-1.8792,0,0
0.7578263009332,303,-1.8788,0,0
0.75782632444263,304,-1.8784,0,0
0.75782634802952,305,-1.878,0,0
0.75782637169387,306,-1.8776,0,0
0.75782639543568,307,-1.8772,0,0
0.75782641925496,308,-1.8768,0,0
0.75782644315169,309,-1.8764,0,0
0.75782646712588,310,-1.876,0,0
0.75782649117753,311,-1.8756,0,0
0.75782651530664,312,-1.8752,0,0
0.75782653951321,313,-1.8748,0,0
0.75782656379724,314,-1.8744,0,0
0.75782658815873,315,-1.874,0,0
0.75782661259768,316,-1.8736,0,0
0.75782663711409,317,-1.8732,0,0
0.75782666170796,318,-1.8728,0,0
0.75782668637929,319,-1.8724,0,0
0.75782671112808,320,-1.872,0,0
0.75782673595433,321,-1.8716,0,0
0.75782676085804,322,-1.8712,0,0
0.75782678583921,323,-1.8708,0,0
0.75782681089784,324,-1.8704,0,0
0.75782683603393,325,-1.87,0,0
0.75782686124747,326,-1.8696,0,0
0.75782688653848,327,-1.8692,0,0
0.75782691190695,328,-1.8688,0,0
0.75782693735288,329,-1.8684,0,0
0.75782696287626,330,-1.868,0,0
0.75782698847711,331,-1.8676,0,0
0.75782701415541,332,-1.8672,0,0
0.75782703991118,333,-1.8668,0,0
0.7578270657444,334,-1.8664,0,0
0.75782709165509,335,-1.866,0,0
0.75782711764323,336,-1.8656,0,0
0.75782714370884,337,-1.8652,0,0
0.7578271698519,338,-1.8648,0,0
0.75782719607242,339,-1.8644,0,0
0.7578272223704,340,-1.864,0,0
0.75782724874584,341,-1.8636,0,0
0.75782727519875,342,-1.8632,0,0
0.75782730172911,343,-1.8628,0,0
0.75782732833693,344,-1.8624,0,0
0.75782735502221,345,-1.862,0,0
0.75782738178495,346,-1.8616,0,0
0.75782740862514,347,-1.8612,0,0
0.7578274355428,348,-1.8608,0,0
0.75782746253792,349,-1.8604,0,0
0.75782748961049,350,-1.86,0,0
0.75782751676053,351,-1.8596,0,0
0.75782754398803,352,-1.8592,0,0
0.75782757129298,353,-1.8588,0,0
0.75782759867539,354,-1.8584,0,0
0.75782762613527,355,-1.858,0,0
0.7578276536726,356,-1.8576,0,0
0.75782768128739,357,-1.8572,0,0
0.75782770897964,358,-1.8568,0,0
0.75782773674935,359,-1.8564,0,0
0.75782776459652,360,-1.856,0,0
0.75782779252115,361,-1.8556,0,0
0.75782782052324,362,-1.8552,0,0
0.75782784860279,363,-1.8548,0,0
0.7578278767598,364,-1.8544,0,0
0.75782790499426,365,-1.854,0,0
0.75782793330619,366,-1.8536,0,0
0.75782796169557,367,-1.8532,0,0
0.75782799016241,368,-1.8528,0,0
0.75782801870672,369,-1.8524,0,0
0.75782804732848,370,-1.852,0,0
0.7578280760277,371,-1.8516,0,0
0.75782810480438,372,-1.8512,0,0
0.75782813365852,373,-1.8508,0,0
0.75782816259012,374,-1.8504,0,0
0.75782819159917,375,-1.85,0,0
0.75782822068569,376,-1.8496,0,0
0.75782824984967,377,-1.8492,0,0
0.7578282790911,378,-1.8488,0,0
0.75782830840999,379,-1.8484,0,0
0.75782833780634,380,-1.848,0,0
0.75782836728016,381,-1.8476,0,0
0.75782839683143,382,-1.8472,0,0
0.75782842646016,383,-1.8468,0,0
0.75782845616634,384,-1.8464,0,0
0.75782848594999,385,-1.846,0,0
0.7578285158111,386,-1.8456,0,0
0.75782854574966,387,-1.8452,0,0
0.75782857576568,388,-1.8448,0,0
0.75782860585917,389,-1.8444,0,0
0.75782863603011,390,-1.844,0,0
0.75782866627851,391,-1.8436,0,0
0.75782869660437,392,-1.8432,0,0
0.75782872700769,393,-1.8428,0,0
0.75782875748846,394,-1.8424,0,0
0.7578287880467,395,-1.842,0,0
0.75782881868239,396,-1.8416,0,0
0.75782884939554,397,-1.8412,0,0
0.75782888018616,398,-1.8408,0,0
0.75782891105423,399,-1.8404,0,0
0.75782894199976,400,-1.84,0,0
0.75782897302274,401,-1.8396,0,0
0.75782900412319,402,-1.8392,0,0
0.75782903530109,403,-1.8388,0,0
0.75782906655646,404,-1.8384,0,0
0.75782909788928,405,-1.838,0,0
0.75782912929956,406,-1.8376,0,0
0.7578291607873,407,-1.8372,0,0
0.7578291923525,408,-1.8368,0,0
0.75782922399516,409,-1.8364,0,0
0.75782925571527,410,-1.836,0,0
0.75782928751285,411,-1.8356,0,0
0.75782931938788,412,-1.8352,0,0
0.75782935134037,413,-1.8348,0,0
0.75782938337032,414,-1.8344,0,0
0.75782941547773,415,-1.834,0,0
0.75782944766259,416,-1.8336,0,0
0.75782947992492,417,-1.8332,0,0
0.7578295122647,418,-1.8328,0,0
0.75782954468194,419,-1.8324,0,0
0.75782957717664,420,-1.832,0,0
0.7578296097488,421,-1.8316,0,0
0.75782964239842,422,-1.8312,0,0
0.75782967512549,423,-1.8308,0,0
0.75782970793003,424,-1.8304,0,0
0.75782974081202,425,-1.83,0,0
0.75782977377147,426,-1.8296,0,0
0.75782980680838,427,-1.8292,0,0
0.75782983992274,428,-1.8288,0,0
0.75782987311457,429,-1.8284,0,0
0.75782990638385,430,-1.828,0,0
0.75782993973059,431,-1.8276,0,0
0.75782997315479,432,-1.8272,0,0
0.75783000665645,433,-1.8268,0,0
0.75783004023557,434,-1.8264,0,0
0.75783007389214,435,-1.826,0,0
0.75783010762617,436,-1.8256,0,0
0.75783014143766,437,-1.8252,0,0
0.75783017532661,438,-1.8248,0,0
0.75783020929302,439,-1.8244,0,0
0.75783024333689,440,-1.824,0,0
0.75783027745821,441,-1.8236,0,0
0.75783031165699,442,-1.8232,0,0
0.75783034593323,443,-1.8228,0,0
0.75783038028693,444,-1.8224,0,0
0.75783041471808,445,-1.822,0,0
0.75783044922669,446,-1.8216,0,0
0.75783048381276,447,-1.8212,0,0
0.75783051847629,448,-1.8208,0,0
0.75783055321728,449,-1.8204,0,0
0.75783058803573,450,-1.82,0,0
0.75783062293163,451,-1.8196,0,0
0.75783065790499,452,-1.8192,0,0
0.75783069295581,453,-1.8188,0,0
0.75783072808408,454,-1.8184,0,0
0.75783076328982,455,-1.818,0,0
0.75783079857301,456,-1.8176,0,0
0.75783083393366,457,-1.8172,0,0
0.75783086937177,458,-1.8168,0,0
0.75783090488733,459,-1.8164,0,0
0.75783094048036,460,-1.816,0,0
0.75783097615084,461,-1.8156,0,0
0.75783101189878,462,-1.8152,0,0
0.75783104772417,463,-1.8148,0,0
0.75783108362703,464,-1.8144,0,0
0.75783111960734,465,-1.814,0,0
0.75783115566511,466,-1.8136,0,0
0.75783119180034,467,-1.8132,0,0
0.75783122801302,468,-1.8128,0,0
0.75783126430316,469,-1.8124,0,0
0.75783130067076,470,-1.812,0,0
0.75783133711582,471,-1.8116,0,0
0.75783137363834,472,-1.8112,0,0
0.75783141023831,473,-1.8108,0,0
0.75783144691574,474,-1.8104,0,0
0.75783148367063,475,-1.81,0,0
0.75783152050297,476,-1.8096,0,0
0.75783155741278,477,-1.8092,0,0
0.75783159440004,478,-1.8088,0,0
0.75783163146475,479,-1.8084,0,0
0.75783166860693,480,-1.808,0,0
0.75783170582656,481,-1.8076,0,0
0.75783174312365,482,-1.8072,0,0
0.7578317804982,483,-1.8068,0,0
0.7578318179502,484,-1.8064,0,0
0.75783185547966,485,-1.806,0,0
0.75783189308658,486,-1.8056,0,0
0.75783193077096,487,-1.8052,0,0
0.75783196853279,488,-1.8048,0,0
0.75783200637208,489,-1.8044,0,0
0.75783204428883,490,-1.804,0,0
0.75783208228304,491,-1.8036,0,0
0.7578321203547,492,-1.8032,0,0
0.75783215850382,493,-1.8028,0,0
0.7578321967304,494,-1.8024,0,0
0.75783223503443,495,-1.802,0,0
0.75783227341592,496,-1.8016,0,0
0.75783231187487,497,-1.8012,0,0
0.75783235041128,498,-1.8008,0,0
0.75783238902514,499,-1.8004,0,0
0.75783242771646,500,-1.8,0,0
0.75783246648523,501,-1.7996,0,0
0.75783250533147,502,-1.7992,0,0
0.75783254425516,503,-1.7988,0,0
0.75783258325631,504,-1.7984,0,0
0.75783262233491,505,-1.798,0,0
0.75783266149097,506,-1.7976,0,0
0.75783270072449,507,-1.7972,0,0
0.75783274003547,508,-1.7968,0,0
0.7578327794239,509,-1.7964,0,0
0.75783281888979,510,-1.796,0,0
0.75783285843313,511,-1.7956,0,0
0.75783289805394,512,-1.7952,0,0
0.7578329377522,513,-1.7948,0,0
0.75783297752791,514,-1.7944,0,0
0.75783301738109,515,-1.794,0,0
0.75783305731172,516,-1.7936,0,0
0.7578330973198,517,-1.7932,0,0
0.75783313740535,518,-1.7928,0,0
0.75783317756835,519,-1.7924,0,0
0.75783321780881,520,-1.792,0,0
0.75783325812672,521,-1.7916,0,0
0.75783329852209,522,-1.7912,0,0
0.75783333899492,523,-1.7908,0,0
0.7578333795452,524,-1.7904,0,0
0.75783342017294,525,-1.79,0,0
0.75783346087814,526,-1.7896,0,0
0.75783350166079,527,-1.7892,0,0
0.7578335425209,528,-1.7888,0,0
0.75783358345847,529,-1.7884,0,0
0.75783362447349,530,-1.788,0,0
0.75783366556597,531,-1.7876,0,0
0.7578337067359,532,-1.7872,0,0
0.7578337479833,533,-1.7868,0,0
0.75783378930814,534,-1.7864,0,0
0.75783383071045,535,-1.786,0,0
0.75783387219021,536,-1.7856,0,0
0.75783391374743,537,-1.7852,0,0
0.7578339553821,538,-1.7848,0,0
0.75783399709423,539,-1.7844,0,0
0.75783403888382,540,-1.784,0,0
0.75783408075086,541,-1.7836,0,0
0.75783412269536,542,-1.7832,0,0
0.75783416471732,543,-1.7828,0,0
0.75783420681673,544,-1.7824,0,0
0.7578342489936,545,-1.782,0,0
0.75783429124792,546,-1.7816,0,0
0.7578343335797,547,-1.7812,0,0
0.75783437598894,548,-1.7808,0,0
0.75783441847563,549,-1.7804,0,0
0.75783446103978,550,-1.78,0,0
0.75783450368138,551,-1.7796,0,0
0.75783454640044,552,-1.7792,0,0
0.75783458919696,553,-1.7788,0,0
0.75783463207093,554,-1.7784,0,0
0.75783467502236,555,-1.778,0,0
0.75783471805125,556,-1.7776,0,0
0.75783476115759,557,-1.7772,0,0
0.75783480434138,558,-1.7768,0,0
0.75783484760264,559,-1.7764,0,0
0.75783489094134,560,-1.776,0,0
0.75783493435751,561,-1.7756,0,0
0.75783497785113,562,-1.7752,0,0
0.7578350214222,563,-1.7748,0,0
0.75783506507074,564,-1.7744,0,0
0.75783510879672,565,-1.774,0,0
0.75783515260017,566,-1.7736,0,0
0.75783519648107,567,-1.7732,0,0
0.75783524043942,568,-1.7728,0,0
0.75783528447523,569,-1.7724,0,0
0.7578353285885,570,-1.772,0,0
0.75783537277922,571,-1.7716,0,0
0.7578354170474,572,-1.7712,0,0
0.75783546139303,573,-1.7708,0,0
0.75783550581612,574,-1.7704,0,0
0.75783555031666,575,-1.77,0,0
0.75783559489466,576,-1.7696,0,0
0.75783563955012,577,-1.7692,0,0
0.75783568428303,578,-1.7688,0,0
0.7578357290934,579,-1.7684,0,0
0.75783577398122,580,-1.768,0,0
0.7578358189465,581,-1.7676,0,0
0.75783586398923,582,-1.7672,0,0
0.75783590910942,583,-1.7668,0,0
0.75783595430706,584,-1.7664,0,0
0.75783599958216,585,-1.766,0,0
0.75783604493472,586,-1.7656,0,0
0.75783609036473,587,-1.7652,0,0
0.75783613587219,588,-1.7648,0,0
0.75783618145711,589,-1.7644,0,0
0.75783622711949,590,-1.764,0,0
0.75783627285932,591,-1.7636,0,0
0.7578363186766,592,-1.7632,0,0
0.75783636457134,593,-1.7628,0,0
0.75783641054354,594,-1.7624,0,0
0.75783645659319,595,-1.762,0,0
0.7578365027203,596,-1.7616,0,0
0.75783654892486,597,-1.7612,0,0
0.75783659520688,598,-1.7608,0,0
0.75783664156635,599,-1.7604,0,0
0.75783668800328,600,-1.76,0,0
0.75783673451766,601,-1.7596,0,0
0.7578367811095,602,-1.7592,0,0
0.75783682777879,603,-1.7588,0,0
0.75783687452554,604,-1.7584,0,0
0.75783692134974,605,-1.758,0,0
0.7578369682514,606,-1.7576,0,0
0.75783701523051,607,-1.7572,0,0
0.75783706228707,608,-1.7568,0,0
0.7578371094211,609,-1.7564,0,0
0.75783715663257,610,-1.756,0,0
0.7578372039215,611,-1.7556,0,0
0.75783725128789,612,-1.7552,0,0
0.75783729873173,613,-1.7548,0,0
0.75783734625303,614,-1.7544,0,0
0.75783739385178,615,-1.754,0,0
0.75783744152798,616,-1.7536,0,0
0.75783748928164,617,-1.7532,0,0
0.75783753711275,618,-1.7528,0,0
0.75783758502132,619,-1.7524,0,0
0.75783763300735,620,-1.752,0,0
0.75783768107082,621,-1.7516,0,0
0.75783772921176,622,-1.7512,0,0
0.75783777743014,623,-1.7508,0,0
0.75783782572599,624,-1.7504,0,0
0.75783787409928,625,-1.75,0,0
0.75783792255003,626,-1.7496,0,0
0.75783797107824,627,-1.7492,0,0
0.7578380196839,628,-1.7488,0,0
0.75783806836701,629,-1.7484,0,0
0.75783811712758,630,-1.748,0,0
0.7578381659656,631,-1.7476,0,0
0.75783821488108,632,-1.7472,0,0
0.75783826387401,633,-1.7468,0,0
0.7578383129444,634,-1.7464,0,0
0.75783836209223,635,-1.746,0,0
0.75783841131753,636,-1.7456,0,0
0.75783846062028,637,-1.7452,0,0
0.75783851000048,638,-1.7448,0,0
0.75783855945814,639,-1.7444,0,0
0.75783860899325,640,-1.744,0,0
0.75783865860581,641,-1.7436,0,0
0.75783870829583,642,-1.7432,0,0
0.7578387580633,643,-1.7428,0,0
0.75783880790823,644,-1.7424,0,0
0.75783885783061,645,-1.742,0,0
0.75783890783045,646,-1.7416,0,0
0.75783895790774,647,-1.7412,0,0
0.75783900806248,648,-1.7408,0,0
0.75783905829468,649,-1.7404,0,0
0.75783910860433,650,-1.74,0,0
0.75783915899143,651,-1.7396,0,0
0.75783920945599,652,-1.7392,0,0
0.757839259998,653,-1.7388,0,0
0.75783931061747,654,-1.7384,0,0
0.75783936131439,655,-1.738,0,0
0.75783941208876,656,-1.7376,0,0
0.75783946294059,657,-1.7372,0,0
0.75783951386987,658,-1.7368,0,0
0.7578395648766,659,-1.7364,0,0
0.75783961596079,660,-1.736,0,0
0.75783966712244,661,-1.7356,0,0
0.75783971836153,662,-1.7352,0,0
0.75783976967808,663,-1.7348,0,0
0.75783982107208,664,-1.7344,0,0
0.75783987254354,665,-1.734,0,0
0.75783992409245,666,-1.7336,0,0
0.75783997571881,667,-1.7332,0,0
0.75784002742263,668,-1.7328,0,0
0.7578400792039,669,-1.7324,0,0
0.75784013106262,670,-1.732,0,0
0.7578401829988,671,-1.7316,0,0
0.75784023501243,672,-1.7312,0,0
0.75784028710352,673,-1.7308,0,0
0.75784033927205,674,-1.7304,0,0
0.75784039151804,675,-1.73,0,0
0.75784044384149,676,-1.7296,0,0
0.75784049624239,677,-1.7292,0,0
0.75784054872074,678,-1.7288,0,0
0.75784060127654,679,-1.7284,0,0
0.7578406539098,680,-1.728,0,0
0.75784070662051,681,-1.7276,0,0
0.75784075940867,682,-1.7272,0,0
0.75784081227429,683,-1.7268,0,0
0.75784086521735,684,-1.7264,0,0
0.75784091823788,685,-1.726,0,0
0.75784097133585,686,-1.7256,0,0
0.75784102451128,687,-1.7252,0,0
0.75784107776416,688,-1.7248,0,0
0.7578411310945,689,-1.7244,0,0
0.75784118450228,690,-1.724,0,0
0.75784123798752,691,-1.7236,0,0
0.75784129155022,692,-1.7232,0,0
0.75784134519036,693,-1.7228,0,0
0.75784139890796,694,-1.7224,0,0
0.75784145270301,695,-1.722,0,0
0.75784150657551,696,-1.7216,0,0
0.75784156052547,697,-1.7212,0,0
0.75784161455288,698,-1.7208,0,0
0.75784166865774,699,-1.7204,0,0
0.75784172284006,700,-1.72,0,0
0.75784177709983,701,-1.7196,0,0
0.75784183143705,702,-1.7192,0,0
0.75784188585172,703,-1.7188,0,0
0.75784194034384,704,-1.7184,0,0
0.75784199491342,705,-1.718,0,0
0.75784204956045,706,-1.7176,0,0
0.75784210428494,707,-1.7172,0,0
0.75784215908687,708,-1.7168,0,0
0.75784221396626,709,-1.7164,0,0
0.7578422689231,710,-1.716,0,0
0.75784232395739,711,-1.7156,0,0
0.75784237906914,712,-1.7152,0,0
0.75784243425833,713,-1.7148,0,0
0.75784248952498,714,-1.7144,0,0
0.75784254486909,715,-1.714,0,0
0.75784260029064,716,-1.7136,0,0
0.75784265578965,717,-1.7132,0,0
0.7578427113661,718,-1.7128,0,0
0.75784276702002,719,-1.7124,0,0
0.75784282275138,720,-1.712,0,0
0.75784287856019,721,-1.7116,0,0
0.75784293444646,722,-1.7112,0,0
0.75784299041018,723,-1.7108,0,0
0.75784304645135,724,-1.7104,0,0
0.75784310256997,725,-1.71,0,0
0.75784315876605,726,-1.7096,0,0
0.75784321503958,727,-1.7092,0,0
0.75784327139056,728,-1.7088,0,0
0.75784332781899,729,-1.7084,0,0
0.75784338432487,730,-1.708,0,0
0.7578434409082,731,-1.7076,0,0
0.75784349756899,732,-1.7072,0,0
0.75784355430723,733,-1.7068,0,0
0.75784361112292,734,-1.7064,0,0
0.75784366801606,735,-1.706,0,0
0.75784372498666,736,-1.7056,0,0
0.7578437820347,737,-1.7052,0,0
0.7578438391602,738,-1.7048,0,0
0.75784389636315,739,-1.7044,0,0
0.75784395364355,740,-1.704,0,0
0.7578440110014,741,-1.7036,0,0
0.7578440684367,742,-1.7032,0,0
0.75784412594946,743,-1.7028,0,0
0.75784418353966,744,-1.7024,0,0
0.75784424120732,745,-1.702,0,0
0.75784429895243,746,-1.7016,0,0
0.75784435677499,747,-1.7012,0,0
0.757844414675,748,-1.7008,0,0
0.75784447265247,749,-1.7004,0,0
0.75784453070738,750,-1.7,0,0
0.75784458883975,751,-1.6996,0,0
0.75784464704957,752,-1.6992,0,0
0.75784470533684,753,-1.6988,0,0
0.75784476370156,754,-1.6984,0,0
0.75784482214373,755,-1.698,0,0
0.75784488066335,756,-1.6976,0,0
0.75784493926042,757,-1.6972,0,0
0.75784499793495,758,-1.6968,0,0
0.75784505668692,759,-1.6964,0,0
0.75784511551635,760,-1.696,0,0
0.75784517442323,761,-1.6956,0,0
0.75784523340756,762,-1.6952,0,0
0.75784529246934,763,-1.6948,0,0
0.75784535160857,764,-1.6944,0,0
0.75784541082525,765,-1.694,0,0
0.75784547011938,766,-1.6936,0,0
0.75784552949097,767,-1.6932,0,0
0.75784558894,768,-1.6928,0,0
0.75784564846649,769,-1.6924,0,0
0.75784570807042,770,-1.692,0,0
0.75784576775181,771,-1.6916,0,0
0.75784582751065,772,-1.6912,0,0
0.75784588734694,773,-1.6908,0,0
0.75784594726068,774,-1.6904,0,0
0.75784600725186,775,-1.69,0,0
0.7578460673205,776,-1.6896,0,0
0.7578461274666,777,-1.6892,0,0
0.75784618769014,778,-1.6888,0,0
0.75784624799113,779,-1.6884,0,0
0.75784630836957,780,-1.688,0,0
0.75784636882546,781,-1.6876,0,0
0.75784642935881,782,-1.6872,0,0
0.7578464899696,783,-1.6868,0,0
0.75784655065785,784,-1.6864,0,0
0.75784661142354,785,-1.686,0,0
0.75784667226668,786,-1.6856,0,0
0.75784673318728,787,-1.6852,0,0
0.75784679418532,788,-1.6848,0,0
0.75784685526082,789,-1.6844,0,0
0.75784691641377,790,-1.684,0,0
0.75784697764416,791,-1.6836,0,0
0.75784703895201,792,-1.6832,0,0
0.75784710033731,793,-1.6828,0,0
0.75784716180005,794,-1.6824,0,0
0.75784722334025,795,-1.682,0,0
0.75784728495789,796,-1.6816,0,0
0.75784734665299,797,-1.6812,0,0
0.75784740842554,798,-1.6808,0,0
0.75784747027553,799,-1.6804,0,0
0.75784753220298,800,-1.68,0,0
0.75784759420788,801,-1.6796,0,0
0.75784765629022,802,-1.6792,0,0
0.75784771845002,803,-1.6788,0,0
0.75784778068726,804,-1.6784,0,0
0.75784784300196,805,-1.678,0,0
0.75784790539411,806,-1.6776,0,0
0.7578479678637,807,-1.6772,0,0
0.75784803041075,808,-1.6768,0,0
0.75784809303524,809,-1.6764,0,0
0.75784815573718,810,-1.676,0,0
0.75784821851658,811,-1.6756,0,0
0.75784828137342,812,-1.6752,0,0
0.75784834430771,813,-1.6748,0,0
0.75784840731946,814,-1.6744,0,0
0.75784847040865,815,-1.674,0,0
0.75784853357529,816,-1.6736,0,0
0.75784859681938,817,-1.6732,0,0
0.75784866014092,818,-1.6728,0,0
0.75784872353991,819,-1.6724,0,0
0.75784878701635,820,-1.672,0,0
0.75784885057024,821,-1.6716,0,0
0.75784891420157,822,-1.6712,0,0
0.75784897791036,823,-1.6708,0,0
0.7578490416966,824,-1.6704,0,0
0.75784910556028,825,-1.67,0,0
0.75784916950141,826,-1.6696,0,0
0.75784923352,827,-1.6692,0,0
0.75784929761603,828,-1.6688,0,0
0.75784936178951,829,-1.6684,0,0
0.75784942604044,830,-1.668,0,0
0.75784949036882,831,-1.6676,0,0
0.75784955477465,832,-1.6672,0,0
0.75784961925793,833,-1.6668,0,0
0.75784968381865,834,-1.6664,0,0
0.75784974845683,835,-1.666,0,0
0.75784981317245,836,-1.6656,0,0
0.75784987796553,837,-1.6652,0,0
0.75784994283605,838,-1.6648,0,0
0.75785000778402,839,-1.6644,0,0
0.75785007280944,840,-1.664,0,0
0.7578501379123,841,-1.6636,0,0
0.75785020309262,842,-1.6632,0,0
0.75785026835039,843,-1.6628,0,0
0.7578503336856,844,-1.6624,0,0
0.75785039909826,845,-1.662,0,0
0.75785046458837,846,-1.6616,0,0
0.75785053015593,847,-1.6612,0,0
0.75785059580094,848,-1.6608,0,0
0.75785066152339,849,-1.6604,0,0
0.7578507273233,850,-1.66,0,0
0.75785079320065,851,-1.6596,0,0
0.75785085915545,852,-1.6592,0,0
0.7578509251877,853,-1.6588,0,0
0.7578509912974,854,-1.6584,0,0
0.75785105748455,855,-1.658,0,0
0.75785112374914,856,-1.6576,0,0
0.75785119009118,857,-1.6572,0,0
0.75785125651068,858,-1.6568,0,0
0.75785132300761,859,-1.6564,0,0
0.757851389582,860,-1.656,0,0
0.75785145623384,861,-1.6556,0,0
0.75785152296312,862,-1.6552,0,0
0.75785158976985,863,-1.6548,0,0
0.75785165665403,864,-1.6544,0,0
0.75785172361566,865,-1.654,0,0
0.75785179065473,866,-1.6536,0,0
0.75785185777125,867,-1.6532,0,0
0.75785192496523,868,-1.6528,0,0
0.75785199223664,869,-1.6524,0,0
0.75785205958551,870,-1.652,0,0
0.75785212701182,871,-1.6516,0,0
0.75785219451559,872,-1.6512,0,0
0.7578522620968,873,-1.6508,0,0
0.75785232975545,874,-1.6504,0,0
0.75785239749156,875,-1.65,0,0
0.75785246530511,876,-1.6496,0,0
0.75785253319611,877,-1.6492,0,0
0.75785260116456,878,-1.6488,0,0
0.75785266921045,879,-1.6484,0,0
0.75785273733379,880,-1.648,0,0
0.75785280553458,881,-1.6476,0,0
0.75785287381282,882,-1.6472,0,0
0.75785294216851,883,-1.6468,0,0
0.75785301060164,884,-1.6464,0,0
0.75785307911222,885,-1.646,0,0
0.75785314770024,886,-1.6456,0,0
0.75785321636572,887,-1.6452,0,0
0.75785328510864,888,-1.6448,0,0
0.75785335392901,889,-1.6444,0,0
0.75785342282682,890,-1.644,0,0
0.75785349180208,891,-1.6436,0,0
0.75785356085479,892,-1.6432,0,0
0.75785362998495,893,-1.6428,0,0
0.75785369919255,894,-1.6424,0,0
0.7578537684776,895,-1.642,0,0
0.7578538378401,896,-1.6416,0,0
0.75785390728005,897,-1.6412,0,0
0.75785397679744,898,-1.6408,0,0
0.75785404639228,899,-1.6404,0,0
0.75785411606456,900,-1.64,0,0
0.75785418581429,901,-1.6396,0,0
0.75785425564147,902,-1.6392,0,0
0.7578543255461,903,-1.6388,0,0
0.75785439552817,904,-1.6384,0,0
0.75785446558769,905,-1.638,0,0
0.75785453572465,906,-1.6376,0,0
0.75785460593906,907,-1.6372,0,0
0.75785467623092,908,-1.6368,0,0
0.75785474660023,909,-1.6364,0,0
0.75785481704698,910,-1.636,0,0
0.75785488757118,911,-1.6356,0,0
0.75785495817282,912,-1.6352,0,0
0.75785502885191,913,-1.6348,0,0
0.75785509960845,914,-1.6344,0,0
0.75785517044243,915,-1.634,0,0
0.75785524135386,916,-1.6336,0,0
0.75785531234274,917,-1.6332,0,0
0.75785538340906,918,-1.6328,0,0
0.75785545455283,919,-1.6324,0,0
0.75785552577404,920,-1.632,0,0
0.7578555970727,921,-1.6316,0,0
0.75785566844881,922,-1.6312,0,0
0.75785573990236,923,-1.6308,0,0
0.75785581143336,924,-1.6304,0,0
0.7578558830418,925,-1.63,0,0
0.75785595472769,926,-1.6296,0,0
0.75785602649103,927,-1.6292,0,0
0.75785609833181,928,-1.6288,0,0
0.75785617025004,929,-1.6284,0,0
0.75785624224571,930,-1.628,0,0
0.75785631431883,931,-1.6276,0,0
0.7578563864694,932,-1.6272,0,0
0.75785645869741,933,-1.6268,0,0
0.75785653100287,934,-1.6264,0,0
0.75785660338577,935,-1.626,0,0
0.75785667584612,936,-1.6256,0,0
0.75785674838391,937,-1.6252,0,0
0.75785682099915,938,-1.6248,0,0
0.75785689369183,939,-1.6244,0,0
0.75785696646196,940,-1.624,0,0
0.75785703930954,941,-1.6236,0,0
0.75785711223456,942,-1.6232,0,0
0.75785718523703,943,-1.6228,0,0
0.75785725831694,944,-1.6224,0,0
0.7578573314743,945,-1.622,0,0
0.7578574047091,946,-1.6216,0,0
0.75785747802135,947,-1.6212,0,0
0.75785755141104,948,-1.6208,0,0
0.75785762487818,949,-1.6204,0,0
0.75785769842276,950,-1.62,0,0
0.75785777204479,951,-1.6196,0,0
0.75785784574426,952,-1.6192,0,0
0.75785791952118,953,-1.6188,0,0
0.75785799337554,954,-1.6184,0,0
0.75785806730735,955,-1.618,0,0
0.7578581413166,956,-1.6176,0,0
0.7578582154033,957,-1.6172,0,0
0.75785828956744,958,-1.6168,0,0
0.75785836380903,959,-1.6164,0,0
0.75785843812806,960,-1.616,0,0
0.75785851252454,961,-1.6156,0,0
0.75785858699846,962,-1.6152,0,0
0.75785866154983,963,-1.6148,0,0
0.75785873617864,964,-1.6144,0,0
0.75785881088489,965,-1.614,0,0
0.75785888566859,966,-1.6136,0,0
0.75785896052974,967,-1.6132,0,0
0.75785903546833,968,-1.6128,0,0
0.75785911048436,969,-1.6124,0,0
0.75785918557784,970,-1.612,0,0
0.75785926074876,971,-1.6116,0,0
0.75785933599713,972,-1.6112,0,0
0.75785941132294,973,-1.6108,0,0
0.75785948672619,974,-1.6104,0,0
0.75785956220689,975,-1.61,0,0
0.75785963776504,976,-1.6096,0,0
0.75785971340062,977,-1.6092,0,0
0.75785978911366,978,-1.6088,0,0
0.75785986490413,979,-1.6084,0,0
0.75785994077205,980,-1.608,0,0
0.75786001671742,981,-1.6076,0,0
0.75786009274023,982,-1.6072,0,0
0.75786016884048,983,-1.6068,0,0
0.75786024501817,984,-1.6064,0,0
0.75786032127331,985,-1.606,0,0
0.7578603976059,986,-1.6056,0,0
0.75786047401593,987,-1.6052,0,0
0.7578605505034,988,-1.6048,0,0
0.75786062706831,989,-1.6044,0,0
0.75786070371067,990,-1.604,0,0
0.75786078043047,991,-1.6036,0,0
0.75786085722772,992,-1.6032,0,0
0.75786093410241,993,-1.6028,0,0
0.75786101105454,994,-1.6024,0,0
0.75786108808412,995,-1.602,0,0
0.75786116519114,996,-1.6016,0,0
0.7578612423756,997,-1.6012,0,0
0.75786131963751,998,-1.6008,0,0
0.75786139697686,999,-1.6004,0,0
0.75786147439365,1000,-1.6,0,0
0.75786155188789,1001,-1.5996,0,0
0.75786162945957,1002,-1.5992,0,0
0.7578617071087,1003,-1.5988,0,0
0.75786178483526,1004,-1.5984,0,0
0.75786186263927,1005,-1.598,0,0
0.75786194052073,1006,-1.5976,0,0
0.75786201847962,1007,-1.5972,0,0
0.75786209651596,1008,-1.5968,0,0
0.75786217462974,1009,-1.5964,0,0
0.75786225282097,1010,-1.596,0,0
0.75786233108964,1011,-1.5956,0,0
0.75786240943575,1012,-1.5952,0,0
0.7578624878593,1013,-1.5948,0,0
0.7578625663603,1014,-1.5944,0,0
0.75786264493874,1015,-1.594,0,0
0.75786272359462,1016,-1.5936,0,0
0.75786280232795,1017,-1.5932,0,0
0.75786288113871,1018,-1.5928,0,0
0.75786296002692,1019,-1.5924,0,0
0.75786303899258,1020,-1.592,0,0
0.75786311803567,1021,-1.5916,0,0
0.75786319715621,1022,-1.5912,0,0
0.75786327635419,1023,-1.5908,0,0
0.75786335562961,1024,-1.5904,0,0
0.75786343498248,1025,-1.59,0,0
0.75786351441279,1026,-1.5896,0,0
0.75786359392054,1027,-1.5892,0,0
0.75786367350573,1028,-1.5888,0,0
0.75786375316836,1029,-1.5884,0,0
0.75786383290844,1030,-1.588,0,0
0.75786391272596,1031,-1.5876,0,0
0.75786399262092,1032,-1.5872,0,0
0.75786407259332,1033,-1.5868,0,0
0.75786415264317,1034,-1.5864,0,0
0.75786423277046,1035,-1.586,0,0
0.75786431297519,1036,-1.5856,0,0
0.75786439325736,1037,-1.5852,0,0
0.75786447361697,1038,-1.5848,0,0
0.75786455405402,1039,-1.5844,0,0
0.75786463456852,1040,-1.584,0,0
0.75786471516046,1041,-1.5836,0,0
0.75786479582984,1042,-1.5832,0,0
0.75786487657666,1043,-1.5828,0,0
0.75786495740093,1044,-1.5824,0,0
0.75786503830263,1045,-1.582,0,0
0.75786511928178,1046,-1.5816,0,0
0.75786520033837,1047,-1.5812,0,0
0.7578652814724,1048,-1.5808,0,0
0.75786536268387,1049,-1.5804,0,0
0.75786544397278,1050,-1.58,0,0
0.75786552533914,1051,-1.5796,0,0
0.75786560678294,1052,-1.5792,0,0
0.75786568830417,1053,-1.5788,0,0
0.75786576990285,1054,-1.5784,0,0
0.75786585157897,1055,-1.578,0,0
0.75786593333253,1056,-1.5776,0,0
0.75786601516354,1057,-1.5772,0,0
0.75786609707198,1058,-1.5768,0,0
0.75786617905786,1059,-1.5764,0,0
0.75786626112119,1060,-1.576,0,0
0.75786634326196,1061,-1.5756,0,0
0.75786642548016,1062,-1.5752,0,0
0.75786650777581,1063,-1.5748,0,0
0.7578665901489,1064,-1.5744,0,0
0.75786667259943,1065,-1.574,0,0
0.7578667551274,1066,-1.5736,0,0
0.75786683773282,1067,-1.5732,0,0
0.75786692041567,1068,-1.5728,0,0
0.75786700317596,1069,-1.5724,0,0
0.7578670860137,1070,-1.572,0,0
0.75786716892887,1071,-1.5716,0,0
0.75786725192149,1072,-1.5712,0,0
0.75786733499154,1073,-1.5708,0,0
0.75786741813904,1074,-1.5704,0,0
0.75786750136398,1075,-1.57,0,0
0.75786758466636,1076,-1.5696,0,0
0.75786766804617,1077,-1.5692,0,0
0.75786775150343,1078,-1.5688,0,0
0.75786783503813,1079,-1.5684,0,0
0.75786791865027,1080,-1.568,0,0
0.75786800233985,1081,-1.5676,0,0
0.75786808610687,1082,-1.5672,0,0
0.75786816995133,1083,-1.5668,0,0
0.75786825387323,1084,-1.5664,0,0
0.75786833787257,1085,-1.566,0,0
0.75786842194935,1086,-1.5656,0,0
0.75786850610357,1087,-1.5652,0,0
0.75786859033523,1088,-1.5648,0,0
0.75786867464433,1089,-1.5644,0,0
0.75786875903087,1090,-1.564,0,0
0.75786884349485,1091,-1.5636,0,0
0.75786892803627,1092,-1.5632,0,0
0.75786901265513,1093,-1.5628,0,0
0.75786909735143,1094,-1.5624,0,0
0.75786918212517,1095,-1.562,0,0
0.75786926697634,1096,-1.5616,0,0
0.75786935190496,1097,-1.5612,0,0
0.75786943691102,1098,-1.5608,0,0
0.75786952199452,1099,-1.5604,0,0
0.75786960715545,1100,-1.56,0,0
0.75786969239383,1101,-1.5596,0,0
0.75786977770965,1102,-1.5592,0,0
0.7578698631029,1103,-1.5588,0,0
0.75786994857359,1104,-1.5584,0,0
0.75787003412173,1105,-1.558,0,0
0.7578701197473,1106,-1.5576,0,0
0.75787020545031,1107,-1.5572,0,0
0.75787029123076,1108,-1.5568,0,0
0.75787037708865,1109,-1.5564,0,0
0.75787046302398,1110,-1.556,0,0
0.75787054903675,1111,-1.5556,0,0
0.75787063512696,1112,-1.5552,0,0
0.7578707212946,1113,-1.5548,0,0
0.75787080753969,1114,-1.5544,0,0
0.75787089386221,1115,-1.554,0,0
0.75787098026218,1116,-1.5536,0,0
0.75787106673958,1117,-1.5532,0,0
0.75787115329442,1118,-1.5528,0,0
0.7578712399267,1119,-1.5524,0,0
0.75787132663642,1120,-1.552,0,0
0.75787141342357,1121,-1.5516,0,0
0.75787150028817,1122,-1.5512,0,0
0.7578715872302,1123,-1.5508,0,0
0.75787167424967,1124,-1.5504,0,0
0.75787176134659,1125,-1.55,0,0
0.75787184852093,1126,-1.5496,0,0
0.75787193577272,1127,-1.5492,0,0
0.75787202310195,1128,-1.5488,0,0
0.75787211050861,1129,-1.5484,0,0
0.75787219799272,1130,-1.548,0,0
0.75787228555426,1131,-1.5476,0,0
0.75787237319323,1132,-1.5472,0,0
0.75787246090965,1133,-1.5468,0,0
0.75787254870351,1134,-1.5464,0,0
0.7578726365748,1135,-1.546,0,0
0.75787272452353,1136,-1.5456,0,0
0.7578728125497,1137,-1.5452,0,0
0.75787290065331,1138,-1.5448,0,0
0.75787298883435,1139,-1.5444,0,0
0.75787307709284,1140,-1.544,0,0
0.75787316542876,1141,-1.5436,0,0
0.75787325384212,1142,-1.5432,0,0
0.75787334233291,1143,-1.5428,0,0
0.75787343090115,1144,-1.5424,0,0
0.75787351954682,1145,-1.542,0,0
0.75787360826993,1146,-1.5416,0,0
0.75787369707047,1147,-1.5412,0,0
0.75787378594846,1148,-1.5408,0,0
0.75787387490388,1149,-1.5404,0,0
0.75787396393674,1150,-1.54,0,0
0.75787405304704,1151,-1.5396,0,0
0.75787414223477,1152,-1.5392,0,0
0.75787423149994,1153,-1.5388,0,0
0.75787432084255,1154,-1.5384,0,0
0.75787441026259,1155,-1.538,0,0
0.75787449976008,1156,-1.5376,0,0
0.757874589335,1157,-1.5372,0,0
0.75787467898735,1158,-1.5368,0,0
0.75787476871715,1159,-1.5364,0,0
0.75787485852438,1160,-1.536,0,0
0.75787494840905,1161,-1.5356,0,0
0.75787503837115,1162,-1.5352,0,0
0.7578751284107,1163,-1.5348,0,0
0.75787521852767,1164,-1.5344,0,0
0.75787530872209,1165,-1.534,0,0
0.75787539899394,1166,-1.5336,0,0
0.75787548934323,1167,-1.5332,0,0
0.75787557976996,1168,-1.5328,0,0
0.75787567027412,1169,-1.5324,0,0
0.75787576085572,1170,-1.532,0,0
0.75787585151475,1171,-1.5316,0,0
0.75787594225123,1172,-1.5312,0,0
0.75787603306514,1173,-1.5308,0,0
0.75787612395648,1174,-1.5304,0,0
0.75787621492526,1175,-1.53,0,0
0.75787630597148,1176,-1.5296,0,0
0.75787639709513,1177,-1.5292,0,0
0.75787648829622,1178,-1.5288,0,0
0.75787657957475,1179,-1.5284,0,0
0.75787667093071,1180,-1.528,0,0
0.75787676236411,1181,-1.5276,0,0
0.75787685387495,1182,-1.5272,0,0
0.75787694546322,1183,-1.5268,0,0
0.75787703712892,1184,-1.5264,0,0
0.75787712887207,1185,-1.526,0,0
0.75787722069264,1186,-1.5256,0,0
0.75787731259066,1187,-1.5252,0,0
0.75787740456611,1188,-1.5248,0,0
0.75787749661899,1189,-1.5244,0,0
0.75787758874932,1190,-1.524,0,0
0.75787768095707,1191,-1.5236,0,0
0.75787777324227,1192,-1.5232,0,0
0.7578778656049,1193,-1.5228,0,0
0.75787795804496,1194,-1.5224,0,0
0.75787805056246,1195,-1.522,0,0
0.75787814315739,1196,-1.5216,0,0
0.75787823582976,1197,-1.5212,0,0
0.75787832857957,1198,-1.5208,0,0
0.75787842140681,1199,-1.5204,0,0
0.75787851431149,1200,-1.52,0,0
0.7578786072936,1201,-1.5196,0,0
0.75787870035315,1202,-1.5192,0,0
0.75787879349013,1203,-1.5188,0,0
0.75787888670455,1204,-1.5184,0,0
0.7578789799964,1205,-1.518,0,0
0.75787907336569,1206,-1.5176,0,0
0.75787916681241,1207,-1.5172,0,0
0.75787926033657,1208,-1.5168,0,0
0.75787935393816,1209,-1.5164,0,0
0.75787944761718,1210,-1.516,0,0
0.75787954137365,1211,-1.5156,0,0
0.75787963520754,1212,-1.5152,0,0
0.75787972911887,1213,-1.5148,0,0
0.75787982310764,1214,-1.5144,0,0
0.75787991717384,1215,-1.514,0,0
0.75788001131748,1216,-1.5136,0,0
0.75788010553854,1217,-1.5132,0,0
0.75788019983705,1218,-1.5128,0,0
0.75788029421299,1219,-1.5124,0,0
0.75788038866636,1220,-1.512,0,0
0.75788048319717,1221,-1.5116,0,0
0.75788057780541,1222,-1.5112,0,0
0.75788067249109,1223,-1.5108,0,0
0.7578807672542,1224,-1.5104,0,0
0.75788086209474,1225,-1.51,0,0
0.75788095701272,1226,-1.5096,0,0
0.75788105200813,1227,-1.5092,0,0
0.75788114708098,1228,-1.5088,0,0
0.75788124223126,1229,-1.5084,0,0
0.75788133745897,1230,-1.508,0,0
0.75788143276412,1231,-1.5076,0,0
0.7578815281467,1232,-1.5072,0,0
0.75788162360672,1233,-1.5068,0,0
0.75788171914417,1234,-1.5064,0,0
0.75788181475905,1235,-1.506,0,0
0.75788191045137,1236,-1.5056,0,0
0.75788200622112,1237,-1.5052,0,0
0.7578821020683,1238,-1.5048,0,0
0.75788219799292,1239,-1.5044,0,0
0.75788229399497,1240,-1.504,0,0
0.75788239007446,1241,-1.5036,0,0
0.75788248623138,1242,-1.5032,0,0
0.75788258246573,1243,-1.5028,0,0
0.75788267877751,1244,-1.5024,0,0
0.75788277516673,1245,-1.502,0,0
0.75788287163338,1246,-1.5016,0,0
0.75788296817747,1247,-1.5012,0,0
0.75788306479899,1248,-1.5008,0,0
0.75788316149794,1249,-1.5004,0,0
0.75788325827432,1250,-1.5,0,0
0.75788335512814,1251,-1.4996,0,0
0.75788345205939,1252,-1.4992,0,0
0.75788354906807,1253,-1.4988,0,0
0.75788364615419,1254,-1.4984,0,0
0.75788374331774,1255,-1.498,0,0
0.75788384055872,1256,-1.4976,0,0
0.75788393787713,1257,-1.4972,0,0
0.75788403527298,1258,-1.4968,0,0
0.75788413274626,1259,-1.4964,0,0
0.75788423029697,1260,-1.496,0,0
0.75788432792511,1261,-1.4956,0,0
0.75788442563069,1262,-1.4952,0,0
0.7578845234137,1263,-1.4948,0,0
0.75788462127414,1264,-1.4944,0,0
0.75788471921202,1265,-1.494,0,0
0.75788481722732,1266,-1.4936,0,0
0.75788491532006,1267,-1.4932,0,0
0.75788501349023,1268,-1.4928,0,0
0.75788511173783,1269,-1.4924,0,0
0.75788521006287,1270,-1.492,0,0
0.75788530846534,1271,-1.4916,0,0
0.75788540694524,1272,-1.4912,0,0
0.75788550550257,1273,-1.4908,0,0
0.75788560413733,1274,-1.4904,0,0
0.75788570284953,1275,-1.49,0,0
0.75788580163915,1276,-1.4896,0,0
0.75788590050621,1277,-1.4892,0,0
0.7578859994507,1278,-1.4888,0,0
0.75788609847262,1279,-1.4884,0,0
0.75788619757198,1280,-1.488,0,0
0.75788629674876,1281,-1.4876,0,0
0.75788639600298,1282,-1.4872,0,0
0.75788649533463,1283,-1.4868,0,0
0.75788659474371,1284,-1.4864,0,0
0.75788669423022,1285,-1.486,0,0
0.75788679379416,1286,-1.4856,0,0
0.75788689343554,1287,-1.4852,0,0
0.75788699315434,1288,-1.4848,0,0
0.75788709295058,1289,-1.4844,0,0
0.75788719282425,1290,-1.484,0,0
0.75788729277535,1291,-1.4836,0,0
0.75788739280388,1292,-1.4832,0,0
0.75788749290984,1293,-1.4828,0,0
0.75788759309323,1294,-1.4824,0,0
0.75788769335405,1295,-1.482,0,0
0.75788779369231,1296,-1.4816,0,0
0.75788789410799,1297,-1.4812,0,0
0.75788799460111,1298,-1.4808,0,0
0.75788809517165,1299,-1.4804,0,0
0.75788819581963,1300,-1.48,0,0
0.75788829654504,1301,-1.4796,0,0
0.75788839734787,1302,-1.4792,0,0
0.75788849822814,1303,-1.4788,0,0
0.75788859918584,1304,-1.4784,0,0
0.75788870022097,1305,-1.478,0,0
0.75788880133353,1306,-1.4776,0,0
0.75788890252352,1307,-1.4772,0,0
0.75788900379094,1308,-1.4768,0,0
0.7578891051358,1309,-1.4764,0,0
0.75788920655808,1310,-1.476,0,0
0.75788930805779,1311,-1.4756,0,0
0.75788940963493,1312,-1.4752,0,0
0.7578895112895,1313,-1.4748,0,0
0.7578896130215,1314,-1.4744,0,0
0.75788971483094,1315,-1.474,0,0
0.7578898167178,1316,-1.4736,0,0
0.75788991868209,1317,-1.4732,0,0
0.75789002072381,1318,-1.4728,0,0
0.75789012284296,1319,-1.4724,0,0
0.75789022503954,1320,-1.472,0,0
0.75789032731356,1321,-1.4716,0,0
0.757890429665,1322,-1.4712,0,0
0.75789053209387,1323,-1.4708,0,0
0.75789063460017,1324,-1.4704,0,0
0.75789073718389,1325,-1.47,0,0
0.75789083984505,1326,-1.4696,0,0
0.75789094258364,1327,-1.4692,0,0
0.75789104539966,1328,-1.4688,0,0
0.75789114829311,1329,-1.4684,0,0
0.75789125126398,1330,-1.468,0,0
0.75789135431229,1331,-1.4676,0,0
0.75789145743802,1332,-1.4672,0,0
0.75789156064118,1333,-1.4668,0,0
0.75789166392178,1334,-1.4664,0,0
0.7578917672798,1335,-1.466,0,0
0.75789187071525,1336,-1.4656,0,0
0.75789197422813,1337,-1.4652,0,0
0.75789207781844,1338,-1.4648,0,0
0.75789218148617,1339,-1.4644,0,0
0.75789228523134,1340,-1.464,0,0
0.75789238905394,1341,-1.4636,0,0
0.75789249295396,1342,-1.4632,0,0
0.75789259693141,1343,-1.4628,0,0
0.75789270098629,1344,-1.4624,0,0
0.7578928051186,1345,-1.462,0,0
0.75789290932834,1346,-1.4616,0,0
0.7578930136155,1347,-1.4612,0,0
0.7578931179801,1348,-1.4608,0,0
0.75789322242212,1349,-1.4604,0,0
0.75789332694157,1350,-1.46,0,0
0.75789343153845,1351,-1.4596,0,0
0.75789353621276,1352,-1.4592,0,0
0.75789364096449,1353,-1.4588,0,0
0.75789374579366,1354,-1.4584,0,0
0.75789385070025,1355,-1.458,0,0
0.75789395568427,1356,-1.4576,0,0
0.75789406074572,1357,-1.4572,0,0
0.75789416588459,1358,-1.4568,0,0
0.7578942711009,1359,-1.4564,0,0
0.75789437639463,1360,-1.456,0,0
0.75789448176579,1361,-1.4556,0,0
0.75789458721437,1362,-1.4552,0,0
0.75789469274039,1363,-1.4548,0,0
0.75789479834383,1364,-1.4544,0,0
0.7578949040247,1365,-1.454,0,0
0.757895009783,1366,-1.4536,0,0
0.75789511561872,1367,-1.4532,0,0
0.75789522153187,1368,-1.4528,0,0
0.75789532752245,1369,-1.4524,0,0
0.75789543359046,1370,-1.452,0,0
0.75789553973589,1371,-1.4516,0,0
0.75789564595875,1372,-1.4512,0,0
0.75789575225904,1373,-1.4508,0,0
0.75789585863675,1374,-1.4504,0,0
0.7578959650919,1375,-1.45,0,0
0.75789607162446,1376,-1.4496,0,0
0.75789617823446,1377,-1.4492,0,0
0.75789628492188,1378,-1.4488,0,0
0.75789639168673,1379,-1.4484,0,0
0.75789649852901,1380,-1.448,0,0
0.75789660544871,1381,-1.4476,0,0
0.75789671244584,1382,-1.4472,0,0
0.7578968195204,1383,-1.4468,0,0
0.75789692667238,1384,-1.4464,0,0
0.75789703390179,1385,-1.446,0,0
0.75789714120863,1386,-1.4456,0,0
0.75789724859289,1387,-1.4452,0,0
0.75789735605458,1388,-1.4448,0,0
0.75789746359369,1389,-1.4444,0,0
0.75789757121024,1390,-1.444,0,0
0.7578976789042,1391,-1.4436,0,0
0.7578977866756,1392,-1.4432,0,0
0.75789789452442,1393,-1.4428,0,0
0.75789800245066,1394,-1.4424,0,0
0.75789811045434,1395,-1.442,0,0
0.75789821853543,1396,-1.4416,0,0
0.75789832669396,1397,-1.4412,0,0
0.75789843492991,1398,-1.4408,0,0
0.75789854324328,1399,-1.4404,0,0
0.75789865163409,1400,-1.44,0,0
0.75789876010231,1401,-1.4396,0,0
0.75789886864797,1402,-1.4392,0,0
0.75789897727104,1403,-1.4388,0,0
0.75789908597155,1404,-1.4384,0,0
0.75789919474948,1405,-1.438,0,0
0.75789930360483,1406,-1.4376,0,0
0.75789941253761,1407,-1.4372,0,0
0.75789952154782,1408,-1.4368,0,0
0.75789963063545,1409,-1.4364,0,0
0.75789973980051,1410,-1.436,0,0
0.75789984904299,1411,-1.4356,0,0
0.75789995836289,1412,-1.4352,0,0
0.75790006776023,1413,-1.4348,0,0
0.75790017723498,1414,-1.4344,0,0
0.75790028678717,1415,-1.434,0,0
0.75790039641677,1416,-1.4336,0,0
0.7579005061238,1417,-1.4332,0,0
0.75790061590826,1418,-1.4328,0,0
0.75790072577014,1419,-1.4324,0,0
0.75790083570945,1420,-1.432,0,0
0.75790094572618,1421,-1.4316,0,0
0.75790105582033,1422,-1.4312,0,0
0.75790116599191,1423,-1.4308,0,0
0.75790127624092,1424,-1.4304,0,0
0.75790138656735,1425,-1.43,0,0
0.7579014969712,1426,-1.4296,0,0
0.75790160745248,1427,-1.4292,0,0
0.75790171801118,1428,-1.4288,0,0
0.75790182864731,1429,-1.4284,0,0
0.75790193936086,1430,-1.428,0,0
0.75790205015183,1431,-1.4276,0,0
0.75790216102023,1432,-1.4272,0,0
0.75790227196605,1433,-1.4268,0,0
0.7579023829893,1434,-1.4264,0,0
0.75790249408997,1435,-1.426,0,0
0.75790260526807,1436,-1.4256,0,0
0.75790271652358,1437,-1.4252,0,0
0.75790282785653,1438,-1.4248,0,0
0.75790293926689,1439,-1.4244,0,0
0.75790305075468,1440,-1.424,0,0
0.7579031623199,1441,-1.4236,0,0
0.75790327396253,1442,-1.4232,0,0
0.75790338568259,1443,-1.4228,0,0
0.75790349748008,1444,-1.4224,0,0
0.75790360935499,1445,-1.422,0,0
0.75790372130732,1446,-1.4216,0,0
0.75790383333707,1447,-1.4212,0,0
0.75790394544425,1448,-1.4208,0,0
0.75790405762885,1449,-1.4204,0,0
0.75790416989087,1450,-1.42,0,0
0.75790428223032,1451,-1.4196,0,0
0.75790439464719,1452,-1.4192,0,0
0.75790450714148,1453,-1.4188,0,0
0.7579046197132,1454,-1.4184,0,0
0.75790473236234,1455,-1.418,0,0
0.7579048450889,1456,-1.4176,0,0
0.75790495789288,1457,-1.4172,0,0
0.75790507077429,1458,-1.4168,0,0
0.75790518373312,1459,-1.4164,0,0
0.75790529676937,1460,-1.416,0,0
0.75790540988305,1461,-1.4156,0,0
0.75790552307414,1462,-1.4152,0,0
0.75790563634266,1463,-1.4148,0,0
0.75790574968861,1464,-1.4144,0,0
0.75790586311197,1465,-1.414,0,0
0.75790597661276,1466,-1.4136,0,0
0.75790609019097,1467,-1.4132,0,0
0.7579062038466,1468,-1.4128,0,0
0.75790631757965,1469,-1.4124,0,0
0.75790643139013,1470,-1.412,0,0
0.75790654527803,1471,-1.4116,0,0
0.75790665924335,1472,-1.4112,0,0
0.75790677328609,1473,-1.4108,0,0
0.75790688740625,1474,-1.4104,0,0
0.75790700160384,1475,-1.41,0,0
0.75790711587885,1476,-1.4096,0,0
0.75790723023127,1477,-1.4092,0,0
0.75790734466113,1478,-1.4088,0,0
0.7579074591684,1479,-1.4084,0,0
0.75790757375309,1480,-1.408,0,0
0.75790768841521,1481,-1.4076,0,0
0.75790780315474,1482,-1.4072,0,0
0.7579079179717,1483,-1.4068,0,0
0.75790803286608,1484,-1.4064,0,0
0.75790814783788,1485,-1.406,0,0
0.7579082628871,1486,-1.4056,0,0
0.75790837801375,1487,-1.4052,0,0
0.75790849321781,1488,-1.4048,0,0
0.7579086084993,1489,-1.4044,0,0
0.7579087238582,1490,-1.404,0,0
0.75790883929453,1491,-1.4036,0,0
0.75790895480828,1492,-1.4032,0,0
0.75790907039945,1493,-1.4028,0,0
0.75790918606804,1494,-1.4024,0,0
0.75790930181405,1495,-1.402,0,0
0.75790941763748,1496,-1.4016,0,0
0.75790953353833,1497,-1.4012,0,0
0.7579096495166,1498,-1.4008,0,0
0.7579097655723,1499,-1.4004,0,0
0.75790988170541,1500,-1.4,0,0
0.75790999791594,1501,-1.3996,0,0
0.7579101142039,1502,-1.3992,0,0
0.75791023056927,1503,-1.3988,0,0
0.75791034701207,1504,-1.3984,0,0
0.75791046353228,1505,-1.398,0,0
0.75791058012992,1506,-1.3976,0,0
0.75791069680497,1507,-1.3972,0,0
0.75791081355745,1508,-1.3968,0,0
0.75791093038734,1509,-1.3964,0,0
0.75791104729466,1510,-1.396,0,0
0.75791116427939,1511,-1.3956,0,0
0.75791128134155,1512,-1.3952,0,0
0.75791139848112,1513,-1.3948,0,0
0.75791151569811,1514,-1.3944,0,0
0.75791163299253,1515,-1.394,0,0
0.75791175036436,1516,-1.3936,0,0
0.75791186781361,1517,-1.3932,0,0
0.75791198534029,1518,-1.3928,0,0
0.75791210294438,1519,-1.3924,0,0
0.75791222062589,1520,-1.392,0,0
0.75791233838482,1521,-1.3916,0,0
0.75791245622117,1522,-1.3912,0,0
0.75791257413494,1523,-1.3908,0,0
0.75791269212612,1524,-1.3904,0,0
0.75791281019473,1525,-1.39,0,0
0.75791292834076,1526,-1.3896,0,0
0.7579130465642,1527,-1.3892,0,0
0.75791316486507,1528,-1.3888,0,0
0.75791328324335,1529,-1.3884,0,0
0.75791340169905,1530,-1.388,0,0
0.75791352023217,1531,-1.3876,0,0
0.75791363884271,1532,-1.3872,0,0
0.75791375753067,1533,-1.3868,0,0
0.75791387629604,1534,-1.3864,0,0
0.75791399513884,1535,-1.386,0,0
0.75791411405905,1536,-1.3856,0,0
0.75791423305668,1537,-1.3852,0,0
0.75791435213173,1538,-1.3848,0,0
0.7579144712842,1539,-1.3844,0,0
0.75791459051409,1540,-1.384,0,0
0.75791470982139,1541,-1.3836,0,0
0.75791482920612,1542,-1.3832,0,0
0.75791494866826,1543,-1.3828,0,0
0.75791506820781,1544,-1.3824,0,0
0.75791518782479,1545,-1.382,0,0
0.75791530751919,1546,-1.3816,0,0
0.757915427291,1547,-1.3812,0,0
0.75791554714023,1548,-1.3808,0,0
0.75791566706688,1549,-1.3804,0,0
0.75791578707094,1550,-1.38,0,0
0.75791590715243,1551,-1.3796,0,0
0.75791602731133,1552,-1.3792,0,0
0.75791614754765,1553,-1.3788,0,0
0.75791626786138,1554,-1.3784,0,0
0.75791638825253,1555,-1.378,0,0
0.7579165087211,1556,-1.3776,0,0
0.75791662926709,1557,-1.3772,0,0
0.7579167498905,1558,-1.3768,0,0
0.75791687059132,1559,-1.3764,0,0
0.75791699136956,1560,-1.376,0,0
0.75791711222521,1561,-1.3756,0,0
0.75791723315829,1562,-1.3752,0,0
0.75791735416878,1563,-1.3748,0,0
0.75791747525669,1564,-1.3744,0,0
0.75791759642201,1565,-1.374,0,0
0.75791771766475,1566,-1.3736,0,0
0.75791783898491,1567,-1.3732,0,0
0.75791796038248,1568,-1.3728,0,0
0.75791808185747,1569,-1.3724,0,0
0.75791820340988,1570,-1.372,0,0
0.7579183250397,1571,-1.3716,0,0
0.75791844674694,1572,-1.3712,0,0
0.7579185685316,1573,-1.3708,0,0
0.75791869039367,1574,-1.3704,0,0
0.75791881233316,1575,-1.37,0,0
0.75791893435007,1576,-1.3696,0,0
0.75791905644439,1577,-1.3692,0,0
0.75791917861612,1578,-1.3688,0,0
0.75791930086528,1579,-1.3684,0,0
0.75791942319185,1580,-1.368,0,0
0.75791954559583,1581,-1.3676,0,0
0.75791966807723,1582,-1.3672,0,0
0.75791979063605,1583,-1.3668,0,0
0.75791991327228,1584,-1.3664,0,0
0.75792003598593,1585,-1.366,0,0
0.75792015877699,1586,-1.3656,0,0
0.75792028164547,1587,-1.3652,0,0
0.75792040459137,1588,-1.3648,0,0
0.75792052761468,1589,-1.3644,0,0
0.7579206507154,1590,-1.364,0,0
0.75792077389354,1591,-1.3636,0,0
0.7579208971491,1592,-1.3632,0,0
0.75792102048207,1593,-1.3628,0,0
0.75792114389246,1594,-1.3624,0,0
0.75792126738026,1595,-1.362,0,0
0.75792139094548,1596,-1.3616,0,0
0.75792151458811,1597,-1.3612,0,0
0.75792163830816,1598,-1.3608,0,0
0.75792176210562,1599,-1.3604,0,0
0.75792188598049,1600,-1.36,0,0
0.75792200993278,1601,-1.3596,0,0
0.75792213396249,1602,-1.3592,0,0
0.75792225806961,1603,-1.3588,0,0
0.75792238225414,1604,-1.3584,0,0
0.75792250651609,1605,-1.358,0,0
0.75792263085546,1606,-1.3576,0,0
0.75792275527223,1607,-1.3572,0,0
0.75792287976643,1608,-1.3568,0,0
0.75792300433803,1609,-1.3564,0,0
0.75792312898705,1610,-1.356,0,0
0.75792325371349,1611,-1.3556,0,0
0.75792337851734,1612,-1.3552,0,0
0.7579235033986,1613,-1.3548,0,0
0.75792362835728,1614,-1.3544,0,0
0.75792375339337,1615,-1.354,0,0
0.75792387850687,1616,-1.3536,0,0
0.75792400369779,1617,-1.3532,0,0
0.75792412896612,1618,-1.3528,0,0
0.75792425431187,1619,-1.3524,0,0
0.75792437973503,1620,-1.352,0,0
0.7579245052356,1621,-1.3516,0,0
0.75792463081359,1622,-1.3512,0,0
0.75792475646899,1623,-1.3508,0,0
0.7579248822018,1624,-1.3504,0,0
0.75792500801203,1625,-1.35,0,0
0.75792513389967,1626,-1.3496,0,0
0.75792525986472,1627,-1.3492,0,0
0.75792538590719,1628,-1.3488,0,0
0.75792551202707,1629,-1.3484,0,0
0.75792563822436,1630,-1.348,0,0
0.75792576449907,1631,-1.3476,0,0
0.75792589085118,1632,-1.3472,0,0
0.75792601728071,1633,-1.3468,0,0
0.75792614378766,1634,-1.3464,0,0
0.75792627037202,1635,-1.346,0,0
0.75792639703378,1636,-1.3456,0,0
0.75792652377297,1637,-1.3452,0,0
0.75792665058956,1638,-1.3448,0,0
0.75792677748357,1639,-1.3444,0,0
0.75792690445499,1640,-1.344,0,0
0.75792703150382,1641,-1.3436,0,0
0.75792715863006,1642,-1.3432,0,0
0.75792728583372,1643,-1.3428,0,0
0.75792741311479,1644,-1.3424,0,0
0.75792754047327,1645,-1.342,0,0
0.75792766790916,1646,-1.3416,0,0
0.75792779542246,1647,-1.3412,0,0
0.75792792301318,1648,-1.3408,0,0
0.75792805068131,1649,-1.3404,0,0
0.75792817842685,1650,-1.34,0,0
0.7579283062498,1651,-1.3396,0,0
0.75792843415016,1652,-1.3392,0,0
0.75792856212794,1653,-1.3388,0,0
0.75792869018313,1654,-1.3384,0,0
0.75792881831572,1655,-1.338,0,0
0.75792894652573,1656,-1.3376,0,0
0.75792907481315,1657,-1.3372,0,0
0.75792920317799,1658,-1.3368,0,0
0.75792933162023,1659,-1.3364,0,0
0.75792946013989,1660,-1.336,0,0
0.75792958873695,1661,-1.3356,0,0
0.75792971741143,1662,-1.3352,0,0
0.75792984616332,1663,-1.3348,0,0
0.75792997499262,1664,-1.3344,0,0
0.75793010389933,1665,-1.334,0,0
0.75793023288345,1666,-1.3336,0,0
0.75793036194498,1667,-1.3332,0,0
0.75793049108392,1668,-1.3328,0,0
0.75793062030027,1669,-1.3324,0,0
0.75793074959404,1670,-1.332,0,0
0.75793087896521,1671,-1.3316,0,0
0.7579310084138,1672,-1.3312,0,0
0.75793113793979,1673,-1.3308,0,0
0.7579312675432,1674,-1.3304,0,0
0.75793139722401,1675,-1.33,0,0
0.75793152698224,1676,-1.3296,0,0
0.75793165681788,1677,-1.3292,0,0
0.75793178673092,1678,-1.3288,0,0
0.75793191672138,1679,-1.3284,0,0
0.75793204678924,1680,-1.328,0,0
0.75793217693452,1681,-1.3276,0,0
0.75793230715721,1682,-1.3272,0,0
0.7579324374573,1683,-1.3268,0,0
0.75793256783481,1684,-1.3264,0,0
0.75793269828972,1685,-1.326,0,0
0.75793282882205,1686,-1.3256,0,0
0.75793295943178,1687,-1.3252,0,0
0.75793309011893,1688,-1.3248,0,0
0.75793322088348,1689,-1.3244,0,0
0.75793335172544,1690,-1.324,0,0
0.75793348264482,1691,-1.3236,0,0
0.7579336136416,1692,-1.3232,0,0
0.75793374471579,1693,-1.3228,0,0
0.75793387586739,1694,-1.3224,0,0
0.7579340070964,1695,-1.322,0,0
0.75793413840281,1696,-1.3216,0,0
0.75793426978664,1697,-1.3212,0,0
0.75793440124788,1698,-1.3208,0,0
0.75793453278652,1699,-1.3204,0,0
0.75793466440257,1700,-1.32,0,0
0.75793479609603,1701,-1.3196,0,0
0.75793492786691,1702,-1.3192,0,0
0.75793505971518,1703,-1.3188,0,0
0.75793519164087,1704,-1.3184,0,0
0.75793532364397,1705,-1.318,0,0
0.75793545572447,1706,-1.3176,0,0
0.75793558788238,1707,-1.3172,0,0
0.75793572011771,1708,-1.3168,0,0
0.75793585243043,1709,-1.3164,0,0
0.75793598482057,1710,-1.316,0,0
0.75793611728812,1711,-1.3156,0,0
0.75793624983307,1712,-1.3152,0,0
0.75793638245543,1713,-1.3148,0,0
0.7579365151552,1714,-1.3144,0,0
0.75793664793238,1715,-1.314,0,0
0.75793678078696,1716,-1.3136,0,0
0.75793691371895,1717,-1.3132,0,0
0.75793704672835,1718,-1.3128,0,0
0.75793717981516,1719,-1.3124,0,0
0.75793731297938,1720,-1.312,0,0
0.757937446221,1721,-1.3116,0,0
0.75793757954003,1722,-1.3112,0,0
0.75793771293647,1723,-1.3108,0,0
0.75793784641031,1724,-1.3104,0,0
0.75793797996156,1725,-1.31,0,0
0.75793811359022,1726,-1.3096,0,0
0.75793824729629,1727,-1.3092,0,0
0.75793838107976,1728,-1.3088,0,0
0.75793851494064,1729,-1.3084,0,0
0.75793864887892,1730,-1.308,0,0
0.75793878289462,1731,-1.3076,0,0
0.75793891698772,1732,-1.3072,0,0
0.75793905115822,1733,-1.3068,0,0
0.75793918540614,1734,-1.3064,0,0
0.75793931973146,1735,-1.306,0,0
0.75793945413418,1736,-1.3056,0,0
0.75793958861432,1737,-1.3052,0,0
0.75793972317186,1738,-1.3048,0,0
0.7579398578068,1739,-1.3044,0,0
0.75793999251915,1740,-1.304,0,0
0.75794012730891,1741,-1.3036,0,0
0.75794026217607,1742,-1.3032,0,0
0.75794039712064,1743,-1.3028,0,0
0.75794053214262,1744,-1.3024,0,0
0.757940667242,1745,-1.302,0,0
0.75794080241879,1746,-1.3016,0,0
0.75794093767298,1747,-1.3012,0,0
0.75794107300458,1748,-1.3008,0,0
0.75794120841359,1749,-1.3004,0,0
0.7579413439,1750,-1.3,0,0
0.75794147946381,1751,-1.2996,0,0
0.75794161510504,1752,-1.2992,0,0
0.75794175082366,1753,-1.2988,0,0
0.7579418866197,1754,-1.2984,0,0
0.75794202249313,1755,-1.298,0,0
0.75794215844398,1756,-1.2976,0,0
0.75794229447222,1757,-1.2972,0,0
0.75794243057788,1758,-1.2968,0,0
0.75794256676093,1759,-1.2964,0,0
0.7579427030214,1760,-1.296,0,0
0.75794283935926,1761,-1.2956,0,0
0.75794297577454,1762,-1.2952,0,0
0.75794311226721,1763,-1.2948,0,0
0.7579432488373,1764,-1.2944,0,0
0.75794338548478,1765,-1.294,0,0
0.75794352220967,1766,-1.2936,0,0
0.75794365901197,1767,-1.2932,0,0
0.75794379589167,1768,-1.2928,0,0
0.75794393284878,1769,-1.2924,0,0
0.75794406988328,1770,-1.292,0,0
0.7579442069952,1771,-1.2916,0,0
0.75794434418451,1772,-1.2912,0,0
0.75794448145124,1773,-1.2908,0,0
0.75794461879536,1774,-1.2904,0,0
0.75794475621689,1775,-1.29,0,0
0.75794489371582,1776,-1.2896,0,0
0.75794503129216,1777,-1.2892,0,0
0.7579451689459,1778,-1.2888,0,0
0.75794530667705,1779,-1.2884,0,0
0.7579454444856,1780,-1.288,0,0
0.75794558237155,1781,-1.2876,0,0
0.7579457203349,1782,-1.2872,0,0
0.75794585837566,1783,-1.2868,0,0
0.75794599649382,1784,-1.2864,0,0
0.75794613468939,1785,-1.286,0,0
0.75794627296236,1786,-1.2856,0,0
0.75794641131273,1787,-1.2852,0,0
0.75794654974051,1788,-1.2848,0,0
0.75794668824568,1789,-1.2844,0,0
0.75794682682827,1790,-1.284,0,0
0.75794696548825,1791,-1.2836,0,0
0.75794710422564,1792,-1.2832,0,0
0.75794724304043,1793,-1.2828,0,0
0.75794738193262,1794,-1.2824,0,0
0.75794752090222,1795,-1.282,0,0
0.75794765994921,1796,-1.2816,0,0
0.75794779907361,1797,-1.2812,0,0
0.75794793827542,1798,-1.2808,0,0
0.75794807755462,1799,-1.2804,0,0
0.75794821691123,1800,-1.28,0,0
0.75794835634524,1801,-1.2796,0,0
0.75794849585665,1802,-1.2792,0,0
0.75794863544547,1803,-1.2788,0,0
0.75794877511168,1804,-1.2784,0,0
0.7579489148553,1805,-1.278,0,0
0.75794905467632,1806,-1.2776,0,0
0.75794919457474,1807,-1.2772,0,0
0.75794933455057,1808,-1.2768,0,0
0.75794947460379,1809,-1.2764,0,0
0.75794961473442,1810,-1.276,0,0
0.75794975494245,1811,-1.2756,0,0
0.75794989522788,1812,-1.2752,0,0
0.75795003559071,1813,-1.2748,0,0
0.75795017603095,1814,-1.2744,0,0
0.75795031654858,1815,-1.274,0,0
0.75795045714362,1816,-1.2736,0,0
0.75795059781606,1817,-1.2732,0,0
0.7579507385659,1818,-1.2728,0,0
0.75795087939314,1819,-1.2724,0,0
0.75795102029778,1820,-1.272,0,0
0.75795116127982,1821,-1.2716,0,0
0.75795130233926,1822,-1.2712,0,0
0.7579514434761,1823,-1.2708,0,0
0.75795158469035,1824,-1.2704,0,0
0.75795172598199,1825,-1.27,0,0
0.75795186735104,1826,-1.2696,0,0
0.75795200879749,1827,-1.2692,0,0
0.75795215032133,1828,-1.2688,0,0
0.75795229192258,1829,-1.2684,0,0
0.75795243360123,1830,-1.268,0,0
0.75795257535727,1831,-1.2676,0,0
0.75795271719072,1832,-1.2672,0,0
0.75795285910157,1833,-1.2668,0,0
0.75795300108982,1834,-1.2664,0,0
0.75795314315547,1835,-1.266,0,0
0.75795328529851,1836,-1.2656,0,0
0.75795342751896,1837,-1.2652,0,0
0.75795356981681,1838,-1.2648,0,0
0.75795371219206,1839,-1.2644,0,0
0.7579538546447,1840,-1.264,0,0
0.75795399717475,1841,-1.2636,0,0
0.7579541397822,1842,-1.2632,0,0
0.75795428246704,1843,-1.2628,0,0
0.75795442522929,1844,-1.2624,0,0
0.75795456806893,1845,-1.262,0,0
0.75795471098598,1846,-1.2616,0,0
0.75795485398042,1847,-1.2612,0,0
0.75795499705226,1848,-1.2608,0,0
0.7579551402015,1849,-1.2604,0,0
0.75795528342814,1850,-1.26,0,0
0.75795542673218,1851,-1.2596,0,0
0.75795557011362,1852,-1.2592,0,0
0.75795571357246,1853,-1.2588,0,0
0.75795585710869,1854,-1.2584,0,0
0.75795600072233,1855,-1.258,0,0
0.75795614441336,1856,-1.2576,0,0
0.75795628818179,1857,-1.2572,0,0
0.75795643202762,1858,-1.2568,0,0
0.75795657595085,1859,-1.2564,0,0
0.75795671995148,1860,-1.256,0,0
0.7579568640295,1861,-1.2556,0,0
0.75795700818493,1862,-1.2552,0,0
0.75795715241775,1863,-1.2548,0,0
0.75795729672797,1864,-1.2544,0,0
0.75795744111558,1865,-1.254,0,0
0.7579575855806,1866,-1.2536,0,0
0.75795773012301,1867,-1.2532,0,0
0.75795787474282,1868,-1.2528,0,0
0.75795801944003,1869,-1.2524,0,0
0.75795816421464,1870,-1.252,0,0
0.75795830906664,1871,-1.2516,0,0
0.75795845399604,1872,-1.2512,0,0
0.75795859900284,1873,-1.2508,0,0
0.75795874408704,1874,-1.2504,0,0
0.75795888924863,1875,-1.25,0,0
0.75795903448762,1876,-1.2496,0,0
0.75795917980401,1877,-1.2492,0,0
0.7579593251978,1878,-1.2488,0,0
0.75795947066898,1879,-1.2484,0,0
0.75795961621756,1880,-1.248,0,0
0.75795976184353,1881,-1.2476,0,0
0.7579599075469,1882,-1.2472,0,0
0.75796005332767,1883,-1.2468,0,0
0.75796019918584,1884,-1.2464,0,0
0.7579603451214,1885,-1.246,0,0
0.75796049113436,1886,-1.2456,0,0
0.75796063722472,1887,-1.2452,0,0
0.75796078339247,1888,-1.2448,0,0
0.75796092963762,1889,-1.2444,0,0
0.75796107596016,1890,-1.244,0,0
0.7579612223601,1891,-1.2436,0,0
0.75796136883744,1892,-1.2432,0,0
0.75796151539217,1893,-1.2428,0,0
0.7579616620243,1894,-1.2424,0,0
0.75796180873383,1895,-1.242,0,0
0.75796195552075,1896,-1.2416,0,0
0.75796210238507,1897,-1.2412,0,0
0.75796224932678,1898,-1.2408,0,0
0.75796239634589,1899,-1.2404,0,0
0.75796254344239,1900,-1.24,0,0
0.75796269061629,1901,-1.2396,0,0
0.75796283786758,1902,-1.2392,0,0
0.75796298519627,1903,-1.2388,0,0
0.75796313260236,1904,-1.2384,0,0
0.75796328008584,1905,-1.238,0,0
0.75796342764672,1906,-1.2376,0,0
0.75796357528499,1907,-1.2372,0,0
0.75796372300065,1908,-1.2368,0,0
0.75796387079371,1909,-1.2364,0,0
0.75796401866417,1910,-1.236,0,0
0.75796416661202,1911,-1.2356,0,0
0.75796431463726,1912,-1.2352,0,0
0.7579644627399,1913,-1.2348,0,0
0.75796461091994,1914,-1.2344,0,0
0.75796475917737,1915,-1.234,0,0
0.75796490751219,1916,-1.2336,0,0
0.75796505592441,1917,-1.2332,0,0
0.75796520441402,1918,-1.2328,0,0
0.75796535298103,1919,-1.2324,0,0
0.75796550162543,1920,-1.232,0,0
0.75796565034722,1921,-1.2316,0,0
0.75796579914641,1922,-1.2312,0,0
0.75796594802299,1923,-1.2308,0,0
0.75796609697697,1924,-1.2304,0,0
0.75796624600834,1925,-1.23,0,0
0.7579663951171,1926,-1.2296,0,0
0.75796654430326,1927,-1.2292,0,0
0.75796669356681,1928,-1.2288,0,0
0.75796684290776,1929,-1.2284,0,0
0.7579669923261,1930,-1.228,0,0
0.75796714182183,1931,-1.2276,0,0
0.75796729139495,1932,-1.2272,0,0
0.75796744104547,1933,-1.2268,0,0
0.75796759077338,1934,-1.2264,0,0
0.75796774057869,1935,-1.226,0,0
0.75796789046139,1936,-1.2256,0,0
0.75796804042148,1937,-1.2252,0,0
0.75796819045896,1938,-1.2248,0,0
0.75796834057384,1939,-1.2244,0,0
0.75796849076611,1940,-1.224,0,0
0.75796864103577,1941,-1.2236,0,0
0.75796879138282,1942,-1.2232,0,0
0.75796894180727,1943,-1.2228,0,0
0.75796909230911,1944,-1.2224,0,0
0.75796924288834,1945,-1.222,0,0
0.75796939354497,1946,-1.2216,0,0
0.75796954427898,1947,-1.2212,0,0
0.75796969509039,1948,-1.2208,0,0
0.75796984597919,1949,-1.2204,0,0
0.75796999694539,1950,-1.22,0,0
0.75797014798897,1951,-1.2196,0,0
0.75797029910995,1952,-1.2192,0,0
0.75797045030832,1953,-1.2188,0,0
0.75797060158408,1954,-1.2184,0,0
0.75797075293723,1955,-1.218,0,0
0.75797090436777,1956,-1.2176,0,0
0.75797105587571,1957,-1.2172,0,0
0.75797120746104,1958,-1.2168,0,0
0.75797135912376,1959,-1.2164,0,0
0.75797151086386,1960,-1.216,0,0
0.75797166268137,1961,-1.2156,0,0
0.75797181457626,1962,-1.2152,0,0
0.75797196654854,1963,-1.2148,0,0
0.75797211859822,1964,-1.2144,0,0
0.75797227072528,1965,-1.214,0,0
0.75797242292974,1966,-1.2136,0,0
0.75797257521158,1967,-1.2132,0,0
0.75797272757082,1968,-1.2128,0,0
0.75797288000745,1969,-1.2124,0,0
0.75797303252147,1970,-1.212,0,0
0.75797318511288,1971,-1.2116,0,0
0.75797333778168,1972,-1.2112,0,0
0.75797349052787,1973,-1.2108,0,0
0.75797364335145,1974,-1.2104,0,0
0.75797379625242,1975,-1.21,0,0
0.75797394923078,1976,-1.2096,0,0
0.75797410228654,1977,-1.2092,0,0
0.75797425541968,1978,-1.2088,0,0
0.75797440863021,1979,-1.2084,0,0
0.75797456191813,1980,-1.208,0,0
0.75797471528344,1981,-1.2076,0,0
0.75797486872614,1982,-1.2072,0,0
0.75797502224623,1983,-1.2068,0,0
0.75797517584371,1984,-1.2064,0,0
0.75797532951858,1985,-1.206,0,0
0.75797548327084,1986,-1.2056,0,0
0.75797563710049,1987,-1.2052,0,0
0.75797579100753,1988,-1.2048,0,0
0.75797594499196,1989,-1.2044,0,0
0.75797609905377,1990,-1.204,0,0
0.75797625319298,1991,-1.2036,0,0
0.75797640740957,1992,-1.2032,0,0
0.75797656170356,1993,-1.2028,0,0
0.75797671607493,1994,-1.2024,0,0
0.75797687052369,1995,-1.202,0,0
0.75797702504984,1996,-1.2016,0,0
0.75797717965338,1997,-1.2012,0,0
0.75797733433431,1998,-1.2008,0,0
0.75797748909262,1999,-1.2004,0,0
0.75797764392833,2000,-1.2,0,0
0.75797779884142,2001,-1.1996,0,0
0.7579779538319,2002,-1.1992,0,0
0.75797810889977,2003,-1.1988,0,0
0.75797826404502,2004,-1.1984,0,0
0.75797841926767,2005,-1.198,0,0
0.7579785745677,2006,-1.1976,0,0
0.75797872994512,2007,-1.1972,0,0
0.75797888539993,2008,-1.1968,0,0
0.75797904093213,2009,-1.1964,0,0
0.75797919654171,2010,-1.196,0,0
0.75797935222869,2011,-1.1956,0,0
0.75797950799305,2012,-1.1952,0,0
0.75797966383479,2013,-1.1948,0,0
0.75797981975393,2014,-1.1944,0,0
0.75797997575045,2015,-1.194,0,0
0.75798013182436,2016,-1.1936,0,0
0.75798028797566,2017,-1.1932,0,0
0.75798044420434,2018,-1.1928,0,0
0.75798060051041,2019,-1.1924,0,0
0.75798075689387,2020,-1.192,0,0
0.75798091335471,2021,-1.1916,0,0
0.75798106989294,2022,-1.1912,0,0
0.75798122650856,2023,-1.1908,0,0
0.75798138320157,2024,-1.1904,0,0
0.75798153997196,2025,-1.19,0,0
0.75798169681974,2026,-1.1896,0,0
0.7579818537449,2027,-1.1892,0,0
0.75798201074745,2028,-1.1888,0,0
0.75798216782739,2029,-1.1884,0,0
0.75798232498471,2030,-1.188,0,0
0.75798248221942,2031,-1.1876,0,0
0.75798263953152,2032,-1.1872,0,0
0.757982796921,2033,-1.1868,0,0
0.75798295438786,2034,-1.1864,0,0
0.75798311193212,2035,-1.186,0,0
0.75798326955376,2036,-1.1856,0,0
0.75798342725278,2037,-1.1852,0,0
0.75798358502919,2038,-1.1848,0,0
0.75798374288299,2039,-1.1844,0,0
0.75798390081417,2040,-1.184,0,0
0.75798405882274,2041,-1.1836,0,0
0.75798421690869,2042,-1.1832,0,0
0.75798437507203,2043,-1.1828,0,0
0.75798453331275,2044,-1.1824,0,0
0.75798469163086,2045,-1.182,0,0
0.75798485002635,2046,-1.1816,0,0
0.75798500849923,2047,-1.1812,0,0
0.75798516704949,2048,-1.1808,0,0
0.75798532567714,2049,-1.1804,0,0
0.75798548438217,2050,-1.18,0,0
0.75798564316459,2051,-1.1796,0,0
0.75798580202439,2052,-1.1792,0,0
0.75798596096157,2053,-1.1788,0,0
0.75798611997614,2054,-1.1784,0,0
0.7579862790681,2055,-1.178,0,0
0.75798643823744,2056,-1.1776,0,0
0.75798659748416,2057,-1.1772,0,0
0.75798675680827,2058,-1.1768,0,0
0.75798691620976,2059,-1.1764,0,0
0.75798707568864,2060,-1.176,0,0
0.7579872352449,2061,-1.1756,0,0
0.75798739487854,2062,-1.1752,0,0
0.75798755458957,2063,-1.1748,0,0
0.75798771437798,2064,-1.1744,0,0
0.75798787424377,2065,-1.174,0,0
0.75798803418695,2066,-1.1736,0,0
0.75798819420751,2067,-1.1732,0,0
0.75798835430545,2068,-1.1728,0,0
0.75798851448078,2069,-1.1724,0,0
0.75798867473349,2070,-1.172,0,0
0.75798883506359,2071,-1.1716,0,0
0.75798899547107,2072,-1.1712,0,0
0.75798915595593,2073,-1.1708,0,0
0.75798931651817,2074,-1.1704,0,0
0.7579894771578,2075,-1.17,0,0
0.7579896378748,2076,-1.1696,0,0
0.7579897986692,2077,-1.1692,0,0
0.75798995954097,2078,-1.1688,0,0
0.75799012049013,2079,-1.1684,0,0
0.75799028151667,2080,-1.168,0,0
0.75799044262059,2081,-1.1676,0,0
0.75799060380189,2082,-1.1672,0,0
0.75799076506058,2083,-1.1668,0,0
0.75799092639665,2084,-1.1664,0,0
0.7579910878101,2085,-1.166,0,0
0.75799124930093,2086,-1.1656,0,0
0.75799141086914,2087,-1.1652,0,0
0.75799157251474,2088,-1.1648,0,0
0.75799173423772,2089,-1.1644,0,0
0.75799189603808,2090,-1.164,0,0
0.75799205791582,2091,-1.1636,0,0
0.75799221987094,2092,-1.1632,0,0
0.75799238190345,2093,-1.1628,0,0
0.75799254401333,2094,-1.1624,0,0
0.7579927062006,2095,-1.162,0,0
0.75799286846525,2096,-1.1616,0,0
0.75799303080728,2097,-1.1612,0,0
0.75799319322669,2098,-1.1608,0,0
0.75799335572348,2099,-1.1604,0,0
0.75799351829766,2100,-1.16,0,0
0.75799368094921,2101,-1.1596,0,0
0.75799384367814,2102,-1.1592,0,0
0.75799400648446,2103,-1.1588,0,0
0.75799416936815,2104,-1.1584,0,0
0.75799433232923,2105,-1.158,0,0
0.75799449536769,2106,-1.1576,0,0
0.75799465848352,2107,-1.1572,0,0
0.75799482167674,2108,-1.1568,0,0
0.75799498494734,2109,-1.1564,0,0
0.75799514829532,2110,-1.156,0,0
0.75799531172068,2111,-1.1556,0,0
0.75799547522341,2112,-1.1552,0,0
0.75799563880353,2113,-1.1548,0,0
0.75799580246103,2114,-1.1544,0,0
0.75799596619591,2115,-1.154,0,0
0.75799613000816,2116,-1.1536,0,0
0.7579962938978,2117,-1.1532,0,0
0.75799645786482,2118,-1.1528,0,0
0.75799662190921,2119,-1.1524,0,0
0.75799678603099,2120,-1.152,0,0
0.75799695023014,2121,-1.1516,0,0
0.75799711450668,2122,-1.1512,0,0
0.75799727886059,2123,-1.1508,0,0
0.75799744329188,2124,-1.1504,0,0
0.75799760780056,2125,-1.15,0,0
0.75799777238661,2126,-1.1496,0,0
0.75799793705003,2127,-1.1492,0,0
0.75799810179084,2128,-1.1488,0,0
0.75799826660903,2129,-1.1484,0,0
0.75799843150459,2130,-1.148,0,0
0.75799859647754,2131,-1.1476,0,0
0.75799876152786,2132,-1.1472,0,0
0.75799892665556,2133,-1.1468,0,0
0.75799909186064,2134,-1.1464,0,0
0.7579992571431,2135,-1.146,0,0
0.75799942250293,2136,-1.1456,0,0
0.75799958794015,2137,-1.1452,0,0
0.75799975345474,2138,-1.1448,0,0
0.75799991904671,2139,-1.1444,0,0
0.75800008471605,2140,-1.144,0,0
0.75800025046278,2141,-1.1436,0,0
0.75800041628688,2142,-1.1432,0,0
0.75800058218836,2143,-1.1428,0,0
0.75800074816722,2144,-1.1424,0,0
0.75800091422345,2145,-1.142,0,0
0.75800108035707,2146,-1.1416,0,0
0.75800124656806,2147,-1.1412,0,0
0.75800141285642,2148,-1.1408,0,0
0.75800157922217,2149,-1.1404,0,0
0.75800174566529,2150,-1.14,0,0
0.75800191218579,2151,-1.1396,0,0
0.75800207878366,2152,-1.1392,0,0
0.75800224545891,2153,-1.1388,0,0
0.75800241221154,2154,-1.1384,0,0
0.75800257904155,2155,-1.138,0,0
0.75800274594893,2156,-1.1376,0,0
0.75800291293369,2157,-1.1372,0,0
0.75800307999582,2158,-1.1368,0,0
0.75800324713533,2159,-1.1364,0,0
0.75800341435222,2160,-1.136,0,0
0.75800358164648,2161,-1.1356,0,0
0.75800374901812,2162,-1.1352,0,0
0.75800391646714,2163,-1.1348,0,0
0.75800408399353,2164,-1.1344,0,0
0.7580042515973,2165,-1.134,0,0
0.75800441927844,2166,-1.1336,0,0
0.75800458703696,2167,-1.1332,0,0
0.75800475487286,2168,-1.1328,0,0
0.75800492278613,2169,-1.1324,0,0
0.75800509077677,2170,-1.132,0,0
0.75800525884479,2171,-1.1316,0,0
0.75800542699019,2172,-1.1312,0,0
0.75800559521296,2173,-1.1308,0,0
0.75800576351311,2174,-1.1304,0,0
0.75800593189063,2175,-1.13,0,0
0.75800610034553,2176,-1.1296,0,0
0.7580062688778,2177,-1.1292,0,0
0.75800643748745,2178,-1.1288,0,0
0.75800660617447,2179,-1.1284,0,0
0.75800677493887,2180,-1.128,0,0
0.75800694378064,2181,-1.1276,0,0
0.75800711269978,2182,-1.1272,0,0
0.7580072816963,2183,-1.1268,0,0
0.7580074507702,2184,-1.1264,0,0
0.75800761992146,2185,-1.126,0,0
0.75800778915011,2186,-1.1256,0,0
0.75800795845612,2187,-1.1252,0,0
0.75800812783951,2188,-1.1248,0,0
0.75800829730028,2189,-1.1244,0,0
0.75800846683842,2190,-1.124,0,0
0.75800863645393,2191,-1.1236,0,0
0.75800880614682,2192,-1.1232,0,0
0.75800897591708,2193,-1.1228,0,0
0.75800914576471,2194,-1.1224,0,0
0.75800931568972,2195,-1.122,0,0
0.7580094856921,2196,-1.1216,0,0
0.75800965577185,2197,-1.1212,0,0
0.75800982592898,2198,-1.1208,0,0
0.75800999616348,2199,-1.1204,0,0
0.75801016647535,2200,-1.12,0,0
0.7580103368646,2201,-1.1196,0,0
0.75801050733121,2202,-1.1192,0,0
0.75801067787521,2203,-1.1188,0,0
0.75801084849657,2204,-1.1184,0,0
0.75801101919531,2205,-1.118,0,0
0.75801118997142,2206,-1.1176,0,0
0.7580113608249,2207,-1.1172,0,0
0.75801153175575,2208,-1.1168,0,0
0.75801170276398,2209,-1.1164,0,0
0.75801187384958,2210,-1.116,0,0
0.75801204501255,2211,-1.1156,0,0
0.7580122162529,2212,-1.1152,0,0
0.75801238757061,2213,-1.1148,0,0
0.7580125589657,2214,-1.1144,0,0
0.75801273043816,2215,-1.114,0,0
0.75801290198799,2216,-1.1136,0,0
0.75801307361519,2217,-1.1132,0,0
0.75801324531977,2218,-1.1128,0,0
0.75801341710171,2219,-1.1124,0,0
0.75801358896103,2220,-1.112,0,0
0.75801376089772,2221,-1.1116,0,0
0.75801393291178,2222,-1.1112,0,0
0.75801410500321,2223,-1.1108,0,0
0.75801427717202,2224,-1.1104,0,0
0.75801444941819,2225,-1.11,0,0
0.75801462174173,2226,-1.1096,0,0
0.75801479414265,2227,-1.1092,0,0
0.75801496662094,2228,-1.1088,0,0
0.75801513917659,2229,-1.1084,0,0
0.75801531180962,2230,-1.108,0,0
0.75801548452002,2231,-1.1076,0,0
0.75801565730779,2232,-1.1072,0,0
0.75801583017293,2233,-1.1068,0,0
0.75801600311544,2234,-1.1064,0,0
0.75801617613532,2235,-1.106,0,0
0.75801634923257,2236,-1.1056,0,0
0.75801652240719,2237,-1.1052,0,0
0.75801669565918,2238,-1.1048,0,0
0.75801686898854,2239,-1.1044,0,0
0.75801704239527,2240,-1.104,0,0
0.75801721587937,2241,-1.1036,0,0
0.75801738944084,2242,-1.1032,0,0
0.75801756307967,2243,-1.1028,0,0
0.75801773679588,2244,-1.1024,0,0
0.75801791058946,2245,-1.102,0,0
0.75801808446041,2246,-1.1016,0,0
0.75801825840872,2247,-1.1012,0,0
0.75801843243441,2248,-1.1008,0,0
0.75801860653746,2249,-1.1004,0,0
0.75801878071789,2250,-1.1,0,0
0.75801895497568,2251,-1.0996,0,0
0.75801912931084,2252,-1.0992,0,0
0.75801930372337,2253,-1.0988,0,0
0.75801947821327,2254,-1.0984,0,0
0.75801965278054,2255,-1.098,0,0
0.75801982742517,2256,-1.0976,0,0
0.75802000214718,2257,-1.0972,0,0
0.75802017694655,2258,-1.0968,0,0
0.75802035182329,2259,-1.0964,0,0
0.7580205267774,2260,-1.096,0,0
0.75802070180888,2261,-1.0956,0,0
0.75802087691772,2262,-1.0952,0,0
0.75802105210394,2263,-1.0948,0,0
0.75802122736752,2264,-1.0944,0,0
0.75802140270847,2265,-1.094,0,0
0.75802157812678,2266,-1.0936,0,0
0.75802175362247,2267,-1.0932,0,0
0.75802192919552,2268,-1.0928,0,0
0.75802210484594,2269,-1.0924,0,0
0.75802228057373,2270,-1.092,0,0
0.75802245637888,2271,-1.0916,0,0
0.7580226322614,2272,-1.0912,0,0
0.75802280822129,2273,-1.0908,0,0
0.75802298425854,2274,-1.0904,0,0
0.75802316037317,2275,-1.09,0,0
0.75802333656515,2276,-1.0896,0,0
0.75802351283451,2277,-1.0892,0,0
0.75802368918123,2278,-1.0888,0,0
0.75802386560532,2279,-1.0884,0,0
0.75802404210678,2280,-1.088,0,0
0.7580242186856,2281,-1.0876,0,0
0.75802439534179,2282,-1.0872,0,0
0.75802457207534,2283,-1.0868,0,0
0.75802474888626,2284,-1.0864,0,0
0.75802492577455,2285,-1.086,0,0
0.7580251027402,2286,-1.0856,0,0
0.75802527978322,2287,-1.0852,0,0
0.75802545690361,2288,-1.0848,0,0
0.75802563410136,2289,-1.0844,0,0
0.75802581137647,2290,-1.084,0,0
0.75802598872895,2291,-1.0836,0,0
0.7580261661588,2292,-1.0832,0,0
0.75802634366601,2293,-1.0828,0,0
0.75802652125059,2294,-1.0824,0,0
0.75802669891254,2295,-1.082,0,0
0.75802687665184,2296,-1.0816,0,0
0.75802705446852,2297,-1.0812,0,0
0.75802723236256,2298,-1.0808,0,0
0.75802741033396,2299,-1.0804,0,0
0.75802758838273,2300,-1.08,0,0
0.75802776650886,2301,-1.0796,0,0
0.75802794471236,2302,-1.0792,0,0
0.75802812299322,2303,-1.0788,0,0
0.75802830135145,2304,-1.0784,0,0
0.75802847978704,2305,-1.078,0,0
0.7580286583,2306,-1.0776,0,0
0.75802883689032,2307,-1.0772,0,0
0.758029015558,2308,-1.0768,0,0
0.75802919430305,2309,-1.0764,0,0
0.75802937312546,2310,-1.076,0,0
0.75802955202524,2311,-1.0756,0,0
0.75802973100238,2312,-1.0752,0,0
0.75802991005688,2313,-1.0748,0,0
0.75803008918875,2314,-1.0744,0,0
0.75803026839798,2315,-1.074,0,0
0.75803044768457,2316,-1.0736,0,0
0.75803062704853,2317,-1.0732,0,0
0.75803080648985,2318,-1.0728,0,0
0.75803098600854,2319,-1.0724,0,0
0.75803116560459,2320,-1.072,0,0
0.758031345278,2321,-1.0716,0,0
0.75803152502877,2322,-1.0712,0,0
0.75803170485691,2323,-1.0708,0,0
0.75803188476241,2324,-1.0704,0,0
0.75803206474527,2325,-1.07,0,0
0.75803224480549,2326,-1.0696,0,0
0.75803242494308,2327,-1.0692,0,0
0.75803260515803,2328,-1.0688,0,0
0.75803278545034,2329,-1.0684,0,0
0.75803296582002,2330,-1.068,0,0
0.75803314626705,2331,-1.0676,0,0
0.75803332679145,2332,-1.0672,0,0
0.75803350739321,2333,-1.0668,0,0
0.75803368807234,2334,-1.0664,0,0
0.75803386882882,2335,-1.066,0,0
0.75803404966267,2336,-1.0656,0,0
0.75803423057388,2337,-1.0652,0,0
0.75803441156245,2338,-1.0648,0,0
0.75803459262838,2339,-1.0644,0,0
0.75803477377167,2340,-1.064,0,0
0.75803495499233,2341,-1.0636,0,0
0.75803513629034,2342,-1.0632,0,0
0.75803531766572,2343,-1.0628,0,0
0.75803549911846,2344,-1.0624,0,0
0.75803568064856,2345,-1.062,0,0
0.75803586225602,2346,-1.0616,0,0
0.75803604394084,2347,-1.0612,0,0
0.75803622570302,2348,-1.0608,0,0
0.75803640754256,2349,-1.0604,0,0
0.75803658945946,2350,-1.06,0,0
0.75803677145373,2351,-1.0596,0,0
0.75803695352535,2352,-1.0592,0,0
0.75803713567434,2353,-1.0588,0,0
0.75803731790068,2354,-1.0584,0,0
0.75803750020438,2355,-1.058,0,0
0.75803768258545,2356,-1.0576,0,0
0.75803786504387,2357,-1.0572,0,0
0.75803804757966,2358,-1.0568,0,0
0.7580382301928,2359,-1.0564,0,0
0.75803841288331,2360,-1.056,0,0
0.75803859565117,2361,-1.0556,0,0
0.7580387784964,2362,-1.0552,0,0
0.75803896141898,2363,-1.0548,0,0
0.75803914441892,2364,-1.0544,0,0
0.75803932749622,2365,-1.054,0,0
0.75803951065088,2366,-1.0536,0,0
0.7580396938829,2367,-1.0532,0,0
0.75803987719228,2368,-1.0528,0,0
0.75804006057902,2369,-1.0524,0,0
0.75804024404312,2370,-1.052,0,0
0.75804042758457,2371,-1.0516,0,0
0.75804061120339,2372,-1.0512,0,0
0.75804079489956,2373,-1.0508,0,0
0.75804097867309,2374,-1.0504,0,0
0.75804116252398,2375,-1.05,0,0
0.75804134645223,2376,-1.0496,0,0
0.75804153045783,2377,-1.0492,0,0
0.7580417145408,2378,-1.0488,0,0
0.75804189870112,2379,-1.0484,0,0
0.7580420829388,2380,-1.048,0,0
0.75804226725384,2381,-1.0476,0,0
0.75804245164624,2382,-1.0472,0,0
0.75804263611599,2383,-1.0468,0,0
0.7580428206631,2384,-1.0464,0,0
0.75804300528757,2385,-1.046,0,0
0.7580431899894,2386,-1.0456,0,0
0.75804337476859,2387,-1.0452,0,0
0.75804355962513,2388,-1.0448,0,0
0.75804374455903,2389,-1.0444,0,0
0.75804392957028,2390,-1.044,0,0
0.75804411465889,2391,-1.0436,0,0
0.75804429982486,2392,-1.0432,0,0
0.75804448506819,2393,-1.0428,0,0
0.75804467038888,2394,-1.0424,0,0
0.75804485578692,2395,-1.042,0,0
0.75804504126231,2396,-1.0416,0,0
0.75804522681507,2397,-1.0412,0,0
0.75804541244518,2398,-1.0408,0,0
0.75804559815264,2399,-1.0404,0,0
0.75804578393746,2400,-1.04,0,0
0.75804596979964,2401,-1.0396,0,0
0.75804615573918,2402,-1.0392,0,0
0.75804634175607,2403,-1.0388,0,0
0.75804652785032,2404,-1.0384,0,0
0.75804671402192,2405,-1.038,0,0
0.75804690027088,2406,-1.0376,0,0
0.75804708659719,2407,-1.0372,0,0
0.75804727300086,2408,-1.0368,0,0
0.75804745948188,2409,-1.0364,0,0
0.75804764604026,2410,-1.036,0,0
0.758047832676,2411,-1.0356,0,0
0.75804801938909,2412,-1.0352,0,0
0.75804820617954,2413,-1.0348,0,0
0.75804839304734,2414,-1.0344,0,0
0.75804857999249,2415,-1.034,0,0
0.758048767015,2416,-1.0336,0,0
0.75804895411487,2417,-1.0332,0,0
0.75804914129209,2418,-1.0328,0,0
0.75804932854666,2419,-1.0324,0,0
0.75804951587859,2420,-1.032,0,0
0.75804970328788,2421,-1.0316,0,0
0.75804989077452,2422,-1.0312,0,0
0.75805007833851,2423,-1.0308,0,0
0.75805026597985,2424,-1.0304,0,0
0.75805045369855,2425,-1.03,0,0
0.75805064149461,2426,-1.0296,0,0
0.75805082936802,2427,-1.0292,0,0
0.75805101731878,2428,-1.0288,0,0
0.75805120534689,2429,-1.0284,0,0
0.75805139345236,2430,-1.028,0,0
0.75805158163519,2431,-1.0276,0,0
0.75805176989536,2432,-1.0272,0,0
0.75805195823289,2433,-1.0268,0,0
0.75805214664777,2434,-1.0264,0,0
0.75805233514001,2435,-1.026,0,0
0.7580525237096,2436,-1.0256,0,0
0.75805271235654,2437,-1.0252,0,0
0.75805290108084,2438,-1.0248,0,0
0.75805308988248,2439,-1.0244,0,0
0.75805327876148,2440,-1.024,0,0
0.75805346771784,2441,-1.0236,0,0
0.75805365675154,2442,-1.0232,0,0
0.7580538458626,2443,-1.0228,0,0
0.75805403505101,2444,-1.0224,0,0
0.75805422431677,2445,-1.022,0,0
0.75805441365989,2446,-1.0216,0,0
0.75805460308036,2447,-1.0212,0,0
0.75805479257817,2448,-1.0208,0,0
0.75805498215335,2449,-1.0204,0,0
0.75805517180587,2450,-1.02,0,0
0.75805536153574,2451,-1.0196,0,0
0.75805555134297,2452,-1.0192,0,0
0.75805574122755,2453,-1.0188,0,0
0.75805593118948,2454,-1.0184,0,0
0.75805612122876,2455,-1.018,0,0
0.75805631134539,2456,-1.0176,0,0
0.75805650153937,2457,-1.0172,0,0
0.7580566918107,2458,-1.0168,0,0
0.75805688215939,2459,-1.0164,0,0
0.75805707258542,2460,-1.016,0,0
0.75805726308881,2461,-1.0156,0,0
0.75805745366955,2462,-1.0152,0,0
0.75805764432764,2463,-1.0148,0,0
0.75805783506308,2464,-1.0144,0,0
0.75805802587587,2465,-1.014,0,0
0.75805821676601,2466,-1.0136,0,0
0.7580584077335,2467,-1.0132,0,0
0.75805859877834,2468,-1.0128,0,0
0.75805878990053,2469,-1.0124,0,0
0.75805898110007,2470,-1.012,0,0
0.75805917237696,2471,-1.0116,0,0
0.7580593637312,2472,-1.0112,0,0
0.75805955516279,2473,-1.0108,0,0
0.75805974667173,2474,-1.0104,0,0
0.75805993825801,2475,-1.01,0,0
0.75806012992165,2476,-1.0096,0,0
0.75806032166264,2477,-1.0092,0,0
0.75806051348098,2478,-1.0088,0,0
0.75806070537666,2479,-1.0084,0,0
0.7580608973497,2480,-1.008,0,0
0.75806108940008,2481,-1.0076,0,0
0.75806128152782,2482,-1.0072,0,0
0.7580614737329,2483,-1.0068,0,0
0.75806166601533,2484,-1.0064,0,0
0.75806185837511,2485,-1.006,0,0
0.75806205081224,2486,-1.0056,0,0
0.75806224332672,2487,-1.0052,0,0
0.75806243591854,2488,-1.0048,0,0
0.75806262858772,2489,-1.0044,0,0
0.75806282133424,2490,-1.004,0,0
0.75806301415811,2491,-1.0036,0,0
0.75806320705932,2492,-1.0032,0,0
0.75806340003789,2493,-1.0028,0,0
0.7580635930938,2494,-1.0024,0,0
0.75806378622707,2495,-1.002,0,0
0.75806397943767,2496,-1.0016,0,0
0.75806417272563,2497,-1.0012,0,0
0.75806436609094,2498,-1.0008,0,0
0.75806455953359,2499,-1.0004,0,0
0.75806475305359,2500,-1,0,0
0.75806494665093,2501,-0.9996,0,0
0.75806514032563,2502,-0.9992,0,0
0.75806533407767,2503,-0.9988,0,0
0.75806552790705,2504,-0.9984,0,0
0.75806572181379,2505,-0.998,0,0
0.75806591579787,2506,-0.9976,0,0
0.75806610985929,2507,-0.9972,0,0
0.75806630399807,2508,-0.9968,0,0
0.75806649821419,2509,-0.9964,0,0
0.75806669250766,2510,-0.996,0,0
0.75806688687847,2511,-0.9956,0,0
0.75806708132663,2512,-0.9952,0,0
0.75806727585213,2513,-0.9948,0,0
0.75806747045498,2514,-0.9944,0,0
0.75806766513518,2515,-0.994,0,0
0.75806785989272,2516,-0.9936,0,0
0.75806805472761,2517,-0.9932,0,0
0.75806824963985,2518,-0.9928,0,0
0.75806844462943,2519,-0.9924,0,0
0.75806863969635,2520,-0.992,0,0
0.75806883484062,2521,-0.9916,0,0
0.75806903006224,2522,-0.9912,0,0
0.7580692253612,2523,-0.9908,0,0
0.75806942073751,2524,-0.9904,0,0
0.75806961619116,2525,-0.99,0,0
0.75806981172216,2526,-0.9896,0,0
0.7580700073305,2527,-0.9892,0,0
0.75807020301618,2528,-0.9888,0,0
0.75807039877921,2529,-0.9884,0,0
0.75807059461959,2530,-0.988,0,0
0.75807079053731,2531,-0.9876,0,0
0.75807098653237,2532,-0.9872,0,0
0.75807118260478,2533,-0.9868,0,0
0.75807137875453,2534,-0.9864,0,0
0.75807157498163,2535,-0.986,0,0
0.75807177128607,2536,-0.9856,0,0
0.75807196766785,2537,-0.9852,0,0
0.75807216412698,2538,-0.9848,0,0
0.75807236066345,2539,-0.9844,0,0
0.75807255727727,2540,-0.984,0,0
0.75807275396843,2541,-0.9836,0,0
0.75807295073693,2542,-0.9832,0,0
0.75807314758278,2543,-0.9828,0,0
0.75807334450597,2544,-0.9824,0,0
0.7580735415065,2545,-0.982,0,0
0.75807373858437,2546,-0.9816,0,0
0.75807393573959,2547,-0.9812,0,0
0.75807413297215,2548,-0.9808,0,0
0.75807433028206,2549,-0.9804,0,0
0.7580745276693,2550,-0.98,0,0
0.75807472513389,2551,-0.9796,0,0
0.75807492267582,2552,-0.9792,0,0
0.7580751202951,2553,-0.9788,0,0
0.75807531799171,2554,-0.9784,0,0
0.75807551576567,2555,-0.978,0,0
0.75807571361697,2556,-0.9776,0,0
0.75807591154561,2557,-0.9772,0,0
0.7580761095516,2558,-0.9768,0,0
0.75807630763493,2559,-0.9764,0,0
0.75807650579559,2560,-0.976,0,0
0.7580767040336,2561,-0.9756,0,0
0.75807690234895,2562,-0.9752,0,0
0.75807710074165,2563,-0.9748,0,0
0.75807729921168,2564,-0.9744,0,0
0.75807749775906,2565,-0.974,0,0
0.75807769638377,2566,-0.9736,0,0
0.75807789508583,2567,-0.9732,0,0
0.75807809386523,2568,-0.9728,0,0
0.75807829272197,2569,-0.9724,0,0
0.75807849165605,2570,-0.972,0,0
0.75807869066747,2571,-0.9716,0,0
0.75807888975623,2572,-0.9712,0,0
0.75807908892234,2573,-0.9708,0,0
0.75807928816578,2574,-0.9704,0,0
0.75807948748656,2575,-0.97,0,0
0.75807968688468,2576,-0.9696,0,0
0.75807988636015,2577,-0.9692,0,0
0.75808008591295,2578,-0.9688,0,0
0.7580802855431,2579,-0.9684,0,0
0.75808048525058,2580,-0.968,0,0
0.7580806850354,2581,-0.9676,0,0
0.75808088489756,2582,-0.9672,0,0
0.75808108483707,2583,-0.9668,0,0
0.75808128485391,2584,-0.9664,0,0
0.75808148494809,2585,-0.966,0,0
0.75808168511961,2586,-0.9656,0,0
0.75808188536847,2587,-0.9652,0,0
0.75808208569467,2588,-0.9648,0,0
0.75808228609821,2589,-0.9644,0,0
0.75808248657908,2590,-0.964,0,0
0.7580826871373,2591,-0.9636,0,0
0.75808288777285,2592,-0.9632,0,0
0.75808308848575,2593,-0.9628,0,0
0.75808328927598,2594,-0.9624,0,0
0.75808349014355,2595,-0.962,0,0
0.75808369108846,2596,-0.9616,0,0
0.7580838921107,2597,-0.9612,0,0
0.75808409321029,2598,-0.9608,0,0
0.75808429438721,2599,-0.9604,0,0
0.75808449564147,2600,-0.96,0,0
0.75808469697307,2601,-0.9596,0,0
0.75808489838201,2602,-0.9592,0,0
0.75808509986828,2603,-0.9588,0,0
0.75808530143189,2604,-0.9584,0,0
0.75808550307284,2605,-0.958,0,0
0.75808570479113,2606,-0.9576,0,0
0.75808590658675,2607,-0.9572,0,0
0.75808610845972,2608,-0.9568,0,0
0.75808631041001,2609,-0.9564,0,0
0.75808651243765,2610,-0.956,0,0
0.75808671454262,2611,-0.9556,0,0
0.75808691672493,2612,-0.9552,0,0
0.75808711898458,2613,-0.9548,0,0
0.75808732132156,2614,-0.9544,0,0
0.75808752373588,2615,-0.954,0,0
0.75808772622753,2616,-0.9536,0,0
0.75808792879653,2617,-0.9532,0,0
0.75808813144285,2618,-0.9528,0,0
0.75808833416652,2619,-0.9524,0,0
0.75808853696752,2620,-0.952,0,0
0.75808873984586,2621,-0.9516,0,0
0.75808894280153,2622,-0.9512,0,0
0.75808914583454,2623,-0.9508,0,0
0.75808934894488,2624,-0.9504,0,0
0.75808955213256,2625,-0.95,0,0
0.75808975539757,2626,-0.9496,0,0
0.75808995873992,2627,-0.9492,0,0
0.75809016215961,2628,-0.9488,0,0
0.75809036565663,2629,-0.9484,0,0
0.75809056923099,2630,-0.948,0,0
0.75809077288268,2631,-0.9476,0,0
0.7580909766117,2632,-0.9472,0,0
0.75809118041806,2633,-0.9468,0,0
0.75809138430176,2634,-0.9464,0,0
0.75809158826279,2635,-0.946,0,0
0.75809179230115,2636,-0.9456,0,0
0.75809199641685,2637,-0.9452,0,0
0.75809220060989,2638,-0.9448,0,0
0.75809240488025,2639,-0.9444,0,0
0.75809260922795,2640,-0.944,0,0
0.75809281365299,2641,-0.9436,0,0
0.75809301815536,2642,-0.9432,0,0
0.75809322273506,2643,-0.9428,0,0
0.7580934273921,2644,-0.9424,0,0
0.75809363212647,2645,-0.942,0,0
0.75809383693818,2646,-0.9416,0,0
0.75809404182721,2647,-0.9412,0,0
0.75809424679358,2648,-0.9408,0,0
0.75809445183729,2649,-0.9404,0,0
0.75809465695833,2650,-0.94,0,0
0.7580948621567,2651,-0.9396,0,0
0.7580950674324,2652,-0.9392,0,0
0.75809527278544,2653,-0.9388,0,0
0.75809547821581,2654,-0.9384,0,0
0.75809568372351,2655,-0.938,0,0
0.75809588930855,2656,-0.9376,0,0
0.75809609497091,2657,-0.9372,0,0
0.75809630071061,2658,-0.9368,0,0
0.75809650652764,2659,-0.9364,0,0
0.75809671242201,2660,-0.936,0,0
0.7580969183937,2661,-0.9356,0,0
0.75809712444273,2662,-0.9352,0,0
0.75809733056909,2663,-0.9348,0,0
0.75809753677279,2664,-0.9344,0,0
0.75809774305381,2665,-0.934,0,0
0.75809794941216,2666,-0.9336,0,0
0.75809815584785,2667,-0.9332,0,0
0.75809836236087,2668,-0.9328,0,0
0.75809856895122,2669,-0.9324,0,0
0.7580987756189,2670,-0.932,0,0
0.75809898236391,2671,-0.9316,0,0
0.75809918918626,2672,-0.9312,0,0
0.75809939608593,2673,-0.9308,0,0
0.75809960306293,2674,-0.9304,0,0
0.75809981011727,2675,-0.93,0,0
0.75810001724894,2676,-0.9296,0,0
0.75810022445793,2677,-0.9292,0,0
0.75810043174426,2678,-0.9288,0,0
0.75810063910792,2679,-0.9284,0,0
0.75810084654891,2680,-0.928,0,0
0.75810105406722,2681,-0.9276,0,0
0.75810126166287,2682,-0.9272,0,0
0.75810146933585,2683,-0.9268,0,0
0.75810167708616,2684,-0.9264,0,0
0.7581018849138,2685,-0.926,0,0
0.75810209281876,2686,-0.9256,0,0
0.75810230080106,2687,-0.9252,0,0
0.75810250886069,2688,-0.9248,0,0
0.75810271699764,2689,-0.9244,0,0
0.75810292521193,2690,-0.924,0,0
0.75810313350354,2691,-0.9236,0,0
0.75810334187248,2692,-0.9232,0,0
0.75810355031876,2693,-0.9228,0,0
0.75810375884236,2694,-0.9224,0,0
0.75810396744329,2695,-0.922,0,0
0.75810417612155,2696,-0.9216,0,0
0.75810438487713,2697,-0.9212,0,0
0.75810459371005,2698,-0.9208,0,0
0.75810480262029,2699,-0.9204,0,0
0.75810501160787,2700,-0.92,0,0
0.75810522067277,2701,-0.9196,0,0
0.758105429815,2702,-0.9192,0,0
0.75810563903455,2703,-0.9188,0,0
0.75810584833144,2704,-0.9184,0,0
0.75810605770565,2705,-0.918,0,0
0.75810626715719,2706,-0.9176,0,0
0.75810647668606,2707,-0.9172,0,0
0.75810668629225,2708,-0.9168,0,0
0.75810689597577,2709,-0.9164,0,0
0.75810710573662,2710,-0.916,0,0
0.7581073155748,2711,-0.9156,0,0
0.75810752549031,2712,-0.9152,0,0
0.75810773548314,2713,-0.9148,0,0
0.75810794555329,2714,-0.9144,0,0
0.75810815570078,2715,-0.914,0,0
0.75810836592559,2716,-0.9136,0,0
0.75810857622773,2717,-0.9132,0,0
0.75810878660719,2718,-0.9128,0,0
0.75810899706399,2719,-0.9124,0,0
0.7581092075981,2720,-0.912,0,0
0.75810941820955,2721,-0.9116,0,0
0.75810962889832,2722,-0.9112,0,0
0.75810983966441,2723,-0.9108,0,0
0.75811005050783,2724,-0.9104,0,0
0.75811026142858,2725,-0.91,0,0
0.75811047242665,2726,-0.9096,0,0
0.75811068350205,2727,-0.9092,0,0
0.75811089465478,2728,-0.9088,0,0
0.75811110588483,2729,-0.9084,0,0
0.7581113171922,2730,-0.908,0,0
0.7581115285769,2731,-0.9076,0,0
0.75811174003893,2732,-0.9072,0,0
0.75811195157828,2733,-0.9068,0,0
0.75811216319495,2734,-0.9064,0,0
0.75811237488895,2735,-0.906,0,0
0.75811258666028,2736,-0.9056,0,0
0.75811279850893,2737,-0.9052,0,0
0.7581130104349,2738,-0.9048,0,0
0.7581132224382,2739,-0.9044,0,0
0.75811343451882,2740,-0.904,0,0
0.75811364667677,2741,-0.9036,0,0
0.75811385891204,2742,-0.9032,0,0
0.75811407122463,2743,-0.9028,0,0
0.75811428361455,2744,-0.9024,0,0
0.7581144960818,2745,-0.902,0,0
0.75811470862636,2746,-0.9016,0,0
0.75811492124825,2747,-0.9012,0,0
0.75811513394747,2748,-0.9008,0,0
0.758115346724,2749,-0.9004,0,0
0.75811555957786,2750,-0.9,0,0
0.75811577250905,2751,-0.8996,0,0
0.75811598551755,2752,-0.8992,0,0
0.75811619860338,2753,-0.8988,0,0
0.75811641176654,2754,-0.8984,0,0
0.75811662500701,2755,-0.898,0,0
0.75811683832481,2756,-0.8976,0,0
0.75811705171993,2757,-0.8972,0,0
0.75811726519237,2758,-0.8968,0,0
0.75811747874214,2759,-0.8964,0,0
0.75811769236923,2760,-0.896,0,0
0.75811790607364,2761,-0.8956,0,0
0.75811811985537,2762,-0.8952,0,0
0.75811833371442,2763,-0.8948,0,0
0.7581185476508,2764,-0.8944,0,0
0.7581187616645,2765,-0.894,0,0
0.75811897575552,2766,-0.8936,0,0
0.75811918992386,2767,-0.8932,0,0
0.75811940416952,2768,-0.8928,0,0
0.7581196184925,2769,-0.8924,0,0
0.75811983289281,2770,-0.892,0,0
0.75812004737043,2771,-0.8916,0,0
0.75812026192538,2772,-0.8912,0,0
0.75812047655765,2773,-0.8908,0,0
0.75812069126724,2774,-0.8904,0,0
0.75812090605415,2775,-0.89,0,0
0.75812112091838,2776,-0.8896,0,0
0.75812133585993,2777,-0.8892,0,0
0.75812155087881,2778,-0.8888,0,0
0.758121765975,2779,-0.8884,0,0
0.75812198114851,2780,-0.888,0,0
0.75812219639934,2781,-0.8876,0,0
0.7581224117275,2782,-0.8872,0,0
0.75812262713297,2783,-0.8868,0,0
0.75812284261576,2784,-0.8864,0,0
0.75812305817587,2785,-0.886,0,0
0.75812327381331,2786,-0.8856,0,0
0.75812348952806,2787,-0.8852,0,0
0.75812370532013,2788,-0.8848,0,0
0.75812392118952,2789,-0.8844,0,0
0.75812413713623,2790,-0.884,0,0
0.75812435316026,2791,-0.8836,0,0
0.75812456926161,2792,-0.8832,0,0
0.75812478544027,2793,-0.8828,0,0
0.75812500169626,2794,-0.8824,0,0
0.75812521802956,2795,-0.882,0,0
0.75812543444019,2796,-0.8816,0,0
0.75812565092813,2797,-0.8812,0,0
0.75812586749339,2798,-0.8808,0,0
0.75812608413597,2799,-0.8804,0,0
0.75812630085586,2800,-0.88,0,0
0.75812651765308,2801,-0.8796,0,0
0.75812673452761,2802,-0.8792,0,0
0.75812695147946,2803,-0.8788,0,0
0.75812716850863,2804,-0.8784,0,0
0.75812738561512,2805,-0.878,0,0
0.75812760279892,2806,-0.8776,0,0
0.75812782006004,2807,-0.8772,0,0
0.75812803739848,2808,-0.8768,0,0
0.75812825481424,2809,-0.8764,0,0
0.75812847230731,2810,-0.876,0,0
0.7581286898777,2811,-0.8756,0,0
0.75812890752541,2812,-0.8752,0,0
0.75812912525044,2813,-0.8748,0,0
0.75812934305278,2814,-0.8744,0,0
0.75812956093244,2815,-0.874,0,0
0.75812977888941,2816,-0.8736,0,0
0.7581299969237,2817,-0.8732,0,0
0.75813021503531,2818,-0.8728,0,0
0.75813043322423,2819,-0.8724,0,0
0.75813065149047,2820,-0.872,0,0
0.75813086983403,2821,-0.8716,0,0
0.7581310882549,2822,-0.8712,0,0
0.75813130675309,2823,-0.8708,0,0
0.75813152532859,2824,-0.8704,0,0
0.75813174398141,2825,-0.87,0,0
0.75813196271155,2826,-0.8696,0,0
0.758132181519,2827,-0.8692,0,0
0.75813240040376,2828,-0.8688,0,0
0.75813261936585,2829,-0.8684,0,0
0.75813283840524,2830,-0.868,0,0
0.75813305752195,2831,-0.8676,0,0
0.75813327671598,2832,-0.8672,0,0
0.75813349598732,2833,-0.8668,0,0
0.75813371533598,2834,-0.8664,0,0
0.75813393476195,2835,-0.866,0,0
0.75813415426523,2836,-0.8656,0,0
0.75813437384583,2837,-0.8652,0,0
0.75813459350374,2838,-0.8648,0,0
0.75813481323897,2839,-0.8644,0,0
0.75813503305151,2840,-0.864,0,0
0.75813525294137,2841,-0.8636,0,0
0.75813547290854,2842,-0.8632,0,0
0.75813569295302,2843,-0.8628,0,0
0.75813591307482,2844,-0.8624,0,0
0.75813613327393,2845,-0.862,0,0
0.75813635355036,2846,-0.8616,0,0
0.7581365739041,2847,-0.8612,0,0
0.75813679433515,2848,-0.8608,0,0
0.75813701484351,2849,-0.8604,0,0
0.75813723542919,2850,-0.86,0,0
0.75813745609218,2851,-0.8596,0,0
0.75813767683248,2852,-0.8592,0,0
0.7581378976501,2853,-0.8588,0,0
0.75813811854503,2854,-0.8584,0,0
0.75813833951727,2855,-0.858,0,0
0.75813856056682,2856,-0.8576,0,0
0.75813878169369,2857,-0.8572,0,0
0.75813900289787,2858,-0.8568,0,0
0.75813922417936,2859,-0.8564,0,0
0.75813944553816,2860,-0.856,0,0
0.75813966697428,2861,-0.8556,0,0
0.7581398884877,2862,-0.8552,0,0
0.75814011007844,2863,-0.8548,0,0
0.75814033174649,2864,-0.8544,0,0
0.75814055349185,2865,-0.854,0,0
0.75814077531452,2866,-0.8536,0,0
0.75814099721451,2867,-0.8532,0,0
0.7581412191918,2868,-0.8528,0,0
0.75814144124641,2869,-0.8524,0,0
0.75814166337833,2870,-0.852,0,0
0.75814188558755,2871,-0.8516,0,0
0.75814210787409,2872,-0.8512,0,0
0.75814233023794,2873,-0.8508,0,0
0.7581425526791,2874,-0.8504,0,0
0.75814277519757,2875,-0.85,0,0
0.75814299779335,2876,-0.8496,0,0
0.75814322046644,2877,-0.8492,0,0
0.75814344321685,2878,-0.8488,0,0
0.75814366604456,2879,-0.8484,0,0
0.75814388894958,2880,-0.848,0,0
0.75814411193191,2881,-0.8476,0,0
0.75814433499155,2882,-0.8472,0,0
0.7581445581285,2883,-0.8468,0,0
0.75814478134276,2884,-0.8464,0,0
0.75814500463433,2885,-0.846,0,0
0.75814522800321,2886,-0.8456,0,0
0.7581454514494,2887,-0.8452,0,0
0.75814567497289,2888,-0.8448,0,0
0.7581458985737,2889,-0.8444,0,0
0.75814612225181,2890,-0.844,0,0
0.75814634600724,2891,-0.8436,0,0
0.75814656983997,2892,-0.8432,0,0
0.75814679375001,2893,-0.8428,0,0
0.75814701773736,2894,-0.8424,0,0
0.75814724180202,2895,-0.842,0,0
0.75814746594398,2896,-0.8416,0,0
0.75814769016326,2897,-0.8412,0,0
0.75814791445984,2898,-0.8408,0,0
0.75814813883373,2899,-0.8404,0,0
0.75814836328493,2900,-0.84,0,0
0.75814858781343,2901,-0.8396,0,0
0.75814881241925,2902,-0.8392,0,0
0.75814903710237,2903,-0.8388,0,0
0.7581492618628,2904,-0.8384,0,0
0.75814948670053,2905,-0.838,0,0
0.75814971161557,2906,-0.8376,0,0
0.75814993660792,2907,-0.8372,0,0
0.75815016167758,2908,-0.8368,0,0
0.75815038682454,2909,-0.8364,0,0
0.75815061204881,2910,-0.836,0,0
0.75815083735039,2911,-0.8356,0,0
0.75815106272927,2912,-0.8352,0,0
0.75815128818546,2913,-0.8348,0,0
0.75815151371896,2914,-0.8344,0,0
0.75815173932976,2915,-0.834,0,0
0.75815196501787,2916,-0.8336,0,0
0.75815219078329,2917,-0.8332,0,0
0.75815241662601,2918,-0.8328,0,0
0.75815264254603,2919,-0.8324,0,0
0.75815286854336,2920,-0.832,0,0
0.758153094618,2921,-0.8316,0,0
0.75815332076995,2922,-0.8312,0,0
0.75815354699919,2923,-0.8308,0,0
0.75815377330575,2924,-0.8304,0,0
0.75815399968961,2925,-0.83,0,0
0.75815422615077,2926,-0.8296,0,0
0.75815445268924,2927,-0.8292,0,0
0.75815467930501,2928,-0.8288,0,0
0.75815490599809,2929,-0.8284,0,0
0.75815513276848,2930,-0.828,0,0
0.75815535961616,2931,-0.8276,0,0
0.75815558654116,2932,-0.8272,0,0
0.75815581354345,2933,-0.8268,0,0
0.75815604062305,2934,-0.8264,0,0
0.75815626777996,2935,-0.826,0,0
0.75815649501417,2936,-0.8256,0,0
0.75815672232568,2937,-0.8252,0,0
0.75815694971449,2938,-0.8248,0,0
0.75815717718061,2939,-0.8244,0,0
0.75815740472404,2940,-0.824,0,0
0.75815763234477,2941,-0.8236,0,0
0.7581578600428,2942,-0.8232,0,0
0.75815808781813,2943,-0.8228,0,0
0.75815831567077,2944,-0.8224,0,0
0.75815854360071,2945,-0.822,0,0
0.75815877160795,2946,-0.8216,0,0
0.75815899969249,2947,-0.8212,0,0
0.75815922785434,2948,-0.8208,0,0
0.75815945609349,2949,-0.8204,0,0
0.75815968440995,2950,-0.82,0,0
0.7581599128037,2951,-0.8196,0,0
0.75816014127476,2952,-0.8192,0,0
0.75816036982312,2953,-0.8188,0,0
0.75816059844878,2954,-0.8184,0,0
0.75816082715175,2955,-0.818,0,0
0.75816105593201,2956,-0.8176,0,0
0.75816128478958,2957,-0.8172,0,0
0.75816151372445,2958,-0.8168,0,0
0.75816174273662,2959,-0.8164,0,0
0.75816197182609,2960,-0.816,0,0
0.75816220099286,2961,-0.8156,0,0
0.75816243023694,2962,-0.8152,0,0
0.75816265955831,2963,-0.8148,0,0
0.75816288895699,2964,-0.8144,0,0
0.75816311843297,2965,-0.814,0,0
0.75816334798625,2966,-0.8136,0,0
0.75816357761683,2967,-0.8132,0,0
0.75816380732471,2968,-0.8128,0,0
0.75816403710989,2969,-0.8124,0,0
0.75816426697237,2970,-0.812,0,0
0.75816449691215,2971,-0.8116,0,0
0.75816472692923,2972,-0.8112,0,0
0.75816495702361,2973,-0.8108,0,0
0.75816518719529,2974,-0.8104,0,0
0.75816541744427,2975,-0.81,0,0
0.75816564777055,2976,-0.8096,0,0
0.75816587817413,2977,-0.8092,0,0
0.75816610865501,2978,-0.8088,0,0
0.75816633921318,2979,-0.8084,0,0
0.75816656984866,2980,-0.808,0,0
0.75816680056144,2981,-0.8076,0,0
0.75816703135151,2982,-0.8072,0,0
0.75816726221889,2983,-0.8068,0,0
0.75816749316356,2984,-0.8064,0,0
0.75816772418553,2985,-0.806,0,0
0.7581679552848,2986,-0.8056,0,0
0.75816818646137,2987,-0.8052,0,0
0.75816841771524,2988,-0.8048,0,0
0.7581686490464,2989,-0.8044,0,0
0.75816888045487,2990,-0.804,0,0
0.75816911194063,2991,-0.8036,0,0
0.75816934350369,2992,-0.8032,0,0
0.75816957514405,2993,-0.8028,0,0
0.7581698068617,2994,-0.8024,0,0
0.75817003865666,2995,-0.802,0,0
0.75817027052891,2996,-0.8016,0,0
0.75817050247845,2997,-0.8012,0,0
0.7581707345053,2998,-0.8008,0,0
0.75817096660944,2999,-0.8004,0,0
0.75817119879088,3000,-0.8,0,0
0.75817143104962,3001,-0.7996,0,0
0.75817166338565,3002,-0.7992,0,0
0.75817189579898,3003,-0.7988,0,0
0.7581721282896,3004,-0.7984,0,0
0.75817236085753,3005,-0.798,0,0
0.75817259350275,3006,-0.7976,0,0
0.75817282622526,3007,-0.7972,0,0
0.75817305902507,3008,-0.7968,0,0
0.75817329190218,3009,-0.7964,0,0
0.75817352485658,3010,-0.796,0,0
0.75817375788828,3011,-0.7956,0,0
0.75817399099728,3012,-0.7952,0,0
0.75817422418357,3013,-0.7948,0,0
0.75817445744716,3014,-0.7944,0,0
0.75817469078804,3015,-0.794,0,0
0.75817492420621,3016,-0.7936,0,0
0.75817515770169,3017,-0.7932,0,0
0.75817539127445,3018,-0.7928,0,0
0.75817562492452,3019,-0.7924,0,0
0.75817585865187,3020,-0.792,0,0
0.75817609245652,3021,-0.7916,0,0
0.75817632633847,3022,-0.7912,0,0
0.75817656029771,3023,-0.7908,0,0
0.75817679433425,3024,-0.7904,0,0
0.75817702844808,3025,-0.79,0,0
0.7581772626392,3026,-0.7896,0,0
0.75817749690762,3027,-0.7892,0,0
0.75817773125333,3028,-0.7888,0,0
0.75817796567634,3029,-0.7884,0,0
0.75817820017663,3030,-0.788,0,0
0.75817843475423,3031,-0.7876,0,0
0.75817866940911,3032,-0.7872,0,0
0.75817890414129,3033,-0.7868,0,0
0.75817913895077,3034,-0.7864,0,0
0.75817937383753,3035,-0.786,0,0
0.75817960880159,3036,-0.7856,0,0
0.75817984384295,3037,-0.7852,0,0
0.75818007896159,3038,-0.7848,0,0
0.75818031415753,3039,-0.7844,0,0
0.75818054943076,3040,-0.784,0,0
0.75818078478128,3041,-0.7836,0,0
0.7581810202091,3042,-0.7832,0,0
0.75818125571421,3043,-0.7828,0,0
0.75818149129661,3044,-0.7824,0,0
0.7581817269563,3045,-0.782,0,0
0.75818196269328,3046,-0.7816,0,0
0.75818219850756,3047,-0.7812,0,0
0.75818243439913,3048,-0.7808,0,0
0.75818267036799,3049,-0.7804,0,0
0.75818290641414,3050,-0.78,0,0
0.75818314253758,3051,-0.7796,0,0
0.75818337873831,3052,-0.7792,0,0
0.75818361501634,3053,-0.7788,0,0
0.75818385137166,3054,-0.7784,0,0
0.75818408780426,3055,-0.778,0,0
0.75818432431416,3056,-0.7776,0,0
0.75818456090135,3057,-0.7772,0,0
0.75818479756583,3058,-0.7768,0,0
0.7581850343076,3059,-0.7764,0,0
0.75818527112666,3060,-0.776,0,0
0.75818550802301,3061,-0.7756,0,0
0.75818574499665,3062,-0.7752,0,0
0.75818598204758,3063,-0.7748,0,0
0.7581862191758,3064,-0.7744,0,0
0.75818645638131,3065,-0.774,0,0
0.75818669366411,3066,-0.7736,0,0
0.7581869310242,3067,-0.7732,0,0
0.75818716846158,3068,-0.7728,0,0
0.75818740597625,3069,-0.7724,0,0
0.75818764356821,3070,-0.772,0,0
0.75818788123745,3071,-0.7716,0,0
0.75818811898399,3072,-0.7712,0,0
0.75818835680781,3073,-0.7708,0,0
0.75818859470893,3074,-0.7704,0,0
0.75818883268733,3075,-0.77,0,0
0.75818907074302,3076,-0.7696,0,0
0.758189308876,3077,-0.7692,0,0
0.75818954708627,3078,-0.7688,0,0
0.75818978537383,3079,-0.7684,0,0
0.75819002373867,3080,-0.768,0,0
0.7581902621808,3081,-0.7676,0,0
0.75819050070023,3082,-0.7672,0,0
0.75819073929693,3083,-0.7668,0,0
0.75819097797093,3084,-0.7664,0,0
0.75819121672221,3085,-0.766,0,0
0.75819145555078,3086,-0.7656,0,0
0.75819169445664,3087,-0.7652,0,0
0.75819193343979,3088,-0.7648,0,0
0.75819217250022,3089,-0.7644,0,0
0.75819241163794,3090,-0.764,0,0
0.75819265085295,3091,-0.7636,0,0
0.75819289014524,3092,-0.7632,0,0
0.75819312951482,3093,-0.7628,0,0
0.75819336896169,3094,-0.7624,0,0
0.75819360848585,3095,-0.762,0,0
0.75819384808729,3096,-0.7616,0,0
0.75819408776601,3097,-0.7612,0,0
0.75819432752202,3098,-0.7608,0,0
0.75819456735532,3099,-0.7604,0,0
0.75819480726591,3100,-0.76,0,0
0.75819504725378,3101,-0.7596,0,0
0.75819528731893,3102,-0.7592,0,0
0.75819552746137,3103,-0.7588,0,0
0.7581957676811,3104,-0.7584,0,0
0.75819600797811,3105,-0.758,0,0
0.75819624835241,3106,-0.7576,0,0
0.75819648880399,3107,-0.7572,0,0
0.75819672933286,3108,-0.7568,0,0
0.75819696993901,3109,-0.7564,0,0
0.75819721062245,3110,-0.756,0,0
0.75819745138317,3111,-0.7556,0,0
0.75819769222118,3112,-0.7552,0,0
0.75819793313647,3113,-0.7548,0,0
0.75819817412904,3114,-0.7544,0,0
0.7581984151989,3115,-0.754,0,0
0.75819865634605,3116,-0.7536,0,0
0.75819889757047,3117,-0.7532,0,0
0.75819913887218,3118,-0.7528,0,0
0.75819938025118,3119,-0.7524,0,0
0.75819962170746,3120,-0.752,0,0
0.75819986324102,3121,-0.7516,0,0
0.75820010485187,3122,-0.7512,0,0
0.75820034653999,3123,-0.7508,0,0
0.75820058830541,3124,-0.7504,0,0
0.7582008301481,3125,-0.75,0,0
0.75820107206808,3126,-0.7496,0,0
0.75820131406534,3127,-0.7492,0,0
0.75820155613988,3128,-0.7488,0,0
0.75820179829171,3129,-0.7484,0,0
0.75820204052082,3130,-0.748,0,0
0.75820228282721,3131,-0.7476,0,0
0.75820252521088,3132,-0.7472,0,0
0.75820276767184,3133,-0.7468,0,0
0.75820301021008,3134,-0.7464,0,0
0.7582032528256,3135,-0.746,0,0
0.7582034955184,3136,-0.7456,0,0
0.75820373828848,3137,-0.7452,0,0
0.75820398113584,3138,-0.7448,0,0
0.75820422406049,3139,-0.7444,0,0
0.75820446706242,3140,-0.744,0,0
0.75820471014163,3141,-0.7436,0,0
0.75820495329812,3142,-0.7432,0,0
0.75820519653189,3143,-0.7428,0,0
0.75820543984294,3144,-0.7424,0,0
0.75820568323127,3145,-0.742,0,0
0.75820592669688,3146,-0.7416,0,0
0.75820617023978,3147,-0.7412,0,0
0.75820641385995,3148,-0.7408,0,0
0.7582066575574,3149,-0.7404,0,0
0.75820690133214,3150,-0.74,0,0
0.75820714518415,3151,-0.7396,0,0
0.75820738911345,3152,-0.7392,0,0
0.75820763312002,3153,-0.7388,0,0
0.75820787720388,3154,-0.7384,0,0
0.75820812136501,3155,-0.738,0,0
0.75820836560342,3156,-0.7376,0,0
0.75820860991912,3157,-0.7372,0,0
0.75820885431209,3158,-0.7368,0,0
0.75820909878234,3159,-0.7364,0,0
0.75820934332987,3160,-0.736,0,0
0.75820958795468,3161,-0.7356,0,0
0.75820983265677,3162,-0.7352,0,0
0.75821007743613,3163,-0.7348,0,0
0.75821032229278,3164,-0.7344,0,0
0.7582105672267,3165,-0.734,0,0
0.7582108122379,3166,-0.7336,0,0
0.75821105732638,3167,-0.7332,0,0
0.75821130249214,3168,-0.7328,0,0
0.75821154773518,3169,-0.7324,0,0
0.75821179305549,3170,-0.732,0,0
0.75821203845309,3171,-0.7316,0,0
0.75821228392796,3172,-0.7312,0,0
0.7582125294801,3173,-0.7308,0,0
0.75821277510953,3174,-0.7304,0,0
0.75821302081623,3175,-0.73,0,0
0.75821326660021,3176,-0.7296,0,0
0.75821351246146,3177,-0.7292,0,0
0.7582137584,3178,-0.7288,0,0
0.75821400441581,3179,-0.7284,0,0
0.75821425050889,3180,-0.728,0,0
0.75821449667926,3181,-0.7276,0,0
0.7582147429269,3182,-0.7272,0,0
0.75821498925181,3183,-0.7268,0,0
0.75821523565401,3184,-0.7264,0,0
0.75821548213348,3185,-0.726,0,0
0.75821572869022,3186,-0.7256,0,0
0.75821597532424,3187,-0.7252,0,0
0.75821622203554,3188,-0.7248,0,0
0.75821646882411,3189,-0.7244,0,0
0.75821671568996,3190,-0.724,0,0
0.75821696263308,3191,-0.7236,0,0
0.75821720965348,3192,-0.7232,0,0
0.75821745675115,3193,-0.7228,0,0
0.7582177039261,3194,-0.7224,0,0
0.75821795117833,3195,-0.722,0,0
0.75821819850782,3196,-0.7216,0,0
0.7582184459146,3197,-0.7212,0,0
0.75821869339865,3198,-0.7208,0,0
0.75821894095997,3199,-0.7204,0,0
0.75821918859857,3200,-0.72,0,0
0.75821943631444,3201,-0.7196,0,0
0.75821968410758,3202,-0.7192,0,0
0.758219931978,3203,-0.7188,0,0
0.7582201799257,3204,-0.7184,0,0
0.75822042795066,3205,-0.718,0,0
0.7582206760529,3206,-0.7176,0,0
0.75822092423242,3207,-0.7172,0,0
0.75822117248921,3208,-0.7168,0,0
0.75822142082327,3209,-0.7164,0,0
0.7582216692346,3210,-0.716,0,0
0.75822191772321,3211,-0.7156,0,0
0.75822216628909,3212,-0.7152,0,0
0.75822241493224,3213,-0.7148,0,0
0.75822266365267,3214,-0.7144,0,0
0.75822291245037,3215,-0.714,0,0
0.75822316132534,3216,-0.7136,0,0
0.75822341027759,3217,-0.7132,0,0
0.7582236593071,3218,-0.7128,0,0
0.75822390841389,3219,-0.7124,0,0
0.75822415759795,3220,-0.712,0,0
0.75822440685928,3221,-0.7116,0,0
0.75822465619789,3222,-0.7112,0,0
0.75822490561376,3223,-0.7108,0,0
0.75822515510691,3224,-0.7104,0,0
0.75822540467733,3225,-0.71,0,0
0.75822565432502,3226,-0.7096,0,0
0.75822590404998,3227,-0.7092,0,0
0.75822615385221,3228,-0.7088,0,0
0.75822640373172,3229,-0.7084,0,0
0.75822665368849,3230,-0.708,0,0
0.75822690372254,3231,-0.7076,0,0
0.75822715383385,3232,-0.7072,0,0
0.75822740402244,3233,-0.7068,0,0
0.7582276542883,3234,-0.7064,0,0
0.75822790463143,3235,-0.706,0,0
0.75822815505182,3236,-0.7056,0,0
0.75822840554949,3237,-0.7052,0,0
0.75822865612443,3238,-0.7048,0,0
0.75822890677664,3239,-0.7044,0,0
0.75822915750611,3240,-0.704,0,0
0.75822940831286,3241,-0.7036,0,0
0.75822965919687,3242,-0.7032,0,0
0.75822991015816,3243,-0.7028,0,0
0.75823016119671,3244,-0.7024,0,0
0.75823041231254,3245,-0.702,0,0
0.75823066350563,3246,-0.7016,0,0
0.75823091477599,3247,-0.7012,0,0
0.75823116612362,3248,-0.7008,0,0
0.75823141754852,3249,-0.7004,0,0
0.75823166905069,3250,-0.7,0,0
0.75823192063012,3251,-0.6996,0,0
0.75823217228683,3252,-0.6992,0,0
0.7582324240208,3253,-0.6988,0,0
0.75823267583204,3254,-0.6984,0,0
0.75823292772055,3255,-0.698,0,0
0.75823317968633,3256,-0.6976,0,0
0.75823343172937,3257,-0.6972,0,0
0.75823368384968,3258,-0.6968,0,0
0.75823393604726,3259,-0.6964,0,0
0.7582341883221,3260,-0.696,0,0
0.75823444067422,3261,-0.6956,0,0
0.7582346931036,3262,-0.6952,0,0
0.75823494561025,3263,-0.6948,0,0
0.75823519819416,3264,-0.6944,0,0
0.75823545085534,3265,-0.694,0,0
0.75823570359379,3266,-0.6936,0,0
0.7582359564095,3267,-0.6932,0,0
0.75823620930248,3268,-0.6928,0,0
0.75823646227273,3269,-0.6924,0,0
0.75823671532024,3270,-0.692,0,0
0.75823696844502,3271,-0.6916,0,0
0.75823722164707,3272,-0.6912,0,0
0.75823747492638,3273,-0.6908,0,0
0.75823772828295,3274,-0.6904,0,0
0.75823798171679,3275,-0.69,0,0
0.7582382352279,3276,-0.6896,0,0
0.75823848881627,3277,-0.6892,0,0
0.75823874248191,3278,-0.6888,0,0
0.75823899622481,3279,-0.6884,0,0
0.75823925004498,3280,-0.688,0,0
0.75823950394241,3281,-0.6876,0,0
0.75823975791711,3282,-0.6872,0,0
0.75824001196907,3283,-0.6868,0,0
0.7582402660983,3284,-0.6864,0,0
0.75824052030479,3285,-0.686,0,0
0.75824077458854,3286,-0.6856,0,0
0.75824102894956,3287,-0.6852,0,0
0.75824128338784,3288,-0.6848,0,0
0.75824153790339,3289,-0.6844,0,0
0.7582417924962,3290,-0.684,0,0
0.75824204716627,3291,-0.6836,0,0
0.75824230191361,3292,-0.6832,0,0
0.75824255673821,3293,-0.6828,0,0
0.75824281164008,3294,-0.6824,0,0
0.7582430666192,3295,-0.682,0,0
0.75824332167559,3296,-0.6816,0,0
0.75824357680925,3297,-0.6812,0,0
0.75824383202016,3298,-0.6808,0,0
0.75824408730834,3299,-0.6804,0,0
0.75824434267378,3300,-0.68,0,0
0.75824459811649,3301,-0.6796,0,0
0.75824485363645,3302,-0.6792,0,0
0.75824510923368,3303,-0.6788,0,0
0.75824536490817,3304,-0.6784,0,0
0.75824562065992,3305,-0.678,0,0
0.75824587648894,3306,-0.6776,0,0
0.75824613239521,3307,-0.6772,0,0
0.75824638837875,3308,-0.6768,0,0
0.75824664443955,3309,-0.6764,0,0
0.75824690057761,3310,-0.676,0,0
0.75824715679293,3311,-0.6756,0,0
0.75824741308551,3312,-0.6752,0,0
0.75824766945535,3313,-0.6748,0,0
0.75824792590246,3314,-0.6744,0,0
0.75824818242682,3315,-0.674,0,0
0.75824843902845,3316,-0.6736,0,0
0.75824869570733,3317,-0.6732,0,0
0.75824895246348,3318,-0.6728,0,0
0.75824920929688,3319,-0.6724,0,0
0.75824946620755,3320,-0.672,0,0
0.75824972319548,3321,-0.6716,0,0
0.75824998026066,3322,-0.6712,0,0
0.75825023740311,3323,-0.6708,0,0
0.75825049462281,3324,-0.6704,0,0
0.75825075191978,3325,-0.67,0,0
0.758251009294,3326,-0.6696,0,0
0.75825126674549,3327,-0.6692,0,0
0.75825152427423,3328,-0.6688,0,0
0.75825178188023,3329,-0.6684,0,0
0.75825203956349,3330,-0.668,0,0
0.75825229732401,3331,-0.6676,0,0
0.75825255516179,3332,-0.6672,0,0
0.75825281307683,3333,-0.6668,0,0
0.75825307106912,3334,-0.6664,0,0
0.75825332913868,3335,-0.666,0,0
0.75825358728549,3336,-0.6656,0,0
0.75825384550956,3337,-0.6652,0,0
0.75825410381089,3338,-0.6648,0,0
0.75825436218947,3339,-0.6644,0,0
0.75825462064532,3340,-0.664,0,0
0.75825487917842,3341,-0.6636,0,0
0.75825513778878,3342,-0.6632,0,0
0.75825539647639,3343,-0.6628,0,0
0.75825565524126,3344,-0.6624,0,0
0.75825591408339,3345,-0.662,0,0
0.75825617300278,3346,-0.6616,0,0
0.75825643199943,3347,-0.6612,0,0
0.75825669107333,3348,-0.6608,0,0
0.75825695022448,3349,-0.6604,0,0
0.7582572094529,3350,-0.66,0,0
0.75825746875857,3351,-0.6596,0,0
0.75825772814149,3352,-0.6592,0,0
0.75825798760167,3353,-0.6588,0,0
0.75825824713911,3354,-0.6584,0,0
0.75825850675381,3355,-0.658,0,0
0.75825876644576,3356,-0.6576,0,0
0.75825902621496,3357,-0.6572,0,0
0.75825928606142,3358,-0.6568,0,0
0.75825954598514,3359,-0.6564,0,0
0.75825980598611,3360,-0.656,0,0
0.75826006606434,3361,-0.6556,0,0
0.75826032621982,3362,-0.6552,0,0
0.75826058645255,3363,-0.6548,0,0
0.75826084676255,3364,-0.6544,0,0
0.75826110714979,3365,-0.654,0,0
0.75826136761429,3366,-0.6536,0,0
0.75826162815605,3367,-0.6532,0,0
0.75826188877505,3368,-0.6528,0,0
0.75826214947132,3369,-0.6524,0,0
0.75826241024484,3370,-0.652,0,0
0.75826267109561,3371,-0.6516,0,0
0.75826293202363,3372,-0.6512,0,0
0.75826319302891,3373,-0.6508,0,0
0.75826345411144,3374,-0.6504,0,0
0.75826371527123,3375,-0.65,0,0
0.75826397650827,3376,-0.6496,0,0
0.75826423782256,3377,-0.6492,0,0
0.7582644992141,3378,-0.6488,0,0
0.7582647606829,3379,-0.6484,0,0
0.75826502222895,3380,-0.648,0,0
0.75826528385225,3381,-0.6476,0,0
0.75826554555281,3382,-0.6472,0,0
0.75826580733062,3383,-0.6468,0,0
0.75826606918568,3384,-0.6464,0,0
0.75826633111799,3385,-0.646,0,0
0.75826659312755,3386,-0.6456,0,0
0.75826685521437,3387,-0.6452,0,0
0.75826711737844,3388,-0.6448,0,0
0.75826737961976,3389,-0.6444,0,0
0.75826764193833,3390,-0.644,0,0
0.75826790433415,3391,-0.6436,0,0
0.75826816680723,3392,-0.6432,0,0
0.75826842935755,3393,-0.6428,0,0
0.75826869198513,3394,-0.6424,0,0
0.75826895468996,3395,-0.642,0,0
0.75826921747203,3396,-0.6416,0,0
0.75826948033136,3397,-0.6412,0,0
0.75826974326794,3398,-0.6408,0,0
0.75827000628177,3399,-0.6404,0,0
0.75827026937285,3400,-0.64,0,0
0.75827053254118,3401,-0.6396,0,0
0.75827079578676,3402,-0.6392,0,0
0.75827105910959,3403,-0.6388,0,0
0.75827132250967,3404,-0.6384,0,0
0.758271585987,3405,-0.638,0,0
0.75827184954158,3406,-0.6376,0,0
0.75827211317341,3407,-0.6372,0,0
0.75827237688249,3408,-0.6368,0,0
0.75827264066882,3409,-0.6364,0,0
0.75827290453239,3410,-0.636,0,0
0.75827316847322,3411,-0.6356,0,0
0.75827343249129,3412,-0.6352,0,0
0.75827369658662,3413,-0.6348,0,0
0.75827396075919,3414,-0.6344,0,0
0.75827422500901,3415,-0.634,0,0
0.75827448933607,3416,-0.6336,0,0
0.75827475374039,3417,-0.6332,0,0
0.75827501822195,3418,-0.6328,0,0
0.75827528278077,3419,-0.6324,0,0
0.75827554741683,3420,-0.632,0,0
0.75827581213014,3421,-0.6316,0,0
0.75827607692069,3422,-0.6312,0,0
0.75827634178849,3423,-0.6308,0,0
0.75827660673354,3424,-0.6304,0,0
0.75827687175584,3425,-0.63,0,0
0.75827713685539,3426,-0.6296,0,0
0.75827740203218,3427,-0.6292,0,0
0.75827766728621,3428,-0.6288,0,0
0.7582779326175,3429,-0.6284,0,0
0.75827819802603,3430,-0.628,0,0
0.75827846351181,3431,-0.6276,0,0
0.75827872907483,3432,-0.6272,0,0
0.7582789947151,3433,-0.6268,0,0
0.75827926043262,3434,-0.6264,0,0
0.75827952622738,3435,-0.626,0,0
0.75827979209939,3436,-0.6256,0,0
0.75828005804864,3437,-0.6252,0,0
0.75828032407514,3438,-0.6248,0,0
0.75828059017889,3439,-0.6244,0,0
0.75828085635988,3440,-0.624,0,0
0.75828112261811,3441,-0.6236,0,0
0.7582813889536,3442,-0.6232,0,0
0.75828165536632,3443,-0.6228,0,0
0.75828192185629,3444,-0.6224,0,0
0.75828218842351,3445,-0.622,0,0
0.75828245506796,3446,-0.6216,0,0
0.75828272178967,3447,-0.6212,0,0
0.75828298858862,3448,-0.6208,0,0
0.75828325546481,3449,-0.6204,0,0
0.75828352241825,3450,-0.62,0,0
0.75828378944893,3451,-0.6196,0,0
0.75828405655685,3452,-0.6192,0,0
0.75828432374202,3453,-0.6188,0,0
0.75828459100443,3454,-0.6184,0,0
0.75828485834408,3455,-0.618,0,0
0.75828512576098,3456,-0.6176,0,0
0.75828539325512,3457,-0.6172,0,0
0.75828566082651,3458,-0.6168,0,0
0.75828592847514,3459,-0.6164,0,0
0.75828619620101,3460,-0.616,0,0
0.75828646400412,3461,-0.6156,0,0
0.75828673188447,3462,-0.6152,0,0
0.75828699984207,3463,-0.6148,0,0
0.75828726787691,3464,-0.6144,0,0
0.75828753598899,3465,-0.614,0,0
0.75828780417832,3466,-0.6136,0,0
0.75828807244488,3467,-0.6132,0,0
0.75828834078869,3468,-0.6128,0,0
0.75828860920974,3469,-0.6124,0,0
0.75828887770803,3470,-0.612,0,0
0.75828914628356,3471,-0.6116,0,0
0.75828941493634,3472,-0.6112,0,0
0.75828968366635,3473,-0.6108,0,0
0.75828995247361,3474,-0.6104,0,0
0.75829022135811,3475,-0.61,0,0
0.75829049031984,3476,-0.6096,0,0
0.75829075935882,3477,-0.6092,0,0
0.75829102847504,3478,-0.6088,0,0
0.7582912976685,3479,-0.6084,0,0
0.7582915669392,3480,-0.608,0,0
0.75829183628714,3481,-0.6076,0,0
0.75829210571232,3482,-0.6072,0,0
0.75829237521474,3483,-0.6068,0,0
0.7582926447944,3484,-0.6064,0,0
0.7582929144513,3485,-0.606,0,0
0.75829318418543,3486,-0.6056,0,0
0.75829345399681,3487,-0.6052,0,0
0.75829372388543,3488,-0.6048,0,0
0.75829399385128,3489,-0.6044,0,0
0.75829426389438,3490,-0.604,0,0
0.75829453401471,3491,-0.6036,0,0
0.75829480421229,3492,-0.6032,0,0
0.7582950744871,3493,-0.6028,0,0
0.75829534483915,3494,-0.6024,0,0
0.75829561526844,3495,-0.602,0,0
0.75829588577496,3496,-0.6016,0,0
0.75829615635873,3497,-0.6012,0,0
0.75829642701973,3498,-0.6008,0,0
0.75829669775797,3499,-0.6004,0,0
0.75829696857345,3500,-0.6,0,0
0.75829723946616,3501,-0.5996,0,0
0.75829751043611,3502,-0.5992,0,0
0.7582977814833,3503,-0.5988,0,0
0.75829805260773,3504,-0.5984,0,0
0.7582983238094,3505,-0.598,0,0
0.7582985950883,3506,-0.5976,0,0
0.75829886644444,3507,-0.5972,0,0
0.75829913787781,3508,-0.5968,0,0
0.75829940938842,3509,-0.5964,0,0
0.75829968097627,3510,-0.596,0,0
0.75829995264136,3511,-0.5956,0,0
0.75830022438368,3512,-0.5952,0,0
0.75830049620323,3513,-0.5948,0,0
0.75830076810003,3514,-0.5944,0,0
0.75830104007405,3515,-0.594,0,0
0.75830131212532,3516,-0.5936,0,0
0.75830158425382,3517,-0.5932,0,0
0.75830185645955,3518,-0.5928,0,0
0.75830212874252,3519,-0.5924,0,0
0.75830240110273,3520,-0.592,0,0
0.75830267354017,3521,-0.5916,0,0
0.75830294605484,3522,-0.5912,0,0
0.75830321864675,3523,-0.5908,0,0
0.7583034913159,3524,-0.5904,0,0
0.75830376406228,3525,-0.59,0,0
0.75830403688589,3526,-0.5896,0,0
0.75830430978674,3527,-0.5892,0,0
0.75830458276482,3528,-0.5888,0,0
0.75830485582014,3529,-0.5884,0,0
0.75830512895269,3530,-0.588,0,0
0.75830540216247,3531,-0.5876,0,0
0.75830567544949,3532,-0.5872,0,0
0.75830594881374,3533,-0.5868,0,0
0.75830622225522,3534,-0.5864,0,0
0.75830649577394,3535,-0.586,0,0
0.75830676936989,3536,-0.5856,0,0
0.75830704304307,3537,-0.5852,0,0
0.75830731679349,3538,-0.5848,0,0
0.75830759062114,3539,-0.5844,0,0
0.75830786452602,3540,-0.584,0,0
0.75830813850813,3541,-0.5836,0,0
0.75830841256748,3542,-0.5832,0,0
0.75830868670406,3543,-0.5828,0,0
0.75830896091787,3544,-0.5824,0,0
0.75830923520891,3545,-0.582,0,0
0.75830950957718,3546,-0.5816,0,0
0.75830978402269,3547,-0.5812,0,0
0.75831005854543,3548,-0.5808,0,0
0.7583103331454,3549,-0.5804,0,0
0.7583106078226,3550,-0.58,0,0
0.75831088257703,3551,-0.5796,0,0
0.75831115740869,3552,-0.5792,0,0
0.75831143231758,3553,-0.5788,0,0
0.75831170730371,3554,-0.5784,0,0
0.75831198236706,3555,-0.578,0,0
0.75831225750765,3556,-0.5776,0,0
0.75831253272546,3557,-0.5772,0,0
0.75831280802051,3558,-0.5768,0,0
0.75831308339278,3559,-0.5764,0,0
0.75831335884229,3560,-0.576,0,0
0.75831363436902,3561,-0.5756,0,0
0.75831390997299,3562,-0.5752,0,0
0.75831418565418,3563,-0.5748,0,0
0.75831446141261,3564,-0.5744,0,0
0.75831473724826,3565,-0.574,0,0
0.75831501316115,3566,-0.5736,0,0
0.75831528915126,3567,-0.5732,0,0
0.7583155652186,3568,-0.5728,0,0
0.75831584136317,3569,-0.5724,0,0
0.75831611758497,3570,-0.572,0,0
0.75831639388399,3571,-0.5716,0,0
0.75831667026025,3572,-0.5712,0,0
0.75831694671373,3573,-0.5708,0,0
0.75831722324444,3574,-0.5704,0,0
0.75831749985238,3575,-0.57,0,0
0.75831777653755,3576,-0.5696,0,0
0.75831805329995,3577,-0.5692,0,0
0.75831833013957,3578,-0.5688,0,0
0.75831860705642,3579,-0.5684,0,0
0.7583188840505,3580,-0.568,0,0
0.75831916112181,3581,-0.5676,0,0
0.75831943827034,3582,-0.5672,0,0
0.7583197154961,3583,-0.5668,0,0
0.75831999279908,3584,-0.5664,0,0
0.7583202701793,3585,-0.566,0,0
0.75832054763674,3586,-0.5656,0,0
0.7583208251714,3587,-0.5652,0,0
0.7583211027833,3588,-0.5648,0,0
0.75832138047241,3589,-0.5644,0,0
0.75832165823876,3590,-0.564,0,0
0.75832193608233,3591,-0.5636,0,0
0.75832221400313,3592,-0.5632,0,0
0.75832249200115,3593,-0.5628,0,0
0.7583227700764,3594,-0.5624,0,0
0.75832304822887,3595,-0.562,0,0
0.75832332645857,3596,-0.5616,0,0
0.75832360476549,3597,-0.5612,0,0
0.75832388314964,3598,-0.5608,0,0
0.75832416161101,3599,-0.5604,0,0
0.75832444014961,3600,-0.56,0,0
0.75832471876543,3601,-0.5596,0,0
0.75832499745848,3602,-0.5592,0,0
0.75832527622875,3603,-0.5588,0,0
0.75832555507625,3604,-0.5584,0,0
0.75832583400097,3605,-0.558,0,0
0.75832611300291,3606,-0.5576,0,0
0.75832639208208,3607,-0.5572,0,0
0.75832667123847,3608,-0.5568,0,0
0.75832695047209,3609,-0.5564,0,0
0.75832722978293,3610,-0.556,0,0
0.75832750917099,3611,-0.5556,0,0
0.75832778863627,3612,-0.5552,0,0
0.75832806817878,3613,-0.5548,0,0
0.75832834779851,3614,-0.5544,0,0
0.75832862749547,3615,-0.554,0,0
0.75832890726964,3616,-0.5536,0,0
0.75832918712104,3617,-0.5532,0,0
0.75832946704967,3618,-0.5528,0,0
0.75832974705551,3619,-0.5524,0,0
0.75833002713857,3620,-0.552,0,0
0.75833030729886,3621,-0.5516,0,0
0.75833058753637,3622,-0.5512,0,0
0.7583308678511,3623,-0.5508,0,0
0.75833114824306,3624,-0.5504,0,0
0.75833142871223,3625,-0.55,0,0
0.75833170925863,3626,-0.5496,0,0
0.75833198988224,3627,-0.5492,0,0
0.75833227058308,3628,-0.5488,0,0
0.75833255136114,3629,-0.5484,0,0
0.75833283221642,3630,-0.548,0,0
0.75833311314892,3631,-0.5476,0,0
0.75833339415864,3632,-0.5472,0,0
0.75833367524558,3633,-0.5468,0,0
0.75833395640975,3634,-0.5464,0,0
0.75833423765113,3635,-0.546,0,0
0.75833451896973,3636,-0.5456,0,0
0.75833480036555,3637,-0.5452,0,0
0.75833508183859,3638,-0.5448,0,0
0.75833536338885,3639,-0.5444,0,0
0.75833564501634,3640,-0.544,0,0
0.75833592672104,3641,-0.5436,0,0
0.75833620850295,3642,-0.5432,0,0
0.75833649036209,3643,-0.5428,0,0
0.75833677229845,3644,-0.5424,0,0
0.75833705431203,3645,-0.542,0,0
0.75833733640282,3646,-0.5416,0,0
0.75833761857083,3647,-0.5412,0,0
0.75833790081607,3648,-0.5408,0,0
0.75833818313852,3649,-0.5404,0,0
0.75833846553818,3650,-0.54,0,0
0.75833874801507,3651,-0.5396,0,0
0.75833903056917,3652,-0.5392,0,0
0.7583393132005,3653,-0.5388,0,0
0.75833959590903,3654,-0.5384,0,0
0.75833987869479,3655,-0.538,0,0
0.75834016155777,3656,-0.5376,0,0
0.75834044449796,3657,-0.5372,0,0
0.75834072751537,3658,-0.5368,0,0
0.75834101060999,3659,-0.5364,0,0
0.75834129378183,3660,-0.536,0,0
0.75834157703089,3661,-0.5356,0,0
0.75834186035717,3662,-0.5352,0,0
0.75834214376066,3663,-0.5348,0,0
0.75834242724137,3664,-0.5344,0,0
0.75834271079929,3665,-0.534,0,0
0.75834299443443,3666,-0.5336,0,0
0.75834327814679,3667,-0.5332,0,0
0.75834356193636,3668,-0.5328,0,0
0.75834384580315,3669,-0.5324,0,0
0.75834412974715,3670,-0.532,0,0
0.75834441376837,3671,-0.5316,0,0
0.7583446978668,3672,-0.5312,0,0
0.75834498204245,3673,-0.5308,0,0
0.75834526629532,3674,-0.5304,0,0
0.75834555062539,3675,-0.53,0,0
0.75834583503269,3676,-0.5296,0,0
0.7583461195172,3677,-0.5292,0,0
0.75834640407892,3678,-0.5288,0,0
0.75834668871785,3679,-0.5284,0,0
0.758346973434,3680,-0.528,0,0
0.75834725822737,3681,-0.5276,0,0
0.75834754309795,3682,-0.5272,0,0
0.75834782804574,3683,-0.5268,0,0
0.75834811307074,3684,-0.5264,0,0
0.75834839817296,3685,-0.526,0,0
0.7583486833524,3686,-0.5256,0,0
0.75834896860904,3687,-0.5252,0,0
0.7583492539429,3688,-0.5248,0,0
0.75834953935397,3689,-0.5244,0,0
0.75834982484226,3690,-0.524,0,0
0.75835011040775,3691,-0.5236,0,0
0.75835039605046,3692,-0.5232,0,0
0.75835068177039,3693,-0.5228,0,0
0.75835096756752,3694,-0.5224,0,0
0.75835125344187,3695,-0.522,0,0
0.75835153939342,3696,-0.5216,0,0
0.75835182542219,3697,-0.5212,0,0
0.75835211152818,3698,-0.5208,0,0
0.75835239771137,3699,-0.5204,0,0
0.75835268397178,3700,-0.52,0,0
0.75835297030939,3701,-0.5196,0,0
0.75835325672422,3702,-0.5192,0,0
0.75835354321626,3703,-0.5188,0,0
0.75835382978551,3704,-0.5184,0,0
0.75835411643197,3705,-0.518,0,0
0.75835440315564,3706,-0.5176,0,0
0.75835468995652,3707,-0.5172,0,0
0.75835497683461,3708,-0.5168,0,0
0.75835526378991,3709,-0.5164,0,0
0.75835555082242,3710,-0.516,0,0
0.75835583793215,3711,-0.5156,0,0
0.75835612511908,3712,-0.5152,0,0
0.75835641238322,3713,-0.5148,0,0
0.75835669972457,3714,-0.5144,0,0
0.75835698714313,3715,-0.514,0,0
0.7583572746389,3716,-0.5136,0,0
0.75835756221188,3717,-0.5132,0,0
0.75835784986207,3718,-0.5128,0,0
0.75835813758946,3719,-0.5124,0,0
0.75835842539407,3720,-0.512,0,0
0.75835871327588,3721,-0.5116,0,0
0.75835900123491,3722,-0.5112,0,0
0.75835928927114,3723,-0.5108,0,0
0.75835957738458,3724,-0.5104,0,0
0.75835986557522,3725,-0.51,0,0
0.75836015384308,3726,-0.5096,0,0
0.75836044218814,3727,-0.5092,0,0
0.75836073061041,3728,-0.5088,0,0
0.75836101910989,3729,-0.5084,0,0
0.75836130768658,3730,-0.508,0,0
0.75836159634047,3731,-0.5076,0,0
0.75836188507157,3732,-0.5072,0,0
0.75836217387988,3733,-0.5068,0,0
0.75836246276539,3734,-0.5064,0,0
0.75836275172811,3735,-0.506,0,0
0.75836304076804,3736,-0.5056,0,0
0.75836332988517,3737,-0.5052,0,0
0.75836361907951,3738,-0.5048,0,0
0.75836390835105,3739,-0.5044,0,0
0.75836419769981,3740,-0.504,0,0
0.75836448712576,3741,-0.5036,0,0
0.75836477662893,3742,-0.5032,0,0
0.7583650662093,3743,-0.5028,0,0
0.75836535586687,3744,-0.5024,0,0
0.75836564560165,3745,-0.502,0,0
0.75836593541364,3746,-0.5016,0,0
0.75836622530283,3747,-0.5012,0,0
0.75836651526922,3748,-0.5008,0,0
0.75836680531282,3749,-0.5004,0,0
0.75836709543362,3750,-0.5,0,0
0.75836738563163,3751,-0.4996,0,0
0.75836767590685,3752,-0.4992,0,0
0.75836796625926,3753,-0.4988,0,0
0.75836825668889,3754,-0.4984,0,0
0.75836854719571,3755,-0.498,0,0
0.75836883777974,3756,-0.4976,0,0
0.75836912844097,3757,-0.4972,0,0
0.75836941917941,3758,-0.4968,0,0
0.75836970999505,3759,-0.4964,0,0
0.75837000088789,3760,-0.496,0,0
0.75837029185794,3761,-0.4956,0,0
0.75837058290519,3762,-0.4952,0,0
0.75837087402964,3763,-0.4948,0,0
0.7583711652313,3764,-0.4944,0,0
0.75837145651016,3765,-0.494,0,0
0.75837174786622,3766,-0.4936,0,0
0.75837203929948,3767,-0.4932,0,0
0.75837233080994,3768,-0.4928,0,0
0.75837262239761,3769,-0.4924,0,0
0.75837291406248,3770,-0.492,0,0
0.75837320580455,3771,-0.4916,0,0
0.75837349762382,3772,-0.4912,0,0
0.75837378952029,3773,-0.4908,0,0
0.75837408149397,3774,-0.4904,0,0
0.75837437354485,3775,-0.49,0,0
0.75837466567292,3776,-0.4896,0,0
0.7583749578782,3777,-0.4892,0,0
0.75837525016068,3778,-0.4888,0,0
0.75837554252036,3779,-0.4884,0,0
0.75837583495724,3780,-0.488,0,0
0.75837612747132,3781,-0.4876,0,0
0.7583764200626,3782,-0.4872,0,0
0.75837671273108,3783,-0.4868,0,0
0.75837700547676,3784,-0.4864,0,0
0.75837729829964,3785,-0.486,0,0
0.75837759119972,3786,-0.4856,0,0
0.758377884177,3787,-0.4852,0,0
0.75837817723148,3788,-0.4848,0,0
0.75837847036316,3789,-0.4844,0,0
0.75837876357204,3790,-0.484,0,0
0.75837905685812,3791,-0.4836,0,0
0.75837935022139,3792,-0.4832,0,0
0.75837964366187,3793,-0.4828,0,0
0.75837993717954,3794,-0.4824,0,0
0.75838023077441,3795,-0.482,0,0
0.75838052444648,3796,-0.4816,0,0
0.75838081819575,3797,-0.4812,0,0
0.75838111202222,3798,-0.4808,0,0
0.75838140592588,3799,-0.4804,0,0
0.75838169990674,3800,-0.48,0,0
0.7583819939648,3801,-0.4796,0,0
0.75838228810006,3802,-0.4792,0,0
0.75838258231251,3803,-0.4788,0,0
0.75838287660217,3804,-0.4784,0,0
0.75838317096901,3805,-0.478,0,0
0.75838346541306,3806,-0.4776,0,0
0.7583837599343,3807,-0.4772,0,0
0.75838405453274,3808,-0.4768,0,0
0.75838434920838,3809,-0.4764,0,0
0.75838464396121,3810,-0.476,0,0
0.75838493879124,3811,-0.4756,0,0
0.75838523369846,3812,-0.4752,0,0
0.75838552868288,3813,-0.4748,0,0
0.7583858237445,3814,-0.4744,0,0
0.75838611888331,3815,-0.474,0,0
0.75838641409932,3816,-0.4736,0,0
0.75838670939252,3817,-0.4732,0,0
0.75838700476292,3818,-0.4728,0,0
0.75838730021051,3819,-0.4724,0,0
0.7583875957353,3820,-0.472,0,0
0.75838789133728,3821,-0.4716,0,0
0.75838818701646,3822,-0.4712,0,0
0.75838848277283,3823,-0.4708,0,0
0.7583887786064,3824,-0.4704,0,0
0.75838907451716,3825,-0.47,0,0
0.75838937050511,3826,-0.4696,0,0
0.75838966657026,3827,-0.4692,0,0
0.75838996271261,3828,-0.4688,0,0
0.75839025893214,3829,-0.4684,0,0
0.75839055522887,3830,-0.468,0,0
0.7583908516028,3831,-0.4676,0,0
0.75839114805391,3832,-0.4672,0,0
0.75839144458222,3833,-0.4668,0,0
0.75839174118773,3834,-0.4664,0,0
0.75839203787042,3835,-0.466,0,0
0.75839233463031,3836,-0.4656,0,0
0.75839263146739,3837,-0.4652,0,0
0.75839292838167,3838,-0.4648,0,0
0.75839322537313,3839,-0.4644,0,0
0.75839352244179,3840,-0.464,0,0
0.75839381958764,3841,-0.4636,0,0
0.75839411681069,3842,-0.4632,0,0
0.75839441411092,3843,-0.4628,0,0
0.75839471148835,3844,-0.4624,0,0
0.75839500894296,3845,-0.462,0,0
0.75839530647477,3846,-0.4616,0,0
0.75839560408377,3847,-0.4612,0,0
0.75839590176996,3848,-0.4608,0,0
0.75839619953335,3849,-0.4604,0,0
0.75839649737392,3850,-0.46,0,0
0.75839679529168,3851,-0.4596,0,0
0.75839709328664,3852,-0.4592,0,0
0.75839739135878,3853,-0.4588,0,0
0.75839768950811,3854,-0.4584,0,0
0.75839798773464,3855,-0.458,0,0
0.75839828603835,3856,-0.4576,0,0
0.75839858441926,3857,-0.4572,0,0
0.75839888287735,3858,-0.4568,0,0
0.75839918141264,3859,-0.4564,0,0
0.75839948002511,3860,-0.456,0,0
0.75839977871477,3861,-0.4556,0,0
0.75840007748162,3862,-0.4552,0,0
0.75840037632566,3863,-0.4548,0,0
0.75840067524689,3864,-0.4544,0,0
0.75840097424531,3865,-0.454,0,0
0.75840127332092,3866,-0.4536,0,0
0.75840157247371,3867,-0.4532,0,0
0.75840187170369,3868,-0.4528,0,0
0.75840217101087,3869,-0.4524,0,0
0.75840247039522,3870,-0.452,0,0
0.75840276985677,3871,-0.4516,0,0
0.75840306939551,3872,-0.4512,0,0
0.75840336901143,3873,-0.4508,0,0
0.75840366870454,3874,-0.4504,0,0
0.75840396847484,3875,-0.45,0,0
0.75840426832232,3876,-0.4496,0,0
0.75840456824699,3877,-0.4492,0,0
0.75840486824885,3878,-0.4488,0,0
0.75840516832789,3879,-0.4484,0,0
0.75840546848412,3880,-0.448,0,0
0.75840576871754,3881,-0.4476,0,0
0.75840606902815,3882,-0.4472,0,0
0.75840636941594,3883,-0.4468,0,0
0.75840666988091,3884,-0.4464,0,0
0.75840697042307,3885,-0.446,0,0
0.75840727104242,3886,-0.4456,0,0
0.75840757173895,3887,-0.4452,0,0
0.75840787251267,3888,-0.4448,0,0
0.75840817336358,3889,-0.4444,0,0
0.75840847429167,3890,-0.444,0,0
0.75840877529694,3891,-0.4436,0,0
0.7584090763794,3892,-0.4432,0,0
0.75840937753904,3893,-0.4428,0,0
0.75840967877587,3894,-0.4424,0,0
0.75840998008988,3895,-0.442,0,0
0.75841028148108,3896,-0.4416,0,0
0.75841058294946,3897,-0.4412,0,0
0.75841088449503,3898,-0.4408,0,0
0.75841118611778,3899,-0.4404,0,0
0.75841148781771,3900,-0.44,0,0
0.75841178959483,3901,-0.4396,0,0
0.75841209144913,3902,-0.4392,0,0
0.75841239338061,3903,-0.4388,0,0
0.75841269538927,3904,-0.4384,0,0
0.75841299747512,3905,-0.438,0,0
0.75841329963816,3906,-0.4376,0,0
0.75841360187837,3907,-0.4372,0,0
0.75841390419577,3908,-0.4368,0,0
0.75841420659035,3909,-0.4364,0,0
0.75841450906211,3910,-0.436,0,0
0.75841481161105,3911,-0.4356,0,0
0.75841511423718,3912,-0.4352,0,0
0.75841541694049,3913,-0.4348,0,0
0.75841571972098,3914,-0.4344,0,0
0.75841602257865,3915,-0.434,0,0
0.7584163255135,3916,-0.4336,0,0
0.75841662852554,3917,-0.4332,0,0
0.75841693161475,3918,-0.4328,0,0
0.75841723478115,3919,-0.4324,0,0
0.75841753802473,3920,-0.432,0,0
0.75841784134549,3921,-0.4316,0,0
0.75841814474343,3922,-0.4312,0,0
0.75841844821854,3923,-0.4308,0,0
0.75841875177084,3924,-0.4304,0,0
0.75841905540032,3925,-0.43,0,0
0.75841935910698,3926,-0.4296,0,0
0.75841966289082,3927,-0.4292,0,0
0.75841996675184,3928,-0.4288,0,0
0.75842027069004,3929,-0.4284,0,0
0.75842057470542,3930,-0.428,0,0
0.75842087879798,3931,-0.4276,0,0
0.75842118296771,3932,-0.4272,0,0
0.75842148721463,3933,-0.4268,0,0
0.75842179153872,3934,-0.4264,0,0
0.75842209594,3935,-0.426,0,0
0.75842240041845,3936,-0.4256,0,0
0.75842270497408,3937,-0.4252,0,0
0.75842300960689,3938,-0.4248,0,0
0.75842331431688,3939,-0.4244,0,0
0.75842361910404,3940,-0.424,0,0
0.75842392396838,3941,-0.4236,0,0
0.7584242289099,3942,-0.4232,0,0
0.7584245339286,3943,-0.4228,0,0
0.75842483902448,3944,-0.4224,0,0
0.75842514419753,3945,-0.422,0,0
0.75842544944776,3946,-0.4216,0,0
0.75842575477517,3947,-0.4212,0,0
0.75842606017975,3948,-0.4208,0,0
0.75842636566151,3949,-0.4204,0,0
0.75842667122045,3950,-0.42,0,0
0.75842697685656,3951,-0.4196,0,0
0.75842728256985,3952,-0.4192,0,0
0.75842758836032,3953,-0.4188,0,0
0.75842789422796,3954,-0.4184,0,0
0.75842820017278,3955,-0.418,0,0
0.75842850619477,3956,-0.4176,0,0
0.75842881229394,3957,-0.4172,0,0
0.75842911847029,3958,-0.4168,0,0
0.75842942472381,3959,-0.4164,0,0
0.7584297310545,3960,-0.416,0,0
0.75843003746237,3961,-0.4156,0,0
0.75843034394742,3962,-0.4152,0,0
0.75843065050964,3963,-0.4148,0,0
0.75843095714903,3964,-0.4144,0,0
0.7584312638656,3965,-0.414,0,0
0.75843157065934,3966,-0.4136,0,0
0.75843187753026,3967,-0.4132,0,0
0.75843218447835,3968,-0.4128,0,0
0.75843249150361,3969,-0.4124,0,0
0.75843279860605,3970,-0.412,0,0
0.75843310578566,3971,-0.4116,0,0
0.75843341304245,3972,-0.4112,0,0
0.75843372037641,3973,-0.4108,0,0
0.75843402778754,3974,-0.4104,0,0
0.75843433527584,3975,-0.41,0,0
0.75843464284132,3976,-0.4096,0,0
0.75843495048397,3977,-0.4092,0,0
0.75843525820379,3978,-0.4088,0,0
0.75843556600079,3979,-0.4084,0,0
0.75843587387496,3980,-0.408,0,0
0.7584361818263,3981,-0.4076,0,0
0.75843648985481,3982,-0.4072,0,0
0.75843679796049,3983,-0.4068,0,0
0.75843710614335,3984,-0.4064,0,0
0.75843741440337,3985,-0.406,0,0
0.75843772274057,3986,-0.4056,0,0
0.75843803115494,3987,-0.4052,0,0
0.75843833964648,3988,-0.4048,0,0
0.75843864821519,3989,-0.4044,0,0
0.75843895686107,3990,-0.404,0,0
0.75843926558412,3991,-0.4036,0,0
0.75843957438435,3992,-0.4032,0,0
0.75843988326174,3993,-0.4028,0,0
0.7584401922163,3994,-0.4024,0,0
0.75844050124804,3995,-0.402,0,0
0.75844081035694,3996,-0.4016,0,0
0.75844111954301,3997,-0.4012,0,0
0.75844142880626,3998,-0.4008,0,0
0.75844173814667,3999,-0.4004,0,0
0.75844204756425,4000,-0.4,0,0
0.758442357059,4001,-0.3996,0,0
0.75844266663092,4002,-0.3992,0,0
0.75844297628001,4003,-0.3988,0,0
0.75844328600627,4004,-0.3984,0,0
0.75844359580969,4005,-0.398,0,0
0.75844390569029,4006,-0.3976,0,0
0.75844421564805,4007,-0.3972,0,0
0.75844452568298,4008,-0.3968,0,0
0.75844483579508,4009,-0.3964,0,0
0.75844514598435,4010,-0.396,0,0
0.75844545625078,4011,-0.3956,0,0
0.75844576659438,4012,-0.3952,0,0
0.75844607701515,4013,-0.3948,0,0
0.75844638751309,4014,-0.3944,0,0
0.75844669808819,4015,-0.394,0,0
0.75844700874046,4016,-0.3936,0,0
0.7584473194699,4017,-0.3932,0,0
0.75844763027651,4018,-0.3928,0,0
0.75844794116028,4019,-0.3924,0,0
0.75844825212122,4020,-0.392,0,0
0.75844856315932,4021,-0.3916,0,0
0.75844887427459,4022,-0.3912,0,0
0.75844918546702,4023,-0.3908,0,0
0.75844949673663,4024,-0.3904,0,0
0.75844980808339,4025,-0.39,0,0
0.75845011950733,4026,-0.3896,0,0
0.75845043100842,4027,-0.3892,0,0
0.75845074258669,4028,-0.3888,0,0
0.75845105424212,4029,-0.3884,0,0
0.75845136597471,4030,-0.388,0,0
0.75845167778447,4031,-0.3876,0,0
0.75845198967139,4032,-0.3872,0,0
0.75845230163548,4033,-0.3868,0,0
0.75845261367673,4034,-0.3864,0,0
0.75845292579515,4035,-0.386,0,0
0.75845323799073,4036,-0.3856,0,0
0.75845355026347,4037,-0.3852,0,0
0.75845386261338,4038,-0.3848,0,0
0.75845417504045,4039,-0.3844,0,0
0.75845448754468,4040,-0.384,0,0
0.75845480012608,4041,-0.3836,0,0
0.75845511278464,4042,-0.3832,0,0
0.75845542552037,4043,-0.3828,0,0
0.75845573833326,4044,-0.3824,0,0
0.75845605122331,4045,-0.382,0,0
0.75845636419052,4046,-0.3816,0,0
0.75845667723489,4047,-0.3812,0,0
0.75845699035643,4048,-0.3808,0,0
0.75845730355513,4049,-0.3804,0,0
0.75845761683099,4050,-0.38,0,0
0.75845793018401,4051,-0.3796,0,0
0.7584582436142,4052,-0.3792,0,0
0.75845855712155,4053,-0.3788,0,0
0.75845887070605,4054,-0.3784,0,0
0.75845918436772,4055,-0.378,0,0
0.75845949810655,4056,-0.3776,0,0
0.75845981192254,4057,-0.3772,0,0
0.7584601258157,4058,-0.3768,0,0
0.75846043978601,4059,-0.3764,0,0
0.75846075383348,4060,-0.376,0,0
0.75846106795812,4061,-0.3756,0,0
0.75846138215991,4062,-0.3752,0,0
0.75846169643886,4063,-0.3748,0,0
0.75846201079498,4064,-0.3744,0,0
0.75846232522825,4065,-0.374,0,0
0.75846263973868,4066,-0.3736,0,0
0.75846295432628,4067,-0.3732,0,0
0.75846326899103,4068,-0.3728,0,0
0.75846358373294,4069,-0.3724,0,0
0.75846389855201,4070,-0.372,0,0
0.75846421344824,4071,-0.3716,0,0
0.75846452842163,4072,-0.3712,0,0
0.75846484347217,4073,-0.3708,0,0
0.75846515859988,4074,-0.3704,0,0
0.75846547380474,4075,-0.37,0,0
0.75846578908676,4076,-0.3696,0,0
0.75846610444594,4077,-0.3692,0,0
0.75846641988228,4078,-0.3688,0,0
0.75846673539577,4079,-0.3684,0,0
0.75846705098643,4080,-0.368,0,0
0.75846736665424,4081,-0.3676,0,0
0.7584676823992,4082,-0.3672,0,0
0.75846799822133,4083,-0.3668,0,0
0.75846831412061,4084,-0.3664,0,0
0.75846863009705,4085,-0.366,0,0
0.75846894615064,4086,-0.3656,0,0
0.75846926228139,4087,-0.3652,0,0
0.7584695784893,4088,-0.3648,0,0
0.75846989477436,4089,-0.3644,0,0
0.75847021113658,4090,-0.364,0,0
0.75847052757596,4091,-0.3636,0,0
0.75847084409249,4092,-0.3632,0,0
0.75847116068618,4093,-0.3628,0,0
0.75847147735702,4094,-0.3624,0,0
0.75847179410502,4095,-0.362,0,0
0.75847211093017,4096,-0.3616,0,0
0.75847242783248,4097,-0.3612,0,0
0.75847274481194,4098,-0.3608,0,0
0.75847306186856,4099,-0.3604,0,0
0.75847337900233,4100,-0.36,0,0
0.75847369621326,4101,-0.3596,0,0
0.75847401350134,4102,-0.3592,0,0
0.75847433086658,4103,-0.3588,0,0
0.75847464830896,4104,-0.3584,0,0
0.75847496582851,4105,-0.358,0,0
0.7584752834252,4106,-0.3576,0,0
0.75847560109905,4107,-0.3572,0,0
0.75847591885006,4108,-0.3568,0,0
0.75847623667821,4109,-0.3564,0,0
0.75847655458352,4110,-0.356,0,0
0.75847687256599,4111,-0.3556,0,0
0.7584771906256,4112,-0.3552,0,0
0.75847750876237,4113,-0.3548,0,0
0.75847782697629,4114,-0.3544,0,0
0.75847814526736,4115,-0.354,0,0
0.75847846363559,4116,-0.3536,0,0
0.75847878208096,4117,-0.3532,0,0
0.75847910060349,4118,-0.3528,0,0
0.75847941920317,4119,-0.3524,0,0
0.75847973788001,4120,-0.352,0,0
0.75848005663399,4121,-0.3516,0,0
0.75848037546512,4122,-0.3512,0,0
0.75848069437341,4123,-0.3508,0,0
0.75848101335885,4124,-0.3504,0,0
0.75848133242143,4125,-0.35,0,0
0.75848165156117,4126,-0.3496,0,0
0.75848197077806,4127,-0.3492,0,0
0.7584822900721,4128,-0.3488,0,0
0.75848260944329,4129,-0.3484,0,0
0.75848292889163,4130,-0.348,0,0
0.75848324841712,4131,-0.3476,0,0
0.75848356801976,4132,-0.3472,0,0
0.75848388769955,4133,-0.3468,0,0
0.75848420745649,4134,-0.3464,0,0
0.75848452729057,4135,-0.346,0,0
0.75848484720181,4136,-0.3456,0,0
0.7584851671902,4137,-0.3452,0,0
0.75848548725573,4138,-0.3448,0,0
0.75848580739842,4139,-0.3444,0,0
0.75848612761825,4140,-0.344,0,0
0.75848644791523,4141,-0.3436,0,0
0.75848676828936,4142,-0.3432,0,0
0.75848708874063,4143,-0.3428,0,0
0.75848740926906,4144,-0.3424,0,0
0.75848772987463,4145,-0.342,0,0
0.75848805055735,4146,-0.3416,0,0
0.75848837131722,4147,-0.3412,0,0
0.75848869215423,4148,-0.3408,0,0
0.7584890130684,4149,-0.3404,0,0
0.75848933405971,4150,-0.34,0,0
0.75848965512816,4151,-0.3396,0,0
0.75848997627377,4152,-0.3392,0,0
0.75849029749652,4153,-0.3388,0,0
0.75849061879641,4154,-0.3384,0,0
0.75849094017345,4155,-0.338,0,0
0.75849126162764,4156,-0.3376,0,0
0.75849158315898,4157,-0.3372,0,0
0.75849190476746,4158,-0.3368,0,0
0.75849222645308,4159,-0.3364,0,0
0.75849254821586,4160,-0.336,0,0
0.75849287005577,4161,-0.3356,0,0
0.75849319197283,4162,-0.3352,0,0
0.75849351396704,4163,-0.3348,0,0
0.75849383603839,4164,-0.3344,0,0
0.75849415818689,4165,-0.334,0,0
0.75849448041253,4166,-0.3336,0,0
0.75849480271532,4167,-0.3332,0,0
0.75849512509525,4168,-0.3328,0,0
0.75849544755232,4169,-0.3324,0,0
0.75849577008654,4170,-0.332,0,0
0.75849609269791,4171,-0.3316,0,0
0.75849641538641,4172,-0.3312,0,0
0.75849673815206,4173,-0.3308,0,0
0.75849706099485,4174,-0.3304,0,0
0.75849738391479,4175,-0.33,0,0
0.75849770691187,4176,-0.3296,0,0
0.75849802998609,4177,-0.3292,0,0
0.75849835313746,4178,-0.3288,0,0
0.75849867636597,4179,-0.3284,0,0
0.75849899967162,4180,-0.328,0,0
0.75849932305441,4181,-0.3276,0,0
0.75849964651435,4182,-0.3272,0,0
0.75849997005142,4183,-0.3268,0,0
0.75850029366564,4184,-0.3264,0,0
0.758500617357,4185,-0.326,0,0
0.7585009411255,4186,-0.3256,0,0
0.75850126497115,4187,-0.3252,0,0
0.75850158889393,4188,-0.3248,0,0
0.75850191289386,4189,-0.3244,0,0
0.75850223697093,4190,-0.324,0,0
0.75850256112514,4191,-0.3236,0,0
0.75850288535648,4192,-0.3232,0,0
0.75850320966497,4193,-0.3228,0,0
0.7585035340506,4194,-0.3224,0,0
0.75850385851337,4195,-0.322,0,0
0.75850418305328,4196,-0.3216,0,0
0.75850450767033,4197,-0.3212,0,0
0.75850483236452,4198,-0.3208,0,0
0.75850515713585,4199,-0.3204,0,0
0.75850548198432,4200,-0.32,0,0
0.75850580690993,4201,-0.3196,0,0
0.75850613191267,4202,-0.3192,0,0
0.75850645699256,4203,-0.3188,0,0
0.75850678214958,4204,-0.3184,0,0
0.75850710738375,4205,-0.318,0,0
0.75850743269505,4206,-0.3176,0,0
0.75850775808349,4207,-0.3172,0,0
0.75850808354907,4208,-0.3168,0,0
0.75850840909179,4209,-0.3164,0,0
0.75850873471164,4210,-0.316,0,0
0.75850906040863,4211,-0.3156,0,0
0.75850938618276,4212,-0.3152,0,0
0.75850971203403,4213,-0.3148,0,0
0.75851003796244,4214,-0.3144,0,0
0.75851036396798,4215,-0.314,0,0
0.75851069005066,4216,-0.3136,0,0
0.75851101621047,4217,-0.3132,0,0
0.75851134244742,4218,-0.3128,0,0
0.75851166876151,4219,-0.3124,0,0
0.75851199515274,4220,-0.312,0,0
0.7585123216211,4221,-0.3116,0,0
0.7585126481666,4222,-0.3112,0,0
0.75851297478923,4223,-0.3108,0,0
0.758513301489,4224,-0.3104,0,0
0.75851362826591,4225,-0.31,0,0
0.75851395511995,4226,-0.3096,0,0
0.75851428205112,4227,-0.3092,0,0
0.75851460905943,4228,-0.3088,0,0
0.75851493614488,4229,-0.3084,0,0
0.75851526330746,4230,-0.308,0,0
0.75851559054717,4231,-0.3076,0,0
0.75851591786402,4232,-0.3072,0,0
0.75851624525801,4233,-0.3068,0,0
0.75851657272913,4234,-0.3064,0,0
0.75851690027738,4235,-0.306,0,0
0.75851722790277,4236,-0.3056,0,0
0.75851755560529,4237,-0.3052,0,0
0.75851788338494,4238,-0.3048,0,0
0.75851821124173,4239,-0.3044,0,0
0.75851853917565,4240,-0.304,0,0
0.7585188671867,4241,-0.3036,0,0
0.75851919527489,4242,-0.3032,0,0
0.75851952344021,4243,-0.3028,0,0
0.75851985168266,4244,-0.3024,0,0
0.75852018000225,4245,-0.302,0,0
0.75852050839896,4246,-0.3016,0,0
0.75852083687281,4247,-0.3012,0,0
0.75852116542379,4248,-0.3008,0,0
0.75852149405191,4249,-0.3004,0,0
0.75852182275715,4250,-0.3,0,0
0.75852215153953,4251,-0.2996,0,0
0.75852248039904,4252,-0.2992,0,0
0.75852280933568,4253,-0.2988,0,0
0.75852313834945,4254,-0.2984,0,0
0.75852346744035,4255,-0.298,0,0
0.75852379660838,4256,-0.2976,0,0
0.75852412585355,4257,-0.2972,0,0
0.75852445517584,4258,-0.2968,0,0
0.75852478457526,4259,-0.2964,0,0
0.75852511405182,4260,-0.296,0,0
0.7585254436055,4261,-0.2956,0,0
0.75852577323632,4262,-0.2952,0,0
0.75852610294426,4263,-0.2948,0,0
0.75852643272933,4264,-0.2944,0,0
0.75852676259154,4265,-0.294,0,0
0.75852709253087,4266,-0.2936,0,0
0.75852742254733,4267,-0.2932,0,0
0.75852775264092,4268,-0.2928,0,0
0.75852808281164,4269,-0.2924,0,0
0.75852841305949,4270,-0.292,0,0
0.75852874338446,4271,-0.2916,0,0
0.75852907378657,4272,-0.2912,0,0
0.7585294042658,4273,-0.2908,0,0
0.75852973482216,4274,-0.2904,0,0
0.75853006545565,4275,-0.29,0,0
0.75853039616626,4276,-0.2896,0,0
0.75853072695401,4277,-0.2892,0,0
0.75853105781888,4278,-0.2888,0,0
0.75853138876088,4279,-0.2884,0,0
0.75853171978,4280,-0.288,0,0
0.75853205087626,4281,-0.2876,0,0
0.75853238204964,4282,-0.2872,0,0
0.75853271330014,4283,-0.2868,0,0
0.75853304462777,4284,-0.2864,0,0
0.75853337603253,4285,-0.286,0,0
0.75853370751442,4286,-0.2856,0,0
0.75853403907343,4287,-0.2852,0,0
0.75853437070956,4288,-0.2848,0,0
0.75853470242283,4289,-0.2844,0,0
0.75853503421322,4290,-0.284,0,0
0.75853536608073,4291,-0.2836,0,0
0.75853569802537,4292,-0.2832,0,0
0.75853603004713,4293,-0.2828,0,0
0.75853636214602,4294,-0.2824,0,0
0.75853669432203,4295,-0.282,0,0
0.75853702657517,4296,-0.2816,0,0
0.75853735890543,4297,-0.2812,0,0
0.75853769131282,4298,-0.2808,0,0
0.75853802379733,4299,-0.2804,0,0
0.75853835635896,4300,-0.28,0,0
0.75853868899772,4301,-0.2796,0,0
0.7585390217136,4302,-0.2792,0,0
0.75853935450661,4303,-0.2788,0,0
0.75853968737674,4304,-0.2784,0,0
0.75854002032399,4305,-0.278,0,0
0.75854035334837,4306,-0.2776,0,0
0.75854068644986,4307,-0.2772,0,0
0.75854101962849,4308,-0.2768,0,0
0.75854135288423,4309,-0.2764,0,0
0.75854168621709,4310,-0.276,0,0
0.75854201962708,4311,-0.2756,0,0
0.75854235311419,4312,-0.2752,0,0
0.75854268667842,4313,-0.2748,0,0
0.75854302031978,4314,-0.2744,0,0
0.75854335403825,4315,-0.274,0,0
0.75854368783385,4316,-0.2736,0,0
0.75854402170657,4317,-0.2732,0,0
0.75854435565641,4318,-0.2728,0,0
0.75854468968337,4319,-0.2724,0,0
0.75854502378745,4320,-0.272,0,0
0.75854535796865,4321,-0.2716,0,0
0.75854569222697,4322,-0.2712,0,0
0.75854602656242,4323,-0.2708,0,0
0.75854636097498,4324,-0.2704,0,0
0.75854669546466,4325,-0.27,0,0
0.75854703003146,4326,-0.2696,0,0
0.75854736467539,4327,-0.2692,0,0
0.75854769939643,4328,-0.2688,0,0
0.75854803419459,4329,-0.2684,0,0
0.75854836906987,4330,-0.268,0,0
0.75854870402227,4331,-0.2676,0,0
0.75854903905179,4332,-0.2672,0,0
0.75854937415843,4333,-0.2668,0,0
0.75854970934218,4334,-0.2664,0,0
0.75855004460306,4335,-0.266,0,0
0.75855037994105,4336,-0.2656,0,0
0.75855071535616,4337,-0.2652,0,0
0.75855105084839,4338,-0.2648,0,0
0.75855138641774,4339,-0.2644,0,0
0.7585517220642,4340,-0.264,0,0
0.75855205778778,4341,-0.2636,0,0
0.75855239358848,4342,-0.2632,0,0
0.7585527294663,4343,-0.2628,0,0
0.75855306542123,4344,-0.2624,0,0
0.75855340145328,4345,-0.262,0,0
0.75855373756245,4346,-0.2616,0,0
0.75855407374874,4347,-0.2612,0,0
0.75855441001214,4348,-0.2608,0,0
0.75855474635265,4349,-0.2604,0,0
0.75855508277029,4350,-0.26,0,0
0.75855541926503,4351,-0.2596,0,0
0.7585557558369,4352,-0.2592,0,0
0.75855609248588,4353,-0.2588,0,0
0.75855642921197,4354,-0.2584,0,0
0.75855676601518,4355,-0.258,0,0
0.75855710289551,4356,-0.2576,0,0
0.75855743985295,4357,-0.2572,0,0
0.75855777688751,4358,-0.2568,0,0
0.75855811399918,4359,-0.2564,0,0
0.75855845118796,4360,-0.256,0,0
0.75855878845386,4361,-0.2556,0,0
0.75855912579687,4362,-0.2552,0,0
0.758559463217,4363,-0.2548,0,0
0.75855980071424,4364,-0.2544,0,0
0.7585601382886,4365,-0.254,0,0
0.75856047594007,4366,-0.2536,0,0
0.75856081366865,4367,-0.2532,0,0
0.75856115147434,4368,-0.2528,0,0
0.75856148935715,4369,-0.2524,0,0
0.75856182731707,4370,-0.252,0,0
0.75856216535411,4371,-0.2516,0,0
0.75856250346825,4372,-0.2512,0,0
0.75856284165951,4373,-0.2508,0,0
0.75856317992788,4374,-0.2504,0,0
0.75856351827337,4375,-0.25,0,0
0.75856385669596,4376,-0.2496,0,0
0.75856419519567,4377,-0.2492,0,0
0.75856453377249,4378,-0.2488,0,0
0.75856487242642,4379,-0.2484,0,0
0.75856521115746,4380,-0.248,0,0
0.75856554996561,4381,-0.2476,0,0
0.75856588885088,4382,-0.2472,0,0
0.75856622781325,4383,-0.2468,0,0
0.75856656685274,4384,-0.2464,0,0
0.75856690596933,4385,-0.246,0,0
0.75856724516304,4386,-0.2456,0,0
0.75856758443385,4387,-0.2452,0,0
0.75856792378178,4388,-0.2448,0,0
0.75856826320682,4389,-0.2444,0,0
0.75856860270896,4390,-0.244,0,0
0.75856894228822,4391,-0.2436,0,0
0.75856928194458,4392,-0.2432,0,0
0.75856962167806,4393,-0.2428,0,0
0.75856996148864,4394,-0.2424,0,0
0.75857030137633,4395,-0.242,0,0
0.75857064134113,4396,-0.2416,0,0
0.75857098138304,4397,-0.2412,0,0
0.75857132150206,4398,-0.2408,0,0
0.75857166169819,4399,-0.2404,0,0
0.75857200197142,4400,-0.24,0,0
0.75857234232176,4401,-0.2396,0,0
0.75857268274921,4402,-0.2392,0,0
0.75857302325377,4403,-0.2388,0,0
0.75857336383544,4404,-0.2384,0,0
0.75857370449421,4405,-0.238,0,0
0.75857404523009,4406,-0.2376,0,0
0.75857438604308,4407,-0.2372,0,0
0.75857472693317,4408,-0.2368,0,0
0.75857506790037,4409,-0.2364,0,0
0.75857540894468,4410,-0.236,0,0
0.75857575006609,4411,-0.2356,0,0
0.75857609126461,4412,-0.2352,0,0
0.75857643254024,4413,-0.2348,0,0
0.75857677389297,4414,-0.2344,0,0
0.75857711532281,4415,-0.234,0,0
0.75857745682975,4416,-0.2336,0,0
0.7585777984138,4417,-0.2332,0,0
0.75857814007495,4418,-0.2328,0,0
0.75857848181321,4419,-0.2324,0,0
0.75857882362857,4420,-0.232,0,0
0.75857916552104,4421,-0.2316,0,0
0.75857950749061,4422,-0.2312,0,0
0.75857984953729,4423,-0.2308,0,0
0.75858019166107,4424,-0.2304,0,0
0.75858053386196,4425,-0.23,0,0
0.75858087613995,4426,-0.2296,0,0
0.75858121849504,4427,-0.2292,0,0
0.75858156092724,4428,-0.2288,0,0
0.75858190343654,4429,-0.2284,0,0
0.75858224602294,4430,-0.228,0,0
0.75858258868645,4431,-0.2276,0,0
0.75858293142706,4432,-0.2272,0,0
0.75858327424477,4433,-0.2268,0,0
0.75858361713958,4434,-0.2264,0,0
0.7585839601115,4435,-0.226,0,0
0.75858430316052,4436,-0.2256,0,0
0.75858464628664,4437,-0.2252,0,0
0.75858498948987,4438,-0.2248,0,0
0.75858533277019,4439,-0.2244,0,0
0.75858567612762,4440,-0.224,0,0
0.75858601956215,4441,-0.2236,0,0
0.75858636307378,4442,-0.2232,0,0
0.75858670666251,4443,-0.2228,0,0
0.75858705032835,4444,-0.2224,0,0
0.75858739407128,4445,-0.222,0,0
0.75858773789132,4446,-0.2216,0,0
0.75858808178845,4447,-0.2212,0,0
0.75858842576269,4448,-0.2208,0,0
0.75858876981402,4449,-0.2204,0,0
0.75858911394246,4450,-0.22,0,0
0.75858945814799,4451,-0.2196,0,0
0.75858980243063,4452,-0.2192,0,0
0.75859014679036,4453,-0.2188,0,0
0.7585904912272,4454,-0.2184,0,0
0.75859083574113,4455,-0.218,0,0
0.75859118033216,4456,-0.2176,0,0
0.7585915250003,4457,-0.2172,0,0
0.75859186974553,4458,-0.2168,0,0
0.75859221456786,4459,-0.2164,0,0
0.75859255946728,4460,-0.216,0,0
0.75859290444381,4461,-0.2156,0,0
0.75859324949743,4462,-0.2152,0,0
0.75859359462815,4463,-0.2148,0,0
0.75859393983597,4464,-0.2144,0,0
0.75859428512089,4465,-0.214,0,0
0.75859463048291,4466,-0.2136,0,0
0.75859497592202,4467,-0.2132,0,0
0.75859532143823,4468,-0.2128,0,0
0.75859566703153,4469,-0.2124,0,0
0.75859601270194,4470,-0.212,0,0
0.75859635844944,4471,-0.2116,0,0
0.75859670427403,4472,-0.2112,0,0
0.75859705017573,4473,-0.2108,0,0
0.75859739615452,4474,-0.2104,0,0
0.7585977422104,4475,-0.21,0,0
0.75859808834338,4476,-0.2096,0,0
0.75859843455346,4477,-0.2092,0,0
0.75859878084063,4478,-0.2088,0,0
0.7585991272049,4479,-0.2084,0,0
0.75859947364626,4480,-0.208,0,0
0.75859982016472,4481,-0.2076,0,0
0.75860016676027,4482,-0.2072,0,0
0.75860051343292,4483,-0.2068,0,0
0.75860086018266,4484,-0.2064,0,0
0.75860120700949,4485,-0.206,0,0
0.75860155391342,4486,-0.2056,0,0
0.75860190089445,4487,-0.2052,0,0
0.75860224795257,4488,-0.2048,0,0
0.75860259508778,4489,-0.2044,0,0
0.75860294230008,4490,-0.204,0,0
0.75860328958948,4491,-0.2036,0,0
0.75860363695597,4492,-0.2032,0,0
0.75860398439956,4493,-0.2028,0,0
0.75860433192024,4494,-0.2024,0,0
0.75860467951801,4495,-0.202,0,0
0.75860502719287,4496,-0.2016,0,0
0.75860537494483,4497,-0.2012,0,0
0.75860572277387,4498,-0.2008,0,0
0.75860607068001,4499,-0.2004,0,0
0.75860641866325,4500,-0.2,0,0
0.75860676672357,4501,-0.1996,0,0
0.75860711486099,4502,-0.1992,0,0
0.75860746307549,4503,-0.1988,0,0
0.75860781136709,4504,-0.1984,0,0
0.75860815973578,4505,-0.198,0,0
0.75860850818156,4506,-0.1976,0,0
0.75860885670443,4507,-0.1972,0,0
0.75860920530439,4508,-0.1968,0,0
0.75860955398144,4509,-0.1964,0,0
0.75860990273559,4510,-0.196,0,0
0.75861025156682,4511,-0.1956,0,0
0.75861060047514,4512,-0.1952,0,0
0.75861094946055,4513,-0.1948,0,0
0.75861129852306,4514,-0.1944,0,0
0.75861164766265,4515,-0.194,0,0
0.75861199687933,4516,-0.1936,0,0
0.7586123461731,4517,-0.1932,0,0
0.75861269554396,4518,-0.1928,0,0
0.7586130449919,4519,-0.1924,0,0
0.75861339451694,4520,-0.192,0,0
0.75861374411906,4521,-0.1916,0,0
0.75861409379828,4522,-0.1912,0,0
0.75861444355458,4523,-0.1908,0,0
0.75861479338797,4524,-0.1904,0,0
0.75861514329844,4525,-0.19,0,0
0.75861549328601,4526,-0.1896,0,0
0.75861584335066,4527,-0.1892,0,0
0.7586161934924,4528,-0.1888,0,0
0.75861654371123,4529,-0.1884,0,0
0.75861689400714,4530,-0.188,0,0
0.75861724438014,4531,-0.1876,0,0
0.75861759483023,4532,-0.1872,0,0
0.7586179453574,4533,-0.1868,0,0
0.75861829596166,4534,-0.1864,0,0
0.75861864664301,4535,-0.186,0,0
0.75861899740144,4536,-0.1856,0,0
0.75861934823696,4537,-0.1852,0,0
0.75861969914956,4538,-0.1848,0,0
0.75862005013925,4539,-0.1844,0,0
0.75862040120602,4540,-0.184,0,0
0.75862075234988,4541,-0.1836,0,0
0.75862110357083,4542,-0.1832,0,0
0.75862145486886,4543,-0.1828,0,0
0.75862180624397,4544,-0.1824,0,0
0.75862215769617,4545,-0.182,0,0
0.75862250922545,4546,-0.1816,0,0
0.75862286083182,4547,-0.1812,0,0
0.75862321251527,4548,-0.1808,0,0
0.75862356427581,4549,-0.1804,0,0
0.75862391611342,4550,-0.18,0,0
0.75862426802813,4551,-0.1796,0,0
0.75862462001991,4552,-0.1792,0,0
0.75862497208878,4553,-0.1788,0,0
0.75862532423473,4554,-0.1784,0,0
0.75862567645777,4555,-0.178,0,0
0.75862602875789,4556,-0.1776,0,0
0.75862638113509,4557,-0.1772,0,0
0.75862673358937,4558,-0.1768,0,0
0.75862708612073,4559,-0.1764,0,0
0.75862743872918,4560,-0.176,0,0
0.75862779141471,4561,-0.1756,0,0
0.75862814417732,4562,-0.1752,0,0
0.75862849701701,4563,-0.1748,0,0
0.75862884993378,4564,-0.1744,0,0
0.75862920292764,4565,-0.174,0,0
0.75862955599857,4566,-0.1736,0,0
0.75862990914659,4567,-0.1732,0,0
0.75863026237168,4568,-0.1728,0,0
0.75863061567386,4569,-0.1724,0,0
0.75863096905312,4570,-0.172,0,0
0.75863132250946,4571,-0.1716,0,0
0.75863167604288,4572,-0.1712,0,0
0.75863202965337,4573,-0.1708,0,0
0.75863238334095,4574,-0.1704,0,0
0.75863273710561,4575,-0.17,0,0
0.75863309094734,4576,-0.1696,0,0
0.75863344486616,4577,-0.1692,0,0
0.75863379886205,4578,-0.1688,0,0
0.75863415293503,4579,-0.1684,0,0
0.75863450708508,4580,-0.168,0,0
0.75863486131221,4581,-0.1676,0,0
0.75863521561642,4582,-0.1672,0,0
0.75863556999771,4583,-0.1668,0,0
0.75863592445607,4584,-0.1664,0,0
0.75863627899152,4585,-0.166,0,0
0.75863663360404,4586,-0.1656,0,0
0.75863698829364,4587,-0.1652,0,0
0.75863734306031,4588,-0.1648,0,0
0.75863769790407,4589,-0.1644,0,0
0.7586380528249,4590,-0.164,0,0
0.7586384078228,4591,-0.1636,0,0
0.75863876289779,4592,-0.1632,0,0
0.75863911804985,4593,-0.1628,0,0
0.75863947327898,4594,-0.1624,0,0
0.7586398285852,4595,-0.162,0,0
0.75864018396849,4596,-0.1616,0,0
0.75864053942885,4597,-0.1612,0,0
0.75864089496629,4598,-0.1608,0,0
0.75864125058081,4599,-0.1604,0,0
0.7586416062724,4600,-0.16,0,0
0.75864196204107,4601,-0.1596,0,0
0.75864231788681,4602,-0.1592,0,0
0.75864267380962,4603,-0.1588,0,0
0.75864302980951,4604,-0.1584,0,0
0.75864338588648,4605,-0.158,0,0
0.75864374204052,4606,-0.1576,0,0
0.75864409827163,4607,-0.1572,0,0
0.75864445457982,4608,-0.1568,0,0
0.75864481096509,4609,-0.1564,0,0
0.75864516742742,4610,-0.156,0,0
0.75864552396683,4611,-0.1556,0,0
0.75864588058331,4612,-0.1552,0,0
0.75864623727687,4613,-0.1548,0,0
0.7586465940475,4614,-0.1544,0,0
0.7586469508952,4615,-0.154,0,0
0.75864730781997,4616,-0.1536,0,0
0.75864766482182,4617,-0.1532,0,0
0.75864802190074,4618,-0.1528,0,0
0.75864837905673,4619,-0.1524,0,0
0.7586487362898,4620,-0.152,0,0
0.75864909359993,4621,-0.1516,0,0
0.75864945098714,4622,-0.1512,0,0
0.75864980845142,4623,-0.1508,0,0
0.75865016599277,4624,-0.1504,0,0
0.75865052361119,4625,-0.15,0,0
0.75865088130668,4626,-0.1496,0,0
0.75865123907924,4627,-0.1492,0,0
0.75865159692888,4628,-0.1488,0,0
0.75865195485558,4629,-0.1484,0,0
0.75865231285935,4630,-0.148,0,0
0.7586526709402,4631,-0.1476,0,0
0.75865302909811,4632,-0.1472,0,0
0.7586533873331,4633,-0.1468,0,0
0.75865374564515,4634,-0.1464,0,0
0.75865410403428,4635,-0.146,0,0
0.75865446250047,4636,-0.1456,0,0
0.75865482104373,4637,-0.1452,0,0
0.75865517966406,4638,-0.1448,0,0
0.75865553836146,4639,-0.1444,0,0
0.75865589713593,4640,-0.144,0,0
0.75865625598747,4641,-0.1436,0,0
0.75865661491607,4642,-0.1432,0,0
0.75865697392174,4643,-0.1428,0,0
0.75865733300449,4644,-0.1424,0,0
0.7586576921643,4645,-0.142,0,0
0.75865805140117,4646,-0.1416,0,0
0.75865841071512,4647,-0.1412,0,0
0.75865877010613,4648,-0.1408,0,0
0.75865912957421,4649,-0.1404,0,0
0.75865948911935,4650,-0.14,0,0
0.75865984874156,4651,-0.1396,0,0
0.75866020844084,4652,-0.1392,0,0
0.75866056821719,4653,-0.1388,0,0
0.7586609280706,4654,-0.1384,0,0
0.75866128800108,4655,-0.138,0,0
0.75866164800862,4656,-0.1376,0,0
0.75866200809323,4657,-0.1372,0,0
0.75866236825491,4658,-0.1368,0,0
0.75866272849365,4659,-0.1364,0,0
0.75866308880945,4660,-0.136,0,0
0.75866344920232,4661,-0.1356,0,0
0.75866380967226,4662,-0.1352,0,0
0.75866417021926,4663,-0.1348,0,0
0.75866453084332,4664,-0.1344,0,0
0.75866489154445,4665,-0.134,0,0
0.75866525232265,4666,-0.1336,0,0
0.75866561317791,4667,-0.1332,0,0
0.75866597411023,4668,-0.1328,0,0
0.75866633511961,4669,-0.1324,0,0
0.75866669620606,4670,-0.132,0,0
0.75866705736957,4671,-0.1316,0,0
0.75866741861015,4672,-0.1312,0,0
0.75866777992779,4673,-0.1308,0,0
0.75866814132249,4674,-0.1304,0,0
0.75866850279425,4675,-0.13,0,0
0.75866886434308,4676,-0.1296,0,0
0.75866922596897,4677,-0.1292,0,0
0.75866958767192,4678,-0.1288,0,0
0.75866994945193,4679,-0.1284,0,0
0.75867031130901,4680,-0.128,0,0
0.75867067324315,4681,-0.1276,0,0
0.75867103525435,4682,-0.1272,0,0
0.75867139734261,4683,-0.1268,0,0
0.75867175950793,4684,-0.1264,0,0
0.75867212175031,4685,-0.126,0,0
0.75867248406975,4686,-0.1256,0,0
0.75867284646625,4687,-0.1252,0,0
0.75867320893982,4688,-0.1248,0,0
0.75867357149044,4689,-0.1244,0,0
0.75867393411813,4690,-0.124,0,0
0.75867429682287,4691,-0.1236,0,0
0.75867465960468,4692,-0.1232,0,0
0.75867502246354,4693,-0.1228,0,0
0.75867538539946,4694,-0.1224,0,0
0.75867574841245,4695,-0.122,0,0
0.75867611150249,4696,-0.1216,0,0
0.75867647466959,4697,-0.1212,0,0
0.75867683791375,4698,-0.1208,0,0
0.75867720123497,4699,-0.1204,0,0
0.75867756463324,4700,-0.12,0,0
0.75867792810858,4701,-0.1196,0,0
0.75867829166097,4702,-0.1192,0,0
0.75867865529042,4703,-0.1188,0,0
0.75867901899693,4704,-0.1184,0,0
0.7586793827805,4705,-0.118,0,0
0.75867974664112,4706,-0.1176,0,0
0.7586801105788,4707,-0.1172,0,0
0.75868047459354,4708,-0.1168,0,0
0.75868083868534,4709,-0.1164,0,0
0.75868120285419,4710,-0.116,0,0
0.7586815671001,4711,-0.1156,0,0
0.75868193142306,4712,-0.1152,0,0
0.75868229582308,4713,-0.1148,0,0
0.75868266030016,4714,-0.1144,0,0
0.75868302485429,4715,-0.114,0,0
0.75868338948548,4716,-0.1136,0,0
0.75868375419372,4717,-0.1132,0,0
0.75868411897902,4718,-0.1128,0,0
0.75868448384138,4719,-0.1124,0,0
0.75868484878079,4720,-0.112,0,0
0.75868521379725,4721,-0.1116,0,0
0.75868557889077,4722,-0.1112,0,0
0.75868594406134,4723,-0.1108,0,0
0.75868630930897,4724,-0.1104,0,0
0.75868667463365,4725,-0.11,0,0
0.75868704003539,4726,-0.1096,0,0
0.75868740551418,4727,-0.1092,0,0
0.75868777107002,4728,-0.1088,0,0
0.75868813670292,4729,-0.1084,0,0
0.75868850241287,4730,-0.108,0,0
0.75868886819988,4731,-0.1076,0,0
0.75868923406393,4732,-0.1072,0,0
0.75868960000504,4733,-0.1068,0,0
0.7586899660232,4734,-0.1064,0,0
0.75869033211842,4735,-0.106,0,0
0.75869069829068,4736,-0.1056,0,0
0.75869106454,4737,-0.1052,0,0
0.75869143086637,4738,-0.1048,0,0
0.7586917972698,4739,-0.1044,0,0
0.75869216375027,4740,-0.104,0,0
0.7586925303078,4741,-0.1036,0,0
0.75869289694237,4742,-0.1032,0,0
0.758693263654,4743,-0.1028,0,0
0.75869363044268,4744,-0.1024,0,0
0.75869399730841,4745,-0.102,0,0
0.75869436425119,4746,-0.1016,0,0
0.75869473127102,4747,-0.1012,0,0
0.7586950983679,4748,-0.1008,0,0
0.75869546554183,4749,-0.1004,0,0
0.75869583279281,4750,-0.1,0,0
0.75869620012084,4751,-0.0996,0,0
0.75869656752592,4752,-0.0992,0,0
0.75869693500805,4753,-0.0988,0,0
0.75869730256723,4754,-0.0984,0,0
0.75869767020345,4755,-0.098,0,0
0.75869803791673,4756,-0.0976,0,0
0.75869840570705,4757,-0.0972,0,0
0.75869877357442,4758,-0.0968,0,0
0.75869914151885,4759,-0.0964,0,0
0.75869950954032,4760,-0.096,0,0
0.75869987763883,4761,-0.0956,0,0
0.7587002458144,4762,-0.0952,0,0
0.75870061406701,4763,-0.0948,0,0
0.75870098239667,4764,-0.0944,0,0
0.75870135080338,4765,-0.094,0,0
0.75870171928713,4766,-0.0936,0,0
0.75870208784793,4767,-0.0932,0,0
0.75870245648578,4768,-0.0928,0,0
0.75870282520068,4769,-0.0924,0,0
0.75870319399262,4770,-0.092,0,0
0.7587035628616,4771,-0.0916,0,0
0.75870393180764,4772,-0.0912,0,0
0.75870430083072,4773,-0.0908,0,0
0.75870466993084,4774,-0.0904,0,0
0.75870503910801,4775,-0.09,0,0
0.75870540836223,4776,-0.0896,0,0
0.75870577769349,4777,-0.0892,0,0
0.7587061471018,4778,-0.0888,0,0
0.75870651658715,4779,-0.0884,0,0
0.75870688614954,4780,-0.088,0,0
0.75870725578898,4781,-0.0876,0,0
0.75870762550547,4782,-0.0872,0,0
0.75870799529899,4783,-0.0868,0,0
0.75870836516957,4784,-0.0864,0,0
0.75870873511718,4785,-0.086,0,0
0.75870910514184,4786,-0.0856,0,0
0.75870947524354,4787,-0.0852,0,0
0.75870984542229,4788,-0.0848,0,0
0.75871021567808,4789,-0.0844,0,0
0.75871058601091,4790,-0.084,0,0
0.75871095642079,4791,-0.0836,0,0
0.75871132690771,4792,-0.0832,0,0
0.75871169747167,4793,-0.0828,0,0
0.75871206811267,4794,-0.0824,0,0
0.75871243883071,4795,-0.082,0,0
0.7587128096258,4796,-0.0816,0,0
0.75871318049793,4797,-0.0812,0,0
0.7587135514471,4798,-0.0808,0,0
0.75871392247331,4799,-0.0804,0,0
0.75871429357656,4800,-0.08,0,0
0.75871466475685,4801,-0.0796,0,0
0.75871503601419,4802,-0.0792,0,0
0.75871540734856,4803,-0.0788,0,0
0.75871577875997,4804,-0.0784,0,0
0.75871615024843,4805,-0.078,0,0
0.75871652181393,4806,-0.0776,0,0
0.75871689345646,4807,-0.0772,0,0
0.75871726517604,4808,-0.0768,0,0
0.75871763697265,4809,-0.0764,0,0
0.7587180088463,4810,-0.076,0,0
0.758718380797,4811,-0.0756,0,0
0.75871875282473,4812,-0.0752,0,0
0.7587191249295,4813,-0.0748,0,0
0.75871949711131,4814,-0.0744,0,0
0.75871986937016,4815,-0.074,0,0
0.75872024170605,4816,-0.0736,0,0
0.75872061411897,4817,-0.0732,0,0
0.75872098660893,4818,-0.0728,0,0
0.75872135917594,4819,-0.0724,0,0
0.75872173181997,4820,-0.072,0,0
0.75872210454105,4821,-0.0716,0,0
0.75872247733916,4822,-0.0712,0,0
0.75872285021431,4823,-0.0708,0,0
0.7587232231665,4824,-0.0704,0,0
0.75872359619573,4825,-0.07,0,0
0.75872396930199,4826,-0.0696,0,0
0.75872434248528,4827,-0.0692,0,0
0.75872471574562,4828,-0.0688,0,0
0.75872508908299,4829,-0.0684,0,0
0.75872546249739,4830,-0.068,0,0
0.75872583598884,4831,-0.0676,0,0
0.75872620955731,4832,-0.0672,0,0
0.75872658320282,4833,-0.0668,0,0
0.75872695692537,4834,-0.0664,0,0
0.75872733072496,4835,-0.066,0,0
0.75872770460157,4836,-0.0656,0,0
0.75872807855523,4837,-0.0652,0,0
0.75872845258591,4838,-0.0648,0,0
0.75872882669363,4839,-0.0644,0,0
0.75872920087839,4840,-0.064,0,0
0.75872957514018,4841,-0.0636,0,0
0.758729949479,4842,-0.0632,0,0
0.75873032389486,4843,-0.0628,0,0
0.75873069838775,4844,-0.0624,0,0
0.75873107295767,4845,-0.062,0,0
0.75873144760463,4846,-0.0616,0,0
0.75873182232862,4847,-0.0612,0,0
0.75873219712964,4848,-0.0608,0,0
0.75873257200769,4849,-0.0604,0,0
0.75873294696278,4850,-0.06,0,0
0.7587333219949,4851,-0.0596,0,0
0.75873369710405,4852,-0.0592,0,0
0.75873407229023,4853,-0.0588,0,0
0.75873444755345,4854,-0.0584,0,0
0.7587348228937,4855,-0.058,0,0
0.75873519831097,4856,-0.0576,0,0
0.75873557380528,4857,-0.0572,0,0
0.75873594937662,4858,-0.0568,0,0
0.75873632502499,4859,-0.0564,0,0
0.75873670075039,4860,-0.056,0,0
0.75873707655283,4861,-0.0556,0,0
0.75873745243229,4862,-0.0552,0,0
0.75873782838878,4863,-0.0548,0,0
0.7587382044223,4864,-0.0544,0,0
0.75873858053286,4865,-0.054,0,0
0.75873895672044,4866,-0.0536,0,0
0.75873933298505,4867,-0.0532,0,0
0.75873970932669,4868,-0.0528,0,0
0.75874008574536,4869,-0.0524,0,0
0.75874046224105,4870,-0.052,0,0
0.75874083881378,4871,-0.0516,0,0
0.75874121546354,4872,-0.0512,0,0
0.75874159219032,4873,-0.0508,0,0
0.75874196899413,4874,-0.0504,0,0
0.75874234587497,4875,-0.05,0,0
0.75874272283284,4876,-0.0496,0,0
0.75874309986773,4877,-0.0492,0,0
0.75874347697966,4878,-0.0488,0,0
0.75874385416861,4879,-0.0484,0,0
0.75874423143458,4880,-0.048,0,0
0.75874460877759,4881,-0.0476,0,0
0.75874498619762,4882,-0.0472,0,0
0.75874536369467,4883,-0.0468,0,0
0.75874574126876,4884,-0.0464,0,0
0.75874611891987,4885,-0.046,0,0
0.758746496648,4886,-0.0456,0,0
0.75874687445316,4887,-0.0452,0,0
0.75874725233535,4888,-0.0448,0,0
0.75874763029456,4889,-0.0444,0,0
0.7587480083308,4890,-0.044,0,0
0.75874838644407,4891,-0.0436,0,0
0.75874876463435,4892,-0.0432,0,0
0.75874914290167,4893,-0.0428,0,0
0.758749521246,4894,-0.0424,0,0
0.75874989966737,4895,-0.042,0,0
0.75875027816575,4896,-0.0416,0,0
0.75875065674116,4897,-0.0412,0,0
0.7587510353936,4898,-0.0408,0,0
0.75875141412306,4899,-0.0404,0,0
0.75875179292954,4900,-0.04,0,0
0.75875217181304,4901,-0.0396,0,0
0.75875255077357,4902,-0.0392,0,0
0.75875292981112,4903,-0.0388,0,0
0.75875330892569,4904,-0.0384,0,0
0.75875368811729,4905,-0.038,0,0
0.75875406738591,4906,-0.0376,0,0
0.75875444673155,4907,-0.0372,0,0
0.75875482615421,4908,-0.0368,0,0
0.7587552056539,4909,-0.0364,0,0
0.75875558523061,4910,-0.036,0,0
0.75875596488433,4911,-0.0356,0,0
0.75875634461508,4912,-0.0352,0,0
0.75875672442286,4913,-0.0348,0,0
0.75875710430765,4914,-0.0344,0,0
0.75875748426946,4915,-0.034,0,0
0.75875786430829,4916,-0.0336,0,0
0.75875824442415,4917,-0.0332,0,0
0.75875862461702,4918,-0.0328,0,0
0.75875900488692,4919,-0.0324,0,0
0.75875938523383,4920,-0.032,0,0
0.75875976565777,4921,-0.0316,0,0
0.75876014615872,4922,-0.0312,0,0
0.75876052673669,4923,-0.0308,0,0
0.75876090739169,4924,-0.0304,0,0
0.7587612881237,4925,-0.03,0,0
0.75876166893273,4926,-0.0296,0,0
0.75876204981878,4927,-0.0292,0,0
0.75876243078185,4928,-0.0288,0,0
0.75876281182193,4929,-0.0284,0,0
0.75876319293904,4930,-0.028,0,0
0.75876357413316,4931,-0.0276,0,0
0.7587639554043,4932,-0.0272,0,0
0.75876433675246,4933,-0.0268,0,0
0.75876471817763,4934,-0.0264,0,0
0.75876509967983,4935,-0.026,0,0
0.75876548125904,4936,-0.0256,0,0
0.75876586291526,4937,-0.0252,0,0
0.75876624464851,4938,-0.0248,0,0
0.75876662645877,4939,-0.0244,0,0
0.75876700834604,4940,-0.024,0,0
0.75876739031033,4941,-0.0236,0,0
0.75876777235164,4942,-0.0232,0,0
0.75876815446997,4943,-0.0228,0,0
0.75876853666531,4944,-0.0224,0,0
0.75876891893766,4945,-0.022,0,0
0.75876930128703,4946,-0.0216,0,0
0.75876968371342,4947,-0.0212,0,0
0.75877006621682,4948,-0.0208,0,0
0.75877044879724,4949,-0.0204,0,0
0.75877083145467,4950,-0.02,0,0
0.75877121418911,4951,-0.0196,0,0
0.75877159700057,4952,-0.0192,0,0
0.75877197988904,4953,-0.0188,0,0
0.75877236285453,4954,-0.0184,0,0
0.75877274589703,4955,-0.018,0,0
0.75877312901654,4956,-0.0176,0,0
0.75877351221307,4957,-0.0172,0,0
0.75877389548661,4958,-0.0168,0,0
0.75877427883716,4959,-0.0164,0,0
0.75877466226473,4960,-0.016,0,0
0.75877504576931,4961,-0.0156,0,0
0.7587754293509,4962,-0.0152,0,0
0.7587758130095,4963,-0.0148,0,0
0.75877619674512,4964,-0.0144,0,0
0.75877658055775,4965,-0.014,0,0
0.75877696444739,4966,-0.0136,0,0
0.75877734841404,4967,-0.0132,0,0
0.7587777324577,4968,-0.0128,0,0
0.75877811657837,4969,-0.0124,0,0
0.75877850077606,4970,-0.012,0,0
0.75877888505075,4971,-0.0116,0,0
0.75877926940246,4972,-0.0112,0,0
0.75877965383117,4973,-0.0108,0,0
0.7587800383369,4974,-0.0104,0,0
0.75878042291963,4975,-0.01,0,0
0.75878080757938,4976,-0.0096000000000001,0,0
0.75878119231614,4977,-0.0092000000000001,0,0
0.7587815771299,4978,-0.0087999999999999,0,0
0.75878196202068,4979,-0.0084,0,0
0.75878234698846,4980,-0.008,0,0
0.75878273203325,4981,-0.0076000000000001,0,0
0.75878311715506,4982,-0.0072000000000001,0,0
0.75878350235387,4983,-0.0067999999999999,0,0
0.75878388762968,4984,-0.0064,0,0
0.75878427298251,4985,-0.006,0,0
0.75878465841235,4986,-0.0056,0,0
0.75878504391919,4987,-0.0052000000000001,0,0
0.75878542950304,4988,-0.0047999999999999,0,0
0.7587858151639,4989,-0.0044,0,0
0.75878620090176,4990,-0.004,0,0
0.75878658671664,4991,-0.0036,0,0
0.75878697260852,4992,-0.0032000000000001,0,0
0.7587873585774,4993,-0.0027999999999999,0,0
0.7587877446233,4994,-0.0024,0,0
0.7587881307462,4995,-0.002,0,0
0.7587885169461,4996,-0.0016,0,0
0.75878890322301,4997,-0.0012000000000001,0,0
0.75878928957693,4998,-0.00079999999999991,0,0
0.75878967600786,4999,-0.00039999999999996,0,0
0.7587898692522,15005,-0.00019999999999998,0,0
0.75878996588158,15011,-9.9999999999989e-05,0,0
0.75879001419808,15017,-4.9999999999994e-05,0,0
0.75879003835678,15021,-2.4999999999997e-05,0,0
0.75879005043625,15028,-1.2499999999999e-05,0,0
0.75879006251579,5000,0,0,0
0.44080843043324,10000,1,0,0
0.44080844994468,15024,1.0000125,0,0
0.440808469456,15019,1.000025,0,0
0.44080850847826,15015,1.00005,0,0
0.44080858652132,15007,1.0001,0,0
0.44080874260154,15002,1.0002,0,0
0.44080905473845,10001,1.0004,0,0
0.44080967891808,10002,1.0008,0,0
0.44081030297213,10003,1.0012,0,0
0.4408109269006,10004,1.0016,0,0
0.4408115507035,10005,1.002,0,0
0.44081217438082,10006,1.0024,0,0
0.44081279793257,10007,1.0028,0,0
0.44081342135875,10008,1.0032,0,0
0.44081404465934,10009,1.0036,0,0
0.44081466783437,10010,1.004,0,0
0.44081529088382,10011,1.0044,0,0
0.4408159138077,10012,1.0048,0,0
0.440816536606,10013,1.0052,0,0
0.44081715927873,10014,1.0056,0,0
0.44081778182589,10015,1.006,0,0
0.44081840424748,10016,1.0064,0,0
0.4408190265435,10017,1.0068,0,0
0.44081964871395,10018,1.0072,0,0
0.44082027075882,10019,1.0076,0,0
0.44082089267813,10020,1.008,0,0
0.44082151447187,10021,1.0084,0,0
0.44082213614004,10022,1.0088,0,0
0.44082275768264,10023,1.0092,0,0
0.44082337909967,10024,1.0096,0,0
0.44082400039113,10025,1.01,0,0
0.44082462155703,10026,1.0104,0,0
0.44082524259736,10027,1.0108,0,0
0.44082586351212,10028,1.0112,0,0
0.44082648430132,10029,1.0116,0,0
0.44082710496495,10030,1.012,0,0
0.44082772550302,10031,1.0124,0,0
0.44082834591552,10032,1.0128,0,0
0.44082896620246,10033,1.0132,0,0
0.44082958636383,10034,1.0136,0,0
0.44083020639964,10035,1.014,0,0
0.44083082630989,10036,1.0144,0,0
0.44083144609457,10037,1.0148,0,0
0.4408320657537,10038,1.0152,0,0
0.44083268528726,10039,1.0156,0,0
0.44083330469526,10040,1.016,0,0
0.44083392397769,10041,1.0164,0,0
0.44083454313457,10042,1.0168,0,0
0.44083516216589,10043,1.0172,0,0
0.44083578107165,10044,1.0176,0,0
0.44083639985184,10045,1.018,0,0
0.44083701850648,10046,1.0184,0,0
0.44083763703557,10047,1.0188,0,0
0.44083825543909,10048,1.0192,0,0
0.44083887371705,10049,1.0196,0,0
0.44083949186946,10050,1.02,0,0
0.44084010989631,10051,1.0204,0,0
0.44084072779761,10052,1.0208,0,0
0.44084134557335,10053,1.0212,0,0
0.44084196322353,10054,1.0216,0,0
0.44084258074816,10055,1.022,0,0
0.44084319814723,10056,1.0224,0,0
0.44084381542075,10057,1.0228,0,0
0.44084443256872,10058,1.0232,0,0
0.44084504959113,10059,1.0236,0,0
0.44084566648799,10060,1.024,0,0
0.4408462832593,10061,1.0244,0,0
0.44084689990505,10062,1.0248,0,0
0.44084751642525,10063,1.0252,0,0
0.44084813281991,10064,1.0256,0,0
0.44084874908901,10065,1.026,0,0
0.44084936523256,10066,1.0264,0,0
0.44084998125056,10067,1.0268,0,0
0.44085059714301,10068,1.0272,0,0
0.44085121290991,10069,1.0276,0,0
0.44085182855126,10070,1.028,0,0
0.44085244406706,10071,1.0284,0,0
0.44085305945732,10072,1.0288,0,0
0.44085367472203,10073,1.0292,0,0
0.44085428986119,10074,1.0296,0,0
0.4408549048748,10075,1.03,0,0
0.44085551976287,10076,1.0304,0,0
0.44085613452539,10077,1.0308,0,0
0.44085674916237,10078,1.0312,0,0
0.4408573636738,10079,1.0316,0,0
0.44085797805969,10080,1.032,0,0
0.44085859232003,10081,1.0324,0,0
0.44085920645483,10082,1.0328,0,0
0.44085982046408,10083,1.0332,0,0
0.4408604343478,10084,1.0336,0,0
0.44086104810597,10085,1.034,0,0
0.44086166173859,10086,1.0344,0,0
0.44086227524568,10087,1.0348,0,0
0.44086288862723,10088,1.0352,0,0
0.44086350188323,10089,1.0356,0,0
0.44086411501369,10090,1.036,0,0
0.44086472801862,10091,1.0364,0,0
0.440865340898,10092,1.0368,0,0
0.44086595365184,10093,1.0372,0,0
0.44086656628015,10094,1.0376,0,0
0.44086717878292,10095,1.038,0,0
0.44086779116015,10096,1.0384,0,0
0.44086840341184,10097,1.0388,0,0
0.44086901553799,10098,1.0392,0,0
0.44086962753861,10099,1.0396,0,0
0.44087023941369,10100,1.04,0,0
0.44087085116324,10101,1.0404,0,0
0.44087146278725,10102,1.0408,0,0
0.44087207428572,10103,1.0412,0,0
0.44087268565866,10104,1.0416,0,0
0.44087329690607,10105,1.042,0,0
0.44087390802794,10106,1.0424,0,0
0.44087451902428,10107,1.0428,0,0
0.44087512989508,10108,1.0432,0,0
0.44087574064036,10109,1.0436,0,0
0.4408763512601,10110,1.044,0,0
0.44087696175431,10111,1.0444,0,0
0.44087757212298,10112,1.0448,0,0
0.44087818236613,10113,1.0452,0,0
0.44087879248375,10114,1.0456,0,0
0.44087940247583,10115,1.046,0,0
0.44088001234239,10116,1.0464,0,0
0.44088062208342,10117,1.0468,0,0
0.44088123169892,10118,1.0472,0,0
0.44088184118888,10119,1.0476,0,0
0.44088245055333,10120,1.048,0,0
0.44088305979224,10121,1.0484,0,0
0.44088366890563,10122,1.0488,0,0
0.44088427789349,10123,1.0492,0,0
0.44088488675582,10124,1.0496,0,0
0.44088549549263,10125,1.05,0,0
0.44088610410391,10126,1.0504,0,0
0.44088671258967,10127,1.0508,0,0
0.4408873209499,10128,1.0512,0,0
0.44088792918461,10129,1.0516,0,0
0.44088853729379,10130,1.052,0,0
0.44088914527745,10131,1.0524,0,0
0.44088975313559,10132,1.0528,0,0
0.44089036086821,10133,1.0532,0,0
0.4408909684753,10134,1.0536,0,0
0.44089157595687,10135,1.054,0,0
0.44089218331292,10136,1.0544,0,0
0.44089279054345,10137,1.0548,0,0
0.44089339764846,10138,1.0552,0,0
0.44089400462794,10139,1.0556,0,0
0.44089461148191,10140,1.056,0,0
0.44089521821036,10141,1.0564,0,0
0.44089582481329,10142,1.0568,0,0
0.4408964312907,10143,1.0572,0,0
0.44089703764259,10144,1.0576,0,0
0.44089764386897,10145,1.058,0,0
0.44089824996983,10146,1.0584,0,0
0.44089885594517,10147,1.0588,0,0
0.44089946179499,10148,1.0592,0,0
0.4409000675193,10149,1.0596,0,0
0.44090067311809,10150,1.06,0,0
0.44090127859137,10151,1.0604,0,0
0.44090188393913,10152,1.0608,0,0
0.44090248916138,10153,1.0612,0,0
0.44090309425811,10154,1.0616,0,0
0.44090369922933,10155,1.062,0,0
0.44090430407504,10156,1.0624,0,0
0.44090490879523,10157,1.0628,0,0
0.44090551338992,10158,1.0632,0,0
0.44090611785909,10159,1.0636,0,0
0.44090672220274,10160,1.064,0,0
0.44090732642089,10161,1.0644,0,0
0.44090793051353,10162,1.0648,0,0
0.44090853448065,10163,1.0652,0,0
0.44090913832227,10164,1.0656,0,0
0.44090974203838,10165,1.066,0,0
0.44091034562897,10166,1.0664,0,0
0.44091094909406,10167,1.0668,0,0
0.44091155243364,10168,1.0672,0,0
0.44091215564772,10169,1.0676,0,0
0.44091275873628,10170,1.068,0,0
0.44091336169934,10171,1.0684,0,0
0.44091396453689,10172,1.0688,0,0
0.44091456724894,10173,1.0692,0,0
0.44091516983548,10174,1.0696,0,0
0.44091577229651,10175,1.07,0,0
0.44091637463204,10176,1.0704,0,0
0.44091697684206,10177,1.0708,0,0
0.44091757892658,10178,1.0712,0,0
0.4409181808856,10179,1.0716,0,0
0.44091878271911,10180,1.072,0,0
0.44091938442712,10181,1.0724,0,0
0.44091998600963,10182,1.0728,0,0
0.44092058746664,10183,1.0732,0,0
0.44092118879814,10184,1.0736,0,0
0.44092179000414,10185,1.074,0,0
0.44092239108464,10186,1.0744,0,0
0.44092299203964,10187,1.0748,0,0
0.44092359286914,10188,1.0752,0,0
0.44092419357314,10189,1.0756,0,0
0.44092479415165,10190,1.076,0,0
0.44092539460465,10191,1.0764,0,0
0.44092599493215,10192,1.0768,0,0
0.44092659513416,10193,1.0772,0,0
0.44092719521067,10194,1.0776,0,0
0.44092779516168,10195,1.078,0,0
0.44092839498719,10196,1.0784,0,0
0.44092899468721,10197,1.0788,0,0
0.44092959426173,10198,1.0792,0,0
0.44093019371076,10199,1.0796,0,0
0.44093079303429,10200,1.08,0,0
0.44093139223233,10201,1.0804,0,0
0.44093199130487,10202,1.0808,0,0
0.44093259025192,10203,1.0812,0,0
0.44093318907347,10204,1.0816,0,0
0.44093378776953,10205,1.082,0,0
0.4409343863401,10206,1.0824,0,0
0.44093498478517,10207,1.0828,0,0
0.44093558310476,10208,1.0832,0,0
0.44093618129885,10209,1.0836,0,0
0.44093677936745,10210,1.084,0,0
0.44093737731056,10211,1.0844,0,0
0.44093797512818,10212,1.0848,0,0
0.44093857282031,10213,1.0852,0,0
0.44093917038695,10214,1.0856,0,0
0.4409397678281,10215,1.086,0,0
0.44094036514377,10216,1.0864,0,0
0.44094096233394,10217,1.0868,0,0
0.44094155939863,10218,1.0872,0,0
0.44094215633782,10219,1.0876,0,0
0.44094275315154,10220,1.088,0,0
0.44094334983976,10221,1.0884,0,0
0.4409439464025,10222,1.0888,0,0
0.44094454283975,10223,1.0892,0,0
0.44094513915152,10224,1.0896,0,0
0.4409457353378,10225,1.09,0,0
0.4409463313986,10226,1.0904,0,0
0.44094692733391,10227,1.0908,0,0
0.44094752314374,10228,1.0912,0,0
0.44094811882809,10229,1.0916,0,0
0.44094871438695,10230,1.092,0,0
0.44094930982033,10231,1.0924,0,0
0.44094990512823,10232,1.0928,0,0
0.44095050031064,10233,1.0932,0,0
0.44095109536758,10234,1.0936,0,0
0.44095169029903,10235,1.094,0,0
0.440952285105,10236,1.0944,0,0
0.4409528797855,10237,1.0948,0,0
0.44095347434051,10238,1.0952,0,0
0.44095406877004,10239,1.0956,0,0
0.4409546630741,10240,1.096,0,0
0.44095525725267,10241,1.0964,0,0
0.44095585130577,10242,1.0968,0,0
0.44095644523339,10243,1.0972,0,0
0.44095703903553,10244,1.0976,0,0
0.4409576327122,10245,1.098,0,0
0.44095822626338,10246,1.0984,0,0
0.4409588196891,10247,1.0988,0,0
0.44095941298933,10248,1.0992,0,0
0.44096000616409,10249,1.0996,0,0
0.44096059921338,10250,1.1,0,0
0.44096119213719,10251,1.1004,0,0
0.44096178493553,10252,1.1008,0,0
0.44096237760839,10253,1.1012,0,0
0.44096297015578,10254,1.1016,0,0
0.4409635625777,10255,1.102,0,0
0.44096415487414,10256,1.1024,0,0
0.44096474704511,10257,1.1028,0,0
0.44096533909061,10258,1.1032,0,0
0.44096593101064,10259,1.1036,0,0
0.4409665228052,10260,1.104,0,0
0.44096711447429,10261,1.1044,0,0
0.44096770601791,10262,1.1048,0,0
0.44096829743605,10263,1.1052,0,0
0.44096888872873,10264,1.1056,0,0
0.44096947989594,10265,1.106,0,0
0.44097007093768,10266,1.1064,0,0
0.44097066185395,10267,1.1068,0,0
0.44097125264476,10268,1.1072,0,0
0.44097184331009,10269,1.1076,0,0
0.44097243384997,10270,1.108,0,0
0.44097302426437,10271,1.1084,0,0
0.44097361455331,10272,1.1088,0,0
0.44097420471678,10273,1.1092,0,0
0.44097479475478,10274,1.1096,0,0
0.44097538466733,10275,1.11,0,0
0.4409759744544,10276,1.1104,0,0
0.44097656411601,10277,1.1108,0,0
0.44097715365216,10278,1.1112,0,0
0.44097774306285,10279,1.1116,0,0
0.44097833234807,10280,1.112,0,0
0.44097892150783,10281,1.1124,0,0
0.44097951054213,10282,1.1128,0,0
0.44098009945096,10283,1.1132,0,0
0.44098068823434,10284,1.1136,0,0
0.44098127689225,10285,1.114,0,0
0.44098186542471,10286,1.1144,0,0
0.4409824538317,10287,1.1148,0,0
0.44098304211323,10288,1.1152,0,0
0.4409836302693,10289,1.1156,0,0
0.44098421829992,10290,1.116,0,0
0.44098480620508,10291,1.1164,0,0
0.44098539398477,10292,1.1168,0,0
0.44098598163901,10293,1.1172,0,0
0.4409865691678,10294,1.1176,0,0
0.44098715657112,10295,1.118,0,0
0.44098774384899,10296,1.1184,0,0
0.4409883310014,10297,1.1188,0,0
0.44098891802836,10298,1.1192,0,0
0.44098950492986,10299,1.1196,0,0
0.44099009170591,10300,1.12,0,0
0.4409906783565,10301,1.1204,0,0
0.44099126488164,10302,1.1208,0,0
0.44099185128132,10303,1.1212,0,0
0.44099243755555,10304,1.1216,0,0
0.44099302370433,10305,1.122,0,0
0.44099360972766,10306,1.1224,0,0
0.44099419562553,10307,1.1228,0,0
0.44099478139795,10308,1.1232,0,0
0.44099536704492,10309,1.1236,0,0
0.44099595256644,10310,1.124,0,0
0.44099653796251,10311,1.1244,0,0
0.44099712323313,10312,1.1248,0,0
0.44099770837829,10313,1.1252,0,0
0.44099829339801,10314,1.1256,0,0
0.44099887829228,10315,1.126,0,0
0.4409994630611,10316,1.1264,0,0
0.44100004770448,10317,1.1268,0,0
0.4410006322224,10318,1.1272,0,0
0.44100121661488,10319,1.1276,0,0
0.44100180088191,10320,1.128,0,0
0.44100238502349,10321,1.1284,0,0
0.44100296903963,10322,1.1288,0,0
0.44100355293032,10323,1.1292,0,0
0.44100413669557,10324,1.1296,0,0
0.44100472033537,10325,1.13,0,0
0.44100530384972,10326,1.1304,0,0
0.44100588723864,10327,1.1308,0,0
0.4410064705021,10328,1.1312,0,0
0.44100705364013,10329,1.1316,0,0
0.44100763665271,10330,1.132,0,0
0.44100821953985,10331,1.1324,0,0
0.44100880230155,10332,1.1328,0,0
0.4410093849378,10333,1.1332,0,0
0.44100996744861,10334,1.1336,0,0
0.44101054983399,10335,1.134,0,0
0.44101113209392,10336,1.1344,0,0
0.44101171422841,10337,1.1348,0,0
0.44101229623746,10338,1.1352,0,0
0.44101287812107,10339,1.1356,0,0
0.44101345987924,10340,1.136,0,0
0.44101404151198,10341,1.1364,0,0
0.44101462301927,10342,1.1368,0,0
0.44101520440113,10343,1.1372,0,0
0.44101578565755,10344,1.1376,0,0
0.44101636678853,10345,1.138,0,0
0.44101694779408,10346,1.1384,0,0
0.44101752867419,10347,1.1388,0,0
0.44101810942886,10348,1.1392,0,0
0.4410186900581,10349,1.1396,0,0
0.4410192705619,10350,1.14,0,0
0.44101985094027,10351,1.1404,0,0
0.4410204311932,10352,1.1408,0,0
0.4410210113207,10353,1.1412,0,0
0.44102159132277,10354,1.1416,0,0
0.4410221711994,10355,1.142,0,0
0.4410227509506,10356,1.1424,0,0
0.44102333057637,10357,1.1428,0,0
0.4410239100767,10358,1.1432,0,0
0.44102448945161,10359,1.1436,0,0
0.44102506870108,10360,1.144,0,0
0.44102564782512,10361,1.1444,0,0
0.44102622682373,10362,1.1448,0,0
0.44102680569691,10363,1.1452,0,0
0.44102738444466,10364,1.1456,0,0
0.44102796306698,10365,1.146,0,0
0.44102854156388,10366,1.1464,0,0
0.44102911993534,10367,1.1468,0,0
0.44102969818138,10368,1.1472,0,0
0.44103027630199,10369,1.1476,0,0
0.44103085429717,10370,1.148,0,0
0.44103143216692,10371,1.1484,0,0
0.44103200991125,10372,1.1488,0,0
0.44103258753015,10373,1.1492,0,0
0.44103316502363,10374,1.1496,0,0
0.44103374239168,10375,1.15,0,0
0.4410343196343,10376,1.1504,0,0
0.4410348967515,10377,1.1508,0,0
0.44103547374328,10378,1.1512,0,0
0.44103605060963,10379,1.1516,0,0
0.44103662735056,10380,1.152,0,0
0.44103720396607,10381,1.1524,0,0
0.44103778045615,10382,1.1528,0,0
0.44103835682082,10383,1.1532,0,0
0.44103893306005,10384,1.1536,0,0
0.44103950917387,10385,1.154,0,0
0.44104008516227,10386,1.1544,0,0
0.44104066102525,10387,1.1548,0,0
0.4410412367628,10388,1.1552,0,0
0.44104181237494,10389,1.1556,0,0
0.44104238786166,10390,1.156,0,0
0.44104296322295,10391,1.1564,0,0
0.44104353845883,10392,1.1568,0,0
0.44104411356929,10393,1.1572,0,0
0.44104468855434,10394,1.1576,0,0
0.44104526341396,10395,1.158,0,0
0.44104583814817,10396,1.1584,0,0
0.44104641275696,10397,1.1588,0,0
0.44104698724033,10398,1.1592,0,0
0.44104756159829,10399,1.1596,0,0
0.44104813583084,10400,1.16,0,0
0.44104870993796,10401,1.1604,0,0
0.44104928391968,10402,1.1608,0,0
0.44104985777597,10403,1.1612,0,0
0.44105043150686,10404,1.1616,0,0
0.44105100511233,10405,1.162,0,0
0.44105157859239,10406,1.1624,0,0
0.44105215194703,10407,1.1628,0,0
0.44105272517626,10408,1.1632,0,0
0.44105329828008,10409,1.1636,0,0
0.44105387125849,10410,1.164,0,0
0.44105444411149,10411,1.1644,0,0
0.44105501683907,10412,1.1648,0,0
0.44105558944125,10413,1.1652,0,0
0.44105616191801,10414,1.1656,0,0
0.44105673426937,10415,1.166,0,0
0.44105730649532,10416,1.1664,0,0
0.44105787859585,10417,1.1668,0,0
0.44105845057098,10418,1.1672,0,0
0.4410590224207,10419,1.1676,0,0
0.44105959414501,10420,1.168,0,0
0.44106016574392,10421,1.1684,0,0
0.44106073721742,10422,1.1688,0,0
0.44106130856551,10423,1.1692,0,0
0.44106187978819,10424,1.1696,0,0
0.44106245088547,10425,1.17,0,0
0.44106302185735,10426,1.1704,0,0
0.44106359270381,10427,1.1708,0,0
0.44106416342488,10428,1.1712,0,0
0.44106473402054,10429,1.1716,0,0
0.44106530449079,10430,1.172,0,0
0.44106587483564,10431,1.1724,0,0
0.44106644505509,10432,1.1728,0,0
0.44106701514914,10433,1.1732,0,0
0.44106758511778,10434,1.1736,0,0
0.44106815496102,10435,1.174,0,0
0.44106872467886,10436,1.1744,0,0
0.4410692942713,10437,1.1748,0,0
0.44106986373834,10438,1.1752,0,0
0.44107043307997,10439,1.1756,0,0
0.44107100229621,10440,1.176,0,0
0.44107157138705,10441,1.1764,0,0
0.44107214035248,10442,1.1768,0,0
0.44107270919252,10443,1.1772,0,0
0.44107327790716,10444,1.1776,0,0
0.44107384649641,10445,1.178,0,0
0.44107441496025,10446,1.1784,0,0
0.4410749832987,10447,1.1788,0,0
0.44107555151175,10448,1.1792,0,0
0.4410761195994,10449,1.1796,0,0
0.44107668756166,10450,1.18,0,0
0.44107725539852,10451,1.1804,0,0
0.44107782310998,10452,1.1808,0,0
0.44107839069605,10453,1.1812,0,0
0.44107895815673,10454,1.1816,0,0
0.44107952549201,10455,1.182,0,0
0.4410800927019,10456,1.1824,0,0
0.44108065978639,10457,1.1828,0,0
0.44108122674549,10458,1.1832,0,0
0.4410817935792,10459,1.1836,0,0
0.44108236028752,10460,1.184,0,0
0.44108292687044,10461,1.1844,0,0
0.44108349332797,10462,1.1848,0,0
0.44108405966011,10463,1.1852,0,0
0.44108462586686,10464,1.1856,0,0
0.44108519194822,10465,1.186,0,0
0.44108575790419,10466,1.1864,0,0
0.44108632373477,10467,1.1868,0,0
0.44108688943996,10468,1.1872,0,0
0.44108745501976,10469,1.1876,0,0
0.44108802047418,10470,1.188,0,0
0.4410885858032,10471,1.1884,0,0
0.44108915100684,10472,1.1888,0,0
0.44108971608509,10473,1.1892,0,0
0.44109028103795,10474,1.1896,0,0
0.44109084586543,10475,1.19,0,0
0.44109141056752,10476,1.1904,0,0
0.44109197514422,10477,1.1908,0,0
0.44109253959554,10478,1.1912,0,0
0.44109310392147,10479,1.1916,0,0
0.44109366812202,10480,1.192,0,0
0.44109423219718,10481,1.1924,0,0
0.44109479614696,10482,1.1928,0,0
0.44109535997136,10483,1.1932,0,0
0.44109592367037,10484,1.1936,0,0
0.441096487244,10485,1.194,0,0
0.44109705069225,10486,1.1944,0,0
0.44109761401512,10487,1.1948,0,0
0.4410981772126,10488,1.1952,0,0
0.4410987402847,10489,1.1956,0,0
0.44109930323142,10490,1.196,0,0
0.44109986605277,10491,1.1964,0,0
0.44110042874873,10492,1.1968,0,0
0.44110099131931,10493,1.1972,0,0
0.44110155376451,10494,1.1976,0,0
0.44110211608433,10495,1.198,0,0
0.44110267827878,10496,1.1984,0,0
0.44110324034785,10497,1.1988,0,0
0.44110380229153,10498,1.1992,0,0
0.44110436410985,10499,1.1996,0,0
0.44110492580278,10500,1.2,0,0
0.44110548737034,10501,1.2004,0,0
0.44110604881252,10502,1.2008,0,0
0.44110661012932,10503,1.2012,0,0
0.44110717132075,10504,1.2016,0,0
0.44110773238681,10505,1.202,0,0
0.44110829332749,10506,1.2024,0,0
0.44110885414279,10507,1.2028,0,0
0.44110941483272,10508,1.2032,0,0
0.44110997539728,10509,1.2036,0,0
0.44111053583646,10510,1.204,0,0
0.44111109615027,10511,1.2044,0,0
0.44111165633871,10512,1.2048,0,0
0.44111221640178,10513,1.2052,0,0
0.44111277633947,10514,1.2056,0,0
0.4411133361518,10515,1.206,0,0
0.44111389583875,10516,1.2064,0,0
0.44111445540033,10517,1.2068,0,0
0.44111501483654,10518,1.2072,0,0
0.44111557414738,10519,1.2076,0,0
0.44111613333285,10520,1.208,0,0
0.44111669239296,10521,1.2084,0,0
0.44111725132769,10522,1.2088,0,0
0.44111781013706,10523,1.2092,0,0
0.44111836882105,10524,1.2096,0,0
0.44111892737968,10525,1.21,0,0
0.44111948581295,10526,1.2104,0,0
0.44112004412084,10527,1.2108,0,0
0.44112060230337,10528,1.2112,0,0
0.44112116036054,10529,1.2116,0,0
0.44112171829233,10530,1.212,0,0
0.44112227609877,10531,1.2124,0,0
0.44112283377983,10532,1.2128,0,0
0.44112339133554,10533,1.2132,0,0
0.44112394876588,10534,1.2136,0,0
0.44112450607085,10535,1.214,0,0
0.44112506325046,10536,1.2144,0,0
0.44112562030471,10537,1.2148,0,0
0.4411261772336,10538,1.2152,0,0
0.44112673403712,10539,1.2156,0,0
0.44112729071528,10540,1.216,0,0
0.44112784726808,10541,1.2164,0,0
0.44112840369552,10542,1.2168,0,0
0.4411289599976,10543,1.2172,0,0
0.44112951617432,10544,1.2176,0,0
0.44113007222568,10545,1.218,0,0
0.44113062815167,10546,1.2184,0,0
0.44113118395231,10547,1.2188,0,0
0.44113173962759,10548,1.2192,0,0
0.44113229517751,10549,1.2196,0,0
0.44113285060208,10550,1.22,0,0
0.44113340590128,10551,1.2204,0,0
0.44113396107513,10552,1.2208,0,0
0.44113451612362,10553,1.2212,0,0
0.44113507104675,10554,1.2216,0,0
0.44113562584453,10555,1.222,0,0
0.44113618051695,10556,1.2224,0,0
0.44113673506402,10557,1.2228,0,0
0.44113728948573,10558,1.2232,0,0
0.44113784378209,10559,1.2236,0,0
0.44113839795309,10560,1.224,0,0
0.44113895199874,10561,1.2244,0,0
0.44113950591903,10562,1.2248,0,0
0.44114005971398,10563,1.2252,0,0
0.44114061338356,10564,1.2256,0,0
0.4411411669278,10565,1.226,0,0
0.44114172034668,10566,1.2264,0,0
0.44114227364022,10567,1.2268,0,0
0.4411428268084,10568,1.2272,0,0
0.44114337985123,10569,1.2276,0,0
0.44114393276871,10570,1.228,0,0
0.44114448556083,10571,1.2284,0,0
0.44114503822761,10572,1.2288,0,0
0.44114559076904,10573,1.2292,0,0
0.44114614318512,10574,1.2296,0,0
0.44114669547585,10575,1.23,0,0
0.44114724764124,10576,1.2304,0,0
0.44114779968127,10577,1.2308,0,0
0.44114835159596,10578,1.2312,0,0
0.4411489033853,10579,1.2316,0,0
0.44114945504929,10580,1.232,0,0
0.44115000658794,10581,1.2324,0,0
0.44115055800124,10582,1.2328,0,0
0.4411511092892,10583,1.2332,0,0
0.44115166045181,10584,1.2336,0,0
0.44115221148907,10585,1.234,0,0
0.44115276240099,10586,1.2344,0,0
0.44115331318757,10587,1.2348,0,0
0.4411538638488,10588,1.2352,0,0
0.44115441438468,10589,1.2356,0,0
0.44115496479523,10590,1.236,0,0
0.44115551508043,10591,1.2364,0,0
0.44115606524029,10592,1.2368,0,0
0.44115661527481,10593,1.2372,0,0
0.44115716518399,10594,1.2376,0,0
0.44115771496782,10595,1.238,0,0
0.44115826462631,10596,1.2384,0,0
0.44115881415947,10597,1.2388,0,0
0.44115936356728,10598,1.2392,0,0
0.44115991284975,10599,1.2396,0,0
0.44116046200689,10600,1.24,0,0
0.44116101103868,10601,1.2404,0,0
0.44116155994514,10602,1.2408,0,0
0.44116210872626,10603,1.2412,0,0
0.44116265738204,10604,1.2416,0,0
0.44116320591248,10605,1.242,0,0
0.44116375431758,10606,1.2424,0,0
0.44116430259735,10607,1.2428,0,0
0.44116485075178,10608,1.2432,0,0
0.44116539878088,10609,1.2436,0,0
0.44116594668464,10610,1.244,0,0
0.44116649446307,10611,1.2444,0,0
0.44116704211616,10612,1.2448,0,0
0.44116758964391,10613,1.2452,0,0
0.44116813704633,10614,1.2456,0,0
0.44116868432342,10615,1.246,0,0
0.44116923147517,10616,1.2464,0,0
0.44116977850159,10617,1.2468,0,0
0.44117032540268,10618,1.2472,0,0
0.44117087217844,10619,1.2476,0,0
0.44117141882886,10620,1.248,0,0
0.44117196535395,10621,1.2484,0,0
0.44117251175371,10622,1.2488,0,0
0.44117305802814,10623,1.2492,0,0
0.44117360417724,10624,1.2496,0,0
0.44117415020101,10625,1.25,0,0
0.44117469609945,10626,1.2504,0,0
0.44117524187256,10627,1.2508,0,0
0.44117578752034,10628,1.2512,0,0
0.44117633304279,10629,1.2516,0,0
0.44117687843992,10630,1.252,0,0
0.44117742371171,10631,1.2524,0,0
0.44117796885818,10632,1.2528,0,0
0.44117851387932,10633,1.2532,0,0
0.44117905877514,10634,1.2536,0,0
0.44117960354562,10635,1.254,0,0
0.44118014819079,10636,1.2544,0,0
0.44118069271062,10637,1.2548,0,0
0.44118123710513,10638,1.2552,0,0
0.44118178137432,10639,1.2556,0,0
0.44118232551818,10640,1.256,0,0
0.44118286953672,10641,1.2564,0,0
0.44118341342993,10642,1.2568,0,0
0.44118395719782,10643,1.2572,0,0
0.44118450084039,10644,1.2576,0,0
0.44118504435763,10645,1.258,0,0
0.44118558774955,10646,1.2584,0,0
0.44118613101615,10647,1.2588,0,0
0.44118667415743,10648,1.2592,0,0
0.44118721717339,10649,1.2596,0,0
0.44118776006402,10650,1.26,0,0
0.44118830282934,10651,1.2604,0,0
0.44118884546933,10652,1.2608,0,0
0.44118938798401,10653,1.2612,0,0
0.44118993037336,10654,1.2616,0,0
0.4411904726374,10655,1.262,0,0
0.44119101477612,10656,1.2624,0,0
0.44119155678952,10657,1.2628,0,0
0.4411920986776,10658,1.2632,0,0
0.44119264044036,10659,1.2636,0,0
0.44119318207781,10660,1.264,0,0
0.44119372358994,10661,1.2644,0,0
0.44119426497675,10662,1.2648,0,0
0.44119480623825,10663,1.2652,0,0
0.44119534737443,10664,1.2656,0,0
0.4411958883853,10665,1.266,0,0
0.44119642927085,10666,1.2664,0,0
0.44119697003108,10667,1.2668,0,0
0.441197510666,10668,1.2672,0,0
0.44119805117561,10669,1.2676,0,0
0.44119859155991,10670,1.268,0,0
0.44119913181889,10671,1.2684,0,0
0.44119967195256,10672,1.2688,0,0
0.44120021196091,10673,1.2692,0,0
0.44120075184396,10674,1.2696,0,0
0.44120129160169,10675,1.27,0,0
0.44120183123411,10676,1.2704,0,0
0.44120237074122,10677,1.2708,0,0
0.44120291012302,10678,1.2712,0,0
0.44120344937951,10679,1.2716,0,0
0.44120398851069,10680,1.272,0,0
0.44120452751656,10681,1.2724,0,0
0.44120506639712,10682,1.2728,0,0
0.44120560515237,10683,1.2732,0,0
0.44120614378231,10684,1.2736,0,0
0.44120668228695,10685,1.274,0,0
0.44120722066627,10686,1.2744,0,0
0.44120775892029,10687,1.2748,0,0
0.44120829704901,10688,1.2752,0,0
0.44120883505241,10689,1.2756,0,0
0.44120937293051,10690,1.276,0,0
0.44120991068331,10691,1.2764,0,0
0.44121044831079,10692,1.2768,0,0
0.44121098581298,10693,1.2772,0,0
0.44121152318986,10694,1.2776,0,0
0.44121206044143,10695,1.278,0,0
0.4412125975677,10696,1.2784,0,0
0.44121313456867,10697,1.2788,0,0
0.44121367144433,10698,1.2792,0,0
0.44121420819469,10699,1.2796,0,0
0.44121474481975,10700,1.28,0,0
0.4412152813195,10701,1.2804,0,0
0.44121581769396,10702,1.2808,0,0
0.44121635394311,10703,1.2812,0,0
0.44121689006696,10704,1.2816,0,0
0.44121742606551,10705,1.282,0,0
0.44121796193876,10706,1.2824,0,0
0.44121849768671,10707,1.2828,0,0
0.44121903330936,10708,1.2832,0,0
0.44121956880671,10709,1.2836,0,0
0.44122010417876,10710,1.284,0,0
0.44122063942551,10711,1.2844,0,0
0.44122117454696,10712,1.2848,0,0
0.44122170954312,10713,1.2852,0,0
0.44122224441398,10714,1.2856,0,0
0.44122277915954,10715,1.286,0,0
0.44122331377981,10716,1.2864,0,0
0.44122384827478,10717,1.2868,0,0
0.44122438264445,10718,1.2872,0,0
0.44122491688882,10719,1.2876,0,0
0.44122545100791,10720,1.288,0,0
0.44122598500169,10721,1.2884,0,0
0.44122651887018,10722,1.2888,0,0
0.44122705261338,10723,1.2892,0,0
0.44122758623129,10724,1.2896,0,0
0.4412281197239,10725,1.29,0,0
0.44122865309121,10726,1.2904,0,0
0.44122918633324,10727,1.2908,0,0
0.44122971944997,10728,1.2912,0,0
0.44123025244141,10729,1.2916,0,0
0.44123078530756,10730,1.292,0,0
0.44123131804841,10731,1.2924,0,0
0.44123185066398,10732,1.2928,0,0
0.44123238315425,10733,1.2932,0,0
0.44123291551924,10734,1.2936,0,0
0.44123344775893,10735,1.294,0,0
0.44123397987334,10736,1.2944,0,0
0.44123451186245,10737,1.2948,0,0
0.44123504372628,10738,1.2952,0,0
0.44123557546482,10739,1.2956,0,0
0.44123610707807,10740,1.296,0,0
0.44123663856603,10741,1.2964,0,0
0.4412371699287,10742,1.2968,0,0
0.44123770116609,10743,1.2972,0,0
0.44123823227819,10744,1.2976,0,0
0.44123876326501,10745,1.298,0,0
0.44123929412654,10746,1.2984,0,0
0.44123982486278,10747,1.2988,0,0
0.44124035547374,10748,1.2992,0,0
0.44124088595941,10749,1.2996,0,0
0.4412414163198,10750,1.3,0,0
0.44124194655491,10751,1.3004,0,0
0.44124247666473,10752,1.3008,0,0
0.44124300664926,10753,1.3012,0,0
0.44124353650852,10754,1.3016,0,0
0.44124406624249,10755,1.302,0,0
0.44124459585118,10756,1.3024,0,0
0.44124512533459,10757,1.3028,0,0
0.44124565469271,10758,1.3032,0,0
0.44124618392556,10759,1.3036,0,0
0.44124671303312,10760,1.304,0,0
0.4412472420154,10761,1.3044,0,0
0.4412477708724,10762,1.3048,0,0
0.44124829960413,10763,1.3052,0,0
0.44124882821057,10764,1.3056,0,0
0.44124935669173,10765,1.306,0,0
0.44124988504762,10766,1.3064,0,0
0.44125041327823,10767,1.3068,0,0
0.44125094138355,10768,1.3072,0,0
0.4412514693636,10769,1.3076,0,0
0.44125199721838,10770,1.308,0,0
0.44125252494788,10771,1.3084,0,0
0.4412530525521,10772,1.3088,0,0
0.44125358003104,10773,1.3092,0,0
0.44125410738471,10774,1.3096,0,0
0.4412546346131,10775,1.31,0,0
0.44125516171622,10776,1.3104,0,0
0.44125568869406,10777,1.3108,0,0
0.44125621554663,10778,1.3112,0,0
0.44125674227392,10779,1.3116,0,0
0.44125726887594,10780,1.312,0,0
0.44125779535268,10781,1.3124,0,0
0.44125832170416,10782,1.3128,0,0
0.44125884793036,10783,1.3132,0,0
0.44125937403129,10784,1.3136,0,0
0.44125990000694,10785,1.314,0,0
0.44126042585733,10786,1.3144,0,0
0.44126095158244,10787,1.3148,0,0
0.44126147718228,10788,1.3152,0,0
0.44126200265685,10789,1.3156,0,0
0.44126252800616,10790,1.316,0,0
0.44126305323019,10791,1.3164,0,0
0.44126357832895,10792,1.3168,0,0
0.44126410330244,10793,1.3172,0,0
0.44126462815067,10794,1.3176,0,0
0.44126515287362,10795,1.318,0,0
0.44126567747131,10796,1.3184,0,0
0.44126620194373,10797,1.3188,0,0
0.44126672629088,10798,1.3192,0,0
0.44126725051277,10799,1.3196,0,0
0.44126777460939,10800,1.32,0,0
0.44126829858074,10801,1.3204,0,0
0.44126882242683,10802,1.3208,0,0
0.44126934614765,10803,1.3212,0,0
0.4412698697432,10804,1.3216,0,0
0.44127039321349,10805,1.322,0,0
0.44127091655852,10806,1.3224,0,0
0.44127143977828,10807,1.3228,0,0
0.44127196287278,10808,1.3232,0,0
0.44127248584202,10809,1.3236,0,0
0.44127300868599,10810,1.324,0,0
0.4412735314047,10811,1.3244,0,0
0.44127405399814,10812,1.3248,0,0
0.44127457646633,10813,1.3252,0,0
0.44127509880925,10814,1.3256,0,0
0.44127562102691,10815,1.326,0,0
0.44127614311931,10816,1.3264,0,0
0.44127666508645,10817,1.3268,0,0
0.44127718692833,10818,1.3272,0,0
0.44127770864495,10819,1.3276,0,0
0.44127823023631,10820,1.328,0,0
0.44127875170241,10821,1.3284,0,0
0.44127927304326,10822,1.3288,0,0
0.44127979425884,10823,1.3292,0,0
0.44128031534917,10824,1.3296,0,0
0.44128083631423,10825,1.33,0,0
0.44128135715404,10826,1.3304,0,0
0.4412818778686,10827,1.3308,0,0
0.44128239845789,10828,1.3312,0,0
0.44128291892193,10829,1.3316,0,0
0.44128343926072,10830,1.332,0,0
0.44128395947425,10831,1.3324,0,0
0.44128447956252,10832,1.3328,0,0
0.44128499952554,10833,1.3332,0,0
0.4412855193633,10834,1.3336,0,0
0.44128603907581,10835,1.334,0,0
0.44128655866306,10836,1.3344,0,0
0.44128707812507,10837,1.3348,0,0
0.44128759746181,10838,1.3352,0,0
0.44128811667331,10839,1.3356,0,0
0.44128863575955,10840,1.336,0,0
0.44128915472054,10841,1.3364,0,0
0.44128967355628,10842,1.3368,0,0
0.44129019226677,10843,1.3372,0,0
0.44129071085201,10844,1.3376,0,0
0.44129122931199,10845,1.338,0,0
0.44129174764673,10846,1.3384,0,0
0.44129226585621,10847,1.3388,0,0
0.44129278394045,10848,1.3392,0,0
0.44129330189944,10849,1.3396,0,0
0.44129381973317,10850,1.34,0,0
0.44129433744166,10851,1.3404,0,0
0.4412948550249,10852,1.3408,0,0
0.44129537248289,10853,1.3412,0,0
0.44129588981564,10854,1.3416,0,0
0.44129640702314,10855,1.342,0,0
0.44129692410539,10856,1.3424,0,0
0.44129744106239,10857,1.3428,0,0
0.44129795789415,10858,1.3432,0,0
0.44129847460066,10859,1.3436,0,0
0.44129899118193,10860,1.344,0,0
0.44129950763795,10861,1.3444,0,0
0.44130002396872,10862,1.3448,0,0
0.44130054017426,10863,1.3452,0,0
0.44130105625455,10864,1.3456,0,0
0.44130157220959,10865,1.346,0,0
0.44130208803939,10866,1.3464,0,0
0.44130260374395,10867,1.3468,0,0
0.44130311932326,10868,1.3472,0,0
0.44130363477734,10869,1.3476,0,0
0.44130415010617,10870,1.348,0,0
0.44130466530976,10871,1.3484,0,0
0.4413051803881,10872,1.3488,0,0
0.44130569534121,10873,1.3492,0,0
0.44130621016908,10874,1.3496,0,0
0.4413067248717,10875,1.35,0,0
0.44130723944909,10876,1.3504,0,0
0.44130775390124,10877,1.3508,0,0
0.44130826822814,10878,1.3512,0,0
0.44130878242981,10879,1.3516,0,0
0.44130929650624,10880,1.352,0,0
0.44130981045743,10881,1.3524,0,0
0.44131032428339,10882,1.3528,0,0
0.4413108379841,10883,1.3532,0,0
0.44131135155958,10884,1.3536,0,0
0.44131186500983,10885,1.354,0,0
0.44131237833483,10886,1.3544,0,0
0.4413128915346,10887,1.3548,0,0
0.44131340460914,10888,1.3552,0,0
0.44131391755844,10889,1.3556,0,0
0.4413144303825,10890,1.356,0,0
0.44131494308133,10891,1.3564,0,0
0.44131545565493,10892,1.3568,0,0
0.44131596810329,10893,1.3572,0,0
0.44131648042641,10894,1.3576,0,0
0.44131699262431,10895,1.358,0,0
0.44131750469697,10896,1.3584,0,0
0.4413180166444,10897,1.3588,0,0
0.44131852846659,10898,1.3592,0,0
0.44131904016356,10899,1.3596,0,0
0.44131955173529,10900,1.36,0,0
0.44132006318179,10901,1.3604,0,0
0.44132057450306,10902,1.3608,0,0
0.44132108569911,10903,1.3612,0,0
0.44132159676992,10904,1.3616,0,0
0.4413221077155,10905,1.362,0,0
0.44132261853585,10906,1.3624,0,0
0.44132312923097,10907,1.3628,0,0
0.44132363980086,10908,1.3632,0,0
0.44132415024553,10909,1.3636,0,0
0.44132466056496,10910,1.364,0,0
0.44132517075917,10911,1.3644,0,0
0.44132568082815,10912,1.3648,0,0
0.44132619077191,10913,1.3652,0,0
0.44132670059043,10914,1.3656,0,0
0.44132721028374,10915,1.366,0,0
0.44132771985181,10916,1.3664,0,0
0.44132822929466,10917,1.3668,0,0
0.44132873861228,10918,1.3672,0,0
0.44132924780468,10919,1.3676,0,0
0.44132975687186,10920,1.368,0,0
0.44133026581381,10921,1.3684,0,0
0.44133077463053,10922,1.3688,0,0
0.44133128332204,10923,1.3692,0,0
0.44133179188832,10924,1.3696,0,0
0.44133230032937,10925,1.37,0,0
0.44133280864521,10926,1.3704,0,0
0.44133331683582,10927,1.3708,0,0
0.44133382490121,10928,1.3712,0,0
0.44133433284138,10929,1.3716,0,0
0.44133484065632,10930,1.372,0,0
0.44133534834605,10931,1.3724,0,0
0.44133585591056,10932,1.3728,0,0
0.44133636334984,10933,1.3732,0,0
0.44133687066391,10934,1.3736,0,0
0.44133737785275,10935,1.374,0,0
0.44133788491638,10936,1.3744,0,0
0.44133839185479,10937,1.3748,0,0
0.44133889866798,10938,1.3752,0,0
0.44133940535595,10939,1.3756,0,0
0.44133991191871,10940,1.376,0,0
0.44134041835624,10941,1.3764,0,0
0.44134092466856,10942,1.3768,0,0
0.44134143085567,10943,1.3772,0,0
0.44134193691755,10944,1.3776,0,0
0.44134244285422,10945,1.378,0,0
0.44134294866568,10946,1.3784,0,0
0.44134345435192,10947,1.3788,0,0
0.44134395991294,10948,1.3792,0,0
0.44134446534875,10949,1.3796,0,0
0.44134497065935,10950,1.38,0,0
0.44134547584473,10951,1.3804,0,0
0.4413459809049,10952,1.3808,0,0
0.44134648583985,10953,1.3812,0,0
0.44134699064959,10954,1.3816,0,0
0.44134749533412,10955,1.382,0,0
0.44134799989344,10956,1.3824,0,0
0.44134850432754,10957,1.3828,0,0
0.44134900863644,10958,1.3832,0,0
0.44134951282012,10959,1.3836,0,0
0.44135001687859,10960,1.384,0,0
0.44135052081185,10961,1.3844,0,0
0.4413510246199,10962,1.3848,0,0
0.44135152830274,10963,1.3852,0,0
0.44135203186037,10964,1.3856,0,0
0.44135253529279,10965,1.386,0,0
0.44135303860001,10966,1.3864,0,0
0.44135354178201,10967,1.3868,0,0
0.44135404483881,10968,1.3872,0,0
0.44135454777039,10969,1.3876,0,0
0.44135505057678,10970,1.388,0,0
0.44135555325795,10971,1.3884,0,0
0.44135605581392,10972,1.3888,0,0
0.44135655824468,10973,1.3892,0,0
0.44135706055023,10974,1.3896,0,0
0.44135756273058,10975,1.39,0,0
0.44135806478572,10976,1.3904,0,0
0.44135856671566,10977,1.3908,0,0
0.44135906852039,10978,1.3912,0,0
0.44135957019992,10979,1.3916,0,0
0.44136007175425,10980,1.392,0,0
0.44136057318337,10981,1.3924,0,0
0.44136107448729,10982,1.3928,0,0
0.441361575666,10983,1.3932,0,0
0.44136207671951,10984,1.3936,0,0
0.44136257764782,10985,1.394,0,0
0.44136307845093,10986,1.3944,0,0
0.44136357912883,10987,1.3948,0,0
0.44136407968154,10988,1.3952,0,0
0.44136458010904,10989,1.3956,0,0
0.44136508041134,10990,1.396,0,0
0.44136558058845,10991,1.3964,0,0
0.44136608064035,10992,1.3968,0,0
0.44136658056705,10993,1.3972,0,0
0.44136708036855,10994,1.3976,0,0
0.44136758004486,10995,1.398,0,0
0.44136807959596,10996,1.3984,0,0
0.44136857902187,10997,1.3988,0,0
0.44136907832258,10998,1.3992,0,0
0.44136957749809,10999,1.3996,0,0
0.4413700765484,11000,1.4,0,0
0.44137057547352,11001,1.4004,0,0
0.44137107427344,11002,1.4008,0,0
0.44137157294817,11003,1.4012,0,0
0.44137207149769,11004,1.4016,0,0
0.44137256992203,11005,1.402,0,0
0.44137306822116,11006,1.4024,0,0
0.44137356639511,11007,1.4028,0,0
0.44137406444385,11008,1.4032,0,0
0.44137456236741,11009,1.4036,0,0
0.44137506016577,11010,1.404,0,0
0.44137555783893,11011,1.4044,0,0
0.44137605538691,11012,1.4048,0,0
0.44137655280969,11013,1.4052,0,0
0.44137705010727,11014,1.4056,0,0
0.44137754727967,11015,1.406,0,0
0.44137804432687,11016,1.4064,0,0
0.44137854124888,11017,1.4068,0,0
0.4413790380457,11018,1.4072,0,0
0.44137953471733,11019,1.4076,0,0
0.44138003126377,11020,1.408,0,0
0.44138052768502,11021,1.4084,0,0
0.44138102398108,11022,1.4088,0,0
0.44138152015195,11023,1.4092,0,0
0.44138201619763,11024,1.4096,0,0
0.44138251211812,11025,1.41,0,0
0.44138300791342,11026,1.4104,0,0
0.44138350358354,11027,1.4108,0,0
0.44138399912846,11028,1.4112,0,0
0.4413844945482,11029,1.4116,0,0
0.44138498984276,11030,1.412,0,0
0.44138548501212,11031,1.4124,0,0
0.4413859800563,11032,1.4128,0,0
0.44138647497529,11033,1.4132,0,0
0.4413869697691,11034,1.4136,0,0
0.44138746443772,11035,1.414,0,0
0.44138795898115,11036,1.4144,0,0
0.44138845339941,11037,1.4148,0,0
0.44138894769247,11038,1.4152,0,0
0.44138944186035,11039,1.4156,0,0
0.44138993590305,11040,1.416,0,0
0.44139042982057,11041,1.4164,0,0
0.4413909236129,11042,1.4168,0,0
0.44139141728005,11043,1.4172,0,0
0.44139191082201,11044,1.4176,0,0
0.4413924042388,11045,1.418,0,0
0.4413928975304,11046,1.4184,0,0
0.44139339069682,11047,1.4188,0,0
0.44139388373806,11048,1.4192,0,0
0.44139437665412,11049,1.4196,0,0
0.441394869445,11050,1.42,0,0
0.4413953621107,11051,1.4204,0,0
0.44139585465121,11052,1.4208,0,0
0.44139634706655,11053,1.4212,0,0
0.44139683935671,11054,1.4216,0,0
0.44139733152169,11055,1.422,0,0
0.4413978235615,11056,1.4224,0,0
0.44139831547612,11057,1.4228,0,0
0.44139880726557,11058,1.4232,0,0
0.44139929892983,11059,1.4236,0,0
0.44139979046893,11060,1.424,0,0
0.44140028188284,11061,1.4244,0,0
0.44140077317158,11062,1.4248,0,0
0.44140126433514,11063,1.4252,0,0
0.44140175537353,11064,1.4256,0,0
0.44140224628674,11065,1.426,0,0
0.44140273707477,11066,1.4264,0,0
0.44140322773763,11067,1.4268,0,0
0.44140371827532,11068,1.4272,0,0
0.44140420868783,11069,1.4276,0,0
0.44140469897517,11070,1.428,0,0
0.44140518913734,11071,1.4284,0,0
0.44140567917433,11072,1.4288,0,0
0.44140616908615,11073,1.4292,0,0
0.44140665887279,11074,1.4296,0,0
0.44140714853427,11075,1.43,0,0
0.44140763807057,11076,1.4304,0,0
0.4414081274817,11077,1.4308,0,0
0.44140861676766,11078,1.4312,0,0
0.44140910592845,11079,1.4316,0,0
0.44140959496407,11080,1.432,0,0
0.44141008387451,11081,1.4324,0,0
0.44141057265979,11082,1.4328,0,0
0.4414110613199,11083,1.4332,0,0
0.44141154985484,11084,1.4336,0,0
0.44141203826461,11085,1.434,0,0
0.44141252654921,11086,1.4344,0,0
0.44141301470865,11087,1.4348,0,0
0.44141350274291,11088,1.4352,0,0
0.44141399065201,11089,1.4356,0,0
0.44141447843594,11090,1.436,0,0
0.44141496609471,11091,1.4364,0,0
0.4414154536283,11092,1.4368,0,0
0.44141594103673,11093,1.4372,0,0
0.44141642832,11094,1.4376,0,0
0.4414169154781,11095,1.438,0,0
0.44141740251103,11096,1.4384,0,0
0.4414178894188,11097,1.4388,0,0
0.44141837620141,11098,1.4392,0,0
0.44141886285885,11099,1.4396,0,0
0.44141934939113,11100,1.44,0,0
0.44141983579824,11101,1.4404,0,0
0.44142032208019,11102,1.4408,0,0
0.44142080823698,11103,1.4412,0,0
0.4414212942686,11104,1.4416,0,0
0.44142178017507,11105,1.442,0,0
0.44142226595637,11106,1.4424,0,0
0.44142275161251,11107,1.4428,0,0
0.44142323714348,11108,1.4432,0,0
0.4414237225493,11109,1.4436,0,0
0.44142420782996,11110,1.444,0,0
0.44142469298545,11111,1.4444,0,0
0.44142517801579,11112,1.4448,0,0
0.44142566292097,11113,1.4452,0,0
0.44142614770098,11114,1.4456,0,0
0.44142663235584,11115,1.446,0,0
0.44142711688554,11116,1.4464,0,0
0.44142760129008,11117,1.4468,0,0
0.44142808556946,11118,1.4472,0,0
0.44142856972369,11119,1.4476,0,0
0.44142905375276,11120,1.448,0,0
0.44142953765667,11121,1.4484,0,0
0.44143002143542,11122,1.4488,0,0
0.44143050508902,11123,1.4492,0,0
0.44143098861746,11124,1.4496,0,0
0.44143147202075,11125,1.45,0,0
0.44143195529888,11126,1.4504,0,0
0.44143243845186,11127,1.4508,0,0
0.44143292147968,11128,1.4512,0,0
0.44143340438235,11129,1.4516,0,0
0.44143388715986,11130,1.452,0,0
0.44143436981222,11131,1.4524,0,0
0.44143485233942,11132,1.4528,0,0
0.44143533474148,11133,1.4532,0,0
0.44143581701838,11134,1.4536,0,0
0.44143629917012,11135,1.454,0,0
0.44143678119672,11136,1.4544,0,0
0.44143726309816,11137,1.4548,0,0
0.44143774487445,11138,1.4552,0,0
0.44143822652559,11139,1.4556,0,0
0.44143870805158,11140,1.456,0,0
0.44143918945242,11141,1.4564,0,0
0.44143967072811,11142,1.4568,0,0
0.44144015187865,11143,1.4572,0,0
0.44144063290404,11144,1.4576,0,0
0.44144111380429,11145,1.458,0,0
0.44144159457938,11146,1.4584,0,0
0.44144207522932,11147,1.4588,0,0
0.44144255575412,11148,1.4592,0,0
0.44144303615376,11149,1.4596,0,0
0.44144351642826,11150,1.46,0,0
0.44144399657762,11151,1.4604,0,0
0.44144447660182,11152,1.4608,0,0
0.44144495650088,11153,1.4612,0,0
0.4414454362748,11154,1.4616,0,0
0.44144591592356,11155,1.462,0,0
0.44144639544719,11156,1.4624,0,0
0.44144687484566,11157,1.4628,0,0
0.44144735411899,11158,1.4632,0,0
0.44144783326718,11159,1.4636,0,0
0.44144831229022,11160,1.464,0,0
0.44144879118812,11161,1.4644,0,0
0.44144926996088,11162,1.4648,0,0
0.44144974860849,11163,1.4652,0,0
0.44145022713096,11164,1.4656,0,0
0.44145070552829,11165,1.466,0,0
0.44145118380047,11166,1.4664,0,0
0.44145166194751,11167,1.4668,0,0
0.44145213996941,11168,1.4672,0,0
0.44145261786617,11169,1.4676,0,0
0.44145309563779,11170,1.468,0,0
0.44145357328427,11171,1.4684,0,0
0.4414540508056,11172,1.4688,0,0
0.4414545282018,11173,1.4692,0,0
0.44145500547286,11174,1.4696,0,0
0.44145548261877,11175,1.47,0,0
0.44145595963955,11176,1.4704,0,0
0.44145643653519,11177,1.4708,0,0
0.44145691330569,11178,1.4712,0,0
0.44145738995106,11179,1.4716,0,0
0.44145786647128,11180,1.472,0,0
0.44145834286637,11181,1.4724,0,0
0.44145881913632,11182,1.4728,0,0
0.44145929528113,11183,1.4732,0,0
0.44145977130081,11184,1.4736,0,0
0.44146024719535,11185,1.474,0,0
0.44146072296476,11186,1.4744,0,0
0.44146119860903,11187,1.4748,0,0
0.44146167412816,11188,1.4752,0,0
0.44146214952216,11189,1.4756,0,0
0.44146262479102,11190,1.476,0,0
0.44146309993475,11191,1.4764,0,0
0.44146357495335,11192,1.4768,0,0
0.44146404984681,11193,1.4772,0,0
0.44146452461514,11194,1.4776,0,0
0.44146499925834,11195,1.478,0,0
0.44146547377641,11196,1.4784,0,0
0.44146594816934,11197,1.4788,0,0
0.44146642243714,11198,1.4792,0,0
0.4414668965798,11199,1.4796,0,0
0.44146737059734,11200,1.48,0,0
0.44146784448975,11201,1.4804,0,0
0.44146831825702,11202,1.4808,0,0
0.44146879189917,11203,1.4812,0,0
0.44146926541618,11204,1.4816,0,0
0.44146973880807,11205,1.482,0,0
0.44147021207482,11206,1.4824,0,0
0.44147068521645,11207,1.4828,0,0
0.44147115823295,11208,1.4832,0,0
0.44147163112431,11209,1.4836,0,0
0.44147210389055,11210,1.484,0,0
0.44147257653167,11211,1.4844,0,0
0.44147304904765,11212,1.4848,0,0
0.44147352143851,11213,1.4852,0,0
0.44147399370424,11214,1.4856,0,0
0.44147446584485,11215,1.486,0,0
0.44147493786033,11216,1.4864,0,0
0.44147540975068,11217,1.4868,0,0
0.44147588151591,11218,1.4872,0,0
0.44147635315601,11219,1.4876,0,0
0.44147682467098,11220,1.488,0,0
0.44147729606084,11221,1.4884,0,0
0.44147776732556,11222,1.4888,0,0
0.44147823846517,11223,1.4892,0,0
0.44147870947965,11224,1.4896,0,0
0.441479180369,11225,1.49,0,0
0.44147965113324,11226,1.4904,0,0
0.44148012177235,11227,1.4908,0,0
0.44148059228634,11228,1.4912,0,0
0.4414810626752,11229,1.4916,0,0
0.44148153293895,11230,1.492,0,0
0.44148200307757,11231,1.4924,0,0
0.44148247309107,11232,1.4928,0,0
0.44148294297946,11233,1.4932,0,0
0.44148341274272,11234,1.4936,0,0
0.44148388238086,11235,1.494,0,0
0.44148435189388,11236,1.4944,0,0
0.44148482128178,11237,1.4948,0,0
0.44148529054456,11238,1.4952,0,0
0.44148575968222,11239,1.4956,0,0
0.44148622869477,11240,1.496,0,0
0.4414866975822,11241,1.4964,0,0
0.4414871663445,11242,1.4968,0,0
0.44148763498169,11243,1.4972,0,0
0.44148810349377,11244,1.4976,0,0
0.44148857188072,11245,1.498,0,0
0.44148904014256,11246,1.4984,0,0
0.44148950827929,11247,1.4988,0,0
0.44148997629089,11248,1.4992,0,0
0.44149044417739,11249,1.4996,0,0
0.44149091193876,11250,1.5,0,0
0.44149137957502,11251,1.5004,0,0
0.44149184708617,11252,1.5008,0,0
0.4414923144722,11253,1.5012,0,0
0.44149278173312,11254,1.5016,0,0
0.44149324886892,11255,1.502,0,0
0.44149371587961,11256,1.5024,0,0
0.44149418276519,11257,1.5028,0,0
0.44149464952565,11258,1.5032,0,0
0.44149511616101,11259,1.5036,0,0
0.44149558267125,11260,1.504,0,0
0.44149604905637,11261,1.5044,0,0
0.44149651531639,11262,1.5048,0,0
0.44149698145129,11263,1.5052,0,0
0.44149744746109,11264,1.5056,0,0
0.44149791334577,11265,1.506,0,0
0.44149837910534,11266,1.5064,0,0
0.4414988447398,11267,1.5068,0,0
0.44149931024916,11268,1.5072,0,0
0.4414997756334,11269,1.5076,0,0
0.44150024089253,11270,1.508,0,0
0.44150070602656,11271,1.5084,0,0
0.44150117103548,11272,1.5088,0,0
0.44150163591929,11273,1.5092,0,0
0.44150210067799,11274,1.5096,0,0
0.44150256531158,11275,1.51,0,0
0.44150302982007,11276,1.5104,0,0
0.44150349420345,11277,1.5108,0,0
0.44150395846172,11278,1.5112,0,0
0.44150442259489,11279,1.5116,0,0
0.44150488660295,11280,1.512,0,0
0.4415053504859,11281,1.5124,0,0
0.44150581424375,11282,1.5128,0,0
0.4415062778765,11283,1.5132,0,0
0.44150674138414,11284,1.5136,0,0
0.44150720476667,11285,1.514,0,0
0.4415076680241,11286,1.5144,0,0
0.44150813115643,11287,1.5148,0,0
0.44150859416366,11288,1.5152,0,0
0.44150905704578,11289,1.5156,0,0
0.4415095198028,11290,1.516,0,0
0.44150998243471,11291,1.5164,0,0
0.44151044494153,11292,1.5168,0,0
0.44151090732324,11293,1.5172,0,0
0.44151136957985,11294,1.5176,0,0
0.44151183171136,11295,1.518,0,0
0.44151229371777,11296,1.5184,0,0
0.44151275559907,11297,1.5188,0,0
0.44151321735528,11298,1.5192,0,0
0.44151367898639,11299,1.5196,0,0
0.4415141404924,11300,1.52,0,0
0.4415146018733,11301,1.5204,0,0
0.44151506312911,11302,1.5208,0,0
0.44151552425982,11303,1.5212,0,0
0.44151598526544,11304,1.5216,0,0
0.44151644614595,11305,1.522,0,0
0.44151690690137,11306,1.5224,0,0
0.44151736753168,11307,1.5228,0,0
0.44151782803691,11308,1.5232,0,0
0.44151828841703,11309,1.5236,0,0
0.44151874867206,11310,1.524,0,0
0.44151920880199,11311,1.5244,0,0
0.44151966880683,11312,1.5248,0,0
0.44152012868657,11313,1.5252,0,0
0.44152058844121,11314,1.5256,0,0
0.44152104807076,11315,1.526,0,0
0.44152150757522,11316,1.5264,0,0
0.44152196695458,11317,1.5268,0,0
0.44152242620885,11318,1.5272,0,0
0.44152288533802,11319,1.5276,0,0
0.4415233443421,11320,1.528,0,0
0.44152380322108,11321,1.5284,0,0
0.44152426197498,11322,1.5288,0,0
0.44152472060378,11323,1.5292,0,0
0.44152517910749,11324,1.5296,0,0
0.44152563748611,11325,1.53,0,0
0.44152609573963,11326,1.5304,0,0
0.44152655386807,11327,1.5308,0,0
0.44152701187141,11328,1.5312,0,0
0.44152746974966,11329,1.5316,0,0
0.44152792750282,11330,1.532,0,0
0.4415283851309,11331,1.5324,0,0
0.44152884263388,11332,1.5328,0,0
0.44152930001177,11333,1.5332,0,0
0.44152975726458,11334,1.5336,0,0
0.44153021439229,11335,1.534,0,0
0.44153067139492,11336,1.5344,0,0
0.44153112827246,11337,1.5348,0,0
0.44153158502491,11338,1.5352,0,0
0.44153204165227,11339,1.5356,0,0
0.44153249815455,11340,1.536,0,0
0.44153295453174,11341,1.5364,0,0
0.44153341078384,11342,1.5368,0,0
0.44153386691086,11343,1.5372,0,0
0.44153432291279,11344,1.5376,0,0
0.44153477878963,11345,1.538,0,0
0.44153523454139,11346,1.5384,0,0
0.44153569016807,11347,1.5388,0,0
0.44153614566965,11348,1.5392,0,0
0.44153660104616,11349,1.5396,0,0
0.44153705629758,11350,1.54,0,0
0.44153751142392,11351,1.5404,0,0
0.44153796642517,11352,1.5408,0,0
0.44153842130134,11353,1.5412,0,0
0.44153887605243,11354,1.5416,0,0
0.44153933067843,11355,1.542,0,0
0.44153978517936,11356,1.5424,0,0
0.4415402395552,11357,1.5428,0,0
0.44154069380595,11358,1.5432,0,0
0.44154114793163,11359,1.5436,0,0
0.44154160193223,11360,1.544,0,0
0.44154205580774,11361,1.5444,0,0
0.44154250955818,11362,1.5448,0,0
0.44154296318353,11363,1.5452,0,0
0.44154341668381,11364,1.5456,0,0
0.441543870059,11365,1.546,0,0
0.44154432330912,11366,1.5464,0,0
0.44154477643416,11367,1.5468,0,0
0.44154522943412,11368,1.5472,0,0
0.441545682309,11369,1.5476,0,0
0.4415461350588,11370,1.548,0,0
0.44154658768352,11371,1.5484,0,0
0.44154704018317,11372,1.5488,0,0
0.44154749255774,11373,1.5492,0,0
0.44154794480724,11374,1.5496,0,0
0.44154839693165,11375,1.55,0,0
0.44154884893099,11376,1.5504,0,0
0.44154930080526,11377,1.5508,0,0
0.44154975255445,11378,1.5512,0,0
0.44155020417856,11379,1.5516,0,0
0.4415506556776,11380,1.552,0,0
0.44155110705157,11381,1.5524,0,0
0.44155155830046,11382,1.5528,0,0
0.44155200942427,11383,1.5532,0,0
0.44155246042302,11384,1.5536,0,0
0.44155291129668,11385,1.554,0,0
0.44155336204528,11386,1.5544,0,0
0.4415538126688,11387,1.5548,0,0
0.44155426316726,11388,1.5552,0,0
0.44155471354063,11389,1.5556,0,0
0.44155516378894,11390,1.556,0,0
0.44155561391218,11391,1.5564,0,0
0.44155606391034,11392,1.5568,0,0
0.44155651378343,11393,1.5572,0,0
0.44155696353146,11394,1.5576,0,0
0.44155741315441,11395,1.558,0,0
0.44155786265229,11396,1.5584,0,0
0.4415583120251,11397,1.5588,0,0
0.44155876127284,11398,1.5592,0,0
0.44155921039552,11399,1.5596,0,0
0.44155965939312,11400,1.56,0,0
0.44156010826566,11401,1.5604,0,0
0.44156055701313,11402,1.5608,0,0
0.44156100563553,11403,1.5612,0,0
0.44156145413286,11404,1.5616,0,0
0.44156190250512,11405,1.562,0,0
0.44156235075232,11406,1.5624,0,0
0.44156279887445,11407,1.5628,0,0
0.44156324687152,11408,1.5632,0,0
0.44156369474352,11409,1.5636,0,0
0.44156414249045,11410,1.564,0,0
0.44156459011232,11411,1.5644,0,0
0.44156503760912,11412,1.5648,0,0
0.44156548498086,11413,1.5652,0,0
0.44156593222753,11414,1.5656,0,0
0.44156637934914,11415,1.566,0,0
0.44156682634569,11416,1.5664,0,0
0.44156727321717,11417,1.5668,0,0
0.44156771996358,11418,1.5672,0,0
0.44156816658494,11419,1.5676,0,0
0.44156861308123,11420,1.568,0,0
0.44156905945246,11421,1.5684,0,0
0.44156950569863,11422,1.5688,0,0
0.44156995181973,11423,1.5692,0,0
0.44157039781578,11424,1.5696,0,0
0.44157084368676,11425,1.57,0,0
0.44157128943268,11426,1.5704,0,0
0.44157173505354,11427,1.5708,0,0
0.44157218054934,11428,1.5712,0,0
0.44157262592008,11429,1.5716,0,0
0.44157307116576,11430,1.572,0,0
0.44157351628639,11431,1.5724,0,0
0.44157396128195,11432,1.5728,0,0
0.44157440615245,11433,1.5732,0,0
0.4415748508979,11434,1.5736,0,0
0.44157529551828,11435,1.574,0,0
0.44157574001361,11436,1.5744,0,0
0.44157618438388,11437,1.5748,0,0
0.4415766286291,11438,1.5752,0,0
0.44157707274925,11439,1.5756,0,0
0.44157751674435,11440,1.576,0,0
0.4415779606144,11441,1.5764,0,0
0.44157840435938,11442,1.5768,0,0
0.44157884797931,11443,1.5772,0,0
0.44157929147419,11444,1.5776,0,0
0.44157973484401,11445,1.578,0,0
0.44158017808878,11446,1.5784,0,0
0.44158062120849,11447,1.5788,0,0
0.44158106420314,11448,1.5792,0,0
0.44158150707275,11449,1.5796,0,0
0.4415819498173,11450,1.58,0,0
0.44158239243679,11451,1.5804,0,0
0.44158283493123,11452,1.5808,0,0
0.44158327730062,11453,1.5812,0,0
0.44158371954496,11454,1.5816,0,0
0.44158416166425,11455,1.582,0,0
0.44158460365848,11456,1.5824,0,0
0.44158504552766,11457,1.5828,0,0
0.44158548727179,11458,1.5832,0,0
0.44158592889087,11459,1.5836,0,0
0.4415863703849,11460,1.584,0,0
0.44158681175388,11461,1.5844,0,0
0.4415872529978,11462,1.5848,0,0
0.44158769411668,11463,1.5852,0,0
0.44158813511051,11464,1.5856,0,0
0.44158857597929,11465,1.586,0,0
0.44158901672302,11466,1.5864,0,0
0.4415894573417,11467,1.5868,0,0
0.44158989783533,11468,1.5872,0,0
0.44159033820392,11469,1.5876,0,0
0.44159077844745,11470,1.588,0,0
0.44159121856594,11471,1.5884,0,0
0.44159165855939,11472,1.5888,0,0
0.44159209842778,11473,1.5892,0,0
0.44159253817113,11474,1.5896,0,0
0.44159297778944,11475,1.59,0,0
0.44159341728269,11476,1.5904,0,0
0.4415938566509,11477,1.5908,0,0
0.44159429589407,11478,1.5912,0,0
0.44159473501219,11479,1.5916,0,0
0.44159517400527,11480,1.592,0,0
0.4415956128733,11481,1.5924,0,0
0.44159605161629,11482,1.5928,0,0
0.44159649023423,11483,1.5932,0,0
0.44159692872713,11484,1.5936,0,0
0.44159736709499,11485,1.594,0,0
0.4415978053378,11486,1.5944,0,0
0.44159824345557,11487,1.5948,0,0
0.4415986814483,11488,1.5952,0,0
0.44159911931599,11489,1.5956,0,0
0.44159955705863,11490,1.596,0,0
0.44159999467623,11491,1.5964,0,0
0.4416004321688,11492,1.5968,0,0
0.44160086953632,11493,1.5972,0,0
0.4416013067788,11494,1.5976,0,0
0.44160174389624,11495,1.598,0,0
0.44160218088864,11496,1.5984,0,0
0.441602617756,11497,1.5988,0,0
0.44160305449832,11498,1.5992,0,0
0.4416034911156,11499,1.5996,0,0
0.44160392760784,11500,1.6,0,0
0.44160436397505,11501,1.6004,0,0
0.44160480021721,11502,1.6008,0,0
0.44160523633434,11503,1.6012,0,0
0.44160567232643,11504,1.6016,0,0
0.44160610819349,11505,1.602,0,0
0.4416065439355,11506,1.6024,0,0
0.44160697955248,11507,1.6028,0,0
0.44160741504442,11508,1.6032,0,0
0.44160785041133,11509,1.6036,0,0
0.4416082856532,11510,1.604,0,0
0.44160872077004,11511,1.6044,0,0
0.44160915576184,11512,1.6048,0,0
0.4416095906286,11513,1.6052,0,0
0.44161002537033,11514,1.6056,0,0
0.44161045998703,11515,1.606,0,0
0.44161089447869,11516,1.6064,0,0
0.44161132884532,11517,1.6068,0,0
0.44161176308691,11518,1.6072,0,0
0.44161219720347,11519,1.6076,0,0
0.441612631195,11520,1.608,0,0
0.4416130650615,11521,1.6084,0,0
0.44161349880296,11522,1.6088,0,0
0.44161393241939,11523,1.6092,0,0
0.44161436591079,11524,1.6096,0,0
0.44161479927716,11525,1.61,0,0
0.44161523251849,11526,1.6104,0,0
0.4416156656348,11527,1.6108,0,0
0.44161609862607,11528,1.6112,0,0
0.44161653149232,11529,1.6116,0,0
0.44161696423353,11530,1.612,0,0
0.44161739684972,11531,1.6124,0,0
0.44161782934087,11532,1.6128,0,0
0.441618261707,11533,1.6132,0,0
0.4416186939481,11534,1.6136,0,0
0.44161912606417,11535,1.614,0,0
0.44161955805521,11536,1.6144,0,0
0.44161998992122,11537,1.6148,0,0
0.4416204216622,11538,1.6152,0,0
0.44162085327816,11539,1.6156,0,0
0.44162128476909,11540,1.616,0,0
0.441621716135,11541,1.6164,0,0
0.44162214737587,11542,1.6168,0,0
0.44162257849173,11543,1.6172,0,0
0.44162300948255,11544,1.6176,0,0
0.44162344034835,11545,1.618,0,0
0.44162387108912,11546,1.6184,0,0
0.44162430170487,11547,1.6188,0,0
0.4416247321956,11548,1.6192,0,0
0.4416251625613,11549,1.6196,0,0
0.44162559280197,11550,1.62,0,0
0.44162602291763,11551,1.6204,0,0
0.44162645290826,11552,1.6208,0,0
0.44162688277386,11553,1.6212,0,0
0.44162731251444,11554,1.6216,0,0
0.44162774213,11555,1.622,0,0
0.44162817162054,11556,1.6224,0,0
0.44162860098605,11557,1.6228,0,0
0.44162903022655,11558,1.6232,0,0
0.44162945934202,11559,1.6236,0,0
0.44162988833247,11560,1.624,0,0
0.4416303171979,11561,1.6244,0,0
0.44163074593831,11562,1.6248,0,0
0.44163117455369,11563,1.6252,0,0
0.44163160304406,11564,1.6256,0,0
0.44163203140941,11565,1.626,0,0
0.44163245964974,11566,1.6264,0,0
0.44163288776505,11567,1.6268,0,0
0.44163331575534,11568,1.6272,0,0
0.44163374362061,11569,1.6276,0,0
0.44163417136086,11570,1.628,0,0
0.4416345989761,11571,1.6284,0,0
0.44163502646632,11572,1.6288,0,0
0.44163545383152,11573,1.6292,0,0
0.4416358810717,11574,1.6296,0,0
0.44163630818687,11575,1.63,0,0
0.44163673517702,11576,1.6304,0,0
0.44163716204215,11577,1.6308,0,0
0.44163758878227,11578,1.6312,0,0
0.44163801539737,11579,1.6316,0,0
0.44163844188745,11580,1.632,0,0
0.44163886825253,11581,1.6324,0,0
0.44163929449258,11582,1.6328,0,0
0.44163972060762,11583,1.6332,0,0
0.44164014659765,11584,1.6336,0,0
0.44164057246266,11585,1.634,0,0
0.44164099820266,11586,1.6344,0,0
0.44164142381765,11587,1.6348,0,0
0.44164184930762,11588,1.6352,0,0
0.44164227467258,11589,1.6356,0,0
0.44164269991253,11590,1.636,0,0
0.44164312502746,11591,1.6364,0,0
0.44164355001738,11592,1.6368,0,0
0.4416439748823,11593,1.6372,0,0
0.44164439962219,11594,1.6376,0,0
0.44164482423708,11595,1.638,0,0
0.44164524872696,11596,1.6384,0,0
0.44164567309183,11597,1.6388,0,0
0.44164609733169,11598,1.6392,0,0
0.44164652144653,11599,1.6396,0,0
0.44164694543637,11600,1.64,0,0
0.4416473693012,11601,1.6404,0,0
0.44164779304102,11602,1.6408,0,0
0.44164821665583,11603,1.6412,0,0
0.44164864014563,11604,1.6416,0,0
0.44164906351042,11605,1.642,0,0
0.4416494867502,11606,1.6424,0,0
0.44164990986498,11607,1.6428,0,0
0.44165033285475,11608,1.6432,0,0
0.44165075571951,11609,1.6436,0,0
0.44165117845927,11610,1.644,0,0
0.44165160107402,11611,1.6444,0,0
0.44165202356376,11612,1.6448,0,0
0.4416524459285,11613,1.6452,0,0
0.44165286816823,11614,1.6456,0,0
0.44165329028296,11615,1.646,0,0
0.44165371227268,11616,1.6464,0,0
0.44165413413739,11617,1.6468,0,0
0.44165455587711,11618,1.6472,0,0
0.44165497749181,11619,1.6476,0,0
0.44165539898152,11620,1.648,0,0
0.44165582034622,11621,1.6484,0,0
0.44165624158591,11622,1.6488,0,0
0.4416566627006,11623,1.6492,0,0
0.44165708369029,11624,1.6496,0,0
0.44165750455498,11625,1.65,0,0
0.44165792529467,11626,1.6504,0,0
0.44165834590935,11627,1.6508,0,0
0.44165876639903,11628,1.6512,0,0
0.44165918676371,11629,1.6516,0,0
0.44165960700339,11630,1.652,0,0
0.44166002711807,11631,1.6524,0,0
0.44166044710775,11632,1.6528,0,0
0.44166086697243,11633,1.6532,0,0
0.4416612867121,11634,1.6536,0,0
0.44166170632678,11635,1.654,0,0
0.44166212581646,11636,1.6544,0,0
0.44166254518114,11637,1.6548,0,0
0.44166296442082,11638,1.6552,0,0
0.4416633835355,11639,1.6556,0,0
0.44166380252518,11640,1.656,0,0
0.44166422138987,11641,1.6564,0,0
0.44166464012956,11642,1.6568,0,0
0.44166505874425,11643,1.6572,0,0
0.44166547723394,11644,1.6576,0,0
0.44166589559864,11645,1.658,0,0
0.44166631383834,11646,1.6584,0,0
0.44166673195304,11647,1.6588,0,0
0.44166714994275,11648,1.6592,0,0
0.44166756780746,11649,1.6596,0,0
0.44166798554717,11650,1.66,0,0
0.4416684031619,11651,1.6604,0,0
0.44166882065162,11652,1.6608,0,0
0.44166923801635,11653,1.6612,0,0
0.44166965525609,11654,1.6616,0,0
0.44167007237083,11655,1.662,0,0
0.44167048936058,11656,1.6624,0,0
0.44167090622534,11657,1.6628,0,0
0.4416713229651,11658,1.6632,0,0
0.44167173957987,11659,1.6636,0,0
0.44167215606965,11660,1.664,0,0
0.44167257243443,11661,1.6644,0,0
0.44167298867423,11662,1.6648,0,0
0.44167340478903,11663,1.6652,0,0
0.44167382077884,11664,1.6656,0,0
0.44167423664366,11665,1.666,0,0
0.44167465238348,11666,1.6664,0,0
0.44167506799832,11667,1.6668,0,0
0.44167548348817,11668,1.6672,0,0
0.44167589885302,11669,1.6676,0,0
0.44167631409289,11670,1.668,0,0
0.44167672920776,11671,1.6684,0,0
0.44167714419765,11672,1.6688,0,0
0.44167755906255,11673,1.6692,0,0
0.44167797380246,11674,1.6696,0,0
0.44167838841738,11675,1.67,0,0
0.44167880290732,11676,1.6704,0,0
0.44167921727226,11677,1.6708,0,0
0.44167963151222,11678,1.6712,0,0
0.44168004562719,11679,1.6716,0,0
0.44168045961717,11680,1.672,0,0
0.44168087348217,11681,1.6724,0,0
0.44168128722218,11682,1.6728,0,0
0.44168170083721,11683,1.6732,0,0
0.44168211432724,11684,1.6736,0,0
0.4416825276923,11685,1.674,0,0
0.44168294093236,11686,1.6744,0,0
0.44168335404745,11687,1.6748,0,0
0.44168376703755,11688,1.6752,0,0
0.44168417990266,11689,1.6756,0,0
0.44168459264279,11690,1.676,0,0
0.44168500525793,11691,1.6764,0,0
0.44168541774809,11692,1.6768,0,0
0.44168583011327,11693,1.6772,0,0
0.44168624235347,11694,1.6776,0,0
0.44168665446868,11695,1.678,0,0
0.44168706645891,11696,1.6784,0,0
0.44168747832416,11697,1.6788,0,0
0.44168789006442,11698,1.6792,0,0
0.44168830167971,11699,1.6796,0,0
0.44168871317001,11700,1.68,0,0
0.44168912453533,11701,1.6804,0,0
0.44168953577567,11702,1.6808,0,0
0.44168994689103,11703,1.6812,0,0
0.44169035788141,11704,1.6816,0,0
0.44169076874681,11705,1.682,0,0
0.44169117948723,11706,1.6824,0,0
0.44169159010267,11707,1.6828,0,0
0.44169200059313,11708,1.6832,0,0
0.44169241095861,11709,1.6836,0,0
0.44169282119912,11710,1.684,0,0
0.44169323131464,11711,1.6844,0,0
0.44169364130519,11712,1.6848,0,0
0.44169405117076,11713,1.6852,0,0
0.44169446091135,11714,1.6856,0,0
0.44169487052696,11715,1.686,0,0
0.4416952800176,11716,1.6864,0,0
0.44169568938326,11717,1.6868,0,0
0.44169609862395,11718,1.6872,0,0
0.44169650773965,11719,1.6876,0,0
0.44169691673039,11720,1.688,0,0
0.44169732559614,11721,1.6884,0,0
0.44169773433693,11722,1.6888,0,0
0.44169814295273,11723,1.6892,0,0
0.44169855144356,11724,1.6896,0,0
0.44169895980942,11725,1.69,0,0
0.4416993680503,11726,1.6904,0,0
0.44169977616621,11727,1.6908,0,0
0.44170018415715,11728,1.6912,0,0
0.44170059202311,11729,1.6916,0,0
0.4417009997641,11730,1.692,0,0
0.44170140738012,11731,1.6924,0,0
0.44170181487116,11732,1.6928,0,0
0.44170222223723,11733,1.6932,0,0
0.44170262947833,11734,1.6936,0,0
0.44170303659446,11735,1.694,0,0
0.44170344358561,11736,1.6944,0,0
0.4417038504518,11737,1.6948,0,0
0.44170425719301,11738,1.6952,0,0
0.44170466380926,11739,1.6956,0,0
0.44170507030053,11740,1.696,0,0
0.44170547666683,11741,1.6964,0,0
0.44170588290817,11742,1.6968,0,0
0.44170628902453,11743,1.6972,0,0
0.44170669501593,11744,1.6976,0,0
0.44170710088235,11745,1.698,0,0
0.44170750662381,11746,1.6984,0,0
0.4417079122403,11747,1.6988,0,0
0.44170831773182,11748,1.6992,0,0
0.44170872309837,11749,1.6996,0,0
0.44170912833996,11750,1.7,0,0
0.44170953345657,11751,1.7004,0,0
0.44170993844822,11752,1.7008,0,0
0.44171034331491,11753,1.7012,0,0
0.44171074805663,11754,1.7016,0,0
0.44171115267338,11755,1.702,0,0
0.44171155716516,11756,1.7024,0,0
0.44171196153198,11757,1.7028,0,0
0.44171236577384,11758,1.7032,0,0
0.44171276989072,11759,1.7036,0,0
0.44171317388265,11760,1.704,0,0
0.44171357774961,11761,1.7044,0,0
0.4417139814916,11762,1.7048,0,0
0.44171438510864,11763,1.7052,0,0
0.4417147886007,11764,1.7056,0,0
0.44171519196781,11765,1.706,0,0
0.44171559520995,11766,1.7064,0,0
0.44171599832713,11767,1.7068,0,0
0.44171640131934,11768,1.7072,0,0
0.44171680418659,11769,1.7076,0,0
0.44171720692888,11770,1.708,0,0
0.44171760954621,11771,1.7084,0,0
0.44171801203858,11772,1.7088,0,0
0.44171841440599,11773,1.7092,0,0
0.44171881664843,11774,1.7096,0,0
0.44171921876592,11775,1.71,0,0
0.44171962075844,11776,1.7104,0,0
0.441720022626,11777,1.7108,0,0
0.44172042436861,11778,1.7112,0,0
0.44172082598625,11779,1.7116,0,0
0.44172122747894,11780,1.712,0,0
0.44172162884666,11781,1.7124,0,0
0.44172203008943,11782,1.7128,0,0
0.44172243120724,11783,1.7132,0,0
0.44172283220009,11784,1.7136,0,0
0.44172323306798,11785,1.714,0,0
0.44172363381091,11786,1.7144,0,0
0.44172403442889,11787,1.7148,0,0
0.44172443492191,11788,1.7152,0,0
0.44172483528997,11789,1.7156,0,0
0.44172523553307,11790,1.716,0,0
0.44172563565122,11791,1.7164,0,0
0.44172603564442,11792,1.7168,0,0
0.44172643551265,11793,1.7172,0,0
0.44172683525593,11794,1.7176,0,0
0.44172723487426,11795,1.718,0,0
0.44172763436763,11796,1.7184,0,0
0.44172803373605,11797,1.7188,0,0
0.44172843297951,11798,1.7192,0,0
0.44172883209802,11799,1.7196,0,0
0.44172923109157,11800,1.72,0,0
0.44172962996017,11801,1.7204,0,0
0.44173002870382,11802,1.7208,0,0
0.44173042732251,11803,1.7212,0,0
0.44173082581625,11804,1.7216,0,0
0.44173122418504,11805,1.722,0,0
0.44173162242887,11806,1.7224,0,0
0.44173202054776,11807,1.7228,0,0
0.44173241854169,11808,1.7232,0,0
0.44173281641067,11809,1.7236,0,0
0.4417332141547,11810,1.724,0,0
0.44173361177378,11811,1.7244,0,0
0.4417340092679,11812,1.7248,0,0
0.44173440663708,11813,1.7252,0,0
0.44173480388131,11814,1.7256,0,0
0.44173520100058,11815,1.726,0,0
0.44173559799491,11816,1.7264,0,0
0.44173599486429,11817,1.7268,0,0
0.44173639160871,11818,1.7272,0,0
0.44173678822819,11819,1.7276,0,0
0.44173718472272,11820,1.728,0,0
0.44173758109231,11821,1.7284,0,0
0.44173797733694,11822,1.7288,0,0
0.44173837345663,11823,1.7292,0,0
0.44173876945137,11824,1.7296,0,0
0.44173916532116,11825,1.73,0,0
0.441739561066,11826,1.7304,0,0
0.4417399566859,11827,1.7308,0,0
0.44174035218085,11828,1.7312,0,0
0.44174074755086,11829,1.7316,0,0
0.44174114279592,11830,1.732,0,0
0.44174153791603,11831,1.7324,0,0
0.4417419329112,11832,1.7328,0,0
0.44174232778142,11833,1.7332,0,0
0.4417427225267,11834,1.7336,0,0
0.44174311714704,11835,1.734,0,0
0.44174351164243,11836,1.7344,0,0
0.44174390601287,11837,1.7348,0,0
0.44174430025837,11838,1.7352,0,0
0.44174469437893,11839,1.7356,0,0
0.44174508837455,11840,1.736,0,0
0.44174548224522,11841,1.7364,0,0
0.44174587599095,11842,1.7368,0,0
0.44174626961174,11843,1.7372,0,0
0.44174666310758,11844,1.7376,0,0
0.44174705647848,11845,1.738,0,0
0.44174744972445,11846,1.7384,0,0
0.44174784284547,11847,1.7388,0,0
0.44174823584154,11848,1.7392,0,0
0.44174862871268,11849,1.7396,0,0
0.44174902145888,11850,1.74,0,0
0.44174941408014,11851,1.7404,0,0
0.44174980657645,11852,1.7408,0,0
0.44175019894783,11853,1.7412,0,0
0.44175059119427,11854,1.7416,0,0
0.44175098331577,11855,1.742,0,0
0.44175137531233,11856,1.7424,0,0
0.44175176718395,11857,1.7428,0,0
0.44175215893063,11858,1.7432,0,0
0.44175255055238,11859,1.7436,0,0
0.44175294204918,11860,1.744,0,0
0.44175333342105,11861,1.7444,0,0
0.44175372466798,11862,1.7448,0,0
0.44175411578998,11863,1.7452,0,0
0.44175450678703,11864,1.7456,0,0
0.44175489765915,11865,1.746,0,0
0.44175528840634,11866,1.7464,0,0
0.44175567902859,11867,1.7468,0,0
0.4417560695259,11868,1.7472,0,0
0.44175645989828,11869,1.7476,0,0
0.44175685014572,11870,1.748,0,0
0.44175724026823,11871,1.7484,0,0
0.4417576302658,11872,1.7488,0,0
0.44175802013843,11873,1.7492,0,0
0.44175840988614,11874,1.7496,0,0
0.44175879950891,11875,1.75,0,0
0.44175918900674,11876,1.7504,0,0
0.44175957837965,11877,1.7508,0,0
0.44175996762761,11878,1.7512,0,0
0.44176035675065,11879,1.7516,0,0
0.44176074574875,11880,1.752,0,0
0.44176113462192,11881,1.7524,0,0
0.44176152337016,11882,1.7528,0,0
0.44176191199347,11883,1.7532,0,0
0.44176230049185,11884,1.7536,0,0
0.44176268886529,11885,1.754,0,0
0.4417630771138,11886,1.7544,0,0
0.44176346523739,11887,1.7548,0,0
0.44176385323604,11888,1.7552,0,0
0.44176424110976,11889,1.7556,0,0
0.44176462885855,11890,1.756,0,0
0.44176501648241,11891,1.7564,0,0
0.44176540398135,11892,1.7568,0,0
0.44176579135535,11893,1.7572,0,0
0.44176617860442,11894,1.7576,0,0
0.44176656572857,11895,1.758,0,0
0.44176695272779,11896,1.7584,0,0
0.44176733960208,11897,1.7588,0,0
0.44176772635144,11898,1.7592,0,0
0.44176811297587,11899,1.7596,0,0
0.44176849947538,11900,1.76,0,0
0.44176888584996,11901,1.7604,0,0
0.44176927209961,11902,1.7608,0,0
0.44176965822433,11903,1.7612,0,0
0.44177004422413,11904,1.7616,0,0
0.441770430099,11905,1.762,0,0
0.44177081584895,11906,1.7624,0,0
0.44177120147397,11907,1.7628,0,0
0.44177158697407,11908,1.7632,0,0
0.44177197234924,11909,1.7636,0,0
0.44177235759949,11910,1.764,0,0
0.44177274272481,11911,1.7644,0,0
0.44177312772521,11912,1.7648,0,0
0.44177351260068,11913,1.7652,0,0
0.44177389735123,11914,1.7656,0,0
0.44177428197686,11915,1.766,0,0
0.44177466647756,11916,1.7664,0,0
0.44177505085334,11917,1.7668,0,0
0.4417754351042,11918,1.7672,0,0
0.44177581923014,11919,1.7676,0,0
0.44177620323115,11920,1.768,0,0
0.44177658710724,11921,1.7684,0,0
0.44177697085841,11922,1.7688,0,0
0.44177735448466,11923,1.7692,0,0
0.44177773798598,11924,1.7696,0,0
0.44177812136239,11925,1.77,0,0
0.44177850461388,11926,1.7704,0,0
0.44177888774044,11927,1.7708,0,0
0.44177927074209,11928,1.7712,0,0
0.44177965361881,11929,1.7716,0,0
0.44178003637062,11930,1.772,0,0
0.4417804189975,11931,1.7724,0,0
0.44178080149947,11932,1.7728,0,0
0.44178118387652,11933,1.7732,0,0
0.44178156612865,11934,1.7736,0,0
0.44178194825586,11935,1.774,0,0
0.44178233025816,11936,1.7744,0,0
0.44178271213553,11937,1.7748,0,0
0.44178309388799,11938,1.7752,0,0
0.44178347551553,11939,1.7756,0,0
0.44178385701816,11940,1.776,0,0
0.44178423839586,11941,1.7764,0,0
0.44178461964865,11942,1.7768,0,0
0.44178500077653,11943,1.7772,0,0
0.44178538177949,11944,1.7776,0,0
0.44178576265753,11945,1.778,0,0
0.44178614341066,11946,1.7784,0,0
0.44178652403887,11947,1.7788,0,0
0.44178690454217,11948,1.7792,0,0
0.44178728492055,11949,1.7796,0,0
0.44178766517402,11950,1.78,0,0
0.44178804530258,11951,1.7804,0,0
0.44178842530622,11952,1.7808,0,0
0.44178880518494,11953,1.7812,0,0
0.44178918493876,11954,1.7816,0,0
0.44178956456766,11955,1.782,0,0
0.44178994407165,11956,1.7824,0,0
0.44179032345072,11957,1.7828,0,0
0.44179070270488,11958,1.7832,0,0
0.44179108183413,11959,1.7836,0,0
0.44179146083847,11960,1.784,0,0
0.4417918397179,11961,1.7844,0,0
0.44179221847242,11962,1.7848,0,0
0.44179259710202,11963,1.7852,0,0
0.44179297560671,11964,1.7856,0,0
0.4417933539865,11965,1.786,0,0
0.44179373224137,11966,1.7864,0,0
0.44179411037133,11967,1.7868,0,0
0.44179448837639,11968,1.7872,0,0
0.44179486625653,11969,1.7876,0,0
0.44179524401176,11970,1.788,0,0
0.44179562164209,11971,1.7884,0,0
0.44179599914751,11972,1.7888,0,0
0.44179637652802,11973,1.7892,0,0
0.44179675378362,11974,1.7896,0,0
0.44179713091431,11975,1.79,0,0
0.44179750792009,11976,1.7904,0,0
0.44179788480097,11977,1.7908,0,0
0.44179826155694,11978,1.7912,0,0
0.441798638188,11979,1.7916,0,0
0.44179901469416,11980,1.792,0,0
0.4417993910754,11981,1.7924,0,0
0.44179976733175,11982,1.7928,0,0
0.44180014346318,11983,1.7932,0,0
0.44180051946972,11984,1.7936,0,0
0.44180089535134,11985,1.794,0,0
0.44180127110806,11986,1.7944,0,0
0.44180164673988,11987,1.7948,0,0
0.44180202224679,11988,1.7952,0,0
0.4418023976288,11989,1.7956,0,0
0.4418027728859,11990,1.796,0,0
0.4418031480181,11991,1.7964,0,0
0.44180352302539,11992,1.7968,0,0
0.44180389790778,11993,1.7972,0,0
0.44180427266527,11994,1.7976,0,0
0.44180464729786,11995,1.798,0,0
0.44180502180554,11996,1.7984,0,0
0.44180539618832,11997,1.7988,0,0
0.4418057704462,11998,1.7992,0,0
0.44180614457918,11999,1.7996,0,0
0.44180651858725,12000,1.8,0,0
0.44180689247042,12001,1.8004,0,0
0.4418072662287,12002,1.8008,0,0
0.44180763986207,12003,1.8012,0,0
0.44180801337054,12004,1.8016,0,0
0.44180838675411,12005,1.802,0,0
0.44180876001278,12006,1.8024,0,0
0.44180913314655,12007,1.8028,0,0
0.44180950615542,12008,1.8032,0,0
0.44180987903939,12009,1.8036,0,0
0.44181025179846,12010,1.804,0,0
0.44181062443264,12011,1.8044,0,0
0.44181099694191,12012,1.8048,0,0
0.44181136932629,12013,1.8052,0,0
0.44181174158577,12014,1.8056,0,0
0.44181211372035,12015,1.806,0,0
0.44181248573003,12016,1.8064,0,0
0.44181285761481,12017,1.8068,0,0
0.4418132293747,12018,1.8072,0,0
0.44181360100969,12019,1.8076,0,0
0.44181397251979,12020,1.808,0,0
0.44181434390499,12021,1.8084,0,0
0.44181471516529,12022,1.8088,0,0
0.4418150863007,12023,1.8092,0,0
0.44181545731121,12024,1.8096,0,0
0.44181582819682,12025,1.81,0,0
0.44181619895755,12026,1.8104,0,0
0.44181656959337,12027,1.8108,0,0
0.4418169401043,12028,1.8112,0,0
0.44181731049034,12029,1.8116,0,0
0.44181768075148,12030,1.812,0,0
0.44181805088773,12031,1.8124,0,0
0.44181842089909,12032,1.8128,0,0
0.44181879078555,12033,1.8132,0,0
0.44181916054712,12034,1.8136,0,0
0.44181953018379,12035,1.814,0,0
0.44181989969558,12036,1.8144,0,0
0.44182026908247,12037,1.8148,0,0
0.44182063834447,12038,1.8152,0,0
0.44182100748157,12039,1.8156,0,0
0.44182137649379,12040,1.816,0,0
0.44182174538112,12041,1.8164,0,0
0.44182211414355,12042,1.8168,0,0
0.44182248278109,12043,1.8172,0,0
0.44182285129374,12044,1.8176,0,0
0.4418232196815,12045,1.818,0,0
0.44182358794438,12046,1.8184,0,0
0.44182395608236,12047,1.8188,0,0
0.44182432409545,12048,1.8192,0,0
0.44182469198365,12049,1.8196,0,0
0.44182505974697,12050,1.82,0,0
0.44182542738539,12051,1.8204,0,0
0.44182579489893,12052,1.8208,0,0
0.44182616228758,12053,1.8212,0,0
0.44182652955133,12054,1.8216,0,0
0.44182689669021,12055,1.822,0,0
0.44182726370419,12056,1.8224,0,0
0.44182763059329,12057,1.8228,0,0
0.4418279973575,12058,1.8232,0,0
0.44182836399682,12059,1.8236,0,0
0.44182873051126,12060,1.824,0,0
0.44182909690081,12061,1.8244,0,0
0.44182946316547,12062,1.8248,0,0
0.44182982930525,12063,1.8252,0,0
0.44183019532014,12064,1.8256,0,0
0.44183056121015,12065,1.826,0,0
0.44183092697527,12066,1.8264,0,0
0.44183129261551,12067,1.8268,0,0
0.44183165813086,12068,1.8272,0,0
0.44183202352133,12069,1.8276,0,0
0.44183238878691,12070,1.828,0,0
0.44183275392761,12071,1.8284,0,0
0.44183311894343,12072,1.8288,0,0
0.44183348383436,12073,1.8292,0,0
0.44183384860041,12074,1.8296,0,0
0.44183421324158,12075,1.83,0,0
0.44183457775787,12076,1.8304,0,0
0.44183494214927,12077,1.8308,0,0
0.44183530641579,12078,1.8312,0,0
0.44183567055743,12079,1.8316,0,0
0.44183603457418,12080,1.832,0,0
0.44183639846606,12081,1.8324,0,0
0.44183676223305,12082,1.8328,0,0
0.44183712587516,12083,1.8332,0,0
0.4418374893924,12084,1.8336,0,0
0.44183785278475,12085,1.834,0,0
0.44183821605222,12086,1.8344,0,0
0.44183857919481,12087,1.8348,0,0
0.44183894221252,12088,1.8352,0,0
0.44183930510536,12089,1.8356,0,0
0.44183966787331,12090,1.836,0,0
0.44184003051638,12091,1.8364,0,0
0.44184039303458,12092,1.8368,0,0
0.4418407554279,12093,1.8372,0,0
0.44184111769634,12094,1.8376,0,0
0.4418414798399,12095,1.838,0,0
0.44184184185858,12096,1.8384,0,0
0.44184220375239,12097,1.8388,0,0
0.44184256552131,12098,1.8392,0,0
0.44184292716537,12099,1.8396,0,0
0.44184328868454,12100,1.84,0,0
0.44184365007884,12101,1.8404,0,0
0.44184401134826,12102,1.8408,0,0
0.44184437249281,12103,1.8412,0,0
0.44184473351248,12104,1.8416,0,0
0.44184509440727,12105,1.842,0,0
0.44184545517719,12106,1.8424,0,0
0.44184581582224,12107,1.8428,0,0
0.44184617634241,12108,1.8432,0,0
0.4418465367377,12109,1.8436,0,0
0.44184689700812,12110,1.844,0,0
0.44184725715367,12111,1.8444,0,0
0.44184761717434,12112,1.8448,0,0
0.44184797707014,12113,1.8452,0,0
0.44184833684107,12114,1.8456,0,0
0.44184869648712,12115,1.846,0,0
0.4418490560083,12116,1.8464,0,0
0.44184941540461,12117,1.8468,0,0
0.44184977467604,12118,1.8472,0,0
0.44185013382261,12119,1.8476,0,0
0.4418504928443,12120,1.848,0,0
0.44185085174112,12121,1.8484,0,0
0.44185121051307,12122,1.8488,0,0
0.44185156916014,12123,1.8492,0,0
0.44185192768235,12124,1.8496,0,0
0.44185228607968,12125,1.85,0,0
0.44185264435215,12126,1.8504,0,0
0.44185300249974,12127,1.8508,0,0
0.44185336052247,12128,1.8512,0,0
0.44185371842032,12129,1.8516,0,0
0.44185407619331,12130,1.852,0,0
0.44185443384143,12131,1.8524,0,0
0.44185479136468,12132,1.8528,0,0
0.44185514876305,12133,1.8532,0,0
0.44185550603656,12134,1.8536,0,0
0.44185586318521,12135,1.854,0,0
0.44185622020898,12136,1.8544,0,0
0.44185657710789,12137,1.8548,0,0
0.44185693388193,12138,1.8552,0,0
0.4418572905311,12139,1.8556,0,0
0.4418576470554,12140,1.856,0,0
0.44185800345484,12141,1.8564,0,0
0.44185835972941,12142,1.8568,0,0
0.44185871587912,12143,1.8572,0,0
0.44185907190396,12144,1.8576,0,0
0.44185942780393,12145,1.858,0,0
0.44185978357904,12146,1.8584,0,0
0.44186013922928,12147,1.8588,0,0
0.44186049475466,12148,1.8592,0,0
0.44186085015517,12149,1.8596,0,0
0.44186120543082,12150,1.86,0,0
0.4418615605816,12151,1.8604,0,0
0.44186191560752,12152,1.8608,0,0
0.44186227050858,12153,1.8612,0,0
0.44186262528477,12154,1.8616,0,0
0.4418629799361,12155,1.862,0,0
0.44186333446256,12156,1.8624,0,0
0.44186368886416,12157,1.8628,0,0
0.4418640431409,12158,1.8632,0,0
0.44186439729278,12159,1.8636,0,0
0.44186475131979,12160,1.864,0,0
0.44186510522195,12161,1.8644,0,0
0.44186545899924,12162,1.8648,0,0
0.44186581265167,12163,1.8652,0,0
0.44186616617924,12164,1.8656,0,0
0.44186651958194,12165,1.866,0,0
0.44186687285979,12166,1.8664,0,0
0.44186722601278,12167,1.8668,0,0
0.4418675790409,12168,1.8672,0,0
0.44186793194417,12169,1.8676,0,0
0.44186828472257,12170,1.868,0,0
0.44186863737612,12171,1.8684,0,0
0.44186898990481,12172,1.8688,0,0
0.44186934230863,12173,1.8692,0,0
0.4418696945876,12174,1.8696,0,0
0.44187004674171,12175,1.87,0,0
0.44187039877097,12176,1.8704,0,0
0.44187075067536,12177,1.8708,0,0
0.44187110245489,12178,1.8712,0,0
0.44187145410957,12179,1.8716,0,0
0.44187180563939,12180,1.872,0,0
0.44187215704436,12181,1.8724,0,0
0.44187250832446,12182,1.8728,0,0
0.44187285947971,12183,1.8732,0,0
0.44187321051011,12184,1.8736,0,0
0.44187356141564,12185,1.874,0,0
0.44187391219632,12186,1.8744,0,0
0.44187426285215,12187,1.8748,0,0
0.44187461338312,12188,1.8752,0,0
0.44187496378923,12189,1.8756,0,0
0.44187531407049,12190,1.876,0,0
0.4418756642269,12191,1.8764,0,0
0.44187601425845,12192,1.8768,0,0
0.44187636416514,12193,1.8772,0,0
0.44187671394699,12194,1.8776,0,0
0.44187706360397,12195,1.878,0,0
0.44187741313611,12196,1.8784,0,0
0.44187776254339,12197,1.8788,0,0
0.44187811182581,12198,1.8792,0,0
0.44187846098339,12199,1.8796,0,0
0.44187881001611,12200,1.88,0,0
0.44187915892398,12201,1.8804,0,0
0.441879507707,12202,1.8808,0,0
0.44187985636516,12203,1.8812,0,0
0.44188020489848,12204,1.8816,0,0
0.44188055330694,12205,1.882,0,0
0.44188090159055,12206,1.8824,0,0
0.44188124974931,12207,1.8828,0,0
0.44188159778322,12208,1.8832,0,0
0.44188194569227,12209,1.8836,0,0
0.44188229347648,12210,1.884,0,0
0.44188264113584,12211,1.8844,0,0
0.44188298867035,12212,1.8848,0,0
0.44188333608,12213,1.8852,0,0
0.44188368336481,12214,1.8856,0,0
0.44188403052477,12215,1.886,0,0
0.44188437755988,12216,1.8864,0,0
0.44188472447015,12217,1.8868,0,0
0.44188507125556,12218,1.8872,0,0
0.44188541791612,12219,1.8876,0,0
0.44188576445184,12220,1.888,0,0
0.44188611086271,12221,1.8884,0,0
0.44188645714873,12222,1.8888,0,0
0.44188680330991,12223,1.8892,0,0
0.44188714934624,12224,1.8896,0,0
0.44188749525772,12225,1.89,0,0
0.44188784104435,12226,1.8904,0,0
0.44188818670614,12227,1.8908,0,0
0.44188853224308,12228,1.8912,0,0
0.44188887765518,12229,1.8916,0,0
0.44188922294243,12230,1.892,0,0
0.44188956810483,12231,1.8924,0,0
0.44188991314239,12232,1.8928,0,0
0.44189025805511,12233,1.8932,0,0
0.44189060284298,12234,1.8936,0,0
0.441890947506,12235,1.894,0,0
0.44189129204418,12236,1.8944,0,0
0.44189163645752,12237,1.8948,0,0
0.44189198074601,12238,1.8952,0,0
0.44189232490966,12239,1.8956,0,0
0.44189266894847,12240,1.896,0,0
0.44189301286243,12241,1.8964,0,0
0.44189335665155,12242,1.8968,0,0
0.44189370031583,12243,1.8972,0,0
0.44189404385527,12244,1.8976,0,0
0.44189438726986,12245,1.898,0,0
0.44189473055961,12246,1.8984,0,0
0.44189507372452,12247,1.8988,0,0
0.44189541676459,12248,1.8992,0,0
0.44189575967982,12249,1.8996,0,0
0.4418961024702,12250,1.9,0,0
0.44189644513575,12251,1.9004,0,0
0.44189678767645,12252,1.9008,0,0
0.44189713009232,12253,1.9012,0,0
0.44189747238334,12254,1.9016,0,0
0.44189781454953,12255,1.902,0,0
0.44189815659087,12256,1.9024,0,0
0.44189849850738,12257,1.9028,0,0
0.44189884029904,12258,1.9032,0,0
0.44189918196587,12259,1.9036,0,0
0.44189952350786,12260,1.904,0,0
0.44189986492501,12261,1.9044,0,0
0.44190020621732,12262,1.9048,0,0
0.4419005473848,12263,1.9052,0,0
0.44190088842744,12264,1.9056,0,0
0.44190122934523,12265,1.906,0,0
0.4419015701382,12266,1.9064,0,0
0.44190191080632,12267,1.9068,0,0
0.44190225134961,12268,1.9072,0,0
0.44190259176806,12269,1.9076,0,0
0.44190293206167,12270,1.908,0,0
0.44190327223045,12271,1.9084,0,0
0.4419036122744,12272,1.9088,0,0
0.4419039521935,12273,1.9092,0,0
0.44190429198778,12274,1.9096,0,0
0.44190463165721,12275,1.91,0,0
0.44190497120181,12276,1.9104,0,0
0.44190531062158,12277,1.9108,0,0
0.44190564991651,12278,1.9112,0,0
0.44190598908661,12279,1.9116,0,0
0.44190632813187,12280,1.912,0,0
0.4419066670523,12281,1.9124,0,0
0.4419070058479,12282,1.9128,0,0
0.44190734451866,12283,1.9132,0,0
0.44190768306459,12284,1.9136,0,0
0.44190802148569,12285,1.914,0,0
0.44190835978195,12286,1.9144,0,0
0.44190869795339,12287,1.9148,0,0
0.44190903599999,12288,1.9152,0,0
0.44190937392175,12289,1.9156,0,0
0.44190971171869,12290,1.916,0,0
0.44191004939079,12291,1.9164,0,0
0.44191038693807,12292,1.9168,0,0
0.44191072436051,12293,1.9172,0,0
0.44191106165812,12294,1.9176,0,0
0.4419113988309,12295,1.918,0,0
0.44191173587885,12296,1.9184,0,0
0.44191207280197,12297,1.9188,0,0
0.44191240960026,12298,1.9192,0,0
0.44191274627372,12299,1.9196,0,0
0.44191308282235,12300,1.92,0,0
0.44191341924615,12301,1.9204,0,0
0.44191375554512,12302,1.9208,0,0
0.44191409171927,12303,1.9212,0,0
0.44191442776858,12304,1.9216,0,0
0.44191476369307,12305,1.922,0,0
0.44191509949273,12306,1.9224,0,0
0.44191543516756,12307,1.9228,0,0
0.44191577071756,12308,1.9232,0,0
0.44191610614273,12309,1.9236,0,0
0.44191644144308,12310,1.924,0,0
0.4419167766186,12311,1.9244,0,0
0.4419171116693,12312,1.9248,0,0
0.44191744659517,12313,1.9252,0,0
0.44191778139621,12314,1.9256,0,0
0.44191811607242,12315,1.926,0,0
0.44191845062381,12316,1.9264,0,0
0.44191878505038,12317,1.9268,0,0
0.44191911935211,12318,1.9272,0,0
0.44191945352903,12319,1.9276,0,0
0.44191978758112,12320,1.928,0,0
0.44192012150838,12321,1.9284,0,0
0.44192045531082,12322,1.9288,0,0
0.44192078898843,12323,1.9292,0,0
0.44192112254122,12324,1.9296,0,0
0.44192145596919,12325,1.93,0,0
0.44192178927233,12326,1.9304,0,0
0.44192212245065,12327,1.9308,0,0
0.44192245550415,12328,1.9312,0,0
0.44192278843282,12329,1.9316,0,0
0.44192312123667,12330,1.932,0,0
0.4419234539157,12331,1.9324,0,0
0.44192378646991,12332,1.9328,0,0
0.44192411889929,12333,1.9332,0,0
0.44192445120386,12334,1.9336,0,0
0.4419247833836,12335,1.934,0,0
0.44192511543852,12336,1.9344,0,0
0.44192544736862,12337,1.9348,0,0
0.44192577917389,12338,1.9352,0,0
0.44192611085435,12339,1.9356,0,0
0.44192644240999,12340,1.936,0,0
0.4419267738408,12341,1.9364,0,0
0.4419271051468,12342,1.9368,0,0
0.44192743632798,12343,1.9372,0,0
0.44192776738433,12344,1.9376,0,0
0.44192809831587,12345,1.938,0,0
0.44192842912259,12346,1.9384,0,0
0.44192875980449,12347,1.9388,0,0
0.44192909036157,12348,1.9392,0,0
0.44192942079383,12349,1.9396,0,0
0.44192975110127,12350,1.94,0,0
0.4419300812839,12351,1.9404,0,0
0.44193041134171,12352,1.9408,0,0
0.4419307412747,12353,1.9412,0,0
0.44193107108287,12354,1.9416,0,0
0.44193140076623,12355,1.942,0,0
0.44193173032477,12356,1.9424,0,0
0.44193205975849,12357,1.9428,0,0
0.4419323890674,12358,1.9432,0,0
0.44193271825149,12359,1.9436,0,0
0.44193304731076,12360,1.944,0,0
0.44193337624522,12361,1.9444,0,0
0.44193370505487,12362,1.9448,0,0
0.44193403373969,12363,1.9452,0,0
0.44193436229971,12364,1.9456,0,0
0.4419346907349,12365,1.946,0,0
0.44193501904529,12366,1.9464,0,0
0.44193534723086,12367,1.9468,0,0
0.44193567529161,12368,1.9472,0,0
0.44193600322755,12369,1.9476,0,0
0.44193633103868,12370,1.948,0,0
0.44193665872499,12371,1.9484,0,0
0.44193698628649,12372,1.9488,0,0
0.44193731372318,12373,1.9492,0,0
0.44193764103505,12374,1.9496,0,0
0.44193796822211,12375,1.95,0,0
0.44193829528436,12376,1.9504,0,0
0.4419386222218,12377,1.9508,0,0
0.44193894903442,12378,1.9512,0,0
0.44193927572223,12379,1.9516,0,0
0.44193960228524,12380,1.952,0,0
0.44193992872343,12381,1.9524,0,0
0.4419402550368,12382,1.9528,0,0
0.44194058122537,12383,1.9532,0,0
0.44194090728913,12384,1.9536,0,0
0.44194123322808,12385,1.954,0,0
0.44194155904221,12386,1.9544,0,0
0.44194188473154,12387,1.9548,0,0
0.44194221029606,12388,1.9552,0,0
0.44194253573576,12389,1.9556,0,0
0.44194286105066,12390,1.956,0,0
0.44194318624075,12391,1.9564,0,0
0.44194351130603,12392,1.9568,0,0
0.4419438362465,12393,1.9572,0,0
0.44194416106216,12394,1.9576,0,0
0.44194448575302,12395,1.958,0,0
0.44194481031907,12396,1.9584,0,0
0.4419451347603,12397,1.9588,0,0
0.44194545907674,12398,1.9592,0,0
0.44194578326836,12399,1.9596,0,0
0.44194610733518,12400,1.96,0,0
0.44194643127719,12401,1.9604,0,0
0.44194675509439,12402,1.9608,0,0
0.44194707878678,12403,1.9612,0,0
0.44194740235437,12404,1.9616,0,0
0.44194772579716,12405,1.962,0,0
0.44194804911514,12406,1.9624,0,0
0.44194837230831,12407,1.9628,0,0
0.44194869537668,12408,1.9632,0,0
0.44194901832024,12409,1.9636,0,0
0.441949341139,12410,1.964,0,0
0.44194966383295,12411,1.9644,0,0
0.4419499864021,12412,1.9648,0,0
0.44195030884644,12413,1.9652,0,0
0.44195063116598,12414,1.9656,0,0
0.44195095336072,12415,1.966,0,0
0.44195127543065,12416,1.9664,0,0
0.44195159737578,12417,1.9668,0,0
0.4419519191961,12418,1.9672,0,0
0.44195224089162,12419,1.9676,0,0
0.44195256246234,12420,1.968,0,0
0.44195288390826,12421,1.9684,0,0
0.44195320522938,12422,1.9688,0,0
0.44195352642569,12423,1.9692,0,0
0.4419538474972,12424,1.9696,0,0
0.44195416844391,12425,1.97,0,0
0.44195448926582,12426,1.9704,0,0
0.44195480996292,12427,1.9708,0,0
0.44195513053523,12428,1.9712,0,0
0.44195545098273,12429,1.9716,0,0
0.44195577130544,12430,1.972,0,0
0.44195609150334,12431,1.9724,0,0
0.44195641157644,12432,1.9728,0,0
0.44195673152475,12433,1.9732,0,0
0.44195705134825,12434,1.9736,0,0
0.44195737104695,12435,1.974,0,0
0.44195769062086,12436,1.9744,0,0
0.44195801006996,12437,1.9748,0,0
0.44195832939427,12438,1.9752,0,0
0.44195864859378,12439,1.9756,0,0
0.44195896766849,12440,1.976,0,0
0.4419592866184,12441,1.9764,0,0
0.44195960544351,12442,1.9768,0,0
0.44195992414383,12443,1.9772,0,0
0.44196024271935,12444,1.9776,0,0
0.44196056117007,12445,1.978,0,0
0.44196087949599,12446,1.9784,0,0
0.44196119769712,12447,1.9788,0,0
0.44196151577345,12448,1.9792,0,0
0.44196183372498,12449,1.9796,0,0
0.44196215155172,12450,1.98,0,0
0.44196246925366,12451,1.9804,0,0
0.4419627868308,12452,1.9808,0,0
0.44196310428315,12453,1.9812,0,0
0.44196342161071,12454,1.9816,0,0
0.44196373881347,12455,1.982,0,0
0.44196405589143,12456,1.9824,0,0
0.4419643728446,12457,1.9828,0,0
0.44196468967297,12458,1.9832,0,0
0.44196500637655,12459,1.9836,0,0
0.44196532295534,12460,1.984,0,0
0.44196563940933,12461,1.9844,0,0
0.44196595573853,12462,1.9848,0,0
0.44196627194294,12463,1.9852,0,0
0.44196658802255,12464,1.9856,0,0
0.44196690397737,12465,1.986,0,0
0.44196721980739,12466,1.9864,0,0
0.44196753551263,12467,1.9868,0,0
0.44196785109307,12468,1.9872,0,0
0.44196816654871,12469,1.9876,0,0
0.44196848187957,12470,1.988,0,0
0.44196879708564,12471,1.9884,0,0
0.44196911216691,12472,1.9888,0,0
0.44196942712339,12473,1.9892,0,0
0.44196974195508,12474,1.9896,0,0
0.44197005666198,12475,1.99,0,0
0.44197037124409,12476,1.9904,0,0
0.44197068570141,12477,1.9908,0,0
0.44197100003394,12478,1.9912,0,0
0.44197131424167,12479,1.9916,0,0
0.44197162832462,12480,1.992,0,0
0.44197194228278,12481,1.9924,0,0
0.44197225611615,12482,1.9928,0,0
0.44197256982473,12483,1.9932,0,0
0.44197288340852,12484,1.9936,0,0
0.44197319686752,12485,1.994,0,0
0.44197351020174,12486,1.9944,0,0
0.44197382341116,12487,1.9948,0,0
0.4419741364958,12488,1.9952,0,0
0.44197444945565,12489,1.9956,0,0
0.44197476229071,12490,1.996,0,0
0.44197507500098,12491,1.9964,0,0
0.44197538758647,12492,1.9968,0,0
0.44197570004717,12493,1.9972,0,0
0.44197601238308,12494,1.9976,0,0
0.4419763245942,12495,1.998,0,0
0.44197663668054,12496,1.9984,0,0
0.4419769486421,12497,1.9988,0,0
0.44197726047886,12498,1.9992,0,0
0.44197757219084,12499,1.9996,0,0
0.44197788377804,12500,2,0,0
0.44197819524045,12501,2.0004,0,0
0.44197850657807,12502,2.0008,0,0
0.44197881779091,12503,2.0012,0,0
0.44197912887897,12504,2.0016,0,0
0.44197943984224,12505,2.002,0,0
0.44197975068072,12506,2.0024,0,0
0.44198006139443,12507,2.0028,0,0
0.44198037198334,12508,2.0032,0,0
0.44198068244748,12509,2.0036,0,0
0.44198099278683,12510,2.004,0,0
0.4419813030014,12511,2.0044,0,0
0.44198161309118,12512,2.0048,0,0
0.44198192305618,12513,2.0052,0,0
0.4419822328964,12514,2.0056,0,0
0.44198254261183,12515,2.006,0,0
0.44198285220249,12516,2.0064,0,0
0.44198316166836,12517,2.0068,0,0
0.44198347100945,12518,2.0072,0,0
0.44198378022576,12519,2.0076,0,0
0.44198408931728,12520,2.008,0,0
0.44198439828403,12521,2.0084,0,0
0.44198470712599,12522,2.0088,0,0
0.44198501584318,12523,2.0092,0,0
0.44198532443558,12524,2.0096,0,0
0.4419856329032,12525,2.01,0,0
0.44198594124605,12526,2.0104,0,0
0.44198624946411,12527,2.0108,0,0
0.44198655755739,12528,2.0112,0,0
0.44198686552589,12529,2.0116,0,0
0.44198717336962,12530,2.012,0,0
0.44198748108856,12531,2.0124,0,0
0.44198778868273,12532,2.0128,0,0
0.44198809615212,12533,2.0132,0,0
0.44198840349672,12534,2.0136,0,0
0.44198871071655,12535,2.014,0,0
0.44198901781161,12536,2.0144,0,0
0.44198932478188,12537,2.0148,0,0
0.44198963162738,12538,2.0152,0,0
0.4419899383481,12539,2.0156,0,0
0.44199024494404,12540,2.016,0,0
0.4419905514152,12541,2.0164,0,0
0.44199085776159,12542,2.0168,0,0
0.4419911639832,12543,2.0172,0,0
0.44199147008004,12544,2.0176,0,0
0.44199177605209,12545,2.018,0,0
0.44199208189938,12546,2.0184,0,0
0.44199238762188,12547,2.0188,0,0
0.44199269321961,12548,2.0192,0,0
0.44199299869257,12549,2.0196,0,0
0.44199330404075,12550,2.02,0,0
0.44199360926416,12551,2.0204,0,0
0.44199391436279,12552,2.0208,0,0
0.44199421933664,12553,2.0212,0,0
0.44199452418572,12554,2.0216,0,0
0.44199482891003,12555,2.022,0,0
0.44199513350956,12556,2.0224,0,0
0.44199543798432,12557,2.0228,0,0
0.44199574233431,12558,2.0232,0,0
0.44199604655952,12559,2.0236,0,0
0.44199635065996,12560,2.024,0,0
0.44199665463563,12561,2.0244,0,0
0.44199695848652,12562,2.0248,0,0
0.44199726221264,12563,2.0252,0,0
0.44199756581399,12564,2.0256,0,0
0.44199786929057,12565,2.026,0,0
0.44199817264238,12566,2.0264,0,0
0.44199847586941,12567,2.0268,0,0
0.44199877897167,12568,2.0272,0,0
0.44199908194916,12569,2.0276,0,0
0.44199938480188,12570,2.028,0,0
0.44199968752983,12571,2.0284,0,0
0.44199999013301,12572,2.0288,0,0
0.44200029261142,12573,2.0292,0,0
0.44200059496505,12574,2.0296,0,0
0.44200089719392,12575,2.03,0,0
0.44200119929802,12576,2.0304,0,0
0.44200150127735,12577,2.0308,0,0
0.4420018031319,12578,2.0312,0,0
0.44200210486169,12579,2.0316,0,0
0.44200240646671,12580,2.032,0,0
0.44200270794696,12581,2.0324,0,0
0.44200300930245,12582,2.0328,0,0
0.44200331053316,12583,2.0332,0,0
0.44200361163911,12584,2.0336,0,0
0.44200391262029,12585,2.034,0,0
0.4420042134767,12586,2.0344,0,0
0.44200451420834,12587,2.0348,0,0
0.44200481481521,12588,2.0352,0,0
0.44200511529732,12589,2.0356,0,0
0.44200541565466,12590,2.036,0,0
0.44200571588724,12591,2.0364,0,0
0.44200601599504,12592,2.0368,0,0
0.44200631597808,12593,2.0372,0,0
0.44200661583636,12594,2.0376,0,0
0.44200691556987,12595,2.038,0,0
0.44200721517861,12596,2.0384,0,0
0.44200751466259,12597,2.0388,0,0
0.4420078140218,12598,2.0392,0,0
0.44200811325625,12599,2.0396,0,0
0.44200841236593,12600,2.04,0,0
0.44200871135085,12601,2.0404,0,0
0.442009010211,12602,2.0408,0,0
0.44200930894639,12603,2.0412,0,0
0.44200960755701,12604,2.0416,0,0
0.44200990604287,12605,2.042,0,0
0.44201020440397,12606,2.0424,0,0
0.4420105026403,12607,2.0428,0,0
0.44201080075187,12608,2.0432,0,0
0.44201109873867,12609,2.0436,0,0
0.44201139660072,12610,2.044,0,0
0.442011694338,12611,2.0444,0,0
0.44201199195052,12612,2.0448,0,0
0.44201228943827,12613,2.0452,0,0
0.44201258680127,12614,2.0456,0,0
0.4420128840395,12615,2.046,0,0
0.44201318115297,12616,2.0464,0,0
0.44201347814168,12617,2.0468,0,0
0.44201377500562,12618,2.0472,0,0
0.44201407174481,12619,2.0476,0,0
0.44201436835923,12620,2.048,0,0
0.4420146648489,12621,2.0484,0,0
0.4420149612138,12622,2.0488,0,0
0.44201525745394,12623,2.0492,0,0
0.44201555356933,12624,2.0496,0,0
0.44201584955995,12625,2.05,0,0
0.44201614542581,12626,2.0504,0,0
0.44201644116692,12627,2.0508,0,0
0.44201673678326,12628,2.0512,0,0
0.44201703227485,12629,2.0516,0,0
0.44201732764167,12630,2.052,0,0
0.44201762288374,12631,2.0524,0,0
0.44201791800105,12632,2.0528,0,0
0.4420182129936,12633,2.0532,0,0
0.44201850786139,12634,2.0536,0,0
0.44201880260443,12635,2.054,0,0
0.4420190972227,12636,2.0544,0,0
0.44201939171622,12637,2.0548,0,0
0.44201968608498,12638,2.0552,0,0
0.44201998032899,12639,2.0556,0,0
0.44202027444824,12640,2.056,0,0
0.44202056844273,12641,2.0564,0,0
0.44202086231246,12642,2.0568,0,0
0.44202115605744,12643,2.0572,0,0
0.44202144967766,12644,2.0576,0,0
0.44202174317313,12645,2.058,0,0
0.44202203654384,12646,2.0584,0,0
0.44202232978979,12647,2.0588,0,0
0.44202262291099,12648,2.0592,0,0
0.44202291590744,12649,2.0596,0,0
0.44202320877913,12650,2.06,0,0
0.44202350152606,12651,2.0604,0,0
0.44202379414824,12652,2.0608,0,0
0.44202408664567,12653,2.0612,0,0
0.44202437901834,12654,2.0616,0,0
0.44202467126626,12655,2.062,0,0
0.44202496338942,12656,2.0624,0,0
0.44202525538783,12657,2.0628,0,0
0.44202554726149,12658,2.0632,0,0
0.44202583901039,12659,2.0636,0,0
0.44202613063454,12660,2.064,0,0
0.44202642213394,12661,2.0644,0,0
0.44202671350858,12662,2.0648,0,0
0.44202700475848,12663,2.0652,0,0
0.44202729588362,12664,2.0656,0,0
0.44202758688401,12665,2.066,0,0
0.44202787775964,12666,2.0664,0,0
0.44202816851053,12667,2.0668,0,0
0.44202845913666,12668,2.0672,0,0
0.44202874963804,12669,2.0676,0,0
0.44202904001468,12670,2.068,0,0
0.44202933026656,12671,2.0684,0,0
0.44202962039369,12672,2.0688,0,0
0.44202991039607,12673,2.0692,0,0
0.44203020027369,12674,2.0696,0,0
0.44203049002657,12675,2.07,0,0
0.4420307796547,12676,2.0704,0,0
0.44203106915808,12677,2.0708,0,0
0.44203135853671,12678,2.0712,0,0
0.4420316477906,12679,2.0716,0,0
0.44203193691973,12680,2.072,0,0
0.44203222592411,12681,2.0724,0,0
0.44203251480375,12682,2.0728,0,0
0.44203280355863,12683,2.0732,0,0
0.44203309218877,12684,2.0736,0,0
0.44203338069416,12685,2.074,0,0
0.4420336690748,12686,2.0744,0,0
0.4420339573307,12687,2.0748,0,0
0.44203424546184,12688,2.0752,0,0
0.44203453346824,12689,2.0756,0,0
0.44203482134989,12690,2.076,0,0
0.4420351091068,12691,2.0764,0,0
0.44203539673896,12692,2.0768,0,0
0.44203568424637,12693,2.0772,0,0
0.44203597162904,12694,2.0776,0,0
0.44203625888696,12695,2.078,0,0
0.44203654602013,12696,2.0784,0,0
0.44203683302856,12697,2.0788,0,0
0.44203711991224,12698,2.0792,0,0
0.44203740667118,12699,2.0796,0,0
0.44203769330537,12700,2.08,0,0
0.44203797981482,12701,2.0804,0,0
0.44203826619952,12702,2.0808,0,0
0.44203855245948,12703,2.0812,0,0
0.44203883859469,12704,2.0816,0,0
0.44203912460516,12705,2.082,0,0
0.44203941049088,12706,2.0824,0,0
0.44203969625186,12707,2.0828,0,0
0.4420399818881,12708,2.0832,0,0
0.4420402673996,12709,2.0836,0,0
0.44204055278635,12710,2.084,0,0
0.44204083804836,12711,2.0844,0,0
0.44204112318562,12712,2.0848,0,0
0.44204140819814,12713,2.0852,0,0
0.44204169308592,12714,2.0856,0,0
0.44204197784896,12715,2.086,0,0
0.44204226248726,12716,2.0864,0,0
0.44204254700081,12717,2.0868,0,0
0.44204283138962,12718,2.0872,0,0
0.44204311565369,12719,2.0876,0,0
0.44204339979302,12720,2.088,0,0
0.44204368380761,12721,2.0884,0,0
0.44204396769746,12722,2.0888,0,0
0.44204425146256,12723,2.0892,0,0
0.44204453510293,12724,2.0896,0,0
0.44204481861856,12725,2.09,0,0
0.44204510200944,12726,2.0904,0,0
0.44204538527559,12727,2.0908,0,0
0.44204566841699,12728,2.0912,0,0
0.44204595143366,12729,2.0916,0,0
0.44204623432559,12730,2.092,0,0
0.44204651709277,12731,2.0924,0,0
0.44204679973522,12732,2.0928,0,0
0.44204708225293,12733,2.0932,0,0
0.4420473646459,12734,2.0936,0,0
0.44204764691414,12735,2.094,0,0
0.44204792905763,12736,2.0944,0,0
0.44204821107639,12737,2.0948,0,0
0.44204849297041,12738,2.0952,0,0
0.44204877473969,12739,2.0956,0,0
0.44204905638423,12740,2.096,0,0
0.44204933790404,12741,2.0964,0,0
0.44204961929911,12742,2.0968,0,0
0.44204990056944,12743,2.0972,0,0
0.44205018171503,12744,2.0976,0,0
0.44205046273589,12745,2.098,0,0
0.44205074363202,12746,2.0984,0,0
0.4420510244034,12747,2.0988,0,0
0.44205130505005,12748,2.0992,0,0
0.44205158557197,12749,2.0996,0,0
0.44205186596915,12750,2.1,0,0
0.44205214624159,12751,2.1004,0,0
0.4420524263893,12752,2.1008,0,0
0.44205270641227,12753,2.1012,0,0
0.44205298631051,12754,2.1016,0,0
0.44205326608402,12755,2.102,0,0
0.44205354573279,12756,2.1024,0,0
0.44205382525682,12757,2.1028,0,0
0.44205410465613,12758,2.1032,0,0
0.44205438393069,12759,2.1036,0,0
0.44205466308053,12760,2.104,0,0
0.44205494210563,12761,2.1044,0,0
0.44205522100599,12762,2.1048,0,0
0.44205549978163,12763,2.1052,0,0
0.44205577843253,12764,2.1056,0,0
0.4420560569587,12765,2.106,0,0
0.44205633536013,12766,2.1064,0,0
0.44205661363684,12767,2.1068,0,0
0.44205689178881,12768,2.1072,0,0
0.44205716981605,12769,2.1076,0,0
0.44205744771856,12770,2.108,0,0
0.44205772549633,12771,2.1084,0,0
0.44205800314938,12772,2.1088,0,0
0.44205828067769,12773,2.1092,0,0
0.44205855808127,12774,2.1096,0,0
0.44205883536012,12775,2.11,0,0
0.44205911251425,12776,2.1104,0,0
0.44205938954364,12777,2.1108,0,0
0.4420596664483,12778,2.1112,0,0
0.44205994322823,12779,2.1116,0,0
0.44206021988343,12780,2.112,0,0
0.4420604964139,12781,2.1124,0,0
0.44206077281964,12782,2.1128,0,0
0.44206104910065,12783,2.1132,0,0
0.44206132525693,12784,2.1136,0,0
0.44206160128848,12785,2.114,0,0
0.44206187719531,12786,2.1144,0,0
0.4420621529774,12787,2.1148,0,0
0.44206242863477,12788,2.1152,0,0
0.44206270416741,12789,2.1156,0,0
0.44206297957532,12790,2.116,0,0
0.44206325485851,12791,2.1164,0,0
0.44206353001696,12792,2.1168,0,0
0.44206380505069,12793,2.1172,0,0
0.44206407995969,12794,2.1176,0,0
0.44206435474396,12795,2.118,0,0
0.44206462940351,12796,2.1184,0,0
0.44206490393833,12797,2.1188,0,0
0.44206517834842,12798,2.1192,0,0
0.44206545263379,12799,2.1196,0,0
0.44206572679443,12800,2.12,0,0
0.44206600083035,12801,2.1204,0,0
0.44206627474154,12802,2.1208,0,0
0.442066548528,12803,2.1212,0,0
0.44206682218974,12804,2.1216,0,0
0.44206709572675,12805,2.122,0,0
0.44206736913904,12806,2.1224,0,0
0.4420676424266,12807,2.1228,0,0
0.44206791558944,12808,2.1232,0,0
0.44206818862755,12809,2.1236,0,0
0.44206846154094,12810,2.124,0,0
0.44206873432961,12811,2.1244,0,0
0.44206900699355,12812,2.1248,0,0
0.44206927953276,12813,2.1252,0,0
0.44206955194726,12814,2.1256,0,0
0.44206982423703,12815,2.126,0,0
0.44207009640207,12816,2.1264,0,0
0.4420703684424,12817,2.1268,0,0
0.442070640358,12818,2.1272,0,0
0.44207091214888,12819,2.1276,0,0
0.44207118381503,12820,2.128,0,0
0.44207145535647,12821,2.1284,0,0
0.44207172677318,12822,2.1288,0,0
0.44207199806517,12823,2.1292,0,0
0.44207226923244,12824,2.1296,0,0
0.44207254027498,12825,2.13,0,0
0.44207281119281,12826,2.1304,0,0
0.44207308198591,12827,2.1308,0,0
0.44207335265429,12828,2.1312,0,0
0.44207362319795,12829,2.1316,0,0
0.4420738936169,12830,2.132,0,0
0.44207416391112,12831,2.1324,0,0
0.44207443408062,12832,2.1328,0,0
0.4420747041254,12833,2.1332,0,0
0.44207497404546,12834,2.1336,0,0
0.4420752438408,12835,2.134,0,0
0.44207551351142,12836,2.1344,0,0
0.44207578305732,12837,2.1348,0,0
0.4420760524785,12838,2.1352,0,0
0.44207632177496,12839,2.1356,0,0
0.44207659094671,12840,2.136,0,0
0.44207685999373,12841,2.1364,0,0
0.44207712891604,12842,2.1368,0,0
0.44207739771363,12843,2.1372,0,0
0.4420776663865,12844,2.1376,0,0
0.44207793493465,12845,2.138,0,0
0.44207820335809,12846,2.1384,0,0
0.44207847165681,12847,2.1388,0,0
0.44207873983081,12848,2.1392,0,0
0.44207900788009,12849,2.1396,0,0
0.44207927580466,12850,2.14,0,0
0.44207954360451,12851,2.1404,0,0
0.44207981127964,12852,2.1408,0,0
0.44208007883005,12853,2.1412,0,0
0.44208034625575,12854,2.1416,0,0
0.44208061355674,12855,2.142,0,0
0.442080880733,12856,2.1424,0,0
0.44208114778456,12857,2.1428,0,0
0.44208141471139,12858,2.1432,0,0
0.44208168151351,12859,2.1436,0,0
0.44208194819092,12860,2.144,0,0
0.44208221474361,12861,2.1444,0,0
0.44208248117159,12862,2.1448,0,0
0.44208274747485,12863,2.1452,0,0
0.44208301365339,12864,2.1456,0,0
0.44208327970723,12865,2.146,0,0
0.44208354563634,12866,2.1464,0,0
0.44208381144075,12867,2.1468,0,0
0.44208407712044,12868,2.1472,0,0
0.44208434267542,12869,2.1476,0,0
0.44208460810568,12870,2.148,0,0
0.44208487341123,12871,2.1484,0,0
0.44208513859207,12872,2.1488,0,0
0.44208540364819,12873,2.1492,0,0
0.4420856685796,12874,2.1496,0,0
0.4420859333863,12875,2.15,0,0
0.44208619806829,12876,2.1504,0,0
0.44208646262556,12877,2.1508,0,0
0.44208672705813,12878,2.1512,0,0
0.44208699136598,12879,2.1516,0,0
0.44208725554912,12880,2.152,0,0
0.44208751960754,12881,2.1524,0,0
0.44208778354126,12882,2.1528,0,0
0.44208804735027,12883,2.1532,0,0
0.44208831103456,12884,2.1536,0,0
0.44208857459414,12885,2.154,0,0
0.44208883802902,12886,2.1544,0,0
0.44208910133918,12887,2.1548,0,0
0.44208936452463,12888,2.1552,0,0
0.44208962758537,12889,2.1556,0,0
0.44208989052141,12890,2.156,0,0
0.44209015333273,12891,2.1564,0,0
0.44209041601934,12892,2.1568,0,0
0.44209067858125,12893,2.1572,0,0
0.44209094101844,12894,2.1576,0,0
0.44209120333093,12895,2.158,0,0
0.44209146551871,12896,2.1584,0,0
0.44209172758178,12897,2.1588,0,0
0.44209198952014,12898,2.1592,0,0
0.44209225133379,12899,2.1596,0,0
0.44209251302273,12900,2.16,0,0
0.44209277458697,12901,2.1604,0,0
0.4420930360265,12902,2.1608,0,0
0.44209329734132,12903,2.1612,0,0
0.44209355853143,12904,2.1616,0,0
0.44209381959684,12905,2.162,0,0
0.44209408053754,12906,2.1624,0,0
0.44209434135353,12907,2.1628,0,0
0.44209460204482,12908,2.1632,0,0
0.4420948626114,12909,2.1636,0,0
0.44209512305327,12910,2.164,0,0
0.44209538337044,12911,2.1644,0,0
0.4420956435629,12912,2.1648,0,0
0.44209590363065,12913,2.1652,0,0
0.4420961635737,12914,2.1656,0,0
0.44209642339205,12915,2.166,0,0
0.44209668308569,12916,2.1664,0,0
0.44209694265462,12917,2.1668,0,0
0.44209720209885,12918,2.1672,0,0
0.44209746141837,12919,2.1676,0,0
0.44209772061319,12920,2.168,0,0
0.44209797968331,12921,2.1684,0,0
0.44209823862872,12922,2.1688,0,0
0.44209849744943,12923,2.1692,0,0
0.44209875614543,12924,2.1696,0,0
0.44209901471673,12925,2.17,0,0
0.44209927316333,12926,2.1704,0,0
0.44209953148522,12927,2.1708,0,0
0.44209978968241,12928,2.1712,0,0
0.4421000477549,12929,2.1716,0,0
0.44210030570268,12930,2.172,0,0
0.44210056352576,12931,2.1724,0,0
0.44210082122414,12932,2.1728,0,0
0.44210107879782,12933,2.1732,0,0
0.44210133624679,12934,2.1736,0,0
0.44210159357107,12935,2.174,0,0
0.44210185077064,12936,2.1744,0,0
0.44210210784551,12937,2.1748,0,0
0.44210236479567,12938,2.1752,0,0
0.44210262162114,12939,2.1756,0,0
0.44210287832191,12940,2.176,0,0
0.44210313489797,12941,2.1764,0,0
0.44210339134933,12942,2.1768,0,0
0.442103647676,12943,2.1772,0,0
0.44210390387796,12944,2.1776,0,0
0.44210415995522,12945,2.178,0,0
0.44210441590779,12946,2.1784,0,0
0.44210467173565,12947,2.1788,0,0
0.44210492743881,12948,2.1792,0,0
0.44210518301728,12949,2.1796,0,0
0.44210543847104,12950,2.18,0,0
0.44210569380011,12951,2.1804,0,0
0.44210594900448,12952,2.1808,0,0
0.44210620408414,12953,2.1812,0,0
0.44210645903911,12954,2.1816,0,0
0.44210671386938,12955,2.182,0,0
0.44210696857496,12956,2.1824,0,0
0.44210722315583,12957,2.1828,0,0
0.44210747761201,12958,2.1832,0,0
0.44210773194348,12959,2.1836,0,0
0.44210798615027,12960,2.184,0,0
0.44210824023235,12961,2.1844,0,0
0.44210849418974,12962,2.1848,0,0
0.44210874802242,12963,2.1852,0,0
0.44210900173042,12964,2.1856,0,0
0.44210925531371,12965,2.186,0,0
0.44210950877231,12966,2.1864,0,0
0.44210976210621,12967,2.1868,0,0
0.44211001531542,12968,2.1872,0,0
0.44211026839993,12969,2.1876,0,0
0.44211052135975,12970,2.188,0,0
0.44211077419486,12971,2.1884,0,0
0.44211102690529,12972,2.1888,0,0
0.44211127949102,12973,2.1892,0,0
0.44211153195205,12974,2.1896,0,0
0.44211178428839,12975,2.19,0,0
0.44211203650003,12976,2.1904,0,0
0.44211228858698,12977,2.1908,0,0
0.44211254054923,12978,2.1912,0,0
0.44211279238679,12979,2.1916,0,0
0.44211304409965,12980,2.192,0,0
0.44211329568783,12981,2.1924,0,0
0.4421135471513,12982,2.1928,0,0
0.44211379849009,12983,2.1932,0,0
0.44211404970418,12984,2.1936,0,0
0.44211430079357,12985,2.194,0,0
0.44211455175828,12986,2.1944,0,0
0.44211480259829,12987,2.1948,0,0
0.44211505331361,12988,2.1952,0,0
0.44211530390423,12989,2.1956,0,0
0.44211555437016,12990,2.196,0,0
0.4421158047114,12991,2.1964,0,0
0.44211605492795,12992,2.1968,0,0
0.44211630501981,12993,2.1972,0,0
0.44211655498697,12994,2.1976,0,0
0.44211680482945,12995,2.198,0,0
0.44211705454723,12996,2.1984,0,0
0.44211730414032,12997,2.1988,0,0
0.44211755360872,12998,2.1992,0,0
0.44211780295242,12999,2.1996,0,0
0.44211805217144,13000,2.2,0,0
0.44211830126577,13001,2.2004,0,0
0.4421185502354,13002,2.2008,0,0
0.44211879908035,13003,2.2012,0,0
0.44211904780061,13004,2.2016,0,0
0.44211929639617,13005,2.202,0,0
0.44211954486705,13006,2.2024,0,0
0.44211979321323,13007,2.2028,0,0
0.44212004143473,13008,2.2032,0,0
0.44212028953154,13009,2.2036,0,0
0.44212053750366,13010,2.204,0,0
0.44212078535109,13011,2.2044,0,0
0.44212103307383,13012,2.2048,0,0
0.44212128067188,13013,2.2052,0,0
0.44212152814524,13014,2.2056,0,0
0.44212177549392,13015,2.206,0,0
0.44212202271791,13016,2.2064,0,0
0.44212226981721,13017,2.2068,0,0
0.44212251679182,13018,2.2072,0,0
0.44212276364174,13019,2.2076,0,0
0.44212301036698,13020,2.208,0,0
0.44212325696753,13021,2.2084,0,0
0.44212350344339,13022,2.2088,0,0
0.44212374979457,13023,2.2092,0,0
0.44212399602106,13024,2.2096,0,0
0.44212424212286,13025,2.21,0,0
0.44212448809997,13026,2.2104,0,0
0.4421247339524,13027,2.2108,0,0
0.44212497968015,13028,2.2112,0,0
0.4421252252832,13029,2.2116,0,0
0.44212547076158,13030,2.212,0,0
0.44212571611526,13031,2.2124,0,0
0.44212596134426,13032,2.2128,0,0
0.44212620644858,13033,2.2132,0,0
0.44212645142821,13034,2.2136,0,0
0.44212669628315,13035,2.214,0,0
0.44212694101341,13036,2.2144,0,0
0.44212718561899,13037,2.2148,0,0
0.44212743009988,13038,2.2152,0,0
0.44212767445609,13039,2.2156,0,0
0.44212791868761,13040,2.216,0,0
0.44212816279445,13041,2.2164,0,0
0.44212840677661,13042,2.2168,0,0
0.44212865063408,13043,2.2172,0,0
0.44212889436687,13044,2.2176,0,0
0.44212913797497,13045,2.218,0,0
0.44212938145839,13046,2.2184,0,0
0.44212962481713,13047,2.2188,0,0
0.44212986805119,13048,2.2192,0,0
0.44213011116056,13049,2.2196,0,0
0.44213035414525,13050,2.22,0,0
0.44213059700526,13051,2.2204,0,0
0.44213083974059,13052,2.2208,0,0
0.44213108235123,13053,2.2212,0,0
0.4421313248372,13054,2.2216,0,0
0.44213156719848,13055,2.222,0,0
0.44213180943508,13056,2.2224,0,0
0.44213205154699,13057,2.2228,0,0
0.44213229353423,13058,2.2232,0,0
0.44213253539679,13059,2.2236,0,0
0.44213277713466,13060,2.224,0,0
0.44213301874786,13061,2.2244,0,0
0.44213326023637,13062,2.2248,0,0
0.44213350160021,13063,2.2252,0,0
0.44213374283936,13064,2.2256,0,0
0.44213398395383,13065,2.226,0,0
0.44213422494363,13066,2.2264,0,0
0.44213446580874,13067,2.2268,0,0
0.44213470654918,13068,2.2272,0,0
0.44213494716493,13069,2.2276,0,0
0.44213518765601,13070,2.228,0,0
0.44213542802241,13071,2.2284,0,0
0.44213566826412,13072,2.2288,0,0
0.44213590838116,13073,2.2292,0,0
0.44213614837353,13074,2.2296,0,0
0.44213638824121,13075,2.23,0,0
0.44213662798421,13076,2.2304,0,0
0.44213686760254,13077,2.2308,0,0
0.44213710709619,13078,2.2312,0,0
0.44213734646516,13079,2.2316,0,0
0.44213758570945,13080,2.232,0,0
0.44213782482907,13081,2.2324,0,0
0.44213806382401,13082,2.2328,0,0
0.44213830269427,13083,2.2332,0,0
0.44213854143985,13084,2.2336,0,0
0.44213878006076,13085,2.234,0,0
0.44213901855699,13086,2.2344,0,0
0.44213925692855,13087,2.2348,0,0
0.44213949517542,13088,2.2352,0,0
0.44213973329763,13089,2.2356,0,0
0.44213997129515,13090,2.236,0,0
0.442140209168,13091,2.2364,0,0
0.44214044691618,13092,2.2368,0,0
0.44214068453968,13093,2.2372,0,0
0.4421409220385,13094,2.2376,0,0
0.44214115941265,13095,2.238,0,0
0.44214139666213,13096,2.2384,0,0
0.44214163378693,13097,2.2388,0,0
0.44214187078705,13098,2.2392,0,0
0.4421421076625,13099,2.2396,0,0
0.44214234441328,13100,2.24,0,0
0.44214258103938,13101,2.2404,0,0
0.4421428175408,13102,2.2408,0,0
0.44214305391756,13103,2.2412,0,0
0.44214329016964,13104,2.2416,0,0
0.44214352629704,13105,2.242,0,0
0.44214376229978,13106,2.2424,0,0
0.44214399817784,13107,2.2428,0,0
0.44214423393122,13108,2.2432,0,0
0.44214446955994,13109,2.2436,0,0
0.44214470506398,13110,2.244,0,0
0.44214494044335,13111,2.2444,0,0
0.44214517569804,13112,2.2448,0,0
0.44214541082807,13113,2.2452,0,0
0.44214564583342,13114,2.2456,0,0
0.4421458807141,13115,2.246,0,0
0.44214611547011,13116,2.2464,0,0
0.44214635010144,13117,2.2468,0,0
0.44214658460811,13118,2.2472,0,0
0.4421468189901,13119,2.2476,0,0
0.44214705324742,13120,2.248,0,0
0.44214728738007,13121,2.2484,0,0
0.44214752138805,13122,2.2488,0,0
0.44214775527136,13123,2.2492,0,0
0.44214798903,13124,2.2496,0,0
0.44214822266397,13125,2.25,0,0
0.44214845617327,13126,2.2504,0,0
0.4421486895579,13127,2.2508,0,0
0.44214892281786,13128,2.2512,0,0
0.44214915595315,13129,2.2516,0,0
0.44214938896377,13130,2.252,0,0
0.44214962184972,13131,2.2524,0,0
0.442149854611,13132,2.2528,0,0
0.44215008724761,13133,2.2532,0,0
0.44215031975955,13134,2.2536,0,0
0.44215055214682,13135,2.254,0,0
0.44215078440943,13136,2.2544,0,0
0.44215101654737,13137,2.2548,0,0
0.44215124856063,13138,2.2552,0,0
0.44215148044923,13139,2.2556,0,0
0.44215171221317,13140,2.256,0,0
0.44215194385243,13141,2.2564,0,0
0.44215217536703,13142,2.2568,0,0
0.44215240675696,13143,2.2572,0,0
0.44215263802222,13144,2.2576,0,0
0.44215286916281,13145,2.258,0,0
0.44215310017874,13146,2.2584,0,0
0.44215333107,13147,2.2588,0,0
0.44215356183659,13148,2.2592,0,0
0.44215379247852,13149,2.2596,0,0
0.44215402299578,13150,2.26,0,0
0.44215425338838,13151,2.2604,0,0
0.4421544836563,13152,2.2608,0,0
0.44215471379957,13153,2.2612,0,0
0.44215494381816,13154,2.2616,0,0
0.44215517371209,13155,2.262,0,0
0.44215540348136,13156,2.2624,0,0
0.44215563312596,13157,2.2628,0,0
0.44215586264589,13158,2.2632,0,0
0.44215609204116,13159,2.2636,0,0
0.44215632131177,13160,2.264,0,0
0.44215655045771,13161,2.2644,0,0
0.44215677947898,13162,2.2648,0,0
0.44215700837559,13163,2.2652,0,0
0.44215723714754,13164,2.2656,0,0
0.44215746579482,13165,2.266,0,0
0.44215769431744,13166,2.2664,0,0
0.4421579227154,13167,2.2668,0,0
0.44215815098869,13168,2.2672,0,0
0.44215837913731,13169,2.2676,0,0
0.44215860716128,13170,2.268,0,0
0.44215883506058,13171,2.2684,0,0
0.44215906283522,13172,2.2688,0,0
0.44215929048519,13173,2.2692,0,0
0.44215951801051,13174,2.2696,0,0
0.44215974541116,13175,2.27,0,0
0.44215997268714,13176,2.2704,0,0
0.44216019983847,13177,2.2708,0,0
0.44216042686513,13178,2.2712,0,0
0.44216065376713,13179,2.2716,0,0
0.44216088054447,13180,2.272,0,0
0.44216110719715,13181,2.2724,0,0
0.44216133372517,13182,2.2728,0,0
0.44216156012852,13183,2.2732,0,0
0.44216178640721,13184,2.2736,0,0
0.44216201256125,13185,2.274,0,0
0.44216223859062,13186,2.2744,0,0
0.44216246449533,13187,2.2748,0,0
0.44216269027538,13188,2.2752,0,0
0.44216291593077,13189,2.2756,0,0
0.4421631414615,13190,2.276,0,0
0.44216336686757,13191,2.2764,0,0
0.44216359214898,13192,2.2768,0,0
0.44216381730573,13193,2.2772,0,0
0.44216404233782,13194,2.2776,0,0
0.44216426724525,13195,2.278,0,0
0.44216449202802,13196,2.2784,0,0
0.44216471668613,13197,2.2788,0,0
0.44216494121958,13198,2.2792,0,0
0.44216516562838,13199,2.2796,0,0
0.44216538991251,13200,2.28,0,0
0.44216561407199,13201,2.2804,0,0
0.44216583810681,13202,2.2808,0,0
0.44216606201697,13203,2.2812,0,0
0.44216628580247,13204,2.2816,0,0
0.44216650946331,13205,2.282,0,0
0.4421667329995,13206,2.2824,0,0
0.44216695641103,13207,2.2828,0,0
0.4421671796979,13208,2.2832,0,0
0.44216740286011,13209,2.2836,0,0
0.44216762589767,13210,2.284,0,0
0.44216784881057,13211,2.2844,0,0
0.44216807159881,13212,2.2848,0,0
0.44216829426239,13213,2.2852,0,0
0.44216851680132,13214,2.2856,0,0
0.44216873921559,13215,2.286,0,0
0.44216896150521,13216,2.2864,0,0
0.44216918367017,13217,2.2868,0,0
0.44216940571047,13218,2.2872,0,0
0.44216962762612,13219,2.2876,0,0
0.44216984941711,13220,2.288,0,0
0.44217007108345,13221,2.2884,0,0
0.44217029262513,13222,2.2888,0,0
0.44217051404215,13223,2.2892,0,0
0.44217073533452,13224,2.2896,0,0
0.44217095650224,13225,2.29,0,0
0.4421711775453,13226,2.2904,0,0
0.44217139846371,13227,2.2908,0,0
0.44217161925746,13228,2.2912,0,0
0.44217183992655,13229,2.2916,0,0
0.442172060471,13230,2.292,0,0
0.44217228089078,13231,2.2924,0,0
0.44217250118592,13232,2.2928,0,0
0.4421727213564,13233,2.2932,0,0
0.44217294140223,13234,2.2936,0,0
0.4421731613234,13235,2.294,0,0
0.44217338111992,13236,2.2944,0,0
0.44217360079179,13237,2.2948,0,0
0.442173820339,13238,2.2952,0,0
0.44217403976156,13239,2.2956,0,0
0.44217425905947,13240,2.296,0,0
0.44217447823273,13241,2.2964,0,0
0.44217469728133,13242,2.2968,0,0
0.44217491620528,13243,2.2972,0,0
0.44217513500458,13244,2.2976,0,0
0.44217535367923,13245,2.298,0,0
0.44217557222922,13246,2.2984,0,0
0.44217579065457,13247,2.2988,0,0
0.44217600895526,13248,2.2992,0,0
0.4421762271313,13249,2.2996,0,0
0.44217644518269,13250,2.3,0,0
0.44217666310942,13251,2.3004,0,0
0.44217688091151,13252,2.3008,0,0
0.44217709858895,13253,2.3012,0,0
0.44217731614173,13254,2.3016,0,0
0.44217753356987,13255,2.302,0,0
0.44217775087335,13256,2.3024,0,0
0.44217796805219,13257,2.3028,0,0
0.44217818510637,13258,2.3032,0,0
0.4421784020359,13259,2.3036,0,0
0.44217861884079,13260,2.304,0,0
0.44217883552102,13261,2.3044,0,0
0.44217905207661,13262,2.3048,0,0
0.44217926850754,13263,2.3052,0,0
0.44217948481383,13264,2.3056,0,0
0.44217970099547,13265,2.306,0,0
0.44217991705246,13266,2.3064,0,0
0.4421801329848,13267,2.3068,0,0
0.44218034879249,13268,2.3072,0,0
0.44218056447553,13269,2.3076,0,0
0.44218078003392,13270,2.308,0,0
0.44218099546767,13271,2.3084,0,0
0.44218121077677,13272,2.3088,0,0
0.44218142596122,13273,2.3092,0,0
0.44218164102102,13274,2.3096,0,0
0.44218185595617,13275,2.31,0,0
0.44218207076668,13276,2.3104,0,0
0.44218228545254,13277,2.3108,0,0
0.44218250001375,13278,2.3112,0,0
0.44218271445032,13279,2.3116,0,0
0.44218292876224,13280,2.312,0,0
0.44218314294951,13281,2.3124,0,0
0.44218335701214,13282,2.3128,0,0
0.44218357095011,13283,2.3132,0,0
0.44218378476345,13284,2.3136,0,0
0.44218399845213,13285,2.314,0,0
0.44218421201617,13286,2.3144,0,0
0.44218442545557,13287,2.3148,0,0
0.44218463877032,13288,2.3152,0,0
0.44218485196042,13289,2.3156,0,0
0.44218506502588,13290,2.316,0,0
0.44218527796669,13291,2.3164,0,0
0.44218549078286,13292,2.3168,0,0
0.44218570347438,13293,2.3172,0,0
0.44218591604126,13294,2.3176,0,0
0.44218612848349,13295,2.318,0,0
0.44218634080108,13296,2.3184,0,0
0.44218655299402,13297,2.3188,0,0
0.44218676506232,13298,2.3192,0,0
0.44218697700598,13299,2.3196,0,0
0.44218718882499,13300,2.32,0,0
0.44218740051936,13301,2.3204,0,0
0.44218761208908,13302,2.3208,0,0
0.44218782353416,13303,2.3212,0,0
0.4421880348546,13304,2.3216,0,0
0.44218824605039,13305,2.322,0,0
0.44218845712154,13306,2.3224,0,0
0.44218866806805,13307,2.3228,0,0
0.44218887888991,13308,2.3232,0,0
0.44218908958713,13309,2.3236,0,0
0.44218930015971,13310,2.324,0,0
0.44218951060765,13311,2.3244,0,0
0.44218972093094,13312,2.3248,0,0
0.4421899311296,13313,2.3252,0,0
0.44219014120361,13314,2.3256,0,0
0.44219035115297,13315,2.326,0,0
0.4421905609777,13316,2.3264,0,0
0.44219077067779,13317,2.3268,0,0
0.44219098025323,13318,2.3272,0,0
0.44219118970403,13319,2.3276,0,0
0.44219139903019,13320,2.328,0,0
0.44219160823171,13321,2.3284,0,0
0.44219181730859,13322,2.3288,0,0
0.44219202626083,13323,2.3292,0,0
0.44219223508843,13324,2.3296,0,0
0.44219244379139,13325,2.33,0,0
0.4421926523697,13326,2.3304,0,0
0.44219286082338,13327,2.3308,0,0
0.44219306915242,13328,2.3312,0,0
0.44219327735681,13329,2.3316,0,0
0.44219348543657,13330,2.332,0,0
0.44219369339169,13331,2.3324,0,0
0.44219390122217,13332,2.3328,0,0
0.442194108928,13333,2.3332,0,0
0.4421943165092,13334,2.3336,0,0
0.44219452396576,13335,2.334,0,0
0.44219473129769,13336,2.3344,0,0
0.44219493850497,13337,2.3348,0,0
0.44219514558761,13338,2.3352,0,0
0.44219535254562,13339,2.3356,0,0
0.44219555937899,13340,2.336,0,0
0.44219576608772,13341,2.3364,0,0
0.44219597267181,13342,2.3368,0,0
0.44219617913126,13343,2.3372,0,0
0.44219638546608,13344,2.3376,0,0
0.44219659167625,13345,2.338,0,0
0.44219679776179,13346,2.3384,0,0
0.4421970037227,13347,2.3388,0,0
0.44219720955896,13348,2.3392,0,0
0.44219741527059,13349,2.3396,0,0
0.44219762085758,13350,2.34,0,0
0.44219782631994,13351,2.3404,0,0
0.44219803165766,13352,2.3408,0,0
0.44219823687074,13353,2.3412,0,0
0.44219844195918,13354,2.3416,0,0
0.44219864692299,13355,2.342,0,0
0.44219885176216,13356,2.3424,0,0
0.4421990564767,13357,2.3428,0,0
0.4421992610666,13358,2.3432,0,0
0.44219946553187,13359,2.3436,0,0
0.4421996698725,13360,2.344,0,0
0.44219987408849,13361,2.3444,0,0
0.44220007817985,13362,2.3448,0,0
0.44220028214657,13363,2.3452,0,0
0.44220048598866,13364,2.3456,0,0
0.44220068970612,13365,2.346,0,0
0.44220089329894,13366,2.3464,0,0
0.44220109676712,13367,2.3468,0,0
0.44220130011067,13368,2.3472,0,0
0.44220150332959,13369,2.3476,0,0
0.44220170642387,13370,2.348,0,0
0.44220190939352,13371,2.3484,0,0
0.44220211223853,13372,2.3488,0,0
0.44220231495891,13373,2.3492,0,0
0.44220251755466,13374,2.3496,0,0
0.44220272002577,13375,2.35,0,0
0.44220292237225,13376,2.3504,0,0
0.4422031245941,13377,2.3508,0,0
0.44220332669131,13378,2.3512,0,0
0.44220352866389,13379,2.3516,0,0
0.44220373051184,13380,2.352,0,0
0.44220393223515,13381,2.3524,0,0
0.44220413383383,13382,2.3528,0,0
0.44220433530788,13383,2.3532,0,0
0.4422045366573,13384,2.3536,0,0
0.44220473788208,13385,2.354,0,0
0.44220493898224,13386,2.3544,0,0
0.44220513995776,13387,2.3548,0,0
0.44220534080865,13388,2.3552,0,0
0.44220554153491,13389,2.3556,0,0
0.44220574213653,13390,2.356,0,0
0.44220594261353,13391,2.3564,0,0
0.44220614296589,13392,2.3568,0,0
0.44220634319363,13393,2.3572,0,0
0.44220654329673,13394,2.3576,0,0
0.4422067432752,13395,2.358,0,0
0.44220694312904,13396,2.3584,0,0
0.44220714285825,13397,2.3588,0,0
0.44220734246283,13398,2.3592,0,0
0.44220754194278,13399,2.3596,0,0
0.4422077412981,13400,2.36,0,0
0.44220794052879,13401,2.3604,0,0
0.44220813963485,13402,2.3608,0,0
0.44220833861628,13403,2.3612,0,0
0.44220853747308,13404,2.3616,0,0
0.44220873620525,13405,2.362,0,0
0.44220893481279,13406,2.3624,0,0
0.44220913329571,13407,2.3628,0,0
0.44220933165399,13408,2.3632,0,0
0.44220952988764,13409,2.3636,0,0
0.44220972799667,13410,2.364,0,0
0.44220992598107,13411,2.3644,0,0
0.44221012384084,13412,2.3648,0,0
0.44221032157598,13413,2.3652,0,0
0.44221051918649,13414,2.3656,0,0
0.44221071667237,13415,2.366,0,0
0.44221091403363,13416,2.3664,0,0
0.44221111127026,13417,2.3668,0,0
0.44221130838226,13418,2.3672,0,0
0.44221150536963,13419,2.3676,0,0
0.44221170223238,13420,2.368,0,0
0.44221189897049,13421,2.3684,0,0
0.44221209558399,13422,2.3688,0,0
0.44221229207285,13423,2.3692,0,0
0.44221248843709,13424,2.3696,0,0
0.4422126846767,13425,2.37,0,0
0.44221288079168,13426,2.3704,0,0
0.44221307678204,13427,2.3708,0,0
0.44221327264777,13428,2.3712,0,0
0.44221346838887,13429,2.3716,0,0
0.44221366400535,13430,2.372,0,0
0.44221385949721,13431,2.3724,0,0
0.44221405486443,13432,2.3728,0,0
0.44221425010703,13433,2.3732,0,0
0.44221444522501,13434,2.3736,0,0
0.44221464021836,13435,2.374,0,0
0.44221483508708,13436,2.3744,0,0
0.44221502983118,13437,2.3748,0,0
0.44221522445066,13438,2.3752,0,0
0.44221541894551,13439,2.3756,0,0
0.44221561331573,13440,2.376,0,0
0.44221580756133,13441,2.3764,0,0
0.44221600168231,13442,2.3768,0,0
0.44221619567866,13443,2.3772,0,0
0.44221638955039,13444,2.3776,0,0
0.44221658329749,13445,2.378,0,0
0.44221677691997,13446,2.3784,0,0
0.44221697041782,13447,2.3788,0,0
0.44221716379106,13448,2.3792,0,0
0.44221735703966,13449,2.3796,0,0
0.44221755016365,13450,2.38,0,0
0.44221774316301,13451,2.3804,0,0
0.44221793603775,13452,2.3808,0,0
0.44221812878786,13453,2.3812,0,0
0.44221832141335,13454,2.3816,0,0
0.44221851391422,13455,2.382,0,0
0.44221870629047,13456,2.3824,0,0
0.44221889854209,13457,2.3828,0,0
0.44221909066909,13458,2.3832,0,0
0.44221928267147,13459,2.3836,0,0
0.44221947454923,13460,2.384,0,0
0.44221966630236,13461,2.3844,0,0
0.44221985793088,13462,2.3848,0,0
0.44222004943477,13463,2.3852,0,0
0.44222024081404,13464,2.3856,0,0
0.44222043206869,13465,2.386,0,0
0.44222062319871,13466,2.3864,0,0
0.44222081420412,13467,2.3868,0,0
0.4422210050849,13468,2.3872,0,0
0.44222119584107,13469,2.3876,0,0
0.44222138647261,13470,2.388,0,0
0.44222157697953,13471,2.3884,0,0
0.44222176736183,13472,2.3888,0,0
0.44222195761951,13473,2.3892,0,0
0.44222214775257,13474,2.3896,0,0
0.44222233776101,13475,2.39,0,0
0.44222252764483,13476,2.3904,0,0
0.44222271740403,13477,2.3908,0,0
0.44222290703861,13478,2.3912,0,0
0.44222309654857,13479,2.3916,0,0
0.44222328593391,13480,2.392,0,0
0.44222347519463,13481,2.3924,0,0
0.44222366433073,13482,2.3928,0,0
0.44222385334222,13483,2.3932,0,0
0.44222404222908,13484,2.3936,0,0
0.44222423099133,13485,2.394,0,0
0.44222441962895,13486,2.3944,0,0
0.44222460814196,13487,2.3948,0,0
0.44222479653035,13488,2.3952,0,0
0.44222498479412,13489,2.3956,0,0
0.44222517293327,13490,2.396,0,0
0.4422253609478,13491,2.3964,0,0
0.44222554883772,13492,2.3968,0,0
0.44222573660302,13493,2.3972,0,0
0.4422259242437,13494,2.3976,0,0
0.44222611175976,13495,2.398,0,0
0.4422262991512,13496,2.3984,0,0
0.44222648641803,13497,2.3988,0,0
0.44222667356024,13498,2.3992,0,0
0.44222686057783,13499,2.3996,0,0
0.44222704747081,13500,2.4,0,0
0.44222723423917,13501,2.4004,0,0
0.44222742088291,13502,2.4008,0,0
0.44222760740203,13503,2.4012,0,0
0.44222779379654,13504,2.4016,0,0
0.44222798006643,13505,2.402,0,0
0.44222816621171,13506,2.4024,0,0
0.44222835223237,13507,2.4028,0,0
0.44222853812841,13508,2.4032,0,0
0.44222872389984,13509,2.4036,0,0
0.44222890954665,13510,2.404,0,0
0.44222909506885,13511,2.4044,0,0
0.44222928046643,13512,2.4048,0,0
0.4422294657394,13513,2.4052,0,0
0.44222965088775,13514,2.4056,0,0
0.44222983591148,13515,2.406,0,0
0.4422300208106,13516,2.4064,0,0
0.44223020558511,13517,2.4068,0,0
0.442230390235,13518,2.4072,0,0
0.44223057476027,13519,2.4076,0,0
0.44223075916093,13520,2.408,0,0
0.44223094343698,13521,2.4084,0,0
0.44223112758841,13522,2.4088,0,0
0.44223131161523,13523,2.4092,0,0
0.44223149551744,13524,2.4096,0,0
0.44223167929503,13525,2.41,0,0
0.442231862948,13526,2.4104,0,0
0.44223204647637,13527,2.4108,0,0
0.44223222988012,13528,2.4112,0,0
0.44223241315925,13529,2.4116,0,0
0.44223259631377,13530,2.412,0,0
0.44223277934368,13531,2.4124,0,0
0.44223296224898,13532,2.4128,0,0
0.44223314502966,13533,2.4132,0,0
0.44223332768574,13534,2.4136,0,0
0.44223351021719,13535,2.414,0,0
0.44223369262404,13536,2.4144,0,0
0.44223387490627,13537,2.4148,0,0
0.44223405706389,13538,2.4152,0,0
0.4422342390969,13539,2.4156,0,0
0.4422344210053,13540,2.416,0,0
0.44223460278908,13541,2.4164,0,0
0.44223478444826,13542,2.4168,0,0
0.44223496598282,13543,2.4172,0,0
0.44223514739277,13544,2.4176,0,0
0.4422353286781,13545,2.418,0,0
0.44223550983883,13546,2.4184,0,0
0.44223569087495,13547,2.4188,0,0
0.44223587178645,13548,2.4192,0,0
0.44223605257335,13549,2.4196,0,0
0.44223623323563,13550,2.42,0,0
0.4422364137733,13551,2.4204,0,0
0.44223659418636,13552,2.4208,0,0
0.44223677447481,13553,2.4212,0,0
0.44223695463865,13554,2.4216,0,0
0.44223713467788,13555,2.422,0,0
0.4422373145925,13556,2.4224,0,0
0.44223749438251,13557,2.4228,0,0
0.44223767404792,13558,2.4232,0,0
0.44223785358871,13559,2.4236,0,0
0.44223803300489,13560,2.424,0,0
0.44223821229646,13561,2.4244,0,0
0.44223839146342,13562,2.4248,0,0
0.44223857050577,13563,2.4252,0,0
0.44223874942352,13564,2.4256,0,0
0.44223892821665,13565,2.426,0,0
0.44223910688518,13566,2.4264,0,0
0.4422392854291,13567,2.4268,0,0
0.44223946384841,13568,2.4272,0,0
0.44223964214311,13569,2.4276,0,0
0.4422398203132,13570,2.428,0,0
0.44223999835868,13571,2.4284,0,0
0.44224017627956,13572,2.4288,0,0
0.44224035407582,13573,2.4292,0,0
0.44224053174748,13574,2.4296,0,0
0.44224070929453,13575,2.43,0,0
0.44224088671698,13576,2.4304,0,0
0.44224106401481,13577,2.4308,0,0
0.44224124118804,13578,2.4312,0,0
0.44224141823666,13579,2.4316,0,0
0.44224159516068,13580,2.432,0,0
0.44224177196009,13581,2.4324,0,0
0.44224194863489,13582,2.4328,0,0
0.44224212518508,13583,2.4332,0,0
0.44224230161067,13584,2.4336,0,0
0.44224247791165,13585,2.434,0,0
0.44224265408802,13586,2.4344,0,0
0.44224283013979,13587,2.4348,0,0
0.44224300606695,13588,2.4352,0,0
0.4422431818695,13589,2.4356,0,0
0.44224335754745,13590,2.436,0,0
0.4422435331008,13591,2.4364,0,0
0.44224370852953,13592,2.4368,0,0
0.44224388383366,13593,2.4372,0,0
0.44224405901319,13594,2.4376,0,0
0.44224423406811,13595,2.438,0,0
0.44224440899843,13596,2.4384,0,0
0.44224458380414,13597,2.4388,0,0
0.44224475848524,13598,2.4392,0,0
0.44224493304174,13599,2.4396,0,0
0.44224510747364,13600,2.44,0,0
0.44224528178093,13601,2.4404,0,0
0.44224545596361,13602,2.4408,0,0
0.44224563002169,13603,2.4412,0,0
0.44224580395517,13604,2.4416,0,0
0.44224597776404,13605,2.442,0,0
0.44224615144831,13606,2.4424,0,0
0.44224632500798,13607,2.4428,0,0
0.44224649844304,13608,2.4432,0,0
0.4422466717535,13609,2.4436,0,0
0.44224684493935,13610,2.444,0,0
0.4422470180006,13611,2.4444,0,0
0.44224719093725,13612,2.4448,0,0
0.44224736374929,13613,2.4452,0,0
0.44224753643673,13614,2.4456,0,0
0.44224770899957,13615,2.446,0,0
0.4422478814378,13616,2.4464,0,0
0.44224805375143,13617,2.4468,0,0
0.44224822594046,13618,2.4472,0,0
0.44224839800489,13619,2.4476,0,0
0.44224856994471,13620,2.448,0,0
0.44224874175993,13621,2.4484,0,0
0.44224891345055,13622,2.4488,0,0
0.44224908501657,13623,2.4492,0,0
0.44224925645798,13624,2.4496,0,0
0.44224942777479,13625,2.45,0,0
0.44224959896701,13626,2.4504,0,0
0.44224977003461,13627,2.4508,0,0
0.44224994097762,13628,2.4512,0,0
0.44225011179603,13629,2.4516,0,0
0.44225028248983,13630,2.452,0,0
0.44225045305904,13631,2.4524,0,0
0.44225062350364,13632,2.4528,0,0
0.44225079382364,13633,2.4532,0,0
0.44225096401904,13634,2.4536,0,0
0.44225113408984,13635,2.454,0,0
0.44225130403604,13636,2.4544,0,0
0.44225147385764,13637,2.4548,0,0
0.44225164355464,13638,2.4552,0,0
0.44225181312704,13639,2.4556,0,0
0.44225198257484,13640,2.456,0,0
0.44225215189803,13641,2.4564,0,0
0.44225232109663,13642,2.4568,0,0
0.44225249017063,13643,2.4572,0,0
0.44225265912003,13644,2.4576,0,0
0.44225282794483,13645,2.458,0,0
0.44225299664503,13646,2.4584,0,0
0.44225316522063,13647,2.4588,0,0
0.44225333367163,13648,2.4592,0,0
0.44225350199803,13649,2.4596,0,0
0.44225367019983,13650,2.46,0,0
0.44225383827704,13651,2.4604,0,0
0.44225400622964,13652,2.4608,0,0
0.44225417405765,13653,2.4612,0,0
0.44225434176105,13654,2.4616,0,0
0.44225450933986,13655,2.462,0,0
0.44225467679407,13656,2.4624,0,0
0.44225484412369,13657,2.4628,0,0
0.4422550113287,13658,2.4632,0,0
0.44225517840912,13659,2.4636,0,0
0.44225534536494,13660,2.464,0,0
0.44225551219616,13661,2.4644,0,0
0.44225567890278,13662,2.4648,0,0
0.44225584548481,13663,2.4652,0,0
0.44225601194223,13664,2.4656,0,0
0.44225617827506,13665,2.466,0,0
0.4422563444833,13666,2.4664,0,0
0.44225651056693,13667,2.4668,0,0
0.44225667652597,13668,2.4672,0,0
0.44225684236042,13669,2.4676,0,0
0.44225700807026,13670,2.468,0,0
0.44225717365551,13671,2.4684,0,0
0.44225733911616,13672,2.4688,0,0
0.44225750445222,13673,2.4692,0,0
0.44225766966368,13674,2.4696,0,0
0.44225783475054,13675,2.47,0,0
0.44225799971281,13676,2.4704,0,0
0.44225816455048,13677,2.4708,0,0
0.44225832926356,13678,2.4712,0,0
0.44225849385204,13679,2.4716,0,0
0.44225865831592,13680,2.472,0,0
0.44225882265521,13681,2.4724,0,0
0.4422589868699,13682,2.4728,0,0
0.44225915096,13683,2.4732,0,0
0.4422593149255,13684,2.4736,0,0
0.44225947876641,13685,2.474,0,0
0.44225964248272,13686,2.4744,0,0
0.44225980607444,13687,2.4748,0,0
0.44225996954156,13688,2.4752,0,0
0.44226013288409,13689,2.4756,0,0
0.44226029610202,13690,2.476,0,0
0.44226045919536,13691,2.4764,0,0
0.44226062216411,13692,2.4768,0,0
0.44226078500826,13693,2.4772,0,0
0.44226094772782,13694,2.4776,0,0
0.44226111032278,13695,2.478,0,0
0.44226127279315,13696,2.4784,0,0
0.44226143513892,13697,2.4788,0,0
0.4422615973601,13698,2.4792,0,0
0.44226175945669,13699,2.4796,0,0
0.44226192142868,13700,2.48,0,0
0.44226208327609,13701,2.4804,0,0
0.44226224499889,13702,2.4808,0,0
0.44226240659711,13703,2.4812,0,0
0.44226256807073,13704,2.4816,0,0
0.44226272941976,13705,2.482,0,0
0.44226289064419,13706,2.4824,0,0
0.44226305174404,13707,2.4828,0,0
0.44226321271929,13708,2.4832,0,0
0.44226337356995,13709,2.4836,0,0
0.44226353429601,13710,2.484,0,0
0.44226369489748,13711,2.4844,0,0
0.44226385537437,13712,2.4848,0,0
0.44226401572665,13713,2.4852,0,0
0.44226417595435,13714,2.4856,0,0
0.44226433605746,13715,2.486,0,0
0.44226449603597,13716,2.4864,0,0
0.44226465588989,13717,2.4868,0,0
0.44226481561922,13718,2.4872,0,0
0.44226497522396,13719,2.4876,0,0
0.44226513470411,13720,2.488,0,0
0.44226529405967,13721,2.4884,0,0
0.44226545329063,13722,2.4888,0,0
0.44226561239701,13723,2.4892,0,0
0.44226577137879,13724,2.4896,0,0
0.44226593023599,13725,2.49,0,0
0.44226608896859,13726,2.4904,0,0
0.4422662475766,13727,2.4908,0,0
0.44226640606002,13728,2.4912,0,0
0.44226656441885,13729,2.4916,0,0
0.4422667226531,13730,2.492,0,0
0.44226688076275,13731,2.4924,0,0
0.44226703874781,13732,2.4928,0,0
0.44226719660828,13733,2.4932,0,0
0.44226735434416,13734,2.4936,0,0
0.44226751195545,13735,2.494,0,0
0.44226766944215,13736,2.4944,0,0
0.44226782680427,13737,2.4948,0,0
0.44226798404179,13738,2.4952,0,0
0.44226814115472,13739,2.4956,0,0
0.44226829814307,13740,2.496,0,0
0.44226845500683,13741,2.4964,0,0
0.44226861174599,13742,2.4968,0,0
0.44226876836057,13743,2.4972,0,0
0.44226892485056,13744,2.4976,0,0
0.44226908121596,13745,2.498,0,0
0.44226923745677,13746,2.4984,0,0
0.442269393573,13747,2.4988,0,0
0.44226954956463,13748,2.4992,0,0
0.44226970543168,13749,2.4996,0,0
0.44226986117414,13750,2.5,0,0
0.44227001679201,13751,2.5004,0,0
0.4422701722853,13752,2.5008,0,0
0.44227032765399,13753,2.5012,0,0
0.4422704828981,13754,2.5016,0,0
0.44227063801762,13755,2.502,0,0
0.44227079301255,13756,2.5024,0,0
0.4422709478829,13757,2.5028,0,0
0.44227110262866,13758,2.5032,0,0
0.44227125724983,13759,2.5036,0,0
0.44227141174641,13760,2.504,0,0
0.44227156611841,13761,2.5044,0,0
0.44227172036582,13762,2.5048,0,0
0.44227187448865,13763,2.5052,0,0
0.44227202848688,13764,2.5056,0,0
0.44227218236053,13765,2.506,0,0
0.4422723361096,13766,2.5064,0,0
0.44227248973408,13767,2.5068,0,0
0.44227264323397,13768,2.5072,0,0
0.44227279660928,13769,2.5076,0,0
0.44227294986,13770,2.508,0,0
0.44227310298613,13771,2.5084,0,0
0.44227325598768,13772,2.5088,0,0
0.44227340886464,13773,2.5092,0,0
0.44227356161702,13774,2.5096,0,0
0.44227371424481,13775,2.51,0,0
0.44227386674801,13776,2.5104,0,0
0.44227401912664,13777,2.5108,0,0
0.44227417138067,13778,2.5112,0,0
0.44227432351012,13779,2.5116,0,0
0.44227447551499,13780,2.512,0,0
0.44227462739527,13781,2.5124,0,0
0.44227477915096,13782,2.5128,0,0
0.44227493078208,13783,2.5132,0,0
0.4422750822886,13784,2.5136,0,0
0.44227523367054,13785,2.514,0,0
0.4422753849279,13786,2.5144,0,0
0.44227553606068,13787,2.5148,0,0
0.44227568706887,13788,2.5152,0,0
0.44227583795247,13789,2.5156,0,0
0.44227598871149,13790,2.516,0,0
0.44227613934593,13791,2.5164,0,0
0.44227628985579,13792,2.5168,0,0
0.44227644024106,13793,2.5172,0,0
0.44227659050174,13794,2.5176,0,0
0.44227674063785,13795,2.518,0,0
0.44227689064937,13796,2.5184,0,0
0.4422770405363,13797,2.5188,0,0
0.44227719029866,13798,2.5192,0,0
0.44227733993643,13799,2.5196,0,0
0.44227748944962,13800,2.52,0,0
0.44227763883822,13801,2.5204,0,0
0.44227778810225,13802,2.5208,0,0
0.44227793724168,13803,2.5212,0,0
0.44227808625654,13804,2.5216,0,0
0.44227823514682,13805,2.522,0,0
0.44227838391251,13806,2.5224,0,0
0.44227853255362,13807,2.5228,0,0
0.44227868107015,13808,2.5232,0,0
0.44227882946209,13809,2.5236,0,0
0.44227897772946,13810,2.524,0,0
0.44227912587224,13811,2.5244,0,0
0.44227927389044,13812,2.5248,0,0
0.44227942178406,13813,2.5252,0,0
0.4422795695531,13814,2.5256,0,0
0.44227971719756,13815,2.526,0,0
0.44227986471743,13816,2.5264,0,0
0.44228001211272,13817,2.5268,0,0
0.44228015938344,13818,2.5272,0,0
0.44228030652957,13819,2.5276,0,0
0.44228045355112,13820,2.528,0,0
0.44228060044809,13821,2.5284,0,0
0.44228074722048,13822,2.5288,0,0
0.44228089386829,13823,2.5292,0,0
0.44228104039152,13824,2.5296,0,0
0.44228118679016,13825,2.53,0,0
0.44228133306423,13826,2.5304,0,0
0.44228147921372,13827,2.5308,0,0
0.44228162523862,13828,2.5312,0,0
0.44228177113895,13829,2.5316,0,0
0.4422819169147,13830,2.532,0,0
0.44228206256587,13831,2.5324,0,0
0.44228220809245,13832,2.5328,0,0
0.44228235349446,13833,2.5332,0,0
0.44228249877189,13834,2.5336,0,0
0.44228264392474,13835,2.534,0,0
0.44228278895301,13836,2.5344,0,0
0.4422829338567,13837,2.5348,0,0
0.44228307863581,13838,2.5352,0,0
0.44228322329034,13839,2.5356,0,0
0.44228336782029,13840,2.536,0,0
0.44228351222567,13841,2.5364,0,0
0.44228365650646,13842,2.5368,0,0
0.44228380066268,13843,2.5372,0,0
0.44228394469432,13844,2.5376,0,0
0.44228408860138,13845,2.538,0,0
0.44228423238386,13846,2.5384,0,0
0.44228437604177,13847,2.5388,0,0
0.44228451957509,13848,2.5392,0,0
0.44228466298384,13849,2.5396,0,0
0.44228480626801,13850,2.54,0,0
0.4422849494276,13851,2.5404,0,0
0.44228509246261,13852,2.5408,0,0
0.44228523537305,13853,2.5412,0,0
0.44228537815891,13854,2.5416,0,0
0.44228552082019,13855,2.542,0,0
0.44228566335689,13856,2.5424,0,0
0.44228580576902,13857,2.5428,0,0
0.44228594805657,13858,2.5432,0,0
0.44228609021954,13859,2.5436,0,0
0.44228623225793,13860,2.544,0,0
0.44228637417175,13861,2.5444,0,0
0.44228651596099,13862,2.5448,0,0
0.44228665762566,13863,2.5452,0,0
0.44228679916574,13864,2.5456,0,0
0.44228694058125,13865,2.546,0,0
0.44228708187219,13866,2.5464,0,0
0.44228722303855,13867,2.5468,0,0
0.44228736408033,13868,2.5472,0,0
0.44228750499754,13869,2.5476,0,0
0.44228764579017,13870,2.548,0,0
0.44228778645822,13871,2.5484,0,0
0.4422879270017,13872,2.5488,0,0
0.4422880674206,13873,2.5492,0,0
0.44228820771493,13874,2.5496,0,0
0.44228834788468,13875,2.55,0,0
0.44228848792985,13876,2.5504,0,0
0.44228862785045,13877,2.5508,0,0
0.44228876764648,13878,2.5512,0,0
0.44228890731793,13879,2.5516,0,0
0.4422890468648,13880,2.552,0,0
0.4422891862871,13881,2.5524,0,0
0.44228932558483,13882,2.5528,0,0
0.44228946475798,13883,2.5532,0,0
0.44228960380655,13884,2.5536,0,0
0.44228974273056,13885,2.554,0,0
0.44228988152998,13886,2.5544,0,0
0.44229002020483,13887,2.5548,0,0
0.44229015875511,13888,2.5552,0,0
0.44229029718081,13889,2.5556,0,0
0.44229043548194,13890,2.556,0,0
0.4422905736585,13891,2.5564,0,0
0.44229071171048,13892,2.5568,0,0
0.44229084963789,13893,2.5572,0,0
0.44229098744072,13894,2.5576,0,0
0.44229112511898,13895,2.558,0,0
0.44229126267266,13896,2.5584,0,0
0.44229140010178,13897,2.5588,0,0
0.44229153740632,13898,2.5592,0,0
0.44229167458628,13899,2.5596,0,0
0.44229181164167,13900,2.56,0,0
0.44229194857249,13901,2.5604,0,0
0.44229208537874,13902,2.5608,0,0
0.44229222206041,13903,2.5612,0,0
0.44229235861751,13904,2.5616,0,0
0.44229249505004,13905,2.562,0,0
0.442292631358,13906,2.5624,0,0
0.44229276754138,13907,2.5628,0,0
0.44229290360019,13908,2.5632,0,0
0.44229303953443,13909,2.5636,0,0
0.44229317534409,13910,2.564,0,0
0.44229331102918,13911,2.5644,0,0
0.44229344658971,13912,2.5648,0,0
0.44229358202565,13913,2.5652,0,0
0.44229371733703,13914,2.5656,0,0
0.44229385252384,13915,2.566,0,0
0.44229398758607,13916,2.5664,0,0
0.44229412252373,13917,2.5668,0,0
0.44229425733682,13918,2.5672,0,0
0.44229439202534,13919,2.5676,0,0
0.44229452658929,13920,2.568,0,0
0.44229466102866,13921,2.5684,0,0
0.44229479534347,13922,2.5688,0,0
0.4422949295337,13923,2.5692,0,0
0.44229506359936,13924,2.5696,0,0
0.44229519754046,13925,2.57,0,0
0.44229533135698,13926,2.5704,0,0
0.44229546504893,13927,2.5708,0,0
0.44229559861631,13928,2.5712,0,0
0.44229573205912,13929,2.5716,0,0
0.44229586537735,13930,2.572,0,0
0.44229599857102,13931,2.5724,0,0
0.44229613164012,13932,2.5728,0,0
0.44229626458465,13933,2.5732,0,0
0.4422963974046,13934,2.5736,0,0
0.44229653009999,13935,2.574,0,0
0.44229666267081,13936,2.5744,0,0
0.44229679511706,13937,2.5748,0,0
0.44229692743873,13938,2.5752,0,0
0.44229705963584,13939,2.5756,0,0
0.44229719170838,13940,2.576,0,0
0.44229732365635,13941,2.5764,0,0
0.44229745547975,13942,2.5768,0,0
0.44229758717858,13943,2.5772,0,0
0.44229771875284,13944,2.5776,0,0
0.44229785020253,13945,2.578,0,0
0.44229798152765,13946,2.5784,0,0
0.44229811272821,13947,2.5788,0,0
0.44229824380419,13948,2.5792,0,0
0.44229837475561,13949,2.5796,0,0
0.44229850558246,13950,2.58,0,0
0.44229863628474,13951,2.5804,0,0
0.44229876686245,13952,2.5808,0,0
0.44229889731559,13953,2.5812,0,0
0.44229902764416,13954,2.5816,0,0
0.44229915784817,13955,2.582,0,0
0.4422992879276,13956,2.5824,0,0
0.44229941788247,13957,2.5828,0,0
0.44229954771277,13958,2.5832,0,0
0.44229967741851,13959,2.5836,0,0
0.44229980699967,13960,2.584,0,0
0.44229993645627,13961,2.5844,0,0
0.4423000657883,13962,2.5848,0,0
0.44230019499576,13963,2.5852,0,0
0.44230032407866,13964,2.5856,0,0
0.44230045303698,13965,2.586,0,0
0.44230058187074,13966,2.5864,0,0
0.44230071057994,13967,2.5868,0,0
0.44230083916456,13968,2.5872,0,0
0.44230096762462,13969,2.5876,0,0
0.44230109596011,13970,2.588,0,0
0.44230122417104,13971,2.5884,0,0
0.4423013522574,13972,2.5888,0,0
0.44230148021919,13973,2.5892,0,0
0.44230160805641,13974,2.5896,0,0
0.44230173576907,13975,2.59,0,0
0.44230186335716,13976,2.5904,0,0
0.44230199082069,13977,2.5908,0,0
0.44230211815965,13978,2.5912,0,0
0.44230224537404,13979,2.5916,0,0
0.44230237246387,13980,2.592,0,0
0.44230249942913,13981,2.5924,0,0
0.44230262626983,13982,2.5928,0,0
0.44230275298596,13983,2.5932,0,0
0.44230287957752,13984,2.5936,0,0
0.44230300604452,13985,2.594,0,0
0.44230313238695,13986,2.5944,0,0
0.44230325860482,13987,2.5948,0,0
0.44230338469812,13988,2.5952,0,0
0.44230351066685,13989,2.5956,0,0
0.44230363651103,13990,2.596,0,0
0.44230376223063,13991,2.5964,0,0
0.44230388782567,13992,2.5968,0,0
0.44230401329615,13993,2.5972,0,0
0.44230413864206,13994,2.5976,0,0
0.44230426386341,13995,2.598,0,0
0.44230438896019,13996,2.5984,0,0
0.4423045139324,13997,2.5988,0,0
0.44230463878006,13998,2.5992,0,0
0.44230476350314,13999,2.5996,0,0
0.44230488810167,14000,2.6,0,0
0.44230501257563,14001,2.6004,0,0
0.44230513692502,14002,2.6008,0,0
0.44230526114985,14003,2.6012,0,0
0.44230538525012,14004,2.6016,0,0
0.44230550922582,14005,2.602,0,0
0.44230563307696,14006,2.6024,0,0
0.44230575680354,14007,2.6028,0,0
0.44230588040555,14008,2.6032,0,0
0.44230600388299,14009,2.6036,0,0
0.44230612723588,14010,2.604,0,0
0.4423062504642,14011,2.6044,0,0
0.44230637356796,14012,2.6048,0,0
0.44230649654715,14013,2.6052,0,0
0.44230661940178,14014,2.6056,0,0
0.44230674213185,14015,2.606,0,0
0.44230686473735,14016,2.6064,0,0
0.4423069872183,14017,2.6068,0,0
0.44230710957467,14018,2.6072,0,0
0.44230723180649,14019,2.6076,0,0
0.44230735391374,14020,2.608,0,0
0.44230747589644,14021,2.6084,0,0
0.44230759775456,14022,2.6088,0,0
0.44230771948813,14023,2.6092,0,0
0.44230784109713,14024,2.6096,0,0
0.44230796258157,14025,2.61,0,0
0.44230808394145,14026,2.6104,0,0
0.44230820517677,14027,2.6108,0,0
0.44230832628752,14028,2.6112,0,0
0.44230844727372,14029,2.6116,0,0
0.44230856813535,14030,2.612,0,0
0.44230868887242,14031,2.6124,0,0
0.44230880948492,14032,2.6128,0,0
0.44230892997287,14033,2.6132,0,0
0.44230905033625,14034,2.6136,0,0
0.44230917057508,14035,2.614,0,0
0.44230929068934,14036,2.6144,0,0
0.44230941067904,14037,2.6148,0,0
0.44230953054417,14038,2.6152,0,0
0.44230965028475,14039,2.6156,0,0
0.44230976990077,14040,2.616,0,0
0.44230988939222,14041,2.6164,0,0
0.44231000875912,14042,2.6168,0,0
0.44231012800145,14043,2.6172,0,0
0.44231024711922,14044,2.6176,0,0
0.44231036611244,14045,2.618,0,0
0.44231048498109,14046,2.6184,0,0
0.44231060372518,14047,2.6188,0,0
0.44231072234471,14048,2.6192,0,0
0.44231084083968,14049,2.6196,0,0
0.44231095921009,14050,2.62,0,0
0.44231107745594,14051,2.6204,0,0
0.44231119557723,14052,2.6208,0,0
0.44231131357396,14053,2.6212,0,0
0.44231143144613,14054,2.6216,0,0
0.44231154919374,14055,2.622,0,0
0.44231166681679,14056,2.6224,0,0
0.44231178431528,14057,2.6228,0,0
0.44231190168921,14058,2.6232,0,0
0.44231201893858,14059,2.6236,0,0
0.44231213606339,14060,2.624,0,0
0.44231225306364,14061,2.6244,0,0
0.44231236993934,14062,2.6248,0,0
0.44231248669047,14063,2.6252,0,0
0.44231260331705,14064,2.6256,0,0
0.44231271981906,14065,2.626,0,0
0.44231283619652,14066,2.6264,0,0
0.44231295244942,14067,2.6268,0,0
0.44231306857775,14068,2.6272,0,0
0.44231318458153,14069,2.6276,0,0
0.44231330046075,14070,2.628,0,0
0.44231341621542,14071,2.6284,0,0
0.44231353184552,14072,2.6288,0,0
0.44231364735107,14073,2.6292,0,0
0.44231376273205,14074,2.6296,0,0
0.44231387798848,14075,2.63,0,0
0.44231399312035,14076,2.6304,0,0
0.44231410812767,14077,2.6308,0,0
0.44231422301042,14078,2.6312,0,0
0.44231433776862,14079,2.6316,0,0
0.44231445240226,14080,2.632,0,0
0.44231456691134,14081,2.6324,0,0
0.44231468129586,14082,2.6328,0,0
0.44231479555583,14083,2.6332,0,0
0.44231490969123,14084,2.6336,0,0
0.44231502370208,14085,2.634,0,0
0.44231513758838,14086,2.6344,0,0
0.44231525135011,14087,2.6348,0,0
0.44231536498729,14088,2.6352,0,0
0.44231547849991,14089,2.6356,0,0
0.44231559188797,14090,2.636,0,0
0.44231570515148,14091,2.6364,0,0
0.44231581829043,14092,2.6368,0,0
0.44231593130482,14093,2.6372,0,0
0.44231604419466,14094,2.6376,0,0
0.44231615695994,14095,2.638,0,0
0.44231626960066,14096,2.6384,0,0
0.44231638211683,14097,2.6388,0,0
0.44231649450844,14098,2.6392,0,0
0.44231660677549,14099,2.6396,0,0
0.44231671891799,14100,2.64,0,0
0.44231683093593,14101,2.6404,0,0
0.44231694282931,14102,2.6408,0,0
0.44231705459814,14103,2.6412,0,0
0.44231716624241,14104,2.6416,0,0
0.44231727776213,14105,2.642,0,0
0.44231738915729,14106,2.6424,0,0
0.44231750042789,14107,2.6428,0,0
0.44231761157394,14108,2.6432,0,0
0.44231772259543,14109,2.6436,0,0
0.44231783349237,14110,2.644,0,0
0.44231794426475,14111,2.6444,0,0
0.44231805491257,14112,2.6448,0,0
0.44231816543584,14113,2.6452,0,0
0.44231827583456,14114,2.6456,0,0
0.44231838610872,14115,2.646,0,0
0.44231849625832,14116,2.6464,0,0
0.44231860628337,14117,2.6468,0,0
0.44231871618387,14118,2.6472,0,0
0.44231882595981,14119,2.6476,0,0
0.44231893561119,14120,2.648,0,0
0.44231904513802,14121,2.6484,0,0
0.4423191545403,14122,2.6488,0,0
0.44231926381802,14123,2.6492,0,0
0.44231937297119,14124,2.6496,0,0
0.4423194819998,14125,2.65,0,0
0.44231959090385,14126,2.6504,0,0
0.44231969968336,14127,2.6508,0,0
0.44231980833831,14128,2.6512,0,0
0.4423199168687,14129,2.6516,0,0
0.44232002527454,14130,2.652,0,0
0.44232013355583,14131,2.6524,0,0
0.44232024171256,14132,2.6528,0,0
0.44232034974474,14133,2.6532,0,0
0.44232045765236,14134,2.6536,0,0
0.44232056543543,14135,2.654,0,0
0.44232067309395,14136,2.6544,0,0
0.44232078062791,14137,2.6548,0,0
0.44232088803732,14138,2.6552,0,0
0.44232099532218,14139,2.6556,0,0
0.44232110248248,14140,2.656,0,0
0.44232120951823,14141,2.6564,0,0
0.44232131642943,14142,2.6568,0,0
0.44232142321607,14143,2.6572,0,0
0.44232152987816,14144,2.6576,0,0
0.44232163641569,14145,2.658,0,0
0.44232174282868,14146,2.6584,0,0
0.44232184911711,14147,2.6588,0,0
0.44232195528099,14148,2.6592,0,0
0.44232206132031,14149,2.6596,0,0
0.44232216723509,14150,2.66,0,0
0.44232227302531,14151,2.6604,0,0
0.44232237869097,14152,2.6608,0,0
0.44232248423209,14153,2.6612,0,0
0.44232258964865,14154,2.6616,0,0
0.44232269494066,14155,2.662,0,0
0.44232280010812,14156,2.6624,0,0
0.44232290515102,14157,2.6628,0,0
0.44232301006938,14158,2.6632,0,0
0.44232311486318,14159,2.6636,0,0
0.44232321953243,14160,2.664,0,0
0.44232332407713,14161,2.6644,0,0
0.44232342849727,14162,2.6648,0,0
0.44232353279287,14163,2.6652,0,0
0.44232363696391,14164,2.6656,0,0
0.4423237410104,14165,2.666,0,0
0.44232384493234,14166,2.6664,0,0
0.44232394872973,14167,2.6668,0,0
0.44232405240256,14168,2.6672,0,0
0.44232415595085,14169,2.6676,0,0
0.44232425937458,14170,2.668,0,0
0.44232436267376,14171,2.6684,0,0
0.4423244658484,14172,2.6688,0,0
0.44232456889848,14173,2.6692,0,0
0.44232467182401,14174,2.6696,0,0
0.44232477462498,14175,2.67,0,0
0.44232487730141,14176,2.6704,0,0
0.44232497985329,14177,2.6708,0,0
0.44232508228061,14178,2.6712,0,0
0.44232518458339,14179,2.6716,0,0
0.44232528676162,14180,2.672,0,0
0.44232538881529,14181,2.6724,0,0
0.44232549074441,14182,2.6728,0,0
0.44232559254899,14183,2.6732,0,0
0.44232569422901,14184,2.6736,0,0
0.44232579578448,14185,2.674,0,0
0.44232589721541,14186,2.6744,0,0
0.44232599852178,14187,2.6748,0,0
0.4423260997036,14188,2.6752,0,0
0.44232620076087,14189,2.6756,0,0
0.4423263016936,14190,2.676,0,0
0.44232640250177,14191,2.6764,0,0
0.44232650318539,14192,2.6768,0,0
0.44232660374447,14193,2.6772,0,0
0.44232670417899,14194,2.6776,0,0
0.44232680448896,14195,2.678,0,0
0.44232690467439,14196,2.6784,0,0
0.44232700473527,14197,2.6788,0,0
0.44232710467159,14198,2.6792,0,0
0.44232720448337,14199,2.6796,0,0
0.4423273041706,14200,2.68,0,0
0.44232740373327,14201,2.6804,0,0
0.4423275031714,14202,2.6808,0,0
0.44232760248498,14203,2.6812,0,0
0.44232770167402,14204,2.6816,0,0
0.4423278007385,14205,2.682,0,0
0.44232789967843,14206,2.6824,0,0
0.44232799849382,14207,2.6828,0,0
0.44232809718465,14208,2.6832,0,0
0.44232819575094,14209,2.6836,0,0
0.44232829419268,14210,2.684,0,0
0.44232839250987,14211,2.6844,0,0
0.44232849070251,14212,2.6848,0,0
0.44232858877061,14213,2.6852,0,0
0.44232868671415,14214,2.6856,0,0
0.44232878453315,14215,2.686,0,0
0.4423288822276,14216,2.6864,0,0
0.4423289797975,14217,2.6868,0,0
0.44232907724285,14218,2.6872,0,0
0.44232917456366,14219,2.6876,0,0
0.44232927175992,14220,2.688,0,0
0.44232936883163,14221,2.6884,0,0
0.44232946577879,14222,2.6888,0,0
0.4423295626014,14223,2.6892,0,0
0.44232965929947,14224,2.6896,0,0
0.44232975587299,14225,2.69,0,0
0.44232985232196,14226,2.6904,0,0
0.44232994864638,14227,2.6908,0,0
0.44233004484626,14228,2.6912,0,0
0.44233014092159,14229,2.6916,0,0
0.44233023687237,14230,2.692,0,0
0.44233033269861,14231,2.6924,0,0
0.4423304284003,14232,2.6928,0,0
0.44233052397744,14233,2.6932,0,0
0.44233061943003,14234,2.6936,0,0
0.44233071475808,14235,2.694,0,0
0.44233080996158,14236,2.6944,0,0
0.44233090504053,14237,2.6948,0,0
0.44233099999494,14238,2.6952,0,0
0.4423310948248,14239,2.6956,0,0
0.44233118953011,14240,2.696,0,0
0.44233128411088,14241,2.6964,0,0
0.4423313785671,14242,2.6968,0,0
0.44233147289877,14243,2.6972,0,0
0.4423315671059,14244,2.6976,0,0
0.44233166118848,14245,2.698,0,0
0.44233175514652,14246,2.6984,0,0
0.44233184898001,14247,2.6988,0,0
0.44233194268895,14248,2.6992,0,0
0.44233203627335,14249,2.6996,0,0
0.4423321297332,14250,2.7,0,0
0.4423322230685,14251,2.7004,0,0
0.44233231627926,14252,2.7008,0,0
0.44233240936548,14253,2.7012,0,0
0.44233250232714,14254,2.7016,0,0
0.44233259516427,14255,2.702,0,0
0.44233268787684,14256,2.7024,0,0
0.44233278046487,14257,2.7028,0,0
0.44233287292836,14258,2.7032,0,0
0.4423329652673,14259,2.7036,0,0
0.4423330574817,14260,2.704,0,0
0.44233314957155,14261,2.7044,0,0
0.44233324153685,14262,2.7048,0,0
0.44233333337761,14263,2.7052,0,0
0.44233342509382,14264,2.7056,0,0
0.44233351668549,14265,2.706,0,0
0.44233360815262,14266,2.7064,0,0
0.4423336994952,14267,2.7068,0,0
0.44233379071323,14268,2.7072,0,0
0.44233388180672,14269,2.7076,0,0
0.44233397277567,14270,2.708,0,0
0.44233406362007,14271,2.7084,0,0
0.44233415433992,14272,2.7088,0,0
0.44233424493524,14273,2.7092,0,0
0.442334335406,14274,2.7096,0,0
0.44233442575223,14275,2.71,0,0
0.4423345159739,14276,2.7104,0,0
0.44233460607104,14277,2.7108,0,0
0.44233469604363,14278,2.7112,0,0
0.44233478589167,14279,2.7116,0,0
0.44233487561518,14280,2.712,0,0
0.44233496521413,14281,2.7124,0,0
0.44233505468855,14282,2.7128,0,0
0.44233514403842,14283,2.7132,0,0
0.44233523326374,14284,2.7136,0,0
0.44233532236453,14285,2.714,0,0
0.44233541134076,14286,2.7144,0,0
0.44233550019246,14287,2.7148,0,0
0.44233558891961,14288,2.7152,0,0
0.44233567752222,14289,2.7156,0,0
0.44233576600028,14290,2.716,0,0
0.4423358543538,14291,2.7164,0,0
0.44233594258278,14292,2.7168,0,0
0.44233603068721,14293,2.7172,0,0
0.4423361186671,14294,2.7176,0,0
0.44233620652245,14295,2.718,0,0
0.44233629425326,14296,2.7184,0,0
0.44233638185952,14297,2.7188,0,0
0.44233646934124,14298,2.7192,0,0
0.44233655669841,14299,2.7196,0,0
0.44233664393104,14300,2.72,0,0
0.44233673103913,14301,2.7204,0,0
0.44233681802268,14302,2.7208,0,0
0.44233690488169,14303,2.7212,0,0
0.44233699161615,14304,2.7216,0,0
0.44233707822607,14305,2.722,0,0
0.44233716471144,14306,2.7224,0,0
0.44233725107228,14307,2.7228,0,0
0.44233733730857,14308,2.7232,0,0
0.44233742342032,14309,2.7236,0,0
0.44233750940752,14310,2.724,0,0
0.44233759527019,14311,2.7244,0,0
0.44233768100831,14312,2.7248,0,0
0.44233776662189,14313,2.7252,0,0
0.44233785211093,14314,2.7256,0,0
0.44233793747543,14315,2.726,0,0
0.44233802271538,14316,2.7264,0,0
0.44233810783079,14317,2.7268,0,0
0.44233819282166,14318,2.7272,0,0
0.44233827768799,14319,2.7276,0,0
0.44233836242978,14320,2.728,0,0
0.44233844704702,14321,2.7284,0,0
0.44233853153973,14322,2.7288,0,0
0.44233861590789,14323,2.7292,0,0
0.44233870015151,14324,2.7296,0,0
0.44233878427059,14325,2.73,0,0
0.44233886826513,14326,2.7304,0,0
0.44233895213512,14327,2.7308,0,0
0.44233903588058,14328,2.7312,0,0
0.44233911950149,14329,2.7316,0,0
0.44233920299786,14330,2.732,0,0
0.4423392863697,14331,2.7324,0,0
0.44233936961699,14332,2.7328,0,0
0.44233945273974,14333,2.7332,0,0
0.44233953573795,14334,2.7336,0,0
0.44233961861161,14335,2.734,0,0
0.44233970136074,14336,2.7344,0,0
0.44233978398533,14337,2.7348,0,0
0.44233986648537,14338,2.7352,0,0
0.44233994886088,14339,2.7356,0,0
0.44234003111184,14340,2.736,0,0
0.44234011323826,14341,2.7364,0,0
0.44234019524015,14342,2.7368,0,0
0.44234027711749,14343,2.7372,0,0
0.44234035887029,14344,2.7376,0,0
0.44234044049856,14345,2.738,0,0
0.44234052200228,14346,2.7384,0,0
0.44234060338146,14347,2.7388,0,0
0.4423406846361,14348,2.7392,0,0
0.4423407657662,14349,2.7396,0,0
0.44234084677176,14350,2.74,0,0
0.44234092765278,14351,2.7404,0,0
0.44234100840927,14352,2.7408,0,0
0.44234108904121,14353,2.7412,0,0
0.44234116954861,14354,2.7416,0,0
0.44234124993147,14355,2.742,0,0
0.44234133018979,14356,2.7424,0,0
0.44234141032358,14357,2.7428,0,0
0.44234149033282,14358,2.7432,0,0
0.44234157021752,14359,2.7436,0,0
0.44234164997769,14360,2.744,0,0
0.44234172961331,14361,2.7444,0,0
0.4423418091244,14362,2.7448,0,0
0.44234188851094,14363,2.7452,0,0
0.44234196777295,14364,2.7456,0,0
0.44234204691041,14365,2.746,0,0
0.44234212592334,14366,2.7464,0,0
0.44234220481173,14367,2.7468,0,0
0.44234228357558,14368,2.7472,0,0
0.44234236221489,14369,2.7476,0,0
0.44234244072966,14370,2.748,0,0
0.4423425191199,14371,2.7484,0,0
0.44234259738559,14372,2.7488,0,0
0.44234267552675,14373,2.7492,0,0
0.44234275354336,14374,2.7496,0,0
0.44234283143544,14375,2.75,0,0
0.44234290920298,14376,2.7504,0,0
0.44234298684598,14377,2.7508,0,0
0.44234306436444,14378,2.7512,0,0
0.44234314175836,14379,2.7516,0,0
0.44234321902775,14380,2.752,0,0
0.4423432961726,14381,2.7524,0,0
0.4423433731929,14382,2.7528,0,0
0.44234345008867,14383,2.7532,0,0
0.44234352685991,14384,2.7536,0,0
0.4423436035066,14385,2.754,0,0
0.44234368002875,14386,2.7544,0,0
0.44234375642637,14387,2.7548,0,0
0.44234383269945,14388,2.7552,0,0
0.44234390884799,14389,2.7556,0,0
0.442343984872,14390,2.756,0,0
0.44234406077146,14391,2.7564,0,0
0.44234413654639,14392,2.7568,0,0
0.44234421219678,14393,2.7572,0,0
0.44234428772263,14394,2.7576,0,0
0.44234436312395,14395,2.758,0,0
0.44234443840072,14396,2.7584,0,0
0.44234451355296,14397,2.7588,0,0
0.44234458858066,14398,2.7592,0,0
0.44234466348383,14399,2.7596,0,0
0.44234473826246,14400,2.76,0,0
0.44234481291655,14401,2.7604,0,0
0.4423448874461,14402,2.7608,0,0
0.44234496185111,14403,2.7612,0,0
0.44234503613159,14404,2.7616,0,0
0.44234511028753,14405,2.762,0,0
0.44234518431893,14406,2.7624,0,0
0.4423452582258,14407,2.7628,0,0
0.44234533200813,14408,2.7632,0,0
0.44234540566592,14409,2.7636,0,0
0.44234547919918,14410,2.764,0,0
0.4423455526079,14411,2.7644,0,0
0.44234562589208,14412,2.7648,0,0
0.44234569905172,14413,2.7652,0,0
0.44234577208683,14414,2.7656,0,0
0.44234584499741,14415,2.766,0,0
0.44234591778344,14416,2.7664,0,0
0.44234599044494,14417,2.7668,0,0
0.4423460629819,14418,2.7672,0,0
0.44234613539433,14419,2.7676,0,0
0.44234620768222,14420,2.768,0,0
0.44234627984557,14421,2.7684,0,0
0.44234635188439,14422,2.7688,0,0
0.44234642379867,14423,2.7692,0,0
0.44234649558841,14424,2.7696,0,0
0.44234656725362,14425,2.77,0,0
0.44234663879429,14426,2.7704,0,0
0.44234671021043,14427,2.7708,0,0
0.44234678150202,14428,2.7712,0,0
0.44234685266909,14429,2.7716,0,0
0.44234692371162,14430,2.772,0,0
0.44234699462961,14431,2.7724,0,0
0.44234706542306,14432,2.7728,0,0
0.44234713609198,14433,2.7732,0,0
0.44234720663637,14434,2.7736,0,0
0.44234727705622,14435,2.774,0,0
0.44234734735153,14436,2.7744,0,0
0.44234741752231,14437,2.7748,0,0
0.44234748756855,14438,2.7752,0,0
0.44234755749026,14439,2.7756,0,0
0.44234762728743,14440,2.776,0,0
0.44234769696006,14441,2.7764,0,0
0.44234776650816,14442,2.7768,0,0
0.44234783593173,14443,2.7772,0,0
0.44234790523076,14444,2.7776,0,0
0.44234797440525,14445,2.778,0,0
0.44234804345521,14446,2.7784,0,0
0.44234811238064,14447,2.7788,0,0
0.44234818118152,14448,2.7792,0,0
0.44234824985788,14449,2.7796,0,0
0.4423483184097,14450,2.78,0,0
0.44234838683698,14451,2.7804,0,0
0.44234845513973,14452,2.7808,0,0
0.44234852331794,14453,2.7812,0,0
0.44234859137162,14454,2.7816,0,0
0.44234865930077,14455,2.782,0,0
0.44234872710538,14456,2.7824,0,0
0.44234879478545,14457,2.7828,0,0
0.442348862341,14458,2.7832,0,0
0.442348929772,14459,2.7836,0,0
0.44234899707847,14460,2.784,0,0
0.44234906426041,14461,2.7844,0,0
0.44234913131781,14462,2.7848,0,0
0.44234919825068,14463,2.7852,0,0
0.44234926505902,14464,2.7856,0,0
0.44234933174281,14465,2.786,0,0
0.44234939830208,14466,2.7864,0,0
0.44234946473681,14467,2.7868,0,0
0.44234953104701,14468,2.7872,0,0
0.44234959723267,14469,2.7876,0,0
0.4423496632938,14470,2.788,0,0
0.4423497292304,14471,2.7884,0,0
0.44234979504246,14472,2.7888,0,0
0.44234986072998,14473,2.7892,0,0
0.44234992629298,14474,2.7896,0,0
0.44234999173143,14475,2.79,0,0
0.44235005704536,14476,2.7904,0,0
0.44235012223475,14477,2.7908,0,0
0.44235018729961,14478,2.7912,0,0
0.44235025223993,14479,2.7916,0,0
0.44235031705572,14480,2.792,0,0
0.44235038174698,14481,2.7924,0,0
0.4423504463137,14482,2.7928,0,0
0.44235051075589,14483,2.7932,0,0
0.44235057507355,14484,2.7936,0,0
0.44235063926667,14485,2.794,0,0
0.44235070333526,14486,2.7944,0,0
0.44235076727932,14487,2.7948,0,0
0.44235083109884,14488,2.7952,0,0
0.44235089479383,14489,2.7956,0,0
0.44235095836429,14490,2.796,0,0
0.44235102181021,14491,2.7964,0,0
0.4423510851316,14492,2.7968,0,0
0.44235114832846,14493,2.7972,0,0
0.44235121140078,14494,2.7976,0,0
0.44235127434857,14495,2.798,0,0
0.44235133717183,14496,2.7984,0,0
0.44235139987056,14497,2.7988,0,0
0.44235146244475,14498,2.7992,0,0
0.44235152489441,14499,2.7996,0,0
0.44235158721954,14500,2.8,0,0
0.44235164942013,14501,2.8004,0,0
0.44235171149619,14502,2.8008,0,0
0.44235177344772,14503,2.8012,0,0
0.44235183527472,14504,2.8016,0,0
0.44235189697718,14505,2.802,0,0
0.44235195855511,14506,2.8024,0,0
0.44235202000851,14507,2.8028,0,0
0.44235208133738,14508,2.8032,0,0
0.44235214254171,14509,2.8036,0,0
0.44235220362151,14510,2.804,0,0
0.44235226457678,14511,2.8044,0,0
0.44235232540752,14512,2.8048,0,0
0.44235238611372,14513,2.8052,0,0
0.44235244669539,14514,2.8056,0,0
0.44235250715254,14515,2.806,0,0
0.44235256748514,14516,2.8064,0,0
0.44235262769322,14517,2.8068,0,0
0.44235268777676,14518,2.8072,0,0
0.44235274773578,14519,2.8076,0,0
0.44235280757026,14520,2.808,0,0
0.4423528672802,14521,2.8084,0,0
0.44235292686562,14522,2.8088,0,0
0.4423529863265,14523,2.8092,0,0
0.44235304566286,14524,2.8096,0,0
0.44235310487468,14525,2.81,0,0
0.44235316396197,14526,2.8104,0,0
0.44235322292472,14527,2.8108,0,0
0.44235328176295,14528,2.8112,0,0
0.44235334047664,14529,2.8116,0,0
0.44235339906581,14530,2.812,0,0
0.44235345753044,14531,2.8124,0,0
0.44235351587054,14532,2.8128,0,0
0.44235357408611,14533,2.8132,0,0
0.44235363217714,14534,2.8136,0,0
0.44235369014365,14535,2.814,0,0
0.44235374798562,14536,2.8144,0,0
0.44235380570307,14537,2.8148,0,0
0.44235386329598,14538,2.8152,0,0
0.44235392076436,14539,2.8156,0,0
0.44235397810821,14540,2.816,0,0
0.44235403532753,14541,2.8164,0,0
0.44235409242231,14542,2.8168,0,0
0.44235414939257,14543,2.8172,0,0
0.4423542062383,14544,2.8176,0,0
0.44235426295949,14545,2.818,0,0
0.44235431955615,14546,2.8184,0,0
0.44235437602829,14547,2.8188,0,0
0.44235443237589,14548,2.8192,0,0
0.44235448859896,14549,2.8196,0,0
0.4423545446975,14550,2.82,0,0
0.44235460067151,14551,2.8204,0,0
0.44235465652099,14552,2.8208,0,0
0.44235471224593,14553,2.8212,0,0
0.44235476784635,14554,2.8216,0,0
0.44235482332224,14555,2.822,0,0
0.44235487867359,14556,2.8224,0,0
0.44235493390042,14557,2.8228,0,0
0.44235498900271,14558,2.8232,0,0
0.44235504398048,14559,2.8236,0,0
0.44235509883371,14560,2.824,0,0
0.44235515356242,14561,2.8244,0,0
0.44235520816659,14562,2.8248,0,0
0.44235526264623,14563,2.8252,0,0
0.44235531700135,14564,2.8256,0,0
0.44235537123193,14565,2.826,0,0
0.44235542533798,14566,2.8264,0,0
0.44235547931951,14567,2.8268,0,0
0.4423555331765,14568,2.8272,0,0
0.44235558690896,14569,2.8276,0,0
0.44235564051689,14570,2.828,0,0
0.4423556940003,14571,2.8284,0,0
0.44235574735917,14572,2.8288,0,0
0.44235580059351,14573,2.8292,0,0
0.44235585370332,14574,2.8296,0,0
0.44235590668861,14575,2.83,0,0
0.44235595954936,14576,2.8304,0,0
0.44235601228558,14577,2.8308,0,0
0.44235606489727,14578,2.8312,0,0
0.44235611738444,14579,2.8316,0,0
0.44235616974707,14580,2.832,0,0
0.44235622198518,14581,2.8324,0,0
0.44235627409875,14582,2.8328,0,0
0.4423563260878,14583,2.8332,0,0
0.44235637795231,14584,2.8336,0,0
0.4423564296923,14585,2.834,0,0
0.44235648130776,14586,2.8344,0,0
0.44235653279868,14587,2.8348,0,0
0.44235658416508,14588,2.8352,0,0
0.44235663540695,14589,2.8356,0,0
0.44235668652429,14590,2.836,0,0
0.4423567375171,14591,2.8364,0,0
0.44235678838538,14592,2.8368,0,0
0.44235683912913,14593,2.8372,0,0
0.44235688974835,14594,2.8376,0,0
0.44235694024305,14595,2.838,0,0
0.44235699061321,14596,2.8384,0,0
0.44235704085885,14597,2.8388,0,0
0.44235709097995,14598,2.8392,0,0
0.44235714097653,14599,2.8396,0,0
0.44235719084858,14600,2.84,0,0
0.4423572405961,14601,2.8404,0,0
0.44235729021909,14602,2.8408,0,0
0.44235733971755,14603,2.8412,0,0
0.44235738909148,14604,2.8416,0,0
0.44235743834088,14605,2.842,0,0
0.44235748746576,14606,2.8424,0,0
0.4423575364661,14607,2.8428,0,0
0.44235758534192,14608,2.8432,0,0
0.44235763409321,14609,2.8436,0,0
0.44235768271997,14610,2.844,0,0
0.4423577312222,14611,2.8444,0,0
0.4423577795999,14612,2.8448,0,0
0.44235782785308,14613,2.8452,0,0
0.44235787598172,14614,2.8456,0,0
0.44235792398584,14615,2.846,0,0
0.44235797186543,14616,2.8464,0,0
0.44235801962049,14617,2.8468,0,0
0.44235806725102,14618,2.8472,0,0
0.44235811475702,14619,2.8476,0,0
0.4423581621385,14620,2.848,0,0
0.44235820939545,14621,2.8484,0,0
0.44235825652787,14622,2.8488,0,0
0.44235830353576,14623,2.8492,0,0
0.44235835041912,14624,2.8496,0,0
0.44235839717795,14625,2.85,0,0
0.44235844381226,14626,2.8504,0,0
0.44235849032204,14627,2.8508,0,0
0.44235853670729,14628,2.8512,0,0
0.44235858296801,14629,2.8516,0,0
0.4423586291042,14630,2.852,0,0
0.44235867511587,14631,2.8524,0,0
0.44235872100301,14632,2.8528,0,0
0.44235876676562,14633,2.8532,0,0
0.4423588124037,14634,2.8536,0,0
0.44235885791725,14635,2.854,0,0
0.44235890330628,14636,2.8544,0,0
0.44235894857078,14637,2.8548,0,0
0.44235899371075,14638,2.8552,0,0
0.44235903872619,14639,2.8556,0,0
0.44235908361711,14640,2.856,0,0
0.44235912838349,14641,2.8564,0,0
0.44235917302535,14642,2.8568,0,0
0.44235921754269,14643,2.8572,0,0
0.44235926193549,14644,2.8576,0,0
0.44235930620377,14645,2.858,0,0
0.44235935034752,14646,2.8584,0,0
0.44235939436674,14647,2.8588,0,0
0.44235943826144,14648,2.8592,0,0
0.4423594820316,14649,2.8596,0,0
0.44235952567724,14650,2.86,0,0
0.44235956919836,14651,2.8604,0,0
0.44235961259494,14652,2.8608,0,0
0.442359655867,14653,2.8612,0,0
0.44235969901453,14654,2.8616,0,0
0.44235974203753,14655,2.862,0,0
0.44235978493601,14656,2.8624,0,0
0.44235982770996,14657,2.8628,0,0
0.44235987035938,14658,2.8632,0,0
0.44235991288428,14659,2.8636,0,0
0.44235995528464,14660,2.864,0,0
0.44235999756049,14661,2.8644,0,0
0.4423600397118,14662,2.8648,0,0
0.44236008173859,14663,2.8652,0,0
0.44236012364085,14664,2.8656,0,0
0.44236016541858,14665,2.866,0,0
0.44236020707178,14666,2.8664,0,0
0.44236024860046,14667,2.8668,0,0
0.44236029000461,14668,2.8672,0,0
0.44236033128424,14669,2.8676,0,0
0.44236037243934,14670,2.868,0,0
0.44236041346991,14671,2.8684,0,0
0.44236045437595,14672,2.8688,0,0
0.44236049515747,14673,2.8692,0,0
0.44236053581446,14674,2.8696,0,0
0.44236057634693,14675,2.87,0,0
0.44236061675486,14676,2.8704,0,0
0.44236065703828,14677,2.8708,0,0
0.44236069719716,14678,2.8712,0,0
0.44236073723152,14679,2.8716,0,0
0.44236077714135,14680,2.872,0,0
0.44236081692666,14681,2.8724,0,0
0.44236085658743,14682,2.8728,0,0
0.44236089612369,14683,2.8732,0,0
0.44236093553541,14684,2.8736,0,0
0.44236097482261,14685,2.874,0,0
0.44236101398528,14686,2.8744,0,0
0.44236105302343,14687,2.8748,0,0
0.44236109193705,14688,2.8752,0,0
0.44236113072614,14689,2.8756,0,0
0.44236116939071,14690,2.876,0,0
0.44236120793075,14691,2.8764,0,0
0.44236124634627,14692,2.8768,0,0
0.44236128463726,14693,2.8772,0,0
0.44236132280372,14694,2.8776,0,0
0.44236136084565,14695,2.878,0,0
0.44236139876306,14696,2.8784,0,0
0.44236143655595,14697,2.8788,0,0
0.44236147422431,14698,2.8792,0,0
0.44236151176814,14699,2.8796,0,0
0.44236154918745,14700,2.88,0,0
0.44236158648223,14701,2.8804,0,0
0.44236162365248,14702,2.8808,0,0
0.44236166069821,14703,2.8812,0,0
0.44236169761941,14704,2.8816,0,0
0.44236173441609,14705,2.882,0,0
0.44236177108824,14706,2.8824,0,0
0.44236180763586,14707,2.8828,0,0
0.44236184405896,14708,2.8832,0,0
0.44236188035753,14709,2.8836,0,0
0.44236191653158,14710,2.884,0,0
0.4423619525811,14711,2.8844,0,0
0.4423619885061,14712,2.8848,0,0
0.44236202430657,14713,2.8852,0,0
0.44236205998251,14714,2.8856,0,0
0.44236209553393,14715,2.886,0,0
0.44236213096082,14716,2.8864,0,0
0.44236216626319,14717,2.8868,0,0
0.44236220144103,14718,2.8872,0,0
0.44236223649435,14719,2.8876,0,0
0.44236227142314,14720,2.888,0,0
0.4423623062274,14721,2.8884,0,0
0.44236234090714,14722,2.8888,0,0
0.44236237546236,14723,2.8892,0,0
0.44236240989305,14724,2.8896,0,0
0.44236244419921,14725,2.89,0,0
0.44236247838085,14726,2.8904,0,0
0.44236251243796,14727,2.8908,0,0
0.44236254637055,14728,2.8912,0,0
0.44236258017861,14729,2.8916,0,0
0.44236261386215,14730,2.892,0,0
0.44236264742116,14731,2.8924,0,0
0.44236268085564,14732,2.8928,0,0
0.4423627141656,14733,2.8932,0,0
0.44236274735104,14734,2.8936,0,0
0.44236278041195,14735,2.894,0,0
0.44236281334834,14736,2.8944,0,0
0.4423628461602,14737,2.8948,0,0
0.44236287884753,14738,2.8952,0,0
0.44236291141034,14739,2.8956,0,0
0.44236294384863,14740,2.896,0,0
0.44236297616239,14741,2.8964,0,0
0.44236300835162,14742,2.8968,0,0
0.44236304041633,14743,2.8972,0,0
0.44236307235651,14744,2.8976,0,0
0.44236310417217,14745,2.898,0,0
0.44236313586331,14746,2.8984,0,0
0.44236316742992,14747,2.8988,0,0
0.442363198872,14748,2.8992,0,0
0.44236323018956,14749,2.8996,0,0
0.4423632613826,14750,2.9,0,0
0.44236329245111,14751,2.9004,0,0
0.44236332339509,14752,2.9008,0,0
0.44236335421456,14753,2.9012,0,0
0.44236338490949,14754,2.9016,0,0
0.4423634154799,14755,2.902,0,0
0.44236344592579,14756,2.9024,0,0
0.44236347624715,14757,2.9028,0,0
0.44236350644399,14758,2.9032,0,0
0.4423635365163,14759,2.9036,0,0
0.44236356646409,14760,2.904,0,0
0.44236359628735,14761,2.9044,0,0
0.44236362598609,14762,2.9048,0,0
0.4423636555603,14763,2.9052,0,0
0.44236368500999,14764,2.9056,0,0
0.44236371433516,14765,2.906,0,0
0.4423637435358,14766,2.9064,0,0
0.44236377261191,14767,2.9068,0,0
0.4423638015635,14768,2.9072,0,0
0.44236383039057,14769,2.9076,0,0
0.44236385909311,14770,2.908,0,0
0.44236388767113,14771,2.9084,0,0
0.44236391612462,14772,2.9088,0,0
0.44236394445359,14773,2.9092,0,0
0.44236397265804,14774,2.9096,0,0
0.44236400073796,14775,2.91,0,0
0.44236402869335,14776,2.9104,0,0
0.44236405652423,14777,2.9108,0,0
0.44236408423057,14778,2.9112,0,0
0.4423641118124,14779,2.9116,0,0
0.44236413926969,14780,2.912,0,0
0.44236416660247,14781,2.9124,0,0
0.44236419381072,14782,2.9128,0,0
0.44236422089444,14783,2.9132,0,0
0.44236424785365,14784,2.9136,0,0
0.44236427468832,14785,2.914,0,0
0.44236430139848,14786,2.9144,0,0
0.44236432798411,14787,2.9148,0,0
0.44236435444521,14788,2.9152,0,0
0.44236438078179,14789,2.9156,0,0
0.44236440699385,14790,2.916,0,0
0.44236443308138,14791,2.9164,0,0
0.44236445904439,14792,2.9168,0,0
0.44236448488288,14793,2.9172,0,0
0.44236451059684,14794,2.9176,0,0
0.44236453618627,14795,2.918,0,0
0.44236456165119,14796,2.9184,0,0
0.44236458699158,14797,2.9188,0,0
0.44236461220744,14798,2.9192,0,0
0.44236463729878,14799,2.9196,0,0
0.4423646622656,14800,2.92,0,0
0.44236468710789,14801,2.9204,0,0
0.44236471182566,14802,2.9208,0,0
0.44236473641891,14803,2.9212,0,0
0.44236476088763,14804,2.9216,0,0
0.44236478523183,14805,2.922,0,0
0.4423648094515,14806,2.9224,0,0
0.44236483354665,14807,2.9228,0,0
0.44236485751728,14808,2.9232,0,0
0.44236488136338,14809,2.9236,0,0
0.44236490508496,14810,2.924,0,0
0.44236492868201,14811,2.9244,0,0
0.44236495215454,14812,2.9248,0,0
0.44236497550255,14813,2.9252,0,0
0.44236499872604,14814,2.9256,0,0
0.442365021825,14815,2.926,0,0
0.44236504479943,14816,2.9264,0,0
0.44236506764935,14817,2.9268,0,0
0.44236509037473,14818,2.9272,0,0
0.4423651129756,14819,2.9276,0,0
0.44236513545194,14820,2.928,0,0
0.44236515780376,14821,2.9284,0,0
0.44236518003106,14822,2.9288,0,0
0.44236520213383,14823,2.9292,0,0
0.44236522411208,14824,2.9296,0,0
0.4423652459658,14825,2.93,0,0
0.442365267695,14826,2.9304,0,0
0.44236528929968,14827,2.9308,0,0
0.44236531077983,14828,2.9312,0,0
0.44236533213546,14829,2.9316,0,0
0.44236535336657,14830,2.932,0,0
0.44236537447315,14831,2.9324,0,0
0.44236539545521,14832,2.9328,0,0
0.44236541631275,14833,2.9332,0,0
0.44236543704576,14834,2.9336,0,0
0.44236545765425,14835,2.934,0,0
0.44236547813822,14836,2.9344,0,0
0.44236549849766,14837,2.9348,0,0
0.44236551873258,14838,2.9352,0,0
0.44236553884298,14839,2.9356,0,0
0.44236555882885,14840,2.936,0,0
0.4423655786902,14841,2.9364,0,0
0.44236559842703,14842,2.9368,0,0
0.44236561803934,14843,2.9372,0,0
0.44236563752712,14844,2.9376,0,0
0.44236565689037,14845,2.938,0,0
0.44236567612911,14846,2.9384,0,0
0.44236569524332,14847,2.9388,0,0
0.442365714233,14848,2.9392,0,0
0.44236573309817,14849,2.9396,0,0
0.44236575183881,14850,2.94,0,0
0.44236577045493,14851,2.9404,0,0
0.44236578894652,14852,2.9408,0,0
0.44236580731359,14853,2.9412,0,0
0.44236582555614,14854,2.9416,0,0
0.44236584367417,14855,2.942,0,0
0.44236586166767,14856,2.9424,0,0
0.44236587953665,14857,2.9428,0,0
0.44236589728111,14858,2.9432,0,0
0.44236591490104,14859,2.9436,0,0
0.44236593239645,14860,2.944,0,0
0.44236594976734,14861,2.9444,0,0
0.4423659670137,14862,2.9448,0,0
0.44236598413554,14863,2.9452,0,0
0.44236600113286,14864,2.9456,0,0
0.44236601800565,14865,2.946,0,0
0.44236603475393,14866,2.9464,0,0
0.44236605137767,14867,2.9468,0,0
0.4423660678769,14868,2.9472,0,0
0.4423660842516,14869,2.9476,0,0
0.44236610050178,14870,2.948,0,0
0.44236611662744,14871,2.9484,0,0
0.44236613262858,14872,2.9488,0,0
0.44236614850519,14873,2.9492,0,0
0.44236616425728,14874,2.9496,0,0
0.44236617988484,14875,2.95,0,0
0.44236619538788,14876,2.9504,0,0
0.4423662107664,14877,2.9508,0,0
0.4423662260204,14878,2.9512,0,0
0.44236624114988,14879,2.9516,0,0
0.44236625615483,14880,2.952,0,0
0.44236627103526,14881,2.9524,0,0
0.44236628579116,14882,2.9528,0,0
0.44236630042254,14883,2.9532,0,0
0.4423663149294,14884,2.9536,0,0
0.44236632931174,14885,2.954,0,0
0.44236634356956,14886,2.9544,0,0
0.44236635770285,14887,2.9548,0,0
0.44236637171162,14888,2.9552,0,0
0.44236638559586,14889,2.9556,0,0
0.44236639935559,14890,2.956,0,0
0.44236641299079,14891,2.9564,0,0
0.44236642650147,14892,2.9568,0,0
0.44236643988762,14893,2.9572,0,0
0.44236645314925,14894,2.9576,0,0
0.44236646628636,14895,2.958,0,0
0.44236647929895,14896,2.9584,0,0
0.44236649218702,14897,2.9588,0,0
0.44236650495056,14898,2.9592,0,0
0.44236651758958,14899,2.9596,0,0
0.44236653010408,14900,2.96,0,0
0.44236654249405,14901,2.9604,0,0
0.4423665547595,14902,2.9608,0,0
0.44236656690043,14903,2.9612,0,0
0.44236657891684,14904,2.9616,0,0
0.44236659080872,14905,2.962,0,0
0.44236660257608,14906,2.9624,0,0
0.44236661421892,14907,2.9628,0,0
0.44236662573724,14908,2.9632,0,0
0.44236663713103,14909,2.9636,0,0
0.4423666484003,14910,2.964,0,0
0.44236665954505,14911,2.9644,0,0
0.44236667056527,14912,2.9648,0,0
0.44236668146098,14913,2.9652,0,0
0.44236669223216,14914,2.9656,0,0
0.44236670287882,14915,2.966,0,0
0.44236671340095,14916,2.9664,0,0
0.44236672379856,14917,2.9668,0,0
0.44236673407165,14918,2.9672,0,0
0.44236674422022,14919,2.9676,0,0
0.44236675424427,14920,2.968,0,0
0.44236676414379,14921,2.9684,0,0
0.44236677391879,14922,2.9688,0,0
0.44236678356927,14923,2.9692,0,0
0.44236679309523,14924,2.9696,0,0
0.44236680249666,14925,2.97,0,0
0.44236681177357,14926,2.9704,0,0
0.44236682092596,14927,2.9708,0,0
0.44236682995382,14928,2.9712,0,0
0.44236683885717,14929,2.9716,0,0
0.44236684763599,14930,2.972,0,0
0.44236685629029,14931,2.9724,0,0
0.44236686482006,14932,2.9728,0,0
0.44236687322532,14933,2.9732,0,0
0.44236688150605,14934,2.9736,0,0
0.44236688966226,14935,2.974,0,0
0.44236689769394,14936,2.9744,0,0
0.44236690560111,14937,2.9748,0,0
0.44236691338375,14938,2.9752,0,0
0.44236692104187,14939,2.9756,0,0
0.44236692857547,14940,2.976,0,0
0.44236693598454,14941,2.9764,0,0
0.44236694326909,14942,2.9768,0,0
0.44236695042912,14943,2.9772,0,0
0.44236695746463,14944,2.9776,0,0
0.44236696437562,14945,2.978,0,0
0.44236697116208,14946,2.9784,0,0
0.44236697782402,14947,2.9788,0,0
0.44236698436144,14948,2.9792,0,0
0.44236699077433,14949,2.9796,0,0
0.44236699706271,14950,2.98,0,0
0.44236700322656,14951,2.9804,0,0
0.44236700926589,14952,2.9808,0,0
0.44236701518069,14953,2.9812,0,0
0.44236702097098,14954,2.9816,0,0
0.44236702663674,14955,2.982,0,0
0.44236703217798,14956,2.9824,0,0
0.4423670375947,14957,2.9828,0,0
0.44236704288689,14958,2.9832,0,0
0.44236704805457,14959,2.9836,0,0
0.44236705309772,14960,2.984,0,0
0.44236705801635,14961,2.9844,0,0
0.44236706281045,14962,2.9848,0,0
0.44236706748004,14963,2.9852,0,0
0.4423670720251,14964,2.9856,0,0
0.44236707644564,14965,2.986,0,0
0.44236708074165,14966,2.9864,0,0
0.44236708491315,14967,2.9868,0,0
0.44236708896012,14968,2.9872,0,0
0.44236709288257,14969,2.9876,0,0
0.4423670966805,14970,2.988,0,0
0.4423671003539,14971,2.9884,0,0
0.44236710390279,14972,2.9888,0,0
0.44236710732715,14973,2.9892,0,0
0.44236711062699,14974,2.9896,0,0
0.4423671138023,14975,2.99,0,0
0.4423671168531,14976,2.9904,0,0
0.44236711977937,14977,2.9908,0,0
0.44236712258112,14978,2.9912,0,0
0.44236712525835,14979,2.9916,0,0
0.44236712781105,14980,2.992,0,0
0.44236713023924,14981,2.9924,0,0
0.4423671325429,14982,2.9928,0,0
0.44236713472204,14983,2.9932,0,0
0.44236713677665,14984,2.9936,0,0
0.44236713870675,14985,2.994,0,0
0.44236714051232,14986,2.9944,0,0
0.44236714219337,14987,2.9948,0,0
0.4423671437499,14988,2.9952,0,0
0.4423671451819,14989,2.9956,0,0
0.44236714648939,14990,2.996,0,0
0.44236714767235,14991,2.9964,0,0
0.44236714873079,14992,2.9968,0,0
0.4423671496647,14993,2.9972,0,0
0.4423671504741,14994,2.9976,0,0
0.44236715115897,14995,2.998,0,0
0.44236715171932,14996,2.9984,0,0
0.44236715215515,14997,2.9988,0,0
0.44236715246645,14998,2.9992,0,0
0.44236715265324,14999,2.9996,0,0
0.4423671527155,15000,3,0,0
