id,psi_e,x,y,z
0,0,-2,0,0
1,-0.050207425860397,-1.9996,0,0
2,-0.036659110074352,-1.9992,0,0
3,-0.040229447069562,-1.9988,0,0
4,-0.039282612105477,-1.9984,0,0
5,-0.039533287109197,-1.998,0,0
6,-0.039466889355871,-1.9976,0,0
7,-0.03948447237867,-1.9972,0,0
8,-0.039479813932992,-1.9968,0,0
9,-0.039481046052039,-1.9964,0,0
10,-0.039480718087797,-1.996,0,0
11,-0.039480803303593,-1.9956,0,0
12,-0.039480779090827,-1.9952,0,0
13,-0.039480783859645,-1.9948,0,0
14,-0.039480780952841,-1.9944,0,0
15,-0.039480780078886,-1.994,0,0
16,-0.039480778666541,-1.9936,0,0
17,-0.039480777396786,-1.9932,0,0
18,-0.039480776089266,-1.9928,0,0
19,-0.039480774791749,-1.9924,0,0
20,-0.039480773491582,-1.992,0,0
21,-0.039480772192117,-1.9916,0,0
22,-0.039480770892466,-1.9912,0,0
23,-0.039480769592865,-1.9908,0,0
24,-0.03948076829325,-1.9904,0,0
25,-0.039480766993639,-1.99,0,0
26,-0.039480765694027,-1.9896,0,0
27,-0.039480764394415,-1.9892,0,0
28,-0.039480763094803,-1.9888,0,0
29,-0.039480761795192,-1.9884,0,0
30,-0.03948076049558,-1.988,0,0
31,-0.039480759195968,-1.9876,0,0
32,-0.039480757896356,-1.9872,0,0
33,-0.039480756596744,-1.9868,0,0
34,-0.039480755297132,-1.9864,0,0
35,-0.03948075399752,-1.986,0,0
36,-0.039480752697909,-1.9856,0,0
37,-0.039480751398297,-1.9852,0,0
38,-0.039480750098685,-1.9848,0,0
39,-0.039480748799073,-1.9844,0,0
40,-0.039480747499461,-1.984,0,0
41,-0.039480746199849,-1.9836,0,0
42,-0.039480744900237,-1.9832,0,0
43,-0.039480743600626,-1.9828,0,0
44,-0.039480742301014,-1.9824,0,0
45,-0.039480741001402,-1.982,0,0
46,-0.03948073970179,-1.9816,0,0
47,-0.039480738402178,-1.9812,0,0
48,-0.039480737102566,-1.9808,0,0
49,-0.039480735802954,-1.9804,0,0
50,-0.039480734503343,-1.98,0,0
51,-0.039480733203731,-1.9796,0,0
52,-0.039480731904119,-1.9792,0,0
53,-0.039480730604507,-1.9788,0,0
54,-0.039480729304895,-1.9784,0,0
55,-0.039480728005283,-1.978,0,0
56,-0.039480726705671,-1.9776,0,0
57,-0.03948072540606,-1.9772,0,0
58,-0.039480724106448,-1.9768,0,0
59,-0.039480722806836,-1.9764,0,0
60,-0.039480721507224,-1.976,0,0
61,-0.039480720207612,-1.9756,0,0
62,-0.039480718908,-1.9752,0,0
63,-0.039480717608388,-1.9748,0,0
64,-0.039480716308777,-1.9744,0,0
65,-0.039480715009165,-1.974,0,0
66,-0.039480713709553,-1.9736,0,0
67,-0.039480712409941,-1.9732,0,0
68,-0.039480711110329,-1.9728,0,0
69,-0.039480709810717,-1.9724,0,0
70,-0.039480708511105,-1.972,0,0
71,-0.039480707211494,-1.9716,0,0
72,-0.039480705911882,-1.9712,0,0
73,-0.03948070461227,-1.9708,0,0
74,-0.039480703312658,-1.9704,0,0
75,-0.039480702013046,-1.97,0,0
76,-0.039480700713434,-1.9696,0,0
77,-0.039480699413822,-1.9692,0,0
78,-0.039480698114211,-1.9688,0,0
79,-0.039480696814599,-1.9684,0,0
80,-0.039480695514987,-1.968,0,0
81,-0.039480694215375,-1.9676,0,0
82,-0.039480692915763,-1.9672,0,0
83,-0.039480691616151,-1.9668,0,0
84,-0.039480690316539,-1.9664,0,0
85,-0.039480689016928,-1.966,0,0
86,-0.039480687717316,-1.9656,0,0
87,-0.039480686417704,-1.9652,0,0
88,-0.039480685118092,-1.9648,0,0
89,-0.03948068381848,-1.9644,0,0
90,-0.039480682518868,-1.964,0,0
91,-0.039480681219256,-1.9636,0,0
92,-0.039480679919645,-1.9632,0,0
93,-0.039480678620033,-1.9628,0,0
94,-0.039480677320421,-1.9624,0,0
95,-0.039480676020809,-1.962,0,0
96,-0.039480674721197,-1.9616,0,0
97,-0.039480673421585,-1.9612,0,0
98,-0.039480672121973,-1.9608,0,0
99,-0.039480670822362,-1.9604,0,0
100,-0.03948066952275,-1.96,0,0
101,-0.039480668223138,-1.9596,0,0
102,-0.039480666923526,-1.9592,0,0
103,-0.039480665623914,-1.9588,0,0
104,-0.039480664324302,-1.9584,0,0
105,-0.03948066302469,-1.958,0,0
106,-0.039480661725079,-1.9576,0,0
107,-0.039480660425467,-1.9572,0,0
108,-0.039480659125855,-1.9568,0,0
109,-0.039480657826243,-1.9564,0,0
110,-0.039480656526631,-1.956,0,0
111,-0.039480655227019,-1.9556,0,0
112,-0.039480653927407,-1.9552,0,0
113,-0.039480652627796,-1.9548,0,0
114,-0.039480651328184,-1.9544,0,0
115,-0.039480650028572,-1.954,0,0
116,-0.03948064872896,-1.9536,0,0
117,-0.039480647429348,-1.9532,0,0
118,-0.039480646129736,-1.9528,0,0
119,-0.039480644830124,-1.9524,0,0
120,-0.039480643530513,-1.952,0,0
121,-0.039480642230901,-1.9516,0,0
122,-0.039480640931289,-1.9512,0,0
123,-0.039480639631677,-1.9508,0,0
124,-0.039480638332065,-1.9504,0,0
125,-0.039480637032453,-1.95,0,0
126,-0.039480635732841,-1.9496,0,0
127,-0.03948063443323,-1.9492,0,0
128,-0.039480633133618,-1.9488,0,0
129,-0.039480631834006,-1.9484,0,0
130,-0.039480630534394,-1.948,0,0
131,-0.039480629234782,-1.9476,0,0
132,-0.03948062793517,-1.9472,0,0
133,-0.039480626635558,-1.9468,0,0
134,-0.039480625335947,-1.9464,0,0
135,-0.039480624036335,-1.946,0,0
136,-0.039480622736723,-1.9456,0,0
137,-0.039480621437111,-1.9452,0,0
138,-0.039480620137499,-1.9448,0,0
139,-0.039480618837887,-1.9444,0,0
140,-0.039480617538275,-1.944,0,0
141,-0.039480616238664,-1.9436,0,0
142,-0.039480614939052,-1.9432,0,0
143,-0.03948061363944,-1.9428,0,0
144,-0.039480612339828,-1.9424,0,0
145,-0.039480611040216,-1.942,0,0
146,-0.039480609740604,-1.9416,0,0
147,-0.039480608440992,-1.9412,0,0
148,-0.039480607141381,-1.9408,0,0
149,-0.039480605841769,-1.9404,0,0
150,-0.039480604542157,-1.94,0,0
151,-0.039480603242545,-1.9396,0,0
152,-0.039480601942933,-1.9392,0,0
153,-0.039480600643321,-1.9388,0,0
154,-0.039480599343709,-1.9384,0,0
155,-0.039480598044098,-1.938,0,0
156,-0.039480596744486,-1.9376,0,0
157,-0.039480595444874,-1.9372,0,0
158,-0.039480594145262,-1.9368,0,0
159,-0.03948059284565,-1.9364,0,0
160,-0.039480591546038,-1.936,0,0
161,-0.039480590246426,-1.9356,0,0
162,-0.039480588946815,-1.9352,0,0
163,-0.039480587647203,-1.9348,0,0
164,-0.039480586347591,-1.9344,0,0
165,-0.039480585047979,-1.934,0,0
166,-0.039480583748367,-1.9336,0,0
167,-0.039480582448755,-1.9332,0,0
168,-0.039480581149143,-1.9328,0,0
169,-0.039480579849532,-1.9324,0,0
170,-0.03948057854992,-1.932,0,0
171,-0.039480577250308,-1.9316,0,0
172,-0.039480575950696,-1.9312,0,0
173,-0.039480574651084,-1.9308,0,0
174,-0.039480573351472,-1.9304,0,0
175,-0.03948057205186,-1.93,0,0
176,-0.039480570752249,-1.9296,0,0
177,-0.039480569452637,-1.9292,0,0
178,-0.039480568153025,-1.9288,0,0
179,-0.039480566853413,-1.9284,0,0
180,-0.039480565553801,-1.928,0,0
181,-0.039480564254189,-1.9276,0,0
182,-0.039480562954577,-1.9272,0,0
183,-0.039480561654966,-1.9268,0,0
184,-0.039480560355354,-1.9264,0,0
185,-0.039480559055742,-1.926,0,0
186,-0.03948055775613,-1.9256,0,0
187,-0.039480556456518,-1.9252,0,0
188,-0.039480555156906,-1.9248,0,0
189,-0.039480553857294,-1.9244,0,0
190,-0.039480552557683,-1.924,0,0
191,-0.039480551258071,-1.9236,0,0
192,-0.039480549958459,-1.9232,0,0
193,-0.039480548658847,-1.9228,0,0
194,-0.039480547359235,-1.9224,0,0
195,-0.039480546059623,-1.922,0,0
196,-0.039480544760011,-1.9216,0,0
197,-0.0394805434604,-1.9212,0,0
198,-0.039480542160788,-1.9208,0,0
199,-0.039480540861176,-1.9204,0,0
200,-0.039480539561564,-1.92,0,0
201,-0.039480538261952,-1.9196,0,0
202,-0.03948053696234,-1.9192,0,0
203,-0.039480535662728,-1.9188,0,0
204,-0.039480534363117,-1.9184,0,0
205,-0.039480533063505,-1.918,0,0
206,-0.039480531763893,-1.9176,0,0
207,-0.039480530464281,-1.9172,0,0
208,-0.039480529164669,-1.9168,0,0
209,-0.039480527865057,-1.9164,0,0
210,-0.039480526565445,-1.916,0,0
211,-0.039480525265834,-1.9156,0,0
212,-0.039480523966222,-1.9152,0,0
213,-0.03948052266661,-1.9148,0,0
214,-0.039480521366998,-1.9144,0,0
215,-0.039480520067386,-1.914,0,0
216,-0.039480518767774,-1.9136,0,0
217,-0.039480517468162,-1.9132,0,0
218,-0.039480516168551,-1.9128,0,0
219,-0.039480514868939,-1.9124,0,0
220,-0.039480513569327,-1.912,0,0
221,-0.039480512269715,-1.9116,0,0
222,-0.039480510970103,-1.9112,0,0
223,-0.039480509670491,-1.9108,0,0
224,-0.039480508370879,-1.9104,0,0
225,-0.039480507071268,-1.91,0,0
226,-0.039480505771656,-1.9096,0,0
227,-0.039480504472044,-1.9092,0,0
228,-0.039480503172432,-1.9088,0,0
229,-0.03948050187282,-1.9084,0,0
230,-0.039480500573208,-1.908,0,0
231,-0.039480499273596,-1.9076,0,0
232,-0.039480497973985,-1.9072,0,0
233,-0.039480496674373,-1.9068,0,0
234,-0.039480495374761,-1.9064,0,0
235,-0.039480494075149,-1.906,0,0
236,-0.039480492775537,-1.9056,0,0
237,-0.039480491475925,-1.9052,0,0
238,-0.039480490176313,-1.9048,0,0
239,-0.039480488876702,-1.9044,0,0
240,-0.03948048757709,-1.904,0,0
241,-0.039480486277478,-1.9036,0,0
242,-0.039480484977866,-1.9032,0,0
243,-0.039480483678254,-1.9028,0,0
244,-0.039480482378642,-1.9024,0,0
245,-0.03948048107903,-1.902,0,0
246,-0.039480479779419,-1.9016,0,0
247,-0.039480478479807,-1.9012,0,0
248,-0.039480477180195,-1.9008,0,0
249,-0.039480475880583,-1.9004,0,0
250,-0.039480474580971,-1.9,0,0
251,-0.039480473281359,-1.8996,0,0
252,-0.039480471981747,-1.8992,0,0
253,-0.039480470682136,-1.8988,0,0
254,-0.039480469382524,-1.8984,0,0
255,-0.039480468082912,-1.898,0,0
256,-0.0394804667833,-1.8976,0,0
257,-0.039480465483688,-1.8972,0,0
258,-0.039480464184076,-1.8968,0,0
259,-0.039480462884464,-1.8964,0,0
260,-0.039480461584853,-1.896,0,0
261,-0.039480460285241,-1.8956,0,0
262,-0.039480458985629,-1.8952,0,0
263,-0.039480457686017,-1.8948,0,0
264,-0.039480456386405,-1.8944,0,0
265,-0.039480455086793,-1.894,0,0
266,-0.039480453787181,-1.8936,0,0
267,-0.03948045248757,-1.8932,0,0
268,-0.039480451187958,-1.8928,0,0
269,-0.039480449888346,-1.8924,0,0
270,-0.039480448588734,-1.892,0,0
271,-0.039480447289122,-1.8916,0,0
272,-0.03948044598951,-1.8912,0,0
273,-0.039480444689898,-1.8908,0,0
274,-0.039480443390287,-1.8904,0,0
275,-0.039480442090675,-1.89,0,0
276,-0.039480440791063,-1.8896,0,0
277,-0.039480439491451,-1.8892,0,0
278,-0.039480438191839,-1.8888,0,0
279,-0.039480436892227,-1.8884,0,0
280,-0.039480435592615,-1.888,0,0
281,-0.039480434293004,-1.8876,0,0
282,-0.039480432993392,-1.8872,0,0
283,-0.03948043169378,-1.8868,0,0
284,-0.039480430394168,-1.8864,0,0
285,-0.039480429094556,-1.886,0,0
286,-0.039480427794944,-1.8856,0,0
287,-0.039480426495332,-1.8852,0,0
288,-0.039480425195721,-1.8848,0,0
289,-0.039480423896109,-1.8844,0,0
290,-0.039480422596497,-1.884,0,0
291,-0.039480421296885,-1.8836,0,0
292,-0.039480419997273,-1.8832,0,0
293,-0.039480418697661,-1.8828,0,0
294,-0.039480417398049,-1.8824,0,0
295,-0.039480416098438,-1.882,0,0
296,-0.039480414798826,-1.8816,0,0
297,-0.039480413499214,-1.8812,0,0
298,-0.039480412199602,-1.8808,0,0
299,-0.03948041089999,-1.8804,0,0
300,-0.039480409600378,-1.88,0,0
301,-0.039480408300766,-1.8796,0,0
302,-0.039480407001155,-1.8792,0,0
303,-0.039480405701543,-1.8788,0,0
304,-0.039480404401931,-1.8784,0,0
305,-0.039480403102319,-1.878,0,0
306,-0.039480401802707,-1.8776,0,0
307,-0.039480400503095,-1.8772,0,0
308,-0.039480399203483,-1.8768,0,0
309,-0.039480397903872,-1.8764,0,0
310,-0.03948039660426,-1.876,0,0
311,-0.039480395304648,-1.8756,0,0
312,-0.039480394005036,-1.8752,0,0
313,-0.039480392705424,-1.8748,0,0
314,-0.039480391405812,-1.8744,0,0
315,-0.0394803901062,-1.874,0,0
316,-0.039480388806589,-1.8736,0,0
317,-0.039480387506977,-1.8732,0,0
318,-0.039480386207365,-1.8728,0,0
319,-0.039480384907753,-1.8724,0,0
320,-0.039480383608141,-1.872,0,0
321,-0.039480382308529,-1.8716,0,0
322,-0.039480381008917,-1.8712,0,0
323,-0.039480379709306,-1.8708,0,0
324,-0.039480378409694,-1.8704,0,0
325,-0.039480377110082,-1.87,0,0
326,-0.03948037581047,-1.8696,0,0
327,-0.039480374510858,-1.8692,0,0
328,-0.039480373211246,-1.8688,0,0
329,-0.039480371911634,-1.8684,0,0
330,-0.039480370612022,-1.868,0,0
331,-0.039480369312411,-1.8676,0,0
332,-0.039480368012799,-1.8672,0,0
333,-0.039480366713187,-1.8668,0,0
334,-0.039480365413575,-1.8664,0,0
335,-0.039480364113963,-1.866,0,0
336,-0.039480362814351,-1.8656,0,0
337,-0.039480361514739,-1.8652,0,0
338,-0.039480360215128,-1.8648,0,0
339,-0.039480358915516,-1.8644,0,0
340,-0.039480357615904,-1.864,0,0
341,-0.039480356316292,-1.8636,0,0
342,-0.03948035501668,-1.8632,0,0
343,-0.039480353717068,-1.8628,0,0
344,-0.039480352417456,-1.8624,0,0
345,-0.039480351117845,-1.862,0,0
346,-0.039480349818233,-1.8616,0,0
347,-0.039480348518621,-1.8612,0,0
348,-0.039480347219009,-1.8608,0,0
349,-0.039480345919397,-1.8604,0,0
350,-0.039480344619785,-1.86,0,0
351,-0.039480343320173,-1.8596,0,0
352,-0.039480342020562,-1.8592,0,0
353,-0.03948034072095,-1.8588,0,0
354,-0.039480339421338,-1.8584,0,0
355,-0.039480338121726,-1.858,0,0
356,-0.039480336822114,-1.8576,0,0
357,-0.039480335522502,-1.8572,0,0
358,-0.039480334222891,-1.8568,0,0
359,-0.039480332923279,-1.8564,0,0
360,-0.039480331623667,-1.856,0,0
361,-0.039480330324055,-1.8556,0,0
362,-0.039480329024443,-1.8552,0,0
363,-0.039480327724831,-1.8548,0,0
364,-0.039480326425219,-1.8544,0,0
365,-0.039480325125608,-1.854,0,0
366,-0.039480323825996,-1.8536,0,0
367,-0.039480322526384,-1.8532,0,0
368,-0.039480321226772,-1.8528,0,0
369,-0.03948031992716,-1.8524,0,0
370,-0.039480318627548,-1.852,0,0
371,-0.039480317327936,-1.8516,0,0
372,-0.039480316028325,-1.8512,0,0
373,-0.039480314728713,-1.8508,0,0
374,-0.039480313429101,-1.8504,0,0
375,-0.039480312129489,-1.85,0,0
376,-0.039480310829877,-1.8496,0,0
377,-0.039480309530265,-1.8492,0,0
378,-0.039480308230653,-1.8488,0,0
379,-0.039480306931042,-1.8484,0,0
380,-0.03948030563143,-1.848,0,0
381,-0.039480304331818,-1.8476,0,0
382,-0.039480303032206,-1.8472,0,0
383,-0.039480301732594,-1.8468,0,0
384,-0.039480300432982,-1.8464,0,0
385,-0.03948029913337,-1.846,0,0
386,-0.039480297833759,-1.8456,0,0
387,-0.039480296534147,-1.8452,0,0
388,-0.039480295234535,-1.8448,0,0
389,-0.039480293934923,-1.8444,0,0
390,-0.039480292635311,-1.844,0,0
391,-0.039480291335699,-1.8436,0,0
392,-0.039480290036087,-1.8432,0,0
393,-0.039480288736476,-1.8428,0,0
394,-0.039480287436864,-1.8424,0,0
395,-0.039480286137252,-1.842,0,0
396,-0.03948028483764,-1.8416,0,0
397,-0.039480283538028,-1.8412,0,0
398,-0.039480282238416,-1.8408,0,0
399,-0.039480280938804,-1.8404,0,0
400,-0.039480279639193,-1.84,0,0
401,-0.039480278339581,-1.8396,0,0
402,-0.039480277039969,-1.8392,0,0
403,-0.039480275740357,-1.8388,0,0
404,-0.039480274440745,-1.8384,0,0
405,-0.039480273141133,-1.838,0,0
406,-0.039480271841521,-1.8376,0,0
407,-0.03948027054191,-1.8372,0,0
408,-0.039480269242298,-1.8368,0,0
409,-0.039480267942686,-1.8364,0,0
410,-0.039480266643074,-1.836,0,0
411,-0.039480265343462,-1.8356,0,0
412,-0.03948026404385,-1.8352,0,0
413,-0.039480262744238,-1.8348,0,0
414,-0.039480261444627,-1.8344,0,0
415,-0.039480260145015,-1.834,0,0
416,-0.039480258845403,-1.8336,0,0
417,-0.039480257545791,-1.8332,0,0
418,-0.039480256246179,-1.8328,0,0
419,-0.039480254946567,-1.8324,0,0
420,-0.039480253646955,-1.832,0,0
421,-0.039480252347343,-1.8316,0,0
422,-0.039480251047732,-1.8312,0,0
423,-0.03948024974812,-1.8308,0,0
424,-0.039480248448508,-1.8304,0,0
425,-0.039480247148896,-1.83,0,0
426,-0.039480245849284,-1.8296,0,0
427,-0.039480244549672,-1.8292,0,0
428,-0.03948024325006,-1.8288,0,0
429,-0.039480241950449,-1.8284,0,0
430,-0.039480240650837,-1.828,0,0
431,-0.039480239351225,-1.8276,0,0
432,-0.039480238051613,-1.8272,0,0
433,-0.039480236752001,-1.8268,0,0
434,-0.039480235452389,-1.8264,0,0
435,-0.039480234152777,-1.826,0,0
436,-0.039480232853166,-1.8256,0,0
437,-0.039480231553554,-1.8252,0,0
438,-0.039480230253942,-1.8248,0,0
439,-0.03948022895433,-1.8244,0,0
440,-0.039480227654718,-1.824,0,0
441,-0.039480226355106,-1.8236,0,0
442,-0.039480225055494,-1.8232,0,0
443,-0.039480223755883,-1.8228,0,0
444,-0.039480222456271,-1.8224,0,0
445,-0.039480221156659,-1.822,0,0
446,-0.039480219857047,-1.8216,0,0
447,-0.039480218557435,-1.8212,0,0
448,-0.039480217257823,-1.8208,0,0
449,-0.039480215958211,-1.8204,0,0
450,-0.0394802146586,-1.82,0,0
451,-0.039480213358988,-1.8196,0,0
452,-0.039480212059376,-1.8192,0,0
453,-0.039480210759764,-1.8188,0,0
454,-0.039480209460152,-1.8184,0,0
455,-0.03948020816054,-1.818,0,0
456,-0.039480206860928,-1.8176,0,0
457,-0.039480205561317,-1.8172,0,0
458,-0.039480204261705,-1.8168,0,0
459,-0.039480202962093,-1.8164,0,0
460,-0.039480201662481,-1.816,0,0
461,-0.039480200362869,-1.8156,0,0
462,-0.039480199063257,-1.8152,0,0
463,-0.039480197763645,-1.8148,0,0
464,-0.039480196464034,-1.8144,0,0
465,-0.039480195164422,-1.814,0,0
466,-0.03948019386481,-1.8136,0,0
467,-0.039480192565198,-1.8132,0,0
468,-0.039480191265586,-1.8128,0,0
469,-0.039480189965974,-1.8124,0,0
470,-0.039480188666362,-1.812,0,0
471,-0.039480187366751,-1.8116,0,0
472,-0.039480186067139,-1.8112,0,0
473,-0.039480184767527,-1.8108,0,0
474,-0.039480183467915,-1.8104,0,0
475,-0.039480182168303,-1.81,0,0
476,-0.039480180868691,-1.8096,0,0
477,-0.039480179569079,-1.8092,0,0
478,-0.039480178269468,-1.8088,0,0
479,-0.039480176969856,-1.8084,0,0
480,-0.039480175670244,-1.808,0,0
481,-0.039480174370632,-1.8076,0,0
482,-0.03948017307102,-1.8072,0,0
483,-0.039480171771408,-1.8068,0,0
484,-0.039480170471796,-1.8064,0,0
485,-0.039480169172185,-1.806,0,0
486,-0.039480167872573,-1.8056,0,0
487,-0.039480166572961,-1.8052,0,0
488,-0.039480165273349,-1.8048,0,0
489,-0.039480163973737,-1.8044,0,0
490,-0.039480162674125,-1.804,0,0
491,-0.039480161374513,-1.8036,0,0
492,-0.039480160074902,-1.8032,0,0
493,-0.03948015877529,-1.8028,0,0
494,-0.039480157475678,-1.8024,0,0
495,-0.039480156176066,-1.802,0,0
496,-0.039480154876454,-1.8016,0,0
497,-0.039480153576842,-1.8012,0,0
498,-0.03948015227723,-1.8008,0,0
499,-0.039480150977619,-1.8004,0,0
500,-0.039480149678007,-1.8,0,0
501,-0.039480148378395,-1.7996,0,0
502,-0.039480147078783,-1.7992,0,0
503,-0.039480145779171,-1.7988,0,0
504,-0.039480144479559,-1.7984,0,0
505,-0.039480143179947,-1.798,0,0
506,-0.039480141880336,-1.7976,0,0
507,-0.039480140580724,-1.7972,0,0
508,-0.039480139281112,-1.7968,0,0
509,-0.0394801379815,-1.7964,0,0
510,-0.039480136681888,-1.796,0,0
511,-0.039480135382276,-1.7956,0,0
512,-0.039480134082664,-1.7952,0,0
513,-0.039480132783053,-1.7948,0,0
514,-0.039480131483441,-1.7944,0,0
515,-0.039480130183829,-1.794,0,0
516,-0.039480128884217,-1.7936,0,0
517,-0.039480127584605,-1.7932,0,0
518,-0.039480126284993,-1.7928,0,0
519,-0.039480124985381,-1.7924,0,0
520,-0.03948012368577,-1.792,0,0
521,-0.039480122386158,-1.7916,0,0
522,-0.039480121086546,-1.7912,0,0
523,-0.039480119786934,-1.7908,0,0
524,-0.039480118487322,-1.7904,0,0
525,-0.03948011718771,-1.79,0,0
526,-0.039480115888098,-1.7896,0,0
527,-0.039480114588487,-1.7892,0,0
528,-0.039480113288875,-1.7888,0,0
529,-0.039480111989263,-1.7884,0,0
530,-0.039480110689651,-1.788,0,0
531,-0.039480109390039,-1.7876,0,0
532,-0.039480108090427,-1.7872,0,0
533,-0.039480106790815,-1.7868,0,0
534,-0.039480105491204,-1.7864,0,0
535,-0.039480104191592,-1.786,0,0
536,-0.03948010289198,-1.7856,0,0
537,-0.039480101592368,-1.7852,0,0
538,-0.039480100292756,-1.7848,0,0
539,-0.039480098993144,-1.7844,0,0
540,-0.039480097693532,-1.784,0,0
541,-0.039480096393921,-1.7836,0,0
542,-0.039480095094309,-1.7832,0,0
543,-0.039480093794697,-1.7828,0,0
544,-0.039480092495085,-1.7824,0,0
545,-0.039480091195473,-1.782,0,0
546,-0.039480089895861,-1.7816,0,0
547,-0.039480088596249,-1.7812,0,0
548,-0.039480087296638,-1.7808,0,0
549,-0.039480085997026,-1.7804,0,0
550,-0.039480084697414,-1.78,0,0
551,-0.039480083397802,-1.7796,0,0
552,-0.03948008209819,-1.7792,0,0
553,-0.039480080798578,-1.7788,0,0
554,-0.039480079498966,-1.7784,0,0
555,-0.039480078199355,-1.778,0,0
556,-0.039480076899743,-1.7776,0,0
557,-0.039480075600131,-1.7772,0,0
558,-0.039480074300519,-1.7768,0,0
559,-0.039480073000907,-1.7764,0,0
560,-0.039480071701295,-1.776,0,0
561,-0.039480070401683,-1.7756,0,0
562,-0.039480069102072,-1.7752,0,0
563,-0.03948006780246,-1.7748,0,0
564,-0.039480066502848,-1.7744,0,0
565,-0.039480065203236,-1.774,0,0
566,-0.039480063903624,-1.7736,0,0
567,-0.039480062604012,-1.7732,0,0
568,-0.0394800613044,-1.7728,0,0
569,-0.039480060004789,-1.7724,0,0
570,-0.039480058705177,-1.772,0,0
571,-0.039480057405565,-1.7716,0,0
572,-0.039480056105953,-1.7712,0,0
573,-0.039480054806341,-1.7708,0,0
574,-0.039480053506729,-1.7704,0,0
575,-0.039480052207117,-1.77,0,0
576,-0.039480050907506,-1.7696,0,0
577,-0.039480049607894,-1.7692,0,0
578,-0.039480048308282,-1.7688,0,0
579,-0.03948004700867,-1.7684,0,0
580,-0.039480045709058,-1.768,0,0
581,-0.039480044409446,-1.7676,0,0
582,-0.039480043109834,-1.7672,0,0
583,-0.039480041810223,-1.7668,0,0
584,-0.039480040510611,-1.7664,0,0
585,-0.039480039210999,-1.766,0,0
586,-0.039480037911387,-1.7656,0,0
587,-0.039480036611775,-1.7652,0,0
588,-0.039480035312163,-1.7648,0,0
589,-0.039480034012551,-1.7644,0,0
590,-0.03948003271294,-1.764,0,0
591,-0.039480031413328,-1.7636,0,0
592,-0.039480030113716,-1.7632,0,0
593,-0.039480028814104,-1.7628,0,0
594,-0.039480027514492,-1.7624,0,0
595,-0.03948002621488,-1.762,0,0
596,-0.039480024915268,-1.7616,0,0
597,-0.039480023615657,-1.7612,0,0
598,-0.039480022316045,-1.7608,0,0
599,-0.039480021016433,-1.7604,0,0
600,-0.039480019716821,-1.76,0,0
601,-0.039480018417209,-1.7596,0,0
602,-0.039480017117597,-1.7592,0,0
603,-0.039480015817985,-1.7588,0,0
604,-0.039480014518374,-1.7584,0,0
605,-0.039480013218762,-1.758,0,0
606,-0.03948001191915,-1.7576,0,0
607,-0.039480010619538,-1.7572,0,0
608,-0.039480009319926,-1.7568,0,0
609,-0.039480008020314,-1.7564,0,0
610,-0.039480006720702,-1.756,0,0
611,-0.039480005421091,-1.7556,0,0
612,-0.039480004121479,-1.7552,0,0
613,-0.039480002821867,-1.7548,0,0
614,-0.039480001522255,-1.7544,0,0
615,-0.039480000222643,-1.754,0,0
616,-0.039479998923031,-1.7536,0,0
617,-0.039479997623419,-1.7532,0,0
618,-0.039479996323808,-1.7528,0,0
619,-0.039479995024196,-1.7524,0,0
620,-0.039479993724584,-1.752,0,0
621,-0.039479992424972,-1.7516,0,0
622,-0.03947999112536,-1.7512,0,0
623,-0.039479989825748,-1.7508,0,0
624,-0.039479988526136,-1.7504,0,0
625,-0.039479987226525,-1.75,0,0
626,-0.039479985926913,-1.7496,0,0
627,-0.039479984627301,-1.7492,0,0
628,-0.039479983327689,-1.7488,0,0
629,-0.039479982028077,-1.7484,0,0
630,-0.039479980728465,-1.748,0,0
631,-0.039479979428853,-1.7476,0,0
632,-0.039479978129242,-1.7472,0,0
633,-0.03947997682963,-1.7468,0,0
634,-0.039479975530018,-1.7464,0,0
635,-0.039479974230406,-1.746,0,0
636,-0.039479972930794,-1.7456,0,0
637,-0.039479971631182,-1.7452,0,0
638,-0.03947997033157,-1.7448,0,0
639,-0.039479969031959,-1.7444,0,0
640,-0.039479967732347,-1.744,0,0
641,-0.039479966432735,-1.7436,0,0
642,-0.039479965133123,-1.7432,0,0
643,-0.039479963833511,-1.7428,0,0
644,-0.039479962533899,-1.7424,0,0
645,-0.039479961234287,-1.742,0,0
646,-0.039479959934676,-1.7416,0,0
647,-0.039479958635064,-1.7412,0,0
648,-0.039479957335452,-1.7408,0,0
649,-0.03947995603584,-1.7404,0,0
650,-0.039479954736228,-1.74,0,0
651,-0.039479953436616,-1.7396,0,0
652,-0.039479952137004,-1.7392,0,0
653,-0.039479950837393,-1.7388,0,0
654,-0.039479949537781,-1.7384,0,0
655,-0.039479948238169,-1.738,0,0
656,-0.039479946938557,-1.7376,0,0
657,-0.039479945638945,-1.7372,0,0
658,-0.039479944339333,-1.7368,0,0
659,-0.039479943039721,-1.7364,0,0
660,-0.03947994174011,-1.736,0,0
661,-0.039479940440498,-1.7356,0,0
662,-0.039479939140886,-1.7352,0,0
663,-0.039479937841274,-1.7348,0,0
664,-0.039479936541662,-1.7344,0,0
665,-0.03947993524205,-1.734,0,0
666,-0.039479933942438,-1.7336,0,0
667,-0.039479932642827,-1.7332,0,0
668,-0.039479931343215,-1.7328,0,0
669,-0.039479930043603,-1.7324,0,0
670,-0.039479928743991,-1.732,0,0
671,-0.039479927444379,-1.7316,0,0
672,-0.039479926144767,-1.7312,0,0
673,-0.039479924845155,-1.7308,0,0
674,-0.039479923545544,-1.7304,0,0
675,-0.039479922245932,-1.73,0,0
676,-0.03947992094632,-1.7296,0,0
677,-0.039479919646708,-1.7292,0,0
678,-0.039479918347096,-1.7288,0,0
679,-0.039479917047484,-1.7284,0,0
680,-0.039479915747872,-1.728,0,0
681,-0.039479914448261,-1.7276,0,0
682,-0.039479913148649,-1.7272,0,0
683,-0.039479911849037,-1.7268,0,0
684,-0.039479910549425,-1.7264,0,0
685,-0.039479909249813,-1.726,0,0
686,-0.039479907950201,-1.7256,0,0
687,-0.039479906650589,-1.7252,0,0
688,-0.039479905350978,-1.7248,0,0
689,-0.039479904051366,-1.7244,0,0
690,-0.039479902751754,-1.724,0,0
691,-0.039479901452142,-1.7236,0,0
692,-0.03947990015253,-1.7232,0,0
693,-0.039479898852918,-1.7228,0,0
694,-0.039479897553306,-1.7224,0,0
695,-0.039479896253695,-1.722,0,0
696,-0.039479894954083,-1.7216,0,0
697,-0.039479893654471,-1.7212,0,0
698,-0.039479892354859,-1.7208,0,0
699,-0.039479891055247,-1.7204,0,0
700,-0.039479889755635,-1.72,0,0
701,-0.039479888456023,-1.7196,0,0
702,-0.039479887156412,-1.7192,0,0
703,-0.0394798858568,-1.7188,0,0
704,-0.039479884557188,-1.7184,0,0
705,-0.039479883257576,-1.718,0,0
706,-0.039479881957964,-1.7176,0,0
707,-0.039479880658352,-1.7172,0,0
708,-0.03947987935874,-1.7168,0,0
709,-0.039479878059129,-1.7164,0,0
710,-0.039479876759517,-1.716,0,0
711,-0.039479875459905,-1.7156,0,0
712,-0.039479874160293,-1.7152,0,0
713,-0.039479872860681,-1.7148,0,0
714,-0.039479871561069,-1.7144,0,0
715,-0.039479870261457,-1.714,0,0
716,-0.039479868961846,-1.7136,0,0
717,-0.039479867662234,-1.7132,0,0
718,-0.039479866362622,-1.7128,0,0
719,-0.03947986506301,-1.7124,0,0
720,-0.039479863763398,-1.712,0,0
721,-0.039479862463786,-1.7116,0,0
722,-0.039479861164174,-1.7112,0,0
723,-0.039479859864563,-1.7108,0,0
724,-0.039479858564951,-1.7104,0,0
725,-0.039479857265339,-1.71,0,0
726,-0.039479855965727,-1.7096,0,0
727,-0.039479854666115,-1.7092,0,0
728,-0.039479853366503,-1.7088,0,0
729,-0.039479852066891,-1.7084,0,0
730,-0.03947985076728,-1.708,0,0
731,-0.039479849467668,-1.7076,0,0
732,-0.039479848168056,-1.7072,0,0
733,-0.039479846868444,-1.7068,0,0
734,-0.039479845568832,-1.7064,0,0
735,-0.03947984426922,-1.706,0,0
736,-0.039479842969608,-1.7056,0,0
737,-0.039479841669997,-1.7052,0,0
738,-0.039479840370385,-1.7048,0,0
739,-0.039479839070773,-1.7044,0,0
740,-0.039479837771161,-1.704,0,0
741,-0.039479836471549,-1.7036,0,0
742,-0.039479835171937,-1.7032,0,0
743,-0.039479833872325,-1.7028,0,0
744,-0.039479832572714,-1.7024,0,0
745,-0.039479831273102,-1.702,0,0
746,-0.03947982997349,-1.7016,0,0
747,-0.039479828673878,-1.7012,0,0
748,-0.039479827374266,-1.7008,0,0
749,-0.039479826074654,-1.7004,0,0
750,-0.039479824775042,-1.7,0,0
751,-0.039479823475431,-1.6996,0,0
752,-0.039479822175819,-1.6992,0,0
753,-0.039479820876207,-1.6988,0,0
754,-0.039479819576595,-1.6984,0,0
755,-0.039479818276983,-1.698,0,0
756,-0.039479816977371,-1.6976,0,0
757,-0.039479815677759,-1.6972,0,0
758,-0.039479814378148,-1.6968,0,0
759,-0.039479813078536,-1.6964,0,0
760,-0.039479811778924,-1.696,0,0
761,-0.039479810479312,-1.6956,0,0
762,-0.0394798091797,-1.6952,0,0
763,-0.039479807880088,-1.6948,0,0
764,-0.039479806580476,-1.6944,0,0
765,-0.039479805280865,-1.694,0,0
766,-0.039479803981253,-1.6936,0,0
767,-0.039479802681641,-1.6932,0,0
768,-0.039479801382029,-1.6928,0,0
769,-0.039479800082417,-1.6924,0,0
770,-0.039479798782805,-1.692,0,0
771,-0.039479797483193,-1.6916,0,0
772,-0.039479796183582,-1.6912,0,0
773,-0.03947979488397,-1.6908,0,0
774,-0.039479793584358,-1.6904,0,0
775,-0.039479792284746,-1.69,0,0
776,-0.039479790985134,-1.6896,0,0
777,-0.039479789685522,-1.6892,0,0
778,-0.03947978838591,-1.6888,0,0
779,-0.039479787086299,-1.6884,0,0
780,-0.039479785786687,-1.688,0,0
781,-0.039479784487075,-1.6876,0,0
782,-0.039479783187463,-1.6872,0,0
783,-0.039479781887851,-1.6868,0,0
784,-0.039479780588239,-1.6864,0,0
785,-0.039479779288627,-1.686,0,0
786,-0.039479777989016,-1.6856,0,0
787,-0.039479776689404,-1.6852,0,0
788,-0.039479775389792,-1.6848,0,0
789,-0.03947977409018,-1.6844,0,0
790,-0.039479772790568,-1.684,0,0
791,-0.039479771490956,-1.6836,0,0
792,-0.039479770191344,-1.6832,0,0
793,-0.039479768891733,-1.6828,0,0
794,-0.039479767592121,-1.6824,0,0
795,-0.039479766292509,-1.682,0,0
796,-0.039479764992897,-1.6816,0,0
797,-0.039479763693285,-1.6812,0,0
798,-0.039479762393673,-1.6808,0,0
799,-0.039479761094061,-1.6804,0,0
800,-0.03947975979445,-1.68,0,0
801,-0.039479758494838,-1.6796,0,0
802,-0.039479757195226,-1.6792,0,0
803,-0.039479755895614,-1.6788,0,0
804,-0.039479754596002,-1.6784,0,0
805,-0.03947975329639,-1.678,0,0
806,-0.039479751996778,-1.6776,0,0
807,-0.039479750697167,-1.6772,0,0
808,-0.039479749397555,-1.6768,0,0
809,-0.039479748097943,-1.6764,0,0
810,-0.039479746798331,-1.676,0,0
811,-0.039479745498719,-1.6756,0,0
812,-0.039479744199107,-1.6752,0,0
813,-0.039479742899495,-1.6748,0,0
814,-0.039479741599884,-1.6744,0,0
815,-0.039479740300272,-1.674,0,0
816,-0.03947973900066,-1.6736,0,0
817,-0.039479737701048,-1.6732,0,0
818,-0.039479736401436,-1.6728,0,0
819,-0.039479735101824,-1.6724,0,0
820,-0.039479733802212,-1.672,0,0
821,-0.039479732502601,-1.6716,0,0
822,-0.039479731202989,-1.6712,0,0
823,-0.039479729903377,-1.6708,0,0
824,-0.039479728603765,-1.6704,0,0
825,-0.039479727304153,-1.67,0,0
826,-0.039479726004541,-1.6696,0,0
827,-0.039479724704929,-1.6692,0,0
828,-0.039479723405318,-1.6688,0,0
829,-0.039479722105706,-1.6684,0,0
830,-0.039479720806094,-1.668,0,0
831,-0.039479719506482,-1.6676,0,0
832,-0.03947971820687,-1.6672,0,0
833,-0.039479716907258,-1.6668,0,0
834,-0.039479715607646,-1.6664,0,0
835,-0.039479714308035,-1.666,0,0
836,-0.039479713008423,-1.6656,0,0
837,-0.039479711708811,-1.6652,0,0
838,-0.039479710409199,-1.6648,0,0
839,-0.039479709109587,-1.6644,0,0
840,-0.039479707809975,-1.664,0,0
841,-0.039479706510363,-1.6636,0,0
842,-0.039479705210752,-1.6632,0,0
843,-0.03947970391114,-1.6628,0,0
844,-0.039479702611528,-1.6624,0,0
845,-0.039479701311916,-1.662,0,0
846,-0.039479700012304,-1.6616,0,0
847,-0.039479698712692,-1.6612,0,0
848,-0.03947969741308,-1.6608,0,0
849,-0.039479696113469,-1.6604,0,0
850,-0.039479694813857,-1.66,0,0
851,-0.039479693514245,-1.6596,0,0
852,-0.039479692214633,-1.6592,0,0
853,-0.039479690915021,-1.6588,0,0
854,-0.039479689615409,-1.6584,0,0
855,-0.039479688315797,-1.658,0,0
856,-0.039479687016185,-1.6576,0,0
857,-0.039479685716574,-1.6572,0,0
858,-0.039479684416962,-1.6568,0,0
859,-0.03947968311735,-1.6564,0,0
860,-0.039479681817738,-1.656,0,0
861,-0.039479680518126,-1.6556,0,0
862,-0.039479679218514,-1.6552,0,0
863,-0.039479677918902,-1.6548,0,0
864,-0.039479676619291,-1.6544,0,0
865,-0.039479675319679,-1.654,0,0
866,-0.039479674020067,-1.6536,0,0
867,-0.039479672720455,-1.6532,0,0
868,-0.039479671420843,-1.6528,0,0
869,-0.039479670121231,-1.6524,0,0
870,-0.039479668821619,-1.652,0,0
871,-0.039479667522008,-1.6516,0,0
872,-0.039479666222396,-1.6512,0,0
873,-0.039479664922784,-1.6508,0,0
874,-0.039479663623172,-1.6504,0,0
875,-0.03947966232356,-1.65,0,0
876,-0.039479661023948,-1.6496,0,0
877,-0.039479659724336,-1.6492,0,0
878,-0.039479658424725,-1.6488,0,0
879,-0.039479657125113,-1.6484,0,0
880,-0.039479655825501,-1.648,0,0
881,-0.039479654525889,-1.6476,0,0
882,-0.039479653226277,-1.6472,0,0
883,-0.039479651926665,-1.6468,0,0
884,-0.039479650627053,-1.6464,0,0
885,-0.039479649327442,-1.646,0,0
886,-0.03947964802783,-1.6456,0,0
887,-0.039479646728218,-1.6452,0,0
888,-0.039479645428606,-1.6448,0,0
889,-0.039479644128994,-1.6444,0,0
890,-0.039479642829382,-1.644,0,0
891,-0.03947964152977,-1.6436,0,0
892,-0.039479640230159,-1.6432,0,0
893,-0.039479638930547,-1.6428,0,0
894,-0.039479637630935,-1.6424,0,0
895,-0.039479636331323,-1.642,0,0
896,-0.039479635031711,-1.6416,0,0
897,-0.039479633732099,-1.6412,0,0
898,-0.039479632432487,-1.6408,0,0
899,-0.039479631132876,-1.6404,0,0
900,-0.039479629833264,-1.64,0,0
901,-0.039479628533652,-1.6396,0,0
902,-0.03947962723404,-1.6392,0,0
903,-0.039479625934428,-1.6388,0,0
904,-0.039479624634816,-1.6384,0,0
905,-0.039479623335204,-1.638,0,0
906,-0.039479622035593,-1.6376,0,0
907,-0.039479620735981,-1.6372,0,0
908,-0.039479619436369,-1.6368,0,0
909,-0.039479618136757,-1.6364,0,0
910,-0.039479616837145,-1.636,0,0
911,-0.039479615537533,-1.6356,0,0
912,-0.039479614237921,-1.6352,0,0
913,-0.03947961293831,-1.6348,0,0
914,-0.039479611638698,-1.6344,0,0
915,-0.039479610339086,-1.634,0,0
916,-0.039479609039474,-1.6336,0,0
917,-0.039479607739862,-1.6332,0,0
918,-0.03947960644025,-1.6328,0,0
919,-0.039479605140638,-1.6324,0,0
920,-0.039479603841027,-1.632,0,0
921,-0.039479602541415,-1.6316,0,0
922,-0.039479601241803,-1.6312,0,0
923,-0.039479599942191,-1.6308,0,0
924,-0.039479598642579,-1.6304,0,0
925,-0.039479597342967,-1.63,0,0
926,-0.039479596043355,-1.6296,0,0
927,-0.039479594743744,-1.6292,0,0
928,-0.039479593444132,-1.6288,0,0
929,-0.03947959214452,-1.6284,0,0
930,-0.039479590844908,-1.628,0,0
931,-0.039479589545296,-1.6276,0,0
932,-0.039479588245684,-1.6272,0,0
933,-0.039479586946072,-1.6268,0,0
934,-0.039479585646461,-1.6264,0,0
935,-0.039479584346849,-1.626,0,0
936,-0.039479583047237,-1.6256,0,0
937,-0.039479581747625,-1.6252,0,0
938,-0.039479580448013,-1.6248,0,0
939,-0.039479579148401,-1.6244,0,0
940,-0.039479577848789,-1.624,0,0
941,-0.039479576549178,-1.6236,0,0
942,-0.039479575249566,-1.6232,0,0
943,-0.039479573949954,-1.6228,0,0
944,-0.039479572650342,-1.6224,0,0
945,-0.03947957135073,-1.622,0,0
946,-0.039479570051118,-1.6216,0,0
947,-0.039479568751506,-1.6212,0,0
948,-0.039479567451895,-1.6208,0,0
949,-0.039479566152283,-1.6204,0,0
950,-0.039479564852671,-1.62,0,0
951,-0.039479563553059,-1.6196,0,0
952,-0.039479562253447,-1.6192,0,0
953,-0.039479560953835,-1.6188,0,0
954,-0.039479559654223,-1.6184,0,0
955,-0.039479558354612,-1.618,0,0
956,-0.039479557055,-1.6176,0,0
957,-0.039479555755388,-1.6172,0,0
958,-0.039479554455776,-1.6168,0,0
959,-0.039479553156164,-1.6164,0,0
960,-0.039479551856552,-1.616,0,0
961,-0.03947955055694,-1.6156,0,0
962,-0.039479549257329,-1.6152,0,0
963,-0.039479547957717,-1.6148,0,0
964,-0.039479546658105,-1.6144,0,0
965,-0.039479545358493,-1.614,0,0
966,-0.039479544058881,-1.6136,0,0
967,-0.039479542759269,-1.6132,0,0
968,-0.039479541459657,-1.6128,0,0
969,-0.039479540160046,-1.6124,0,0
970,-0.039479538860434,-1.612,0,0
971,-0.039479537560822,-1.6116,0,0
972,-0.03947953626121,-1.6112,0,0
973,-0.039479534961598,-1.6108,0,0
974,-0.039479533661986,-1.6104,0,0
975,-0.039479532362374,-1.61,0,0
976,-0.039479531062763,-1.6096,0,0
977,-0.039479529763151,-1.6092,0,0
978,-0.039479528463539,-1.6088,0,0
979,-0.039479527163927,-1.6084,0,0
980,-0.039479525864315,-1.608,0,0
981,-0.039479524564703,-1.6076,0,0
982,-0.039479523265091,-1.6072,0,0
983,-0.03947952196548,-1.6068,0,0
984,-0.039479520665868,-1.6064,0,0
985,-0.039479519366256,-1.606,0,0
986,-0.039479518066644,-1.6056,0,0
987,-0.039479516767032,-1.6052,0,0
988,-0.03947951546742,-1.6048,0,0
989,-0.039479514167808,-1.6044,0,0
990,-0.039479512868197,-1.604,0,0
991,-0.039479511568585,-1.6036,0,0
992,-0.039479510268973,-1.6032,0,0
993,-0.039479508969361,-1.6028,0,0
994,-0.039479507669749,-1.6024,0,0
995,-0.039479506370137,-1.602,0,0
996,-0.039479505070525,-1.6016,0,0
997,-0.039479503770914,-1.6012,0,0
998,-0.039479502471302,-1.6008,0,0
999,-0.03947950117169,-1.6004,0,0
1000,-0.039479499872078,-1.6,0,0
1001,-0.039479498572466,-1.5996,0,0
1002,-0.039479497272854,-1.5992,0,0
1003,-0.039479495973242,-1.5988,0,0
1004,-0.039479494673631,-1.5984,0,0
1005,-0.039479493374019,-1.598,0,0
1006,-0.039479492074407,-1.5976,0,0
1007,-0.039479490774795,-1.5972,0,0
1008,-0.039479489475183,-1.5968,0,0
1009,-0.039479488175571,-1.5964,0,0
1010,-0.039479486875959,-1.596,0,0
1011,-0.039479485576348,-1.5956,0,0
1012,-0.039479484276736,-1.5952,0,0
1013,-0.039479482977124,-1.5948,0,0
1014,-0.039479481677512,-1.5944,0,0
1015,-0.0394794803779,-1.594,0,0
1016,-0.039479479078288,-1.5936,0,0
1017,-0.039479477778676,-1.5932,0,0
1018,-0.039479476479065,-1.5928,0,0
1019,-0.039479475179453,-1.5924,0,0
1020,-0.039479473879841,-1.592,0,0
1021,-0.039479472580229,-1.5916,0,0
1022,-0.039479471280617,-1.5912,0,0
1023,-0.039479469981005,-1.5908,0,0
1024,-0.039479468681393,-1.5904,0,0
1025,-0.039479467381782,-1.59,0,0
1026,-0.03947946608217,-1.5896,0,0
1027,-0.039479464782558,-1.5892,0,0
1028,-0.039479463482946,-1.5888,0,0
1029,-0.039479462183334,-1.5884,0,0
1030,-0.039479460883722,-1.588,0,0
1031,-0.03947945958411,-1.5876,0,0
1032,-0.039479458284499,-1.5872,0,0
1033,-0.039479456984887,-1.5868,0,0
1034,-0.039479455685275,-1.5864,0,0
1035,-0.039479454385663,-1.586,0,0
1036,-0.039479453086051,-1.5856,0,0
1037,-0.039479451786439,-1.5852,0,0
1038,-0.039479450486827,-1.5848,0,0
1039,-0.039479449187216,-1.5844,0,0
1040,-0.039479447887604,-1.584,0,0
1041,-0.039479446587992,-1.5836,0,0
1042,-0.03947944528838,-1.5832,0,0
1043,-0.039479443988768,-1.5828,0,0
1044,-0.039479442689156,-1.5824,0,0
1045,-0.039479441389544,-1.582,0,0
1046,-0.039479440089933,-1.5816,0,0
1047,-0.039479438790321,-1.5812,0,0
1048,-0.039479437490709,-1.5808,0,0
1049,-0.039479436191097,-1.5804,0,0
1050,-0.039479434891485,-1.58,0,0
1051,-0.039479433591873,-1.5796,0,0
1052,-0.039479432292261,-1.5792,0,0
1053,-0.03947943099265,-1.5788,0,0
1054,-0.039479429693038,-1.5784,0,0
1055,-0.039479428393426,-1.578,0,0
1056,-0.039479427093814,-1.5776,0,0
1057,-0.039479425794202,-1.5772,0,0
1058,-0.03947942449459,-1.5768,0,0
1059,-0.039479423194978,-1.5764,0,0
1060,-0.039479421895367,-1.576,0,0
1061,-0.039479420595755,-1.5756,0,0
1062,-0.039479419296143,-1.5752,0,0
1063,-0.039479417996531,-1.5748,0,0
1064,-0.039479416696919,-1.5744,0,0
1065,-0.039479415397307,-1.574,0,0
1066,-0.039479414097695,-1.5736,0,0
1067,-0.039479412798084,-1.5732,0,0
1068,-0.039479411498472,-1.5728,0,0
1069,-0.03947941019886,-1.5724,0,0
1070,-0.039479408899248,-1.572,0,0
1071,-0.039479407599636,-1.5716,0,0
1072,-0.039479406300024,-1.5712,0,0
1073,-0.039479405000412,-1.5708,0,0
1074,-0.039479403700801,-1.5704,0,0
1075,-0.039479402401189,-1.57,0,0
1076,-0.039479401101577,-1.5696,0,0
1077,-0.039479399801965,-1.5692,0,0
1078,-0.039479398502353,-1.5688,0,0
1079,-0.039479397202741,-1.5684,0,0
1080,-0.039479395903129,-1.568,0,0
1081,-0.039479394603518,-1.5676,0,0
1082,-0.039479393303906,-1.5672,0,0
1083,-0.039479392004294,-1.5668,0,0
1084,-0.039479390704682,-1.5664,0,0
1085,-0.03947938940507,-1.566,0,0
1086,-0.039479388105458,-1.5656,0,0
1087,-0.039479386805846,-1.5652,0,0
1088,-0.039479385506235,-1.5648,0,0
1089,-0.039479384206623,-1.5644,0,0
1090,-0.039479382907011,-1.564,0,0
1091,-0.039479381607399,-1.5636,0,0
1092,-0.039479380307787,-1.5632,0,0
1093,-0.039479379008175,-1.5628,0,0
1094,-0.039479377708563,-1.5624,0,0
1095,-0.039479376408952,-1.562,0,0
1096,-0.03947937510934,-1.5616,0,0
1097,-0.039479373809728,-1.5612,0,0
1098,-0.039479372510116,-1.5608,0,0
1099,-0.039479371210504,-1.5604,0,0
1100,-0.039479369910892,-1.56,0,0
1101,-0.03947936861128,-1.5596,0,0
1102,-0.039479367311669,-1.5592,0,0
1103,-0.039479366012057,-1.5588,0,0
1104,-0.039479364712445,-1.5584,0,0
1105,-0.039479363412833,-1.558,0,0
1106,-0.039479362113221,-1.5576,0,0
1107,-0.039479360813609,-1.5572,0,0
1108,-0.039479359513997,-1.5568,0,0
1109,-0.039479358214386,-1.5564,0,0
1110,-0.039479356914774,-1.556,0,0
1111,-0.039479355615162,-1.5556,0,0
1112,-0.03947935431555,-1.5552,0,0
1113,-0.039479353015938,-1.5548,0,0
1114,-0.039479351716326,-1.5544,0,0
1115,-0.039479350416714,-1.554,0,0
1116,-0.039479349117103,-1.5536,0,0
1117,-0.039479347817491,-1.5532,0,0
1118,-0.039479346517879,-1.5528,0,0
1119,-0.039479345218267,-1.5524,0,0
1120,-0.039479343918655,-1.552,0,0
1121,-0.039479342619043,-1.5516,0,0
1122,-0.039479341319431,-1.5512,0,0
1123,-0.03947934001982,-1.5508,0,0
1124,-0.039479338720208,-1.5504,0,0
1125,-0.039479337420596,-1.55,0,0
1126,-0.039479336120984,-1.5496,0,0
1127,-0.039479334821372,-1.5492,0,0
1128,-0.03947933352176,-1.5488,0,0
1129,-0.039479332222148,-1.5484,0,0
1130,-0.039479330922537,-1.548,0,0
1131,-0.039479329622925,-1.5476,0,0
1132,-0.039479328323313,-1.5472,0,0
1133,-0.039479327023701,-1.5468,0,0
1134,-0.039479325724089,-1.5464,0,0
1135,-0.039479324424477,-1.546,0,0
1136,-0.039479323124865,-1.5456,0,0
1137,-0.039479321825254,-1.5452,0,0
1138,-0.039479320525642,-1.5448,0,0
1139,-0.03947931922603,-1.5444,0,0
1140,-0.039479317926418,-1.544,0,0
1141,-0.039479316626806,-1.5436,0,0
1142,-0.039479315327194,-1.5432,0,0
1143,-0.039479314027582,-1.5428,0,0
1144,-0.039479312727971,-1.5424,0,0
1145,-0.039479311428359,-1.542,0,0
1146,-0.039479310128747,-1.5416,0,0
1147,-0.039479308829135,-1.5412,0,0
1148,-0.039479307529523,-1.5408,0,0
1149,-0.039479306229911,-1.5404,0,0
1150,-0.039479304930299,-1.54,0,0
1151,-0.039479303630688,-1.5396,0,0
1152,-0.039479302331076,-1.5392,0,0
1153,-0.039479301031464,-1.5388,0,0
1154,-0.039479299731852,-1.5384,0,0
1155,-0.03947929843224,-1.538,0,0
1156,-0.039479297132628,-1.5376,0,0
1157,-0.039479295833016,-1.5372,0,0
1158,-0.039479294533405,-1.5368,0,0
1159,-0.039479293233793,-1.5364,0,0
1160,-0.039479291934181,-1.536,0,0
1161,-0.039479290634569,-1.5356,0,0
1162,-0.039479289334957,-1.5352,0,0
1163,-0.039479288035345,-1.5348,0,0
1164,-0.039479286735733,-1.5344,0,0
1165,-0.039479285436122,-1.534,0,0
1166,-0.03947928413651,-1.5336,0,0
1167,-0.039479282836898,-1.5332,0,0
1168,-0.039479281537286,-1.5328,0,0
1169,-0.039479280237674,-1.5324,0,0
1170,-0.039479278938062,-1.532,0,0
1171,-0.03947927763845,-1.5316,0,0
1172,-0.039479276338839,-1.5312,0,0
1173,-0.039479275039227,-1.5308,0,0
1174,-0.039479273739615,-1.5304,0,0
1175,-0.039479272440003,-1.53,0,0
1176,-0.039479271140391,-1.5296,0,0
1177,-0.039479269840779,-1.5292,0,0
1178,-0.039479268541167,-1.5288,0,0
1179,-0.039479267241556,-1.5284,0,0
1180,-0.039479265941944,-1.528,0,0
1181,-0.039479264642332,-1.5276,0,0
1182,-0.03947926334272,-1.5272,0,0
1183,-0.039479262043108,-1.5268,0,0
1184,-0.039479260743496,-1.5264,0,0
1185,-0.039479259443884,-1.526,0,0
1186,-0.039479258144273,-1.5256,0,0
1187,-0.039479256844661,-1.5252,0,0
1188,-0.039479255545049,-1.5248,0,0
1189,-0.039479254245437,-1.5244,0,0
1190,-0.039479252945825,-1.524,0,0
1191,-0.039479251646213,-1.5236,0,0
1192,-0.039479250346601,-1.5232,0,0
1193,-0.03947924904699,-1.5228,0,0
1194,-0.039479247747378,-1.5224,0,0
1195,-0.039479246447766,-1.522,0,0
1196,-0.039479245148154,-1.5216,0,0
1197,-0.039479243848542,-1.5212,0,0
1198,-0.03947924254893,-1.5208,0,0
1199,-0.039479241249318,-1.5204,0,0
1200,-0.039479239949707,-1.52,0,0
1201,-0.039479238650095,-1.5196,0,0
1202,-0.039479237350483,-1.5192,0,0
1203,-0.039479236050871,-1.5188,0,0
1204,-0.039479234751259,-1.5184,0,0
1205,-0.039479233451647,-1.518,0,0
1206,-0.039479232152035,-1.5176,0,0
1207,-0.039479230852424,-1.5172,0,0
1208,-0.039479229552812,-1.5168,0,0
1209,-0.0394792282532,-1.5164,0,0
1210,-0.039479226953588,-1.516,0,0
1211,-0.039479225653976,-1.5156,0,0
1212,-0.039479224354364,-1.5152,0,0
1213,-0.039479223054752,-1.5148,0,0
1214,-0.039479221755141,-1.5144,0,0
1215,-0.039479220455529,-1.514,0,0
1216,-0.039479219155917,-1.5136,0,0
1217,-0.039479217856305,-1.5132,0,0
1218,-0.039479216556693,-1.5128,0,0
1219,-0.039479215257081,-1.5124,0,0
1220,-0.039479213957469,-1.512,0,0
1221,-0.039479212657858,-1.5116,0,0
1222,-0.039479211358246,-1.5112,0,0
1223,-0.039479210058634,-1.5108,0,0
1224,-0.039479208759022,-1.5104,0,0
1225,-0.03947920745941,-1.51,0,0
1226,-0.039479206159798,-1.5096,0,0
1227,-0.039479204860186,-1.5092,0,0
1228,-0.039479203560575,-1.5088,0,0
1229,-0.039479202260963,-1.5084,0,0
1230,-0.039479200961351,-1.508,0,0
1231,-0.039479199661739,-1.5076,0,0
1232,-0.039479198362127,-1.5072,0,0
1233,-0.039479197062515,-1.5068,0,0
1234,-0.039479195762903,-1.5064,0,0
1235,-0.039479194463292,-1.506,0,0
1236,-0.03947919316368,-1.5056,0,0
1237,-0.039479191864068,-1.5052,0,0
1238,-0.039479190564456,-1.5048,0,0
1239,-0.039479189264844,-1.5044,0,0
1240,-0.039479187965232,-1.504,0,0
1241,-0.03947918666562,-1.5036,0,0
1242,-0.039479185366009,-1.5032,0,0
1243,-0.039479184066397,-1.5028,0,0
1244,-0.039479182766785,-1.5024,0,0
1245,-0.039479181467173,-1.502,0,0
1246,-0.039479180167561,-1.5016,0,0
1247,-0.039479178867949,-1.5012,0,0
1248,-0.039479177568337,-1.5008,0,0
1249,-0.039479176268726,-1.5004,0,0
1250,-0.039479174969114,-1.5,0,0
1251,-0.039479173669502,-1.4996,0,0
1252,-0.03947917236989,-1.4992,0,0
1253,-0.039479171070278,-1.4988,0,0
1254,-0.039479169770666,-1.4984,0,0
1255,-0.039479168471054,-1.498,0,0
1256,-0.039479167171443,-1.4976,0,0
1257,-0.039479165871831,-1.4972,0,0
1258,-0.039479164572219,-1.4968,0,0
1259,-0.039479163272607,-1.4964,0,0
1260,-0.039479161972995,-1.496,0,0
1261,-0.039479160673383,-1.4956,0,0
1262,-0.039479159373771,-1.4952,0,0
1263,-0.03947915807416,-1.4948,0,0
1264,-0.039479156774548,-1.4944,0,0
1265,-0.039479155474936,-1.494,0,0
1266,-0.039479154175324,-1.4936,0,0
1267,-0.039479152875712,-1.4932,0,0
1268,-0.0394791515761,-1.4928,0,0
1269,-0.039479150276488,-1.4924,0,0
1270,-0.039479148976877,-1.492,0,0
1271,-0.039479147677265,-1.4916,0,0
1272,-0.039479146377653,-1.4912,0,0
1273,-0.039479145078041,-1.4908,0,0
1274,-0.039479143778429,-1.4904,0,0
1275,-0.039479142478817,-1.49,0,0
1276,-0.039479141179205,-1.4896,0,0
1277,-0.039479139879594,-1.4892,0,0
1278,-0.039479138579982,-1.4888,0,0
1279,-0.03947913728037,-1.4884,0,0
1280,-0.039479135980758,-1.488,0,0
1281,-0.039479134681146,-1.4876,0,0
1282,-0.039479133381534,-1.4872,0,0
1283,-0.039479132081922,-1.4868,0,0
1284,-0.039479130782311,-1.4864,0,0
1285,-0.039479129482699,-1.486,0,0
1286,-0.039479128183087,-1.4856,0,0
1287,-0.039479126883475,-1.4852,0,0
1288,-0.039479125583863,-1.4848,0,0
1289,-0.039479124284251,-1.4844,0,0
1290,-0.039479122984639,-1.484,0,0
1291,-0.039479121685028,-1.4836,0,0
1292,-0.039479120385416,-1.4832,0,0
1293,-0.039479119085804,-1.4828,0,0
1294,-0.039479117786192,-1.4824,0,0
1295,-0.03947911648658,-1.482,0,0
1296,-0.039479115186968,-1.4816,0,0
1297,-0.039479113887356,-1.4812,0,0
1298,-0.039479112587745,-1.4808,0,0
1299,-0.039479111288133,-1.4804,0,0
1300,-0.039479109988521,-1.48,0,0
1301,-0.039479108688909,-1.4796,0,0
1302,-0.039479107389297,-1.4792,0,0
1303,-0.039479106089685,-1.4788,0,0
1304,-0.039479104790073,-1.4784,0,0
1305,-0.039479103490462,-1.478,0,0
1306,-0.03947910219085,-1.4776,0,0
1307,-0.039479100891238,-1.4772,0,0
1308,-0.039479099591626,-1.4768,0,0
1309,-0.039479098292014,-1.4764,0,0
1310,-0.039479096992402,-1.476,0,0
1311,-0.03947909569279,-1.4756,0,0
1312,-0.039479094393179,-1.4752,0,0
1313,-0.039479093093567,-1.4748,0,0
1314,-0.039479091793955,-1.4744,0,0
1315,-0.039479090494343,-1.474,0,0
1316,-0.039479089194731,-1.4736,0,0
1317,-0.039479087895119,-1.4732,0,0
1318,-0.039479086595507,-1.4728,0,0
1319,-0.039479085295896,-1.4724,0,0
1320,-0.039479083996284,-1.472,0,0
1321,-0.039479082696672,-1.4716,0,0
1322,-0.03947908139706,-1.4712,0,0
1323,-0.039479080097448,-1.4708,0,0
1324,-0.039479078797836,-1.4704,0,0
1325,-0.039479077498224,-1.47,0,0
1326,-0.039479076198613,-1.4696,0,0
1327,-0.039479074899001,-1.4692,0,0
1328,-0.039479073599389,-1.4688,0,0
1329,-0.039479072299777,-1.4684,0,0
1330,-0.039479071000165,-1.468,0,0
1331,-0.039479069700553,-1.4676,0,0
1332,-0.039479068400941,-1.4672,0,0
1333,-0.03947906710133,-1.4668,0,0
1334,-0.039479065801718,-1.4664,0,0
1335,-0.039479064502106,-1.466,0,0
1336,-0.039479063202494,-1.4656,0,0
1337,-0.039479061902882,-1.4652,0,0
1338,-0.03947906060327,-1.4648,0,0
1339,-0.039479059303658,-1.4644,0,0
1340,-0.039479058004047,-1.464,0,0
1341,-0.039479056704435,-1.4636,0,0
1342,-0.039479055404823,-1.4632,0,0
1343,-0.039479054105211,-1.4628,0,0
1344,-0.039479052805599,-1.4624,0,0
1345,-0.039479051505987,-1.462,0,0
1346,-0.039479050206375,-1.4616,0,0
1347,-0.039479048906764,-1.4612,0,0
1348,-0.039479047607152,-1.4608,0,0
1349,-0.03947904630754,-1.4604,0,0
1350,-0.039479045007928,-1.46,0,0
1351,-0.039479043708316,-1.4596,0,0
1352,-0.039479042408704,-1.4592,0,0
1353,-0.039479041109092,-1.4588,0,0
1354,-0.039479039809481,-1.4584,0,0
1355,-0.039479038509869,-1.458,0,0
1356,-0.039479037210257,-1.4576,0,0
1357,-0.039479035910645,-1.4572,0,0
1358,-0.039479034611033,-1.4568,0,0
1359,-0.039479033311421,-1.4564,0,0
1360,-0.039479032011809,-1.456,0,0
1361,-0.039479030712198,-1.4556,0,0
1362,-0.039479029412586,-1.4552,0,0
1363,-0.039479028112974,-1.4548,0,0
1364,-0.039479026813362,-1.4544,0,0
1365,-0.03947902551375,-1.454,0,0
1366,-0.039479024214138,-1.4536,0,0
1367,-0.039479022914526,-1.4532,0,0
1368,-0.039479021614915,-1.4528,0,0
1369,-0.039479020315303,-1.4524,0,0
1370,-0.039479019015691,-1.452,0,0
1371,-0.039479017716079,-1.4516,0,0
1372,-0.039479016416467,-1.4512,0,0
1373,-0.039479015116855,-1.4508,0,0
1374,-0.039479013817243,-1.4504,0,0
1375,-0.039479012517632,-1.45,0,0
1376,-0.03947901121802,-1.4496,0,0
1377,-0.039479009918408,-1.4492,0,0
1378,-0.039479008618796,-1.4488,0,0
1379,-0.039479007319184,-1.4484,0,0
1380,-0.039479006019572,-1.448,0,0
1381,-0.03947900471996,-1.4476,0,0
1382,-0.039479003420349,-1.4472,0,0
1383,-0.039479002120737,-1.4468,0,0
1384,-0.039479000821125,-1.4464,0,0
1385,-0.039478999521513,-1.446,0,0
1386,-0.039478998221901,-1.4456,0,0
1387,-0.039478996922289,-1.4452,0,0
1388,-0.039478995622677,-1.4448,0,0
1389,-0.039478994323066,-1.4444,0,0
1390,-0.039478993023454,-1.444,0,0
1391,-0.039478991723842,-1.4436,0,0
1392,-0.03947899042423,-1.4432,0,0
1393,-0.039478989124618,-1.4428,0,0
1394,-0.039478987825006,-1.4424,0,0
1395,-0.039478986525394,-1.442,0,0
1396,-0.039478985225783,-1.4416,0,0
1397,-0.039478983926171,-1.4412,0,0
1398,-0.039478982626559,-1.4408,0,0
1399,-0.039478981326947,-1.4404,0,0
1400,-0.039478980027335,-1.44,0,0
1401,-0.039478978727723,-1.4396,0,0
1402,-0.039478977428111,-1.4392,0,0
1403,-0.0394789761285,-1.4388,0,0
1404,-0.039478974828888,-1.4384,0,0
1405,-0.039478973529276,-1.438,0,0
1406,-0.039478972229664,-1.4376,0,0
1407,-0.039478970930052,-1.4372,0,0
1408,-0.03947896963044,-1.4368,0,0
1409,-0.039478968330828,-1.4364,0,0
1410,-0.039478967031217,-1.436,0,0
1411,-0.039478965731605,-1.4356,0,0
1412,-0.039478964431993,-1.4352,0,0
1413,-0.039478963132381,-1.4348,0,0
1414,-0.039478961832769,-1.4344,0,0
1415,-0.039478960533157,-1.434,0,0
1416,-0.039478959233545,-1.4336,0,0
1417,-0.039478957933934,-1.4332,0,0
1418,-0.039478956634322,-1.4328,0,0
1419,-0.03947895533471,-1.4324,0,0
1420,-0.039478954035098,-1.432,0,0
1421,-0.039478952735486,-1.4316,0,0
1422,-0.039478951435874,-1.4312,0,0
1423,-0.039478950136262,-1.4308,0,0
1424,-0.039478948836651,-1.4304,0,0
1425,-0.039478947537039,-1.43,0,0
1426,-0.039478946237427,-1.4296,0,0
1427,-0.039478944937815,-1.4292,0,0
1428,-0.039478943638203,-1.4288,0,0
1429,-0.039478942338591,-1.4284,0,0
1430,-0.039478941038979,-1.428,0,0
1431,-0.039478939739368,-1.4276,0,0
1432,-0.039478938439756,-1.4272,0,0
1433,-0.039478937140144,-1.4268,0,0
1434,-0.039478935840532,-1.4264,0,0
1435,-0.03947893454092,-1.426,0,0
1436,-0.039478933241308,-1.4256,0,0
1437,-0.039478931941696,-1.4252,0,0
1438,-0.039478930642085,-1.4248,0,0
1439,-0.039478929342473,-1.4244,0,0
1440,-0.039478928042861,-1.424,0,0
1441,-0.039478926743249,-1.4236,0,0
1442,-0.039478925443637,-1.4232,0,0
1443,-0.039478924144025,-1.4228,0,0
1444,-0.039478922844413,-1.4224,0,0
1445,-0.039478921544802,-1.422,0,0
1446,-0.03947892024519,-1.4216,0,0
1447,-0.039478918945578,-1.4212,0,0
1448,-0.039478917645966,-1.4208,0,0
1449,-0.039478916346354,-1.4204,0,0
1450,-0.039478915046742,-1.42,0,0
1451,-0.03947891374713,-1.4196,0,0
1452,-0.039478912447519,-1.4192,0,0
1453,-0.039478911147907,-1.4188,0,0
1454,-0.039478909848295,-1.4184,0,0
1455,-0.039478908548683,-1.418,0,0
1456,-0.039478907249071,-1.4176,0,0
1457,-0.039478905949459,-1.4172,0,0
1458,-0.039478904649847,-1.4168,0,0
1459,-0.039478903350236,-1.4164,0,0
1460,-0.039478902050624,-1.416,0,0
1461,-0.039478900751012,-1.4156,0,0
1462,-0.0394788994514,-1.4152,0,0
1463,-0.039478898151788,-1.4148,0,0
1464,-0.039478896852176,-1.4144,0,0
1465,-0.039478895552564,-1.414,0,0
1466,-0.039478894252953,-1.4136,0,0
1467,-0.039478892953341,-1.4132,0,0
1468,-0.039478891653729,-1.4128,0,0
1469,-0.039478890354117,-1.4124,0,0
1470,-0.039478889054505,-1.412,0,0
1471,-0.039478887754893,-1.4116,0,0
1472,-0.039478886455281,-1.4112,0,0
1473,-0.03947888515567,-1.4108,0,0
1474,-0.039478883856058,-1.4104,0,0
1475,-0.039478882556446,-1.41,0,0
1476,-0.039478881256834,-1.4096,0,0
1477,-0.039478879957222,-1.4092,0,0
1478,-0.03947887865761,-1.4088,0,0
1479,-0.039478877357998,-1.4084,0,0
1480,-0.039478876058387,-1.408,0,0
1481,-0.039478874758775,-1.4076,0,0
1482,-0.039478873459163,-1.4072,0,0
1483,-0.039478872159551,-1.4068,0,0
1484,-0.039478870859939,-1.4064,0,0
1485,-0.039478869560327,-1.406,0,0
1486,-0.039478868260715,-1.4056,0,0
1487,-0.039478866961104,-1.4052,0,0
1488,-0.039478865661492,-1.4048,0,0
1489,-0.03947886436188,-1.4044,0,0
1490,-0.039478863062268,-1.404,0,0
1491,-0.039478861762656,-1.4036,0,0
1492,-0.039478860463044,-1.4032,0,0
1493,-0.039478859163432,-1.4028,0,0
1494,-0.039478857863821,-1.4024,0,0
1495,-0.039478856564209,-1.402,0,0
1496,-0.039478855264597,-1.4016,0,0
1497,-0.039478853964985,-1.4012,0,0
1498,-0.039478852665373,-1.4008,0,0
1499,-0.039478851365761,-1.4004,0,0
1500,-0.039478850066149,-1.4,0,0
1501,-0.039478848766538,-1.3996,0,0
1502,-0.039478847466926,-1.3992,0,0
1503,-0.039478846167314,-1.3988,0,0
1504,-0.039478844867702,-1.3984,0,0
1505,-0.03947884356809,-1.398,0,0
1506,-0.039478842268478,-1.3976,0,0
1507,-0.039478840968866,-1.3972,0,0
1508,-0.039478839669255,-1.3968,0,0
1509,-0.039478838369643,-1.3964,0,0
1510,-0.039478837070031,-1.396,0,0
1511,-0.039478835770419,-1.3956,0,0
1512,-0.039478834470807,-1.3952,0,0
1513,-0.039478833171195,-1.3948,0,0
1514,-0.039478831871583,-1.3944,0,0
1515,-0.039478830571972,-1.394,0,0
1516,-0.03947882927236,-1.3936,0,0
1517,-0.039478827972748,-1.3932,0,0
1518,-0.039478826673136,-1.3928,0,0
1519,-0.039478825373524,-1.3924,0,0
1520,-0.039478824073912,-1.392,0,0
1521,-0.0394788227743,-1.3916,0,0
1522,-0.039478821474689,-1.3912,0,0
1523,-0.039478820175077,-1.3908,0,0
1524,-0.039478818875465,-1.3904,0,0
1525,-0.039478817575853,-1.39,0,0
1526,-0.039478816276241,-1.3896,0,0
1527,-0.039478814976629,-1.3892,0,0
1528,-0.039478813677017,-1.3888,0,0
1529,-0.039478812377406,-1.3884,0,0
1530,-0.039478811077794,-1.388,0,0
1531,-0.039478809778182,-1.3876,0,0
1532,-0.03947880847857,-1.3872,0,0
1533,-0.039478807178958,-1.3868,0,0
1534,-0.039478805879346,-1.3864,0,0
1535,-0.039478804579734,-1.386,0,0
1536,-0.039478803280123,-1.3856,0,0
1537,-0.039478801980511,-1.3852,0,0
1538,-0.039478800680899,-1.3848,0,0
1539,-0.039478799381287,-1.3844,0,0
1540,-0.039478798081675,-1.384,0,0
1541,-0.039478796782063,-1.3836,0,0
1542,-0.039478795482451,-1.3832,0,0
1543,-0.039478794182839,-1.3828,0,0
1544,-0.039478792883228,-1.3824,0,0
1545,-0.039478791583616,-1.382,0,0
1546,-0.039478790284004,-1.3816,0,0
1547,-0.039478788984392,-1.3812,0,0
1548,-0.03947878768478,-1.3808,0,0
1549,-0.039478786385168,-1.3804,0,0
1550,-0.039478785085557,-1.38,0,0
1551,-0.039478783785945,-1.3796,0,0
1552,-0.039478782486333,-1.3792,0,0
1553,-0.039478781186721,-1.3788,0,0
1554,-0.039478779887109,-1.3784,0,0
1555,-0.039478778587497,-1.378,0,0
1556,-0.039478777287885,-1.3776,0,0
1557,-0.039478775988274,-1.3772,0,0
1558,-0.039478774688662,-1.3768,0,0
1559,-0.03947877338905,-1.3764,0,0
1560,-0.039478772089438,-1.376,0,0
1561,-0.039478770789826,-1.3756,0,0
1562,-0.039478769490214,-1.3752,0,0
1563,-0.039478768190602,-1.3748,0,0
1564,-0.039478766890991,-1.3744,0,0
1565,-0.039478765591379,-1.374,0,0
1566,-0.039478764291767,-1.3736,0,0
1567,-0.039478762992155,-1.3732,0,0
1568,-0.039478761692543,-1.3728,0,0
1569,-0.039478760392931,-1.3724,0,0
1570,-0.039478759093319,-1.372,0,0
1571,-0.039478757793707,-1.3716,0,0
1572,-0.039478756494096,-1.3712,0,0
1573,-0.039478755194484,-1.3708,0,0
1574,-0.039478753894872,-1.3704,0,0
1575,-0.03947875259526,-1.37,0,0
1576,-0.039478751295648,-1.3696,0,0
1577,-0.039478749996036,-1.3692,0,0
1578,-0.039478748696424,-1.3688,0,0
1579,-0.039478747396813,-1.3684,0,0
1580,-0.039478746097201,-1.368,0,0
1581,-0.039478744797589,-1.3676,0,0
1582,-0.039478743497977,-1.3672,0,0
1583,-0.039478742198365,-1.3668,0,0
1584,-0.039478740898753,-1.3664,0,0
1585,-0.039478739599141,-1.366,0,0
1586,-0.03947873829953,-1.3656,0,0
1587,-0.039478736999918,-1.3652,0,0
1588,-0.039478735700306,-1.3648,0,0
1589,-0.039478734400694,-1.3644,0,0
1590,-0.039478733101082,-1.364,0,0
1591,-0.03947873180147,-1.3636,0,0
1592,-0.039478730501858,-1.3632,0,0
1593,-0.039478729202247,-1.3628,0,0
1594,-0.039478727902635,-1.3624,0,0
1595,-0.039478726603023,-1.362,0,0
1596,-0.039478725303411,-1.3616,0,0
1597,-0.039478724003799,-1.3612,0,0
1598,-0.039478722704187,-1.3608,0,0
1599,-0.039478721404575,-1.3604,0,0
1600,-0.039478720104964,-1.36,0,0
1601,-0.039478718805352,-1.3596,0,0
1602,-0.03947871750574,-1.3592,0,0
1603,-0.039478716206128,-1.3588,0,0
1604,-0.039478714906516,-1.3584,0,0
1605,-0.039478713606904,-1.358,0,0
1606,-0.039478712307292,-1.3576,0,0
1607,-0.039478711007681,-1.3572,0,0
1608,-0.039478709708069,-1.3568,0,0
1609,-0.039478708408457,-1.3564,0,0
1610,-0.039478707108845,-1.356,0,0
1611,-0.039478705809233,-1.3556,0,0
1612,-0.039478704509621,-1.3552,0,0
1613,-0.039478703210009,-1.3548,0,0
1614,-0.039478701910398,-1.3544,0,0
1615,-0.039478700610786,-1.354,0,0
1616,-0.039478699311174,-1.3536,0,0
1617,-0.039478698011562,-1.3532,0,0
1618,-0.03947869671195,-1.3528,0,0
1619,-0.039478695412338,-1.3524,0,0
1620,-0.039478694112726,-1.352,0,0
1621,-0.039478692813115,-1.3516,0,0
1622,-0.039478691513503,-1.3512,0,0
1623,-0.039478690213891,-1.3508,0,0
1624,-0.039478688914279,-1.3504,0,0
1625,-0.039478687614667,-1.35,0,0
1626,-0.039478686315055,-1.3496,0,0
1627,-0.039478685015443,-1.3492,0,0
1628,-0.039478683715832,-1.3488,0,0
1629,-0.03947868241622,-1.3484,0,0
1630,-0.039478681116608,-1.348,0,0
1631,-0.039478679816996,-1.3476,0,0
1632,-0.039478678517384,-1.3472,0,0
1633,-0.039478677217772,-1.3468,0,0
1634,-0.03947867591816,-1.3464,0,0
1635,-0.039478674618549,-1.346,0,0
1636,-0.039478673318937,-1.3456,0,0
1637,-0.039478672019325,-1.3452,0,0
1638,-0.039478670719713,-1.3448,0,0
1639,-0.039478669420101,-1.3444,0,0
1640,-0.039478668120489,-1.344,0,0
1641,-0.039478666820877,-1.3436,0,0
1642,-0.039478665521266,-1.3432,0,0
1643,-0.039478664221654,-1.3428,0,0
1644,-0.039478662922042,-1.3424,0,0
1645,-0.03947866162243,-1.342,0,0
1646,-0.039478660322818,-1.3416,0,0
1647,-0.039478659023206,-1.3412,0,0
1648,-0.039478657723594,-1.3408,0,0
1649,-0.039478656423983,-1.3404,0,0
1650,-0.039478655124371,-1.34,0,0
1651,-0.039478653824759,-1.3396,0,0
1652,-0.039478652525147,-1.3392,0,0
1653,-0.039478651225535,-1.3388,0,0
1654,-0.039478649925923,-1.3384,0,0
1655,-0.039478648626311,-1.338,0,0
1656,-0.0394786473267,-1.3376,0,0
1657,-0.039478646027088,-1.3372,0,0
1658,-0.039478644727476,-1.3368,0,0
1659,-0.039478643427864,-1.3364,0,0
1660,-0.039478642128252,-1.336,0,0
1661,-0.03947864082864,-1.3356,0,0
1662,-0.039478639529028,-1.3352,0,0
1663,-0.039478638229417,-1.3348,0,0
1664,-0.039478636929805,-1.3344,0,0
1665,-0.039478635630193,-1.334,0,0
1666,-0.039478634330581,-1.3336,0,0
1667,-0.039478633030969,-1.3332,0,0
1668,-0.039478631731357,-1.3328,0,0
1669,-0.039478630431745,-1.3324,0,0
1670,-0.039478629132134,-1.332,0,0
1671,-0.039478627832522,-1.3316,0,0
1672,-0.03947862653291,-1.3312,0,0
1673,-0.039478625233298,-1.3308,0,0
1674,-0.039478623933686,-1.3304,0,0
1675,-0.039478622634074,-1.33,0,0
1676,-0.039478621334462,-1.3296,0,0
1677,-0.039478620034851,-1.3292,0,0
1678,-0.039478618735239,-1.3288,0,0
1679,-0.039478617435627,-1.3284,0,0
1680,-0.039478616136015,-1.328,0,0
1681,-0.039478614836403,-1.3276,0,0
1682,-0.039478613536791,-1.3272,0,0
1683,-0.039478612237179,-1.3268,0,0
1684,-0.039478610937568,-1.3264,0,0
1685,-0.039478609637956,-1.326,0,0
1686,-0.039478608338344,-1.3256,0,0
1687,-0.039478607038732,-1.3252,0,0
1688,-0.03947860573912,-1.3248,0,0
1689,-0.039478604439508,-1.3244,0,0
1690,-0.039478603139896,-1.324,0,0
1691,-0.039478601840285,-1.3236,0,0
1692,-0.039478600540673,-1.3232,0,0
1693,-0.039478599241061,-1.3228,0,0
1694,-0.039478597941449,-1.3224,0,0
1695,-0.039478596641837,-1.322,0,0
1696,-0.039478595342225,-1.3216,0,0
1697,-0.039478594042613,-1.3212,0,0
1698,-0.039478592743002,-1.3208,0,0
1699,-0.03947859144339,-1.3204,0,0
1700,-0.039478590143778,-1.32,0,0
1701,-0.039478588844166,-1.3196,0,0
1702,-0.039478587544554,-1.3192,0,0
1703,-0.039478586244942,-1.3188,0,0
1704,-0.03947858494533,-1.3184,0,0
1705,-0.039478583645719,-1.318,0,0
1706,-0.039478582346107,-1.3176,0,0
1707,-0.039478581046495,-1.3172,0,0
1708,-0.039478579746883,-1.3168,0,0
1709,-0.039478578447271,-1.3164,0,0
1710,-0.039478577147659,-1.316,0,0
1711,-0.039478575848047,-1.3156,0,0
1712,-0.039478574548436,-1.3152,0,0
1713,-0.039478573248824,-1.3148,0,0
1714,-0.039478571949212,-1.3144,0,0
1715,-0.0394785706496,-1.314,0,0
1716,-0.039478569349988,-1.3136,0,0
1717,-0.039478568050376,-1.3132,0,0
1718,-0.039478566750764,-1.3128,0,0
1719,-0.039478565451153,-1.3124,0,0
1720,-0.039478564151541,-1.312,0,0
1721,-0.039478562851929,-1.3116,0,0
1722,-0.039478561552317,-1.3112,0,0
1723,-0.039478560252705,-1.3108,0,0
1724,-0.039478558953093,-1.3104,0,0
1725,-0.039478557653481,-1.31,0,0
1726,-0.03947855635387,-1.3096,0,0
1727,-0.039478555054258,-1.3092,0,0
1728,-0.039478553754646,-1.3088,0,0
1729,-0.039478552455034,-1.3084,0,0
1730,-0.039478551155422,-1.308,0,0
1731,-0.03947854985581,-1.3076,0,0
1732,-0.039478548556198,-1.3072,0,0
1733,-0.039478547256587,-1.3068,0,0
1734,-0.039478545956975,-1.3064,0,0
1735,-0.039478544657363,-1.306,0,0
1736,-0.039478543357751,-1.3056,0,0
1737,-0.039478542058139,-1.3052,0,0
1738,-0.039478540758527,-1.3048,0,0
1739,-0.039478539458915,-1.3044,0,0
1740,-0.039478538159304,-1.304,0,0
1741,-0.039478536859692,-1.3036,0,0
1742,-0.03947853556008,-1.3032,0,0
1743,-0.039478534260468,-1.3028,0,0
1744,-0.039478532960856,-1.3024,0,0
1745,-0.039478531661244,-1.302,0,0
1746,-0.039478530361632,-1.3016,0,0
1747,-0.039478529062021,-1.3012,0,0
1748,-0.039478527762409,-1.3008,0,0
1749,-0.039478526462797,-1.3004,0,0
1750,-0.039478525163185,-1.3,0,0
1751,-0.039478523863573,-1.2996,0,0
1752,-0.039478522563961,-1.2992,0,0
1753,-0.039478521264349,-1.2988,0,0
1754,-0.039478519964738,-1.2984,0,0
1755,-0.039478518665126,-1.298,0,0
1756,-0.039478517365514,-1.2976,0,0
1757,-0.039478516065902,-1.2972,0,0
1758,-0.03947851476629,-1.2968,0,0
1759,-0.039478513466678,-1.2964,0,0
1760,-0.039478512167066,-1.296,0,0
1761,-0.039478510867455,-1.2956,0,0
1762,-0.039478509567843,-1.2952,0,0
1763,-0.039478508268231,-1.2948,0,0
1764,-0.039478506968619,-1.2944,0,0
1765,-0.039478505669007,-1.294,0,0
1766,-0.039478504369395,-1.2936,0,0
1767,-0.039478503069783,-1.2932,0,0
1768,-0.039478501770172,-1.2928,0,0
1769,-0.03947850047056,-1.2924,0,0
1770,-0.039478499170948,-1.292,0,0
1771,-0.039478497871336,-1.2916,0,0
1772,-0.039478496571724,-1.2912,0,0
1773,-0.039478495272112,-1.2908,0,0
1774,-0.0394784939725,-1.2904,0,0
1775,-0.039478492672889,-1.29,0,0
1776,-0.039478491373277,-1.2896,0,0
1777,-0.039478490073665,-1.2892,0,0
1778,-0.039478488774053,-1.2888,0,0
1779,-0.039478487474441,-1.2884,0,0
1780,-0.039478486174829,-1.288,0,0
1781,-0.039478484875217,-1.2876,0,0
1782,-0.039478483575606,-1.2872,0,0
1783,-0.039478482275994,-1.2868,0,0
1784,-0.039478480976382,-1.2864,0,0
1785,-0.03947847967677,-1.286,0,0
1786,-0.039478478377158,-1.2856,0,0
1787,-0.039478477077546,-1.2852,0,0
1788,-0.039478475777934,-1.2848,0,0
1789,-0.039478474478323,-1.2844,0,0
1790,-0.039478473178711,-1.284,0,0
1791,-0.039478471879099,-1.2836,0,0
1792,-0.039478470579487,-1.2832,0,0
1793,-0.039478469279875,-1.2828,0,0
1794,-0.039478467980263,-1.2824,0,0
1795,-0.039478466680651,-1.282,0,0
1796,-0.03947846538104,-1.2816,0,0
1797,-0.039478464081428,-1.2812,0,0
1798,-0.039478462781816,-1.2808,0,0
1799,-0.039478461482204,-1.2804,0,0
1800,-0.039478460182592,-1.28,0,0
1801,-0.03947845888298,-1.2796,0,0
1802,-0.039478457583368,-1.2792,0,0
1803,-0.039478456283757,-1.2788,0,0
1804,-0.039478454984145,-1.2784,0,0
1805,-0.039478453684533,-1.278,0,0
1806,-0.039478452384921,-1.2776,0,0
1807,-0.039478451085309,-1.2772,0,0
1808,-0.039478449785697,-1.2768,0,0
1809,-0.039478448486085,-1.2764,0,0
1810,-0.039478447186474,-1.276,0,0
1811,-0.039478445886862,-1.2756,0,0
1812,-0.03947844458725,-1.2752,0,0
1813,-0.039478443287638,-1.2748,0,0
1814,-0.039478441988026,-1.2744,0,0
1815,-0.039478440688414,-1.274,0,0
1816,-0.039478439388802,-1.2736,0,0
1817,-0.039478438089191,-1.2732,0,0
1818,-0.039478436789579,-1.2728,0,0
1819,-0.039478435489967,-1.2724,0,0
1820,-0.039478434190355,-1.272,0,0
1821,-0.039478432890743,-1.2716,0,0
1822,-0.039478431591131,-1.2712,0,0
1823,-0.039478430291519,-1.2708,0,0
1824,-0.039478428991908,-1.2704,0,0
1825,-0.039478427692296,-1.27,0,0
1826,-0.039478426392684,-1.2696,0,0
1827,-0.039478425093072,-1.2692,0,0
1828,-0.03947842379346,-1.2688,0,0
1829,-0.039478422493848,-1.2684,0,0
1830,-0.039478421194236,-1.268,0,0
1831,-0.039478419894625,-1.2676,0,0
1832,-0.039478418595013,-1.2672,0,0
1833,-0.039478417295401,-1.2668,0,0
1834,-0.039478415995789,-1.2664,0,0
1835,-0.039478414696177,-1.266,0,0
1836,-0.039478413396565,-1.2656,0,0
1837,-0.039478412096953,-1.2652,0,0
1838,-0.039478410797342,-1.2648,0,0
1839,-0.03947840949773,-1.2644,0,0
1840,-0.039478408198118,-1.264,0,0
1841,-0.039478406898506,-1.2636,0,0
1842,-0.039478405598894,-1.2632,0,0
1843,-0.039478404299282,-1.2628,0,0
1844,-0.03947840299967,-1.2624,0,0
1845,-0.039478401700059,-1.262,0,0
1846,-0.039478400400447,-1.2616,0,0
1847,-0.039478399100835,-1.2612,0,0
1848,-0.039478397801223,-1.2608,0,0
1849,-0.039478396501611,-1.2604,0,0
1850,-0.039478395201999,-1.26,0,0
1851,-0.039478393902387,-1.2596,0,0
1852,-0.039478392602776,-1.2592,0,0
1853,-0.039478391303164,-1.2588,0,0
1854,-0.039478390003552,-1.2584,0,0
1855,-0.03947838870394,-1.258,0,0
1856,-0.039478387404328,-1.2576,0,0
1857,-0.039478386104716,-1.2572,0,0
1858,-0.039478384805104,-1.2568,0,0
1859,-0.039478383505493,-1.2564,0,0
1860,-0.039478382205881,-1.256,0,0
1861,-0.039478380906269,-1.2556,0,0
1862,-0.039478379606657,-1.2552,0,0
1863,-0.039478378307045,-1.2548,0,0
1864,-0.039478377007433,-1.2544,0,0
1865,-0.039478375707821,-1.254,0,0
1866,-0.03947837440821,-1.2536,0,0
1867,-0.039478373108598,-1.2532,0,0
1868,-0.039478371808986,-1.2528,0,0
1869,-0.039478370509374,-1.2524,0,0
1870,-0.039478369209762,-1.252,0,0
1871,-0.03947836791015,-1.2516,0,0
1872,-0.039478366610538,-1.2512,0,0
1873,-0.039478365310927,-1.2508,0,0
1874,-0.039478364011315,-1.2504,0,0
1875,-0.039478362711703,-1.25,0,0
1876,-0.039478361412091,-1.2496,0,0
1877,-0.039478360112479,-1.2492,0,0
1878,-0.039478358812867,-1.2488,0,0
1879,-0.039478357513255,-1.2484,0,0
1880,-0.039478356213644,-1.248,0,0
1881,-0.039478354914032,-1.2476,0,0
1882,-0.03947835361442,-1.2472,0,0
1883,-0.039478352314808,-1.2468,0,0
1884,-0.039478351015196,-1.2464,0,0
1885,-0.039478349715584,-1.246,0,0
1886,-0.039478348415972,-1.2456,0,0
1887,-0.039478347116361,-1.2452,0,0
1888,-0.039478345816749,-1.2448,0,0
1889,-0.039478344517137,-1.2444,0,0
1890,-0.039478343217525,-1.244,0,0
1891,-0.039478341917913,-1.2436,0,0
1892,-0.039478340618301,-1.2432,0,0
1893,-0.039478339318689,-1.2428,0,0
1894,-0.039478338019078,-1.2424,0,0
1895,-0.039478336719466,-1.242,0,0
1896,-0.039478335419854,-1.2416,0,0
1897,-0.039478334120242,-1.2412,0,0
1898,-0.03947833282063,-1.2408,0,0
1899,-0.039478331521018,-1.2404,0,0
1900,-0.039478330221406,-1.24,0,0
1901,-0.039478328921795,-1.2396,0,0
1902,-0.039478327622183,-1.2392,0,0
1903,-0.039478326322571,-1.2388,0,0
1904,-0.039478325022959,-1.2384,0,0
1905,-0.039478323723347,-1.238,0,0
1906,-0.039478322423735,-1.2376,0,0
1907,-0.039478321124123,-1.2372,0,0
1908,-0.039478319824512,-1.2368,0,0
1909,-0.0394783185249,-1.2364,0,0
1910,-0.039478317225288,-1.236,0,0
1911,-0.039478315925676,-1.2356,0,0
1912,-0.039478314626064,-1.2352,0,0
1913,-0.039478313326452,-1.2348,0,0
1914,-0.03947831202684,-1.2344,0,0
1915,-0.039478310727229,-1.234,0,0
1916,-0.039478309427617,-1.2336,0,0
1917,-0.039478308128005,-1.2332,0,0
1918,-0.039478306828393,-1.2328,0,0
1919,-0.039478305528781,-1.2324,0,0
1920,-0.039478304229169,-1.232,0,0
1921,-0.039478302929557,-1.2316,0,0
1922,-0.039478301629946,-1.2312,0,0
1923,-0.039478300330334,-1.2308,0,0
1924,-0.039478299030722,-1.2304,0,0
1925,-0.03947829773111,-1.23,0,0
1926,-0.039478296431498,-1.2296,0,0
1927,-0.039478295131886,-1.2292,0,0
1928,-0.039478293832274,-1.2288,0,0
1929,-0.039478292532663,-1.2284,0,0
1930,-0.039478291233051,-1.228,0,0
1931,-0.039478289933439,-1.2276,0,0
1932,-0.039478288633827,-1.2272,0,0
1933,-0.039478287334215,-1.2268,0,0
1934,-0.039478286034603,-1.2264,0,0
1935,-0.039478284734991,-1.226,0,0
1936,-0.03947828343538,-1.2256,0,0
1937,-0.039478282135768,-1.2252,0,0
1938,-0.039478280836156,-1.2248,0,0
1939,-0.039478279536544,-1.2244,0,0
1940,-0.039478278236932,-1.224,0,0
1941,-0.03947827693732,-1.2236,0,0
1942,-0.039478275637708,-1.2232,0,0
1943,-0.039478274338097,-1.2228,0,0
1944,-0.039478273038485,-1.2224,0,0
1945,-0.039478271738873,-1.222,0,0
1946,-0.039478270439261,-1.2216,0,0
1947,-0.039478269139649,-1.2212,0,0
1948,-0.039478267840037,-1.2208,0,0
1949,-0.039478266540425,-1.2204,0,0
1950,-0.039478265240814,-1.22,0,0
1951,-0.039478263941202,-1.2196,0,0
1952,-0.03947826264159,-1.2192,0,0
1953,-0.039478261341978,-1.2188,0,0
1954,-0.039478260042366,-1.2184,0,0
1955,-0.039478258742754,-1.218,0,0
1956,-0.039478257443142,-1.2176,0,0
1957,-0.039478256143531,-1.2172,0,0
1958,-0.039478254843919,-1.2168,0,0
1959,-0.039478253544307,-1.2164,0,0
1960,-0.039478252244695,-1.216,0,0
1961,-0.039478250945083,-1.2156,0,0
1962,-0.039478249645471,-1.2152,0,0
1963,-0.039478248345859,-1.2148,0,0
1964,-0.039478247046248,-1.2144,0,0
1965,-0.039478245746636,-1.214,0,0
1966,-0.039478244447024,-1.2136,0,0
1967,-0.039478243147412,-1.2132,0,0
1968,-0.0394782418478,-1.2128,0,0
1969,-0.039478240548188,-1.2124,0,0
1970,-0.039478239248576,-1.212,0,0
1971,-0.039478237948965,-1.2116,0,0
1972,-0.039478236649353,-1.2112,0,0
1973,-0.039478235349741,-1.2108,0,0
1974,-0.039478234050129,-1.2104,0,0
1975,-0.039478232750517,-1.21,0,0
1976,-0.039478231450905,-1.2096,0,0
1977,-0.039478230151293,-1.2092,0,0
1978,-0.039478228851682,-1.2088,0,0
1979,-0.03947822755207,-1.2084,0,0
1980,-0.039478226252458,-1.208,0,0
1981,-0.039478224952846,-1.2076,0,0
1982,-0.039478223653234,-1.2072,0,0
1983,-0.039478222353622,-1.2068,0,0
1984,-0.03947822105401,-1.2064,0,0
1985,-0.039478219754399,-1.206,0,0
1986,-0.039478218454787,-1.2056,0,0
1987,-0.039478217155175,-1.2052,0,0
1988,-0.039478215855563,-1.2048,0,0
1989,-0.039478214555951,-1.2044,0,0
1990,-0.039478213256339,-1.204,0,0
1991,-0.039478211956727,-1.2036,0,0
1992,-0.039478210657116,-1.2032,0,0
1993,-0.039478209357504,-1.2028,0,0
1994,-0.039478208057892,-1.2024,0,0
1995,-0.03947820675828,-1.202,0,0
1996,-0.039478205458668,-1.2016,0,0
1997,-0.039478204159056,-1.2012,0,0
1998,-0.039478202859444,-1.2008,0,0
1999,-0.039478201559833,-1.2004,0,0
2000,-0.039478200260221,-1.2,0,0
2001,-0.039478198960609,-1.1996,0,0
2002,-0.039478197660997,-1.1992,0,0
2003,-0.039478196361385,-1.1988,0,0
2004,-0.039478195061773,-1.1984,0,0
2005,-0.039478193762161,-1.198,0,0
2006,-0.03947819246255,-1.1976,0,0
2007,-0.039478191162938,-1.1972,0,0
2008,-0.039478189863326,-1.1968,0,0
2009,-0.039478188563714,-1.1964,0,0
2010,-0.039478187264102,-1.196,0,0
2011,-0.03947818596449,-1.1956,0,0
2012,-0.039478184664878,-1.1952,0,0
2013,-0.039478183365267,-1.1948,0,0
2014,-0.039478182065655,-1.1944,0,0
2015,-0.039478180766043,-1.194,0,0
2016,-0.039478179466431,-1.1936,0,0
2017,-0.039478178166819,-1.1932,0,0
2018,-0.039478176867207,-1.1928,0,0
2019,-0.039478175567595,-1.1924,0,0
2020,-0.039478174267984,-1.192,0,0
2021,-0.039478172968372,-1.1916,0,0
2022,-0.03947817166876,-1.1912,0,0
2023,-0.039478170369148,-1.1908,0,0
2024,-0.039478169069536,-1.1904,0,0
2025,-0.039478167769924,-1.19,0,0
2026,-0.039478166470312,-1.1896,0,0
2027,-0.039478165170701,-1.1892,0,0
2028,-0.039478163871089,-1.1888,0,0
2029,-0.039478162571477,-1.1884,0,0
2030,-0.039478161271865,-1.188,0,0
2031,-0.039478159972253,-1.1876,0,0
2032,-0.039478158672641,-1.1872,0,0
2033,-0.039478157373029,-1.1868,0,0
2034,-0.039478156073418,-1.1864,0,0
2035,-0.039478154773806,-1.186,0,0
2036,-0.039478153474194,-1.1856,0,0
2037,-0.039478152174582,-1.1852,0,0
2038,-0.03947815087497,-1.1848,0,0
2039,-0.039478149575358,-1.1844,0,0
2040,-0.039478148275746,-1.184,0,0
2041,-0.039478146976135,-1.1836,0,0
2042,-0.039478145676523,-1.1832,0,0
2043,-0.039478144376911,-1.1828,0,0
2044,-0.039478143077299,-1.1824,0,0
2045,-0.039478141777687,-1.182,0,0
2046,-0.039478140478075,-1.1816,0,0
2047,-0.039478139178463,-1.1812,0,0
2048,-0.039478137878852,-1.1808,0,0
2049,-0.03947813657924,-1.1804,0,0
2050,-0.039478135279628,-1.18,0,0
2051,-0.039478133980016,-1.1796,0,0
2052,-0.039478132680404,-1.1792,0,0
2053,-0.039478131380792,-1.1788,0,0
2054,-0.03947813008118,-1.1784,0,0
2055,-0.039478128781569,-1.178,0,0
2056,-0.039478127481957,-1.1776,0,0
2057,-0.039478126182345,-1.1772,0,0
2058,-0.039478124882733,-1.1768,0,0
2059,-0.039478123583121,-1.1764,0,0
2060,-0.039478122283509,-1.176,0,0
2061,-0.039478120983897,-1.1756,0,0
2062,-0.039478119684286,-1.1752,0,0
2063,-0.039478118384674,-1.1748,0,0
2064,-0.039478117085062,-1.1744,0,0
2065,-0.03947811578545,-1.174,0,0
2066,-0.039478114485838,-1.1736,0,0
2067,-0.039478113186226,-1.1732,0,0
2068,-0.039478111886614,-1.1728,0,0
2069,-0.039478110587003,-1.1724,0,0
2070,-0.039478109287391,-1.172,0,0
2071,-0.039478107987779,-1.1716,0,0
2072,-0.039478106688167,-1.1712,0,0
2073,-0.039478105388555,-1.1708,0,0
2074,-0.039478104088943,-1.1704,0,0
2075,-0.039478102789331,-1.17,0,0
2076,-0.03947810148972,-1.1696,0,0
2077,-0.039478100190108,-1.1692,0,0
2078,-0.039478098890496,-1.1688,0,0
2079,-0.039478097590884,-1.1684,0,0
2080,-0.039478096291272,-1.168,0,0
2081,-0.03947809499166,-1.1676,0,0
2082,-0.039478093692048,-1.1672,0,0
2083,-0.039478092392437,-1.1668,0,0
2084,-0.039478091092825,-1.1664,0,0
2085,-0.039478089793213,-1.166,0,0
2086,-0.039478088493601,-1.1656,0,0
2087,-0.039478087193989,-1.1652,0,0
2088,-0.039478085894377,-1.1648,0,0
2089,-0.039478084594765,-1.1644,0,0
2090,-0.039478083295154,-1.164,0,0
2091,-0.039478081995542,-1.1636,0,0
2092,-0.03947808069593,-1.1632,0,0
2093,-0.039478079396318,-1.1628,0,0
2094,-0.039478078096706,-1.1624,0,0
2095,-0.039478076797094,-1.162,0,0
2096,-0.039478075497482,-1.1616,0,0
2097,-0.039478074197871,-1.1612,0,0
2098,-0.039478072898259,-1.1608,0,0
2099,-0.039478071598647,-1.1604,0,0
2100,-0.039478070299035,-1.16,0,0
2101,-0.039478068999423,-1.1596,0,0
2102,-0.039478067699811,-1.1592,0,0
2103,-0.039478066400199,-1.1588,0,0
2104,-0.039478065100588,-1.1584,0,0
2105,-0.039478063800976,-1.158,0,0
2106,-0.039478062501364,-1.1576,0,0
2107,-0.039478061201752,-1.1572,0,0
2108,-0.03947805990214,-1.1568,0,0
2109,-0.039478058602528,-1.1564,0,0
2110,-0.039478057302916,-1.156,0,0
2111,-0.039478056003305,-1.1556,0,0
2112,-0.039478054703693,-1.1552,0,0
2113,-0.039478053404081,-1.1548,0,0
2114,-0.039478052104469,-1.1544,0,0
2115,-0.039478050804857,-1.154,0,0
2116,-0.039478049505245,-1.1536,0,0
2117,-0.039478048205633,-1.1532,0,0
2118,-0.039478046906022,-1.1528,0,0
2119,-0.03947804560641,-1.1524,0,0
2120,-0.039478044306798,-1.152,0,0
2121,-0.039478043007186,-1.1516,0,0
2122,-0.039478041707574,-1.1512,0,0
2123,-0.039478040407962,-1.1508,0,0
2124,-0.03947803910835,-1.1504,0,0
2125,-0.039478037808739,-1.15,0,0
2126,-0.039478036509127,-1.1496,0,0
2127,-0.039478035209515,-1.1492,0,0
2128,-0.039478033909903,-1.1488,0,0
2129,-0.039478032610291,-1.1484,0,0
2130,-0.039478031310679,-1.148,0,0
2131,-0.039478030011067,-1.1476,0,0
2132,-0.039478028711456,-1.1472,0,0
2133,-0.039478027411844,-1.1468,0,0
2134,-0.039478026112232,-1.1464,0,0
2135,-0.03947802481262,-1.146,0,0
2136,-0.039478023513008,-1.1456,0,0
2137,-0.039478022213396,-1.1452,0,0
2138,-0.039478020913784,-1.1448,0,0
2139,-0.039478019614173,-1.1444,0,0
2140,-0.039478018314561,-1.144,0,0
2141,-0.039478017014949,-1.1436,0,0
2142,-0.039478015715337,-1.1432,0,0
2143,-0.039478014415725,-1.1428,0,0
2144,-0.039478013116113,-1.1424,0,0
2145,-0.039478011816501,-1.142,0,0
2146,-0.03947801051689,-1.1416,0,0
2147,-0.039478009217278,-1.1412,0,0
2148,-0.039478007917666,-1.1408,0,0
2149,-0.039478006618054,-1.1404,0,0
2150,-0.039478005318442,-1.14,0,0
2151,-0.03947800401883,-1.1396,0,0
2152,-0.039478002719218,-1.1392,0,0
2153,-0.039478001419607,-1.1388,0,0
2154,-0.039478000119995,-1.1384,0,0
2155,-0.039477998820383,-1.138,0,0
2156,-0.039477997520771,-1.1376,0,0
2157,-0.039477996221159,-1.1372,0,0
2158,-0.039477994921547,-1.1368,0,0
2159,-0.039477993621935,-1.1364,0,0
2160,-0.039477992322324,-1.136,0,0
2161,-0.039477991022712,-1.1356,0,0
2162,-0.0394779897231,-1.1352,0,0
2163,-0.039477988423488,-1.1348,0,0
2164,-0.039477987123876,-1.1344,0,0
2165,-0.039477985824264,-1.134,0,0
2166,-0.039477984524652,-1.1336,0,0
2167,-0.039477983225041,-1.1332,0,0
2168,-0.039477981925429,-1.1328,0,0
2169,-0.039477980625817,-1.1324,0,0
2170,-0.039477979326205,-1.132,0,0
2171,-0.039477978026593,-1.1316,0,0
2172,-0.039477976726981,-1.1312,0,0
2173,-0.039477975427369,-1.1308,0,0
2174,-0.039477974127758,-1.1304,0,0
2175,-0.039477972828146,-1.13,0,0
2176,-0.039477971528534,-1.1296,0,0
2177,-0.039477970228922,-1.1292,0,0
2178,-0.03947796892931,-1.1288,0,0
2179,-0.039477967629698,-1.1284,0,0
2180,-0.039477966330086,-1.128,0,0
2181,-0.039477965030475,-1.1276,0,0
2182,-0.039477963730863,-1.1272,0,0
2183,-0.039477962431251,-1.1268,0,0
2184,-0.039477961131639,-1.1264,0,0
2185,-0.039477959832027,-1.126,0,0
2186,-0.039477958532415,-1.1256,0,0
2187,-0.039477957232803,-1.1252,0,0
2188,-0.039477955933192,-1.1248,0,0
2189,-0.03947795463358,-1.1244,0,0
2190,-0.039477953333968,-1.124,0,0
2191,-0.039477952034356,-1.1236,0,0
2192,-0.039477950734744,-1.1232,0,0
2193,-0.039477949435132,-1.1228,0,0
2194,-0.03947794813552,-1.1224,0,0
2195,-0.039477946835909,-1.122,0,0
2196,-0.039477945536297,-1.1216,0,0
2197,-0.039477944236685,-1.1212,0,0
2198,-0.039477942937073,-1.1208,0,0
2199,-0.039477941637461,-1.1204,0,0
2200,-0.039477940337849,-1.12,0,0
2201,-0.039477939038237,-1.1196,0,0
2202,-0.039477937738626,-1.1192,0,0
2203,-0.039477936439014,-1.1188,0,0
2204,-0.039477935139402,-1.1184,0,0
2205,-0.03947793383979,-1.118,0,0
2206,-0.039477932540178,-1.1176,0,0
2207,-0.039477931240566,-1.1172,0,0
2208,-0.039477929940954,-1.1168,0,0
2209,-0.039477928641343,-1.1164,0,0
2210,-0.039477927341731,-1.116,0,0
2211,-0.039477926042119,-1.1156,0,0
2212,-0.039477924742507,-1.1152,0,0
2213,-0.039477923442895,-1.1148,0,0
2214,-0.039477922143283,-1.1144,0,0
2215,-0.039477920843671,-1.114,0,0
2216,-0.03947791954406,-1.1136,0,0
2217,-0.039477918244448,-1.1132,0,0
2218,-0.039477916944836,-1.1128,0,0
2219,-0.039477915645224,-1.1124,0,0
2220,-0.039477914345612,-1.112,0,0
2221,-0.039477913046,-1.1116,0,0
2222,-0.039477911746388,-1.1112,0,0
2223,-0.039477910446777,-1.1108,0,0
2224,-0.039477909147165,-1.1104,0,0
2225,-0.039477907847553,-1.11,0,0
2226,-0.039477906547941,-1.1096,0,0
2227,-0.039477905248329,-1.1092,0,0
2228,-0.039477903948717,-1.1088,0,0
2229,-0.039477902649105,-1.1084,0,0
2230,-0.039477901349494,-1.108,0,0
2231,-0.039477900049882,-1.1076,0,0
2232,-0.03947789875027,-1.1072,0,0
2233,-0.039477897450658,-1.1068,0,0
2234,-0.039477896151046,-1.1064,0,0
2235,-0.039477894851434,-1.106,0,0
2236,-0.039477893551822,-1.1056,0,0
2237,-0.039477892252211,-1.1052,0,0
2238,-0.039477890952599,-1.1048,0,0
2239,-0.039477889652987,-1.1044,0,0
2240,-0.039477888353375,-1.104,0,0
2241,-0.039477887053763,-1.1036,0,0
2242,-0.039477885754151,-1.1032,0,0
2243,-0.039477884454539,-1.1028,0,0
2244,-0.039477883154928,-1.1024,0,0
2245,-0.039477881855316,-1.102,0,0
2246,-0.039477880555704,-1.1016,0,0
2247,-0.039477879256092,-1.1012,0,0
2248,-0.03947787795648,-1.1008,0,0
2249,-0.039477876656868,-1.1004,0,0
2250,-0.039477875357256,-1.1,0,0
2251,-0.039477874057645,-1.0996,0,0
2252,-0.039477872758033,-1.0992,0,0
2253,-0.039477871458421,-1.0988,0,0
2254,-0.039477870158809,-1.0984,0,0
2255,-0.039477868859197,-1.098,0,0
2256,-0.039477867559585,-1.0976,0,0
2257,-0.039477866259973,-1.0972,0,0
2258,-0.039477864960361,-1.0968,0,0
2259,-0.03947786366075,-1.0964,0,0
2260,-0.039477862361138,-1.096,0,0
2261,-0.039477861061526,-1.0956,0,0
2262,-0.039477859761914,-1.0952,0,0
2263,-0.039477858462302,-1.0948,0,0
2264,-0.03947785716269,-1.0944,0,0
2265,-0.039477855863079,-1.094,0,0
2266,-0.039477854563467,-1.0936,0,0
2267,-0.039477853263855,-1.0932,0,0
2268,-0.039477851964243,-1.0928,0,0
2269,-0.039477850664631,-1.0924,0,0
2270,-0.039477849365019,-1.092,0,0
2271,-0.039477848065407,-1.0916,0,0
2272,-0.039477846765795,-1.0912,0,0
2273,-0.039477845466184,-1.0908,0,0
2274,-0.039477844166572,-1.0904,0,0
2275,-0.03947784286696,-1.09,0,0
2276,-0.039477841567348,-1.0896,0,0
2277,-0.039477840267736,-1.0892,0,0
2278,-0.039477838968124,-1.0888,0,0
2279,-0.039477837668512,-1.0884,0,0
2280,-0.039477836368901,-1.088,0,0
2281,-0.039477835069289,-1.0876,0,0
2282,-0.039477833769677,-1.0872,0,0
2283,-0.039477832470065,-1.0868,0,0
2284,-0.039477831170453,-1.0864,0,0
2285,-0.039477829870841,-1.086,0,0
2286,-0.03947782857123,-1.0856,0,0
2287,-0.039477827271618,-1.0852,0,0
2288,-0.039477825972006,-1.0848,0,0
2289,-0.039477824672394,-1.0844,0,0
2290,-0.039477823372782,-1.084,0,0
2291,-0.03947782207317,-1.0836,0,0
2292,-0.039477820773558,-1.0832,0,0
2293,-0.039477819473946,-1.0828,0,0
2294,-0.039477818174335,-1.0824,0,0
2295,-0.039477816874723,-1.082,0,0
2296,-0.039477815575111,-1.0816,0,0
2297,-0.039477814275499,-1.0812,0,0
2298,-0.039477812975887,-1.0808,0,0
2299,-0.039477811676275,-1.0804,0,0
2300,-0.039477810376664,-1.08,0,0
2301,-0.039477809077052,-1.0796,0,0
2302,-0.03947780777744,-1.0792,0,0
2303,-0.039477806477828,-1.0788,0,0
2304,-0.039477805178216,-1.0784,0,0
2305,-0.039477803878604,-1.078,0,0
2306,-0.039477802578992,-1.0776,0,0
2307,-0.03947780127938,-1.0772,0,0
2308,-0.039477799979769,-1.0768,0,0
2309,-0.039477798680157,-1.0764,0,0
2310,-0.039477797380545,-1.076,0,0
2311,-0.039477796080933,-1.0756,0,0
2312,-0.039477794781321,-1.0752,0,0
2313,-0.039477793481709,-1.0748,0,0
2314,-0.039477792182097,-1.0744,0,0
2315,-0.039477790882486,-1.074,0,0
2316,-0.039477789582874,-1.0736,0,0
2317,-0.039477788283262,-1.0732,0,0
2318,-0.03947778698365,-1.0728,0,0
2319,-0.039477785684038,-1.0724,0,0
2320,-0.039477784384426,-1.072,0,0
2321,-0.039477783084814,-1.0716,0,0
2322,-0.039477781785203,-1.0712,0,0
2323,-0.039477780485591,-1.0708,0,0
2324,-0.039477779185979,-1.0704,0,0
2325,-0.039477777886367,-1.07,0,0
2326,-0.039477776586755,-1.0696,0,0
2327,-0.039477775287143,-1.0692,0,0
2328,-0.039477773987531,-1.0688,0,0
2329,-0.03947777268792,-1.0684,0,0
2330,-0.039477771388308,-1.068,0,0
2331,-0.039477770088696,-1.0676,0,0
2332,-0.039477768789084,-1.0672,0,0
2333,-0.039477767489472,-1.0668,0,0
2334,-0.03947776618986,-1.0664,0,0
2335,-0.039477764890248,-1.066,0,0
2336,-0.039477763590637,-1.0656,0,0
2337,-0.039477762291025,-1.0652,0,0
2338,-0.039477760991413,-1.0648,0,0
2339,-0.039477759691801,-1.0644,0,0
2340,-0.039477758392189,-1.064,0,0
2341,-0.039477757092577,-1.0636,0,0
2342,-0.039477755792965,-1.0632,0,0
2343,-0.039477754493354,-1.0628,0,0
2344,-0.039477753193742,-1.0624,0,0
2345,-0.03947775189413,-1.062,0,0
2346,-0.039477750594518,-1.0616,0,0
2347,-0.039477749294906,-1.0612,0,0
2348,-0.039477747995294,-1.0608,0,0
2349,-0.039477746695682,-1.0604,0,0
2350,-0.039477745396071,-1.06,0,0
2351,-0.039477744096459,-1.0596,0,0
2352,-0.039477742796847,-1.0592,0,0
2353,-0.039477741497235,-1.0588,0,0
2354,-0.039477740197623,-1.0584,0,0
2355,-0.039477738898011,-1.058,0,0
2356,-0.039477737598399,-1.0576,0,0
2357,-0.039477736298788,-1.0572,0,0
2358,-0.039477734999176,-1.0568,0,0
2359,-0.039477733699564,-1.0564,0,0
2360,-0.039477732399952,-1.056,0,0
2361,-0.03947773110034,-1.0556,0,0
2362,-0.039477729800728,-1.0552,0,0
2363,-0.039477728501116,-1.0548,0,0
2364,-0.039477727201505,-1.0544,0,0
2365,-0.039477725901893,-1.054,0,0
2366,-0.039477724602281,-1.0536,0,0
2367,-0.039477723302669,-1.0532,0,0
2368,-0.039477722003057,-1.0528,0,0
2369,-0.039477720703445,-1.0524,0,0
2370,-0.039477719403833,-1.052,0,0
2371,-0.039477718104222,-1.0516,0,0
2372,-0.03947771680461,-1.0512,0,0
2373,-0.039477715504998,-1.0508,0,0
2374,-0.039477714205386,-1.0504,0,0
2375,-0.039477712905774,-1.05,0,0
2376,-0.039477711606162,-1.0496,0,0
2377,-0.03947771030655,-1.0492,0,0
2378,-0.039477709006939,-1.0488,0,0
2379,-0.039477707707327,-1.0484,0,0
2380,-0.039477706407715,-1.048,0,0
2381,-0.039477705108103,-1.0476,0,0
2382,-0.039477703808491,-1.0472,0,0
2383,-0.039477702508879,-1.0468,0,0
2384,-0.039477701209267,-1.0464,0,0
2385,-0.039477699909656,-1.046,0,0
2386,-0.039477698610044,-1.0456,0,0
2387,-0.039477697310432,-1.0452,0,0
2388,-0.03947769601082,-1.0448,0,0
2389,-0.039477694711208,-1.0444,0,0
2390,-0.039477693411596,-1.044,0,0
2391,-0.039477692111984,-1.0436,0,0
2392,-0.039477690812373,-1.0432,0,0
2393,-0.039477689512761,-1.0428,0,0
2394,-0.039477688213149,-1.0424,0,0
2395,-0.039477686913537,-1.042,0,0
2396,-0.039477685613925,-1.0416,0,0
2397,-0.039477684314313,-1.0412,0,0
2398,-0.039477683014701,-1.0408,0,0
2399,-0.03947768171509,-1.0404,0,0
2400,-0.039477680415478,-1.04,0,0
2401,-0.039477679115866,-1.0396,0,0
2402,-0.039477677816254,-1.0392,0,0
2403,-0.039477676516642,-1.0388,0,0
2404,-0.03947767521703,-1.0384,0,0
2405,-0.039477673917418,-1.038,0,0
2406,-0.039477672617807,-1.0376,0,0
2407,-0.039477671318195,-1.0372,0,0
2408,-0.039477670018583,-1.0368,0,0
2409,-0.039477668718971,-1.0364,0,0
2410,-0.039477667419359,-1.036,0,0
2411,-0.039477666119747,-1.0356,0,0
2412,-0.039477664820135,-1.0352,0,0
2413,-0.039477663520524,-1.0348,0,0
2414,-0.039477662220912,-1.0344,0,0
2415,-0.0394776609213,-1.034,0,0
2416,-0.039477659621688,-1.0336,0,0
2417,-0.039477658322076,-1.0332,0,0
2418,-0.039477657022464,-1.0328,0,0
2419,-0.039477655722852,-1.0324,0,0
2420,-0.039477654423241,-1.032,0,0
2421,-0.039477653123629,-1.0316,0,0
2422,-0.039477651824017,-1.0312,0,0
2423,-0.039477650524405,-1.0308,0,0
2424,-0.039477649224793,-1.0304,0,0
2425,-0.039477647925181,-1.03,0,0
2426,-0.039477646625569,-1.0296,0,0
2427,-0.039477645325958,-1.0292,0,0
2428,-0.039477644026346,-1.0288,0,0
2429,-0.039477642726734,-1.0284,0,0
2430,-0.039477641427122,-1.028,0,0
2431,-0.03947764012751,-1.0276,0,0
2432,-0.039477638827898,-1.0272,0,0
2433,-0.039477637528286,-1.0268,0,0
2434,-0.039477636228675,-1.0264,0,0
2435,-0.039477634929063,-1.026,0,0
2436,-0.039477633629451,-1.0256,0,0
2437,-0.039477632329839,-1.0252,0,0
2438,-0.039477631030227,-1.0248,0,0
2439,-0.039477629730615,-1.0244,0,0
2440,-0.039477628431003,-1.024,0,0
2441,-0.039477627131392,-1.0236,0,0
2442,-0.03947762583178,-1.0232,0,0
2443,-0.039477624532168,-1.0228,0,0
2444,-0.039477623232556,-1.0224,0,0
2445,-0.039477621932944,-1.022,0,0
2446,-0.039477620633332,-1.0216,0,0
2447,-0.03947761933372,-1.0212,0,0
2448,-0.039477618034109,-1.0208,0,0
2449,-0.039477616734497,-1.0204,0,0
2450,-0.039477615434885,-1.02,0,0
2451,-0.039477614135273,-1.0196,0,0
2452,-0.039477612835661,-1.0192,0,0
2453,-0.039477611536049,-1.0188,0,0
2454,-0.039477610236437,-1.0184,0,0
2455,-0.039477608936826,-1.018,0,0
2456,-0.039477607637214,-1.0176,0,0
2457,-0.039477606337602,-1.0172,0,0
2458,-0.03947760503799,-1.0168,0,0
2459,-0.039477603738378,-1.0164,0,0
2460,-0.039477602438766,-1.016,0,0
2461,-0.039477601139154,-1.0156,0,0
2462,-0.039477599839543,-1.0152,0,0
2463,-0.039477598539931,-1.0148,0,0
2464,-0.039477597240319,-1.0144,0,0
2465,-0.039477595940707,-1.014,0,0
2466,-0.039477594641095,-1.0136,0,0
2467,-0.039477593341483,-1.0132,0,0
2468,-0.039477592041871,-1.0128,0,0
2469,-0.03947759074226,-1.0124,0,0
2470,-0.039477589442648,-1.012,0,0
2471,-0.039477588143036,-1.0116,0,0
2472,-0.039477586843424,-1.0112,0,0
2473,-0.039477585543812,-1.0108,0,0
2474,-0.0394775842442,-1.0104,0,0
2475,-0.039477582944588,-1.01,0,0
2476,-0.039477581644977,-1.0096,0,0
2477,-0.039477580345365,-1.0092,0,0
2478,-0.039477579045753,-1.0088,0,0
2479,-0.039477577746141,-1.0084,0,0
2480,-0.039477576446529,-1.008,0,0
2481,-0.039477575146917,-1.0076,0,0
2482,-0.039477573847305,-1.0072,0,0
2483,-0.039477572547694,-1.0068,0,0
2484,-0.039477571248082,-1.0064,0,0
2485,-0.03947756994847,-1.006,0,0
2486,-0.039477568648858,-1.0056,0,0
2487,-0.039477567349246,-1.0052,0,0
2488,-0.039477566049634,-1.0048,0,0
2489,-0.039477564750022,-1.0044,0,0
2490,-0.039477563450411,-1.004,0,0
2491,-0.039477562150799,-1.0036,0,0
2492,-0.039477560851187,-1.0032,0,0
2493,-0.039477559551575,-1.0028,0,0
2494,-0.039477558251963,-1.0024,0,0
2495,-0.039477556952351,-1.002,0,0
2496,-0.039477555652739,-1.0016,0,0
2497,-0.039477554353128,-1.0012,0,0
2498,-0.039477553053516,-1.0008,0,0
2499,-0.039477551753904,-1.0004,0,0
2500,-0.039477550454292,-1,0,0
2501,-0.03947754915468,-0.9996,0,0
2502,-0.039477547855068,-0.9992,0,0
2503,-0.039477546555456,-0.9988,0,0
2504,-0.039477545255845,-0.9984,0,0
2505,-0.039477543956233,-0.998,0,0
2506,-0.039477542656621,-0.9976,0,0
2507,-0.039477541357009,-0.9972,0,0
2508,-0.039477540057397,-0.9968,0,0
2509,-0.039477538757785,-0.9964,0,0
2510,-0.039477537458173,-0.996,0,0
2511,-0.039477536158562,-0.9956,0,0
2512,-0.03947753485895,-0.9952,0,0
2513,-0.039477533559338,-0.9948,0,0
2514,-0.039477532259726,-0.9944,0,0
2515,-0.039477530960114,-0.994,0,0
2516,-0.039477529660502,-0.9936,0,0
2517,-0.03947752836089,-0.9932,0,0
2518,-0.039477527061279,-0.9928,0,0
2519,-0.039477525761667,-0.9924,0,0
2520,-0.039477524462055,-0.992,0,0
2521,-0.039477523162443,-0.9916,0,0
2522,-0.039477521862831,-0.9912,0,0
2523,-0.039477520563219,-0.9908,0,0
2524,-0.039477519263607,-0.9904,0,0
2525,-0.039477517963996,-0.99,0,0
2526,-0.039477516664384,-0.9896,0,0
2527,-0.039477515364772,-0.9892,0,0
2528,-0.03947751406516,-0.9888,0,0
2529,-0.039477512765548,-0.9884,0,0
2530,-0.039477511465936,-0.988,0,0
2531,-0.039477510166324,-0.9876,0,0
2532,-0.039477508866713,-0.9872,0,0
2533,-0.039477507567101,-0.9868,0,0
2534,-0.039477506267489,-0.9864,0,0
2535,-0.039477504967877,-0.986,0,0
2536,-0.039477503668265,-0.9856,0,0
2537,-0.039477502368653,-0.9852,0,0
2538,-0.039477501069041,-0.9848,0,0
2539,-0.03947749976943,-0.9844,0,0
2540,-0.039477498469818,-0.984,0,0
2541,-0.039477497170206,-0.9836,0,0
2542,-0.039477495870594,-0.9832,0,0
2543,-0.039477494570982,-0.9828,0,0
2544,-0.03947749327137,-0.9824,0,0
2545,-0.039477491971758,-0.982,0,0
2546,-0.039477490672147,-0.9816,0,0
2547,-0.039477489372535,-0.9812,0,0
2548,-0.039477488072923,-0.9808,0,0
2549,-0.039477486773311,-0.9804,0,0
2550,-0.039477485473699,-0.98,0,0
2551,-0.039477484174087,-0.9796,0,0
2552,-0.039477482874475,-0.9792,0,0
2553,-0.039477481574864,-0.9788,0,0
2554,-0.039477480275252,-0.9784,0,0
2555,-0.03947747897564,-0.978,0,0
2556,-0.039477477676028,-0.9776,0,0
2557,-0.039477476376416,-0.9772,0,0
2558,-0.039477475076804,-0.9768,0,0
2559,-0.039477473777192,-0.9764,0,0
2560,-0.039477472477581,-0.976,0,0
2561,-0.039477471177969,-0.9756,0,0
2562,-0.039477469878357,-0.9752,0,0
2563,-0.039477468578745,-0.9748,0,0
2564,-0.039477467279133,-0.9744,0,0
2565,-0.039477465979521,-0.974,0,0
2566,-0.039477464679909,-0.9736,0,0
2567,-0.039477463380298,-0.9732,0,0
2568,-0.039477462080686,-0.9728,0,0
2569,-0.039477460781074,-0.9724,0,0
2570,-0.039477459481462,-0.972,0,0
2571,-0.03947745818185,-0.9716,0,0
2572,-0.039477456882238,-0.9712,0,0
2573,-0.039477455582626,-0.9708,0,0
2574,-0.039477454283015,-0.9704,0,0
2575,-0.039477452983403,-0.97,0,0
2576,-0.039477451683791,-0.9696,0,0
2577,-0.039477450384179,-0.9692,0,0
2578,-0.039477449084567,-0.9688,0,0
2579,-0.039477447784955,-0.9684,0,0
2580,-0.039477446485343,-0.968,0,0
2581,-0.039477445185732,-0.9676,0,0
2582,-0.03947744388612,-0.9672,0,0
2583,-0.039477442586508,-0.9668,0,0
2584,-0.039477441286896,-0.9664,0,0
2585,-0.039477439987284,-0.966,0,0
2586,-0.039477438687672,-0.9656,0,0
2587,-0.03947743738806,-0.9652,0,0
2588,-0.039477436088449,-0.9648,0,0
2589,-0.039477434788837,-0.9644,0,0
2590,-0.039477433489225,-0.964,0,0
2591,-0.039477432189613,-0.9636,0,0
2592,-0.039477430890001,-0.9632,0,0
2593,-0.039477429590389,-0.9628,0,0
2594,-0.039477428290777,-0.9624,0,0
2595,-0.039477426991166,-0.962,0,0
2596,-0.039477425691554,-0.9616,0,0
2597,-0.039477424391942,-0.9612,0,0
2598,-0.03947742309233,-0.9608,0,0
2599,-0.039477421792718,-0.9604,0,0
2600,-0.039477420493106,-0.96,0,0
2601,-0.039477419193494,-0.9596,0,0
2602,-0.039477417893883,-0.9592,0,0
2603,-0.039477416594271,-0.9588,0,0
2604,-0.039477415294659,-0.9584,0,0
2605,-0.039477413995047,-0.958,0,0
2606,-0.039477412695435,-0.9576,0,0
2607,-0.039477411395823,-0.9572,0,0
2608,-0.039477410096211,-0.9568,0,0
2609,-0.0394774087966,-0.9564,0,0
2610,-0.039477407496988,-0.956,0,0
2611,-0.039477406197376,-0.9556,0,0
2612,-0.039477404897764,-0.9552,0,0
2613,-0.039477403598152,-0.9548,0,0
2614,-0.03947740229854,-0.9544,0,0
2615,-0.039477400998928,-0.954,0,0
2616,-0.039477399699317,-0.9536,0,0
2617,-0.039477398399705,-0.9532,0,0
2618,-0.039477397100093,-0.9528,0,0
2619,-0.039477395800481,-0.9524,0,0
2620,-0.039477394500869,-0.952,0,0
2621,-0.039477393201257,-0.9516,0,0
2622,-0.039477391901645,-0.9512,0,0
2623,-0.039477390602034,-0.9508,0,0
2624,-0.039477389302422,-0.9504,0,0
2625,-0.03947738800281,-0.95,0,0
2626,-0.039477386703198,-0.9496,0,0
2627,-0.039477385403586,-0.9492,0,0
2628,-0.039477384103974,-0.9488,0,0
2629,-0.039477382804362,-0.9484,0,0
2630,-0.039477381504751,-0.948,0,0
2631,-0.039477380205139,-0.9476,0,0
2632,-0.039477378905527,-0.9472,0,0
2633,-0.039477377605915,-0.9468,0,0
2634,-0.039477376306303,-0.9464,0,0
2635,-0.039477375006691,-0.946,0,0
2636,-0.039477373707079,-0.9456,0,0
2637,-0.039477372407468,-0.9452,0,0
2638,-0.039477371107856,-0.9448,0,0
2639,-0.039477369808244,-0.9444,0,0
2640,-0.039477368508632,-0.944,0,0
2641,-0.03947736720902,-0.9436,0,0
2642,-0.039477365909408,-0.9432,0,0
2643,-0.039477364609796,-0.9428,0,0
2644,-0.039477363310185,-0.9424,0,0
2645,-0.039477362010573,-0.942,0,0
2646,-0.039477360710961,-0.9416,0,0
2647,-0.039477359411349,-0.9412,0,0
2648,-0.039477358111737,-0.9408,0,0
2649,-0.039477356812125,-0.9404,0,0
2650,-0.039477355512513,-0.94,0,0
2651,-0.039477354212902,-0.9396,0,0
2652,-0.03947735291329,-0.9392,0,0
2653,-0.039477351613678,-0.9388,0,0
2654,-0.039477350314066,-0.9384,0,0
2655,-0.039477349014454,-0.938,0,0
2656,-0.039477347714842,-0.9376,0,0
2657,-0.03947734641523,-0.9372,0,0
2658,-0.039477345115619,-0.9368,0,0
2659,-0.039477343816007,-0.9364,0,0
2660,-0.039477342516395,-0.936,0,0
2661,-0.039477341216783,-0.9356,0,0
2662,-0.039477339917171,-0.9352,0,0
2663,-0.039477338617559,-0.9348,0,0
2664,-0.039477337317947,-0.9344,0,0
2665,-0.039477336018336,-0.934,0,0
2666,-0.039477334718724,-0.9336,0,0
2667,-0.039477333419112,-0.9332,0,0
2668,-0.0394773321195,-0.9328,0,0
2669,-0.039477330819888,-0.9324,0,0
2670,-0.039477329520276,-0.932,0,0
2671,-0.039477328220664,-0.9316,0,0
2672,-0.039477326921053,-0.9312,0,0
2673,-0.039477325621441,-0.9308,0,0
2674,-0.039477324321829,-0.9304,0,0
2675,-0.039477323022217,-0.93,0,0
2676,-0.039477321722605,-0.9296,0,0
2677,-0.039477320422993,-0.9292,0,0
2678,-0.039477319123381,-0.9288,0,0
2679,-0.03947731782377,-0.9284,0,0
2680,-0.039477316524158,-0.928,0,0
2681,-0.039477315224546,-0.9276,0,0
2682,-0.039477313924934,-0.9272,0,0
2683,-0.039477312625322,-0.9268,0,0
2684,-0.03947731132571,-0.9264,0,0
2685,-0.039477310026098,-0.926,0,0
2686,-0.039477308726487,-0.9256,0,0
2687,-0.039477307426875,-0.9252,0,0
2688,-0.039477306127263,-0.9248,0,0
2689,-0.039477304827651,-0.9244,0,0
2690,-0.039477303528039,-0.924,0,0
2691,-0.039477302228427,-0.9236,0,0
2692,-0.039477300928815,-0.9232,0,0
2693,-0.039477299629204,-0.9228,0,0
2694,-0.039477298329592,-0.9224,0,0
2695,-0.03947729702998,-0.922,0,0
2696,-0.039477295730368,-0.9216,0,0
2697,-0.039477294430756,-0.9212,0,0
2698,-0.039477293131144,-0.9208,0,0
2699,-0.039477291831532,-0.9204,0,0
2700,-0.039477290531921,-0.92,0,0
2701,-0.039477289232309,-0.9196,0,0
2702,-0.039477287932697,-0.9192,0,0
2703,-0.039477286633085,-0.9188,0,0
2704,-0.039477285333473,-0.9184,0,0
2705,-0.039477284033861,-0.918,0,0
2706,-0.039477282734249,-0.9176,0,0
2707,-0.039477281434638,-0.9172,0,0
2708,-0.039477280135026,-0.9168,0,0
2709,-0.039477278835414,-0.9164,0,0
2710,-0.039477277535802,-0.916,0,0
2711,-0.03947727623619,-0.9156,0,0
2712,-0.039477274936578,-0.9152,0,0
2713,-0.039477273636966,-0.9148,0,0
2714,-0.039477272337355,-0.9144,0,0
2715,-0.039477271037743,-0.914,0,0
2716,-0.039477269738131,-0.9136,0,0
2717,-0.039477268438519,-0.9132,0,0
2718,-0.039477267138907,-0.9128,0,0
2719,-0.039477265839295,-0.9124,0,0
2720,-0.039477264539683,-0.912,0,0
2721,-0.039477263240072,-0.9116,0,0
2722,-0.03947726194046,-0.9112,0,0
2723,-0.039477260640848,-0.9108,0,0
2724,-0.039477259341236,-0.9104,0,0
2725,-0.039477258041624,-0.91,0,0
2726,-0.039477256742012,-0.9096,0,0
2727,-0.0394772554424,-0.9092,0,0
2728,-0.039477254142789,-0.9088,0,0
2729,-0.039477252843177,-0.9084,0,0
2730,-0.039477251543565,-0.908,0,0
2731,-0.039477250243953,-0.9076,0,0
2732,-0.039477248944341,-0.9072,0,0
2733,-0.039477247644729,-0.9068,0,0
2734,-0.039477246345117,-0.9064,0,0
2735,-0.039477245045506,-0.906,0,0
2736,-0.039477243745894,-0.9056,0,0
2737,-0.039477242446282,-0.9052,0,0
2738,-0.03947724114667,-0.9048,0,0
2739,-0.039477239847058,-0.9044,0,0
2740,-0.039477238547446,-0.904,0,0
2741,-0.039477237247834,-0.9036,0,0
2742,-0.039477235948223,-0.9032,0,0
2743,-0.039477234648611,-0.9028,0,0
2744,-0.039477233348999,-0.9024,0,0
2745,-0.039477232049387,-0.902,0,0
2746,-0.039477230749775,-0.9016,0,0
2747,-0.039477229450163,-0.9012,0,0
2748,-0.039477228150551,-0.9008,0,0
2749,-0.03947722685094,-0.9004,0,0
2750,-0.039477225551328,-0.9,0,0
2751,-0.039477224251716,-0.8996,0,0
2752,-0.039477222952104,-0.8992,0,0
2753,-0.039477221652492,-0.8988,0,0
2754,-0.03947722035288,-0.8984,0,0
2755,-0.039477219053268,-0.898,0,0
2756,-0.039477217753657,-0.8976,0,0
2757,-0.039477216454045,-0.8972,0,0
2758,-0.039477215154433,-0.8968,0,0
2759,-0.039477213854821,-0.8964,0,0
2760,-0.039477212555209,-0.896,0,0
2761,-0.039477211255597,-0.8956,0,0
2762,-0.039477209955985,-0.8952,0,0
2763,-0.039477208656374,-0.8948,0,0
2764,-0.039477207356762,-0.8944,0,0
2765,-0.03947720605715,-0.894,0,0
2766,-0.039477204757538,-0.8936,0,0
2767,-0.039477203457926,-0.8932,0,0
2768,-0.039477202158314,-0.8928,0,0
2769,-0.039477200858702,-0.8924,0,0
2770,-0.039477199559091,-0.892,0,0
2771,-0.039477198259479,-0.8916,0,0
2772,-0.039477196959867,-0.8912,0,0
2773,-0.039477195660255,-0.8908,0,0
2774,-0.039477194360643,-0.8904,0,0
2775,-0.039477193061031,-0.89,0,0
2776,-0.039477191761419,-0.8896,0,0
2777,-0.039477190461808,-0.8892,0,0
2778,-0.039477189162196,-0.8888,0,0
2779,-0.039477187862584,-0.8884,0,0
2780,-0.039477186562972,-0.888,0,0
2781,-0.03947718526336,-0.8876,0,0
2782,-0.039477183963748,-0.8872,0,0
2783,-0.039477182664136,-0.8868,0,0
2784,-0.039477181364525,-0.8864,0,0
2785,-0.039477180064913,-0.886,0,0
2786,-0.039477178765301,-0.8856,0,0
2787,-0.039477177465689,-0.8852,0,0
2788,-0.039477176166077,-0.8848,0,0
2789,-0.039477174866465,-0.8844,0,0
2790,-0.039477173566853,-0.884,0,0
2791,-0.039477172267242,-0.8836,0,0
2792,-0.03947717096763,-0.8832,0,0
2793,-0.039477169668018,-0.8828,0,0
2794,-0.039477168368406,-0.8824,0,0
2795,-0.039477167068794,-0.882,0,0
2796,-0.039477165769182,-0.8816,0,0
2797,-0.03947716446957,-0.8812,0,0
2798,-0.039477163169959,-0.8808,0,0
2799,-0.039477161870347,-0.8804,0,0
2800,-0.039477160570735,-0.88,0,0
2801,-0.039477159271123,-0.8796,0,0
2802,-0.039477157971511,-0.8792,0,0
2803,-0.039477156671899,-0.8788,0,0
2804,-0.039477155372287,-0.8784,0,0
2805,-0.039477154072676,-0.878,0,0
2806,-0.039477152773064,-0.8776,0,0
2807,-0.039477151473452,-0.8772,0,0
2808,-0.03947715017384,-0.8768,0,0
2809,-0.039477148874228,-0.8764,0,0
2810,-0.039477147574616,-0.876,0,0
2811,-0.039477146275004,-0.8756,0,0
2812,-0.039477144975393,-0.8752,0,0
2813,-0.039477143675781,-0.8748,0,0
2814,-0.039477142376169,-0.8744,0,0
2815,-0.039477141076557,-0.874,0,0
2816,-0.039477139776945,-0.8736,0,0
2817,-0.039477138477333,-0.8732,0,0
2818,-0.039477137177721,-0.8728,0,0
2819,-0.03947713587811,-0.8724,0,0
2820,-0.039477134578498,-0.872,0,0
2821,-0.039477133278886,-0.8716,0,0
2822,-0.039477131979274,-0.8712,0,0
2823,-0.039477130679662,-0.8708,0,0
2824,-0.03947712938005,-0.8704,0,0
2825,-0.039477128080438,-0.87,0,0
2826,-0.039477126780827,-0.8696,0,0
2827,-0.039477125481215,-0.8692,0,0
2828,-0.039477124181603,-0.8688,0,0
2829,-0.039477122881991,-0.8684,0,0
2830,-0.039477121582379,-0.868,0,0
2831,-0.039477120282767,-0.8676,0,0
2832,-0.039477118983155,-0.8672,0,0
2833,-0.039477117683544,-0.8668,0,0
2834,-0.039477116383932,-0.8664,0,0
2835,-0.03947711508432,-0.866,0,0
2836,-0.039477113784708,-0.8656,0,0
2837,-0.039477112485096,-0.8652,0,0
2838,-0.039477111185484,-0.8648,0,0
2839,-0.039477109885872,-0.8644,0,0
2840,-0.039477108586261,-0.864,0,0
2841,-0.039477107286649,-0.8636,0,0
2842,-0.039477105987037,-0.8632,0,0
2843,-0.039477104687425,-0.8628,0,0
2844,-0.039477103387813,-0.8624,0,0
2845,-0.039477102088201,-0.862,0,0
2846,-0.039477100788589,-0.8616,0,0
2847,-0.039477099488978,-0.8612,0,0
2848,-0.039477098189366,-0.8608,0,0
2849,-0.039477096889754,-0.8604,0,0
2850,-0.039477095590142,-0.86,0,0
2851,-0.03947709429053,-0.8596,0,0
2852,-0.039477092990918,-0.8592,0,0
2853,-0.039477091691306,-0.8588,0,0
2854,-0.039477090391695,-0.8584,0,0
2855,-0.039477089092083,-0.858,0,0
2856,-0.039477087792471,-0.8576,0,0
2857,-0.039477086492859,-0.8572,0,0
2858,-0.039477085193247,-0.8568,0,0
2859,-0.039477083893635,-0.8564,0,0
2860,-0.039477082594023,-0.856,0,0
2861,-0.039477081294412,-0.8556,0,0
2862,-0.0394770799948,-0.8552,0,0
2863,-0.039477078695188,-0.8548,0,0
2864,-0.039477077395576,-0.8544,0,0
2865,-0.039477076095964,-0.854,0,0
2866,-0.039477074796352,-0.8536,0,0
2867,-0.03947707349674,-0.8532,0,0
2868,-0.039477072197129,-0.8528,0,0
2869,-0.039477070897517,-0.8524,0,0
2870,-0.039477069597905,-0.852,0,0
2871,-0.039477068298293,-0.8516,0,0
2872,-0.039477066998681,-0.8512,0,0
2873,-0.039477065699069,-0.8508,0,0
2874,-0.039477064399457,-0.8504,0,0
2875,-0.039477063099846,-0.85,0,0
2876,-0.039477061800234,-0.8496,0,0
2877,-0.039477060500622,-0.8492,0,0
2878,-0.03947705920101,-0.8488,0,0
2879,-0.039477057901398,-0.8484,0,0
2880,-0.039477056601786,-0.848,0,0
2881,-0.039477055302174,-0.8476,0,0
2882,-0.039477054002563,-0.8472,0,0
2883,-0.039477052702951,-0.8468,0,0
2884,-0.039477051403339,-0.8464,0,0
2885,-0.039477050103727,-0.846,0,0
2886,-0.039477048804115,-0.8456,0,0
2887,-0.039477047504503,-0.8452,0,0
2888,-0.039477046204891,-0.8448,0,0
2889,-0.03947704490528,-0.8444,0,0
2890,-0.039477043605668,-0.844,0,0
2891,-0.039477042306056,-0.8436,0,0
2892,-0.039477041006444,-0.8432,0,0
2893,-0.039477039706832,-0.8428,0,0
2894,-0.03947703840722,-0.8424,0,0
2895,-0.039477037107608,-0.842,0,0
2896,-0.039477035807997,-0.8416,0,0
2897,-0.039477034508385,-0.8412,0,0
2898,-0.039477033208773,-0.8408,0,0
2899,-0.039477031909161,-0.8404,0,0
2900,-0.039477030609549,-0.84,0,0
2901,-0.039477029309937,-0.8396,0,0
2902,-0.039477028010325,-0.8392,0,0
2903,-0.039477026710714,-0.8388,0,0
2904,-0.039477025411102,-0.8384,0,0
2905,-0.03947702411149,-0.838,0,0
2906,-0.039477022811878,-0.8376,0,0
2907,-0.039477021512266,-0.8372,0,0
2908,-0.039477020212654,-0.8368,0,0
2909,-0.039477018913042,-0.8364,0,0
2910,-0.039477017613431,-0.836,0,0
2911,-0.039477016313819,-0.8356,0,0
2912,-0.039477015014207,-0.8352,0,0
2913,-0.039477013714595,-0.8348,0,0
2914,-0.039477012414983,-0.8344,0,0
2915,-0.039477011115371,-0.834,0,0
2916,-0.039477009815759,-0.8336,0,0
2917,-0.039477008516148,-0.8332,0,0
2918,-0.039477007216536,-0.8328,0,0
2919,-0.039477005916924,-0.8324,0,0
2920,-0.039477004617312,-0.832,0,0
2921,-0.0394770033177,-0.8316,0,0
2922,-0.039477002018088,-0.8312,0,0
2923,-0.039477000718476,-0.8308,0,0
2924,-0.039476999418865,-0.8304,0,0
2925,-0.039476998119253,-0.83,0,0
2926,-0.039476996819641,-0.8296,0,0
2927,-0.039476995520029,-0.8292,0,0
2928,-0.039476994220417,-0.8288,0,0
2929,-0.039476992920805,-0.8284,0,0
2930,-0.039476991621193,-0.828,0,0
2931,-0.039476990321582,-0.8276,0,0
2932,-0.03947698902197,-0.8272,0,0
2933,-0.039476987722358,-0.8268,0,0
2934,-0.039476986422746,-0.8264,0,0
2935,-0.039476985123134,-0.826,0,0
2936,-0.039476983823522,-0.8256,0,0
2937,-0.03947698252391,-0.8252,0,0
2938,-0.039476981224299,-0.8248,0,0
2939,-0.039476979924687,-0.8244,0,0
2940,-0.039476978625075,-0.824,0,0
2941,-0.039476977325463,-0.8236,0,0
2942,-0.039476976025851,-0.8232,0,0
2943,-0.039476974726239,-0.8228,0,0
2944,-0.039476973426627,-0.8224,0,0
2945,-0.039476972127016,-0.822,0,0
2946,-0.039476970827404,-0.8216,0,0
2947,-0.039476969527792,-0.8212,0,0
2948,-0.03947696822818,-0.8208,0,0
2949,-0.039476966928568,-0.8204,0,0
2950,-0.039476965628956,-0.82,0,0
2951,-0.039476964329344,-0.8196,0,0
2952,-0.039476963029733,-0.8192,0,0
2953,-0.039476961730121,-0.8188,0,0
2954,-0.039476960430509,-0.8184,0,0
2955,-0.039476959130897,-0.818,0,0
2956,-0.039476957831285,-0.8176,0,0
2957,-0.039476956531673,-0.8172,0,0
2958,-0.039476955232061,-0.8168,0,0
2959,-0.03947695393245,-0.8164,0,0
2960,-0.039476952632838,-0.816,0,0
2961,-0.039476951333226,-0.8156,0,0
2962,-0.039476950033614,-0.8152,0,0
2963,-0.039476948734002,-0.8148,0,0
2964,-0.03947694743439,-0.8144,0,0
2965,-0.039476946134778,-0.814,0,0
2966,-0.039476944835167,-0.8136,0,0
2967,-0.039476943535555,-0.8132,0,0
2968,-0.039476942235943,-0.8128,0,0
2969,-0.039476940936331,-0.8124,0,0
2970,-0.039476939636719,-0.812,0,0
2971,-0.039476938337107,-0.8116,0,0
2972,-0.039476937037495,-0.8112,0,0
2973,-0.039476935737884,-0.8108,0,0
2974,-0.039476934438272,-0.8104,0,0
2975,-0.03947693313866,-0.81,0,0
2976,-0.039476931839048,-0.8096,0,0
2977,-0.039476930539436,-0.8092,0,0
2978,-0.039476929239824,-0.8088,0,0
2979,-0.039476927940212,-0.8084,0,0
2980,-0.039476926640601,-0.808,0,0
2981,-0.039476925340989,-0.8076,0,0
2982,-0.039476924041377,-0.8072,0,0
2983,-0.039476922741765,-0.8068,0,0
2984,-0.039476921442153,-0.8064,0,0
2985,-0.039476920142541,-0.806,0,0
2986,-0.039476918842929,-0.8056,0,0
2987,-0.039476917543318,-0.8052,0,0
2988,-0.039476916243706,-0.8048,0,0
2989,-0.039476914944094,-0.8044,0,0
2990,-0.039476913644482,-0.804,0,0
2991,-0.03947691234487,-0.8036,0,0
2992,-0.039476911045258,-0.8032,0,0
2993,-0.039476909745646,-0.8028,0,0
2994,-0.039476908446034,-0.8024,0,0
2995,-0.039476907146423,-0.802,0,0
2996,-0.039476905846811,-0.8016,0,0
2997,-0.039476904547199,-0.8012,0,0
2998,-0.039476903247587,-0.8008,0,0
2999,-0.039476901947975,-0.8004,0,0
3000,-0.039476900648363,-0.8,0,0
3001,-0.039476899348751,-0.7996,0,0
3002,-0.03947689804914,-0.7992,0,0
3003,-0.039476896749528,-0.7988,0,0
3004,-0.039476895449916,-0.7984,0,0
3005,-0.039476894150304,-0.798,0,0
3006,-0.039476892850692,-0.7976,0,0
3007,-0.03947689155108,-0.7972,0,0
3008,-0.039476890251468,-0.7968,0,0
3009,-0.039476888951857,-0.7964,0,0
3010,-0.039476887652245,-0.796,0,0
3011,-0.039476886352633,-0.7956,0,0
3012,-0.039476885053021,-0.7952,0,0
3013,-0.039476883753409,-0.7948,0,0
3014,-0.039476882453797,-0.7944,0,0
3015,-0.039476881154185,-0.794,0,0
3016,-0.039476879854574,-0.7936,0,0
3017,-0.039476878554962,-0.7932,0,0
3018,-0.03947687725535,-0.7928,0,0
3019,-0.039476875955738,-0.7924,0,0
3020,-0.039476874656126,-0.792,0,0
3021,-0.039476873356514,-0.7916,0,0
3022,-0.039476872056902,-0.7912,0,0
3023,-0.039476870757291,-0.7908,0,0
3024,-0.039476869457679,-0.7904,0,0
3025,-0.039476868158067,-0.79,0,0
3026,-0.039476866858455,-0.7896,0,0
3027,-0.039476865558843,-0.7892,0,0
3028,-0.039476864259231,-0.7888,0,0
3029,-0.039476862959619,-0.7884,0,0
3030,-0.039476861660008,-0.788,0,0
3031,-0.039476860360396,-0.7876,0,0
3032,-0.039476859060784,-0.7872,0,0
3033,-0.039476857761172,-0.7868,0,0
3034,-0.03947685646156,-0.7864,0,0
3035,-0.039476855161948,-0.786,0,0
3036,-0.039476853862336,-0.7856,0,0
3037,-0.039476852562725,-0.7852,0,0
3038,-0.039476851263113,-0.7848,0,0
3039,-0.039476849963501,-0.7844,0,0
3040,-0.039476848663889,-0.784,0,0
3041,-0.039476847364277,-0.7836,0,0
3042,-0.039476846064665,-0.7832,0,0
3043,-0.039476844765053,-0.7828,0,0
3044,-0.039476843465442,-0.7824,0,0
3045,-0.03947684216583,-0.782,0,0
3046,-0.039476840866218,-0.7816,0,0
3047,-0.039476839566606,-0.7812,0,0
3048,-0.039476838266994,-0.7808,0,0
3049,-0.039476836967382,-0.7804,0,0
3050,-0.03947683566777,-0.78,0,0
3051,-0.039476834368159,-0.7796,0,0
3052,-0.039476833068547,-0.7792,0,0
3053,-0.039476831768935,-0.7788,0,0
3054,-0.039476830469323,-0.7784,0,0
3055,-0.039476829169711,-0.778,0,0
3056,-0.039476827870099,-0.7776,0,0
3057,-0.039476826570487,-0.7772,0,0
3058,-0.039476825270876,-0.7768,0,0
3059,-0.039476823971264,-0.7764,0,0
3060,-0.039476822671652,-0.776,0,0
3061,-0.03947682137204,-0.7756,0,0
3062,-0.039476820072428,-0.7752,0,0
3063,-0.039476818772816,-0.7748,0,0
3064,-0.039476817473204,-0.7744,0,0
3065,-0.039476816173593,-0.774,0,0
3066,-0.039476814873981,-0.7736,0,0
3067,-0.039476813574369,-0.7732,0,0
3068,-0.039476812274757,-0.7728,0,0
3069,-0.039476810975145,-0.7724,0,0
3070,-0.039476809675533,-0.772,0,0
3071,-0.039476808375921,-0.7716,0,0
3072,-0.03947680707631,-0.7712,0,0
3073,-0.039476805776698,-0.7708,0,0
3074,-0.039476804477086,-0.7704,0,0
3075,-0.039476803177474,-0.77,0,0
3076,-0.039476801877862,-0.7696,0,0
3077,-0.03947680057825,-0.7692,0,0
3078,-0.039476799278638,-0.7688,0,0
3079,-0.039476797979027,-0.7684,0,0
3080,-0.039476796679415,-0.768,0,0
3081,-0.039476795379803,-0.7676,0,0
3082,-0.039476794080191,-0.7672,0,0
3083,-0.039476792780579,-0.7668,0,0
3084,-0.039476791480967,-0.7664,0,0
3085,-0.039476790181355,-0.766,0,0
3086,-0.039476788881744,-0.7656,0,0
3087,-0.039476787582132,-0.7652,0,0
3088,-0.03947678628252,-0.7648,0,0
3089,-0.039476784982908,-0.7644,0,0
3090,-0.039476783683296,-0.764,0,0
3091,-0.039476782383684,-0.7636,0,0
3092,-0.039476781084072,-0.7632,0,0
3093,-0.039476779784461,-0.7628,0,0
3094,-0.039476778484849,-0.7624,0,0
3095,-0.039476777185237,-0.762,0,0
3096,-0.039476775885625,-0.7616,0,0
3097,-0.039476774586013,-0.7612,0,0
3098,-0.039476773286401,-0.7608,0,0
3099,-0.039476771986789,-0.7604,0,0
3100,-0.039476770687178,-0.76,0,0
3101,-0.039476769387566,-0.7596,0,0
3102,-0.039476768087954,-0.7592,0,0
3103,-0.039476766788342,-0.7588,0,0
3104,-0.03947676548873,-0.7584,0,0
3105,-0.039476764189118,-0.758,0,0
3106,-0.039476762889506,-0.7576,0,0
3107,-0.039476761589895,-0.7572,0,0
3108,-0.039476760290283,-0.7568,0,0
3109,-0.039476758990671,-0.7564,0,0
3110,-0.039476757691059,-0.756,0,0
3111,-0.039476756391447,-0.7556,0,0
3112,-0.039476755091835,-0.7552,0,0
3113,-0.039476753792223,-0.7548,0,0
3114,-0.039476752492612,-0.7544,0,0
3115,-0.039476751193,-0.754,0,0
3116,-0.039476749893388,-0.7536,0,0
3117,-0.039476748593776,-0.7532,0,0
3118,-0.039476747294164,-0.7528,0,0
3119,-0.039476745994552,-0.7524,0,0
3120,-0.03947674469494,-0.752,0,0
3121,-0.039476743395329,-0.7516,0,0
3122,-0.039476742095717,-0.7512,0,0
3123,-0.039476740796105,-0.7508,0,0
3124,-0.039476739496493,-0.7504,0,0
3125,-0.039476738196881,-0.75,0,0
3126,-0.039476736897269,-0.7496,0,0
3127,-0.039476735597657,-0.7492,0,0
3128,-0.039476734298046,-0.7488,0,0
3129,-0.039476732998434,-0.7484,0,0
3130,-0.039476731698822,-0.748,0,0
3131,-0.03947673039921,-0.7476,0,0
3132,-0.039476729099598,-0.7472,0,0
3133,-0.039476727799986,-0.7468,0,0
3134,-0.039476726500374,-0.7464,0,0
3135,-0.039476725200763,-0.746,0,0
3136,-0.039476723901151,-0.7456,0,0
3137,-0.039476722601539,-0.7452,0,0
3138,-0.039476721301927,-0.7448,0,0
3139,-0.039476720002315,-0.7444,0,0
3140,-0.039476718702703,-0.744,0,0
3141,-0.039476717403091,-0.7436,0,0
3142,-0.03947671610348,-0.7432,0,0
3143,-0.039476714803868,-0.7428,0,0
3144,-0.039476713504256,-0.7424,0,0
3145,-0.039476712204644,-0.742,0,0
3146,-0.039476710905032,-0.7416,0,0
3147,-0.03947670960542,-0.7412,0,0
3148,-0.039476708305808,-0.7408,0,0
3149,-0.039476707006197,-0.7404,0,0
3150,-0.039476705706585,-0.74,0,0
3151,-0.039476704406973,-0.7396,0,0
3152,-0.039476703107361,-0.7392,0,0
3153,-0.039476701807749,-0.7388,0,0
3154,-0.039476700508137,-0.7384,0,0
3155,-0.039476699208525,-0.738,0,0
3156,-0.039476697908914,-0.7376,0,0
3157,-0.039476696609302,-0.7372,0,0
3158,-0.03947669530969,-0.7368,0,0
3159,-0.039476694010078,-0.7364,0,0
3160,-0.039476692710466,-0.736,0,0
3161,-0.039476691410854,-0.7356,0,0
3162,-0.039476690111242,-0.7352,0,0
3163,-0.039476688811631,-0.7348,0,0
3164,-0.039476687512019,-0.7344,0,0
3165,-0.039476686212407,-0.734,0,0
3166,-0.039476684912795,-0.7336,0,0
3167,-0.039476683613183,-0.7332,0,0
3168,-0.039476682313571,-0.7328,0,0
3169,-0.039476681013959,-0.7324,0,0
3170,-0.039476679714348,-0.732,0,0
3171,-0.039476678414736,-0.7316,0,0
3172,-0.039476677115124,-0.7312,0,0
3173,-0.039476675815512,-0.7308,0,0
3174,-0.0394766745159,-0.7304,0,0
3175,-0.039476673216288,-0.73,0,0
3176,-0.039476671916676,-0.7296,0,0
3177,-0.039476670617065,-0.7292,0,0
3178,-0.039476669317453,-0.7288,0,0
3179,-0.039476668017841,-0.7284,0,0
3180,-0.039476666718229,-0.728,0,0
3181,-0.039476665418617,-0.7276,0,0
3182,-0.039476664119005,-0.7272,0,0
3183,-0.039476662819393,-0.7268,0,0
3184,-0.039476661519782,-0.7264,0,0
3185,-0.03947666022017,-0.726,0,0
3186,-0.039476658920558,-0.7256,0,0
3187,-0.039476657620946,-0.7252,0,0
3188,-0.039476656321334,-0.7248,0,0
3189,-0.039476655021722,-0.7244,0,0
3190,-0.03947665372211,-0.724,0,0
3191,-0.039476652422499,-0.7236,0,0
3192,-0.039476651122887,-0.7232,0,0
3193,-0.039476649823275,-0.7228,0,0
3194,-0.039476648523663,-0.7224,0,0
3195,-0.039476647224051,-0.722,0,0
3196,-0.039476645924439,-0.7216,0,0
3197,-0.039476644624827,-0.7212,0,0
3198,-0.039476643325216,-0.7208,0,0
3199,-0.039476642025604,-0.7204,0,0
3200,-0.039476640725992,-0.72,0,0
3201,-0.03947663942638,-0.7196,0,0
3202,-0.039476638126768,-0.7192,0,0
3203,-0.039476636827156,-0.7188,0,0
3204,-0.039476635527544,-0.7184,0,0
3205,-0.039476634227933,-0.718,0,0
3206,-0.039476632928321,-0.7176,0,0
3207,-0.039476631628709,-0.7172,0,0
3208,-0.039476630329097,-0.7168,0,0
3209,-0.039476629029485,-0.7164,0,0
3210,-0.039476627729873,-0.716,0,0
3211,-0.039476626430261,-0.7156,0,0
3212,-0.03947662513065,-0.7152,0,0
3213,-0.039476623831038,-0.7148,0,0
3214,-0.039476622531426,-0.7144,0,0
3215,-0.039476621231814,-0.714,0,0
3216,-0.039476619932202,-0.7136,0,0
3217,-0.03947661863259,-0.7132,0,0
3218,-0.039476617332978,-0.7128,0,0
3219,-0.039476616033367,-0.7124,0,0
3220,-0.039476614733755,-0.712,0,0
3221,-0.039476613434143,-0.7116,0,0
3222,-0.039476612134531,-0.7112,0,0
3223,-0.039476610834919,-0.7108,0,0
3224,-0.039476609535307,-0.7104,0,0
3225,-0.039476608235695,-0.71,0,0
3226,-0.039476606936084,-0.7096,0,0
3227,-0.039476605636472,-0.7092,0,0
3228,-0.03947660433686,-0.7088,0,0
3229,-0.039476603037248,-0.7084,0,0
3230,-0.039476601737636,-0.708,0,0
3231,-0.039476600438024,-0.7076,0,0
3232,-0.039476599138412,-0.7072,0,0
3233,-0.039476597838801,-0.7068,0,0
3234,-0.039476596539189,-0.7064,0,0
3235,-0.039476595239577,-0.706,0,0
3236,-0.039476593939965,-0.7056,0,0
3237,-0.039476592640353,-0.7052,0,0
3238,-0.039476591340741,-0.7048,0,0
3239,-0.039476590041129,-0.7044,0,0
3240,-0.039476588741518,-0.704,0,0
3241,-0.039476587441906,-0.7036,0,0
3242,-0.039476586142294,-0.7032,0,0
3243,-0.039476584842682,-0.7028,0,0
3244,-0.03947658354307,-0.7024,0,0
3245,-0.039476582243458,-0.702,0,0
3246,-0.039476580943846,-0.7016,0,0
3247,-0.039476579644235,-0.7012,0,0
3248,-0.039476578344623,-0.7008,0,0
3249,-0.039476577045011,-0.7004,0,0
3250,-0.039476575745399,-0.7,0,0
3251,-0.039476574445787,-0.6996,0,0
3252,-0.039476573146175,-0.6992,0,0
3253,-0.039476571846563,-0.6988,0,0
3254,-0.039476570546952,-0.6984,0,0
3255,-0.03947656924734,-0.698,0,0
3256,-0.039476567947728,-0.6976,0,0
3257,-0.039476566648116,-0.6972,0,0
3258,-0.039476565348504,-0.6968,0,0
3259,-0.039476564048892,-0.6964,0,0
3260,-0.03947656274928,-0.696,0,0
3261,-0.039476561449669,-0.6956,0,0
3262,-0.039476560150057,-0.6952,0,0
3263,-0.039476558850445,-0.6948,0,0
3264,-0.039476557550833,-0.6944,0,0
3265,-0.039476556251221,-0.694,0,0
3266,-0.039476554951609,-0.6936,0,0
3267,-0.039476553651997,-0.6932,0,0
3268,-0.039476552352386,-0.6928,0,0
3269,-0.039476551052774,-0.6924,0,0
3270,-0.039476549753162,-0.692,0,0
3271,-0.03947654845355,-0.6916,0,0
3272,-0.039476547153938,-0.6912,0,0
3273,-0.039476545854326,-0.6908,0,0
3274,-0.039476544554714,-0.6904,0,0
3275,-0.039476543255103,-0.69,0,0
3276,-0.039476541955491,-0.6896,0,0
3277,-0.039476540655879,-0.6892,0,0
3278,-0.039476539356267,-0.6888,0,0
3279,-0.039476538056655,-0.6884,0,0
3280,-0.039476536757043,-0.688,0,0
3281,-0.039476535457431,-0.6876,0,0
3282,-0.03947653415782,-0.6872,0,0
3283,-0.039476532858208,-0.6868,0,0
3284,-0.039476531558596,-0.6864,0,0
3285,-0.039476530258984,-0.686,0,0
3286,-0.039476528959372,-0.6856,0,0
3287,-0.03947652765976,-0.6852,0,0
3288,-0.039476526360148,-0.6848,0,0
3289,-0.039476525060537,-0.6844,0,0
3290,-0.039476523760925,-0.684,0,0
3291,-0.039476522461313,-0.6836,0,0
3292,-0.039476521161701,-0.6832,0,0
3293,-0.039476519862089,-0.6828,0,0
3294,-0.039476518562477,-0.6824,0,0
3295,-0.039476517262865,-0.682,0,0
3296,-0.039476515963254,-0.6816,0,0
3297,-0.039476514663642,-0.6812,0,0
3298,-0.03947651336403,-0.6808,0,0
3299,-0.039476512064418,-0.6804,0,0
3300,-0.039476510764806,-0.68,0,0
3301,-0.039476509465194,-0.6796,0,0
3302,-0.039476508165582,-0.6792,0,0
3303,-0.039476506865971,-0.6788,0,0
3304,-0.039476505566359,-0.6784,0,0
3305,-0.039476504266747,-0.678,0,0
3306,-0.039476502967135,-0.6776,0,0
3307,-0.039476501667523,-0.6772,0,0
3308,-0.039476500367911,-0.6768,0,0
3309,-0.039476499068299,-0.6764,0,0
3310,-0.039476497768688,-0.676,0,0
3311,-0.039476496469076,-0.6756,0,0
3312,-0.039476495169464,-0.6752,0,0
3313,-0.039476493869852,-0.6748,0,0
3314,-0.03947649257024,-0.6744,0,0
3315,-0.039476491270628,-0.674,0,0
3316,-0.039476489971016,-0.6736,0,0
3317,-0.039476488671405,-0.6732,0,0
3318,-0.039476487371793,-0.6728,0,0
3319,-0.039476486072181,-0.6724,0,0
3320,-0.039476484772569,-0.672,0,0
3321,-0.039476483472957,-0.6716,0,0
3322,-0.039476482173345,-0.6712,0,0
3323,-0.039476480873733,-0.6708,0,0
3324,-0.039476479574122,-0.6704,0,0
3325,-0.03947647827451,-0.67,0,0
3326,-0.039476476974898,-0.6696,0,0
3327,-0.039476475675286,-0.6692,0,0
3328,-0.039476474375674,-0.6688,0,0
3329,-0.039476473076062,-0.6684,0,0
3330,-0.03947647177645,-0.668,0,0
3331,-0.039476470476839,-0.6676,0,0
3332,-0.039476469177227,-0.6672,0,0
3333,-0.039476467877615,-0.6668,0,0
3334,-0.039476466578003,-0.6664,0,0
3335,-0.039476465278391,-0.666,0,0
3336,-0.039476463978779,-0.6656,0,0
3337,-0.039476462679167,-0.6652,0,0
3338,-0.039476461379556,-0.6648,0,0
3339,-0.039476460079944,-0.6644,0,0
3340,-0.039476458780332,-0.664,0,0
3341,-0.03947645748072,-0.6636,0,0
3342,-0.039476456181108,-0.6632,0,0
3343,-0.039476454881496,-0.6628,0,0
3344,-0.039476453581884,-0.6624,0,0
3345,-0.039476452282273,-0.662,0,0
3346,-0.039476450982661,-0.6616,0,0
3347,-0.039476449683049,-0.6612,0,0
3348,-0.039476448383437,-0.6608,0,0
3349,-0.039476447083825,-0.6604,0,0
3350,-0.039476445784213,-0.66,0,0
3351,-0.039476444484601,-0.6596,0,0
3352,-0.03947644318499,-0.6592,0,0
3353,-0.039476441885378,-0.6588,0,0
3354,-0.039476440585766,-0.6584,0,0
3355,-0.039476439286154,-0.658,0,0
3356,-0.039476437986542,-0.6576,0,0
3357,-0.03947643668693,-0.6572,0,0
3358,-0.039476435387318,-0.6568,0,0
3359,-0.039476434087707,-0.6564,0,0
3360,-0.039476432788095,-0.656,0,0
3361,-0.039476431488483,-0.6556,0,0
3362,-0.039476430188871,-0.6552,0,0
3363,-0.039476428889259,-0.6548,0,0
3364,-0.039476427589647,-0.6544,0,0
3365,-0.039476426290035,-0.654,0,0
3366,-0.039476424990424,-0.6536,0,0
3367,-0.039476423690812,-0.6532,0,0
3368,-0.0394764223912,-0.6528,0,0
3369,-0.039476421091588,-0.6524,0,0
3370,-0.039476419791976,-0.652,0,0
3371,-0.039476418492364,-0.6516,0,0
3372,-0.039476417192752,-0.6512,0,0
3373,-0.039476415893141,-0.6508,0,0
3374,-0.039476414593529,-0.6504,0,0
3375,-0.039476413293917,-0.65,0,0
3376,-0.039476411994305,-0.6496,0,0
3377,-0.039476410694693,-0.6492,0,0
3378,-0.039476409395081,-0.6488,0,0
3379,-0.039476408095469,-0.6484,0,0
3380,-0.039476406795858,-0.648,0,0
3381,-0.039476405496246,-0.6476,0,0
3382,-0.039476404196634,-0.6472,0,0
3383,-0.039476402897022,-0.6468,0,0
3384,-0.03947640159741,-0.6464,0,0
3385,-0.039476400297798,-0.646,0,0
3386,-0.039476398998186,-0.6456,0,0
3387,-0.039476397698575,-0.6452,0,0
3388,-0.039476396398963,-0.6448,0,0
3389,-0.039476395099351,-0.6444,0,0
3390,-0.039476393799739,-0.644,0,0
3391,-0.039476392500127,-0.6436,0,0
3392,-0.039476391200515,-0.6432,0,0
3393,-0.039476389900903,-0.6428,0,0
3394,-0.039476388601292,-0.6424,0,0
3395,-0.03947638730168,-0.642,0,0
3396,-0.039476386002068,-0.6416,0,0
3397,-0.039476384702456,-0.6412,0,0
3398,-0.039476383402844,-0.6408,0,0
3399,-0.039476382103232,-0.6404,0,0
3400,-0.03947638080362,-0.64,0,0
3401,-0.039476379504009,-0.6396,0,0
3402,-0.039476378204397,-0.6392,0,0
3403,-0.039476376904785,-0.6388,0,0
3404,-0.039476375605173,-0.6384,0,0
3405,-0.039476374305561,-0.638,0,0
3406,-0.039476373005949,-0.6376,0,0
3407,-0.039476371706337,-0.6372,0,0
3408,-0.039476370406726,-0.6368,0,0
3409,-0.039476369107114,-0.6364,0,0
3410,-0.039476367807502,-0.636,0,0
3411,-0.03947636650789,-0.6356,0,0
3412,-0.039476365208278,-0.6352,0,0
3413,-0.039476363908666,-0.6348,0,0
3414,-0.039476362609054,-0.6344,0,0
3415,-0.039476361309443,-0.634,0,0
3416,-0.039476360009831,-0.6336,0,0
3417,-0.039476358710219,-0.6332,0,0
3418,-0.039476357410607,-0.6328,0,0
3419,-0.039476356110995,-0.6324,0,0
3420,-0.039476354811383,-0.632,0,0
3421,-0.039476353511771,-0.6316,0,0
3422,-0.03947635221216,-0.6312,0,0
3423,-0.039476350912548,-0.6308,0,0
3424,-0.039476349612936,-0.6304,0,0
3425,-0.039476348313324,-0.63,0,0
3426,-0.039476347013712,-0.6296,0,0
3427,-0.0394763457141,-0.6292,0,0
3428,-0.039476344414488,-0.6288,0,0
3429,-0.039476343114877,-0.6284,0,0
3430,-0.039476341815265,-0.628,0,0
3431,-0.039476340515653,-0.6276,0,0
3432,-0.039476339216041,-0.6272,0,0
3433,-0.039476337916429,-0.6268,0,0
3434,-0.039476336616817,-0.6264,0,0
3435,-0.039476335317205,-0.626,0,0
3436,-0.039476334017594,-0.6256,0,0
3437,-0.039476332717982,-0.6252,0,0
3438,-0.03947633141837,-0.6248,0,0
3439,-0.039476330118758,-0.6244,0,0
3440,-0.039476328819146,-0.624,0,0
3441,-0.039476327519534,-0.6236,0,0
3442,-0.039476326219922,-0.6232,0,0
3443,-0.039476324920311,-0.6228,0,0
3444,-0.039476323620699,-0.6224,0,0
3445,-0.039476322321087,-0.622,0,0
3446,-0.039476321021475,-0.6216,0,0
3447,-0.039476319721863,-0.6212,0,0
3448,-0.039476318422251,-0.6208,0,0
3449,-0.039476317122639,-0.6204,0,0
3450,-0.039476315823028,-0.62,0,0
3451,-0.039476314523416,-0.6196,0,0
3452,-0.039476313223804,-0.6192,0,0
3453,-0.039476311924192,-0.6188,0,0
3454,-0.03947631062458,-0.6184,0,0
3455,-0.039476309324968,-0.618,0,0
3456,-0.039476308025356,-0.6176,0,0
3457,-0.039476306725745,-0.6172,0,0
3458,-0.039476305426133,-0.6168,0,0
3459,-0.039476304126521,-0.6164,0,0
3460,-0.039476302826909,-0.616,0,0
3461,-0.039476301527297,-0.6156,0,0
3462,-0.039476300227685,-0.6152,0,0
3463,-0.039476298928073,-0.6148,0,0
3464,-0.039476297628462,-0.6144,0,0
3465,-0.03947629632885,-0.614,0,0
3466,-0.039476295029238,-0.6136,0,0
3467,-0.039476293729626,-0.6132,0,0
3468,-0.039476292430014,-0.6128,0,0
3469,-0.039476291130402,-0.6124,0,0
3470,-0.03947628983079,-0.612,0,0
3471,-0.039476288531179,-0.6116,0,0
3472,-0.039476287231567,-0.6112,0,0
3473,-0.039476285931955,-0.6108,0,0
3474,-0.039476284632343,-0.6104,0,0
3475,-0.039476283332731,-0.61,0,0
3476,-0.039476282033119,-0.6096,0,0
3477,-0.039476280733507,-0.6092,0,0
3478,-0.039476279433896,-0.6088,0,0
3479,-0.039476278134284,-0.6084,0,0
3480,-0.039476276834672,-0.608,0,0
3481,-0.03947627553506,-0.6076,0,0
3482,-0.039476274235448,-0.6072,0,0
3483,-0.039476272935836,-0.6068,0,0
3484,-0.039476271636224,-0.6064,0,0
3485,-0.039476270336613,-0.606,0,0
3486,-0.039476269037001,-0.6056,0,0
3487,-0.039476267737389,-0.6052,0,0
3488,-0.039476266437777,-0.6048,0,0
3489,-0.039476265138165,-0.6044,0,0
3490,-0.039476263838553,-0.604,0,0
3491,-0.039476262538941,-0.6036,0,0
3492,-0.03947626123933,-0.6032,0,0
3493,-0.039476259939718,-0.6028,0,0
3494,-0.039476258640106,-0.6024,0,0
3495,-0.039476257340494,-0.602,0,0
3496,-0.039476256040882,-0.6016,0,0
3497,-0.03947625474127,-0.6012,0,0
3498,-0.039476253441658,-0.6008,0,0
3499,-0.039476252142047,-0.6004,0,0
3500,-0.039476250842435,-0.6,0,0
3501,-0.039476249542823,-0.5996,0,0
3502,-0.039476248243211,-0.5992,0,0
3503,-0.039476246943599,-0.5988,0,0
3504,-0.039476245643987,-0.5984,0,0
3505,-0.039476244344375,-0.598,0,0
3506,-0.039476243044764,-0.5976,0,0
3507,-0.039476241745152,-0.5972,0,0
3508,-0.03947624044554,-0.5968,0,0
3509,-0.039476239145928,-0.5964,0,0
3510,-0.039476237846316,-0.596,0,0
3511,-0.039476236546704,-0.5956,0,0
3512,-0.039476235247092,-0.5952,0,0
3513,-0.039476233947481,-0.5948,0,0
3514,-0.039476232647869,-0.5944,0,0
3515,-0.039476231348257,-0.594,0,0
3516,-0.039476230048645,-0.5936,0,0
3517,-0.039476228749033,-0.5932,0,0
3518,-0.039476227449421,-0.5928,0,0
3519,-0.039476226149809,-0.5924,0,0
3520,-0.039476224850197,-0.592,0,0
3521,-0.039476223550586,-0.5916,0,0
3522,-0.039476222250974,-0.5912,0,0
3523,-0.039476220951362,-0.5908,0,0
3524,-0.03947621965175,-0.5904,0,0
3525,-0.039476218352138,-0.59,0,0
3526,-0.039476217052526,-0.5896,0,0
3527,-0.039476215752914,-0.5892,0,0
3528,-0.039476214453303,-0.5888,0,0
3529,-0.039476213153691,-0.5884,0,0
3530,-0.039476211854079,-0.588,0,0
3531,-0.039476210554467,-0.5876,0,0
3532,-0.039476209254855,-0.5872,0,0
3533,-0.039476207955243,-0.5868,0,0
3534,-0.039476206655631,-0.5864,0,0
3535,-0.03947620535602,-0.586,0,0
3536,-0.039476204056408,-0.5856,0,0
3537,-0.039476202756796,-0.5852,0,0
3538,-0.039476201457184,-0.5848,0,0
3539,-0.039476200157572,-0.5844,0,0
3540,-0.03947619885796,-0.584,0,0
3541,-0.039476197558348,-0.5836,0,0
3542,-0.039476196258737,-0.5832,0,0
3543,-0.039476194959125,-0.5828,0,0
3544,-0.039476193659513,-0.5824,0,0
3545,-0.039476192359901,-0.582,0,0
3546,-0.039476191060289,-0.5816,0,0
3547,-0.039476189760677,-0.5812,0,0
3548,-0.039476188461065,-0.5808,0,0
3549,-0.039476187161454,-0.5804,0,0
3550,-0.039476185861842,-0.58,0,0
3551,-0.03947618456223,-0.5796,0,0
3552,-0.039476183262618,-0.5792,0,0
3553,-0.039476181963006,-0.5788,0,0
3554,-0.039476180663394,-0.5784,0,0
3555,-0.039476179363782,-0.578,0,0
3556,-0.039476178064171,-0.5776,0,0
3557,-0.039476176764559,-0.5772,0,0
3558,-0.039476175464947,-0.5768,0,0
3559,-0.039476174165335,-0.5764,0,0
3560,-0.039476172865723,-0.576,0,0
3561,-0.039476171566111,-0.5756,0,0
3562,-0.039476170266499,-0.5752,0,0
3563,-0.039476168966888,-0.5748,0,0
3564,-0.039476167667276,-0.5744,0,0
3565,-0.039476166367664,-0.574,0,0
3566,-0.039476165068052,-0.5736,0,0
3567,-0.03947616376844,-0.5732,0,0
3568,-0.039476162468828,-0.5728,0,0
3569,-0.039476161169216,-0.5724,0,0
3570,-0.039476159869605,-0.572,0,0
3571,-0.039476158569993,-0.5716,0,0
3572,-0.039476157270381,-0.5712,0,0
3573,-0.039476155970769,-0.5708,0,0
3574,-0.039476154671157,-0.5704,0,0
3575,-0.039476153371545,-0.57,0,0
3576,-0.039476152071933,-0.5696,0,0
3577,-0.039476150772322,-0.5692,0,0
3578,-0.03947614947271,-0.5688,0,0
3579,-0.039476148173098,-0.5684,0,0
3580,-0.039476146873486,-0.568,0,0
3581,-0.039476145573874,-0.5676,0,0
3582,-0.039476144274262,-0.5672,0,0
3583,-0.03947614297465,-0.5668,0,0
3584,-0.039476141675039,-0.5664,0,0
3585,-0.039476140375427,-0.566,0,0
3586,-0.039476139075815,-0.5656,0,0
3587,-0.039476137776203,-0.5652,0,0
3588,-0.039476136476591,-0.5648,0,0
3589,-0.039476135176979,-0.5644,0,0
3590,-0.039476133877367,-0.564,0,0
3591,-0.039476132577756,-0.5636,0,0
3592,-0.039476131278144,-0.5632,0,0
3593,-0.039476129978532,-0.5628,0,0
3594,-0.03947612867892,-0.5624,0,0
3595,-0.039476127379308,-0.562,0,0
3596,-0.039476126079696,-0.5616,0,0
3597,-0.039476124780084,-0.5612,0,0
3598,-0.039476123480473,-0.5608,0,0
3599,-0.039476122180861,-0.5604,0,0
3600,-0.039476120881249,-0.56,0,0
3601,-0.039476119581637,-0.5596,0,0
3602,-0.039476118282025,-0.5592,0,0
3603,-0.039476116982413,-0.5588,0,0
3604,-0.039476115682801,-0.5584,0,0
3605,-0.03947611438319,-0.558,0,0
3606,-0.039476113083578,-0.5576,0,0
3607,-0.039476111783966,-0.5572,0,0
3608,-0.039476110484354,-0.5568,0,0
3609,-0.039476109184742,-0.5564,0,0
3610,-0.03947610788513,-0.556,0,0
3611,-0.039476106585518,-0.5556,0,0
3612,-0.039476105285907,-0.5552,0,0
3613,-0.039476103986295,-0.5548,0,0
3614,-0.039476102686683,-0.5544,0,0
3615,-0.039476101387071,-0.554,0,0
3616,-0.039476100087459,-0.5536,0,0
3617,-0.039476098787847,-0.5532,0,0
3618,-0.039476097488235,-0.5528,0,0
3619,-0.039476096188624,-0.5524,0,0
3620,-0.039476094889012,-0.552,0,0
3621,-0.0394760935894,-0.5516,0,0
3622,-0.039476092289788,-0.5512,0,0
3623,-0.039476090990176,-0.5508,0,0
3624,-0.039476089690564,-0.5504,0,0
3625,-0.039476088390952,-0.55,0,0
3626,-0.039476087091341,-0.5496,0,0
3627,-0.039476085791729,-0.5492,0,0
3628,-0.039476084492117,-0.5488,0,0
3629,-0.039476083192505,-0.5484,0,0
3630,-0.039476081892893,-0.548,0,0
3631,-0.039476080593281,-0.5476,0,0
3632,-0.039476079293669,-0.5472,0,0
3633,-0.039476077994058,-0.5468,0,0
3634,-0.039476076694446,-0.5464,0,0
3635,-0.039476075394834,-0.546,0,0
3636,-0.039476074095222,-0.5456,0,0
3637,-0.03947607279561,-0.5452,0,0
3638,-0.039476071495998,-0.5448,0,0
3639,-0.039476070196386,-0.5444,0,0
3640,-0.039476068896775,-0.544,0,0
3641,-0.039476067597163,-0.5436,0,0
3642,-0.039476066297551,-0.5432,0,0
3643,-0.039476064997939,-0.5428,0,0
3644,-0.039476063698327,-0.5424,0,0
3645,-0.039476062398715,-0.542,0,0
3646,-0.039476061099103,-0.5416,0,0
3647,-0.039476059799492,-0.5412,0,0
3648,-0.03947605849988,-0.5408,0,0
3649,-0.039476057200268,-0.5404,0,0
3650,-0.039476055900656,-0.54,0,0
3651,-0.039476054601044,-0.5396,0,0
3652,-0.039476053301432,-0.5392,0,0
3653,-0.03947605200182,-0.5388,0,0
3654,-0.039476050702209,-0.5384,0,0
3655,-0.039476049402597,-0.538,0,0
3656,-0.039476048102985,-0.5376,0,0
3657,-0.039476046803373,-0.5372,0,0
3658,-0.039476045503761,-0.5368,0,0
3659,-0.039476044204149,-0.5364,0,0
3660,-0.039476042904537,-0.536,0,0
3661,-0.039476041604926,-0.5356,0,0
3662,-0.039476040305314,-0.5352,0,0
3663,-0.039476039005702,-0.5348,0,0
3664,-0.03947603770609,-0.5344,0,0
3665,-0.039476036406478,-0.534,0,0
3666,-0.039476035106866,-0.5336,0,0
3667,-0.039476033807254,-0.5332,0,0
3668,-0.039476032507643,-0.5328,0,0
3669,-0.039476031208031,-0.5324,0,0
3670,-0.039476029908419,-0.532,0,0
3671,-0.039476028608807,-0.5316,0,0
3672,-0.039476027309195,-0.5312,0,0
3673,-0.039476026009583,-0.5308,0,0
3674,-0.039476024709971,-0.5304,0,0
3675,-0.03947602341036,-0.53,0,0
3676,-0.039476022110748,-0.5296,0,0
3677,-0.039476020811136,-0.5292,0,0
3678,-0.039476019511524,-0.5288,0,0
3679,-0.039476018211912,-0.5284,0,0
3680,-0.0394760169123,-0.528,0,0
3681,-0.039476015612688,-0.5276,0,0
3682,-0.039476014313077,-0.5272,0,0
3683,-0.039476013013465,-0.5268,0,0
3684,-0.039476011713853,-0.5264,0,0
3685,-0.039476010414241,-0.526,0,0
3686,-0.039476009114629,-0.5256,0,0
3687,-0.039476007815017,-0.5252,0,0
3688,-0.039476006515405,-0.5248,0,0
3689,-0.039476005215794,-0.5244,0,0
3690,-0.039476003916182,-0.524,0,0
3691,-0.03947600261657,-0.5236,0,0
3692,-0.039476001316958,-0.5232,0,0
3693,-0.039476000017346,-0.5228,0,0
3694,-0.039475998717734,-0.5224,0,0
3695,-0.039475997418122,-0.522,0,0
3696,-0.039475996118511,-0.5216,0,0
3697,-0.039475994818899,-0.5212,0,0
3698,-0.039475993519287,-0.5208,0,0
3699,-0.039475992219675,-0.5204,0,0
3700,-0.039475990920063,-0.52,0,0
3701,-0.039475989620451,-0.5196,0,0
3702,-0.039475988320839,-0.5192,0,0
3703,-0.039475987021228,-0.5188,0,0
3704,-0.039475985721616,-0.5184,0,0
3705,-0.039475984422004,-0.518,0,0
3706,-0.039475983122392,-0.5176,0,0
3707,-0.03947598182278,-0.5172,0,0
3708,-0.039475980523168,-0.5168,0,0
3709,-0.039475979223556,-0.5164,0,0
3710,-0.039475977923945,-0.516,0,0
3711,-0.039475976624333,-0.5156,0,0
3712,-0.039475975324721,-0.5152,0,0
3713,-0.039475974025109,-0.5148,0,0
3714,-0.039475972725497,-0.5144,0,0
3715,-0.039475971425885,-0.514,0,0
3716,-0.039475970126273,-0.5136,0,0
3717,-0.039475968826662,-0.5132,0,0
3718,-0.03947596752705,-0.5128,0,0
3719,-0.039475966227438,-0.5124,0,0
3720,-0.039475964927826,-0.512,0,0
3721,-0.039475963628214,-0.5116,0,0
3722,-0.039475962328602,-0.5112,0,0
3723,-0.03947596102899,-0.5108,0,0
3724,-0.039475959729379,-0.5104,0,0
3725,-0.039475958429767,-0.51,0,0
3726,-0.039475957130155,-0.5096,0,0
3727,-0.039475955830543,-0.5092,0,0
3728,-0.039475954530931,-0.5088,0,0
3729,-0.039475953231319,-0.5084,0,0
3730,-0.039475951931707,-0.508,0,0
3731,-0.039475950632096,-0.5076,0,0
3732,-0.039475949332484,-0.5072,0,0
3733,-0.039475948032872,-0.5068,0,0
3734,-0.03947594673326,-0.5064,0,0
3735,-0.039475945433648,-0.506,0,0
3736,-0.039475944134036,-0.5056,0,0
3737,-0.039475942834424,-0.5052,0,0
3738,-0.039475941534813,-0.5048,0,0
3739,-0.039475940235201,-0.5044,0,0
3740,-0.039475938935589,-0.504,0,0
3741,-0.039475937635977,-0.5036,0,0
3742,-0.039475936336365,-0.5032,0,0
3743,-0.039475935036753,-0.5028,0,0
3744,-0.039475933737141,-0.5024,0,0
3745,-0.03947593243753,-0.502,0,0
3746,-0.039475931137918,-0.5016,0,0
3747,-0.039475929838306,-0.5012,0,0
3748,-0.039475928538694,-0.5008,0,0
3749,-0.039475927239082,-0.5004,0,0
3750,-0.03947592593947,-0.5,0,0
3751,-0.039475924639858,-0.4996,0,0
3752,-0.039475923340247,-0.4992,0,0
3753,-0.039475922040635,-0.4988,0,0
3754,-0.039475920741023,-0.4984,0,0
3755,-0.039475919441411,-0.498,0,0
3756,-0.039475918141799,-0.4976,0,0
3757,-0.039475916842187,-0.4972,0,0
3758,-0.039475915542575,-0.4968,0,0
3759,-0.039475914242964,-0.4964,0,0
3760,-0.039475912943352,-0.496,0,0
3761,-0.03947591164374,-0.4956,0,0
3762,-0.039475910344128,-0.4952,0,0
3763,-0.039475909044516,-0.4948,0,0
3764,-0.039475907744904,-0.4944,0,0
3765,-0.039475906445292,-0.494,0,0
3766,-0.039475905145681,-0.4936,0,0
3767,-0.039475903846069,-0.4932,0,0
3768,-0.039475902546457,-0.4928,0,0
3769,-0.039475901246845,-0.4924,0,0
3770,-0.039475899947233,-0.492,0,0
3771,-0.039475898647621,-0.4916,0,0
3772,-0.039475897348009,-0.4912,0,0
3773,-0.039475896048398,-0.4908,0,0
3774,-0.039475894748786,-0.4904,0,0
3775,-0.039475893449174,-0.49,0,0
3776,-0.039475892149562,-0.4896,0,0
3777,-0.03947589084995,-0.4892,0,0
3778,-0.039475889550338,-0.4888,0,0
3779,-0.039475888250726,-0.4884,0,0
3780,-0.039475886951115,-0.488,0,0
3781,-0.039475885651503,-0.4876,0,0
3782,-0.039475884351891,-0.4872,0,0
3783,-0.039475883052279,-0.4868,0,0
3784,-0.039475881752667,-0.4864,0,0
3785,-0.039475880453055,-0.486,0,0
3786,-0.039475879153443,-0.4856,0,0
3787,-0.039475877853832,-0.4852,0,0
3788,-0.03947587655422,-0.4848,0,0
3789,-0.039475875254608,-0.4844,0,0
3790,-0.039475873954996,-0.484,0,0
3791,-0.039475872655384,-0.4836,0,0
3792,-0.039475871355772,-0.4832,0,0
3793,-0.03947587005616,-0.4828,0,0
3794,-0.039475868756549,-0.4824,0,0
3795,-0.039475867456937,-0.482,0,0
3796,-0.039475866157325,-0.4816,0,0
3797,-0.039475864857713,-0.4812,0,0
3798,-0.039475863558101,-0.4808,0,0
3799,-0.039475862258489,-0.4804,0,0
3800,-0.039475860958877,-0.48,0,0
3801,-0.039475859659266,-0.4796,0,0
3802,-0.039475858359654,-0.4792,0,0
3803,-0.039475857060042,-0.4788,0,0
3804,-0.03947585576043,-0.4784,0,0
3805,-0.039475854460818,-0.478,0,0
3806,-0.039475853161206,-0.4776,0,0
3807,-0.039475851861594,-0.4772,0,0
3808,-0.039475850561983,-0.4768,0,0
3809,-0.039475849262371,-0.4764,0,0
3810,-0.039475847962759,-0.476,0,0
3811,-0.039475846663147,-0.4756,0,0
3812,-0.039475845363535,-0.4752,0,0
3813,-0.039475844063923,-0.4748,0,0
3814,-0.039475842764311,-0.4744,0,0
3815,-0.0394758414647,-0.474,0,0
3816,-0.039475840165088,-0.4736,0,0
3817,-0.039475838865476,-0.4732,0,0
3818,-0.039475837565864,-0.4728,0,0
3819,-0.039475836266252,-0.4724,0,0
3820,-0.03947583496664,-0.472,0,0
3821,-0.039475833667028,-0.4716,0,0
3822,-0.039475832367417,-0.4712,0,0
3823,-0.039475831067805,-0.4708,0,0
3824,-0.039475829768193,-0.4704,0,0
3825,-0.039475828468581,-0.47,0,0
3826,-0.039475827168969,-0.4696,0,0
3827,-0.039475825869357,-0.4692,0,0
3828,-0.039475824569745,-0.4688,0,0
3829,-0.039475823270134,-0.4684,0,0
3830,-0.039475821970522,-0.468,0,0
3831,-0.03947582067091,-0.4676,0,0
3832,-0.039475819371298,-0.4672,0,0
3833,-0.039475818071686,-0.4668,0,0
3834,-0.039475816772074,-0.4664,0,0
3835,-0.039475815472462,-0.466,0,0
3836,-0.039475814172851,-0.4656,0,0
3837,-0.039475812873239,-0.4652,0,0
3838,-0.039475811573627,-0.4648,0,0
3839,-0.039475810274015,-0.4644,0,0
3840,-0.039475808974403,-0.464,0,0
3841,-0.039475807674791,-0.4636,0,0
3842,-0.039475806375179,-0.4632,0,0
3843,-0.039475805075568,-0.4628,0,0
3844,-0.039475803775956,-0.4624,0,0
3845,-0.039475802476344,-0.462,0,0
3846,-0.039475801176732,-0.4616,0,0
3847,-0.03947579987712,-0.4612,0,0
3848,-0.039475798577508,-0.4608,0,0
3849,-0.039475797277896,-0.4604,0,0
3850,-0.039475795978285,-0.46,0,0
3851,-0.039475794678673,-0.4596,0,0
3852,-0.039475793379061,-0.4592,0,0
3853,-0.039475792079449,-0.4588,0,0
3854,-0.039475790779837,-0.4584,0,0
3855,-0.039475789480225,-0.458,0,0
3856,-0.039475788180613,-0.4576,0,0
3857,-0.039475786881002,-0.4572,0,0
3858,-0.03947578558139,-0.4568,0,0
3859,-0.039475784281778,-0.4564,0,0
3860,-0.039475782982166,-0.456,0,0
3861,-0.039475781682554,-0.4556,0,0
3862,-0.039475780382942,-0.4552,0,0
3863,-0.03947577908333,-0.4548,0,0
3864,-0.039475777783719,-0.4544,0,0
3865,-0.039475776484107,-0.454,0,0
3866,-0.039475775184495,-0.4536,0,0
3867,-0.039475773884883,-0.4532,0,0
3868,-0.039475772585271,-0.4528,0,0
3869,-0.039475771285659,-0.4524,0,0
3870,-0.039475769986047,-0.452,0,0
3871,-0.039475768686436,-0.4516,0,0
3872,-0.039475767386824,-0.4512,0,0
3873,-0.039475766087212,-0.4508,0,0
3874,-0.0394757647876,-0.4504,0,0
3875,-0.039475763487988,-0.45,0,0
3876,-0.039475762188376,-0.4496,0,0
3877,-0.039475760888764,-0.4492,0,0
3878,-0.039475759589153,-0.4488,0,0
3879,-0.039475758289541,-0.4484,0,0
3880,-0.039475756989929,-0.448,0,0
3881,-0.039475755690317,-0.4476,0,0
3882,-0.039475754390705,-0.4472,0,0
3883,-0.039475753091093,-0.4468,0,0
3884,-0.039475751791481,-0.4464,0,0
3885,-0.03947575049187,-0.446,0,0
3886,-0.039475749192258,-0.4456,0,0
3887,-0.039475747892646,-0.4452,0,0
3888,-0.039475746593034,-0.4448,0,0
3889,-0.039475745293422,-0.4444,0,0
3890,-0.03947574399381,-0.444,0,0
3891,-0.039475742694198,-0.4436,0,0
3892,-0.039475741394587,-0.4432,0,0
3893,-0.039475740094975,-0.4428,0,0
3894,-0.039475738795363,-0.4424,0,0
3895,-0.039475737495751,-0.442,0,0
3896,-0.039475736196139,-0.4416,0,0
3897,-0.039475734896527,-0.4412,0,0
3898,-0.039475733596915,-0.4408,0,0
3899,-0.039475732297304,-0.4404,0,0
3900,-0.039475730997692,-0.44,0,0
3901,-0.03947572969808,-0.4396,0,0
3902,-0.039475728398468,-0.4392,0,0
3903,-0.039475727098856,-0.4388,0,0
3904,-0.039475725799244,-0.4384,0,0
3905,-0.039475724499632,-0.438,0,0
3906,-0.039475723200021,-0.4376,0,0
3907,-0.039475721900409,-0.4372,0,0
3908,-0.039475720600797,-0.4368,0,0
3909,-0.039475719301185,-0.4364,0,0
3910,-0.039475718001573,-0.436,0,0
3911,-0.039475716701961,-0.4356,0,0
3912,-0.039475715402349,-0.4352,0,0
3913,-0.039475714102738,-0.4348,0,0
3914,-0.039475712803126,-0.4344,0,0
3915,-0.039475711503514,-0.434,0,0
3916,-0.039475710203902,-0.4336,0,0
3917,-0.03947570890429,-0.4332,0,0
3918,-0.039475707604678,-0.4328,0,0
3919,-0.039475706305066,-0.4324,0,0
3920,-0.039475705005455,-0.432,0,0
3921,-0.039475703705843,-0.4316,0,0
3922,-0.039475702406231,-0.4312,0,0
3923,-0.039475701106619,-0.4308,0,0
3924,-0.039475699807007,-0.4304,0,0
3925,-0.039475698507395,-0.43,0,0
3926,-0.039475697207783,-0.4296,0,0
3927,-0.039475695908172,-0.4292,0,0
3928,-0.03947569460856,-0.4288,0,0
3929,-0.039475693308948,-0.4284,0,0
3930,-0.039475692009336,-0.428,0,0
3931,-0.039475690709724,-0.4276,0,0
3932,-0.039475689410112,-0.4272,0,0
3933,-0.0394756881105,-0.4268,0,0
3934,-0.039475686810889,-0.4264,0,0
3935,-0.039475685511277,-0.426,0,0
3936,-0.039475684211665,-0.4256,0,0
3937,-0.039475682912053,-0.4252,0,0
3938,-0.039475681612441,-0.4248,0,0
3939,-0.039475680312829,-0.4244,0,0
3940,-0.039475679013217,-0.424,0,0
3941,-0.039475677713606,-0.4236,0,0
3942,-0.039475676413994,-0.4232,0,0
3943,-0.039475675114382,-0.4228,0,0
3944,-0.03947567381477,-0.4224,0,0
3945,-0.039475672515158,-0.422,0,0
3946,-0.039475671215546,-0.4216,0,0
3947,-0.039475669915934,-0.4212,0,0
3948,-0.039475668616323,-0.4208,0,0
3949,-0.039475667316711,-0.4204,0,0
3950,-0.039475666017099,-0.42,0,0
3951,-0.039475664717487,-0.4196,0,0
3952,-0.039475663417875,-0.4192,0,0
3953,-0.039475662118263,-0.4188,0,0
3954,-0.039475660818651,-0.4184,0,0
3955,-0.03947565951904,-0.418,0,0
3956,-0.039475658219428,-0.4176,0,0
3957,-0.039475656919816,-0.4172,0,0
3958,-0.039475655620204,-0.4168,0,0
3959,-0.039475654320592,-0.4164,0,0
3960,-0.03947565302098,-0.416,0,0
3961,-0.039475651721368,-0.4156,0,0
3962,-0.039475650421757,-0.4152,0,0
3963,-0.039475649122145,-0.4148,0,0
3964,-0.039475647822533,-0.4144,0,0
3965,-0.039475646522921,-0.414,0,0
3966,-0.039475645223309,-0.4136,0,0
3967,-0.039475643923697,-0.4132,0,0
3968,-0.039475642624085,-0.4128,0,0
3969,-0.039475641324474,-0.4124,0,0
3970,-0.039475640024862,-0.412,0,0
3971,-0.03947563872525,-0.4116,0,0
3972,-0.039475637425638,-0.4112,0,0
3973,-0.039475636126026,-0.4108,0,0
3974,-0.039475634826414,-0.4104,0,0
3975,-0.039475633526802,-0.41,0,0
3976,-0.039475632227191,-0.4096,0,0
3977,-0.039475630927579,-0.4092,0,0
3978,-0.039475629627967,-0.4088,0,0
3979,-0.039475628328355,-0.4084,0,0
3980,-0.039475627028743,-0.408,0,0
3981,-0.039475625729131,-0.4076,0,0
3982,-0.039475624429519,-0.4072,0,0
3983,-0.039475623129908,-0.4068,0,0
3984,-0.039475621830296,-0.4064,0,0
3985,-0.039475620530684,-0.406,0,0
3986,-0.039475619231072,-0.4056,0,0
3987,-0.03947561793146,-0.4052,0,0
3988,-0.039475616631848,-0.4048,0,0
3989,-0.039475615332236,-0.4044,0,0
3990,-0.039475614032625,-0.404,0,0
3991,-0.039475612733013,-0.4036,0,0
3992,-0.039475611433401,-0.4032,0,0
3993,-0.039475610133789,-0.4028,0,0
3994,-0.039475608834177,-0.4024,0,0
3995,-0.039475607534565,-0.402,0,0
3996,-0.039475606234953,-0.4016,0,0
3997,-0.039475604935342,-0.4012,0,0
3998,-0.03947560363573,-0.4008,0,0
3999,-0.039475602336118,-0.4004,0,0
4000,-0.039475601036506,-0.4,0,0
4001,-0.039475599736894,-0.3996,0,0
4002,-0.039475598437282,-0.3992,0,0
4003,-0.03947559713767,-0.3988,0,0
4004,-0.039475595838059,-0.3984,0,0
4005,-0.039475594538447,-0.398,0,0
4006,-0.039475593238835,-0.3976,0,0
4007,-0.039475591939223,-0.3972,0,0
4008,-0.039475590639611,-0.3968,0,0
4009,-0.039475589339999,-0.3964,0,0
4010,-0.039475588040387,-0.396,0,0
4011,-0.039475586740776,-0.3956,0,0
4012,-0.039475585441164,-0.3952,0,0
4013,-0.039475584141552,-0.3948,0,0
4014,-0.03947558284194,-0.3944,0,0
4015,-0.039475581542328,-0.394,0,0
4016,-0.039475580242716,-0.3936,0,0
4017,-0.039475578943104,-0.3932,0,0
4018,-0.039475577643493,-0.3928,0,0
4019,-0.039475576343881,-0.3924,0,0
4020,-0.039475575044269,-0.392,0,0
4021,-0.039475573744657,-0.3916,0,0
4022,-0.039475572445045,-0.3912,0,0
4023,-0.039475571145433,-0.3908,0,0
4024,-0.039475569845821,-0.3904,0,0
4025,-0.03947556854621,-0.39,0,0
4026,-0.039475567246598,-0.3896,0,0
4027,-0.039475565946986,-0.3892,0,0
4028,-0.039475564647374,-0.3888,0,0
4029,-0.039475563347762,-0.3884,0,0
4030,-0.03947556204815,-0.388,0,0
4031,-0.039475560748538,-0.3876,0,0
4032,-0.039475559448927,-0.3872,0,0
4033,-0.039475558149315,-0.3868,0,0
4034,-0.039475556849703,-0.3864,0,0
4035,-0.039475555550091,-0.386,0,0
4036,-0.039475554250479,-0.3856,0,0
4037,-0.039475552950867,-0.3852,0,0
4038,-0.039475551651255,-0.3848,0,0
4039,-0.039475550351644,-0.3844,0,0
4040,-0.039475549052032,-0.384,0,0
4041,-0.03947554775242,-0.3836,0,0
4042,-0.039475546452808,-0.3832,0,0
4043,-0.039475545153196,-0.3828,0,0
4044,-0.039475543853584,-0.3824,0,0
4045,-0.039475542553972,-0.382,0,0
4046,-0.039475541254361,-0.3816,0,0
4047,-0.039475539954749,-0.3812,0,0
4048,-0.039475538655137,-0.3808,0,0
4049,-0.039475537355525,-0.3804,0,0
4050,-0.039475536055913,-0.38,0,0
4051,-0.039475534756301,-0.3796,0,0
4052,-0.039475533456689,-0.3792,0,0
4053,-0.039475532157078,-0.3788,0,0
4054,-0.039475530857466,-0.3784,0,0
4055,-0.039475529557854,-0.378,0,0
4056,-0.039475528258242,-0.3776,0,0
4057,-0.03947552695863,-0.3772,0,0
4058,-0.039475525659018,-0.3768,0,0
4059,-0.039475524359406,-0.3764,0,0
4060,-0.039475523059795,-0.376,0,0
4061,-0.039475521760183,-0.3756,0,0
4062,-0.039475520460571,-0.3752,0,0
4063,-0.039475519160959,-0.3748,0,0
4064,-0.039475517861347,-0.3744,0,0
4065,-0.039475516561735,-0.374,0,0
4066,-0.039475515262123,-0.3736,0,0
4067,-0.039475513962512,-0.3732,0,0
4068,-0.0394755126629,-0.3728,0,0
4069,-0.039475511363288,-0.3724,0,0
4070,-0.039475510063676,-0.372,0,0
4071,-0.039475508764064,-0.3716,0,0
4072,-0.039475507464452,-0.3712,0,0
4073,-0.03947550616484,-0.3708,0,0
4074,-0.039475504865229,-0.3704,0,0
4075,-0.039475503565617,-0.37,0,0
4076,-0.039475502266005,-0.3696,0,0
4077,-0.039475500966393,-0.3692,0,0
4078,-0.039475499666781,-0.3688,0,0
4079,-0.039475498367169,-0.3684,0,0
4080,-0.039475497067557,-0.368,0,0
4081,-0.039475495767946,-0.3676,0,0
4082,-0.039475494468334,-0.3672,0,0
4083,-0.039475493168722,-0.3668,0,0
4084,-0.03947549186911,-0.3664,0,0
4085,-0.039475490569498,-0.366,0,0
4086,-0.039475489269886,-0.3656,0,0
4087,-0.039475487970274,-0.3652,0,0
4088,-0.039475486670663,-0.3648,0,0
4089,-0.039475485371051,-0.3644,0,0
4090,-0.039475484071439,-0.364,0,0
4091,-0.039475482771827,-0.3636,0,0
4092,-0.039475481472215,-0.3632,0,0
4093,-0.039475480172603,-0.3628,0,0
4094,-0.039475478872991,-0.3624,0,0
4095,-0.03947547757338,-0.362,0,0
4096,-0.039475476273768,-0.3616,0,0
4097,-0.039475474974156,-0.3612,0,0
4098,-0.039475473674544,-0.3608,0,0
4099,-0.039475472374932,-0.3604,0,0
4100,-0.03947547107532,-0.36,0,0
4101,-0.039475469775708,-0.3596,0,0
4102,-0.039475468476097,-0.3592,0,0
4103,-0.039475467176485,-0.3588,0,0
4104,-0.039475465876873,-0.3584,0,0
4105,-0.039475464577261,-0.358,0,0
4106,-0.039475463277649,-0.3576,0,0
4107,-0.039475461978037,-0.3572,0,0
4108,-0.039475460678425,-0.3568,0,0
4109,-0.039475459378814,-0.3564,0,0
4110,-0.039475458079202,-0.356,0,0
4111,-0.03947545677959,-0.3556,0,0
4112,-0.039475455479978,-0.3552,0,0
4113,-0.039475454180366,-0.3548,0,0
4114,-0.039475452880754,-0.3544,0,0
4115,-0.039475451581142,-0.354,0,0
4116,-0.039475450281531,-0.3536,0,0
4117,-0.039475448981919,-0.3532,0,0
4118,-0.039475447682307,-0.3528,0,0
4119,-0.039475446382695,-0.3524,0,0
4120,-0.039475445083083,-0.352,0,0
4121,-0.039475443783471,-0.3516,0,0
4122,-0.039475442483859,-0.3512,0,0
4123,-0.039475441184248,-0.3508,0,0
4124,-0.039475439884636,-0.3504,0,0
4125,-0.039475438585024,-0.35,0,0
4126,-0.039475437285412,-0.3496,0,0
4127,-0.0394754359858,-0.3492,0,0
4128,-0.039475434686188,-0.3488,0,0
4129,-0.039475433386576,-0.3484,0,0
4130,-0.039475432086965,-0.348,0,0
4131,-0.039475430787353,-0.3476,0,0
4132,-0.039475429487741,-0.3472,0,0
4133,-0.039475428188129,-0.3468,0,0
4134,-0.039475426888517,-0.3464,0,0
4135,-0.039475425588905,-0.346,0,0
4136,-0.039475424289293,-0.3456,0,0
4137,-0.039475422989682,-0.3452,0,0
4138,-0.03947542169007,-0.3448,0,0
4139,-0.039475420390458,-0.3444,0,0
4140,-0.039475419090846,-0.344,0,0
4141,-0.039475417791234,-0.3436,0,0
4142,-0.039475416491622,-0.3432,0,0
4143,-0.03947541519201,-0.3428,0,0
4144,-0.039475413892399,-0.3424,0,0
4145,-0.039475412592787,-0.342,0,0
4146,-0.039475411293175,-0.3416,0,0
4147,-0.039475409993563,-0.3412,0,0
4148,-0.039475408693951,-0.3408,0,0
4149,-0.039475407394339,-0.3404,0,0
4150,-0.039475406094727,-0.34,0,0
4151,-0.039475404795116,-0.3396,0,0
4152,-0.039475403495504,-0.3392,0,0
4153,-0.039475402195892,-0.3388,0,0
4154,-0.03947540089628,-0.3384,0,0
4155,-0.039475399596668,-0.338,0,0
4156,-0.039475398297056,-0.3376,0,0
4157,-0.039475396997444,-0.3372,0,0
4158,-0.039475395697833,-0.3368,0,0
4159,-0.039475394398221,-0.3364,0,0
4160,-0.039475393098609,-0.336,0,0
4161,-0.039475391798997,-0.3356,0,0
4162,-0.039475390499385,-0.3352,0,0
4163,-0.039475389199773,-0.3348,0,0
4164,-0.039475387900161,-0.3344,0,0
4165,-0.03947538660055,-0.334,0,0
4166,-0.039475385300938,-0.3336,0,0
4167,-0.039475384001326,-0.3332,0,0
4168,-0.039475382701714,-0.3328,0,0
4169,-0.039475381402102,-0.3324,0,0
4170,-0.03947538010249,-0.332,0,0
4171,-0.039475378802878,-0.3316,0,0
4172,-0.039475377503267,-0.3312,0,0
4173,-0.039475376203655,-0.3308,0,0
4174,-0.039475374904043,-0.3304,0,0
4175,-0.039475373604431,-0.33,0,0
4176,-0.039475372304819,-0.3296,0,0
4177,-0.039475371005207,-0.3292,0,0
4178,-0.039475369705595,-0.3288,0,0
4179,-0.039475368405984,-0.3284,0,0
4180,-0.039475367106372,-0.328,0,0
4181,-0.03947536580676,-0.3276,0,0
4182,-0.039475364507148,-0.3272,0,0
4183,-0.039475363207536,-0.3268,0,0
4184,-0.039475361907924,-0.3264,0,0
4185,-0.039475360608312,-0.326,0,0
4186,-0.0394753593087,-0.3256,0,0
4187,-0.039475358009089,-0.3252,0,0
4188,-0.039475356709477,-0.3248,0,0
4189,-0.039475355409865,-0.3244,0,0
4190,-0.039475354110253,-0.324,0,0
4191,-0.039475352810641,-0.3236,0,0
4192,-0.039475351511029,-0.3232,0,0
4193,-0.039475350211418,-0.3228,0,0
4194,-0.039475348911806,-0.3224,0,0
4195,-0.039475347612194,-0.322,0,0
4196,-0.039475346312582,-0.3216,0,0
4197,-0.03947534501297,-0.3212,0,0
4198,-0.039475343713358,-0.3208,0,0
4199,-0.039475342413746,-0.3204,0,0
4200,-0.039475341114135,-0.32,0,0
4201,-0.039475339814523,-0.3196,0,0
4202,-0.039475338514911,-0.3192,0,0
4203,-0.039475337215299,-0.3188,0,0
4204,-0.039475335915687,-0.3184,0,0
4205,-0.039475334616075,-0.318,0,0
4206,-0.039475333316463,-0.3176,0,0
4207,-0.039475332016852,-0.3172,0,0
4208,-0.03947533071724,-0.3168,0,0
4209,-0.039475329417628,-0.3164,0,0
4210,-0.039475328118016,-0.316,0,0
4211,-0.039475326818404,-0.3156,0,0
4212,-0.039475325518792,-0.3152,0,0
4213,-0.03947532421918,-0.3148,0,0
4214,-0.039475322919569,-0.3144,0,0
4215,-0.039475321619957,-0.314,0,0
4216,-0.039475320320345,-0.3136,0,0
4217,-0.039475319020733,-0.3132,0,0
4218,-0.039475317721121,-0.3128,0,0
4219,-0.039475316421509,-0.3124,0,0
4220,-0.039475315121897,-0.312,0,0
4221,-0.039475313822286,-0.3116,0,0
4222,-0.039475312522674,-0.3112,0,0
4223,-0.039475311223062,-0.3108,0,0
4224,-0.03947530992345,-0.3104,0,0
4225,-0.039475308623838,-0.31,0,0
4226,-0.039475307324226,-0.3096,0,0
4227,-0.039475306024614,-0.3092,0,0
4228,-0.039475304725003,-0.3088,0,0
4229,-0.039475303425391,-0.3084,0,0
4230,-0.039475302125779,-0.308,0,0
4231,-0.039475300826167,-0.3076,0,0
4232,-0.039475299526555,-0.3072,0,0
4233,-0.039475298226943,-0.3068,0,0
4234,-0.039475296927331,-0.3064,0,0
4235,-0.03947529562772,-0.306,0,0
4236,-0.039475294328108,-0.3056,0,0
4237,-0.039475293028496,-0.3052,0,0
4238,-0.039475291728884,-0.3048,0,0
4239,-0.039475290429272,-0.3044,0,0
4240,-0.03947528912966,-0.304,0,0
4241,-0.039475287830048,-0.3036,0,0
4242,-0.039475286530436,-0.3032,0,0
4243,-0.039475285230825,-0.3028,0,0
4244,-0.039475283931213,-0.3024,0,0
4245,-0.039475282631601,-0.302,0,0
4246,-0.039475281331989,-0.3016,0,0
4247,-0.039475280032377,-0.3012,0,0
4248,-0.039475278732765,-0.3008,0,0
4249,-0.039475277433153,-0.3004,0,0
4250,-0.039475276133542,-0.3,0,0
4251,-0.03947527483393,-0.2996,0,0
4252,-0.039475273534318,-0.2992,0,0
4253,-0.039475272234706,-0.2988,0,0
4254,-0.039475270935094,-0.2984,0,0
4255,-0.039475269635482,-0.298,0,0
4256,-0.03947526833587,-0.2976,0,0
4257,-0.039475267036259,-0.2972,0,0
4258,-0.039475265736647,-0.2968,0,0
4259,-0.039475264437035,-0.2964,0,0
4260,-0.039475263137423,-0.296,0,0
4261,-0.039475261837811,-0.2956,0,0
4262,-0.039475260538199,-0.2952,0,0
4263,-0.039475259238587,-0.2948,0,0
4264,-0.039475257938976,-0.2944,0,0
4265,-0.039475256639364,-0.294,0,0
4266,-0.039475255339752,-0.2936,0,0
4267,-0.03947525404014,-0.2932,0,0
4268,-0.039475252740528,-0.2928,0,0
4269,-0.039475251440916,-0.2924,0,0
4270,-0.039475250141304,-0.292,0,0
4271,-0.039475248841693,-0.2916,0,0
4272,-0.039475247542081,-0.2912,0,0
4273,-0.039475246242469,-0.2908,0,0
4274,-0.039475244942857,-0.2904,0,0
4275,-0.039475243643245,-0.29,0,0
4276,-0.039475242343633,-0.2896,0,0
4277,-0.039475241044021,-0.2892,0,0
4278,-0.03947523974441,-0.2888,0,0
4279,-0.039475238444798,-0.2884,0,0
4280,-0.039475237145186,-0.288,0,0
4281,-0.039475235845574,-0.2876,0,0
4282,-0.039475234545962,-0.2872,0,0
4283,-0.03947523324635,-0.2868,0,0
4284,-0.039475231946738,-0.2864,0,0
4285,-0.039475230647127,-0.286,0,0
4286,-0.039475229347515,-0.2856,0,0
4287,-0.039475228047903,-0.2852,0,0
4288,-0.039475226748291,-0.2848,0,0
4289,-0.039475225448679,-0.2844,0,0
4290,-0.039475224149067,-0.284,0,0
4291,-0.039475222849455,-0.2836,0,0
4292,-0.039475221549844,-0.2832,0,0
4293,-0.039475220250232,-0.2828,0,0
4294,-0.03947521895062,-0.2824,0,0
4295,-0.039475217651008,-0.282,0,0
4296,-0.039475216351396,-0.2816,0,0
4297,-0.039475215051784,-0.2812,0,0
4298,-0.039475213752172,-0.2808,0,0
4299,-0.039475212452561,-0.2804,0,0
4300,-0.039475211152949,-0.28,0,0
4301,-0.039475209853337,-0.2796,0,0
4302,-0.039475208553725,-0.2792,0,0
4303,-0.039475207254113,-0.2788,0,0
4304,-0.039475205954501,-0.2784,0,0
4305,-0.039475204654889,-0.278,0,0
4306,-0.039475203355278,-0.2776,0,0
4307,-0.039475202055666,-0.2772,0,0
4308,-0.039475200756054,-0.2768,0,0
4309,-0.039475199456442,-0.2764,0,0
4310,-0.03947519815683,-0.276,0,0
4311,-0.039475196857218,-0.2756,0,0
4312,-0.039475195557606,-0.2752,0,0
4313,-0.039475194257995,-0.2748,0,0
4314,-0.039475192958383,-0.2744,0,0
4315,-0.039475191658771,-0.274,0,0
4316,-0.039475190359159,-0.2736,0,0
4317,-0.039475189059547,-0.2732,0,0
4318,-0.039475187759935,-0.2728,0,0
4319,-0.039475186460323,-0.2724,0,0
4320,-0.039475185160712,-0.272,0,0
4321,-0.0394751838611,-0.2716,0,0
4322,-0.039475182561488,-0.2712,0,0
4323,-0.039475181261876,-0.2708,0,0
4324,-0.039475179962264,-0.2704,0,0
4325,-0.039475178662652,-0.27,0,0
4326,-0.03947517736304,-0.2696,0,0
4327,-0.039475176063429,-0.2692,0,0
4328,-0.039475174763817,-0.2688,0,0
4329,-0.039475173464205,-0.2684,0,0
4330,-0.039475172164593,-0.268,0,0
4331,-0.039475170864981,-0.2676,0,0
4332,-0.039475169565369,-0.2672,0,0
4333,-0.039475168265757,-0.2668,0,0
4334,-0.039475166966146,-0.2664,0,0
4335,-0.039475165666534,-0.266,0,0
4336,-0.039475164366922,-0.2656,0,0
4337,-0.03947516306731,-0.2652,0,0
4338,-0.039475161767698,-0.2648,0,0
4339,-0.039475160468086,-0.2644,0,0
4340,-0.039475159168474,-0.264,0,0
4341,-0.039475157868863,-0.2636,0,0
4342,-0.039475156569251,-0.2632,0,0
4343,-0.039475155269639,-0.2628,0,0
4344,-0.039475153970027,-0.2624,0,0
4345,-0.039475152670415,-0.262,0,0
4346,-0.039475151370803,-0.2616,0,0
4347,-0.039475150071191,-0.2612,0,0
4348,-0.03947514877158,-0.2608,0,0
4349,-0.039475147471968,-0.2604,0,0
4350,-0.039475146172356,-0.26,0,0
4351,-0.039475144872744,-0.2596,0,0
4352,-0.039475143573132,-0.2592,0,0
4353,-0.03947514227352,-0.2588,0,0
4354,-0.039475140973908,-0.2584,0,0
4355,-0.039475139674297,-0.258,0,0
4356,-0.039475138374685,-0.2576,0,0
4357,-0.039475137075073,-0.2572,0,0
4358,-0.039475135775461,-0.2568,0,0
4359,-0.039475134475849,-0.2564,0,0
4360,-0.039475133176237,-0.256,0,0
4361,-0.039475131876625,-0.2556,0,0
4362,-0.039475130577014,-0.2552,0,0
4363,-0.039475129277402,-0.2548,0,0
4364,-0.03947512797779,-0.2544,0,0
4365,-0.039475126678178,-0.254,0,0
4366,-0.039475125378566,-0.2536,0,0
4367,-0.039475124078954,-0.2532,0,0
4368,-0.039475122779342,-0.2528,0,0
4369,-0.039475121479731,-0.2524,0,0
4370,-0.039475120180119,-0.252,0,0
4371,-0.039475118880507,-0.2516,0,0
4372,-0.039475117580895,-0.2512,0,0
4373,-0.039475116281283,-0.2508,0,0
4374,-0.039475114981671,-0.2504,0,0
4375,-0.039475113682059,-0.25,0,0
4376,-0.039475112382448,-0.2496,0,0
4377,-0.039475111082836,-0.2492,0,0
4378,-0.039475109783224,-0.2488,0,0
4379,-0.039475108483612,-0.2484,0,0
4380,-0.039475107184,-0.248,0,0
4381,-0.039475105884388,-0.2476,0,0
4382,-0.039475104584776,-0.2472,0,0
4383,-0.039475103285165,-0.2468,0,0
4384,-0.039475101985553,-0.2464,0,0
4385,-0.039475100685941,-0.246,0,0
4386,-0.039475099386329,-0.2456,0,0
4387,-0.039475098086717,-0.2452,0,0
4388,-0.039475096787105,-0.2448,0,0
4389,-0.039475095487493,-0.2444,0,0
4390,-0.039475094187882,-0.244,0,0
4391,-0.03947509288827,-0.2436,0,0
4392,-0.039475091588658,-0.2432,0,0
4393,-0.039475090289046,-0.2428,0,0
4394,-0.039475088989434,-0.2424,0,0
4395,-0.039475087689822,-0.242,0,0
4396,-0.03947508639021,-0.2416,0,0
4397,-0.039475085090599,-0.2412,0,0
4398,-0.039475083790987,-0.2408,0,0
4399,-0.039475082491375,-0.2404,0,0
4400,-0.039475081191763,-0.24,0,0
4401,-0.039475079892151,-0.2396,0,0
4402,-0.039475078592539,-0.2392,0,0
4403,-0.039475077292927,-0.2388,0,0
4404,-0.039475075993316,-0.2384,0,0
4405,-0.039475074693704,-0.238,0,0
4406,-0.039475073394092,-0.2376,0,0
4407,-0.03947507209448,-0.2372,0,0
4408,-0.039475070794868,-0.2368,0,0
4409,-0.039475069495256,-0.2364,0,0
4410,-0.039475068195644,-0.236,0,0
4411,-0.039475066896033,-0.2356,0,0
4412,-0.039475065596421,-0.2352,0,0
4413,-0.039475064296809,-0.2348,0,0
4414,-0.039475062997197,-0.2344,0,0
4415,-0.039475061697585,-0.234,0,0
4416,-0.039475060397973,-0.2336,0,0
4417,-0.039475059098361,-0.2332,0,0
4418,-0.03947505779875,-0.2328,0,0
4419,-0.039475056499138,-0.2324,0,0
4420,-0.039475055199526,-0.232,0,0
4421,-0.039475053899914,-0.2316,0,0
4422,-0.039475052600302,-0.2312,0,0
4423,-0.03947505130069,-0.2308,0,0
4424,-0.039475050001078,-0.2304,0,0
4425,-0.039475048701467,-0.23,0,0
4426,-0.039475047401855,-0.2296,0,0
4427,-0.039475046102243,-0.2292,0,0
4428,-0.039475044802631,-0.2288,0,0
4429,-0.039475043503019,-0.2284,0,0
4430,-0.039475042203407,-0.228,0,0
4431,-0.039475040903795,-0.2276,0,0
4432,-0.039475039604184,-0.2272,0,0
4433,-0.039475038304572,-0.2268,0,0
4434,-0.03947503700496,-0.2264,0,0
4435,-0.039475035705348,-0.226,0,0
4436,-0.039475034405736,-0.2256,0,0
4437,-0.039475033106124,-0.2252,0,0
4438,-0.039475031806512,-0.2248,0,0
4439,-0.039475030506901,-0.2244,0,0
4440,-0.039475029207289,-0.224,0,0
4441,-0.039475027907677,-0.2236,0,0
4442,-0.039475026608065,-0.2232,0,0
4443,-0.039475025308453,-0.2228,0,0
4444,-0.039475024008841,-0.2224,0,0
4445,-0.039475022709229,-0.222,0,0
4446,-0.039475021409618,-0.2216,0,0
4447,-0.039475020110006,-0.2212,0,0
4448,-0.039475018810394,-0.2208,0,0
4449,-0.039475017510782,-0.2204,0,0
4450,-0.03947501621117,-0.22,0,0
4451,-0.039475014911558,-0.2196,0,0
4452,-0.039475013611946,-0.2192,0,0
4453,-0.039475012312335,-0.2188,0,0
4454,-0.039475011012723,-0.2184,0,0
4455,-0.039475009713111,-0.218,0,0
4456,-0.039475008413499,-0.2176,0,0
4457,-0.039475007113887,-0.2172,0,0
4458,-0.039475005814275,-0.2168,0,0
4459,-0.039475004514663,-0.2164,0,0
4460,-0.039475003215052,-0.216,0,0
4461,-0.03947500191544,-0.2156,0,0
4462,-0.039475000615828,-0.2152,0,0
4463,-0.039474999316216,-0.2148,0,0
4464,-0.039474998016604,-0.2144,0,0
4465,-0.039474996716992,-0.214,0,0
4466,-0.03947499541738,-0.2136,0,0
4467,-0.039474994117769,-0.2132,0,0
4468,-0.039474992818157,-0.2128,0,0
4469,-0.039474991518545,-0.2124,0,0
4470,-0.039474990218933,-0.212,0,0
4471,-0.039474988919321,-0.2116,0,0
4472,-0.039474987619709,-0.2112,0,0
4473,-0.039474986320097,-0.2108,0,0
4474,-0.039474985020486,-0.2104,0,0
4475,-0.039474983720874,-0.21,0,0
4476,-0.039474982421262,-0.2096,0,0
4477,-0.03947498112165,-0.2092,0,0
4478,-0.039474979822038,-0.2088,0,0
4479,-0.039474978522426,-0.2084,0,0
4480,-0.039474977222814,-0.208,0,0
4481,-0.039474975923203,-0.2076,0,0
4482,-0.039474974623591,-0.2072,0,0
4483,-0.039474973323979,-0.2068,0,0
4484,-0.039474972024367,-0.2064,0,0
4485,-0.039474970724755,-0.206,0,0
4486,-0.039474969425143,-0.2056,0,0
4487,-0.039474968125531,-0.2052,0,0
4488,-0.03947496682592,-0.2048,0,0
4489,-0.039474965526308,-0.2044,0,0
4490,-0.039474964226696,-0.204,0,0
4491,-0.039474962927084,-0.2036,0,0
4492,-0.039474961627472,-0.2032,0,0
4493,-0.03947496032786,-0.2028,0,0
4494,-0.039474959028248,-0.2024,0,0
4495,-0.039474957728637,-0.202,0,0
4496,-0.039474956429025,-0.2016,0,0
4497,-0.039474955129413,-0.2012,0,0
4498,-0.039474953829801,-0.2008,0,0
4499,-0.039474952530189,-0.2004,0,0
4500,-0.039474951230577,-0.2,0,0
4501,-0.039474949930966,-0.1996,0,0
4502,-0.039474948631354,-0.1992,0,0
4503,-0.039474947331742,-0.1988,0,0
4504,-0.03947494603213,-0.1984,0,0
4505,-0.039474944732518,-0.198,0,0
4506,-0.039474943432906,-0.1976,0,0
4507,-0.039474942133294,-0.1972,0,0
4508,-0.039474940833682,-0.1968,0,0
4509,-0.039474939534071,-0.1964,0,0
4510,-0.039474938234459,-0.196,0,0
4511,-0.039474936934847,-0.1956,0,0
4512,-0.039474935635235,-0.1952,0,0
4513,-0.039474934335623,-0.1948,0,0
4514,-0.039474933036011,-0.1944,0,0
4515,-0.039474931736399,-0.194,0,0
4516,-0.039474930436788,-0.1936,0,0
4517,-0.039474929137176,-0.1932,0,0
4518,-0.039474927837564,-0.1928,0,0
4519,-0.039474926537952,-0.1924,0,0
4520,-0.03947492523834,-0.192,0,0
4521,-0.039474923938728,-0.1916,0,0
4522,-0.039474922639116,-0.1912,0,0
4523,-0.039474921339505,-0.1908,0,0
4524,-0.039474920039893,-0.1904,0,0
4525,-0.039474918740281,-0.19,0,0
4526,-0.039474917440669,-0.1896,0,0
4527,-0.039474916141057,-0.1892,0,0
4528,-0.039474914841445,-0.1888,0,0
4529,-0.039474913541833,-0.1884,0,0
4530,-0.039474912242222,-0.188,0,0
4531,-0.03947491094261,-0.1876,0,0
4532,-0.039474909642998,-0.1872,0,0
4533,-0.039474908343386,-0.1868,0,0
4534,-0.039474907043774,-0.1864,0,0
4535,-0.039474905744162,-0.186,0,0
4536,-0.03947490444455,-0.1856,0,0
4537,-0.039474903144939,-0.1852,0,0
4538,-0.039474901845327,-0.1848,0,0
4539,-0.039474900545715,-0.1844,0,0
4540,-0.039474899246103,-0.184,0,0
4541,-0.039474897946491,-0.1836,0,0
4542,-0.039474896646879,-0.1832,0,0
4543,-0.039474895347267,-0.1828,0,0
4544,-0.039474894047656,-0.1824,0,0
4545,-0.039474892748044,-0.182,0,0
4546,-0.039474891448432,-0.1816,0,0
4547,-0.03947489014882,-0.1812,0,0
4548,-0.039474888849208,-0.1808,0,0
4549,-0.039474887549596,-0.1804,0,0
4550,-0.039474886249984,-0.18,0,0
4551,-0.039474884950373,-0.1796,0,0
4552,-0.039474883650761,-0.1792,0,0
4553,-0.039474882351149,-0.1788,0,0
4554,-0.039474881051537,-0.1784,0,0
4555,-0.039474879751925,-0.178,0,0
4556,-0.039474878452313,-0.1776,0,0
4557,-0.039474877152701,-0.1772,0,0
4558,-0.03947487585309,-0.1768,0,0
4559,-0.039474874553478,-0.1764,0,0
4560,-0.039474873253866,-0.176,0,0
4561,-0.039474871954254,-0.1756,0,0
4562,-0.039474870654642,-0.1752,0,0
4563,-0.03947486935503,-0.1748,0,0
4564,-0.039474868055418,-0.1744,0,0
4565,-0.039474866755807,-0.174,0,0
4566,-0.039474865456195,-0.1736,0,0
4567,-0.039474864156583,-0.1732,0,0
4568,-0.039474862856971,-0.1728,0,0
4569,-0.039474861557359,-0.1724,0,0
4570,-0.039474860257747,-0.172,0,0
4571,-0.039474858958135,-0.1716,0,0
4572,-0.039474857658524,-0.1712,0,0
4573,-0.039474856358912,-0.1708,0,0
4574,-0.0394748550593,-0.1704,0,0
4575,-0.039474853759688,-0.17,0,0
4576,-0.039474852460076,-0.1696,0,0
4577,-0.039474851160464,-0.1692,0,0
4578,-0.039474849860852,-0.1688,0,0
4579,-0.039474848561241,-0.1684,0,0
4580,-0.039474847261629,-0.168,0,0
4581,-0.039474845962017,-0.1676,0,0
4582,-0.039474844662405,-0.1672,0,0
4583,-0.039474843362793,-0.1668,0,0
4584,-0.039474842063181,-0.1664,0,0
4585,-0.039474840763569,-0.166,0,0
4586,-0.039474839463958,-0.1656,0,0
4587,-0.039474838164346,-0.1652,0,0
4588,-0.039474836864734,-0.1648,0,0
4589,-0.039474835565122,-0.1644,0,0
4590,-0.03947483426551,-0.164,0,0
4591,-0.039474832965898,-0.1636,0,0
4592,-0.039474831666286,-0.1632,0,0
4593,-0.039474830366675,-0.1628,0,0
4594,-0.039474829067063,-0.1624,0,0
4595,-0.039474827767451,-0.162,0,0
4596,-0.039474826467839,-0.1616,0,0
4597,-0.039474825168227,-0.1612,0,0
4598,-0.039474823868615,-0.1608,0,0
4599,-0.039474822569003,-0.1604,0,0
4600,-0.039474821269392,-0.16,0,0
4601,-0.03947481996978,-0.1596,0,0
4602,-0.039474818670168,-0.1592,0,0
4603,-0.039474817370556,-0.1588,0,0
4604,-0.039474816070944,-0.1584,0,0
4605,-0.039474814771332,-0.158,0,0
4606,-0.03947481347172,-0.1576,0,0
4607,-0.039474812172109,-0.1572,0,0
4608,-0.039474810872497,-0.1568,0,0
4609,-0.039474809572885,-0.1564,0,0
4610,-0.039474808273273,-0.156,0,0
4611,-0.039474806973661,-0.1556,0,0
4612,-0.039474805674049,-0.1552,0,0
4613,-0.039474804374437,-0.1548,0,0
4614,-0.039474803074826,-0.1544,0,0
4615,-0.039474801775214,-0.154,0,0
4616,-0.039474800475602,-0.1536,0,0
4617,-0.03947479917599,-0.1532,0,0
4618,-0.039474797876378,-0.1528,0,0
4619,-0.039474796576766,-0.1524,0,0
4620,-0.039474795277154,-0.152,0,0
4621,-0.039474793977543,-0.1516,0,0
4622,-0.039474792677931,-0.1512,0,0
4623,-0.039474791378319,-0.1508,0,0
4624,-0.039474790078707,-0.1504,0,0
4625,-0.039474788779095,-0.15,0,0
4626,-0.039474787479483,-0.1496,0,0
4627,-0.039474786179871,-0.1492,0,0
4628,-0.03947478488026,-0.1488,0,0
4629,-0.039474783580648,-0.1484,0,0
4630,-0.039474782281036,-0.148,0,0
4631,-0.039474780981424,-0.1476,0,0
4632,-0.039474779681812,-0.1472,0,0
4633,-0.0394747783822,-0.1468,0,0
4634,-0.039474777082588,-0.1464,0,0
4635,-0.039474775782977,-0.146,0,0
4636,-0.039474774483365,-0.1456,0,0
4637,-0.039474773183753,-0.1452,0,0
4638,-0.039474771884141,-0.1448,0,0
4639,-0.039474770584529,-0.1444,0,0
4640,-0.039474769284917,-0.144,0,0
4641,-0.039474767985305,-0.1436,0,0
4642,-0.039474766685694,-0.1432,0,0
4643,-0.039474765386082,-0.1428,0,0
4644,-0.03947476408647,-0.1424,0,0
4645,-0.039474762786858,-0.142,0,0
4646,-0.039474761487246,-0.1416,0,0
4647,-0.039474760187634,-0.1412,0,0
4648,-0.039474758888022,-0.1408,0,0
4649,-0.039474757588411,-0.1404,0,0
4650,-0.039474756288799,-0.14,0,0
4651,-0.039474754989187,-0.1396,0,0
4652,-0.039474753689575,-0.1392,0,0
4653,-0.039474752389963,-0.1388,0,0
4654,-0.039474751090351,-0.1384,0,0
4655,-0.039474749790739,-0.138,0,0
4656,-0.039474748491128,-0.1376,0,0
4657,-0.039474747191516,-0.1372,0,0
4658,-0.039474745891904,-0.1368,0,0
4659,-0.039474744592292,-0.1364,0,0
4660,-0.03947474329268,-0.136,0,0
4661,-0.039474741993068,-0.1356,0,0
4662,-0.039474740693456,-0.1352,0,0
4663,-0.039474739393845,-0.1348,0,0
4664,-0.039474738094233,-0.1344,0,0
4665,-0.039474736794621,-0.134,0,0
4666,-0.039474735495009,-0.1336,0,0
4667,-0.039474734195397,-0.1332,0,0
4668,-0.039474732895785,-0.1328,0,0
4669,-0.039474731596173,-0.1324,0,0
4670,-0.039474730296562,-0.132,0,0
4671,-0.03947472899695,-0.1316,0,0
4672,-0.039474727697338,-0.1312,0,0
4673,-0.039474726397726,-0.1308,0,0
4674,-0.039474725098114,-0.1304,0,0
4675,-0.039474723798502,-0.13,0,0
4676,-0.03947472249889,-0.1296,0,0
4677,-0.039474721199279,-0.1292,0,0
4678,-0.039474719899667,-0.1288,0,0
4679,-0.039474718600055,-0.1284,0,0
4680,-0.039474717300443,-0.128,0,0
4681,-0.039474716000831,-0.1276,0,0
4682,-0.039474714701219,-0.1272,0,0
4683,-0.039474713401607,-0.1268,0,0
4684,-0.039474712101996,-0.1264,0,0
4685,-0.039474710802384,-0.126,0,0
4686,-0.039474709502772,-0.1256,0,0
4687,-0.03947470820316,-0.1252,0,0
4688,-0.039474706903548,-0.1248,0,0
4689,-0.039474705603936,-0.1244,0,0
4690,-0.039474704304324,-0.124,0,0
4691,-0.039474703004713,-0.1236,0,0
4692,-0.039474701705101,-0.1232,0,0
4693,-0.039474700405489,-0.1228,0,0
4694,-0.039474699105877,-0.1224,0,0
4695,-0.039474697806265,-0.122,0,0
4696,-0.039474696506653,-0.1216,0,0
4697,-0.039474695207041,-0.1212,0,0
4698,-0.03947469390743,-0.1208,0,0
4699,-0.039474692607818,-0.1204,0,0
4700,-0.039474691308206,-0.12,0,0
4701,-0.039474690008594,-0.1196,0,0
4702,-0.039474688708982,-0.1192,0,0
4703,-0.03947468740937,-0.1188,0,0
4704,-0.039474686109758,-0.1184,0,0
4705,-0.039474684810147,-0.118,0,0
4706,-0.039474683510535,-0.1176,0,0
4707,-0.039474682210923,-0.1172,0,0
4708,-0.039474680911311,-0.1168,0,0
4709,-0.039474679611699,-0.1164,0,0
4710,-0.039474678312087,-0.116,0,0
4711,-0.039474677012475,-0.1156,0,0
4712,-0.039474675712864,-0.1152,0,0
4713,-0.039474674413252,-0.1148,0,0
4714,-0.03947467311364,-0.1144,0,0
4715,-0.039474671814028,-0.114,0,0
4716,-0.039474670514416,-0.1136,0,0
4717,-0.039474669214804,-0.1132,0,0
4718,-0.039474667915192,-0.1128,0,0
4719,-0.039474666615581,-0.1124,0,0
4720,-0.039474665315969,-0.112,0,0
4721,-0.039474664016357,-0.1116,0,0
4722,-0.039474662716745,-0.1112,0,0
4723,-0.039474661417133,-0.1108,0,0
4724,-0.039474660117521,-0.1104,0,0
4725,-0.039474658817909,-0.11,0,0
4726,-0.039474657518298,-0.1096,0,0
4727,-0.039474656218686,-0.1092,0,0
4728,-0.039474654919074,-0.1088,0,0
4729,-0.039474653619462,-0.1084,0,0
4730,-0.03947465231985,-0.108,0,0
4731,-0.039474651020238,-0.1076,0,0
4732,-0.039474649720626,-0.1072,0,0
4733,-0.039474648421015,-0.1068,0,0
4734,-0.039474647121403,-0.1064,0,0
4735,-0.039474645821791,-0.106,0,0
4736,-0.039474644522179,-0.1056,0,0
4737,-0.039474643222567,-0.1052,0,0
4738,-0.039474641922955,-0.1048,0,0
4739,-0.039474640623343,-0.1044,0,0
4740,-0.039474639323732,-0.104,0,0
4741,-0.03947463802412,-0.1036,0,0
4742,-0.039474636724508,-0.1032,0,0
4743,-0.039474635424896,-0.1028,0,0
4744,-0.039474634125284,-0.1024,0,0
4745,-0.039474632825672,-0.102,0,0
4746,-0.03947463152606,-0.1016,0,0
4747,-0.039474630226449,-0.1012,0,0
4748,-0.039474628926837,-0.1008,0,0
4749,-0.039474627627225,-0.1004,0,0
4750,-0.039474626327613,-0.1,0,0
4751,-0.039474625028001,-0.0996,0,0
4752,-0.039474623728389,-0.0992,0,0
4753,-0.039474622428777,-0.0988,0,0
4754,-0.039474621129166,-0.0984,0,0
4755,-0.039474619829554,-0.098,0,0
4756,-0.039474618529942,-0.0976,0,0
4757,-0.03947461723033,-0.0972,0,0
4758,-0.039474615930718,-0.0968,0,0
4759,-0.039474614631106,-0.0964,0,0
4760,-0.039474613331494,-0.096,0,0
4761,-0.039474612031883,-0.0956,0,0
4762,-0.039474610732271,-0.0952,0,0
4763,-0.039474609432659,-0.0948,0,0
4764,-0.039474608133047,-0.0944,0,0
4765,-0.039474606833435,-0.094,0,0
4766,-0.039474605533823,-0.0936,0,0
4767,-0.039474604234211,-0.0932,0,0
4768,-0.0394746029346,-0.0928,0,0
4769,-0.039474601634988,-0.0924,0,0
4770,-0.039474600335376,-0.092,0,0
4771,-0.039474599035764,-0.0916,0,0
4772,-0.039474597736152,-0.0912,0,0
4773,-0.03947459643654,-0.0908,0,0
4774,-0.039474595136928,-0.0904,0,0
4775,-0.039474593837317,-0.09,0,0
4776,-0.039474592537705,-0.0896,0,0
4777,-0.039474591238093,-0.0892,0,0
4778,-0.039474589938481,-0.0888,0,0
4779,-0.039474588638869,-0.0884,0,0
4780,-0.039474587339257,-0.088,0,0
4781,-0.039474586039645,-0.0876,0,0
4782,-0.039474584740034,-0.0872,0,0
4783,-0.039474583440422,-0.0868,0,0
4784,-0.03947458214081,-0.0864,0,0
4785,-0.039474580841198,-0.086,0,0
4786,-0.039474579541586,-0.0856,0,0
4787,-0.039474578241974,-0.0852,0,0
4788,-0.039474576942362,-0.0848,0,0
4789,-0.039474575642751,-0.0844,0,0
4790,-0.039474574343139,-0.084,0,0
4791,-0.039474573043527,-0.0836,0,0
4792,-0.039474571743915,-0.0832,0,0
4793,-0.039474570444303,-0.0828,0,0
4794,-0.039474569144691,-0.0824,0,0
4795,-0.039474567845079,-0.082,0,0
4796,-0.039474566545468,-0.0816,0,0
4797,-0.039474565245856,-0.0812,0,0
4798,-0.039474563946244,-0.0808,0,0
4799,-0.039474562646632,-0.0804,0,0
4800,-0.03947456134702,-0.08,0,0
4801,-0.039474560047408,-0.0796,0,0
4802,-0.039474558747796,-0.0792,0,0
4803,-0.039474557448185,-0.0788,0,0
4804,-0.039474556148573,-0.0784,0,0
4805,-0.039474554848961,-0.078,0,0
4806,-0.039474553549349,-0.0776,0,0
4807,-0.039474552249737,-0.0772,0,0
4808,-0.039474550950125,-0.0768,0,0
4809,-0.039474549650513,-0.0764,0,0
4810,-0.039474548350902,-0.076,0,0
4811,-0.03947454705129,-0.0756,0,0
4812,-0.039474545751678,-0.0752,0,0
4813,-0.039474544452066,-0.0748,0,0
4814,-0.039474543152454,-0.0744,0,0
4815,-0.039474541852842,-0.074,0,0
4816,-0.03947454055323,-0.0736,0,0
4817,-0.039474539253619,-0.0732,0,0
4818,-0.039474537954007,-0.0728,0,0
4819,-0.039474536654395,-0.0724,0,0
4820,-0.039474535354783,-0.072,0,0
4821,-0.039474534055171,-0.0716,0,0
4822,-0.039474532755559,-0.0712,0,0
4823,-0.039474531455947,-0.0708,0,0
4824,-0.039474530156336,-0.0704,0,0
4825,-0.039474528856724,-0.07,0,0
4826,-0.039474527557112,-0.0696,0,0
4827,-0.0394745262575,-0.0692,0,0
4828,-0.039474524957888,-0.0688,0,0
4829,-0.039474523658276,-0.0684,0,0
4830,-0.039474522358664,-0.068,0,0
4831,-0.039474521059053,-0.0676,0,0
4832,-0.039474519759441,-0.0672,0,0
4833,-0.039474518459829,-0.0668,0,0
4834,-0.039474517160217,-0.0664,0,0
4835,-0.039474515860605,-0.066,0,0
4836,-0.039474514560993,-0.0656,0,0
4837,-0.039474513261381,-0.0652,0,0
4838,-0.03947451196177,-0.0648,0,0
4839,-0.039474510662158,-0.0644,0,0
4840,-0.039474509362546,-0.064,0,0
4841,-0.039474508062934,-0.0636,0,0
4842,-0.039474506763322,-0.0632,0,0
4843,-0.03947450546371,-0.0628,0,0
4844,-0.039474504164098,-0.0624,0,0
4845,-0.039474502864487,-0.062,0,0
4846,-0.039474501564875,-0.0616,0,0
4847,-0.039474500265263,-0.0612,0,0
4848,-0.039474498965651,-0.0608,0,0
4849,-0.039474497666039,-0.0604,0,0
4850,-0.039474496366427,-0.06,0,0
4851,-0.039474495066815,-0.0596,0,0
4852,-0.039474493767204,-0.0592,0,0
4853,-0.039474492467592,-0.0588,0,0
4854,-0.03947449116798,-0.0584,0,0
4855,-0.039474489868368,-0.058,0,0
4856,-0.039474488568756,-0.0576,0,0
4857,-0.039474487269144,-0.0572,0,0
4858,-0.039474485969532,-0.0568,0,0
4859,-0.039474484669921,-0.0564,0,0
4860,-0.039474483370309,-0.056,0,0
4861,-0.039474482070697,-0.0556,0,0
4862,-0.039474480771085,-0.0552,0,0
4863,-0.039474479471473,-0.0548,0,0
4864,-0.039474478171861,-0.0544,0,0
4865,-0.039474476872249,-0.054,0,0
4866,-0.039474475572638,-0.0536,0,0
4867,-0.039474474273026,-0.0532,0,0
4868,-0.039474472973414,-0.0528,0,0
4869,-0.039474471673802,-0.0524,0,0
4870,-0.03947447037419,-0.052,0,0
4871,-0.039474469074578,-0.0516,0,0
4872,-0.039474467774966,-0.0512,0,0
4873,-0.039474466475355,-0.0508,0,0
4874,-0.039474465175743,-0.0504,0,0
4875,-0.039474463876131,-0.05,0,0
4876,-0.039474462576519,-0.0496,0,0
4877,-0.039474461276907,-0.0492,0,0
4878,-0.039474459977295,-0.0488,0,0
4879,-0.039474458677683,-0.0484,0,0
4880,-0.039474457378072,-0.048,0,0
4881,-0.03947445607846,-0.0476,0,0
4882,-0.039474454778848,-0.0472,0,0
4883,-0.039474453479236,-0.0468,0,0
4884,-0.039474452179624,-0.0464,0,0
4885,-0.039474450880012,-0.046,0,0
4886,-0.0394744495804,-0.0456,0,0
4887,-0.039474448280789,-0.0452,0,0
4888,-0.039474446981177,-0.0448,0,0
4889,-0.039474445681565,-0.0444,0,0
4890,-0.039474444381953,-0.044,0,0
4891,-0.039474443082341,-0.0436,0,0
4892,-0.039474441782729,-0.0432,0,0
4893,-0.039474440483117,-0.0428,0,0
4894,-0.039474439183506,-0.0424,0,0
4895,-0.039474437883894,-0.042,0,0
4896,-0.039474436584282,-0.0416,0,0
4897,-0.03947443528467,-0.0412,0,0
4898,-0.039474433985058,-0.0408,0,0
4899,-0.039474432685446,-0.0404,0,0
4900,-0.039474431385834,-0.04,0,0
4901,-0.039474430086223,-0.0396,0,0
4902,-0.039474428786611,-0.0392,0,0
4903,-0.039474427486999,-0.0388,0,0
4904,-0.039474426187387,-0.0384,0,0
4905,-0.039474424887775,-0.038,0,0
4906,-0.039474423588163,-0.0376,0,0
4907,-0.039474422288551,-0.0372,0,0
4908,-0.03947442098894,-0.0368,0,0
4909,-0.039474419689328,-0.0364,0,0
4910,-0.039474418389716,-0.036,0,0
4911,-0.039474417090104,-0.0356,0,0
4912,-0.039474415790492,-0.0352,0,0
4913,-0.03947441449088,-0.0348,0,0
4914,-0.039474413191268,-0.0344,0,0
4915,-0.039474411891657,-0.034,0,0
4916,-0.039474410592045,-0.0336,0,0
4917,-0.039474409292433,-0.0332,0,0
4918,-0.039474407992821,-0.0328,0,0
4919,-0.039474406693209,-0.0324,0,0
4920,-0.039474405393597,-0.032,0,0
4921,-0.039474404093985,-0.0316,0,0
4922,-0.039474402794374,-0.0312,0,0
4923,-0.039474401494762,-0.0308,0,0
4924,-0.03947440019515,-0.0304,0,0
4925,-0.039474398895538,-0.03,0,0
4926,-0.039474397595926,-0.0296,0,0
4927,-0.039474396296314,-0.0292,0,0
4928,-0.039474394996702,-0.0288,0,0
4929,-0.039474393697091,-0.0284,0,0
4930,-0.039474392397479,-0.028,0,0
4931,-0.039474391097867,-0.0276,0,0
4932,-0.039474389798255,-0.0272,0,0
4933,-0.039474388498643,-0.0268,0,0
4934,-0.039474387199031,-0.0264,0,0
4935,-0.039474385899419,-0.026,0,0
4936,-0.039474384599808,-0.0256,0,0
4937,-0.039474383300196,-0.0252,0,0
4938,-0.039474382000584,-0.0248,0,0
4939,-0.039474380700972,-0.0244,0,0
4940,-0.03947437940136,-0.024,0,0
4941,-0.039474378101748,-0.0236,0,0
4942,-0.039474376802136,-0.0232,0,0
4943,-0.039474375502525,-0.0228,0,0
4944,-0.039474374202913,-0.0224,0,0
4945,-0.039474372903301,-0.022,0,0
4946,-0.039474371603689,-0.0216,0,0
4947,-0.039474370304077,-0.0212,0,0
4948,-0.039474369004465,-0.0208,0,0
4949,-0.039474367704853,-0.0204,0,0
4950,-0.039474366405242,-0.02,0,0
4951,-0.03947436510563,-0.0196,0,0
4952,-0.039474363806018,-0.0192,0,0
4953,-0.039474362506406,-0.0188,0,0
4954,-0.039474361206794,-0.0184,0,0
4955,-0.039474359907182,-0.018,0,0
4956,-0.03947435860757,-0.0176,0,0
4957,-0.039474357307959,-0.0172,0,0
4958,-0.039474356008347,-0.0168,0,0
4959,-0.039474354708735,-0.0164,0,0
4960,-0.039474353409123,-0.016,0,0
4961,-0.039474352109511,-0.0156,0,0
4962,-0.039474350809899,-0.0152,0,0
4963,-0.039474349510287,-0.0148,0,0
4964,-0.039474348210676,-0.0144,0,0
4965,-0.039474346911064,-0.014,0,0
4966,-0.039474345611452,-0.0136,0,0
4967,-0.03947434431184,-0.0132,0,0
4968,-0.039474343012228,-0.0128,0,0
4969,-0.039474341712616,-0.0124,0,0
4970,-0.039474340413004,-0.012,0,0
4971,-0.039474339113393,-0.0116,0,0
4972,-0.039474337813781,-0.0112,0,0
4973,-0.039474336514169,-0.0108,0,0
4974,-0.039474335214557,-0.0104,0,0
4975,-0.039474333914945,-0.01,0,0
4976,-0.039474332615333,-0.0096000000000001,0,0
4977,-0.039474331315722,-0.0092000000000001,0,0
4978,-0.03947433001611,-0.0087999999999999,0,0
4979,-0.039474328716498,-0.0084,0,0
4980,-0.039474327416886,-0.008,0,0
4981,-0.039474326117275,-0.0076000000000001,0,0
4982,-0.039474324817661,-0.0072000000000001,0,0
4983,-0.039474323518056,-0.0067999999999999,0,0
4984,-0.039474322218419,-0.0064,0,0
4985,-0.0394743209189,-0.006,0,0
4986,-0.039474319618937,-0.0056,0,0
4987,-0.039474318320653,-0.0052000000000001,0,0
4988,-0.039474317016029,-0.0047999999999999,0,0
4989,-0.039474315735341,-0.0044,0,0
4990,-0.039474314364276,-0.004,0,0
4991,-0.039474313334457,-0.0036,0,0
4992,-0.039474311016161,-0.0032000000000001,0,0
4993,-0.039474313562892,-0.0027999999999999,0,0
4994,-0.039474297740273,-0.0024,0,0
4995,-0.039474351276586,-0.002,0,0
4996,-0.039474142927687,-0.0016,0,0
4997,-0.039474923404309,-0.0012000000000001,0,0
4998,-0.039471970279816,-0.00079999999999991,0,0
4999,-0.039483114516618,-0.00039999999999996,0,0
15005,-0.039424369387719,-0.00019999999999998,0,0
15011,-0.039799924502742,-9.9999999999989e-05,0,0
15017,-0.035842444648317,-4.9999999999994e-05,0,0
15021,0.0045952238972205,-2.4999999999997e-05,0,0
15028,0.084235597468543,-1.2499999999999e-05,0,0
5000,0.30726231824098,0,0,0
10000,2.1458028795904,1,0,0
15024,2.1624440209364,1.0000125,0,0
15019,2.1688776608474,1.000025,0,0
15015,2.1722433906023,1.00005,0,0
15007,2.172585705912,1.0001,0,0
15002,2.1725533282652,1.0002,0,0
10001,2.1725583944469,1.0004,0,0
10002,2.1725574346932,1.0008,0,0
10003,2.1725576905228,1.0012,0,0
10004,2.1725576244115,1.0016,0,0
10005,2.1725576435645,1.002,0,0
10006,2.1725576401358,1.0024,0,0
10007,2.1725576426877,1.0028,0,0
10008,2.1725576436556,1.0032,0,0
10009,2.1725576450431,1.0036,0,0
10010,2.1725576463194,1.004,0,0
10011,2.1725576476252,1.0044,0,0
10012,2.1725576489232,1.0048,0,0
10013,2.1725576502233,1.0052,0,0
10014,2.1725576515228,1.0056,0,0
10015,2.1725576528224,1.006,0,0
10016,2.172557654122,1.0064,0,0
10017,2.1725576554216,1.0068,0,0
10018,2.1725576567213,1.0072,0,0
10019,2.1725576580209,1.0076,0,0
10020,2.1725576593205,1.008,0,0
10021,2.1725576606201,1.0084,0,0
10022,2.1725576619197,1.0088,0,0
10023,2.1725576632193,1.0092,0,0
10024,2.172557664519,1.0096,0,0
10025,2.1725576658186,1.01,0,0
10026,2.1725576671182,1.0104,0,0
10027,2.1725576684178,1.0108,0,0
10028,2.1725576697174,1.0112,0,0
10029,2.172557671017,1.0116,0,0
10030,2.1725576723167,1.012,0,0
10031,2.1725576736163,1.0124,0,0
10032,2.1725576749159,1.0128,0,0
10033,2.1725576762155,1.0132,0,0
10034,2.1725576775151,1.0136,0,0
10035,2.1725576788147,1.014,0,0
10036,2.1725576801144,1.0144,0,0
10037,2.172557681414,1.0148,0,0
10038,2.1725576827136,1.0152,0,0
10039,2.1725576840132,1.0156,0,0
10040,2.1725576853128,1.016,0,0
10041,2.1725576866124,1.0164,0,0
10042,2.1725576879121,1.0168,0,0
10043,2.1725576892117,1.0172,0,0
10044,2.1725576905113,1.0176,0,0
10045,2.1725576918109,1.018,0,0
10046,2.1725576931105,1.0184,0,0
10047,2.1725576944101,1.0188,0,0
10048,2.1725576957098,1.0192,0,0
10049,2.1725576970094,1.0196,0,0
10050,2.172557698309,1.02,0,0
10051,2.1725576996086,1.0204,0,0
10052,2.1725577009082,1.0208,0,0
10053,2.1725577022078,1.0212,0,0
10054,2.1725577035075,1.0216,0,0
10055,2.1725577048071,1.022,0,0
10056,2.1725577061067,1.0224,0,0
10057,2.1725577074063,1.0228,0,0
10058,2.1725577087059,1.0232,0,0
10059,2.1725577100055,1.0236,0,0
10060,2.1725577113052,1.024,0,0
10061,2.1725577126048,1.0244,0,0
10062,2.1725577139044,1.0248,0,0
10063,2.172557715204,1.0252,0,0
10064,2.1725577165036,1.0256,0,0
10065,2.1725577178032,1.026,0,0
10066,2.1725577191029,1.0264,0,0
10067,2.1725577204025,1.0268,0,0
10068,2.1725577217021,1.0272,0,0
10069,2.1725577230017,1.0276,0,0
10070,2.1725577243013,1.028,0,0
10071,2.1725577256009,1.0284,0,0
10072,2.1725577269006,1.0288,0,0
10073,2.1725577282002,1.0292,0,0
10074,2.1725577294998,1.0296,0,0
10075,2.1725577307994,1.03,0,0
10076,2.172557732099,1.0304,0,0
10077,2.1725577333986,1.0308,0,0
10078,2.1725577346983,1.0312,0,0
10079,2.1725577359979,1.0316,0,0
10080,2.1725577372975,1.032,0,0
10081,2.1725577385971,1.0324,0,0
10082,2.1725577398967,1.0328,0,0
10083,2.1725577411963,1.0332,0,0
10084,2.172557742496,1.0336,0,0
10085,2.1725577437956,1.034,0,0
10086,2.1725577450952,1.0344,0,0
10087,2.1725577463948,1.0348,0,0
10088,2.1725577476944,1.0352,0,0
10089,2.172557748994,1.0356,0,0
10090,2.1725577502937,1.036,0,0
10091,2.1725577515933,1.0364,0,0
10092,2.1725577528929,1.0368,0,0
10093,2.1725577541925,1.0372,0,0
10094,2.1725577554921,1.0376,0,0
10095,2.1725577567917,1.038,0,0
10096,2.1725577580914,1.0384,0,0
10097,2.172557759391,1.0388,0,0
10098,2.1725577606906,1.0392,0,0
10099,2.1725577619902,1.0396,0,0
10100,2.1725577632898,1.04,0,0
10101,2.1725577645894,1.0404,0,0
10102,2.1725577658891,1.0408,0,0
10103,2.1725577671887,1.0412,0,0
10104,2.1725577684883,1.0416,0,0
10105,2.1725577697879,1.042,0,0
10106,2.1725577710875,1.0424,0,0
10107,2.1725577723872,1.0428,0,0
10108,2.1725577736868,1.0432,0,0
10109,2.1725577749864,1.0436,0,0
10110,2.172557776286,1.044,0,0
10111,2.1725577775856,1.0444,0,0
10112,2.1725577788852,1.0448,0,0
10113,2.1725577801849,1.0452,0,0
10114,2.1725577814845,1.0456,0,0
10115,2.1725577827841,1.046,0,0
10116,2.1725577840837,1.0464,0,0
10117,2.1725577853833,1.0468,0,0
10118,2.1725577866829,1.0472,0,0
10119,2.1725577879826,1.0476,0,0
10120,2.1725577892822,1.048,0,0
10121,2.1725577905818,1.0484,0,0
10122,2.1725577918814,1.0488,0,0
10123,2.172557793181,1.0492,0,0
10124,2.1725577944806,1.0496,0,0
10125,2.1725577957803,1.05,0,0
10126,2.1725577970799,1.0504,0,0
10127,2.1725577983795,1.0508,0,0
10128,2.1725577996791,1.0512,0,0
10129,2.1725578009787,1.0516,0,0
10130,2.1725578022783,1.052,0,0
10131,2.172557803578,1.0524,0,0
10132,2.1725578048776,1.0528,0,0
10133,2.1725578061772,1.0532,0,0
10134,2.1725578074768,1.0536,0,0
10135,2.1725578087764,1.054,0,0
10136,2.172557810076,1.0544,0,0
10137,2.1725578113757,1.0548,0,0
10138,2.1725578126753,1.0552,0,0
10139,2.1725578139749,1.0556,0,0
10140,2.1725578152745,1.056,0,0
10141,2.1725578165741,1.0564,0,0
10142,2.1725578178737,1.0568,0,0
10143,2.1725578191734,1.0572,0,0
10144,2.172557820473,1.0576,0,0
10145,2.1725578217726,1.058,0,0
10146,2.1725578230722,1.0584,0,0
10147,2.1725578243718,1.0588,0,0
10148,2.1725578256714,1.0592,0,0
10149,2.1725578269711,1.0596,0,0
10150,2.1725578282707,1.06,0,0
10151,2.1725578295703,1.0604,0,0
10152,2.1725578308699,1.0608,0,0
10153,2.1725578321695,1.0612,0,0
10154,2.1725578334691,1.0616,0,0
10155,2.1725578347688,1.062,0,0
10156,2.1725578360684,1.0624,0,0
10157,2.172557837368,1.0628,0,0
10158,2.1725578386676,1.0632,0,0
10159,2.1725578399672,1.0636,0,0
10160,2.1725578412668,1.064,0,0
10161,2.1725578425665,1.0644,0,0
10162,2.1725578438661,1.0648,0,0
10163,2.1725578451657,1.0652,0,0
10164,2.1725578464653,1.0656,0,0
10165,2.1725578477649,1.066,0,0
10166,2.1725578490645,1.0664,0,0
10167,2.1725578503642,1.0668,0,0
10168,2.1725578516638,1.0672,0,0
10169,2.1725578529634,1.0676,0,0
10170,2.172557854263,1.068,0,0
10171,2.1725578555626,1.0684,0,0
10172,2.1725578568622,1.0688,0,0
10173,2.1725578581619,1.0692,0,0
10174,2.1725578594615,1.0696,0,0
10175,2.1725578607611,1.07,0,0
10176,2.1725578620607,1.0704,0,0
10177,2.1725578633603,1.0708,0,0
10178,2.1725578646599,1.0712,0,0
10179,2.1725578659596,1.0716,0,0
10180,2.1725578672592,1.072,0,0
10181,2.1725578685588,1.0724,0,0
10182,2.1725578698584,1.0728,0,0
10183,2.172557871158,1.0732,0,0
10184,2.1725578724576,1.0736,0,0
10185,2.1725578737573,1.074,0,0
10186,2.1725578750569,1.0744,0,0
10187,2.1725578763565,1.0748,0,0
10188,2.1725578776561,1.0752,0,0
10189,2.1725578789557,1.0756,0,0
10190,2.1725578802553,1.076,0,0
10191,2.172557881555,1.0764,0,0
10192,2.1725578828546,1.0768,0,0
10193,2.1725578841542,1.0772,0,0
10194,2.1725578854538,1.0776,0,0
10195,2.1725578867534,1.078,0,0
10196,2.1725578880531,1.0784,0,0
10197,2.1725578893527,1.0788,0,0
10198,2.1725578906523,1.0792,0,0
10199,2.1725578919519,1.0796,0,0
10200,2.1725578932515,1.08,0,0
10201,2.1725578945511,1.0804,0,0
10202,2.1725578958508,1.0808,0,0
10203,2.1725578971504,1.0812,0,0
10204,2.17255789845,1.0816,0,0
10205,2.1725578997496,1.082,0,0
10206,2.1725579010492,1.0824,0,0
10207,2.1725579023488,1.0828,0,0
10208,2.1725579036485,1.0832,0,0
10209,2.1725579049481,1.0836,0,0
10210,2.1725579062477,1.084,0,0
10211,2.1725579075473,1.0844,0,0
10212,2.1725579088469,1.0848,0,0
10213,2.1725579101465,1.0852,0,0
10214,2.1725579114462,1.0856,0,0
10215,2.1725579127458,1.086,0,0
10216,2.1725579140454,1.0864,0,0
10217,2.172557915345,1.0868,0,0
10218,2.1725579166446,1.0872,0,0
10219,2.1725579179442,1.0876,0,0
10220,2.1725579192439,1.088,0,0
10221,2.1725579205435,1.0884,0,0
10222,2.1725579218431,1.0888,0,0
10223,2.1725579231427,1.0892,0,0
10224,2.1725579244423,1.0896,0,0
10225,2.1725579257419,1.09,0,0
10226,2.1725579270416,1.0904,0,0
10227,2.1725579283412,1.0908,0,0
10228,2.1725579296408,1.0912,0,0
10229,2.1725579309404,1.0916,0,0
10230,2.17255793224,1.092,0,0
10231,2.1725579335396,1.0924,0,0
10232,2.1725579348393,1.0928,0,0
10233,2.1725579361389,1.0932,0,0
10234,2.1725579374385,1.0936,0,0
10235,2.1725579387381,1.094,0,0
10236,2.1725579400377,1.0944,0,0
10237,2.1725579413373,1.0948,0,0
10238,2.172557942637,1.0952,0,0
10239,2.1725579439366,1.0956,0,0
10240,2.1725579452362,1.096,0,0
10241,2.1725579465358,1.0964,0,0
10242,2.1725579478354,1.0968,0,0
10243,2.172557949135,1.0972,0,0
10244,2.1725579504347,1.0976,0,0
10245,2.1725579517343,1.098,0,0
10246,2.1725579530339,1.0984,0,0
10247,2.1725579543335,1.0988,0,0
10248,2.1725579556331,1.0992,0,0
10249,2.1725579569327,1.0996,0,0
10250,2.1725579582324,1.1,0,0
10251,2.172557959532,1.1004,0,0
10252,2.1725579608316,1.1008,0,0
10253,2.1725579621312,1.1012,0,0
10254,2.1725579634308,1.1016,0,0
10255,2.1725579647304,1.102,0,0
10256,2.1725579660301,1.1024,0,0
10257,2.1725579673297,1.1028,0,0
10258,2.1725579686293,1.1032,0,0
10259,2.1725579699289,1.1036,0,0
10260,2.1725579712285,1.104,0,0
10261,2.1725579725281,1.1044,0,0
10262,2.1725579738278,1.1048,0,0
10263,2.1725579751274,1.1052,0,0
10264,2.172557976427,1.1056,0,0
10265,2.1725579777266,1.106,0,0
10266,2.1725579790262,1.1064,0,0
10267,2.1725579803258,1.1068,0,0
10268,2.1725579816255,1.1072,0,0
10269,2.1725579829251,1.1076,0,0
10270,2.1725579842247,1.108,0,0
10271,2.1725579855243,1.1084,0,0
10272,2.1725579868239,1.1088,0,0
10273,2.1725579881235,1.1092,0,0
10274,2.1725579894232,1.1096,0,0
10275,2.1725579907228,1.11,0,0
10276,2.1725579920224,1.1104,0,0
10277,2.172557993322,1.1108,0,0
10278,2.1725579946216,1.1112,0,0
10279,2.1725579959213,1.1116,0,0
10280,2.1725579972209,1.112,0,0
10281,2.1725579985205,1.1124,0,0
10282,2.1725579998201,1.1128,0,0
10283,2.1725580011197,1.1132,0,0
10284,2.1725580024193,1.1136,0,0
10285,2.172558003719,1.114,0,0
10286,2.1725580050186,1.1144,0,0
10287,2.1725580063182,1.1148,0,0
10288,2.1725580076178,1.1152,0,0
10289,2.1725580089174,1.1156,0,0
10290,2.172558010217,1.116,0,0
10291,2.1725580115167,1.1164,0,0
10292,2.1725580128163,1.1168,0,0
10293,2.1725580141159,1.1172,0,0
10294,2.1725580154155,1.1176,0,0
10295,2.1725580167151,1.118,0,0
10296,2.1725580180147,1.1184,0,0
10297,2.1725580193144,1.1188,0,0
10298,2.172558020614,1.1192,0,0
10299,2.1725580219136,1.1196,0,0
10300,2.1725580232132,1.12,0,0
10301,2.1725580245128,1.1204,0,0
10302,2.1725580258124,1.1208,0,0
10303,2.1725580271121,1.1212,0,0
10304,2.1725580284117,1.1216,0,0
10305,2.1725580297113,1.122,0,0
10306,2.1725580310109,1.1224,0,0
10307,2.1725580323105,1.1228,0,0
10308,2.1725580336101,1.1232,0,0
10309,2.1725580349098,1.1236,0,0
10310,2.1725580362094,1.124,0,0
10311,2.172558037509,1.1244,0,0
10312,2.1725580388086,1.1248,0,0
10313,2.1725580401082,1.1252,0,0
10314,2.1725580414078,1.1256,0,0
10315,2.1725580427075,1.126,0,0
10316,2.1725580440071,1.1264,0,0
10317,2.1725580453067,1.1268,0,0
10318,2.1725580466063,1.1272,0,0
10319,2.1725580479059,1.1276,0,0
10320,2.1725580492055,1.128,0,0
10321,2.1725580505052,1.1284,0,0
10322,2.1725580518048,1.1288,0,0
10323,2.1725580531044,1.1292,0,0
10324,2.172558054404,1.1296,0,0
10325,2.1725580557036,1.13,0,0
10326,2.1725580570032,1.1304,0,0
10327,2.1725580583029,1.1308,0,0
10328,2.1725580596025,1.1312,0,0
10329,2.1725580609021,1.1316,0,0
10330,2.1725580622017,1.132,0,0
10331,2.1725580635013,1.1324,0,0
10332,2.1725580648009,1.1328,0,0
10333,2.1725580661006,1.1332,0,0
10334,2.1725580674002,1.1336,0,0
10335,2.1725580686998,1.134,0,0
10336,2.1725580699994,1.1344,0,0
10337,2.172558071299,1.1348,0,0
10338,2.1725580725986,1.1352,0,0
10339,2.1725580738983,1.1356,0,0
10340,2.1725580751979,1.136,0,0
10341,2.1725580764975,1.1364,0,0
10342,2.1725580777971,1.1368,0,0
10343,2.1725580790967,1.1372,0,0
10344,2.1725580803963,1.1376,0,0
10345,2.172558081696,1.138,0,0
10346,2.1725580829956,1.1384,0,0
10347,2.1725580842952,1.1388,0,0
10348,2.1725580855948,1.1392,0,0
10349,2.1725580868944,1.1396,0,0
10350,2.172558088194,1.14,0,0
10351,2.1725580894937,1.1404,0,0
10352,2.1725580907933,1.1408,0,0
10353,2.1725580920929,1.1412,0,0
10354,2.1725580933925,1.1416,0,0
10355,2.1725580946921,1.142,0,0
10356,2.1725580959917,1.1424,0,0
10357,2.1725580972914,1.1428,0,0
10358,2.172558098591,1.1432,0,0
10359,2.1725580998906,1.1436,0,0
10360,2.1725581011902,1.144,0,0
10361,2.1725581024898,1.1444,0,0
10362,2.1725581037894,1.1448,0,0
10363,2.1725581050891,1.1452,0,0
10364,2.1725581063887,1.1456,0,0
10365,2.1725581076883,1.146,0,0
10366,2.1725581089879,1.1464,0,0
10367,2.1725581102875,1.1468,0,0
10368,2.1725581115872,1.1472,0,0
10369,2.1725581128868,1.1476,0,0
10370,2.1725581141864,1.148,0,0
10371,2.172558115486,1.1484,0,0
10372,2.1725581167856,1.1488,0,0
10373,2.1725581180852,1.1492,0,0
10374,2.1725581193849,1.1496,0,0
10375,2.1725581206845,1.15,0,0
10376,2.1725581219841,1.1504,0,0
10377,2.1725581232837,1.1508,0,0
10378,2.1725581245833,1.1512,0,0
10379,2.1725581258829,1.1516,0,0
10380,2.1725581271826,1.152,0,0
10381,2.1725581284822,1.1524,0,0
10382,2.1725581297818,1.1528,0,0
10383,2.1725581310814,1.1532,0,0
10384,2.172558132381,1.1536,0,0
10385,2.1725581336806,1.154,0,0
10386,2.1725581349803,1.1544,0,0
10387,2.1725581362799,1.1548,0,0
10388,2.1725581375795,1.1552,0,0
10389,2.1725581388791,1.1556,0,0
10390,2.1725581401787,1.156,0,0
10391,2.1725581414783,1.1564,0,0
10392,2.172558142778,1.1568,0,0
10393,2.1725581440776,1.1572,0,0
10394,2.1725581453772,1.1576,0,0
10395,2.1725581466768,1.158,0,0
10396,2.1725581479764,1.1584,0,0
10397,2.172558149276,1.1588,0,0
10398,2.1725581505757,1.1592,0,0
10399,2.1725581518753,1.1596,0,0
10400,2.1725581531749,1.16,0,0
10401,2.1725581544745,1.1604,0,0
10402,2.1725581557741,1.1608,0,0
10403,2.1725581570737,1.1612,0,0
10404,2.1725581583734,1.1616,0,0
10405,2.172558159673,1.162,0,0
10406,2.1725581609726,1.1624,0,0
10407,2.1725581622722,1.1628,0,0
10408,2.1725581635718,1.1632,0,0
10409,2.1725581648714,1.1636,0,0
10410,2.1725581661711,1.164,0,0
10411,2.1725581674707,1.1644,0,0
10412,2.1725581687703,1.1648,0,0
10413,2.1725581700699,1.1652,0,0
10414,2.1725581713695,1.1656,0,0
10415,2.1725581726691,1.166,0,0
10416,2.1725581739688,1.1664,0,0
10417,2.1725581752684,1.1668,0,0
10418,2.172558176568,1.1672,0,0
10419,2.1725581778676,1.1676,0,0
10420,2.1725581791672,1.168,0,0
10421,2.1725581804668,1.1684,0,0
10422,2.1725581817665,1.1688,0,0
10423,2.1725581830661,1.1692,0,0
10424,2.1725581843657,1.1696,0,0
10425,2.1725581856653,1.17,0,0
10426,2.1725581869649,1.1704,0,0
10427,2.1725581882645,1.1708,0,0
10428,2.1725581895642,1.1712,0,0
10429,2.1725581908638,1.1716,0,0
10430,2.1725581921634,1.172,0,0
10431,2.172558193463,1.1724,0,0
10432,2.1725581947626,1.1728,0,0
10433,2.1725581960622,1.1732,0,0
10434,2.1725581973619,1.1736,0,0
10435,2.1725581986615,1.174,0,0
10436,2.1725581999611,1.1744,0,0
10437,2.1725582012607,1.1748,0,0
10438,2.1725582025603,1.1752,0,0
10439,2.1725582038599,1.1756,0,0
10440,2.1725582051596,1.176,0,0
10441,2.1725582064592,1.1764,0,0
10442,2.1725582077588,1.1768,0,0
10443,2.1725582090584,1.1772,0,0
10444,2.172558210358,1.1776,0,0
10445,2.1725582116577,1.178,0,0
10446,2.1725582129573,1.1784,0,0
10447,2.1725582142569,1.1788,0,0
10448,2.1725582155565,1.1792,0,0
10449,2.1725582168561,1.1796,0,0
10450,2.1725582181557,1.18,0,0
10451,2.1725582194554,1.1804,0,0
10452,2.172558220755,1.1808,0,0
10453,2.1725582220546,1.1812,0,0
10454,2.1725582233542,1.1816,0,0
10455,2.1725582246538,1.182,0,0
10456,2.1725582259534,1.1824,0,0
10457,2.1725582272531,1.1828,0,0
10458,2.1725582285527,1.1832,0,0
10459,2.1725582298523,1.1836,0,0
10460,2.1725582311519,1.184,0,0
10461,2.1725582324515,1.1844,0,0
10462,2.1725582337511,1.1848,0,0
10463,2.1725582350508,1.1852,0,0
10464,2.1725582363504,1.1856,0,0
10465,2.17255823765,1.186,0,0
10466,2.1725582389496,1.1864,0,0
10467,2.1725582402492,1.1868,0,0
10468,2.1725582415488,1.1872,0,0
10469,2.1725582428485,1.1876,0,0
10470,2.1725582441481,1.188,0,0
10471,2.1725582454477,1.1884,0,0
10472,2.1725582467473,1.1888,0,0
10473,2.1725582480469,1.1892,0,0
10474,2.1725582493465,1.1896,0,0
10475,2.1725582506462,1.19,0,0
10476,2.1725582519458,1.1904,0,0
10477,2.1725582532454,1.1908,0,0
10478,2.172558254545,1.1912,0,0
10479,2.1725582558446,1.1916,0,0
10480,2.1725582571442,1.192,0,0
10481,2.1725582584439,1.1924,0,0
10482,2.1725582597435,1.1928,0,0
10483,2.1725582610431,1.1932,0,0
10484,2.1725582623427,1.1936,0,0
10485,2.1725582636423,1.194,0,0
10486,2.1725582649419,1.1944,0,0
10487,2.1725582662416,1.1948,0,0
10488,2.1725582675412,1.1952,0,0
10489,2.1725582688408,1.1956,0,0
10490,2.1725582701404,1.196,0,0
10491,2.17255827144,1.1964,0,0
10492,2.1725582727396,1.1968,0,0
10493,2.1725582740393,1.1972,0,0
10494,2.1725582753389,1.1976,0,0
10495,2.1725582766385,1.198,0,0
10496,2.1725582779381,1.1984,0,0
10497,2.1725582792377,1.1988,0,0
10498,2.1725582805373,1.1992,0,0
10499,2.172558281837,1.1996,0,0
10500,2.1725582831366,1.2,0,0
10501,2.1725582844362,1.2004,0,0
10502,2.1725582857358,1.2008,0,0
10503,2.1725582870354,1.2012,0,0
10504,2.172558288335,1.2016,0,0
10505,2.1725582896347,1.202,0,0
10506,2.1725582909343,1.2024,0,0
10507,2.1725582922339,1.2028,0,0
10508,2.1725582935335,1.2032,0,0
10509,2.1725582948331,1.2036,0,0
10510,2.1725582961327,1.204,0,0
10511,2.1725582974324,1.2044,0,0
10512,2.172558298732,1.2048,0,0
10513,2.1725583000316,1.2052,0,0
10514,2.1725583013312,1.2056,0,0
10515,2.1725583026308,1.206,0,0
10516,2.1725583039304,1.2064,0,0
10517,2.1725583052301,1.2068,0,0
10518,2.1725583065297,1.2072,0,0
10519,2.1725583078293,1.2076,0,0
10520,2.1725583091289,1.208,0,0
10521,2.1725583104285,1.2084,0,0
10522,2.1725583117281,1.2088,0,0
10523,2.1725583130278,1.2092,0,0
10524,2.1725583143274,1.2096,0,0
10525,2.172558315627,1.21,0,0
10526,2.1725583169266,1.2104,0,0
10527,2.1725583182262,1.2108,0,0
10528,2.1725583195259,1.2112,0,0
10529,2.1725583208255,1.2116,0,0
10530,2.1725583221251,1.212,0,0
10531,2.1725583234247,1.2124,0,0
10532,2.1725583247243,1.2128,0,0
10533,2.1725583260239,1.2132,0,0
10534,2.1725583273236,1.2136,0,0
10535,2.1725583286232,1.214,0,0
10536,2.1725583299228,1.2144,0,0
10537,2.1725583312224,1.2148,0,0
10538,2.172558332522,1.2152,0,0
10539,2.1725583338216,1.2156,0,0
10540,2.1725583351213,1.216,0,0
10541,2.1725583364209,1.2164,0,0
10542,2.1725583377205,1.2168,0,0
10543,2.1725583390201,1.2172,0,0
10544,2.1725583403197,1.2176,0,0
10545,2.1725583416193,1.218,0,0
10546,2.172558342919,1.2184,0,0
10547,2.1725583442186,1.2188,0,0
10548,2.1725583455182,1.2192,0,0
10549,2.1725583468178,1.2196,0,0
10550,2.1725583481174,1.22,0,0
10551,2.172558349417,1.2204,0,0
10552,2.1725583507167,1.2208,0,0
10553,2.1725583520163,1.2212,0,0
10554,2.1725583533159,1.2216,0,0
10555,2.1725583546155,1.222,0,0
10556,2.1725583559151,1.2224,0,0
10557,2.1725583572147,1.2228,0,0
10558,2.1725583585144,1.2232,0,0
10559,2.172558359814,1.2236,0,0
10560,2.1725583611136,1.224,0,0
10561,2.1725583624132,1.2244,0,0
10562,2.1725583637128,1.2248,0,0
10563,2.1725583650124,1.2252,0,0
10564,2.1725583663121,1.2256,0,0
10565,2.1725583676117,1.226,0,0
10566,2.1725583689113,1.2264,0,0
10567,2.1725583702109,1.2268,0,0
10568,2.1725583715105,1.2272,0,0
10569,2.1725583728101,1.2276,0,0
10570,2.1725583741098,1.228,0,0
10571,2.1725583754094,1.2284,0,0
10572,2.172558376709,1.2288,0,0
10573,2.1725583780086,1.2292,0,0
10574,2.1725583793082,1.2296,0,0
10575,2.1725583806078,1.23,0,0
10576,2.1725583819075,1.2304,0,0
10577,2.1725583832071,1.2308,0,0
10578,2.1725583845067,1.2312,0,0
10579,2.1725583858063,1.2316,0,0
10580,2.1725583871059,1.232,0,0
10581,2.1725583884055,1.2324,0,0
10582,2.1725583897052,1.2328,0,0
10583,2.1725583910048,1.2332,0,0
10584,2.1725583923044,1.2336,0,0
10585,2.172558393604,1.234,0,0
10586,2.1725583949036,1.2344,0,0
10587,2.1725583962032,1.2348,0,0
10588,2.1725583975029,1.2352,0,0
10589,2.1725583988025,1.2356,0,0
10590,2.1725584001021,1.236,0,0
10591,2.1725584014017,1.2364,0,0
10592,2.1725584027013,1.2368,0,0
10593,2.1725584040009,1.2372,0,0
10594,2.1725584053006,1.2376,0,0
10595,2.1725584066002,1.238,0,0
10596,2.1725584078998,1.2384,0,0
10597,2.1725584091994,1.2388,0,0
10598,2.172558410499,1.2392,0,0
10599,2.1725584117986,1.2396,0,0
10600,2.1725584130983,1.24,0,0
10601,2.1725584143979,1.2404,0,0
10602,2.1725584156975,1.2408,0,0
10603,2.1725584169971,1.2412,0,0
10604,2.1725584182967,1.2416,0,0
10605,2.1725584195963,1.242,0,0
10606,2.172558420896,1.2424,0,0
10607,2.1725584221956,1.2428,0,0
10608,2.1725584234952,1.2432,0,0
10609,2.1725584247948,1.2436,0,0
10610,2.1725584260944,1.244,0,0
10611,2.1725584273941,1.2444,0,0
10612,2.1725584286937,1.2448,0,0
10613,2.1725584299933,1.2452,0,0
10614,2.1725584312929,1.2456,0,0
10615,2.1725584325925,1.246,0,0
10616,2.1725584338921,1.2464,0,0
10617,2.1725584351918,1.2468,0,0
10618,2.1725584364914,1.2472,0,0
10619,2.172558437791,1.2476,0,0
10620,2.1725584390906,1.248,0,0
10621,2.1725584403902,1.2484,0,0
10622,2.1725584416898,1.2488,0,0
10623,2.1725584429895,1.2492,0,0
10624,2.1725584442891,1.2496,0,0
10625,2.1725584455887,1.25,0,0
10626,2.1725584468883,1.2504,0,0
10627,2.1725584481879,1.2508,0,0
10628,2.1725584494875,1.2512,0,0
10629,2.1725584507872,1.2516,0,0
10630,2.1725584520868,1.252,0,0
10631,2.1725584533864,1.2524,0,0
10632,2.172558454686,1.2528,0,0
10633,2.1725584559856,1.2532,0,0
10634,2.1725584572852,1.2536,0,0
10635,2.1725584585849,1.254,0,0
10636,2.1725584598845,1.2544,0,0
10637,2.1725584611841,1.2548,0,0
10638,2.1725584624837,1.2552,0,0
10639,2.1725584637833,1.2556,0,0
10640,2.1725584650829,1.256,0,0
10641,2.1725584663826,1.2564,0,0
10642,2.1725584676822,1.2568,0,0
10643,2.1725584689818,1.2572,0,0
10644,2.1725584702814,1.2576,0,0
10645,2.172558471581,1.258,0,0
10646,2.1725584728806,1.2584,0,0
10647,2.1725584741803,1.2588,0,0
10648,2.1725584754799,1.2592,0,0
10649,2.1725584767795,1.2596,0,0
10650,2.1725584780791,1.26,0,0
10651,2.1725584793787,1.2604,0,0
10652,2.1725584806783,1.2608,0,0
10653,2.172558481978,1.2612,0,0
10654,2.1725584832776,1.2616,0,0
10655,2.1725584845772,1.262,0,0
10656,2.1725584858768,1.2624,0,0
10657,2.1725584871764,1.2628,0,0
10658,2.172558488476,1.2632,0,0
10659,2.1725584897757,1.2636,0,0
10660,2.1725584910753,1.264,0,0
10661,2.1725584923749,1.2644,0,0
10662,2.1725584936745,1.2648,0,0
10663,2.1725584949741,1.2652,0,0
10664,2.1725584962737,1.2656,0,0
10665,2.1725584975734,1.266,0,0
10666,2.172558498873,1.2664,0,0
10667,2.1725585001726,1.2668,0,0
10668,2.1725585014722,1.2672,0,0
10669,2.1725585027718,1.2676,0,0
10670,2.1725585040714,1.268,0,0
10671,2.1725585053711,1.2684,0,0
10672,2.1725585066707,1.2688,0,0
10673,2.1725585079703,1.2692,0,0
10674,2.1725585092699,1.2696,0,0
10675,2.1725585105695,1.27,0,0
10676,2.1725585118691,1.2704,0,0
10677,2.1725585131688,1.2708,0,0
10678,2.1725585144684,1.2712,0,0
10679,2.172558515768,1.2716,0,0
10680,2.1725585170676,1.272,0,0
10681,2.1725585183672,1.2724,0,0
10682,2.1725585196668,1.2728,0,0
10683,2.1725585209665,1.2732,0,0
10684,2.1725585222661,1.2736,0,0
10685,2.1725585235657,1.274,0,0
10686,2.1725585248653,1.2744,0,0
10687,2.1725585261649,1.2748,0,0
10688,2.1725585274645,1.2752,0,0
10689,2.1725585287642,1.2756,0,0
10690,2.1725585300638,1.276,0,0
10691,2.1725585313634,1.2764,0,0
10692,2.172558532663,1.2768,0,0
10693,2.1725585339626,1.2772,0,0
10694,2.1725585352622,1.2776,0,0
10695,2.1725585365619,1.278,0,0
10696,2.1725585378615,1.2784,0,0
10697,2.1725585391611,1.2788,0,0
10698,2.1725585404607,1.2792,0,0
10699,2.1725585417603,1.2796,0,0
10700,2.17255854306,1.28,0,0
10701,2.1725585443596,1.2804,0,0
10702,2.1725585456592,1.2808,0,0
10703,2.1725585469588,1.2812,0,0
10704,2.1725585482584,1.2816,0,0
10705,2.172558549558,1.282,0,0
10706,2.1725585508577,1.2824,0,0
10707,2.1725585521573,1.2828,0,0
10708,2.1725585534569,1.2832,0,0
10709,2.1725585547565,1.2836,0,0
10710,2.1725585560561,1.284,0,0
10711,2.1725585573557,1.2844,0,0
10712,2.1725585586554,1.2848,0,0
10713,2.172558559955,1.2852,0,0
10714,2.1725585612546,1.2856,0,0
10715,2.1725585625542,1.286,0,0
10716,2.1725585638538,1.2864,0,0
10717,2.1725585651534,1.2868,0,0
10718,2.1725585664531,1.2872,0,0
10719,2.1725585677527,1.2876,0,0
10720,2.1725585690523,1.288,0,0
10721,2.1725585703519,1.2884,0,0
10722,2.1725585716515,1.2888,0,0
10723,2.1725585729511,1.2892,0,0
10724,2.1725585742508,1.2896,0,0
10725,2.1725585755504,1.29,0,0
10726,2.17255857685,1.2904,0,0
10727,2.1725585781496,1.2908,0,0
10728,2.1725585794492,1.2912,0,0
10729,2.1725585807488,1.2916,0,0
10730,2.1725585820485,1.292,0,0
10731,2.1725585833481,1.2924,0,0
10732,2.1725585846477,1.2928,0,0
10733,2.1725585859473,1.2932,0,0
10734,2.1725585872469,1.2936,0,0
10735,2.1725585885465,1.294,0,0
10736,2.1725585898462,1.2944,0,0
10737,2.1725585911458,1.2948,0,0
10738,2.1725585924454,1.2952,0,0
10739,2.172558593745,1.2956,0,0
10740,2.1725585950446,1.296,0,0
10741,2.1725585963442,1.2964,0,0
10742,2.1725585976439,1.2968,0,0
10743,2.1725585989435,1.2972,0,0
10744,2.1725586002431,1.2976,0,0
10745,2.1725586015427,1.298,0,0
10746,2.1725586028423,1.2984,0,0
10747,2.1725586041419,1.2988,0,0
10748,2.1725586054416,1.2992,0,0
10749,2.1725586067412,1.2996,0,0
10750,2.1725586080408,1.3,0,0
10751,2.1725586093404,1.3004,0,0
10752,2.17255861064,1.3008,0,0
10753,2.1725586119396,1.3012,0,0
10754,2.1725586132393,1.3016,0,0
10755,2.1725586145389,1.302,0,0
10756,2.1725586158385,1.3024,0,0
10757,2.1725586171381,1.3028,0,0
10758,2.1725586184377,1.3032,0,0
10759,2.1725586197373,1.3036,0,0
10760,2.172558621037,1.304,0,0
10761,2.1725586223366,1.3044,0,0
10762,2.1725586236362,1.3048,0,0
10763,2.1725586249358,1.3052,0,0
10764,2.1725586262354,1.3056,0,0
10765,2.172558627535,1.306,0,0
10766,2.1725586288347,1.3064,0,0
10767,2.1725586301343,1.3068,0,0
10768,2.1725586314339,1.3072,0,0
10769,2.1725586327335,1.3076,0,0
10770,2.1725586340331,1.308,0,0
10771,2.1725586353327,1.3084,0,0
10772,2.1725586366324,1.3088,0,0
10773,2.172558637932,1.3092,0,0
10774,2.1725586392316,1.3096,0,0
10775,2.1725586405312,1.31,0,0
10776,2.1725586418308,1.3104,0,0
10777,2.1725586431304,1.3108,0,0
10778,2.1725586444301,1.3112,0,0
10779,2.1725586457297,1.3116,0,0
10780,2.1725586470293,1.312,0,0
10781,2.1725586483289,1.3124,0,0
10782,2.1725586496285,1.3128,0,0
10783,2.1725586509282,1.3132,0,0
10784,2.1725586522278,1.3136,0,0
10785,2.1725586535274,1.314,0,0
10786,2.172558654827,1.3144,0,0
10787,2.1725586561266,1.3148,0,0
10788,2.1725586574262,1.3152,0,0
10789,2.1725586587259,1.3156,0,0
10790,2.1725586600255,1.316,0,0
10791,2.1725586613251,1.3164,0,0
10792,2.1725586626247,1.3168,0,0
10793,2.1725586639243,1.3172,0,0
10794,2.1725586652239,1.3176,0,0
10795,2.1725586665236,1.318,0,0
10796,2.1725586678232,1.3184,0,0
10797,2.1725586691228,1.3188,0,0
10798,2.1725586704224,1.3192,0,0
10799,2.172558671722,1.3196,0,0
10800,2.1725586730216,1.32,0,0
10801,2.1725586743213,1.3204,0,0
10802,2.1725586756209,1.3208,0,0
10803,2.1725586769205,1.3212,0,0
10804,2.1725586782201,1.3216,0,0
10805,2.1725586795197,1.322,0,0
10806,2.1725586808193,1.3224,0,0
10807,2.172558682119,1.3228,0,0
10808,2.1725586834186,1.3232,0,0
10809,2.1725586847182,1.3236,0,0
10810,2.1725586860178,1.324,0,0
10811,2.1725586873174,1.3244,0,0
10812,2.172558688617,1.3248,0,0
10813,2.1725586899167,1.3252,0,0
10814,2.1725586912163,1.3256,0,0
10815,2.1725586925159,1.326,0,0
10816,2.1725586938155,1.3264,0,0
10817,2.1725586951151,1.3268,0,0
10818,2.1725586964147,1.3272,0,0
10819,2.1725586977144,1.3276,0,0
10820,2.172558699014,1.328,0,0
10821,2.1725587003136,1.3284,0,0
10822,2.1725587016132,1.3288,0,0
10823,2.1725587029128,1.3292,0,0
10824,2.1725587042124,1.3296,0,0
10825,2.1725587055121,1.33,0,0
10826,2.1725587068117,1.3304,0,0
10827,2.1725587081113,1.3308,0,0
10828,2.1725587094109,1.3312,0,0
10829,2.1725587107105,1.3316,0,0
10830,2.1725587120101,1.332,0,0
10831,2.1725587133098,1.3324,0,0
10832,2.1725587146094,1.3328,0,0
10833,2.172558715909,1.3332,0,0
10834,2.1725587172086,1.3336,0,0
10835,2.1725587185082,1.334,0,0
10836,2.1725587198078,1.3344,0,0
10837,2.1725587211075,1.3348,0,0
10838,2.1725587224071,1.3352,0,0
10839,2.1725587237067,1.3356,0,0
10840,2.1725587250063,1.336,0,0
10841,2.1725587263059,1.3364,0,0
10842,2.1725587276055,1.3368,0,0
10843,2.1725587289052,1.3372,0,0
10844,2.1725587302048,1.3376,0,0
10845,2.1725587315044,1.338,0,0
10846,2.172558732804,1.3384,0,0
10847,2.1725587341036,1.3388,0,0
10848,2.1725587354032,1.3392,0,0
10849,2.1725587367029,1.3396,0,0
10850,2.1725587380025,1.34,0,0
10851,2.1725587393021,1.3404,0,0
10852,2.1725587406017,1.3408,0,0
10853,2.1725587419013,1.3412,0,0
10854,2.1725587432009,1.3416,0,0
10855,2.1725587445006,1.342,0,0
10856,2.1725587458002,1.3424,0,0
10857,2.1725587470998,1.3428,0,0
10858,2.1725587483994,1.3432,0,0
10859,2.172558749699,1.3436,0,0
10860,2.1725587509986,1.344,0,0
10861,2.1725587522983,1.3444,0,0
10862,2.1725587535979,1.3448,0,0
10863,2.1725587548975,1.3452,0,0
10864,2.1725587561971,1.3456,0,0
10865,2.1725587574967,1.346,0,0
10866,2.1725587587963,1.3464,0,0
10867,2.172558760096,1.3468,0,0
10868,2.1725587613956,1.3472,0,0
10869,2.1725587626952,1.3476,0,0
10870,2.1725587639948,1.348,0,0
10871,2.1725587652944,1.3484,0,0
10872,2.1725587665941,1.3488,0,0
10873,2.1725587678937,1.3492,0,0
10874,2.1725587691933,1.3496,0,0
10875,2.1725587704929,1.35,0,0
10876,2.1725587717925,1.3504,0,0
10877,2.1725587730921,1.3508,0,0
10878,2.1725587743918,1.3512,0,0
10879,2.1725587756914,1.3516,0,0
10880,2.172558776991,1.352,0,0
10881,2.1725587782906,1.3524,0,0
10882,2.1725587795902,1.3528,0,0
10883,2.1725587808898,1.3532,0,0
10884,2.1725587821895,1.3536,0,0
10885,2.1725587834891,1.354,0,0
10886,2.1725587847887,1.3544,0,0
10887,2.1725587860883,1.3548,0,0
10888,2.1725587873879,1.3552,0,0
10889,2.1725587886875,1.3556,0,0
10890,2.1725587899872,1.356,0,0
10891,2.1725587912868,1.3564,0,0
10892,2.1725587925864,1.3568,0,0
10893,2.172558793886,1.3572,0,0
10894,2.1725587951856,1.3576,0,0
10895,2.1725587964852,1.358,0,0
10896,2.1725587977849,1.3584,0,0
10897,2.1725587990845,1.3588,0,0
10898,2.1725588003841,1.3592,0,0
10899,2.1725588016837,1.3596,0,0
10900,2.1725588029833,1.36,0,0
10901,2.1725588042829,1.3604,0,0
10902,2.1725588055826,1.3608,0,0
10903,2.1725588068822,1.3612,0,0
10904,2.1725588081818,1.3616,0,0
10905,2.1725588094814,1.362,0,0
10906,2.172558810781,1.3624,0,0
10907,2.1725588120806,1.3628,0,0
10908,2.1725588133803,1.3632,0,0
10909,2.1725588146799,1.3636,0,0
10910,2.1725588159795,1.364,0,0
10911,2.1725588172791,1.3644,0,0
10912,2.1725588185787,1.3648,0,0
10913,2.1725588198783,1.3652,0,0
10914,2.172558821178,1.3656,0,0
10915,2.1725588224776,1.366,0,0
10916,2.1725588237772,1.3664,0,0
10917,2.1725588250768,1.3668,0,0
10918,2.1725588263764,1.3672,0,0
10919,2.172558827676,1.3676,0,0
10920,2.1725588289757,1.368,0,0
10921,2.1725588302753,1.3684,0,0
10922,2.1725588315749,1.3688,0,0
10923,2.1725588328745,1.3692,0,0
10924,2.1725588341741,1.3696,0,0
10925,2.1725588354737,1.37,0,0
10926,2.1725588367734,1.3704,0,0
10927,2.172558838073,1.3708,0,0
10928,2.1725588393726,1.3712,0,0
10929,2.1725588406722,1.3716,0,0
10930,2.1725588419718,1.372,0,0
10931,2.1725588432714,1.3724,0,0
10932,2.1725588445711,1.3728,0,0
10933,2.1725588458707,1.3732,0,0
10934,2.1725588471703,1.3736,0,0
10935,2.1725588484699,1.374,0,0
10936,2.1725588497695,1.3744,0,0
10937,2.1725588510691,1.3748,0,0
10938,2.1725588523688,1.3752,0,0
10939,2.1725588536684,1.3756,0,0
10940,2.172558854968,1.376,0,0
10941,2.1725588562676,1.3764,0,0
10942,2.1725588575672,1.3768,0,0
10943,2.1725588588668,1.3772,0,0
10944,2.1725588601665,1.3776,0,0
10945,2.1725588614661,1.378,0,0
10946,2.1725588627657,1.3784,0,0
10947,2.1725588640653,1.3788,0,0
10948,2.1725588653649,1.3792,0,0
10949,2.1725588666645,1.3796,0,0
10950,2.1725588679642,1.38,0,0
10951,2.1725588692638,1.3804,0,0
10952,2.1725588705634,1.3808,0,0
10953,2.172558871863,1.3812,0,0
10954,2.1725588731626,1.3816,0,0
10955,2.1725588744622,1.382,0,0
10956,2.1725588757619,1.3824,0,0
10957,2.1725588770615,1.3828,0,0
10958,2.1725588783611,1.3832,0,0
10959,2.1725588796607,1.3836,0,0
10960,2.1725588809603,1.384,0,0
10961,2.17255888226,1.3844,0,0
10962,2.1725588835596,1.3848,0,0
10963,2.1725588848592,1.3852,0,0
10964,2.1725588861588,1.3856,0,0
10965,2.1725588874584,1.386,0,0
10966,2.172558888758,1.3864,0,0
10967,2.1725588900577,1.3868,0,0
10968,2.1725588913573,1.3872,0,0
10969,2.1725588926569,1.3876,0,0
10970,2.1725588939565,1.388,0,0
10971,2.1725588952561,1.3884,0,0
10972,2.1725588965557,1.3888,0,0
10973,2.1725588978554,1.3892,0,0
10974,2.172558899155,1.3896,0,0
10975,2.1725589004546,1.39,0,0
10976,2.1725589017542,1.3904,0,0
10977,2.1725589030538,1.3908,0,0
10978,2.1725589043534,1.3912,0,0
10979,2.1725589056531,1.3916,0,0
10980,2.1725589069527,1.392,0,0
10981,2.1725589082523,1.3924,0,0
10982,2.1725589095519,1.3928,0,0
10983,2.1725589108515,1.3932,0,0
10984,2.1725589121511,1.3936,0,0
10985,2.1725589134508,1.394,0,0
10986,2.1725589147504,1.3944,0,0
10987,2.17255891605,1.3948,0,0
10988,2.1725589173496,1.3952,0,0
10989,2.1725589186492,1.3956,0,0
10990,2.1725589199488,1.396,0,0
10991,2.1725589212485,1.3964,0,0
10992,2.1725589225481,1.3968,0,0
10993,2.1725589238477,1.3972,0,0
10994,2.1725589251473,1.3976,0,0
10995,2.1725589264469,1.398,0,0
10996,2.1725589277465,1.3984,0,0
10997,2.1725589290462,1.3988,0,0
10998,2.1725589303458,1.3992,0,0
10999,2.1725589316454,1.3996,0,0
11000,2.172558932945,1.4,0,0
11001,2.1725589342446,1.4004,0,0
11002,2.1725589355442,1.4008,0,0
11003,2.1725589368439,1.4012,0,0
11004,2.1725589381435,1.4016,0,0
11005,2.1725589394431,1.402,0,0
11006,2.1725589407427,1.4024,0,0
11007,2.1725589420423,1.4028,0,0
11008,2.1725589433419,1.4032,0,0
11009,2.1725589446416,1.4036,0,0
11010,2.1725589459412,1.404,0,0
11011,2.1725589472408,1.4044,0,0
11012,2.1725589485404,1.4048,0,0
11013,2.17255894984,1.4052,0,0
11014,2.1725589511396,1.4056,0,0
11015,2.1725589524393,1.406,0,0
11016,2.1725589537389,1.4064,0,0
11017,2.1725589550385,1.4068,0,0
11018,2.1725589563381,1.4072,0,0
11019,2.1725589576377,1.4076,0,0
11020,2.1725589589373,1.408,0,0
11021,2.172558960237,1.4084,0,0
11022,2.1725589615366,1.4088,0,0
11023,2.1725589628362,1.4092,0,0
11024,2.1725589641358,1.4096,0,0
11025,2.1725589654354,1.41,0,0
11026,2.172558966735,1.4104,0,0
11027,2.1725589680347,1.4108,0,0
11028,2.1725589693343,1.4112,0,0
11029,2.1725589706339,1.4116,0,0
11030,2.1725589719335,1.412,0,0
11031,2.1725589732331,1.4124,0,0
11032,2.1725589745327,1.4128,0,0
11033,2.1725589758324,1.4132,0,0
11034,2.172558977132,1.4136,0,0
11035,2.1725589784316,1.414,0,0
11036,2.1725589797312,1.4144,0,0
11037,2.1725589810308,1.4148,0,0
11038,2.1725589823304,1.4152,0,0
11039,2.1725589836301,1.4156,0,0
11040,2.1725589849297,1.416,0,0
11041,2.1725589862293,1.4164,0,0
11042,2.1725589875289,1.4168,0,0
11043,2.1725589888285,1.4172,0,0
11044,2.1725589901281,1.4176,0,0
11045,2.1725589914278,1.418,0,0
11046,2.1725589927274,1.4184,0,0
11047,2.172558994027,1.4188,0,0
11048,2.1725589953266,1.4192,0,0
11049,2.1725589966262,1.4196,0,0
11050,2.1725589979258,1.42,0,0
11051,2.1725589992255,1.4204,0,0
11052,2.1725590005251,1.4208,0,0
11053,2.1725590018247,1.4212,0,0
11054,2.1725590031243,1.4216,0,0
11055,2.1725590044239,1.422,0,0
11056,2.1725590057236,1.4224,0,0
11057,2.1725590070232,1.4228,0,0
11058,2.1725590083228,1.4232,0,0
11059,2.1725590096224,1.4236,0,0
11060,2.172559010922,1.424,0,0
11061,2.1725590122216,1.4244,0,0
11062,2.1725590135213,1.4248,0,0
11063,2.1725590148209,1.4252,0,0
11064,2.1725590161205,1.4256,0,0
11065,2.1725590174201,1.426,0,0
11066,2.1725590187197,1.4264,0,0
11067,2.1725590200193,1.4268,0,0
11068,2.172559021319,1.4272,0,0
11069,2.1725590226186,1.4276,0,0
11070,2.1725590239182,1.428,0,0
11071,2.1725590252178,1.4284,0,0
11072,2.1725590265174,1.4288,0,0
11073,2.172559027817,1.4292,0,0
11074,2.1725590291167,1.4296,0,0
11075,2.1725590304163,1.43,0,0
11076,2.1725590317159,1.4304,0,0
11077,2.1725590330155,1.4308,0,0
11078,2.1725590343151,1.4312,0,0
11079,2.1725590356147,1.4316,0,0
11080,2.1725590369144,1.432,0,0
11081,2.172559038214,1.4324,0,0
11082,2.1725590395136,1.4328,0,0
11083,2.1725590408132,1.4332,0,0
11084,2.1725590421128,1.4336,0,0
11085,2.1725590434124,1.434,0,0
11086,2.1725590447121,1.4344,0,0
11087,2.1725590460117,1.4348,0,0
11088,2.1725590473113,1.4352,0,0
11089,2.1725590486109,1.4356,0,0
11090,2.1725590499105,1.436,0,0
11091,2.1725590512101,1.4364,0,0
11092,2.1725590525098,1.4368,0,0
11093,2.1725590538094,1.4372,0,0
11094,2.172559055109,1.4376,0,0
11095,2.1725590564086,1.438,0,0
11096,2.1725590577082,1.4384,0,0
11097,2.1725590590078,1.4388,0,0
11098,2.1725590603075,1.4392,0,0
11099,2.1725590616071,1.4396,0,0
11100,2.1725590629067,1.44,0,0
11101,2.1725590642063,1.4404,0,0
11102,2.1725590655059,1.4408,0,0
11103,2.1725590668055,1.4412,0,0
11104,2.1725590681052,1.4416,0,0
11105,2.1725590694048,1.442,0,0
11106,2.1725590707044,1.4424,0,0
11107,2.172559072004,1.4428,0,0
11108,2.1725590733036,1.4432,0,0
11109,2.1725590746032,1.4436,0,0
11110,2.1725590759029,1.444,0,0
11111,2.1725590772025,1.4444,0,0
11112,2.1725590785021,1.4448,0,0
11113,2.1725590798017,1.4452,0,0
11114,2.1725590811013,1.4456,0,0
11115,2.1725590824009,1.446,0,0
11116,2.1725590837006,1.4464,0,0
11117,2.1725590850002,1.4468,0,0
11118,2.1725590862998,1.4472,0,0
11119,2.1725590875994,1.4476,0,0
11120,2.172559088899,1.448,0,0
11121,2.1725590901986,1.4484,0,0
11122,2.1725590914983,1.4488,0,0
11123,2.1725590927979,1.4492,0,0
11124,2.1725590940975,1.4496,0,0
11125,2.1725590953971,1.45,0,0
11126,2.1725590966967,1.4504,0,0
11127,2.1725590979963,1.4508,0,0
11128,2.172559099296,1.4512,0,0
11129,2.1725591005956,1.4516,0,0
11130,2.1725591018952,1.452,0,0
11131,2.1725591031948,1.4524,0,0
11132,2.1725591044944,1.4528,0,0
11133,2.172559105794,1.4532,0,0
11134,2.1725591070937,1.4536,0,0
11135,2.1725591083933,1.454,0,0
11136,2.1725591096929,1.4544,0,0
11137,2.1725591109925,1.4548,0,0
11138,2.1725591122921,1.4552,0,0
11139,2.1725591135917,1.4556,0,0
11140,2.1725591148914,1.456,0,0
11141,2.172559116191,1.4564,0,0
11142,2.1725591174906,1.4568,0,0
11143,2.1725591187902,1.4572,0,0
11144,2.1725591200898,1.4576,0,0
11145,2.1725591213895,1.458,0,0
11146,2.1725591226891,1.4584,0,0
11147,2.1725591239887,1.4588,0,0
11148,2.1725591252883,1.4592,0,0
11149,2.1725591265879,1.4596,0,0
11150,2.1725591278875,1.46,0,0
11151,2.1725591291872,1.4604,0,0
11152,2.1725591304868,1.4608,0,0
11153,2.1725591317864,1.4612,0,0
11154,2.172559133086,1.4616,0,0
11155,2.1725591343856,1.462,0,0
11156,2.1725591356852,1.4624,0,0
11157,2.1725591369849,1.4628,0,0
11158,2.1725591382845,1.4632,0,0
11159,2.1725591395841,1.4636,0,0
11160,2.1725591408837,1.464,0,0
11161,2.1725591421833,1.4644,0,0
11162,2.1725591434829,1.4648,0,0
11163,2.1725591447826,1.4652,0,0
11164,2.1725591460822,1.4656,0,0
11165,2.1725591473818,1.466,0,0
11166,2.1725591486814,1.4664,0,0
11167,2.172559149981,1.4668,0,0
11168,2.1725591512806,1.4672,0,0
11169,2.1725591525803,1.4676,0,0
11170,2.1725591538799,1.468,0,0
11171,2.1725591551795,1.4684,0,0
11172,2.1725591564791,1.4688,0,0
11173,2.1725591577787,1.4692,0,0
11174,2.1725591590783,1.4696,0,0
11175,2.172559160378,1.47,0,0
11176,2.1725591616776,1.4704,0,0
11177,2.1725591629772,1.4708,0,0
11178,2.1725591642768,1.4712,0,0
11179,2.1725591655764,1.4716,0,0
11180,2.172559166876,1.472,0,0
11181,2.1725591681757,1.4724,0,0
11182,2.1725591694753,1.4728,0,0
11183,2.1725591707749,1.4732,0,0
11184,2.1725591720745,1.4736,0,0
11185,2.1725591733741,1.474,0,0
11186,2.1725591746737,1.4744,0,0
11187,2.1725591759734,1.4748,0,0
11188,2.172559177273,1.4752,0,0
11189,2.1725591785726,1.4756,0,0
11190,2.1725591798722,1.476,0,0
11191,2.1725591811718,1.4764,0,0
11192,2.1725591824714,1.4768,0,0
11193,2.1725591837711,1.4772,0,0
11194,2.1725591850707,1.4776,0,0
11195,2.1725591863703,1.478,0,0
11196,2.1725591876699,1.4784,0,0
11197,2.1725591889695,1.4788,0,0
11198,2.1725591902691,1.4792,0,0
11199,2.1725591915688,1.4796,0,0
11200,2.1725591928684,1.48,0,0
11201,2.172559194168,1.4804,0,0
11202,2.1725591954676,1.4808,0,0
11203,2.1725591967672,1.4812,0,0
11204,2.1725591980668,1.4816,0,0
11205,2.1725591993665,1.482,0,0
11206,2.1725592006661,1.4824,0,0
11207,2.1725592019657,1.4828,0,0
11208,2.1725592032653,1.4832,0,0
11209,2.1725592045649,1.4836,0,0
11210,2.1725592058645,1.484,0,0
11211,2.1725592071642,1.4844,0,0
11212,2.1725592084638,1.4848,0,0
11213,2.1725592097634,1.4852,0,0
11214,2.172559211063,1.4856,0,0
11215,2.1725592123626,1.486,0,0
11216,2.1725592136622,1.4864,0,0
11217,2.1725592149619,1.4868,0,0
11218,2.1725592162615,1.4872,0,0
11219,2.1725592175611,1.4876,0,0
11220,2.1725592188607,1.488,0,0
11221,2.1725592201603,1.4884,0,0
11222,2.1725592214599,1.4888,0,0
11223,2.1725592227596,1.4892,0,0
11224,2.1725592240592,1.4896,0,0
11225,2.1725592253588,1.49,0,0
11226,2.1725592266584,1.4904,0,0
11227,2.172559227958,1.4908,0,0
11228,2.1725592292576,1.4912,0,0
11229,2.1725592305573,1.4916,0,0
11230,2.1725592318569,1.492,0,0
11231,2.1725592331565,1.4924,0,0
11232,2.1725592344561,1.4928,0,0
11233,2.1725592357557,1.4932,0,0
11234,2.1725592370554,1.4936,0,0
11235,2.172559238355,1.494,0,0
11236,2.1725592396546,1.4944,0,0
11237,2.1725592409542,1.4948,0,0
11238,2.1725592422538,1.4952,0,0
11239,2.1725592435534,1.4956,0,0
11240,2.1725592448531,1.496,0,0
11241,2.1725592461527,1.4964,0,0
11242,2.1725592474523,1.4968,0,0
11243,2.1725592487519,1.4972,0,0
11244,2.1725592500515,1.4976,0,0
11245,2.1725592513511,1.498,0,0
11246,2.1725592526508,1.4984,0,0
11247,2.1725592539504,1.4988,0,0
11248,2.17255925525,1.4992,0,0
11249,2.1725592565496,1.4996,0,0
11250,2.1725592578492,1.5,0,0
11251,2.1725592591488,1.5004,0,0
11252,2.1725592604485,1.5008,0,0
11253,2.1725592617481,1.5012,0,0
11254,2.1725592630477,1.5016,0,0
11255,2.1725592643473,1.502,0,0
11256,2.1725592656469,1.5024,0,0
11257,2.1725592669465,1.5028,0,0
11258,2.1725592682462,1.5032,0,0
11259,2.1725592695458,1.5036,0,0
11260,2.1725592708454,1.504,0,0
11261,2.172559272145,1.5044,0,0
11262,2.1725592734446,1.5048,0,0
11263,2.1725592747442,1.5052,0,0
11264,2.1725592760439,1.5056,0,0
11265,2.1725592773435,1.506,0,0
11266,2.1725592786431,1.5064,0,0
11267,2.1725592799427,1.5068,0,0
11268,2.1725592812423,1.5072,0,0
11269,2.1725592825419,1.5076,0,0
11270,2.1725592838416,1.508,0,0
11271,2.1725592851412,1.5084,0,0
11272,2.1725592864408,1.5088,0,0
11273,2.1725592877404,1.5092,0,0
11274,2.17255928904,1.5096,0,0
11275,2.1725592903396,1.51,0,0
11276,2.1725592916393,1.5104,0,0
11277,2.1725592929389,1.5108,0,0
11278,2.1725592942385,1.5112,0,0
11279,2.1725592955381,1.5116,0,0
11280,2.1725592968377,1.512,0,0
11281,2.1725592981373,1.5124,0,0
11282,2.172559299437,1.5128,0,0
11283,2.1725593007366,1.5132,0,0
11284,2.1725593020362,1.5136,0,0
11285,2.1725593033358,1.514,0,0
11286,2.1725593046354,1.5144,0,0
11287,2.172559305935,1.5148,0,0
11288,2.1725593072347,1.5152,0,0
11289,2.1725593085343,1.5156,0,0
11290,2.1725593098339,1.516,0,0
11291,2.1725593111335,1.5164,0,0
11292,2.1725593124331,1.5168,0,0
11293,2.1725593137327,1.5172,0,0
11294,2.1725593150324,1.5176,0,0
11295,2.172559316332,1.518,0,0
11296,2.1725593176316,1.5184,0,0
11297,2.1725593189312,1.5188,0,0
11298,2.1725593202308,1.5192,0,0
11299,2.1725593215304,1.5196,0,0
11300,2.1725593228301,1.52,0,0
11301,2.1725593241297,1.5204,0,0
11302,2.1725593254293,1.5208,0,0
11303,2.1725593267289,1.5212,0,0
11304,2.1725593280285,1.5216,0,0
11305,2.1725593293281,1.522,0,0
11306,2.1725593306278,1.5224,0,0
11307,2.1725593319274,1.5228,0,0
11308,2.172559333227,1.5232,0,0
11309,2.1725593345266,1.5236,0,0
11310,2.1725593358262,1.524,0,0
11311,2.1725593371258,1.5244,0,0
11312,2.1725593384255,1.5248,0,0
11313,2.1725593397251,1.5252,0,0
11314,2.1725593410247,1.5256,0,0
11315,2.1725593423243,1.526,0,0
11316,2.1725593436239,1.5264,0,0
11317,2.1725593449236,1.5268,0,0
11318,2.1725593462232,1.5272,0,0
11319,2.1725593475228,1.5276,0,0
11320,2.1725593488224,1.528,0,0
11321,2.172559350122,1.5284,0,0
11322,2.1725593514216,1.5288,0,0
11323,2.1725593527213,1.5292,0,0
11324,2.1725593540209,1.5296,0,0
11325,2.1725593553205,1.53,0,0
11326,2.1725593566201,1.5304,0,0
11327,2.1725593579197,1.5308,0,0
11328,2.1725593592193,1.5312,0,0
11329,2.172559360519,1.5316,0,0
11330,2.1725593618186,1.532,0,0
11331,2.1725593631182,1.5324,0,0
11332,2.1725593644178,1.5328,0,0
11333,2.1725593657174,1.5332,0,0
11334,2.172559367017,1.5336,0,0
11335,2.1725593683167,1.534,0,0
11336,2.1725593696163,1.5344,0,0
11337,2.1725593709159,1.5348,0,0
11338,2.1725593722155,1.5352,0,0
11339,2.1725593735151,1.5356,0,0
11340,2.1725593748147,1.536,0,0
11341,2.1725593761144,1.5364,0,0
11342,2.172559377414,1.5368,0,0
11343,2.1725593787136,1.5372,0,0
11344,2.1725593800132,1.5376,0,0
11345,2.1725593813128,1.538,0,0
11346,2.1725593826124,1.5384,0,0
11347,2.1725593839121,1.5388,0,0
11348,2.1725593852117,1.5392,0,0
11349,2.1725593865113,1.5396,0,0
11350,2.1725593878109,1.54,0,0
11351,2.1725593891105,1.5404,0,0
11352,2.1725593904101,1.5408,0,0
11353,2.1725593917098,1.5412,0,0
11354,2.1725593930094,1.5416,0,0
11355,2.172559394309,1.542,0,0
11356,2.1725593956086,1.5424,0,0
11357,2.1725593969082,1.5428,0,0
11358,2.1725593982078,1.5432,0,0
11359,2.1725593995075,1.5436,0,0
11360,2.1725594008071,1.544,0,0
11361,2.1725594021067,1.5444,0,0
11362,2.1725594034063,1.5448,0,0
11363,2.1725594047059,1.5452,0,0
11364,2.1725594060055,1.5456,0,0
11365,2.1725594073052,1.546,0,0
11366,2.1725594086048,1.5464,0,0
11367,2.1725594099044,1.5468,0,0
11368,2.172559411204,1.5472,0,0
11369,2.1725594125036,1.5476,0,0
11370,2.1725594138032,1.548,0,0
11371,2.1725594151029,1.5484,0,0
11372,2.1725594164025,1.5488,0,0
11373,2.1725594177021,1.5492,0,0
11374,2.1725594190017,1.5496,0,0
11375,2.1725594203013,1.55,0,0
11376,2.1725594216009,1.5504,0,0
11377,2.1725594229006,1.5508,0,0
11378,2.1725594242002,1.5512,0,0
11379,2.1725594254998,1.5516,0,0
11380,2.1725594267994,1.552,0,0
11381,2.172559428099,1.5524,0,0
11382,2.1725594293986,1.5528,0,0
11383,2.1725594306983,1.5532,0,0
11384,2.1725594319979,1.5536,0,0
11385,2.1725594332975,1.554,0,0
11386,2.1725594345971,1.5544,0,0
11387,2.1725594358967,1.5548,0,0
11388,2.1725594371963,1.5552,0,0
11389,2.172559438496,1.5556,0,0
11390,2.1725594397956,1.556,0,0
11391,2.1725594410952,1.5564,0,0
11392,2.1725594423948,1.5568,0,0
11393,2.1725594436944,1.5572,0,0
11394,2.172559444994,1.5576,0,0
11395,2.1725594462937,1.558,0,0
11396,2.1725594475933,1.5584,0,0
11397,2.1725594488929,1.5588,0,0
11398,2.1725594501925,1.5592,0,0
11399,2.1725594514921,1.5596,0,0
11400,2.1725594527918,1.56,0,0
11401,2.1725594540914,1.5604,0,0
11402,2.172559455391,1.5608,0,0
11403,2.1725594566906,1.5612,0,0
11404,2.1725594579902,1.5616,0,0
11405,2.1725594592898,1.562,0,0
11406,2.1725594605895,1.5624,0,0
11407,2.1725594618891,1.5628,0,0
11408,2.1725594631887,1.5632,0,0
11409,2.1725594644883,1.5636,0,0
11410,2.1725594657879,1.564,0,0
11411,2.1725594670875,1.5644,0,0
11412,2.1725594683872,1.5648,0,0
11413,2.1725594696868,1.5652,0,0
11414,2.1725594709864,1.5656,0,0
11415,2.172559472286,1.566,0,0
11416,2.1725594735856,1.5664,0,0
11417,2.1725594748852,1.5668,0,0
11418,2.1725594761849,1.5672,0,0
11419,2.1725594774845,1.5676,0,0
11420,2.1725594787841,1.568,0,0
11421,2.1725594800837,1.5684,0,0
11422,2.1725594813833,1.5688,0,0
11423,2.1725594826829,1.5692,0,0
11424,2.1725594839826,1.5696,0,0
11425,2.1725594852822,1.57,0,0
11426,2.1725594865818,1.5704,0,0
11427,2.1725594878814,1.5708,0,0
11428,2.172559489181,1.5712,0,0
11429,2.1725594904806,1.5716,0,0
11430,2.1725594917803,1.572,0,0
11431,2.1725594930799,1.5724,0,0
11432,2.1725594943795,1.5728,0,0
11433,2.1725594956791,1.5732,0,0
11434,2.1725594969787,1.5736,0,0
11435,2.1725594982783,1.574,0,0
11436,2.172559499578,1.5744,0,0
11437,2.1725595008776,1.5748,0,0
11438,2.1725595021772,1.5752,0,0
11439,2.1725595034768,1.5756,0,0
11440,2.1725595047764,1.576,0,0
11441,2.172559506076,1.5764,0,0
11442,2.1725595073757,1.5768,0,0
11443,2.1725595086753,1.5772,0,0
11444,2.1725595099749,1.5776,0,0
11445,2.1725595112745,1.578,0,0
11446,2.1725595125741,1.5784,0,0
11447,2.1725595138737,1.5788,0,0
11448,2.1725595151734,1.5792,0,0
11449,2.172559516473,1.5796,0,0
11450,2.1725595177726,1.58,0,0
11451,2.1725595190722,1.5804,0,0
11452,2.1725595203718,1.5808,0,0
11453,2.1725595216714,1.5812,0,0
11454,2.1725595229711,1.5816,0,0
11455,2.1725595242707,1.582,0,0
11456,2.1725595255703,1.5824,0,0
11457,2.1725595268699,1.5828,0,0
11458,2.1725595281695,1.5832,0,0
11459,2.1725595294691,1.5836,0,0
11460,2.1725595307688,1.584,0,0
11461,2.1725595320684,1.5844,0,0
11462,2.172559533368,1.5848,0,0
11463,2.1725595346676,1.5852,0,0
11464,2.1725595359672,1.5856,0,0
11465,2.1725595372668,1.586,0,0
11466,2.1725595385665,1.5864,0,0
11467,2.1725595398661,1.5868,0,0
11468,2.1725595411657,1.5872,0,0
11469,2.1725595424653,1.5876,0,0
11470,2.1725595437649,1.588,0,0
11471,2.1725595450645,1.5884,0,0
11472,2.1725595463642,1.5888,0,0
11473,2.1725595476638,1.5892,0,0
11474,2.1725595489634,1.5896,0,0
11475,2.172559550263,1.59,0,0
11476,2.1725595515626,1.5904,0,0
11477,2.1725595528622,1.5908,0,0
11478,2.1725595541619,1.5912,0,0
11479,2.1725595554615,1.5916,0,0
11480,2.1725595567611,1.592,0,0
11481,2.1725595580607,1.5924,0,0
11482,2.1725595593603,1.5928,0,0
11483,2.1725595606599,1.5932,0,0
11484,2.1725595619596,1.5936,0,0
11485,2.1725595632592,1.594,0,0
11486,2.1725595645588,1.5944,0,0
11487,2.1725595658584,1.5948,0,0
11488,2.172559567158,1.5952,0,0
11489,2.1725595684576,1.5956,0,0
11490,2.1725595697573,1.596,0,0
11491,2.1725595710569,1.5964,0,0
11492,2.1725595723565,1.5968,0,0
11493,2.1725595736561,1.5972,0,0
11494,2.1725595749557,1.5976,0,0
11495,2.1725595762554,1.598,0,0
11496,2.172559577555,1.5984,0,0
11497,2.1725595788546,1.5988,0,0
11498,2.1725595801542,1.5992,0,0
11499,2.1725595814538,1.5996,0,0
11500,2.1725595827534,1.6,0,0
11501,2.1725595840531,1.6004,0,0
11502,2.1725595853527,1.6008,0,0
11503,2.1725595866523,1.6012,0,0
11504,2.1725595879519,1.6016,0,0
11505,2.1725595892515,1.602,0,0
11506,2.1725595905511,1.6024,0,0
11507,2.1725595918508,1.6028,0,0
11508,2.1725595931504,1.6032,0,0
11509,2.17255959445,1.6036,0,0
11510,2.1725595957496,1.604,0,0
11511,2.1725595970492,1.6044,0,0
11512,2.1725595983488,1.6048,0,0
11513,2.1725595996485,1.6052,0,0
11514,2.1725596009481,1.6056,0,0
11515,2.1725596022477,1.606,0,0
11516,2.1725596035473,1.6064,0,0
11517,2.1725596048469,1.6068,0,0
11518,2.1725596061465,1.6072,0,0
11519,2.1725596074462,1.6076,0,0
11520,2.1725596087458,1.608,0,0
11521,2.1725596100454,1.6084,0,0
11522,2.172559611345,1.6088,0,0
11523,2.1725596126446,1.6092,0,0
11524,2.1725596139442,1.6096,0,0
11525,2.1725596152439,1.61,0,0
11526,2.1725596165435,1.6104,0,0
11527,2.1725596178431,1.6108,0,0
11528,2.1725596191427,1.6112,0,0
11529,2.1725596204423,1.6116,0,0
11530,2.1725596217419,1.612,0,0
11531,2.1725596230416,1.6124,0,0
11532,2.1725596243412,1.6128,0,0
11533,2.1725596256408,1.6132,0,0
11534,2.1725596269404,1.6136,0,0
11535,2.17255962824,1.614,0,0
11536,2.1725596295396,1.6144,0,0
11537,2.1725596308393,1.6148,0,0
11538,2.1725596321389,1.6152,0,0
11539,2.1725596334385,1.6156,0,0
11540,2.1725596347381,1.616,0,0
11541,2.1725596360377,1.6164,0,0
11542,2.1725596373373,1.6168,0,0
11543,2.172559638637,1.6172,0,0
11544,2.1725596399366,1.6176,0,0
11545,2.1725596412362,1.618,0,0
11546,2.1725596425358,1.6184,0,0
11547,2.1725596438354,1.6188,0,0
11548,2.172559645135,1.6192,0,0
11549,2.1725596464347,1.6196,0,0
11550,2.1725596477343,1.62,0,0
11551,2.1725596490339,1.6204,0,0
11552,2.1725596503335,1.6208,0,0
11553,2.1725596516331,1.6212,0,0
11554,2.1725596529327,1.6216,0,0
11555,2.1725596542324,1.622,0,0
11556,2.172559655532,1.6224,0,0
11557,2.1725596568316,1.6228,0,0
11558,2.1725596581312,1.6232,0,0
11559,2.1725596594308,1.6236,0,0
11560,2.1725596607304,1.624,0,0
11561,2.1725596620301,1.6244,0,0
11562,2.1725596633297,1.6248,0,0
11563,2.1725596646293,1.6252,0,0
11564,2.1725596659289,1.6256,0,0
11565,2.1725596672285,1.626,0,0
11566,2.1725596685281,1.6264,0,0
11567,2.1725596698278,1.6268,0,0
11568,2.1725596711274,1.6272,0,0
11569,2.172559672427,1.6276,0,0
11570,2.1725596737266,1.628,0,0
11571,2.1725596750262,1.6284,0,0
11572,2.1725596763258,1.6288,0,0
11573,2.1725596776255,1.6292,0,0
11574,2.1725596789251,1.6296,0,0
11575,2.1725596802247,1.63,0,0
11576,2.1725596815243,1.6304,0,0
11577,2.1725596828239,1.6308,0,0
11578,2.1725596841235,1.6312,0,0
11579,2.1725596854232,1.6316,0,0
11580,2.1725596867228,1.632,0,0
11581,2.1725596880224,1.6324,0,0
11582,2.172559689322,1.6328,0,0
11583,2.1725596906216,1.6332,0,0
11584,2.1725596919213,1.6336,0,0
11585,2.1725596932209,1.634,0,0
11586,2.1725596945205,1.6344,0,0
11587,2.1725596958201,1.6348,0,0
11588,2.1725596971197,1.6352,0,0
11589,2.1725596984193,1.6356,0,0
11590,2.172559699719,1.636,0,0
11591,2.1725597010186,1.6364,0,0
11592,2.1725597023182,1.6368,0,0
11593,2.1725597036178,1.6372,0,0
11594,2.1725597049174,1.6376,0,0
11595,2.172559706217,1.638,0,0
11596,2.1725597075167,1.6384,0,0
11597,2.1725597088163,1.6388,0,0
11598,2.1725597101159,1.6392,0,0
11599,2.1725597114155,1.6396,0,0
11600,2.1725597127151,1.64,0,0
11601,2.1725597140147,1.6404,0,0
11602,2.1725597153144,1.6408,0,0
11603,2.172559716614,1.6412,0,0
11604,2.1725597179136,1.6416,0,0
11605,2.1725597192132,1.642,0,0
11606,2.1725597205128,1.6424,0,0
11607,2.1725597218124,1.6428,0,0
11608,2.1725597231121,1.6432,0,0
11609,2.1725597244117,1.6436,0,0
11610,2.1725597257113,1.644,0,0
11611,2.1725597270109,1.6444,0,0
11612,2.1725597283105,1.6448,0,0
11613,2.1725597296101,1.6452,0,0
11614,2.1725597309098,1.6456,0,0
11615,2.1725597322094,1.646,0,0
11616,2.172559733509,1.6464,0,0
11617,2.1725597348086,1.6468,0,0
11618,2.1725597361082,1.6472,0,0
11619,2.1725597374078,1.6476,0,0
11620,2.1725597387075,1.648,0,0
11621,2.1725597400071,1.6484,0,0
11622,2.1725597413067,1.6488,0,0
11623,2.1725597426063,1.6492,0,0
11624,2.1725597439059,1.6496,0,0
11625,2.1725597452055,1.65,0,0
11626,2.1725597465052,1.6504,0,0
11627,2.1725597478048,1.6508,0,0
11628,2.1725597491044,1.6512,0,0
11629,2.172559750404,1.6516,0,0
11630,2.1725597517036,1.652,0,0
11631,2.1725597530032,1.6524,0,0
11632,2.1725597543029,1.6528,0,0
11633,2.1725597556025,1.6532,0,0
11634,2.1725597569021,1.6536,0,0
11635,2.1725597582017,1.654,0,0
11636,2.1725597595013,1.6544,0,0
11637,2.1725597608009,1.6548,0,0
11638,2.1725597621006,1.6552,0,0
11639,2.1725597634002,1.6556,0,0
11640,2.1725597646998,1.656,0,0
11641,2.1725597659994,1.6564,0,0
11642,2.172559767299,1.6568,0,0
11643,2.1725597685986,1.6572,0,0
11644,2.1725597698983,1.6576,0,0
11645,2.1725597711979,1.658,0,0
11646,2.1725597724975,1.6584,0,0
11647,2.1725597737971,1.6588,0,0
11648,2.1725597750967,1.6592,0,0
11649,2.1725597763963,1.6596,0,0
11650,2.172559777696,1.66,0,0
11651,2.1725597789956,1.6604,0,0
11652,2.1725597802952,1.6608,0,0
11653,2.1725597815948,1.6612,0,0
11654,2.1725597828944,1.6616,0,0
11655,2.172559784194,1.662,0,0
11656,2.1725597854937,1.6624,0,0
11657,2.1725597867933,1.6628,0,0
11658,2.1725597880929,1.6632,0,0
11659,2.1725597893925,1.6636,0,0
11660,2.1725597906921,1.664,0,0
11661,2.1725597919917,1.6644,0,0
11662,2.1725597932914,1.6648,0,0
11663,2.172559794591,1.6652,0,0
11664,2.1725597958906,1.6656,0,0
11665,2.1725597971902,1.666,0,0
11666,2.1725597984898,1.6664,0,0
11667,2.1725597997895,1.6668,0,0
11668,2.1725598010891,1.6672,0,0
11669,2.1725598023887,1.6676,0,0
11670,2.1725598036883,1.668,0,0
11671,2.1725598049879,1.6684,0,0
11672,2.1725598062875,1.6688,0,0
11673,2.1725598075872,1.6692,0,0
11674,2.1725598088868,1.6696,0,0
11675,2.1725598101864,1.67,0,0
11676,2.172559811486,1.6704,0,0
11677,2.1725598127856,1.6708,0,0
11678,2.1725598140852,1.6712,0,0
11679,2.1725598153849,1.6716,0,0
11680,2.1725598166845,1.672,0,0
11681,2.1725598179841,1.6724,0,0
11682,2.1725598192837,1.6728,0,0
11683,2.1725598205833,1.6732,0,0
11684,2.1725598218829,1.6736,0,0
11685,2.1725598231826,1.674,0,0
11686,2.1725598244822,1.6744,0,0
11687,2.1725598257818,1.6748,0,0
11688,2.1725598270814,1.6752,0,0
11689,2.172559828381,1.6756,0,0
11690,2.1725598296806,1.676,0,0
11691,2.1725598309803,1.6764,0,0
11692,2.1725598322799,1.6768,0,0
11693,2.1725598335795,1.6772,0,0
11694,2.1725598348791,1.6776,0,0
11695,2.1725598361787,1.678,0,0
11696,2.1725598374783,1.6784,0,0
11697,2.172559838778,1.6788,0,0
11698,2.1725598400776,1.6792,0,0
11699,2.1725598413772,1.6796,0,0
11700,2.1725598426768,1.68,0,0
11701,2.1725598439764,1.6804,0,0
11702,2.172559845276,1.6808,0,0
11703,2.1725598465757,1.6812,0,0
11704,2.1725598478753,1.6816,0,0
11705,2.1725598491749,1.682,0,0
11706,2.1725598504745,1.6824,0,0
11707,2.1725598517741,1.6828,0,0
11708,2.1725598530737,1.6832,0,0
11709,2.1725598543734,1.6836,0,0
11710,2.172559855673,1.684,0,0
11711,2.1725598569726,1.6844,0,0
11712,2.1725598582722,1.6848,0,0
11713,2.1725598595718,1.6852,0,0
11714,2.1725598608714,1.6856,0,0
11715,2.1725598621711,1.686,0,0
11716,2.1725598634707,1.6864,0,0
11717,2.1725598647703,1.6868,0,0
11718,2.1725598660699,1.6872,0,0
11719,2.1725598673695,1.6876,0,0
11720,2.1725598686691,1.688,0,0
11721,2.1725598699688,1.6884,0,0
11722,2.1725598712684,1.6888,0,0
11723,2.172559872568,1.6892,0,0
11724,2.1725598738676,1.6896,0,0
11725,2.1725598751672,1.69,0,0
11726,2.1725598764668,1.6904,0,0
11727,2.1725598777665,1.6908,0,0
11728,2.1725598790661,1.6912,0,0
11729,2.1725598803657,1.6916,0,0
11730,2.1725598816653,1.692,0,0
11731,2.1725598829649,1.6924,0,0
11732,2.1725598842645,1.6928,0,0
11733,2.1725598855642,1.6932,0,0
11734,2.1725598868638,1.6936,0,0
11735,2.1725598881634,1.694,0,0
11736,2.172559889463,1.6944,0,0
11737,2.1725598907626,1.6948,0,0
11738,2.1725598920622,1.6952,0,0
11739,2.1725598933619,1.6956,0,0
11740,2.1725598946615,1.696,0,0
11741,2.1725598959611,1.6964,0,0
11742,2.1725598972607,1.6968,0,0
11743,2.1725598985603,1.6972,0,0
11744,2.1725598998599,1.6976,0,0
11745,2.1725599011596,1.698,0,0
11746,2.1725599024592,1.6984,0,0
11747,2.1725599037588,1.6988,0,0
11748,2.1725599050584,1.6992,0,0
11749,2.172559906358,1.6996,0,0
11750,2.1725599076577,1.7,0,0
11751,2.1725599089573,1.7004,0,0
11752,2.1725599102569,1.7008,0,0
11753,2.1725599115565,1.7012,0,0
11754,2.1725599128561,1.7016,0,0
11755,2.1725599141557,1.702,0,0
11756,2.1725599154554,1.7024,0,0
11757,2.172559916755,1.7028,0,0
11758,2.1725599180546,1.7032,0,0
11759,2.1725599193542,1.7036,0,0
11760,2.1725599206538,1.704,0,0
11761,2.1725599219534,1.7044,0,0
11762,2.1725599232531,1.7048,0,0
11763,2.1725599245527,1.7052,0,0
11764,2.1725599258523,1.7056,0,0
11765,2.1725599271519,1.706,0,0
11766,2.1725599284515,1.7064,0,0
11767,2.1725599297511,1.7068,0,0
11768,2.1725599310508,1.7072,0,0
11769,2.1725599323504,1.7076,0,0
11770,2.17255993365,1.708,0,0
11771,2.1725599349496,1.7084,0,0
11772,2.1725599362492,1.7088,0,0
11773,2.1725599375488,1.7092,0,0
11774,2.1725599388485,1.7096,0,0
11775,2.1725599401481,1.71,0,0
11776,2.1725599414477,1.7104,0,0
11777,2.1725599427473,1.7108,0,0
11778,2.1725599440469,1.7112,0,0
11779,2.1725599453465,1.7116,0,0
11780,2.1725599466462,1.712,0,0
11781,2.1725599479458,1.7124,0,0
11782,2.1725599492454,1.7128,0,0
11783,2.172559950545,1.7132,0,0
11784,2.1725599518446,1.7136,0,0
11785,2.1725599531442,1.714,0,0
11786,2.1725599544439,1.7144,0,0
11787,2.1725599557435,1.7148,0,0
11788,2.1725599570431,1.7152,0,0
11789,2.1725599583427,1.7156,0,0
11790,2.1725599596423,1.716,0,0
11791,2.1725599609419,1.7164,0,0
11792,2.1725599622416,1.7168,0,0
11793,2.1725599635412,1.7172,0,0
11794,2.1725599648408,1.7176,0,0
11795,2.1725599661404,1.718,0,0
11796,2.17255996744,1.7184,0,0
11797,2.1725599687396,1.7188,0,0
11798,2.1725599700393,1.7192,0,0
11799,2.1725599713389,1.7196,0,0
11800,2.1725599726385,1.72,0,0
11801,2.1725599739381,1.7204,0,0
11802,2.1725599752377,1.7208,0,0
11803,2.1725599765373,1.7212,0,0
11804,2.172559977837,1.7216,0,0
11805,2.1725599791366,1.722,0,0
11806,2.1725599804362,1.7224,0,0
11807,2.1725599817358,1.7228,0,0
11808,2.1725599830354,1.7232,0,0
11809,2.172559984335,1.7236,0,0
11810,2.1725599856347,1.724,0,0
11811,2.1725599869343,1.7244,0,0
11812,2.1725599882339,1.7248,0,0
11813,2.1725599895335,1.7252,0,0
11814,2.1725599908331,1.7256,0,0
11815,2.1725599921327,1.726,0,0
11816,2.1725599934324,1.7264,0,0
11817,2.172559994732,1.7268,0,0
11818,2.1725599960316,1.7272,0,0
11819,2.1725599973312,1.7276,0,0
11820,2.1725599986308,1.728,0,0
11821,2.1725599999304,1.7284,0,0
11822,2.1725600012301,1.7288,0,0
11823,2.1725600025297,1.7292,0,0
11824,2.1725600038293,1.7296,0,0
11825,2.1725600051289,1.73,0,0
11826,2.1725600064285,1.7304,0,0
11827,2.1725600077281,1.7308,0,0
11828,2.1725600090278,1.7312,0,0
11829,2.1725600103274,1.7316,0,0
11830,2.172560011627,1.732,0,0
11831,2.1725600129266,1.7324,0,0
11832,2.1725600142262,1.7328,0,0
11833,2.1725600155259,1.7332,0,0
11834,2.1725600168255,1.7336,0,0
11835,2.1725600181251,1.734,0,0
11836,2.1725600194247,1.7344,0,0
11837,2.1725600207243,1.7348,0,0
11838,2.1725600220239,1.7352,0,0
11839,2.1725600233236,1.7356,0,0
11840,2.1725600246232,1.736,0,0
11841,2.1725600259228,1.7364,0,0
11842,2.1725600272224,1.7368,0,0
11843,2.172560028522,1.7372,0,0
11844,2.1725600298216,1.7376,0,0
11845,2.1725600311213,1.738,0,0
11846,2.1725600324209,1.7384,0,0
11847,2.1725600337205,1.7388,0,0
11848,2.1725600350201,1.7392,0,0
11849,2.1725600363197,1.7396,0,0
11850,2.1725600376193,1.74,0,0
11851,2.172560038919,1.7404,0,0
11852,2.1725600402186,1.7408,0,0
11853,2.1725600415182,1.7412,0,0
11854,2.1725600428178,1.7416,0,0
11855,2.1725600441174,1.742,0,0
11856,2.172560045417,1.7424,0,0
11857,2.1725600467167,1.7428,0,0
11858,2.1725600480163,1.7432,0,0
11859,2.1725600493159,1.7436,0,0
11860,2.1725600506155,1.744,0,0
11861,2.1725600519151,1.7444,0,0
11862,2.1725600532147,1.7448,0,0
11863,2.1725600545144,1.7452,0,0
11864,2.172560055814,1.7456,0,0
11865,2.1725600571136,1.746,0,0
11866,2.1725600584132,1.7464,0,0
11867,2.1725600597128,1.7468,0,0
11868,2.1725600610124,1.7472,0,0
11869,2.1725600623121,1.7476,0,0
11870,2.1725600636117,1.748,0,0
11871,2.1725600649113,1.7484,0,0
11872,2.1725600662109,1.7488,0,0
11873,2.1725600675105,1.7492,0,0
11874,2.1725600688101,1.7496,0,0
11875,2.1725600701098,1.75,0,0
11876,2.1725600714094,1.7504,0,0
11877,2.172560072709,1.7508,0,0
11878,2.1725600740086,1.7512,0,0
11879,2.1725600753082,1.7516,0,0
11880,2.1725600766078,1.752,0,0
11881,2.1725600779075,1.7524,0,0
11882,2.1725600792071,1.7528,0,0
11883,2.1725600805067,1.7532,0,0
11884,2.1725600818063,1.7536,0,0
11885,2.1725600831059,1.754,0,0
11886,2.1725600844055,1.7544,0,0
11887,2.1725600857052,1.7548,0,0
11888,2.1725600870048,1.7552,0,0
11889,2.1725600883044,1.7556,0,0
11890,2.172560089604,1.756,0,0
11891,2.1725600909036,1.7564,0,0
11892,2.1725600922032,1.7568,0,0
11893,2.1725600935029,1.7572,0,0
11894,2.1725600948025,1.7576,0,0
11895,2.1725600961021,1.758,0,0
11896,2.1725600974017,1.7584,0,0
11897,2.1725600987013,1.7588,0,0
11898,2.1725601000009,1.7592,0,0
11899,2.1725601013006,1.7596,0,0
11900,2.1725601026002,1.76,0,0
11901,2.1725601038998,1.7604,0,0
11902,2.1725601051994,1.7608,0,0
11903,2.172560106499,1.7612,0,0
11904,2.1725601077986,1.7616,0,0
11905,2.1725601090983,1.762,0,0
11906,2.1725601103979,1.7624,0,0
11907,2.1725601116975,1.7628,0,0
11908,2.1725601129971,1.7632,0,0
11909,2.1725601142967,1.7636,0,0
11910,2.1725601155963,1.764,0,0
11911,2.172560116896,1.7644,0,0
11912,2.1725601181956,1.7648,0,0
11913,2.1725601194952,1.7652,0,0
11914,2.1725601207948,1.7656,0,0
11915,2.1725601220944,1.766,0,0
11916,2.172560123394,1.7664,0,0
11917,2.1725601246937,1.7668,0,0
11918,2.1725601259933,1.7672,0,0
11919,2.1725601272929,1.7676,0,0
11920,2.1725601285925,1.768,0,0
11921,2.1725601298921,1.7684,0,0
11922,2.1725601311918,1.7688,0,0
11923,2.1725601324914,1.7692,0,0
11924,2.172560133791,1.7696,0,0
11925,2.1725601350906,1.77,0,0
11926,2.1725601363902,1.7704,0,0
11927,2.1725601376898,1.7708,0,0
11928,2.1725601389895,1.7712,0,0
11929,2.1725601402891,1.7716,0,0
11930,2.1725601415887,1.772,0,0
11931,2.1725601428883,1.7724,0,0
11932,2.1725601441879,1.7728,0,0
11933,2.1725601454875,1.7732,0,0
11934,2.1725601467872,1.7736,0,0
11935,2.1725601480868,1.774,0,0
11936,2.1725601493864,1.7744,0,0
11937,2.172560150686,1.7748,0,0
11938,2.1725601519856,1.7752,0,0
11939,2.1725601532852,1.7756,0,0
11940,2.1725601545849,1.776,0,0
11941,2.1725601558845,1.7764,0,0
11942,2.1725601571841,1.7768,0,0
11943,2.1725601584837,1.7772,0,0
11944,2.1725601597833,1.7776,0,0
11945,2.1725601610829,1.778,0,0
11946,2.1725601623826,1.7784,0,0
11947,2.1725601636822,1.7788,0,0
11948,2.1725601649818,1.7792,0,0
11949,2.1725601662814,1.7796,0,0
11950,2.172560167581,1.78,0,0
11951,2.1725601688806,1.7804,0,0
11952,2.1725601701803,1.7808,0,0
11953,2.1725601714799,1.7812,0,0
11954,2.1725601727795,1.7816,0,0
11955,2.1725601740791,1.782,0,0
11956,2.1725601753787,1.7824,0,0
11957,2.1725601766783,1.7828,0,0
11958,2.172560177978,1.7832,0,0
11959,2.1725601792776,1.7836,0,0
11960,2.1725601805772,1.784,0,0
11961,2.1725601818768,1.7844,0,0
11962,2.1725601831764,1.7848,0,0
11963,2.172560184476,1.7852,0,0
11964,2.1725601857757,1.7856,0,0
11965,2.1725601870753,1.786,0,0
11966,2.1725601883749,1.7864,0,0
11967,2.1725601896745,1.7868,0,0
11968,2.1725601909741,1.7872,0,0
11969,2.1725601922737,1.7876,0,0
11970,2.1725601935734,1.788,0,0
11971,2.172560194873,1.7884,0,0
11972,2.1725601961726,1.7888,0,0
11973,2.1725601974722,1.7892,0,0
11974,2.1725601987718,1.7896,0,0
11975,2.1725602000714,1.79,0,0
11976,2.1725602013711,1.7904,0,0
11977,2.1725602026707,1.7908,0,0
11978,2.1725602039703,1.7912,0,0
11979,2.1725602052699,1.7916,0,0
11980,2.1725602065695,1.792,0,0
11981,2.1725602078691,1.7924,0,0
11982,2.1725602091688,1.7928,0,0
11983,2.1725602104684,1.7932,0,0
11984,2.172560211768,1.7936,0,0
11985,2.1725602130676,1.794,0,0
11986,2.1725602143672,1.7944,0,0
11987,2.1725602156668,1.7948,0,0
11988,2.1725602169665,1.7952,0,0
11989,2.1725602182661,1.7956,0,0
11990,2.1725602195657,1.796,0,0
11991,2.1725602208653,1.7964,0,0
11992,2.1725602221649,1.7968,0,0
11993,2.1725602234645,1.7972,0,0
11994,2.1725602247642,1.7976,0,0
11995,2.1725602260638,1.798,0,0
11996,2.1725602273634,1.7984,0,0
11997,2.172560228663,1.7988,0,0
11998,2.1725602299626,1.7992,0,0
11999,2.1725602312622,1.7996,0,0
12000,2.1725602325619,1.8,0,0
12001,2.1725602338615,1.8004,0,0
12002,2.1725602351611,1.8008,0,0
12003,2.1725602364607,1.8012,0,0
12004,2.1725602377603,1.8016,0,0
12005,2.1725602390599,1.802,0,0
12006,2.1725602403596,1.8024,0,0
12007,2.1725602416592,1.8028,0,0
12008,2.1725602429588,1.8032,0,0
12009,2.1725602442584,1.8036,0,0
12010,2.172560245558,1.804,0,0
12011,2.1725602468577,1.8044,0,0
12012,2.1725602481573,1.8048,0,0
12013,2.1725602494569,1.8052,0,0
12014,2.1725602507565,1.8056,0,0
12015,2.1725602520561,1.806,0,0
12016,2.1725602533557,1.8064,0,0
12017,2.1725602546554,1.8068,0,0
12018,2.172560255955,1.8072,0,0
12019,2.1725602572546,1.8076,0,0
12020,2.1725602585542,1.808,0,0
12021,2.1725602598538,1.8084,0,0
12022,2.1725602611534,1.8088,0,0
12023,2.1725602624531,1.8092,0,0
12024,2.1725602637527,1.8096,0,0
12025,2.1725602650523,1.81,0,0
12026,2.1725602663519,1.8104,0,0
12027,2.1725602676515,1.8108,0,0
12028,2.1725602689511,1.8112,0,0
12029,2.1725602702508,1.8116,0,0
12030,2.1725602715504,1.812,0,0
12031,2.17256027285,1.8124,0,0
12032,2.1725602741496,1.8128,0,0
12033,2.1725602754492,1.8132,0,0
12034,2.1725602767488,1.8136,0,0
12035,2.1725602780485,1.814,0,0
12036,2.1725602793481,1.8144,0,0
12037,2.1725602806477,1.8148,0,0
12038,2.1725602819473,1.8152,0,0
12039,2.1725602832469,1.8156,0,0
12040,2.1725602845465,1.816,0,0
12041,2.1725602858462,1.8164,0,0
12042,2.1725602871458,1.8168,0,0
12043,2.1725602884454,1.8172,0,0
12044,2.172560289745,1.8176,0,0
12045,2.1725602910446,1.818,0,0
12046,2.1725602923442,1.8184,0,0
12047,2.1725602936439,1.8188,0,0
12048,2.1725602949435,1.8192,0,0
12049,2.1725602962431,1.8196,0,0
12050,2.1725602975427,1.82,0,0
12051,2.1725602988423,1.8204,0,0
12052,2.1725603001419,1.8208,0,0
12053,2.1725603014416,1.8212,0,0
12054,2.1725603027412,1.8216,0,0
12055,2.1725603040408,1.822,0,0
12056,2.1725603053404,1.8224,0,0
12057,2.17256030664,1.8228,0,0
12058,2.1725603079396,1.8232,0,0
12059,2.1725603092393,1.8236,0,0
12060,2.1725603105389,1.824,0,0
12061,2.1725603118385,1.8244,0,0
12062,2.1725603131381,1.8248,0,0
12063,2.1725603144377,1.8252,0,0
12064,2.1725603157373,1.8256,0,0
12065,2.172560317037,1.826,0,0
12066,2.1725603183366,1.8264,0,0
12067,2.1725603196362,1.8268,0,0
12068,2.1725603209358,1.8272,0,0
12069,2.1725603222354,1.8276,0,0
12070,2.172560323535,1.828,0,0
12071,2.1725603248347,1.8284,0,0
12072,2.1725603261343,1.8288,0,0
12073,2.1725603274339,1.8292,0,0
12074,2.1725603287335,1.8296,0,0
12075,2.1725603300331,1.83,0,0
12076,2.1725603313327,1.8304,0,0
12077,2.1725603326324,1.8308,0,0
12078,2.172560333932,1.8312,0,0
12079,2.1725603352316,1.8316,0,0
12080,2.1725603365312,1.832,0,0
12081,2.1725603378308,1.8324,0,0
12082,2.1725603391304,1.8328,0,0
12083,2.1725603404301,1.8332,0,0
12084,2.1725603417297,1.8336,0,0
12085,2.1725603430293,1.834,0,0
12086,2.1725603443289,1.8344,0,0
12087,2.1725603456285,1.8348,0,0
12088,2.1725603469281,1.8352,0,0
12089,2.1725603482278,1.8356,0,0
12090,2.1725603495274,1.836,0,0
12091,2.172560350827,1.8364,0,0
12092,2.1725603521266,1.8368,0,0
12093,2.1725603534262,1.8372,0,0
12094,2.1725603547258,1.8376,0,0
12095,2.1725603560255,1.838,0,0
12096,2.1725603573251,1.8384,0,0
12097,2.1725603586247,1.8388,0,0
12098,2.1725603599243,1.8392,0,0
12099,2.1725603612239,1.8396,0,0
12100,2.1725603625236,1.84,0,0
12101,2.1725603638232,1.8404,0,0
12102,2.1725603651228,1.8408,0,0
12103,2.1725603664224,1.8412,0,0
12104,2.172560367722,1.8416,0,0
12105,2.1725603690216,1.842,0,0
12106,2.1725603703213,1.8424,0,0
12107,2.1725603716209,1.8428,0,0
12108,2.1725603729205,1.8432,0,0
12109,2.1725603742201,1.8436,0,0
12110,2.1725603755197,1.844,0,0
12111,2.1725603768193,1.8444,0,0
12112,2.172560378119,1.8448,0,0
12113,2.1725603794186,1.8452,0,0
12114,2.1725603807182,1.8456,0,0
12115,2.1725603820178,1.846,0,0
12116,2.1725603833174,1.8464,0,0
12117,2.172560384617,1.8468,0,0
12118,2.1725603859167,1.8472,0,0
12119,2.1725603872163,1.8476,0,0
12120,2.1725603885159,1.848,0,0
12121,2.1725603898155,1.8484,0,0
12122,2.1725603911151,1.8488,0,0
12123,2.1725603924147,1.8492,0,0
12124,2.1725603937144,1.8496,0,0
12125,2.172560395014,1.85,0,0
12126,2.1725603963136,1.8504,0,0
12127,2.1725603976132,1.8508,0,0
12128,2.1725603989128,1.8512,0,0
12129,2.1725604002124,1.8516,0,0
12130,2.1725604015121,1.852,0,0
12131,2.1725604028117,1.8524,0,0
12132,2.1725604041113,1.8528,0,0
12133,2.1725604054109,1.8532,0,0
12134,2.1725604067105,1.8536,0,0
12135,2.1725604080101,1.854,0,0
12136,2.1725604093098,1.8544,0,0
12137,2.1725604106094,1.8548,0,0
12138,2.172560411909,1.8552,0,0
12139,2.1725604132086,1.8556,0,0
12140,2.1725604145082,1.856,0,0
12141,2.1725604158078,1.8564,0,0
12142,2.1725604171075,1.8568,0,0
12143,2.1725604184071,1.8572,0,0
12144,2.1725604197067,1.8576,0,0
12145,2.1725604210063,1.858,0,0
12146,2.1725604223059,1.8584,0,0
12147,2.1725604236055,1.8588,0,0
12148,2.1725604249052,1.8592,0,0
12149,2.1725604262048,1.8596,0,0
12150,2.1725604275044,1.86,0,0
12151,2.172560428804,1.8604,0,0
12152,2.1725604301036,1.8608,0,0
12153,2.1725604314032,1.8612,0,0
12154,2.1725604327029,1.8616,0,0
12155,2.1725604340025,1.862,0,0
12156,2.1725604353021,1.8624,0,0
12157,2.1725604366017,1.8628,0,0
12158,2.1725604379013,1.8632,0,0
12159,2.1725604392009,1.8636,0,0
12160,2.1725604405006,1.864,0,0
12161,2.1725604418002,1.8644,0,0
12162,2.1725604430998,1.8648,0,0
12163,2.1725604443994,1.8652,0,0
12164,2.172560445699,1.8656,0,0
12165,2.1725604469986,1.866,0,0
12166,2.1725604482983,1.8664,0,0
12167,2.1725604495979,1.8668,0,0
12168,2.1725604508975,1.8672,0,0
12169,2.1725604521971,1.8676,0,0
12170,2.1725604534967,1.868,0,0
12171,2.1725604547963,1.8684,0,0
12172,2.172560456096,1.8688,0,0
12173,2.1725604573956,1.8692,0,0
12174,2.1725604586952,1.8696,0,0
12175,2.1725604599948,1.87,0,0
12176,2.1725604612944,1.8704,0,0
12177,2.172560462594,1.8708,0,0
12178,2.1725604638937,1.8712,0,0
12179,2.1725604651933,1.8716,0,0
12180,2.1725604664929,1.872,0,0
12181,2.1725604677925,1.8724,0,0
12182,2.1725604690921,1.8728,0,0
12183,2.1725604703917,1.8732,0,0
12184,2.1725604716914,1.8736,0,0
12185,2.172560472991,1.874,0,0
12186,2.1725604742906,1.8744,0,0
12187,2.1725604755902,1.8748,0,0
12188,2.1725604768898,1.8752,0,0
12189,2.1725604781895,1.8756,0,0
12190,2.1725604794891,1.876,0,0
12191,2.1725604807887,1.8764,0,0
12192,2.1725604820883,1.8768,0,0
12193,2.1725604833879,1.8772,0,0
12194,2.1725604846875,1.8776,0,0
12195,2.1725604859872,1.878,0,0
12196,2.1725604872868,1.8784,0,0
12197,2.1725604885864,1.8788,0,0
12198,2.172560489886,1.8792,0,0
12199,2.1725604911856,1.8796,0,0
12200,2.1725604924852,1.88,0,0
12201,2.1725604937849,1.8804,0,0
12202,2.1725604950845,1.8808,0,0
12203,2.1725604963841,1.8812,0,0
12204,2.1725604976837,1.8816,0,0
12205,2.1725604989833,1.882,0,0
12206,2.1725605002829,1.8824,0,0
12207,2.1725605015826,1.8828,0,0
12208,2.1725605028822,1.8832,0,0
12209,2.1725605041818,1.8836,0,0
12210,2.1725605054814,1.884,0,0
12211,2.172560506781,1.8844,0,0
12212,2.1725605080806,1.8848,0,0
12213,2.1725605093803,1.8852,0,0
12214,2.1725605106799,1.8856,0,0
12215,2.1725605119795,1.886,0,0
12216,2.1725605132791,1.8864,0,0
12217,2.1725605145787,1.8868,0,0
12218,2.1725605158783,1.8872,0,0
12219,2.172560517178,1.8876,0,0
12220,2.1725605184776,1.888,0,0
12221,2.1725605197772,1.8884,0,0
12222,2.1725605210768,1.8888,0,0
12223,2.1725605223764,1.8892,0,0
12224,2.172560523676,1.8896,0,0
12225,2.1725605249757,1.89,0,0
12226,2.1725605262753,1.8904,0,0
12227,2.1725605275749,1.8908,0,0
12228,2.1725605288745,1.8912,0,0
12229,2.1725605301741,1.8916,0,0
12230,2.1725605314737,1.892,0,0
12231,2.1725605327734,1.8924,0,0
12232,2.172560534073,1.8928,0,0
12233,2.1725605353726,1.8932,0,0
12234,2.1725605366722,1.8936,0,0
12235,2.1725605379718,1.894,0,0
12236,2.1725605392714,1.8944,0,0
12237,2.1725605405711,1.8948,0,0
12238,2.1725605418707,1.8952,0,0
12239,2.1725605431703,1.8956,0,0
12240,2.1725605444699,1.896,0,0
12241,2.1725605457695,1.8964,0,0
12242,2.1725605470691,1.8968,0,0
12243,2.1725605483688,1.8972,0,0
12244,2.1725605496684,1.8976,0,0
12245,2.172560550968,1.898,0,0
12246,2.1725605522676,1.8984,0,0
12247,2.1725605535672,1.8988,0,0
12248,2.1725605548668,1.8992,0,0
12249,2.1725605561665,1.8996,0,0
12250,2.1725605574661,1.9,0,0
12251,2.1725605587657,1.9004,0,0
12252,2.1725605600653,1.9008,0,0
12253,2.1725605613649,1.9012,0,0
12254,2.1725605626645,1.9016,0,0
12255,2.1725605639642,1.902,0,0
12256,2.1725605652638,1.9024,0,0
12257,2.1725605665634,1.9028,0,0
12258,2.172560567863,1.9032,0,0
12259,2.1725605691626,1.9036,0,0
12260,2.1725605704622,1.904,0,0
12261,2.1725605717619,1.9044,0,0
12262,2.1725605730615,1.9048,0,0
12263,2.1725605743611,1.9052,0,0
12264,2.1725605756607,1.9056,0,0
12265,2.1725605769603,1.906,0,0
12266,2.1725605782599,1.9064,0,0
12267,2.1725605795596,1.9068,0,0
12268,2.1725605808592,1.9072,0,0
12269,2.1725605821588,1.9076,0,0
12270,2.1725605834584,1.908,0,0
12271,2.172560584758,1.9084,0,0
12272,2.1725605860576,1.9088,0,0
12273,2.1725605873573,1.9092,0,0
12274,2.1725605886569,1.9096,0,0
12275,2.1725605899565,1.91,0,0
12276,2.1725605912561,1.9104,0,0
12277,2.1725605925557,1.9108,0,0
12278,2.1725605938554,1.9112,0,0
12279,2.172560595155,1.9116,0,0
12280,2.1725605964546,1.912,0,0
12281,2.1725605977542,1.9124,0,0
12282,2.1725605990538,1.9128,0,0
12283,2.1725606003534,1.9132,0,0
12284,2.1725606016531,1.9136,0,0
12285,2.1725606029527,1.914,0,0
12286,2.1725606042523,1.9144,0,0
12287,2.1725606055519,1.9148,0,0
12288,2.1725606068515,1.9152,0,0
12289,2.1725606081511,1.9156,0,0
12290,2.1725606094508,1.916,0,0
12291,2.1725606107504,1.9164,0,0
12292,2.17256061205,1.9168,0,0
12293,2.1725606133496,1.9172,0,0
12294,2.1725606146492,1.9176,0,0
12295,2.1725606159488,1.918,0,0
12296,2.1725606172485,1.9184,0,0
12297,2.1725606185481,1.9188,0,0
12298,2.1725606198477,1.9192,0,0
12299,2.1725606211473,1.9196,0,0
12300,2.1725606224469,1.92,0,0
12301,2.1725606237465,1.9204,0,0
12302,2.1725606250462,1.9208,0,0
12303,2.1725606263458,1.9212,0,0
12304,2.1725606276454,1.9216,0,0
12305,2.172560628945,1.922,0,0
12306,2.1725606302446,1.9224,0,0
12307,2.1725606315442,1.9228,0,0
12308,2.1725606328439,1.9232,0,0
12309,2.1725606341435,1.9236,0,0
12310,2.1725606354431,1.924,0,0
12311,2.1725606367427,1.9244,0,0
12312,2.1725606380423,1.9248,0,0
12313,2.1725606393419,1.9252,0,0
12314,2.1725606406416,1.9256,0,0
12315,2.1725606419412,1.926,0,0
12316,2.1725606432408,1.9264,0,0
12317,2.1725606445404,1.9268,0,0
12318,2.17256064584,1.9272,0,0
12319,2.1725606471396,1.9276,0,0
12320,2.1725606484393,1.928,0,0
12321,2.1725606497389,1.9284,0,0
12322,2.1725606510385,1.9288,0,0
12323,2.1725606523381,1.9292,0,0
12324,2.1725606536377,1.9296,0,0
12325,2.1725606549373,1.93,0,0
12326,2.172560656237,1.9304,0,0
12327,2.1725606575366,1.9308,0,0
12328,2.1725606588362,1.9312,0,0
12329,2.1725606601358,1.9316,0,0
12330,2.1725606614354,1.932,0,0
12331,2.172560662735,1.9324,0,0
12332,2.1725606640347,1.9328,0,0
12333,2.1725606653343,1.9332,0,0
12334,2.1725606666339,1.9336,0,0
12335,2.1725606679335,1.934,0,0
12336,2.1725606692331,1.9344,0,0
12337,2.1725606705327,1.9348,0,0
12338,2.1725606718324,1.9352,0,0
12339,2.172560673132,1.9356,0,0
12340,2.1725606744316,1.936,0,0
12341,2.1725606757312,1.9364,0,0
12342,2.1725606770308,1.9368,0,0
12343,2.1725606783304,1.9372,0,0
12344,2.1725606796301,1.9376,0,0
12345,2.1725606809297,1.938,0,0
12346,2.1725606822293,1.9384,0,0
12347,2.1725606835289,1.9388,0,0
12348,2.1725606848285,1.9392,0,0
12349,2.1725606861281,1.9396,0,0
12350,2.1725606874278,1.94,0,0
12351,2.1725606887274,1.9404,0,0
12352,2.172560690027,1.9408,0,0
12353,2.1725606913266,1.9412,0,0
12354,2.1725606926262,1.9416,0,0
12355,2.1725606939258,1.942,0,0
12356,2.1725606952255,1.9424,0,0
12357,2.1725606965251,1.9428,0,0
12358,2.1725606978247,1.9432,0,0
12359,2.1725606991243,1.9436,0,0
12360,2.1725607004239,1.944,0,0
12361,2.1725607017235,1.9444,0,0
12362,2.1725607030232,1.9448,0,0
12363,2.1725607043228,1.9452,0,0
12364,2.1725607056224,1.9456,0,0
12365,2.172560706922,1.946,0,0
12366,2.1725607082216,1.9464,0,0
12367,2.1725607095213,1.9468,0,0
12368,2.1725607108209,1.9472,0,0
12369,2.1725607121205,1.9476,0,0
12370,2.1725607134201,1.948,0,0
12371,2.1725607147197,1.9484,0,0
12372,2.1725607160193,1.9488,0,0
12373,2.172560717319,1.9492,0,0
12374,2.1725607186186,1.9496,0,0
12375,2.1725607199182,1.95,0,0
12376,2.1725607212178,1.9504,0,0
12377,2.1725607225174,1.9508,0,0
12378,2.172560723817,1.9512,0,0
12379,2.1725607251167,1.9516,0,0
12380,2.1725607264163,1.952,0,0
12381,2.1725607277159,1.9524,0,0
12382,2.1725607290155,1.9528,0,0
12383,2.1725607303151,1.9532,0,0
12384,2.1725607316147,1.9536,0,0
12385,2.1725607329144,1.954,0,0
12386,2.172560734214,1.9544,0,0
12387,2.1725607355136,1.9548,0,0
12388,2.1725607368132,1.9552,0,0
12389,2.1725607381128,1.9556,0,0
12390,2.1725607394124,1.956,0,0
12391,2.1725607407121,1.9564,0,0
12392,2.1725607420117,1.9568,0,0
12393,2.1725607433113,1.9572,0,0
12394,2.1725607446109,1.9576,0,0
12395,2.1725607459105,1.958,0,0
12396,2.1725607472101,1.9584,0,0
12397,2.1725607485098,1.9588,0,0
12398,2.1725607498094,1.9592,0,0
12399,2.172560751109,1.9596,0,0
12400,2.1725607524086,1.96,0,0
12401,2.1725607537082,1.9604,0,0
12402,2.1725607550078,1.9608,0,0
12403,2.1725607563075,1.9612,0,0
12404,2.1725607576071,1.9616,0,0
12405,2.1725607589067,1.962,0,0
12406,2.1725607602063,1.9624,0,0
12407,2.1725607615059,1.9628,0,0
12408,2.1725607628055,1.9632,0,0
12409,2.1725607641052,1.9636,0,0
12410,2.1725607654048,1.964,0,0
12411,2.1725607667044,1.9644,0,0
12412,2.172560768004,1.9648,0,0
12413,2.1725607693036,1.9652,0,0
12414,2.1725607706032,1.9656,0,0
12415,2.1725607719029,1.966,0,0
12416,2.1725607732025,1.9664,0,0
12417,2.1725607745021,1.9668,0,0
12418,2.1725607758017,1.9672,0,0
12419,2.1725607771013,1.9676,0,0
12420,2.1725607784009,1.968,0,0
12421,2.1725607797006,1.9684,0,0
12422,2.1725607810002,1.9688,0,0
12423,2.1725607822998,1.9692,0,0
12424,2.1725607835994,1.9696,0,0
12425,2.172560784899,1.97,0,0
12426,2.1725607861986,1.9704,0,0
12427,2.1725607874983,1.9708,0,0
12428,2.1725607887979,1.9712,0,0
12429,2.1725607900975,1.9716,0,0
12430,2.1725607913971,1.972,0,0
12431,2.1725607926967,1.9724,0,0
12432,2.1725607939963,1.9728,0,0
12433,2.172560795296,1.9732,0,0
12434,2.1725607965956,1.9736,0,0
12435,2.1725607978952,1.974,0,0
12436,2.1725607991948,1.9744,0,0
12437,2.1725608004944,1.9748,0,0
12438,2.172560801794,1.9752,0,0
12439,2.1725608030937,1.9756,0,0
12440,2.1725608043933,1.976,0,0
12441,2.1725608056929,1.9764,0,0
12442,2.1725608069925,1.9768,0,0
12443,2.1725608082921,1.9772,0,0
12444,2.1725608095917,1.9776,0,0
12445,2.1725608108914,1.978,0,0
12446,2.172560812191,1.9784,0,0
12447,2.1725608134906,1.9788,0,0
12448,2.1725608147902,1.9792,0,0
12449,2.1725608160898,1.9796,0,0
12450,2.1725608173894,1.98,0,0
12451,2.1725608186891,1.9804,0,0
12452,2.1725608199887,1.9808,0,0
12453,2.1725608212883,1.9812,0,0
12454,2.1725608225879,1.9816,0,0
12455,2.1725608238875,1.982,0,0
12456,2.1725608251872,1.9824,0,0
12457,2.1725608264868,1.9828,0,0
12458,2.1725608277864,1.9832,0,0
12459,2.172560829086,1.9836,0,0
12460,2.1725608303856,1.984,0,0
12461,2.1725608316852,1.9844,0,0
12462,2.1725608329849,1.9848,0,0
12463,2.1725608342845,1.9852,0,0
12464,2.1725608355841,1.9856,0,0
12465,2.1725608368837,1.986,0,0
12466,2.1725608381833,1.9864,0,0
12467,2.1725608394829,1.9868,0,0
12468,2.1725608407826,1.9872,0,0
12469,2.1725608420822,1.9876,0,0
12470,2.1725608433818,1.988,0,0
12471,2.1725608446814,1.9884,0,0
12472,2.172560845981,1.9888,0,0
12473,2.1725608472806,1.9892,0,0
12474,2.1725608485803,1.9896,0,0
12475,2.1725608498799,1.99,0,0
12476,2.1725608511795,1.9904,0,0
12477,2.1725608524791,1.9908,0,0
12478,2.1725608537787,1.9912,0,0
12479,2.1725608550783,1.9916,0,0
12480,2.172560856378,1.992,0,0
12481,2.1725608576776,1.9924,0,0
12482,2.1725608589772,1.9928,0,0
12483,2.1725608602768,1.9932,0,0
12484,2.1725608615764,1.9936,0,0
12485,2.172560862876,1.994,0,0
12486,2.1725608641757,1.9944,0,0
12487,2.1725608654753,1.9948,0,0
12488,2.1725608667749,1.9952,0,0
12489,2.1725608680745,1.9956,0,0
12490,2.1725608693741,1.996,0,0
12491,2.1725608706737,1.9964,0,0
12492,2.1725608719734,1.9968,0,0
12493,2.172560873273,1.9972,0,0
12494,2.1725608745726,1.9976,0,0
12495,2.1725608758722,1.998,0,0
12496,2.1725608771718,1.9984,0,0
12497,2.1725608784714,1.9988,0,0
12498,2.1725608797711,1.9992,0,0
12499,2.1725608810707,1.9996,0,0
12500,2.1725608823703,2,0,0
12501,2.1725608836699,2.0004,0,0
12502,2.1725608849695,2.0008,0,0
12503,2.1725608862691,2.0012,0,0
12504,2.1725608875688,2.0016,0,0
12505,2.1725608888684,2.002,0,0
12506,2.172560890168,2.0024,0,0
12507,2.1725608914676,2.0028,0,0
12508,2.1725608927672,2.0032,0,0
12509,2.1725608940668,2.0036,0,0
12510,2.1725608953665,2.004,0,0
12511,2.1725608966661,2.0044,0,0
12512,2.1725608979657,2.0048,0,0
12513,2.1725608992653,2.0052,0,0
12514,2.1725609005649,2.0056,0,0
12515,2.1725609018645,2.006,0,0
12516,2.1725609031642,2.0064,0,0
12517,2.1725609044638,2.0068,0,0
12518,2.1725609057634,2.0072,0,0
12519,2.172560907063,2.0076,0,0
12520,2.1725609083626,2.008,0,0
12521,2.1725609096622,2.0084,0,0
12522,2.1725609109619,2.0088,0,0
12523,2.1725609122615,2.0092,0,0
12524,2.1725609135611,2.0096,0,0
12525,2.1725609148607,2.01,0,0
12526,2.1725609161603,2.0104,0,0
12527,2.1725609174599,2.0108,0,0
12528,2.1725609187596,2.0112,0,0
12529,2.1725609200592,2.0116,0,0
12530,2.1725609213588,2.012,0,0
12531,2.1725609226584,2.0124,0,0
12532,2.172560923958,2.0128,0,0
12533,2.1725609252576,2.0132,0,0
12534,2.1725609265573,2.0136,0,0
12535,2.1725609278569,2.014,0,0
12536,2.1725609291565,2.0144,0,0
12537,2.1725609304561,2.0148,0,0
12538,2.1725609317557,2.0152,0,0
12539,2.1725609330554,2.0156,0,0
12540,2.172560934355,2.016,0,0
12541,2.1725609356546,2.0164,0,0
12542,2.1725609369542,2.0168,0,0
12543,2.1725609382538,2.0172,0,0
12544,2.1725609395534,2.0176,0,0
12545,2.1725609408531,2.018,0,0
12546,2.1725609421527,2.0184,0,0
12547,2.1725609434523,2.0188,0,0
12548,2.1725609447519,2.0192,0,0
12549,2.1725609460515,2.0196,0,0
12550,2.1725609473511,2.02,0,0
12551,2.1725609486508,2.0204,0,0
12552,2.1725609499504,2.0208,0,0
12553,2.17256095125,2.0212,0,0
12554,2.1725609525496,2.0216,0,0
12555,2.1725609538492,2.022,0,0
12556,2.1725609551488,2.0224,0,0
12557,2.1725609564485,2.0228,0,0
12558,2.1725609577481,2.0232,0,0
12559,2.1725609590477,2.0236,0,0
12560,2.1725609603473,2.024,0,0
12561,2.1725609616469,2.0244,0,0
12562,2.1725609629465,2.0248,0,0
12563,2.1725609642462,2.0252,0,0
12564,2.1725609655458,2.0256,0,0
12565,2.1725609668454,2.026,0,0
12566,2.172560968145,2.0264,0,0
12567,2.1725609694446,2.0268,0,0
12568,2.1725609707442,2.0272,0,0
12569,2.1725609720439,2.0276,0,0
12570,2.1725609733435,2.028,0,0
12571,2.1725609746431,2.0284,0,0
12572,2.1725609759427,2.0288,0,0
12573,2.1725609772423,2.0292,0,0
12574,2.1725609785419,2.0296,0,0
12575,2.1725609798416,2.03,0,0
12576,2.1725609811412,2.0304,0,0
12577,2.1725609824408,2.0308,0,0
12578,2.1725609837404,2.0312,0,0
12579,2.17256098504,2.0316,0,0
12580,2.1725609863396,2.032,0,0
12581,2.1725609876393,2.0324,0,0
12582,2.1725609889389,2.0328,0,0
12583,2.1725609902385,2.0332,0,0
12584,2.1725609915381,2.0336,0,0
12585,2.1725609928377,2.034,0,0
12586,2.1725609941373,2.0344,0,0
12587,2.172560995437,2.0348,0,0
12588,2.1725609967366,2.0352,0,0
12589,2.1725609980362,2.0356,0,0
12590,2.1725609993358,2.036,0,0
12591,2.1725610006354,2.0364,0,0
12592,2.172561001935,2.0368,0,0
12593,2.1725610032347,2.0372,0,0
12594,2.1725610045343,2.0376,0,0
12595,2.1725610058339,2.038,0,0
12596,2.1725610071335,2.0384,0,0
12597,2.1725610084331,2.0388,0,0
12598,2.1725610097327,2.0392,0,0
12599,2.1725610110324,2.0396,0,0
12600,2.172561012332,2.04,0,0
12601,2.1725610136316,2.0404,0,0
12602,2.1725610149312,2.0408,0,0
12603,2.1725610162308,2.0412,0,0
12604,2.1725610175304,2.0416,0,0
12605,2.1725610188301,2.042,0,0
12606,2.1725610201297,2.0424,0,0
12607,2.1725610214293,2.0428,0,0
12608,2.1725610227289,2.0432,0,0
12609,2.1725610240285,2.0436,0,0
12610,2.1725610253281,2.044,0,0
12611,2.1725610266278,2.0444,0,0
12612,2.1725610279274,2.0448,0,0
12613,2.172561029227,2.0452,0,0
12614,2.1725610305266,2.0456,0,0
12615,2.1725610318262,2.046,0,0
12616,2.1725610331258,2.0464,0,0
12617,2.1725610344255,2.0468,0,0
12618,2.1725610357251,2.0472,0,0
12619,2.1725610370247,2.0476,0,0
12620,2.1725610383243,2.048,0,0
12621,2.1725610396239,2.0484,0,0
12622,2.1725610409236,2.0488,0,0
12623,2.1725610422232,2.0492,0,0
12624,2.1725610435228,2.0496,0,0
12625,2.1725610448224,2.05,0,0
12626,2.172561046122,2.0504,0,0
12627,2.1725610474216,2.0508,0,0
12628,2.1725610487213,2.0512,0,0
12629,2.1725610500209,2.0516,0,0
12630,2.1725610513205,2.052,0,0
12631,2.1725610526201,2.0524,0,0
12632,2.1725610539197,2.0528,0,0
12633,2.1725610552193,2.0532,0,0
12634,2.172561056519,2.0536,0,0
12635,2.1725610578186,2.054,0,0
12636,2.1725610591182,2.0544,0,0
12637,2.1725610604178,2.0548,0,0
12638,2.1725610617174,2.0552,0,0
12639,2.172561063017,2.0556,0,0
12640,2.1725610643167,2.056,0,0
12641,2.1725610656163,2.0564,0,0
12642,2.1725610669159,2.0568,0,0
12643,2.1725610682155,2.0572,0,0
12644,2.1725610695151,2.0576,0,0
12645,2.1725610708147,2.058,0,0
12646,2.1725610721144,2.0584,0,0
12647,2.172561073414,2.0588,0,0
12648,2.1725610747136,2.0592,0,0
12649,2.1725610760132,2.0596,0,0
12650,2.1725610773128,2.06,0,0
12651,2.1725610786124,2.0604,0,0
12652,2.1725610799121,2.0608,0,0
12653,2.1725610812117,2.0612,0,0
12654,2.1725610825113,2.0616,0,0
12655,2.1725610838109,2.062,0,0
12656,2.1725610851105,2.0624,0,0
12657,2.1725610864101,2.0628,0,0
12658,2.1725610877098,2.0632,0,0
12659,2.1725610890094,2.0636,0,0
12660,2.172561090309,2.064,0,0
12661,2.1725610916086,2.0644,0,0
12662,2.1725610929082,2.0648,0,0
12663,2.1725610942078,2.0652,0,0
12664,2.1725610955075,2.0656,0,0
12665,2.1725610968071,2.066,0,0
12666,2.1725610981067,2.0664,0,0
12667,2.1725610994063,2.0668,0,0
12668,2.1725611007059,2.0672,0,0
12669,2.1725611020055,2.0676,0,0
12670,2.1725611033052,2.068,0,0
12671,2.1725611046048,2.0684,0,0
12672,2.1725611059044,2.0688,0,0
12673,2.172561107204,2.0692,0,0
12674,2.1725611085036,2.0696,0,0
12675,2.1725611098032,2.07,0,0
12676,2.1725611111029,2.0704,0,0
12677,2.1725611124025,2.0708,0,0
12678,2.1725611137021,2.0712,0,0
12679,2.1725611150017,2.0716,0,0
12680,2.1725611163013,2.072,0,0
12681,2.1725611176009,2.0724,0,0
12682,2.1725611189006,2.0728,0,0
12683,2.1725611202002,2.0732,0,0
12684,2.1725611214998,2.0736,0,0
12685,2.1725611227994,2.074,0,0
12686,2.172561124099,2.0744,0,0
12687,2.1725611253986,2.0748,0,0
12688,2.1725611266983,2.0752,0,0
12689,2.1725611279979,2.0756,0,0
12690,2.1725611292975,2.076,0,0
12691,2.1725611305971,2.0764,0,0
12692,2.1725611318967,2.0768,0,0
12693,2.1725611331963,2.0772,0,0
12694,2.172561134496,2.0776,0,0
12695,2.1725611357956,2.078,0,0
12696,2.1725611370952,2.0784,0,0
12697,2.1725611383948,2.0788,0,0
12698,2.1725611396944,2.0792,0,0
12699,2.172561140994,2.0796,0,0
12700,2.1725611422937,2.08,0,0
12701,2.1725611435933,2.0804,0,0
12702,2.1725611448929,2.0808,0,0
12703,2.1725611461925,2.0812,0,0
12704,2.1725611474921,2.0816,0,0
12705,2.1725611487917,2.082,0,0
12706,2.1725611500914,2.0824,0,0
12707,2.172561151391,2.0828,0,0
12708,2.1725611526906,2.0832,0,0
12709,2.1725611539902,2.0836,0,0
12710,2.1725611552898,2.084,0,0
12711,2.1725611565895,2.0844,0,0
12712,2.1725611578891,2.0848,0,0
12713,2.1725611591887,2.0852,0,0
12714,2.1725611604883,2.0856,0,0
12715,2.1725611617879,2.086,0,0
12716,2.1725611630875,2.0864,0,0
12717,2.1725611643872,2.0868,0,0
12718,2.1725611656868,2.0872,0,0
12719,2.1725611669864,2.0876,0,0
12720,2.172561168286,2.088,0,0
12721,2.1725611695856,2.0884,0,0
12722,2.1725611708852,2.0888,0,0
12723,2.1725611721849,2.0892,0,0
12724,2.1725611734845,2.0896,0,0
12725,2.1725611747841,2.09,0,0
12726,2.1725611760837,2.0904,0,0
12727,2.1725611773833,2.0908,0,0
12728,2.1725611786829,2.0912,0,0
12729,2.1725611799826,2.0916,0,0
12730,2.1725611812822,2.092,0,0
12731,2.1725611825818,2.0924,0,0
12732,2.1725611838814,2.0928,0,0
12733,2.172561185181,2.0932,0,0
12734,2.1725611864806,2.0936,0,0
12735,2.1725611877803,2.094,0,0
12736,2.1725611890799,2.0944,0,0
12737,2.1725611903795,2.0948,0,0
12738,2.1725611916791,2.0952,0,0
12739,2.1725611929787,2.0956,0,0
12740,2.1725611942783,2.096,0,0
12741,2.172561195578,2.0964,0,0
12742,2.1725611968776,2.0968,0,0
12743,2.1725611981772,2.0972,0,0
12744,2.1725611994768,2.0976,0,0
12745,2.1725612007764,2.098,0,0
12746,2.172561202076,2.0984,0,0
12747,2.1725612033757,2.0988,0,0
12748,2.1725612046753,2.0992,0,0
12749,2.1725612059749,2.0996,0,0
12750,2.1725612072745,2.1,0,0
12751,2.1725612085741,2.1004,0,0
12752,2.1725612098737,2.1008,0,0
12753,2.1725612111734,2.1012,0,0
12754,2.172561212473,2.1016,0,0
12755,2.1725612137726,2.102,0,0
12756,2.1725612150722,2.1024,0,0
12757,2.1725612163718,2.1028,0,0
12758,2.1725612176714,2.1032,0,0
12759,2.1725612189711,2.1036,0,0
12760,2.1725612202707,2.104,0,0
12761,2.1725612215703,2.1044,0,0
12762,2.1725612228699,2.1048,0,0
12763,2.1725612241695,2.1052,0,0
12764,2.1725612254691,2.1056,0,0
12765,2.1725612267688,2.106,0,0
12766,2.1725612280684,2.1064,0,0
12767,2.172561229368,2.1068,0,0
12768,2.1725612306676,2.1072,0,0
12769,2.1725612319672,2.1076,0,0
12770,2.1725612332668,2.108,0,0
12771,2.1725612345665,2.1084,0,0
12772,2.1725612358661,2.1088,0,0
12773,2.1725612371657,2.1092,0,0
12774,2.1725612384653,2.1096,0,0
12775,2.1725612397649,2.11,0,0
12776,2.1725612410645,2.1104,0,0
12777,2.1725612423642,2.1108,0,0
12778,2.1725612436638,2.1112,0,0
12779,2.1725612449634,2.1116,0,0
12780,2.172561246263,2.112,0,0
12781,2.1725612475626,2.1124,0,0
12782,2.1725612488622,2.1128,0,0
12783,2.1725612501619,2.1132,0,0
12784,2.1725612514615,2.1136,0,0
12785,2.1725612527611,2.114,0,0
12786,2.1725612540607,2.1144,0,0
12787,2.1725612553603,2.1148,0,0
12788,2.1725612566599,2.1152,0,0
12789,2.1725612579596,2.1156,0,0
12790,2.1725612592592,2.116,0,0
12791,2.1725612605588,2.1164,0,0
12792,2.1725612618584,2.1168,0,0
12793,2.172561263158,2.1172,0,0
12794,2.1725612644576,2.1176,0,0
12795,2.1725612657573,2.118,0,0
12796,2.1725612670569,2.1184,0,0
12797,2.1725612683565,2.1188,0,0
12798,2.1725612696561,2.1192,0,0
12799,2.1725612709557,2.1196,0,0
12800,2.1725612722554,2.12,0,0
12801,2.172561273555,2.1204,0,0
12802,2.1725612748546,2.1208,0,0
12803,2.1725612761542,2.1212,0,0
12804,2.1725612774538,2.1216,0,0
12805,2.1725612787534,2.122,0,0
12806,2.1725612800531,2.1224,0,0
12807,2.1725612813527,2.1228,0,0
12808,2.1725612826523,2.1232,0,0
12809,2.1725612839519,2.1236,0,0
12810,2.1725612852515,2.124,0,0
12811,2.1725612865511,2.1244,0,0
12812,2.1725612878508,2.1248,0,0
12813,2.1725612891504,2.1252,0,0
12814,2.17256129045,2.1256,0,0
12815,2.1725612917496,2.126,0,0
12816,2.1725612930492,2.1264,0,0
12817,2.1725612943488,2.1268,0,0
12818,2.1725612956485,2.1272,0,0
12819,2.1725612969481,2.1276,0,0
12820,2.1725612982477,2.128,0,0
12821,2.1725612995473,2.1284,0,0
12822,2.1725613008469,2.1288,0,0
12823,2.1725613021465,2.1292,0,0
12824,2.1725613034462,2.1296,0,0
12825,2.1725613047458,2.13,0,0
12826,2.1725613060454,2.1304,0,0
12827,2.172561307345,2.1308,0,0
12828,2.1725613086446,2.1312,0,0
12829,2.1725613099442,2.1316,0,0
12830,2.1725613112439,2.132,0,0
12831,2.1725613125435,2.1324,0,0
12832,2.1725613138431,2.1328,0,0
12833,2.1725613151427,2.1332,0,0
12834,2.1725613164423,2.1336,0,0
12835,2.1725613177419,2.134,0,0
12836,2.1725613190416,2.1344,0,0
12837,2.1725613203412,2.1348,0,0
12838,2.1725613216408,2.1352,0,0
12839,2.1725613229404,2.1356,0,0
12840,2.17256132424,2.136,0,0
12841,2.1725613255396,2.1364,0,0
12842,2.1725613268393,2.1368,0,0
12843,2.1725613281389,2.1372,0,0
12844,2.1725613294385,2.1376,0,0
12845,2.1725613307381,2.138,0,0
12846,2.1725613320377,2.1384,0,0
12847,2.1725613333373,2.1388,0,0
12848,2.172561334637,2.1392,0,0
12849,2.1725613359366,2.1396,0,0
12850,2.1725613372362,2.14,0,0
12851,2.1725613385358,2.1404,0,0
12852,2.1725613398354,2.1408,0,0
12853,2.172561341135,2.1412,0,0
12854,2.1725613424347,2.1416,0,0
12855,2.1725613437343,2.142,0,0
12856,2.1725613450339,2.1424,0,0
12857,2.1725613463335,2.1428,0,0
12858,2.1725613476331,2.1432,0,0
12859,2.1725613489327,2.1436,0,0
12860,2.1725613502324,2.144,0,0
12861,2.172561351532,2.1444,0,0
12862,2.1725613528316,2.1448,0,0
12863,2.1725613541312,2.1452,0,0
12864,2.1725613554308,2.1456,0,0
12865,2.1725613567304,2.146,0,0
12866,2.1725613580301,2.1464,0,0
12867,2.1725613593297,2.1468,0,0
12868,2.1725613606293,2.1472,0,0
12869,2.1725613619289,2.1476,0,0
12870,2.1725613632285,2.148,0,0
12871,2.1725613645281,2.1484,0,0
12872,2.1725613658278,2.1488,0,0
12873,2.1725613671274,2.1492,0,0
12874,2.172561368427,2.1496,0,0
12875,2.1725613697266,2.15,0,0
12876,2.1725613710262,2.1504,0,0
12877,2.1725613723258,2.1508,0,0
12878,2.1725613736255,2.1512,0,0
12879,2.1725613749251,2.1516,0,0
12880,2.1725613762247,2.152,0,0
12881,2.1725613775243,2.1524,0,0
12882,2.1725613788239,2.1528,0,0
12883,2.1725613801236,2.1532,0,0
12884,2.1725613814232,2.1536,0,0
12885,2.1725613827228,2.154,0,0
12886,2.1725613840224,2.1544,0,0
12887,2.172561385322,2.1548,0,0
12888,2.1725613866216,2.1552,0,0
12889,2.1725613879213,2.1556,0,0
12890,2.1725613892209,2.156,0,0
12891,2.1725613905205,2.1564,0,0
12892,2.1725613918201,2.1568,0,0
12893,2.1725613931197,2.1572,0,0
12894,2.1725613944193,2.1576,0,0
12895,2.172561395719,2.158,0,0
12896,2.1725613970186,2.1584,0,0
12897,2.1725613983182,2.1588,0,0
12898,2.1725613996178,2.1592,0,0
12899,2.1725614009174,2.1596,0,0
12900,2.172561402217,2.16,0,0
12901,2.1725614035167,2.1604,0,0
12902,2.1725614048163,2.1608,0,0
12903,2.1725614061159,2.1612,0,0
12904,2.1725614074155,2.1616,0,0
12905,2.1725614087151,2.162,0,0
12906,2.1725614100147,2.1624,0,0
12907,2.1725614113144,2.1628,0,0
12908,2.172561412614,2.1632,0,0
12909,2.1725614139136,2.1636,0,0
12910,2.1725614152132,2.164,0,0
12911,2.1725614165128,2.1644,0,0
12912,2.1725614178124,2.1648,0,0
12913,2.1725614191121,2.1652,0,0
12914,2.1725614204117,2.1656,0,0
12915,2.1725614217113,2.166,0,0
12916,2.1725614230109,2.1664,0,0
12917,2.1725614243105,2.1668,0,0
12918,2.1725614256101,2.1672,0,0
12919,2.1725614269098,2.1676,0,0
12920,2.1725614282094,2.168,0,0
12921,2.172561429509,2.1684,0,0
12922,2.1725614308086,2.1688,0,0
12923,2.1725614321082,2.1692,0,0
12924,2.1725614334078,2.1696,0,0
12925,2.1725614347075,2.17,0,0
12926,2.1725614360071,2.1704,0,0
12927,2.1725614373067,2.1708,0,0
12928,2.1725614386063,2.1712,0,0
12929,2.1725614399059,2.1716,0,0
12930,2.1725614412055,2.172,0,0
12931,2.1725614425052,2.1724,0,0
12932,2.1725614438048,2.1728,0,0
12933,2.1725614451044,2.1732,0,0
12934,2.172561446404,2.1736,0,0
12935,2.1725614477036,2.174,0,0
12936,2.1725614490032,2.1744,0,0
12937,2.1725614503029,2.1748,0,0
12938,2.1725614516025,2.1752,0,0
12939,2.1725614529021,2.1756,0,0
12940,2.1725614542017,2.176,0,0
12941,2.1725614555013,2.1764,0,0
12942,2.1725614568009,2.1768,0,0
12943,2.1725614581006,2.1772,0,0
12944,2.1725614594002,2.1776,0,0
12945,2.1725614606998,2.178,0,0
12946,2.1725614619994,2.1784,0,0
12947,2.172561463299,2.1788,0,0
12948,2.1725614645986,2.1792,0,0
12949,2.1725614658983,2.1796,0,0
12950,2.1725614671979,2.18,0,0
12951,2.1725614684975,2.1804,0,0
12952,2.1725614697971,2.1808,0,0
12953,2.1725614710967,2.1812,0,0
12954,2.1725614723963,2.1816,0,0
12955,2.172561473696,2.182,0,0
12956,2.1725614749956,2.1824,0,0
12957,2.1725614762952,2.1828,0,0
12958,2.1725614775948,2.1832,0,0
12959,2.1725614788944,2.1836,0,0
12960,2.172561480194,2.184,0,0
12961,2.1725614814937,2.1844,0,0
12962,2.1725614827933,2.1848,0,0
12963,2.1725614840929,2.1852,0,0
12964,2.1725614853925,2.1856,0,0
12965,2.1725614866921,2.186,0,0
12966,2.1725614879918,2.1864,0,0
12967,2.1725614892914,2.1868,0,0
12968,2.172561490591,2.1872,0,0
12969,2.1725614918906,2.1876,0,0
12970,2.1725614931902,2.188,0,0
12971,2.1725614944898,2.1884,0,0
12972,2.1725614957895,2.1888,0,0
12973,2.1725614970891,2.1892,0,0
12974,2.1725614983887,2.1896,0,0
12975,2.1725614996883,2.19,0,0
12976,2.1725615009879,2.1904,0,0
12977,2.1725615022875,2.1908,0,0
12978,2.1725615035872,2.1912,0,0
12979,2.1725615048868,2.1916,0,0
12980,2.1725615061864,2.192,0,0
12981,2.172561507486,2.1924,0,0
12982,2.1725615087856,2.1928,0,0
12983,2.1725615100852,2.1932,0,0
12984,2.1725615113849,2.1936,0,0
12985,2.1725615126845,2.194,0,0
12986,2.1725615139841,2.1944,0,0
12987,2.1725615152837,2.1948,0,0
12988,2.1725615165833,2.1952,0,0
12989,2.1725615178829,2.1956,0,0
12990,2.1725615191826,2.196,0,0
12991,2.1725615204822,2.1964,0,0
12992,2.1725615217818,2.1968,0,0
12993,2.1725615230814,2.1972,0,0
12994,2.172561524381,2.1976,0,0
12995,2.1725615256806,2.198,0,0
12996,2.1725615269803,2.1984,0,0
12997,2.1725615282799,2.1988,0,0
12998,2.1725615295795,2.1992,0,0
12999,2.1725615308791,2.1996,0,0
13000,2.1725615321787,2.2,0,0
13001,2.1725615334783,2.2004,0,0
13002,2.172561534778,2.2008,0,0
13003,2.1725615360776,2.2012,0,0
13004,2.1725615373772,2.2016,0,0
13005,2.1725615386768,2.202,0,0
13006,2.1725615399764,2.2024,0,0
13007,2.172561541276,2.2028,0,0
13008,2.1725615425757,2.2032,0,0
13009,2.1725615438753,2.2036,0,0
13010,2.1725615451749,2.204,0,0
13011,2.1725615464745,2.2044,0,0
13012,2.1725615477741,2.2048,0,0
13013,2.1725615490737,2.2052,0,0
13014,2.1725615503734,2.2056,0,0
13015,2.172561551673,2.206,0,0
13016,2.1725615529726,2.2064,0,0
13017,2.1725615542722,2.2068,0,0
13018,2.1725615555718,2.2072,0,0
13019,2.1725615568714,2.2076,0,0
13020,2.1725615581711,2.208,0,0
13021,2.1725615594707,2.2084,0,0
13022,2.1725615607703,2.2088,0,0
13023,2.1725615620699,2.2092,0,0
13024,2.1725615633695,2.2096,0,0
13025,2.1725615646691,2.21,0,0
13026,2.1725615659688,2.2104,0,0
13027,2.1725615672684,2.2108,0,0
13028,2.172561568568,2.2112,0,0
13029,2.1725615698676,2.2116,0,0
13030,2.1725615711672,2.212,0,0
13031,2.1725615724668,2.2124,0,0
13032,2.1725615737665,2.2128,0,0
13033,2.1725615750661,2.2132,0,0
13034,2.1725615763657,2.2136,0,0
13035,2.1725615776653,2.214,0,0
13036,2.1725615789649,2.2144,0,0
13037,2.1725615802645,2.2148,0,0
13038,2.1725615815642,2.2152,0,0
13039,2.1725615828638,2.2156,0,0
13040,2.1725615841634,2.216,0,0
13041,2.172561585463,2.2164,0,0
13042,2.1725615867626,2.2168,0,0
13043,2.1725615880622,2.2172,0,0
13044,2.1725615893619,2.2176,0,0
13045,2.1725615906615,2.218,0,0
13046,2.1725615919611,2.2184,0,0
13047,2.1725615932607,2.2188,0,0
13048,2.1725615945603,2.2192,0,0
13049,2.1725615958599,2.2196,0,0
13050,2.1725615971596,2.22,0,0
13051,2.1725615984592,2.2204,0,0
13052,2.1725615997588,2.2208,0,0
13053,2.1725616010584,2.2212,0,0
13054,2.172561602358,2.2216,0,0
13055,2.1725616036576,2.222,0,0
13056,2.1725616049573,2.2224,0,0
13057,2.1725616062569,2.2228,0,0
13058,2.1725616075565,2.2232,0,0
13059,2.1725616088561,2.2236,0,0
13060,2.1725616101557,2.224,0,0
13061,2.1725616114554,2.2244,0,0
13062,2.172561612755,2.2248,0,0
13063,2.1725616140546,2.2252,0,0
13064,2.1725616153542,2.2256,0,0
13065,2.1725616166538,2.226,0,0
13066,2.1725616179534,2.2264,0,0
13067,2.1725616192531,2.2268,0,0
13068,2.1725616205527,2.2272,0,0
13069,2.1725616218523,2.2276,0,0
13070,2.1725616231519,2.228,0,0
13071,2.1725616244515,2.2284,0,0
13072,2.1725616257511,2.2288,0,0
13073,2.1725616270508,2.2292,0,0
13074,2.1725616283504,2.2296,0,0
13075,2.17256162965,2.23,0,0
13076,2.1725616309496,2.2304,0,0
13077,2.1725616322492,2.2308,0,0
13078,2.1725616335488,2.2312,0,0
13079,2.1725616348485,2.2316,0,0
13080,2.1725616361481,2.232,0,0
13081,2.1725616374477,2.2324,0,0
13082,2.1725616387473,2.2328,0,0
13083,2.1725616400469,2.2332,0,0
13084,2.1725616413465,2.2336,0,0
13085,2.1725616426462,2.234,0,0
13086,2.1725616439458,2.2344,0,0
13087,2.1725616452454,2.2348,0,0
13088,2.172561646545,2.2352,0,0
13089,2.1725616478446,2.2356,0,0
13090,2.1725616491442,2.236,0,0
13091,2.1725616504439,2.2364,0,0
13092,2.1725616517435,2.2368,0,0
13093,2.1725616530431,2.2372,0,0
13094,2.1725616543427,2.2376,0,0
13095,2.1725616556423,2.238,0,0
13096,2.1725616569419,2.2384,0,0
13097,2.1725616582416,2.2388,0,0
13098,2.1725616595412,2.2392,0,0
13099,2.1725616608408,2.2396,0,0
13100,2.1725616621404,2.24,0,0
13101,2.17256166344,2.2404,0,0
13102,2.1725616647396,2.2408,0,0
13103,2.1725616660393,2.2412,0,0
13104,2.1725616673389,2.2416,0,0
13105,2.1725616686385,2.242,0,0
13106,2.1725616699381,2.2424,0,0
13107,2.1725616712377,2.2428,0,0
13108,2.1725616725373,2.2432,0,0
13109,2.172561673837,2.2436,0,0
13110,2.1725616751366,2.244,0,0
13111,2.1725616764362,2.2444,0,0
13112,2.1725616777358,2.2448,0,0
13113,2.1725616790354,2.2452,0,0
13114,2.172561680335,2.2456,0,0
13115,2.1725616816347,2.246,0,0
13116,2.1725616829343,2.2464,0,0
13117,2.1725616842339,2.2468,0,0
13118,2.1725616855335,2.2472,0,0
13119,2.1725616868331,2.2476,0,0
13120,2.1725616881327,2.248,0,0
13121,2.1725616894324,2.2484,0,0
13122,2.172561690732,2.2488,0,0
13123,2.1725616920316,2.2492,0,0
13124,2.1725616933312,2.2496,0,0
13125,2.1725616946308,2.25,0,0
13126,2.1725616959304,2.2504,0,0
13127,2.1725616972301,2.2508,0,0
13128,2.1725616985297,2.2512,0,0
13129,2.1725616998293,2.2516,0,0
13130,2.1725617011289,2.252,0,0
13131,2.1725617024285,2.2524,0,0
13132,2.1725617037281,2.2528,0,0
13133,2.1725617050278,2.2532,0,0
13134,2.1725617063274,2.2536,0,0
13135,2.172561707627,2.254,0,0
13136,2.1725617089266,2.2544,0,0
13137,2.1725617102262,2.2548,0,0
13138,2.1725617115258,2.2552,0,0
13139,2.1725617128255,2.2556,0,0
13140,2.1725617141251,2.256,0,0
13141,2.1725617154247,2.2564,0,0
13142,2.1725617167243,2.2568,0,0
13143,2.1725617180239,2.2572,0,0
13144,2.1725617193236,2.2576,0,0
13145,2.1725617206232,2.258,0,0
13146,2.1725617219228,2.2584,0,0
13147,2.1725617232224,2.2588,0,0
13148,2.172561724522,2.2592,0,0
13149,2.1725617258216,2.2596,0,0
13150,2.1725617271213,2.26,0,0
13151,2.1725617284209,2.2604,0,0
13152,2.1725617297205,2.2608,0,0
13153,2.1725617310201,2.2612,0,0
13154,2.1725617323197,2.2616,0,0
13155,2.1725617336193,2.262,0,0
13156,2.172561734919,2.2624,0,0
13157,2.1725617362186,2.2628,0,0
13158,2.1725617375182,2.2632,0,0
13159,2.1725617388178,2.2636,0,0
13160,2.1725617401174,2.264,0,0
13161,2.172561741417,2.2644,0,0
13162,2.1725617427167,2.2648,0,0
13163,2.1725617440163,2.2652,0,0
13164,2.1725617453159,2.2656,0,0
13165,2.1725617466155,2.266,0,0
13166,2.1725617479151,2.2664,0,0
13167,2.1725617492147,2.2668,0,0
13168,2.1725617505144,2.2672,0,0
13169,2.172561751814,2.2676,0,0
13170,2.1725617531136,2.268,0,0
13171,2.1725617544132,2.2684,0,0
13172,2.1725617557128,2.2688,0,0
13173,2.1725617570124,2.2692,0,0
13174,2.1725617583121,2.2696,0,0
13175,2.1725617596117,2.27,0,0
13176,2.1725617609113,2.2704,0,0
13177,2.1725617622109,2.2708,0,0
13178,2.1725617635105,2.2712,0,0
13179,2.1725617648101,2.2716,0,0
13180,2.1725617661098,2.272,0,0
13181,2.1725617674094,2.2724,0,0
13182,2.172561768709,2.2728,0,0
13183,2.1725617700086,2.2732,0,0
13184,2.1725617713082,2.2736,0,0
13185,2.1725617726078,2.274,0,0
13186,2.1725617739075,2.2744,0,0
13187,2.1725617752071,2.2748,0,0
13188,2.1725617765067,2.2752,0,0
13189,2.1725617778063,2.2756,0,0
13190,2.1725617791059,2.276,0,0
13191,2.1725617804055,2.2764,0,0
13192,2.1725617817052,2.2768,0,0
13193,2.1725617830048,2.2772,0,0
13194,2.1725617843044,2.2776,0,0
13195,2.172561785604,2.278,0,0
13196,2.1725617869036,2.2784,0,0
13197,2.1725617882032,2.2788,0,0
13198,2.1725617895029,2.2792,0,0
13199,2.1725617908025,2.2796,0,0
13200,2.1725617921021,2.28,0,0
13201,2.1725617934017,2.2804,0,0
13202,2.1725617947013,2.2808,0,0
13203,2.1725617960009,2.2812,0,0
13204,2.1725617973006,2.2816,0,0
13205,2.1725617986002,2.282,0,0
13206,2.1725617998998,2.2824,0,0
13207,2.1725618011994,2.2828,0,0
13208,2.172561802499,2.2832,0,0
13209,2.1725618037986,2.2836,0,0
13210,2.1725618050983,2.284,0,0
13211,2.1725618063979,2.2844,0,0
13212,2.1725618076975,2.2848,0,0
13213,2.1725618089971,2.2852,0,0
13214,2.1725618102967,2.2856,0,0
13215,2.1725618115963,2.286,0,0
13216,2.172561812896,2.2864,0,0
13217,2.1725618141956,2.2868,0,0
13218,2.1725618154952,2.2872,0,0
13219,2.1725618167948,2.2876,0,0
13220,2.1725618180944,2.288,0,0
13221,2.172561819394,2.2884,0,0
13222,2.1725618206937,2.2888,0,0
13223,2.1725618219933,2.2892,0,0
13224,2.1725618232929,2.2896,0,0
13225,2.1725618245925,2.29,0,0
13226,2.1725618258921,2.2904,0,0
13227,2.1725618271917,2.2908,0,0
13228,2.1725618284914,2.2912,0,0
13229,2.172561829791,2.2916,0,0
13230,2.1725618310906,2.292,0,0
13231,2.1725618323902,2.2924,0,0
13232,2.1725618336898,2.2928,0,0
13233,2.1725618349895,2.2932,0,0
13234,2.1725618362891,2.2936,0,0
13235,2.1725618375887,2.294,0,0
13236,2.1725618388883,2.2944,0,0
13237,2.1725618401879,2.2948,0,0
13238,2.1725618414875,2.2952,0,0
13239,2.1725618427872,2.2956,0,0
13240,2.1725618440868,2.296,0,0
13241,2.1725618453864,2.2964,0,0
13242,2.172561846686,2.2968,0,0
13243,2.1725618479856,2.2972,0,0
13244,2.1725618492852,2.2976,0,0
13245,2.1725618505849,2.298,0,0
13246,2.1725618518845,2.2984,0,0
13247,2.1725618531841,2.2988,0,0
13248,2.1725618544837,2.2992,0,0
13249,2.1725618557833,2.2996,0,0
13250,2.1725618570829,2.3,0,0
13251,2.1725618583826,2.3004,0,0
13252,2.1725618596822,2.3008,0,0
13253,2.1725618609818,2.3012,0,0
13254,2.1725618622814,2.3016,0,0
13255,2.172561863581,2.302,0,0
13256,2.1725618648806,2.3024,0,0
13257,2.1725618661803,2.3028,0,0
13258,2.1725618674799,2.3032,0,0
13259,2.1725618687795,2.3036,0,0
13260,2.1725618700791,2.304,0,0
13261,2.1725618713787,2.3044,0,0
13262,2.1725618726783,2.3048,0,0
13263,2.172561873978,2.3052,0,0
13264,2.1725618752776,2.3056,0,0
13265,2.1725618765772,2.306,0,0
13266,2.1725618778768,2.3064,0,0
13267,2.1725618791764,2.3068,0,0
13268,2.172561880476,2.3072,0,0
13269,2.1725618817757,2.3076,0,0
13270,2.1725618830753,2.308,0,0
13271,2.1725618843749,2.3084,0,0
13272,2.1725618856745,2.3088,0,0
13273,2.1725618869741,2.3092,0,0
13274,2.1725618882737,2.3096,0,0
13275,2.1725618895734,2.31,0,0
13276,2.172561890873,2.3104,0,0
13277,2.1725618921726,2.3108,0,0
13278,2.1725618934722,2.3112,0,0
13279,2.1725618947718,2.3116,0,0
13280,2.1725618960714,2.312,0,0
13281,2.1725618973711,2.3124,0,0
13282,2.1725618986707,2.3128,0,0
13283,2.1725618999703,2.3132,0,0
13284,2.1725619012699,2.3136,0,0
13285,2.1725619025695,2.314,0,0
13286,2.1725619038691,2.3144,0,0
13287,2.1725619051688,2.3148,0,0
13288,2.1725619064684,2.3152,0,0
13289,2.172561907768,2.3156,0,0
13290,2.1725619090676,2.316,0,0
13291,2.1725619103672,2.3164,0,0
13292,2.1725619116668,2.3168,0,0
13293,2.1725619129665,2.3172,0,0
13294,2.1725619142661,2.3176,0,0
13295,2.1725619155657,2.318,0,0
13296,2.1725619168653,2.3184,0,0
13297,2.1725619181649,2.3188,0,0
13298,2.1725619194645,2.3192,0,0
13299,2.1725619207642,2.3196,0,0
13300,2.1725619220638,2.32,0,0
13301,2.1725619233634,2.3204,0,0
13302,2.172561924663,2.3208,0,0
13303,2.1725619259626,2.3212,0,0
13304,2.1725619272622,2.3216,0,0
13305,2.1725619285619,2.322,0,0
13306,2.1725619298615,2.3224,0,0
13307,2.1725619311611,2.3228,0,0
13308,2.1725619324607,2.3232,0,0
13309,2.1725619337603,2.3236,0,0
13310,2.1725619350599,2.324,0,0
13311,2.1725619363596,2.3244,0,0
13312,2.1725619376592,2.3248,0,0
13313,2.1725619389588,2.3252,0,0
13314,2.1725619402584,2.3256,0,0
13315,2.172561941558,2.326,0,0
13316,2.1725619428577,2.3264,0,0
13317,2.1725619441573,2.3268,0,0
13318,2.1725619454569,2.3272,0,0
13319,2.1725619467565,2.3276,0,0
13320,2.1725619480561,2.328,0,0
13321,2.1725619493557,2.3284,0,0
13322,2.1725619506554,2.3288,0,0
13323,2.172561951955,2.3292,0,0
13324,2.1725619532546,2.3296,0,0
13325,2.1725619545542,2.33,0,0
13326,2.1725619558538,2.3304,0,0
13327,2.1725619571534,2.3308,0,0
13328,2.1725619584531,2.3312,0,0
13329,2.1725619597527,2.3316,0,0
13330,2.1725619610523,2.332,0,0
13331,2.1725619623519,2.3324,0,0
13332,2.1725619636515,2.3328,0,0
13333,2.1725619649511,2.3332,0,0
13334,2.1725619662508,2.3336,0,0
13335,2.1725619675504,2.334,0,0
13336,2.17256196885,2.3344,0,0
13337,2.1725619701496,2.3348,0,0
13338,2.1725619714492,2.3352,0,0
13339,2.1725619727488,2.3356,0,0
13340,2.1725619740485,2.336,0,0
13341,2.1725619753481,2.3364,0,0
13342,2.1725619766477,2.3368,0,0
13343,2.1725619779473,2.3372,0,0
13344,2.1725619792469,2.3376,0,0
13345,2.1725619805465,2.338,0,0
13346,2.1725619818462,2.3384,0,0
13347,2.1725619831458,2.3388,0,0
13348,2.1725619844454,2.3392,0,0
13349,2.172561985745,2.3396,0,0
13350,2.1725619870446,2.34,0,0
13351,2.1725619883442,2.3404,0,0
13352,2.1725619896439,2.3408,0,0
13353,2.1725619909435,2.3412,0,0
13354,2.1725619922431,2.3416,0,0
13355,2.1725619935427,2.342,0,0
13356,2.1725619948423,2.3424,0,0
13357,2.1725619961419,2.3428,0,0
13358,2.1725619974416,2.3432,0,0
13359,2.1725619987412,2.3436,0,0
13360,2.1725620000408,2.344,0,0
13361,2.1725620013404,2.3444,0,0
13362,2.17256200264,2.3448,0,0
13363,2.1725620039396,2.3452,0,0
13364,2.1725620052393,2.3456,0,0
13365,2.1725620065389,2.346,0,0
13366,2.1725620078385,2.3464,0,0
13367,2.1725620091381,2.3468,0,0
13368,2.1725620104377,2.3472,0,0
13369,2.1725620117373,2.3476,0,0
13370,2.172562013037,2.348,0,0
13371,2.1725620143366,2.3484,0,0
13372,2.1725620156362,2.3488,0,0
13373,2.1725620169358,2.3492,0,0
13374,2.1725620182354,2.3496,0,0
13375,2.172562019535,2.35,0,0
13376,2.1725620208347,2.3504,0,0
13377,2.1725620221343,2.3508,0,0
13378,2.1725620234339,2.3512,0,0
13379,2.1725620247335,2.3516,0,0
13380,2.1725620260331,2.352,0,0
13381,2.1725620273327,2.3524,0,0
13382,2.1725620286324,2.3528,0,0
13383,2.172562029932,2.3532,0,0
13384,2.1725620312316,2.3536,0,0
13385,2.1725620325312,2.354,0,0
13386,2.1725620338308,2.3544,0,0
13387,2.1725620351304,2.3548,0,0
13388,2.1725620364301,2.3552,0,0
13389,2.1725620377297,2.3556,0,0
13390,2.1725620390293,2.356,0,0
13391,2.1725620403289,2.3564,0,0
13392,2.1725620416285,2.3568,0,0
13393,2.1725620429281,2.3572,0,0
13394,2.1725620442278,2.3576,0,0
13395,2.1725620455274,2.358,0,0
13396,2.172562046827,2.3584,0,0
13397,2.1725620481266,2.3588,0,0
13398,2.1725620494262,2.3592,0,0
13399,2.1725620507258,2.3596,0,0
13400,2.1725620520255,2.36,0,0
13401,2.1725620533251,2.3604,0,0
13402,2.1725620546247,2.3608,0,0
13403,2.1725620559243,2.3612,0,0
13404,2.1725620572239,2.3616,0,0
13405,2.1725620585236,2.362,0,0
13406,2.1725620598232,2.3624,0,0
13407,2.1725620611228,2.3628,0,0
13408,2.1725620624224,2.3632,0,0
13409,2.172562063722,2.3636,0,0
13410,2.1725620650216,2.364,0,0
13411,2.1725620663213,2.3644,0,0
13412,2.1725620676209,2.3648,0,0
13413,2.1725620689205,2.3652,0,0
13414,2.1725620702201,2.3656,0,0
13415,2.1725620715197,2.366,0,0
13416,2.1725620728193,2.3664,0,0
13417,2.172562074119,2.3668,0,0
13418,2.1725620754186,2.3672,0,0
13419,2.1725620767182,2.3676,0,0
13420,2.1725620780178,2.368,0,0
13421,2.1725620793174,2.3684,0,0
13422,2.172562080617,2.3688,0,0
13423,2.1725620819167,2.3692,0,0
13424,2.1725620832163,2.3696,0,0
13425,2.1725620845159,2.37,0,0
13426,2.1725620858155,2.3704,0,0
13427,2.1725620871151,2.3708,0,0
13428,2.1725620884147,2.3712,0,0
13429,2.1725620897144,2.3716,0,0
13430,2.172562091014,2.372,0,0
13431,2.1725620923136,2.3724,0,0
13432,2.1725620936132,2.3728,0,0
13433,2.1725620949128,2.3732,0,0
13434,2.1725620962124,2.3736,0,0
13435,2.1725620975121,2.374,0,0
13436,2.1725620988117,2.3744,0,0
13437,2.1725621001113,2.3748,0,0
13438,2.1725621014109,2.3752,0,0
13439,2.1725621027105,2.3756,0,0
13440,2.1725621040101,2.376,0,0
13441,2.1725621053098,2.3764,0,0
13442,2.1725621066094,2.3768,0,0
13443,2.172562107909,2.3772,0,0
13444,2.1725621092086,2.3776,0,0
13445,2.1725621105082,2.378,0,0
13446,2.1725621118078,2.3784,0,0
13447,2.1725621131075,2.3788,0,0
13448,2.1725621144071,2.3792,0,0
13449,2.1725621157067,2.3796,0,0
13450,2.1725621170063,2.38,0,0
13451,2.1725621183059,2.3804,0,0
13452,2.1725621196055,2.3808,0,0
13453,2.1725621209052,2.3812,0,0
13454,2.1725621222048,2.3816,0,0
13455,2.1725621235044,2.382,0,0
13456,2.172562124804,2.3824,0,0
13457,2.1725621261036,2.3828,0,0
13458,2.1725621274032,2.3832,0,0
13459,2.1725621287029,2.3836,0,0
13460,2.1725621300025,2.384,0,0
13461,2.1725621313021,2.3844,0,0
13462,2.1725621326017,2.3848,0,0
13463,2.1725621339013,2.3852,0,0
13464,2.1725621352009,2.3856,0,0
13465,2.1725621365006,2.386,0,0
13466,2.1725621378002,2.3864,0,0
13467,2.1725621390998,2.3868,0,0
13468,2.1725621403994,2.3872,0,0
13469,2.172562141699,2.3876,0,0
13470,2.1725621429986,2.388,0,0
13471,2.1725621442983,2.3884,0,0
13472,2.1725621455979,2.3888,0,0
13473,2.1725621468975,2.3892,0,0
13474,2.1725621481971,2.3896,0,0
13475,2.1725621494967,2.39,0,0
13476,2.1725621507963,2.3904,0,0
13477,2.172562152096,2.3908,0,0
13478,2.1725621533956,2.3912,0,0
13479,2.1725621546952,2.3916,0,0
13480,2.1725621559948,2.392,0,0
13481,2.1725621572944,2.3924,0,0
13482,2.172562158594,2.3928,0,0
13483,2.1725621598937,2.3932,0,0
13484,2.1725621611933,2.3936,0,0
13485,2.1725621624929,2.394,0,0
13486,2.1725621637925,2.3944,0,0
13487,2.1725621650921,2.3948,0,0
13488,2.1725621663917,2.3952,0,0
13489,2.1725621676914,2.3956,0,0
13490,2.172562168991,2.396,0,0
13491,2.1725621702906,2.3964,0,0
13492,2.1725621715902,2.3968,0,0
13493,2.1725621728898,2.3972,0,0
13494,2.1725621741895,2.3976,0,0
13495,2.1725621754891,2.398,0,0
13496,2.1725621767887,2.3984,0,0
13497,2.1725621780883,2.3988,0,0
13498,2.1725621793879,2.3992,0,0
13499,2.1725621806875,2.3996,0,0
13500,2.1725621819872,2.4,0,0
13501,2.1725621832868,2.4004,0,0
13502,2.1725621845864,2.4008,0,0
13503,2.172562185886,2.4012,0,0
13504,2.1725621871856,2.4016,0,0
13505,2.1725621884852,2.402,0,0
13506,2.1725621897849,2.4024,0,0
13507,2.1725621910845,2.4028,0,0
13508,2.1725621923841,2.4032,0,0
13509,2.1725621936837,2.4036,0,0
13510,2.1725621949833,2.404,0,0
13511,2.1725621962829,2.4044,0,0
13512,2.1725621975826,2.4048,0,0
13513,2.1725621988822,2.4052,0,0
13514,2.1725622001818,2.4056,0,0
13515,2.1725622014814,2.406,0,0
13516,2.172562202781,2.4064,0,0
13517,2.1725622040806,2.4068,0,0
13518,2.1725622053803,2.4072,0,0
13519,2.1725622066799,2.4076,0,0
13520,2.1725622079795,2.408,0,0
13521,2.1725622092791,2.4084,0,0
13522,2.1725622105787,2.4088,0,0
13523,2.1725622118783,2.4092,0,0
13524,2.172562213178,2.4096,0,0
13525,2.1725622144776,2.41,0,0
13526,2.1725622157772,2.4104,0,0
13527,2.1725622170768,2.4108,0,0
13528,2.1725622183764,2.4112,0,0
13529,2.172562219676,2.4116,0,0
13530,2.1725622209757,2.412,0,0
13531,2.1725622222753,2.4124,0,0
13532,2.1725622235749,2.4128,0,0
13533,2.1725622248745,2.4132,0,0
13534,2.1725622261741,2.4136,0,0
13535,2.1725622274737,2.414,0,0
13536,2.1725622287734,2.4144,0,0
13537,2.172562230073,2.4148,0,0
13538,2.1725622313726,2.4152,0,0
13539,2.1725622326722,2.4156,0,0
13540,2.1725622339718,2.416,0,0
13541,2.1725622352714,2.4164,0,0
13542,2.1725622365711,2.4168,0,0
13543,2.1725622378707,2.4172,0,0
13544,2.1725622391703,2.4176,0,0
13545,2.1725622404699,2.418,0,0
13546,2.1725622417695,2.4184,0,0
13547,2.1725622430691,2.4188,0,0
13548,2.1725622443688,2.4192,0,0
13549,2.1725622456684,2.4196,0,0
13550,2.172562246968,2.42,0,0
13551,2.1725622482676,2.4204,0,0
13552,2.1725622495672,2.4208,0,0
13553,2.1725622508668,2.4212,0,0
13554,2.1725622521665,2.4216,0,0
13555,2.1725622534661,2.422,0,0
13556,2.1725622547657,2.4224,0,0
13557,2.1725622560653,2.4228,0,0
13558,2.1725622573649,2.4232,0,0
13559,2.1725622586645,2.4236,0,0
13560,2.1725622599642,2.424,0,0
13561,2.1725622612638,2.4244,0,0
13562,2.1725622625634,2.4248,0,0
13563,2.172562263863,2.4252,0,0
13564,2.1725622651626,2.4256,0,0
13565,2.1725622664622,2.426,0,0
13566,2.1725622677619,2.4264,0,0
13567,2.1725622690615,2.4268,0,0
13568,2.1725622703611,2.4272,0,0
13569,2.1725622716607,2.4276,0,0
13570,2.1725622729603,2.428,0,0
13571,2.1725622742599,2.4284,0,0
13572,2.1725622755596,2.4288,0,0
13573,2.1725622768592,2.4292,0,0
13574,2.1725622781588,2.4296,0,0
13575,2.1725622794584,2.43,0,0
13576,2.172562280758,2.4304,0,0
13577,2.1725622820577,2.4308,0,0
13578,2.1725622833573,2.4312,0,0
13579,2.1725622846569,2.4316,0,0
13580,2.1725622859565,2.432,0,0
13581,2.1725622872561,2.4324,0,0
13582,2.1725622885557,2.4328,0,0
13583,2.1725622898554,2.4332,0,0
13584,2.172562291155,2.4336,0,0
13585,2.1725622924546,2.434,0,0
13586,2.1725622937542,2.4344,0,0
13587,2.1725622950538,2.4348,0,0
13588,2.1725622963534,2.4352,0,0
13589,2.1725622976531,2.4356,0,0
13590,2.1725622989527,2.436,0,0
13591,2.1725623002523,2.4364,0,0
13592,2.1725623015519,2.4368,0,0
13593,2.1725623028515,2.4372,0,0
13594,2.1725623041511,2.4376,0,0
13595,2.1725623054508,2.438,0,0
13596,2.1725623067504,2.4384,0,0
13597,2.17256230805,2.4388,0,0
13598,2.1725623093496,2.4392,0,0
13599,2.1725623106492,2.4396,0,0
13600,2.1725623119488,2.44,0,0
13601,2.1725623132485,2.4404,0,0
13602,2.1725623145481,2.4408,0,0
13603,2.1725623158477,2.4412,0,0
13604,2.1725623171473,2.4416,0,0
13605,2.1725623184469,2.442,0,0
13606,2.1725623197465,2.4424,0,0
13607,2.1725623210462,2.4428,0,0
13608,2.1725623223458,2.4432,0,0
13609,2.1725623236454,2.4436,0,0
13610,2.172562324945,2.444,0,0
13611,2.1725623262446,2.4444,0,0
13612,2.1725623275442,2.4448,0,0
13613,2.1725623288439,2.4452,0,0
13614,2.1725623301435,2.4456,0,0
13615,2.1725623314431,2.446,0,0
13616,2.1725623327427,2.4464,0,0
13617,2.1725623340423,2.4468,0,0
13618,2.1725623353419,2.4472,0,0
13619,2.1725623366416,2.4476,0,0
13620,2.1725623379412,2.448,0,0
13621,2.1725623392408,2.4484,0,0
13622,2.1725623405404,2.4488,0,0
13623,2.17256234184,2.4492,0,0
13624,2.1725623431396,2.4496,0,0
13625,2.1725623444393,2.45,0,0
13626,2.1725623457389,2.4504,0,0
13627,2.1725623470385,2.4508,0,0
13628,2.1725623483381,2.4512,0,0
13629,2.1725623496377,2.4516,0,0
13630,2.1725623509373,2.452,0,0
13631,2.172562352237,2.4524,0,0
13632,2.1725623535366,2.4528,0,0
13633,2.1725623548362,2.4532,0,0
13634,2.1725623561358,2.4536,0,0
13635,2.1725623574354,2.454,0,0
13636,2.172562358735,2.4544,0,0
13637,2.1725623600347,2.4548,0,0
13638,2.1725623613343,2.4552,0,0
13639,2.1725623626339,2.4556,0,0
13640,2.1725623639335,2.456,0,0
13641,2.1725623652331,2.4564,0,0
13642,2.1725623665327,2.4568,0,0
13643,2.1725623678324,2.4572,0,0
13644,2.172562369132,2.4576,0,0
13645,2.1725623704316,2.458,0,0
13646,2.1725623717312,2.4584,0,0
13647,2.1725623730308,2.4588,0,0
13648,2.1725623743304,2.4592,0,0
13649,2.1725623756301,2.4596,0,0
13650,2.1725623769297,2.46,0,0
13651,2.1725623782293,2.4604,0,0
13652,2.1725623795289,2.4608,0,0
13653,2.1725623808285,2.4612,0,0
13654,2.1725623821281,2.4616,0,0
13655,2.1725623834278,2.462,0,0
13656,2.1725623847274,2.4624,0,0
13657,2.172562386027,2.4628,0,0
13658,2.1725623873266,2.4632,0,0
13659,2.1725623886262,2.4636,0,0
13660,2.1725623899258,2.464,0,0
13661,2.1725623912255,2.4644,0,0
13662,2.1725623925251,2.4648,0,0
13663,2.1725623938247,2.4652,0,0
13664,2.1725623951243,2.4656,0,0
13665,2.1725623964239,2.466,0,0
13666,2.1725623977236,2.4664,0,0
13667,2.1725623990232,2.4668,0,0
13668,2.1725624003228,2.4672,0,0
13669,2.1725624016224,2.4676,0,0
13670,2.172562402922,2.468,0,0
13671,2.1725624042216,2.4684,0,0
13672,2.1725624055213,2.4688,0,0
13673,2.1725624068209,2.4692,0,0
13674,2.1725624081205,2.4696,0,0
13675,2.1725624094201,2.47,0,0
13676,2.1725624107197,2.4704,0,0
13677,2.1725624120193,2.4708,0,0
13678,2.172562413319,2.4712,0,0
13679,2.1725624146186,2.4716,0,0
13680,2.1725624159182,2.472,0,0
13681,2.1725624172178,2.4724,0,0
13682,2.1725624185174,2.4728,0,0
13683,2.172562419817,2.4732,0,0
13684,2.1725624211167,2.4736,0,0
13685,2.1725624224163,2.474,0,0
13686,2.1725624237159,2.4744,0,0
13687,2.1725624250155,2.4748,0,0
13688,2.1725624263151,2.4752,0,0
13689,2.1725624276147,2.4756,0,0
13690,2.1725624289144,2.476,0,0
13691,2.172562430214,2.4764,0,0
13692,2.1725624315136,2.4768,0,0
13693,2.1725624328132,2.4772,0,0
13694,2.1725624341128,2.4776,0,0
13695,2.1725624354124,2.478,0,0
13696,2.1725624367121,2.4784,0,0
13697,2.1725624380117,2.4788,0,0
13698,2.1725624393113,2.4792,0,0
13699,2.1725624406109,2.4796,0,0
13700,2.1725624419105,2.48,0,0
13701,2.1725624432101,2.4804,0,0
13702,2.1725624445098,2.4808,0,0
13703,2.1725624458094,2.4812,0,0
13704,2.172562447109,2.4816,0,0
13705,2.1725624484086,2.482,0,0
13706,2.1725624497082,2.4824,0,0
13707,2.1725624510078,2.4828,0,0
13708,2.1725624523075,2.4832,0,0
13709,2.1725624536071,2.4836,0,0
13710,2.1725624549067,2.484,0,0
13711,2.1725624562063,2.4844,0,0
13712,2.1725624575059,2.4848,0,0
13713,2.1725624588055,2.4852,0,0
13714,2.1725624601052,2.4856,0,0
13715,2.1725624614048,2.486,0,0
13716,2.1725624627044,2.4864,0,0
13717,2.172562464004,2.4868,0,0
13718,2.1725624653036,2.4872,0,0
13719,2.1725624666032,2.4876,0,0
13720,2.1725624679029,2.488,0,0
13721,2.1725624692025,2.4884,0,0
13722,2.1725624705021,2.4888,0,0
13723,2.1725624718017,2.4892,0,0
13724,2.1725624731013,2.4896,0,0
13725,2.1725624744009,2.49,0,0
13726,2.1725624757006,2.4904,0,0
13727,2.1725624770002,2.4908,0,0
13728,2.1725624782998,2.4912,0,0
13729,2.1725624795994,2.4916,0,0
13730,2.172562480899,2.492,0,0
13731,2.1725624821986,2.4924,0,0
13732,2.1725624834983,2.4928,0,0
13733,2.1725624847979,2.4932,0,0
13734,2.1725624860975,2.4936,0,0
13735,2.1725624873971,2.494,0,0
13736,2.1725624886967,2.4944,0,0
13737,2.1725624899963,2.4948,0,0
13738,2.172562491296,2.4952,0,0
13739,2.1725624925956,2.4956,0,0
13740,2.1725624938952,2.496,0,0
13741,2.1725624951948,2.4964,0,0
13742,2.1725624964944,2.4968,0,0
13743,2.172562497794,2.4972,0,0
13744,2.1725624990937,2.4976,0,0
13745,2.1725625003933,2.498,0,0
13746,2.1725625016929,2.4984,0,0
13747,2.1725625029925,2.4988,0,0
13748,2.1725625042921,2.4992,0,0
13749,2.1725625055917,2.4996,0,0
13750,2.1725625068914,2.5,0,0
13751,2.172562508191,2.5004,0,0
13752,2.1725625094906,2.5008,0,0
13753,2.1725625107902,2.5012,0,0
13754,2.1725625120898,2.5016,0,0
13755,2.1725625133895,2.502,0,0
13756,2.1725625146891,2.5024,0,0
13757,2.1725625159887,2.5028,0,0
13758,2.1725625172883,2.5032,0,0
13759,2.1725625185879,2.5036,0,0
13760,2.1725625198875,2.504,0,0
13761,2.1725625211872,2.5044,0,0
13762,2.1725625224868,2.5048,0,0
13763,2.1725625237864,2.5052,0,0
13764,2.172562525086,2.5056,0,0
13765,2.1725625263856,2.506,0,0
13766,2.1725625276852,2.5064,0,0
13767,2.1725625289849,2.5068,0,0
13768,2.1725625302845,2.5072,0,0
13769,2.1725625315841,2.5076,0,0
13770,2.1725625328837,2.508,0,0
13771,2.1725625341833,2.5084,0,0
13772,2.1725625354829,2.5088,0,0
13773,2.1725625367826,2.5092,0,0
13774,2.1725625380822,2.5096,0,0
13775,2.1725625393818,2.51,0,0
13776,2.1725625406814,2.5104,0,0
13777,2.172562541981,2.5108,0,0
13778,2.1725625432806,2.5112,0,0
13779,2.1725625445803,2.5116,0,0
13780,2.1725625458799,2.512,0,0
13781,2.1725625471795,2.5124,0,0
13782,2.1725625484791,2.5128,0,0
13783,2.1725625497787,2.5132,0,0
13784,2.1725625510783,2.5136,0,0
13785,2.172562552378,2.514,0,0
13786,2.1725625536776,2.5144,0,0
13787,2.1725625549772,2.5148,0,0
13788,2.1725625562768,2.5152,0,0
13789,2.1725625575764,2.5156,0,0
13790,2.172562558876,2.516,0,0
13791,2.1725625601757,2.5164,0,0
13792,2.1725625614753,2.5168,0,0
13793,2.1725625627749,2.5172,0,0
13794,2.1725625640745,2.5176,0,0
13795,2.1725625653741,2.518,0,0
13796,2.1725625666737,2.5184,0,0
13797,2.1725625679734,2.5188,0,0
13798,2.172562569273,2.5192,0,0
13799,2.1725625705726,2.5196,0,0
13800,2.1725625718722,2.52,0,0
13801,2.1725625731718,2.5204,0,0
13802,2.1725625744714,2.5208,0,0
13803,2.1725625757711,2.5212,0,0
13804,2.1725625770707,2.5216,0,0
13805,2.1725625783703,2.522,0,0
13806,2.1725625796699,2.5224,0,0
13807,2.1725625809695,2.5228,0,0
13808,2.1725625822691,2.5232,0,0
13809,2.1725625835688,2.5236,0,0
13810,2.1725625848684,2.524,0,0
13811,2.172562586168,2.5244,0,0
13812,2.1725625874676,2.5248,0,0
13813,2.1725625887672,2.5252,0,0
13814,2.1725625900668,2.5256,0,0
13815,2.1725625913665,2.526,0,0
13816,2.1725625926661,2.5264,0,0
13817,2.1725625939657,2.5268,0,0
13818,2.1725625952653,2.5272,0,0
13819,2.1725625965649,2.5276,0,0
13820,2.1725625978645,2.528,0,0
13821,2.1725625991642,2.5284,0,0
13822,2.1725626004638,2.5288,0,0
13823,2.1725626017634,2.5292,0,0
13824,2.172562603063,2.5296,0,0
13825,2.1725626043626,2.53,0,0
13826,2.1725626056622,2.5304,0,0
13827,2.1725626069619,2.5308,0,0
13828,2.1725626082615,2.5312,0,0
13829,2.1725626095611,2.5316,0,0
13830,2.1725626108607,2.532,0,0
13831,2.1725626121603,2.5324,0,0
13832,2.1725626134599,2.5328,0,0
13833,2.1725626147596,2.5332,0,0
13834,2.1725626160592,2.5336,0,0
13835,2.1725626173588,2.534,0,0
13836,2.1725626186584,2.5344,0,0
13837,2.172562619958,2.5348,0,0
13838,2.1725626212576,2.5352,0,0
13839,2.1725626225573,2.5356,0,0
13840,2.1725626238569,2.536,0,0
13841,2.1725626251565,2.5364,0,0
13842,2.1725626264561,2.5368,0,0
13843,2.1725626277557,2.5372,0,0
13844,2.1725626290554,2.5376,0,0
13845,2.172562630355,2.538,0,0
13846,2.1725626316546,2.5384,0,0
13847,2.1725626329542,2.5388,0,0
13848,2.1725626342538,2.5392,0,0
13849,2.1725626355534,2.5396,0,0
13850,2.1725626368531,2.54,0,0
13851,2.1725626381527,2.5404,0,0
13852,2.1725626394523,2.5408,0,0
13853,2.1725626407519,2.5412,0,0
13854,2.1725626420515,2.5416,0,0
13855,2.1725626433511,2.542,0,0
13856,2.1725626446508,2.5424,0,0
13857,2.1725626459504,2.5428,0,0
13858,2.17256264725,2.5432,0,0
13859,2.1725626485496,2.5436,0,0
13860,2.1725626498492,2.544,0,0
13861,2.1725626511488,2.5444,0,0
13862,2.1725626524485,2.5448,0,0
13863,2.1725626537481,2.5452,0,0
13864,2.1725626550477,2.5456,0,0
13865,2.1725626563473,2.546,0,0
13866,2.1725626576469,2.5464,0,0
13867,2.1725626589465,2.5468,0,0
13868,2.1725626602462,2.5472,0,0
13869,2.1725626615458,2.5476,0,0
13870,2.1725626628454,2.548,0,0
13871,2.172562664145,2.5484,0,0
13872,2.1725626654446,2.5488,0,0
13873,2.1725626667442,2.5492,0,0
13874,2.1725626680439,2.5496,0,0
13875,2.1725626693435,2.55,0,0
13876,2.1725626706431,2.5504,0,0
13877,2.1725626719427,2.5508,0,0
13878,2.1725626732423,2.5512,0,0
13879,2.1725626745419,2.5516,0,0
13880,2.1725626758416,2.552,0,0
13881,2.1725626771412,2.5524,0,0
13882,2.1725626784408,2.5528,0,0
13883,2.1725626797404,2.5532,0,0
13884,2.17256268104,2.5536,0,0
13885,2.1725626823396,2.554,0,0
13886,2.1725626836393,2.5544,0,0
13887,2.1725626849389,2.5548,0,0
13888,2.1725626862385,2.5552,0,0
13889,2.1725626875381,2.5556,0,0
13890,2.1725626888377,2.556,0,0
13891,2.1725626901373,2.5564,0,0
13892,2.172562691437,2.5568,0,0
13893,2.1725626927366,2.5572,0,0
13894,2.1725626940362,2.5576,0,0
13895,2.1725626953358,2.558,0,0
13896,2.1725626966354,2.5584,0,0
13897,2.172562697935,2.5588,0,0
13898,2.1725626992347,2.5592,0,0
13899,2.1725627005343,2.5596,0,0
13900,2.1725627018339,2.56,0,0
13901,2.1725627031335,2.5604,0,0
13902,2.1725627044331,2.5608,0,0
13903,2.1725627057327,2.5612,0,0
13904,2.1725627070324,2.5616,0,0
13905,2.172562708332,2.562,0,0
13906,2.1725627096316,2.5624,0,0
13907,2.1725627109312,2.5628,0,0
13908,2.1725627122308,2.5632,0,0
13909,2.1725627135304,2.5636,0,0
13910,2.1725627148301,2.564,0,0
13911,2.1725627161297,2.5644,0,0
13912,2.1725627174293,2.5648,0,0
13913,2.1725627187289,2.5652,0,0
13914,2.1725627200285,2.5656,0,0
13915,2.1725627213281,2.566,0,0
13916,2.1725627226278,2.5664,0,0
13917,2.1725627239274,2.5668,0,0
13918,2.172562725227,2.5672,0,0
13919,2.1725627265266,2.5676,0,0
13920,2.1725627278262,2.568,0,0
13921,2.1725627291258,2.5684,0,0
13922,2.1725627304255,2.5688,0,0
13923,2.1725627317251,2.5692,0,0
13924,2.1725627330247,2.5696,0,0
13925,2.1725627343243,2.57,0,0
13926,2.1725627356239,2.5704,0,0
13927,2.1725627369235,2.5708,0,0
13928,2.1725627382232,2.5712,0,0
13929,2.1725627395228,2.5716,0,0
13930,2.1725627408224,2.572,0,0
13931,2.172562742122,2.5724,0,0
13932,2.1725627434216,2.5728,0,0
13933,2.1725627447213,2.5732,0,0
13934,2.1725627460209,2.5736,0,0
13935,2.1725627473205,2.574,0,0
13936,2.1725627486201,2.5744,0,0
13937,2.1725627499197,2.5748,0,0
13938,2.1725627512193,2.5752,0,0
13939,2.172562752519,2.5756,0,0
13940,2.1725627538186,2.576,0,0
13941,2.1725627551182,2.5764,0,0
13942,2.1725627564178,2.5768,0,0
13943,2.1725627577174,2.5772,0,0
13944,2.172562759017,2.5776,0,0
13945,2.1725627603167,2.578,0,0
13946,2.1725627616163,2.5784,0,0
13947,2.1725627629159,2.5788,0,0
13948,2.1725627642155,2.5792,0,0
13949,2.1725627655151,2.5796,0,0
13950,2.1725627668147,2.58,0,0
13951,2.1725627681144,2.5804,0,0
13952,2.172562769414,2.5808,0,0
13953,2.1725627707136,2.5812,0,0
13954,2.1725627720132,2.5816,0,0
13955,2.1725627733128,2.582,0,0
13956,2.1725627746124,2.5824,0,0
13957,2.1725627759121,2.5828,0,0
13958,2.1725627772117,2.5832,0,0
13959,2.1725627785113,2.5836,0,0
13960,2.1725627798109,2.584,0,0
13961,2.1725627811105,2.5844,0,0
13962,2.1725627824101,2.5848,0,0
13963,2.1725627837098,2.5852,0,0
13964,2.1725627850094,2.5856,0,0
13965,2.172562786309,2.586,0,0
13966,2.1725627876086,2.5864,0,0
13967,2.1725627889082,2.5868,0,0
13968,2.1725627902078,2.5872,0,0
13969,2.1725627915075,2.5876,0,0
13970,2.1725627928071,2.588,0,0
13971,2.1725627941067,2.5884,0,0
13972,2.1725627954063,2.5888,0,0
13973,2.1725627967059,2.5892,0,0
13974,2.1725627980055,2.5896,0,0
13975,2.1725627993052,2.59,0,0
13976,2.1725628006048,2.5904,0,0
13977,2.1725628019044,2.5908,0,0
13978,2.172562803204,2.5912,0,0
13979,2.1725628045036,2.5916,0,0
13980,2.1725628058032,2.592,0,0
13981,2.1725628071029,2.5924,0,0
13982,2.1725628084025,2.5928,0,0
13983,2.1725628097021,2.5932,0,0
13984,2.1725628110017,2.5936,0,0
13985,2.1725628123013,2.594,0,0
13986,2.1725628136009,2.5944,0,0
13987,2.1725628149006,2.5948,0,0
13988,2.1725628162002,2.5952,0,0
13989,2.1725628174998,2.5956,0,0
13990,2.1725628187994,2.596,0,0
13991,2.172562820099,2.5964,0,0
13992,2.1725628213986,2.5968,0,0
13993,2.1725628226983,2.5972,0,0
13994,2.1725628239979,2.5976,0,0
13995,2.1725628252975,2.598,0,0
13996,2.1725628265971,2.5984,0,0
13997,2.1725628278967,2.5988,0,0
13998,2.1725628291963,2.5992,0,0
13999,2.172562830496,2.5996,0,0
14000,2.1725628317956,2.6,0,0
14001,2.1725628330952,2.6004,0,0
14002,2.1725628343948,2.6008,0,0
14003,2.1725628356944,2.6012,0,0
14004,2.172562836994,2.6016,0,0
14005,2.1725628382937,2.602,0,0
14006,2.1725628395933,2.6024,0,0
14007,2.1725628408929,2.6028,0,0
14008,2.1725628421925,2.6032,0,0
14009,2.1725628434921,2.6036,0,0
14010,2.1725628447917,2.604,0,0
14011,2.1725628460914,2.6044,0,0
14012,2.172562847391,2.6048,0,0
14013,2.1725628486906,2.6052,0,0
14014,2.1725628499902,2.6056,0,0
14015,2.1725628512898,2.606,0,0
14016,2.1725628525895,2.6064,0,0
14017,2.1725628538891,2.6068,0,0
14018,2.1725628551887,2.6072,0,0
14019,2.1725628564883,2.6076,0,0
14020,2.1725628577879,2.608,0,0
14021,2.1725628590875,2.6084,0,0
14022,2.1725628603872,2.6088,0,0
14023,2.1725628616868,2.6092,0,0
14024,2.1725628629864,2.6096,0,0
14025,2.172562864286,2.61,0,0
14026,2.1725628655856,2.6104,0,0
14027,2.1725628668852,2.6108,0,0
14028,2.1725628681849,2.6112,0,0
14029,2.1725628694845,2.6116,0,0
14030,2.1725628707841,2.612,0,0
14031,2.1725628720837,2.6124,0,0
14032,2.1725628733833,2.6128,0,0
14033,2.1725628746829,2.6132,0,0
14034,2.1725628759826,2.6136,0,0
14035,2.1725628772822,2.614,0,0
14036,2.1725628785818,2.6144,0,0
14037,2.1725628798814,2.6148,0,0
14038,2.172562881181,2.6152,0,0
14039,2.1725628824806,2.6156,0,0
14040,2.1725628837803,2.616,0,0
14041,2.1725628850799,2.6164,0,0
14042,2.1725628863795,2.6168,0,0
14043,2.1725628876791,2.6172,0,0
14044,2.1725628889787,2.6176,0,0
14045,2.1725628902783,2.618,0,0
14046,2.172562891578,2.6184,0,0
14047,2.1725628928776,2.6188,0,0
14048,2.1725628941772,2.6192,0,0
14049,2.1725628954768,2.6196,0,0
14050,2.1725628967764,2.62,0,0
14051,2.172562898076,2.6204,0,0
14052,2.1725628993757,2.6208,0,0
14053,2.1725629006753,2.6212,0,0
14054,2.1725629019749,2.6216,0,0
14055,2.1725629032745,2.622,0,0
14056,2.1725629045741,2.6224,0,0
14057,2.1725629058737,2.6228,0,0
14058,2.1725629071734,2.6232,0,0
14059,2.172562908473,2.6236,0,0
14060,2.1725629097726,2.624,0,0
14061,2.1725629110722,2.6244,0,0
14062,2.1725629123718,2.6248,0,0
14063,2.1725629136714,2.6252,0,0
14064,2.1725629149711,2.6256,0,0
14065,2.1725629162707,2.626,0,0
14066,2.1725629175703,2.6264,0,0
14067,2.1725629188699,2.6268,0,0
14068,2.1725629201695,2.6272,0,0
14069,2.1725629214691,2.6276,0,0
14070,2.1725629227688,2.628,0,0
14071,2.1725629240684,2.6284,0,0
14072,2.172562925368,2.6288,0,0
14073,2.1725629266676,2.6292,0,0
14074,2.1725629279672,2.6296,0,0
14075,2.1725629292668,2.63,0,0
14076,2.1725629305665,2.6304,0,0
14077,2.1725629318661,2.6308,0,0
14078,2.1725629331657,2.6312,0,0
14079,2.1725629344653,2.6316,0,0
14080,2.1725629357649,2.632,0,0
14081,2.1725629370645,2.6324,0,0
14082,2.1725629383642,2.6328,0,0
14083,2.1725629396638,2.6332,0,0
14084,2.1725629409634,2.6336,0,0
14085,2.172562942263,2.634,0,0
14086,2.1725629435626,2.6344,0,0
14087,2.1725629448622,2.6348,0,0
14088,2.1725629461619,2.6352,0,0
14089,2.1725629474615,2.6356,0,0
14090,2.1725629487611,2.636,0,0
14091,2.1725629500607,2.6364,0,0
14092,2.1725629513603,2.6368,0,0
14093,2.1725629526599,2.6372,0,0
14094,2.1725629539596,2.6376,0,0
14095,2.1725629552592,2.638,0,0
14096,2.1725629565588,2.6384,0,0
14097,2.1725629578584,2.6388,0,0
14098,2.172562959158,2.6392,0,0
14099,2.1725629604576,2.6396,0,0
14100,2.1725629617573,2.64,0,0
14101,2.1725629630569,2.6404,0,0
14102,2.1725629643565,2.6408,0,0
14103,2.1725629656561,2.6412,0,0
14104,2.1725629669557,2.6416,0,0
14105,2.1725629682554,2.642,0,0
14106,2.172562969555,2.6424,0,0
14107,2.1725629708546,2.6428,0,0
14108,2.1725629721542,2.6432,0,0
14109,2.1725629734538,2.6436,0,0
14110,2.1725629747534,2.644,0,0
14111,2.1725629760531,2.6444,0,0
14112,2.1725629773527,2.6448,0,0
14113,2.1725629786523,2.6452,0,0
14114,2.1725629799519,2.6456,0,0
14115,2.1725629812515,2.646,0,0
14116,2.1725629825511,2.6464,0,0
14117,2.1725629838508,2.6468,0,0
14118,2.1725629851504,2.6472,0,0
14119,2.17256298645,2.6476,0,0
14120,2.1725629877496,2.648,0,0
14121,2.1725629890492,2.6484,0,0
14122,2.1725629903488,2.6488,0,0
14123,2.1725629916485,2.6492,0,0
14124,2.1725629929481,2.6496,0,0
14125,2.1725629942477,2.65,0,0
14126,2.1725629955473,2.6504,0,0
14127,2.1725629968469,2.6508,0,0
14128,2.1725629981465,2.6512,0,0
14129,2.1725629994462,2.6516,0,0
14130,2.1725630007458,2.652,0,0
14131,2.1725630020454,2.6524,0,0
14132,2.172563003345,2.6528,0,0
14133,2.1725630046446,2.6532,0,0
14134,2.1725630059442,2.6536,0,0
14135,2.1725630072439,2.654,0,0
14136,2.1725630085435,2.6544,0,0
14137,2.1725630098431,2.6548,0,0
14138,2.1725630111427,2.6552,0,0
14139,2.1725630124423,2.6556,0,0
14140,2.1725630137419,2.656,0,0
14141,2.1725630150416,2.6564,0,0
14142,2.1725630163412,2.6568,0,0
14143,2.1725630176408,2.6572,0,0
14144,2.1725630189404,2.6576,0,0
14145,2.17256302024,2.658,0,0
14146,2.1725630215396,2.6584,0,0
14147,2.1725630228393,2.6588,0,0
14148,2.1725630241389,2.6592,0,0
14149,2.1725630254385,2.6596,0,0
14150,2.1725630267381,2.66,0,0
14151,2.1725630280377,2.6604,0,0
14152,2.1725630293373,2.6608,0,0
14153,2.172563030637,2.6612,0,0
14154,2.1725630319366,2.6616,0,0
14155,2.1725630332362,2.662,0,0
14156,2.1725630345358,2.6624,0,0
14157,2.1725630358354,2.6628,0,0
14158,2.172563037135,2.6632,0,0
14159,2.1725630384347,2.6636,0,0
14160,2.1725630397343,2.664,0,0
14161,2.1725630410339,2.6644,0,0
14162,2.1725630423335,2.6648,0,0
14163,2.1725630436331,2.6652,0,0
14164,2.1725630449327,2.6656,0,0
14165,2.1725630462324,2.666,0,0
14166,2.172563047532,2.6664,0,0
14167,2.1725630488316,2.6668,0,0
14168,2.1725630501312,2.6672,0,0
14169,2.1725630514308,2.6676,0,0
14170,2.1725630527304,2.668,0,0
14171,2.1725630540301,2.6684,0,0
14172,2.1725630553297,2.6688,0,0
14173,2.1725630566293,2.6692,0,0
14174,2.1725630579289,2.6696,0,0
14175,2.1725630592285,2.67,0,0
14176,2.1725630605281,2.6704,0,0
14177,2.1725630618278,2.6708,0,0
14178,2.1725630631274,2.6712,0,0
14179,2.172563064427,2.6716,0,0
14180,2.1725630657266,2.672,0,0
14181,2.1725630670262,2.6724,0,0
14182,2.1725630683258,2.6728,0,0
14183,2.1725630696255,2.6732,0,0
14184,2.1725630709251,2.6736,0,0
14185,2.1725630722247,2.674,0,0
14186,2.1725630735243,2.6744,0,0
14187,2.1725630748239,2.6748,0,0
14188,2.1725630761235,2.6752,0,0
14189,2.1725630774232,2.6756,0,0
14190,2.1725630787228,2.676,0,0
14191,2.1725630800224,2.6764,0,0
14192,2.172563081322,2.6768,0,0
14193,2.1725630826216,2.6772,0,0
14194,2.1725630839212,2.6776,0,0
14195,2.1725630852209,2.678,0,0
14196,2.1725630865205,2.6784,0,0
14197,2.1725630878201,2.6788,0,0
14198,2.1725630891197,2.6792,0,0
14199,2.1725630904193,2.6796,0,0
14200,2.172563091719,2.68,0,0
14201,2.1725630930186,2.6804,0,0
14202,2.1725630943182,2.6808,0,0
14203,2.1725630956178,2.6812,0,0
14204,2.1725630969174,2.6816,0,0
14205,2.172563098217,2.682,0,0
14206,2.1725630995167,2.6824,0,0
14207,2.1725631008163,2.6828,0,0
14208,2.1725631021159,2.6832,0,0
14209,2.1725631034155,2.6836,0,0
14210,2.1725631047151,2.684,0,0
14211,2.1725631060147,2.6844,0,0
14212,2.1725631073144,2.6848,0,0
14213,2.172563108614,2.6852,0,0
14214,2.1725631099136,2.6856,0,0
14215,2.1725631112132,2.686,0,0
14216,2.1725631125128,2.6864,0,0
14217,2.1725631138124,2.6868,0,0
14218,2.1725631151121,2.6872,0,0
14219,2.1725631164117,2.6876,0,0
14220,2.1725631177113,2.688,0,0
14221,2.1725631190109,2.6884,0,0
14222,2.1725631203105,2.6888,0,0
14223,2.1725631216101,2.6892,0,0
14224,2.1725631229098,2.6896,0,0
14225,2.1725631242094,2.69,0,0
14226,2.172563125509,2.6904,0,0
14227,2.1725631268086,2.6908,0,0
14228,2.1725631281082,2.6912,0,0
14229,2.1725631294078,2.6916,0,0
14230,2.1725631307075,2.692,0,0
14231,2.1725631320071,2.6924,0,0
14232,2.1725631333067,2.6928,0,0
14233,2.1725631346063,2.6932,0,0
14234,2.1725631359059,2.6936,0,0
14235,2.1725631372055,2.694,0,0
14236,2.1725631385052,2.6944,0,0
14237,2.1725631398048,2.6948,0,0
14238,2.1725631411044,2.6952,0,0
14239,2.172563142404,2.6956,0,0
14240,2.1725631437036,2.696,0,0
14241,2.1725631450032,2.6964,0,0
14242,2.1725631463029,2.6968,0,0
14243,2.1725631476025,2.6972,0,0
14244,2.1725631489021,2.6976,0,0
14245,2.1725631502017,2.698,0,0
14246,2.1725631515013,2.6984,0,0
14247,2.1725631528009,2.6988,0,0
14248,2.1725631541006,2.6992,0,0
14249,2.1725631554002,2.6996,0,0
14250,2.1725631566998,2.7,0,0
14251,2.1725631579994,2.7004,0,0
14252,2.172563159299,2.7008,0,0
14253,2.1725631605986,2.7012,0,0
14254,2.1725631618983,2.7016,0,0
14255,2.1725631631979,2.702,0,0
14256,2.1725631644975,2.7024,0,0
14257,2.1725631657971,2.7028,0,0
14258,2.1725631670967,2.7032,0,0
14259,2.1725631683963,2.7036,0,0
14260,2.172563169696,2.704,0,0
14261,2.1725631709956,2.7044,0,0
14262,2.1725631722952,2.7048,0,0
14263,2.1725631735948,2.7052,0,0
14264,2.1725631748944,2.7056,0,0
14265,2.172563176194,2.706,0,0
14266,2.1725631774937,2.7064,0,0
14267,2.1725631787933,2.7068,0,0
14268,2.1725631800929,2.7072,0,0
14269,2.1725631813925,2.7076,0,0
14270,2.1725631826921,2.708,0,0
14271,2.1725631839917,2.7084,0,0
14272,2.1725631852914,2.7088,0,0
14273,2.172563186591,2.7092,0,0
14274,2.1725631878906,2.7096,0,0
14275,2.1725631891902,2.71,0,0
14276,2.1725631904898,2.7104,0,0
14277,2.1725631917894,2.7108,0,0
14278,2.1725631930891,2.7112,0,0
14279,2.1725631943887,2.7116,0,0
14280,2.1725631956883,2.712,0,0
14281,2.1725631969879,2.7124,0,0
14282,2.1725631982875,2.7128,0,0
14283,2.1725631995872,2.7132,0,0
14284,2.1725632008868,2.7136,0,0
14285,2.1725632021864,2.714,0,0
14286,2.172563203486,2.7144,0,0
14287,2.1725632047856,2.7148,0,0
14288,2.1725632060852,2.7152,0,0
14289,2.1725632073849,2.7156,0,0
14290,2.1725632086845,2.716,0,0
14291,2.1725632099841,2.7164,0,0
14292,2.1725632112837,2.7168,0,0
14293,2.1725632125833,2.7172,0,0
14294,2.1725632138829,2.7176,0,0
14295,2.1725632151826,2.718,0,0
14296,2.1725632164822,2.7184,0,0
14297,2.1725632177818,2.7188,0,0
14298,2.1725632190814,2.7192,0,0
14299,2.172563220381,2.7196,0,0
14300,2.1725632216806,2.72,0,0
14301,2.1725632229803,2.7204,0,0
14302,2.1725632242799,2.7208,0,0
14303,2.1725632255795,2.7212,0,0
14304,2.1725632268791,2.7216,0,0
14305,2.1725632281787,2.722,0,0
14306,2.1725632294783,2.7224,0,0
14307,2.172563230778,2.7228,0,0
14308,2.1725632320776,2.7232,0,0
14309,2.1725632333772,2.7236,0,0
14310,2.1725632346768,2.724,0,0
14311,2.1725632359764,2.7244,0,0
14312,2.172563237276,2.7248,0,0
14313,2.1725632385757,2.7252,0,0
14314,2.1725632398753,2.7256,0,0
14315,2.1725632411749,2.726,0,0
14316,2.1725632424745,2.7264,0,0
14317,2.1725632437741,2.7268,0,0
14318,2.1725632450737,2.7272,0,0
14319,2.1725632463734,2.7276,0,0
14320,2.172563247673,2.728,0,0
14321,2.1725632489726,2.7284,0,0
14322,2.1725632502722,2.7288,0,0
14323,2.1725632515718,2.7292,0,0
14324,2.1725632528714,2.7296,0,0
14325,2.1725632541711,2.73,0,0
14326,2.1725632554707,2.7304,0,0
14327,2.1725632567703,2.7308,0,0
14328,2.1725632580699,2.7312,0,0
14329,2.1725632593695,2.7316,0,0
14330,2.1725632606691,2.732,0,0
14331,2.1725632619688,2.7324,0,0
14332,2.1725632632684,2.7328,0,0
14333,2.172563264568,2.7332,0,0
14334,2.1725632658676,2.7336,0,0
14335,2.1725632671672,2.734,0,0
14336,2.1725632684668,2.7344,0,0
14337,2.1725632697665,2.7348,0,0
14338,2.1725632710661,2.7352,0,0
14339,2.1725632723657,2.7356,0,0
14340,2.1725632736653,2.736,0,0
14341,2.1725632749649,2.7364,0,0
14342,2.1725632762645,2.7368,0,0
14343,2.1725632775642,2.7372,0,0
14344,2.1725632788638,2.7376,0,0
14345,2.1725632801634,2.738,0,0
14346,2.172563281463,2.7384,0,0
14347,2.1725632827626,2.7388,0,0
14348,2.1725632840622,2.7392,0,0
14349,2.1725632853619,2.7396,0,0
14350,2.1725632866615,2.74,0,0
14351,2.1725632879611,2.7404,0,0
14352,2.1725632892607,2.7408,0,0
14353,2.1725632905603,2.7412,0,0
14354,2.1725632918599,2.7416,0,0
14355,2.1725632931596,2.742,0,0
14356,2.1725632944592,2.7424,0,0
14357,2.1725632957588,2.7428,0,0
14358,2.1725632970584,2.7432,0,0
14359,2.172563298358,2.7436,0,0
14360,2.1725632996576,2.744,0,0
14361,2.1725633009573,2.7444,0,0
14362,2.1725633022569,2.7448,0,0
14363,2.1725633035565,2.7452,0,0
14364,2.1725633048561,2.7456,0,0
14365,2.1725633061557,2.746,0,0
14366,2.1725633074553,2.7464,0,0
14367,2.172563308755,2.7468,0,0
14368,2.1725633100546,2.7472,0,0
14369,2.1725633113542,2.7476,0,0
14370,2.1725633126538,2.748,0,0
14371,2.1725633139534,2.7484,0,0
14372,2.172563315253,2.7488,0,0
14373,2.1725633165527,2.7492,0,0
14374,2.1725633178523,2.7496,0,0
14375,2.1725633191519,2.75,0,0
14376,2.1725633204515,2.7504,0,0
14377,2.1725633217511,2.7508,0,0
14378,2.1725633230508,2.7512,0,0
14379,2.1725633243504,2.7516,0,0
14380,2.17256332565,2.752,0,0
14381,2.1725633269496,2.7524,0,0
14382,2.1725633282492,2.7528,0,0
14383,2.1725633295488,2.7532,0,0
14384,2.1725633308485,2.7536,0,0
14385,2.1725633321481,2.754,0,0
14386,2.1725633334477,2.7544,0,0
14387,2.1725633347473,2.7548,0,0
14388,2.1725633360469,2.7552,0,0
14389,2.1725633373465,2.7556,0,0
14390,2.1725633386462,2.756,0,0
14391,2.1725633399458,2.7564,0,0
14392,2.1725633412454,2.7568,0,0
14393,2.172563342545,2.7572,0,0
14394,2.1725633438446,2.7576,0,0
14395,2.1725633451442,2.758,0,0
14396,2.1725633464439,2.7584,0,0
14397,2.1725633477435,2.7588,0,0
14398,2.1725633490431,2.7592,0,0
14399,2.1725633503427,2.7596,0,0
14400,2.1725633516423,2.76,0,0
14401,2.1725633529419,2.7604,0,0
14402,2.1725633542416,2.7608,0,0
14403,2.1725633555412,2.7612,0,0
14404,2.1725633568408,2.7616,0,0
14405,2.1725633581404,2.762,0,0
14406,2.17256335944,2.7624,0,0
14407,2.1725633607396,2.7628,0,0
14408,2.1725633620393,2.7632,0,0
14409,2.1725633633389,2.7636,0,0
14410,2.1725633646385,2.764,0,0
14411,2.1725633659381,2.7644,0,0
14412,2.1725633672377,2.7648,0,0
14413,2.1725633685373,2.7652,0,0
14414,2.172563369837,2.7656,0,0
14415,2.1725633711366,2.766,0,0
14416,2.1725633724362,2.7664,0,0
14417,2.1725633737358,2.7668,0,0
14418,2.1725633750354,2.7672,0,0
14419,2.172563376335,2.7676,0,0
14420,2.1725633776347,2.768,0,0
14421,2.1725633789343,2.7684,0,0
14422,2.1725633802339,2.7688,0,0
14423,2.1725633815335,2.7692,0,0
14424,2.1725633828331,2.7696,0,0
14425,2.1725633841327,2.77,0,0
14426,2.1725633854324,2.7704,0,0
14427,2.172563386732,2.7708,0,0
14428,2.1725633880316,2.7712,0,0
14429,2.1725633893312,2.7716,0,0
14430,2.1725633906308,2.772,0,0
14431,2.1725633919304,2.7724,0,0
14432,2.1725633932301,2.7728,0,0
14433,2.1725633945297,2.7732,0,0
14434,2.1725633958293,2.7736,0,0
14435,2.1725633971289,2.774,0,0
14436,2.1725633984285,2.7744,0,0
14437,2.1725633997281,2.7748,0,0
14438,2.1725634010278,2.7752,0,0
14439,2.1725634023274,2.7756,0,0
14440,2.172563403627,2.776,0,0
14441,2.1725634049266,2.7764,0,0
14442,2.1725634062262,2.7768,0,0
14443,2.1725634075258,2.7772,0,0
14444,2.1725634088255,2.7776,0,0
14445,2.1725634101251,2.778,0,0
14446,2.1725634114247,2.7784,0,0
14447,2.1725634127243,2.7788,0,0
14448,2.1725634140239,2.7792,0,0
14449,2.1725634153235,2.7796,0,0
14450,2.1725634166232,2.78,0,0
14451,2.1725634179228,2.7804,0,0
14452,2.1725634192224,2.7808,0,0
14453,2.172563420522,2.7812,0,0
14454,2.1725634218216,2.7816,0,0
14455,2.1725634231213,2.782,0,0
14456,2.1725634244209,2.7824,0,0
14457,2.1725634257205,2.7828,0,0
14458,2.1725634270201,2.7832,0,0
14459,2.1725634283197,2.7836,0,0
14460,2.1725634296193,2.784,0,0
14461,2.172563430919,2.7844,0,0
14462,2.1725634322186,2.7848,0,0
14463,2.1725634335182,2.7852,0,0
14464,2.1725634348178,2.7856,0,0
14465,2.1725634361174,2.786,0,0
14466,2.172563437417,2.7864,0,0
14467,2.1725634387167,2.7868,0,0
14468,2.1725634400163,2.7872,0,0
14469,2.1725634413159,2.7876,0,0
14470,2.1725634426155,2.788,0,0
14471,2.1725634439151,2.7884,0,0
14472,2.1725634452147,2.7888,0,0
14473,2.1725634465144,2.7892,0,0
14474,2.172563447814,2.7896,0,0
14475,2.1725634491136,2.79,0,0
14476,2.1725634504132,2.7904,0,0
14477,2.1725634517128,2.7908,0,0
14478,2.1725634530124,2.7912,0,0
14479,2.1725634543121,2.7916,0,0
14480,2.1725634556117,2.792,0,0
14481,2.1725634569113,2.7924,0,0
14482,2.1725634582109,2.7928,0,0
14483,2.1725634595105,2.7932,0,0
14484,2.1725634608101,2.7936,0,0
14485,2.1725634621098,2.794,0,0
14486,2.1725634634094,2.7944,0,0
14487,2.172563464709,2.7948,0,0
14488,2.1725634660086,2.7952,0,0
14489,2.1725634673082,2.7956,0,0
14490,2.1725634686078,2.796,0,0
14491,2.1725634699075,2.7964,0,0
14492,2.1725634712071,2.7968,0,0
14493,2.1725634725067,2.7972,0,0
14494,2.1725634738063,2.7976,0,0
14495,2.1725634751059,2.798,0,0
14496,2.1725634764055,2.7984,0,0
14497,2.1725634777052,2.7988,0,0
14498,2.1725634790048,2.7992,0,0
14499,2.1725634803044,2.7996,0,0
14500,2.172563481604,2.8,0,0
14501,2.1725634829036,2.8004,0,0
14502,2.1725634842032,2.8008,0,0
14503,2.1725634855029,2.8012,0,0
14504,2.1725634868025,2.8016,0,0
14505,2.1725634881021,2.802,0,0
14506,2.1725634894017,2.8024,0,0
14507,2.1725634907013,2.8028,0,0
14508,2.1725634920009,2.8032,0,0
14509,2.1725634933006,2.8036,0,0
14510,2.1725634946002,2.804,0,0
14511,2.1725634958998,2.8044,0,0
14512,2.1725634971994,2.8048,0,0
14513,2.172563498499,2.8052,0,0
14514,2.1725634997986,2.8056,0,0
14515,2.1725635010983,2.806,0,0
14516,2.1725635023979,2.8064,0,0
14517,2.1725635036975,2.8068,0,0
14518,2.1725635049971,2.8072,0,0
14519,2.1725635062967,2.8076,0,0
14520,2.1725635075963,2.808,0,0
14521,2.172563508896,2.8084,0,0
14522,2.1725635101956,2.8088,0,0
14523,2.1725635114952,2.8092,0,0
14524,2.1725635127948,2.8096,0,0
14525,2.1725635140944,2.81,0,0
14526,2.172563515394,2.8104,0,0
14527,2.1725635166937,2.8108,0,0
14528,2.1725635179933,2.8112,0,0
14529,2.1725635192929,2.8116,0,0
14530,2.1725635205925,2.812,0,0
14531,2.1725635218921,2.8124,0,0
14532,2.1725635231917,2.8128,0,0
14533,2.1725635244914,2.8132,0,0
14534,2.172563525791,2.8136,0,0
14535,2.1725635270906,2.814,0,0
14536,2.1725635283902,2.8144,0,0
14537,2.1725635296898,2.8148,0,0
14538,2.1725635309894,2.8152,0,0
14539,2.1725635322891,2.8156,0,0
14540,2.1725635335887,2.816,0,0
14541,2.1725635348883,2.8164,0,0
14542,2.1725635361879,2.8168,0,0
14543,2.1725635374875,2.8172,0,0
14544,2.1725635387872,2.8176,0,0
14545,2.1725635400868,2.818,0,0
14546,2.1725635413864,2.8184,0,0
14547,2.172563542686,2.8188,0,0
14548,2.1725635439856,2.8192,0,0
14549,2.1725635452852,2.8196,0,0
14550,2.1725635465849,2.82,0,0
14551,2.1725635478845,2.8204,0,0
14552,2.1725635491841,2.8208,0,0
14553,2.1725635504837,2.8212,0,0
14554,2.1725635517833,2.8216,0,0
14555,2.1725635530829,2.822,0,0
14556,2.1725635543826,2.8224,0,0
14557,2.1725635556822,2.8228,0,0
14558,2.1725635569818,2.8232,0,0
14559,2.1725635582814,2.8236,0,0
14560,2.172563559581,2.824,0,0
14561,2.1725635608806,2.8244,0,0
14562,2.1725635621803,2.8248,0,0
14563,2.1725635634799,2.8252,0,0
14564,2.1725635647795,2.8256,0,0
14565,2.1725635660791,2.826,0,0
14566,2.1725635673787,2.8264,0,0
14567,2.1725635686783,2.8268,0,0
14568,2.172563569978,2.8272,0,0
14569,2.1725635712776,2.8276,0,0
14570,2.1725635725772,2.828,0,0
14571,2.1725635738768,2.8284,0,0
14572,2.1725635751764,2.8288,0,0
14573,2.172563576476,2.8292,0,0
14574,2.1725635777757,2.8296,0,0
14575,2.1725635790753,2.83,0,0
14576,2.1725635803749,2.8304,0,0
14577,2.1725635816745,2.8308,0,0
14578,2.1725635829741,2.8312,0,0
14579,2.1725635842737,2.8316,0,0
14580,2.1725635855734,2.832,0,0
14581,2.172563586873,2.8324,0,0
14582,2.1725635881726,2.8328,0,0
14583,2.1725635894722,2.8332,0,0
14584,2.1725635907718,2.8336,0,0
14585,2.1725635920714,2.834,0,0
14586,2.1725635933711,2.8344,0,0
14587,2.1725635946707,2.8348,0,0
14588,2.1725635959703,2.8352,0,0
14589,2.1725635972699,2.8356,0,0
14590,2.1725635985695,2.836,0,0
14591,2.1725635998691,2.8364,0,0
14592,2.1725636011688,2.8368,0,0
14593,2.1725636024684,2.8372,0,0
14594,2.172563603768,2.8376,0,0
14595,2.1725636050676,2.838,0,0
14596,2.1725636063672,2.8384,0,0
14597,2.1725636076668,2.8388,0,0
14598,2.1725636089665,2.8392,0,0
14599,2.1725636102661,2.8396,0,0
14600,2.1725636115657,2.84,0,0
14601,2.1725636128653,2.8404,0,0
14602,2.1725636141649,2.8408,0,0
14603,2.1725636154645,2.8412,0,0
14604,2.1725636167642,2.8416,0,0
14605,2.1725636180638,2.842,0,0
14606,2.1725636193634,2.8424,0,0
14607,2.172563620663,2.8428,0,0
14608,2.1725636219626,2.8432,0,0
14609,2.1725636232622,2.8436,0,0
14610,2.1725636245619,2.844,0,0
14611,2.1725636258615,2.8444,0,0
14612,2.1725636271611,2.8448,0,0
14613,2.1725636284607,2.8452,0,0
14614,2.1725636297603,2.8456,0,0
14615,2.1725636310599,2.846,0,0
14616,2.1725636323596,2.8464,0,0
14617,2.1725636336592,2.8468,0,0
14618,2.1725636349588,2.8472,0,0
14619,2.1725636362584,2.8476,0,0
14620,2.172563637558,2.848,0,0
14621,2.1725636388576,2.8484,0,0
14622,2.1725636401573,2.8488,0,0
14623,2.1725636414569,2.8492,0,0
14624,2.1725636427565,2.8496,0,0
14625,2.1725636440561,2.85,0,0
14626,2.1725636453557,2.8504,0,0
14627,2.1725636466554,2.8508,0,0
14628,2.172563647955,2.8512,0,0
14629,2.1725636492546,2.8516,0,0
14630,2.1725636505542,2.852,0,0
14631,2.1725636518538,2.8524,0,0
14632,2.1725636531534,2.8528,0,0
14633,2.1725636544531,2.8532,0,0
14634,2.1725636557527,2.8536,0,0
14635,2.1725636570523,2.854,0,0
14636,2.1725636583519,2.8544,0,0
14637,2.1725636596515,2.8548,0,0
14638,2.1725636609511,2.8552,0,0
14639,2.1725636622508,2.8556,0,0
14640,2.1725636635504,2.856,0,0
14641,2.17256366485,2.8564,0,0
14642,2.1725636661496,2.8568,0,0
14643,2.1725636674492,2.8572,0,0
14644,2.1725636687488,2.8576,0,0
14645,2.1725636700485,2.858,0,0
14646,2.1725636713481,2.8584,0,0
14647,2.1725636726477,2.8588,0,0
14648,2.1725636739473,2.8592,0,0
14649,2.1725636752469,2.8596,0,0
14650,2.1725636765465,2.86,0,0
14651,2.1725636778462,2.8604,0,0
14652,2.1725636791458,2.8608,0,0
14653,2.1725636804454,2.8612,0,0
14654,2.172563681745,2.8616,0,0
14655,2.1725636830446,2.862,0,0
14656,2.1725636843442,2.8624,0,0
14657,2.1725636856439,2.8628,0,0
14658,2.1725636869435,2.8632,0,0
14659,2.1725636882431,2.8636,0,0
14660,2.1725636895427,2.864,0,0
14661,2.1725636908423,2.8644,0,0
14662,2.1725636921419,2.8648,0,0
14663,2.1725636934416,2.8652,0,0
14664,2.1725636947412,2.8656,0,0
14665,2.1725636960408,2.866,0,0
14666,2.1725636973404,2.8664,0,0
14667,2.17256369864,2.8668,0,0
14668,2.1725636999396,2.8672,0,0
14669,2.1725637012393,2.8676,0,0
14670,2.1725637025389,2.868,0,0
14671,2.1725637038385,2.8684,0,0
14672,2.1725637051381,2.8688,0,0
14673,2.1725637064377,2.8692,0,0
14674,2.1725637077373,2.8696,0,0
14675,2.172563709037,2.87,0,0
14676,2.1725637103366,2.8704,0,0
14677,2.1725637116362,2.8708,0,0
14678,2.1725637129358,2.8712,0,0
14679,2.1725637142354,2.8716,0,0
14680,2.172563715535,2.872,0,0
14681,2.1725637168347,2.8724,0,0
14682,2.1725637181343,2.8728,0,0
14683,2.1725637194339,2.8732,0,0
14684,2.1725637207335,2.8736,0,0
14685,2.1725637220331,2.874,0,0
14686,2.1725637233327,2.8744,0,0
14687,2.1725637246324,2.8748,0,0
14688,2.172563725932,2.8752,0,0
14689,2.1725637272316,2.8756,0,0
14690,2.1725637285312,2.876,0,0
14691,2.1725637298308,2.8764,0,0
14692,2.1725637311304,2.8768,0,0
14693,2.1725637324301,2.8772,0,0
14694,2.1725637337297,2.8776,0,0
14695,2.1725637350293,2.878,0,0
14696,2.1725637363289,2.8784,0,0
14697,2.1725637376285,2.8788,0,0
14698,2.1725637389281,2.8792,0,0
14699,2.1725637402278,2.8796,0,0
14700,2.1725637415274,2.88,0,0
14701,2.172563742827,2.8804,0,0
14702,2.1725637441266,2.8808,0,0
14703,2.1725637454262,2.8812,0,0
14704,2.1725637467258,2.8816,0,0
14705,2.1725637480255,2.882,0,0
14706,2.1725637493251,2.8824,0,0
14707,2.1725637506247,2.8828,0,0
14708,2.1725637519243,2.8832,0,0
14709,2.1725637532239,2.8836,0,0
14710,2.1725637545236,2.884,0,0
14711,2.1725637558232,2.8844,0,0
14712,2.1725637571228,2.8848,0,0
14713,2.1725637584224,2.8852,0,0
14714,2.172563759722,2.8856,0,0
14715,2.1725637610216,2.886,0,0
14716,2.1725637623213,2.8864,0,0
14717,2.1725637636209,2.8868,0,0
14718,2.1725637649205,2.8872,0,0
14719,2.1725637662201,2.8876,0,0
14720,2.1725637675197,2.888,0,0
14721,2.1725637688193,2.8884,0,0
14722,2.172563770119,2.8888,0,0
14723,2.1725637714186,2.8892,0,0
14724,2.1725637727182,2.8896,0,0
14725,2.1725637740178,2.89,0,0
14726,2.1725637753174,2.8904,0,0
14727,2.172563776617,2.8908,0,0
14728,2.1725637779167,2.8912,0,0
14729,2.1725637792163,2.8916,0,0
14730,2.1725637805159,2.892,0,0
14731,2.1725637818155,2.8924,0,0
14732,2.1725637831151,2.8928,0,0
14733,2.1725637844147,2.8932,0,0
14734,2.1725637857144,2.8936,0,0
14735,2.172563787014,2.894,0,0
14736,2.1725637883136,2.8944,0,0
14737,2.1725637896132,2.8948,0,0
14738,2.1725637909128,2.8952,0,0
14739,2.1725637922124,2.8956,0,0
14740,2.1725637935121,2.896,0,0
14741,2.1725637948117,2.8964,0,0
14742,2.1725637961113,2.8968,0,0
14743,2.1725637974109,2.8972,0,0
14744,2.1725637987105,2.8976,0,0
14745,2.1725638000101,2.898,0,0
14746,2.1725638013098,2.8984,0,0
14747,2.1725638026094,2.8988,0,0
14748,2.172563803909,2.8992,0,0
14749,2.1725638052086,2.8996,0,0
14750,2.1725638065082,2.9,0,0
14751,2.1725638078078,2.9004,0,0
14752,2.1725638091075,2.9008,0,0
14753,2.1725638104071,2.9012,0,0
14754,2.1725638117067,2.9016,0,0
14755,2.1725638130063,2.902,0,0
14756,2.1725638143059,2.9024,0,0
14757,2.1725638156055,2.9028,0,0
14758,2.1725638169052,2.9032,0,0
14759,2.1725638182048,2.9036,0,0
14760,2.1725638195044,2.904,0,0
14761,2.172563820804,2.9044,0,0
14762,2.1725638221036,2.9048,0,0
14763,2.1725638234032,2.9052,0,0
14764,2.1725638247029,2.9056,0,0
14765,2.1725638260025,2.906,0,0
14766,2.1725638273021,2.9064,0,0
14767,2.1725638286017,2.9068,0,0
14768,2.1725638299013,2.9072,0,0
14769,2.1725638312009,2.9076,0,0
14770,2.1725638325006,2.908,0,0
14771,2.1725638338002,2.9084,0,0
14772,2.1725638350998,2.9088,0,0
14773,2.1725638363994,2.9092,0,0
14774,2.172563837699,2.9096,0,0
14775,2.1725638389986,2.91,0,0
14776,2.1725638402983,2.9104,0,0
14777,2.1725638415979,2.9108,0,0
14778,2.1725638428975,2.9112,0,0
14779,2.1725638441971,2.9116,0,0
14780,2.1725638454967,2.912,0,0
14781,2.1725638467963,2.9124,0,0
14782,2.172563848096,2.9128,0,0
14783,2.1725638493956,2.9132,0,0
14784,2.1725638506952,2.9136,0,0
14785,2.1725638519948,2.914,0,0
14786,2.1725638532944,2.9144,0,0
14787,2.172563854594,2.9148,0,0
14788,2.1725638558937,2.9152,0,0
14789,2.1725638571933,2.9156,0,0
14790,2.1725638584929,2.916,0,0
14791,2.1725638597925,2.9164,0,0
14792,2.1725638610921,2.9168,0,0
14793,2.1725638623917,2.9172,0,0
14794,2.1725638636914,2.9176,0,0
14795,2.172563864991,2.918,0,0
14796,2.1725638662906,2.9184,0,0
14797,2.1725638675902,2.9188,0,0
14798,2.1725638688898,2.9192,0,0
14799,2.1725638701895,2.9196,0,0
14800,2.1725638714891,2.92,0,0
14801,2.1725638727887,2.9204,0,0
14802,2.1725638740883,2.9208,0,0
14803,2.1725638753879,2.9212,0,0
14804,2.1725638766875,2.9216,0,0
14805,2.1725638779872,2.922,0,0
14806,2.1725638792868,2.9224,0,0
14807,2.1725638805864,2.9228,0,0
14808,2.172563881886,2.9232,0,0
14809,2.1725638831856,2.9236,0,0
14810,2.1725638844852,2.924,0,0
14811,2.1725638857849,2.9244,0,0
14812,2.1725638870845,2.9248,0,0
14813,2.1725638883841,2.9252,0,0
14814,2.1725638896837,2.9256,0,0
14815,2.1725638909833,2.926,0,0
14816,2.1725638922829,2.9264,0,0
14817,2.1725638935826,2.9268,0,0
14818,2.1725638948822,2.9272,0,0
14819,2.1725638961818,2.9276,0,0
14820,2.1725638974814,2.928,0,0
14821,2.172563898781,2.9284,0,0
14822,2.1725639000806,2.9288,0,0
14823,2.1725639013803,2.9292,0,0
14824,2.1725639026799,2.9296,0,0
14825,2.1725639039795,2.93,0,0
14826,2.1725639052791,2.9304,0,0
14827,2.1725639065787,2.9308,0,0
14828,2.1725639078783,2.9312,0,0
14829,2.172563909178,2.9316,0,0
14830,2.1725639104776,2.932,0,0
14831,2.1725639117772,2.9324,0,0
14832,2.1725639130768,2.9328,0,0
14833,2.1725639143764,2.9332,0,0
14834,2.172563915676,2.9336,0,0
14835,2.1725639169757,2.934,0,0
14836,2.1725639182753,2.9344,0,0
14837,2.1725639195749,2.9348,0,0
14838,2.1725639208745,2.9352,0,0
14839,2.1725639221741,2.9356,0,0
14840,2.1725639234737,2.936,0,0
14841,2.1725639247734,2.9364,0,0
14842,2.172563926073,2.9368,0,0
14843,2.1725639273726,2.9372,0,0
14844,2.1725639286722,2.9376,0,0
14845,2.1725639299718,2.938,0,0
14846,2.1725639312714,2.9384,0,0
14847,2.1725639325711,2.9388,0,0
14848,2.1725639338707,2.9392,0,0
14849,2.1725639351703,2.9396,0,0
14850,2.1725639364699,2.94,0,0
14851,2.1725639377695,2.9404,0,0
14852,2.1725639390691,2.9408,0,0
14853,2.1725639403688,2.9412,0,0
14854,2.1725639416684,2.9416,0,0
14855,2.172563942968,2.942,0,0
14856,2.1725639442676,2.9424,0,0
14857,2.1725639455672,2.9428,0,0
14858,2.1725639468668,2.9432,0,0
14859,2.1725639481665,2.9436,0,0
14860,2.1725639494661,2.944,0,0
14861,2.1725639507657,2.9444,0,0
14862,2.1725639520653,2.9448,0,0
14863,2.1725639533649,2.9452,0,0
14864,2.1725639546645,2.9456,0,0
14865,2.1725639559642,2.946,0,0
14866,2.1725639572638,2.9464,0,0
14867,2.1725639585634,2.9468,0,0
14868,2.172563959863,2.9472,0,0
14869,2.1725639611626,2.9476,0,0
14870,2.1725639624622,2.948,0,0
14871,2.1725639637619,2.9484,0,0
14872,2.1725639650615,2.9488,0,0
14873,2.1725639663611,2.9492,0,0
14874,2.1725639676607,2.9496,0,0
14875,2.1725639689603,2.95,0,0
14876,2.1725639702599,2.9504,0,0
14877,2.1725639715596,2.9508,0,0
14878,2.1725639728592,2.9512,0,0
14879,2.1725639741588,2.9516,0,0
14880,2.1725639754584,2.952,0,0
14881,2.172563976758,2.9524,0,0
14882,2.1725639780577,2.9528,0,0
14883,2.1725639793573,2.9532,0,0
14884,2.1725639806569,2.9536,0,0
14885,2.1725639819565,2.954,0,0
14886,2.1725639832561,2.9544,0,0
14887,2.1725639845557,2.9548,0,0
14888,2.1725639858554,2.9552,0,0
14889,2.172563987155,2.9556,0,0
14890,2.1725639884546,2.956,0,0
14891,2.1725639897542,2.9564,0,0
14892,2.1725639910538,2.9568,0,0
14893,2.1725639923534,2.9572,0,0
14894,2.1725639936531,2.9576,0,0
14895,2.1725639949527,2.958,0,0
14896,2.1725639962523,2.9584,0,0
14897,2.1725639975519,2.9588,0,0
14898,2.1725639988515,2.9592,0,0
14899,2.1725640001511,2.9596,0,0
14900,2.1725640014508,2.96,0,0
14901,2.1725640027504,2.9604,0,0
14902,2.17256400405,2.9608,0,0
14903,2.1725640053496,2.9612,0,0
14904,2.1725640066492,2.9616,0,0
14905,2.1725640079488,2.962,0,0
14906,2.1725640092485,2.9624,0,0
14907,2.1725640105481,2.9628,0,0
14908,2.1725640118477,2.9632,0,0
14909,2.1725640131473,2.9636,0,0
14910,2.1725640144469,2.964,0,0
14911,2.1725640157465,2.9644,0,0
14912,2.1725640170462,2.9648,0,0
14913,2.1725640183458,2.9652,0,0
14914,2.1725640196454,2.9656,0,0
14915,2.172564020945,2.966,0,0
14916,2.1725640222446,2.9664,0,0
14917,2.1725640235442,2.9668,0,0
14918,2.1725640248439,2.9672,0,0
14919,2.1725640261435,2.9676,0,0
14920,2.1725640274431,2.968,0,0
14921,2.1725640287427,2.9684,0,0
14922,2.1725640300423,2.9688,0,0
14923,2.1725640313419,2.9692,0,0
14924,2.1725640326416,2.9696,0,0
14925,2.1725640339412,2.97,0,0
14926,2.1725640352408,2.9704,0,0
14927,2.1725640365404,2.9708,0,0
14928,2.17256403784,2.9712,0,0
14929,2.1725640391396,2.9716,0,0
14930,2.1725640404393,2.972,0,0
14931,2.1725640417389,2.9724,0,0
14932,2.1725640430385,2.9728,0,0
14933,2.1725640443381,2.9732,0,0
14934,2.1725640456377,2.9736,0,0
14935,2.1725640469373,2.974,0,0
14936,2.172564048237,2.9744,0,0
14937,2.1725640495366,2.9748,0,0
14938,2.1725640508362,2.9752,0,0
14939,2.1725640521358,2.9756,0,0
14940,2.1725640534354,2.976,0,0
14941,2.172564054735,2.9764,0,0
14942,2.1725640560347,2.9768,0,0
14943,2.1725640573343,2.9772,0,0
14944,2.1725640586339,2.9776,0,0
14945,2.1725640599335,2.978,0,0
14946,2.1725640612331,2.9784,0,0
14947,2.1725640625327,2.9788,0,0
14948,2.1725640638324,2.9792,0,0
14949,2.172564065132,2.9796,0,0
14950,2.1725640664316,2.98,0,0
14951,2.1725640677312,2.9804,0,0
14952,2.1725640690308,2.9808,0,0
14953,2.1725640703304,2.9812,0,0
14954,2.1725640716301,2.9816,0,0
14955,2.1725640729297,2.982,0,0
14956,2.1725640742293,2.9824,0,0
14957,2.1725640755289,2.9828,0,0
14958,2.1725640768285,2.9832,0,0
14959,2.1725640781281,2.9836,0,0
14960,2.1725640794278,2.984,0,0
14961,2.1725640807274,2.9844,0,0
14962,2.172564082027,2.9848,0,0
14963,2.1725640833266,2.9852,0,0
14964,2.1725640846262,2.9856,0,0
14965,2.1725640859259,2.986,0,0
14966,2.1725640872255,2.9864,0,0
14967,2.1725640885251,2.9868,0,0
14968,2.1725640898247,2.9872,0,0
14969,2.1725640911243,2.9876,0,0
14970,2.1725640924239,2.988,0,0
14971,2.1725640937236,2.9884,0,0
14972,2.1725640950232,2.9888,0,0
14973,2.1725640963228,2.9892,0,0
14974,2.1725640976224,2.9896,0,0
14975,2.172564098922,2.99,0,0
14976,2.1725641002216,2.9904,0,0
14977,2.1725641015213,2.9908,0,0
14978,2.1725641028209,2.9912,0,0
14979,2.1725641041205,2.9916,0,0
14980,2.1725641054201,2.992,0,0
14981,2.1725641067197,2.9924,0,0
14982,2.1725641080193,2.9928,0,0
14983,2.172564109319,2.9932,0,0
14984,2.1725641106186,2.9936,0,0
14985,2.1725641119182,2.994,0,0
14986,2.1725641132178,2.9944,0,0
14987,2.1725641145174,2.9948,0,0
14988,2.172564115817,2.9952,0,0
14989,2.1725641171167,2.9956,0,0
14990,2.1725641184163,2.996,0,0
14991,2.1725641197159,2.9964,0,0
14992,2.1725641210155,2.9968,0,0
14993,2.1725641223151,2.9972,0,0
14994,2.1725641236147,2.9976,0,0
14995,2.1725641249144,2.998,0,0
14996,2.1725641262139,2.9984,0,0
14997,2.1725641275137,2.9988,0,0
14998,2.1725641288129,2.9992,0,0
14999,2.1725641301142,2.9996,0,0
15000,2.1725641314074,3,0,0
