ci,id,x,y,z
0.76164054796771,0,-2,0,0
0.76164054800621,1,-1.9996,0,0
0.76164054812173,2,-1.9992,0,0
0.76164054831426,3,-1.9988,0,0
0.7616405485838,4,-1.9984,0,0
0.76164054893036,5,-1.998,0,0
0.76164054935392,6,-1.9976,0,0
0.7616405498545,7,-1.9972,0,0
0.76164055043209,8,-1.9968,0,0
0.76164055108669,9,-1.9964,0,0
0.76164055181831,10,-1.996,0,0
0.76164055262694,11,-1.9956,0,0
0.76164055351257,12,-1.9952,0,0
0.76164055447522,13,-1.9948,0,0
0.76164055551489,14,-1.9944,0,0
0.76164055663156,15,-1.994,0,0
0.76164055782525,16,-1.9936,0,0
0.76164055909595,17,-1.9932,0,0
0.76164056044366,18,-1.9928,0,0
0.76164056186838,19,-1.9924,0,0
0.76164056337012,20,-1.992,0,0
0.76164056494886,21,-1.9916,0,0
0.76164056660462,22,-1.9912,0,0
0.76164056833739,23,-1.9908,0,0
0.76164057014718,24,-1.9904,0,0
0.76164057203397,25,-1.99,0,0
0.76164057399778,26,-1.9896,0,0
0.7616405760386,27,-1.9892,0,0
0.76164057815643,28,-1.9888,0,0
0.76164058035127,29,-1.9884,0,0
0.76164058262313,30,-1.988,0,0
0.76164058497199,31,-1.9876,0,0
0.76164058739787,32,-1.9872,0,0
0.76164058990076,33,-1.9868,0,0
0.76164059248067,34,-1.9864,0,0
0.76164059513758,35,-1.986,0,0
0.76164059787151,36,-1.9856,0,0
0.76164060068245,37,-1.9852,0,0
0.7616406035704,38,-1.9848,0,0
0.76164060653536,39,-1.9844,0,0
0.76164060957734,40,-1.984,0,0
0.76164061269633,41,-1.9836,0,0
0.76164061589233,42,-1.9832,0,0
0.76164061916534,43,-1.9828,0,0
0.76164062251536,44,-1.9824,0,0
0.7616406259424,45,-1.982,0,0
0.76164062944644,46,-1.9816,0,0
0.7616406330275,47,-1.9812,0,0
0.76164063668557,48,-1.9808,0,0
0.76164064042066,49,-1.9804,0,0
0.76164064423275,50,-1.98,0,0
0.76164064812186,51,-1.9796,0,0
0.76164065208798,52,-1.9792,0,0
0.76164065613111,53,-1.9788,0,0
0.76164066025125,54,-1.9784,0,0
0.76164066444841,55,-1.978,0,0
0.76164066872258,56,-1.9776,0,0
0.76164067307376,57,-1.9772,0,0
0.76164067750195,58,-1.9768,0,0
0.76164068200715,59,-1.9764,0,0
0.76164068658937,60,-1.976,0,0
0.76164069124859,61,-1.9756,0,0
0.76164069598483,62,-1.9752,0,0
0.76164070079809,63,-1.9748,0,0
0.76164070568835,64,-1.9744,0,0
0.76164071065562,65,-1.974,0,0
0.76164071569991,66,-1.9736,0,0
0.76164072082121,67,-1.9732,0,0
0.76164072601952,68,-1.9728,0,0
0.76164073129484,69,-1.9724,0,0
0.76164073664718,70,-1.972,0,0
0.76164074207653,71,-1.9716,0,0
0.76164074758289,72,-1.9712,0,0
0.76164075316626,73,-1.9708,0,0
0.76164075882664,74,-1.9704,0,0
0.76164076456403,75,-1.97,0,0
0.76164077037844,76,-1.9696,0,0
0.76164077626986,77,-1.9692,0,0
0.76164078223829,78,-1.9688,0,0
0.76164078828373,79,-1.9684,0,0
0.76164079440619,80,-1.968,0,0
0.76164080060565,81,-1.9676,0,0
0.76164080688213,82,-1.9672,0,0
0.76164081323562,83,-1.9668,0,0
0.76164081966612,84,-1.9664,0,0
0.76164082617364,85,-1.966,0,0
0.76164083275816,86,-1.9656,0,0
0.7616408394197,87,-1.9652,0,0
0.76164084615825,88,-1.9648,0,0
0.76164085297381,89,-1.9644,0,0
0.76164085986639,90,-1.964,0,0
0.76164086683597,91,-1.9636,0,0
0.76164087388257,92,-1.9632,0,0
0.76164088100618,93,-1.9628,0,0
0.7616408882068,94,-1.9624,0,0
0.76164089548443,95,-1.962,0,0
0.76164090283908,96,-1.9616,0,0
0.76164091027074,97,-1.9612,0,0
0.7616409177794,98,-1.9608,0,0
0.76164092536509,99,-1.9604,0,0
0.76164093302778,100,-1.96,0,0
0.76164094076748,101,-1.9596,0,0
0.7616409485842,102,-1.9592,0,0
0.76164095647793,103,-1.9588,0,0
0.76164096444867,104,-1.9584,0,0
0.76164097249642,105,-1.958,0,0
0.76164098062118,106,-1.9576,0,0
0.76164098882296,107,-1.9572,0,0
0.76164099710174,108,-1.9568,0,0
0.76164100545754,109,-1.9564,0,0
0.76164101389035,110,-1.956,0,0
0.76164102240018,111,-1.9556,0,0
0.76164103098701,112,-1.9552,0,0
0.76164103965086,113,-1.9548,0,0
0.76164104839172,114,-1.9544,0,0
0.76164105720959,115,-1.954,0,0
0.76164106610447,116,-1.9536,0,0
0.76164107507636,117,-1.9532,0,0
0.76164108412527,118,-1.9528,0,0
0.76164109325119,119,-1.9524,0,0
0.76164110245411,120,-1.952,0,0
0.76164111173406,121,-1.9516,0,0
0.76164112109101,122,-1.9512,0,0
0.76164113052497,123,-1.9508,0,0
0.76164114003595,124,-1.9504,0,0
0.76164114962394,125,-1.95,0,0
0.76164115928894,126,-1.9496,0,0
0.76164116903095,127,-1.9492,0,0
0.76164117884997,128,-1.9488,0,0
0.76164118874601,129,-1.9484,0,0
0.76164119871905,130,-1.948,0,0
0.76164120876911,131,-1.9476,0,0
0.76164121889618,132,-1.9472,0,0
0.76164122910026,133,-1.9468,0,0
0.76164123938136,134,-1.9464,0,0
0.76164124973946,135,-1.946,0,0
0.76164126017458,136,-1.9456,0,0
0.76164127068671,137,-1.9452,0,0
0.76164128127585,138,-1.9448,0,0
0.761641291942,139,-1.9444,0,0
0.76164130268516,140,-1.944,0,0
0.76164131350534,141,-1.9436,0,0
0.76164132440253,142,-1.9432,0,0
0.76164133537673,143,-1.9428,0,0
0.76164134642794,144,-1.9424,0,0
0.76164135755616,145,-1.942,0,0
0.76164136876139,146,-1.9416,0,0
0.76164138004364,147,-1.9412,0,0
0.76164139140289,148,-1.9408,0,0
0.76164140283916,149,-1.9404,0,0
0.76164141435244,150,-1.94,0,0
0.76164142594274,151,-1.9396,0,0
0.76164143761004,152,-1.9392,0,0
0.76164144935436,153,-1.9388,0,0
0.76164146117568,154,-1.9384,0,0
0.76164147307402,155,-1.938,0,0
0.76164148504937,156,-1.9376,0,0
0.76164149710173,157,-1.9372,0,0
0.76164150923111,158,-1.9368,0,0
0.76164152143749,159,-1.9364,0,0
0.76164153372089,160,-1.936,0,0
0.7616415460813,161,-1.9356,0,0
0.76164155851872,162,-1.9352,0,0
0.76164157103315,163,-1.9348,0,0
0.76164158362459,164,-1.9344,0,0
0.76164159629305,165,-1.934,0,0
0.76164160903851,166,-1.9336,0,0
0.76164162186099,167,-1.9332,0,0
0.76164163476048,168,-1.9328,0,0
0.76164164773698,169,-1.9324,0,0
0.76164166079049,170,-1.932,0,0
0.76164167392102,171,-1.9316,0,0
0.76164168712855,172,-1.9312,0,0
0.7616417004131,173,-1.9308,0,0
0.76164171377466,174,-1.9304,0,0
0.76164172721323,175,-1.93,0,0
0.76164174072881,176,-1.9296,0,0
0.7616417543214,177,-1.9292,0,0
0.761641767991,178,-1.9288,0,0
0.76164178173762,179,-1.9284,0,0
0.76164179556125,180,-1.928,0,0
0.76164180946189,181,-1.9276,0,0
0.76164182343954,182,-1.9272,0,0
0.7616418374942,183,-1.9268,0,0
0.76164185162587,184,-1.9264,0,0
0.76164186583455,185,-1.926,0,0
0.76164188012025,186,-1.9256,0,0
0.76164189448296,187,-1.9252,0,0
0.76164190892268,188,-1.9248,0,0
0.76164192343941,189,-1.9244,0,0
0.76164193803315,190,-1.924,0,0
0.7616419527039,191,-1.9236,0,0
0.76164196745166,192,-1.9232,0,0
0.76164198227644,193,-1.9228,0,0
0.76164199717823,194,-1.9224,0,0
0.76164201215703,195,-1.922,0,0
0.76164202721284,196,-1.9216,0,0
0.76164204234566,197,-1.9212,0,0
0.76164205755549,198,-1.9208,0,0
0.76164207284233,199,-1.9204,0,0
0.76164208820619,200,-1.92,0,0
0.76164210364705,201,-1.9196,0,0
0.76164211916493,202,-1.9192,0,0
0.76164213475982,203,-1.9188,0,0
0.76164215043172,204,-1.9184,0,0
0.76164216618063,205,-1.918,0,0
0.76164218200656,206,-1.9176,0,0
0.76164219790949,207,-1.9172,0,0
0.76164221388944,208,-1.9168,0,0
0.76164222994639,209,-1.9164,0,0
0.76164224608036,210,-1.916,0,0
0.76164226229134,211,-1.9156,0,0
0.76164227857933,212,-1.9152,0,0
0.76164229494433,213,-1.9148,0,0
0.76164231138634,214,-1.9144,0,0
0.76164232790537,215,-1.914,0,0
0.7616423445014,216,-1.9136,0,0
0.76164236117445,217,-1.9132,0,0
0.76164237792451,218,-1.9128,0,0
0.76164239475158,219,-1.9124,0,0
0.76164241165566,220,-1.912,0,0
0.76164242863675,221,-1.9116,0,0
0.76164244569485,222,-1.9112,0,0
0.76164246282997,223,-1.9108,0,0
0.76164248004209,224,-1.9104,0,0
0.76164249733123,225,-1.91,0,0
0.76164251469737,226,-1.9096,0,0
0.76164253214053,227,-1.9092,0,0
0.7616425496607,228,-1.9088,0,0
0.76164256725788,229,-1.9084,0,0
0.76164258493207,230,-1.908,0,0
0.76164260268327,231,-1.9076,0,0
0.76164262051149,232,-1.9072,0,0
0.76164263841671,233,-1.9068,0,0
0.76164265639895,234,-1.9064,0,0
0.7616426744582,235,-1.906,0,0
0.76164269259445,236,-1.9056,0,0
0.76164271080772,237,-1.9052,0,0
0.761642729098,238,-1.9048,0,0
0.76164274746529,239,-1.9044,0,0
0.7616427659096,240,-1.904,0,0
0.76164278443091,241,-1.9036,0,0
0.76164280302923,242,-1.9032,0,0
0.76164282170457,243,-1.9028,0,0
0.76164284045691,244,-1.9024,0,0
0.76164285928627,245,-1.902,0,0
0.76164287819264,246,-1.9016,0,0
0.76164289717602,247,-1.9012,0,0
0.76164291623641,248,-1.9008,0,0
0.76164293537381,249,-1.9004,0,0
0.76164295458822,250,-1.9,0,0
0.76164297387964,251,-1.8996,0,0
0.76164299324808,252,-1.8992,0,0
0.76164301269352,253,-1.8988,0,0
0.76164303221598,254,-1.8984,0,0
0.76164305181544,255,-1.898,0,0
0.76164307149192,256,-1.8976,0,0
0.76164309124541,257,-1.8972,0,0
0.76164311107591,258,-1.8968,0,0
0.76164313098342,259,-1.8964,0,0
0.76164315096794,260,-1.896,0,0
0.76164317102947,261,-1.8956,0,0
0.76164319116801,262,-1.8952,0,0
0.76164321138356,263,-1.8948,0,0
0.76164323167613,264,-1.8944,0,0
0.7616432520457,265,-1.894,0,0
0.76164327249229,266,-1.8936,0,0
0.76164329301588,267,-1.8932,0,0
0.76164331361649,268,-1.8928,0,0
0.76164333429411,269,-1.8924,0,0
0.76164335504873,270,-1.892,0,0
0.76164337588037,271,-1.8916,0,0
0.76164339678902,272,-1.8912,0,0
0.76164341777468,273,-1.8908,0,0
0.76164343883735,274,-1.8904,0,0
0.76164345997704,275,-1.89,0,0
0.76164348119373,276,-1.8896,0,0
0.76164350248743,277,-1.8892,0,0
0.76164352385815,278,-1.8888,0,0
0.76164354530587,279,-1.8884,0,0
0.7616435668306,280,-1.888,0,0
0.76164358843235,281,-1.8876,0,0
0.76164361011111,282,-1.8872,0,0
0.76164363186687,283,-1.8868,0,0
0.76164365369965,284,-1.8864,0,0
0.76164367560944,285,-1.886,0,0
0.76164369759624,286,-1.8856,0,0
0.76164371966005,287,-1.8852,0,0
0.76164374180087,288,-1.8848,0,0
0.7616437640187,289,-1.8844,0,0
0.76164378631354,290,-1.884,0,0
0.76164380868539,291,-1.8836,0,0
0.76164383113425,292,-1.8832,0,0
0.76164385366012,293,-1.8828,0,0
0.76164387626301,294,-1.8824,0,0
0.7616438989429,295,-1.882,0,0
0.76164392169981,296,-1.8816,0,0
0.76164394453372,297,-1.8812,0,0
0.76164396744464,298,-1.8808,0,0
0.76164399043258,299,-1.8804,0,0
0.76164401349753,300,-1.88,0,0
0.76164403663948,301,-1.8796,0,0
0.76164405985845,302,-1.8792,0,0
0.76164408315443,303,-1.8788,0,0
0.76164410652741,304,-1.8784,0,0
0.76164412997741,305,-1.878,0,0
0.76164415350442,306,-1.8776,0,0
0.76164417710844,307,-1.8772,0,0
0.76164420078947,308,-1.8768,0,0
0.76164422454751,309,-1.8764,0,0
0.76164424838255,310,-1.876,0,0
0.76164427229461,311,-1.8756,0,0
0.76164429628368,312,-1.8752,0,0
0.76164432034976,313,-1.8748,0,0
0.76164434449286,314,-1.8744,0,0
0.76164436871296,315,-1.874,0,0
0.76164439301007,316,-1.8736,0,0
0.76164441738419,317,-1.8732,0,0
0.76164444183532,318,-1.8728,0,0
0.76164446636346,319,-1.8724,0,0
0.76164449096861,320,-1.872,0,0
0.76164451565078,321,-1.8716,0,0
0.76164454040995,322,-1.8712,0,0
0.76164456524613,323,-1.8708,0,0
0.76164459015932,324,-1.8704,0,0
0.76164461514953,325,-1.87,0,0
0.76164464021674,326,-1.8696,0,0
0.76164466536096,327,-1.8692,0,0
0.7616446905822,328,-1.8688,0,0
0.76164471588044,329,-1.8684,0,0
0.76164474125569,330,-1.868,0,0
0.76164476670796,331,-1.8676,0,0
0.76164479223723,332,-1.8672,0,0
0.76164481784352,333,-1.8668,0,0
0.76164484352681,334,-1.8664,0,0
0.76164486928711,335,-1.866,0,0
0.76164489512443,336,-1.8656,0,0
0.76164492103875,337,-1.8652,0,0
0.76164494703008,338,-1.8648,0,0
0.76164497309843,339,-1.8644,0,0
0.76164499924378,340,-1.864,0,0
0.76164502546615,341,-1.8636,0,0
0.76164505176552,342,-1.8632,0,0
0.7616450781419,343,-1.8628,0,0
0.7616451045953,344,-1.8624,0,0
0.7616451311257,345,-1.862,0,0
0.76164515773311,346,-1.8616,0,0
0.76164518441754,347,-1.8612,0,0
0.76164521117897,348,-1.8608,0,0
0.76164523801741,349,-1.8604,0,0
0.76164526493287,350,-1.86,0,0
0.76164529192533,351,-1.8596,0,0
0.7616453189948,352,-1.8592,0,0
0.76164534614128,353,-1.8588,0,0
0.76164537336477,354,-1.8584,0,0
0.76164540066528,355,-1.858,0,0
0.76164542804279,356,-1.8576,0,0
0.76164545549731,357,-1.8572,0,0
0.76164548302884,358,-1.8568,0,0
0.76164551063738,359,-1.8564,0,0
0.76164553832293,360,-1.856,0,0
0.76164556608549,361,-1.8556,0,0
0.76164559392506,362,-1.8552,0,0
0.76164562184164,363,-1.8548,0,0
0.76164564983523,364,-1.8544,0,0
0.76164567790583,365,-1.854,0,0
0.76164570605344,366,-1.8536,0,0
0.76164573427806,367,-1.8532,0,0
0.76164576257969,368,-1.8528,0,0
0.76164579095832,369,-1.8524,0,0
0.76164581941397,370,-1.852,0,0
0.76164584794663,371,-1.8516,0,0
0.76164587655629,372,-1.8512,0,0
0.76164590524297,373,-1.8508,0,0
0.76164593400665,374,-1.8504,0,0
0.76164596284735,375,-1.85,0,0
0.76164599176505,376,-1.8496,0,0
0.76164602075977,377,-1.8492,0,0
0.76164604983149,378,-1.8488,0,0
0.76164607898022,379,-1.8484,0,0
0.76164610820597,380,-1.848,0,0
0.76164613750872,381,-1.8476,0,0
0.76164616688848,382,-1.8472,0,0
0.76164619634525,383,-1.8468,0,0
0.76164622587903,384,-1.8464,0,0
0.76164625548982,385,-1.846,0,0
0.76164628517762,386,-1.8456,0,0
0.76164631494242,387,-1.8452,0,0
0.76164634478424,388,-1.8448,0,0
0.76164637470307,389,-1.8444,0,0
0.7616464046989,390,-1.844,0,0
0.76164643477175,391,-1.8436,0,0
0.7616464649216,392,-1.8432,0,0
0.76164649514847,393,-1.8428,0,0
0.76164652545234,394,-1.8424,0,0
0.76164655583322,395,-1.842,0,0
0.76164658629111,396,-1.8416,0,0
0.76164661682602,397,-1.8412,0,0
0.76164664743793,398,-1.8408,0,0
0.76164667812684,399,-1.8404,0,0
0.76164670889277,400,-1.84,0,0
0.76164673973571,401,-1.8396,0,0
0.76164677065566,402,-1.8392,0,0
0.76164680165261,403,-1.8388,0,0
0.76164683272658,404,-1.8384,0,0
0.76164686387755,405,-1.838,0,0
0.76164689510554,406,-1.8376,0,0
0.76164692641053,407,-1.8372,0,0
0.76164695779253,408,-1.8368,0,0
0.76164698925154,409,-1.8364,0,0
0.76164702078756,410,-1.836,0,0
0.76164705240059,411,-1.8356,0,0
0.76164708409062,412,-1.8352,0,0
0.76164711585767,413,-1.8348,0,0
0.76164714770173,414,-1.8344,0,0
0.76164717962279,415,-1.834,0,0
0.76164721162086,416,-1.8336,0,0
0.76164724369594,417,-1.8332,0,0
0.76164727584804,418,-1.8328,0,0
0.76164730807714,419,-1.8324,0,0
0.76164734038324,420,-1.832,0,0
0.76164737276636,421,-1.8316,0,0
0.76164740522649,422,-1.8312,0,0
0.76164743776362,423,-1.8308,0,0
0.76164747037777,424,-1.8304,0,0
0.76164750306892,425,-1.83,0,0
0.76164753583708,426,-1.8296,0,0
0.76164756868225,427,-1.8292,0,0
0.76164760160443,428,-1.8288,0,0
0.76164763460362,429,-1.8284,0,0
0.76164766767982,430,-1.828,0,0
0.76164770083302,431,-1.8276,0,0
0.76164773406324,432,-1.8272,0,0
0.76164776737046,433,-1.8268,0,0
0.76164780075469,434,-1.8264,0,0
0.76164783421593,435,-1.826,0,0
0.76164786775418,436,-1.8256,0,0
0.76164790136944,437,-1.8252,0,0
0.7616479350617,438,-1.8248,0,0
0.76164796883098,439,-1.8244,0,0
0.76164800267726,440,-1.824,0,0
0.76164803660055,441,-1.8236,0,0
0.76164807060085,442,-1.8232,0,0
0.76164810467816,443,-1.8228,0,0
0.76164813883248,444,-1.8224,0,0
0.7616481730638,445,-1.822,0,0
0.76164820737214,446,-1.8216,0,0
0.76164824175748,447,-1.8212,0,0
0.76164827621983,448,-1.8208,0,0
0.76164831075919,449,-1.8204,0,0
0.76164834537556,450,-1.82,0,0
0.76164838006893,451,-1.8196,0,0
0.76164841483932,452,-1.8192,0,0
0.76164844968671,453,-1.8188,0,0
0.76164848461111,454,-1.8184,0,0
0.76164851961252,455,-1.818,0,0
0.76164855469094,456,-1.8176,0,0
0.76164858984637,457,-1.8172,0,0
0.7616486250788,458,-1.8168,0,0
0.76164866038825,459,-1.8164,0,0
0.7616486957747,460,-1.816,0,0
0.76164873123816,461,-1.8156,0,0
0.76164876677862,462,-1.8152,0,0
0.7616488023961,463,-1.8148,0,0
0.76164883809058,464,-1.8144,0,0
0.76164887386207,465,-1.814,0,0
0.76164890971058,466,-1.8136,0,0
0.76164894563608,467,-1.8132,0,0
0.7616489816386,468,-1.8128,0,0
0.76164901771812,469,-1.8124,0,0
0.76164905387466,470,-1.812,0,0
0.7616490901082,471,-1.8116,0,0
0.76164912641875,472,-1.8112,0,0
0.7616491628063,473,-1.8108,0,0
0.76164919927087,474,-1.8104,0,0
0.76164923581244,475,-1.81,0,0
0.76164927243102,476,-1.8096,0,0
0.76164930912661,477,-1.8092,0,0
0.76164934589921,478,-1.8088,0,0
0.76164938274881,479,-1.8084,0,0
0.76164941967542,480,-1.808,0,0
0.76164945667904,481,-1.8076,0,0
0.76164949375967,482,-1.8072,0,0
0.76164953091731,483,-1.8068,0,0
0.76164956815195,484,-1.8064,0,0
0.7616496054636,485,-1.806,0,0
0.76164964285226,486,-1.8056,0,0
0.76164968031793,487,-1.8052,0,0
0.76164971786061,488,-1.8048,0,0
0.76164975548029,489,-1.8044,0,0
0.76164979317698,490,-1.804,0,0
0.76164983095068,491,-1.8036,0,0
0.76164986880138,492,-1.8032,0,0
0.7616499067291,493,-1.8028,0,0
0.76164994473382,494,-1.8024,0,0
0.76164998281555,495,-1.802,0,0
0.76165002097428,496,-1.8016,0,0
0.76165005921003,497,-1.8012,0,0
0.76165009752278,498,-1.8008,0,0
0.76165013591254,499,-1.8004,0,0
0.76165017437931,500,-1.8,0,0
0.76165021292308,501,-1.7996,0,0
0.76165025154386,502,-1.7992,0,0
0.76165029024165,503,-1.7988,0,0
0.76165032901645,504,-1.7984,0,0
0.76165036786825,505,-1.798,0,0
0.76165040679706,506,-1.7976,0,0
0.76165044580288,507,-1.7972,0,0
0.76165048488571,508,-1.7968,0,0
0.76165052404554,509,-1.7964,0,0
0.76165056328239,510,-1.796,0,0
0.76165060259623,511,-1.7956,0,0
0.76165064198709,512,-1.7952,0,0
0.76165068145495,513,-1.7948,0,0
0.76165072099982,514,-1.7944,0,0
0.7616507606217,515,-1.794,0,0
0.76165080032059,516,-1.7936,0,0
0.76165084009648,517,-1.7932,0,0
0.76165087994938,518,-1.7928,0,0
0.76165091987929,519,-1.7924,0,0
0.7616509598862,520,-1.792,0,0
0.76165099997012,521,-1.7916,0,0
0.76165104013105,522,-1.7912,0,0
0.76165108036899,523,-1.7908,0,0
0.76165112068393,524,-1.7904,0,0
0.76165116107588,525,-1.79,0,0
0.76165120154484,526,-1.7896,0,0
0.7616512420908,527,-1.7892,0,0
0.76165128271377,528,-1.7888,0,0
0.76165132341375,529,-1.7884,0,0
0.76165136419073,530,-1.788,0,0
0.76165140504473,531,-1.7876,0,0
0.76165144597572,532,-1.7872,0,0
0.76165148698373,533,-1.7868,0,0
0.76165152806874,534,-1.7864,0,0
0.76165156923076,535,-1.786,0,0
0.76165161046979,536,-1.7856,0,0
0.76165165178582,537,-1.7852,0,0
0.76165169317886,538,-1.7848,0,0
0.76165173464891,539,-1.7844,0,0
0.76165177619596,540,-1.784,0,0
0.76165181782002,541,-1.7836,0,0
0.76165185952109,542,-1.7832,0,0
0.76165190129917,543,-1.7828,0,0
0.76165194315425,544,-1.7824,0,0
0.76165198508633,545,-1.782,0,0
0.76165202709543,546,-1.7816,0,0
0.76165206918153,547,-1.7812,0,0
0.76165211134464,548,-1.7808,0,0
0.76165215358475,549,-1.7804,0,0
0.76165219590187,550,-1.78,0,0
0.761652238296,551,-1.7796,0,0
0.76165228076713,552,-1.7792,0,0
0.76165232331527,553,-1.7788,0,0
0.76165236594042,554,-1.7784,0,0
0.76165240864257,555,-1.778,0,0
0.76165245142173,556,-1.7776,0,0
0.7616524942779,557,-1.7772,0,0
0.76165253721107,558,-1.7768,0,0
0.76165258022125,559,-1.7764,0,0
0.76165262330844,560,-1.776,0,0
0.76165266647263,561,-1.7756,0,0
0.76165270971383,562,-1.7752,0,0
0.76165275303204,563,-1.7748,0,0
0.76165279642725,564,-1.7744,0,0
0.76165283989946,565,-1.774,0,0
0.76165288344869,566,-1.7736,0,0
0.76165292707492,567,-1.7732,0,0
0.76165297077815,568,-1.7728,0,0
0.7616530145584,569,-1.7724,0,0
0.76165305841565,570,-1.772,0,0
0.7616531023499,571,-1.7716,0,0
0.76165314636116,572,-1.7712,0,0
0.76165319044943,573,-1.7708,0,0
0.7616532346147,574,-1.7704,0,0
0.76165327885698,575,-1.77,0,0
0.76165332317627,576,-1.7696,0,0
0.76165336757256,577,-1.7692,0,0
0.76165341204586,578,-1.7688,0,0
0.76165345659616,579,-1.7684,0,0
0.76165350122347,580,-1.768,0,0
0.76165354592779,581,-1.7676,0,0
0.76165359070911,582,-1.7672,0,0
0.76165363556743,583,-1.7668,0,0
0.76165368050277,584,-1.7664,0,0
0.76165372551511,585,-1.766,0,0
0.76165377060445,586,-1.7656,0,0
0.7616538157708,587,-1.7652,0,0
0.76165386101416,588,-1.7648,0,0
0.76165390633452,589,-1.7644,0,0
0.76165395173189,590,-1.764,0,0
0.76165399720627,591,-1.7636,0,0
0.76165404275765,592,-1.7632,0,0
0.76165408838603,593,-1.7628,0,0
0.76165413409142,594,-1.7624,0,0
0.76165417987382,595,-1.762,0,0
0.76165422573322,596,-1.7616,0,0
0.76165427166963,597,-1.7612,0,0
0.76165431768305,598,-1.7608,0,0
0.76165436377347,599,-1.7604,0,0
0.76165440994089,600,-1.76,0,0
0.76165445618532,601,-1.7596,0,0
0.76165450250676,602,-1.7592,0,0
0.7616545489052,603,-1.7588,0,0
0.76165459538065,604,-1.7584,0,0
0.7616546419331,605,-1.758,0,0
0.76165468856256,606,-1.7576,0,0
0.76165473526902,607,-1.7572,0,0
0.76165478205249,608,-1.7568,0,0
0.76165482891297,609,-1.7564,0,0
0.76165487585045,610,-1.756,0,0
0.76165492286493,611,-1.7556,0,0
0.76165496995642,612,-1.7552,0,0
0.76165501712492,613,-1.7548,0,0
0.76165506437042,614,-1.7544,0,0
0.76165511169292,615,-1.754,0,0
0.76165515909244,616,-1.7536,0,0
0.76165520656895,617,-1.7532,0,0
0.76165525412247,618,-1.7528,0,0
0.761655301753,619,-1.7524,0,0
0.76165534946053,620,-1.752,0,0
0.76165539724507,621,-1.7516,0,0
0.76165544510661,622,-1.7512,0,0
0.76165549304516,623,-1.7508,0,0
0.76165554106071,624,-1.7504,0,0
0.76165558915327,625,-1.75,0,0
0.76165563732283,626,-1.7496,0,0
0.7616556855694,627,-1.7492,0,0
0.76165573389297,628,-1.7488,0,0
0.76165578229355,629,-1.7484,0,0
0.76165583077113,630,-1.748,0,0
0.76165587932572,631,-1.7476,0,0
0.76165592795731,632,-1.7472,0,0
0.76165597666591,633,-1.7468,0,0
0.76165602545151,634,-1.7464,0,0
0.76165607431411,635,-1.746,0,0
0.76165612325373,636,-1.7456,0,0
0.76165617227034,637,-1.7452,0,0
0.76165622136396,638,-1.7448,0,0
0.76165627053459,639,-1.7444,0,0
0.76165631978222,640,-1.744,0,0
0.76165636910685,641,-1.7436,0,0
0.76165641850849,642,-1.7432,0,0
0.76165646798714,643,-1.7428,0,0
0.76165651754278,644,-1.7424,0,0
0.76165656717544,645,-1.742,0,0
0.7616566168851,646,-1.7416,0,0
0.76165666667176,647,-1.7412,0,0
0.76165671653542,648,-1.7408,0,0
0.7616567664761,649,-1.7404,0,0
0.76165681649377,650,-1.74,0,0
0.76165686658845,651,-1.7396,0,0
0.76165691676014,652,-1.7392,0,0
0.76165696700882,653,-1.7388,0,0
0.76165701733452,654,-1.7384,0,0
0.76165706773721,655,-1.738,0,0
0.76165711821692,656,-1.7376,0,0
0.76165716877362,657,-1.7372,0,0
0.76165721940733,658,-1.7368,0,0
0.76165727011805,659,-1.7364,0,0
0.76165732090577,660,-1.736,0,0
0.76165737177049,661,-1.7356,0,0
0.76165742271222,662,-1.7352,0,0
0.76165747373095,663,-1.7348,0,0
0.76165752482668,664,-1.7344,0,0
0.76165757599942,665,-1.734,0,0
0.76165762724917,666,-1.7336,0,0
0.76165767857591,667,-1.7332,0,0
0.76165772997966,668,-1.7328,0,0
0.76165778146042,669,-1.7324,0,0
0.76165783301818,670,-1.732,0,0
0.76165788465294,671,-1.7316,0,0
0.76165793636471,672,-1.7312,0,0
0.76165798815348,673,-1.7308,0,0
0.76165804001926,674,-1.7304,0,0
0.76165809196204,675,-1.73,0,0
0.76165814398182,676,-1.7296,0,0
0.76165819607861,677,-1.7292,0,0
0.7616582482524,678,-1.7288,0,0
0.76165830050319,679,-1.7284,0,0
0.76165835283099,680,-1.728,0,0
0.76165840523579,681,-1.7276,0,0
0.7616584577176,682,-1.7272,0,0
0.7616585102764,683,-1.7268,0,0
0.76165856291222,684,-1.7264,0,0
0.76165861562503,685,-1.726,0,0
0.76165866841485,686,-1.7256,0,0
0.76165872128168,687,-1.7252,0,0
0.7616587742255,688,-1.7248,0,0
0.76165882724633,689,-1.7244,0,0
0.76165888034417,690,-1.724,0,0
0.761658933519,691,-1.7236,0,0
0.76165898677085,692,-1.7232,0,0
0.76165904009969,693,-1.7228,0,0
0.76165909350554,694,-1.7224,0,0
0.76165914698839,695,-1.722,0,0
0.76165920054824,696,-1.7216,0,0
0.7616592541851,697,-1.7212,0,0
0.76165930789896,698,-1.7208,0,0
0.76165936168982,699,-1.7204,0,0
0.76165941555769,700,-1.72,0,0
0.76165946950256,701,-1.7196,0,0
0.76165952352444,702,-1.7192,0,0
0.76165957762331,703,-1.7188,0,0
0.76165963179919,704,-1.7184,0,0
0.76165968605208,705,-1.718,0,0
0.76165974038196,706,-1.7176,0,0
0.76165979478885,707,-1.7172,0,0
0.76165984927274,708,-1.7168,0,0
0.76165990383364,709,-1.7164,0,0
0.76165995847154,710,-1.716,0,0
0.76166001318644,711,-1.7156,0,0
0.76166006797834,712,-1.7152,0,0
0.76166012284725,713,-1.7148,0,0
0.76166017779316,714,-1.7144,0,0
0.76166023281607,715,-1.714,0,0
0.76166028791599,716,-1.7136,0,0
0.76166034309291,717,-1.7132,0,0
0.76166039834683,718,-1.7128,0,0
0.76166045367775,719,-1.7124,0,0
0.76166050908568,720,-1.712,0,0
0.76166056457061,721,-1.7116,0,0
0.76166062013254,722,-1.7112,0,0
0.76166067577147,723,-1.7108,0,0
0.76166073148741,724,-1.7104,0,0
0.76166078728035,725,-1.71,0,0
0.76166084315029,726,-1.7096,0,0
0.76166089909724,727,-1.7092,0,0
0.76166095512119,728,-1.7088,0,0
0.76166101122214,729,-1.7084,0,0
0.76166106740009,730,-1.708,0,0
0.76166112365504,731,-1.7076,0,0
0.761661179987,732,-1.7072,0,0
0.76166123639596,733,-1.7068,0,0
0.76166129288192,734,-1.7064,0,0
0.76166134944489,735,-1.706,0,0
0.76166140608485,736,-1.7056,0,0
0.76166146280182,737,-1.7052,0,0
0.76166151959579,738,-1.7048,0,0
0.76166157646677,739,-1.7044,0,0
0.76166163341474,740,-1.704,0,0
0.76166169043972,741,-1.7036,0,0
0.7616617475417,742,-1.7032,0,0
0.76166180472068,743,-1.7028,0,0
0.76166186197667,744,-1.7024,0,0
0.76166191930965,745,-1.702,0,0
0.76166197671964,746,-1.7016,0,0
0.76166203420663,747,-1.7012,0,0
0.76166209177062,748,-1.7008,0,0
0.76166214941162,749,-1.7004,0,0
0.76166220712961,750,-1.7,0,0
0.76166226492461,751,-1.6996,0,0
0.76166232279661,752,-1.6992,0,0
0.76166238074561,753,-1.6988,0,0
0.76166243877161,754,-1.6984,0,0
0.76166249687462,755,-1.698,0,0
0.76166255505463,756,-1.6976,0,0
0.76166261331164,757,-1.6972,0,0
0.76166267164565,758,-1.6968,0,0
0.76166273005666,759,-1.6964,0,0
0.76166278854467,760,-1.696,0,0
0.76166284710969,761,-1.6956,0,0
0.7616629057517,762,-1.6952,0,0
0.76166296447072,763,-1.6948,0,0
0.76166302326674,764,-1.6944,0,0
0.76166308213977,765,-1.694,0,0
0.76166314108979,766,-1.6936,0,0
0.76166320011681,767,-1.6932,0,0
0.76166325922084,768,-1.6928,0,0
0.76166331840187,769,-1.6924,0,0
0.7616633776599,770,-1.692,0,0
0.76166343699493,771,-1.6916,0,0
0.76166349640696,772,-1.6912,0,0
0.76166355589599,773,-1.6908,0,0
0.76166361546202,774,-1.6904,0,0
0.76166367510506,775,-1.69,0,0
0.7616637348251,776,-1.6896,0,0
0.76166379462213,777,-1.6892,0,0
0.76166385449617,778,-1.6888,0,0
0.76166391444721,779,-1.6884,0,0
0.76166397447525,780,-1.688,0,0
0.7616640345803,781,-1.6876,0,0
0.76166409476234,782,-1.6872,0,0
0.76166415502138,783,-1.6868,0,0
0.76166421535743,784,-1.6864,0,0
0.76166427577047,785,-1.686,0,0
0.76166433626052,786,-1.6856,0,0
0.76166439682757,787,-1.6852,0,0
0.76166445747162,788,-1.6848,0,0
0.76166451819267,789,-1.6844,0,0
0.76166457899072,790,-1.684,0,0
0.76166463986577,791,-1.6836,0,0
0.76166470081782,792,-1.6832,0,0
0.76166476184688,793,-1.6828,0,0
0.76166482295293,794,-1.6824,0,0
0.76166488413598,795,-1.682,0,0
0.76166494539604,796,-1.6816,0,0
0.76166500673309,797,-1.6812,0,0
0.76166506814715,798,-1.6808,0,0
0.76166512963821,799,-1.6804,0,0
0.76166519120626,800,-1.68,0,0
0.76166525285132,801,-1.6796,0,0
0.76166531457338,802,-1.6792,0,0
0.76166537637244,803,-1.6788,0,0
0.7616654382485,804,-1.6784,0,0
0.76166550020156,805,-1.678,0,0
0.76166556223162,806,-1.6776,0,0
0.76166562433868,807,-1.6772,0,0
0.76166568652274,808,-1.6768,0,0
0.7616657487838,809,-1.6764,0,0
0.76166581112186,810,-1.676,0,0
0.76166587353692,811,-1.6756,0,0
0.76166593602898,812,-1.6752,0,0
0.76166599859804,813,-1.6748,0,0
0.7616660612441,814,-1.6744,0,0
0.76166612396716,815,-1.674,0,0
0.76166618676723,816,-1.6736,0,0
0.76166624964429,817,-1.6732,0,0
0.76166631259835,818,-1.6728,0,0
0.76166637562941,819,-1.6724,0,0
0.76166643873747,820,-1.672,0,0
0.76166650192253,821,-1.6716,0,0
0.7616665651846,822,-1.6712,0,0
0.76166662852366,823,-1.6708,0,0
0.76166669193972,824,-1.6704,0,0
0.76166675543278,825,-1.67,0,0
0.76166681900284,826,-1.6696,0,0
0.7616668826499,827,-1.6692,0,0
0.76166694637396,828,-1.6688,0,0
0.76166701017502,829,-1.6684,0,0
0.76166707405308,830,-1.668,0,0
0.76166713800814,831,-1.6676,0,0
0.7616672020402,832,-1.6672,0,0
0.76166726614926,833,-1.6668,0,0
0.76166733033531,834,-1.6664,0,0
0.76166739459837,835,-1.666,0,0
0.76166745893843,836,-1.6656,0,0
0.76166752335548,837,-1.6652,0,0
0.76166758784954,838,-1.6648,0,0
0.76166765242059,839,-1.6644,0,0
0.76166771706865,840,-1.664,0,0
0.7616677817937,841,-1.6636,0,0
0.76166784659576,842,-1.6632,0,0
0.76166791147481,843,-1.6628,0,0
0.76166797643086,844,-1.6624,0,0
0.76166804146391,845,-1.662,0,0
0.76166810657396,846,-1.6616,0,0
0.76166817176101,847,-1.6612,0,0
0.76166823702506,848,-1.6608,0,0
0.7616683023661,849,-1.6604,0,0
0.76166836778415,850,-1.66,0,0
0.7616684332792,851,-1.6596,0,0
0.76166849885124,852,-1.6592,0,0
0.76166856450028,853,-1.6588,0,0
0.76166863022632,854,-1.6584,0,0
0.76166869602937,855,-1.658,0,0
0.76166876190941,856,-1.6576,0,0
0.76166882786644,857,-1.6572,0,0
0.76166889390048,858,-1.6568,0,0
0.76166896001152,859,-1.6564,0,0
0.76166902619955,860,-1.656,0,0
0.76166909246459,861,-1.6556,0,0
0.76166915880662,862,-1.6552,0,0
0.76166922522565,863,-1.6548,0,0
0.76166929172168,864,-1.6544,0,0
0.76166935829471,865,-1.654,0,0
0.76166942494473,866,-1.6536,0,0
0.76166949167176,867,-1.6532,0,0
0.76166955847578,868,-1.6528,0,0
0.76166962535681,869,-1.6524,0,0
0.76166969231483,870,-1.652,0,0
0.76166975934985,871,-1.6516,0,0
0.76166982646186,872,-1.6512,0,0
0.76166989365088,873,-1.6508,0,0
0.76166996091689,874,-1.6504,0,0
0.7616700282599,875,-1.65,0,0
0.76167009567991,876,-1.6496,0,0
0.76167016317692,877,-1.6492,0,0
0.76167023075093,878,-1.6488,0,0
0.76167029840194,879,-1.6484,0,0
0.76167036612994,880,-1.648,0,0
0.76167043393494,881,-1.6476,0,0
0.76167050181694,882,-1.6472,0,0
0.76167056977594,883,-1.6468,0,0
0.76167063781193,884,-1.6464,0,0
0.76167070592492,885,-1.646,0,0
0.76167077411492,886,-1.6456,0,0
0.7616708423819,887,-1.6452,0,0
0.76167091072589,888,-1.6448,0,0
0.76167097914688,889,-1.6444,0,0
0.76167104764486,890,-1.644,0,0
0.76167111621984,891,-1.6436,0,0
0.76167118487182,892,-1.6432,0,0
0.76167125360079,893,-1.6428,0,0
0.76167132240677,894,-1.6424,0,0
0.76167139128974,895,-1.642,0,0
0.76167146024971,896,-1.6416,0,0
0.76167152928667,897,-1.6412,0,0
0.76167159840064,898,-1.6408,0,0
0.7616716675916,899,-1.6404,0,0
0.76167173685956,900,-1.64,0,0
0.76167180620451,901,-1.6396,0,0
0.76167187562646,902,-1.6392,0,0
0.76167194512542,903,-1.6388,0,0
0.76167201470136,904,-1.6384,0,0
0.76167208435431,905,-1.638,0,0
0.76167215408425,906,-1.6376,0,0
0.76167222389119,907,-1.6372,0,0
0.76167229377513,908,-1.6368,0,0
0.76167236373606,909,-1.6364,0,0
0.76167243377399,910,-1.636,0,0
0.76167250388892,911,-1.6356,0,0
0.76167257408085,912,-1.6352,0,0
0.76167264434977,913,-1.6348,0,0
0.76167271469569,914,-1.6344,0,0
0.76167278511861,915,-1.634,0,0
0.76167285561852,916,-1.6336,0,0
0.76167292619543,917,-1.6332,0,0
0.76167299684934,918,-1.6328,0,0
0.76167306758024,919,-1.6324,0,0
0.76167313838815,920,-1.632,0,0
0.76167320927304,921,-1.6316,0,0
0.76167328023494,922,-1.6312,0,0
0.76167335127383,923,-1.6308,0,0
0.76167342238972,924,-1.6304,0,0
0.7616734935826,925,-1.63,0,0
0.76167356485248,926,-1.6296,0,0
0.76167363619936,927,-1.6292,0,0
0.76167370762324,928,-1.6288,0,0
0.76167377912411,929,-1.6284,0,0
0.76167385070197,930,-1.628,0,0
0.76167392235684,931,-1.6276,0,0
0.7616739940887,932,-1.6272,0,0
0.76167406589756,933,-1.6268,0,0
0.76167413778341,934,-1.6264,0,0
0.76167420974626,935,-1.626,0,0
0.7616742817861,936,-1.6256,0,0
0.76167435390295,937,-1.6252,0,0
0.76167442609678,938,-1.6248,0,0
0.76167449836762,939,-1.6244,0,0
0.76167457071545,940,-1.624,0,0
0.76167464314027,941,-1.6236,0,0
0.7616747156421,942,-1.6232,0,0
0.76167478822092,943,-1.6228,0,0
0.76167486087673,944,-1.6224,0,0
0.76167493360954,945,-1.622,0,0
0.76167500641935,946,-1.6216,0,0
0.76167507930615,947,-1.6212,0,0
0.76167515226995,948,-1.6208,0,0
0.76167522531074,949,-1.6204,0,0
0.76167529842853,950,-1.62,0,0
0.76167537162332,951,-1.6196,0,0
0.7616754448951,952,-1.6192,0,0
0.76167551824388,953,-1.6188,0,0
0.76167559166965,954,-1.6184,0,0
0.76167566517242,955,-1.618,0,0
0.76167573875218,956,-1.6176,0,0
0.76167581240894,957,-1.6172,0,0
0.7616758861427,958,-1.6168,0,0
0.76167595995345,959,-1.6164,0,0
0.76167603384119,960,-1.616,0,0
0.76167610780594,961,-1.6156,0,0
0.76167618184767,962,-1.6152,0,0
0.7616762559664,963,-1.6148,0,0
0.76167633016213,964,-1.6144,0,0
0.76167640443486,965,-1.614,0,0
0.76167647878457,966,-1.6136,0,0
0.76167655321129,967,-1.6132,0,0
0.761676627715,968,-1.6128,0,0
0.7616767022957,969,-1.6124,0,0
0.7616767769534,970,-1.612,0,0
0.76167685168809,971,-1.6116,0,0
0.76167692649978,972,-1.6112,0,0
0.76167700138846,973,-1.6108,0,0
0.76167707635414,974,-1.6104,0,0
0.76167715139682,975,-1.61,0,0
0.76167722651649,976,-1.6096,0,0
0.76167730171315,977,-1.6092,0,0
0.76167737698681,978,-1.6088,0,0
0.76167745233746,979,-1.6084,0,0
0.76167752776511,980,-1.608,0,0
0.76167760326975,981,-1.6076,0,0
0.76167767885139,982,-1.6072,0,0
0.76167775451002,983,-1.6068,0,0
0.76167783024565,984,-1.6064,0,0
0.76167790605827,985,-1.606,0,0
0.76167798194788,986,-1.6056,0,0
0.7616780579145,987,-1.6052,0,0
0.7616781339581,988,-1.6048,0,0
0.7616782100787,989,-1.6044,0,0
0.76167828627629,990,-1.604,0,0
0.76167836255088,991,-1.6036,0,0
0.76167843890246,992,-1.6032,0,0
0.76167851533104,993,-1.6028,0,0
0.76167859183661,994,-1.6024,0,0
0.76167866841918,995,-1.602,0,0
0.76167874507874,996,-1.6016,0,0
0.76167882181529,997,-1.6012,0,0
0.76167889862884,998,-1.6008,0,0
0.76167897551938,999,-1.6004,0,0
0.76167905248691,1000,-1.6,0,0
0.76167912953144,1001,-1.5996,0,0
0.76167920665297,1002,-1.5992,0,0
0.76167928385148,1003,-1.5988,0,0
0.761679361127,1004,-1.5984,0,0
0.7616794384795,1005,-1.598,0,0
0.761679515909,1006,-1.5976,0,0
0.76167959341549,1007,-1.5972,0,0
0.76167967099898,1008,-1.5968,0,0
0.76167974865946,1009,-1.5964,0,0
0.76167982639694,1010,-1.596,0,0
0.7616799042114,1011,-1.5956,0,0
0.76167998210286,1012,-1.5952,0,0
0.76168006007132,1013,-1.5948,0,0
0.76168013811677,1014,-1.5944,0,0
0.76168021623921,1015,-1.594,0,0
0.76168029443865,1016,-1.5936,0,0
0.76168037271507,1017,-1.5932,0,0
0.7616804510685,1018,-1.5928,0,0
0.76168052949891,1019,-1.5924,0,0
0.76168060800632,1020,-1.592,0,0
0.76168068659072,1021,-1.5916,0,0
0.76168076525212,1022,-1.5912,0,0
0.76168084399051,1023,-1.5908,0,0
0.76168092280589,1024,-1.5904,0,0
0.76168100169827,1025,-1.59,0,0
0.76168108066763,1026,-1.5896,0,0
0.76168115971399,1027,-1.5892,0,0
0.76168123883735,1028,-1.5888,0,0
0.7616813180377,1029,-1.5884,0,0
0.76168139731504,1030,-1.588,0,0
0.76168147666937,1031,-1.5876,0,0
0.7616815561007,1032,-1.5872,0,0
0.76168163560901,1033,-1.5868,0,0
0.76168171519433,1034,-1.5864,0,0
0.76168179485663,1035,-1.586,0,0
0.76168187459593,1036,-1.5856,0,0
0.76168195441222,1037,-1.5852,0,0
0.7616820343055,1038,-1.5848,0,0
0.76168211427578,1039,-1.5844,0,0
0.76168219432304,1040,-1.584,0,0
0.7616822744473,1041,-1.5836,0,0
0.76168235464856,1042,-1.5832,0,0
0.7616824349268,1043,-1.5828,0,0
0.76168251528204,1044,-1.5824,0,0
0.76168259571427,1045,-1.582,0,0
0.76168267622349,1046,-1.5816,0,0
0.76168275680971,1047,-1.5812,0,0
0.76168283747291,1048,-1.5808,0,0
0.76168291821311,1049,-1.5804,0,0
0.7616829990303,1050,-1.58,0,0
0.76168307992449,1051,-1.5796,0,0
0.76168316089566,1052,-1.5792,0,0
0.76168324194383,1053,-1.5788,0,0
0.76168332306899,1054,-1.5784,0,0
0.76168340427114,1055,-1.578,0,0
0.76168348555028,1056,-1.5776,0,0
0.76168356690642,1057,-1.5772,0,0
0.76168364833955,1058,-1.5768,0,0
0.76168372984967,1059,-1.5764,0,0
0.76168381143678,1060,-1.576,0,0
0.76168389310088,1061,-1.5756,0,0
0.76168397484198,1062,-1.5752,0,0
0.76168405666006,1063,-1.5748,0,0
0.76168413855514,1064,-1.5744,0,0
0.76168422052721,1065,-1.574,0,0
0.76168430257627,1066,-1.5736,0,0
0.76168438470233,1067,-1.5732,0,0
0.76168446690537,1068,-1.5728,0,0
0.76168454918541,1069,-1.5724,0,0
0.76168463154243,1070,-1.572,0,0
0.76168471397645,1071,-1.5716,0,0
0.76168479648746,1072,-1.5712,0,0
0.76168487907546,1073,-1.5708,0,0
0.76168496174046,1074,-1.5704,0,0
0.76168504448244,1075,-1.57,0,0
0.76168512730142,1076,-1.5696,0,0
0.76168521019738,1077,-1.5692,0,0
0.76168529317034,1078,-1.5688,0,0
0.76168537622029,1079,-1.5684,0,0
0.76168545934723,1080,-1.568,0,0
0.76168554255116,1081,-1.5676,0,0
0.76168562583208,1082,-1.5672,0,0
0.76168570918999,1083,-1.5668,0,0
0.7616857926249,1084,-1.5664,0,0
0.76168587613679,1085,-1.566,0,0
0.76168595972567,1086,-1.5656,0,0
0.76168604339155,1087,-1.5652,0,0
0.76168612713442,1088,-1.5648,0,0
0.76168621095427,1089,-1.5644,0,0
0.76168629485112,1090,-1.564,0,0
0.76168637882496,1091,-1.5636,0,0
0.76168646287579,1092,-1.5632,0,0
0.76168654700361,1093,-1.5628,0,0
0.76168663120842,1094,-1.5624,0,0
0.76168671549022,1095,-1.562,0,0
0.76168679984901,1096,-1.5616,0,0
0.76168688428479,1097,-1.5612,0,0
0.76168696879757,1098,-1.5608,0,0
0.76168705338733,1099,-1.5604,0,0
0.76168713805408,1100,-1.56,0,0
0.76168722279782,1101,-1.5596,0,0
0.76168730761856,1102,-1.5592,0,0
0.76168739251628,1103,-1.5588,0,0
0.76168747749099,1104,-1.5584,0,0
0.76168756254269,1105,-1.558,0,0
0.76168764767139,1106,-1.5576,0,0
0.76168773287707,1107,-1.5572,0,0
0.76168781815974,1108,-1.5568,0,0
0.76168790351941,1109,-1.5564,0,0
0.76168798895606,1110,-1.556,0,0
0.7616880744697,1111,-1.5556,0,0
0.76168816006033,1112,-1.5552,0,0
0.76168824572796,1113,-1.5548,0,0
0.76168833147257,1114,-1.5544,0,0
0.76168841729417,1115,-1.554,0,0
0.76168850319276,1116,-1.5536,0,0
0.76168858916834,1117,-1.5532,0,0
0.76168867522091,1118,-1.5528,0,0
0.76168876135047,1119,-1.5524,0,0
0.76168884755702,1120,-1.552,0,0
0.76168893384056,1121,-1.5516,0,0
0.76168902020109,1122,-1.5512,0,0
0.76168910663861,1123,-1.5508,0,0
0.76168919315311,1124,-1.5504,0,0
0.76168927974461,1125,-1.55,0,0
0.76168936641309,1126,-1.5496,0,0
0.76168945315857,1127,-1.5492,0,0
0.76168953998103,1128,-1.5488,0,0
0.76168962688048,1129,-1.5484,0,0
0.76168971385693,1130,-1.548,0,0
0.76168980091036,1131,-1.5476,0,0
0.76168988804078,1132,-1.5472,0,0
0.76168997524818,1133,-1.5468,0,0
0.76169006253258,1134,-1.5464,0,0
0.76169014989397,1135,-1.546,0,0
0.76169023733234,1136,-1.5456,0,0
0.76169032484771,1137,-1.5452,0,0
0.76169041244006,1138,-1.5448,0,0
0.7616905001094,1139,-1.5444,0,0
0.76169058785573,1140,-1.544,0,0
0.76169067567905,1141,-1.5436,0,0
0.76169076357936,1142,-1.5432,0,0
0.76169085155665,1143,-1.5428,0,0
0.76169093961094,1144,-1.5424,0,0
0.76169102774221,1145,-1.542,0,0
0.76169111595047,1146,-1.5416,0,0
0.76169120423572,1147,-1.5412,0,0
0.76169129259796,1148,-1.5408,0,0
0.76169138103719,1149,-1.5404,0,0
0.7616914695534,1150,-1.54,0,0
0.7616915581466,1151,-1.5396,0,0
0.76169164681679,1152,-1.5392,0,0
0.76169173556397,1153,-1.5388,0,0
0.76169182438814,1154,-1.5384,0,0
0.76169191328929,1155,-1.538,0,0
0.76169200226744,1156,-1.5376,0,0
0.76169209132257,1157,-1.5372,0,0
0.76169218045469,1158,-1.5368,0,0
0.76169226966379,1159,-1.5364,0,0
0.76169235894989,1160,-1.536,0,0
0.76169244831297,1161,-1.5356,0,0
0.76169253775304,1162,-1.5352,0,0
0.7616926272701,1163,-1.5348,0,0
0.76169271686414,1164,-1.5344,0,0
0.76169280653517,1165,-1.534,0,0
0.76169289628319,1166,-1.5336,0,0
0.7616929861082,1167,-1.5332,0,0
0.7616930760102,1168,-1.5328,0,0
0.76169316598918,1169,-1.5324,0,0
0.76169325604515,1170,-1.532,0,0
0.76169334617811,1171,-1.5316,0,0
0.76169343638805,1172,-1.5312,0,0
0.76169352667499,1173,-1.5308,0,0
0.76169361703891,1174,-1.5304,0,0
0.76169370747981,1175,-1.53,0,0
0.76169379799771,1176,-1.5296,0,0
0.76169388859259,1177,-1.5292,0,0
0.76169397926445,1178,-1.5288,0,0
0.76169407001331,1179,-1.5284,0,0
0.76169416083915,1180,-1.528,0,0
0.76169425174198,1181,-1.5276,0,0
0.7616943427218,1182,-1.5272,0,0
0.7616944337786,1183,-1.5268,0,0
0.76169452491239,1184,-1.5264,0,0
0.76169461612316,1185,-1.526,0,0
0.76169470741093,1186,-1.5256,0,0
0.76169479877568,1187,-1.5252,0,0
0.76169489021741,1188,-1.5248,0,0
0.76169498173614,1189,-1.5244,0,0
0.76169507333185,1190,-1.524,0,0
0.76169516500454,1191,-1.5236,0,0
0.76169525675422,1192,-1.5232,0,0
0.76169534858089,1193,-1.5228,0,0
0.76169544048455,1194,-1.5224,0,0
0.76169553246519,1195,-1.522,0,0
0.76169562452282,1196,-1.5216,0,0
0.76169571665743,1197,-1.5212,0,0
0.76169580886903,1198,-1.5208,0,0
0.76169590115762,1199,-1.5204,0,0
0.76169599352319,1200,-1.52,0,0
0.76169608596575,1201,-1.5196,0,0
0.76169617848529,1202,-1.5192,0,0
0.76169627108183,1203,-1.5188,0,0
0.76169636375534,1204,-1.5184,0,0
0.76169645650584,1205,-1.518,0,0
0.76169654933333,1206,-1.5176,0,0
0.76169664223781,1207,-1.5172,0,0
0.76169673521927,1208,-1.5168,0,0
0.76169682827771,1209,-1.5164,0,0
0.76169692141314,1210,-1.516,0,0
0.76169701462556,1211,-1.5156,0,0
0.76169710791496,1212,-1.5152,0,0
0.76169720128135,1213,-1.5148,0,0
0.76169729472473,1214,-1.5144,0,0
0.76169738824508,1215,-1.514,0,0
0.76169748184243,1216,-1.5136,0,0
0.76169757551676,1217,-1.5132,0,0
0.76169766926807,1218,-1.5128,0,0
0.76169776309637,1219,-1.5124,0,0
0.76169785700166,1220,-1.512,0,0
0.76169795098393,1221,-1.5116,0,0
0.76169804504319,1222,-1.5112,0,0
0.76169813917943,1223,-1.5108,0,0
0.76169823339266,1224,-1.5104,0,0
0.76169832768287,1225,-1.51,0,0
0.76169842205006,1226,-1.5096,0,0
0.76169851649425,1227,-1.5092,0,0
0.76169861101541,1228,-1.5088,0,0
0.76169870561356,1229,-1.5084,0,0
0.7616988002887,1230,-1.508,0,0
0.76169889504082,1231,-1.5076,0,0
0.76169898986992,1232,-1.5072,0,0
0.76169908477601,1233,-1.5068,0,0
0.76169917975909,1234,-1.5064,0,0
0.76169927481915,1235,-1.506,0,0
0.76169936995619,1236,-1.5056,0,0
0.76169946517022,1237,-1.5052,0,0
0.76169956046123,1238,-1.5048,0,0
0.76169965582923,1239,-1.5044,0,0
0.76169975127421,1240,-1.504,0,0
0.76169984679618,1241,-1.5036,0,0
0.76169994239513,1242,-1.5032,0,0
0.76170003807106,1243,-1.5028,0,0
0.76170013382398,1244,-1.5024,0,0
0.76170022965388,1245,-1.502,0,0
0.76170032556077,1246,-1.5016,0,0
0.76170042154464,1247,-1.5012,0,0
0.7617005176055,1248,-1.5008,0,0
0.76170061374334,1249,-1.5004,0,0
0.76170070995816,1250,-1.5,0,0
0.76170080624996,1251,-1.4996,0,0
0.76170090261876,1252,-1.4992,0,0
0.76170099906453,1253,-1.4988,0,0
0.76170109558729,1254,-1.4984,0,0
0.76170119218703,1255,-1.498,0,0
0.76170128886375,1256,-1.4976,0,0
0.76170138561746,1257,-1.4972,0,0
0.76170148244816,1258,-1.4968,0,0
0.76170157935583,1259,-1.4964,0,0
0.76170167634049,1260,-1.496,0,0
0.76170177340213,1261,-1.4956,0,0
0.76170187054076,1262,-1.4952,0,0
0.76170196775637,1263,-1.4948,0,0
0.76170206504896,1264,-1.4944,0,0
0.76170216241854,1265,-1.494,0,0
0.7617022598651,1266,-1.4936,0,0
0.76170235738864,1267,-1.4932,0,0
0.76170245498917,1268,-1.4928,0,0
0.76170255266667,1269,-1.4924,0,0
0.76170265042117,1270,-1.492,0,0
0.76170274825264,1271,-1.4916,0,0
0.7617028461611,1272,-1.4912,0,0
0.76170294414654,1273,-1.4908,0,0
0.76170304220896,1274,-1.4904,0,0
0.76170314034837,1275,-1.49,0,0
0.76170323856476,1276,-1.4896,0,0
0.76170333685813,1277,-1.4892,0,0
0.76170343522848,1278,-1.4888,0,0
0.76170353367582,1279,-1.4884,0,0
0.76170363220014,1280,-1.488,0,0
0.76170373080144,1281,-1.4876,0,0
0.76170382947972,1282,-1.4872,0,0
0.76170392823499,1283,-1.4868,0,0
0.76170402706724,1284,-1.4864,0,0
0.76170412597647,1285,-1.486,0,0
0.76170422496268,1286,-1.4856,0,0
0.76170432402588,1287,-1.4852,0,0
0.76170442316605,1288,-1.4848,0,0
0.76170452238321,1289,-1.4844,0,0
0.76170462167736,1290,-1.484,0,0
0.76170472104848,1291,-1.4836,0,0
0.76170482049659,1292,-1.4832,0,0
0.76170492002167,1293,-1.4828,0,0
0.76170501962374,1294,-1.4824,0,0
0.7617051193028,1295,-1.482,0,0
0.76170521905883,1296,-1.4816,0,0
0.76170531889184,1297,-1.4812,0,0
0.76170541880184,1298,-1.4808,0,0
0.76170551878882,1299,-1.4804,0,0
0.76170561885278,1300,-1.48,0,0
0.76170571899372,1301,-1.4796,0,0
0.76170581921165,1302,-1.4792,0,0
0.76170591950655,1303,-1.4788,0,0
0.76170601987844,1304,-1.4784,0,0
0.7617061203273,1305,-1.478,0,0
0.76170622085315,1306,-1.4776,0,0
0.76170632145598,1307,-1.4772,0,0
0.7617064221358,1308,-1.4768,0,0
0.76170652289259,1309,-1.4764,0,0
0.76170662372636,1310,-1.476,0,0
0.76170672463712,1311,-1.4756,0,0
0.76170682562485,1312,-1.4752,0,0
0.76170692668957,1313,-1.4748,0,0
0.76170702783127,1314,-1.4744,0,0
0.76170712904995,1315,-1.474,0,0
0.76170723034561,1316,-1.4736,0,0
0.76170733171825,1317,-1.4732,0,0
0.76170743316787,1318,-1.4728,0,0
0.76170753469447,1319,-1.4724,0,0
0.76170763629805,1320,-1.472,0,0
0.76170773797862,1321,-1.4716,0,0
0.76170783973616,1322,-1.4712,0,0
0.76170794157069,1323,-1.4708,0,0
0.76170804348219,1324,-1.4704,0,0
0.76170814547068,1325,-1.47,0,0
0.76170824753614,1326,-1.4696,0,0
0.76170834967859,1327,-1.4692,0,0
0.76170845189801,1328,-1.4688,0,0
0.76170855419442,1329,-1.4684,0,0
0.76170865656781,1330,-1.468,0,0
0.76170875901817,1331,-1.4676,0,0
0.76170886154552,1332,-1.4672,0,0
0.76170896414985,1333,-1.4668,0,0
0.76170906683116,1334,-1.4664,0,0
0.76170916958944,1335,-1.466,0,0
0.76170927242471,1336,-1.4656,0,0
0.76170937533696,1337,-1.4652,0,0
0.76170947832618,1338,-1.4648,0,0
0.76170958139239,1339,-1.4644,0,0
0.76170968453558,1340,-1.464,0,0
0.76170978775574,1341,-1.4636,0,0
0.76170989105289,1342,-1.4632,0,0
0.76170999442701,1343,-1.4628,0,0
0.76171009787812,1344,-1.4624,0,0
0.7617102014062,1345,-1.462,0,0
0.76171030501127,1346,-1.4616,0,0
0.76171040869331,1347,-1.4612,0,0
0.76171051245233,1348,-1.4608,0,0
0.76171061628833,1349,-1.4604,0,0
0.76171072020131,1350,-1.46,0,0
0.76171082419127,1351,-1.4596,0,0
0.76171092825821,1352,-1.4592,0,0
0.76171103240213,1353,-1.4588,0,0
0.76171113662303,1354,-1.4584,0,0
0.7617112409209,1355,-1.458,0,0
0.76171134529576,1356,-1.4576,0,0
0.76171144974759,1357,-1.4572,0,0
0.7617115542764,1358,-1.4568,0,0
0.7617116588822,1359,-1.4564,0,0
0.76171176356497,1360,-1.456,0,0
0.76171186832472,1361,-1.4556,0,0
0.76171197316144,1362,-1.4552,0,0
0.76171207807515,1363,-1.4548,0,0
0.76171218306583,1364,-1.4544,0,0
0.7617122881335,1365,-1.454,0,0
0.76171239327814,1366,-1.4536,0,0
0.76171249849976,1367,-1.4532,0,0
0.76171260379836,1368,-1.4528,0,0
0.76171270917393,1369,-1.4524,0,0
0.76171281462649,1370,-1.452,0,0
0.76171292015602,1371,-1.4516,0,0
0.76171302576253,1372,-1.4512,0,0
0.76171313144602,1373,-1.4508,0,0
0.76171323720649,1374,-1.4504,0,0
0.76171334304394,1375,-1.45,0,0
0.76171344895836,1376,-1.4496,0,0
0.76171355494976,1377,-1.4492,0,0
0.76171366101814,1378,-1.4488,0,0
0.7617137671635,1379,-1.4484,0,0
0.76171387338583,1380,-1.448,0,0
0.76171397968515,1381,-1.4476,0,0
0.76171408606144,1382,-1.4472,0,0
0.7617141925147,1383,-1.4468,0,0
0.76171429904495,1384,-1.4464,0,0
0.76171440565217,1385,-1.446,0,0
0.76171451233637,1386,-1.4456,0,0
0.76171461909755,1387,-1.4452,0,0
0.7617147259357,1388,-1.4448,0,0
0.76171483285084,1389,-1.4444,0,0
0.76171493984295,1390,-1.444,0,0
0.76171504691203,1391,-1.4436,0,0
0.7617151540581,1392,-1.4432,0,0
0.76171526128114,1393,-1.4428,0,0
0.76171536858116,1394,-1.4424,0,0
0.76171547595815,1395,-1.442,0,0
0.76171558341212,1396,-1.4416,0,0
0.76171569094307,1397,-1.4412,0,0
0.761715798551,1398,-1.4408,0,0
0.7617159062359,1399,-1.4404,0,0
0.76171601399778,1400,-1.44,0,0
0.76171612183664,1401,-1.4396,0,0
0.76171622975247,1402,-1.4392,0,0
0.76171633774528,1403,-1.4388,0,0
0.76171644581507,1404,-1.4384,0,0
0.76171655396183,1405,-1.438,0,0
0.76171666218557,1406,-1.4376,0,0
0.76171677048628,1407,-1.4372,0,0
0.76171687886397,1408,-1.4368,0,0
0.76171698731864,1409,-1.4364,0,0
0.76171709585029,1410,-1.436,0,0
0.76171720445891,1411,-1.4356,0,0
0.7617173131445,1412,-1.4352,0,0
0.76171742190708,1413,-1.4348,0,0
0.76171753074663,1414,-1.4344,0,0
0.76171763966315,1415,-1.434,0,0
0.76171774865665,1416,-1.4336,0,0
0.76171785772713,1417,-1.4332,0,0
0.76171796687458,1418,-1.4328,0,0
0.76171807609901,1419,-1.4324,0,0
0.76171818540041,1420,-1.432,0,0
0.76171829477879,1421,-1.4316,0,0
0.76171840423415,1422,-1.4312,0,0
0.76171851376648,1423,-1.4308,0,0
0.76171862337578,1424,-1.4304,0,0
0.76171873306207,1425,-1.43,0,0
0.76171884282532,1426,-1.4296,0,0
0.76171895266556,1427,-1.4292,0,0
0.76171906258276,1428,-1.4288,0,0
0.76171917257695,1429,-1.4284,0,0
0.76171928264811,1430,-1.428,0,0
0.76171939279624,1431,-1.4276,0,0
0.76171950302135,1432,-1.4272,0,0
0.76171961332343,1433,-1.4268,0,0
0.76171972370249,1434,-1.4264,0,0
0.76171983415852,1435,-1.426,0,0
0.76171994469153,1436,-1.4256,0,0
0.76172005530152,1437,-1.4252,0,0
0.76172016598847,1438,-1.4248,0,0
0.76172027675241,1439,-1.4244,0,0
0.76172038759332,1440,-1.424,0,0
0.7617204985112,1441,-1.4236,0,0
0.76172060950606,1442,-1.4232,0,0
0.76172072057789,1443,-1.4228,0,0
0.76172083172669,1444,-1.4224,0,0
0.76172094295247,1445,-1.422,0,0
0.76172105425523,1446,-1.4216,0,0
0.76172116563496,1447,-1.4212,0,0
0.76172127709166,1448,-1.4208,0,0
0.76172138862534,1449,-1.4204,0,0
0.76172150023599,1450,-1.42,0,0
0.76172161192362,1451,-1.4196,0,0
0.76172172368822,1452,-1.4192,0,0
0.76172183552979,1453,-1.4188,0,0
0.76172194744834,1454,-1.4184,0,0
0.76172205944386,1455,-1.418,0,0
0.76172217151636,1456,-1.4176,0,0
0.76172228366583,1457,-1.4172,0,0
0.76172239589227,1458,-1.4168,0,0
0.76172250819569,1459,-1.4164,0,0
0.76172262057608,1460,-1.416,0,0
0.76172273303345,1461,-1.4156,0,0
0.76172284556779,1462,-1.4152,0,0
0.7617229581791,1463,-1.4148,0,0
0.76172307086738,1464,-1.4144,0,0
0.76172318363264,1465,-1.414,0,0
0.76172329647487,1466,-1.4136,0,0
0.76172340939408,1467,-1.4132,0,0
0.76172352239026,1468,-1.4128,0,0
0.76172363546341,1469,-1.4124,0,0
0.76172374861353,1470,-1.412,0,0
0.76172386184063,1471,-1.4116,0,0
0.7617239751447,1472,-1.4112,0,0
0.76172408852575,1473,-1.4108,0,0
0.76172420198376,1474,-1.4104,0,0
0.76172431551875,1475,-1.41,0,0
0.76172442913072,1476,-1.4096,0,0
0.76172454281965,1477,-1.4092,0,0
0.76172465658556,1478,-1.4088,0,0
0.76172477042844,1479,-1.4084,0,0
0.76172488434829,1480,-1.408,0,0
0.76172499834512,1481,-1.4076,0,0
0.76172511241892,1482,-1.4072,0,0
0.76172522656969,1483,-1.4068,0,0
0.76172534079743,1484,-1.4064,0,0
0.76172545510215,1485,-1.406,0,0
0.76172556948383,1486,-1.4056,0,0
0.7617256839425,1487,-1.4052,0,0
0.76172579847813,1488,-1.4048,0,0
0.76172591309073,1489,-1.4044,0,0
0.76172602778031,1490,-1.404,0,0
0.76172614254686,1491,-1.4036,0,0
0.76172625739038,1492,-1.4032,0,0
0.76172637231087,1493,-1.4028,0,0
0.76172648730833,1494,-1.4024,0,0
0.76172660238277,1495,-1.402,0,0
0.76172671753418,1496,-1.4016,0,0
0.76172683276256,1497,-1.4012,0,0
0.76172694806791,1498,-1.4008,0,0
0.76172706345023,1499,-1.4004,0,0
0.76172717890952,1500,-1.4,0,0
0.76172729444579,1501,-1.3996,0,0
0.76172741005903,1502,-1.3992,0,0
0.76172752574924,1503,-1.3988,0,0
0.76172764151641,1504,-1.3984,0,0
0.76172775736057,1505,-1.398,0,0
0.76172787328169,1506,-1.3976,0,0
0.76172798927978,1507,-1.3972,0,0
0.76172810535485,1508,-1.3968,0,0
0.76172822150688,1509,-1.3964,0,0
0.76172833773589,1510,-1.396,0,0
0.76172845404187,1511,-1.3956,0,0
0.76172857042481,1512,-1.3952,0,0
0.76172868688473,1513,-1.3948,0,0
0.76172880342162,1514,-1.3944,0,0
0.76172892003548,1515,-1.394,0,0
0.76172903672631,1516,-1.3936,0,0
0.76172915349412,1517,-1.3932,0,0
0.76172927033889,1518,-1.3928,0,0
0.76172938726063,1519,-1.3924,0,0
0.76172950425935,1520,-1.392,0,0
0.76172962133503,1521,-1.3916,0,0
0.76172973848768,1522,-1.3912,0,0
0.76172985571731,1523,-1.3908,0,0
0.7617299730239,1524,-1.3904,0,0
0.76173009040747,1525,-1.39,0,0
0.761730207868,1526,-1.3896,0,0
0.76173032540551,1527,-1.3892,0,0
0.76173044301998,1528,-1.3888,0,0
0.76173056071143,1529,-1.3884,0,0
0.76173067847984,1530,-1.388,0,0
0.76173079632523,1531,-1.3876,0,0
0.76173091424758,1532,-1.3872,0,0
0.7617310322469,1533,-1.3868,0,0
0.7617311503232,1534,-1.3864,0,0
0.76173126847646,1535,-1.386,0,0
0.7617313867067,1536,-1.3856,0,0
0.7617315050139,1537,-1.3852,0,0
0.76173162339807,1538,-1.3848,0,0
0.76173174185921,1539,-1.3844,0,0
0.76173186039732,1540,-1.384,0,0
0.7617319790124,1541,-1.3836,0,0
0.76173209770445,1542,-1.3832,0,0
0.76173221647347,1543,-1.3828,0,0
0.76173233531946,1544,-1.3824,0,0
0.76173245424241,1545,-1.382,0,0
0.76173257324234,1546,-1.3816,0,0
0.76173269231923,1547,-1.3812,0,0
0.7617328114731,1548,-1.3808,0,0
0.76173293070393,1549,-1.3804,0,0
0.76173305001173,1550,-1.38,0,0
0.7617331693965,1551,-1.3796,0,0
0.76173328885824,1552,-1.3792,0,0
0.76173340839695,1553,-1.3788,0,0
0.76173352801262,1554,-1.3784,0,0
0.76173364770527,1555,-1.378,0,0
0.76173376747488,1556,-1.3776,0,0
0.76173388732146,1557,-1.3772,0,0
0.76173400724501,1558,-1.3768,0,0
0.76173412724553,1559,-1.3764,0,0
0.76173424732301,1560,-1.376,0,0
0.76173436747747,1561,-1.3756,0,0
0.76173448770889,1562,-1.3752,0,0
0.76173460801728,1563,-1.3748,0,0
0.76173472840264,1564,-1.3744,0,0
0.76173484886496,1565,-1.374,0,0
0.76173496940426,1566,-1.3736,0,0
0.76173509002052,1567,-1.3732,0,0
0.76173521071375,1568,-1.3728,0,0
0.76173533148394,1569,-1.3724,0,0
0.76173545233111,1570,-1.372,0,0
0.76173557325524,1571,-1.3716,0,0
0.76173569425634,1572,-1.3712,0,0
0.76173581533441,1573,-1.3708,0,0
0.76173593648945,1574,-1.3704,0,0
0.76173605772145,1575,-1.37,0,0
0.76173617903042,1576,-1.3696,0,0
0.76173630041635,1577,-1.3692,0,0
0.76173642187926,1578,-1.3688,0,0
0.76173654341913,1579,-1.3684,0,0
0.76173666503597,1580,-1.368,0,0
0.76173678672977,1581,-1.3676,0,0
0.76173690850055,1582,-1.3672,0,0
0.76173703034829,1583,-1.3668,0,0
0.76173715227299,1584,-1.3664,0,0
0.76173727427467,1585,-1.366,0,0
0.7617373963533,1586,-1.3656,0,0
0.76173751850891,1587,-1.3652,0,0
0.76173764074148,1588,-1.3648,0,0
0.76173776305102,1589,-1.3644,0,0
0.76173788543753,1590,-1.364,0,0
0.761738007901,1591,-1.3636,0,0
0.76173813044144,1592,-1.3632,0,0
0.76173825305885,1593,-1.3628,0,0
0.76173837575322,1594,-1.3624,0,0
0.76173849852456,1595,-1.362,0,0
0.76173862137286,1596,-1.3616,0,0
0.76173874429813,1597,-1.3612,0,0
0.76173886730037,1598,-1.3608,0,0
0.76173899037957,1599,-1.3604,0,0
0.76173911353574,1600,-1.36,0,0
0.76173923676887,1601,-1.3596,0,0
0.76173936007897,1602,-1.3592,0,0
0.76173948346604,1603,-1.3588,0,0
0.76173960693007,1604,-1.3584,0,0
0.76173973047107,1605,-1.358,0,0
0.76173985408903,1606,-1.3576,0,0
0.76173997778396,1607,-1.3572,0,0
0.76174010155585,1608,-1.3568,0,0
0.76174022540471,1609,-1.3564,0,0
0.76174034933054,1610,-1.356,0,0
0.76174047333333,1611,-1.3556,0,0
0.76174059741308,1612,-1.3552,0,0
0.7617407215698,1613,-1.3548,0,0
0.76174084580349,1614,-1.3544,0,0
0.76174097011414,1615,-1.354,0,0
0.76174109450175,1616,-1.3536,0,0
0.76174121896633,1617,-1.3532,0,0
0.76174134350788,1618,-1.3528,0,0
0.76174146812639,1619,-1.3524,0,0
0.76174159282187,1620,-1.352,0,0
0.76174171759431,1621,-1.3516,0,0
0.76174184244371,1622,-1.3512,0,0
0.76174196737008,1623,-1.3508,0,0
0.76174209237341,1624,-1.3504,0,0
0.76174221745371,1625,-1.35,0,0
0.76174234261097,1626,-1.3496,0,0
0.7617424678452,1627,-1.3492,0,0
0.76174259315639,1628,-1.3488,0,0
0.76174271854455,1629,-1.3484,0,0
0.76174284400967,1630,-1.348,0,0
0.76174296955175,1631,-1.3476,0,0
0.7617430951708,1632,-1.3472,0,0
0.76174322086681,1633,-1.3468,0,0
0.76174334663979,1634,-1.3464,0,0
0.76174347248973,1635,-1.346,0,0
0.76174359841663,1636,-1.3456,0,0
0.7617437244205,1637,-1.3452,0,0
0.76174385050133,1638,-1.3448,0,0
0.76174397665913,1639,-1.3444,0,0
0.76174410289388,1640,-1.344,0,0
0.76174422920561,1641,-1.3436,0,0
0.76174435559429,1642,-1.3432,0,0
0.76174448205994,1643,-1.3428,0,0
0.76174460860255,1644,-1.3424,0,0
0.76174473522213,1645,-1.342,0,0
0.76174486191867,1646,-1.3416,0,0
0.76174498869217,1647,-1.3412,0,0
0.76174511554264,1648,-1.3408,0,0
0.76174524247006,1649,-1.3404,0,0
0.76174536947446,1650,-1.34,0,0
0.76174549655581,1651,-1.3396,0,0
0.76174562371413,1652,-1.3392,0,0
0.76174575094941,1653,-1.3388,0,0
0.76174587826165,1654,-1.3384,0,0
0.76174600565086,1655,-1.338,0,0
0.76174613311702,1656,-1.3376,0,0
0.76174626066016,1657,-1.3372,0,0
0.76174638828025,1658,-1.3368,0,0
0.7617465159773,1659,-1.3364,0,0
0.76174664375132,1660,-1.336,0,0
0.7617467716023,1661,-1.3356,0,0
0.76174689953025,1662,-1.3352,0,0
0.76174702753515,1663,-1.3348,0,0
0.76174715561702,1664,-1.3344,0,0
0.76174728377585,1665,-1.334,0,0
0.76174741201164,1666,-1.3336,0,0
0.76174754032439,1667,-1.3332,0,0
0.76174766871411,1668,-1.3328,0,0
0.76174779718079,1669,-1.3324,0,0
0.76174792572443,1670,-1.332,0,0
0.76174805434503,1671,-1.3316,0,0
0.76174818304259,1672,-1.3312,0,0
0.76174831181712,1673,-1.3308,0,0
0.7617484406686,1674,-1.3304,0,0
0.76174856959705,1675,-1.33,0,0
0.76174869860246,1676,-1.3296,0,0
0.76174882768483,1677,-1.3292,0,0
0.76174895684416,1678,-1.3288,0,0
0.76174908608045,1679,-1.3284,0,0
0.76174921539371,1680,-1.328,0,0
0.76174934478392,1681,-1.3276,0,0
0.7617494742511,1682,-1.3272,0,0
0.76174960379524,1683,-1.3268,0,0
0.76174973341634,1684,-1.3264,0,0
0.7617498631144,1685,-1.326,0,0
0.76174999288942,1686,-1.3256,0,0
0.7617501227414,1687,-1.3252,0,0
0.76175025267034,1688,-1.3248,0,0
0.76175038267624,1689,-1.3244,0,0
0.76175051275911,1690,-1.324,0,0
0.76175064291893,1691,-1.3236,0,0
0.76175077315571,1692,-1.3232,0,0
0.76175090346946,1693,-1.3228,0,0
0.76175103386016,1694,-1.3224,0,0
0.76175116432783,1695,-1.322,0,0
0.76175129487245,1696,-1.3216,0,0
0.76175142549404,1697,-1.3212,0,0
0.76175155619259,1698,-1.3208,0,0
0.76175168696809,1699,-1.3204,0,0
0.76175181782056,1700,-1.32,0,0
0.76175194874998,1701,-1.3196,0,0
0.76175207975637,1702,-1.3192,0,0
0.76175221083971,1703,-1.3188,0,0
0.76175234200002,1704,-1.3184,0,0
0.76175247323729,1705,-1.318,0,0
0.76175260455151,1706,-1.3176,0,0
0.76175273594269,1707,-1.3172,0,0
0.76175286741084,1708,-1.3168,0,0
0.76175299895594,1709,-1.3164,0,0
0.761753130578,1710,-1.316,0,0
0.76175326227703,1711,-1.3156,0,0
0.76175339405301,1712,-1.3152,0,0
0.76175352590595,1713,-1.3148,0,0
0.76175365783585,1714,-1.3144,0,0
0.76175378984271,1715,-1.314,0,0
0.76175392192652,1716,-1.3136,0,0
0.7617540540873,1717,-1.3132,0,0
0.76175418632504,1718,-1.3128,0,0
0.76175431863973,1719,-1.3124,0,0
0.76175445103138,1720,-1.312,0,0
0.7617545835,1721,-1.3116,0,0
0.76175471604557,1722,-1.3112,0,0
0.7617548486681,1723,-1.3108,0,0
0.76175498136758,1724,-1.3104,0,0
0.76175511414403,1725,-1.31,0,0
0.76175524699743,1726,-1.3096,0,0
0.7617553799278,1727,-1.3092,0,0
0.76175551293512,1728,-1.3088,0,0
0.7617556460194,1729,-1.3084,0,0
0.76175577918063,1730,-1.308,0,0
0.76175591241883,1731,-1.3076,0,0
0.76175604573398,1732,-1.3072,0,0
0.7617561791261,1733,-1.3068,0,0
0.76175631259516,1734,-1.3064,0,0
0.76175644614119,1735,-1.306,0,0
0.76175657976418,1736,-1.3056,0,0
0.76175671346412,1737,-1.3052,0,0
0.76175684724102,1738,-1.3048,0,0
0.76175698109488,1739,-1.3044,0,0
0.76175711502569,1740,-1.304,0,0
0.76175724903347,1741,-1.3036,0,0
0.7617573831182,1742,-1.3032,0,0
0.76175751727989,1743,-1.3028,0,0
0.76175765151853,1744,-1.3024,0,0
0.76175778583413,1745,-1.302,0,0
0.76175792022669,1746,-1.3016,0,0
0.76175805469621,1747,-1.3012,0,0
0.76175818924268,1748,-1.3008,0,0
0.76175832386611,1749,-1.3004,0,0
0.7617584585665,1750,-1.3,0,0
0.76175859334384,1751,-1.2996,0,0
0.76175872819815,1752,-1.2992,0,0
0.7617588631294,1753,-1.2988,0,0
0.76175899813762,1754,-1.2984,0,0
0.76175913322279,1755,-1.298,0,0
0.76175926838492,1756,-1.2976,0,0
0.761759403624,1757,-1.2972,0,0
0.76175953894004,1758,-1.2968,0,0
0.76175967433304,1759,-1.2964,0,0
0.76175980980299,1760,-1.296,0,0
0.7617599453499,1761,-1.2956,0,0
0.76176008097376,1762,-1.2952,0,0
0.76176021667458,1763,-1.2948,0,0
0.76176035245236,1764,-1.2944,0,0
0.7617604883071,1765,-1.294,0,0
0.76176062423878,1766,-1.2936,0,0
0.76176076024743,1767,-1.2932,0,0
0.76176089633303,1768,-1.2928,0,0
0.76176103249559,1769,-1.2924,0,0
0.7617611687351,1770,-1.292,0,0
0.76176130505157,1771,-1.2916,0,0
0.76176144144499,1772,-1.2912,0,0
0.76176157791537,1773,-1.2908,0,0
0.7617617144627,1774,-1.2904,0,0
0.76176185108699,1775,-1.29,0,0
0.76176198778824,1776,-1.2896,0,0
0.76176212456644,1777,-1.2892,0,0
0.76176226142159,1778,-1.2888,0,0
0.7617623983537,1779,-1.2884,0,0
0.76176253536277,1780,-1.288,0,0
0.76176267244879,1781,-1.2876,0,0
0.76176280961176,1782,-1.2872,0,0
0.76176294685169,1783,-1.2868,0,0
0.76176308416857,1784,-1.2864,0,0
0.76176322156241,1785,-1.286,0,0
0.76176335903321,1786,-1.2856,0,0
0.76176349658095,1787,-1.2852,0,0
0.76176363420566,1788,-1.2848,0,0
0.76176377190731,1789,-1.2844,0,0
0.76176390968592,1790,-1.284,0,0
0.76176404754149,1791,-1.2836,0,0
0.76176418547401,1792,-1.2832,0,0
0.76176432348348,1793,-1.2828,0,0
0.76176446156991,1794,-1.2824,0,0
0.76176459973329,1795,-1.282,0,0
0.76176473797363,1796,-1.2816,0,0
0.76176487629092,1797,-1.2812,0,0
0.76176501468516,1798,-1.2808,0,0
0.76176515315636,1799,-1.2804,0,0
0.76176529170451,1800,-1.28,0,0
0.76176543032962,1801,-1.2796,0,0
0.76176556903168,1802,-1.2792,0,0
0.76176570781069,1803,-1.2788,0,0
0.76176584666665,1804,-1.2784,0,0
0.76176598559957,1805,-1.278,0,0
0.76176612460944,1806,-1.2776,0,0
0.76176626369627,1807,-1.2772,0,0
0.76176640286005,1808,-1.2768,0,0
0.76176654210078,1809,-1.2764,0,0
0.76176668141846,1810,-1.276,0,0
0.7617668208131,1811,-1.2756,0,0
0.76176696028469,1812,-1.2752,0,0
0.76176709983323,1813,-1.2748,0,0
0.76176723945873,1814,-1.2744,0,0
0.76176737916118,1815,-1.274,0,0
0.76176751894058,1816,-1.2736,0,0
0.76176765879694,1817,-1.2732,0,0
0.76176779873024,1818,-1.2728,0,0
0.7617679387405,1819,-1.2724,0,0
0.76176807882771,1820,-1.272,0,0
0.76176821899188,1821,-1.2716,0,0
0.76176835923299,1822,-1.2712,0,0
0.76176849955106,1823,-1.2708,0,0
0.76176863994608,1824,-1.2704,0,0
0.76176878041805,1825,-1.27,0,0
0.76176892096698,1826,-1.2696,0,0
0.76176906159286,1827,-1.2692,0,0
0.76176920229568,1828,-1.2688,0,0
0.76176934307546,1829,-1.2684,0,0
0.7617694839322,1830,-1.268,0,0
0.76176962486588,1831,-1.2676,0,0
0.76176976587651,1832,-1.2672,0,0
0.7617699069641,1833,-1.2668,0,0
0.76177004812864,1834,-1.2664,0,0
0.76177018937013,1835,-1.266,0,0
0.76177033068857,1836,-1.2656,0,0
0.76177047208396,1837,-1.2652,0,0
0.76177061355631,1838,-1.2648,0,0
0.7617707551056,1839,-1.2644,0,0
0.76177089673185,1840,-1.264,0,0
0.76177103843504,1841,-1.2636,0,0
0.76177118021519,1842,-1.2632,0,0
0.76177132207229,1843,-1.2628,0,0
0.76177146400634,1844,-1.2624,0,0
0.76177160601734,1845,-1.262,0,0
0.76177174810529,1846,-1.2616,0,0
0.76177189027019,1847,-1.2612,0,0
0.76177203251204,1848,-1.2608,0,0
0.76177217483085,1849,-1.2604,0,0
0.7617723172266,1850,-1.26,0,0
0.7617724596993,1851,-1.2596,0,0
0.76177260224896,1852,-1.2592,0,0
0.76177274487556,1853,-1.2588,0,0
0.76177288757911,1854,-1.2584,0,0
0.76177303035962,1855,-1.258,0,0
0.76177317321707,1856,-1.2576,0,0
0.76177331615147,1857,-1.2572,0,0
0.76177345916283,1858,-1.2568,0,0
0.76177360225113,1859,-1.2564,0,0
0.76177374541639,1860,-1.256,0,0
0.76177388865859,1861,-1.2556,0,0
0.76177403197774,1862,-1.2552,0,0
0.76177417537384,1863,-1.2548,0,0
0.76177431884689,1864,-1.2544,0,0
0.7617744623969,1865,-1.254,0,0
0.76177460602385,1866,-1.2536,0,0
0.76177474972775,1867,-1.2532,0,0
0.76177489350859,1868,-1.2528,0,0
0.76177503736639,1869,-1.2524,0,0
0.76177518130114,1870,-1.252,0,0
0.76177532531284,1871,-1.2516,0,0
0.76177546940148,1872,-1.2512,0,0
0.76177561356708,1873,-1.2508,0,0
0.76177575780962,1874,-1.2504,0,0
0.76177590212911,1875,-1.25,0,0
0.76177604652555,1876,-1.2496,0,0
0.76177619099894,1877,-1.2492,0,0
0.76177633554928,1878,-1.2488,0,0
0.76177648017656,1879,-1.2484,0,0
0.7617766248808,1880,-1.248,0,0
0.76177676966198,1881,-1.2476,0,0
0.76177691452011,1882,-1.2472,0,0
0.76177705945519,1883,-1.2468,0,0
0.76177720446722,1884,-1.2464,0,0
0.76177734955619,1885,-1.246,0,0
0.76177749472211,1886,-1.2456,0,0
0.76177763996498,1887,-1.2452,0,0
0.7617777852848,1888,-1.2448,0,0
0.76177793068157,1889,-1.2444,0,0
0.76177807615528,1890,-1.244,0,0
0.76177822170595,1891,-1.2436,0,0
0.76177836733356,1892,-1.2432,0,0
0.76177851303811,1893,-1.2428,0,0
0.76177865881962,1894,-1.2424,0,0
0.76177880467807,1895,-1.242,0,0
0.76177895061347,1896,-1.2416,0,0
0.76177909662582,1897,-1.2412,0,0
0.76177924271511,1898,-1.2408,0,0
0.76177938888135,1899,-1.2404,0,0
0.76177953512454,1900,-1.24,0,0
0.76177968144467,1901,-1.2396,0,0
0.76177982784176,1902,-1.2392,0,0
0.76177997431578,1903,-1.2388,0,0
0.76178012086676,1904,-1.2384,0,0
0.76178026749468,1905,-1.238,0,0
0.76178041419955,1906,-1.2376,0,0
0.76178056098137,1907,-1.2372,0,0
0.76178070784013,1908,-1.2368,0,0
0.76178085477584,1909,-1.2364,0,0
0.76178100178849,1910,-1.236,0,0
0.76178114887809,1911,-1.2356,0,0
0.76178129604464,1912,-1.2352,0,0
0.76178144328813,1913,-1.2348,0,0
0.76178159060857,1914,-1.2344,0,0
0.76178173800596,1915,-1.234,0,0
0.76178188548029,1916,-1.2336,0,0
0.76178203303156,1917,-1.2332,0,0
0.76178218065979,1918,-1.2328,0,0
0.76178232836496,1919,-1.2324,0,0
0.76178247614707,1920,-1.232,0,0
0.76178262400613,1921,-1.2316,0,0
0.76178277194214,1922,-1.2312,0,0
0.76178291995509,1923,-1.2308,0,0
0.76178306804498,1924,-1.2304,0,0
0.76178321621182,1925,-1.23,0,0
0.76178336445561,1926,-1.2296,0,0
0.76178351277634,1927,-1.2292,0,0
0.76178366117402,1928,-1.2288,0,0
0.76178380964864,1929,-1.2284,0,0
0.76178395820021,1930,-1.228,0,0
0.76178410682872,1931,-1.2276,0,0
0.76178425553418,1932,-1.2272,0,0
0.76178440431658,1933,-1.2268,0,0
0.76178455317593,1934,-1.2264,0,0
0.76178470211222,1935,-1.226,0,0
0.76178485112545,1936,-1.2256,0,0
0.76178500021563,1937,-1.2252,0,0
0.76178514938276,1938,-1.2248,0,0
0.76178529862683,1939,-1.2244,0,0
0.76178544794784,1940,-1.224,0,0
0.7617855973458,1941,-1.2236,0,0
0.7617857468207,1942,-1.2232,0,0
0.76178589637254,1943,-1.2228,0,0
0.76178604600133,1944,-1.2224,0,0
0.76178619570707,1945,-1.222,0,0
0.76178634548974,1946,-1.2216,0,0
0.76178649534936,1947,-1.2212,0,0
0.76178664528593,1948,-1.2208,0,0
0.76178679529944,1949,-1.2204,0,0
0.76178694538989,1950,-1.22,0,0
0.76178709555728,1951,-1.2196,0,0
0.76178724580162,1952,-1.2192,0,0
0.76178739612291,1953,-1.2188,0,0
0.76178754652113,1954,-1.2184,0,0
0.7617876969963,1955,-1.218,0,0
0.76178784754841,1956,-1.2176,0,0
0.76178799817747,1957,-1.2172,0,0
0.76178814888346,1958,-1.2168,0,0
0.76178829966641,1959,-1.2164,0,0
0.76178845052629,1960,-1.216,0,0
0.76178860146312,1961,-1.2156,0,0
0.76178875247689,1962,-1.2152,0,0
0.7617889035676,1963,-1.2148,0,0
0.76178905473525,1964,-1.2144,0,0
0.76178920597985,1965,-1.214,0,0
0.76178935730139,1966,-1.2136,0,0
0.76178950869987,1967,-1.2132,0,0
0.76178966017529,1968,-1.2128,0,0
0.76178981172766,1969,-1.2124,0,0
0.76178996335697,1970,-1.212,0,0
0.76179011506322,1971,-1.2116,0,0
0.76179026684641,1972,-1.2112,0,0
0.76179041870655,1973,-1.2108,0,0
0.76179057064362,1974,-1.2104,0,0
0.76179072265764,1975,-1.21,0,0
0.7617908747486,1976,-1.2096,0,0
0.7617910269165,1977,-1.2092,0,0
0.76179117916135,1978,-1.2088,0,0
0.76179133148313,1979,-1.2084,0,0
0.76179148388186,1980,-1.208,0,0
0.76179163635753,1981,-1.2076,0,0
0.76179178891014,1982,-1.2072,0,0
0.76179194153969,1983,-1.2068,0,0
0.76179209424618,1984,-1.2064,0,0
0.76179224702961,1985,-1.206,0,0
0.76179239988998,1986,-1.2056,0,0
0.7617925528273,1987,-1.2052,0,0
0.76179270584155,1988,-1.2048,0,0
0.76179285893275,1989,-1.2044,0,0
0.76179301210089,1990,-1.204,0,0
0.76179316534596,1991,-1.2036,0,0
0.76179331866798,1992,-1.2032,0,0
0.76179347206694,1993,-1.2028,0,0
0.76179362554284,1994,-1.2024,0,0
0.76179377909568,1995,-1.202,0,0
0.76179393272546,1996,-1.2016,0,0
0.76179408643218,1997,-1.2012,0,0
0.76179424021584,1998,-1.2008,0,0
0.76179439407644,1999,-1.2004,0,0
0.76179454801398,2000,-1.2,0,0
0.76179470202846,2001,-1.1996,0,0
0.76179485611988,2002,-1.1992,0,0
0.76179501028824,2003,-1.1988,0,0
0.76179516453354,2004,-1.1984,0,0
0.76179531885578,2005,-1.198,0,0
0.76179547325496,2006,-1.1976,0,0
0.76179562773108,2007,-1.1972,0,0
0.76179578228413,2008,-1.1968,0,0
0.76179593691413,2009,-1.1964,0,0
0.76179609162107,2010,-1.196,0,0
0.76179624640494,2011,-1.1956,0,0
0.76179640126576,2012,-1.1952,0,0
0.76179655620351,2013,-1.1948,0,0
0.7617967112182,2014,-1.1944,0,0
0.76179686630984,2015,-1.194,0,0
0.76179702147841,2016,-1.1936,0,0
0.76179717672392,2017,-1.1932,0,0
0.76179733204637,2018,-1.1928,0,0
0.76179748744575,2019,-1.1924,0,0
0.76179764292208,2020,-1.192,0,0
0.76179779847534,2021,-1.1916,0,0
0.76179795410554,2022,-1.1912,0,0
0.76179810981268,2023,-1.1908,0,0
0.76179826559676,2024,-1.1904,0,0
0.76179842145778,2025,-1.19,0,0
0.76179857739574,2026,-1.1896,0,0
0.76179873341063,2027,-1.1892,0,0
0.76179888950246,2028,-1.1888,0,0
0.76179904567123,2029,-1.1884,0,0
0.76179920191694,2030,-1.188,0,0
0.76179935823958,2031,-1.1876,0,0
0.76179951463917,2032,-1.1872,0,0
0.76179967111569,2033,-1.1868,0,0
0.76179982766914,2034,-1.1864,0,0
0.76179998429954,2035,-1.186,0,0
0.76180014100687,2036,-1.1856,0,0
0.76180029779114,2037,-1.1852,0,0
0.76180045465235,2038,-1.1848,0,0
0.76180061159049,2039,-1.1844,0,0
0.76180076860557,2040,-1.184,0,0
0.76180092569759,2041,-1.1836,0,0
0.76180108286655,2042,-1.1832,0,0
0.76180124011244,2043,-1.1828,0,0
0.76180139743527,2044,-1.1824,0,0
0.76180155483504,2045,-1.182,0,0
0.76180171231174,2046,-1.1816,0,0
0.76180186986538,2047,-1.1812,0,0
0.76180202749595,2048,-1.1808,0,0
0.76180218520347,2049,-1.1804,0,0
0.76180234298792,2050,-1.18,0,0
0.7618025008493,2051,-1.1796,0,0
0.76180265878762,2052,-1.1792,0,0
0.76180281680288,2053,-1.1788,0,0
0.76180297489507,2054,-1.1784,0,0
0.7618031330642,2055,-1.178,0,0
0.76180329131027,2056,-1.1776,0,0
0.76180344963327,2057,-1.1772,0,0
0.7618036080332,2058,-1.1768,0,0
0.76180376651008,2059,-1.1764,0,0
0.76180392506389,2060,-1.176,0,0
0.76180408369463,2061,-1.1756,0,0
0.76180424240231,2062,-1.1752,0,0
0.76180440118692,2063,-1.1748,0,0
0.76180456004847,2064,-1.1744,0,0
0.76180471898696,2065,-1.174,0,0
0.76180487800238,2066,-1.1736,0,0
0.76180503709473,2067,-1.1732,0,0
0.76180519626402,2068,-1.1728,0,0
0.76180535551025,2069,-1.1724,0,0
0.76180551483341,2070,-1.172,0,0
0.76180567423351,2071,-1.1716,0,0
0.76180583371054,2072,-1.1712,0,0
0.7618059932645,2073,-1.1708,0,0
0.7618061528954,2074,-1.1704,0,0
0.76180631260323,2075,-1.17,0,0
0.761806472388,2076,-1.1696,0,0
0.76180663224971,2077,-1.1692,0,0
0.76180679218834,2078,-1.1688,0,0
0.76180695220391,2079,-1.1684,0,0
0.76180711229642,2080,-1.168,0,0
0.76180727246586,2081,-1.1676,0,0
0.76180743271223,2082,-1.1672,0,0
0.76180759303554,2083,-1.1668,0,0
0.76180775343578,2084,-1.1664,0,0
0.76180791391295,2085,-1.166,0,0
0.76180807446706,2086,-1.1656,0,0
0.7618082350981,2087,-1.1652,0,0
0.76180839580608,2088,-1.1648,0,0
0.76180855659099,2089,-1.1644,0,0
0.76180871745283,2090,-1.164,0,0
0.76180887839161,2091,-1.1636,0,0
0.76180903940732,2092,-1.1632,0,0
0.76180920049996,2093,-1.1628,0,0
0.76180936166953,2094,-1.1624,0,0
0.76180952291604,2095,-1.162,0,0
0.76180968423948,2096,-1.1616,0,0
0.76180984563986,2097,-1.1612,0,0
0.76181000711717,2098,-1.1608,0,0
0.76181016867141,2099,-1.1604,0,0
0.76181033030258,2100,-1.16,0,0
0.76181049201068,2101,-1.1596,0,0
0.76181065379572,2102,-1.1592,0,0
0.76181081565769,2103,-1.1588,0,0
0.76181097759659,2104,-1.1584,0,0
0.76181113961243,2105,-1.158,0,0
0.76181130170519,2106,-1.1576,0,0
0.76181146387489,2107,-1.1572,0,0
0.76181162612152,2108,-1.1568,0,0
0.76181178844508,2109,-1.1564,0,0
0.76181195084558,2110,-1.156,0,0
0.76181211332301,2111,-1.1556,0,0
0.76181227587736,2112,-1.1552,0,0
0.76181243850865,2113,-1.1548,0,0
0.76181260121687,2114,-1.1544,0,0
0.76181276400203,2115,-1.154,0,0
0.76181292686411,2116,-1.1536,0,0
0.76181308980313,2117,-1.1532,0,0
0.76181325281907,2118,-1.1528,0,0
0.76181341591195,2119,-1.1524,0,0
0.76181357908176,2120,-1.152,0,0
0.7618137423285,2121,-1.1516,0,0
0.76181390565217,2122,-1.1512,0,0
0.76181406905277,2123,-1.1508,0,0
0.76181423253031,2124,-1.1504,0,0
0.76181439608477,2125,-1.15,0,0
0.76181455971616,2126,-1.1496,0,0
0.76181472342449,2127,-1.1492,0,0
0.76181488720975,2128,-1.1488,0,0
0.76181505107193,2129,-1.1484,0,0
0.76181521501105,2130,-1.148,0,0
0.76181537902709,2131,-1.1476,0,0
0.76181554312007,2132,-1.1472,0,0
0.76181570728998,2133,-1.1468,0,0
0.76181587153681,2134,-1.1464,0,0
0.76181603586058,2135,-1.146,0,0
0.76181620026128,2136,-1.1456,0,0
0.7618163647389,2137,-1.1452,0,0
0.76181652929346,2138,-1.1448,0,0
0.76181669392494,2139,-1.1444,0,0
0.76181685863336,2140,-1.144,0,0
0.76181702341871,2141,-1.1436,0,0
0.76181718828098,2142,-1.1432,0,0
0.76181735322018,2143,-1.1428,0,0
0.76181751823632,2144,-1.1424,0,0
0.76181768332938,2145,-1.142,0,0
0.76181784849937,2146,-1.1416,0,0
0.76181801374629,2147,-1.1412,0,0
0.76181817907014,2148,-1.1408,0,0
0.76181834447092,2149,-1.1404,0,0
0.76181850994862,2150,-1.14,0,0
0.76181867550326,2151,-1.1396,0,0
0.76181884113482,2152,-1.1392,0,0
0.76181900684332,2153,-1.1388,0,0
0.76181917262874,2154,-1.1384,0,0
0.76181933849109,2155,-1.138,0,0
0.76181950443037,2156,-1.1376,0,0
0.76181967044657,2157,-1.1372,0,0
0.76181983653971,2158,-1.1368,0,0
0.76182000270977,2159,-1.1364,0,0
0.76182016895676,2160,-1.136,0,0
0.76182033528068,2161,-1.1356,0,0
0.76182050168153,2162,-1.1352,0,0
0.7618206681593,2163,-1.1348,0,0
0.761820834714,2164,-1.1344,0,0
0.76182100134563,2165,-1.134,0,0
0.76182116805419,2166,-1.1336,0,0
0.76182133483968,2167,-1.1332,0,0
0.76182150170209,2168,-1.1328,0,0
0.76182166864143,2169,-1.1324,0,0
0.76182183565769,2170,-1.132,0,0
0.76182200275089,2171,-1.1316,0,0
0.76182216992101,2172,-1.1312,0,0
0.76182233716806,2173,-1.1308,0,0
0.76182250449203,2174,-1.1304,0,0
0.76182267189294,2175,-1.13,0,0
0.76182283937076,2176,-1.1296,0,0
0.76182300692552,2177,-1.1292,0,0
0.7618231745572,2178,-1.1288,0,0
0.76182334226581,2179,-1.1284,0,0
0.76182351005135,2180,-1.128,0,0
0.76182367791381,2181,-1.1276,0,0
0.76182384585319,2182,-1.1272,0,0
0.76182401386951,2183,-1.1268,0,0
0.76182418196275,2184,-1.1264,0,0
0.76182435013292,2185,-1.126,0,0
0.76182451838001,2186,-1.1256,0,0
0.76182468670403,2187,-1.1252,0,0
0.76182485510497,2188,-1.1248,0,0
0.76182502358284,2189,-1.1244,0,0
0.76182519213764,2190,-1.124,0,0
0.76182536076936,2191,-1.1236,0,0
0.761825529478,2192,-1.1232,0,0
0.76182569826358,2193,-1.1228,0,0
0.76182586712607,2194,-1.1224,0,0
0.7618260360655,2195,-1.122,0,0
0.76182620508184,2196,-1.1216,0,0
0.76182637417512,2197,-1.1212,0,0
0.76182654334532,2198,-1.1208,0,0
0.76182671259244,2199,-1.1204,0,0
0.76182688191649,2200,-1.12,0,0
0.76182705131746,2201,-1.1196,0,0
0.76182722079536,2202,-1.1192,0,0
0.76182739035018,2203,-1.1188,0,0
0.76182755998193,2204,-1.1184,0,0
0.7618277296906,2205,-1.118,0,0
0.76182789947619,2206,-1.1176,0,0
0.76182806933871,2207,-1.1172,0,0
0.76182823927816,2208,-1.1168,0,0
0.76182840929453,2209,-1.1164,0,0
0.76182857938782,2210,-1.116,0,0
0.76182874955804,2211,-1.1156,0,0
0.76182891980518,2212,-1.1152,0,0
0.76182909012924,2213,-1.1148,0,0
0.76182926053023,2214,-1.1144,0,0
0.76182943100814,2215,-1.114,0,0
0.76182960156298,2216,-1.1136,0,0
0.76182977219474,2217,-1.1132,0,0
0.76182994290342,2218,-1.1128,0,0
0.76183011368903,2219,-1.1124,0,0
0.76183028455155,2220,-1.112,0,0
0.76183045549101,2221,-1.1116,0,0
0.76183062650738,2222,-1.1112,0,0
0.76183079760068,2223,-1.1108,0,0
0.7618309687709,2224,-1.1104,0,0
0.76183114001805,2225,-1.11,0,0
0.76183131134212,2226,-1.1096,0,0
0.76183148274311,2227,-1.1092,0,0
0.76183165422102,2228,-1.1088,0,0
0.76183182577585,2229,-1.1084,0,0
0.76183199740761,2230,-1.108,0,0
0.76183216911629,2231,-1.1076,0,0
0.7618323409019,2232,-1.1072,0,0
0.76183251276442,2233,-1.1068,0,0
0.76183268470387,2234,-1.1064,0,0
0.76183285672024,2235,-1.106,0,0
0.76183302881353,2236,-1.1056,0,0
0.76183320098374,2237,-1.1052,0,0
0.76183337323088,2238,-1.1048,0,0
0.76183354555493,2239,-1.1044,0,0
0.76183371795591,2240,-1.104,0,0
0.76183389043381,2241,-1.1036,0,0
0.76183406298863,2242,-1.1032,0,0
0.76183423562038,2243,-1.1028,0,0
0.76183440832904,2244,-1.1024,0,0
0.76183458111463,2245,-1.102,0,0
0.76183475397714,2246,-1.1016,0,0
0.76183492691656,2247,-1.1012,0,0
0.76183509993291,2248,-1.1008,0,0
0.76183527302618,2249,-1.1004,0,0
0.76183544619637,2250,-1.1,0,0
0.76183561944349,2251,-1.0996,0,0
0.76183579276752,2252,-1.0992,0,0
0.76183596616847,2253,-1.0988,0,0
0.76183613964635,2254,-1.0984,0,0
0.76183631320114,2255,-1.098,0,0
0.76183648683286,2256,-1.0976,0,0
0.76183666054149,2257,-1.0972,0,0
0.76183683432705,2258,-1.0968,0,0
0.76183700818952,2259,-1.0964,0,0
0.76183718212892,2260,-1.096,0,0
0.76183735614523,2261,-1.0956,0,0
0.76183753023847,2262,-1.0952,0,0
0.76183770440862,2263,-1.0948,0,0
0.7618378786557,2264,-1.0944,0,0
0.76183805297969,2265,-1.094,0,0
0.76183822738061,2266,-1.0936,0,0
0.76183840185844,2267,-1.0932,0,0
0.7618385764132,2268,-1.0928,0,0
0.76183875104487,2269,-1.0924,0,0
0.76183892575346,2270,-1.092,0,0
0.76183910053897,2271,-1.0916,0,0
0.7618392754014,2272,-1.0912,0,0
0.76183945034075,2273,-1.0908,0,0
0.76183962535702,2274,-1.0904,0,0
0.76183980045021,2275,-1.09,0,0
0.76183997562031,2276,-1.0896,0,0
0.76184015086734,2277,-1.0892,0,0
0.76184032619128,2278,-1.0888,0,0
0.76184050159214,2279,-1.0884,0,0
0.76184067706992,2280,-1.088,0,0
0.76184085262462,2281,-1.0876,0,0
0.76184102825624,2282,-1.0872,0,0
0.76184120396477,2283,-1.0868,0,0
0.76184137975022,2284,-1.0864,0,0
0.7618415556126,2285,-1.086,0,0
0.76184173155188,2286,-1.0856,0,0
0.76184190756809,2287,-1.0852,0,0
0.76184208366122,2288,-1.0848,0,0
0.76184225983126,2289,-1.0844,0,0
0.76184243607822,2290,-1.084,0,0
0.7618426124021,2291,-1.0836,0,0
0.76184278880289,2292,-1.0832,0,0
0.7618429652806,2293,-1.0828,0,0
0.76184314183523,2294,-1.0824,0,0
0.76184331846678,2295,-1.082,0,0
0.76184349517524,2296,-1.0816,0,0
0.76184367196062,2297,-1.0812,0,0
0.76184384882292,2298,-1.0808,0,0
0.76184402576214,2299,-1.0804,0,0
0.76184420277827,2300,-1.08,0,0
0.76184437987132,2301,-1.0796,0,0
0.76184455704128,2302,-1.0792,0,0
0.76184473428816,2303,-1.0788,0,0
0.76184491161196,2304,-1.0784,0,0
0.76184508901268,2305,-1.078,0,0
0.76184526649031,2306,-1.0776,0,0
0.76184544404485,2307,-1.0772,0,0
0.76184562167632,2308,-1.0768,0,0
0.7618457993847,2309,-1.0764,0,0
0.76184597716999,2310,-1.076,0,0
0.7618461550322,2311,-1.0756,0,0
0.76184633297133,2312,-1.0752,0,0
0.76184651098737,2313,-1.0748,0,0
0.76184668908033,2314,-1.0744,0,0
0.7618468672502,2315,-1.074,0,0
0.76184704549699,2316,-1.0736,0,0
0.7618472238207,2317,-1.0732,0,0
0.76184740222132,2318,-1.0728,0,0
0.76184758069885,2319,-1.0724,0,0
0.7618477592533,2320,-1.072,0,0
0.76184793788467,2321,-1.0716,0,0
0.76184811659295,2322,-1.0712,0,0
0.76184829537814,2323,-1.0708,0,0
0.76184847424025,2324,-1.0704,0,0
0.76184865317928,2325,-1.07,0,0
0.76184883219522,2326,-1.0696,0,0
0.76184901128807,2327,-1.0692,0,0
0.76184919045784,2328,-1.0688,0,0
0.76184936970452,2329,-1.0684,0,0
0.76184954902812,2330,-1.068,0,0
0.76184972842863,2331,-1.0676,0,0
0.76184990790606,2332,-1.0672,0,0
0.7618500874604,2333,-1.0668,0,0
0.76185026709165,2334,-1.0664,0,0
0.76185044679982,2335,-1.066,0,0
0.7618506265849,2336,-1.0656,0,0
0.76185080644689,2337,-1.0652,0,0
0.7618509863858,2338,-1.0648,0,0
0.76185116640162,2339,-1.0644,0,0
0.76185134649436,2340,-1.064,0,0
0.76185152666401,2341,-1.0636,0,0
0.76185170691057,2342,-1.0632,0,0
0.76185188723404,2343,-1.0628,0,0
0.76185206763443,2344,-1.0624,0,0
0.76185224811173,2345,-1.062,0,0
0.76185242866595,2346,-1.0616,0,0
0.76185260929707,2347,-1.0612,0,0
0.76185279000511,2348,-1.0608,0,0
0.76185297079007,2349,-1.0604,0,0
0.76185315165193,2350,-1.06,0,0
0.76185333259071,2351,-1.0596,0,0
0.7618535136064,2352,-1.0592,0,0
0.761853694699,2353,-1.0588,0,0
0.76185387586852,2354,-1.0584,0,0
0.76185405711494,2355,-1.058,0,0
0.76185423843828,2356,-1.0576,0,0
0.76185441983853,2357,-1.0572,0,0
0.7618546013157,2358,-1.0568,0,0
0.76185478286977,2359,-1.0564,0,0
0.76185496450076,2360,-1.056,0,0
0.76185514620866,2361,-1.0556,0,0
0.76185532799347,2362,-1.0552,0,0
0.76185550985519,2363,-1.0548,0,0
0.76185569179382,2364,-1.0544,0,0
0.76185587380937,2365,-1.054,0,0
0.76185605590182,2366,-1.0536,0,0
0.76185623807119,2367,-1.0532,0,0
0.76185642031747,2368,-1.0528,0,0
0.76185660264065,2369,-1.0524,0,0
0.76185678504075,2370,-1.052,0,0
0.76185696751776,2371,-1.0516,0,0
0.76185715007169,2372,-1.0512,0,0
0.76185733270252,2373,-1.0508,0,0
0.76185751541026,2374,-1.0504,0,0
0.76185769819491,2375,-1.05,0,0
0.76185788105648,2376,-1.0496,0,0
0.76185806399495,2377,-1.0492,0,0
0.76185824701033,2378,-1.0488,0,0
0.76185843010263,2379,-1.0484,0,0
0.76185861327183,2380,-1.048,0,0
0.76185879651795,2381,-1.0476,0,0
0.76185897984097,2382,-1.0472,0,0
0.7618591632409,2383,-1.0468,0,0
0.76185934671775,2384,-1.0464,0,0
0.7618595302715,2385,-1.046,0,0
0.76185971390216,2386,-1.0456,0,0
0.76185989760974,2387,-1.0452,0,0
0.76186008139422,2388,-1.0448,0,0
0.76186026525561,2389,-1.0444,0,0
0.76186044919391,2390,-1.044,0,0
0.76186063320912,2391,-1.0436,0,0
0.76186081730124,2392,-1.0432,0,0
0.76186100147026,2393,-1.0428,0,0
0.7618611857162,2394,-1.0424,0,0
0.76186137003904,2395,-1.042,0,0
0.7618615544388,2396,-1.0416,0,0
0.76186173891546,2397,-1.0412,0,0
0.76186192346903,2398,-1.0408,0,0
0.76186210809951,2399,-1.0404,0,0
0.7618622928069,2400,-1.04,0,0
0.76186247759119,2401,-1.0396,0,0
0.76186266245239,2402,-1.0392,0,0
0.76186284739051,2403,-1.0388,0,0
0.76186303240553,2404,-1.0384,0,0
0.76186321749745,2405,-1.038,0,0
0.76186340266629,2406,-1.0376,0,0
0.76186358791203,2407,-1.0372,0,0
0.76186377323468,2408,-1.0368,0,0
0.76186395863424,2409,-1.0364,0,0
0.76186414411071,2410,-1.036,0,0
0.76186432966408,2411,-1.0356,0,0
0.76186451529436,2412,-1.0352,0,0
0.76186470100155,2413,-1.0348,0,0
0.76186488678564,2414,-1.0344,0,0
0.76186507264665,2415,-1.034,0,0
0.76186525858456,2416,-1.0336,0,0
0.76186544459937,2417,-1.0332,0,0
0.76186563069109,2418,-1.0328,0,0
0.76186581685972,2419,-1.0324,0,0
0.76186600310526,2420,-1.032,0,0
0.7618661894277,2421,-1.0316,0,0
0.76186637582705,2422,-1.0312,0,0
0.7618665623033,2423,-1.0308,0,0
0.76186674885647,2424,-1.0304,0,0
0.76186693548653,2425,-1.03,0,0
0.76186712219351,2426,-1.0296,0,0
0.76186730897739,2427,-1.0292,0,0
0.76186749583817,2428,-1.0288,0,0
0.76186768277586,2429,-1.0284,0,0
0.76186786979046,2430,-1.028,0,0
0.76186805688196,2431,-1.0276,0,0
0.76186824405037,2432,-1.0272,0,0
0.76186843129569,2433,-1.0268,0,0
0.76186861861791,2434,-1.0264,0,0
0.76186880601703,2435,-1.026,0,0
0.76186899349306,2436,-1.0256,0,0
0.76186918104599,2437,-1.0252,0,0
0.76186936867583,2438,-1.0248,0,0
0.76186955638258,2439,-1.0244,0,0
0.76186974416623,2440,-1.024,0,0
0.76186993202678,2441,-1.0236,0,0
0.76187011996424,2442,-1.0232,0,0
0.76187030797861,2443,-1.0228,0,0
0.76187049606987,2444,-1.0224,0,0
0.76187068423805,2445,-1.022,0,0
0.76187087248312,2446,-1.0216,0,0
0.7618710608051,2447,-1.0212,0,0
0.76187124920399,2448,-1.0208,0,0
0.76187143767978,2449,-1.0204,0,0
0.76187162623247,2450,-1.02,0,0
0.76187181486207,2451,-1.0196,0,0
0.76187200356857,2452,-1.0192,0,0
0.76187219235197,2453,-1.0188,0,0
0.76187238121228,2454,-1.0184,0,0
0.76187257014949,2455,-1.018,0,0
0.76187275916361,2456,-1.0176,0,0
0.76187294825463,2457,-1.0172,0,0
0.76187313742255,2458,-1.0168,0,0
0.76187332666738,2459,-1.0164,0,0
0.7618735159891,2460,-1.016,0,0
0.76187370538774,2461,-1.0156,0,0
0.76187389486327,2462,-1.0152,0,0
0.76187408441571,2463,-1.0148,0,0
0.76187427404505,2464,-1.0144,0,0
0.76187446375129,2465,-1.014,0,0
0.76187465353443,2466,-1.0136,0,0
0.76187484339448,2467,-1.0132,0,0
0.76187503333143,2468,-1.0128,0,0
0.76187522334528,2469,-1.0124,0,0
0.76187541343604,2470,-1.012,0,0
0.76187560360369,2471,-1.0116,0,0
0.76187579384825,2472,-1.0112,0,0
0.76187598416971,2473,-1.0108,0,0
0.76187617456807,2474,-1.0104,0,0
0.76187636504334,2475,-1.01,0,0
0.7618765555955,2476,-1.0096,0,0
0.76187674622457,2477,-1.0092,0,0
0.76187693693054,2478,-1.0088,0,0
0.76187712771341,2479,-1.0084,0,0
0.76187731857318,2480,-1.008,0,0
0.76187750950985,2481,-1.0076,0,0
0.76187770052343,2482,-1.0072,0,0
0.7618778916139,2483,-1.0068,0,0
0.76187808278128,2484,-1.0064,0,0
0.76187827402555,2485,-1.006,0,0
0.76187846534673,2486,-1.0056,0,0
0.76187865674481,2487,-1.0052,0,0
0.76187884821979,2488,-1.0048,0,0
0.76187903977167,2489,-1.0044,0,0
0.76187923140045,2490,-1.004,0,0
0.76187942310613,2491,-1.0036,0,0
0.76187961488871,2492,-1.0032,0,0
0.76187980674819,2493,-1.0028,0,0
0.76187999868457,2494,-1.0024,0,0
0.76188019069785,2495,-1.002,0,0
0.76188038278803,2496,-1.0016,0,0
0.76188057495511,2497,-1.0012,0,0
0.76188076719909,2498,-1.0008,0,0
0.76188095951997,2499,-1.0004,0,0
0.76188115191775,2500,-1,0,0
0.76188134439243,2501,-0.9996,0,0
0.761881536944,2502,-0.9992,0,0
0.76188172957248,2503,-0.9988,0,0
0.76188192227786,2504,-0.9984,0,0
0.76188211506013,2505,-0.998,0,0
0.76188230791931,2506,-0.9976,0,0
0.76188250085538,2507,-0.9972,0,0
0.76188269386835,2508,-0.9968,0,0
0.76188288695822,2509,-0.9964,0,0
0.76188308012499,2510,-0.996,0,0
0.76188327336866,2511,-0.9956,0,0
0.76188346668922,2512,-0.9952,0,0
0.76188366008669,2513,-0.9948,0,0
0.76188385356105,2514,-0.9944,0,0
0.76188404711231,2515,-0.994,0,0
0.76188424074047,2516,-0.9936,0,0
0.76188443444553,2517,-0.9932,0,0
0.76188462822748,2518,-0.9928,0,0
0.76188482208634,2519,-0.9924,0,0
0.76188501602209,2520,-0.992,0,0
0.76188521003473,2521,-0.9916,0,0
0.76188540412428,2522,-0.9912,0,0
0.76188559829072,2523,-0.9908,0,0
0.76188579253406,2524,-0.9904,0,0
0.7618859868543,2525,-0.99,0,0
0.76188618125144,2526,-0.9896,0,0
0.76188637572547,2527,-0.9892,0,0
0.7618865702764,2528,-0.9888,0,0
0.76188676490422,2529,-0.9884,0,0
0.76188695960894,2530,-0.988,0,0
0.76188715439056,2531,-0.9876,0,0
0.76188734924908,2532,-0.9872,0,0
0.76188754418449,2533,-0.9868,0,0
0.7618877391968,2534,-0.9864,0,0
0.76188793428601,2535,-0.986,0,0
0.76188812945211,2536,-0.9856,0,0
0.7618883246951,2537,-0.9852,0,0
0.761888520015,2538,-0.9848,0,0
0.76188871541179,2539,-0.9844,0,0
0.76188891088547,2540,-0.984,0,0
0.76188910643606,2541,-0.9836,0,0
0.76188930206353,2542,-0.9832,0,0
0.76188949776791,2543,-0.9828,0,0
0.76188969354917,2544,-0.9824,0,0
0.76188988940734,2545,-0.982,0,0
0.7618900853424,2546,-0.9816,0,0
0.76189028135435,2547,-0.9812,0,0
0.7618904774432,2548,-0.9808,0,0
0.76189067360894,2549,-0.9804,0,0
0.76189086985158,2550,-0.98,0,0
0.76189106617112,2551,-0.9796,0,0
0.76189126256755,2552,-0.9792,0,0
0.76189145904087,2553,-0.9788,0,0
0.76189165559109,2554,-0.9784,0,0
0.7618918522182,2555,-0.978,0,0
0.76189204892221,2556,-0.9776,0,0
0.76189224570311,2557,-0.9772,0,0
0.76189244256091,2558,-0.9768,0,0
0.7618926394956,2559,-0.9764,0,0
0.76189283650718,2560,-0.976,0,0
0.76189303359566,2561,-0.9756,0,0
0.76189323076103,2562,-0.9752,0,0
0.7618934280033,2563,-0.9748,0,0
0.76189362532246,2564,-0.9744,0,0
0.76189382271851,2565,-0.974,0,0
0.76189402019146,2566,-0.9736,0,0
0.7618942177413,2567,-0.9732,0,0
0.76189441536803,2568,-0.9728,0,0
0.76189461307166,2569,-0.9724,0,0
0.76189481085218,2570,-0.972,0,0
0.76189500870959,2571,-0.9716,0,0
0.7618952066439,2572,-0.9712,0,0
0.7618954046551,2573,-0.9708,0,0
0.76189560274319,2574,-0.9704,0,0
0.76189580090817,2575,-0.97,0,0
0.76189599915005,2576,-0.9696,0,0
0.76189619746882,2577,-0.9692,0,0
0.76189639586448,2578,-0.9688,0,0
0.76189659433703,2579,-0.9684,0,0
0.76189679288648,2580,-0.968,0,0
0.76189699151282,2581,-0.9676,0,0
0.76189719021605,2582,-0.9672,0,0
0.76189738899617,2583,-0.9668,0,0
0.76189758785318,2584,-0.9664,0,0
0.76189778678709,2585,-0.966,0,0
0.76189798579789,2586,-0.9656,0,0
0.76189818488558,2587,-0.9652,0,0
0.76189838405016,2588,-0.9648,0,0
0.76189858329163,2589,-0.9644,0,0
0.76189878260999,2590,-0.964,0,0
0.76189898200524,2591,-0.9636,0,0
0.76189918147739,2592,-0.9632,0,0
0.76189938102643,2593,-0.9628,0,0
0.76189958065235,2594,-0.9624,0,0
0.76189978035517,2595,-0.962,0,0
0.76189998013488,2596,-0.9616,0,0
0.76190017999148,2597,-0.9612,0,0
0.76190037992497,2598,-0.9608,0,0
0.76190057993535,2599,-0.9604,0,0
0.76190078002262,2600,-0.96,0,0
0.76190098018678,2601,-0.9596,0,0
0.76190118042783,2602,-0.9592,0,0
0.76190138074577,2603,-0.9588,0,0
0.76190158114061,2604,-0.9584,0,0
0.76190178161233,2605,-0.958,0,0
0.76190198216094,2606,-0.9576,0,0
0.76190218278644,2607,-0.9572,0,0
0.76190238348883,2608,-0.9568,0,0
0.76190258426811,2609,-0.9564,0,0
0.76190278512428,2610,-0.956,0,0
0.76190298605734,2611,-0.9556,0,0
0.76190318706728,2612,-0.9552,0,0
0.76190338815412,2613,-0.9548,0,0
0.76190358931785,2614,-0.9544,0,0
0.76190379055846,2615,-0.954,0,0
0.76190399187596,2616,-0.9536,0,0
0.76190419327036,2617,-0.9532,0,0
0.76190439474164,2618,-0.9528,0,0
0.76190459628981,2619,-0.9524,0,0
0.76190479791486,2620,-0.952,0,0
0.76190499961681,2621,-0.9516,0,0
0.76190520139564,2622,-0.9512,0,0
0.76190540325137,2623,-0.9508,0,0
0.76190560518398,2624,-0.9504,0,0
0.76190580719348,2625,-0.95,0,0
0.76190600927986,2626,-0.9496,0,0
0.76190621144314,2627,-0.9492,0,0
0.7619064136833,2628,-0.9488,0,0
0.76190661600035,2629,-0.9484,0,0
0.76190681839429,2630,-0.948,0,0
0.76190702086511,2631,-0.9476,0,0
0.76190722341283,2632,-0.9472,0,0
0.76190742603743,2633,-0.9468,0,0
0.76190762873891,2634,-0.9464,0,0
0.76190783151729,2635,-0.946,0,0
0.76190803437255,2636,-0.9456,0,0
0.76190823730469,2637,-0.9452,0,0
0.76190844031373,2638,-0.9448,0,0
0.76190864339965,2639,-0.9444,0,0
0.76190884656246,2640,-0.944,0,0
0.76190904980215,2641,-0.9436,0,0
0.76190925311873,2642,-0.9432,0,0
0.7619094565122,2643,-0.9428,0,0
0.76190965998255,2644,-0.9424,0,0
0.76190986352979,2645,-0.942,0,0
0.76191006715391,2646,-0.9416,0,0
0.76191027085492,2647,-0.9412,0,0
0.76191047463282,2648,-0.9408,0,0
0.7619106784876,2649,-0.9404,0,0
0.76191088241927,2650,-0.94,0,0
0.76191108642783,2651,-0.9396,0,0
0.76191129051326,2652,-0.9392,0,0
0.76191149467559,2653,-0.9388,0,0
0.7619116989148,2654,-0.9384,0,0
0.76191190323089,2655,-0.938,0,0
0.76191210762387,2656,-0.9376,0,0
0.76191231209374,2657,-0.9372,0,0
0.76191251664049,2658,-0.9368,0,0
0.76191272126412,2659,-0.9364,0,0
0.76191292596464,2660,-0.936,0,0
0.76191313074204,2661,-0.9356,0,0
0.76191333559633,2662,-0.9352,0,0
0.7619135405275,2663,-0.9348,0,0
0.76191374553556,2664,-0.9344,0,0
0.7619139506205,2665,-0.934,0,0
0.76191415578233,2666,-0.9336,0,0
0.76191436102104,2667,-0.9332,0,0
0.76191456633663,2668,-0.9328,0,0
0.76191477172911,2669,-0.9324,0,0
0.76191497719847,2670,-0.932,0,0
0.76191518274471,2671,-0.9316,0,0
0.76191538836784,2672,-0.9312,0,0
0.76191559406785,2673,-0.9308,0,0
0.76191579984474,2674,-0.9304,0,0
0.76191600569852,2675,-0.93,0,0
0.76191621162918,2676,-0.9296,0,0
0.76191641763673,2677,-0.9292,0,0
0.76191662372115,2678,-0.9288,0,0
0.76191682988246,2679,-0.9284,0,0
0.76191703612065,2680,-0.928,0,0
0.76191724243573,2681,-0.9276,0,0
0.76191744882769,2682,-0.9272,0,0
0.76191765529653,2683,-0.9268,0,0
0.76191786184225,2684,-0.9264,0,0
0.76191806846485,2685,-0.926,0,0
0.76191827516434,2686,-0.9256,0,0
0.76191848194071,2687,-0.9252,0,0
0.76191868879396,2688,-0.9248,0,0
0.76191889572409,2689,-0.9244,0,0
0.76191910273111,2690,-0.924,0,0
0.761919309815,2691,-0.9236,0,0
0.76191951697578,2692,-0.9232,0,0
0.76191972421344,2693,-0.9228,0,0
0.76191993152798,2694,-0.9224,0,0
0.7619201389194,2695,-0.922,0,0
0.7619203463877,2696,-0.9216,0,0
0.76192055393289,2697,-0.9212,0,0
0.76192076155495,2698,-0.9208,0,0
0.7619209692539,2699,-0.9204,0,0
0.76192117702973,2700,-0.92,0,0
0.76192138488243,2701,-0.9196,0,0
0.76192159281202,2702,-0.9192,0,0
0.76192180081849,2703,-0.9188,0,0
0.76192200890184,2704,-0.9184,0,0
0.76192221706207,2705,-0.918,0,0
0.76192242529918,2706,-0.9176,0,0
0.76192263361317,2707,-0.9172,0,0
0.76192284200404,2708,-0.9168,0,0
0.76192305047179,2709,-0.9164,0,0
0.76192325901642,2710,-0.916,0,0
0.76192346763793,2711,-0.9156,0,0
0.76192367633632,2712,-0.9152,0,0
0.76192388511159,2713,-0.9148,0,0
0.76192409396374,2714,-0.9144,0,0
0.76192430289276,2715,-0.914,0,0
0.76192451189867,2716,-0.9136,0,0
0.76192472098145,2717,-0.9132,0,0
0.76192493014112,2718,-0.9128,0,0
0.76192513937766,2719,-0.9124,0,0
0.76192534869109,2720,-0.912,0,0
0.76192555808139,2721,-0.9116,0,0
0.76192576754857,2722,-0.9112,0,0
0.76192597709263,2723,-0.9108,0,0
0.76192618671356,2724,-0.9104,0,0
0.76192639641138,2725,-0.91,0,0
0.76192660618607,2726,-0.9096,0,0
0.76192681603765,2727,-0.9092,0,0
0.7619270259661,2728,-0.9088,0,0
0.76192723597142,2729,-0.9084,0,0
0.76192744605363,2730,-0.908,0,0
0.76192765621271,2731,-0.9076,0,0
0.76192786644868,2732,-0.9072,0,0
0.76192807676151,2733,-0.9068,0,0
0.76192828715123,2734,-0.9064,0,0
0.76192849761782,2735,-0.906,0,0
0.7619287081613,2736,-0.9056,0,0
0.76192891878164,2737,-0.9052,0,0
0.76192912947887,2738,-0.9048,0,0
0.76192934025297,2739,-0.9044,0,0
0.76192955110395,2740,-0.904,0,0
0.76192976203181,2741,-0.9036,0,0
0.76192997303654,2742,-0.9032,0,0
0.76193018411815,2743,-0.9028,0,0
0.76193039527664,2744,-0.9024,0,0
0.761930606512,2745,-0.902,0,0
0.76193081782424,2746,-0.9016,0,0
0.76193102921335,2747,-0.9012,0,0
0.76193124067934,2748,-0.9008,0,0
0.76193145222221,2749,-0.9004,0,0
0.76193166384195,2750,-0.9,0,0
0.76193187553857,2751,-0.8996,0,0
0.76193208731207,2752,-0.8992,0,0
0.76193229916244,2753,-0.8988,0,0
0.76193251108968,2754,-0.8984,0,0
0.7619327230938,2755,-0.898,0,0
0.7619329351748,2756,-0.8976,0,0
0.76193314733267,2757,-0.8972,0,0
0.76193335956742,2758,-0.8968,0,0
0.76193357187904,2759,-0.8964,0,0
0.76193378426754,2760,-0.896,0,0
0.76193399673291,2761,-0.8956,0,0
0.76193420927515,2762,-0.8952,0,0
0.76193442189428,2763,-0.8948,0,0
0.76193463459027,2764,-0.8944,0,0
0.76193484736314,2765,-0.894,0,0
0.76193506021288,2766,-0.8936,0,0
0.7619352731395,2767,-0.8932,0,0
0.761935486143,2768,-0.8928,0,0
0.76193569922336,2769,-0.8924,0,0
0.7619359123806,2770,-0.892,0,0
0.76193612561472,2771,-0.8916,0,0
0.7619363389257,2772,-0.8912,0,0
0.76193655231357,2773,-0.8908,0,0
0.7619367657783,2774,-0.8904,0,0
0.76193697931991,2775,-0.89,0,0
0.76193719293839,2776,-0.8896,0,0
0.76193740663375,2777,-0.8892,0,0
0.76193762040597,2778,-0.8888,0,0
0.76193783425508,2779,-0.8884,0,0
0.76193804818105,2780,-0.888,0,0
0.7619382621839,2781,-0.8876,0,0
0.76193847626362,2782,-0.8872,0,0
0.76193869042021,2783,-0.8868,0,0
0.76193890465367,2784,-0.8864,0,0
0.76193911896401,2785,-0.886,0,0
0.76193933335122,2786,-0.8856,0,0
0.7619395478153,2787,-0.8852,0,0
0.76193976235626,2788,-0.8848,0,0
0.76193997697408,2789,-0.8844,0,0
0.76194019166878,2790,-0.884,0,0
0.76194040644035,2791,-0.8836,0,0
0.76194062128879,2792,-0.8832,0,0
0.7619408362141,2793,-0.8828,0,0
0.76194105121629,2794,-0.8824,0,0
0.76194126629535,2795,-0.882,0,0
0.76194148145127,2796,-0.8816,0,0
0.76194169668407,2797,-0.8812,0,0
0.76194191199374,2798,-0.8808,0,0
0.76194212738028,2799,-0.8804,0,0
0.76194234284369,2800,-0.88,0,0
0.76194255838398,2801,-0.8796,0,0
0.76194277400113,2802,-0.8792,0,0
0.76194298969515,2803,-0.8788,0,0
0.76194320546605,2804,-0.8784,0,0
0.76194342131381,2805,-0.878,0,0
0.76194363723845,2806,-0.8776,0,0
0.76194385323995,2807,-0.8772,0,0
0.76194406931833,2808,-0.8768,0,0
0.76194428547357,2809,-0.8764,0,0
0.76194450170569,2810,-0.876,0,0
0.76194471801467,2811,-0.8756,0,0
0.76194493440053,2812,-0.8752,0,0
0.76194515086325,2813,-0.8748,0,0
0.76194536740285,2814,-0.8744,0,0
0.76194558401931,2815,-0.874,0,0
0.76194580071264,2816,-0.8736,0,0
0.76194601748285,2817,-0.8732,0,0
0.76194623432992,2818,-0.8728,0,0
0.76194645125386,2819,-0.8724,0,0
0.76194666825467,2820,-0.872,0,0
0.76194688533234,2821,-0.8716,0,0
0.76194710248689,2822,-0.8712,0,0
0.7619473197183,2823,-0.8708,0,0
0.76194753702659,2824,-0.8704,0,0
0.76194775441174,2825,-0.87,0,0
0.76194797187376,2826,-0.8696,0,0
0.76194818941265,2827,-0.8692,0,0
0.7619484070284,2828,-0.8688,0,0
0.76194862472103,2829,-0.8684,0,0
0.76194884249052,2830,-0.868,0,0
0.76194906033688,2831,-0.8676,0,0
0.76194927826011,2832,-0.8672,0,0
0.7619494962602,2833,-0.8668,0,0
0.76194971433717,2834,-0.8664,0,0
0.761949932491,2835,-0.866,0,0
0.7619501507217,2836,-0.8656,0,0
0.76195036902926,2837,-0.8652,0,0
0.76195058741369,2838,-0.8648,0,0
0.76195080587499,2839,-0.8644,0,0
0.76195102441316,2840,-0.864,0,0
0.76195124302819,2841,-0.8636,0,0
0.76195146172009,2842,-0.8632,0,0
0.76195168048885,2843,-0.8628,0,0
0.76195189933448,2844,-0.8624,0,0
0.76195211825698,2845,-0.862,0,0
0.76195233725635,2846,-0.8616,0,0
0.76195255633258,2847,-0.8612,0,0
0.76195277548567,2848,-0.8608,0,0
0.76195299471564,2849,-0.8604,0,0
0.76195321402247,2850,-0.86,0,0
0.76195343340616,2851,-0.8596,0,0
0.76195365286672,2852,-0.8592,0,0
0.76195387240415,2853,-0.8588,0,0
0.76195409201844,2854,-0.8584,0,0
0.76195431170959,2855,-0.858,0,0
0.76195453147761,2856,-0.8576,0,0
0.7619547513225,2857,-0.8572,0,0
0.76195497124425,2858,-0.8568,0,0
0.76195519124287,2859,-0.8564,0,0
0.76195541131835,2860,-0.856,0,0
0.7619556314707,2861,-0.8556,0,0
0.76195585169991,2862,-0.8552,0,0
0.76195607200598,2863,-0.8548,0,0
0.76195629238892,2864,-0.8544,0,0
0.76195651284873,2865,-0.854,0,0
0.76195673338539,2866,-0.8536,0,0
0.76195695399893,2867,-0.8532,0,0
0.76195717468932,2868,-0.8528,0,0
0.76195739545658,2869,-0.8524,0,0
0.76195761630071,2870,-0.852,0,0
0.76195783722169,2871,-0.8516,0,0
0.76195805821954,2872,-0.8512,0,0
0.76195827929426,2873,-0.8508,0,0
0.76195850044584,2874,-0.8504,0,0
0.76195872167428,2875,-0.85,0,0
0.76195894297958,2876,-0.8496,0,0
0.76195916436175,2877,-0.8492,0,0
0.76195938582078,2878,-0.8488,0,0
0.76195960735667,2879,-0.8484,0,0
0.76195982896943,2880,-0.848,0,0
0.76196005065905,2881,-0.8476,0,0
0.76196027242553,2882,-0.8472,0,0
0.76196049426887,2883,-0.8468,0,0
0.76196071618908,2884,-0.8464,0,0
0.76196093818615,2885,-0.846,0,0
0.76196116026008,2886,-0.8456,0,0
0.76196138241087,2887,-0.8452,0,0
0.76196160463852,2888,-0.8448,0,0
0.76196182694304,2889,-0.8444,0,0
0.76196204932442,2890,-0.844,0,0
0.76196227178266,2891,-0.8436,0,0
0.76196249431776,2892,-0.8432,0,0
0.76196271692972,2893,-0.8428,0,0
0.76196293961854,2894,-0.8424,0,0
0.76196316238423,2895,-0.842,0,0
0.76196338522677,2896,-0.8416,0,0
0.76196360814618,2897,-0.8412,0,0
0.76196383114245,2898,-0.8408,0,0
0.76196405421558,2899,-0.8404,0,0
0.76196427736557,2900,-0.84,0,0
0.76196450059242,2901,-0.8396,0,0
0.76196472389613,2902,-0.8392,0,0
0.7619649472767,2903,-0.8388,0,0
0.76196517073413,2904,-0.8384,0,0
0.76196539426842,2905,-0.838,0,0
0.76196561787957,2906,-0.8376,0,0
0.76196584156758,2907,-0.8372,0,0
0.76196606533245,2908,-0.8368,0,0
0.76196628917418,2909,-0.8364,0,0
0.76196651309277,2910,-0.836,0,0
0.76196673708822,2911,-0.8356,0,0
0.76196696116053,2912,-0.8352,0,0
0.7619671853097,2913,-0.8348,0,0
0.76196740953573,2914,-0.8344,0,0
0.76196763383861,2915,-0.834,0,0
0.76196785821836,2916,-0.8336,0,0
0.76196808267496,2917,-0.8332,0,0
0.76196830720843,2918,-0.8328,0,0
0.76196853181875,2919,-0.8324,0,0
0.76196875650593,2920,-0.832,0,0
0.76196898126997,2921,-0.8316,0,0
0.76196920611087,2922,-0.8312,0,0
0.76196943102862,2923,-0.8308,0,0
0.76196965602324,2924,-0.8304,0,0
0.76196988109471,2925,-0.83,0,0
0.76197010624304,2926,-0.8296,0,0
0.76197033146823,2927,-0.8292,0,0
0.76197055677027,2928,-0.8288,0,0
0.76197078214917,2929,-0.8284,0,0
0.76197100760493,2930,-0.828,0,0
0.76197123313755,2931,-0.8276,0,0
0.76197145874703,2932,-0.8272,0,0
0.76197168443336,2933,-0.8268,0,0
0.76197191019655,2934,-0.8264,0,0
0.7619721360366,2935,-0.826,0,0
0.7619723619535,2936,-0.8256,0,0
0.76197258794726,2937,-0.8252,0,0
0.76197281401788,2938,-0.8248,0,0
0.76197304016535,2939,-0.8244,0,0
0.76197326638968,2940,-0.824,0,0
0.76197349269087,2941,-0.8236,0,0
0.76197371906891,2942,-0.8232,0,0
0.76197394552381,2943,-0.8228,0,0
0.76197417205556,2944,-0.8224,0,0
0.76197439866418,2945,-0.822,0,0
0.76197462534964,2946,-0.8216,0,0
0.76197485211196,2947,-0.8212,0,0
0.76197507895114,2948,-0.8208,0,0
0.76197530586718,2949,-0.8204,0,0
0.76197553286007,2950,-0.82,0,0
0.76197575992981,2951,-0.8196,0,0
0.76197598707641,2952,-0.8192,0,0
0.76197621429986,2953,-0.8188,0,0
0.76197644160017,2954,-0.8184,0,0
0.76197666897734,2955,-0.818,0,0
0.76197689643136,2956,-0.8176,0,0
0.76197712396223,2957,-0.8172,0,0
0.76197735156996,2958,-0.8168,0,0
0.76197757925454,2959,-0.8164,0,0
0.76197780701598,2960,-0.816,0,0
0.76197803485427,2961,-0.8156,0,0
0.76197826276942,2962,-0.8152,0,0
0.76197849076142,2963,-0.8148,0,0
0.76197871883027,2964,-0.8144,0,0
0.76197894697598,2965,-0.814,0,0
0.76197917519854,2966,-0.8136,0,0
0.76197940349795,2967,-0.8132,0,0
0.76197963187422,2968,-0.8128,0,0
0.76197986032734,2969,-0.8124,0,0
0.76198008885732,2970,-0.812,0,0
0.76198031746415,2971,-0.8116,0,0
0.76198054614783,2972,-0.8112,0,0
0.76198077490836,2973,-0.8108,0,0
0.76198100374575,2974,-0.8104,0,0
0.76198123265999,2975,-0.81,0,0
0.76198146165108,2976,-0.8096,0,0
0.76198169071903,2977,-0.8092,0,0
0.76198191986382,2978,-0.8088,0,0
0.76198214908547,2979,-0.8084,0,0
0.76198237838397,2980,-0.808,0,0
0.76198260775933,2981,-0.8076,0,0
0.76198283721153,2982,-0.8072,0,0
0.76198306674059,2983,-0.8068,0,0
0.7619832963465,2984,-0.8064,0,0
0.76198352602926,2985,-0.806,0,0
0.76198375578888,2986,-0.8056,0,0
0.76198398562534,2987,-0.8052,0,0
0.76198421553866,2988,-0.8048,0,0
0.76198444552882,2989,-0.8044,0,0
0.76198467559584,2990,-0.804,0,0
0.76198490573971,2991,-0.8036,0,0
0.76198513596043,2992,-0.8032,0,0
0.761985366258,2993,-0.8028,0,0
0.76198559663242,2994,-0.8024,0,0
0.7619858270837,2995,-0.802,0,0
0.76198605761182,2996,-0.8016,0,0
0.76198628821679,2997,-0.8012,0,0
0.76198651889861,2998,-0.8008,0,0
0.76198674965729,2999,-0.8004,0,0
0.76198698049281,3000,-0.8,0,0
0.76198721140519,3001,-0.7996,0,0
0.76198744239441,3002,-0.7992,0,0
0.76198767346048,3003,-0.7988,0,0
0.7619879046034,3004,-0.7984,0,0
0.76198813582318,3005,-0.798,0,0
0.7619883671198,3006,-0.7976,0,0
0.76198859849327,3007,-0.7972,0,0
0.76198882994359,3008,-0.7968,0,0
0.76198906147076,3009,-0.7964,0,0
0.76198929307478,3010,-0.796,0,0
0.76198952475564,3011,-0.7956,0,0
0.76198975651336,3012,-0.7952,0,0
0.76198998834793,3013,-0.7948,0,0
0.76199022025934,3014,-0.7944,0,0
0.7619904522476,3015,-0.794,0,0
0.76199068431271,3016,-0.7936,0,0
0.76199091645467,3017,-0.7932,0,0
0.76199114867347,3018,-0.7928,0,0
0.76199138096913,3019,-0.7924,0,0
0.76199161334163,3020,-0.792,0,0
0.76199184579098,3021,-0.7916,0,0
0.76199207831718,3022,-0.7912,0,0
0.76199231092022,3023,-0.7908,0,0
0.76199254360012,3024,-0.7904,0,0
0.76199277635686,3025,-0.79,0,0
0.76199300919044,3026,-0.7896,0,0
0.76199324210088,3027,-0.7892,0,0
0.76199347508816,3028,-0.7888,0,0
0.76199370815229,3029,-0.7884,0,0
0.76199394129326,3030,-0.788,0,0
0.76199417451109,3031,-0.7876,0,0
0.76199440780575,3032,-0.7872,0,0
0.76199464117727,3033,-0.7868,0,0
0.76199487462563,3034,-0.7864,0,0
0.76199510815084,3035,-0.786,0,0
0.76199534175289,3036,-0.7856,0,0
0.76199557543179,3037,-0.7852,0,0
0.76199580918754,3038,-0.7848,0,0
0.76199604302013,3039,-0.7844,0,0
0.76199627692957,3040,-0.784,0,0
0.76199651091585,3041,-0.7836,0,0
0.76199674497898,3042,-0.7832,0,0
0.76199697911895,3043,-0.7828,0,0
0.76199721333577,3044,-0.7824,0,0
0.76199744762943,3045,-0.782,0,0
0.76199768199994,3046,-0.7816,0,0
0.7619979164473,3047,-0.7812,0,0
0.7619981509715,3048,-0.7808,0,0
0.76199838557254,3049,-0.7804,0,0
0.76199862025043,3050,-0.78,0,0
0.76199885500516,3051,-0.7796,0,0
0.76199908983674,3052,-0.7792,0,0
0.76199932474516,3053,-0.7788,0,0
0.76199955973043,3054,-0.7784,0,0
0.76199979479254,3055,-0.778,0,0
0.76200002993149,3056,-0.7776,0,0
0.76200026514729,3057,-0.7772,0,0
0.76200050043993,3058,-0.7768,0,0
0.76200073580942,3059,-0.7764,0,0
0.76200097125574,3060,-0.776,0,0
0.76200120677892,3061,-0.7756,0,0
0.76200144237893,3062,-0.7752,0,0
0.76200167805579,3063,-0.7748,0,0
0.76200191380949,3064,-0.7744,0,0
0.76200214964004,3065,-0.774,0,0
0.76200238554742,3066,-0.7736,0,0
0.76200262153166,3067,-0.7732,0,0
0.76200285759273,3068,-0.7728,0,0
0.76200309373064,3069,-0.7724,0,0
0.7620033299454,3070,-0.772,0,0
0.762003566237,3071,-0.7716,0,0
0.76200380260544,3072,-0.7712,0,0
0.76200403905073,3073,-0.7708,0,0
0.76200427557286,3074,-0.7704,0,0
0.76200451217182,3075,-0.77,0,0
0.76200474884763,3076,-0.7696,0,0
0.76200498560029,3077,-0.7692,0,0
0.76200522242978,3078,-0.7688,0,0
0.76200545933611,3079,-0.7684,0,0
0.76200569631929,3080,-0.768,0,0
0.76200593337931,3081,-0.7676,0,0
0.76200617051617,3082,-0.7672,0,0
0.76200640772987,3083,-0.7668,0,0
0.76200664502041,3084,-0.7664,0,0
0.76200688238779,3085,-0.766,0,0
0.76200711983201,3086,-0.7656,0,0
0.76200735735307,3087,-0.7652,0,0
0.76200759495097,3088,-0.7648,0,0
0.76200783262572,3089,-0.7644,0,0
0.7620080703773,3090,-0.764,0,0
0.76200830820572,3091,-0.7636,0,0
0.76200854611099,3092,-0.7632,0,0
0.76200878409309,3093,-0.7628,0,0
0.76200902215203,3094,-0.7624,0,0
0.76200926028782,3095,-0.762,0,0
0.76200949850044,3096,-0.7616,0,0
0.7620097367899,3097,-0.7612,0,0
0.7620099751562,3098,-0.7608,0,0
0.76201021359934,3099,-0.7604,0,0
0.76201045211932,3100,-0.76,0,0
0.76201069071614,3101,-0.7596,0,0
0.76201092938979,3102,-0.7592,0,0
0.76201116814029,3103,-0.7588,0,0
0.76201140696762,3104,-0.7584,0,0
0.7620116458718,3105,-0.758,0,0
0.76201188485281,3106,-0.7576,0,0
0.76201212391066,3107,-0.7572,0,0
0.76201236304535,3108,-0.7568,0,0
0.76201260225687,3109,-0.7564,0,0
0.76201284154524,3110,-0.756,0,0
0.76201308091044,3111,-0.7556,0,0
0.76201332035248,3112,-0.7552,0,0
0.76201355987136,3113,-0.7548,0,0
0.76201379946707,3114,-0.7544,0,0
0.76201403913962,3115,-0.754,0,0
0.76201427888901,3116,-0.7536,0,0
0.76201451871524,3117,-0.7532,0,0
0.7620147586183,3118,-0.7528,0,0
0.7620149985982,3119,-0.7524,0,0
0.76201523865494,3120,-0.752,0,0
0.76201547878852,3121,-0.7516,0,0
0.76201571899893,3122,-0.7512,0,0
0.76201595928618,3123,-0.7508,0,0
0.76201619965026,3124,-0.7504,0,0
0.76201644009118,3125,-0.75,0,0
0.76201668060894,3126,-0.7496,0,0
0.76201692120353,3127,-0.7492,0,0
0.76201716187496,3128,-0.7488,0,0
0.76201740262322,3129,-0.7484,0,0
0.76201764344832,3130,-0.748,0,0
0.76201788435026,3131,-0.7476,0,0
0.76201812532903,3132,-0.7472,0,0
0.76201836638464,3133,-0.7468,0,0
0.76201860751708,3134,-0.7464,0,0
0.76201884872636,3135,-0.746,0,0
0.76201909001247,3136,-0.7456,0,0
0.76201933137542,3137,-0.7452,0,0
0.7620195728152,3138,-0.7448,0,0
0.76201981433181,3139,-0.7444,0,0
0.76202005592527,3140,-0.744,0,0
0.76202029759555,3141,-0.7436,0,0
0.76202053934267,3142,-0.7432,0,0
0.76202078116663,3143,-0.7428,0,0
0.76202102306742,3144,-0.7424,0,0
0.76202126504504,3145,-0.742,0,0
0.7620215070995,3146,-0.7416,0,0
0.76202174923079,3147,-0.7412,0,0
0.76202199143891,3148,-0.7408,0,0
0.76202223372387,3149,-0.7404,0,0
0.76202247608566,3150,-0.74,0,0
0.76202271852428,3151,-0.7396,0,0
0.76202296103974,3152,-0.7392,0,0
0.76202320363203,3153,-0.7388,0,0
0.76202344630116,3154,-0.7384,0,0
0.76202368904711,3155,-0.738,0,0
0.7620239318699,3156,-0.7376,0,0
0.76202417476953,3157,-0.7372,0,0
0.76202441774598,3158,-0.7368,0,0
0.76202466079927,3159,-0.7364,0,0
0.76202490392939,3160,-0.736,0,0
0.76202514713634,3161,-0.7356,0,0
0.76202539042013,3162,-0.7352,0,0
0.76202563378074,3163,-0.7348,0,0
0.76202587721819,3164,-0.7344,0,0
0.76202612073247,3165,-0.734,0,0
0.76202636432358,3166,-0.7336,0,0
0.76202660799152,3167,-0.7332,0,0
0.7620268517363,3168,-0.7328,0,0
0.76202709555791,3169,-0.7324,0,0
0.76202733945634,3170,-0.732,0,0
0.76202758343161,3171,-0.7316,0,0
0.76202782748371,3172,-0.7312,0,0
0.76202807161264,3173,-0.7308,0,0
0.7620283158184,3174,-0.7304,0,0
0.76202856010099,3175,-0.73,0,0
0.76202880446041,3176,-0.7296,0,0
0.76202904889667,3177,-0.7292,0,0
0.76202929340975,3178,-0.7288,0,0
0.76202953799966,3179,-0.7284,0,0
0.76202978266641,3180,-0.728,0,0
0.76203002740998,3181,-0.7276,0,0
0.76203027223038,3182,-0.7272,0,0
0.76203051712761,3183,-0.7268,0,0
0.76203076210168,3184,-0.7264,0,0
0.76203100715257,3185,-0.726,0,0
0.76203125228029,3186,-0.7256,0,0
0.76203149748484,3187,-0.7252,0,0
0.76203174276622,3188,-0.7248,0,0
0.76203198812443,3189,-0.7244,0,0
0.76203223355946,3190,-0.724,0,0
0.76203247907133,3191,-0.7236,0,0
0.76203272466002,3192,-0.7232,0,0
0.76203297032555,3193,-0.7228,0,0
0.7620332160679,3194,-0.7224,0,0
0.76203346188708,3195,-0.722,0,0
0.76203370778309,3196,-0.7216,0,0
0.76203395375593,3197,-0.7212,0,0
0.76203419980559,3198,-0.7208,0,0
0.76203444593208,3199,-0.7204,0,0
0.7620346921354,3200,-0.72,0,0
0.76203493841555,3201,-0.7196,0,0
0.76203518477253,3202,-0.7192,0,0
0.76203543120633,3203,-0.7188,0,0
0.76203567771696,3204,-0.7184,0,0
0.76203592430442,3205,-0.718,0,0
0.7620361709687,3206,-0.7176,0,0
0.76203641770981,3207,-0.7172,0,0
0.76203666452775,3208,-0.7168,0,0
0.76203691142252,3209,-0.7164,0,0
0.76203715839411,3210,-0.716,0,0
0.76203740544253,3211,-0.7156,0,0
0.76203765256777,3212,-0.7152,0,0
0.76203789976984,3213,-0.7148,0,0
0.76203814704874,3214,-0.7144,0,0
0.76203839440446,3215,-0.714,0,0
0.76203864183701,3216,-0.7136,0,0
0.76203888934639,3217,-0.7132,0,0
0.76203913693259,3218,-0.7128,0,0
0.76203938459561,3219,-0.7124,0,0
0.76203963233547,3220,-0.712,0,0
0.76203988015214,3221,-0.7116,0,0
0.76204012804564,3222,-0.7112,0,0
0.76204037601597,3223,-0.7108,0,0
0.76204062406312,3224,-0.7104,0,0
0.7620408721871,3225,-0.71,0,0
0.7620411203879,3226,-0.7096,0,0
0.76204136866553,3227,-0.7092,0,0
0.76204161701998,3228,-0.7088,0,0
0.76204186545126,3229,-0.7084,0,0
0.76204211395936,3230,-0.708,0,0
0.76204236254428,3231,-0.7076,0,0
0.76204261120603,3232,-0.7072,0,0
0.7620428599446,3233,-0.7068,0,0
0.76204310876,3234,-0.7064,0,0
0.76204335765222,3235,-0.706,0,0
0.76204360662126,3236,-0.7056,0,0
0.76204385566713,3237,-0.7052,0,0
0.76204410478982,3238,-0.7048,0,0
0.76204435398933,3239,-0.7044,0,0
0.76204460326567,3240,-0.704,0,0
0.76204485261883,3241,-0.7036,0,0
0.76204510204881,3242,-0.7032,0,0
0.76204535155562,3243,-0.7028,0,0
0.76204560113924,3244,-0.7024,0,0
0.76204585079969,3245,-0.702,0,0
0.76204610053697,3246,-0.7016,0,0
0.76204635035106,3247,-0.7012,0,0
0.76204660024198,3248,-0.7008,0,0
0.76204685020972,3249,-0.7004,0,0
0.76204710025428,3250,-0.7,0,0
0.76204735037567,3251,-0.6996,0,0
0.76204760057387,3252,-0.6992,0,0
0.7620478508489,3253,-0.6988,0,0
0.76204810120075,3254,-0.6984,0,0
0.76204835162942,3255,-0.698,0,0
0.76204860213491,3256,-0.6976,0,0
0.76204885271722,3257,-0.6972,0,0
0.76204910337635,3258,-0.6968,0,0
0.76204935411231,3259,-0.6964,0,0
0.76204960492508,3260,-0.696,0,0
0.76204985581468,3261,-0.6956,0,0
0.7620501067811,3262,-0.6952,0,0
0.76205035782433,3263,-0.6948,0,0
0.76205060894439,3264,-0.6944,0,0
0.76205086014127,3265,-0.694,0,0
0.76205111141496,3266,-0.6936,0,0
0.76205136276548,3267,-0.6932,0,0
0.76205161419282,3268,-0.6928,0,0
0.76205186569698,3269,-0.6924,0,0
0.76205211727795,3270,-0.692,0,0
0.76205236893575,3271,-0.6916,0,0
0.76205262067037,3272,-0.6912,0,0
0.7620528724818,3273,-0.6908,0,0
0.76205312437005,3274,-0.6904,0,0
0.76205337633513,3275,-0.69,0,0
0.76205362837702,3276,-0.6896,0,0
0.76205388049573,3277,-0.6892,0,0
0.76205413269126,3278,-0.6888,0,0
0.76205438496361,3279,-0.6884,0,0
0.76205463731278,3280,-0.688,0,0
0.76205488973876,3281,-0.6876,0,0
0.76205514224156,3282,-0.6872,0,0
0.76205539482118,3283,-0.6868,0,0
0.76205564747762,3284,-0.6864,0,0
0.76205590021088,3285,-0.686,0,0
0.76205615302096,3286,-0.6856,0,0
0.76205640590785,3287,-0.6852,0,0
0.76205665887156,3288,-0.6848,0,0
0.76205691191209,3289,-0.6844,0,0
0.76205716502943,3290,-0.684,0,0
0.76205741822359,3291,-0.6836,0,0
0.76205767149457,3292,-0.6832,0,0
0.76205792484237,3293,-0.6828,0,0
0.76205817826698,3294,-0.6824,0,0
0.76205843176841,3295,-0.682,0,0
0.76205868534666,3296,-0.6816,0,0
0.76205893900172,3297,-0.6812,0,0
0.7620591927336,3298,-0.6808,0,0
0.76205944654229,3299,-0.6804,0,0
0.7620597004278,3300,-0.68,0,0
0.76205995439013,3301,-0.6796,0,0
0.76206020842927,3302,-0.6792,0,0
0.76206046254523,3303,-0.6788,0,0
0.76206071673801,3304,-0.6784,0,0
0.7620609710076,3305,-0.678,0,0
0.762061225354,3306,-0.6776,0,0
0.76206147977722,3307,-0.6772,0,0
0.76206173427726,3308,-0.6768,0,0
0.76206198885411,3309,-0.6764,0,0
0.76206224350777,3310,-0.676,0,0
0.76206249823826,3311,-0.6756,0,0
0.76206275304555,3312,-0.6752,0,0
0.76206300792966,3313,-0.6748,0,0
0.76206326289058,3314,-0.6744,0,0
0.76206351792832,3315,-0.674,0,0
0.76206377304287,3316,-0.6736,0,0
0.76206402823424,3317,-0.6732,0,0
0.76206428350242,3318,-0.6728,0,0
0.76206453884742,3319,-0.6724,0,0
0.76206479426922,3320,-0.672,0,0
0.76206504976785,3321,-0.6716,0,0
0.76206530534328,3322,-0.6712,0,0
0.76206556099553,3323,-0.6708,0,0
0.76206581672459,3324,-0.6704,0,0
0.76206607253047,3325,-0.67,0,0
0.76206632841315,3326,-0.6696,0,0
0.76206658437265,3327,-0.6692,0,0
0.76206684040897,3328,-0.6688,0,0
0.76206709652209,3329,-0.6684,0,0
0.76206735271203,3330,-0.668,0,0
0.76206760897878,3331,-0.6676,0,0
0.76206786532235,3332,-0.6672,0,0
0.76206812174272,3333,-0.6668,0,0
0.76206837823991,3334,-0.6664,0,0
0.76206863481391,3335,-0.666,0,0
0.76206889146472,3336,-0.6656,0,0
0.76206914819235,3337,-0.6652,0,0
0.76206940499678,3338,-0.6648,0,0
0.76206966187803,3339,-0.6644,0,0
0.76206991883608,3340,-0.664,0,0
0.76207017587095,3341,-0.6636,0,0
0.76207043298263,3342,-0.6632,0,0
0.76207069017112,3343,-0.6628,0,0
0.76207094743642,3344,-0.6624,0,0
0.76207120477854,3345,-0.662,0,0
0.76207146219746,3346,-0.6616,0,0
0.76207171969319,3347,-0.6612,0,0
0.76207197726574,3348,-0.6608,0,0
0.76207223491509,3349,-0.6604,0,0
0.76207249264125,3350,-0.66,0,0
0.76207275044423,3351,-0.6596,0,0
0.76207300832401,3352,-0.6592,0,0
0.76207326628061,3353,-0.6588,0,0
0.76207352431401,3354,-0.6584,0,0
0.76207378242422,3355,-0.658,0,0
0.76207404061124,3356,-0.6576,0,0
0.76207429887507,3357,-0.6572,0,0
0.76207455721572,3358,-0.6568,0,0
0.76207481563317,3359,-0.6564,0,0
0.76207507412742,3360,-0.656,0,0
0.76207533269849,3361,-0.6556,0,0
0.76207559134637,3362,-0.6552,0,0
0.76207585007105,3363,-0.6548,0,0
0.76207610887255,3364,-0.6544,0,0
0.76207636775085,3365,-0.654,0,0
0.76207662670596,3366,-0.6536,0,0
0.76207688573787,3367,-0.6532,0,0
0.7620771448466,3368,-0.6528,0,0
0.76207740403213,3369,-0.6524,0,0
0.76207766329447,3370,-0.652,0,0
0.76207792263362,3371,-0.6516,0,0
0.76207818204958,3372,-0.6512,0,0
0.76207844154234,3373,-0.6508,0,0
0.76207870111191,3374,-0.6504,0,0
0.76207896075829,3375,-0.65,0,0
0.76207922048148,3376,-0.6496,0,0
0.76207948028147,3377,-0.6492,0,0
0.76207974015827,3378,-0.6488,0,0
0.76208000011187,3379,-0.6484,0,0
0.76208026014228,3380,-0.648,0,0
0.7620805202495,3381,-0.6476,0,0
0.76208078043353,3382,-0.6472,0,0
0.76208104069436,3383,-0.6468,0,0
0.76208130103199,3384,-0.6464,0,0
0.76208156144643,3385,-0.646,0,0
0.76208182193768,3386,-0.6456,0,0
0.76208208250574,3387,-0.6452,0,0
0.76208234315059,3388,-0.6448,0,0
0.76208260387226,3389,-0.6444,0,0
0.76208286467073,3390,-0.644,0,0
0.762083125546,3391,-0.6436,0,0
0.76208338649808,3392,-0.6432,0,0
0.76208364752697,3393,-0.6428,0,0
0.76208390863266,3394,-0.6424,0,0
0.76208416981515,3395,-0.642,0,0
0.76208443107445,3396,-0.6416,0,0
0.76208469241056,3397,-0.6412,0,0
0.76208495382346,3398,-0.6408,0,0
0.76208521531318,3399,-0.6404,0,0
0.76208547687969,3400,-0.64,0,0
0.76208573852301,3401,-0.6396,0,0
0.76208600024314,3402,-0.6392,0,0
0.76208626204006,3403,-0.6388,0,0
0.76208652391379,3404,-0.6384,0,0
0.76208678586433,3405,-0.638,0,0
0.76208704789167,3406,-0.6376,0,0
0.76208730999581,3407,-0.6372,0,0
0.76208757217675,3408,-0.6368,0,0
0.7620878344345,3409,-0.6364,0,0
0.76208809676905,3410,-0.636,0,0
0.7620883591804,3411,-0.6356,0,0
0.76208862166856,3412,-0.6352,0,0
0.76208888423351,3413,-0.6348,0,0
0.76208914687527,3414,-0.6344,0,0
0.76208940959384,3415,-0.634,0,0
0.7620896723892,3416,-0.6336,0,0
0.76208993526137,3417,-0.6332,0,0
0.76209019821033,3418,-0.6328,0,0
0.7620904612361,3419,-0.6324,0,0
0.76209072433868,3420,-0.632,0,0
0.76209098751805,3421,-0.6316,0,0
0.76209125077422,3422,-0.6312,0,0
0.7620915141072,3423,-0.6308,0,0
0.76209177751698,3424,-0.6304,0,0
0.76209204100355,3425,-0.63,0,0
0.76209230456693,3426,-0.6296,0,0
0.76209256820711,3427,-0.6292,0,0
0.76209283192409,3428,-0.6288,0,0
0.76209309571787,3429,-0.6284,0,0
0.76209335958845,3430,-0.628,0,0
0.76209362353583,3431,-0.6276,0,0
0.76209388756001,3432,-0.6272,0,0
0.762094151661,3433,-0.6268,0,0
0.76209441583878,3434,-0.6264,0,0
0.76209468009336,3435,-0.626,0,0
0.76209494442474,3436,-0.6256,0,0
0.76209520883292,3437,-0.6252,0,0
0.7620954733179,3438,-0.6248,0,0
0.76209573787968,3439,-0.6244,0,0
0.76209600251825,3440,-0.624,0,0
0.76209626723363,3441,-0.6236,0,0
0.76209653202581,3442,-0.6232,0,0
0.76209679689478,3443,-0.6228,0,0
0.76209706184055,3444,-0.6224,0,0
0.76209732686313,3445,-0.622,0,0
0.7620975919625,3446,-0.6216,0,0
0.76209785713866,3447,-0.6212,0,0
0.76209812239163,3448,-0.6208,0,0
0.7620983877214,3449,-0.6204,0,0
0.76209865312796,3450,-0.62,0,0
0.76209891861132,3451,-0.6196,0,0
0.76209918417148,3452,-0.6192,0,0
0.76209944980843,3453,-0.6188,0,0
0.76209971552218,3454,-0.6184,0,0
0.76209998131274,3455,-0.618,0,0
0.76210024718008,3456,-0.6176,0,0
0.76210051312423,3457,-0.6172,0,0
0.76210077914517,3458,-0.6168,0,0
0.76210104524291,3459,-0.6164,0,0
0.76210131141744,3460,-0.616,0,0
0.76210157766877,3461,-0.6156,0,0
0.7621018439969,3462,-0.6152,0,0
0.76210211040182,3463,-0.6148,0,0
0.76210237688354,3464,-0.6144,0,0
0.76210264344206,3465,-0.614,0,0
0.76210291007737,3466,-0.6136,0,0
0.76210317678948,3467,-0.6132,0,0
0.76210344357838,3468,-0.6128,0,0
0.76210371044408,3469,-0.6124,0,0
0.76210397738658,3470,-0.612,0,0
0.76210424440587,3471,-0.6116,0,0
0.76210451150195,3472,-0.6112,0,0
0.76210477867483,3473,-0.6108,0,0
0.76210504592451,3474,-0.6104,0,0
0.76210531325098,3475,-0.61,0,0
0.76210558065424,3476,-0.6096,0,0
0.7621058481343,3477,-0.6092,0,0
0.76210611569116,3478,-0.6088,0,0
0.7621063833248,3479,-0.6084,0,0
0.76210665103524,3480,-0.608,0,0
0.76210691882248,3481,-0.6076,0,0
0.76210718668651,3482,-0.6072,0,0
0.76210745462733,3483,-0.6068,0,0
0.76210772264495,3484,-0.6064,0,0
0.76210799073936,3485,-0.606,0,0
0.76210825891057,3486,-0.6056,0,0
0.76210852715857,3487,-0.6052,0,0
0.76210879548336,3488,-0.6048,0,0
0.76210906388494,3489,-0.6044,0,0
0.76210933236332,3490,-0.604,0,0
0.76210960091849,3491,-0.6036,0,0
0.76210986955045,3492,-0.6032,0,0
0.7621101382592,3493,-0.6028,0,0
0.76211040704475,3494,-0.6024,0,0
0.76211067590709,3495,-0.602,0,0
0.76211094484622,3496,-0.6016,0,0
0.76211121386215,3497,-0.6012,0,0
0.76211148295486,3498,-0.6008,0,0
0.76211175212437,3499,-0.6004,0,0
0.76211202137067,3500,-0.6,0,0
0.76211229069376,3501,-0.5996,0,0
0.76211256009364,3502,-0.5992,0,0
0.76211282957031,3503,-0.5988,0,0
0.76211309912378,3504,-0.5984,0,0
0.76211336875403,3505,-0.598,0,0
0.76211363846108,3506,-0.5976,0,0
0.76211390824492,3507,-0.5972,0,0
0.76211417810555,3508,-0.5968,0,0
0.76211444804296,3509,-0.5964,0,0
0.76211471805717,3510,-0.596,0,0
0.76211498814817,3511,-0.5956,0,0
0.76211525831596,3512,-0.5952,0,0
0.76211552856054,3513,-0.5948,0,0
0.76211579888191,3514,-0.5944,0,0
0.76211606928007,3515,-0.594,0,0
0.76211633975502,3516,-0.5936,0,0
0.76211661030676,3517,-0.5932,0,0
0.76211688093528,3518,-0.5928,0,0
0.7621171516406,3519,-0.5924,0,0
0.76211742242271,3520,-0.592,0,0
0.7621176932816,3521,-0.5916,0,0
0.76211796421729,3522,-0.5912,0,0
0.76211823522976,3523,-0.5908,0,0
0.76211850631902,3524,-0.5904,0,0
0.76211877748507,3525,-0.59,0,0
0.76211904872791,3526,-0.5896,0,0
0.76211932004754,3527,-0.5892,0,0
0.76211959144395,3528,-0.5888,0,0
0.76211986291715,3529,-0.5884,0,0
0.76212013446714,3530,-0.588,0,0
0.76212040609392,3531,-0.5876,0,0
0.76212067779749,3532,-0.5872,0,0
0.76212094957784,3533,-0.5868,0,0
0.76212122143498,3534,-0.5864,0,0
0.76212149336891,3535,-0.586,0,0
0.76212176537963,3536,-0.5856,0,0
0.76212203746713,3537,-0.5852,0,0
0.76212230963142,3538,-0.5848,0,0
0.76212258187249,3539,-0.5844,0,0
0.76212285419035,3540,-0.584,0,0
0.762123126585,3541,-0.5836,0,0
0.76212339905644,3542,-0.5832,0,0
0.76212367160466,3543,-0.5828,0,0
0.76212394422967,3544,-0.5824,0,0
0.76212421693146,3545,-0.582,0,0
0.76212448971004,3546,-0.5816,0,0
0.76212476256541,3547,-0.5812,0,0
0.76212503549756,3548,-0.5808,0,0
0.76212530850649,3549,-0.5804,0,0
0.76212558159221,3550,-0.58,0,0
0.76212585475472,3551,-0.5796,0,0
0.76212612799401,3552,-0.5792,0,0
0.76212640131009,3553,-0.5788,0,0
0.76212667470295,3554,-0.5784,0,0
0.7621269481726,3555,-0.578,0,0
0.76212722171903,3556,-0.5776,0,0
0.76212749534224,3557,-0.5772,0,0
0.76212776904224,3558,-0.5768,0,0
0.76212804281903,3559,-0.5764,0,0
0.76212831667259,3560,-0.576,0,0
0.76212859060295,3561,-0.5756,0,0
0.76212886461008,3562,-0.5752,0,0
0.762129138694,3563,-0.5748,0,0
0.7621294128547,3564,-0.5744,0,0
0.76212968709219,3565,-0.574,0,0
0.76212996140646,3566,-0.5736,0,0
0.76213023579751,3567,-0.5732,0,0
0.76213051026535,3568,-0.5728,0,0
0.76213078480997,3569,-0.5724,0,0
0.76213105943137,3570,-0.572,0,0
0.76213133412955,3571,-0.5716,0,0
0.76213160890452,3572,-0.5712,0,0
0.76213188375627,3573,-0.5708,0,0
0.7621321586848,3574,-0.5704,0,0
0.76213243369011,3575,-0.57,0,0
0.76213270877221,3576,-0.5696,0,0
0.76213298393109,3577,-0.5692,0,0
0.76213325916674,3578,-0.5688,0,0
0.76213353447919,3579,-0.5684,0,0
0.76213380986841,3580,-0.568,0,0
0.76213408533441,3581,-0.5676,0,0
0.7621343608772,3582,-0.5672,0,0
0.76213463649676,3583,-0.5668,0,0
0.76213491219311,3584,-0.5664,0,0
0.76213518796624,3585,-0.566,0,0
0.76213546381614,3586,-0.5656,0,0
0.76213573974283,3587,-0.5652,0,0
0.7621360157463,3588,-0.5648,0,0
0.76213629182655,3589,-0.5644,0,0
0.76213656798358,3590,-0.564,0,0
0.76213684421739,3591,-0.5636,0,0
0.76213712052798,3592,-0.5632,0,0
0.76213739691535,3593,-0.5628,0,0
0.7621376733795,3594,-0.5624,0,0
0.76213794992043,3595,-0.562,0,0
0.76213822653814,3596,-0.5616,0,0
0.76213850323263,3597,-0.5612,0,0
0.7621387800039,3598,-0.5608,0,0
0.76213905685194,3599,-0.5604,0,0
0.76213933377677,3600,-0.56,0,0
0.76213961077837,3601,-0.5596,0,0
0.76213988785675,3602,-0.5592,0,0
0.76214016501191,3603,-0.5588,0,0
0.76214044224385,3604,-0.5584,0,0
0.76214071955257,3605,-0.558,0,0
0.76214099693807,3606,-0.5576,0,0
0.76214127440034,3607,-0.5572,0,0
0.76214155193939,3608,-0.5568,0,0
0.76214182955522,3609,-0.5564,0,0
0.76214210724783,3610,-0.556,0,0
0.76214238501721,3611,-0.5556,0,0
0.76214266286338,3612,-0.5552,0,0
0.76214294078632,3613,-0.5548,0,0
0.76214321878603,3614,-0.5544,0,0
0.76214349686253,3615,-0.554,0,0
0.7621437750158,3616,-0.5536,0,0
0.76214405324584,3617,-0.5532,0,0
0.76214433155267,3618,-0.5528,0,0
0.76214460993627,3619,-0.5524,0,0
0.76214488839664,3620,-0.552,0,0
0.76214516693379,3621,-0.5516,0,0
0.76214544554772,3622,-0.5512,0,0
0.76214572423843,3623,-0.5508,0,0
0.76214600300591,3624,-0.5504,0,0
0.76214628185016,3625,-0.55,0,0
0.76214656077119,3626,-0.5496,0,0
0.762146839769,3627,-0.5492,0,0
0.76214711884358,3628,-0.5488,0,0
0.76214739799494,3629,-0.5484,0,0
0.76214767722307,3630,-0.548,0,0
0.76214795652798,3631,-0.5476,0,0
0.76214823590966,3632,-0.5472,0,0
0.76214851536812,3633,-0.5468,0,0
0.76214879490335,3634,-0.5464,0,0
0.76214907451536,3635,-0.546,0,0
0.76214935420414,3636,-0.5456,0,0
0.76214963396969,3637,-0.5452,0,0
0.76214991381202,3638,-0.5448,0,0
0.76215019373112,3639,-0.5444,0,0
0.76215047372699,3640,-0.544,0,0
0.76215075379964,3641,-0.5436,0,0
0.76215103394907,3642,-0.5432,0,0
0.76215131417526,3643,-0.5428,0,0
0.76215159447823,3644,-0.5424,0,0
0.76215187485797,3645,-0.542,0,0
0.76215215531449,3646,-0.5416,0,0
0.76215243584778,3647,-0.5412,0,0
0.76215271645784,3648,-0.5408,0,0
0.76215299714467,3649,-0.5404,0,0
0.76215327790827,3650,-0.54,0,0
0.76215355874865,3651,-0.5396,0,0
0.7621538396658,3652,-0.5392,0,0
0.76215412065972,3653,-0.5388,0,0
0.76215440173042,3654,-0.5384,0,0
0.76215468287788,3655,-0.538,0,0
0.76215496410212,3656,-0.5376,0,0
0.76215524540313,3657,-0.5372,0,0
0.76215552678091,3658,-0.5368,0,0
0.76215580823546,3659,-0.5364,0,0
0.76215608976678,3660,-0.536,0,0
0.76215637137488,3661,-0.5356,0,0
0.76215665305974,3662,-0.5352,0,0
0.76215693482137,3663,-0.5348,0,0
0.76215721665978,3664,-0.5344,0,0
0.76215749857496,3665,-0.534,0,0
0.7621577805669,3666,-0.5336,0,0
0.76215806263562,3667,-0.5332,0,0
0.7621583447811,3668,-0.5328,0,0
0.76215862700336,3669,-0.5324,0,0
0.76215890930239,3670,-0.532,0,0
0.76215919167818,3671,-0.5316,0,0
0.76215947413075,3672,-0.5312,0,0
0.76215975666008,3673,-0.5308,0,0
0.76216003926619,3674,-0.5304,0,0
0.76216032194906,3675,-0.53,0,0
0.7621606047087,3676,-0.5296,0,0
0.76216088754511,3677,-0.5292,0,0
0.76216117045829,3678,-0.5288,0,0
0.76216145344824,3679,-0.5284,0,0
0.76216173651496,3680,-0.528,0,0
0.76216201965844,3681,-0.5276,0,0
0.76216230287869,3682,-0.5272,0,0
0.76216258617571,3683,-0.5268,0,0
0.7621628695495,3684,-0.5264,0,0
0.76216315300006,3685,-0.526,0,0
0.76216343652739,3686,-0.5256,0,0
0.76216372013148,3687,-0.5252,0,0
0.76216400381234,3688,-0.5248,0,0
0.76216428756996,3689,-0.5244,0,0
0.76216457140436,3690,-0.524,0,0
0.76216485531552,3691,-0.5236,0,0
0.76216513930345,3692,-0.5232,0,0
0.76216542336814,3693,-0.5228,0,0
0.7621657075096,3694,-0.5224,0,0
0.76216599172783,3695,-0.522,0,0
0.76216627602282,3696,-0.5216,0,0
0.76216656039458,3697,-0.5212,0,0
0.76216684484311,3698,-0.5208,0,0
0.7621671293684,3699,-0.5204,0,0
0.76216741397046,3700,-0.52,0,0
0.76216769864928,3701,-0.5196,0,0
0.76216798340487,3702,-0.5192,0,0
0.76216826823723,3703,-0.5188,0,0
0.76216855314635,3704,-0.5184,0,0
0.76216883813223,3705,-0.518,0,0
0.76216912319488,3706,-0.5176,0,0
0.7621694083343,3707,-0.5172,0,0
0.76216969355048,3708,-0.5168,0,0
0.76216997884342,3709,-0.5164,0,0
0.76217026421313,3710,-0.516,0,0
0.76217054965961,3711,-0.5156,0,0
0.76217083518284,3712,-0.5152,0,0
0.76217112078284,3713,-0.5148,0,0
0.76217140645961,3714,-0.5144,0,0
0.76217169221314,3715,-0.514,0,0
0.76217197804343,3716,-0.5136,0,0
0.76217226395049,3717,-0.5132,0,0
0.76217254993431,3718,-0.5128,0,0
0.76217283599489,3719,-0.5124,0,0
0.76217312213224,3720,-0.512,0,0
0.76217340834635,3721,-0.5116,0,0
0.76217369463722,3722,-0.5112,0,0
0.76217398100485,3723,-0.5108,0,0
0.76217426744925,3724,-0.5104,0,0
0.76217455397041,3725,-0.51,0,0
0.76217484056833,3726,-0.5096,0,0
0.76217512724302,3727,-0.5092,0,0
0.76217541399447,3728,-0.5088,0,0
0.76217570082267,3729,-0.5084,0,0
0.76217598772765,3730,-0.508,0,0
0.76217627470938,3731,-0.5076,0,0
0.76217656176787,3732,-0.5072,0,0
0.76217684890313,3733,-0.5068,0,0
0.76217713611514,3734,-0.5064,0,0
0.76217742340392,3735,-0.506,0,0
0.76217771076946,3736,-0.5056,0,0
0.76217799821176,3737,-0.5052,0,0
0.76217828573082,3738,-0.5048,0,0
0.76217857332664,3739,-0.5044,0,0
0.76217886099922,3740,-0.504,0,0
0.76217914874856,3741,-0.5036,0,0
0.76217943657466,3742,-0.5032,0,0
0.76217972447753,3743,-0.5028,0,0
0.76218001245715,3744,-0.5024,0,0
0.76218030051353,3745,-0.502,0,0
0.76218058864667,3746,-0.5016,0,0
0.76218087685657,3747,-0.5012,0,0
0.76218116514323,3748,-0.5008,0,0
0.76218145350665,3749,-0.5004,0,0
0.76218174194683,3750,-0.5,0,0
0.76218203046377,3751,-0.4996,0,0
0.76218231905746,3752,-0.4992,0,0
0.76218260772792,3753,-0.4988,0,0
0.76218289647513,3754,-0.4984,0,0
0.7621831852991,3755,-0.498,0,0
0.76218347419983,3756,-0.4976,0,0
0.76218376317732,3757,-0.4972,0,0
0.76218405223157,3758,-0.4968,0,0
0.76218434136257,3759,-0.4964,0,0
0.76218463057034,3760,-0.496,0,0
0.76218491985486,3761,-0.4956,0,0
0.76218520921613,3762,-0.4952,0,0
0.76218549865417,3763,-0.4948,0,0
0.76218578816896,3764,-0.4944,0,0
0.76218607776051,3765,-0.494,0,0
0.76218636742882,3766,-0.4936,0,0
0.76218665717388,3767,-0.4932,0,0
0.7621869469957,3768,-0.4928,0,0
0.76218723689428,3769,-0.4924,0,0
0.76218752686961,3770,-0.492,0,0
0.7621878169217,3771,-0.4916,0,0
0.76218810705054,3772,-0.4912,0,0
0.76218839725615,3773,-0.4908,0,0
0.7621886875385,3774,-0.4904,0,0
0.76218897789762,3775,-0.49,0,0
0.76218926833348,3776,-0.4896,0,0
0.76218955884611,3777,-0.4892,0,0
0.76218984943549,3778,-0.4888,0,0
0.76219014010162,3779,-0.4884,0,0
0.76219043084451,3780,-0.488,0,0
0.76219072166416,3781,-0.4876,0,0
0.76219101256055,3782,-0.4872,0,0
0.76219130353371,3783,-0.4868,0,0
0.76219159458362,3784,-0.4864,0,0
0.76219188571028,3785,-0.486,0,0
0.7621921769137,3786,-0.4856,0,0
0.76219246819387,3787,-0.4852,0,0
0.76219275955079,3788,-0.4848,0,0
0.76219305098447,3789,-0.4844,0,0
0.76219334249491,3790,-0.484,0,0
0.76219363408209,3791,-0.4836,0,0
0.76219392574603,3792,-0.4832,0,0
0.76219421748673,3793,-0.4828,0,0
0.76219450930417,3794,-0.4824,0,0
0.76219480119837,3795,-0.482,0,0
0.76219509316932,3796,-0.4816,0,0
0.76219538521703,3797,-0.4812,0,0
0.76219567734149,3798,-0.4808,0,0
0.7621959695427,3799,-0.4804,0,0
0.76219626182066,3800,-0.48,0,0
0.76219655417537,3801,-0.4796,0,0
0.76219684660684,3802,-0.4792,0,0
0.76219713911506,3803,-0.4788,0,0
0.76219743170003,3804,-0.4784,0,0
0.76219772436175,3805,-0.478,0,0
0.76219801710023,3806,-0.4776,0,0
0.76219830991545,3807,-0.4772,0,0
0.76219860280743,3808,-0.4768,0,0
0.76219889577615,3809,-0.4764,0,0
0.76219918882163,3810,-0.476,0,0
0.76219948194386,3811,-0.4756,0,0
0.76219977514284,3812,-0.4752,0,0
0.76220006841857,3813,-0.4748,0,0
0.76220036177105,3814,-0.4744,0,0
0.76220065520029,3815,-0.474,0,0
0.76220094870627,3816,-0.4736,0,0
0.762201242289,3817,-0.4732,0,0
0.76220153594848,3818,-0.4728,0,0
0.76220182968471,3819,-0.4724,0,0
0.76220212349769,3820,-0.472,0,0
0.76220241738742,3821,-0.4716,0,0
0.7622027113539,3822,-0.4712,0,0
0.76220300539713,3823,-0.4708,0,0
0.76220329951711,3824,-0.4704,0,0
0.76220359371384,3825,-0.47,0,0
0.76220388798731,3826,-0.4696,0,0
0.76220418233754,3827,-0.4692,0,0
0.76220447676451,3828,-0.4688,0,0
0.76220477126823,3829,-0.4684,0,0
0.7622050658487,3830,-0.468,0,0
0.76220536050592,3831,-0.4676,0,0
0.76220565523988,3832,-0.4672,0,0
0.7622059500506,3833,-0.4668,0,0
0.76220624493806,3834,-0.4664,0,0
0.76220653990227,3835,-0.466,0,0
0.76220683494322,3836,-0.4656,0,0
0.76220713006093,3837,-0.4652,0,0
0.76220742525538,3838,-0.4648,0,0
0.76220772052657,3839,-0.4644,0,0
0.76220801587452,3840,-0.464,0,0
0.76220831129921,3841,-0.4636,0,0
0.76220860680065,3842,-0.4632,0,0
0.76220890237883,3843,-0.4628,0,0
0.76220919803376,3844,-0.4624,0,0
0.76220949376544,3845,-0.462,0,0
0.76220978957386,3846,-0.4616,0,0
0.76221008545903,3847,-0.4612,0,0
0.76221038142094,3848,-0.4608,0,0
0.7622106774596,3849,-0.4604,0,0
0.76221097357501,3850,-0.46,0,0
0.76221126976716,3851,-0.4596,0,0
0.76221156603606,3852,-0.4592,0,0
0.7622118623817,3853,-0.4588,0,0
0.76221215880408,3854,-0.4584,0,0
0.76221245530321,3855,-0.458,0,0
0.76221275187909,3856,-0.4576,0,0
0.76221304853171,3857,-0.4572,0,0
0.76221334526107,3858,-0.4568,0,0
0.76221364206718,3859,-0.4564,0,0
0.76221393895003,3860,-0.456,0,0
0.76221423590963,3861,-0.4556,0,0
0.76221453294597,3862,-0.4552,0,0
0.76221483005906,3863,-0.4548,0,0
0.76221512724888,3864,-0.4544,0,0
0.76221542451545,3865,-0.454,0,0
0.76221572185877,3866,-0.4536,0,0
0.76221601927883,3867,-0.4532,0,0
0.76221631677563,3868,-0.4528,0,0
0.76221661434917,3869,-0.4524,0,0
0.76221691199946,3870,-0.452,0,0
0.76221720972648,3871,-0.4516,0,0
0.76221750753026,3872,-0.4512,0,0
0.76221780541077,3873,-0.4508,0,0
0.76221810336803,3874,-0.4504,0,0
0.76221840140202,3875,-0.45,0,0
0.76221869951276,3876,-0.4496,0,0
0.76221899770024,3877,-0.4492,0,0
0.76221929596447,3878,-0.4488,0,0
0.76221959430543,3879,-0.4484,0,0
0.76221989272314,3880,-0.448,0,0
0.76222019121758,3881,-0.4476,0,0
0.76222048978877,3882,-0.4472,0,0
0.7622207884367,3883,-0.4468,0,0
0.76222108716137,3884,-0.4464,0,0
0.76222138596278,3885,-0.446,0,0
0.76222168484093,3886,-0.4456,0,0
0.76222198379582,3887,-0.4452,0,0
0.76222228282745,3888,-0.4448,0,0
0.76222258193582,3889,-0.4444,0,0
0.76222288112094,3890,-0.444,0,0
0.76222318038279,3891,-0.4436,0,0
0.76222347972138,3892,-0.4432,0,0
0.76222377913671,3893,-0.4428,0,0
0.76222407862878,3894,-0.4424,0,0
0.76222437819759,3895,-0.442,0,0
0.76222467784313,3896,-0.4416,0,0
0.76222497756542,3897,-0.4412,0,0
0.76222527736445,3898,-0.4408,0,0
0.76222557724021,3899,-0.4404,0,0
0.76222587719271,3900,-0.44,0,0
0.76222617722195,3901,-0.4396,0,0
0.76222647732793,3902,-0.4392,0,0
0.76222677751065,3903,-0.4388,0,0
0.76222707777011,3904,-0.4384,0,0
0.7622273781063,3905,-0.438,0,0
0.76222767851923,3906,-0.4376,0,0
0.7622279790089,3907,-0.4372,0,0
0.76222827957531,3908,-0.4368,0,0
0.76222858021845,3909,-0.4364,0,0
0.76222888093833,3910,-0.436,0,0
0.76222918173495,3911,-0.4356,0,0
0.7622294826083,3912,-0.4352,0,0
0.76222978355839,3913,-0.4348,0,0
0.76223008458522,3914,-0.4344,0,0
0.76223038568878,3915,-0.434,0,0
0.76223068686909,3916,-0.4336,0,0
0.76223098812612,3917,-0.4332,0,0
0.76223128945989,3918,-0.4328,0,0
0.7622315908704,3919,-0.4324,0,0
0.76223189235765,3920,-0.432,0,0
0.76223219392163,3921,-0.4316,0,0
0.76223249556234,3922,-0.4312,0,0
0.76223279727979,3923,-0.4308,0,0
0.76223309907398,3924,-0.4304,0,0
0.7622334009449,3925,-0.43,0,0
0.76223370289255,3926,-0.4296,0,0
0.76223400491694,3927,-0.4292,0,0
0.76223430701807,3928,-0.4288,0,0
0.76223460919593,3929,-0.4284,0,0
0.76223491145052,3930,-0.428,0,0
0.76223521378185,3931,-0.4276,0,0
0.76223551618991,3932,-0.4272,0,0
0.76223581867471,3933,-0.4268,0,0
0.76223612123624,3934,-0.4264,0,0
0.7622364238745,3935,-0.426,0,0
0.7622367265895,3936,-0.4256,0,0
0.76223702938123,3937,-0.4252,0,0
0.76223733224969,3938,-0.4248,0,0
0.76223763519489,3939,-0.4244,0,0
0.76223793821682,3940,-0.424,0,0
0.76223824131548,3941,-0.4236,0,0
0.76223854449087,3942,-0.4232,0,0
0.762238847743,3943,-0.4228,0,0
0.76223915107186,3944,-0.4224,0,0
0.76223945447745,3945,-0.422,0,0
0.76223975795977,3946,-0.4216,0,0
0.76224006151883,3947,-0.4212,0,0
0.76224036515462,3948,-0.4208,0,0
0.76224066886714,3949,-0.4204,0,0
0.76224097265639,3950,-0.42,0,0
0.76224127652237,3951,-0.4196,0,0
0.76224158046508,3952,-0.4192,0,0
0.76224188448452,3953,-0.4188,0,0
0.7622421885807,3954,-0.4184,0,0
0.76224249275361,3955,-0.418,0,0
0.76224279700324,3956,-0.4176,0,0
0.76224310132961,3957,-0.4172,0,0
0.76224340573271,3958,-0.4168,0,0
0.76224371021253,3959,-0.4164,0,0
0.76224401476909,3960,-0.416,0,0
0.76224431940238,3961,-0.4156,0,0
0.7622446241124,3962,-0.4152,0,0
0.76224492889914,3963,-0.4148,0,0
0.76224523376262,3964,-0.4144,0,0
0.76224553870282,3965,-0.414,0,0
0.76224584371976,3966,-0.4136,0,0
0.76224614881342,3967,-0.4132,0,0
0.76224645398382,3968,-0.4128,0,0
0.76224675923094,3969,-0.4124,0,0
0.76224706455479,3970,-0.412,0,0
0.76224736995537,3971,-0.4116,0,0
0.76224767543268,3972,-0.4112,0,0
0.76224798098671,3973,-0.4108,0,0
0.76224828661747,3974,-0.4104,0,0
0.76224859232497,3975,-0.41,0,0
0.76224889810919,3976,-0.4096,0,0
0.76224920397013,3977,-0.4092,0,0
0.76224950990781,3978,-0.4088,0,0
0.76224981592221,3979,-0.4084,0,0
0.76225012201334,3980,-0.408,0,0
0.76225042818119,3981,-0.4076,0,0
0.76225073442578,3982,-0.4072,0,0
0.76225104074709,3983,-0.4068,0,0
0.76225134714512,3984,-0.4064,0,0
0.76225165361989,3985,-0.406,0,0
0.76225196017138,3986,-0.4056,0,0
0.76225226679959,3987,-0.4052,0,0
0.76225257350453,3988,-0.4048,0,0
0.7622528802862,3989,-0.4044,0,0
0.7622531871446,3990,-0.404,0,0
0.76225349407971,3991,-0.4036,0,0
0.76225380109156,3992,-0.4032,0,0
0.76225410818013,3993,-0.4028,0,0
0.76225441534542,3994,-0.4024,0,0
0.76225472258745,3995,-0.402,0,0
0.76225502990619,3996,-0.4016,0,0
0.76225533730166,3997,-0.4012,0,0
0.76225564477386,3998,-0.4008,0,0
0.76225595232277,3999,-0.4004,0,0
0.76225625994842,4000,-0.4,0,0
0.76225656765079,4001,-0.3996,0,0
0.76225687542988,4002,-0.3992,0,0
0.76225718328569,4003,-0.3988,0,0
0.76225749121823,4004,-0.3984,0,0
0.7622577992275,4005,-0.398,0,0
0.76225810731348,4006,-0.3976,0,0
0.76225841547619,4007,-0.3972,0,0
0.76225872371563,4008,-0.3968,0,0
0.76225903203178,4009,-0.3964,0,0
0.76225934042466,4010,-0.396,0,0
0.76225964889426,4011,-0.3956,0,0
0.76225995744059,4012,-0.3952,0,0
0.76226026606364,4013,-0.3948,0,0
0.76226057476341,4014,-0.3944,0,0
0.7622608835399,4015,-0.394,0,0
0.76226119239311,4016,-0.3936,0,0
0.76226150132305,4017,-0.3932,0,0
0.76226181032971,4018,-0.3928,0,0
0.76226211941308,4019,-0.3924,0,0
0.76226242857319,4020,-0.392,0,0
0.76226273781001,4021,-0.3916,0,0
0.76226304712355,4022,-0.3912,0,0
0.76226335651381,4023,-0.3908,0,0
0.7622636659808,4024,-0.3904,0,0
0.76226397552451,4025,-0.39,0,0
0.76226428514493,4026,-0.3896,0,0
0.76226459484208,4027,-0.3892,0,0
0.76226490461595,4028,-0.3888,0,0
0.76226521446653,4029,-0.3884,0,0
0.76226552439384,4030,-0.388,0,0
0.76226583439787,4031,-0.3876,0,0
0.76226614447862,4032,-0.3872,0,0
0.76226645463608,4033,-0.3868,0,0
0.76226676487027,4034,-0.3864,0,0
0.76226707518118,4035,-0.386,0,0
0.7622673855688,4036,-0.3856,0,0
0.76226769603314,4037,-0.3852,0,0
0.76226800657421,4038,-0.3848,0,0
0.76226831719199,4039,-0.3844,0,0
0.76226862788649,4040,-0.384,0,0
0.76226893865771,4041,-0.3836,0,0
0.76226924950564,4042,-0.3832,0,0
0.7622695604303,4043,-0.3828,0,0
0.76226987143167,4044,-0.3824,0,0
0.76227018250976,4045,-0.382,0,0
0.76227049366457,4046,-0.3816,0,0
0.7622708048961,4047,-0.3812,0,0
0.76227111620434,4048,-0.3808,0,0
0.7622714275893,4049,-0.3804,0,0
0.76227173905098,4050,-0.38,0,0
0.76227205058937,4051,-0.3796,0,0
0.76227236220449,4052,-0.3792,0,0
0.76227267389631,4053,-0.3788,0,0
0.76227298566486,4054,-0.3784,0,0
0.76227329751012,4055,-0.378,0,0
0.7622736094321,4056,-0.3776,0,0
0.76227392143079,4057,-0.3772,0,0
0.7622742335062,4058,-0.3768,0,0
0.76227454565833,4059,-0.3764,0,0
0.76227485788717,4060,-0.376,0,0
0.76227517019273,4061,-0.3756,0,0
0.762275482575,4062,-0.3752,0,0
0.76227579503399,4063,-0.3748,0,0
0.76227610756969,4064,-0.3744,0,0
0.76227642018211,4065,-0.374,0,0
0.76227673287124,4066,-0.3736,0,0
0.76227704563709,4067,-0.3732,0,0
0.76227735847965,4068,-0.3728,0,0
0.76227767139892,4069,-0.3724,0,0
0.76227798439492,4070,-0.372,0,0
0.76227829746762,4071,-0.3716,0,0
0.76227861061704,4072,-0.3712,0,0
0.76227892384317,4073,-0.3708,0,0
0.76227923714602,4074,-0.3704,0,0
0.76227955052558,4075,-0.37,0,0
0.76227986398185,4076,-0.3696,0,0
0.76228017751483,4077,-0.3692,0,0
0.76228049112453,4078,-0.3688,0,0
0.76228080481094,4079,-0.3684,0,0
0.76228111857407,4080,-0.368,0,0
0.76228143241391,4081,-0.3676,0,0
0.76228174633046,4082,-0.3672,0,0
0.76228206032372,4083,-0.3668,0,0
0.76228237439369,4084,-0.3664,0,0
0.76228268854038,4085,-0.366,0,0
0.76228300276378,4086,-0.3656,0,0
0.76228331706389,4087,-0.3652,0,0
0.76228363144071,4088,-0.3648,0,0
0.76228394589424,4089,-0.3644,0,0
0.76228426042448,4090,-0.364,0,0
0.76228457503144,4091,-0.3636,0,0
0.76228488971511,4092,-0.3632,0,0
0.76228520447548,4093,-0.3628,0,0
0.76228551931257,4094,-0.3624,0,0
0.76228583422637,4095,-0.362,0,0
0.76228614921688,4096,-0.3616,0,0
0.7622864642841,4097,-0.3612,0,0
0.76228677942803,4098,-0.3608,0,0
0.76228709464867,4099,-0.3604,0,0
0.76228740994602,4100,-0.36,0,0
0.76228772532007,4101,-0.3596,0,0
0.76228804077084,4102,-0.3592,0,0
0.76228835629832,4103,-0.3588,0,0
0.76228867190251,4104,-0.3584,0,0
0.7622889875834,4105,-0.358,0,0
0.76228930334101,4106,-0.3576,0,0
0.76228961917532,4107,-0.3572,0,0
0.76228993508635,4108,-0.3568,0,0
0.76229025107408,4109,-0.3564,0,0
0.76229056713852,4110,-0.356,0,0
0.76229088327966,4111,-0.3556,0,0
0.76229119949752,4112,-0.3552,0,0
0.76229151579208,4113,-0.3548,0,0
0.76229183216335,4114,-0.3544,0,0
0.76229214861133,4115,-0.354,0,0
0.76229246513602,4116,-0.3536,0,0
0.76229278173741,4117,-0.3532,0,0
0.76229309841551,4118,-0.3528,0,0
0.76229341517032,4119,-0.3524,0,0
0.76229373200184,4120,-0.352,0,0
0.76229404891006,4121,-0.3516,0,0
0.76229436589499,4122,-0.3512,0,0
0.76229468295662,4123,-0.3508,0,0
0.76229500009496,4124,-0.3504,0,0
0.76229531731001,4125,-0.35,0,0
0.76229563460176,4126,-0.3496,0,0
0.76229595197022,4127,-0.3492,0,0
0.76229626941539,4128,-0.3488,0,0
0.76229658693726,4129,-0.3484,0,0
0.76229690453583,4130,-0.348,0,0
0.76229722221111,4131,-0.3476,0,0
0.7622975399631,4132,-0.3472,0,0
0.76229785779179,4133,-0.3468,0,0
0.76229817569719,4134,-0.3464,0,0
0.76229849367929,4135,-0.346,0,0
0.76229881173809,4136,-0.3456,0,0
0.7622991298736,4137,-0.3452,0,0
0.76229944808582,4138,-0.3448,0,0
0.76229976637473,4139,-0.3444,0,0
0.76230008474036,4140,-0.344,0,0
0.76230040318268,4141,-0.3436,0,0
0.76230072170171,4142,-0.3432,0,0
0.76230104029744,4143,-0.3428,0,0
0.76230135896988,4144,-0.3424,0,0
0.76230167771902,4145,-0.342,0,0
0.76230199654486,4146,-0.3416,0,0
0.7623023154474,4147,-0.3412,0,0
0.76230263442665,4148,-0.3408,0,0
0.7623029534826,4149,-0.3404,0,0
0.76230327261525,4150,-0.34,0,0
0.76230359182461,4151,-0.3396,0,0
0.76230391111067,4152,-0.3392,0,0
0.76230423047343,4153,-0.3388,0,0
0.76230454991289,4154,-0.3384,0,0
0.76230486942905,4155,-0.338,0,0
0.76230518902191,4156,-0.3376,0,0
0.76230550869148,4157,-0.3372,0,0
0.76230582843775,4158,-0.3368,0,0
0.76230614826071,4159,-0.3364,0,0
0.76230646816038,4160,-0.336,0,0
0.76230678813675,4161,-0.3356,0,0
0.76230710818982,4162,-0.3352,0,0
0.76230742831959,4163,-0.3348,0,0
0.76230774852606,4164,-0.3344,0,0
0.76230806880924,4165,-0.334,0,0
0.76230838916911,4166,-0.3336,0,0
0.76230870960568,4167,-0.3332,0,0
0.76230903011895,4168,-0.3328,0,0
0.76230935070892,4169,-0.3324,0,0
0.76230967137559,4170,-0.332,0,0
0.76230999211896,4171,-0.3316,0,0
0.76231031293903,4172,-0.3312,0,0
0.7623106338358,4173,-0.3308,0,0
0.76231095480926,4174,-0.3304,0,0
0.76231127585943,4175,-0.33,0,0
0.76231159698629,4176,-0.3296,0,0
0.76231191818985,4177,-0.3292,0,0
0.76231223947011,4178,-0.3288,0,0
0.76231256082707,4179,-0.3284,0,0
0.76231288226073,4180,-0.328,0,0
0.76231320377108,4181,-0.3276,0,0
0.76231352535814,4182,-0.3272,0,0
0.76231384702188,4183,-0.3268,0,0
0.76231416876233,4184,-0.3264,0,0
0.76231449057948,4185,-0.326,0,0
0.76231481247332,4186,-0.3256,0,0
0.76231513444385,4187,-0.3252,0,0
0.76231545649109,4188,-0.3248,0,0
0.76231577861502,4189,-0.3244,0,0
0.76231610081565,4190,-0.324,0,0
0.76231642309297,4191,-0.3236,0,0
0.76231674544699,4192,-0.3232,0,0
0.76231706787771,4193,-0.3228,0,0
0.76231739038512,4194,-0.3224,0,0
0.76231771296923,4195,-0.322,0,0
0.76231803563003,4196,-0.3216,0,0
0.76231835836753,4197,-0.3212,0,0
0.76231868118173,4198,-0.3208,0,0
0.76231900407261,4199,-0.3204,0,0
0.7623193270402,4200,-0.32,0,0
0.76231965008448,4201,-0.3196,0,0
0.76231997320545,4202,-0.3192,0,0
0.76232029640312,4203,-0.3188,0,0
0.76232061967748,4204,-0.3184,0,0
0.76232094302854,4205,-0.318,0,0
0.76232126645629,4206,-0.3176,0,0
0.76232158996073,4207,-0.3172,0,0
0.76232191354187,4208,-0.3168,0,0
0.7623222371997,4209,-0.3164,0,0
0.76232256093423,4210,-0.316,0,0
0.76232288474545,4211,-0.3156,0,0
0.76232320863336,4212,-0.3152,0,0
0.76232353259796,4213,-0.3148,0,0
0.76232385663926,4214,-0.3144,0,0
0.76232418075725,4215,-0.314,0,0
0.76232450495193,4216,-0.3136,0,0
0.76232482922331,4217,-0.3132,0,0
0.76232515357138,4218,-0.3128,0,0
0.76232547799614,4219,-0.3124,0,0
0.76232580249759,4220,-0.312,0,0
0.76232612707573,4221,-0.3116,0,0
0.76232645173057,4222,-0.3112,0,0
0.76232677646209,4223,-0.3108,0,0
0.76232710127031,4224,-0.3104,0,0
0.76232742615522,4225,-0.31,0,0
0.76232775111682,4226,-0.3096,0,0
0.76232807615511,4227,-0.3092,0,0
0.76232840127009,4228,-0.3088,0,0
0.76232872646176,4229,-0.3084,0,0
0.76232905173013,4230,-0.308,0,0
0.76232937707518,4231,-0.3076,0,0
0.76232970249692,4232,-0.3072,0,0
0.76233002799535,4233,-0.3068,0,0
0.76233035357048,4234,-0.3064,0,0
0.76233067922229,4235,-0.306,0,0
0.76233100495079,4236,-0.3056,0,0
0.76233133075598,4237,-0.3052,0,0
0.76233165663786,4238,-0.3048,0,0
0.76233198259643,4239,-0.3044,0,0
0.76233230863169,4240,-0.304,0,0
0.76233263474364,4241,-0.3036,0,0
0.76233296093227,4242,-0.3032,0,0
0.7623332871976,4243,-0.3028,0,0
0.76233361353961,4244,-0.3024,0,0
0.76233393995831,4245,-0.302,0,0
0.7623342664537,4246,-0.3016,0,0
0.76233459302577,4247,-0.3012,0,0
0.76233491967454,4248,-0.3008,0,0
0.76233524639999,4249,-0.3004,0,0
0.76233557320213,4250,-0.3,0,0
0.76233590008096,4251,-0.2996,0,0
0.76233622703647,4252,-0.2992,0,0
0.76233655406867,4253,-0.2988,0,0
0.76233688117756,4254,-0.2984,0,0
0.76233720836313,4255,-0.298,0,0
0.76233753562539,4256,-0.2976,0,0
0.76233786296434,4257,-0.2972,0,0
0.76233819037997,4258,-0.2968,0,0
0.76233851787229,4259,-0.2964,0,0
0.76233884544129,4260,-0.296,0,0
0.76233917308698,4261,-0.2956,0,0
0.76233950080936,4262,-0.2952,0,0
0.76233982860842,4263,-0.2948,0,0
0.76234015648416,4264,-0.2944,0,0
0.7623404844366,4265,-0.294,0,0
0.76234081246571,4266,-0.2936,0,0
0.76234114057151,4267,-0.2932,0,0
0.762341468754,4268,-0.2928,0,0
0.76234179701317,4269,-0.2924,0,0
0.76234212534902,4270,-0.292,0,0
0.76234245376156,4271,-0.2916,0,0
0.76234278225079,4272,-0.2912,0,0
0.76234311081669,4273,-0.2908,0,0
0.76234343945928,4274,-0.2904,0,0
0.76234376817856,4275,-0.29,0,0
0.76234409697451,4276,-0.2896,0,0
0.76234442584715,4277,-0.2892,0,0
0.76234475479648,4278,-0.2888,0,0
0.76234508382248,4279,-0.2884,0,0
0.76234541292517,4280,-0.288,0,0
0.76234574210454,4281,-0.2876,0,0
0.7623460713606,4282,-0.2872,0,0
0.76234640069334,4283,-0.2868,0,0
0.76234673010276,4284,-0.2864,0,0
0.76234705958886,4285,-0.286,0,0
0.76234738915164,4286,-0.2856,0,0
0.7623477187911,4287,-0.2852,0,0
0.76234804850725,4288,-0.2848,0,0
0.76234837830008,4289,-0.2844,0,0
0.76234870816959,4290,-0.284,0,0
0.76234903811578,4291,-0.2836,0,0
0.76234936813865,4292,-0.2832,0,0
0.7623496982382,4293,-0.2828,0,0
0.76235002841443,4294,-0.2824,0,0
0.76235035866734,4295,-0.282,0,0
0.76235068899694,4296,-0.2816,0,0
0.76235101940321,4297,-0.2812,0,0
0.76235134988616,4298,-0.2808,0,0
0.7623516804458,4299,-0.2804,0,0
0.76235201108211,4300,-0.28,0,0
0.7623523417951,4301,-0.2796,0,0
0.76235267258477,4302,-0.2792,0,0
0.76235300345112,4303,-0.2788,0,0
0.76235333439415,4304,-0.2784,0,0
0.76235366541386,4305,-0.278,0,0
0.76235399651025,4306,-0.2776,0,0
0.76235432768332,4307,-0.2772,0,0
0.76235465893306,4308,-0.2768,0,0
0.76235499025949,4309,-0.2764,0,0
0.76235532166259,4310,-0.276,0,0
0.76235565314237,4311,-0.2756,0,0
0.76235598469883,4312,-0.2752,0,0
0.76235631633196,4313,-0.2748,0,0
0.76235664804177,4314,-0.2744,0,0
0.76235697982826,4315,-0.274,0,0
0.76235731169143,4316,-0.2736,0,0
0.76235764363128,4317,-0.2732,0,0
0.7623579756478,4318,-0.2728,0,0
0.762358307741,4319,-0.2724,0,0
0.76235863991087,4320,-0.272,0,0
0.76235897215742,4321,-0.2716,0,0
0.76235930448065,4322,-0.2712,0,0
0.76235963688055,4323,-0.2708,0,0
0.76235996935713,4324,-0.2704,0,0
0.76236030191039,4325,-0.27,0,0
0.76236063454032,4326,-0.2696,0,0
0.76236096724693,4327,-0.2692,0,0
0.76236130003021,4328,-0.2688,0,0
0.76236163289017,4329,-0.2684,0,0
0.7623619658268,4330,-0.268,0,0
0.76236229884011,4331,-0.2676,0,0
0.76236263193009,4332,-0.2672,0,0
0.76236296509674,4333,-0.2668,0,0
0.76236329834008,4334,-0.2664,0,0
0.76236363166008,4335,-0.266,0,0
0.76236396505676,4336,-0.2656,0,0
0.76236429853012,4337,-0.2652,0,0
0.76236463208014,4338,-0.2648,0,0
0.76236496570684,4339,-0.2644,0,0
0.76236529941022,4340,-0.264,0,0
0.76236563319027,4341,-0.2636,0,0
0.76236596704699,4342,-0.2632,0,0
0.76236630098038,4343,-0.2628,0,0
0.76236663499045,4344,-0.2624,0,0
0.76236696907719,4345,-0.262,0,0
0.7623673032406,4346,-0.2616,0,0
0.76236763748069,4347,-0.2612,0,0
0.76236797179745,4348,-0.2608,0,0
0.76236830619087,4349,-0.2604,0,0
0.76236864066098,4350,-0.26,0,0
0.76236897520775,4351,-0.2596,0,0
0.76236930983119,4352,-0.2592,0,0
0.76236964453131,4353,-0.2588,0,0
0.7623699793081,4354,-0.2584,0,0
0.76237031416156,4355,-0.258,0,0
0.76237064909169,4356,-0.2576,0,0
0.76237098409849,4357,-0.2572,0,0
0.76237131918196,4358,-0.2568,0,0
0.7623716543421,4359,-0.2564,0,0
0.76237198957891,4360,-0.256,0,0
0.7623723248924,4361,-0.2556,0,0
0.76237266028255,4362,-0.2552,0,0
0.76237299574937,4363,-0.2548,0,0
0.76237333129286,4364,-0.2544,0,0
0.76237366691303,4365,-0.254,0,0
0.76237400260986,4366,-0.2536,0,0
0.76237433838336,4367,-0.2532,0,0
0.76237467423353,4368,-0.2528,0,0
0.76237501016037,4369,-0.2524,0,0
0.76237534616388,4370,-0.252,0,0
0.76237568224405,4371,-0.2516,0,0
0.7623760184009,4372,-0.2512,0,0
0.76237635463441,4373,-0.2508,0,0
0.76237669094459,4374,-0.2504,0,0
0.76237702733144,4375,-0.25,0,0
0.76237736379496,4376,-0.2496,0,0
0.76237770033515,4377,-0.2492,0,0
0.762378036952,4378,-0.2488,0,0
0.76237837364552,4379,-0.2484,0,0
0.76237871041571,4380,-0.248,0,0
0.76237904726256,4381,-0.2476,0,0
0.76237938418608,4382,-0.2472,0,0
0.76237972118627,4383,-0.2468,0,0
0.76238005826313,4384,-0.2464,0,0
0.76238039541665,4385,-0.246,0,0
0.76238073264684,4386,-0.2456,0,0
0.76238106995369,4387,-0.2452,0,0
0.76238140733721,4388,-0.2448,0,0
0.7623817447974,4389,-0.2444,0,0
0.76238208233425,4390,-0.244,0,0
0.76238241994777,4391,-0.2436,0,0
0.76238275763795,4392,-0.2432,0,0
0.7623830954048,4393,-0.2428,0,0
0.76238343324831,4394,-0.2424,0,0
0.76238377116849,4395,-0.242,0,0
0.76238410916533,4396,-0.2416,0,0
0.76238444723884,4397,-0.2412,0,0
0.76238478538901,4398,-0.2408,0,0
0.76238512361585,4399,-0.2404,0,0
0.76238546191935,4400,-0.24,0,0
0.76238580029951,4401,-0.2396,0,0
0.76238613875634,4402,-0.2392,0,0
0.76238647728983,4403,-0.2388,0,0
0.76238681589999,4404,-0.2384,0,0
0.7623871545868,4405,-0.238,0,0
0.76238749335029,4406,-0.2376,0,0
0.76238783219043,4407,-0.2372,0,0
0.76238817110724,4408,-0.2368,0,0
0.76238851010071,4409,-0.2364,0,0
0.76238884917084,4410,-0.236,0,0
0.76238918831764,4411,-0.2356,0,0
0.76238952754109,4412,-0.2352,0,0
0.76238986684121,4413,-0.2348,0,0
0.76239020621799,4414,-0.2344,0,0
0.76239054567144,4415,-0.234,0,0
0.76239088520154,4416,-0.2336,0,0
0.76239122480831,4417,-0.2332,0,0
0.76239156449174,4418,-0.2328,0,0
0.76239190425182,4419,-0.2324,0,0
0.76239224408857,4420,-0.232,0,0
0.76239258400198,4421,-0.2316,0,0
0.76239292399205,4422,-0.2312,0,0
0.76239326405879,4423,-0.2308,0,0
0.76239360420218,4424,-0.2304,0,0
0.76239394442223,4425,-0.23,0,0
0.76239428471894,4426,-0.2296,0,0
0.76239462509231,4427,-0.2292,0,0
0.76239496554235,4428,-0.2288,0,0
0.76239530606904,4429,-0.2284,0,0
0.76239564667239,4430,-0.228,0,0
0.7623959873524,4431,-0.2276,0,0
0.76239632810907,4432,-0.2272,0,0
0.76239666894239,4433,-0.2268,0,0
0.76239700985238,4434,-0.2264,0,0
0.76239735083902,4435,-0.226,0,0
0.76239769190233,4436,-0.2256,0,0
0.76239803304229,4437,-0.2252,0,0
0.76239837425891,4438,-0.2248,0,0
0.76239871555219,4439,-0.2244,0,0
0.76239905692212,4440,-0.224,0,0
0.76239939836872,4441,-0.2236,0,0
0.76239973989197,4442,-0.2232,0,0
0.76240008149187,4443,-0.2228,0,0
0.76240042316844,4444,-0.2224,0,0
0.76240076492166,4445,-0.222,0,0
0.76240110675154,4446,-0.2216,0,0
0.76240144865808,4447,-0.2212,0,0
0.76240179064127,4448,-0.2208,0,0
0.76240213270112,4449,-0.2204,0,0
0.76240247483762,4450,-0.22,0,0
0.76240281705078,4451,-0.2196,0,0
0.7624031593406,4452,-0.2192,0,0
0.76240350170707,4453,-0.2188,0,0
0.7624038441502,4454,-0.2184,0,0
0.76240418666998,4455,-0.218,0,0
0.76240452926642,4456,-0.2176,0,0
0.76240487193951,4457,-0.2172,0,0
0.76240521468926,4458,-0.2168,0,0
0.76240555751566,4459,-0.2164,0,0
0.76240590041872,4460,-0.216,0,0
0.76240624339843,4461,-0.2156,0,0
0.7624065864548,4462,-0.2152,0,0
0.76240692958782,4463,-0.2148,0,0
0.7624072727975,4464,-0.2144,0,0
0.76240761608383,4465,-0.214,0,0
0.76240795944681,4466,-0.2136,0,0
0.76240830288644,4467,-0.2132,0,0
0.76240864640273,4468,-0.2128,0,0
0.76240898999567,4469,-0.2124,0,0
0.76240933366527,4470,-0.212,0,0
0.76240967741152,4471,-0.2116,0,0
0.76241002123442,4472,-0.2112,0,0
0.76241036513397,4473,-0.2108,0,0
0.76241070911018,4474,-0.2104,0,0
0.76241105316303,4475,-0.21,0,0
0.76241139729254,4476,-0.2096,0,0
0.7624117414987,4477,-0.2092,0,0
0.76241208578152,4478,-0.2088,0,0
0.76241243014098,4479,-0.2084,0,0
0.7624127745771,4480,-0.208,0,0
0.76241311908987,4481,-0.2076,0,0
0.76241346367929,4482,-0.2072,0,0
0.76241380834535,4483,-0.2068,0,0
0.76241415308807,4484,-0.2064,0,0
0.76241449790745,4485,-0.206,0,0
0.76241484280347,4486,-0.2056,0,0
0.76241518777614,4487,-0.2052,0,0
0.76241553282546,4488,-0.2048,0,0
0.76241587795143,4489,-0.2044,0,0
0.76241622315405,4490,-0.204,0,0
0.76241656843332,4491,-0.2036,0,0
0.76241691378924,4492,-0.2032,0,0
0.76241725922181,4493,-0.2028,0,0
0.76241760473103,4494,-0.2024,0,0
0.7624179503169,4495,-0.202,0,0
0.76241829597942,4496,-0.2016,0,0
0.76241864171858,4497,-0.2012,0,0
0.7624189875344,4498,-0.2008,0,0
0.76241933342686,4499,-0.2004,0,0
0.76241967939597,4500,-0.2,0,0
0.76242002544173,4501,-0.1996,0,0
0.76242037156414,4502,-0.1992,0,0
0.76242071776319,4503,-0.1988,0,0
0.76242106403889,4504,-0.1984,0,0
0.76242141039124,4505,-0.198,0,0
0.76242175682024,4506,-0.1976,0,0
0.76242210332588,4507,-0.1972,0,0
0.76242244990817,4508,-0.1968,0,0
0.76242279656711,4509,-0.1964,0,0
0.76242314330269,4510,-0.196,0,0
0.76242349011492,4511,-0.1956,0,0
0.7624238370038,4512,-0.1952,0,0
0.76242418396932,4513,-0.1948,0,0
0.76242453101149,4514,-0.1944,0,0
0.7624248781303,4515,-0.194,0,0
0.76242522532576,4516,-0.1936,0,0
0.76242557259786,4517,-0.1932,0,0
0.76242591994661,4518,-0.1928,0,0
0.76242626737201,4519,-0.1924,0,0
0.76242661487405,4520,-0.192,0,0
0.76242696245273,4521,-0.1916,0,0
0.76242731010806,4522,-0.1912,0,0
0.76242765784004,4523,-0.1908,0,0
0.76242800564866,4524,-0.1904,0,0
0.76242835353392,4525,-0.19,0,0
0.76242870149582,4526,-0.1896,0,0
0.76242904953438,4527,-0.1892,0,0
0.76242939764957,4528,-0.1888,0,0
0.76242974584141,4529,-0.1884,0,0
0.76243009410989,4530,-0.188,0,0
0.76243044245501,4531,-0.1876,0,0
0.76243079087678,4532,-0.1872,0,0
0.76243113937519,4533,-0.1868,0,0
0.76243148795024,4534,-0.1864,0,0
0.76243183660194,4535,-0.186,0,0
0.76243218533027,4536,-0.1856,0,0
0.76243253413525,4537,-0.1852,0,0
0.76243288301687,4538,-0.1848,0,0
0.76243323197514,4539,-0.1844,0,0
0.76243358101004,4540,-0.184,0,0
0.76243393012159,4541,-0.1836,0,0
0.76243427930978,4542,-0.1832,0,0
0.76243462857461,4543,-0.1828,0,0
0.76243497791608,4544,-0.1824,0,0
0.76243532733419,4545,-0.182,0,0
0.76243567682894,4546,-0.1816,0,0
0.76243602640033,4547,-0.1812,0,0
0.76243637604837,4548,-0.1808,0,0
0.76243672577304,4549,-0.1804,0,0
0.76243707557435,4550,-0.18,0,0
0.7624374254523,4551,-0.1796,0,0
0.7624377754069,4552,-0.1792,0,0
0.76243812543813,4553,-0.1788,0,0
0.762438475546,4554,-0.1784,0,0
0.76243882573051,4555,-0.178,0,0
0.76243917599166,4556,-0.1776,0,0
0.76243952632945,4557,-0.1772,0,0
0.76243987674388,4558,-0.1768,0,0
0.76244022723495,4559,-0.1764,0,0
0.76244057780265,4560,-0.176,0,0
0.76244092844699,4561,-0.1756,0,0
0.76244127916798,4562,-0.1752,0,0
0.7624416299656,4563,-0.1748,0,0
0.76244198083985,4564,-0.1744,0,0
0.76244233179075,4565,-0.174,0,0
0.76244268281828,4566,-0.1736,0,0
0.76244303392245,4567,-0.1732,0,0
0.76244338510326,4568,-0.1728,0,0
0.7624437363607,4569,-0.1724,0,0
0.76244408769478,4570,-0.172,0,0
0.7624444391055,4571,-0.1716,0,0
0.76244479059285,4572,-0.1712,0,0
0.76244514215684,4573,-0.1708,0,0
0.76244549379747,4574,-0.1704,0,0
0.76244584551473,4575,-0.17,0,0
0.76244619730863,4576,-0.1696,0,0
0.76244654917916,4577,-0.1692,0,0
0.76244690112633,4578,-0.1688,0,0
0.76244725315013,4579,-0.1684,0,0
0.76244760525057,4580,-0.168,0,0
0.76244795742765,4581,-0.1676,0,0
0.76244830968136,4582,-0.1672,0,0
0.7624486620117,4583,-0.1668,0,0
0.76244901441868,4584,-0.1664,0,0
0.76244936690229,4585,-0.166,0,0
0.76244971946254,4586,-0.1656,0,0
0.76245007209942,4587,-0.1652,0,0
0.76245042481294,4588,-0.1648,0,0
0.76245077760308,4589,-0.1644,0,0
0.76245113046987,4590,-0.164,0,0
0.76245148341328,4591,-0.1636,0,0
0.76245183643333,4592,-0.1632,0,0
0.76245218953001,4593,-0.1628,0,0
0.76245254270333,4594,-0.1624,0,0
0.76245289595328,4595,-0.162,0,0
0.76245324927986,4596,-0.1616,0,0
0.76245360268307,4597,-0.1612,0,0
0.76245395616291,4598,-0.1608,0,0
0.76245430971939,4599,-0.1604,0,0
0.7624546633525,4600,-0.16,0,0
0.76245501706224,4601,-0.1596,0,0
0.76245537084861,4602,-0.1592,0,0
0.76245572471161,4603,-0.1588,0,0
0.76245607865125,4604,-0.1584,0,0
0.76245643266751,4605,-0.158,0,0
0.76245678676041,4606,-0.1576,0,0
0.76245714092993,4607,-0.1572,0,0
0.76245749517609,4608,-0.1568,0,0
0.76245784949888,4609,-0.1564,0,0
0.7624582038983,4610,-0.156,0,0
0.76245855837435,4611,-0.1556,0,0
0.76245891292703,4612,-0.1552,0,0
0.76245926755633,4613,-0.1548,0,0
0.76245962226227,4614,-0.1544,0,0
0.76245997704484,4615,-0.154,0,0
0.76246033190403,4616,-0.1536,0,0
0.76246068683986,4617,-0.1532,0,0
0.76246104185231,4618,-0.1528,0,0
0.7624613969414,4619,-0.1524,0,0
0.76246175210711,4620,-0.152,0,0
0.76246210734945,4621,-0.1516,0,0
0.76246246266842,4622,-0.1512,0,0
0.76246281806401,4623,-0.1508,0,0
0.76246317353624,4624,-0.1504,0,0
0.76246352908509,4625,-0.15,0,0
0.76246388471057,4626,-0.1496,0,0
0.76246424041267,4627,-0.1492,0,0
0.76246459619141,4628,-0.1488,0,0
0.76246495204677,4629,-0.1484,0,0
0.76246530797876,4630,-0.148,0,0
0.76246566398737,4631,-0.1476,0,0
0.76246602007261,4632,-0.1472,0,0
0.76246637623448,4633,-0.1468,0,0
0.76246673247298,4634,-0.1464,0,0
0.7624670887881,4635,-0.146,0,0
0.76246744517984,4636,-0.1456,0,0
0.76246780164821,4637,-0.1452,0,0
0.76246815819321,4638,-0.1448,0,0
0.76246851481484,4639,-0.1444,0,0
0.76246887151308,4640,-0.144,0,0
0.76246922828796,4641,-0.1436,0,0
0.76246958513946,4642,-0.1432,0,0
0.76246994206758,4643,-0.1428,0,0
0.76247029907233,4644,-0.1424,0,0
0.7624706561537,4645,-0.142,0,0
0.76247101331169,4646,-0.1416,0,0
0.76247137054631,4647,-0.1412,0,0
0.76247172785756,4648,-0.1408,0,0
0.76247208524543,4649,-0.1404,0,0
0.76247244270992,4650,-0.14,0,0
0.76247280025103,4651,-0.1396,0,0
0.76247315786877,4652,-0.1392,0,0
0.76247351556313,4653,-0.1388,0,0
0.76247387333412,4654,-0.1384,0,0
0.76247423118173,4655,-0.138,0,0
0.76247458910596,4656,-0.1376,0,0
0.76247494710681,4657,-0.1372,0,0
0.76247530518428,4658,-0.1368,0,0
0.76247566333838,4659,-0.1364,0,0
0.7624760215691,4660,-0.136,0,0
0.76247637987644,4661,-0.1356,0,0
0.7624767382604,4662,-0.1352,0,0
0.76247709672098,4663,-0.1348,0,0
0.76247745525819,4664,-0.1344,0,0
0.76247781387202,4665,-0.134,0,0
0.76247817256246,4666,-0.1336,0,0
0.76247853132953,4667,-0.1332,0,0
0.76247889017322,4668,-0.1328,0,0
0.76247924909353,4669,-0.1324,0,0
0.76247960809045,4670,-0.132,0,0
0.762479967164,4671,-0.1316,0,0
0.76248032631417,4672,-0.1312,0,0
0.76248068554096,4673,-0.1308,0,0
0.76248104484437,4674,-0.1304,0,0
0.7624814042244,4675,-0.13,0,0
0.76248176368104,4676,-0.1296,0,0
0.76248212321431,4677,-0.1292,0,0
0.76248248282419,4678,-0.1288,0,0
0.7624828425107,4679,-0.1284,0,0
0.76248320227382,4680,-0.128,0,0
0.76248356211356,4681,-0.1276,0,0
0.76248392202992,4682,-0.1272,0,0
0.7624842820229,4683,-0.1268,0,0
0.76248464209249,4684,-0.1264,0,0
0.7624850022387,4685,-0.126,0,0
0.76248536246153,4686,-0.1256,0,0
0.76248572276098,4687,-0.1252,0,0
0.76248608313705,4688,-0.1248,0,0
0.76248644358973,4689,-0.1244,0,0
0.76248680411903,4690,-0.124,0,0
0.76248716472494,4691,-0.1236,0,0
0.76248752540748,4692,-0.1232,0,0
0.76248788616662,4693,-0.1228,0,0
0.76248824700239,4694,-0.1224,0,0
0.76248860791477,4695,-0.122,0,0
0.76248896890377,4696,-0.1216,0,0
0.76248932996938,4697,-0.1212,0,0
0.76248969111161,4698,-0.1208,0,0
0.76249005233045,4699,-0.1204,0,0
0.76249041362591,4700,-0.12,0,0
0.76249077499798,4701,-0.1196,0,0
0.76249113644667,4702,-0.1192,0,0
0.76249149797198,4703,-0.1188,0,0
0.76249185957389,4704,-0.1184,0,0
0.76249222125243,4705,-0.118,0,0
0.76249258300757,4706,-0.1176,0,0
0.76249294483933,4707,-0.1172,0,0
0.76249330674771,4708,-0.1168,0,0
0.7624936687327,4709,-0.1164,0,0
0.7624940307943,4710,-0.116,0,0
0.76249439293251,4711,-0.1156,0,0
0.76249475514734,4712,-0.1152,0,0
0.76249511743878,4713,-0.1148,0,0
0.76249547980684,4714,-0.1144,0,0
0.76249584225151,4715,-0.114,0,0
0.76249620477279,4716,-0.1136,0,0
0.76249656737068,4717,-0.1132,0,0
0.76249693004518,4718,-0.1128,0,0
0.7624972927963,4719,-0.1124,0,0
0.76249765562403,4720,-0.112,0,0
0.76249801852836,4721,-0.1116,0,0
0.76249838150932,4722,-0.1112,0,0
0.76249874456688,4723,-0.1108,0,0
0.76249910770105,4724,-0.1104,0,0
0.76249947091184,4725,-0.11,0,0
0.76249983419923,4726,-0.1096,0,0
0.76250019756324,4727,-0.1092,0,0
0.76250056100386,4728,-0.1088,0,0
0.76250092452108,4729,-0.1084,0,0
0.76250128811492,4730,-0.108,0,0
0.76250165178537,4731,-0.1076,0,0
0.76250201553242,4732,-0.1072,0,0
0.76250237935609,4733,-0.1068,0,0
0.76250274325637,4734,-0.1064,0,0
0.76250310723325,4735,-0.106,0,0
0.76250347128675,4736,-0.1056,0,0
0.76250383541685,4737,-0.1052,0,0
0.76250419962356,4738,-0.1048,0,0
0.76250456390689,4739,-0.1044,0,0
0.76250492826682,4740,-0.104,0,0
0.76250529270335,4741,-0.1036,0,0
0.7625056572165,4742,-0.1032,0,0
0.76250602180625,4743,-0.1028,0,0
0.76250638647262,4744,-0.1024,0,0
0.76250675121558,4745,-0.102,0,0
0.76250711603516,4746,-0.1016,0,0
0.76250748093135,4747,-0.1012,0,0
0.76250784590414,4748,-0.1008,0,0
0.76250821095354,4749,-0.1004,0,0
0.76250857607954,4750,-0.1,0,0
0.76250894128215,4751,-0.0996,0,0
0.76250930656137,4752,-0.0992,0,0
0.76250967191719,4753,-0.0988,0,0
0.76251003734962,4754,-0.0984,0,0
0.76251040285866,4755,-0.098,0,0
0.7625107684443,4756,-0.0976,0,0
0.76251113410655,4757,-0.0972,0,0
0.7625114998454,4758,-0.0968,0,0
0.76251186566086,4759,-0.0964,0,0
0.76251223155293,4760,-0.096,0,0
0.76251259752159,4761,-0.0956,0,0
0.76251296356687,4762,-0.0952,0,0
0.76251332968874,4763,-0.0948,0,0
0.76251369588723,4764,-0.0944,0,0
0.76251406216231,4765,-0.094,0,0
0.762514428514,4766,-0.0936,0,0
0.7625147949423,4767,-0.0932,0,0
0.7625151614472,4768,-0.0928,0,0
0.7625155280287,4769,-0.0924,0,0
0.7625158946868,4770,-0.092,0,0
0.76251626142151,4771,-0.0916,0,0
0.76251662823282,4772,-0.0912,0,0
0.76251699512073,4773,-0.0908,0,0
0.76251736208525,4774,-0.0904,0,0
0.76251772912637,4775,-0.09,0,0
0.76251809624409,4776,-0.0896,0,0
0.76251846343841,4777,-0.0892,0,0
0.76251883070934,4778,-0.0888,0,0
0.76251919805687,4779,-0.0884,0,0
0.762519565481,4780,-0.088,0,0
0.76251993298173,4781,-0.0876,0,0
0.76252030055906,4782,-0.0872,0,0
0.76252066821299,4783,-0.0868,0,0
0.76252103594353,4784,-0.0864,0,0
0.76252140375066,4785,-0.086,0,0
0.7625217716344,4786,-0.0856,0,0
0.76252213959473,4787,-0.0852,0,0
0.76252250763167,4788,-0.0848,0,0
0.7625228757452,4789,-0.0844,0,0
0.76252324393534,4790,-0.084,0,0
0.76252361220208,4791,-0.0836,0,0
0.76252398054541,4792,-0.0832,0,0
0.76252434896535,4793,-0.0828,0,0
0.76252471746188,4794,-0.0824,0,0
0.76252508603501,4795,-0.082,0,0
0.76252545468475,4796,-0.0816,0,0
0.76252582341108,4797,-0.0812,0,0
0.76252619221401,4798,-0.0808,0,0
0.76252656109353,4799,-0.0804,0,0
0.76252693004966,4800,-0.08,0,0
0.76252729908239,4801,-0.0796,0,0
0.76252766819171,4802,-0.0792,0,0
0.76252803737763,4803,-0.0788,0,0
0.76252840664014,4804,-0.0784,0,0
0.76252877597926,4805,-0.078,0,0
0.76252914539497,4806,-0.0776,0,0
0.76252951488728,4807,-0.0772,0,0
0.76252988445619,4808,-0.0768,0,0
0.76253025410169,4809,-0.0764,0,0
0.76253062382379,4810,-0.076,0,0
0.76253099362248,4811,-0.0756,0,0
0.76253136349777,4812,-0.0752,0,0
0.76253173344966,4813,-0.0748,0,0
0.76253210347814,4814,-0.0744,0,0
0.76253247358322,4815,-0.074,0,0
0.7625328437649,4816,-0.0736,0,0
0.76253321402317,4817,-0.0732,0,0
0.76253358435803,4818,-0.0728,0,0
0.76253395476949,4819,-0.0724,0,0
0.76253432525755,4820,-0.072,0,0
0.7625346958222,4821,-0.0716,0,0
0.76253506646344,4822,-0.0712,0,0
0.76253543718128,4823,-0.0708,0,0
0.76253580797571,4824,-0.0704,0,0
0.76253617884674,4825,-0.07,0,0
0.76253654979435,4826,-0.0696,0,0
0.76253692081857,4827,-0.0692,0,0
0.76253729191937,4828,-0.0688,0,0
0.76253766309677,4829,-0.0684,0,0
0.76253803435077,4830,-0.068,0,0
0.76253840568135,4831,-0.0676,0,0
0.76253877708853,4832,-0.0672,0,0
0.7625391485723,4833,-0.0668,0,0
0.76253952013267,4834,-0.0664,0,0
0.76253989176962,4835,-0.066,0,0
0.76254026348317,4836,-0.0656,0,0
0.76254063527331,4837,-0.0652,0,0
0.76254100714004,4838,-0.0648,0,0
0.76254137908336,4839,-0.0644,0,0
0.76254175110328,4840,-0.064,0,0
0.76254212319978,4841,-0.0636,0,0
0.76254249537288,4842,-0.0632,0,0
0.76254286762256,4843,-0.0628,0,0
0.76254323994884,4844,-0.0624,0,0
0.76254361235171,4845,-0.062,0,0
0.76254398483117,4846,-0.0616,0,0
0.76254435738722,4847,-0.0612,0,0
0.76254473001986,4848,-0.0608,0,0
0.76254510272908,4849,-0.0604,0,0
0.7625454755149,4850,-0.06,0,0
0.76254584837731,4851,-0.0596,0,0
0.7625462213163,4852,-0.0592,0,0
0.76254659433189,4853,-0.0588,0,0
0.76254696742406,4854,-0.0584,0,0
0.76254734059283,4855,-0.058,0,0
0.76254771383818,4856,-0.0576,0,0
0.76254808716012,4857,-0.0572,0,0
0.76254846055865,4858,-0.0568,0,0
0.76254883403376,4859,-0.0564,0,0
0.76254920758547,4860,-0.056,0,0
0.76254958121376,4861,-0.0556,0,0
0.76254995491864,4862,-0.0552,0,0
0.7625503287001,4863,-0.0548,0,0
0.76255070255816,4864,-0.0544,0,0
0.7625510764928,4865,-0.054,0,0
0.76255145050403,4866,-0.0536,0,0
0.76255182459184,4867,-0.0532,0,0
0.76255219875624,4868,-0.0528,0,0
0.76255257299723,4869,-0.0524,0,0
0.7625529473148,4870,-0.052,0,0
0.76255332170896,4871,-0.0516,0,0
0.76255369617971,4872,-0.0512,0,0
0.76255407072704,4873,-0.0508,0,0
0.76255444535095,4874,-0.0504,0,0
0.76255482005145,4875,-0.05,0,0
0.76255519482854,4876,-0.0496,0,0
0.76255556968221,4877,-0.0492,0,0
0.76255594461247,4878,-0.0488,0,0
0.76255631961931,4879,-0.0484,0,0
0.76255669470273,4880,-0.048,0,0
0.76255706986274,4881,-0.0476,0,0
0.76255744509933,4882,-0.0472,0,0
0.76255782041251,4883,-0.0468,0,0
0.76255819580227,4884,-0.0464,0,0
0.76255857126861,4885,-0.046,0,0
0.76255894681154,4886,-0.0456,0,0
0.76255932243105,4887,-0.0452,0,0
0.76255969812714,4888,-0.0448,0,0
0.76256007389982,4889,-0.0444,0,0
0.76256044974908,4890,-0.044,0,0
0.76256082567492,4891,-0.0436,0,0
0.76256120167734,4892,-0.0432,0,0
0.76256157775635,4893,-0.0428,0,0
0.76256195391194,4894,-0.0424,0,0
0.76256233014411,4895,-0.042,0,0
0.76256270645286,4896,-0.0416,0,0
0.76256308283819,4897,-0.0412,0,0
0.7625634593001,4898,-0.0408,0,0
0.7625638358386,4899,-0.0404,0,0
0.76256421245367,4900,-0.04,0,0
0.76256458914533,4901,-0.0396,0,0
0.76256496591356,4902,-0.0392,0,0
0.76256534275838,4903,-0.0388,0,0
0.76256571967978,4904,-0.0384,0,0
0.76256609667775,4905,-0.038,0,0
0.76256647375231,4906,-0.0376,0,0
0.76256685090345,4907,-0.0372,0,0
0.76256722813116,4908,-0.0368,0,0
0.76256760543546,4909,-0.0364,0,0
0.76256798281633,4910,-0.036,0,0
0.76256836027379,4911,-0.0356,0,0
0.76256873780782,4912,-0.0352,0,0
0.76256911541843,4913,-0.0348,0,0
0.76256949310562,4914,-0.0344,0,0
0.76256987086939,4915,-0.034,0,0
0.76257024870973,4916,-0.0336,0,0
0.76257062662665,4917,-0.0332,0,0
0.76257100462015,4918,-0.0328,0,0
0.76257138269023,4919,-0.0324,0,0
0.76257176083689,4920,-0.032,0,0
0.76257213906012,4921,-0.0316,0,0
0.76257251735993,4922,-0.0312,0,0
0.76257289573632,4923,-0.0308,0,0
0.76257327418928,4924,-0.0304,0,0
0.76257365271882,4925,-0.03,0,0
0.76257403132494,4926,-0.0296,0,0
0.76257441000763,4927,-0.0292,0,0
0.7625747887669,4928,-0.0288,0,0
0.76257516760274,4929,-0.0284,0,0
0.76257554651516,4930,-0.028,0,0
0.76257592550416,4931,-0.0276,0,0
0.76257630456973,4932,-0.0272,0,0
0.76257668371187,4933,-0.0268,0,0
0.76257706293059,4934,-0.0264,0,0
0.76257744222589,4935,-0.026,0,0
0.76257782159776,4936,-0.0256,0,0
0.7625782010462,4937,-0.0252,0,0
0.76257858057122,4938,-0.0248,0,0
0.76257896017281,4939,-0.0244,0,0
0.76257933985098,4940,-0.024,0,0
0.76257971960572,4941,-0.0236,0,0
0.76258009943703,4942,-0.0232,0,0
0.76258047934492,4943,-0.0228,0,0
0.76258085932938,4944,-0.0224,0,0
0.76258123939041,4945,-0.022,0,0
0.76258161952801,4946,-0.0216,0,0
0.76258199974219,4947,-0.0212,0,0
0.76258238003294,4948,-0.0208,0,0
0.76258276040027,4949,-0.0204,0,0
0.76258314084416,4950,-0.02,0,0
0.76258352136463,4951,-0.0196,0,0
0.76258390196166,4952,-0.0192,0,0
0.76258428263527,4953,-0.0188,0,0
0.76258466338545,4954,-0.0184,0,0
0.76258504421221,4955,-0.018,0,0
0.76258542511553,4956,-0.0176,0,0
0.76258580609542,4957,-0.0172,0,0
0.76258618715189,4958,-0.0168,0,0
0.76258656828492,4959,-0.0164,0,0
0.76258694949453,4960,-0.016,0,0
0.7625873307807,4961,-0.0156,0,0
0.76258771214345,4962,-0.0152,0,0
0.76258809358277,4963,-0.0148,0,0
0.76258847509865,4964,-0.0144,0,0
0.7625888566911,4965,-0.014,0,0
0.76258923836013,4966,-0.0136,0,0
0.76258962010572,4967,-0.0132,0,0
0.76259000192788,4968,-0.0128,0,0
0.76259038382661,4969,-0.0124,0,0
0.76259076580191,4970,-0.012,0,0
0.76259114785378,4971,-0.0116,0,0
0.76259152998221,4972,-0.0112,0,0
0.76259191218721,4973,-0.0108,0,0
0.76259229446878,4974,-0.0104,0,0
0.76259267682692,4975,-0.01,0,0
0.76259305926163,4976,-0.0096000000000001,0,0
0.7625934417729,4977,-0.0092000000000001,0,0
0.76259382436074,4978,-0.0087999999999999,0,0
0.76259420702515,4979,-0.0084,0,0
0.76259458976612,4980,-0.008,0,0
0.76259497258366,4981,-0.0076000000000001,0,0
0.76259535547777,4982,-0.0072000000000001,0,0
0.76259573844844,4983,-0.0067999999999999,0,0
0.76259612149568,4984,-0.0064,0,0
0.76259650461949,4985,-0.006,0,0
0.76259688781986,4986,-0.0056,0,0
0.76259727109679,4987,-0.0052000000000001,0,0
0.76259765445029,4988,-0.0047999999999999,0,0
0.76259803788036,4989,-0.0044,0,0
0.76259842138699,4990,-0.004,0,0
0.76259880497019,4991,-0.0036,0,0
0.76259918862995,4992,-0.0032000000000001,0,0
0.76259957236627,4993,-0.0027999999999999,0,0
0.76259995617916,4994,-0.0024,0,0
0.76260034006862,4995,-0.002,0,0
0.76260072403463,4996,-0.0016,0,0
0.76260110807721,4997,-0.0012000000000001,0,0
0.76260149219636,4998,-0.00079999999999991,0,0
0.76260187639207,4999,-0.00039999999999996,0,0
0.76260206851863,15005,-0.00019999999999998,0,0
0.76260216458909,15011,-9.9999999999989e-05,0,0
0.76260221262612,15017,-4.9999999999994e-05,0,0
0.76260223664508,15021,-2.4999999999997e-05,0,0
0.76260224865467,15028,-1.2499999999999e-05,0,0
0.76260226066434,5000,0,0,0
0.43698708557461,10000,1,0,0
0.43698710518715,15024,1.0000125,0,0
0.43698712479958,15019,1.000025,0,0
0.43698716402406,15015,1.00005,0,0
0.43698724247153,15007,1.0001,0,0
0.43698739936057,15002,1.0002,0,0
0.43698771311498,10001,1.0004,0,0
0.43698834052913,10002,1.0008,0,0
0.43698896781705,10003,1.0012,0,0
0.43698959497875,10004,1.0016,0,0
0.43699022201421,10005,1.002,0,0
0.43699084892345,10006,1.0024,0,0
0.43699147570646,10007,1.0028,0,0
0.43699210236324,10008,1.0032,0,0
0.4369927288938,10009,1.0036,0,0
0.43699335529813,10010,1.004,0,0
0.43699398157623,10011,1.0044,0,0
0.43699460772811,10012,1.0048,0,0
0.43699523375376,10013,1.0052,0,0
0.43699585965319,10014,1.0056,0,0
0.4369964854264,10015,1.006,0,0
0.43699711107339,10016,1.0064,0,0
0.43699773659415,10017,1.0068,0,0
0.43699836198868,10018,1.0072,0,0
0.436998987257,10019,1.0076,0,0
0.43699961239909,10020,1.008,0,0
0.43700023741497,10021,1.0084,0,0
0.43700086230462,10022,1.0088,0,0
0.43700148706805,10023,1.0092,0,0
0.43700211170526,10024,1.0096,0,0
0.43700273621625,10025,1.01,0,0
0.43700336060103,10026,1.0104,0,0
0.43700398485958,10027,1.0108,0,0
0.43700460899192,10028,1.0112,0,0
0.43700523299804,10029,1.0116,0,0
0.43700585687794,10030,1.012,0,0
0.43700648063162,10031,1.0124,0,0
0.43700710425909,10032,1.0128,0,0
0.43700772776034,10033,1.0132,0,0
0.43700835113537,10034,1.0136,0,0
0.43700897438419,10035,1.014,0,0
0.4370095975068,10036,1.0144,0,0
0.43701022050319,10037,1.0148,0,0
0.43701084337337,10038,1.0152,0,0
0.43701146611733,10039,1.0156,0,0
0.43701208873508,10040,1.016,0,0
0.43701271122662,10041,1.0164,0,0
0.43701333359194,10042,1.0168,0,0
0.43701395583105,10043,1.0172,0,0
0.43701457794395,10044,1.0176,0,0
0.43701519993065,10045,1.018,0,0
0.43701582179112,10046,1.0184,0,0
0.43701644352539,10047,1.0188,0,0
0.43701706513345,10048,1.0192,0,0
0.4370176866153,10049,1.0196,0,0
0.43701830797094,10050,1.02,0,0
0.43701892920038,10051,1.0204,0,0
0.4370195503036,10052,1.0208,0,0
0.43702017128062,10053,1.0212,0,0
0.43702079213143,10054,1.0216,0,0
0.43702141285603,10055,1.022,0,0
0.43702203345443,10056,1.0224,0,0
0.43702265392662,10057,1.0228,0,0
0.4370232742726,10058,1.0232,0,0
0.43702389449238,10059,1.0236,0,0
0.43702451458595,10060,1.024,0,0
0.43702513455332,10061,1.0244,0,0
0.43702575439449,10062,1.0248,0,0
0.43702637410945,10063,1.0252,0,0
0.43702699369821,10064,1.0256,0,0
0.43702761316077,10065,1.026,0,0
0.43702823249713,10066,1.0264,0,0
0.43702885170728,10067,1.0268,0,0
0.43702947079123,10068,1.0272,0,0
0.43703008974898,10069,1.0276,0,0
0.43703070858053,10070,1.028,0,0
0.43703132728588,10071,1.0284,0,0
0.43703194586503,10072,1.0288,0,0
0.43703256431798,10073,1.0292,0,0
0.43703318264474,10074,1.0296,0,0
0.43703380084529,10075,1.03,0,0
0.43703441891965,10076,1.0304,0,0
0.4370350368678,10077,1.0308,0,0
0.43703565468977,10078,1.0312,0,0
0.43703627238553,10079,1.0316,0,0
0.4370368899551,10080,1.032,0,0
0.43703750739847,10081,1.0324,0,0
0.43703812471565,10082,1.0328,0,0
0.43703874190663,10083,1.0332,0,0
0.43703935897142,10084,1.0336,0,0
0.43703997591001,10085,1.034,0,0
0.43704059272241,10086,1.0344,0,0
0.43704120940861,10087,1.0348,0,0
0.43704182596863,10088,1.0352,0,0
0.43704244240245,10089,1.0356,0,0
0.43704305871007,10090,1.036,0,0
0.43704367489151,10091,1.0364,0,0
0.43704429094675,10092,1.0368,0,0
0.43704490687581,10093,1.0372,0,0
0.43704552267867,10094,1.0376,0,0
0.43704613835534,10095,1.038,0,0
0.43704675390583,10096,1.0384,0,0
0.43704736933012,10097,1.0388,0,0
0.43704798462823,10098,1.0392,0,0
0.43704859980015,10099,1.0396,0,0
0.43704921484588,10100,1.04,0,0
0.43704982976542,10101,1.0404,0,0
0.43705044455877,10102,1.0408,0,0
0.43705105922594,10103,1.0412,0,0
0.43705167376692,10104,1.0416,0,0
0.43705228818172,10105,1.042,0,0
0.43705290247033,10106,1.0424,0,0
0.43705351663275,10107,1.0428,0,0
0.43705413066899,10108,1.0432,0,0
0.43705474457905,10109,1.0436,0,0
0.43705535836292,10110,1.044,0,0
0.43705597202061,10111,1.0444,0,0
0.43705658555212,10112,1.0448,0,0
0.43705719895744,10113,1.0452,0,0
0.43705781223659,10114,1.0456,0,0
0.43705842538955,10115,1.046,0,0
0.43705903841633,10116,1.0464,0,0
0.43705965131692,10117,1.0468,0,0
0.43706026409134,10118,1.0472,0,0
0.43706087673958,10119,1.0476,0,0
0.43706148926164,10120,1.048,0,0
0.43706210165752,10121,1.0484,0,0
0.43706271392722,10122,1.0488,0,0
0.43706332607074,10123,1.0492,0,0
0.43706393808808,10124,1.0496,0,0
0.43706454997925,10125,1.05,0,0
0.43706516174424,10126,1.0504,0,0
0.43706577338305,10127,1.0508,0,0
0.43706638489568,10128,1.0512,0,0
0.43706699628214,10129,1.0516,0,0
0.43706760754243,10130,1.052,0,0
0.43706821867654,10131,1.0524,0,0
0.43706882968447,10132,1.0528,0,0
0.43706944056623,10133,1.0532,0,0
0.43707005132182,10134,1.0536,0,0
0.43707066195124,10135,1.054,0,0
0.43707127245448,10136,1.0544,0,0
0.43707188283154,10137,1.0548,0,0
0.43707249308244,10138,1.0552,0,0
0.43707310320717,10139,1.0556,0,0
0.43707371320572,10140,1.056,0,0
0.4370743230781,10141,1.0564,0,0
0.43707493282431,10142,1.0568,0,0
0.43707554244435,10143,1.0572,0,0
0.43707615193823,10144,1.0576,0,0
0.43707676130593,10145,1.058,0,0
0.43707737054746,10146,1.0584,0,0
0.43707797966283,10147,1.0588,0,0
0.43707858865203,10148,1.0592,0,0
0.43707919751506,10149,1.0596,0,0
0.43707980625192,10150,1.06,0,0
0.43708041486261,10151,1.0604,0,0
0.43708102334714,10152,1.0608,0,0
0.43708163170551,10153,1.0612,0,0
0.43708223993771,10154,1.0616,0,0
0.43708284804374,10155,1.062,0,0
0.43708345602361,10156,1.0624,0,0
0.43708406387731,10157,1.0628,0,0
0.43708467160485,10158,1.0632,0,0
0.43708527920623,10159,1.0636,0,0
0.43708588668144,10160,1.064,0,0
0.4370864940305,10161,1.0644,0,0
0.43708710125338,10162,1.0648,0,0
0.43708770835011,10163,1.0652,0,0
0.43708831532068,10164,1.0656,0,0
0.43708892216508,10165,1.066,0,0
0.43708952888333,10166,1.0664,0,0
0.43709013547541,10167,1.0668,0,0
0.43709074194134,10168,1.0672,0,0
0.4370913482811,10169,1.0676,0,0
0.43709195449471,10170,1.068,0,0
0.43709256058216,10171,1.0684,0,0
0.43709316654345,10172,1.0688,0,0
0.43709377237858,10173,1.0692,0,0
0.43709437808755,10174,1.0696,0,0
0.43709498367037,10175,1.07,0,0
0.43709558912703,10176,1.0704,0,0
0.43709619445754,10177,1.0708,0,0
0.43709679966189,10178,1.0712,0,0
0.43709740474008,10179,1.0716,0,0
0.43709800969212,10180,1.072,0,0
0.43709861451801,10181,1.0724,0,0
0.43709921921774,10182,1.0728,0,0
0.43709982379132,10183,1.0732,0,0
0.43710042823874,10184,1.0736,0,0
0.43710103256002,10185,1.074,0,0
0.43710163675514,10186,1.0744,0,0
0.4371022408241,10187,1.0748,0,0
0.43710284476692,10188,1.0752,0,0
0.43710344858359,10189,1.0756,0,0
0.4371040522741,10190,1.076,0,0
0.43710465583847,10191,1.0764,0,0
0.43710525927668,10192,1.0768,0,0
0.43710586258875,10193,1.0772,0,0
0.43710646577466,10194,1.0776,0,0
0.43710706883443,10195,1.078,0,0
0.43710767176805,10196,1.0784,0,0
0.43710827457552,10197,1.0788,0,0
0.43710887725684,10198,1.0792,0,0
0.43710947981202,10199,1.0796,0,0
0.43711008224105,10200,1.08,0,0
0.43711068454394,10201,1.0804,0,0
0.43711128672068,10202,1.0808,0,0
0.43711188877127,10203,1.0812,0,0
0.43711249069572,10204,1.0816,0,0
0.43711309249402,10205,1.082,0,0
0.43711369416618,10206,1.0824,0,0
0.4371142957122,10207,1.0828,0,0
0.43711489713207,10208,1.0832,0,0
0.4371154984258,10209,1.0836,0,0
0.43711609959339,10210,1.084,0,0
0.43711670063483,10211,1.0844,0,0
0.43711730155014,10212,1.0848,0,0
0.4371179023393,10213,1.0852,0,0
0.43711850300232,10214,1.0856,0,0
0.4371191035392,10215,1.086,0,0
0.43711970394994,10216,1.0864,0,0
0.43712030423454,10217,1.0868,0,0
0.437120904393,10218,1.0872,0,0
0.43712150442533,10219,1.0876,0,0
0.43712210433151,10220,1.088,0,0
0.43712270411156,10221,1.0884,0,0
0.43712330376547,10222,1.0888,0,0
0.43712390329324,10223,1.0892,0,0
0.43712450269488,10224,1.0896,0,0
0.43712510197037,10225,1.09,0,0
0.43712570111974,10226,1.0904,0,0
0.43712630014296,10227,1.0908,0,0
0.43712689904006,10228,1.0912,0,0
0.43712749781101,10229,1.0916,0,0
0.43712809645584,10230,1.092,0,0
0.43712869497453,10231,1.0924,0,0
0.43712929336708,10232,1.0928,0,0
0.43712989163351,10233,1.0932,0,0
0.43713048977379,10234,1.0936,0,0
0.43713108778795,10235,1.094,0,0
0.43713168567598,10236,1.0944,0,0
0.43713228343787,10237,1.0948,0,0
0.43713288107364,10238,1.0952,0,0
0.43713347858327,10239,1.0956,0,0
0.43713407596677,10240,1.096,0,0
0.43713467322414,10241,1.0964,0,0
0.43713527035539,10242,1.0968,0,0
0.4371358673605,10243,1.0972,0,0
0.43713646423948,10244,1.0976,0,0
0.43713706099234,10245,1.098,0,0
0.43713765761907,10246,1.0984,0,0
0.43713825411967,10247,1.0988,0,0
0.43713885049415,10248,1.0992,0,0
0.43713944674249,10249,1.0996,0,0
0.43714004286472,10250,1.1,0,0
0.43714063886081,10251,1.1004,0,0
0.43714123473078,10252,1.1008,0,0
0.43714183047463,10253,1.1012,0,0
0.43714242609235,10254,1.1016,0,0
0.43714302158395,10255,1.102,0,0
0.43714361694942,10256,1.1024,0,0
0.43714421218877,10257,1.1028,0,0
0.437144807302,10258,1.1032,0,0
0.4371454022891,10259,1.1036,0,0
0.43714599715008,10260,1.104,0,0
0.43714659188494,10261,1.1044,0,0
0.43714718649368,10262,1.1048,0,0
0.4371477809763,10263,1.1052,0,0
0.4371483753328,10264,1.1056,0,0
0.43714896956317,10265,1.106,0,0
0.43714956366743,10266,1.1064,0,0
0.43715015764557,10267,1.1068,0,0
0.43715075149759,10268,1.1072,0,0
0.43715134522349,10269,1.1076,0,0
0.43715193882327,10270,1.108,0,0
0.43715253229693,10271,1.1084,0,0
0.43715312564448,10272,1.1088,0,0
0.43715371886591,10273,1.1092,0,0
0.43715431196123,10274,1.1096,0,0
0.43715490493042,10275,1.11,0,0
0.43715549777351,10276,1.1104,0,0
0.43715609049047,10277,1.1108,0,0
0.43715668308132,10278,1.1112,0,0
0.43715727554606,10279,1.1116,0,0
0.43715786788469,10280,1.112,0,0
0.4371584600972,10281,1.1124,0,0
0.43715905218359,10282,1.1128,0,0
0.43715964414387,10283,1.1132,0,0
0.43716023597805,10284,1.1136,0,0
0.4371608276861,10285,1.114,0,0
0.43716141926805,10286,1.1144,0,0
0.43716201072389,10287,1.1148,0,0
0.43716260205361,10288,1.1152,0,0
0.43716319325723,10289,1.1156,0,0
0.43716378433473,10290,1.116,0,0
0.43716437528613,10291,1.1164,0,0
0.43716496611141,10292,1.1168,0,0
0.43716555681059,10293,1.1172,0,0
0.43716614738366,10294,1.1176,0,0
0.43716673783062,10295,1.118,0,0
0.43716732815147,10296,1.1184,0,0
0.43716791834621,10297,1.1188,0,0
0.43716850841485,10298,1.1192,0,0
0.43716909835738,10299,1.1196,0,0
0.43716968817381,10300,1.12,0,0
0.43717027786413,10301,1.1204,0,0
0.43717086742834,10302,1.1208,0,0
0.43717145686645,10303,1.1212,0,0
0.43717204617846,10304,1.1216,0,0
0.43717263536436,10305,1.122,0,0
0.43717322442416,10306,1.1224,0,0
0.43717381335785,10307,1.1228,0,0
0.43717440216544,10308,1.1232,0,0
0.43717499084693,10309,1.1236,0,0
0.43717557940232,10310,1.124,0,0
0.43717616783161,10311,1.1244,0,0
0.43717675613479,10312,1.1248,0,0
0.43717734431187,10313,1.1252,0,0
0.43717793236286,10314,1.1256,0,0
0.43717852028774,10315,1.126,0,0
0.43717910808652,10316,1.1264,0,0
0.43717969575921,10317,1.1268,0,0
0.43718028330579,10318,1.1272,0,0
0.43718087072628,10319,1.1276,0,0
0.43718145802067,10320,1.128,0,0
0.43718204518896,10321,1.1284,0,0
0.43718263223115,10322,1.1288,0,0
0.43718321914725,10323,1.1292,0,0
0.43718380593725,10324,1.1296,0,0
0.43718439260115,10325,1.13,0,0
0.43718497913896,10326,1.1304,0,0
0.43718556555067,10327,1.1308,0,0
0.43718615183629,10328,1.1312,0,0
0.43718673799581,10329,1.1316,0,0
0.43718732402924,10330,1.132,0,0
0.43718790993658,10331,1.1324,0,0
0.43718849571782,10332,1.1328,0,0
0.43718908137297,10333,1.1332,0,0
0.43718966690203,10334,1.1336,0,0
0.43719025230499,10335,1.134,0,0
0.43719083758187,10336,1.1344,0,0
0.43719142273265,10337,1.1348,0,0
0.43719200775734,10338,1.1352,0,0
0.43719259265594,10339,1.1356,0,0
0.43719317742845,10340,1.136,0,0
0.43719376207487,10341,1.1364,0,0
0.4371943465952,10342,1.1368,0,0
0.43719493098945,10343,1.1372,0,0
0.4371955152576,10344,1.1376,0,0
0.43719609939967,10345,1.138,0,0
0.43719668341565,10346,1.1384,0,0
0.43719726730554,10347,1.1388,0,0
0.43719785106934,10348,1.1392,0,0
0.43719843470706,10349,1.1396,0,0
0.43719901821869,10350,1.14,0,0
0.43719960160424,10351,1.1404,0,0
0.4372001848637,10352,1.1408,0,0
0.43720076799707,10353,1.1412,0,0
0.43720135100436,10354,1.1416,0,0
0.43720193388557,10355,1.142,0,0
0.43720251664069,10356,1.1424,0,0
0.43720309926973,10357,1.1428,0,0
0.43720368177269,10358,1.1432,0,0
0.43720426414956,10359,1.1436,0,0
0.43720484640036,10360,1.144,0,0
0.43720542852507,10361,1.1444,0,0
0.43720601052369,10362,1.1448,0,0
0.43720659239624,10363,1.1452,0,0
0.43720717414271,10364,1.1456,0,0
0.4372077557631,10365,1.146,0,0
0.4372083372574,10366,1.1464,0,0
0.43720891862563,10367,1.1468,0,0
0.43720949986778,10368,1.1472,0,0
0.43721008098385,10369,1.1476,0,0
0.43721066197384,10370,1.148,0,0
0.43721124283776,10371,1.1484,0,0
0.43721182357559,10372,1.1488,0,0
0.43721240418735,10373,1.1492,0,0
0.43721298467303,10374,1.1496,0,0
0.43721356503264,10375,1.15,0,0
0.43721414526617,10376,1.1504,0,0
0.43721472537363,10377,1.1508,0,0
0.43721530535501,10378,1.1512,0,0
0.43721588521031,10379,1.1516,0,0
0.43721646493955,10380,1.152,0,0
0.4372170445427,10381,1.1524,0,0
0.43721762401979,10382,1.1528,0,0
0.4372182033708,10383,1.1532,0,0
0.43721878259574,10384,1.1536,0,0
0.4372193616946,10385,1.154,0,0
0.4372199406674,10386,1.1544,0,0
0.43722051951412,10387,1.1548,0,0
0.43722109823477,10388,1.1552,0,0
0.43722167682935,10389,1.1556,0,0
0.43722225529786,10390,1.156,0,0
0.4372228336403,10391,1.1564,0,0
0.43722341185667,10392,1.1568,0,0
0.43722398994697,10393,1.1572,0,0
0.43722456791121,10394,1.1576,0,0
0.43722514574937,10395,1.158,0,0
0.43722572346147,10396,1.1584,0,0
0.43722630104749,10397,1.1588,0,0
0.43722687850746,10398,1.1592,0,0
0.43722745584135,10399,1.1596,0,0
0.43722803304918,10400,1.16,0,0
0.43722861013094,10401,1.1604,0,0
0.43722918708664,10402,1.1608,0,0
0.43722976391627,10403,1.1612,0,0
0.43723034061984,10404,1.1616,0,0
0.43723091719734,10405,1.162,0,0
0.43723149364878,10406,1.1624,0,0
0.43723206997415,10407,1.1628,0,0
0.43723264617346,10408,1.1632,0,0
0.43723322224671,10409,1.1636,0,0
0.4372337981939,10410,1.164,0,0
0.43723437401502,10411,1.1644,0,0
0.43723494971008,10412,1.1648,0,0
0.43723552527908,10413,1.1652,0,0
0.43723610072202,10414,1.1656,0,0
0.4372366760389,10415,1.166,0,0
0.43723725122972,10416,1.1664,0,0
0.43723782629448,10417,1.1668,0,0
0.43723840123318,10418,1.1672,0,0
0.43723897604582,10419,1.1676,0,0
0.4372395507324,10420,1.168,0,0
0.43724012529293,10421,1.1684,0,0
0.43724069972739,10422,1.1688,0,0
0.4372412740358,10423,1.1692,0,0
0.43724184821815,10424,1.1696,0,0
0.43724242227445,10425,1.17,0,0
0.43724299620469,10426,1.1704,0,0
0.43724357000887,10427,1.1708,0,0
0.437244143687,10428,1.1712,0,0
0.43724471723907,10429,1.1716,0,0
0.43724529066509,10430,1.172,0,0
0.43724586396505,10431,1.1724,0,0
0.43724643713896,10432,1.1728,0,0
0.43724701018682,10433,1.1732,0,0
0.43724758310862,10434,1.1736,0,0
0.43724815590437,10435,1.174,0,0
0.43724872857407,10436,1.1744,0,0
0.43724930111771,10437,1.1748,0,0
0.43724987353531,10438,1.1752,0,0
0.43725044582685,10439,1.1756,0,0
0.43725101799234,10440,1.176,0,0
0.43725159003178,10441,1.1764,0,0
0.43725216194518,10442,1.1768,0,0
0.43725273373252,10443,1.1772,0,0
0.43725330539381,10444,1.1776,0,0
0.43725387692906,10445,1.178,0,0
0.43725444833825,10446,1.1784,0,0
0.4372550196214,10447,1.1788,0,0
0.4372555907785,10448,1.1792,0,0
0.43725616180955,10449,1.1796,0,0
0.43725673271456,10450,1.18,0,0
0.43725730349352,10451,1.1804,0,0
0.43725787414643,10452,1.1808,0,0
0.4372584446733,10453,1.1812,0,0
0.43725901507412,10454,1.1816,0,0
0.43725958534889,10455,1.182,0,0
0.43726015549763,10456,1.1824,0,0
0.43726072552032,10457,1.1828,0,0
0.43726129541696,10458,1.1832,0,0
0.43726186518756,10459,1.1836,0,0
0.43726243483212,10460,1.184,0,0
0.43726300435063,10461,1.1844,0,0
0.43726357374311,10462,1.1848,0,0
0.43726414300954,10463,1.1852,0,0
0.43726471214993,10464,1.1856,0,0
0.43726528116427,10465,1.186,0,0
0.43726585005258,10466,1.1864,0,0
0.43726641881485,10467,1.1868,0,0
0.43726698745108,10468,1.1872,0,0
0.43726755596126,10469,1.1876,0,0
0.43726812434541,10470,1.188,0,0
0.43726869260352,10471,1.1884,0,0
0.43726926073559,10472,1.1888,0,0
0.43726982874163,10473,1.1892,0,0
0.43727039662162,10474,1.1896,0,0
0.43727096437558,10475,1.19,0,0
0.4372715320035,10476,1.1904,0,0
0.43727209950539,10477,1.1908,0,0
0.43727266688124,10478,1.1912,0,0
0.43727323413105,10479,1.1916,0,0
0.43727380125483,10480,1.192,0,0
0.43727436825257,10481,1.1924,0,0
0.43727493512428,10482,1.1928,0,0
0.43727550186995,10483,1.1932,0,0
0.4372760684896,10484,1.1936,0,0
0.4372766349832,10485,1.194,0,0
0.43727720135078,10486,1.1944,0,0
0.43727776759232,10487,1.1948,0,0
0.43727833370783,10488,1.1952,0,0
0.43727889969731,10489,1.1956,0,0
0.43727946556075,10490,1.196,0,0
0.43728003129817,10491,1.1964,0,0
0.43728059690955,10492,1.1968,0,0
0.4372811623949,10493,1.1972,0,0
0.43728172775423,10494,1.1976,0,0
0.43728229298752,10495,1.198,0,0
0.43728285809479,10496,1.1984,0,0
0.43728342307602,10497,1.1988,0,0
0.43728398793123,10498,1.1992,0,0
0.43728455266041,10499,1.1996,0,0
0.43728511726356,10500,1.2,0,0
0.43728568174069,10501,1.2004,0,0
0.43728624609179,10502,1.2008,0,0
0.43728681031686,10503,1.2012,0,0
0.43728737441591,10504,1.2016,0,0
0.43728793838893,10505,1.202,0,0
0.43728850223592,10506,1.2024,0,0
0.43728906595689,10507,1.2028,0,0
0.43728962955184,10508,1.2032,0,0
0.43729019302076,10509,1.2036,0,0
0.43729075636365,10510,1.204,0,0
0.43729131958053,10511,1.2044,0,0
0.43729188267138,10512,1.2048,0,0
0.43729244563621,10513,1.2052,0,0
0.43729300847501,10514,1.2056,0,0
0.4372935711878,10515,1.206,0,0
0.43729413377456,10516,1.2064,0,0
0.4372946962353,10517,1.2068,0,0
0.43729525857002,10518,1.2072,0,0
0.43729582077872,10519,1.2076,0,0
0.4372963828614,10520,1.208,0,0
0.43729694481806,10521,1.2084,0,0
0.4372975066487,10522,1.2088,0,0
0.43729806835332,10523,1.2092,0,0
0.43729862993193,10524,1.2096,0,0
0.43729919138451,10525,1.21,0,0
0.43729975271108,10526,1.2104,0,0
0.43730031391163,10527,1.2108,0,0
0.43730087498617,10528,1.2112,0,0
0.43730143593469,10529,1.2116,0,0
0.43730199675719,10530,1.212,0,0
0.43730255745367,10531,1.2124,0,0
0.43730311802414,10532,1.2128,0,0
0.4373036784686,10533,1.2132,0,0
0.43730423878704,10534,1.2136,0,0
0.43730479897946,10535,1.214,0,0
0.43730535904588,10536,1.2144,0,0
0.43730591898628,10537,1.2148,0,0
0.43730647880066,10538,1.2152,0,0
0.43730703848903,10539,1.2156,0,0
0.43730759805139,10540,1.216,0,0
0.43730815748774,10541,1.2164,0,0
0.43730871679808,10542,1.2168,0,0
0.43730927598241,10543,1.2172,0,0
0.43730983504072,10544,1.2176,0,0
0.43731039397303,10545,1.218,0,0
0.43731095277932,10546,1.2184,0,0
0.4373115114596,10547,1.2188,0,0
0.43731207001388,10548,1.2192,0,0
0.43731262844215,10549,1.2196,0,0
0.4373131867444,10550,1.22,0,0
0.43731374492065,10551,1.2204,0,0
0.4373143029709,10552,1.2208,0,0
0.43731486089513,10553,1.2212,0,0
0.43731541869336,10554,1.2216,0,0
0.43731597636558,10555,1.222,0,0
0.43731653391179,10556,1.2224,0,0
0.437317091332,10557,1.2228,0,0
0.43731764862621,10558,1.2232,0,0
0.4373182057944,10559,1.2236,0,0
0.4373187628366,10560,1.224,0,0
0.43731931975279,10561,1.2244,0,0
0.43731987654297,10562,1.2248,0,0
0.43732043320715,10563,1.2252,0,0
0.43732098974533,10564,1.2256,0,0
0.4373215461575,10565,1.226,0,0
0.43732210244368,10566,1.2264,0,0
0.43732265860385,10567,1.2268,0,0
0.43732321463802,10568,1.2272,0,0
0.43732377054618,10569,1.2276,0,0
0.43732432632835,10570,1.228,0,0
0.43732488198451,10571,1.2284,0,0
0.43732543751468,10572,1.2288,0,0
0.43732599291884,10573,1.2292,0,0
0.43732654819701,10574,1.2296,0,0
0.43732710334918,10575,1.23,0,0
0.43732765837535,10576,1.2304,0,0
0.43732821327552,10577,1.2308,0,0
0.43732876804969,10578,1.2312,0,0
0.43732932269786,10579,1.2316,0,0
0.43732987722004,10580,1.232,0,0
0.43733043161622,10581,1.2324,0,0
0.4373309858864,10582,1.2328,0,0
0.43733154003059,10583,1.2332,0,0
0.43733209404878,10584,1.2336,0,0
0.43733264794098,10585,1.234,0,0
0.43733320170718,10586,1.2344,0,0
0.43733375534739,10587,1.2348,0,0
0.4373343088616,10588,1.2352,0,0
0.43733486224982,10589,1.2356,0,0
0.43733541551204,10590,1.236,0,0
0.43733596864828,10591,1.2364,0,0
0.43733652165852,10592,1.2368,0,0
0.43733707454276,10593,1.2372,0,0
0.43733762730102,10594,1.2376,0,0
0.43733817993328,10595,1.238,0,0
0.43733873243955,10596,1.2384,0,0
0.43733928481984,10597,1.2388,0,0
0.43733983707413,10598,1.2392,0,0
0.43734038920243,10599,1.2396,0,0
0.43734094120474,10600,1.24,0,0
0.43734149308106,10601,1.2404,0,0
0.4373420448314,10602,1.2408,0,0
0.43734259645574,10603,1.2412,0,0
0.4373431479541,10604,1.2416,0,0
0.43734369932647,10605,1.242,0,0
0.43734425057285,10606,1.2424,0,0
0.43734480169324,10607,1.2428,0,0
0.43734535268765,10608,1.2432,0,0
0.43734590355607,10609,1.2436,0,0
0.4373464542985,10610,1.244,0,0
0.43734700491495,10611,1.2444,0,0
0.43734755540542,10612,1.2448,0,0
0.4373481057699,10613,1.2452,0,0
0.43734865600839,10614,1.2456,0,0
0.4373492061209,10615,1.246,0,0
0.43734975610743,10616,1.2464,0,0
0.43735030596797,10617,1.2468,0,0
0.43735085570253,10618,1.2472,0,0
0.43735140531111,10619,1.2476,0,0
0.43735195479371,10620,1.248,0,0
0.43735250415032,10621,1.2484,0,0
0.43735305338095,10622,1.2488,0,0
0.43735360248561,10623,1.2492,0,0
0.43735415146428,10624,1.2496,0,0
0.43735470031697,10625,1.25,0,0
0.43735524904368,10626,1.2504,0,0
0.43735579764441,10627,1.2508,0,0
0.43735634611916,10628,1.2512,0,0
0.43735689446793,10629,1.2516,0,0
0.43735744269073,10630,1.252,0,0
0.43735799078754,10631,1.2524,0,0
0.43735853875838,10632,1.2528,0,0
0.43735908660324,10633,1.2532,0,0
0.43735963432213,10634,1.2536,0,0
0.43736018191503,10635,1.254,0,0
0.43736072938196,10636,1.2544,0,0
0.43736127672292,10637,1.2548,0,0
0.4373618239379,10638,1.2552,0,0
0.4373623710269,10639,1.2556,0,0
0.43736291798993,10640,1.256,0,0
0.43736346482699,10641,1.2564,0,0
0.43736401153807,10642,1.2568,0,0
0.43736455812318,10643,1.2572,0,0
0.43736510458231,10644,1.2576,0,0
0.43736565091547,10645,1.258,0,0
0.43736619712266,10646,1.2584,0,0
0.43736674320388,10647,1.2588,0,0
0.43736728915912,10648,1.2592,0,0
0.4373678349884,10649,1.2596,0,0
0.4373683806917,10650,1.26,0,0
0.43736892626903,10651,1.2604,0,0
0.43736947172039,10652,1.2608,0,0
0.43737001704578,10653,1.2612,0,0
0.4373705622452,10654,1.2616,0,0
0.43737110731866,10655,1.262,0,0
0.43737165226614,10656,1.2624,0,0
0.43737219708765,10657,1.2628,0,0
0.4373727417832,10658,1.2632,0,0
0.43737328635278,10659,1.2636,0,0
0.43737383079639,10660,1.264,0,0
0.43737437511404,10661,1.2644,0,0
0.43737491930572,10662,1.2648,0,0
0.43737546337143,10663,1.2652,0,0
0.43737600731117,10664,1.2656,0,0
0.43737655112496,10665,1.266,0,0
0.43737709481277,10666,1.2664,0,0
0.43737763837462,10667,1.2668,0,0
0.43737818181051,10668,1.2672,0,0
0.43737872512043,10669,1.2676,0,0
0.43737926830439,10670,1.268,0,0
0.43737981136238,10671,1.2684,0,0
0.43738035429442,10672,1.2688,0,0
0.43738089710049,10673,1.2692,0,0
0.43738143978059,10674,1.2696,0,0
0.43738198233474,10675,1.27,0,0
0.43738252476292,10676,1.2704,0,0
0.43738306706515,10677,1.2708,0,0
0.43738360924141,10678,1.2712,0,0
0.43738415129171,10679,1.2716,0,0
0.43738469321605,10680,1.272,0,0
0.43738523501444,10681,1.2724,0,0
0.43738577668686,10682,1.2728,0,0
0.43738631823332,10683,1.2732,0,0
0.43738685965383,10684,1.2736,0,0
0.43738740094838,10685,1.274,0,0
0.43738794211697,10686,1.2744,0,0
0.4373884831596,10687,1.2748,0,0
0.43738902407627,10688,1.2752,0,0
0.43738956486699,10689,1.2756,0,0
0.43739010553176,10690,1.276,0,0
0.43739064607056,10691,1.2764,0,0
0.43739118648341,10692,1.2768,0,0
0.43739172677031,10693,1.2772,0,0
0.43739226693125,10694,1.2776,0,0
0.43739280696624,10695,1.278,0,0
0.43739334687527,10696,1.2784,0,0
0.43739388665835,10697,1.2788,0,0
0.43739442631547,10698,1.2792,0,0
0.43739496584664,10699,1.2796,0,0
0.43739550525186,10700,1.28,0,0
0.43739604453113,10701,1.2804,0,0
0.43739658368445,10702,1.2808,0,0
0.43739712271181,10703,1.2812,0,0
0.43739766161322,10704,1.2816,0,0
0.43739820038868,10705,1.282,0,0
0.4373987390382,10706,1.2824,0,0
0.43739927756176,10707,1.2828,0,0
0.43739981595937,10708,1.2832,0,0
0.43740035423103,10709,1.2836,0,0
0.43740089237674,10710,1.284,0,0
0.43740143039651,10711,1.2844,0,0
0.43740196829032,10712,1.2848,0,0
0.43740250605819,10713,1.2852,0,0
0.43740304370011,10714,1.2856,0,0
0.43740358121609,10715,1.286,0,0
0.43740411860611,10716,1.2864,0,0
0.4374046558702,10717,1.2868,0,0
0.43740519300833,10718,1.2872,0,0
0.43740573002052,10719,1.2876,0,0
0.43740626690676,10720,1.288,0,0
0.43740680366706,10721,1.2884,0,0
0.43740734030141,10722,1.2888,0,0
0.43740787680982,10723,1.2892,0,0
0.43740841319229,10724,1.2896,0,0
0.43740894944881,10725,1.29,0,0
0.43740948557939,10726,1.2904,0,0
0.43741002158403,10727,1.2908,0,0
0.43741055746272,10728,1.2912,0,0
0.43741109321547,10729,1.2916,0,0
0.43741162884228,10730,1.292,0,0
0.43741216434315,10731,1.2924,0,0
0.43741269971808,10732,1.2928,0,0
0.43741323496707,10733,1.2932,0,0
0.43741377009011,10734,1.2936,0,0
0.43741430508722,10735,1.294,0,0
0.43741483995839,10736,1.2944,0,0
0.43741537470362,10737,1.2948,0,0
0.43741590932291,10738,1.2952,0,0
0.43741644381626,10739,1.2956,0,0
0.43741697818367,10740,1.296,0,0
0.43741751242515,10741,1.2964,0,0
0.43741804654068,10742,1.2968,0,0
0.43741858053028,10743,1.2972,0,0
0.43741911439395,10744,1.2976,0,0
0.43741964813168,10745,1.298,0,0
0.43742018174347,10746,1.2984,0,0
0.43742071522933,10747,1.2988,0,0
0.43742124858925,10748,1.2992,0,0
0.43742178182323,10749,1.2996,0,0
0.43742231493129,10750,1.3,0,0
0.43742284791341,10751,1.3004,0,0
0.43742338076959,10752,1.3008,0,0
0.43742391349984,10753,1.3012,0,0
0.43742444610416,10754,1.3016,0,0
0.43742497858255,10755,1.302,0,0
0.437425510935,10756,1.3024,0,0
0.43742604316152,10757,1.3028,0,0
0.43742657526211,10758,1.3032,0,0
0.43742710723677,10759,1.3036,0,0
0.4374276390855,10760,1.304,0,0
0.43742817080829,10761,1.3044,0,0
0.43742870240516,10762,1.3048,0,0
0.4374292338761,10763,1.3052,0,0
0.43742976522111,10764,1.3056,0,0
0.43743029644019,10765,1.306,0,0
0.43743082753334,10766,1.3064,0,0
0.43743135850056,10767,1.3068,0,0
0.43743188934185,10768,1.3072,0,0
0.43743242005722,10769,1.3076,0,0
0.43743295064666,10770,1.308,0,0
0.43743348111017,10771,1.3084,0,0
0.43743401144776,10772,1.3088,0,0
0.43743454165942,10773,1.3092,0,0
0.43743507174515,10774,1.3096,0,0
0.43743560170496,10775,1.31,0,0
0.43743613153885,10776,1.3104,0,0
0.43743666124681,10777,1.3108,0,0
0.43743719082884,10778,1.3112,0,0
0.43743772028495,10779,1.3116,0,0
0.43743824961514,10780,1.312,0,0
0.4374387788194,10781,1.3124,0,0
0.43743930789775,10782,1.3128,0,0
0.43743983685016,10783,1.3132,0,0
0.43744036567666,10784,1.3136,0,0
0.43744089437723,10785,1.314,0,0
0.43744142295189,10786,1.3144,0,0
0.43744195140062,10787,1.3148,0,0
0.43744247972343,10788,1.3152,0,0
0.43744300792032,10789,1.3156,0,0
0.43744353599129,10790,1.316,0,0
0.43744406393634,10791,1.3164,0,0
0.43744459175548,10792,1.3168,0,0
0.43744511944869,10793,1.3172,0,0
0.43744564701598,10794,1.3176,0,0
0.43744617445736,10795,1.318,0,0
0.43744670177282,10796,1.3184,0,0
0.43744722896236,10797,1.3188,0,0
0.43744775602598,10798,1.3192,0,0
0.43744828296369,10799,1.3196,0,0
0.43744880977548,10800,1.32,0,0
0.43744933646135,10801,1.3204,0,0
0.43744986302131,10802,1.3208,0,0
0.43745038945536,10803,1.3212,0,0
0.43745091576348,10804,1.3216,0,0
0.4374514419457,10805,1.322,0,0
0.437451968002,10806,1.3224,0,0
0.43745249393238,10807,1.3228,0,0
0.43745301973685,10808,1.3232,0,0
0.43745354541541,10809,1.3236,0,0
0.43745407096806,10810,1.324,0,0
0.43745459639479,10811,1.3244,0,0
0.43745512169561,10812,1.3248,0,0
0.43745564687052,10813,1.3252,0,0
0.43745617191952,10814,1.3256,0,0
0.4374566968426,10815,1.326,0,0
0.43745722163978,10816,1.3264,0,0
0.43745774631105,10817,1.3268,0,0
0.4374582708564,10818,1.3272,0,0
0.43745879527585,10819,1.3276,0,0
0.43745931956938,10820,1.328,0,0
0.43745984373701,10821,1.3284,0,0
0.43746036777873,10822,1.3288,0,0
0.43746089169454,10823,1.3292,0,0
0.43746141548444,10824,1.3296,0,0
0.43746193914844,10825,1.33,0,0
0.43746246268653,10826,1.3304,0,0
0.43746298609871,10827,1.3308,0,0
0.43746350938498,10828,1.3312,0,0
0.43746403254535,10829,1.3316,0,0
0.43746455557982,10830,1.332,0,0
0.43746507848837,10831,1.3324,0,0
0.43746560127103,10832,1.3328,0,0
0.43746612392777,10833,1.3332,0,0
0.43746664645862,10834,1.3336,0,0
0.43746716886356,10835,1.334,0,0
0.43746769114259,10836,1.3344,0,0
0.43746821329572,10837,1.3348,0,0
0.43746873532295,10838,1.3352,0,0
0.43746925722428,10839,1.3356,0,0
0.43746977899971,10840,1.336,0,0
0.43747030064923,10841,1.3364,0,0
0.43747082217285,10842,1.3368,0,0
0.43747134357057,10843,1.3372,0,0
0.43747186484239,10844,1.3376,0,0
0.43747238598831,10845,1.338,0,0
0.43747290700833,10846,1.3384,0,0
0.43747342790245,10847,1.3388,0,0
0.43747394867067,10848,1.3392,0,0
0.43747446931299,10849,1.3396,0,0
0.43747498982941,10850,1.34,0,0
0.43747551021994,10851,1.3404,0,0
0.43747603048456,10852,1.3408,0,0
0.43747655062329,10853,1.3412,0,0
0.43747707063612,10854,1.3416,0,0
0.43747759052306,10855,1.342,0,0
0.4374781102841,10856,1.3424,0,0
0.43747862991924,10857,1.3428,0,0
0.43747914942848,10858,1.3432,0,0
0.43747966881183,10859,1.3436,0,0
0.43748018806929,10860,1.344,0,0
0.43748070720085,10861,1.3444,0,0
0.43748122620652,10862,1.3448,0,0
0.43748174508629,10863,1.3452,0,0
0.43748226384017,10864,1.3456,0,0
0.43748278246815,10865,1.346,0,0
0.43748330097024,10866,1.3464,0,0
0.43748381934644,10867,1.3468,0,0
0.43748433759675,10868,1.3472,0,0
0.43748485572116,10869,1.3476,0,0
0.43748537371969,10870,1.348,0,0
0.43748589159232,10871,1.3484,0,0
0.43748640933906,10872,1.3488,0,0
0.43748692695991,10873,1.3492,0,0
0.43748744445487,10874,1.3496,0,0
0.43748796182394,10875,1.35,0,0
0.43748847906712,10876,1.3504,0,0
0.43748899618441,10877,1.3508,0,0
0.43748951317582,10878,1.3512,0,0
0.43749003004133,10879,1.3516,0,0
0.43749054678096,10880,1.352,0,0
0.4374910633947,10881,1.3524,0,0
0.43749157988255,10882,1.3528,0,0
0.43749209624451,10883,1.3532,0,0
0.43749261248059,10884,1.3536,0,0
0.43749312859078,10885,1.354,0,0
0.43749364457509,10886,1.3544,0,0
0.43749416043351,10887,1.3548,0,0
0.43749467616604,10888,1.3552,0,0
0.43749519177269,10889,1.3556,0,0
0.43749570725346,10890,1.356,0,0
0.43749622260834,10891,1.3564,0,0
0.43749673783733,10892,1.3568,0,0
0.43749725294045,10893,1.3572,0,0
0.43749776791768,10894,1.3576,0,0
0.43749828276902,10895,1.358,0,0
0.43749879749449,10896,1.3584,0,0
0.43749931209407,10897,1.3588,0,0
0.43749982656777,10898,1.3592,0,0
0.43750034091559,10899,1.3596,0,0
0.43750085513753,10900,1.36,0,0
0.43750136923358,10901,1.3604,0,0
0.43750188320376,10902,1.3608,0,0
0.43750239704806,10903,1.3612,0,0
0.43750291076648,10904,1.3616,0,0
0.43750342435901,10905,1.362,0,0
0.43750393782567,10906,1.3624,0,0
0.43750445116645,10907,1.3628,0,0
0.43750496438135,10908,1.3632,0,0
0.43750547747038,10909,1.3636,0,0
0.43750599043352,10910,1.364,0,0
0.43750650327079,10911,1.3644,0,0
0.43750701598218,10912,1.3648,0,0
0.4375075285677,10913,1.3652,0,0
0.43750804102734,10914,1.3656,0,0
0.4375085533611,10915,1.366,0,0
0.43750906556899,10916,1.3664,0,0
0.437509577651,10917,1.3668,0,0
0.43751008960714,10918,1.3672,0,0
0.4375106014374,10919,1.3676,0,0
0.43751111314179,10920,1.368,0,0
0.43751162472031,10921,1.3684,0,0
0.43751213617295,10922,1.3688,0,0
0.43751264749972,10923,1.3692,0,0
0.43751315870062,10924,1.3696,0,0
0.43751366977564,10925,1.37,0,0
0.43751418072479,10926,1.3704,0,0
0.43751469154807,10927,1.3708,0,0
0.43751520224548,10928,1.3712,0,0
0.43751571281702,10929,1.3716,0,0
0.43751622326268,10930,1.372,0,0
0.43751673358248,10931,1.3724,0,0
0.43751724377641,10932,1.3728,0,0
0.43751775384446,10933,1.3732,0,0
0.43751826378665,10934,1.3736,0,0
0.43751877360297,10935,1.374,0,0
0.43751928329342,10936,1.3744,0,0
0.437519792858,10937,1.3748,0,0
0.43752030229672,10938,1.3752,0,0
0.43752081160956,10939,1.3756,0,0
0.43752132079654,10940,1.376,0,0
0.43752182985766,10941,1.3764,0,0
0.4375223387929,10942,1.3768,0,0
0.43752284760228,10943,1.3772,0,0
0.4375233562858,10944,1.3776,0,0
0.43752386484344,10945,1.378,0,0
0.43752437327523,10946,1.3784,0,0
0.43752488158115,10947,1.3788,0,0
0.4375253897612,10948,1.3792,0,0
0.43752589781539,10949,1.3796,0,0
0.43752640574372,10950,1.38,0,0
0.43752691354618,10951,1.3804,0,0
0.43752742122278,10952,1.3808,0,0
0.43752792877352,10953,1.3812,0,0
0.43752843619839,10954,1.3816,0,0
0.4375289434974,10955,1.382,0,0
0.43752945067055,10956,1.3824,0,0
0.43752995771784,10957,1.3828,0,0
0.43753046463927,10958,1.3832,0,0
0.43753097143484,10959,1.3836,0,0
0.43753147810455,10960,1.384,0,0
0.4375319846484,10961,1.3844,0,0
0.43753249106638,10962,1.3848,0,0
0.43753299735851,10963,1.3852,0,0
0.43753350352478,10964,1.3856,0,0
0.43753400956519,10965,1.386,0,0
0.43753451547975,10966,1.3864,0,0
0.43753502126844,10967,1.3868,0,0
0.43753552693128,10968,1.3872,0,0
0.43753603246826,10969,1.3876,0,0
0.43753653787938,10970,1.388,0,0
0.43753704316465,10971,1.3884,0,0
0.43753754832406,10972,1.3888,0,0
0.43753805335762,10973,1.3892,0,0
0.43753855826532,10974,1.3896,0,0
0.43753906304716,10975,1.39,0,0
0.43753956770315,10976,1.3904,0,0
0.43754007223329,10977,1.3908,0,0
0.43754057663757,10978,1.3912,0,0
0.43754108091599,10979,1.3916,0,0
0.43754158506857,10980,1.392,0,0
0.43754208909529,10981,1.3924,0,0
0.43754259299616,10982,1.3928,0,0
0.43754309677117,10983,1.3932,0,0
0.43754360042033,10984,1.3936,0,0
0.43754410394365,10985,1.394,0,0
0.43754460734111,10986,1.3944,0,0
0.43754511061272,10987,1.3948,0,0
0.43754561375847,10988,1.3952,0,0
0.43754611677838,10989,1.3956,0,0
0.43754661967244,10990,1.396,0,0
0.43754712244065,10991,1.3964,0,0
0.43754762508301,10992,1.3968,0,0
0.43754812759952,10993,1.3972,0,0
0.43754862999018,10994,1.3976,0,0
0.43754913225499,10995,1.398,0,0
0.43754963439396,10996,1.3984,0,0
0.43755013640707,10997,1.3988,0,0
0.43755063829434,10998,1.3992,0,0
0.43755114005577,10999,1.3996,0,0
0.43755164169134,11000,1.4,0,0
0.43755214320107,11001,1.4004,0,0
0.43755264458496,11002,1.4008,0,0
0.437553145843,11003,1.4012,0,0
0.43755364697519,11004,1.4016,0,0
0.43755414798154,11005,1.402,0,0
0.43755464886204,11006,1.4024,0,0
0.4375551496167,11007,1.4028,0,0
0.43755565024552,11008,1.4032,0,0
0.43755615074849,11009,1.4036,0,0
0.43755665112562,11010,1.404,0,0
0.43755715137691,11011,1.4044,0,0
0.43755765150235,11012,1.4048,0,0
0.43755815150195,11013,1.4052,0,0
0.43755865137571,11014,1.4056,0,0
0.43755915112363,11015,1.406,0,0
0.43755965074571,11016,1.4064,0,0
0.43756015024194,11017,1.4068,0,0
0.43756064961234,11018,1.4072,0,0
0.43756114885689,11019,1.4076,0,0
0.43756164797561,11020,1.408,0,0
0.43756214696848,11021,1.4084,0,0
0.43756264583552,11022,1.4088,0,0
0.43756314457672,11023,1.4092,0,0
0.43756364319208,11024,1.4096,0,0
0.4375641416816,11025,1.41,0,0
0.43756464004528,11026,1.4104,0,0
0.43756513828313,11027,1.4108,0,0
0.43756563639514,11028,1.4112,0,0
0.43756613438131,11029,1.4116,0,0
0.43756663224165,11030,1.412,0,0
0.43756712997615,11031,1.4124,0,0
0.43756762758481,11032,1.4128,0,0
0.43756812506764,11033,1.4132,0,0
0.43756862242463,11034,1.4136,0,0
0.43756911965579,11035,1.414,0,0
0.43756961676112,11036,1.4144,0,0
0.43757011374061,11037,1.4148,0,0
0.43757061059426,11038,1.4152,0,0
0.43757110732209,11039,1.4156,0,0
0.43757160392408,11040,1.416,0,0
0.43757210040023,11041,1.4164,0,0
0.43757259675056,11042,1.4168,0,0
0.43757309297505,11043,1.4172,0,0
0.43757358907371,11044,1.4176,0,0
0.43757408504654,11045,1.418,0,0
0.43757458089354,11046,1.4184,0,0
0.43757507661471,11047,1.4188,0,0
0.43757557221005,11048,1.4192,0,0
0.43757606767956,11049,1.4196,0,0
0.43757656302323,11050,1.42,0,0
0.43757705824108,11051,1.4204,0,0
0.4375775533331,11052,1.4208,0,0
0.43757804829929,11053,1.4212,0,0
0.43757854313966,11054,1.4216,0,0
0.43757903785419,11055,1.422,0,0
0.4375795324429,11056,1.4224,0,0
0.43758002690578,11057,1.4228,0,0
0.43758052124283,11058,1.4232,0,0
0.43758101545406,11059,1.4236,0,0
0.43758150953945,11060,1.424,0,0
0.43758200349903,11061,1.4244,0,0
0.43758249733278,11062,1.4248,0,0
0.4375829910407,11063,1.4252,0,0
0.4375834846228,11064,1.4256,0,0
0.43758397807907,11065,1.426,0,0
0.43758447140952,11066,1.4264,0,0
0.43758496461414,11067,1.4268,0,0
0.43758545769294,11068,1.4272,0,0
0.43758595064592,11069,1.4276,0,0
0.43758644347307,11070,1.428,0,0
0.43758693617441,11071,1.4284,0,0
0.43758742874992,11072,1.4288,0,0
0.4375879211996,11073,1.4292,0,0
0.43758841352347,11074,1.4296,0,0
0.43758890572151,11075,1.43,0,0
0.43758939779374,11076,1.4304,0,0
0.43758988974014,11077,1.4308,0,0
0.43759038156072,11078,1.4312,0,0
0.43759087325549,11079,1.4316,0,0
0.43759136482443,11080,1.432,0,0
0.43759185626755,11081,1.4324,0,0
0.43759234758486,11082,1.4328,0,0
0.43759283877634,11083,1.4332,0,0
0.43759332984201,11084,1.4336,0,0
0.43759382078186,11085,1.434,0,0
0.43759431159589,11086,1.4344,0,0
0.43759480228411,11087,1.4348,0,0
0.43759529284651,11088,1.4352,0,0
0.43759578328309,11089,1.4356,0,0
0.43759627359385,11090,1.436,0,0
0.4375967637788,11091,1.4364,0,0
0.43759725383793,11092,1.4368,0,0
0.43759774377125,11093,1.4372,0,0
0.43759823357875,11094,1.4376,0,0
0.43759872326044,11095,1.438,0,0
0.43759921281632,11096,1.4384,0,0
0.43759970224638,11097,1.4388,0,0
0.43760019155062,11098,1.4392,0,0
0.43760068072906,11099,1.4396,0,0
0.43760116978168,11100,1.44,0,0
0.43760165870848,11101,1.4404,0,0
0.43760214750948,11102,1.4408,0,0
0.43760263618466,11103,1.4412,0,0
0.43760312473403,11104,1.4416,0,0
0.43760361315759,11105,1.442,0,0
0.43760410145534,11106,1.4424,0,0
0.43760458962728,11107,1.4428,0,0
0.43760507767341,11108,1.4432,0,0
0.43760556559373,11109,1.4436,0,0
0.43760605338823,11110,1.444,0,0
0.43760654105693,11111,1.4444,0,0
0.43760702859982,11112,1.4448,0,0
0.4376075160169,11113,1.4452,0,0
0.43760800330818,11114,1.4456,0,0
0.43760849047364,11115,1.446,0,0
0.4376089775133,11116,1.4464,0,0
0.43760946442715,11117,1.4468,0,0
0.43760995121519,11118,1.4472,0,0
0.43761043787743,11119,1.4476,0,0
0.43761092441386,11120,1.448,0,0
0.43761141082448,11121,1.4484,0,0
0.4376118971093,11122,1.4488,0,0
0.43761238326831,11123,1.4492,0,0
0.43761286930152,11124,1.4496,0,0
0.43761335520892,11125,1.45,0,0
0.43761384099052,11126,1.4504,0,0
0.43761432664631,11127,1.4508,0,0
0.4376148121763,11128,1.4512,0,0
0.43761529758049,11129,1.4516,0,0
0.43761578285888,11130,1.452,0,0
0.43761626801146,11131,1.4524,0,0
0.43761675303824,11132,1.4528,0,0
0.43761723793921,11133,1.4532,0,0
0.43761772271439,11134,1.4536,0,0
0.43761820736376,11135,1.454,0,0
0.43761869188733,11136,1.4544,0,0
0.43761917628511,11137,1.4548,0,0
0.43761966055708,11138,1.4552,0,0
0.43762014470325,11139,1.4556,0,0
0.43762062872362,11140,1.456,0,0
0.43762111261819,11141,1.4564,0,0
0.43762159638696,11142,1.4568,0,0
0.43762208002994,11143,1.4572,0,0
0.43762256354711,11144,1.4576,0,0
0.43762304693849,11145,1.458,0,0
0.43762353020407,11146,1.4584,0,0
0.43762401334385,11147,1.4588,0,0
0.43762449635784,11148,1.4592,0,0
0.43762497924603,11149,1.4596,0,0
0.43762546200842,11150,1.46,0,0
0.43762594464501,11151,1.4604,0,0
0.43762642715581,11152,1.4608,0,0
0.43762690954082,11153,1.4612,0,0
0.43762739180003,11154,1.4616,0,0
0.43762787393344,11155,1.462,0,0
0.43762835594106,11156,1.4624,0,0
0.43762883782289,11157,1.4628,0,0
0.43762931957892,11158,1.4632,0,0
0.43762980120915,11159,1.4636,0,0
0.4376302827136,11160,1.464,0,0
0.43763076409225,11161,1.4644,0,0
0.43763124534511,11162,1.4648,0,0
0.43763172647218,11163,1.4652,0,0
0.43763220747345,11164,1.4656,0,0
0.43763268834894,11165,1.466,0,0
0.43763316909863,11166,1.4664,0,0
0.43763364972253,11167,1.4668,0,0
0.43763413022064,11168,1.4672,0,0
0.43763461059296,11169,1.4676,0,0
0.43763509083949,11170,1.468,0,0
0.43763557096023,11171,1.4684,0,0
0.43763605095518,11172,1.4688,0,0
0.43763653082434,11173,1.4692,0,0
0.43763701056772,11174,1.4696,0,0
0.4376374901853,11175,1.47,0,0
0.4376379696771,11176,1.4704,0,0
0.43763844904311,11177,1.4708,0,0
0.43763892828333,11178,1.4712,0,0
0.43763940739777,11179,1.4716,0,0
0.43763988638642,11180,1.472,0,0
0.43764036524928,11181,1.4724,0,0
0.43764084398636,11182,1.4728,0,0
0.43764132259765,11183,1.4732,0,0
0.43764180108315,11184,1.4736,0,0
0.43764227944287,11185,1.474,0,0
0.43764275767681,11186,1.4744,0,0
0.43764323578496,11187,1.4748,0,0
0.43764371376732,11188,1.4752,0,0
0.43764419162391,11189,1.4756,0,0
0.4376446693547,11190,1.476,0,0
0.43764514695972,11191,1.4764,0,0
0.43764562443895,11192,1.4768,0,0
0.4376461017924,11193,1.4772,0,0
0.43764657902007,11194,1.4776,0,0
0.43764705612196,11195,1.478,0,0
0.43764753309807,11196,1.4784,0,0
0.43764800994839,11197,1.4788,0,0
0.43764848667293,11198,1.4792,0,0
0.4376489632717,11199,1.4796,0,0
0.43764943974468,11200,1.48,0,0
0.43764991609188,11201,1.4804,0,0
0.4376503923133,11202,1.4808,0,0
0.43765086840895,11203,1.4812,0,0
0.43765134437881,11204,1.4816,0,0
0.4376518202229,11205,1.482,0,0
0.43765229594121,11206,1.4824,0,0
0.43765277153374,11207,1.4828,0,0
0.43765324700049,11208,1.4832,0,0
0.43765372234146,11209,1.4836,0,0
0.43765419755666,11210,1.484,0,0
0.43765467264608,11211,1.4844,0,0
0.43765514760973,11212,1.4848,0,0
0.4376556224476,11213,1.4852,0,0
0.43765609715969,11214,1.4856,0,0
0.43765657174601,11215,1.486,0,0
0.43765704620655,11216,1.4864,0,0
0.43765752054132,11217,1.4868,0,0
0.43765799475031,11218,1.4872,0,0
0.43765846883353,11219,1.4876,0,0
0.43765894279098,11220,1.488,0,0
0.43765941662265,11221,1.4884,0,0
0.43765989032855,11222,1.4888,0,0
0.43766036390867,11223,1.4892,0,0
0.43766083736303,11224,1.4896,0,0
0.43766131069161,11225,1.49,0,0
0.43766178389442,11226,1.4904,0,0
0.43766225697146,11227,1.4908,0,0
0.43766272992272,11228,1.4912,0,0
0.43766320274822,11229,1.4916,0,0
0.43766367544795,11230,1.492,0,0
0.4376641480219,11231,1.4924,0,0
0.43766462047009,11232,1.4928,0,0
0.4376650927925,11233,1.4932,0,0
0.43766556498915,11234,1.4936,0,0
0.43766603706003,11235,1.494,0,0
0.43766650900514,11236,1.4944,0,0
0.43766698082448,11237,1.4948,0,0
0.43766745251805,11238,1.4952,0,0
0.43766792408585,11239,1.4956,0,0
0.43766839552789,11240,1.496,0,0
0.43766886684416,11241,1.4964,0,0
0.43766933803467,11242,1.4968,0,0
0.4376698090994,11243,1.4972,0,0
0.43767028003838,11244,1.4976,0,0
0.43767075085158,11245,1.498,0,0
0.43767122153902,11246,1.4984,0,0
0.4376716921007,11247,1.4988,0,0
0.43767216253661,11248,1.4992,0,0
0.43767263284675,11249,1.4996,0,0
0.43767310303113,11250,1.5,0,0
0.43767357308975,11251,1.5004,0,0
0.4376740430226,11252,1.5008,0,0
0.4376745128297,11253,1.5012,0,0
0.43767498251102,11254,1.5016,0,0
0.43767545206659,11255,1.502,0,0
0.43767592149639,11256,1.5024,0,0
0.43767639080043,11257,1.5028,0,0
0.43767685997871,11258,1.5032,0,0
0.43767732903123,11259,1.5036,0,0
0.43767779795799,11260,1.504,0,0
0.43767826675899,11261,1.5044,0,0
0.43767873543422,11262,1.5048,0,0
0.4376792039837,11263,1.5052,0,0
0.43767967240742,11264,1.5056,0,0
0.43768014070537,11265,1.506,0,0
0.43768060887757,11266,1.5064,0,0
0.43768107692401,11267,1.5068,0,0
0.43768154484469,11268,1.5072,0,0
0.43768201263961,11269,1.5076,0,0
0.43768248030878,11270,1.508,0,0
0.43768294785219,11271,1.5084,0,0
0.43768341526984,11272,1.5088,0,0
0.43768388256173,11273,1.5092,0,0
0.43768434972787,11274,1.5096,0,0
0.43768481676825,11275,1.51,0,0
0.43768528368287,11276,1.5104,0,0
0.43768575047174,11277,1.5108,0,0
0.43768621713486,11278,1.5112,0,0
0.43768668367222,11279,1.5116,0,0
0.43768715008382,11280,1.512,0,0
0.43768761636967,11281,1.5124,0,0
0.43768808252977,11282,1.5128,0,0
0.43768854856411,11283,1.5132,0,0
0.4376890144727,11284,1.5136,0,0
0.43768948025554,11285,1.514,0,0
0.43768994591262,11286,1.5144,0,0
0.43769041144395,11287,1.5148,0,0
0.43769087684953,11288,1.5152,0,0
0.43769134212936,11289,1.5156,0,0
0.43769180728343,11290,1.516,0,0
0.43769227231176,11291,1.5164,0,0
0.43769273721433,11292,1.5168,0,0
0.43769320199115,11293,1.5172,0,0
0.43769366664223,11294,1.5176,0,0
0.43769413116755,11295,1.518,0,0
0.43769459556712,11296,1.5184,0,0
0.43769505984095,11297,1.5188,0,0
0.43769552398902,11298,1.5192,0,0
0.43769598801135,11299,1.5196,0,0
0.43769645190793,11300,1.52,0,0
0.43769691567876,11301,1.5204,0,0
0.43769737932384,11302,1.5208,0,0
0.43769784284317,11303,1.5212,0,0
0.43769830623676,11304,1.5216,0,0
0.4376987695046,11305,1.522,0,0
0.4376992326467,11306,1.5224,0,0
0.43769969566305,11307,1.5228,0,0
0.43770015855365,11308,1.5232,0,0
0.43770062131851,11309,1.5236,0,0
0.43770108395762,11310,1.524,0,0
0.43770154647099,11311,1.5244,0,0
0.43770200885861,11312,1.5248,0,0
0.43770247112049,11313,1.5252,0,0
0.43770293325662,11314,1.5256,0,0
0.43770339526702,11315,1.526,0,0
0.43770385715166,11316,1.5264,0,0
0.43770431891057,11317,1.5268,0,0
0.43770478054373,11318,1.5272,0,0
0.43770524205115,11319,1.5276,0,0
0.43770570343283,11320,1.528,0,0
0.43770616468876,11321,1.5284,0,0
0.43770662581896,11322,1.5288,0,0
0.43770708682341,11323,1.5292,0,0
0.43770754770212,11324,1.5296,0,0
0.4377080084551,11325,1.53,0,0
0.43770846908233,11326,1.5304,0,0
0.43770892958382,11327,1.5308,0,0
0.43770938995957,11328,1.5312,0,0
0.43770985020959,11329,1.5316,0,0
0.43771031033386,11330,1.532,0,0
0.4377107703324,11331,1.5324,0,0
0.4377112302052,11332,1.5328,0,0
0.43771168995226,11333,1.5332,0,0
0.43771214957358,11334,1.5336,0,0
0.43771260906916,11335,1.534,0,0
0.43771306843901,11336,1.5344,0,0
0.43771352768312,11337,1.5348,0,0
0.4377139868015,11338,1.5352,0,0
0.43771444579413,11339,1.5356,0,0
0.43771490466104,11340,1.536,0,0
0.4377153634022,11341,1.5364,0,0
0.43771582201764,11342,1.5368,0,0
0.43771628050733,11343,1.5372,0,0
0.4377167388713,11344,1.5376,0,0
0.43771719710952,11345,1.538,0,0
0.43771765522202,11346,1.5384,0,0
0.43771811320878,11347,1.5388,0,0
0.43771857106981,11348,1.5392,0,0
0.4377190288051,11349,1.5396,0,0
0.43771948641466,11350,1.54,0,0
0.43771994389849,11351,1.5404,0,0
0.43772040125659,11352,1.5408,0,0
0.43772085848896,11353,1.5412,0,0
0.43772131559559,11354,1.5416,0,0
0.43772177257649,11355,1.542,0,0
0.43772222943167,11356,1.5424,0,0
0.43772268616111,11357,1.5428,0,0
0.43772314276482,11358,1.5432,0,0
0.4377235992428,11359,1.5436,0,0
0.43772405559505,11360,1.544,0,0
0.43772451182158,11361,1.5444,0,0
0.43772496792237,11362,1.5448,0,0
0.43772542389743,11363,1.5452,0,0
0.43772587974677,11364,1.5456,0,0
0.43772633547038,11365,1.546,0,0
0.43772679106826,11366,1.5464,0,0
0.43772724654041,11367,1.5468,0,0
0.43772770188684,11368,1.5472,0,0
0.43772815710754,11369,1.5476,0,0
0.43772861220251,11370,1.548,0,0
0.43772906717176,11371,1.5484,0,0
0.43772952201528,11372,1.5488,0,0
0.43772997673308,11373,1.5492,0,0
0.43773043132515,11374,1.5496,0,0
0.43773088579149,11375,1.55,0,0
0.43773134013211,11376,1.5504,0,0
0.43773179434701,11377,1.5508,0,0
0.43773224843618,11378,1.5512,0,0
0.43773270239963,11379,1.5516,0,0
0.43773315623736,11380,1.552,0,0
0.43773360994936,11381,1.5524,0,0
0.43773406353564,11382,1.5528,0,0
0.43773451699619,11383,1.5532,0,0
0.43773497033103,11384,1.5536,0,0
0.43773542354014,11385,1.554,0,0
0.43773587662353,11386,1.5544,0,0
0.4377363295812,11387,1.5548,0,0
0.43773678241315,11388,1.5552,0,0
0.43773723511938,11389,1.5556,0,0
0.43773768769989,11390,1.556,0,0
0.43773814015468,11391,1.5564,0,0
0.43773859248374,11392,1.5568,0,0
0.43773904468709,11393,1.5572,0,0
0.43773949676472,11394,1.5576,0,0
0.43773994871663,11395,1.558,0,0
0.43774040054283,11396,1.5584,0,0
0.4377408522433,11397,1.5588,0,0
0.43774130381806,11398,1.5592,0,0
0.4377417552671,11399,1.5596,0,0
0.43774220659042,11400,1.56,0,0
0.43774265778802,11401,1.5604,0,0
0.43774310885991,11402,1.5608,0,0
0.43774355980608,11403,1.5612,0,0
0.43774401062654,11404,1.5616,0,0
0.43774446132128,11405,1.562,0,0
0.4377449118903,11406,1.5624,0,0
0.43774536233361,11407,1.5628,0,0
0.4377458126512,11408,1.5632,0,0
0.43774626284308,11409,1.5636,0,0
0.43774671290925,11410,1.564,0,0
0.4377471628497,11411,1.5644,0,0
0.43774761266444,11412,1.5648,0,0
0.43774806235347,11413,1.5652,0,0
0.43774851191678,11414,1.5656,0,0
0.43774896135438,11415,1.566,0,0
0.43774941066626,11416,1.5664,0,0
0.43774985985244,11417,1.5668,0,0
0.4377503089129,11418,1.5672,0,0
0.43775075784765,11419,1.5676,0,0
0.43775120665669,11420,1.568,0,0
0.43775165534002,11421,1.5684,0,0
0.43775210389764,11422,1.5688,0,0
0.43775255232955,11423,1.5692,0,0
0.43775300063575,11424,1.5696,0,0
0.43775344881624,11425,1.57,0,0
0.43775389687102,11426,1.5704,0,0
0.43775434480009,11427,1.5708,0,0
0.43775479260345,11428,1.5712,0,0
0.4377552402811,11429,1.5716,0,0
0.43775568783305,11430,1.572,0,0
0.43775613525929,11431,1.5724,0,0
0.43775658255982,11432,1.5728,0,0
0.43775702973464,11433,1.5732,0,0
0.43775747678376,11434,1.5736,0,0
0.43775792370717,11435,1.574,0,0
0.43775837050487,11436,1.5744,0,0
0.43775881717687,11437,1.5748,0,0
0.43775926372316,11438,1.5752,0,0
0.43775971014374,11439,1.5756,0,0
0.43776015643862,11440,1.576,0,0
0.4377606026078,11441,1.5764,0,0
0.43776104865127,11442,1.5768,0,0
0.43776149456904,11443,1.5772,0,0
0.4377619403611,11444,1.5776,0,0
0.43776238602746,11445,1.578,0,0
0.43776283156812,11446,1.5784,0,0
0.43776327698307,11447,1.5788,0,0
0.43776372227233,11448,1.5792,0,0
0.43776416743587,11449,1.5796,0,0
0.43776461247372,11450,1.58,0,0
0.43776505738587,11451,1.5804,0,0
0.43776550217231,11452,1.5808,0,0
0.43776594683305,11453,1.5812,0,0
0.43776639136809,11454,1.5816,0,0
0.43776683577743,11455,1.582,0,0
0.43776728006108,11456,1.5824,0,0
0.43776772421902,11457,1.5828,0,0
0.43776816825126,11458,1.5832,0,0
0.4377686121578,11459,1.5836,0,0
0.43776905593864,11460,1.584,0,0
0.43776949959379,11461,1.5844,0,0
0.43776994312323,11462,1.5848,0,0
0.43777038652698,11463,1.5852,0,0
0.43777082980503,11464,1.5856,0,0
0.43777127295738,11465,1.586,0,0
0.43777171598403,11466,1.5864,0,0
0.43777215888499,11467,1.5868,0,0
0.43777260166025,11468,1.5872,0,0
0.43777304430982,11469,1.5876,0,0
0.43777348683369,11470,1.588,0,0
0.43777392923186,11471,1.5884,0,0
0.43777437150434,11472,1.5888,0,0
0.43777481365112,11473,1.5892,0,0
0.43777525567221,11474,1.5896,0,0
0.4377756975676,11475,1.59,0,0
0.4377761393373,11476,1.5904,0,0
0.4377765809813,11477,1.5908,0,0
0.43777702249962,11478,1.5912,0,0
0.43777746389223,11479,1.5916,0,0
0.43777790515916,11480,1.592,0,0
0.43777834630039,11481,1.5924,0,0
0.43777878731593,11482,1.5928,0,0
0.43777922820578,11483,1.5932,0,0
0.43777966896993,11484,1.5936,0,0
0.4377801096084,11485,1.594,0,0
0.43778055012117,11486,1.5944,0,0
0.43778099050825,11487,1.5948,0,0
0.43778143076964,11488,1.5952,0,0
0.43778187090534,11489,1.5956,0,0
0.43778231091536,11490,1.596,0,0
0.43778275079968,11491,1.5964,0,0
0.43778319055831,11492,1.5968,0,0
0.43778363019125,11493,1.5972,0,0
0.4377840696985,11494,1.5976,0,0
0.43778450908007,11495,1.598,0,0
0.43778494833595,11496,1.5984,0,0
0.43778538746614,11497,1.5988,0,0
0.43778582647064,11498,1.5992,0,0
0.43778626534945,11499,1.5996,0,0
0.43778670410258,11500,1.6,0,0
0.43778714273002,11501,1.6004,0,0
0.43778758123177,11502,1.6008,0,0
0.43778801960784,11503,1.6012,0,0
0.43778845785822,11504,1.6016,0,0
0.43778889598291,11505,1.602,0,0
0.43778933398193,11506,1.6024,0,0
0.43778977185525,11507,1.6028,0,0
0.43779020960289,11508,1.6032,0,0
0.43779064722485,11509,1.6036,0,0
0.43779108472112,11510,1.604,0,0
0.43779152209171,11511,1.6044,0,0
0.43779195933661,11512,1.6048,0,0
0.43779239645584,11513,1.6052,0,0
0.43779283344937,11514,1.6056,0,0
0.43779327031723,11515,1.606,0,0
0.4377937070594,11516,1.6064,0,0
0.4377941436759,11517,1.6068,0,0
0.43779458016671,11518,1.6072,0,0
0.43779501653184,11519,1.6076,0,0
0.43779545277128,11520,1.608,0,0
0.43779588888505,11521,1.6084,0,0
0.43779632487314,11522,1.6088,0,0
0.43779676073554,11523,1.6092,0,0
0.43779719647227,11524,1.6096,0,0
0.43779763208331,11525,1.61,0,0
0.43779806756868,11526,1.6104,0,0
0.43779850292837,11527,1.6108,0,0
0.43779893816238,11528,1.6112,0,0
0.43779937327071,11529,1.6116,0,0
0.43779980825336,11530,1.612,0,0
0.43780024311034,11531,1.6124,0,0
0.43780067784163,11532,1.6128,0,0
0.43780111244725,11533,1.6132,0,0
0.4378015469272,11534,1.6136,0,0
0.43780198128146,11535,1.614,0,0
0.43780241551005,11536,1.6144,0,0
0.43780284961297,11537,1.6148,0,0
0.4378032835902,11538,1.6152,0,0
0.43780371744177,11539,1.6156,0,0
0.43780415116765,11540,1.616,0,0
0.43780458476786,11541,1.6164,0,0
0.4378050182424,11542,1.6168,0,0
0.43780545159126,11543,1.6172,0,0
0.43780588481445,11544,1.6176,0,0
0.43780631791197,11545,1.618,0,0
0.43780675088381,11546,1.6184,0,0
0.43780718372998,11547,1.6188,0,0
0.43780761645047,11548,1.6192,0,0
0.4378080490453,11549,1.6196,0,0
0.43780848151445,11550,1.62,0,0
0.43780891385793,11551,1.6204,0,0
0.43780934607573,11552,1.6208,0,0
0.43780977816787,11553,1.6212,0,0
0.43781021013433,11554,1.6216,0,0
0.43781064197513,11555,1.622,0,0
0.43781107369025,11556,1.6224,0,0
0.4378115052797,11557,1.6228,0,0
0.43781193674349,11558,1.6232,0,0
0.4378123680816,11559,1.6236,0,0
0.43781279929404,11560,1.624,0,0
0.43781323038082,11561,1.6244,0,0
0.43781366134192,11562,1.6248,0,0
0.43781409217736,11563,1.6252,0,0
0.43781452288713,11564,1.6256,0,0
0.43781495347123,11565,1.626,0,0
0.43781538392967,11566,1.6264,0,0
0.43781581426243,11567,1.6268,0,0
0.43781624446953,11568,1.6272,0,0
0.43781667455097,11569,1.6276,0,0
0.43781710450673,11570,1.628,0,0
0.43781753433683,11571,1.6284,0,0
0.43781796404127,11572,1.6288,0,0
0.43781839362003,11573,1.6292,0,0
0.43781882307314,11574,1.6296,0,0
0.43781925240058,11575,1.63,0,0
0.43781968160235,11576,1.6304,0,0
0.43782011067846,11577,1.6308,0,0
0.4378205396289,11578,1.6312,0,0
0.43782096845369,11579,1.6316,0,0
0.4378213971528,11580,1.632,0,0
0.43782182572626,11581,1.6324,0,0
0.43782225417405,11582,1.6328,0,0
0.43782268249618,11583,1.6332,0,0
0.43782311069265,11584,1.6336,0,0
0.43782353876345,11585,1.634,0,0
0.43782396670859,11586,1.6344,0,0
0.43782439452807,11587,1.6348,0,0
0.43782482222189,11588,1.6352,0,0
0.43782524979005,11589,1.6356,0,0
0.43782567723255,11590,1.636,0,0
0.43782610454939,11591,1.6364,0,0
0.43782653174057,11592,1.6368,0,0
0.43782695880609,11593,1.6372,0,0
0.43782738574594,11594,1.6376,0,0
0.43782781256014,11595,1.638,0,0
0.43782823924868,11596,1.6384,0,0
0.43782866581157,11597,1.6388,0,0
0.43782909224879,11598,1.6392,0,0
0.43782951856036,11599,1.6396,0,0
0.43782994474626,11600,1.64,0,0
0.43783037080652,11601,1.6404,0,0
0.43783079674111,11602,1.6408,0,0
0.43783122255005,11603,1.6412,0,0
0.43783164823333,11604,1.6416,0,0
0.43783207379095,11605,1.642,0,0
0.43783249922292,11606,1.6424,0,0
0.43783292452923,11607,1.6428,0,0
0.43783334970989,11608,1.6432,0,0
0.43783377476489,11609,1.6436,0,0
0.43783419969423,11610,1.644,0,0
0.43783462449793,11611,1.6444,0,0
0.43783504917596,11612,1.6448,0,0
0.43783547372835,11613,1.6452,0,0
0.43783589815508,11614,1.6456,0,0
0.43783632245615,11615,1.646,0,0
0.43783674663158,11616,1.6464,0,0
0.43783717068135,11617,1.6468,0,0
0.43783759460547,11618,1.6472,0,0
0.43783801840393,11619,1.6476,0,0
0.43783844207675,11620,1.648,0,0
0.43783886562391,11621,1.6484,0,0
0.43783928904542,11622,1.6488,0,0
0.43783971234128,11623,1.6492,0,0
0.43784013551149,11624,1.6496,0,0
0.43784055855605,11625,1.65,0,0
0.43784098147496,11626,1.6504,0,0
0.43784140426821,11627,1.6508,0,0
0.43784182693582,11628,1.6512,0,0
0.43784224947778,11629,1.6516,0,0
0.43784267189409,11630,1.652,0,0
0.43784309418475,11631,1.6524,0,0
0.43784351634977,11632,1.6528,0,0
0.43784393838913,11633,1.6532,0,0
0.43784436030285,11634,1.6536,0,0
0.43784478209092,11635,1.654,0,0
0.43784520375334,11636,1.6544,0,0
0.43784562529011,11637,1.6548,0,0
0.43784604670124,11638,1.6552,0,0
0.43784646798672,11639,1.6556,0,0
0.43784688914655,11640,1.656,0,0
0.43784731018074,11641,1.6564,0,0
0.43784773108929,11642,1.6568,0,0
0.43784815187218,11643,1.6572,0,0
0.43784857252944,11644,1.6576,0,0
0.43784899306105,11645,1.658,0,0
0.43784941346701,11646,1.6584,0,0
0.43784983374733,11647,1.6588,0,0
0.437850253902,11648,1.6592,0,0
0.43785067393103,11649,1.6596,0,0
0.43785109383442,11650,1.66,0,0
0.43785151361217,11651,1.6604,0,0
0.43785193326427,11652,1.6608,0,0
0.43785235279073,11653,1.6612,0,0
0.43785277219155,11654,1.6616,0,0
0.43785319146672,11655,1.662,0,0
0.43785361061626,11656,1.6624,0,0
0.43785402964015,11657,1.6628,0,0
0.4378544485384,11658,1.6632,0,0
0.43785486731101,11659,1.6636,0,0
0.43785528595798,11660,1.664,0,0
0.43785570447931,11661,1.6644,0,0
0.437856122875,11662,1.6648,0,0
0.43785654114505,11663,1.6652,0,0
0.43785695928946,11664,1.6656,0,0
0.43785737730823,11665,1.666,0,0
0.43785779520136,11666,1.6664,0,0
0.43785821296886,11667,1.6668,0,0
0.43785863061071,11668,1.6672,0,0
0.43785904812693,11669,1.6676,0,0
0.43785946551751,11670,1.668,0,0
0.43785988278245,11671,1.6684,0,0
0.43786029992176,11672,1.6688,0,0
0.43786071693543,11673,1.6692,0,0
0.43786113382346,11674,1.6696,0,0
0.43786155058586,11675,1.67,0,0
0.43786196722262,11676,1.6704,0,0
0.43786238373374,11677,1.6708,0,0
0.43786280011923,11678,1.6712,0,0
0.43786321637908,11679,1.6716,0,0
0.4378636325133,11680,1.672,0,0
0.43786404852188,11681,1.6724,0,0
0.43786446440483,11682,1.6728,0,0
0.43786488016215,11683,1.6732,0,0
0.43786529579383,11684,1.6736,0,0
0.43786571129988,11685,1.674,0,0
0.4378661266803,11686,1.6744,0,0
0.43786654193508,11687,1.6748,0,0
0.43786695706423,11688,1.6752,0,0
0.43786737206774,11689,1.6756,0,0
0.43786778694563,11690,1.676,0,0
0.43786820169788,11691,1.6764,0,0
0.43786861632451,11692,1.6768,0,0
0.4378690308255,11693,1.6772,0,0
0.43786944520086,11694,1.6776,0,0
0.43786985945058,11695,1.678,0,0
0.43787027357468,11696,1.6784,0,0
0.43787068757315,11697,1.6788,0,0
0.43787110144599,11698,1.6792,0,0
0.4378715151932,11699,1.6796,0,0
0.43787192881478,11700,1.68,0,0
0.43787234231073,11701,1.6804,0,0
0.43787275568105,11702,1.6808,0,0
0.43787316892575,11703,1.6812,0,0
0.43787358204481,11704,1.6816,0,0
0.43787399503825,11705,1.682,0,0
0.43787440790606,11706,1.6824,0,0
0.43787482064825,11707,1.6828,0,0
0.4378752332648,11708,1.6832,0,0
0.43787564575573,11709,1.6836,0,0
0.43787605812103,11710,1.684,0,0
0.43787647036071,11711,1.6844,0,0
0.43787688247476,11712,1.6848,0,0
0.43787729446319,11713,1.6852,0,0
0.43787770632599,11714,1.6856,0,0
0.43787811806316,11715,1.686,0,0
0.43787852967471,11716,1.6864,0,0
0.43787894116064,11717,1.6868,0,0
0.43787935252094,11718,1.6872,0,0
0.43787976375562,11719,1.6876,0,0
0.43788017486467,11720,1.688,0,0
0.4378805858481,11721,1.6884,0,0
0.43788099670591,11722,1.6888,0,0
0.43788140743809,11723,1.6892,0,0
0.43788181804466,11724,1.6896,0,0
0.4378822285256,11725,1.69,0,0
0.43788263888091,11726,1.6904,0,0
0.43788304911061,11727,1.6908,0,0
0.43788345921468,11728,1.6912,0,0
0.43788386919314,11729,1.6916,0,0
0.43788427904597,11730,1.692,0,0
0.43788468877318,11731,1.6924,0,0
0.43788509837477,11732,1.6928,0,0
0.43788550785074,11733,1.6932,0,0
0.4378859172011,11734,1.6936,0,0
0.43788632642583,11735,1.694,0,0
0.43788673552494,11736,1.6944,0,0
0.43788714449844,11737,1.6948,0,0
0.43788755334631,11738,1.6952,0,0
0.43788796206857,11739,1.6956,0,0
0.43788837066521,11740,1.696,0,0
0.43788877913623,11741,1.6964,0,0
0.43788918748163,11742,1.6968,0,0
0.43788959570142,11743,1.6972,0,0
0.43789000379559,11744,1.6976,0,0
0.43789041176414,11745,1.698,0,0
0.43789081960708,11746,1.6984,0,0
0.4378912273244,11747,1.6988,0,0
0.4378916349161,11748,1.6992,0,0
0.43789204238219,11749,1.6996,0,0
0.43789244972267,11750,1.7,0,0
0.43789285693752,11751,1.7004,0,0
0.43789326402677,11752,1.7008,0,0
0.4378936709904,11753,1.7012,0,0
0.43789407782841,11754,1.7016,0,0
0.43789448454081,11755,1.702,0,0
0.4378948911276,11756,1.7024,0,0
0.43789529758877,11757,1.7028,0,0
0.43789570392433,11758,1.7032,0,0
0.43789611013428,11759,1.7036,0,0
0.43789651621862,11760,1.704,0,0
0.43789692217734,11761,1.7044,0,0
0.43789732801045,11762,1.7048,0,0
0.43789773371795,11763,1.7052,0,0
0.43789813929984,11764,1.7056,0,0
0.43789854475611,11765,1.706,0,0
0.43789895008678,11766,1.7064,0,0
0.43789935529183,11767,1.7068,0,0
0.43789976037128,11768,1.7072,0,0
0.43790016532511,11769,1.7076,0,0
0.43790057015334,11770,1.708,0,0
0.43790097485595,11771,1.7084,0,0
0.43790137943296,11772,1.7088,0,0
0.43790178388436,11773,1.7092,0,0
0.43790218821014,11774,1.7096,0,0
0.43790259241032,11775,1.71,0,0
0.43790299648489,11776,1.7104,0,0
0.43790340043386,11777,1.7108,0,0
0.43790380425721,11778,1.7112,0,0
0.43790420795496,11779,1.7116,0,0
0.4379046115271,11780,1.712,0,0
0.43790501497364,11781,1.7124,0,0
0.43790541829457,11782,1.7128,0,0
0.43790582148989,11783,1.7132,0,0
0.4379062245596,11784,1.7136,0,0
0.43790662750371,11785,1.714,0,0
0.43790703032222,11786,1.7144,0,0
0.43790743301512,11787,1.7148,0,0
0.43790783558241,11788,1.7152,0,0
0.4379082380241,11789,1.7156,0,0
0.43790864034019,11790,1.716,0,0
0.43790904253067,11791,1.7164,0,0
0.43790944459555,11792,1.7168,0,0
0.43790984653482,11793,1.7172,0,0
0.43791024834849,11794,1.7176,0,0
0.43791065003656,11795,1.718,0,0
0.43791105159903,11796,1.7184,0,0
0.43791145303589,11797,1.7188,0,0
0.43791185434715,11798,1.7192,0,0
0.43791225553281,11799,1.7196,0,0
0.43791265659287,11800,1.72,0,0
0.43791305752732,11801,1.7204,0,0
0.43791345833618,11802,1.7208,0,0
0.43791385901943,11803,1.7212,0,0
0.43791425957708,11804,1.7216,0,0
0.43791466000914,11805,1.722,0,0
0.43791506031559,11806,1.7224,0,0
0.43791546049644,11807,1.7228,0,0
0.4379158605517,11808,1.7232,0,0
0.43791626048135,11809,1.7236,0,0
0.43791666028541,11810,1.724,0,0
0.43791705996387,11811,1.7244,0,0
0.43791745951673,11812,1.7248,0,0
0.43791785894399,11813,1.7252,0,0
0.43791825824565,11814,1.7256,0,0
0.43791865742171,11815,1.726,0,0
0.43791905647218,11816,1.7264,0,0
0.43791945539705,11817,1.7268,0,0
0.43791985419633,11818,1.7272,0,0
0.43792025287001,11819,1.7276,0,0
0.43792065141809,11820,1.728,0,0
0.43792104984057,11821,1.7284,0,0
0.43792144813746,11822,1.7288,0,0
0.43792184630876,11823,1.7292,0,0
0.43792224435446,11824,1.7296,0,0
0.43792264227456,11825,1.73,0,0
0.43792304006907,11826,1.7304,0,0
0.43792343773799,11827,1.7308,0,0
0.43792383528131,11828,1.7312,0,0
0.43792423269904,11829,1.7316,0,0
0.43792462999117,11830,1.732,0,0
0.43792502715771,11831,1.7324,0,0
0.43792542419866,11832,1.7328,0,0
0.43792582111402,11833,1.7332,0,0
0.43792621790378,11834,1.7336,0,0
0.43792661456795,11835,1.734,0,0
0.43792701110653,11836,1.7344,0,0
0.43792740751952,11837,1.7348,0,0
0.43792780380692,11838,1.7352,0,0
0.43792819996872,11839,1.7356,0,0
0.43792859600494,11840,1.736,0,0
0.43792899191556,11841,1.7364,0,0
0.43792938770059,11842,1.7368,0,0
0.43792978336004,11843,1.7372,0,0
0.43793017889389,11844,1.7376,0,0
0.43793057430215,11845,1.738,0,0
0.43793096958483,11846,1.7384,0,0
0.43793136474191,11847,1.7388,0,0
0.43793175977341,11848,1.7392,0,0
0.43793215467932,11849,1.7396,0,0
0.43793254945964,11850,1.74,0,0
0.43793294411438,11851,1.7404,0,0
0.43793333864352,11852,1.7408,0,0
0.43793373304708,11853,1.7412,0,0
0.43793412732505,11854,1.7416,0,0
0.43793452147743,11855,1.742,0,0
0.43793491550423,11856,1.7424,0,0
0.43793530940544,11857,1.7428,0,0
0.43793570318107,11858,1.7432,0,0
0.43793609683111,11859,1.7436,0,0
0.43793649035556,11860,1.744,0,0
0.43793688375443,11861,1.7444,0,0
0.43793727702772,11862,1.7448,0,0
0.43793767017542,11863,1.7452,0,0
0.43793806319753,11864,1.7456,0,0
0.43793845609406,11865,1.746,0,0
0.43793884886501,11866,1.7464,0,0
0.43793924151037,11867,1.7468,0,0
0.43793963403015,11868,1.7472,0,0
0.43794002642435,11869,1.7476,0,0
0.43794041869297,11870,1.748,0,0
0.437940810836,11871,1.7484,0,0
0.43794120285345,11872,1.7488,0,0
0.43794159474531,11873,1.7492,0,0
0.4379419865116,11874,1.7496,0,0
0.4379423781523,11875,1.75,0,0
0.43794276966743,11876,1.7504,0,0
0.43794316105697,11877,1.7508,0,0
0.43794355232093,11878,1.7512,0,0
0.43794394345931,11879,1.7516,0,0
0.43794433447211,11880,1.752,0,0
0.43794472535934,11881,1.7524,0,0
0.43794511612098,11882,1.7528,0,0
0.43794550675704,11883,1.7532,0,0
0.43794589726752,11884,1.7536,0,0
0.43794628765243,11885,1.754,0,0
0.43794667791175,11886,1.7544,0,0
0.4379470680455,11887,1.7548,0,0
0.43794745805367,11888,1.7552,0,0
0.43794784793626,11889,1.7556,0,0
0.43794823769328,11890,1.756,0,0
0.43794862732471,11891,1.7564,0,0
0.43794901683057,11892,1.7568,0,0
0.43794940621086,11893,1.7572,0,0
0.43794979546556,11894,1.7576,0,0
0.43795018459469,11895,1.758,0,0
0.43795057359825,11896,1.7584,0,0
0.43795096247623,11897,1.7588,0,0
0.43795135122863,11898,1.7592,0,0
0.43795173985546,11899,1.7596,0,0
0.43795212835671,11900,1.76,0,0
0.43795251673239,11901,1.7604,0,0
0.4379529049825,11902,1.7608,0,0
0.43795329310703,11903,1.7612,0,0
0.43795368110599,11904,1.7616,0,0
0.43795406897937,11905,1.762,0,0
0.43795445672718,11906,1.7624,0,0
0.43795484434942,11907,1.7628,0,0
0.43795523184608,11908,1.7632,0,0
0.43795561921717,11909,1.7636,0,0
0.43795600646269,11910,1.764,0,0
0.43795639358264,11911,1.7644,0,0
0.43795678057702,11912,1.7648,0,0
0.43795716744582,11913,1.7652,0,0
0.43795755418906,11914,1.7656,0,0
0.43795794080672,11915,1.766,0,0
0.43795832729881,11916,1.7664,0,0
0.43795871366533,11917,1.7668,0,0
0.43795909990628,11918,1.7672,0,0
0.43795948602167,11919,1.7676,0,0
0.43795987201148,11920,1.768,0,0
0.43796025787572,11921,1.7684,0,0
0.43796064361439,11922,1.7688,0,0
0.4379610292275,11923,1.7692,0,0
0.43796141471504,11924,1.7696,0,0
0.437961800077,11925,1.77,0,0
0.4379621853134,11926,1.7704,0,0
0.43796257042424,11927,1.7708,0,0
0.4379629554095,11928,1.7712,0,0
0.4379633402692,11929,1.7716,0,0
0.43796372500333,11930,1.772,0,0
0.43796410961189,11931,1.7724,0,0
0.43796449409489,11932,1.7728,0,0
0.43796487845232,11933,1.7732,0,0
0.43796526268419,11934,1.7736,0,0
0.43796564679049,11935,1.774,0,0
0.43796603077122,11936,1.7744,0,0
0.43796641462639,11937,1.7748,0,0
0.43796679835599,11938,1.7752,0,0
0.43796718196003,11939,1.7756,0,0
0.43796756543851,11940,1.776,0,0
0.43796794879142,11941,1.7764,0,0
0.43796833201876,11942,1.7768,0,0
0.43796871512055,11943,1.7772,0,0
0.43796909809677,11944,1.7776,0,0
0.43796948094742,11945,1.778,0,0
0.43796986367252,11946,1.7784,0,0
0.43797024627205,11947,1.7788,0,0
0.43797062874602,11948,1.7792,0,0
0.43797101109443,11949,1.7796,0,0
0.43797139331727,11950,1.78,0,0
0.43797177541456,11951,1.7804,0,0
0.43797215738628,11952,1.7808,0,0
0.43797253923244,11953,1.7812,0,0
0.43797292095304,11954,1.7816,0,0
0.43797330254808,11955,1.782,0,0
0.43797368401756,11956,1.7824,0,0
0.43797406536148,11957,1.7828,0,0
0.43797444657984,11958,1.7832,0,0
0.43797482767264,11959,1.7836,0,0
0.43797520863988,11960,1.784,0,0
0.43797558948157,11961,1.7844,0,0
0.43797597019769,11962,1.7848,0,0
0.43797635078826,11963,1.7852,0,0
0.43797673125326,11964,1.7856,0,0
0.43797711159271,11965,1.786,0,0
0.43797749180661,11966,1.7864,0,0
0.43797787189494,11967,1.7868,0,0
0.43797825185772,11968,1.7872,0,0
0.43797863169494,11969,1.7876,0,0
0.4379790114066,11970,1.788,0,0
0.43797939099271,11971,1.7884,0,0
0.43797977045326,11972,1.7888,0,0
0.43798014978826,11973,1.7892,0,0
0.4379805289977,11974,1.7896,0,0
0.43798090808158,11975,1.79,0,0
0.43798128703991,11976,1.7904,0,0
0.43798166587269,11977,1.7908,0,0
0.43798204457991,11978,1.7912,0,0
0.43798242316157,11979,1.7916,0,0
0.43798280161769,11980,1.792,0,0
0.43798317994824,11981,1.7924,0,0
0.43798355815325,11982,1.7928,0,0
0.4379839362327,11983,1.7932,0,0
0.4379843141866,11984,1.7936,0,0
0.43798469201494,11985,1.794,0,0
0.43798506971774,11986,1.7944,0,0
0.43798544729498,11987,1.7948,0,0
0.43798582474667,11988,1.7952,0,0
0.4379862020728,11989,1.7956,0,0
0.43798657927339,11990,1.796,0,0
0.43798695634842,11991,1.7964,0,0
0.43798733329791,11992,1.7968,0,0
0.43798771012184,11993,1.7972,0,0
0.43798808682022,11994,1.7976,0,0
0.43798846339305,11995,1.798,0,0
0.43798883984034,11996,1.7984,0,0
0.43798921616207,11997,1.7988,0,0
0.43798959235825,11998,1.7992,0,0
0.43798996842888,11999,1.7996,0,0
0.43799034437397,12000,1.8,0,0
0.4379907201935,12001,1.8004,0,0
0.43799109588749,12002,1.8008,0,0
0.43799147145593,12003,1.8012,0,0
0.43799184689882,12004,1.8016,0,0
0.43799222221617,12005,1.802,0,0
0.43799259740796,12006,1.8024,0,0
0.43799297247421,12007,1.8028,0,0
0.43799334741492,12008,1.8032,0,0
0.43799372223007,12009,1.8036,0,0
0.43799409691968,12010,1.804,0,0
0.43799447148374,12011,1.8044,0,0
0.43799484592226,12012,1.8048,0,0
0.43799522023523,12013,1.8052,0,0
0.43799559442266,12014,1.8056,0,0
0.43799596848454,12015,1.806,0,0
0.43799634242088,12016,1.8064,0,0
0.43799671623167,12017,1.8068,0,0
0.43799708991692,12018,1.8072,0,0
0.43799746347662,12019,1.8076,0,0
0.43799783691078,12020,1.808,0,0
0.4379982102194,12021,1.8084,0,0
0.43799858340247,12022,1.8088,0,0
0.43799895646,12023,1.8092,0,0
0.43799932939198,12024,1.8096,0,0
0.43799970219843,12025,1.81,0,0
0.43800007487933,12026,1.8104,0,0
0.43800044743469,12027,1.8108,0,0
0.43800081986451,12028,1.8112,0,0
0.43800119216878,12029,1.8116,0,0
0.43800156434752,12030,1.812,0,0
0.43800193640071,12031,1.8124,0,0
0.43800230832837,12032,1.8128,0,0
0.43800268013048,12033,1.8132,0,0
0.43800305180705,12034,1.8136,0,0
0.43800342335808,12035,1.814,0,0
0.43800379478357,12036,1.8144,0,0
0.43800416608353,12037,1.8148,0,0
0.43800453725794,12038,1.8152,0,0
0.43800490830681,12039,1.8156,0,0
0.43800527923015,12040,1.816,0,0
0.43800565002795,12041,1.8164,0,0
0.43800602070021,12042,1.8168,0,0
0.43800639124693,12043,1.8172,0,0
0.43800676166811,12044,1.8176,0,0
0.43800713196375,12045,1.818,0,0
0.43800750213386,12046,1.8184,0,0
0.43800787217843,12047,1.8188,0,0
0.43800824209747,12048,1.8192,0,0
0.43800861189096,12049,1.8196,0,0
0.43800898155893,12050,1.82,0,0
0.43800935110135,12051,1.8204,0,0
0.43800972051824,12052,1.8208,0,0
0.43801008980959,12053,1.8212,0,0
0.43801045897541,12054,1.8216,0,0
0.4380108280157,12055,1.822,0,0
0.43801119693045,12056,1.8224,0,0
0.43801156571966,12057,1.8228,0,0
0.43801193438334,12058,1.8232,0,0
0.43801230292149,12059,1.8236,0,0
0.4380126713341,12060,1.824,0,0
0.43801303962118,12061,1.8244,0,0
0.43801340778272,12062,1.8248,0,0
0.43801377581873,12063,1.8252,0,0
0.43801414372921,12064,1.8256,0,0
0.43801451151416,12065,1.826,0,0
0.43801487917358,12066,1.8264,0,0
0.43801524670746,12067,1.8268,0,0
0.43801561411581,12068,1.8272,0,0
0.43801598139863,12069,1.8276,0,0
0.43801634855592,12070,1.828,0,0
0.43801671558767,12071,1.8284,0,0
0.4380170824939,12072,1.8288,0,0
0.43801744927459,12073,1.8292,0,0
0.43801781592976,12074,1.8296,0,0
0.43801818245939,12075,1.83,0,0
0.4380185488635,12076,1.8304,0,0
0.43801891514208,12077,1.8308,0,0
0.43801928129512,12078,1.8312,0,0
0.43801964732264,12079,1.8316,0,0
0.43802001322463,12080,1.832,0,0
0.43802037900109,12081,1.8324,0,0
0.43802074465202,12082,1.8328,0,0
0.43802111017742,12083,1.8332,0,0
0.4380214755773,12084,1.8336,0,0
0.43802184085165,12085,1.834,0,0
0.43802220600047,12086,1.8344,0,0
0.43802257102376,12087,1.8348,0,0
0.43802293592153,12088,1.8352,0,0
0.43802330069377,12089,1.8356,0,0
0.43802366534048,12090,1.836,0,0
0.43802402986167,12091,1.8364,0,0
0.43802439425734,12092,1.8368,0,0
0.43802475852747,12093,1.8372,0,0
0.43802512267208,12094,1.8376,0,0
0.43802548669117,12095,1.838,0,0
0.43802585058473,12096,1.8384,0,0
0.43802621435277,12097,1.8388,0,0
0.43802657799528,12098,1.8392,0,0
0.43802694151227,12099,1.8396,0,0
0.43802730490373,12100,1.84,0,0
0.43802766816967,12101,1.8404,0,0
0.43802803131009,12102,1.8408,0,0
0.43802839432498,12103,1.8412,0,0
0.43802875721436,12104,1.8416,0,0
0.4380291199782,12105,1.842,0,0
0.43802948261653,12106,1.8424,0,0
0.43802984512934,12107,1.8428,0,0
0.43803020751662,12108,1.8432,0,0
0.43803056977838,12109,1.8436,0,0
0.43803093191462,12110,1.844,0,0
0.43803129392534,12111,1.8444,0,0
0.43803165581053,12112,1.8448,0,0
0.43803201757021,12113,1.8452,0,0
0.43803237920437,12114,1.8456,0,0
0.438032740713,12115,1.846,0,0
0.43803310209612,12116,1.8464,0,0
0.43803346335371,12117,1.8468,0,0
0.43803382448579,12118,1.8472,0,0
0.43803418549235,12119,1.8476,0,0
0.43803454637339,12120,1.848,0,0
0.43803490712891,12121,1.8484,0,0
0.43803526775891,12122,1.8488,0,0
0.43803562826339,12123,1.8492,0,0
0.43803598864236,12124,1.8496,0,0
0.4380363488958,12125,1.85,0,0
0.43803670902373,12126,1.8504,0,0
0.43803706902615,12127,1.8508,0,0
0.43803742890304,12128,1.8512,0,0
0.43803778865442,12129,1.8516,0,0
0.43803814828028,12130,1.852,0,0
0.43803850778063,12131,1.8524,0,0
0.43803886715546,12132,1.8528,0,0
0.43803922640477,12133,1.8532,0,0
0.43803958552857,12134,1.8536,0,0
0.43803994452686,12135,1.854,0,0
0.43804030339963,12136,1.8544,0,0
0.43804066214688,12137,1.8548,0,0
0.43804102076862,12138,1.8552,0,0
0.43804137926484,12139,1.8556,0,0
0.43804173763555,12140,1.856,0,0
0.43804209588075,12141,1.8564,0,0
0.43804245400043,12142,1.8568,0,0
0.4380428119946,12143,1.8572,0,0
0.43804316986326,12144,1.8576,0,0
0.43804352760641,12145,1.858,0,0
0.43804388522404,12146,1.8584,0,0
0.43804424271616,12147,1.8588,0,0
0.43804460008276,12148,1.8592,0,0
0.43804495732386,12149,1.8596,0,0
0.43804531443944,12150,1.86,0,0
0.43804567142951,12151,1.8604,0,0
0.43804602829407,12152,1.8608,0,0
0.43804638503312,12153,1.8612,0,0
0.43804674164666,12154,1.8616,0,0
0.43804709813469,12155,1.862,0,0
0.43804745449721,12156,1.8624,0,0
0.43804781073422,12157,1.8628,0,0
0.43804816684572,12158,1.8632,0,0
0.43804852283171,12159,1.8636,0,0
0.43804887869219,12160,1.864,0,0
0.43804923442716,12161,1.8644,0,0
0.43804959003662,12162,1.8648,0,0
0.43804994552057,12163,1.8652,0,0
0.43805030087902,12164,1.8656,0,0
0.43805065611196,12165,1.866,0,0
0.43805101121939,12166,1.8664,0,0
0.43805136620131,12167,1.8668,0,0
0.43805172105772,12168,1.8672,0,0
0.43805207578863,12169,1.8676,0,0
0.43805243039403,12170,1.868,0,0
0.43805278487393,12171,1.8684,0,0
0.43805313922831,12172,1.8688,0,0
0.43805349345719,12173,1.8692,0,0
0.43805384756057,12174,1.8696,0,0
0.43805420153844,12175,1.87,0,0
0.43805455539081,12176,1.8704,0,0
0.43805490911767,12177,1.8708,0,0
0.43805526271902,12178,1.8712,0,0
0.43805561619487,12179,1.8716,0,0
0.43805596954522,12180,1.872,0,0
0.43805632277006,12181,1.8724,0,0
0.4380566758694,12182,1.8728,0,0
0.43805702884323,12183,1.8732,0,0
0.43805738169156,12184,1.8736,0,0
0.43805773441439,12185,1.874,0,0
0.43805808701171,12186,1.8744,0,0
0.43805843948353,12187,1.8748,0,0
0.43805879182985,12188,1.8752,0,0
0.43805914405067,12189,1.8756,0,0
0.43805949614598,12190,1.876,0,0
0.4380598481158,12191,1.8764,0,0
0.43806019996011,12192,1.8768,0,0
0.43806055167892,12193,1.8772,0,0
0.43806090327223,12194,1.8776,0,0
0.43806125474004,12195,1.878,0,0
0.43806160608234,12196,1.8784,0,0
0.43806195729915,12197,1.8788,0,0
0.43806230839046,12198,1.8792,0,0
0.43806265935626,12199,1.8796,0,0
0.43806301019657,12200,1.88,0,0
0.43806336091138,12201,1.8804,0,0
0.43806371150069,12202,1.8808,0,0
0.4380640619645,12203,1.8812,0,0
0.43806441230281,12204,1.8816,0,0
0.43806476251562,12205,1.882,0,0
0.43806511260294,12206,1.8824,0,0
0.43806546256475,12207,1.8828,0,0
0.43806581240107,12208,1.8832,0,0
0.43806616211189,12209,1.8836,0,0
0.43806651169722,12210,1.884,0,0
0.43806686115704,12211,1.8844,0,0
0.43806721049137,12212,1.8848,0,0
0.43806755970021,12213,1.8852,0,0
0.43806790878354,12214,1.8856,0,0
0.43806825774139,12215,1.886,0,0
0.43806860657373,12216,1.8864,0,0
0.43806895528058,12217,1.8868,0,0
0.43806930386193,12218,1.8872,0,0
0.43806965231779,12219,1.8876,0,0
0.43807000064816,12220,1.888,0,0
0.43807034885303,12221,1.8884,0,0
0.4380706969324,12222,1.8888,0,0
0.43807104488628,12223,1.8892,0,0
0.43807139271467,12224,1.8896,0,0
0.43807174041756,12225,1.89,0,0
0.43807208799496,12226,1.8904,0,0
0.43807243544687,12227,1.8908,0,0
0.43807278277328,12228,1.8912,0,0
0.4380731299742,12229,1.8916,0,0
0.43807347704963,12230,1.892,0,0
0.43807382399957,12231,1.8924,0,0
0.43807417082401,12232,1.8928,0,0
0.43807451752296,12233,1.8932,0,0
0.43807486409642,12234,1.8936,0,0
0.43807521054439,12235,1.894,0,0
0.43807555686687,12236,1.8944,0,0
0.43807590306385,12237,1.8948,0,0
0.43807624913535,12238,1.8952,0,0
0.43807659508135,12239,1.8956,0,0
0.43807694090187,12240,1.896,0,0
0.4380772865969,12241,1.8964,0,0
0.43807763216643,12242,1.8968,0,0
0.43807797761048,12243,1.8972,0,0
0.43807832292903,12244,1.8976,0,0
0.4380786681221,12245,1.898,0,0
0.43807901318968,12246,1.8984,0,0
0.43807935813177,12247,1.8988,0,0
0.43807970294837,12248,1.8992,0,0
0.43808004763949,12249,1.8996,0,0
0.43808039220511,12250,1.9,0,0
0.43808073664525,12251,1.9004,0,0
0.4380810809599,12252,1.9008,0,0
0.43808142514907,12253,1.9012,0,0
0.43808176921274,12254,1.9016,0,0
0.43808211315093,12255,1.902,0,0
0.43808245696364,12256,1.9024,0,0
0.43808280065085,12257,1.9028,0,0
0.43808314421259,12258,1.9032,0,0
0.43808348764883,12259,1.9036,0,0
0.43808383095959,12260,1.904,0,0
0.43808417414487,12261,1.9044,0,0
0.43808451720466,12262,1.9048,0,0
0.43808486013896,12263,1.9052,0,0
0.43808520294778,12264,1.9056,0,0
0.43808554563112,12265,1.906,0,0
0.43808588818897,12266,1.9064,0,0
0.43808623062134,12267,1.9068,0,0
0.43808657292822,12268,1.9072,0,0
0.43808691510962,12269,1.9076,0,0
0.43808725716554,12270,1.908,0,0
0.43808759909597,12271,1.9084,0,0
0.43808794090093,12272,1.9088,0,0
0.4380882825804,12273,1.9092,0,0
0.43808862413438,12274,1.9096,0,0
0.43808896556289,12275,1.91,0,0
0.43808930686591,12276,1.9104,0,0
0.43808964804345,12277,1.9108,0,0
0.43808998909551,12278,1.9112,0,0
0.43809033002209,12279,1.9116,0,0
0.43809067082319,12280,1.912,0,0
0.43809101149881,12281,1.9124,0,0
0.43809135204894,12282,1.9128,0,0
0.4380916924736,12283,1.9132,0,0
0.43809203277278,12284,1.9136,0,0
0.43809237294647,12285,1.914,0,0
0.43809271299469,12286,1.9144,0,0
0.43809305291743,12287,1.9148,0,0
0.43809339271469,12288,1.9152,0,0
0.43809373238647,12289,1.9156,0,0
0.43809407193277,12290,1.916,0,0
0.4380944113536,12291,1.9164,0,0
0.43809475064894,12292,1.9168,0,0
0.43809508981881,12293,1.9172,0,0
0.4380954288632,12294,1.9176,0,0
0.43809576778211,12295,1.918,0,0
0.43809610657554,12296,1.9184,0,0
0.4380964452435,12297,1.9188,0,0
0.43809678378598,12298,1.9192,0,0
0.43809712220299,12299,1.9196,0,0
0.43809746049452,12300,1.92,0,0
0.43809779866057,12301,1.9204,0,0
0.43809813670115,12302,1.9208,0,0
0.43809847461625,12303,1.9212,0,0
0.43809881240587,12304,1.9216,0,0
0.43809915007002,12305,1.922,0,0
0.4380994876087,12306,1.9224,0,0
0.4380998250219,12307,1.9228,0,0
0.43810016230963,12308,1.9232,0,0
0.43810049947188,12309,1.9236,0,0
0.43810083650866,12310,1.924,0,0
0.43810117341996,12311,1.9244,0,0
0.43810151020579,12312,1.9248,0,0
0.43810184686615,12313,1.9252,0,0
0.43810218340103,12314,1.9256,0,0
0.43810251981045,12315,1.926,0,0
0.43810285609438,12316,1.9264,0,0
0.43810319225285,12317,1.9268,0,0
0.43810352828585,12318,1.9272,0,0
0.43810386419337,12319,1.9276,0,0
0.43810419997542,12320,1.928,0,0
0.438104535632,12321,1.9284,0,0
0.43810487116311,12322,1.9288,0,0
0.43810520656874,12323,1.9292,0,0
0.43810554184891,12324,1.9296,0,0
0.4381058770036,12325,1.93,0,0
0.43810621203283,12326,1.9304,0,0
0.43810654693658,12327,1.9308,0,0
0.43810688171487,12328,1.9312,0,0
0.43810721636768,12329,1.9316,0,0
0.43810755089503,12330,1.932,0,0
0.43810788529691,12331,1.9324,0,0
0.43810821957331,12332,1.9328,0,0
0.43810855372425,12333,1.9332,0,0
0.43810888774972,12334,1.9336,0,0
0.43810922164972,12335,1.934,0,0
0.43810955542426,12336,1.9344,0,0
0.43810988907332,12337,1.9348,0,0
0.43811022259692,12338,1.9352,0,0
0.43811055599505,12339,1.9356,0,0
0.43811088926772,12340,1.936,0,0
0.43811122241491,12341,1.9364,0,0
0.43811155543664,12342,1.9368,0,0
0.43811188833291,12343,1.9372,0,0
0.43811222110371,12344,1.9376,0,0
0.43811255374904,12345,1.938,0,0
0.4381128862689,12346,1.9384,0,0
0.4381132186633,12347,1.9388,0,0
0.43811355093224,12348,1.9392,0,0
0.4381138830757,12349,1.9396,0,0
0.43811421509371,12350,1.94,0,0
0.43811454698625,12351,1.9404,0,0
0.43811487875332,12352,1.9408,0,0
0.43811521039493,12353,1.9412,0,0
0.43811554191108,12354,1.9416,0,0
0.43811587330176,12355,1.942,0,0
0.43811620456698,12356,1.9424,0,0
0.43811653570674,12357,1.9428,0,0
0.43811686672103,12358,1.9432,0,0
0.43811719760986,12359,1.9436,0,0
0.43811752837323,12360,1.944,0,0
0.43811785901113,12361,1.9444,0,0
0.43811818952358,12362,1.9448,0,0
0.43811851991056,12363,1.9452,0,0
0.43811885017208,12364,1.9456,0,0
0.43811918030813,12365,1.946,0,0
0.43811951031873,12366,1.9464,0,0
0.43811984020386,12367,1.9468,0,0
0.43812016996354,12368,1.9472,0,0
0.43812049959775,12369,1.9476,0,0
0.4381208291065,12370,1.948,0,0
0.43812115848979,12371,1.9484,0,0
0.43812148774763,12372,1.9488,0,0
0.43812181688,12373,1.9492,0,0
0.43812214588691,12374,1.9496,0,0
0.43812247476837,12375,1.95,0,0
0.43812280352436,12376,1.9504,0,0
0.4381231321549,12377,1.9508,0,0
0.43812346065997,12378,1.9512,0,0
0.43812378903959,12379,1.9516,0,0
0.43812411729375,12380,1.952,0,0
0.43812444542245,12381,1.9524,0,0
0.4381247734257,12382,1.9528,0,0
0.43812510130349,12383,1.9532,0,0
0.43812542905582,12384,1.9536,0,0
0.43812575668269,12385,1.954,0,0
0.4381260841841,12386,1.9544,0,0
0.43812641156006,12387,1.9548,0,0
0.43812673881057,12388,1.9552,0,0
0.43812706593561,12389,1.9556,0,0
0.4381273929352,12390,1.956,0,0
0.43812771980934,12391,1.9564,0,0
0.43812804655802,12392,1.9568,0,0
0.43812837318124,12393,1.9572,0,0
0.43812869967901,12394,1.9576,0,0
0.43812902605132,12395,1.958,0,0
0.43812935229818,12396,1.9584,0,0
0.43812967841959,12397,1.9588,0,0
0.43813000441554,12398,1.9592,0,0
0.43813033028603,12399,1.9596,0,0
0.43813065603107,12400,1.96,0,0
0.43813098165066,12401,1.9604,0,0
0.4381313071448,12402,1.9608,0,0
0.43813163251348,12403,1.9612,0,0
0.43813195775671,12404,1.9616,0,0
0.43813228287449,12405,1.962,0,0
0.43813260786681,12406,1.9624,0,0
0.43813293273368,12407,1.9628,0,0
0.4381332574751,12408,1.9632,0,0
0.43813358209107,12409,1.9636,0,0
0.43813390658159,12410,1.964,0,0
0.43813423094665,12411,1.9644,0,0
0.43813455518627,12412,1.9648,0,0
0.43813487930043,12413,1.9652,0,0
0.43813520328914,12414,1.9656,0,0
0.43813552715241,12415,1.966,0,0
0.43813585089022,12416,1.9664,0,0
0.43813617450258,12417,1.9668,0,0
0.43813649798949,12418,1.9672,0,0
0.43813682135095,12419,1.9676,0,0
0.43813714458697,12420,1.968,0,0
0.43813746769753,12421,1.9684,0,0
0.43813779068264,12422,1.9688,0,0
0.43813811354231,12423,1.9692,0,0
0.43813843627653,12424,1.9696,0,0
0.4381387588853,12425,1.97,0,0
0.43813908136862,12426,1.9704,0,0
0.43813940372649,12427,1.9708,0,0
0.43813972595892,12428,1.9712,0,0
0.4381400480659,12429,1.9716,0,0
0.43814037004743,12430,1.972,0,0
0.43814069190351,12431,1.9724,0,0
0.43814101363415,12432,1.9728,0,0
0.43814133523934,12433,1.9732,0,0
0.43814165671908,12434,1.9736,0,0
0.43814197807338,12435,1.974,0,0
0.43814229930223,12436,1.9744,0,0
0.43814262040564,12437,1.9748,0,0
0.4381429413836,12438,1.9752,0,0
0.43814326223612,12439,1.9756,0,0
0.43814358296319,12440,1.976,0,0
0.43814390356481,12441,1.9764,0,0
0.438144224041,12442,1.9768,0,0
0.43814454439173,12443,1.9772,0,0
0.43814486461703,12444,1.9776,0,0
0.43814518471688,12445,1.978,0,0
0.43814550469128,12446,1.9784,0,0
0.43814582454024,12447,1.9788,0,0
0.43814614426376,12448,1.9792,0,0
0.43814646386184,12449,1.9796,0,0
0.43814678333447,12450,1.98,0,0
0.43814710268166,12451,1.9804,0,0
0.43814742190341,12452,1.9808,0,0
0.43814774099971,12453,1.9812,0,0
0.43814805997058,12454,1.9816,0,0
0.438148378816,12455,1.982,0,0
0.43814869753598,12456,1.9824,0,0
0.43814901613052,12457,1.9828,0,0
0.43814933459961,12458,1.9832,0,0
0.43814965294327,12459,1.9836,0,0
0.43814997116149,12460,1.984,0,0
0.43815028925426,12461,1.9844,0,0
0.4381506072216,12462,1.9848,0,0
0.43815092506349,12463,1.9852,0,0
0.43815124277995,12464,1.9856,0,0
0.43815156037096,12465,1.986,0,0
0.43815187783654,12466,1.9864,0,0
0.43815219517668,12467,1.9868,0,0
0.43815251239137,12468,1.9872,0,0
0.43815282948063,12469,1.9876,0,0
0.43815314644445,12470,1.988,0,0
0.43815346328284,12471,1.9884,0,0
0.43815377999578,12472,1.9888,0,0
0.43815409658329,12473,1.9892,0,0
0.43815441304536,12474,1.9896,0,0
0.43815472938199,12475,1.99,0,0
0.43815504559318,12476,1.9904,0,0
0.43815536167894,12477,1.9908,0,0
0.43815567763926,12478,1.9912,0,0
0.43815599347414,12479,1.9916,0,0
0.43815630918359,12480,1.992,0,0
0.4381566247676,12481,1.9924,0,0
0.43815694022618,12482,1.9928,0,0
0.43815725555931,12483,1.9932,0,0
0.43815757076702,12484,1.9936,0,0
0.43815788584929,12485,1.994,0,0
0.43815820080612,12486,1.9944,0,0
0.43815851563752,12487,1.9948,0,0
0.43815883034348,12488,1.9952,0,0
0.43815914492401,12489,1.9956,0,0
0.43815945937911,12490,1.996,0,0
0.43815977370877,12491,1.9964,0,0
0.43816008791299,12492,1.9968,0,0
0.43816040199179,12493,1.9972,0,0
0.43816071594515,12494,1.9976,0,0
0.43816102977307,12495,1.998,0,0
0.43816134347557,12496,1.9984,0,0
0.43816165705263,12497,1.9988,0,0
0.43816197050426,12498,1.9992,0,0
0.43816228383045,12499,1.9996,0,0
0.43816259703122,12500,2,0,0
0.43816291010655,12501,2.0004,0,0
0.43816322305645,12502,2.0008,0,0
0.43816353588092,12503,2.0012,0,0
0.43816384857996,12504,2.0016,0,0
0.43816416115356,12505,2.002,0,0
0.43816447360174,12506,2.0024,0,0
0.43816478592448,12507,2.0028,0,0
0.4381650981218,12508,2.0032,0,0
0.43816541019368,12509,2.0036,0,0
0.43816572214014,12510,2.004,0,0
0.43816603396116,12511,2.0044,0,0
0.43816634565676,12512,2.0048,0,0
0.43816665722692,12513,2.0052,0,0
0.43816696867166,12514,2.0056,0,0
0.43816727999097,12515,2.006,0,0
0.43816759118484,12516,2.0064,0,0
0.43816790225329,12517,2.0068,0,0
0.43816821319632,12518,2.0072,0,0
0.43816852401391,12519,2.0076,0,0
0.43816883470607,12520,2.008,0,0
0.43816914527281,12521,2.0084,0,0
0.43816945571412,12522,2.0088,0,0
0.43816976603001,12523,2.0092,0,0
0.43817007622046,12524,2.0096,0,0
0.43817038628549,12525,2.01,0,0
0.43817069622509,12526,2.0104,0,0
0.43817100603927,12527,2.0108,0,0
0.43817131572802,12528,2.0112,0,0
0.43817162529135,12529,2.0116,0,0
0.43817193472924,12530,2.012,0,0
0.43817224404172,12531,2.0124,0,0
0.43817255322876,12532,2.0128,0,0
0.43817286229039,12533,2.0132,0,0
0.43817317122658,12534,2.0136,0,0
0.43817348003735,12535,2.014,0,0
0.4381737887227,12536,2.0144,0,0
0.43817409728263,12537,2.0148,0,0
0.43817440571713,12538,2.0152,0,0
0.4381747140262,12539,2.0156,0,0
0.43817502220985,12540,2.016,0,0
0.43817533026808,12541,2.0164,0,0
0.43817563820088,12542,2.0168,0,0
0.43817594600827,12543,2.0172,0,0
0.43817625369023,12544,2.0176,0,0
0.43817656124676,12545,2.018,0,0
0.43817686867788,12546,2.0184,0,0
0.43817717598357,12547,2.0188,0,0
0.43817748316384,12548,2.0192,0,0
0.43817779021868,12549,2.0196,0,0
0.43817809714811,12550,2.02,0,0
0.43817840395211,12551,2.0204,0,0
0.4381787106307,12552,2.0208,0,0
0.43817901718386,12553,2.0212,0,0
0.4381793236116,12554,2.0216,0,0
0.43817962991392,12555,2.022,0,0
0.43817993609082,12556,2.0224,0,0
0.4381802421423,12557,2.0228,0,0
0.43818054806836,12558,2.0232,0,0
0.438180853869,12559,2.0236,0,0
0.43818115954423,12560,2.024,0,0
0.43818146509403,12561,2.0244,0,0
0.43818177051841,12562,2.0248,0,0
0.43818207581737,12563,2.0252,0,0
0.43818238099092,12564,2.0256,0,0
0.43818268603905,12565,2.026,0,0
0.43818299096175,12566,2.0264,0,0
0.43818329575904,12567,2.0268,0,0
0.43818360043092,12568,2.0272,0,0
0.43818390497737,12569,2.0276,0,0
0.43818420939841,12570,2.028,0,0
0.43818451369403,12571,2.0284,0,0
0.43818481786423,12572,2.0288,0,0
0.43818512190902,12573,2.0292,0,0
0.43818542582838,12574,2.0296,0,0
0.43818572962234,12575,2.03,0,0
0.43818603329087,12576,2.0304,0,0
0.43818633683399,12577,2.0308,0,0
0.4381866402517,12578,2.0312,0,0
0.43818694354399,12579,2.0316,0,0
0.43818724671086,12580,2.032,0,0
0.43818754975232,12581,2.0324,0,0
0.43818785266836,12582,2.0328,0,0
0.43818815545899,12583,2.0332,0,0
0.4381884581242,12584,2.0336,0,0
0.438188760664,12585,2.034,0,0
0.43818906307839,12586,2.0344,0,0
0.43818936536736,12587,2.0348,0,0
0.43818966753092,12588,2.0352,0,0
0.43818996956906,12589,2.0356,0,0
0.43819027148179,12590,2.036,0,0
0.43819057326911,12591,2.0364,0,0
0.43819087493101,12592,2.0368,0,0
0.4381911764675,12593,2.0372,0,0
0.43819147787858,12594,2.0376,0,0
0.43819177916425,12595,2.038,0,0
0.4381920803245,12596,2.0384,0,0
0.43819238135935,12597,2.0388,0,0
0.43819268226878,12598,2.0392,0,0
0.4381929830528,12599,2.0396,0,0
0.4381932837114,12600,2.04,0,0
0.4381935842446,12601,2.0404,0,0
0.43819388465239,12602,2.0408,0,0
0.43819418493476,12603,2.0412,0,0
0.43819448509173,12604,2.0416,0,0
0.43819478512328,12605,2.042,0,0
0.43819508502943,12606,2.0424,0,0
0.43819538481016,12607,2.0428,0,0
0.43819568446548,12608,2.0432,0,0
0.4381959839954,12609,2.0436,0,0
0.43819628339991,12610,2.044,0,0
0.438196582679,12611,2.0444,0,0
0.43819688183269,12612,2.0448,0,0
0.43819718086097,12613,2.0452,0,0
0.43819747976384,12614,2.0456,0,0
0.4381977785413,12615,2.046,0,0
0.43819807719336,12616,2.0464,0,0
0.43819837572,12617,2.0468,0,0
0.43819867412124,12618,2.0472,0,0
0.43819897239707,12619,2.0476,0,0
0.4381992705475,12620,2.048,0,0
0.43819956857251,12621,2.0484,0,0
0.43819986647212,12622,2.0488,0,0
0.43820016424633,12623,2.0492,0,0
0.43820046189512,12624,2.0496,0,0
0.43820075941851,12625,2.05,0,0
0.4382010568165,12626,2.0504,0,0
0.43820135408908,12627,2.0508,0,0
0.43820165123625,12628,2.0512,0,0
0.43820194825802,12629,2.0516,0,0
0.43820224515438,12630,2.052,0,0
0.43820254192534,12631,2.0524,0,0
0.43820283857089,12632,2.0528,0,0
0.43820313509104,12633,2.0532,0,0
0.43820343148578,12634,2.0536,0,0
0.43820372775512,12635,2.054,0,0
0.43820402389905,12636,2.0544,0,0
0.43820431991758,12637,2.0548,0,0
0.43820461581071,12638,2.0552,0,0
0.43820491157844,12639,2.0556,0,0
0.43820520722076,12640,2.056,0,0
0.43820550273767,12641,2.0564,0,0
0.43820579812919,12642,2.0568,0,0
0.4382060933953,12643,2.0572,0,0
0.43820638853601,12644,2.0576,0,0
0.43820668355132,12645,2.058,0,0
0.43820697844122,12646,2.0584,0,0
0.43820727320573,12647,2.0588,0,0
0.43820756784483,12648,2.0592,0,0
0.43820786235853,12649,2.0596,0,0
0.43820815674683,12650,2.06,0,0
0.43820845100973,12651,2.0604,0,0
0.43820874514722,12652,2.0608,0,0
0.43820903915932,12653,2.0612,0,0
0.43820933304602,12654,2.0616,0,0
0.43820962680731,12655,2.062,0,0
0.43820992044321,12656,2.0624,0,0
0.4382102139537,12657,2.0628,0,0
0.4382105073388,12658,2.0632,0,0
0.4382108005985,12659,2.0636,0,0
0.43821109373279,12660,2.064,0,0
0.43821138674169,12661,2.0644,0,0
0.43821167962519,12662,2.0648,0,0
0.43821197238329,12663,2.0652,0,0
0.438212265016,12664,2.0656,0,0
0.4382125575233,12665,2.066,0,0
0.43821284990521,12666,2.0664,0,0
0.43821314216171,12667,2.0668,0,0
0.43821343429283,12668,2.0672,0,0
0.43821372629854,12669,2.0676,0,0
0.43821401817885,12670,2.068,0,0
0.43821430993377,12671,2.0684,0,0
0.4382146015633,12672,2.0688,0,0
0.43821489306742,12673,2.0692,0,0
0.43821518444615,12674,2.0696,0,0
0.43821547569948,12675,2.07,0,0
0.43821576682742,12676,2.0704,0,0
0.43821605782996,12677,2.0708,0,0
0.4382163487071,12678,2.0712,0,0
0.43821663945885,12679,2.0716,0,0
0.43821693008521,12680,2.072,0,0
0.43821722058617,12681,2.0724,0,0
0.43821751096173,12682,2.0728,0,0
0.4382178012119,12683,2.0732,0,0
0.43821809133667,12684,2.0736,0,0
0.43821838133605,12685,2.074,0,0
0.43821867121004,12686,2.0744,0,0
0.43821896095863,12687,2.0748,0,0
0.43821925058183,12688,2.0752,0,0
0.43821954007964,12689,2.0756,0,0
0.43821982945205,12690,2.076,0,0
0.43822011869907,12691,2.0764,0,0
0.43822040782069,12692,2.0768,0,0
0.43822069681692,12693,2.0772,0,0
0.43822098568776,12694,2.0776,0,0
0.43822127443321,12695,2.078,0,0
0.43822156305327,12696,2.0784,0,0
0.43822185154793,12697,2.0788,0,0
0.4382221399172,12698,2.0792,0,0
0.43822242816108,12699,2.0796,0,0
0.43822271627957,12700,2.08,0,0
0.43822300427267,12701,2.0804,0,0
0.43822329214038,12702,2.0808,0,0
0.43822357988269,12703,2.0812,0,0
0.43822386749962,12704,2.0816,0,0
0.43822415499116,12705,2.082,0,0
0.4382244423573,12706,2.0824,0,0
0.43822472959805,12707,2.0828,0,0
0.43822501671342,12708,2.0832,0,0
0.4382253037034,12709,2.0836,0,0
0.43822559056798,12710,2.084,0,0
0.43822587730718,12711,2.0844,0,0
0.43822616392099,12712,2.0848,0,0
0.4382264504094,12713,2.0852,0,0
0.43822673677243,12714,2.0856,0,0
0.43822702301008,12715,2.086,0,0
0.43822730912233,12716,2.0864,0,0
0.43822759510919,12717,2.0868,0,0
0.43822788097067,12718,2.0872,0,0
0.43822816670676,12719,2.0876,0,0
0.43822845231746,12720,2.088,0,0
0.43822873780278,12721,2.0884,0,0
0.43822902316271,12722,2.0888,0,0
0.43822930839725,12723,2.0892,0,0
0.4382295935064,12724,2.0896,0,0
0.43822987849017,12725,2.09,0,0
0.43823016334855,12726,2.0904,0,0
0.43823044808155,12727,2.0908,0,0
0.43823073268916,12728,2.0912,0,0
0.43823101717138,12729,2.0916,0,0
0.43823130152822,12730,2.092,0,0
0.43823158575967,12731,2.0924,0,0
0.43823186986574,12732,2.0928,0,0
0.43823215384642,12733,2.0932,0,0
0.43823243770172,12734,2.0936,0,0
0.43823272143163,12735,2.094,0,0
0.43823300503616,12736,2.0944,0,0
0.4382332885153,12737,2.0948,0,0
0.43823357186906,12738,2.0952,0,0
0.43823385509744,12739,2.0956,0,0
0.43823413820043,12740,2.096,0,0
0.43823442117804,12741,2.0964,0,0
0.43823470403027,12742,2.0968,0,0
0.43823498675711,12743,2.0972,0,0
0.43823526935857,12744,2.0976,0,0
0.43823555183465,12745,2.098,0,0
0.43823583418534,12746,2.0984,0,0
0.43823611641066,12747,2.0988,0,0
0.43823639851059,12748,2.0992,0,0
0.43823668048514,12749,2.0996,0,0
0.4382369623343,12750,2.1,0,0
0.43823724405809,12751,2.1004,0,0
0.43823752565649,12752,2.1008,0,0
0.43823780712952,12753,2.1012,0,0
0.43823808847716,12754,2.1016,0,0
0.43823836969942,12755,2.102,0,0
0.4382386507963,12756,2.1024,0,0
0.4382389317678,12757,2.1028,0,0
0.43823921261392,12758,2.1032,0,0
0.43823949333466,12759,2.1036,0,0
0.43823977393002,12760,2.104,0,0
0.4382400544,12761,2.1044,0,0
0.4382403347446,12762,2.1048,0,0
0.43824061496382,12763,2.1052,0,0
0.43824089505767,12764,2.1056,0,0
0.43824117502613,12765,2.106,0,0
0.43824145486922,12766,2.1064,0,0
0.43824173458692,12767,2.1068,0,0
0.43824201417925,12768,2.1072,0,0
0.4382422936462,12769,2.1076,0,0
0.43824257298777,12770,2.108,0,0
0.43824285220397,12771,2.1084,0,0
0.43824313129479,12772,2.1088,0,0
0.43824341026023,12773,2.1092,0,0
0.43824368910029,12774,2.1096,0,0
0.43824396781497,12775,2.11,0,0
0.43824424640428,12776,2.1104,0,0
0.43824452486822,12777,2.1108,0,0
0.43824480320677,12778,2.1112,0,0
0.43824508141995,12779,2.1116,0,0
0.43824535950775,12780,2.112,0,0
0.43824563747018,12781,2.1124,0,0
0.43824591530723,12782,2.1128,0,0
0.43824619301891,12783,2.1132,0,0
0.43824647060521,12784,2.1136,0,0
0.43824674806614,12785,2.114,0,0
0.43824702540169,12786,2.1144,0,0
0.43824730261187,12787,2.1148,0,0
0.43824757969667,12788,2.1152,0,0
0.4382478566561,12789,2.1156,0,0
0.43824813349015,12790,2.116,0,0
0.43824841019883,12791,2.1164,0,0
0.43824868678214,12792,2.1168,0,0
0.43824896324007,12793,2.1172,0,0
0.43824923957263,12794,2.1176,0,0
0.43824951577981,12795,2.118,0,0
0.43824979186162,12796,2.1184,0,0
0.43825006781806,12797,2.1188,0,0
0.43825034364913,12798,2.1192,0,0
0.43825061935483,12799,2.1196,0,0
0.43825089493515,12800,2.12,0,0
0.4382511703901,12801,2.1204,0,0
0.43825144571968,12802,2.1208,0,0
0.43825172092388,12803,2.1212,0,0
0.43825199600272,12804,2.1216,0,0
0.43825227095618,12805,2.122,0,0
0.43825254578427,12806,2.1224,0,0
0.438252820487,12807,2.1228,0,0
0.43825309506435,12808,2.1232,0,0
0.43825336951633,12809,2.1236,0,0
0.43825364384294,12810,2.124,0,0
0.43825391804418,12811,2.1244,0,0
0.43825419212005,12812,2.1248,0,0
0.43825446607055,12813,2.1252,0,0
0.43825473989568,12814,2.1256,0,0
0.43825501359544,12815,2.126,0,0
0.43825528716983,12816,2.1264,0,0
0.43825556061885,12817,2.1268,0,0
0.4382558339425,12818,2.1272,0,0
0.43825610714079,12819,2.1276,0,0
0.4382563802137,12820,2.128,0,0
0.43825665316125,12821,2.1284,0,0
0.43825692598343,12822,2.1288,0,0
0.43825719868024,12823,2.1292,0,0
0.43825747125168,12824,2.1296,0,0
0.43825774369776,12825,2.13,0,0
0.43825801601847,12826,2.1304,0,0
0.43825828821381,12827,2.1308,0,0
0.43825856028378,12828,2.1312,0,0
0.43825883222839,12829,2.1316,0,0
0.43825910404763,12830,2.132,0,0
0.4382593757415,12831,2.1324,0,0
0.43825964731001,12832,2.1328,0,0
0.43825991875315,12833,2.1332,0,0
0.43826019007093,12834,2.1336,0,0
0.43826046126334,12835,2.134,0,0
0.43826073233038,12836,2.1344,0,0
0.43826100327206,12837,2.1348,0,0
0.43826127408837,12838,2.1352,0,0
0.43826154477932,12839,2.1356,0,0
0.4382618153449,12840,2.136,0,0
0.43826208578512,12841,2.1364,0,0
0.43826235609997,12842,2.1368,0,0
0.43826262628946,12843,2.1372,0,0
0.43826289635359,12844,2.1376,0,0
0.43826316629235,12845,2.138,0,0
0.43826343610575,12846,2.1384,0,0
0.43826370579378,12847,2.1388,0,0
0.43826397535645,12848,2.1392,0,0
0.43826424479376,12849,2.1396,0,0
0.43826451410571,12850,2.14,0,0
0.43826478329229,12851,2.1404,0,0
0.43826505235351,12852,2.1408,0,0
0.43826532128936,12853,2.1412,0,0
0.43826559009986,12854,2.1416,0,0
0.43826585878499,12855,2.142,0,0
0.43826612734476,12856,2.1424,0,0
0.43826639577917,12857,2.1428,0,0
0.43826666408821,12858,2.1432,0,0
0.4382669322719,12859,2.1436,0,0
0.43826720033022,12860,2.144,0,0
0.43826746826318,12861,2.1444,0,0
0.43826773607079,12862,2.1448,0,0
0.43826800375303,12863,2.1452,0,0
0.43826827130991,12864,2.1456,0,0
0.43826853874143,12865,2.146,0,0
0.43826880604759,12866,2.1464,0,0
0.43826907322839,12867,2.1468,0,0
0.43826934028383,12868,2.1472,0,0
0.43826960721391,12869,2.1476,0,0
0.43826987401863,12870,2.148,0,0
0.43827014069799,12871,2.1484,0,0
0.438270407252,12872,2.1488,0,0
0.43827067368064,12873,2.1492,0,0
0.43827093998393,12874,2.1496,0,0
0.43827120616185,12875,2.15,0,0
0.43827147221442,12876,2.1504,0,0
0.43827173814163,12877,2.1508,0,0
0.43827200394349,12878,2.1512,0,0
0.43827226961998,12879,2.1516,0,0
0.43827253517112,12880,2.152,0,0
0.4382728005969,12881,2.1524,0,0
0.43827306589732,12882,2.1528,0,0
0.43827333107239,12883,2.1532,0,0
0.4382735961221,12884,2.1536,0,0
0.43827386104645,12885,2.154,0,0
0.43827412584544,12886,2.1544,0,0
0.43827439051908,12887,2.1548,0,0
0.43827465506736,12888,2.1552,0,0
0.43827491949029,12889,2.1556,0,0
0.43827518378786,12890,2.156,0,0
0.43827544796008,12891,2.1564,0,0
0.43827571200694,12892,2.1568,0,0
0.43827597592844,12893,2.1572,0,0
0.43827623972459,12894,2.1576,0,0
0.43827650339539,12895,2.158,0,0
0.43827676694083,12896,2.1584,0,0
0.43827703036091,12897,2.1588,0,0
0.43827729365564,12898,2.1592,0,0
0.43827755682502,12899,2.1596,0,0
0.43827781986904,12900,2.16,0,0
0.43827808278771,12901,2.1604,0,0
0.43827834558102,12902,2.1608,0,0
0.43827860824899,12903,2.1612,0,0
0.43827887079159,12904,2.1616,0,0
0.43827913320885,12905,2.162,0,0
0.43827939550075,12906,2.1624,0,0
0.4382796576673,12907,2.1628,0,0
0.4382799197085,12908,2.1632,0,0
0.43828018162434,12909,2.1636,0,0
0.43828044341483,12910,2.164,0,0
0.43828070507997,12911,2.1644,0,0
0.43828096661976,12912,2.1648,0,0
0.4382812280342,12913,2.1652,0,0
0.43828148932328,12914,2.1656,0,0
0.43828175048702,12915,2.166,0,0
0.4382820115254,12916,2.1664,0,0
0.43828227243843,12917,2.1668,0,0
0.43828253322611,12918,2.1672,0,0
0.43828279388844,12919,2.1676,0,0
0.43828305442542,12920,2.168,0,0
0.43828331483705,12921,2.1684,0,0
0.43828357512333,12922,2.1688,0,0
0.43828383528426,12923,2.1692,0,0
0.43828409531983,12924,2.1696,0,0
0.43828435523006,12925,2.17,0,0
0.43828461501494,12926,2.1704,0,0
0.43828487467447,12927,2.1708,0,0
0.43828513420866,12928,2.1712,0,0
0.43828539361749,12929,2.1716,0,0
0.43828565290097,12930,2.172,0,0
0.43828591205911,12931,2.1724,0,0
0.4382861710919,12932,2.1728,0,0
0.43828642999933,12933,2.1732,0,0
0.43828668878143,12934,2.1736,0,0
0.43828694743817,12935,2.174,0,0
0.43828720596956,12936,2.1744,0,0
0.43828746437561,12937,2.1748,0,0
0.43828772265631,12938,2.1752,0,0
0.43828798081167,12939,2.1756,0,0
0.43828823884167,12940,2.176,0,0
0.43828849674633,12941,2.1764,0,0
0.43828875452564,12942,2.1768,0,0
0.43828901217961,12943,2.1772,0,0
0.43828926970823,12944,2.1776,0,0
0.43828952711151,12945,2.178,0,0
0.43828978438943,12946,2.1784,0,0
0.43829004154202,12947,2.1788,0,0
0.43829029856925,12948,2.1792,0,0
0.43829055547114,12949,2.1796,0,0
0.43829081224769,12950,2.18,0,0
0.43829106889889,12951,2.1804,0,0
0.43829132542475,12952,2.1808,0,0
0.43829158182526,12953,2.1812,0,0
0.43829183810043,12954,2.1816,0,0
0.43829209425025,12955,2.182,0,0
0.43829235027473,12956,2.1824,0,0
0.43829260617386,12957,2.1828,0,0
0.43829286194765,12958,2.1832,0,0
0.4382931175961,12959,2.1836,0,0
0.4382933731192,12960,2.184,0,0
0.43829362851696,12961,2.1844,0,0
0.43829388378938,12962,2.1848,0,0
0.43829413893646,12963,2.1852,0,0
0.43829439395819,12964,2.1856,0,0
0.43829464885458,12965,2.186,0,0
0.43829490362562,12966,2.1864,0,0
0.43829515827133,12967,2.1868,0,0
0.43829541279169,12968,2.1872,0,0
0.43829566718671,12969,2.1876,0,0
0.43829592145639,12970,2.188,0,0
0.43829617560072,12971,2.1884,0,0
0.43829642961972,12972,2.1888,0,0
0.43829668351337,12973,2.1892,0,0
0.43829693728168,12974,2.1896,0,0
0.43829719092466,12975,2.19,0,0
0.43829744444229,12976,2.1904,0,0
0.43829769783458,12977,2.1908,0,0
0.43829795110153,12978,2.1912,0,0
0.43829820424314,12979,2.1916,0,0
0.43829845725941,12980,2.192,0,0
0.43829871015034,12981,2.1924,0,0
0.43829896291593,12982,2.1928,0,0
0.43829921555618,12983,2.1932,0,0
0.43829946807109,12984,2.1936,0,0
0.43829972046066,12985,2.194,0,0
0.43829997272489,12986,2.1944,0,0
0.43830022486379,12987,2.1948,0,0
0.43830047687734,12988,2.1952,0,0
0.43830072876556,12989,2.1956,0,0
0.43830098052844,12990,2.196,0,0
0.43830123216598,12991,2.1964,0,0
0.43830148367818,12992,2.1968,0,0
0.43830173506505,12993,2.1972,0,0
0.43830198632658,12994,2.1976,0,0
0.43830223746277,12995,2.198,0,0
0.43830248847362,12996,2.1984,0,0
0.43830273935913,12997,2.1988,0,0
0.43830299011931,12998,2.1992,0,0
0.43830324075415,12999,2.1996,0,0
0.43830349126366,13000,2.2,0,0
0.43830374164783,13001,2.2004,0,0
0.43830399190666,13002,2.2008,0,0
0.43830424204015,13003,2.2012,0,0
0.43830449204831,13004,2.2016,0,0
0.43830474193114,13005,2.202,0,0
0.43830499168863,13006,2.2024,0,0
0.43830524132078,13007,2.2028,0,0
0.4383054908276,13008,2.2032,0,0
0.43830574020908,13009,2.2036,0,0
0.43830598946523,13010,2.204,0,0
0.43830623859604,13011,2.2044,0,0
0.43830648760152,13012,2.2048,0,0
0.43830673648166,13013,2.2052,0,0
0.43830698523647,13014,2.2056,0,0
0.43830723386595,13015,2.206,0,0
0.43830748237009,13016,2.2064,0,0
0.4383077307489,13017,2.2068,0,0
0.43830797900237,13018,2.2072,0,0
0.43830822713051,13019,2.2076,0,0
0.43830847513332,13020,2.208,0,0
0.4383087230108,13021,2.2084,0,0
0.43830897076294,13022,2.2088,0,0
0.43830921838975,13023,2.2092,0,0
0.43830946589122,13024,2.2096,0,0
0.43830971326737,13025,2.21,0,0
0.43830996051818,13026,2.2104,0,0
0.43831020764366,13027,2.2108,0,0
0.4383104546438,13028,2.2112,0,0
0.43831070151862,13029,2.2116,0,0
0.4383109482681,13030,2.212,0,0
0.43831119489226,13031,2.2124,0,0
0.43831144139108,13032,2.2128,0,0
0.43831168776457,13033,2.2132,0,0
0.43831193401273,13034,2.2136,0,0
0.43831218013556,13035,2.214,0,0
0.43831242613306,13036,2.2144,0,0
0.43831267200522,13037,2.2148,0,0
0.43831291775206,13038,2.2152,0,0
0.43831316337357,13039,2.2156,0,0
0.43831340886975,13040,2.216,0,0
0.43831365424059,13041,2.2164,0,0
0.43831389948611,13042,2.2168,0,0
0.4383141446063,13043,2.2172,0,0
0.43831438960116,13044,2.2176,0,0
0.43831463447069,13045,2.218,0,0
0.43831487921489,13046,2.2184,0,0
0.43831512383377,13047,2.2188,0,0
0.43831536832731,13048,2.2192,0,0
0.43831561269553,13049,2.2196,0,0
0.43831585693841,13050,2.22,0,0
0.43831610105597,13051,2.2204,0,0
0.4383163450482,13052,2.2208,0,0
0.43831658891511,13053,2.2212,0,0
0.43831683265668,13054,2.2216,0,0
0.43831707627293,13055,2.222,0,0
0.43831731976385,13056,2.2224,0,0
0.43831756312945,13057,2.2228,0,0
0.43831780636972,13058,2.2232,0,0
0.43831804948466,13059,2.2236,0,0
0.43831829247427,13060,2.224,0,0
0.43831853533856,13061,2.2244,0,0
0.43831877807752,13062,2.2248,0,0
0.43831902069116,13063,2.2252,0,0
0.43831926317947,13064,2.2256,0,0
0.43831950554245,13065,2.226,0,0
0.43831974778011,13066,2.2264,0,0
0.43831998989244,13067,2.2268,0,0
0.43832023187945,13068,2.2272,0,0
0.43832047374113,13069,2.2276,0,0
0.43832071547749,13070,2.228,0,0
0.43832095708852,13071,2.2284,0,0
0.43832119857423,13072,2.2288,0,0
0.43832143993461,13073,2.2292,0,0
0.43832168116967,13074,2.2296,0,0
0.4383219222794,13075,2.23,0,0
0.43832216326381,13076,2.2304,0,0
0.4383224041229,13077,2.2308,0,0
0.43832264485666,13078,2.2312,0,0
0.4383228854651,13079,2.2316,0,0
0.43832312594822,13080,2.232,0,0
0.43832336630601,13081,2.2324,0,0
0.43832360653848,13082,2.2328,0,0
0.43832384664563,13083,2.2332,0,0
0.43832408662745,13084,2.2336,0,0
0.43832432648396,13085,2.234,0,0
0.43832456621514,13086,2.2344,0,0
0.43832480582099,13087,2.2348,0,0
0.43832504530153,13088,2.2352,0,0
0.43832528465674,13089,2.2356,0,0
0.43832552388664,13090,2.236,0,0
0.43832576299121,13091,2.2364,0,0
0.43832600197046,13092,2.2368,0,0
0.43832624082438,13093,2.2372,0,0
0.43832647955299,13094,2.2376,0,0
0.43832671815628,13095,2.238,0,0
0.43832695663424,13096,2.2384,0,0
0.43832719498689,13097,2.2388,0,0
0.43832743321421,13098,2.2392,0,0
0.43832767131621,13099,2.2396,0,0
0.4383279092929,13100,2.24,0,0
0.43832814714426,13101,2.2404,0,0
0.43832838487031,13102,2.2408,0,0
0.43832862247103,13103,2.2412,0,0
0.43832885994644,13104,2.2416,0,0
0.43832909729652,13105,2.242,0,0
0.43832933452129,13106,2.2424,0,0
0.43832957162074,13107,2.2428,0,0
0.43832980859487,13108,2.2432,0,0
0.43833004544368,13109,2.2436,0,0
0.43833028216717,13110,2.244,0,0
0.43833051876534,13111,2.2444,0,0
0.4383307552382,13112,2.2448,0,0
0.43833099158574,13113,2.2452,0,0
0.43833122780795,13114,2.2456,0,0
0.43833146390486,13115,2.246,0,0
0.43833169987644,13116,2.2464,0,0
0.43833193572271,13117,2.2468,0,0
0.43833217144366,13118,2.2472,0,0
0.43833240703929,13119,2.2476,0,0
0.43833264250961,13120,2.248,0,0
0.43833287785461,13121,2.2484,0,0
0.43833311307429,13122,2.2488,0,0
0.43833334816865,13123,2.2492,0,0
0.4383335831377,13124,2.2496,0,0
0.43833381798144,13125,2.25,0,0
0.43833405269986,13126,2.2504,0,0
0.43833428729296,13127,2.2508,0,0
0.43833452176075,13128,2.2512,0,0
0.43833475610322,13129,2.2516,0,0
0.43833499032037,13130,2.252,0,0
0.43833522441221,13131,2.2524,0,0
0.43833545837874,13132,2.2528,0,0
0.43833569221995,13133,2.2532,0,0
0.43833592593585,13134,2.2536,0,0
0.43833615952643,13135,2.254,0,0
0.4383363929917,13136,2.2544,0,0
0.43833662633165,13137,2.2548,0,0
0.43833685954629,13138,2.2552,0,0
0.43833709263561,13139,2.2556,0,0
0.43833732559962,13140,2.256,0,0
0.43833755843832,13141,2.2564,0,0
0.43833779115171,13142,2.2568,0,0
0.43833802373978,13143,2.2572,0,0
0.43833825620254,13144,2.2576,0,0
0.43833848853998,13145,2.258,0,0
0.43833872075212,13146,2.2584,0,0
0.43833895283894,13147,2.2588,0,0
0.43833918480044,13148,2.2592,0,0
0.43833941663664,13149,2.2596,0,0
0.43833964834752,13150,2.26,0,0
0.43833987993309,13151,2.2604,0,0
0.43834011139335,13152,2.2608,0,0
0.4383403427283,13153,2.2612,0,0
0.43834057393794,13154,2.2616,0,0
0.43834080502226,13155,2.262,0,0
0.43834103598128,13156,2.2624,0,0
0.43834126681498,13157,2.2628,0,0
0.43834149752337,13158,2.2632,0,0
0.43834172810645,13159,2.2636,0,0
0.43834195856422,13160,2.264,0,0
0.43834218889668,13161,2.2644,0,0
0.43834241910383,13162,2.2648,0,0
0.43834264918567,13163,2.2652,0,0
0.4383428791422,13164,2.2656,0,0
0.43834310897342,13165,2.266,0,0
0.43834333867933,13166,2.2664,0,0
0.43834356825993,13167,2.2668,0,0
0.43834379771523,13168,2.2672,0,0
0.43834402704521,13169,2.2676,0,0
0.43834425624988,13170,2.268,0,0
0.43834448532925,13171,2.2684,0,0
0.4383447142833,13172,2.2688,0,0
0.43834494311205,13173,2.2692,0,0
0.43834517181549,13174,2.2696,0,0
0.43834540039362,13175,2.27,0,0
0.43834562884644,13176,2.2704,0,0
0.43834585717396,13177,2.2708,0,0
0.43834608537616,13178,2.2712,0,0
0.43834631345306,13179,2.2716,0,0
0.43834654140466,13180,2.272,0,0
0.43834676923094,13181,2.2724,0,0
0.43834699693192,13182,2.2728,0,0
0.43834722450759,13183,2.2732,0,0
0.43834745195795,13184,2.2736,0,0
0.43834767928301,13185,2.274,0,0
0.43834790648276,13186,2.2744,0,0
0.4383481335572,13187,2.2748,0,0
0.43834836050634,13188,2.2752,0,0
0.43834858733017,13189,2.2756,0,0
0.4383488140287,13190,2.276,0,0
0.43834904060192,13191,2.2764,0,0
0.43834926704983,13192,2.2768,0,0
0.43834949337244,13193,2.2772,0,0
0.43834971956974,13194,2.2776,0,0
0.43834994564174,13195,2.278,0,0
0.43835017158844,13196,2.2784,0,0
0.43835039740983,13197,2.2788,0,0
0.43835062310591,13198,2.2792,0,0
0.43835084867669,13199,2.2796,0,0
0.43835107412216,13200,2.28,0,0
0.43835129944233,13201,2.2804,0,0
0.4383515246372,13202,2.2808,0,0
0.43835174970676,13203,2.2812,0,0
0.43835197465102,13204,2.2816,0,0
0.43835219946998,13205,2.282,0,0
0.43835242416363,13206,2.2824,0,0
0.43835264873198,13207,2.2828,0,0
0.43835287317502,13208,2.2832,0,0
0.43835309749277,13209,2.2836,0,0
0.43835332168521,13210,2.284,0,0
0.43835354575234,13211,2.2844,0,0
0.43835376969418,13212,2.2848,0,0
0.43835399351071,13213,2.2852,0,0
0.43835421720194,13214,2.2856,0,0
0.43835444076787,13215,2.286,0,0
0.43835466420849,13216,2.2864,0,0
0.43835488752381,13217,2.2868,0,0
0.43835511071384,13218,2.2872,0,0
0.43835533377856,13219,2.2876,0,0
0.43835555671798,13220,2.288,0,0
0.43835577953209,13221,2.2884,0,0
0.43835600222091,13222,2.2888,0,0
0.43835622478443,13223,2.2892,0,0
0.43835644722264,13224,2.2896,0,0
0.43835666953556,13225,2.29,0,0
0.43835689172317,13226,2.2904,0,0
0.43835711378549,13227,2.2908,0,0
0.4383573357225,13228,2.2912,0,0
0.43835755753421,13229,2.2916,0,0
0.43835777922063,13230,2.292,0,0
0.43835800078174,13231,2.2924,0,0
0.43835822221756,13232,2.2928,0,0
0.43835844352807,13233,2.2932,0,0
0.43835866471329,13234,2.2936,0,0
0.4383588857732,13235,2.294,0,0
0.43835910670782,13236,2.2944,0,0
0.43835932751714,13237,2.2948,0,0
0.43835954820116,13238,2.2952,0,0
0.43835976875988,13239,2.2956,0,0
0.43835998919331,13240,2.296,0,0
0.43836020950143,13241,2.2964,0,0
0.43836042968426,13242,2.2968,0,0
0.43836064974179,13243,2.2972,0,0
0.43836086967402,13244,2.2976,0,0
0.43836108948096,13245,2.298,0,0
0.43836130916259,13246,2.2984,0,0
0.43836152871893,13247,2.2988,0,0
0.43836174814997,13248,2.2992,0,0
0.43836196745572,13249,2.2996,0,0
0.43836218663617,13250,2.3,0,0
0.43836240569132,13251,2.3004,0,0
0.43836262462117,13252,2.3008,0,0
0.43836284342573,13253,2.3012,0,0
0.438363062105,13254,2.3016,0,0
0.43836328065896,13255,2.302,0,0
0.43836349908763,13256,2.3024,0,0
0.43836371739101,13257,2.3028,0,0
0.43836393556909,13258,2.3032,0,0
0.43836415362187,13259,2.3036,0,0
0.43836437154936,13260,2.304,0,0
0.43836458935155,13261,2.3044,0,0
0.43836480702845,13262,2.3048,0,0
0.43836502458005,13263,2.3052,0,0
0.43836524200636,13264,2.3056,0,0
0.43836545930737,13265,2.306,0,0
0.43836567648309,13266,2.3064,0,0
0.43836589353352,13267,2.3068,0,0
0.43836611045865,13268,2.3072,0,0
0.43836632725848,13269,2.3076,0,0
0.43836654393302,13270,2.308,0,0
0.43836676048227,13271,2.3084,0,0
0.43836697690623,13272,2.3088,0,0
0.43836719320489,13273,2.3092,0,0
0.43836740937826,13274,2.3096,0,0
0.43836762542633,13275,2.31,0,0
0.43836784134911,13276,2.3104,0,0
0.4383680571466,13277,2.3108,0,0
0.4383682728188,13278,2.3112,0,0
0.4383684883657,13279,2.3116,0,0
0.43836870378731,13280,2.312,0,0
0.43836891908363,13281,2.3124,0,0
0.43836913425466,13282,2.3128,0,0
0.4383693493004,13283,2.3132,0,0
0.43836956422084,13284,2.3136,0,0
0.43836977901599,13285,2.314,0,0
0.43836999368585,13286,2.3144,0,0
0.43837020823042,13287,2.3148,0,0
0.43837042264969,13288,2.3152,0,0
0.43837063694368,13289,2.3156,0,0
0.43837085111238,13290,2.316,0,0
0.43837106515578,13291,2.3164,0,0
0.43837127907389,13292,2.3168,0,0
0.43837149286672,13293,2.3172,0,0
0.43837170653425,13294,2.3176,0,0
0.43837192007649,13295,2.318,0,0
0.43837213349344,13296,2.3184,0,0
0.4383723467851,13297,2.3188,0,0
0.43837255995148,13298,2.3192,0,0
0.43837277299256,13299,2.3196,0,0
0.43837298590835,13300,2.32,0,0
0.43837319869886,13301,2.3204,0,0
0.43837341136407,13302,2.3208,0,0
0.438373623904,13303,2.3212,0,0
0.43837383631863,13304,2.3216,0,0
0.43837404860798,13305,2.322,0,0
0.43837426077204,13306,2.3224,0,0
0.43837447281081,13307,2.3228,0,0
0.43837468472429,13308,2.3232,0,0
0.43837489651248,13309,2.3236,0,0
0.43837510817539,13310,2.324,0,0
0.43837531971301,13311,2.3244,0,0
0.43837553112534,13312,2.3248,0,0
0.43837574241238,13313,2.3252,0,0
0.43837595357413,13314,2.3256,0,0
0.4383761646106,13315,2.326,0,0
0.43837637552178,13316,2.3264,0,0
0.43837658630767,13317,2.3268,0,0
0.43837679696828,13318,2.3272,0,0
0.4383770075036,13319,2.3276,0,0
0.43837721791363,13320,2.328,0,0
0.43837742819838,13321,2.3284,0,0
0.43837763835784,13322,2.3288,0,0
0.43837784839201,13323,2.3292,0,0
0.4383780583009,13324,2.3296,0,0
0.4383782680845,13325,2.33,0,0
0.43837847774281,13326,2.3304,0,0
0.43837868727584,13327,2.3308,0,0
0.43837889668359,13328,2.3312,0,0
0.43837910596604,13329,2.3316,0,0
0.43837931512322,13330,2.332,0,0
0.43837952415511,13331,2.3324,0,0
0.43837973306171,13332,2.3328,0,0
0.43837994184303,13333,2.3332,0,0
0.43838015049906,13334,2.3336,0,0
0.43838035902981,13335,2.334,0,0
0.43838056743528,13336,2.3344,0,0
0.43838077571546,13337,2.3348,0,0
0.43838098387035,13338,2.3352,0,0
0.43838119189997,13339,2.3356,0,0
0.43838139980429,13340,2.336,0,0
0.43838160758334,13341,2.3364,0,0
0.4383818152371,13342,2.3368,0,0
0.43838202276558,13343,2.3372,0,0
0.43838223016877,13344,2.3376,0,0
0.43838243744669,13345,2.338,0,0
0.43838264459931,13346,2.3384,0,0
0.43838285162666,13347,2.3388,0,0
0.43838305852872,13348,2.3392,0,0
0.4383832653055,13349,2.3396,0,0
0.438383471957,13350,2.34,0,0
0.43838367848322,13351,2.3404,0,0
0.43838388488415,13352,2.3408,0,0
0.4383840911598,13353,2.3412,0,0
0.43838429731017,13354,2.3416,0,0
0.43838450333526,13355,2.342,0,0
0.43838470923507,13356,2.3424,0,0
0.43838491500959,13357,2.3428,0,0
0.43838512065883,13358,2.3432,0,0
0.4383853261828,13359,2.3436,0,0
0.43838553158148,13360,2.344,0,0
0.43838573685488,13361,2.3444,0,0
0.438385942003,13362,2.3448,0,0
0.43838614702584,13363,2.3452,0,0
0.4383863519234,13364,2.3456,0,0
0.43838655669567,13365,2.346,0,0
0.43838676134267,13366,2.3464,0,0
0.43838696586439,13367,2.3468,0,0
0.43838717026083,13368,2.3472,0,0
0.43838737453199,13369,2.3476,0,0
0.43838757867787,13370,2.348,0,0
0.43838778269846,13371,2.3484,0,0
0.43838798659378,13372,2.3488,0,0
0.43838819036382,13373,2.3492,0,0
0.43838839400859,13374,2.3496,0,0
0.43838859752807,13375,2.35,0,0
0.43838880092227,13376,2.3504,0,0
0.4383890041912,13377,2.3508,0,0
0.43838920733484,13378,2.3512,0,0
0.43838941035321,13379,2.3516,0,0
0.4383896132463,13380,2.352,0,0
0.43838981601411,13381,2.3524,0,0
0.43839001865665,13382,2.3528,0,0
0.4383902211739,13383,2.3532,0,0
0.43839042356588,13384,2.3536,0,0
0.43839062583258,13385,2.354,0,0
0.438390827974,13386,2.3544,0,0
0.43839102999015,13387,2.3548,0,0
0.43839123188102,13388,2.3552,0,0
0.43839143364661,13389,2.3556,0,0
0.43839163528692,13390,2.356,0,0
0.43839183680196,13391,2.3564,0,0
0.43839203819172,13392,2.3568,0,0
0.43839223945621,13393,2.3572,0,0
0.43839244059542,13394,2.3576,0,0
0.43839264160935,13395,2.358,0,0
0.438392842498,13396,2.3584,0,0
0.43839304326138,13397,2.3588,0,0
0.43839324389949,13398,2.3592,0,0
0.43839344441232,13399,2.3596,0,0
0.43839364479987,13400,2.36,0,0
0.43839384506215,13401,2.3604,0,0
0.43839404519915,13402,2.3608,0,0
0.43839424521088,13403,2.3612,0,0
0.43839444509733,13404,2.3616,0,0
0.43839464485851,13405,2.362,0,0
0.43839484449441,13406,2.3624,0,0
0.43839504400504,13407,2.3628,0,0
0.43839524339039,13408,2.3632,0,0
0.43839544265047,13409,2.3636,0,0
0.43839564178527,13410,2.364,0,0
0.4383958407948,13411,2.3644,0,0
0.43839603967906,13412,2.3648,0,0
0.43839623843805,13413,2.3652,0,0
0.43839643707175,13414,2.3656,0,0
0.43839663558019,13415,2.366,0,0
0.43839683396335,13416,2.3664,0,0
0.43839703222124,13417,2.3668,0,0
0.43839723035386,13418,2.3672,0,0
0.4383974283612,13419,2.3676,0,0
0.43839762624327,13420,2.368,0,0
0.43839782400007,13421,2.3684,0,0
0.4383980216316,13422,2.3688,0,0
0.43839821913785,13423,2.3692,0,0
0.43839841651883,13424,2.3696,0,0
0.43839861377454,13425,2.37,0,0
0.43839881090497,13426,2.3704,0,0
0.43839900791014,13427,2.3708,0,0
0.43839920479003,13428,2.3712,0,0
0.43839940154465,13429,2.3716,0,0
0.438399598174,13430,2.372,0,0
0.43839979467808,13431,2.3724,0,0
0.43839999105689,13432,2.3728,0,0
0.43840018731042,13433,2.3732,0,0
0.43840038343869,13434,2.3736,0,0
0.43840057944168,13435,2.374,0,0
0.4384007753194,13436,2.3744,0,0
0.43840097107186,13437,2.3748,0,0
0.43840116669904,13438,2.3752,0,0
0.43840136220095,13439,2.3756,0,0
0.43840155757759,13440,2.376,0,0
0.43840175282896,13441,2.3764,0,0
0.43840194795507,13442,2.3768,0,0
0.4384021429559,13443,2.3772,0,0
0.43840233783146,13444,2.3776,0,0
0.43840253258175,13445,2.378,0,0
0.43840272720678,13446,2.3784,0,0
0.43840292170653,13447,2.3788,0,0
0.43840311608102,13448,2.3792,0,0
0.43840331033023,13449,2.3796,0,0
0.43840350445418,13450,2.38,0,0
0.43840369845286,13451,2.3804,0,0
0.43840389232627,13452,2.3808,0,0
0.43840408607441,13453,2.3812,0,0
0.43840427969728,13454,2.3816,0,0
0.43840447319489,13455,2.382,0,0
0.43840466656722,13456,2.3824,0,0
0.43840485981429,13457,2.3828,0,0
0.43840505293609,13458,2.3832,0,0
0.43840524593263,13459,2.3836,0,0
0.43840543880389,13460,2.384,0,0
0.43840563154989,13461,2.3844,0,0
0.43840582417062,13462,2.3848,0,0
0.43840601666609,13463,2.3852,0,0
0.43840620903628,13464,2.3856,0,0
0.43840640128121,13465,2.386,0,0
0.43840659340088,13466,2.3864,0,0
0.43840678539527,13467,2.3868,0,0
0.4384069772644,13468,2.3872,0,0
0.43840716900827,13469,2.3876,0,0
0.43840736062686,13470,2.388,0,0
0.4384075521202,13471,2.3884,0,0
0.43840774348826,13472,2.3888,0,0
0.43840793473106,13473,2.3892,0,0
0.43840812584859,13474,2.3896,0,0
0.43840831684086,13475,2.39,0,0
0.43840850770786,13476,2.3904,0,0
0.4384086984496,13477,2.3908,0,0
0.43840888906607,13478,2.3912,0,0
0.43840907955728,13479,2.3916,0,0
0.43840926992322,13480,2.392,0,0
0.4384094601639,13481,2.3924,0,0
0.43840965027931,13482,2.3928,0,0
0.43840984026946,13483,2.3932,0,0
0.43841003013435,13484,2.3936,0,0
0.43841021987396,13485,2.394,0,0
0.43841040948832,13486,2.3944,0,0
0.43841059897741,13487,2.3948,0,0
0.43841078834124,13488,2.3952,0,0
0.4384109775798,13489,2.3956,0,0
0.4384111666931,13490,2.396,0,0
0.43841135568114,13491,2.3964,0,0
0.43841154454391,13492,2.3968,0,0
0.43841173328142,13493,2.3972,0,0
0.43841192189367,13494,2.3976,0,0
0.43841211038065,13495,2.398,0,0
0.43841229874237,13496,2.3984,0,0
0.43841248697883,13497,2.3988,0,0
0.43841267509002,13498,2.3992,0,0
0.43841286307595,13499,2.3996,0,0
0.43841305093662,13500,2.4,0,0
0.43841323867203,13501,2.4004,0,0
0.43841342628218,13502,2.4008,0,0
0.43841361376706,13503,2.4012,0,0
0.43841380112668,13504,2.4016,0,0
0.43841398836104,13505,2.402,0,0
0.43841417547014,13506,2.4024,0,0
0.43841436245398,13507,2.4028,0,0
0.43841454931255,13508,2.4032,0,0
0.43841473604587,13509,2.4036,0,0
0.43841492265392,13510,2.404,0,0
0.43841510913671,13511,2.4044,0,0
0.43841529549424,13512,2.4048,0,0
0.43841548172651,13513,2.4052,0,0
0.43841566783352,13514,2.4056,0,0
0.43841585381527,13515,2.406,0,0
0.43841603967176,13516,2.4064,0,0
0.43841622540299,13517,2.4068,0,0
0.43841641100896,13518,2.4072,0,0
0.43841659648967,13519,2.4076,0,0
0.43841678184512,13520,2.408,0,0
0.43841696707531,13521,2.4084,0,0
0.43841715218024,13522,2.4088,0,0
0.43841733715991,13523,2.4092,0,0
0.43841752201432,13524,2.4096,0,0
0.43841770674347,13525,2.41,0,0
0.43841789134736,13526,2.4104,0,0
0.43841807582599,13527,2.4108,0,0
0.43841826017937,13528,2.4112,0,0
0.43841844440748,13529,2.4116,0,0
0.43841862851034,13530,2.412,0,0
0.43841881248794,13531,2.4124,0,0
0.43841899634028,13532,2.4128,0,0
0.43841918006736,13533,2.4132,0,0
0.43841936366919,13534,2.4136,0,0
0.43841954714575,13535,2.414,0,0
0.43841973049706,13536,2.4144,0,0
0.43841991372311,13537,2.4148,0,0
0.4384200968239,13538,2.4152,0,0
0.43842027979944,13539,2.4156,0,0
0.43842046264972,13540,2.416,0,0
0.43842064537474,13541,2.4164,0,0
0.4384208279745,13542,2.4168,0,0
0.43842101044901,13543,2.4172,0,0
0.43842119279826,13544,2.4176,0,0
0.43842137502225,13545,2.418,0,0
0.43842155712099,13546,2.4184,0,0
0.43842173909447,13547,2.4188,0,0
0.43842192094269,13548,2.4192,0,0
0.43842210266566,13549,2.4196,0,0
0.43842228426337,13550,2.42,0,0
0.43842246573582,13551,2.4204,0,0
0.43842264708302,13552,2.4208,0,0
0.43842282830496,13553,2.4212,0,0
0.43842300940165,13554,2.4216,0,0
0.43842319037308,13555,2.422,0,0
0.43842337121926,13556,2.4224,0,0
0.43842355194018,13557,2.4228,0,0
0.43842373253585,13558,2.4232,0,0
0.43842391300626,13559,2.4236,0,0
0.43842409335142,13560,2.424,0,0
0.43842427357132,13561,2.4244,0,0
0.43842445366596,13562,2.4248,0,0
0.43842463363536,13563,2.4252,0,0
0.43842481347949,13564,2.4256,0,0
0.43842499319838,13565,2.426,0,0
0.43842517279201,13566,2.4264,0,0
0.43842535226038,13567,2.4268,0,0
0.4384255316035,13568,2.4272,0,0
0.43842571082137,13569,2.4276,0,0
0.43842588991399,13570,2.428,0,0
0.43842606888135,13571,2.4284,0,0
0.43842624772345,13572,2.4288,0,0
0.43842642644031,13573,2.4292,0,0
0.43842660503191,13574,2.4296,0,0
0.43842678349825,13575,2.43,0,0
0.43842696183935,13576,2.4304,0,0
0.43842714005519,13577,2.4308,0,0
0.43842731814578,13578,2.4312,0,0
0.43842749611112,13579,2.4316,0,0
0.4384276739512,13580,2.432,0,0
0.43842785166603,13581,2.4324,0,0
0.43842802925561,13582,2.4328,0,0
0.43842820671994,13583,2.4332,0,0
0.43842838405901,13584,2.4336,0,0
0.43842856127284,13585,2.434,0,0
0.43842873836141,13586,2.4344,0,0
0.43842891532473,13587,2.4348,0,0
0.43842909216279,13588,2.4352,0,0
0.43842926887561,13589,2.4356,0,0
0.43842944546318,13590,2.436,0,0
0.43842962192549,13591,2.4364,0,0
0.43842979826255,13592,2.4368,0,0
0.43842997447437,13593,2.4372,0,0
0.43843015056093,13594,2.4376,0,0
0.43843032652224,13595,2.438,0,0
0.4384305023583,13596,2.4384,0,0
0.43843067806911,13597,2.4388,0,0
0.43843085365467,13598,2.4392,0,0
0.43843102911498,13599,2.4396,0,0
0.43843120445004,13600,2.44,0,0
0.43843137965985,13601,2.4404,0,0
0.43843155474441,13602,2.4408,0,0
0.43843172970372,13603,2.4412,0,0
0.43843190453778,13604,2.4416,0,0
0.43843207924659,13605,2.442,0,0
0.43843225383015,13606,2.4424,0,0
0.43843242828846,13607,2.4428,0,0
0.43843260262152,13608,2.4432,0,0
0.43843277682934,13609,2.4436,0,0
0.4384329509119,13610,2.444,0,0
0.43843312486922,13611,2.4444,0,0
0.43843329870128,13612,2.4448,0,0
0.4384334724081,13613,2.4452,0,0
0.43843364598967,13614,2.4456,0,0
0.438433819446,13615,2.446,0,0
0.43843399277707,13616,2.4464,0,0
0.4384341659829,13617,2.4468,0,0
0.43843433906347,13618,2.4472,0,0
0.4384345120188,13619,2.4476,0,0
0.43843468484889,13620,2.448,0,0
0.43843485755372,13621,2.4484,0,0
0.43843503013331,13622,2.4488,0,0
0.43843520258765,13623,2.4492,0,0
0.43843537491674,13624,2.4496,0,0
0.43843554712059,13625,2.45,0,0
0.43843571919918,13626,2.4504,0,0
0.43843589115254,13627,2.4508,0,0
0.43843606298064,13628,2.4512,0,0
0.4384362346835,13629,2.4516,0,0
0.43843640626111,13630,2.452,0,0
0.43843657771347,13631,2.4524,0,0
0.43843674904059,13632,2.4528,0,0
0.43843692024247,13633,2.4532,0,0
0.43843709131909,13634,2.4536,0,0
0.43843726227047,13635,2.454,0,0
0.43843743309661,13636,2.4544,0,0
0.4384376037975,13637,2.4548,0,0
0.43843777437314,13638,2.4552,0,0
0.43843794482354,13639,2.4556,0,0
0.43843811514869,13640,2.456,0,0
0.4384382853486,13641,2.4564,0,0
0.43843845542326,13642,2.4568,0,0
0.43843862537267,13643,2.4572,0,0
0.43843879519685,13644,2.4576,0,0
0.43843896489577,13645,2.458,0,0
0.43843913446945,13646,2.4584,0,0
0.43843930391789,13647,2.4588,0,0
0.43843947324108,13648,2.4592,0,0
0.43843964243903,13649,2.4596,0,0
0.43843981151174,13650,2.46,0,0
0.4384399804592,13651,2.4604,0,0
0.43844014928141,13652,2.4608,0,0
0.43844031797839,13653,2.4612,0,0
0.43844048655012,13654,2.4616,0,0
0.4384406549966,13655,2.462,0,0
0.43844082331784,13656,2.4624,0,0
0.43844099151384,13657,2.4628,0,0
0.43844115958459,13658,2.4632,0,0
0.43844132753011,13659,2.4636,0,0
0.43844149535037,13660,2.464,0,0
0.4384416630454,13661,2.4644,0,0
0.43844183061518,13662,2.4648,0,0
0.43844199805972,13663,2.4652,0,0
0.43844216537902,13664,2.4656,0,0
0.43844233257307,13665,2.466,0,0
0.43844249964188,13666,2.4664,0,0
0.43844266658545,13667,2.4668,0,0
0.43844283340378,13668,2.4672,0,0
0.43844300009686,13669,2.4676,0,0
0.43844316666471,13670,2.468,0,0
0.43844333310731,13671,2.4684,0,0
0.43844349942467,13672,2.4688,0,0
0.43844366561679,13673,2.4692,0,0
0.43844383168366,13674,2.4696,0,0
0.4384439976253,13675,2.47,0,0
0.43844416344169,13676,2.4704,0,0
0.43844432913284,13677,2.4708,0,0
0.43844449469876,13678,2.4712,0,0
0.43844466013943,13679,2.4716,0,0
0.43844482545486,13680,2.472,0,0
0.43844499064504,13681,2.4724,0,0
0.43844515570999,13682,2.4728,0,0
0.4384453206497,13683,2.4732,0,0
0.43844548546417,13684,2.4736,0,0
0.43844565015339,13685,2.474,0,0
0.43844581471738,13686,2.4744,0,0
0.43844597915613,13687,2.4748,0,0
0.43844614346963,13688,2.4752,0,0
0.4384463076579,13689,2.4756,0,0
0.43844647172093,13690,2.476,0,0
0.43844663565872,13691,2.4764,0,0
0.43844679947126,13692,2.4768,0,0
0.43844696315857,13693,2.4772,0,0
0.43844712672064,13694,2.4776,0,0
0.43844729015747,13695,2.478,0,0
0.43844745346906,13696,2.4784,0,0
0.43844761665542,13697,2.4788,0,0
0.43844777971653,13698,2.4792,0,0
0.4384479426524,13699,2.4796,0,0
0.43844810546304,13700,2.48,0,0
0.43844826814844,13701,2.4804,0,0
0.43844843070859,13702,2.4808,0,0
0.43844859314352,13703,2.4812,0,0
0.4384487554532,13704,2.4816,0,0
0.43844891763764,13705,2.482,0,0
0.43844907969685,13706,2.4824,0,0
0.43844924163082,13707,2.4828,0,0
0.43844940343955,13708,2.4832,0,0
0.43844956512304,13709,2.4836,0,0
0.4384497266813,13710,2.484,0,0
0.43844988811431,13711,2.4844,0,0
0.43845004942209,13712,2.4848,0,0
0.43845021060464,13713,2.4852,0,0
0.43845037166194,13714,2.4856,0,0
0.43845053259401,13715,2.486,0,0
0.43845069340085,13716,2.4864,0,0
0.43845085408244,13717,2.4868,0,0
0.4384510146388,13718,2.4872,0,0
0.43845117506992,13719,2.4876,0,0
0.43845133537581,13720,2.488,0,0
0.43845149555646,13721,2.4884,0,0
0.43845165561187,13722,2.4888,0,0
0.43845181554205,13723,2.4892,0,0
0.43845197534699,13724,2.4896,0,0
0.4384521350267,13725,2.49,0,0
0.43845229458117,13726,2.4904,0,0
0.4384524540104,13727,2.4908,0,0
0.4384526133144,13728,2.4912,0,0
0.43845277249316,13729,2.4916,0,0
0.43845293154669,13730,2.492,0,0
0.43845309047498,13731,2.4924,0,0
0.43845324927804,13732,2.4928,0,0
0.43845340795586,13733,2.4932,0,0
0.43845356650845,13734,2.4936,0,0
0.4384537249358,13735,2.494,0,0
0.43845388323792,13736,2.4944,0,0
0.4384540414148,13737,2.4948,0,0
0.43845419946645,13738,2.4952,0,0
0.43845435739286,13739,2.4956,0,0
0.43845451519404,13740,2.496,0,0
0.43845467286999,13741,2.4964,0,0
0.4384548304207,13742,2.4968,0,0
0.43845498784618,13743,2.4972,0,0
0.43845514514642,13744,2.4976,0,0
0.43845530232143,13745,2.498,0,0
0.43845545937121,13746,2.4984,0,0
0.43845561629575,13747,2.4988,0,0
0.43845577309506,13748,2.4992,0,0
0.43845592976914,13749,2.4996,0,0
0.43845608631798,13750,2.5,0,0
0.43845624274159,13751,2.5004,0,0
0.43845639903997,13752,2.5008,0,0
0.43845655521311,13753,2.5012,0,0
0.43845671126102,13754,2.5016,0,0
0.4384568671837,13755,2.502,0,0
0.43845702298114,13756,2.5024,0,0
0.43845717865336,13757,2.5028,0,0
0.43845733420034,13758,2.5032,0,0
0.43845748962209,13759,2.5036,0,0
0.4384576449186,13760,2.504,0,0
0.43845780008989,13761,2.5044,0,0
0.43845795513594,13762,2.5048,0,0
0.43845811005676,13763,2.5052,0,0
0.43845826485235,13764,2.5056,0,0
0.43845841952271,13765,2.506,0,0
0.43845857406783,13766,2.5064,0,0
0.43845872848772,13767,2.5068,0,0
0.43845888278239,13768,2.5072,0,0
0.43845903695182,13769,2.5076,0,0
0.43845919099602,13770,2.508,0,0
0.43845934491499,13771,2.5084,0,0
0.43845949870873,13772,2.5088,0,0
0.43845965237723,13773,2.5092,0,0
0.43845980592051,13774,2.5096,0,0
0.43845995933856,13775,2.51,0,0
0.43846011263137,13776,2.5104,0,0
0.43846026579896,13777,2.5108,0,0
0.43846041884131,13778,2.5112,0,0
0.43846057175844,13779,2.5116,0,0
0.43846072455033,13780,2.512,0,0
0.438460877217,13781,2.5124,0,0
0.43846102975843,13782,2.5128,0,0
0.43846118217464,13783,2.5132,0,0
0.43846133446561,13784,2.5136,0,0
0.43846148663136,13785,2.514,0,0
0.43846163867188,13786,2.5144,0,0
0.43846179058716,13787,2.5148,0,0
0.43846194237722,13788,2.5152,0,0
0.43846209404205,13789,2.5156,0,0
0.43846224558165,13790,2.516,0,0
0.43846239699602,13791,2.5164,0,0
0.43846254828516,13792,2.5168,0,0
0.43846269944908,13793,2.5172,0,0
0.43846285048776,13794,2.5176,0,0
0.43846300140122,13795,2.518,0,0
0.43846315218944,13796,2.5184,0,0
0.43846330285244,13797,2.5188,0,0
0.43846345339021,13798,2.5192,0,0
0.43846360380276,13799,2.5196,0,0
0.43846375409007,13800,2.52,0,0
0.43846390425216,13801,2.5204,0,0
0.43846405428902,13802,2.5208,0,0
0.43846420420065,13803,2.5212,0,0
0.43846435398705,13804,2.5216,0,0
0.43846450364823,13805,2.522,0,0
0.43846465318418,13806,2.5224,0,0
0.4384648025949,13807,2.5228,0,0
0.43846495188039,13808,2.5232,0,0
0.43846510104066,13809,2.5236,0,0
0.4384652500757,13810,2.524,0,0
0.43846539898551,13811,2.5244,0,0
0.4384655477701,13812,2.5248,0,0
0.43846569642946,13813,2.5252,0,0
0.43846584496359,13814,2.5256,0,0
0.4384659933725,13815,2.526,0,0
0.43846614165618,13816,2.5264,0,0
0.43846628981463,13817,2.5268,0,0
0.43846643784786,13818,2.5272,0,0
0.43846658575586,13819,2.5276,0,0
0.43846673353863,13820,2.528,0,0
0.43846688119618,13821,2.5284,0,0
0.43846702872851,13822,2.5288,0,0
0.43846717613561,13823,2.5292,0,0
0.43846732341748,13824,2.5296,0,0
0.43846747057412,13825,2.53,0,0
0.43846761760555,13826,2.5304,0,0
0.43846776451174,13827,2.5308,0,0
0.43846791129271,13828,2.5312,0,0
0.43846805794846,13829,2.5316,0,0
0.43846820447898,13830,2.532,0,0
0.43846835088427,13831,2.5324,0,0
0.43846849716435,13832,2.5328,0,0
0.43846864331919,13833,2.5332,0,0
0.43846878934881,13834,2.5336,0,0
0.43846893525321,13835,2.534,0,0
0.43846908103238,13836,2.5344,0,0
0.43846922668633,13837,2.5348,0,0
0.43846937221506,13838,2.5352,0,0
0.43846951761856,13839,2.5356,0,0
0.43846966289683,13840,2.536,0,0
0.43846980804988,13841,2.5364,0,0
0.43846995307771,13842,2.5368,0,0
0.43847009798032,13843,2.5372,0,0
0.4384702427577,13844,2.5376,0,0
0.43847038740985,13845,2.538,0,0
0.43847053193679,13846,2.5384,0,0
0.4384706763385,13847,2.5388,0,0
0.43847082061499,13848,2.5392,0,0
0.43847096476625,13849,2.5396,0,0
0.43847110879229,13850,2.54,0,0
0.43847125269311,13851,2.5404,0,0
0.4384713964687,13852,2.5408,0,0
0.43847154011908,13853,2.5412,0,0
0.43847168364423,13854,2.5416,0,0
0.43847182704415,13855,2.542,0,0
0.43847197031886,13856,2.5424,0,0
0.43847211346834,13857,2.5428,0,0
0.4384722564926,13858,2.5432,0,0
0.43847239939164,13859,2.5436,0,0
0.43847254216546,13860,2.544,0,0
0.43847268481405,13861,2.5444,0,0
0.43847282733742,13862,2.5448,0,0
0.43847296973557,13863,2.5452,0,0
0.4384731120085,13864,2.5456,0,0
0.43847325415621,13865,2.546,0,0
0.43847339617869,13866,2.5464,0,0
0.43847353807596,13867,2.5468,0,0
0.438473679848,13868,2.5472,0,0
0.43847382149482,13869,2.5476,0,0
0.43847396301642,13870,2.548,0,0
0.4384741044128,13871,2.5484,0,0
0.43847424568396,13872,2.5488,0,0
0.4384743868299,13873,2.5492,0,0
0.43847452785062,13874,2.5496,0,0
0.43847466874611,13875,2.55,0,0
0.43847480951639,13876,2.5504,0,0
0.43847495016144,13877,2.5508,0,0
0.43847509068128,13878,2.5512,0,0
0.43847523107589,13879,2.5516,0,0
0.43847537134529,13880,2.552,0,0
0.43847551148946,13881,2.5524,0,0
0.43847565150842,13882,2.5528,0,0
0.43847579140215,13883,2.5532,0,0
0.43847593117067,13884,2.5536,0,0
0.43847607081396,13885,2.554,0,0
0.43847621033204,13886,2.5544,0,0
0.43847634972489,13887,2.5548,0,0
0.43847648899253,13888,2.5552,0,0
0.43847662813495,13889,2.5556,0,0
0.43847676715215,13890,2.556,0,0
0.43847690604412,13891,2.5564,0,0
0.43847704481088,13892,2.5568,0,0
0.43847718345243,13893,2.5572,0,0
0.43847732196875,13894,2.5576,0,0
0.43847746035985,13895,2.558,0,0
0.43847759862574,13896,2.5584,0,0
0.4384777367664,13897,2.5588,0,0
0.43847787478185,13898,2.5592,0,0
0.43847801267208,13899,2.5596,0,0
0.43847815043709,13900,2.56,0,0
0.43847828807688,13901,2.5604,0,0
0.43847842559146,13902,2.5608,0,0
0.43847856298082,13903,2.5612,0,0
0.43847870024496,13904,2.5616,0,0
0.43847883738388,13905,2.562,0,0
0.43847897439758,13906,2.5624,0,0
0.43847911128607,13907,2.5628,0,0
0.43847924804933,13908,2.5632,0,0
0.43847938468739,13909,2.5636,0,0
0.43847952120022,13910,2.564,0,0
0.43847965758784,13911,2.5644,0,0
0.43847979385023,13912,2.5648,0,0
0.43847992998742,13913,2.5652,0,0
0.43848006599938,13914,2.5656,0,0
0.43848020188613,13915,2.566,0,0
0.43848033764766,13916,2.5664,0,0
0.43848047328398,13917,2.5668,0,0
0.43848060879507,13918,2.5672,0,0
0.43848074418096,13919,2.5676,0,0
0.43848087944162,13920,2.568,0,0
0.43848101457707,13921,2.5684,0,0
0.4384811495873,13922,2.5688,0,0
0.43848128447232,13923,2.5692,0,0
0.43848141923212,13924,2.5696,0,0
0.4384815538667,13925,2.57,0,0
0.43848168837607,13926,2.5704,0,0
0.43848182276023,13927,2.5708,0,0
0.43848195701916,13928,2.5712,0,0
0.43848209115288,13929,2.5716,0,0
0.43848222516139,13930,2.572,0,0
0.43848235904468,13931,2.5724,0,0
0.43848249280276,13932,2.5728,0,0
0.43848262643562,13933,2.5732,0,0
0.43848275994326,13934,2.5736,0,0
0.43848289332569,13935,2.574,0,0
0.4384830265829,13936,2.5744,0,0
0.4384831597149,13937,2.5748,0,0
0.43848329272169,13938,2.5752,0,0
0.43848342560326,13939,2.5756,0,0
0.43848355835962,13940,2.576,0,0
0.43848369099076,13941,2.5764,0,0
0.43848382349668,13942,2.5768,0,0
0.4384839558774,13943,2.5772,0,0
0.43848408813289,13944,2.5776,0,0
0.43848422026318,13945,2.578,0,0
0.43848435226825,13946,2.5784,0,0
0.4384844841481,13947,2.5788,0,0
0.43848461590275,13948,2.5792,0,0
0.43848474753218,13949,2.5796,0,0
0.43848487903639,13950,2.58,0,0
0.43848501041539,13951,2.5804,0,0
0.43848514166918,13952,2.5808,0,0
0.43848527279775,13953,2.5812,0,0
0.43848540380111,13954,2.5816,0,0
0.43848553467926,13955,2.582,0,0
0.43848566543219,13956,2.5824,0,0
0.43848579605992,13957,2.5828,0,0
0.43848592656242,13958,2.5832,0,0
0.43848605693972,13959,2.5836,0,0
0.4384861871918,13960,2.584,0,0
0.43848631731867,13961,2.5844,0,0
0.43848644732033,13962,2.5848,0,0
0.43848657719677,13963,2.5852,0,0
0.438486706948,13964,2.5856,0,0
0.43848683657402,13965,2.586,0,0
0.43848696607483,13966,2.5864,0,0
0.43848709545043,13967,2.5868,0,0
0.43848722470081,13968,2.5872,0,0
0.43848735382598,13969,2.5876,0,0
0.43848748282594,13970,2.588,0,0
0.43848761170068,13971,2.5884,0,0
0.43848774045022,13972,2.5888,0,0
0.43848786907454,13973,2.5892,0,0
0.43848799757366,13974,2.5896,0,0
0.43848812594756,13975,2.59,0,0
0.43848825419624,13976,2.5904,0,0
0.43848838231972,13977,2.5908,0,0
0.43848851031799,13978,2.5912,0,0
0.43848863819104,13979,2.5916,0,0
0.43848876593889,13980,2.592,0,0
0.43848889356152,13981,2.5924,0,0
0.43848902105894,13982,2.5928,0,0
0.43848914843115,13983,2.5932,0,0
0.43848927567816,13984,2.5936,0,0
0.43848940279995,13985,2.594,0,0
0.43848952979652,13986,2.5944,0,0
0.43848965666789,13987,2.5948,0,0
0.43848978341405,13988,2.5952,0,0
0.438489910035,13989,2.5956,0,0
0.43849003653074,13990,2.596,0,0
0.43849016290127,13991,2.5964,0,0
0.43849028914658,13992,2.5968,0,0
0.43849041526669,13993,2.5972,0,0
0.43849054126159,13994,2.5976,0,0
0.43849066713128,13995,2.598,0,0
0.43849079287576,13996,2.5984,0,0
0.43849091849503,13997,2.5988,0,0
0.43849104398909,13998,2.5992,0,0
0.43849116935794,13999,2.5996,0,0
0.43849129460158,14000,2.6,0,0
0.43849141972001,14001,2.6004,0,0
0.43849154471323,14002,2.6008,0,0
0.43849166958124,14003,2.6012,0,0
0.43849179432405,14004,2.6016,0,0
0.43849191894164,14005,2.602,0,0
0.43849204343403,14006,2.6024,0,0
0.4384921678012,14007,2.6028,0,0
0.43849229204317,14008,2.6032,0,0
0.43849241615993,14009,2.6036,0,0
0.43849254015148,14010,2.604,0,0
0.43849266401783,14011,2.6044,0,0
0.43849278775896,14012,2.6048,0,0
0.43849291137489,14013,2.6052,0,0
0.43849303486561,14014,2.6056,0,0
0.43849315823112,14015,2.606,0,0
0.43849328147142,14016,2.6064,0,0
0.43849340458651,14017,2.6068,0,0
0.4384935275764,14018,2.6072,0,0
0.43849365044108,14019,2.6076,0,0
0.43849377318055,14020,2.608,0,0
0.43849389579481,14021,2.6084,0,0
0.43849401828387,14022,2.6088,0,0
0.43849414064772,14023,2.6092,0,0
0.43849426288636,14024,2.6096,0,0
0.43849438499979,14025,2.61,0,0
0.43849450698802,14026,2.6104,0,0
0.43849462885104,14027,2.6108,0,0
0.43849475058885,14028,2.6112,0,0
0.43849487220145,14029,2.6116,0,0
0.43849499368885,14030,2.612,0,0
0.43849511505104,14031,2.6124,0,0
0.43849523628803,14032,2.6128,0,0
0.43849535739981,14033,2.6132,0,0
0.43849547838638,14034,2.6136,0,0
0.43849559924775,14035,2.614,0,0
0.4384957199839,14036,2.6144,0,0
0.43849584059486,14037,2.6148,0,0
0.4384959610806,14038,2.6152,0,0
0.43849608144114,14039,2.6156,0,0
0.43849620167648,14040,2.616,0,0
0.43849632178661,14041,2.6164,0,0
0.43849644177153,14042,2.6168,0,0
0.43849656163125,14043,2.6172,0,0
0.43849668136576,14044,2.6176,0,0
0.43849680097506,14045,2.618,0,0
0.43849692045916,14046,2.6184,0,0
0.43849703981806,14047,2.6188,0,0
0.43849715905175,14048,2.6192,0,0
0.43849727816023,14049,2.6196,0,0
0.43849739714351,14050,2.62,0,0
0.43849751600158,14051,2.6204,0,0
0.43849763473445,14052,2.6208,0,0
0.43849775334211,14053,2.6212,0,0
0.43849787182457,14054,2.6216,0,0
0.43849799018183,14055,2.622,0,0
0.43849810841387,14056,2.6224,0,0
0.43849822652072,14057,2.6228,0,0
0.43849834450236,14058,2.6232,0,0
0.43849846235879,14059,2.6236,0,0
0.43849858009002,14060,2.624,0,0
0.43849869769605,14061,2.6244,0,0
0.43849881517687,14062,2.6248,0,0
0.43849893253249,14063,2.6252,0,0
0.4384990497629,14064,2.6256,0,0
0.43849916686811,14065,2.626,0,0
0.43849928384812,14066,2.6264,0,0
0.43849940070292,14067,2.6268,0,0
0.43849951743252,14068,2.6272,0,0
0.43849963403691,14069,2.6276,0,0
0.4384997505161,14070,2.628,0,0
0.43849986687009,14071,2.6284,0,0
0.43849998309887,14072,2.6288,0,0
0.43850009920245,14073,2.6292,0,0
0.43850021518083,14074,2.6296,0,0
0.438500331034,14075,2.63,0,0
0.43850044676197,14076,2.6304,0,0
0.43850056236474,14077,2.6308,0,0
0.43850067784231,14078,2.6312,0,0
0.43850079319467,14079,2.6316,0,0
0.43850090842183,14080,2.632,0,0
0.43850102352378,14081,2.6324,0,0
0.43850113850053,14082,2.6328,0,0
0.43850125335208,14083,2.6332,0,0
0.43850136807843,14084,2.6336,0,0
0.43850148267958,14085,2.634,0,0
0.43850159715552,14086,2.6344,0,0
0.43850171150626,14087,2.6348,0,0
0.4385018257318,14088,2.6352,0,0
0.43850193983214,14089,2.6356,0,0
0.43850205380727,14090,2.636,0,0
0.4385021676572,14091,2.6364,0,0
0.43850228138193,14092,2.6368,0,0
0.43850239498146,14093,2.6372,0,0
0.43850250845579,14094,2.6376,0,0
0.43850262180491,14095,2.638,0,0
0.43850273502884,14096,2.6384,0,0
0.43850284812756,14097,2.6388,0,0
0.43850296110108,14098,2.6392,0,0
0.4385030739494,14099,2.6396,0,0
0.43850318667252,14100,2.64,0,0
0.43850329927043,14101,2.6404,0,0
0.43850341174315,14102,2.6408,0,0
0.43850352409066,14103,2.6412,0,0
0.43850363631298,14104,2.6416,0,0
0.43850374841009,14105,2.642,0,0
0.438503860382,14106,2.6424,0,0
0.43850397222871,14107,2.6428,0,0
0.43850408395022,14108,2.6432,0,0
0.43850419554653,14109,2.6436,0,0
0.43850430701764,14110,2.644,0,0
0.43850441836355,14111,2.6444,0,0
0.43850452958426,14112,2.6448,0,0
0.43850464067976,14113,2.6452,0,0
0.43850475165007,14114,2.6456,0,0
0.43850486249518,14115,2.646,0,0
0.43850497321509,14116,2.6464,0,0
0.43850508380979,14117,2.6468,0,0
0.4385051942793,14118,2.6472,0,0
0.43850530462361,14119,2.6476,0,0
0.43850541484271,14120,2.648,0,0
0.43850552493662,14121,2.6484,0,0
0.43850563490533,14122,2.6488,0,0
0.43850574474884,14123,2.6492,0,0
0.43850585446715,14124,2.6496,0,0
0.43850596406026,14125,2.65,0,0
0.43850607352817,14126,2.6504,0,0
0.43850618287088,14127,2.6508,0,0
0.43850629208839,14128,2.6512,0,0
0.4385064011807,14129,2.6516,0,0
0.43850651014782,14130,2.652,0,0
0.43850661898973,14131,2.6524,0,0
0.43850672770645,14132,2.6528,0,0
0.43850683629796,14133,2.6532,0,0
0.43850694476428,14134,2.6536,0,0
0.4385070531054,14135,2.654,0,0
0.43850716132132,14136,2.6544,0,0
0.43850726941205,14137,2.6548,0,0
0.43850737737757,14138,2.6552,0,0
0.43850748521789,14139,2.6556,0,0
0.43850759293302,14140,2.656,0,0
0.43850770052295,14141,2.6564,0,0
0.43850780798768,14142,2.6568,0,0
0.43850791532721,14143,2.6572,0,0
0.43850802254155,14144,2.6576,0,0
0.43850812963068,14145,2.658,0,0
0.43850823659462,14146,2.6584,0,0
0.43850834343336,14147,2.6588,0,0
0.43850845014691,14148,2.6592,0,0
0.43850855673525,14149,2.6596,0,0
0.4385086631984,14150,2.66,0,0
0.43850876953635,14151,2.6604,0,0
0.4385088757491,14152,2.6608,0,0
0.43850898183666,14153,2.6612,0,0
0.43850908779902,14154,2.6616,0,0
0.43850919363618,14155,2.662,0,0
0.43850929934814,14156,2.6624,0,0
0.43850940493491,14157,2.6628,0,0
0.43850951039648,14158,2.6632,0,0
0.43850961573285,14159,2.6636,0,0
0.43850972094403,14160,2.664,0,0
0.43850982603001,14161,2.6644,0,0
0.43850993099079,14162,2.6648,0,0
0.43851003582637,14163,2.6652,0,0
0.43851014053676,14164,2.6656,0,0
0.43851024512196,14165,2.666,0,0
0.43851034958195,14166,2.6664,0,0
0.43851045391675,14167,2.6668,0,0
0.43851055812636,14168,2.6672,0,0
0.43851066221076,14169,2.6676,0,0
0.43851076616997,14170,2.668,0,0
0.43851087000399,14171,2.6684,0,0
0.43851097371281,14172,2.6688,0,0
0.43851107729643,14173,2.6692,0,0
0.43851118075486,14174,2.6696,0,0
0.43851128408809,14175,2.67,0,0
0.43851138729612,14176,2.6704,0,0
0.43851149037896,14177,2.6708,0,0
0.43851159333661,14178,2.6712,0,0
0.43851169616906,14179,2.6716,0,0
0.43851179887631,14180,2.672,0,0
0.43851190145837,14181,2.6724,0,0
0.43851200391523,14182,2.6728,0,0
0.4385121062469,14183,2.6732,0,0
0.43851220845337,14184,2.6736,0,0
0.43851231053465,14185,2.674,0,0
0.43851241249073,14186,2.6744,0,0
0.43851251432161,14187,2.6748,0,0
0.43851261602731,14188,2.6752,0,0
0.4385127176078,14189,2.6756,0,0
0.43851281906311,14190,2.676,0,0
0.43851292039321,14191,2.6764,0,0
0.43851302159813,14192,2.6768,0,0
0.43851312267784,14193,2.6772,0,0
0.43851322363237,14194,2.6776,0,0
0.4385133244617,14195,2.678,0,0
0.43851342516583,14196,2.6784,0,0
0.43851352574477,14197,2.6788,0,0
0.43851362619852,14198,2.6792,0,0
0.43851372652707,14199,2.6796,0,0
0.43851382673043,14200,2.68,0,0
0.43851392680859,14201,2.6804,0,0
0.43851402676156,14202,2.6808,0,0
0.43851412658934,14203,2.6812,0,0
0.43851422629192,14204,2.6816,0,0
0.43851432586931,14205,2.682,0,0
0.43851442532151,14206,2.6824,0,0
0.43851452464851,14207,2.6828,0,0
0.43851462385032,14208,2.6832,0,0
0.43851472292693,14209,2.6836,0,0
0.43851482187835,14210,2.684,0,0
0.43851492070458,14211,2.6844,0,0
0.43851501940561,14212,2.6848,0,0
0.43851511798145,14213,2.6852,0,0
0.4385152164321,14214,2.6856,0,0
0.43851531475756,14215,2.686,0,0
0.43851541295782,14216,2.6864,0,0
0.43851551103289,14217,2.6868,0,0
0.43851560898276,14218,2.6872,0,0
0.43851570680745,14219,2.6876,0,0
0.43851580450694,14220,2.688,0,0
0.43851590208123,14221,2.6884,0,0
0.43851599953034,14222,2.6888,0,0
0.43851609685425,14223,2.6892,0,0
0.43851619405297,14224,2.6896,0,0
0.4385162911265,14225,2.69,0,0
0.43851638807483,14226,2.6904,0,0
0.43851648489798,14227,2.6908,0,0
0.43851658159593,14228,2.6912,0,0
0.43851667816869,14229,2.6916,0,0
0.43851677461625,14230,2.692,0,0
0.43851687093863,14231,2.6924,0,0
0.43851696713581,14232,2.6928,0,0
0.4385170632078,14233,2.6932,0,0
0.4385171591546,14234,2.6936,0,0
0.43851725497621,14235,2.694,0,0
0.43851735067262,14236,2.6944,0,0
0.43851744624384,14237,2.6948,0,0
0.43851754168988,14238,2.6952,0,0
0.43851763701072,14239,2.6956,0,0
0.43851773220637,14240,2.696,0,0
0.43851782727682,14241,2.6964,0,0
0.43851792222209,14242,2.6968,0,0
0.43851801704217,14243,2.6972,0,0
0.43851811173705,14244,2.6976,0,0
0.43851820630674,14245,2.698,0,0
0.43851830075124,14246,2.6984,0,0
0.43851839507055,14247,2.6988,0,0
0.43851848926467,14248,2.6992,0,0
0.4385185833336,14249,2.6996,0,0
0.43851867727734,14250,2.7,0,0
0.43851877109589,14251,2.7004,0,0
0.43851886478924,14252,2.7008,0,0
0.43851895835741,14253,2.7012,0,0
0.43851905180039,14254,2.7016,0,0
0.43851914511817,14255,2.702,0,0
0.43851923831077,14256,2.7024,0,0
0.43851933137817,14257,2.7028,0,0
0.43851942432038,14258,2.7032,0,0
0.43851951713741,14259,2.7036,0,0
0.43851960982924,14260,2.704,0,0
0.43851970239588,14261,2.7044,0,0
0.43851979483734,14262,2.7048,0,0
0.4385198871536,14263,2.7052,0,0
0.43851997934467,14264,2.7056,0,0
0.43852007141056,14265,2.706,0,0
0.43852016335125,14266,2.7064,0,0
0.43852025516676,14267,2.7068,0,0
0.43852034685707,14268,2.7072,0,0
0.43852043842219,14269,2.7076,0,0
0.43852052986213,14270,2.708,0,0
0.43852062117688,14271,2.7084,0,0
0.43852071236643,14272,2.7088,0,0
0.4385208034308,14273,2.7092,0,0
0.43852089436998,14274,2.7096,0,0
0.43852098518396,14275,2.71,0,0
0.43852107587276,14276,2.7104,0,0
0.43852116643637,14277,2.7108,0,0
0.43852125687479,14278,2.7112,0,0
0.43852134718803,14279,2.7116,0,0
0.43852143737607,14280,2.712,0,0
0.43852152743892,14281,2.7124,0,0
0.43852161737659,14282,2.7128,0,0
0.43852170718907,14283,2.7132,0,0
0.43852179687635,14284,2.7136,0,0
0.43852188643845,14285,2.714,0,0
0.43852197587536,14286,2.7144,0,0
0.43852206518708,14287,2.7148,0,0
0.43852215437362,14288,2.7152,0,0
0.43852224343496,14289,2.7156,0,0
0.43852233237112,14290,2.716,0,0
0.43852242118209,14291,2.7164,0,0
0.43852250986787,14292,2.7168,0,0
0.43852259842846,14293,2.7172,0,0
0.43852268686387,14294,2.7176,0,0
0.43852277517408,14295,2.718,0,0
0.43852286335911,14296,2.7184,0,0
0.43852295141895,14297,2.7188,0,0
0.4385230393536,14298,2.7192,0,0
0.43852312716307,14299,2.7196,0,0
0.43852321484735,14300,2.72,0,0
0.43852330240643,14301,2.7204,0,0
0.43852338984034,14302,2.7208,0,0
0.43852347714905,14303,2.7212,0,0
0.43852356433258,14304,2.7216,0,0
0.43852365139092,14305,2.722,0,0
0.43852373832407,14306,2.7224,0,0
0.43852382513203,14307,2.7228,0,0
0.43852391181481,14308,2.7232,0,0
0.4385239983724,14309,2.7236,0,0
0.4385240848048,14310,2.724,0,0
0.43852417111202,14311,2.7244,0,0
0.43852425729405,14312,2.7248,0,0
0.43852434335089,14313,2.7252,0,0
0.43852442928254,14314,2.7256,0,0
0.43852451508901,14315,2.726,0,0
0.43852460077029,14316,2.7264,0,0
0.43852468632639,14317,2.7268,0,0
0.4385247717573,14318,2.7272,0,0
0.43852485706302,14319,2.7276,0,0
0.43852494224355,14320,2.728,0,0
0.4385250272989,14321,2.7284,0,0
0.43852511222906,14322,2.7288,0,0
0.43852519703404,14323,2.7292,0,0
0.43852528171383,14324,2.7296,0,0
0.43852536626843,14325,2.73,0,0
0.43852545069784,14326,2.7304,0,0
0.43852553500208,14327,2.7308,0,0
0.43852561918112,14328,2.7312,0,0
0.43852570323498,14329,2.7316,0,0
0.43852578716365,14330,2.732,0,0
0.43852587096714,14331,2.7324,0,0
0.43852595464544,14332,2.7328,0,0
0.43852603819855,14333,2.7332,0,0
0.43852612162648,14334,2.7336,0,0
0.43852620492922,14335,2.734,0,0
0.43852628810678,14336,2.7344,0,0
0.43852637115915,14337,2.7348,0,0
0.43852645408634,14338,2.7352,0,0
0.43852653688834,14339,2.7356,0,0
0.43852661956515,14340,2.736,0,0
0.43852670211679,14341,2.7364,0,0
0.43852678454323,14342,2.7368,0,0
0.43852686684449,14343,2.7372,0,0
0.43852694902056,14344,2.7376,0,0
0.43852703107145,14345,2.738,0,0
0.43852711299716,14346,2.7384,0,0
0.43852719479768,14347,2.7388,0,0
0.43852727647301,14348,2.7392,0,0
0.43852735802316,14349,2.7396,0,0
0.43852743944812,14350,2.74,0,0
0.4385275207479,14351,2.7404,0,0
0.4385276019225,14352,2.7408,0,0
0.43852768297191,14353,2.7412,0,0
0.43852776389613,14354,2.7416,0,0
0.43852784469517,14355,2.742,0,0
0.43852792536903,14356,2.7424,0,0
0.4385280059177,14357,2.7428,0,0
0.43852808634119,14358,2.7432,0,0
0.43852816663949,14359,2.7436,0,0
0.43852824681261,14360,2.744,0,0
0.43852832686054,14361,2.7444,0,0
0.43852840678329,14362,2.7448,0,0
0.43852848658086,14363,2.7452,0,0
0.43852856625324,14364,2.7456,0,0
0.43852864580044,14365,2.746,0,0
0.43852872522245,14366,2.7464,0,0
0.43852880451928,14367,2.7468,0,0
0.43852888369093,14368,2.7472,0,0
0.43852896273739,14369,2.7476,0,0
0.43852904165867,14370,2.748,0,0
0.43852912045476,14371,2.7484,0,0
0.43852919912568,14372,2.7488,0,0
0.4385292776714,14373,2.7492,0,0
0.43852935609195,14374,2.7496,0,0
0.43852943438731,14375,2.75,0,0
0.43852951255748,14376,2.7504,0,0
0.43852959060248,14377,2.7508,0,0
0.43852966852229,14378,2.7512,0,0
0.43852974631691,14379,2.7516,0,0
0.43852982398636,14380,2.752,0,0
0.43852990153062,14381,2.7524,0,0
0.43852997894969,14382,2.7528,0,0
0.43853005624359,14383,2.7532,0,0
0.4385301334123,14384,2.7536,0,0
0.43853021045583,14385,2.754,0,0
0.43853028737417,14386,2.7544,0,0
0.43853036416733,14387,2.7548,0,0
0.43853044083531,14388,2.7552,0,0
0.43853051737811,14389,2.7556,0,0
0.43853059379572,14390,2.756,0,0
0.43853067008816,14391,2.7564,0,0
0.4385307462554,14392,2.7568,0,0
0.43853082229747,14393,2.7572,0,0
0.43853089821435,14394,2.7576,0,0
0.43853097400605,14395,2.758,0,0
0.43853104967257,14396,2.7584,0,0
0.43853112521391,14397,2.7588,0,0
0.43853120063006,14398,2.7592,0,0
0.43853127592103,14399,2.7596,0,0
0.43853135108682,14400,2.76,0,0
0.43853142612743,14401,2.7604,0,0
0.43853150104286,14402,2.7608,0,0
0.4385315758331,14403,2.7612,0,0
0.43853165049816,14404,2.7616,0,0
0.43853172503804,14405,2.762,0,0
0.43853179945274,14406,2.7624,0,0
0.43853187374225,14407,2.7628,0,0
0.43853194790658,14408,2.7632,0,0
0.43853202194574,14409,2.7636,0,0
0.43853209585971,14410,2.764,0,0
0.43853216964849,14411,2.7644,0,0
0.4385322433121,14412,2.7648,0,0
0.43853231685053,14413,2.7652,0,0
0.43853239026377,14414,2.7656,0,0
0.43853246355183,14415,2.766,0,0
0.43853253671471,14416,2.7664,0,0
0.43853260975241,14417,2.7668,0,0
0.43853268266493,14418,2.7672,0,0
0.43853275545227,14419,2.7676,0,0
0.43853282811442,14420,2.768,0,0
0.4385329006514,14421,2.7684,0,0
0.43853297306319,14422,2.7688,0,0
0.4385330453498,14423,2.7692,0,0
0.43853311751123,14424,2.7696,0,0
0.43853318954748,14425,2.77,0,0
0.43853326145855,14426,2.7704,0,0
0.43853333324444,14427,2.7708,0,0
0.43853340490515,14428,2.7712,0,0
0.43853347644068,14429,2.7716,0,0
0.43853354785102,14430,2.772,0,0
0.43853361913619,14431,2.7724,0,0
0.43853369029617,14432,2.7728,0,0
0.43853376133098,14433,2.7732,0,0
0.4385338322406,14434,2.7736,0,0
0.43853390302504,14435,2.774,0,0
0.43853397368431,14436,2.7744,0,0
0.43853404421839,14437,2.7748,0,0
0.43853411462729,14438,2.7752,0,0
0.43853418491101,14439,2.7756,0,0
0.43853425506955,14440,2.776,0,0
0.43853432510292,14441,2.7764,0,0
0.4385343950111,14442,2.7768,0,0
0.4385344647941,14443,2.7772,0,0
0.43853453445192,14444,2.7776,0,0
0.43853460398456,14445,2.778,0,0
0.43853467339202,14446,2.7784,0,0
0.4385347426743,14447,2.7788,0,0
0.4385348118314,14448,2.7792,0,0
0.43853488086332,14449,2.7796,0,0
0.43853494977007,14450,2.78,0,0
0.43853501855163,14451,2.7804,0,0
0.43853508720801,14452,2.7808,0,0
0.43853515573921,14453,2.7812,0,0
0.43853522414524,14454,2.7816,0,0
0.43853529242608,14455,2.782,0,0
0.43853536058174,14456,2.7824,0,0
0.43853542861223,14457,2.7828,0,0
0.43853549651753,14458,2.7832,0,0
0.43853556429766,14459,2.7836,0,0
0.43853563195261,14460,2.784,0,0
0.43853569948237,14461,2.7844,0,0
0.43853576688696,14462,2.7848,0,0
0.43853583416637,14463,2.7852,0,0
0.4385359013206,14464,2.7856,0,0
0.43853596834965,14465,2.786,0,0
0.43853603525352,14466,2.7864,0,0
0.43853610203221,14467,2.7868,0,0
0.43853616868573,14468,2.7872,0,0
0.43853623521406,14469,2.7876,0,0
0.43853630161722,14470,2.788,0,0
0.4385363678952,14471,2.7884,0,0
0.43853643404799,14472,2.7888,0,0
0.43853650007561,14473,2.7892,0,0
0.43853656597805,14474,2.7896,0,0
0.43853663175532,14475,2.79,0,0
0.4385366974074,14476,2.7904,0,0
0.4385367629343,14477,2.7908,0,0
0.43853682833603,14478,2.7912,0,0
0.43853689361258,14479,2.7916,0,0
0.43853695876395,14480,2.792,0,0
0.43853702379014,14481,2.7924,0,0
0.43853708869115,14482,2.7928,0,0
0.43853715346699,14483,2.7932,0,0
0.43853721811764,14484,2.7936,0,0
0.43853728264312,14485,2.794,0,0
0.43853734704342,14486,2.7944,0,0
0.43853741131854,14487,2.7948,0,0
0.43853747546849,14488,2.7952,0,0
0.43853753949325,14489,2.7956,0,0
0.43853760339284,14490,2.796,0,0
0.43853766716725,14491,2.7964,0,0
0.43853773081649,14492,2.7968,0,0
0.43853779434054,14493,2.7972,0,0
0.43853785773942,14494,2.7976,0,0
0.43853792101311,14495,2.798,0,0
0.43853798416164,14496,2.7984,0,0
0.43853804718498,14497,2.7988,0,0
0.43853811008314,14498,2.7992,0,0
0.43853817285613,14499,2.7996,0,0
0.43853823550394,14500,2.8,0,0
0.43853829802658,14501,2.8004,0,0
0.43853836042403,14502,2.8008,0,0
0.43853842269631,14503,2.8012,0,0
0.43853848484341,14504,2.8016,0,0
0.43853854686533,14505,2.802,0,0
0.43853860876208,14506,2.8024,0,0
0.43853867053365,14507,2.8028,0,0
0.43853873218004,14508,2.8032,0,0
0.43853879370126,14509,2.8036,0,0
0.43853885509729,14510,2.804,0,0
0.43853891636815,14511,2.8044,0,0
0.43853897751384,14512,2.8048,0,0
0.43853903853434,14513,2.8052,0,0
0.43853909942967,14514,2.8056,0,0
0.43853916019983,14515,2.806,0,0
0.4385392208448,14516,2.8064,0,0
0.4385392813646,14517,2.8068,0,0
0.43853934175922,14518,2.8072,0,0
0.43853940202867,14519,2.8076,0,0
0.43853946217293,14520,2.808,0,0
0.43853952219203,14521,2.8084,0,0
0.43853958208594,14522,2.8088,0,0
0.43853964185468,14523,2.8092,0,0
0.43853970149824,14524,2.8096,0,0
0.43853976101663,14525,2.81,0,0
0.43853982040984,14526,2.8104,0,0
0.43853987967787,14527,2.8108,0,0
0.43853993882073,14528,2.8112,0,0
0.43853999783841,14529,2.8116,0,0
0.43854005673091,14530,2.812,0,0
0.43854011549824,14531,2.8124,0,0
0.43854017414039,14532,2.8128,0,0
0.43854023265736,14533,2.8132,0,0
0.43854029104916,14534,2.8136,0,0
0.43854034931578,14535,2.814,0,0
0.43854040745723,14536,2.8144,0,0
0.4385404654735,14537,2.8148,0,0
0.43854052336459,14538,2.8152,0,0
0.43854058113051,14539,2.8156,0,0
0.43854063877126,14540,2.816,0,0
0.43854069628682,14541,2.8164,0,0
0.43854075367721,14542,2.8168,0,0
0.43854081094243,14543,2.8172,0,0
0.43854086808247,14544,2.8176,0,0
0.43854092509733,14545,2.818,0,0
0.43854098198702,14546,2.8184,0,0
0.43854103875153,14547,2.8188,0,0
0.43854109539087,14548,2.8192,0,0
0.43854115190503,14549,2.8196,0,0
0.43854120829401,14550,2.82,0,0
0.43854126455782,14551,2.8204,0,0
0.43854132069646,14552,2.8208,0,0
0.43854137670992,14553,2.8212,0,0
0.4385414325982,14554,2.8216,0,0
0.43854148836131,14555,2.822,0,0
0.43854154399924,14556,2.8224,0,0
0.438541599512,14557,2.8228,0,0
0.43854165489958,14558,2.8232,0,0
0.43854171016199,14559,2.8236,0,0
0.43854176529922,14560,2.824,0,0
0.43854182031128,14561,2.8244,0,0
0.43854187519816,14562,2.8248,0,0
0.43854192995987,14563,2.8252,0,0
0.4385419845964,14564,2.8256,0,0
0.43854203910776,14565,2.826,0,0
0.43854209349394,14566,2.8264,0,0
0.43854214775495,14567,2.8268,0,0
0.43854220189078,14568,2.8272,0,0
0.43854225590144,14569,2.8276,0,0
0.43854230978692,14570,2.828,0,0
0.43854236354723,14571,2.8284,0,0
0.43854241718236,14572,2.8288,0,0
0.43854247069232,14573,2.8292,0,0
0.43854252407711,14574,2.8296,0,0
0.43854257733672,14575,2.83,0,0
0.43854263047115,14576,2.8304,0,0
0.43854268348041,14577,2.8308,0,0
0.4385427363645,14578,2.8312,0,0
0.43854278912341,14579,2.8316,0,0
0.43854284175714,14580,2.832,0,0
0.43854289426571,14581,2.8324,0,0
0.4385429466491,14582,2.8328,0,0
0.43854299890731,14583,2.8332,0,0
0.43854305104035,14584,2.8336,0,0
0.43854310304821,14585,2.834,0,0
0.43854315493091,14586,2.8344,0,0
0.43854320668842,14587,2.8348,0,0
0.43854325832077,14588,2.8352,0,0
0.43854330982793,14589,2.8356,0,0
0.43854336120993,14590,2.836,0,0
0.43854341246675,14591,2.8364,0,0
0.4385434635984,14592,2.8368,0,0
0.43854351460487,14593,2.8372,0,0
0.43854356548617,14594,2.8376,0,0
0.43854361624229,14595,2.838,0,0
0.43854366687324,14596,2.8384,0,0
0.43854371737902,14597,2.8388,0,0
0.43854376775962,14598,2.8392,0,0
0.43854381801505,14599,2.8396,0,0
0.43854386814531,14600,2.84,0,0
0.43854391815039,14601,2.8404,0,0
0.4385439680303,14602,2.8408,0,0
0.43854401778504,14603,2.8412,0,0
0.4385440674146,14604,2.8416,0,0
0.43854411691899,14605,2.842,0,0
0.4385441662982,14606,2.8424,0,0
0.43854421555224,14607,2.8428,0,0
0.43854426468111,14608,2.8432,0,0
0.4385443136848,14609,2.8436,0,0
0.43854436256332,14610,2.844,0,0
0.43854441131667,14611,2.8444,0,0
0.43854445994484,14612,2.8448,0,0
0.43854450844784,14613,2.8452,0,0
0.43854455682567,14614,2.8456,0,0
0.43854460507832,14615,2.846,0,0
0.43854465320581,14616,2.8464,0,0
0.43854470120811,14617,2.8468,0,0
0.43854474908525,14618,2.8472,0,0
0.43854479683721,14619,2.8476,0,0
0.438544844464,14620,2.848,0,0
0.43854489196561,14621,2.8484,0,0
0.43854493934206,14622,2.8488,0,0
0.43854498659332,14623,2.8492,0,0
0.43854503371942,14624,2.8496,0,0
0.43854508072035,14625,2.85,0,0
0.4385451275961,14626,2.8504,0,0
0.43854517434667,14627,2.8508,0,0
0.43854522097208,14628,2.8512,0,0
0.43854526747231,14629,2.8516,0,0
0.43854531384737,14630,2.852,0,0
0.43854536009726,14631,2.8524,0,0
0.43854540622197,14632,2.8528,0,0
0.43854545222151,14633,2.8532,0,0
0.43854549809588,14634,2.8536,0,0
0.43854554384508,14635,2.854,0,0
0.4385455894691,14636,2.8544,0,0
0.43854563496795,14637,2.8548,0,0
0.43854568034163,14638,2.8552,0,0
0.43854572559014,14639,2.8556,0,0
0.43854577071347,14640,2.856,0,0
0.43854581571163,14641,2.8564,0,0
0.43854586058462,14642,2.8568,0,0
0.43854590533244,14643,2.8572,0,0
0.43854594995508,14644,2.8576,0,0
0.43854599445256,14645,2.858,0,0
0.43854603882486,14646,2.8584,0,0
0.43854608307198,14647,2.8588,0,0
0.43854612719394,14648,2.8592,0,0
0.43854617119072,14649,2.8596,0,0
0.43854621506233,14650,2.86,0,0
0.43854625880877,14651,2.8604,0,0
0.43854630243004,14652,2.8608,0,0
0.43854634592613,14653,2.8612,0,0
0.43854638929706,14654,2.8616,0,0
0.43854643254281,14655,2.862,0,0
0.43854647566339,14656,2.8624,0,0
0.43854651865879,14657,2.8628,0,0
0.43854656152903,14658,2.8632,0,0
0.43854660427409,14659,2.8636,0,0
0.43854664689398,14660,2.864,0,0
0.4385466893887,14661,2.8644,0,0
0.43854673175825,14662,2.8648,0,0
0.43854677400263,14663,2.8652,0,0
0.43854681612183,14664,2.8656,0,0
0.43854685811586,14665,2.866,0,0
0.43854689998473,14666,2.8664,0,0
0.43854694172841,14667,2.8668,0,0
0.43854698334693,14668,2.8672,0,0
0.43854702484028,14669,2.8676,0,0
0.43854706620845,14670,2.868,0,0
0.43854710745146,14671,2.8684,0,0
0.43854714856929,14672,2.8688,0,0
0.43854718956195,14673,2.8692,0,0
0.43854723042944,14674,2.8696,0,0
0.43854727117175,14675,2.87,0,0
0.4385473117889,14676,2.8704,0,0
0.43854735228087,14677,2.8708,0,0
0.43854739264768,14678,2.8712,0,0
0.43854743288931,14679,2.8716,0,0
0.43854747300577,14680,2.872,0,0
0.43854751299706,14681,2.8724,0,0
0.43854755286318,14682,2.8728,0,0
0.43854759260412,14683,2.8732,0,0
0.4385476322199,14684,2.8736,0,0
0.4385476717105,14685,2.874,0,0
0.43854771107594,14686,2.8744,0,0
0.4385477503162,14687,2.8748,0,0
0.43854778943129,14688,2.8752,0,0
0.43854782842121,14689,2.8756,0,0
0.43854786728596,14690,2.876,0,0
0.43854790602554,14691,2.8764,0,0
0.43854794463995,14692,2.8768,0,0
0.43854798312918,14693,2.8772,0,0
0.43854802149325,14694,2.8776,0,0
0.43854805973214,14695,2.878,0,0
0.43854809784587,14696,2.8784,0,0
0.43854813583442,14697,2.8788,0,0
0.4385481736978,14698,2.8792,0,0
0.43854821143601,14699,2.8796,0,0
0.43854824904905,14700,2.88,0,0
0.43854828653692,14701,2.8804,0,0
0.43854832389962,14702,2.8808,0,0
0.43854836113715,14703,2.8812,0,0
0.43854839824951,14704,2.8816,0,0
0.4385484352367,14705,2.882,0,0
0.43854847209871,14706,2.8824,0,0
0.43854850883556,14707,2.8828,0,0
0.43854854544723,14708,2.8832,0,0
0.43854858193374,14709,2.8836,0,0
0.43854861829507,14710,2.884,0,0
0.43854865453124,14711,2.8844,0,0
0.43854869064223,14712,2.8848,0,0
0.43854872662805,14713,2.8852,0,0
0.43854876248871,14714,2.8856,0,0
0.43854879822419,14715,2.886,0,0
0.4385488338345,14716,2.8864,0,0
0.43854886931964,14717,2.8868,0,0
0.43854890467962,14718,2.8872,0,0
0.43854893991442,14719,2.8876,0,0
0.43854897502405,14720,2.888,0,0
0.43854901000851,14721,2.8884,0,0
0.4385490448678,14722,2.8888,0,0
0.43854907960192,14723,2.8892,0,0
0.43854911421087,14724,2.8896,0,0
0.43854914869465,14725,2.89,0,0
0.43854918305326,14726,2.8904,0,0
0.4385492172867,14727,2.8908,0,0
0.43854925139497,14728,2.8912,0,0
0.43854928537807,14729,2.8916,0,0
0.438549319236,14730,2.892,0,0
0.43854935296876,14731,2.8924,0,0
0.43854938657635,14732,2.8928,0,0
0.43854942005876,14733,2.8932,0,0
0.43854945341601,14734,2.8936,0,0
0.43854948664809,14735,2.894,0,0
0.438549519755,14736,2.8944,0,0
0.43854955273674,14737,2.8948,0,0
0.43854958559331,14738,2.8952,0,0
0.43854961832471,14739,2.8956,0,0
0.43854965093094,14740,2.896,0,0
0.43854968341201,14741,2.8964,0,0
0.4385497157679,14742,2.8968,0,0
0.43854974799862,14743,2.8972,0,0
0.43854978010417,14744,2.8976,0,0
0.43854981208455,14745,2.898,0,0
0.43854984393976,14746,2.8984,0,0
0.43854987566981,14747,2.8988,0,0
0.43854990727468,14748,2.8992,0,0
0.43854993875438,14749,2.8996,0,0
0.43854997010892,14750,2.9,0,0
0.43855000133828,14751,2.9004,0,0
0.43855003244247,14752,2.9008,0,0
0.4385500634215,14753,2.9012,0,0
0.43855009427536,14754,2.9016,0,0
0.43855012500404,14755,2.902,0,0
0.43855015560756,14756,2.9024,0,0
0.43855018608591,14757,2.9028,0,0
0.43855021643908,14758,2.9032,0,0
0.43855024666709,14759,2.9036,0,0
0.43855027676993,14760,2.904,0,0
0.4385503067476,14761,2.9044,0,0
0.4385503366001,14762,2.9048,0,0
0.43855036632743,14763,2.9052,0,0
0.43855039592959,14764,2.9056,0,0
0.43855042540659,14765,2.906,0,0
0.43855045475841,14766,2.9064,0,0
0.43855048398506,14767,2.9068,0,0
0.43855051308655,14768,2.9072,0,0
0.43855054206286,14769,2.9076,0,0
0.43855057091401,14770,2.908,0,0
0.43855059963999,14771,2.9084,0,0
0.4385506282408,14772,2.9088,0,0
0.43855065671643,14773,2.9092,0,0
0.4385506850669,14774,2.9096,0,0
0.43855071329221,14775,2.91,0,0
0.43855074139234,14776,2.9104,0,0
0.4385507693673,14777,2.9108,0,0
0.43855079721709,14778,2.9112,0,0
0.43855082494172,14779,2.9116,0,0
0.43855085254117,14780,2.912,0,0
0.43855088001546,14781,2.9124,0,0
0.43855090736458,14782,2.9128,0,0
0.43855093458853,14783,2.9132,0,0
0.43855096168731,14784,2.9136,0,0
0.43855098866092,14785,2.914,0,0
0.43855101550936,14786,2.9144,0,0
0.43855104223263,14787,2.9148,0,0
0.43855106883074,14788,2.9152,0,0
0.43855109530368,14789,2.9156,0,0
0.43855112165144,14790,2.916,0,0
0.43855114787404,14791,2.9164,0,0
0.43855117397147,14792,2.9168,0,0
0.43855119994373,14793,2.9172,0,0
0.43855122579082,14794,2.9176,0,0
0.43855125151275,14795,2.918,0,0
0.4385512771095,14796,2.9184,0,0
0.43855130258109,14797,2.9188,0,0
0.4385513279275,14798,2.9192,0,0
0.43855135314875,14799,2.9196,0,0
0.43855137824483,14800,2.92,0,0
0.43855140321574,14801,2.9204,0,0
0.43855142806149,14802,2.9208,0,0
0.43855145278206,14803,2.9212,0,0
0.43855147737747,14804,2.9216,0,0
0.4385515018477,14805,2.922,0,0
0.43855152619277,14806,2.9224,0,0
0.43855155041267,14807,2.9228,0,0
0.4385515745074,14808,2.9232,0,0
0.43855159847697,14809,2.9236,0,0
0.43855162232136,14810,2.924,0,0
0.43855164604059,14811,2.9244,0,0
0.43855166963464,14812,2.9248,0,0
0.43855169310353,14813,2.9252,0,0
0.43855171644725,14814,2.9256,0,0
0.43855173966581,14815,2.926,0,0
0.43855176275919,14816,2.9264,0,0
0.43855178572741,14817,2.9268,0,0
0.43855180857045,14818,2.9272,0,0
0.43855183128833,14819,2.9276,0,0
0.43855185388104,14820,2.928,0,0
0.43855187634859,14821,2.9284,0,0
0.43855189869096,14822,2.9288,0,0
0.43855192090817,14823,2.9292,0,0
0.4385519430002,14824,2.9296,0,0
0.43855196496707,14825,2.93,0,0
0.43855198680878,14826,2.9304,0,0
0.43855200852531,14827,2.9308,0,0
0.43855203011667,14828,2.9312,0,0
0.43855205158287,14829,2.9316,0,0
0.4385520729239,14830,2.932,0,0
0.43855209413976,14831,2.9324,0,0
0.43855211523045,14832,2.9328,0,0
0.43855213619598,14833,2.9332,0,0
0.43855215703633,14834,2.9336,0,0
0.43855217775152,14835,2.934,0,0
0.43855219834154,14836,2.9344,0,0
0.43855221880639,14837,2.9348,0,0
0.43855223914608,14838,2.9352,0,0
0.43855225936059,14839,2.9356,0,0
0.43855227944994,14840,2.936,0,0
0.43855229941412,14841,2.9364,0,0
0.43855231925313,14842,2.9368,0,0
0.43855233896698,14843,2.9372,0,0
0.43855235855565,14844,2.9376,0,0
0.43855237801916,14845,2.938,0,0
0.4385523973575,14846,2.9384,0,0
0.43855241657067,14847,2.9388,0,0
0.43855243565868,14848,2.9392,0,0
0.43855245462151,14849,2.9396,0,0
0.43855247345918,14850,2.94,0,0
0.43855249217168,14851,2.9404,0,0
0.43855251075902,14852,2.9408,0,0
0.43855252922118,14853,2.9412,0,0
0.43855254755818,14854,2.9416,0,0
0.43855256577001,14855,2.942,0,0
0.43855258385667,14856,2.9424,0,0
0.43855260181816,14857,2.9428,0,0
0.43855261965449,14858,2.9432,0,0
0.43855263736565,14859,2.9436,0,0
0.43855265495164,14860,2.944,0,0
0.43855267241246,14861,2.9444,0,0
0.43855268974812,14862,2.9448,0,0
0.4385527069586,14863,2.9452,0,0
0.43855272404392,14864,2.9456,0,0
0.43855274100407,14865,2.946,0,0
0.43855275783906,14866,2.9464,0,0
0.43855277454888,14867,2.9468,0,0
0.43855279113352,14868,2.9472,0,0
0.43855280759301,14869,2.9476,0,0
0.43855282392732,14870,2.948,0,0
0.43855284013646,14871,2.9484,0,0
0.43855285622044,14872,2.9488,0,0
0.43855287217925,14873,2.9492,0,0
0.4385528880129,14874,2.9496,0,0
0.43855290372137,14875,2.95,0,0
0.43855291930468,14876,2.9504,0,0
0.43855293476282,14877,2.9508,0,0
0.43855295009579,14878,2.9512,0,0
0.4385529653036,14879,2.9516,0,0
0.43855298038624,14880,2.952,0,0
0.43855299534371,14881,2.9524,0,0
0.43855301017601,14882,2.9528,0,0
0.43855302488314,14883,2.9532,0,0
0.43855303946511,14884,2.9536,0,0
0.43855305392191,14885,2.954,0,0
0.43855306825355,14886,2.9544,0,0
0.43855308246001,14887,2.9548,0,0
0.43855309654131,14888,2.9552,0,0
0.43855311049744,14889,2.9556,0,0
0.4385531243284,14890,2.956,0,0
0.4385531380342,14891,2.9564,0,0
0.43855315161483,14892,2.9568,0,0
0.43855316507029,14893,2.9572,0,0
0.43855317840058,14894,2.9576,0,0
0.43855319160571,14895,2.958,0,0
0.43855320468566,14896,2.9584,0,0
0.43855321764046,14897,2.9588,0,0
0.43855323047008,14898,2.9592,0,0
0.43855324317454,14899,2.9596,0,0
0.43855325575382,14900,2.96,0,0
0.43855326820795,14901,2.9604,0,0
0.4385532805369,14902,2.9608,0,0
0.43855329274069,14903,2.9612,0,0
0.43855330481931,14904,2.9616,0,0
0.43855331677276,14905,2.962,0,0
0.43855332860105,14906,2.9624,0,0
0.43855334030416,14907,2.9628,0,0
0.43855335188211,14908,2.9632,0,0
0.4385533633349,14909,2.9636,0,0
0.43855337466251,14910,2.964,0,0
0.43855338586496,14911,2.9644,0,0
0.43855339694224,14912,2.9648,0,0
0.43855340789436,14913,2.9652,0,0
0.43855341872131,14914,2.9656,0,0
0.43855342942309,14915,2.966,0,0
0.4385534399997,14916,2.9664,0,0
0.43855345045114,14917,2.9668,0,0
0.43855346077742,14918,2.9672,0,0
0.43855347097853,14919,2.9676,0,0
0.43855348105448,14920,2.968,0,0
0.43855349100525,14921,2.9684,0,0
0.43855350083086,14922,2.9688,0,0
0.43855351053131,14923,2.9692,0,0
0.43855352010658,14924,2.9696,0,0
0.43855352955669,14925,2.97,0,0
0.43855353888163,14926,2.9704,0,0
0.4385535480814,14927,2.9708,0,0
0.43855355715601,14928,2.9712,0,0
0.43855356610545,14929,2.9716,0,0
0.43855357492972,14930,2.972,0,0
0.43855358362883,14931,2.9724,0,0
0.43855359220277,14932,2.9728,0,0
0.43855360065154,14933,2.9732,0,0
0.43855360897514,14934,2.9736,0,0
0.43855361717358,14935,2.974,0,0
0.43855362524685,14936,2.9744,0,0
0.43855363319495,14937,2.9748,0,0
0.43855364101788,14938,2.9752,0,0
0.43855364871565,14939,2.9756,0,0
0.43855365628825,14940,2.976,0,0
0.43855366373569,14941,2.9764,0,0
0.43855367105796,14942,2.9768,0,0
0.43855367825506,14943,2.9772,0,0
0.43855368532699,14944,2.9776,0,0
0.43855369227376,14945,2.978,0,0
0.43855369909535,14946,2.9784,0,0
0.43855370579179,14947,2.9788,0,0
0.43855371236305,14948,2.9792,0,0
0.43855371880915,14949,2.9796,0,0
0.43855372513008,14950,2.98,0,0
0.43855373132584,14951,2.9804,0,0
0.43855373739644,14952,2.9808,0,0
0.43855374334187,14953,2.9812,0,0
0.43855374916213,14954,2.9816,0,0
0.43855375485723,14955,2.982,0,0
0.43855376042716,14956,2.9824,0,0
0.43855376587192,14957,2.9828,0,0
0.43855377119152,14958,2.9832,0,0
0.43855377638594,14959,2.9836,0,0
0.4385537814552,14960,2.984,0,0
0.4385537863993,14961,2.9844,0,0
0.43855379121823,14962,2.9848,0,0
0.43855379591199,14963,2.9852,0,0
0.43855380048058,14964,2.9856,0,0
0.438553804924,14965,2.986,0,0
0.43855380924226,14966,2.9864,0,0
0.43855381343536,14967,2.9868,0,0
0.43855381750328,14968,2.9872,0,0
0.43855382144604,14969,2.9876,0,0
0.43855382526363,14970,2.988,0,0
0.43855382895605,14971,2.9884,0,0
0.43855383252331,14972,2.9888,0,0
0.4385538359654,14973,2.9892,0,0
0.43855383928233,14974,2.9896,0,0
0.43855384247408,14975,2.99,0,0
0.43855384554067,14976,2.9904,0,0
0.43855384848209,14977,2.9908,0,0
0.43855385129835,14978,2.9912,0,0
0.43855385398944,14979,2.9916,0,0
0.43855385655536,14980,2.992,0,0
0.43855385899612,14981,2.9924,0,0
0.4385538613117,14982,2.9928,0,0
0.43855386350212,14983,2.9932,0,0
0.43855386556738,14984,2.9936,0,0
0.43855386750747,14985,2.994,0,0
0.43855386932239,14986,2.9944,0,0
0.43855387101214,14987,2.9948,0,0
0.43855387257673,14988,2.9952,0,0
0.43855387401615,14989,2.9956,0,0
0.4385538753304,14990,2.996,0,0
0.43855387651948,14991,2.9964,0,0
0.4385538775834,14992,2.9968,0,0
0.43855387852215,14993,2.9972,0,0
0.43855387933574,14994,2.9976,0,0
0.43855388002416,14995,2.998,0,0
0.43855388058741,14996,2.9984,0,0
0.43855388102549,14997,2.9988,0,0
0.43855388133841,14998,2.9992,0,0
0.43855388152616,14999,2.9996,0,0
0.43855388158874,15000,3,0,0
