id,psi,x,y,z
5000,0.22186207900603,0,0,0
15027,0.65219967902181,1.25e-05,0,0
15018,0.93698737209017,2.5e-05,0,0
15012,1.2478498011543,5e-05,0,0
15022,1.3808539752238,7.5e-05,0,0
15003,1.4384404803405,0.0001,0,0
15013,1.4732245429603,0.00015,0,0
5001,1.4783219180573,0.0002,0,0
15014,1.4790693297546,0.00025,0,0
15006,1.4791807383352,0.0003,0,0
5002,1.4791988897148,0.0004,0,0
5003,1.4791980674486,0.0006,0,0
5004,1.479198942189,0.0008,0,0
5005,1.4791994596366,0.001,0,0
5006,1.4792000523093,0.0012,0,0
5007,1.4792006291437,0.0014,0,0
5008,1.4792012093124,0.0016,0,0
5009,1.4792017887788,0.0018,0,0
5010,1.4792023683928,0.002,0,0
5011,1.4792029479755,0.0022,0,0
5012,1.4792035275645,0.0024,0,0
5013,1.4792041071519,0.0026,0,0
5014,1.4792046867393,0.0028,0,0
5015,1.4792052663265,0.003,0,0
5016,1.4792058459135,0.0032,0,0
5017,1.4792064255002,0.0034,0,0
5018,1.4792070050867,0.0036,0,0
5019,1.4792075846729,0.0038,0,0
5020,1.4792081642589,0.004,0,0
5021,1.4792087438447,0.0042,0,0
5022,1.4792093234303,0.0044,0,0
5023,1.4792099030157,0.0046,0,0
5024,1.4792104826008,0.0048,0,0
5025,1.4792110621857,0.005,0,0
5026,1.4792116417704,0.0052,0,0
5027,1.4792122213548,0.0054,0,0
5028,1.479212800939,0.0056,0,0
5029,1.479213380523,0.0058,0,0
5030,1.4792139601067,0.006,0,0
5031,1.4792145396903,0.0062,0,0
5032,1.4792151192736,0.0064,0,0
5033,1.4792156988566,0.0066,0,0
5034,1.4792162784395,0.0068,0,0
5035,1.4792168580221,0.007,0,0
5036,1.4792174376045,0.0072,0,0
5037,1.4792180171866,0.0074,0,0
5038,1.4792185967686,0.0076,0,0
5039,1.4792191763503,0.0078,0,0
5040,1.4792197559318,0.008,0,0
5041,1.479220335513,0.0082,0,0
5042,1.479220915094,0.0084,0,0
5043,1.4792214946748,0.0086,0,0
5044,1.4792220742554,0.0088,0,0
5045,1.4792226538357,0.009,0,0
5046,1.4792232334158,0.0092,0,0
5047,1.4792238129957,0.0094,0,0
5048,1.4792243925754,0.0096,0,0
5049,1.4792249721548,0.0098,0,0
5050,1.479225551734,0.01,0,0
5051,1.479226131313,0.0102,0,0
5052,1.4792267108917,0.0104,0,0
5053,1.4792272904702,0.0106,0,0
5054,1.4792278700485,0.0108,0,0
5055,1.4792284496266,0.011,0,0
5056,1.4792290292044,0.0112,0,0
5057,1.479229608782,0.0114,0,0
5058,1.4792301883594,0.0116,0,0
5059,1.4792307679365,0.0118,0,0
5060,1.4792313475134,0.012,0,0
5061,1.4792319270901,0.0122,0,0
5062,1.4792325066666,0.0124,0,0
5063,1.4792330862428,0.0126,0,0
5064,1.4792336658188,0.0128,0,0
5065,1.4792342453946,0.013,0,0
5066,1.4792348249702,0.0132,0,0
5067,1.4792354045455,0.0134,0,0
5068,1.4792359841206,0.0136,0,0
5069,1.4792365636955,0.0138,0,0
5070,1.4792371432701,0.014,0,0
5071,1.4792377228445,0.0142,0,0
5072,1.4792383024187,0.0144,0,0
5073,1.4792388819927,0.0146,0,0
5074,1.4792394615664,0.0148,0,0
5075,1.4792400411399,0.015,0,0
5076,1.4792406207132,0.0152,0,0
5077,1.4792412002862,0.0154,0,0
5078,1.4792417798591,0.0156,0,0
5079,1.4792423594317,0.0158,0,0
5080,1.479242939004,0.016,0,0
5081,1.4792435185762,0.0162,0,0
5082,1.4792440981481,0.0164,0,0
5083,1.4792446777198,0.0166,0,0
5084,1.4792452572912,0.0168,0,0
5085,1.4792458368624,0.017,0,0
5086,1.4792464164334,0.0172,0,0
5087,1.4792469960042,0.0174,0,0
5088,1.4792475755747,0.0176,0,0
5089,1.4792481551451,0.0178,0,0
5090,1.4792487347151,0.018,0,0
5091,1.479249314285,0.0182,0,0
5092,1.4792498938546,0.0184,0,0
5093,1.479250473424,0.0186,0,0
5094,1.4792510529932,0.0188,0,0
5095,1.4792516325622,0.019,0,0
5096,1.4792522121309,0.0192,0,0
5097,1.4792527916994,0.0194,0,0
5098,1.4792533712676,0.0196,0,0
5099,1.4792539508357,0.0198,0,0
5100,1.4792545304035,0.02,0,0
5101,1.4792551099711,0.0202,0,0
5102,1.4792556895384,0.0204,0,0
5103,1.4792562691056,0.0206,0,0
5104,1.4792568486725,0.0208,0,0
5105,1.4792574282391,0.021,0,0
5106,1.4792580078056,0.0212,0,0
5107,1.4792585873718,0.0214,0,0
5108,1.4792591669378,0.0216,0,0
5109,1.4792597465035,0.0218,0,0
5110,1.4792603260691,0.022,0,0
5111,1.4792609056344,0.0222,0,0
5112,1.4792614851994,0.0224,0,0
5113,1.4792620647643,0.0226,0,0
5114,1.4792626443289,0.0228,0,0
5115,1.4792632238933,0.023,0,0
5116,1.4792638034575,0.0232,0,0
5117,1.4792643830214,0.0234,0,0
5118,1.4792649625851,0.0236,0,0
5119,1.4792655421486,0.0238,0,0
5120,1.4792661217119,0.024,0,0
5121,1.4792667012749,0.0242,0,0
5122,1.4792672808377,0.0244,0,0
5123,1.4792678604003,0.0246,0,0
5124,1.4792684399626,0.0248,0,0
5125,1.4792690195247,0.025,0,0
5126,1.4792695990866,0.0252,0,0
5127,1.4792701786483,0.0254,0,0
5128,1.4792707582097,0.0256,0,0
5129,1.4792713377709,0.0258,0,0
5130,1.4792719173319,0.026,0,0
5131,1.4792724968926,0.0262,0,0
5132,1.4792730764531,0.0264,0,0
5133,1.4792736560134,0.0266,0,0
5134,1.4792742355735,0.0268,0,0
5135,1.4792748151333,0.027,0,0
5136,1.4792753946929,0.0272,0,0
5137,1.4792759742523,0.0274,0,0
5138,1.4792765538115,0.0276,0,0
5139,1.4792771333704,0.0278,0,0
5140,1.4792777129291,0.028,0,0
5141,1.4792782924876,0.0282,0,0
5142,1.4792788720458,0.0284,0,0
5143,1.4792794516038,0.0286,0,0
5144,1.4792800311616,0.0288,0,0
5145,1.4792806107192,0.029,0,0
5146,1.4792811902765,0.0292,0,0
5147,1.4792817698336,0.0294,0,0
5148,1.4792823493905,0.0296,0,0
5149,1.4792829289471,0.0298,0,0
5150,1.4792835085036,0.03,0,0
5151,1.4792840880598,0.0302,0,0
5152,1.4792846676157,0.0304,0,0
5153,1.4792852471715,0.0306,0,0
5154,1.479285826727,0.0308,0,0
5155,1.4792864062823,0.031,0,0
5156,1.4792869858373,0.0312,0,0
5157,1.4792875653921,0.0314,0,0
5158,1.4792881449467,0.0316,0,0
5159,1.4792887245011,0.0318,0,0
5160,1.4792893040553,0.032,0,0
5161,1.4792898836092,0.0322,0,0
5162,1.4792904631629,0.0324,0,0
5163,1.4792910427163,0.0326,0,0
5164,1.4792916222696,0.0328,0,0
5165,1.4792922018226,0.033,0,0
5166,1.4792927813753,0.0332,0,0
5167,1.4792933609279,0.0334,0,0
5168,1.4792939404802,0.0336,0,0
5169,1.4792945200323,0.0338,0,0
5170,1.4792950995842,0.034,0,0
5171,1.4792956791358,0.0342,0,0
5172,1.4792962586872,0.0344,0,0
5173,1.4792968382384,0.0346,0,0
5174,1.4792974177894,0.0348,0,0
5175,1.4792979973401,0.035,0,0
5176,1.4792985768906,0.0352,0,0
5177,1.4792991564409,0.0354,0,0
5178,1.4792997359909,0.0356,0,0
5179,1.4793003155407,0.0358,0,0
5180,1.4793008950903,0.036,0,0
5181,1.4793014746397,0.0362,0,0
5182,1.4793020541888,0.0364,0,0
5183,1.4793026337377,0.0366,0,0
5184,1.4793032132864,0.0368,0,0
5185,1.4793037928348,0.037,0,0
5186,1.4793043723831,0.0372,0,0
5187,1.479304951931,0.0374,0,0
5188,1.4793055314788,0.0376,0,0
5189,1.4793061110264,0.0378,0,0
5190,1.4793066905737,0.038,0,0
5191,1.4793072701207,0.0382,0,0
5192,1.4793078496676,0.0384,0,0
5193,1.4793084292142,0.0386,0,0
5194,1.4793090087606,0.0388,0,0
5195,1.4793095883068,0.039,0,0
5196,1.4793101678527,0.0392,0,0
5197,1.4793107473985,0.0394,0,0
5198,1.479311326944,0.0396,0,0
5199,1.4793119064892,0.0398,0,0
5200,1.4793124860342,0.04,0,0
5201,1.4793130655791,0.0402,0,0
5202,1.4793136451236,0.0404,0,0
5203,1.479314224668,0.0406,0,0
5204,1.4793148042121,0.0408,0,0
5205,1.479315383756,0.041,0,0
5206,1.4793159632997,0.0412,0,0
5207,1.4793165428431,0.0414,0,0
5208,1.4793171223863,0.0416,0,0
5209,1.4793177019293,0.0418,0,0
5210,1.4793182814721,0.042,0,0
5211,1.4793188610146,0.0422,0,0
5212,1.4793194405569,0.0424,0,0
5213,1.479320020099,0.0426,0,0
5214,1.4793205996408,0.0428,0,0
5215,1.4793211791824,0.043,0,0
5216,1.4793217587238,0.0432,0,0
5217,1.479322338265,0.0434,0,0
5218,1.4793229178059,0.0436,0,0
5219,1.4793234973466,0.0438,0,0
5220,1.4793240768871,0.044,0,0
5221,1.4793246564273,0.0442,0,0
5222,1.4793252359674,0.0444,0,0
5223,1.4793258155072,0.0446,0,0
5224,1.4793263950467,0.0448,0,0
5225,1.4793269745861,0.045,0,0
5226,1.4793275541252,0.0452,0,0
5227,1.4793281336641,0.0454,0,0
5228,1.4793287132027,0.0456,0,0
5229,1.4793292927412,0.0458,0,0
5230,1.4793298722794,0.046,0,0
5231,1.4793304518173,0.0462,0,0
5232,1.4793310313551,0.0464,0,0
5233,1.4793316108926,0.0466,0,0
5234,1.4793321904299,0.0468,0,0
5235,1.4793327699669,0.047,0,0
5236,1.4793333495038,0.0472,0,0
5237,1.4793339290404,0.0474,0,0
5238,1.4793345085768,0.0476,0,0
5239,1.4793350881129,0.0478,0,0
5240,1.4793356676488,0.048,0,0
5241,1.4793362471845,0.0482,0,0
5242,1.47933682672,0.0484,0,0
5243,1.4793374062552,0.0486,0,0
5244,1.4793379857903,0.0488,0,0
5245,1.479338565325,0.049,0,0
5246,1.4793391448596,0.0492,0,0
5247,1.4793397243939,0.0494,0,0
5248,1.479340303928,0.0496,0,0
5249,1.4793408834619,0.0498,0,0
5250,1.4793414629956,0.05,0,0
5251,1.479342042529,0.0502,0,0
5252,1.4793426220622,0.0504,0,0
5253,1.4793432015951,0.0506,0,0
5254,1.4793437811279,0.0508,0,0
5255,1.4793443606604,0.051,0,0
5256,1.4793449401927,0.0512,0,0
5257,1.4793455197247,0.0514,0,0
5258,1.4793460992565,0.0516,0,0
5259,1.4793466787881,0.0518,0,0
5260,1.4793472583195,0.052,0,0
5261,1.4793478378506,0.0522,0,0
5262,1.4793484173815,0.0524,0,0
5263,1.4793489969122,0.0526,0,0
5264,1.4793495764427,0.0528,0,0
5265,1.4793501559729,0.053,0,0
5266,1.4793507355029,0.0532,0,0
5267,1.4793513150327,0.0534,0,0
5268,1.4793518945622,0.0536,0,0
5269,1.4793524740916,0.0538,0,0
5270,1.4793530536207,0.054,0,0
5271,1.4793536331495,0.0542,0,0
5272,1.4793542126782,0.0544,0,0
5273,1.4793547922066,0.0546,0,0
5274,1.4793553717347,0.0548,0,0
5275,1.4793559512627,0.055,0,0
5276,1.4793565307904,0.0552,0,0
5277,1.4793571103179,0.0554,0,0
5278,1.4793576898452,0.0556,0,0
5279,1.4793582693722,0.0558,0,0
5280,1.4793588488991,0.056,0,0
5281,1.4793594284256,0.0562,0,0
5282,1.479360007952,0.0564,0,0
5283,1.4793605874781,0.0566,0,0
5284,1.479361167004,0.0568,0,0
5285,1.4793617465297,0.057,0,0
5286,1.4793623260552,0.0572,0,0
5287,1.4793629055804,0.0574,0,0
5288,1.4793634851054,0.0576,0,0
5289,1.4793640646301,0.0578,0,0
5290,1.4793646441547,0.058,0,0
5291,1.479365223679,0.0582,0,0
5292,1.4793658032031,0.0584,0,0
5293,1.4793663827269,0.0586,0,0
5294,1.4793669622505,0.0588,0,0
5295,1.4793675417739,0.059,0,0
5296,1.4793681212971,0.0592,0,0
5297,1.4793687008201,0.0594,0,0
5298,1.4793692803428,0.0596,0,0
5299,1.4793698598653,0.0598,0,0
5300,1.4793704393875,0.06,0,0
5301,1.4793710189096,0.0602,0,0
5302,1.4793715984314,0.0604,0,0
5303,1.4793721779529,0.0606,0,0
5304,1.4793727574743,0.0608,0,0
5305,1.4793733369954,0.061,0,0
5306,1.4793739165163,0.0612,0,0
5307,1.479374496037,0.0614,0,0
5308,1.4793750755574,0.0616,0,0
5309,1.4793756550776,0.0618,0,0
5310,1.4793762345976,0.062,0,0
5311,1.4793768141174,0.0622,0,0
5312,1.4793773936369,0.0624,0,0
5313,1.4793779731562,0.0626,0,0
5314,1.4793785526752,0.0628,0,0
5315,1.4793791321941,0.063,0,0
5316,1.4793797117127,0.0632,0,0
5317,1.4793802912311,0.0634,0,0
5318,1.4793808707493,0.0636,0,0
5319,1.4793814502672,0.0638,0,0
5320,1.4793820297849,0.064,0,0
5321,1.4793826093024,0.0642,0,0
5322,1.4793831888196,0.0644,0,0
5323,1.4793837683366,0.0646,0,0
5324,1.4793843478534,0.0648,0,0
5325,1.47938492737,0.065,0,0
5326,1.4793855068863,0.0652,0,0
5327,1.4793860864025,0.0654,0,0
5328,1.4793866659183,0.0656,0,0
5329,1.479387245434,0.0658,0,0
5330,1.4793878249494,0.066,0,0
5331,1.4793884044646,0.0662,0,0
5332,1.4793889839796,0.0664,0,0
5333,1.4793895634943,0.0666,0,0
5334,1.4793901430089,0.0668,0,0
5335,1.4793907225232,0.067,0,0
5336,1.4793913020372,0.0672,0,0
5337,1.4793918815511,0.0674,0,0
5338,1.4793924610647,0.0676,0,0
5339,1.479393040578,0.0678,0,0
5340,1.4793936200912,0.068,0,0
5341,1.4793941996041,0.0682,0,0
5342,1.4793947791168,0.0684,0,0
5343,1.4793953586293,0.0686,0,0
5344,1.4793959381415,0.0688,0,0
5345,1.4793965176535,0.069,0,0
5346,1.4793970971653,0.0692,0,0
5347,1.4793976766769,0.0694,0,0
5348,1.4793982561882,0.0696,0,0
5349,1.4793988356993,0.0698,0,0
5350,1.4793994152102,0.07,0,0
5351,1.4793999947208,0.0702,0,0
5352,1.4794005742312,0.0704,0,0
5353,1.4794011537414,0.0706,0,0
5354,1.4794017332514,0.0708,0,0
5355,1.4794023127611,0.071,0,0
5356,1.4794028922706,0.0712,0,0
5357,1.4794034717799,0.0714,0,0
5358,1.479404051289,0.0716,0,0
5359,1.4794046307978,0.0718,0,0
5360,1.4794052103064,0.072,0,0
5361,1.4794057898148,0.0722,0,0
5362,1.4794063693229,0.0724,0,0
5363,1.4794069488308,0.0726,0,0
5364,1.4794075283385,0.0728,0,0
5365,1.479408107846,0.073,0,0
5366,1.4794086873532,0.0732,0,0
5367,1.4794092668602,0.0734,0,0
5368,1.479409846367,0.0736,0,0
5369,1.4794104258735,0.0738,0,0
5370,1.4794110053798,0.074,0,0
5371,1.4794115848859,0.0742,0,0
5372,1.4794121643918,0.0744,0,0
5373,1.4794127438974,0.0746,0,0
5374,1.4794133234028,0.0748,0,0
5375,1.479413902908,0.075,0,0
5376,1.479414482413,0.0752,0,0
5377,1.4794150619177,0.0754,0,0
5378,1.4794156414222,0.0756,0,0
5379,1.4794162209265,0.0758,0,0
5380,1.4794168004305,0.076,0,0
5381,1.4794173799343,0.0762,0,0
5382,1.4794179594379,0.0764,0,0
5383,1.4794185389413,0.0766,0,0
5384,1.4794191184444,0.0768,0,0
5385,1.4794196979473,0.077,0,0
5386,1.47942027745,0.0772,0,0
5387,1.4794208569524,0.0774,0,0
5388,1.4794214364547,0.0776,0,0
5389,1.4794220159567,0.0778,0,0
5390,1.4794225954584,0.078,0,0
5391,1.47942317496,0.0782,0,0
5392,1.4794237544613,0.0784,0,0
5393,1.4794243339624,0.0786,0,0
5394,1.4794249134632,0.0788,0,0
5395,1.4794254929638,0.079,0,0
5396,1.4794260724642,0.0792,0,0
5397,1.4794266519644,0.0794,0,0
5398,1.4794272314643,0.0796,0,0
5399,1.4794278109641,0.0798,0,0
5400,1.4794283904636,0.08,0,0
5401,1.4794289699628,0.0802,0,0
5402,1.4794295494618,0.0804,0,0
5403,1.4794301289607,0.0806,0,0
5404,1.4794307084592,0.0808,0,0
5405,1.4794312879576,0.081,0,0
5406,1.4794318674557,0.0812,0,0
5407,1.4794324469536,0.0814,0,0
5408,1.4794330264513,0.0816,0,0
5409,1.4794336059487,0.0818,0,0
5410,1.4794341854459,0.082,0,0
5411,1.4794347649429,0.0822,0,0
5412,1.4794353444397,0.0824,0,0
5413,1.4794359239362,0.0826,0,0
5414,1.4794365034325,0.0828,0,0
5415,1.4794370829286,0.083,0,0
5416,1.4794376624244,0.0832,0,0
5417,1.47943824192,0.0834,0,0
5418,1.4794388214154,0.0836,0,0
5419,1.4794394009106,0.0838,0,0
5420,1.4794399804055,0.084,0,0
5421,1.4794405599002,0.0842,0,0
5422,1.4794411393947,0.0844,0,0
5423,1.479441718889,0.0846,0,0
5424,1.479442298383,0.0848,0,0
5425,1.4794428778768,0.085,0,0
5426,1.4794434573703,0.0852,0,0
5427,1.4794440368637,0.0854,0,0
5428,1.4794446163568,0.0856,0,0
5429,1.4794451958497,0.0858,0,0
5430,1.4794457753423,0.086,0,0
5431,1.4794463548348,0.0862,0,0
5432,1.479446934327,0.0864,0,0
5433,1.4794475138189,0.0866,0,0
5434,1.4794480933107,0.0868,0,0
5435,1.4794486728022,0.087,0,0
5436,1.4794492522935,0.0872,0,0
5437,1.4794498317846,0.0874,0,0
5438,1.4794504112754,0.0876,0,0
5439,1.479450990766,0.0878,0,0
5440,1.4794515702564,0.088,0,0
5441,1.4794521497465,0.0882,0,0
5442,1.4794527292365,0.0884,0,0
5443,1.4794533087262,0.0886,0,0
5444,1.4794538882156,0.0888,0,0
5445,1.4794544677049,0.089,0,0
5446,1.4794550471939,0.0892,0,0
5447,1.4794556266827,0.0894,0,0
5448,1.4794562061712,0.0896,0,0
5449,1.4794567856596,0.0898,0,0
5450,1.4794573651477,0.09,0,0
5451,1.4794579446356,0.0902,0,0
5452,1.4794585241232,0.0904,0,0
5453,1.4794591036106,0.0906,0,0
5454,1.4794596830978,0.0908,0,0
5455,1.4794602625848,0.091,0,0
5456,1.4794608420715,0.0912,0,0
5457,1.479461421558,0.0914,0,0
5458,1.4794620010443,0.0916,0,0
5459,1.4794625805304,0.0918,0,0
5460,1.4794631600162,0.092,0,0
5461,1.4794637395018,0.0922,0,0
5462,1.4794643189872,0.0924,0,0
5463,1.4794648984723,0.0926,0,0
5464,1.4794654779572,0.0928,0,0
5465,1.4794660574419,0.093,0,0
5466,1.4794666369264,0.0932,0,0
5467,1.4794672164106,0.0934,0,0
5468,1.4794677958946,0.0936,0,0
5469,1.4794683753784,0.0938,0,0
5470,1.4794689548619,0.094,0,0
5471,1.4794695343453,0.0942,0,0
5472,1.4794701138284,0.0944,0,0
5473,1.4794706933112,0.0946,0,0
5474,1.4794712727939,0.0948,0,0
5475,1.4794718522763,0.095,0,0
5476,1.4794724317585,0.0952,0,0
5477,1.4794730112404,0.0954,0,0
5478,1.4794735907222,0.0956,0,0
5479,1.4794741702037,0.0958,0,0
5480,1.4794747496849,0.096,0,0
5481,1.479475329166,0.0962,0,0
5482,1.4794759086468,0.0964,0,0
5483,1.4794764881274,0.0966,0,0
5484,1.4794770676077,0.0968,0,0
5485,1.4794776470879,0.097,0,0
5486,1.4794782265678,0.0972,0,0
5487,1.4794788060475,0.0974,0,0
5488,1.4794793855269,0.0976,0,0
5489,1.4794799650061,0.0978,0,0
5490,1.4794805444851,0.098,0,0
5491,1.4794811239639,0.0982,0,0
5492,1.4794817034425,0.0984,0,0
5493,1.4794822829208,0.0986,0,0
5494,1.4794828623989,0.0988,0,0
5495,1.4794834418767,0.099,0,0
5496,1.4794840213543,0.0992,0,0
5497,1.4794846008317,0.0994,0,0
5498,1.4794851803089,0.0996,0,0
5499,1.4794857597859,0.0998,0,0
5500,1.4794863392626,0.1,0,0
5501,1.4794869187391,0.1002,0,0
5502,1.4794874982153,0.1004,0,0
5503,1.4794880776914,0.1006,0,0
5504,1.4794886571672,0.1008,0,0
5505,1.4794892366428,0.101,0,0
5506,1.4794898161181,0.1012,0,0
5507,1.4794903955933,0.1014,0,0
5508,1.4794909750682,0.1016,0,0
5509,1.4794915545428,0.1018,0,0
5510,1.4794921340173,0.102,0,0
5511,1.4794927134915,0.1022,0,0
5512,1.4794932929655,0.1024,0,0
5513,1.4794938724392,0.1026,0,0
5514,1.4794944519128,0.1028,0,0
5515,1.4794950313861,0.103,0,0
5516,1.4794956108591,0.1032,0,0
5517,1.479496190332,0.1034,0,0
5518,1.4794967698046,0.1036,0,0
5519,1.479497349277,0.1038,0,0
5520,1.4794979287492,0.104,0,0
5521,1.4794985082211,0.1042,0,0
5522,1.4794990876928,0.1044,0,0
5523,1.4794996671643,0.1046,0,0
5524,1.4795002466356,0.1048,0,0
5525,1.4795008261066,0.105,0,0
5526,1.4795014055774,0.1052,0,0
5527,1.479501985048,0.1054,0,0
5528,1.4795025645183,0.1056,0,0
5529,1.4795031439884,0.1058,0,0
5530,1.4795037234583,0.106,0,0
5531,1.479504302928,0.1062,0,0
5532,1.4795048823974,0.1064,0,0
5533,1.4795054618666,0.1066,0,0
5534,1.4795060413356,0.1068,0,0
5535,1.4795066208044,0.107,0,0
5536,1.4795072002729,0.1072,0,0
5537,1.4795077797412,0.1074,0,0
5538,1.4795083592092,0.1076,0,0
5539,1.4795089386771,0.1078,0,0
5540,1.4795095181447,0.108,0,0
5541,1.4795100976121,0.1082,0,0
5542,1.4795106770792,0.1084,0,0
5543,1.4795112565462,0.1086,0,0
5544,1.4795118360129,0.1088,0,0
5545,1.4795124154793,0.109,0,0
5546,1.4795129949456,0.1092,0,0
5547,1.4795135744116,0.1094,0,0
5548,1.4795141538774,0.1096,0,0
5549,1.479514733343,0.1098,0,0
5550,1.4795153128083,0.11,0,0
5551,1.4795158922734,0.1102,0,0
5552,1.4795164717383,0.1104,0,0
5553,1.4795170512029,0.1106,0,0
5554,1.4795176306674,0.1108,0,0
5555,1.4795182101316,0.111,0,0
5556,1.4795187895955,0.1112,0,0
5557,1.4795193690593,0.1114,0,0
5558,1.4795199485228,0.1116,0,0
5559,1.4795205279861,0.1118,0,0
5560,1.4795211074491,0.112,0,0
5561,1.479521686912,0.1122,0,0
5562,1.4795222663746,0.1124,0,0
5563,1.479522845837,0.1126,0,0
5564,1.4795234252991,0.1128,0,0
5565,1.479524004761,0.113,0,0
5566,1.4795245842227,0.1132,0,0
5567,1.4795251636842,0.1134,0,0
5568,1.4795257431454,0.1136,0,0
5569,1.4795263226064,0.1138,0,0
5570,1.4795269020672,0.114,0,0
5571,1.4795274815278,0.1142,0,0
5572,1.4795280609881,0.1144,0,0
5573,1.4795286404482,0.1146,0,0
5574,1.4795292199081,0.1148,0,0
5575,1.4795297993677,0.115,0,0
5576,1.4795303788271,0.1152,0,0
5577,1.4795309582863,0.1154,0,0
5578,1.4795315377453,0.1156,0,0
5579,1.479532117204,0.1158,0,0
5580,1.4795326966625,0.116,0,0
5581,1.4795332761208,0.1162,0,0
5582,1.4795338555789,0.1164,0,0
5583,1.4795344350367,0.1166,0,0
5584,1.4795350144943,0.1168,0,0
5585,1.4795355939517,0.117,0,0
5586,1.4795361734088,0.1172,0,0
5587,1.4795367528657,0.1174,0,0
5588,1.4795373323224,0.1176,0,0
5589,1.4795379117788,0.1178,0,0
5590,1.4795384912351,0.118,0,0
5591,1.4795390706911,0.1182,0,0
5592,1.4795396501469,0.1184,0,0
5593,1.4795402296024,0.1186,0,0
5594,1.4795408090577,0.1188,0,0
5595,1.4795413885128,0.119,0,0
5596,1.4795419679677,0.1192,0,0
5597,1.4795425474223,0.1194,0,0
5598,1.4795431268767,0.1196,0,0
5599,1.4795437063309,0.1198,0,0
5600,1.4795442857849,0.12,0,0
5601,1.4795448652386,0.1202,0,0
5602,1.4795454446921,0.1204,0,0
5603,1.4795460241454,0.1206,0,0
5604,1.4795466035984,0.1208,0,0
5605,1.4795471830512,0.121,0,0
5606,1.4795477625038,0.1212,0,0
5607,1.4795483419562,0.1214,0,0
5608,1.4795489214083,0.1216,0,0
5609,1.4795495008602,0.1218,0,0
5610,1.4795500803119,0.122,0,0
5611,1.4795506597633,0.1222,0,0
5612,1.4795512392145,0.1224,0,0
5613,1.4795518186655,0.1226,0,0
5614,1.4795523981163,0.1228,0,0
5615,1.4795529775668,0.123,0,0
5616,1.4795535570172,0.1232,0,0
5617,1.4795541364672,0.1234,0,0
5618,1.4795547159171,0.1236,0,0
5619,1.4795552953667,0.1238,0,0
5620,1.4795558748161,0.124,0,0
5621,1.4795564542653,0.1242,0,0
5622,1.4795570337142,0.1244,0,0
5623,1.479557613163,0.1246,0,0
5624,1.4795581926114,0.1248,0,0
5625,1.4795587720597,0.125,0,0
5626,1.4795593515077,0.1252,0,0
5627,1.4795599309556,0.1254,0,0
5628,1.4795605104031,0.1256,0,0
5629,1.4795610898505,0.1258,0,0
5630,1.4795616692976,0.126,0,0
5631,1.4795622487445,0.1262,0,0
5632,1.4795628281912,0.1264,0,0
5633,1.4795634076376,0.1266,0,0
5634,1.4795639870838,0.1268,0,0
5635,1.4795645665298,0.127,0,0
5636,1.4795651459756,0.1272,0,0
5637,1.4795657254211,0.1274,0,0
5638,1.4795663048664,0.1276,0,0
5639,1.4795668843115,0.1278,0,0
5640,1.4795674637563,0.128,0,0
5641,1.4795680432009,0.1282,0,0
5642,1.4795686226453,0.1284,0,0
5643,1.4795692020895,0.1286,0,0
5644,1.4795697815334,0.1288,0,0
5645,1.4795703609771,0.129,0,0
5646,1.4795709404206,0.1292,0,0
5647,1.4795715198639,0.1294,0,0
5648,1.4795720993069,0.1296,0,0
5649,1.4795726787497,0.1298,0,0
5650,1.4795732581923,0.13,0,0
5651,1.4795738376346,0.1302,0,0
5652,1.4795744170767,0.1304,0,0
5653,1.4795749965186,0.1306,0,0
5654,1.4795755759603,0.1308,0,0
5655,1.4795761554017,0.131,0,0
5656,1.4795767348429,0.1312,0,0
5657,1.4795773142839,0.1314,0,0
5658,1.4795778937247,0.1316,0,0
5659,1.4795784731652,0.1318,0,0
5660,1.4795790526055,0.132,0,0
5661,1.4795796320455,0.1322,0,0
5662,1.4795802114854,0.1324,0,0
5663,1.479580790925,0.1326,0,0
5664,1.4795813703644,0.1328,0,0
5665,1.4795819498035,0.133,0,0
5666,1.4795825292425,0.1332,0,0
5667,1.4795831086812,0.1334,0,0
5668,1.4795836881196,0.1336,0,0
5669,1.4795842675579,0.1338,0,0
5670,1.4795848469959,0.134,0,0
5671,1.4795854264337,0.1342,0,0
5672,1.4795860058713,0.1344,0,0
5673,1.4795865853086,0.1346,0,0
5674,1.4795871647457,0.1348,0,0
5675,1.4795877441826,0.135,0,0
5676,1.4795883236192,0.1352,0,0
5677,1.4795889030557,0.1354,0,0
5678,1.4795894824919,0.1356,0,0
5679,1.4795900619278,0.1358,0,0
5680,1.4795906413636,0.136,0,0
5681,1.4795912207991,0.1362,0,0
5682,1.4795918002344,0.1364,0,0
5683,1.4795923796694,0.1366,0,0
5684,1.4795929591043,0.1368,0,0
5685,1.4795935385389,0.137,0,0
5686,1.4795941179732,0.1372,0,0
5687,1.4795946974074,0.1374,0,0
5688,1.4795952768413,0.1376,0,0
5689,1.479595856275,0.1378,0,0
5690,1.4795964357085,0.138,0,0
5691,1.4795970151417,0.1382,0,0
5692,1.4795975945747,0.1384,0,0
5693,1.4795981740075,0.1386,0,0
5694,1.4795987534401,0.1388,0,0
5695,1.4795993328724,0.139,0,0
5696,1.4795999123045,0.1392,0,0
5697,1.4796004917364,0.1394,0,0
5698,1.479601071168,0.1396,0,0
5699,1.4796016505994,0.1398,0,0
5700,1.4796022300306,0.14,0,0
5701,1.4796028094616,0.1402,0,0
5702,1.4796033888923,0.1404,0,0
5703,1.4796039683228,0.1406,0,0
5704,1.4796045477531,0.1408,0,0
5705,1.4796051271831,0.141,0,0
5706,1.479605706613,0.1412,0,0
5707,1.4796062860426,0.1414,0,0
5708,1.4796068654719,0.1416,0,0
5709,1.4796074449011,0.1418,0,0
5710,1.47960802433,0.142,0,0
5711,1.4796086037587,0.1422,0,0
5712,1.4796091831871,0.1424,0,0
5713,1.4796097626154,0.1426,0,0
5714,1.4796103420434,0.1428,0,0
5715,1.4796109214711,0.143,0,0
5716,1.4796115008987,0.1432,0,0
5717,1.479612080326,0.1434,0,0
5718,1.4796126597531,0.1436,0,0
5719,1.47961323918,0.1438,0,0
5720,1.4796138186066,0.144,0,0
5721,1.479614398033,0.1442,0,0
5722,1.4796149774592,0.1444,0,0
5723,1.4796155568851,0.1446,0,0
5724,1.4796161363109,0.1448,0,0
5725,1.4796167157364,0.145,0,0
5726,1.4796172951616,0.1452,0,0
5727,1.4796178745867,0.1454,0,0
5728,1.4796184540115,0.1456,0,0
5729,1.4796190334361,0.1458,0,0
5730,1.4796196128604,0.146,0,0
5731,1.4796201922846,0.1462,0,0
5732,1.4796207717085,0.1464,0,0
5733,1.4796213511322,0.1466,0,0
5734,1.4796219305556,0.1468,0,0
5735,1.4796225099788,0.147,0,0
5736,1.4796230894018,0.1472,0,0
5737,1.4796236688246,0.1474,0,0
5738,1.4796242482471,0.1476,0,0
5739,1.4796248276694,0.1478,0,0
5740,1.4796254070915,0.148,0,0
5741,1.4796259865134,0.1482,0,0
5742,1.479626565935,0.1484,0,0
5743,1.4796271453564,0.1486,0,0
5744,1.4796277247776,0.1488,0,0
5745,1.4796283041985,0.149,0,0
5746,1.4796288836193,0.1492,0,0
5747,1.4796294630397,0.1494,0,0
5748,1.47963004246,0.1496,0,0
5749,1.47963062188,0.1498,0,0
5750,1.4796312012999,0.15,0,0
5751,1.4796317807194,0.1502,0,0
5752,1.4796323601388,0.1504,0,0
5753,1.4796329395579,0.1506,0,0
5754,1.4796335189768,0.1508,0,0
5755,1.4796340983955,0.151,0,0
5756,1.4796346778139,0.1512,0,0
5757,1.4796352572321,0.1514,0,0
5758,1.4796358366501,0.1516,0,0
5759,1.4796364160679,0.1518,0,0
5760,1.4796369954854,0.152,0,0
5761,1.4796375749027,0.1522,0,0
5762,1.4796381543198,0.1524,0,0
5763,1.4796387337367,0.1526,0,0
5764,1.4796393131533,0.1528,0,0
5765,1.4796398925697,0.153,0,0
5766,1.4796404719858,0.1532,0,0
5767,1.4796410514018,0.1534,0,0
5768,1.4796416308175,0.1536,0,0
5769,1.479642210233,0.1538,0,0
5770,1.4796427896482,0.154,0,0
5771,1.4796433690633,0.1542,0,0
5772,1.4796439484781,0.1544,0,0
5773,1.4796445278926,0.1546,0,0
5774,1.479645107307,0.1548,0,0
5775,1.4796456867211,0.155,0,0
5776,1.479646266135,0.1552,0,0
5777,1.4796468455486,0.1554,0,0
5778,1.4796474249621,0.1556,0,0
5779,1.4796480043753,0.1558,0,0
5780,1.4796485837883,0.156,0,0
5781,1.479649163201,0.1562,0,0
5782,1.4796497426135,0.1564,0,0
5783,1.4796503220258,0.1566,0,0
5784,1.4796509014379,0.1568,0,0
5785,1.4796514808498,0.157,0,0
5786,1.4796520602614,0.1572,0,0
5787,1.4796526396728,0.1574,0,0
5788,1.4796532190839,0.1576,0,0
5789,1.4796537984948,0.1578,0,0
5790,1.4796543779055,0.158,0,0
5791,1.479654957316,0.1582,0,0
5792,1.4796555367263,0.1584,0,0
5793,1.4796561161363,0.1586,0,0
5794,1.4796566955461,0.1588,0,0
5795,1.4796572749557,0.159,0,0
5796,1.479657854365,0.1592,0,0
5797,1.4796584337741,0.1594,0,0
5798,1.479659013183,0.1596,0,0
5799,1.4796595925916,0.1598,0,0
5800,1.4796601720001,0.16,0,0
5801,1.4796607514083,0.1602,0,0
5802,1.4796613308162,0.1604,0,0
5803,1.479661910224,0.1606,0,0
5804,1.4796624896315,0.1608,0,0
5805,1.4796630690388,0.161,0,0
5806,1.4796636484459,0.1612,0,0
5807,1.4796642278527,0.1614,0,0
5808,1.4796648072593,0.1616,0,0
5809,1.4796653866657,0.1618,0,0
5810,1.4796659660718,0.162,0,0
5811,1.4796665454778,0.1622,0,0
5812,1.4796671248834,0.1624,0,0
5813,1.4796677042889,0.1626,0,0
5814,1.4796682836942,0.1628,0,0
5815,1.4796688630992,0.163,0,0
5816,1.479669442504,0.1632,0,0
5817,1.4796700219085,0.1634,0,0
5818,1.4796706013128,0.1636,0,0
5819,1.4796711807169,0.1638,0,0
5820,1.4796717601208,0.164,0,0
5821,1.4796723395245,0.1642,0,0
5822,1.4796729189279,0.1644,0,0
5823,1.4796734983311,0.1646,0,0
5824,1.4796740777341,0.1648,0,0
5825,1.4796746571368,0.165,0,0
5826,1.4796752365393,0.1652,0,0
5827,1.4796758159416,0.1654,0,0
5828,1.4796763953436,0.1656,0,0
5829,1.4796769747455,0.1658,0,0
5830,1.4796775541471,0.166,0,0
5831,1.4796781335484,0.1662,0,0
5832,1.4796787129496,0.1664,0,0
5833,1.4796792923505,0.1666,0,0
5834,1.4796798717512,0.1668,0,0
5835,1.4796804511516,0.167,0,0
5836,1.4796810305519,0.1672,0,0
5837,1.4796816099519,0.1674,0,0
5838,1.4796821893517,0.1676,0,0
5839,1.4796827687512,0.1678,0,0
5840,1.4796833481505,0.168,0,0
5841,1.4796839275496,0.1682,0,0
5842,1.4796845069485,0.1684,0,0
5843,1.4796850863472,0.1686,0,0
5844,1.4796856657456,0.1688,0,0
5845,1.4796862451437,0.169,0,0
5846,1.4796868245417,0.1692,0,0
5847,1.4796874039394,0.1694,0,0
5848,1.4796879833369,0.1696,0,0
5849,1.4796885627342,0.1698,0,0
5850,1.4796891421313,0.17,0,0
5851,1.4796897215281,0.1702,0,0
5852,1.4796903009247,0.1704,0,0
5853,1.479690880321,0.1706,0,0
5854,1.4796914597172,0.1708,0,0
5855,1.4796920391131,0.171,0,0
5856,1.4796926185088,0.1712,0,0
5857,1.4796931979042,0.1714,0,0
5858,1.4796937772995,0.1716,0,0
5859,1.4796943566945,0.1718,0,0
5860,1.4796949360892,0.172,0,0
5861,1.4796955154838,0.1722,0,0
5862,1.4796960948781,0.1724,0,0
5863,1.4796966742722,0.1726,0,0
5864,1.479697253666,0.1728,0,0
5865,1.4796978330597,0.173,0,0
5866,1.4796984124531,0.1732,0,0
5867,1.4796989918463,0.1734,0,0
5868,1.4796995712392,0.1736,0,0
5869,1.4797001506319,0.1738,0,0
5870,1.4797007300244,0.174,0,0
5871,1.4797013094167,0.1742,0,0
5872,1.4797018888087,0.1744,0,0
5873,1.4797024682005,0.1746,0,0
5874,1.4797030475921,0.1748,0,0
5875,1.4797036269835,0.175,0,0
5876,1.4797042063746,0.1752,0,0
5877,1.4797047857655,0.1754,0,0
5878,1.4797053651562,0.1756,0,0
5879,1.4797059445466,0.1758,0,0
5880,1.4797065239369,0.176,0,0
5881,1.4797071033269,0.1762,0,0
5882,1.4797076827166,0.1764,0,0
5883,1.4797082621062,0.1766,0,0
5884,1.4797088414955,0.1768,0,0
5885,1.4797094208846,0.177,0,0
5886,1.4797100002734,0.1772,0,0
5887,1.479710579662,0.1774,0,0
5888,1.4797111590504,0.1776,0,0
5889,1.4797117384386,0.1778,0,0
5890,1.4797123178266,0.178,0,0
5891,1.4797128972143,0.1782,0,0
5892,1.4797134766018,0.1784,0,0
5893,1.479714055989,0.1786,0,0
5894,1.4797146353761,0.1788,0,0
5895,1.4797152147629,0.179,0,0
5896,1.4797157941494,0.1792,0,0
5897,1.4797163735358,0.1794,0,0
5898,1.4797169529219,0.1796,0,0
5899,1.4797175323078,0.1798,0,0
5900,1.4797181116935,0.18,0,0
5901,1.4797186910789,0.1802,0,0
5902,1.4797192704641,0.1804,0,0
5903,1.4797198498491,0.1806,0,0
5904,1.4797204292339,0.1808,0,0
5905,1.4797210086184,0.181,0,0
5906,1.4797215880027,0.1812,0,0
5907,1.4797221673868,0.1814,0,0
5908,1.4797227467706,0.1816,0,0
5909,1.4797233261543,0.1818,0,0
5910,1.4797239055376,0.182,0,0
5911,1.4797244849208,0.1822,0,0
5912,1.4797250643038,0.1824,0,0
5913,1.4797256436865,0.1826,0,0
5914,1.4797262230689,0.1828,0,0
5915,1.4797268024512,0.183,0,0
5916,1.4797273818332,0.1832,0,0
5917,1.479727961215,0.1834,0,0
5918,1.4797285405966,0.1836,0,0
5919,1.4797291199779,0.1838,0,0
5920,1.4797296993591,0.184,0,0
5921,1.4797302787399,0.1842,0,0
5922,1.4797308581206,0.1844,0,0
5923,1.479731437501,0.1846,0,0
5924,1.4797320168813,0.1848,0,0
5925,1.4797325962612,0.185,0,0
5926,1.479733175641,0.1852,0,0
5927,1.4797337550205,0.1854,0,0
5928,1.4797343343998,0.1856,0,0
5929,1.4797349137789,0.1858,0,0
5930,1.4797354931577,0.186,0,0
5931,1.4797360725363,0.1862,0,0
5932,1.4797366519147,0.1864,0,0
5933,1.4797372312929,0.1866,0,0
5934,1.4797378106708,0.1868,0,0
5935,1.4797383900485,0.187,0,0
5936,1.479738969426,0.1872,0,0
5937,1.4797395488032,0.1874,0,0
5938,1.4797401281802,0.1876,0,0
5939,1.479740707557,0.1878,0,0
5940,1.4797412869336,0.188,0,0
5941,1.4797418663099,0.1882,0,0
5942,1.4797424456861,0.1884,0,0
5943,1.4797430250619,0.1886,0,0
5944,1.4797436044376,0.1888,0,0
5945,1.479744183813,0.189,0,0
5946,1.4797447631882,0.1892,0,0
5947,1.4797453425632,0.1894,0,0
5948,1.4797459219379,0.1896,0,0
5949,1.4797465013125,0.1898,0,0
5950,1.4797470806867,0.19,0,0
5951,1.4797476600608,0.1902,0,0
5952,1.4797482394346,0.1904,0,0
5953,1.4797488188082,0.1906,0,0
5954,1.4797493981816,0.1908,0,0
5955,1.4797499775548,0.191,0,0
5956,1.4797505569277,0.1912,0,0
5957,1.4797511363004,0.1914,0,0
5958,1.4797517156729,0.1916,0,0
5959,1.4797522950451,0.1918,0,0
5960,1.4797528744171,0.192,0,0
5961,1.4797534537889,0.1922,0,0
5962,1.4797540331605,0.1924,0,0
5963,1.4797546125318,0.1926,0,0
5964,1.4797551919029,0.1928,0,0
5965,1.4797557712738,0.193,0,0
5966,1.4797563506444,0.1932,0,0
5967,1.4797569300149,0.1934,0,0
5968,1.479757509385,0.1936,0,0
5969,1.479758088755,0.1938,0,0
5970,1.4797586681247,0.194,0,0
5971,1.4797592474943,0.1942,0,0
5972,1.4797598268635,0.1944,0,0
5973,1.4797604062326,0.1946,0,0
5974,1.4797609856014,0.1948,0,0
5975,1.47976156497,0.195,0,0
5976,1.4797621443384,0.1952,0,0
5977,1.4797627237065,0.1954,0,0
5978,1.4797633030745,0.1956,0,0
5979,1.4797638824422,0.1958,0,0
5980,1.4797644618096,0.196,0,0
5981,1.4797650411769,0.1962,0,0
5982,1.4797656205439,0.1964,0,0
5983,1.4797661999106,0.1966,0,0
5984,1.4797667792772,0.1968,0,0
5985,1.4797673586435,0.197,0,0
5986,1.4797679380096,0.1972,0,0
5987,1.4797685173755,0.1974,0,0
5988,1.4797690967411,0.1976,0,0
5989,1.4797696761065,0.1978,0,0
5990,1.4797702554717,0.198,0,0
5991,1.4797708348367,0.1982,0,0
5992,1.4797714142014,0.1984,0,0
5993,1.4797719935659,0.1986,0,0
5994,1.4797725729302,0.1988,0,0
5995,1.4797731522942,0.199,0,0
5996,1.4797737316581,0.1992,0,0
5997,1.4797743110217,0.1994,0,0
5998,1.479774890385,0.1996,0,0
5999,1.4797754697482,0.1998,0,0
6000,1.4797760491111,0.2,0,0
6001,1.4797766284738,0.2002,0,0
6002,1.4797772078362,0.2004,0,0
6003,1.4797777871985,0.2006,0,0
6004,1.4797783665605,0.2008,0,0
6005,1.4797789459222,0.201,0,0
6006,1.4797795252838,0.2012,0,0
6007,1.4797801046451,0.2014,0,0
6008,1.4797806840062,0.2016,0,0
6009,1.479781263367,0.2018,0,0
6010,1.4797818427277,0.202,0,0
6011,1.4797824220881,0.2022,0,0
6012,1.4797830014483,0.2024,0,0
6013,1.4797835808082,0.2026,0,0
6014,1.479784160168,0.2028,0,0
6015,1.4797847395274,0.203,0,0
6016,1.4797853188867,0.2032,0,0
6017,1.4797858982458,0.2034,0,0
6018,1.4797864776046,0.2036,0,0
6019,1.4797870569632,0.2038,0,0
6020,1.4797876363215,0.204,0,0
6021,1.4797882156797,0.2042,0,0
6022,1.4797887950376,0.2044,0,0
6023,1.4797893743952,0.2046,0,0
6024,1.4797899537527,0.2048,0,0
6025,1.4797905331099,0.205,0,0
6026,1.4797911124669,0.2052,0,0
6027,1.4797916918237,0.2054,0,0
6028,1.4797922711802,0.2056,0,0
6029,1.4797928505365,0.2058,0,0
6030,1.4797934298926,0.206,0,0
6031,1.4797940092485,0.2062,0,0
6032,1.4797945886041,0.2064,0,0
6033,1.4797951679595,0.2066,0,0
6034,1.4797957473147,0.2068,0,0
6035,1.4797963266696,0.207,0,0
6036,1.4797969060243,0.2072,0,0
6037,1.4797974853788,0.2074,0,0
6038,1.4797980647331,0.2076,0,0
6039,1.4797986440871,0.2078,0,0
6040,1.4797992234409,0.208,0,0
6041,1.4797998027945,0.2082,0,0
6042,1.4798003821479,0.2084,0,0
6043,1.479800961501,0.2086,0,0
6044,1.4798015408539,0.2088,0,0
6045,1.4798021202066,0.209,0,0
6046,1.479802699559,0.2092,0,0
6047,1.4798032789112,0.2094,0,0
6048,1.4798038582632,0.2096,0,0
6049,1.479804437615,0.2098,0,0
6050,1.4798050169665,0.21,0,0
6051,1.4798055963178,0.2102,0,0
6052,1.4798061756689,0.2104,0,0
6053,1.4798067550198,0.2106,0,0
6054,1.4798073343704,0.2108,0,0
6055,1.4798079137208,0.211,0,0
6056,1.479808493071,0.2112,0,0
6057,1.4798090724209,0.2114,0,0
6058,1.4798096517706,0.2116,0,0
6059,1.4798102311201,0.2118,0,0
6060,1.4798108104694,0.212,0,0
6061,1.4798113898184,0.2122,0,0
6062,1.4798119691672,0.2124,0,0
6063,1.4798125485158,0.2126,0,0
6064,1.4798131278641,0.2128,0,0
6065,1.4798137072122,0.213,0,0
6066,1.4798142865601,0.2132,0,0
6067,1.4798148659078,0.2134,0,0
6068,1.4798154452552,0.2136,0,0
6069,1.4798160246024,0.2138,0,0
6070,1.4798166039494,0.214,0,0
6071,1.4798171832962,0.2142,0,0
6072,1.4798177626427,0.2144,0,0
6073,1.479818341989,0.2146,0,0
6074,1.4798189213351,0.2148,0,0
6075,1.4798195006809,0.215,0,0
6076,1.4798200800265,0.2152,0,0
6077,1.4798206593719,0.2154,0,0
6078,1.4798212387171,0.2156,0,0
6079,1.479821818062,0.2158,0,0
6080,1.4798223974067,0.216,0,0
6081,1.4798229767512,0.2162,0,0
6082,1.4798235560955,0.2164,0,0
6083,1.4798241354395,0.2166,0,0
6084,1.4798247147833,0.2168,0,0
6085,1.4798252941269,0.217,0,0
6086,1.4798258734702,0.2172,0,0
6087,1.4798264528133,0.2174,0,0
6088,1.4798270321562,0.2176,0,0
6089,1.4798276114989,0.2178,0,0
6090,1.4798281908413,0.218,0,0
6091,1.4798287701835,0.2182,0,0
6092,1.4798293495255,0.2184,0,0
6093,1.4798299288672,0.2186,0,0
6094,1.4798305082088,0.2188,0,0
6095,1.47983108755,0.219,0,0
6096,1.4798316668911,0.2192,0,0
6097,1.479832246232,0.2194,0,0
6098,1.4798328255726,0.2196,0,0
6099,1.479833404913,0.2198,0,0
6100,1.4798339842531,0.22,0,0
6101,1.479834563593,0.2202,0,0
6102,1.4798351429327,0.2204,0,0
6103,1.4798357222722,0.2206,0,0
6104,1.4798363016115,0.2208,0,0
6105,1.4798368809505,0.221,0,0
6106,1.4798374602893,0.2212,0,0
6107,1.4798380396278,0.2214,0,0
6108,1.4798386189662,0.2216,0,0
6109,1.4798391983043,0.2218,0,0
6110,1.4798397776422,0.222,0,0
6111,1.4798403569798,0.2222,0,0
6112,1.4798409363172,0.2224,0,0
6113,1.4798415156544,0.2226,0,0
6114,1.4798420949914,0.2228,0,0
6115,1.4798426743282,0.223,0,0
6116,1.4798432536647,0.2232,0,0
6117,1.479843833001,0.2234,0,0
6118,1.479844412337,0.2236,0,0
6119,1.4798449916729,0.2238,0,0
6120,1.4798455710085,0.224,0,0
6121,1.4798461503438,0.2242,0,0
6122,1.479846729679,0.2244,0,0
6123,1.4798473090139,0.2246,0,0
6124,1.4798478883486,0.2248,0,0
6125,1.4798484676831,0.225,0,0
6126,1.4798490470173,0.2252,0,0
6127,1.4798496263513,0.2254,0,0
6128,1.4798502056851,0.2256,0,0
6129,1.4798507850187,0.2258,0,0
6130,1.479851364352,0.226,0,0
6131,1.4798519436851,0.2262,0,0
6132,1.479852523018,0.2264,0,0
6133,1.4798531023506,0.2266,0,0
6134,1.4798536816831,0.2268,0,0
6135,1.4798542610153,0.227,0,0
6136,1.4798548403472,0.2272,0,0
6137,1.479855419679,0.2274,0,0
6138,1.4798559990105,0.2276,0,0
6139,1.4798565783418,0.2278,0,0
6140,1.4798571576728,0.228,0,0
6141,1.4798577370036,0.2282,0,0
6142,1.4798583163342,0.2284,0,0
6143,1.4798588956646,0.2286,0,0
6144,1.4798594749948,0.2288,0,0
6145,1.4798600543247,0.229,0,0
6146,1.4798606336544,0.2292,0,0
6147,1.4798612129838,0.2294,0,0
6148,1.4798617923131,0.2296,0,0
6149,1.4798623716421,0.2298,0,0
6150,1.4798629509709,0.23,0,0
6151,1.4798635302994,0.2302,0,0
6152,1.4798641096277,0.2304,0,0
6153,1.4798646889558,0.2306,0,0
6154,1.4798652682837,0.2308,0,0
6155,1.4798658476113,0.231,0,0
6156,1.4798664269388,0.2312,0,0
6157,1.4798670062659,0.2314,0,0
6158,1.4798675855929,0.2316,0,0
6159,1.4798681649196,0.2318,0,0
6160,1.4798687442461,0.232,0,0
6161,1.4798693235724,0.2322,0,0
6162,1.4798699028985,0.2324,0,0
6163,1.4798704822243,0.2326,0,0
6164,1.4798710615499,0.2328,0,0
6165,1.4798716408753,0.233,0,0
6166,1.4798722202004,0.2332,0,0
6167,1.4798727995253,0.2334,0,0
6168,1.47987337885,0.2336,0,0
6169,1.4798739581745,0.2338,0,0
6170,1.4798745374987,0.234,0,0
6171,1.4798751168227,0.2342,0,0
6172,1.4798756961465,0.2344,0,0
6173,1.47987627547,0.2346,0,0
6174,1.4798768547933,0.2348,0,0
6175,1.4798774341164,0.235,0,0
6176,1.4798780134393,0.2352,0,0
6177,1.4798785927619,0.2354,0,0
6178,1.4798791720843,0.2356,0,0
6179,1.4798797514065,0.2358,0,0
6180,1.4798803307285,0.236,0,0
6181,1.4798809100502,0.2362,0,0
6182,1.4798814893717,0.2364,0,0
6183,1.479882068693,0.2366,0,0
6184,1.479882648014,0.2368,0,0
6185,1.4798832273348,0.237,0,0
6186,1.4798838066554,0.2372,0,0
6187,1.4798843859758,0.2374,0,0
6188,1.4798849652959,0.2376,0,0
6189,1.4798855446158,0.2378,0,0
6190,1.4798861239355,0.238,0,0
6191,1.479886703255,0.2382,0,0
6192,1.4798872825742,0.2384,0,0
6193,1.4798878618932,0.2386,0,0
6194,1.479888441212,0.2388,0,0
6195,1.4798890205305,0.239,0,0
6196,1.4798895998488,0.2392,0,0
6197,1.4798901791669,0.2394,0,0
6198,1.4798907584848,0.2396,0,0
6199,1.4798913378024,0.2398,0,0
6200,1.4798919171198,0.24,0,0
6201,1.479892496437,0.2402,0,0
6202,1.4798930757539,0.2404,0,0
6203,1.4798936550706,0.2406,0,0
6204,1.4798942343871,0.2408,0,0
6205,1.4798948137034,0.241,0,0
6206,1.4798953930194,0.2412,0,0
6207,1.4798959723353,0.2414,0,0
6208,1.4798965516508,0.2416,0,0
6209,1.4798971309662,0.2418,0,0
6210,1.4798977102813,0.242,0,0
6211,1.4798982895962,0.2422,0,0
6212,1.4798988689109,0.2424,0,0
6213,1.4798994482254,0.2426,0,0
6214,1.4799000275396,0.2428,0,0
6215,1.4799006068536,0.243,0,0
6216,1.4799011861673,0.2432,0,0
6217,1.4799017654809,0.2434,0,0
6218,1.4799023447942,0.2436,0,0
6219,1.4799029241073,0.2438,0,0
6220,1.4799035034201,0.244,0,0
6221,1.4799040827327,0.2442,0,0
6222,1.4799046620451,0.2444,0,0
6223,1.4799052413573,0.2446,0,0
6224,1.4799058206693,0.2448,0,0
6225,1.479906399981,0.245,0,0
6226,1.4799069792925,0.2452,0,0
6227,1.4799075586037,0.2454,0,0
6228,1.4799081379148,0.2456,0,0
6229,1.4799087172256,0.2458,0,0
6230,1.4799092965361,0.246,0,0
6231,1.4799098758465,0.2462,0,0
6232,1.4799104551566,0.2464,0,0
6233,1.4799110344665,0.2466,0,0
6234,1.4799116137762,0.2468,0,0
6235,1.4799121930856,0.247,0,0
6236,1.4799127723948,0.2472,0,0
6237,1.4799133517038,0.2474,0,0
6238,1.4799139310126,0.2476,0,0
6239,1.4799145103211,0.2478,0,0
6240,1.4799150896294,0.248,0,0
6241,1.4799156689375,0.2482,0,0
6242,1.4799162482454,0.2484,0,0
6243,1.479916827553,0.2486,0,0
6244,1.4799174068604,0.2488,0,0
6245,1.4799179861675,0.249,0,0
6246,1.4799185654745,0.2492,0,0
6247,1.4799191447812,0.2494,0,0
6248,1.4799197240877,0.2496,0,0
6249,1.4799203033939,0.2498,0,0
6250,1.4799208827,0.25,0,0
6251,1.4799214620058,0.2502,0,0
6252,1.4799220413113,0.2504,0,0
6253,1.4799226206167,0.2506,0,0
6254,1.4799231999218,0.2508,0,0
6255,1.4799237792267,0.251,0,0
6256,1.4799243585314,0.2512,0,0
6257,1.4799249378358,0.2514,0,0
6258,1.47992551714,0.2516,0,0
6259,1.479926096444,0.2518,0,0
6260,1.4799266757477,0.252,0,0
6261,1.4799272550513,0.2522,0,0
6262,1.4799278343546,0.2524,0,0
6263,1.4799284136576,0.2526,0,0
6264,1.4799289929605,0.2528,0,0
6265,1.4799295722631,0.253,0,0
6266,1.4799301515655,0.2532,0,0
6267,1.4799307308677,0.2534,0,0
6268,1.4799313101696,0.2536,0,0
6269,1.4799318894713,0.2538,0,0
6270,1.4799324687728,0.254,0,0
6271,1.479933048074,0.2542,0,0
6272,1.4799336273751,0.2544,0,0
6273,1.4799342066758,0.2546,0,0
6274,1.4799347859764,0.2548,0,0
6275,1.4799353652768,0.255,0,0
6276,1.4799359445769,0.2552,0,0
6277,1.4799365238768,0.2554,0,0
6278,1.4799371031764,0.2556,0,0
6279,1.4799376824759,0.2558,0,0
6280,1.4799382617751,0.256,0,0
6281,1.479938841074,0.2562,0,0
6282,1.4799394203728,0.2564,0,0
6283,1.4799399996713,0.2566,0,0
6284,1.4799405789696,0.2568,0,0
6285,1.4799411582677,0.257,0,0
6286,1.4799417375655,0.2572,0,0
6287,1.4799423168631,0.2574,0,0
6288,1.4799428961605,0.2576,0,0
6289,1.4799434754577,0.2578,0,0
6290,1.4799440547546,0.258,0,0
6291,1.4799446340513,0.2582,0,0
6292,1.4799452133478,0.2584,0,0
6293,1.479945792644,0.2586,0,0
6294,1.47994637194,0.2588,0,0
6295,1.4799469512358,0.259,0,0
6296,1.4799475305314,0.2592,0,0
6297,1.4799481098267,0.2594,0,0
6298,1.4799486891218,0.2596,0,0
6299,1.4799492684167,0.2598,0,0
6300,1.4799498477114,0.26,0,0
6301,1.4799504270058,0.2602,0,0
6302,1.4799510063,0.2604,0,0
6303,1.479951585594,0.2606,0,0
6304,1.4799521648877,0.2608,0,0
6305,1.4799527441812,0.261,0,0
6306,1.4799533234745,0.2612,0,0
6307,1.4799539027676,0.2614,0,0
6308,1.4799544820604,0.2616,0,0
6309,1.479955061353,0.2618,0,0
6310,1.4799556406454,0.262,0,0
6311,1.4799562199376,0.2622,0,0
6312,1.4799567992295,0.2624,0,0
6313,1.4799573785212,0.2626,0,0
6314,1.4799579578127,0.2628,0,0
6315,1.4799585371039,0.263,0,0
6316,1.4799591163949,0.2632,0,0
6317,1.4799596956857,0.2634,0,0
6318,1.4799602749763,0.2636,0,0
6319,1.4799608542666,0.2638,0,0
6320,1.4799614335567,0.264,0,0
6321,1.4799620128466,0.2642,0,0
6322,1.4799625921362,0.2644,0,0
6323,1.4799631714257,0.2646,0,0
6324,1.4799637507148,0.2648,0,0
6325,1.4799643300038,0.265,0,0
6326,1.4799649092926,0.2652,0,0
6327,1.4799654885811,0.2654,0,0
6328,1.4799660678694,0.2656,0,0
6329,1.4799666471574,0.2658,0,0
6330,1.4799672264452,0.266,0,0
6331,1.4799678057328,0.2662,0,0
6332,1.4799683850202,0.2664,0,0
6333,1.4799689643074,0.2666,0,0
6334,1.4799695435943,0.2668,0,0
6335,1.479970122881,0.267,0,0
6336,1.4799707021674,0.2672,0,0
6337,1.4799712814537,0.2674,0,0
6338,1.4799718607397,0.2676,0,0
6339,1.4799724400255,0.2678,0,0
6340,1.479973019311,0.268,0,0
6341,1.4799735985964,0.2682,0,0
6342,1.4799741778815,0.2684,0,0
6343,1.4799747571663,0.2686,0,0
6344,1.479975336451,0.2688,0,0
6345,1.4799759157354,0.269,0,0
6346,1.4799764950196,0.2692,0,0
6347,1.4799770743036,0.2694,0,0
6348,1.4799776535873,0.2696,0,0
6349,1.4799782328708,0.2698,0,0
6350,1.4799788121541,0.27,0,0
6351,1.4799793914371,0.2702,0,0
6352,1.47997997072,0.2704,0,0
6353,1.4799805500026,0.2706,0,0
6354,1.4799811292849,0.2708,0,0
6355,1.4799817085671,0.271,0,0
6356,1.479982287849,0.2712,0,0
6357,1.4799828671307,0.2714,0,0
6358,1.4799834464121,0.2716,0,0
6359,1.4799840256934,0.2718,0,0
6360,1.4799846049744,0.272,0,0
6361,1.4799851842552,0.2722,0,0
6362,1.4799857635357,0.2724,0,0
6363,1.479986342816,0.2726,0,0
6364,1.4799869220961,0.2728,0,0
6365,1.479987501376,0.273,0,0
6366,1.4799880806556,0.2732,0,0
6367,1.479988659935,0.2734,0,0
6368,1.4799892392142,0.2736,0,0
6369,1.4799898184932,0.2738,0,0
6370,1.4799903977719,0.274,0,0
6371,1.4799909770504,0.2742,0,0
6372,1.4799915563287,0.2744,0,0
6373,1.4799921356068,0.2746,0,0
6374,1.4799927148846,0.2748,0,0
6375,1.4799932941622,0.275,0,0
6376,1.4799938734395,0.2752,0,0
6377,1.4799944527167,0.2754,0,0
6378,1.4799950319936,0.2756,0,0
6379,1.4799956112703,0.2758,0,0
6380,1.4799961905467,0.276,0,0
6381,1.479996769823,0.2762,0,0
6382,1.479997349099,0.2764,0,0
6383,1.4799979283747,0.2766,0,0
6384,1.4799985076503,0.2768,0,0
6385,1.4799990869256,0.277,0,0
6386,1.4799996662007,0.2772,0,0
6387,1.4800002454756,0.2774,0,0
6388,1.4800008247502,0.2776,0,0
6389,1.4800014040246,0.2778,0,0
6390,1.4800019832988,0.278,0,0
6391,1.4800025625727,0.2782,0,0
6392,1.4800031418465,0.2784,0,0
6393,1.48000372112,0.2786,0,0
6394,1.4800043003932,0.2788,0,0
6395,1.4800048796663,0.279,0,0
6396,1.4800054589391,0.2792,0,0
6397,1.4800060382117,0.2794,0,0
6398,1.480006617484,0.2796,0,0
6399,1.4800071967562,0.2798,0,0
6400,1.4800077760281,0.28,0,0
6401,1.4800083552998,0.2802,0,0
6402,1.4800089345712,0.2804,0,0
6403,1.4800095138424,0.2806,0,0
6404,1.4800100931134,0.2808,0,0
6405,1.4800106723842,0.281,0,0
6406,1.4800112516548,0.2812,0,0
6407,1.4800118309251,0.2814,0,0
6408,1.4800124101952,0.2816,0,0
6409,1.480012989465,0.2818,0,0
6410,1.4800135687346,0.282,0,0
6411,1.4800141480041,0.2822,0,0
6412,1.4800147272732,0.2824,0,0
6413,1.4800153065422,0.2826,0,0
6414,1.4800158858109,0.2828,0,0
6415,1.4800164650794,0.283,0,0
6416,1.4800170443477,0.2832,0,0
6417,1.4800176236157,0.2834,0,0
6418,1.4800182028835,0.2836,0,0
6419,1.4800187821511,0.2838,0,0
6420,1.4800193614185,0.284,0,0
6421,1.4800199406856,0.2842,0,0
6422,1.4800205199525,0.2844,0,0
6423,1.4800210992192,0.2846,0,0
6424,1.4800216784856,0.2848,0,0
6425,1.4800222577518,0.285,0,0
6426,1.4800228370178,0.2852,0,0
6427,1.4800234162836,0.2854,0,0
6428,1.4800239955491,0.2856,0,0
6429,1.4800245748145,0.2858,0,0
6430,1.4800251540795,0.286,0,0
6431,1.4800257333444,0.2862,0,0
6432,1.480026312609,0.2864,0,0
6433,1.4800268918734,0.2866,0,0
6434,1.4800274711376,0.2868,0,0
6435,1.4800280504015,0.287,0,0
6436,1.4800286296653,0.2872,0,0
6437,1.4800292089287,0.2874,0,0
6438,1.480029788192,0.2876,0,0
6439,1.4800303674551,0.2878,0,0
6440,1.4800309467179,0.288,0,0
6441,1.4800315259804,0.2882,0,0
6442,1.4800321052428,0.2884,0,0
6443,1.4800326845049,0.2886,0,0
6444,1.4800332637668,0.2888,0,0
6445,1.4800338430285,0.289,0,0
6446,1.4800344222899,0.2892,0,0
6447,1.4800350015512,0.2894,0,0
6448,1.4800355808121,0.2896,0,0
6449,1.4800361600729,0.2898,0,0
6450,1.4800367393334,0.29,0,0
6451,1.4800373185937,0.2902,0,0
6452,1.4800378978538,0.2904,0,0
6453,1.4800384771137,0.2906,0,0
6454,1.4800390563733,0.2908,0,0
6455,1.4800396356327,0.291,0,0
6456,1.4800402148919,0.2912,0,0
6457,1.4800407941508,0.2914,0,0
6458,1.4800413734095,0.2916,0,0
6459,1.480041952668,0.2918,0,0
6460,1.4800425319263,0.292,0,0
6461,1.4800431111843,0.2922,0,0
6462,1.4800436904421,0.2924,0,0
6463,1.4800442696997,0.2926,0,0
6464,1.480044848957,0.2928,0,0
6465,1.4800454282142,0.293,0,0
6466,1.4800460074711,0.2932,0,0
6467,1.4800465867277,0.2934,0,0
6468,1.4800471659842,0.2936,0,0
6469,1.4800477452404,0.2938,0,0
6470,1.4800483244964,0.294,0,0
6471,1.4800489037521,0.2942,0,0
6472,1.4800494830076,0.2944,0,0
6473,1.480050062263,0.2946,0,0
6474,1.480050641518,0.2948,0,0
6475,1.4800512207729,0.295,0,0
6476,1.4800518000275,0.2952,0,0
6477,1.4800523792819,0.2954,0,0
6478,1.4800529585361,0.2956,0,0
6479,1.48005353779,0.2958,0,0
6480,1.4800541170437,0.296,0,0
6481,1.4800546962972,0.2962,0,0
6482,1.4800552755504,0.2964,0,0
6483,1.4800558548035,0.2966,0,0
6484,1.4800564340563,0.2968,0,0
6485,1.4800570133088,0.297,0,0
6486,1.4800575925612,0.2972,0,0
6487,1.4800581718133,0.2974,0,0
6488,1.4800587510652,0.2976,0,0
6489,1.4800593303169,0.2978,0,0
6490,1.4800599095683,0.298,0,0
6491,1.4800604888195,0.2982,0,0
6492,1.4800610680705,0.2984,0,0
6493,1.4800616473212,0.2986,0,0
6494,1.4800622265718,0.2988,0,0
6495,1.4800628058221,0.299,0,0
6496,1.4800633850721,0.2992,0,0
6497,1.480063964322,0.2994,0,0
6498,1.4800645435716,0.2996,0,0
6499,1.480065122821,0.2998,0,0
6500,1.4800657020702,0.3,0,0
6501,1.4800662813191,0.3002,0,0
6502,1.4800668605678,0.3004,0,0
6503,1.4800674398163,0.3006,0,0
6504,1.4800680190645,0.3008,0,0
6505,1.4800685983126,0.301,0,0
6506,1.4800691775604,0.3012,0,0
6507,1.4800697568079,0.3014,0,0
6508,1.4800703360553,0.3016,0,0
6509,1.4800709153024,0.3018,0,0
6510,1.4800714945493,0.302,0,0
6511,1.4800720737959,0.3022,0,0
6512,1.4800726530424,0.3024,0,0
6513,1.4800732322886,0.3026,0,0
6514,1.4800738115345,0.3028,0,0
6515,1.4800743907803,0.303,0,0
6516,1.4800749700258,0.3032,0,0
6517,1.4800755492711,0.3034,0,0
6518,1.4800761285162,0.3036,0,0
6519,1.480076707761,0.3038,0,0
6520,1.4800772870056,0.304,0,0
6521,1.48007786625,0.3042,0,0
6522,1.4800784454942,0.3044,0,0
6523,1.4800790247381,0.3046,0,0
6524,1.4800796039818,0.3048,0,0
6525,1.4800801832253,0.305,0,0
6526,1.4800807624685,0.3052,0,0
6527,1.4800813417116,0.3054,0,0
6528,1.4800819209544,0.3056,0,0
6529,1.4800825001969,0.3058,0,0
6530,1.4800830794393,0.306,0,0
6531,1.4800836586814,0.3062,0,0
6532,1.4800842379233,0.3064,0,0
6533,1.4800848171649,0.3066,0,0
6534,1.4800853964063,0.3068,0,0
6535,1.4800859756475,0.307,0,0
6536,1.4800865548885,0.3072,0,0
6537,1.4800871341293,0.3074,0,0
6538,1.4800877133698,0.3076,0,0
6539,1.4800882926101,0.3078,0,0
6540,1.4800888718501,0.308,0,0
6541,1.48008945109,0.3082,0,0
6542,1.4800900303296,0.3084,0,0
6543,1.480090609569,0.3086,0,0
6544,1.4800911888081,0.3088,0,0
6545,1.4800917680471,0.309,0,0
6546,1.4800923472858,0.3092,0,0
6547,1.4800929265242,0.3094,0,0
6548,1.4800935057625,0.3096,0,0
6549,1.4800940850005,0.3098,0,0
6550,1.4800946642383,0.31,0,0
6551,1.4800952434758,0.3102,0,0
6552,1.4800958227132,0.3104,0,0
6553,1.4800964019503,0.3106,0,0
6554,1.4800969811872,0.3108,0,0
6555,1.4800975604238,0.311,0,0
6556,1.4800981396602,0.3112,0,0
6557,1.4800987188964,0.3114,0,0
6558,1.4800992981324,0.3116,0,0
6559,1.4800998773682,0.3118,0,0
6560,1.4801004566037,0.312,0,0
6561,1.480101035839,0.3122,0,0
6562,1.480101615074,0.3124,0,0
6563,1.4801021943089,0.3126,0,0
6564,1.4801027735435,0.3128,0,0
6565,1.4801033527778,0.313,0,0
6566,1.480103932012,0.3132,0,0
6567,1.4801045112459,0.3134,0,0
6568,1.4801050904796,0.3136,0,0
6569,1.4801056697131,0.3138,0,0
6570,1.4801062489463,0.314,0,0
6571,1.4801068281793,0.3142,0,0
6572,1.4801074074121,0.3144,0,0
6573,1.4801079866447,0.3146,0,0
6574,1.480108565877,0.3148,0,0
6575,1.4801091451091,0.315,0,0
6576,1.480109724341,0.3152,0,0
6577,1.4801103035726,0.3154,0,0
6578,1.4801108828041,0.3156,0,0
6579,1.4801114620353,0.3158,0,0
6580,1.4801120412662,0.316,0,0
6581,1.480112620497,0.3162,0,0
6582,1.4801131997275,0.3164,0,0
6583,1.4801137789578,0.3166,0,0
6584,1.4801143581878,0.3168,0,0
6585,1.4801149374177,0.317,0,0
6586,1.4801155166473,0.3172,0,0
6587,1.4801160958766,0.3174,0,0
6588,1.4801166751058,0.3176,0,0
6589,1.4801172543347,0.3178,0,0
6590,1.4801178335634,0.318,0,0
6591,1.4801184127919,0.3182,0,0
6592,1.4801189920201,0.3184,0,0
6593,1.4801195712481,0.3186,0,0
6594,1.4801201504759,0.3188,0,0
6595,1.4801207297035,0.319,0,0
6596,1.4801213089308,0.3192,0,0
6597,1.4801218881579,0.3194,0,0
6598,1.4801224673848,0.3196,0,0
6599,1.4801230466114,0.3198,0,0
6600,1.4801236258378,0.32,0,0
6601,1.480124205064,0.3202,0,0
6602,1.48012478429,0.3204,0,0
6603,1.4801253635157,0.3206,0,0
6604,1.4801259427412,0.3208,0,0
6605,1.4801265219665,0.321,0,0
6606,1.4801271011916,0.3212,0,0
6607,1.4801276804164,0.3214,0,0
6608,1.480128259641,0.3216,0,0
6609,1.4801288388654,0.3218,0,0
6610,1.4801294180895,0.322,0,0
6611,1.4801299973134,0.3222,0,0
6612,1.4801305765371,0.3224,0,0
6613,1.4801311557606,0.3226,0,0
6614,1.4801317349838,0.3228,0,0
6615,1.4801323142068,0.323,0,0
6616,1.4801328934296,0.3232,0,0
6617,1.4801334726522,0.3234,0,0
6618,1.4801340518745,0.3236,0,0
6619,1.4801346310966,0.3238,0,0
6620,1.4801352103184,0.324,0,0
6621,1.4801357895401,0.3242,0,0
6622,1.4801363687615,0.3244,0,0
6623,1.4801369479827,0.3246,0,0
6624,1.4801375272037,0.3248,0,0
6625,1.4801381064244,0.325,0,0
6626,1.4801386856449,0.3252,0,0
6627,1.4801392648652,0.3254,0,0
6628,1.4801398440852,0.3256,0,0
6629,1.4801404233051,0.3258,0,0
6630,1.4801410025246,0.326,0,0
6631,1.480141581744,0.3262,0,0
6632,1.4801421609632,0.3264,0,0
6633,1.4801427401821,0.3266,0,0
6634,1.4801433194008,0.3268,0,0
6635,1.4801438986192,0.327,0,0
6636,1.4801444778375,0.3272,0,0
6637,1.4801450570555,0.3274,0,0
6638,1.4801456362732,0.3276,0,0
6639,1.4801462154908,0.3278,0,0
6640,1.4801467947081,0.328,0,0
6641,1.4801473739252,0.3282,0,0
6642,1.4801479531421,0.3284,0,0
6643,1.4801485323587,0.3286,0,0
6644,1.4801491115751,0.3288,0,0
6645,1.4801496907913,0.329,0,0
6646,1.4801502700073,0.3292,0,0
6647,1.480150849223,0.3294,0,0
6648,1.4801514284385,0.3296,0,0
6649,1.4801520076538,0.3298,0,0
6650,1.4801525868688,0.33,0,0
6651,1.4801531660836,0.3302,0,0
6652,1.4801537452982,0.3304,0,0
6653,1.4801543245126,0.3306,0,0
6654,1.4801549037267,0.3308,0,0
6655,1.4801554829407,0.331,0,0
6656,1.4801560621543,0.3312,0,0
6657,1.4801566413678,0.3314,0,0
6658,1.480157220581,0.3316,0,0
6659,1.480157799794,0.3318,0,0
6660,1.4801583790068,0.332,0,0
6661,1.4801589582194,0.3322,0,0
6662,1.4801595374317,0.3324,0,0
6663,1.4801601166438,0.3326,0,0
6664,1.4801606958556,0.3328,0,0
6665,1.4801612750673,0.333,0,0
6666,1.4801618542787,0.3332,0,0
6667,1.4801624334899,0.3334,0,0
6668,1.4801630127008,0.3336,0,0
6669,1.4801635919115,0.3338,0,0
6670,1.480164171122,0.334,0,0
6671,1.4801647503323,0.3342,0,0
6672,1.4801653295424,0.3344,0,0
6673,1.4801659087522,0.3346,0,0
6674,1.4801664879618,0.3348,0,0
6675,1.4801670671711,0.335,0,0
6676,1.4801676463803,0.3352,0,0
6677,1.4801682255892,0.3354,0,0
6678,1.4801688047979,0.3356,0,0
6679,1.4801693840063,0.3358,0,0
6680,1.4801699632145,0.336,0,0
6681,1.4801705424225,0.3362,0,0
6682,1.4801711216303,0.3364,0,0
6683,1.4801717008379,0.3366,0,0
6684,1.4801722800452,0.3368,0,0
6685,1.4801728592523,0.337,0,0
6686,1.4801734384591,0.3372,0,0
6687,1.4801740176658,0.3374,0,0
6688,1.4801745968722,0.3376,0,0
6689,1.4801751760783,0.3378,0,0
6690,1.4801757552843,0.338,0,0
6691,1.48017633449,0.3382,0,0
6692,1.4801769136955,0.3384,0,0
6693,1.4801774929008,0.3386,0,0
6694,1.4801780721058,0.3388,0,0
6695,1.4801786513106,0.339,0,0
6696,1.4801792305152,0.3392,0,0
6697,1.4801798097196,0.3394,0,0
6698,1.4801803889237,0.3396,0,0
6699,1.4801809681276,0.3398,0,0
6700,1.4801815473313,0.34,0,0
6701,1.4801821265348,0.3402,0,0
6702,1.480182705738,0.3404,0,0
6703,1.480183284941,0.3406,0,0
6704,1.4801838641438,0.3408,0,0
6705,1.4801844433463,0.341,0,0
6706,1.4801850225486,0.3412,0,0
6707,1.4801856017507,0.3414,0,0
6708,1.4801861809526,0.3416,0,0
6709,1.4801867601542,0.3418,0,0
6710,1.4801873393556,0.342,0,0
6711,1.4801879185568,0.3422,0,0
6712,1.4801884977577,0.3424,0,0
6713,1.4801890769584,0.3426,0,0
6714,1.4801896561589,0.3428,0,0
6715,1.4801902353592,0.343,0,0
6716,1.4801908145592,0.3432,0,0
6717,1.4801913937591,0.3434,0,0
6718,1.4801919729586,0.3436,0,0
6719,1.480192552158,0.3438,0,0
6720,1.4801931313571,0.344,0,0
6721,1.480193710556,0.3442,0,0
6722,1.4801942897547,0.3444,0,0
6723,1.4801948689532,0.3446,0,0
6724,1.4801954481514,0.3448,0,0
6725,1.4801960273494,0.345,0,0
6726,1.4801966065471,0.3452,0,0
6727,1.4801971857447,0.3454,0,0
6728,1.480197764942,0.3456,0,0
6729,1.4801983441391,0.3458,0,0
6730,1.4801989233359,0.346,0,0
6731,1.4801995025326,0.3462,0,0
6732,1.480200081729,0.3464,0,0
6733,1.4802006609251,0.3466,0,0
6734,1.4802012401211,0.3468,0,0
6735,1.4802018193168,0.347,0,0
6736,1.4802023985123,0.3472,0,0
6737,1.4802029777076,0.3474,0,0
6738,1.4802035569026,0.3476,0,0
6739,1.4802041360974,0.3478,0,0
6740,1.480204715292,0.348,0,0
6741,1.4802052944863,0.3482,0,0
6742,1.4802058736805,0.3484,0,0
6743,1.4802064528744,0.3486,0,0
6744,1.4802070320681,0.3488,0,0
6745,1.4802076112615,0.349,0,0
6746,1.4802081904547,0.3492,0,0
6747,1.4802087696477,0.3494,0,0
6748,1.4802093488405,0.3496,0,0
6749,1.480209928033,0.3498,0,0
6750,1.4802105072253,0.35,0,0
6751,1.4802110864174,0.3502,0,0
6752,1.4802116656093,0.3504,0,0
6753,1.4802122448009,0.3506,0,0
6754,1.4802128239923,0.3508,0,0
6755,1.4802134031835,0.351,0,0
6756,1.4802139823744,0.3512,0,0
6757,1.4802145615651,0.3514,0,0
6758,1.4802151407556,0.3516,0,0
6759,1.4802157199459,0.3518,0,0
6760,1.4802162991359,0.352,0,0
6761,1.4802168783257,0.3522,0,0
6762,1.4802174575153,0.3524,0,0
6763,1.4802180367046,0.3526,0,0
6764,1.4802186158938,0.3528,0,0
6765,1.4802191950827,0.353,0,0
6766,1.4802197742713,0.3532,0,0
6767,1.4802203534598,0.3534,0,0
6768,1.480220932648,0.3536,0,0
6769,1.480221511836,0.3538,0,0
6770,1.4802220910237,0.354,0,0
6771,1.4802226702113,0.3542,0,0
6772,1.4802232493986,0.3544,0,0
6773,1.4802238285857,0.3546,0,0
6774,1.4802244077725,0.3548,0,0
6775,1.4802249869591,0.355,0,0
6776,1.4802255661455,0.3552,0,0
6777,1.4802261453317,0.3554,0,0
6778,1.4802267245177,0.3556,0,0
6779,1.4802273037034,0.3558,0,0
6780,1.4802278828889,0.356,0,0
6781,1.4802284620741,0.3562,0,0
6782,1.4802290412591,0.3564,0,0
6783,1.480229620444,0.3566,0,0
6784,1.4802301996285,0.3568,0,0
6785,1.4802307788129,0.357,0,0
6786,1.480231357997,0.3572,0,0
6787,1.4802319371809,0.3574,0,0
6788,1.4802325163646,0.3576,0,0
6789,1.480233095548,0.3578,0,0
6790,1.4802336747312,0.358,0,0
6791,1.4802342539142,0.3582,0,0
6792,1.480234833097,0.3584,0,0
6793,1.4802354122795,0.3586,0,0
6794,1.4802359914618,0.3588,0,0
6795,1.4802365706439,0.359,0,0
6796,1.4802371498257,0.3592,0,0
6797,1.4802377290074,0.3594,0,0
6798,1.4802383081888,0.3596,0,0
6799,1.4802388873699,0.3598,0,0
6800,1.4802394665509,0.36,0,0
6801,1.4802400457316,0.3602,0,0
6802,1.4802406249121,0.3604,0,0
6803,1.4802412040923,0.3606,0,0
6804,1.4802417832723,0.3608,0,0
6805,1.4802423624521,0.361,0,0
6806,1.4802429416317,0.3612,0,0
6807,1.4802435208111,0.3614,0,0
6808,1.4802440999902,0.3616,0,0
6809,1.4802446791691,0.3618,0,0
6810,1.4802452583478,0.362,0,0
6811,1.4802458375262,0.3622,0,0
6812,1.4802464167044,0.3624,0,0
6813,1.4802469958824,0.3626,0,0
6814,1.4802475750601,0.3628,0,0
6815,1.4802481542377,0.363,0,0
6816,1.480248733415,0.3632,0,0
6817,1.4802493125921,0.3634,0,0
6818,1.4802498917689,0.3636,0,0
6819,1.4802504709455,0.3638,0,0
6820,1.4802510501219,0.364,0,0
6821,1.4802516292981,0.3642,0,0
6822,1.480252208474,0.3644,0,0
6823,1.4802527876497,0.3646,0,0
6824,1.4802533668252,0.3648,0,0
6825,1.4802539460005,0.365,0,0
6826,1.4802545251755,0.3652,0,0
6827,1.4802551043503,0.3654,0,0
6828,1.4802556835249,0.3656,0,0
6829,1.4802562626992,0.3658,0,0
6830,1.4802568418733,0.366,0,0
6831,1.4802574210472,0.3662,0,0
6832,1.4802580002209,0.3664,0,0
6833,1.4802585793943,0.3666,0,0
6834,1.4802591585675,0.3668,0,0
6835,1.4802597377405,0.367,0,0
6836,1.4802603169133,0.3672,0,0
6837,1.4802608960858,0.3674,0,0
6838,1.4802614752581,0.3676,0,0
6839,1.4802620544302,0.3678,0,0
6840,1.480262633602,0.368,0,0
6841,1.4802632127736,0.3682,0,0
6842,1.480263791945,0.3684,0,0
6843,1.4802643711162,0.3686,0,0
6844,1.4802649502871,0.3688,0,0
6845,1.4802655294578,0.369,0,0
6846,1.4802661086283,0.3692,0,0
6847,1.4802666877986,0.3694,0,0
6848,1.4802672669686,0.3696,0,0
6849,1.4802678461384,0.3698,0,0
6850,1.480268425308,0.37,0,0
6851,1.4802690044773,0.3702,0,0
6852,1.4802695836464,0.3704,0,0
6853,1.4802701628153,0.3706,0,0
6854,1.480270741984,0.3708,0,0
6855,1.4802713211524,0.371,0,0
6856,1.4802719003206,0.3712,0,0
6857,1.4802724794886,0.3714,0,0
6858,1.4802730586564,0.3716,0,0
6859,1.4802736378239,0.3718,0,0
6860,1.4802742169912,0.372,0,0
6861,1.4802747961583,0.3722,0,0
6862,1.4802753753251,0.3724,0,0
6863,1.4802759544917,0.3726,0,0
6864,1.4802765336581,0.3728,0,0
6865,1.4802771128243,0.373,0,0
6866,1.4802776919902,0.3732,0,0
6867,1.4802782711559,0.3734,0,0
6868,1.4802788503214,0.3736,0,0
6869,1.4802794294866,0.3738,0,0
6870,1.4802800086517,0.374,0,0
6871,1.4802805878165,0.3742,0,0
6872,1.480281166981,0.3744,0,0
6873,1.4802817461454,0.3746,0,0
6874,1.4802823253095,0.3748,0,0
6875,1.4802829044734,0.375,0,0
6876,1.480283483637,0.3752,0,0
6877,1.4802840628005,0.3754,0,0
6878,1.4802846419637,0.3756,0,0
6879,1.4802852211267,0.3758,0,0
6880,1.4802858002894,0.376,0,0
6881,1.4802863794519,0.3762,0,0
6882,1.4802869586142,0.3764,0,0
6883,1.4802875377763,0.3766,0,0
6884,1.4802881169381,0.3768,0,0
6885,1.4802886960998,0.377,0,0
6886,1.4802892752611,0.3772,0,0
6887,1.4802898544223,0.3774,0,0
6888,1.4802904335832,0.3776,0,0
6889,1.4802910127439,0.3778,0,0
6890,1.4802915919044,0.378,0,0
6891,1.4802921710647,0.3782,0,0
6892,1.4802927502247,0.3784,0,0
6893,1.4802933293845,0.3786,0,0
6894,1.4802939085441,0.3788,0,0
6895,1.4802944877034,0.379,0,0
6896,1.4802950668625,0.3792,0,0
6897,1.4802956460214,0.3794,0,0
6898,1.4802962251801,0.3796,0,0
6899,1.4802968043385,0.3798,0,0
6900,1.4802973834967,0.38,0,0
6901,1.4802979626547,0.3802,0,0
6902,1.4802985418124,0.3804,0,0
6903,1.4802991209699,0.3806,0,0
6904,1.4802997001272,0.3808,0,0
6905,1.4803002792843,0.381,0,0
6906,1.4803008584411,0.3812,0,0
6907,1.4803014375978,0.3814,0,0
6908,1.4803020167541,0.3816,0,0
6909,1.4803025959103,0.3818,0,0
6910,1.4803031750662,0.382,0,0
6911,1.4803037542219,0.3822,0,0
6912,1.4803043333774,0.3824,0,0
6913,1.4803049125327,0.3826,0,0
6914,1.4803054916877,0.3828,0,0
6915,1.4803060708425,0.383,0,0
6916,1.480306649997,0.3832,0,0
6917,1.4803072291514,0.3834,0,0
6918,1.4803078083055,0.3836,0,0
6919,1.4803083874594,0.3838,0,0
6920,1.480308966613,0.384,0,0
6921,1.4803095457665,0.3842,0,0
6922,1.4803101249197,0.3844,0,0
6923,1.4803107040726,0.3846,0,0
6924,1.4803112832254,0.3848,0,0
6925,1.4803118623779,0.385,0,0
6926,1.4803124415302,0.3852,0,0
6927,1.4803130206823,0.3854,0,0
6928,1.4803135998341,0.3856,0,0
6929,1.4803141789857,0.3858,0,0
6930,1.4803147581371,0.386,0,0
6931,1.4803153372883,0.3862,0,0
6932,1.4803159164392,0.3864,0,0
6933,1.4803164955899,0.3866,0,0
6934,1.4803170747404,0.3868,0,0
6935,1.4803176538906,0.387,0,0
6936,1.4803182330406,0.3872,0,0
6937,1.4803188121904,0.3874,0,0
6938,1.48031939134,0.3876,0,0
6939,1.4803199704893,0.3878,0,0
6940,1.4803205496384,0.388,0,0
6941,1.4803211287873,0.3882,0,0
6942,1.480321707936,0.3884,0,0
6943,1.4803222870844,0.3886,0,0
6944,1.4803228662326,0.3888,0,0
6945,1.4803234453806,0.389,0,0
6946,1.4803240245283,0.3892,0,0
6947,1.4803246036758,0.3894,0,0
6948,1.4803251828231,0.3896,0,0
6949,1.4803257619702,0.3898,0,0
6950,1.480326341117,0.39,0,0
6951,1.4803269202636,0.3902,0,0
6952,1.48032749941,0.3904,0,0
6953,1.4803280785562,0.3906,0,0
6954,1.4803286577021,0.3908,0,0
6955,1.4803292368478,0.391,0,0
6956,1.4803298159933,0.3912,0,0
6957,1.4803303951385,0.3914,0,0
6958,1.4803309742835,0.3916,0,0
6959,1.4803315534283,0.3918,0,0
6960,1.4803321325729,0.392,0,0
6961,1.4803327117172,0.3922,0,0
6962,1.4803332908613,0.3924,0,0
6963,1.4803338700052,0.3926,0,0
6964,1.4803344491489,0.3928,0,0
6965,1.4803350282923,0.393,0,0
6966,1.4803356074355,0.3932,0,0
6967,1.4803361865785,0.3934,0,0
6968,1.4803367657212,0.3936,0,0
6969,1.4803373448637,0.3938,0,0
6970,1.480337924006,0.394,0,0
6971,1.4803385031481,0.3942,0,0
6972,1.4803390822899,0.3944,0,0
6973,1.4803396614315,0.3946,0,0
6974,1.4803402405729,0.3948,0,0
6975,1.4803408197141,0.395,0,0
6976,1.480341398855,0.3952,0,0
6977,1.4803419779957,0.3954,0,0
6978,1.4803425571362,0.3956,0,0
6979,1.4803431362764,0.3958,0,0
6980,1.4803437154164,0.396,0,0
6981,1.4803442945562,0.3962,0,0
6982,1.4803448736958,0.3964,0,0
6983,1.4803454528351,0.3966,0,0
6984,1.4803460319742,0.3968,0,0
6985,1.4803466111131,0.397,0,0
6986,1.4803471902518,0.3972,0,0
6987,1.4803477693902,0.3974,0,0
6988,1.4803483485284,0.3976,0,0
6989,1.4803489276664,0.3978,0,0
6990,1.4803495068041,0.398,0,0
6991,1.4803500859416,0.3982,0,0
6992,1.4803506650789,0.3984,0,0
6993,1.480351244216,0.3986,0,0
6994,1.4803518233528,0.3988,0,0
6995,1.4803524024894,0.399,0,0
6996,1.4803529816258,0.3992,0,0
6997,1.4803535607619,0.3994,0,0
6998,1.4803541398979,0.3996,0,0
6999,1.4803547190336,0.3998,0,0
7000,1.480355298169,0.4,0,0
7001,1.4803558773043,0.4002,0,0
7002,1.4803564564393,0.4004,0,0
7003,1.4803570355741,0.4006,0,0
7004,1.4803576147086,0.4008,0,0
7005,1.480358193843,0.401,0,0
7006,1.4803587729771,0.4012,0,0
7007,1.480359352111,0.4014,0,0
7008,1.4803599312446,0.4016,0,0
7009,1.480360510378,0.4018,0,0
7010,1.4803610895112,0.402,0,0
7011,1.4803616686442,0.4022,0,0
7012,1.480362247777,0.4024,0,0
7013,1.4803628269095,0.4026,0,0
7014,1.4803634060418,0.4028,0,0
7015,1.4803639851738,0.403,0,0
7016,1.4803645643056,0.4032,0,0
7017,1.4803651434373,0.4034,0,0
7018,1.4803657225686,0.4036,0,0
7019,1.4803663016998,0.4038,0,0
7020,1.4803668808307,0.404,0,0
7021,1.4803674599614,0.4042,0,0
7022,1.4803680390919,0.4044,0,0
7023,1.4803686182221,0.4046,0,0
7024,1.4803691973521,0.4048,0,0
7025,1.4803697764819,0.405,0,0
7026,1.4803703556115,0.4052,0,0
7027,1.4803709347408,0.4054,0,0
7028,1.4803715138699,0.4056,0,0
7029,1.4803720929988,0.4058,0,0
7030,1.4803726721274,0.406,0,0
7031,1.4803732512559,0.4062,0,0
7032,1.4803738303841,0.4064,0,0
7033,1.480374409512,0.4066,0,0
7034,1.4803749886398,0.4068,0,0
7035,1.4803755677673,0.407,0,0
7036,1.4803761468946,0.4072,0,0
7037,1.4803767260216,0.4074,0,0
7038,1.4803773051485,0.4076,0,0
7039,1.4803778842751,0.4078,0,0
7040,1.4803784634014,0.408,0,0
7041,1.4803790425276,0.4082,0,0
7042,1.4803796216535,0.4084,0,0
7043,1.4803802007792,0.4086,0,0
7044,1.4803807799047,0.4088,0,0
7045,1.4803813590299,0.409,0,0
7046,1.4803819381549,0.4092,0,0
7047,1.4803825172797,0.4094,0,0
7048,1.4803830964043,0.4096,0,0
7049,1.4803836755286,0.4098,0,0
7050,1.4803842546527,0.41,0,0
7051,1.4803848337766,0.4102,0,0
7052,1.4803854129003,0.4104,0,0
7053,1.4803859920237,0.4106,0,0
7054,1.4803865711469,0.4108,0,0
7055,1.4803871502698,0.411,0,0
7056,1.4803877293926,0.4112,0,0
7057,1.4803883085151,0.4114,0,0
7058,1.4803888876374,0.4116,0,0
7059,1.4803894667594,0.4118,0,0
7060,1.4803900458813,0.412,0,0
7061,1.4803906250029,0.4122,0,0
7062,1.4803912041242,0.4124,0,0
7063,1.4803917832454,0.4126,0,0
7064,1.4803923623663,0.4128,0,0
7065,1.480392941487,0.413,0,0
7066,1.4803935206075,0.4132,0,0
7067,1.4803940997277,0.4134,0,0
7068,1.4803946788477,0.4136,0,0
7069,1.4803952579675,0.4138,0,0
7070,1.4803958370871,0.414,0,0
7071,1.4803964162064,0.4142,0,0
7072,1.4803969953255,0.4144,0,0
7073,1.4803975744444,0.4146,0,0
7074,1.480398153563,0.4148,0,0
7075,1.4803987326815,0.415,0,0
7076,1.4803993117997,0.4152,0,0
7077,1.4803998909176,0.4154,0,0
7078,1.4804004700354,0.4156,0,0
7079,1.4804010491529,0.4158,0,0
7080,1.4804016282702,0.416,0,0
7081,1.4804022073872,0.4162,0,0
7082,1.480402786504,0.4164,0,0
7083,1.4804033656206,0.4166,0,0
7084,1.480403944737,0.4168,0,0
7085,1.4804045238532,0.417,0,0
7086,1.4804051029691,0.4172,0,0
7087,1.4804056820848,0.4174,0,0
7088,1.4804062612003,0.4176,0,0
7089,1.4804068403155,0.4178,0,0
7090,1.4804074194305,0.418,0,0
7091,1.4804079985453,0.4182,0,0
7092,1.4804085776598,0.4184,0,0
7093,1.4804091567742,0.4186,0,0
7094,1.4804097358883,0.4188,0,0
7095,1.4804103150022,0.419,0,0
7096,1.4804108941158,0.4192,0,0
7097,1.4804114732292,0.4194,0,0
7098,1.4804120523424,0.4196,0,0
7099,1.4804126314554,0.4198,0,0
7100,1.4804132105681,0.42,0,0
7101,1.4804137896806,0.4202,0,0
7102,1.4804143687929,0.4204,0,0
7103,1.480414947905,0.4206,0,0
7104,1.4804155270168,0.4208,0,0
7105,1.4804161061284,0.421,0,0
7106,1.4804166852398,0.4212,0,0
7107,1.4804172643509,0.4214,0,0
7108,1.4804178434619,0.4216,0,0
7109,1.4804184225725,0.4218,0,0
7110,1.480419001683,0.422,0,0
7111,1.4804195807933,0.4222,0,0
7112,1.4804201599033,0.4224,0,0
7113,1.480420739013,0.4226,0,0
7114,1.4804213181226,0.4228,0,0
7115,1.4804218972319,0.423,0,0
7116,1.480422476341,0.4232,0,0
7117,1.4804230554499,0.4234,0,0
7118,1.4804236345586,0.4236,0,0
7119,1.480424213667,0.4238,0,0
7120,1.4804247927752,0.424,0,0
7121,1.4804253718831,0.4242,0,0
7122,1.4804259509909,0.4244,0,0
7123,1.4804265300984,0.4246,0,0
7124,1.4804271092057,0.4248,0,0
7125,1.4804276883127,0.425,0,0
7126,1.4804282674196,0.4252,0,0
7127,1.4804288465262,0.4254,0,0
7128,1.4804294256325,0.4256,0,0
7129,1.4804300047387,0.4258,0,0
7130,1.4804305838446,0.426,0,0
7131,1.4804311629503,0.4262,0,0
7132,1.4804317420558,0.4264,0,0
7133,1.480432321161,0.4266,0,0
7134,1.480432900266,0.4268,0,0
7135,1.4804334793708,0.427,0,0
7136,1.4804340584753,0.4272,0,0
7137,1.4804346375797,0.4274,0,0
7138,1.4804352166838,0.4276,0,0
7139,1.4804357957877,0.4278,0,0
7140,1.4804363748913,0.428,0,0
7141,1.4804369539947,0.4282,0,0
7142,1.4804375330979,0.4284,0,0
7143,1.4804381122009,0.4286,0,0
7144,1.4804386913036,0.4288,0,0
7145,1.4804392704061,0.429,0,0
7146,1.4804398495084,0.4292,0,0
7147,1.4804404286105,0.4294,0,0
7148,1.4804410077123,0.4296,0,0
7149,1.4804415868139,0.4298,0,0
7150,1.4804421659153,0.43,0,0
7151,1.4804427450164,0.4302,0,0
7152,1.4804433241173,0.4304,0,0
7153,1.480443903218,0.4306,0,0
7154,1.4804444823185,0.4308,0,0
7155,1.4804450614187,0.431,0,0
7156,1.4804456405187,0.4312,0,0
7157,1.4804462196185,0.4314,0,0
7158,1.4804467987181,0.4316,0,0
7159,1.4804473778174,0.4318,0,0
7160,1.4804479569165,0.432,0,0
7161,1.4804485360154,0.4322,0,0
7162,1.480449115114,0.4324,0,0
7163,1.4804496942124,0.4326,0,0
7164,1.4804502733106,0.4328,0,0
7165,1.4804508524086,0.433,0,0
7166,1.4804514315063,0.4332,0,0
7167,1.4804520106039,0.4334,0,0
7168,1.4804525897011,0.4336,0,0
7169,1.4804531687982,0.4338,0,0
7170,1.480453747895,0.434,0,0
7171,1.4804543269916,0.4342,0,0
7172,1.480454906088,0.4344,0,0
7173,1.4804554851841,0.4346,0,0
7174,1.4804560642801,0.4348,0,0
7175,1.4804566433758,0.435,0,0
7176,1.4804572224712,0.4352,0,0
7177,1.4804578015665,0.4354,0,0
7178,1.4804583806615,0.4356,0,0
7179,1.4804589597562,0.4358,0,0
7180,1.4804595388508,0.436,0,0
7181,1.4804601179451,0.4362,0,0
7182,1.4804606970392,0.4364,0,0
7183,1.4804612761331,0.4366,0,0
7184,1.4804618552267,0.4368,0,0
7185,1.4804624343202,0.437,0,0
7186,1.4804630134134,0.4372,0,0
7187,1.4804635925063,0.4374,0,0
7188,1.4804641715991,0.4376,0,0
7189,1.4804647506916,0.4378,0,0
7190,1.4804653297839,0.438,0,0
7191,1.4804659088759,0.4382,0,0
7192,1.4804664879677,0.4384,0,0
7193,1.4804670670593,0.4386,0,0
7194,1.4804676461507,0.4388,0,0
7195,1.4804682252419,0.439,0,0
7196,1.4804688043328,0.4392,0,0
7197,1.4804693834235,0.4394,0,0
7198,1.4804699625139,0.4396,0,0
7199,1.4804705416042,0.4398,0,0
7200,1.4804711206942,0.44,0,0
7201,1.480471699784,0.4402,0,0
7202,1.4804722788735,0.4404,0,0
7203,1.4804728579628,0.4406,0,0
7204,1.4804734370519,0.4408,0,0
7205,1.4804740161408,0.441,0,0
7206,1.4804745952295,0.4412,0,0
7207,1.4804751743179,0.4414,0,0
7208,1.4804757534061,0.4416,0,0
7209,1.480476332494,0.4418,0,0
7210,1.4804769115818,0.442,0,0
7211,1.4804774906693,0.4422,0,0
7212,1.4804780697566,0.4424,0,0
7213,1.4804786488436,0.4426,0,0
7214,1.4804792279305,0.4428,0,0
7215,1.4804798070171,0.443,0,0
7216,1.4804803861034,0.4432,0,0
7217,1.4804809651896,0.4434,0,0
7218,1.4804815442755,0.4436,0,0
7219,1.4804821233612,0.4438,0,0
7220,1.4804827024466,0.444,0,0
7221,1.4804832815319,0.4442,0,0
7222,1.4804838606169,0.4444,0,0
7223,1.4804844397017,0.4446,0,0
7224,1.4804850187862,0.4448,0,0
7225,1.4804855978706,0.445,0,0
7226,1.4804861769547,0.4452,0,0
7227,1.4804867560385,0.4454,0,0
7228,1.4804873351222,0.4456,0,0
7229,1.4804879142056,0.4458,0,0
7230,1.4804884932888,0.446,0,0
7231,1.4804890723718,0.4462,0,0
7232,1.4804896514545,0.4464,0,0
7233,1.480490230537,0.4466,0,0
7234,1.4804908096193,0.4468,0,0
7235,1.4804913887013,0.447,0,0
7236,1.4804919677832,0.4472,0,0
7237,1.4804925468648,0.4474,0,0
7238,1.4804931259461,0.4476,0,0
7239,1.4804937050273,0.4478,0,0
7240,1.4804942841082,0.448,0,0
7241,1.4804948631889,0.4482,0,0
7242,1.4804954422694,0.4484,0,0
7243,1.4804960213496,0.4486,0,0
7244,1.4804966004296,0.4488,0,0
7245,1.4804971795094,0.449,0,0
7246,1.4804977585889,0.4492,0,0
7247,1.4804983376683,0.4494,0,0
7248,1.4804989167474,0.4496,0,0
7249,1.4804994958262,0.4498,0,0
7250,1.4805000749049,0.45,0,0
7251,1.4805006539833,0.4502,0,0
7252,1.4805012330615,0.4504,0,0
7253,1.4805018121395,0.4506,0,0
7254,1.4805023912172,0.4508,0,0
7255,1.4805029702947,0.451,0,0
7256,1.480503549372,0.4512,0,0
7257,1.4805041284491,0.4514,0,0
7258,1.4805047075259,0.4516,0,0
7259,1.4805052866025,0.4518,0,0
7260,1.4805058656789,0.452,0,0
7261,1.480506444755,0.4522,0,0
7262,1.4805070238309,0.4524,0,0
7263,1.4805076029066,0.4526,0,0
7264,1.4805081819821,0.4528,0,0
7265,1.4805087610573,0.453,0,0
7266,1.4805093401323,0.4532,0,0
7267,1.4805099192071,0.4534,0,0
7268,1.4805104982817,0.4536,0,0
7269,1.480511077356,0.4538,0,0
7270,1.4805116564301,0.454,0,0
7271,1.480512235504,0.4542,0,0
7272,1.4805128145776,0.4544,0,0
7273,1.480513393651,0.4546,0,0
7274,1.4805139727242,0.4548,0,0
7275,1.4805145517972,0.455,0,0
7276,1.4805151308699,0.4552,0,0
7277,1.4805157099424,0.4554,0,0
7278,1.4805162890147,0.4556,0,0
7279,1.4805168680868,0.4558,0,0
7280,1.4805174471586,0.456,0,0
7281,1.4805180262302,0.4562,0,0
7282,1.4805186053016,0.4564,0,0
7283,1.4805191843727,0.4566,0,0
7284,1.4805197634436,0.4568,0,0
7285,1.4805203425143,0.457,0,0
7286,1.4805209215848,0.4572,0,0
7287,1.480521500655,0.4574,0,0
7288,1.480522079725,0.4576,0,0
7289,1.4805226587948,0.4578,0,0
7290,1.4805232378644,0.458,0,0
7291,1.4805238169337,0.4582,0,0
7292,1.4805243960028,0.4584,0,0
7293,1.4805249750717,0.4586,0,0
7294,1.4805255541403,0.4588,0,0
7295,1.4805261332087,0.459,0,0
7296,1.4805267122769,0.4592,0,0
7297,1.4805272913449,0.4594,0,0
7298,1.4805278704126,0.4596,0,0
7299,1.4805284494801,0.4598,0,0
7300,1.4805290285474,0.46,0,0
7301,1.4805296076145,0.4602,0,0
7302,1.4805301866813,0.4604,0,0
7303,1.4805307657479,0.4606,0,0
7304,1.4805313448143,0.4608,0,0
7305,1.4805319238804,0.461,0,0
7306,1.4805325029464,0.4612,0,0
7307,1.480533082012,0.4614,0,0
7308,1.4805336610775,0.4616,0,0
7309,1.4805342401427,0.4618,0,0
7310,1.4805348192078,0.462,0,0
7311,1.4805353982725,0.4622,0,0
7312,1.4805359773371,0.4624,0,0
7313,1.4805365564014,0.4626,0,0
7314,1.4805371354655,0.4628,0,0
7315,1.4805377145294,0.463,0,0
7316,1.480538293593,0.4632,0,0
7317,1.4805388726565,0.4634,0,0
7318,1.4805394517197,0.4636,0,0
7319,1.4805400307826,0.4638,0,0
7320,1.4805406098454,0.464,0,0
7321,1.4805411889079,0.4642,0,0
7322,1.4805417679702,0.4644,0,0
7323,1.4805423470322,0.4646,0,0
7324,1.480542926094,0.4648,0,0
7325,1.4805435051556,0.465,0,0
7326,1.480544084217,0.4652,0,0
7327,1.4805446632782,0.4654,0,0
7328,1.4805452423391,0.4656,0,0
7329,1.4805458213998,0.4658,0,0
7330,1.4805464004602,0.466,0,0
7331,1.4805469795205,0.4662,0,0
7332,1.4805475585805,0.4664,0,0
7333,1.4805481376403,0.4666,0,0
7334,1.4805487166998,0.4668,0,0
7335,1.4805492957592,0.467,0,0
7336,1.4805498748183,0.4672,0,0
7337,1.4805504538771,0.4674,0,0
7338,1.4805510329358,0.4676,0,0
7339,1.4805516119942,0.4678,0,0
7340,1.4805521910524,0.468,0,0
7341,1.4805527701104,0.4682,0,0
7342,1.4805533491681,0.4684,0,0
7343,1.4805539282256,0.4686,0,0
7344,1.4805545072829,0.4688,0,0
7345,1.48055508634,0.469,0,0
7346,1.4805556653968,0.4692,0,0
7347,1.4805562444534,0.4694,0,0
7348,1.4805568235098,0.4696,0,0
7349,1.4805574025659,0.4698,0,0
7350,1.4805579816218,0.47,0,0
7351,1.4805585606775,0.4702,0,0
7352,1.480559139733,0.4704,0,0
7353,1.4805597187882,0.4706,0,0
7354,1.4805602978432,0.4708,0,0
7355,1.480560876898,0.471,0,0
7356,1.4805614559526,0.4712,0,0
7357,1.4805620350069,0.4714,0,0
7358,1.480562614061,0.4716,0,0
7359,1.4805631931149,0.4718,0,0
7360,1.4805637721685,0.472,0,0
7361,1.4805643512219,0.4722,0,0
7362,1.4805649302751,0.4724,0,0
7363,1.4805655093281,0.4726,0,0
7364,1.4805660883808,0.4728,0,0
7365,1.4805666674334,0.473,0,0
7366,1.4805672464856,0.4732,0,0
7367,1.4805678255377,0.4734,0,0
7368,1.4805684045895,0.4736,0,0
7369,1.4805689836411,0.4738,0,0
7370,1.4805695626925,0.474,0,0
7371,1.4805701417437,0.4742,0,0
7372,1.4805707207946,0.4744,0,0
7373,1.4805712998453,0.4746,0,0
7374,1.4805718788957,0.4748,0,0
7375,1.480572457946,0.475,0,0
7376,1.480573036996,0.4752,0,0
7377,1.4805736160458,0.4754,0,0
7378,1.4805741950953,0.4756,0,0
7379,1.4805747741447,0.4758,0,0
7380,1.4805753531938,0.476,0,0
7381,1.4805759322426,0.4762,0,0
7382,1.4805765112913,0.4764,0,0
7383,1.4805770903397,0.4766,0,0
7384,1.4805776693879,0.4768,0,0
7385,1.4805782484359,0.477,0,0
7386,1.4805788274836,0.4772,0,0
7387,1.4805794065311,0.4774,0,0
7388,1.4805799855784,0.4776,0,0
7389,1.4805805646255,0.4778,0,0
7390,1.4805811436723,0.478,0,0
7391,1.4805817227189,0.4782,0,0
7392,1.4805823017653,0.4784,0,0
7393,1.4805828808114,0.4786,0,0
7394,1.4805834598573,0.4788,0,0
7395,1.480584038903,0.479,0,0
7396,1.4805846179485,0.4792,0,0
7397,1.4805851969937,0.4794,0,0
7398,1.4805857760388,0.4796,0,0
7399,1.4805863550835,0.4798,0,0
7400,1.4805869341281,0.48,0,0
7401,1.4805875131724,0.4802,0,0
7402,1.4805880922165,0.4804,0,0
7403,1.4805886712604,0.4806,0,0
7404,1.4805892503041,0.4808,0,0
7405,1.4805898293475,0.481,0,0
7406,1.4805904083907,0.4812,0,0
7407,1.4805909874336,0.4814,0,0
7408,1.4805915664764,0.4816,0,0
7409,1.4805921455189,0.4818,0,0
7410,1.4805927245612,0.482,0,0
7411,1.4805933036032,0.4822,0,0
7412,1.4805938826451,0.4824,0,0
7413,1.4805944616867,0.4826,0,0
7414,1.4805950407281,0.4828,0,0
7415,1.4805956197692,0.483,0,0
7416,1.4805961988101,0.4832,0,0
7417,1.4805967778508,0.4834,0,0
7418,1.4805973568913,0.4836,0,0
7419,1.4805979359315,0.4838,0,0
7420,1.4805985149715,0.484,0,0
7421,1.4805990940113,0.4842,0,0
7422,1.4805996730509,0.4844,0,0
7423,1.4806002520902,0.4846,0,0
7424,1.4806008311293,0.4848,0,0
7425,1.4806014101682,0.485,0,0
7426,1.4806019892069,0.4852,0,0
7427,1.4806025682453,0.4854,0,0
7428,1.4806031472835,0.4856,0,0
7429,1.4806037263214,0.4858,0,0
7430,1.4806043053592,0.486,0,0
7431,1.4806048843967,0.4862,0,0
7432,1.480605463434,0.4864,0,0
7433,1.480606042471,0.4866,0,0
7434,1.4806066215079,0.4868,0,0
7435,1.4806072005445,0.487,0,0
7436,1.4806077795809,0.4872,0,0
7437,1.480608358617,0.4874,0,0
7438,1.4806089376529,0.4876,0,0
7439,1.4806095166886,0.4878,0,0
7440,1.4806100957241,0.488,0,0
7441,1.4806106747593,0.4882,0,0
7442,1.4806112537944,0.4884,0,0
7443,1.4806118328291,0.4886,0,0
7444,1.4806124118637,0.4888,0,0
7445,1.480612990898,0.489,0,0
7446,1.4806135699321,0.4892,0,0
7447,1.480614148966,0.4894,0,0
7448,1.4806147279997,0.4896,0,0
7449,1.4806153070331,0.4898,0,0
7450,1.4806158860663,0.49,0,0
7451,1.4806164650993,0.4902,0,0
7452,1.480617044132,0.4904,0,0
7453,1.4806176231645,0.4906,0,0
7454,1.4806182021968,0.4908,0,0
7455,1.4806187812289,0.491,0,0
7456,1.4806193602607,0.4912,0,0
7457,1.4806199392923,0.4914,0,0
7458,1.4806205183237,0.4916,0,0
7459,1.4806210973548,0.4918,0,0
7460,1.4806216763858,0.492,0,0
7461,1.4806222554165,0.4922,0,0
7462,1.4806228344469,0.4924,0,0
7463,1.4806234134772,0.4926,0,0
7464,1.4806239925072,0.4928,0,0
7465,1.480624571537,0.493,0,0
7466,1.4806251505665,0.4932,0,0
7467,1.4806257295959,0.4934,0,0
7468,1.480626308625,0.4936,0,0
7469,1.4806268876539,0.4938,0,0
7470,1.4806274666825,0.494,0,0
7471,1.4806280457109,0.4942,0,0
7472,1.4806286247391,0.4944,0,0
7473,1.4806292037671,0.4946,0,0
7474,1.4806297827948,0.4948,0,0
7475,1.4806303618224,0.495,0,0
7476,1.4806309408496,0.4952,0,0
7477,1.4806315198767,0.4954,0,0
7478,1.4806320989035,0.4956,0,0
7479,1.4806326779302,0.4958,0,0
7480,1.4806332569565,0.496,0,0
7481,1.4806338359827,0.4962,0,0
7482,1.4806344150086,0.4964,0,0
7483,1.4806349940343,0.4966,0,0
7484,1.4806355730598,0.4968,0,0
7485,1.480636152085,0.497,0,0
7486,1.48063673111,0.4972,0,0
7487,1.4806373101348,0.4974,0,0
7488,1.4806378891594,0.4976,0,0
7489,1.4806384681837,0.4978,0,0
7490,1.4806390472078,0.498,0,0
7491,1.4806396262317,0.4982,0,0
7492,1.4806402052554,0.4984,0,0
7493,1.4806407842788,0.4986,0,0
7494,1.480641363302,0.4988,0,0
7495,1.480641942325,0.499,0,0
7496,1.4806425213477,0.4992,0,0
7497,1.4806431003702,0.4994,0,0
7498,1.4806436793925,0.4996,0,0
7499,1.4806442584146,0.4998,0,0
7500,1.4806448374364,0.5,0,0
7501,1.480645416458,0.5002,0,0
7502,1.4806459954794,0.5004,0,0
7503,1.4806465745006,0.5006,0,0
7504,1.4806471535215,0.5008,0,0
7505,1.4806477325422,0.501,0,0
7506,1.4806483115627,0.5012,0,0
7507,1.4806488905829,0.5014,0,0
7508,1.4806494696029,0.5016,0,0
7509,1.4806500486227,0.5018,0,0
7510,1.4806506276423,0.502,0,0
7511,1.4806512066616,0.5022,0,0
7512,1.4806517856807,0.5024,0,0
7513,1.4806523646996,0.5026,0,0
7514,1.4806529437183,0.5028,0,0
7515,1.4806535227367,0.503,0,0
7516,1.4806541017549,0.5032,0,0
7517,1.4806546807729,0.5034,0,0
7518,1.4806552597906,0.5036,0,0
7519,1.4806558388081,0.5038,0,0
7520,1.4806564178254,0.504,0,0
7521,1.4806569968425,0.5042,0,0
7522,1.4806575758593,0.5044,0,0
7523,1.4806581548759,0.5046,0,0
7524,1.4806587338923,0.5048,0,0
7525,1.4806593129085,0.505,0,0
7526,1.4806598919244,0.5052,0,0
7527,1.4806604709401,0.5054,0,0
7528,1.4806610499556,0.5056,0,0
7529,1.4806616289708,0.5058,0,0
7530,1.4806622079858,0.506,0,0
7531,1.4806627870006,0.5062,0,0
7532,1.4806633660152,0.5064,0,0
7533,1.4806639450295,0.5066,0,0
7534,1.4806645240436,0.5068,0,0
7535,1.4806651030575,0.507,0,0
7536,1.4806656820712,0.5072,0,0
7537,1.4806662610846,0.5074,0,0
7538,1.4806668400978,0.5076,0,0
7539,1.4806674191108,0.5078,0,0
7540,1.4806679981235,0.508,0,0
7541,1.4806685771361,0.5082,0,0
7542,1.4806691561483,0.5084,0,0
7543,1.4806697351604,0.5086,0,0
7544,1.4806703141723,0.5088,0,0
7545,1.4806708931839,0.509,0,0
7546,1.4806714721952,0.5092,0,0
7547,1.4806720512064,0.5094,0,0
7548,1.4806726302173,0.5096,0,0
7549,1.480673209228,0.5098,0,0
7550,1.4806737882385,0.51,0,0
7551,1.4806743672488,0.5102,0,0
7552,1.4806749462588,0.5104,0,0
7553,1.4806755252686,0.5106,0,0
7554,1.4806761042781,0.5108,0,0
7555,1.4806766832875,0.511,0,0
7556,1.4806772622966,0.5112,0,0
7557,1.4806778413055,0.5114,0,0
7558,1.4806784203141,0.5116,0,0
7559,1.4806789993226,0.5118,0,0
7560,1.4806795783308,0.512,0,0
7561,1.4806801573387,0.5122,0,0
7562,1.4806807363465,0.5124,0,0
7563,1.480681315354,0.5126,0,0
7564,1.4806818943613,0.5128,0,0
7565,1.4806824733684,0.513,0,0
7566,1.4806830523752,0.5132,0,0
7567,1.4806836313818,0.5134,0,0
7568,1.4806842103882,0.5136,0,0
7569,1.4806847893944,0.5138,0,0
7570,1.4806853684003,0.514,0,0
7571,1.480685947406,0.5142,0,0
7572,1.4806865264115,0.5144,0,0
7573,1.4806871054167,0.5146,0,0
7574,1.4806876844218,0.5148,0,0
7575,1.4806882634266,0.515,0,0
7576,1.4806888424311,0.5152,0,0
7577,1.4806894214355,0.5154,0,0
7578,1.4806900004396,0.5156,0,0
7579,1.4806905794435,0.5158,0,0
7580,1.4806911584471,0.516,0,0
7581,1.4806917374506,0.5162,0,0
7582,1.4806923164538,0.5164,0,0
7583,1.4806928954567,0.5166,0,0
7584,1.4806934744595,0.5168,0,0
7585,1.480694053462,0.517,0,0
7586,1.4806946324643,0.5172,0,0
7587,1.4806952114664,0.5174,0,0
7588,1.4806957904682,0.5176,0,0
7589,1.4806963694698,0.5178,0,0
7590,1.4806969484712,0.518,0,0
7591,1.4806975274724,0.5182,0,0
7592,1.4806981064733,0.5184,0,0
7593,1.480698685474,0.5186,0,0
7594,1.4806992644745,0.5188,0,0
7595,1.4806998434748,0.519,0,0
7596,1.4807004224748,0.5192,0,0
7597,1.4807010014746,0.5194,0,0
7598,1.4807015804741,0.5196,0,0
7599,1.4807021594735,0.5198,0,0
7600,1.4807027384726,0.52,0,0
7601,1.4807033174715,0.5202,0,0
7602,1.4807038964701,0.5204,0,0
7603,1.4807044754686,0.5206,0,0
7604,1.4807050544668,0.5208,0,0
7605,1.4807056334648,0.521,0,0
7606,1.4807062124625,0.5212,0,0
7607,1.48070679146,0.5214,0,0
7608,1.4807073704573,0.5216,0,0
7609,1.4807079494544,0.5218,0,0
7610,1.4807085284513,0.522,0,0
7611,1.4807091074479,0.5222,0,0
7612,1.4807096864443,0.5224,0,0
7613,1.4807102654404,0.5226,0,0
7614,1.4807108444364,0.5228,0,0
7615,1.4807114234321,0.523,0,0
7616,1.4807120024276,0.5232,0,0
7617,1.4807125814228,0.5234,0,0
7618,1.4807131604178,0.5236,0,0
7619,1.4807137394126,0.5238,0,0
7620,1.4807143184072,0.524,0,0
7621,1.4807148974015,0.5242,0,0
7622,1.4807154763957,0.5244,0,0
7623,1.4807160553896,0.5246,0,0
7624,1.4807166343832,0.5248,0,0
7625,1.4807172133767,0.525,0,0
7626,1.4807177923699,0.5252,0,0
7627,1.4807183713628,0.5254,0,0
7628,1.4807189503556,0.5256,0,0
7629,1.4807195293481,0.5258,0,0
7630,1.4807201083404,0.526,0,0
7631,1.4807206873325,0.5262,0,0
7632,1.4807212663243,0.5264,0,0
7633,1.480721845316,0.5266,0,0
7634,1.4807224243074,0.5268,0,0
7635,1.4807230032985,0.527,0,0
7636,1.4807235822895,0.5272,0,0
7637,1.4807241612802,0.5274,0,0
7638,1.4807247402706,0.5276,0,0
7639,1.4807253192609,0.5278,0,0
7640,1.4807258982509,0.528,0,0
7641,1.4807264772407,0.5282,0,0
7642,1.4807270562303,0.5284,0,0
7643,1.4807276352196,0.5286,0,0
7644,1.4807282142088,0.5288,0,0
7645,1.4807287931977,0.529,0,0
7646,1.4807293721863,0.5292,0,0
7647,1.4807299511748,0.5294,0,0
7648,1.480730530163,0.5296,0,0
7649,1.480731109151,0.5298,0,0
7650,1.4807316881387,0.53,0,0
7651,1.4807322671262,0.5302,0,0
7652,1.4807328461135,0.5304,0,0
7653,1.4807334251006,0.5306,0,0
7654,1.4807340040875,0.5308,0,0
7655,1.4807345830741,0.531,0,0
7656,1.4807351620605,0.5312,0,0
7657,1.4807357410466,0.5314,0,0
7658,1.4807363200326,0.5316,0,0
7659,1.4807368990183,0.5318,0,0
7660,1.4807374780038,0.532,0,0
7661,1.480738056989,0.5322,0,0
7662,1.4807386359741,0.5324,0,0
7663,1.4807392149589,0.5326,0,0
7664,1.4807397939434,0.5328,0,0
7665,1.4807403729278,0.533,0,0
7666,1.4807409519119,0.5332,0,0
7667,1.4807415308958,0.5334,0,0
7668,1.4807421098795,0.5336,0,0
7669,1.4807426888629,0.5338,0,0
7670,1.4807432678461,0.534,0,0
7671,1.4807438468291,0.5342,0,0
7672,1.4807444258119,0.5344,0,0
7673,1.4807450047944,0.5346,0,0
7674,1.4807455837767,0.5348,0,0
7675,1.4807461627588,0.535,0,0
7676,1.4807467417406,0.5352,0,0
7677,1.4807473207223,0.5354,0,0
7678,1.4807478997037,0.5356,0,0
7679,1.4807484786848,0.5358,0,0
7680,1.4807490576658,0.536,0,0
7681,1.4807496366465,0.5362,0,0
7682,1.480750215627,0.5364,0,0
7683,1.4807507946072,0.5366,0,0
7684,1.4807513735873,0.5368,0,0
7685,1.4807519525671,0.537,0,0
7686,1.4807525315466,0.5372,0,0
7687,1.480753110526,0.5374,0,0
7688,1.4807536895051,0.5376,0,0
7689,1.480754268484,0.5378,0,0
7690,1.4807548474627,0.538,0,0
7691,1.4807554264411,0.5382,0,0
7692,1.4807560054193,0.5384,0,0
7693,1.4807565843973,0.5386,0,0
7694,1.4807571633751,0.5388,0,0
7695,1.4807577423526,0.539,0,0
7696,1.4807583213299,0.5392,0,0
7697,1.480758900307,0.5394,0,0
7698,1.4807594792838,0.5396,0,0
7699,1.4807600582605,0.5398,0,0
7700,1.4807606372369,0.54,0,0
7701,1.480761216213,0.5402,0,0
7702,1.480761795189,0.5404,0,0
7703,1.4807623741647,0.5406,0,0
7704,1.4807629531402,0.5408,0,0
7705,1.4807635321155,0.541,0,0
7706,1.4807641110905,0.5412,0,0
7707,1.4807646900653,0.5414,0,0
7708,1.4807652690399,0.5416,0,0
7709,1.4807658480142,0.5418,0,0
7710,1.4807664269884,0.542,0,0
7711,1.4807670059623,0.5422,0,0
7712,1.4807675849359,0.5424,0,0
7713,1.4807681639094,0.5426,0,0
7714,1.4807687428826,0.5428,0,0
7715,1.4807693218556,0.543,0,0
7716,1.4807699008283,0.5432,0,0
7717,1.4807704798009,0.5434,0,0
7718,1.4807710587732,0.5436,0,0
7719,1.4807716377453,0.5438,0,0
7720,1.4807722167171,0.544,0,0
7721,1.4807727956887,0.5442,0,0
7722,1.4807733746601,0.5444,0,0
7723,1.4807739536313,0.5446,0,0
7724,1.4807745326023,0.5448,0,0
7725,1.480775111573,0.545,0,0
7726,1.4807756905435,0.5452,0,0
7727,1.4807762695137,0.5454,0,0
7728,1.4807768484838,0.5456,0,0
7729,1.4807774274536,0.5458,0,0
7730,1.4807780064232,0.546,0,0
7731,1.4807785853925,0.5462,0,0
7732,1.4807791643616,0.5464,0,0
7733,1.4807797433305,0.5466,0,0
7734,1.4807803222992,0.5468,0,0
7735,1.4807809012677,0.547,0,0
7736,1.4807814802359,0.5472,0,0
7737,1.4807820592039,0.5474,0,0
7738,1.4807826381716,0.5476,0,0
7739,1.4807832171392,0.5478,0,0
7740,1.4807837961065,0.548,0,0
7741,1.4807843750736,0.5482,0,0
7742,1.4807849540404,0.5484,0,0
7743,1.4807855330071,0.5486,0,0
7744,1.4807861119735,0.5488,0,0
7745,1.4807866909396,0.549,0,0
7746,1.4807872699056,0.5492,0,0
7747,1.4807878488713,0.5494,0,0
7748,1.4807884278368,0.5496,0,0
7749,1.4807890068021,0.5498,0,0
7750,1.4807895857671,0.55,0,0
7751,1.4807901647319,0.5502,0,0
7752,1.4807907436965,0.5504,0,0
7753,1.4807913226609,0.5506,0,0
7754,1.480791901625,0.5508,0,0
7755,1.4807924805889,0.551,0,0
7756,1.4807930595526,0.5512,0,0
7757,1.480793638516,0.5514,0,0
7758,1.4807942174792,0.5516,0,0
7759,1.4807947964422,0.5518,0,0
7760,1.480795375405,0.552,0,0
7761,1.4807959543675,0.5522,0,0
7762,1.4807965333299,0.5524,0,0
7763,1.4807971122919,0.5526,0,0
7764,1.4807976912538,0.5528,0,0
7765,1.4807982702154,0.553,0,0
7766,1.4807988491768,0.5532,0,0
7767,1.480799428138,0.5534,0,0
7768,1.480800007099,0.5536,0,0
7769,1.4808005860597,0.5538,0,0
7770,1.4808011650202,0.554,0,0
7771,1.4808017439805,0.5542,0,0
7772,1.4808023229405,0.5544,0,0
7773,1.4808029019003,0.5546,0,0
7774,1.4808034808599,0.5548,0,0
7775,1.4808040598193,0.555,0,0
7776,1.4808046387784,0.5552,0,0
7777,1.4808052177373,0.5554,0,0
7778,1.480805796696,0.5556,0,0
7779,1.4808063756544,0.5558,0,0
7780,1.4808069546127,0.556,0,0
7781,1.4808075335707,0.5562,0,0
7782,1.4808081125284,0.5564,0,0
7783,1.480808691486,0.5566,0,0
7784,1.4808092704433,0.5568,0,0
7785,1.4808098494004,0.557,0,0
7786,1.4808104283572,0.5572,0,0
7787,1.4808110073139,0.5574,0,0
7788,1.4808115862703,0.5576,0,0
7789,1.4808121652265,0.5578,0,0
7790,1.4808127441824,0.558,0,0
7791,1.4808133231381,0.5582,0,0
7792,1.4808139020936,0.5584,0,0
7793,1.4808144810489,0.5586,0,0
7794,1.480815060004,0.5588,0,0
7795,1.4808156389588,0.559,0,0
7796,1.4808162179134,0.5592,0,0
7797,1.4808167968677,0.5594,0,0
7798,1.4808173758219,0.5596,0,0
7799,1.4808179547758,0.5598,0,0
7800,1.4808185337295,0.56,0,0
7801,1.4808191126829,0.5602,0,0
7802,1.4808196916361,0.5604,0,0
7803,1.4808202705891,0.5606,0,0
7804,1.4808208495419,0.5608,0,0
7805,1.4808214284945,0.561,0,0
7806,1.4808220074468,0.5612,0,0
7807,1.4808225863989,0.5614,0,0
7808,1.4808231653507,0.5616,0,0
7809,1.4808237443024,0.5618,0,0
7810,1.4808243232538,0.562,0,0
7811,1.480824902205,0.5622,0,0
7812,1.4808254811559,0.5624,0,0
7813,1.4808260601066,0.5626,0,0
7814,1.4808266390571,0.5628,0,0
7815,1.4808272180074,0.563,0,0
7816,1.4808277969575,0.5632,0,0
7817,1.4808283759073,0.5634,0,0
7818,1.4808289548569,0.5636,0,0
7819,1.4808295338062,0.5638,0,0
7820,1.4808301127554,0.564,0,0
7821,1.4808306917043,0.5642,0,0
7822,1.480831270653,0.5644,0,0
7823,1.4808318496014,0.5646,0,0
7824,1.4808324285497,0.5648,0,0
7825,1.4808330074977,0.565,0,0
7826,1.4808335864454,0.5652,0,0
7827,1.480834165393,0.5654,0,0
7828,1.4808347443403,0.5656,0,0
7829,1.4808353232874,0.5658,0,0
7830,1.4808359022343,0.566,0,0
7831,1.4808364811809,0.5662,0,0
7832,1.4808370601273,0.5664,0,0
7833,1.4808376390735,0.5666,0,0
7834,1.4808382180195,0.5668,0,0
7835,1.4808387969652,0.567,0,0
7836,1.4808393759107,0.5672,0,0
7837,1.480839954856,0.5674,0,0
7838,1.480840533801,0.5676,0,0
7839,1.4808411127459,0.5678,0,0
7840,1.4808416916905,0.568,0,0
7841,1.4808422706348,0.5682,0,0
7842,1.480842849579,0.5684,0,0
7843,1.4808434285229,0.5686,0,0
7844,1.4808440074666,0.5688,0,0
7845,1.48084458641,0.569,0,0
7846,1.4808451653533,0.5692,0,0
7847,1.4808457442963,0.5694,0,0
7848,1.4808463232391,0.5696,0,0
7849,1.4808469021816,0.5698,0,0
7850,1.4808474811239,0.57,0,0
7851,1.480848060066,0.5702,0,0
7852,1.4808486390079,0.5704,0,0
7853,1.4808492179495,0.5706,0,0
7854,1.480849796891,0.5708,0,0
7855,1.4808503758321,0.571,0,0
7856,1.4808509547731,0.5712,0,0
7857,1.4808515337138,0.5714,0,0
7858,1.4808521126543,0.5716,0,0
7859,1.4808526915946,0.5718,0,0
7860,1.4808532705347,0.572,0,0
7861,1.4808538494745,0.5722,0,0
7862,1.4808544284141,0.5724,0,0
7863,1.4808550073535,0.5726,0,0
7864,1.4808555862926,0.5728,0,0
7865,1.4808561652315,0.573,0,0
7866,1.4808567441702,0.5732,0,0
7867,1.4808573231087,0.5734,0,0
7868,1.4808579020469,0.5736,0,0
7869,1.4808584809849,0.5738,0,0
7870,1.4808590599227,0.574,0,0
7871,1.4808596388603,0.5742,0,0
7872,1.4808602177976,0.5744,0,0
7873,1.4808607967347,0.5746,0,0
7874,1.4808613756716,0.5748,0,0
7875,1.4808619546082,0.575,0,0
7876,1.4808625335446,0.5752,0,0
7877,1.4808631124808,0.5754,0,0
7878,1.4808636914168,0.5756,0,0
7879,1.4808642703525,0.5758,0,0
7880,1.480864849288,0.576,0,0
7881,1.4808654282233,0.5762,0,0
7882,1.4808660071584,0.5764,0,0
7883,1.4808665860932,0.5766,0,0
7884,1.4808671650278,0.5768,0,0
7885,1.4808677439622,0.577,0,0
7886,1.4808683228963,0.5772,0,0
7887,1.4808689018303,0.5774,0,0
7888,1.480869480764,0.5776,0,0
7889,1.4808700596974,0.5778,0,0
7890,1.4808706386307,0.578,0,0
7891,1.4808712175637,0.5782,0,0
7892,1.4808717964965,0.5784,0,0
7893,1.480872375429,0.5786,0,0
7894,1.4808729543613,0.5788,0,0
7895,1.4808735332935,0.579,0,0
7896,1.4808741122253,0.5792,0,0
7897,1.480874691157,0.5794,0,0
7898,1.4808752700884,0.5796,0,0
7899,1.4808758490196,0.5798,0,0
7900,1.4808764279506,0.58,0,0
7901,1.4808770068813,0.5802,0,0
7902,1.4808775858118,0.5804,0,0
7903,1.4808781647421,0.5806,0,0
7904,1.4808787436722,0.5808,0,0
7905,1.480879322602,0.581,0,0
7906,1.4808799015316,0.5812,0,0
7907,1.480880480461,0.5814,0,0
7908,1.4808810593901,0.5816,0,0
7909,1.4808816383191,0.5818,0,0
7910,1.4808822172478,0.582,0,0
7911,1.4808827961762,0.5822,0,0
7912,1.4808833751045,0.5824,0,0
7913,1.4808839540325,0.5826,0,0
7914,1.4808845329603,0.5828,0,0
7915,1.4808851118878,0.583,0,0
7916,1.4808856908152,0.5832,0,0
7917,1.4808862697423,0.5834,0,0
7918,1.4808868486692,0.5836,0,0
7919,1.4808874275958,0.5838,0,0
7920,1.4808880065222,0.584,0,0
7921,1.4808885854484,0.5842,0,0
7922,1.4808891643744,0.5844,0,0
7923,1.4808897433001,0.5846,0,0
7924,1.4808903222257,0.5848,0,0
7925,1.480890901151,0.585,0,0
7926,1.480891480076,0.5852,0,0
7927,1.4808920590008,0.5854,0,0
7928,1.4808926379255,0.5856,0,0
7929,1.4808932168498,0.5858,0,0
7930,1.480893795774,0.586,0,0
7931,1.4808943746979,0.5862,0,0
7932,1.4808949536216,0.5864,0,0
7933,1.4808955325451,0.5866,0,0
7934,1.4808961114683,0.5868,0,0
7935,1.4808966903914,0.587,0,0
7936,1.4808972693142,0.5872,0,0
7937,1.4808978482367,0.5874,0,0
7938,1.4808984271591,0.5876,0,0
7939,1.4808990060812,0.5878,0,0
7940,1.480899585003,0.588,0,0
7941,1.4809001639247,0.5882,0,0
7942,1.4809007428461,0.5884,0,0
7943,1.4809013217673,0.5886,0,0
7944,1.4809019006883,0.5888,0,0
7945,1.4809024796091,0.589,0,0
7946,1.4809030585296,0.5892,0,0
7947,1.4809036374499,0.5894,0,0
7948,1.4809042163699,0.5896,0,0
7949,1.4809047952898,0.5898,0,0
7950,1.4809053742094,0.59,0,0
7951,1.4809059531288,0.5902,0,0
7952,1.4809065320479,0.5904,0,0
7953,1.4809071109669,0.5906,0,0
7954,1.4809076898856,0.5908,0,0
7955,1.480908268804,0.591,0,0
7956,1.4809088477223,0.5912,0,0
7957,1.4809094266403,0.5914,0,0
7958,1.4809100055581,0.5916,0,0
7959,1.4809105844757,0.5918,0,0
7960,1.480911163393,0.592,0,0
7961,1.4809117423101,0.5922,0,0
7962,1.480912321227,0.5924,0,0
7963,1.4809129001437,0.5926,0,0
7964,1.4809134790601,0.5928,0,0
7965,1.4809140579763,0.593,0,0
7966,1.4809146368923,0.5932,0,0
7967,1.480915215808,0.5934,0,0
7968,1.4809157947236,0.5936,0,0
7969,1.4809163736389,0.5938,0,0
7970,1.4809169525539,0.594,0,0
7971,1.4809175314688,0.5942,0,0
7972,1.4809181103834,0.5944,0,0
7973,1.4809186892978,0.5946,0,0
7974,1.4809192682119,0.5948,0,0
7975,1.4809198471259,0.595,0,0
7976,1.4809204260396,0.5952,0,0
7977,1.4809210049531,0.5954,0,0
7978,1.4809215838663,0.5956,0,0
7979,1.4809221627793,0.5958,0,0
7980,1.4809227416921,0.596,0,0
7981,1.4809233206047,0.5962,0,0
7982,1.4809238995171,0.5964,0,0
7983,1.4809244784292,0.5966,0,0
7984,1.4809250573411,0.5968,0,0
7985,1.4809256362527,0.597,0,0
7986,1.4809262151642,0.5972,0,0
7987,1.4809267940754,0.5974,0,0
7988,1.4809273729864,0.5976,0,0
7989,1.4809279518971,0.5978,0,0
7990,1.4809285308076,0.598,0,0
7991,1.4809291097179,0.5982,0,0
7992,1.480929688628,0.5984,0,0
7993,1.4809302675379,0.5986,0,0
7994,1.4809308464475,0.5988,0,0
7995,1.4809314253569,0.599,0,0
7996,1.480932004266,0.5992,0,0
7997,1.480932583175,0.5994,0,0
7998,1.4809331620837,0.5996,0,0
7999,1.4809337409922,0.5998,0,0
8000,1.4809343199004,0.6,0,0
8001,1.4809348988085,0.6002,0,0
8002,1.4809354777163,0.6004,0,0
8003,1.4809360566238,0.6006,0,0
8004,1.4809366355312,0.6008,0,0
8005,1.4809372144383,0.601,0,0
8006,1.4809377933452,0.6012,0,0
8007,1.4809383722519,0.6014,0,0
8008,1.4809389511583,0.6016,0,0
8009,1.4809395300645,0.6018,0,0
8010,1.4809401089705,0.602,0,0
8011,1.4809406878763,0.6022,0,0
8012,1.4809412667818,0.6024,0,0
8013,1.4809418456871,0.6026,0,0
8014,1.4809424245922,0.6028,0,0
8015,1.480943003497,0.603,0,0
8016,1.4809435824016,0.6032,0,0
8017,1.480944161306,0.6034,0,0
8018,1.4809447402102,0.6036,0,0
8019,1.4809453191142,0.6038,0,0
8020,1.4809458980179,0.604,0,0
8021,1.4809464769214,0.6042,0,0
8022,1.4809470558246,0.6044,0,0
8023,1.4809476347276,0.6046,0,0
8024,1.4809482136305,0.6048,0,0
8025,1.480948792533,0.605,0,0
8026,1.4809493714354,0.6052,0,0
8027,1.4809499503375,0.6054,0,0
8028,1.4809505292394,0.6056,0,0
8029,1.4809511081411,0.6058,0,0
8030,1.4809516870425,0.606,0,0
8031,1.4809522659437,0.6062,0,0
8032,1.4809528448447,0.6064,0,0
8033,1.4809534237455,0.6066,0,0
8034,1.480954002646,0.6068,0,0
8035,1.4809545815463,0.607,0,0
8036,1.4809551604464,0.6072,0,0
8037,1.4809557393463,0.6074,0,0
8038,1.4809563182459,0.6076,0,0
8039,1.4809568971453,0.6078,0,0
8040,1.4809574760445,0.608,0,0
8041,1.4809580549434,0.6082,0,0
8042,1.4809586338421,0.6084,0,0
8043,1.4809592127406,0.6086,0,0
8044,1.4809597916389,0.6088,0,0
8045,1.4809603705369,0.609,0,0
8046,1.4809609494347,0.6092,0,0
8047,1.4809615283323,0.6094,0,0
8048,1.4809621072297,0.6096,0,0
8049,1.4809626861268,0.6098,0,0
8050,1.4809632650237,0.61,0,0
8051,1.4809638439204,0.6102,0,0
8052,1.4809644228168,0.6104,0,0
8053,1.480965001713,0.6106,0,0
8054,1.480965580609,0.6108,0,0
8055,1.4809661595048,0.611,0,0
8056,1.4809667384003,0.6112,0,0
8057,1.4809673172957,0.6114,0,0
8058,1.4809678961907,0.6116,0,0
8059,1.4809684750856,0.6118,0,0
8060,1.4809690539802,0.612,0,0
8061,1.4809696328746,0.6122,0,0
8062,1.4809702117688,0.6124,0,0
8063,1.4809707906628,0.6126,0,0
8064,1.4809713695565,0.6128,0,0
8065,1.48097194845,0.613,0,0
8066,1.4809725273432,0.6132,0,0
8067,1.4809731062363,0.6134,0,0
8068,1.4809736851291,0.6136,0,0
8069,1.4809742640217,0.6138,0,0
8070,1.4809748429141,0.614,0,0
8071,1.4809754218062,0.6142,0,0
8072,1.4809760006981,0.6144,0,0
8073,1.4809765795898,0.6146,0,0
8074,1.4809771584812,0.6148,0,0
8075,1.4809777373724,0.615,0,0
8076,1.4809783162634,0.6152,0,0
8077,1.4809788951542,0.6154,0,0
8078,1.4809794740448,0.6156,0,0
8079,1.4809800529351,0.6158,0,0
8080,1.4809806318252,0.616,0,0
8081,1.480981210715,0.6162,0,0
8082,1.4809817896047,0.6164,0,0
8083,1.4809823684941,0.6166,0,0
8084,1.4809829473832,0.6168,0,0
8085,1.4809835262722,0.617,0,0
8086,1.4809841051609,0.6172,0,0
8087,1.4809846840494,0.6174,0,0
8088,1.4809852629377,0.6176,0,0
8089,1.4809858418257,0.6178,0,0
8090,1.4809864207136,0.618,0,0
8091,1.4809869996012,0.6182,0,0
8092,1.4809875784885,0.6184,0,0
8093,1.4809881573757,0.6186,0,0
8094,1.4809887362626,0.6188,0,0
8095,1.4809893151492,0.619,0,0
8096,1.4809898940357,0.6192,0,0
8097,1.4809904729219,0.6194,0,0
8098,1.4809910518079,0.6196,0,0
8099,1.4809916306937,0.6198,0,0
8100,1.4809922095793,0.62,0,0
8101,1.4809927884646,0.6202,0,0
8102,1.4809933673497,0.6204,0,0
8103,1.4809939462345,0.6206,0,0
8104,1.4809945251192,0.6208,0,0
8105,1.4809951040036,0.621,0,0
8106,1.4809956828878,0.6212,0,0
8107,1.4809962617717,0.6214,0,0
8108,1.4809968406555,0.6216,0,0
8109,1.480997419539,0.6218,0,0
8110,1.4809979984222,0.622,0,0
8111,1.4809985773053,0.6222,0,0
8112,1.4809991561881,0.6224,0,0
8113,1.4809997350707,0.6226,0,0
8114,1.4810003139531,0.6228,0,0
8115,1.4810008928352,0.623,0,0
8116,1.4810014717171,0.6232,0,0
8117,1.4810020505988,0.6234,0,0
8118,1.4810026294803,0.6236,0,0
8119,1.4810032083615,0.6238,0,0
8120,1.4810037872425,0.624,0,0
8121,1.4810043661233,0.6242,0,0
8122,1.4810049450038,0.6244,0,0
8123,1.4810055238842,0.6246,0,0
8124,1.4810061027643,0.6248,0,0
8125,1.4810066816441,0.625,0,0
8126,1.4810072605238,0.6252,0,0
8127,1.4810078394032,0.6254,0,0
8128,1.4810084182824,0.6256,0,0
8129,1.4810089971613,0.6258,0,0
8130,1.4810095760401,0.626,0,0
8131,1.4810101549186,0.6262,0,0
8132,1.4810107337969,0.6264,0,0
8133,1.4810113126749,0.6266,0,0
8134,1.4810118915528,0.6268,0,0
8135,1.4810124704304,0.627,0,0
8136,1.4810130493077,0.6272,0,0
8137,1.4810136281849,0.6274,0,0
8138,1.4810142070618,0.6276,0,0
8139,1.4810147859385,0.6278,0,0
8140,1.4810153648149,0.628,0,0
8141,1.4810159436912,0.6282,0,0
8142,1.4810165225672,0.6284,0,0
8143,1.481017101443,0.6286,0,0
8144,1.4810176803185,0.6288,0,0
8145,1.4810182591939,0.629,0,0
8146,1.481018838069,0.6292,0,0
8147,1.4810194169438,0.6294,0,0
8148,1.4810199958185,0.6296,0,0
8149,1.4810205746929,0.6298,0,0
8150,1.4810211535671,0.63,0,0
8151,1.4810217324411,0.6302,0,0
8152,1.4810223113148,0.6304,0,0
8153,1.4810228901883,0.6306,0,0
8154,1.4810234690616,0.6308,0,0
8155,1.4810240479347,0.631,0,0
8156,1.4810246268075,0.6312,0,0
8157,1.4810252056801,0.6314,0,0
8158,1.4810257845525,0.6316,0,0
8159,1.4810263634246,0.6318,0,0
8160,1.4810269422965,0.632,0,0
8161,1.4810275211682,0.6322,0,0
8162,1.4810281000397,0.6324,0,0
8163,1.481028678911,0.6326,0,0
8164,1.481029257782,0.6328,0,0
8165,1.4810298366528,0.633,0,0
8166,1.4810304155233,0.6332,0,0
8167,1.4810309943936,0.6334,0,0
8168,1.4810315732638,0.6336,0,0
8169,1.4810321521336,0.6338,0,0
8170,1.4810327310033,0.634,0,0
8171,1.4810333098727,0.6342,0,0
8172,1.4810338887419,0.6344,0,0
8173,1.4810344676109,0.6346,0,0
8174,1.4810350464796,0.6348,0,0
8175,1.4810356253481,0.635,0,0
8176,1.4810362042164,0.6352,0,0
8177,1.4810367830845,0.6354,0,0
8178,1.4810373619523,0.6356,0,0
8179,1.4810379408199,0.6358,0,0
8180,1.4810385196873,0.636,0,0
8181,1.4810390985545,0.6362,0,0
8182,1.4810396774214,0.6364,0,0
8183,1.4810402562881,0.6366,0,0
8184,1.4810408351546,0.6368,0,0
8185,1.4810414140208,0.637,0,0
8186,1.4810419928868,0.6372,0,0
8187,1.4810425717526,0.6374,0,0
8188,1.4810431506182,0.6376,0,0
8189,1.4810437294835,0.6378,0,0
8190,1.4810443083486,0.638,0,0
8191,1.4810448872135,0.6382,0,0
8192,1.4810454660782,0.6384,0,0
8193,1.4810460449426,0.6386,0,0
8194,1.4810466238068,0.6388,0,0
8195,1.4810472026708,0.639,0,0
8196,1.4810477815345,0.6392,0,0
8197,1.4810483603981,0.6394,0,0
8198,1.4810489392614,0.6396,0,0
8199,1.4810495181244,0.6398,0,0
8200,1.4810500969873,0.64,0,0
8201,1.4810506758499,0.6402,0,0
8202,1.4810512547123,0.6404,0,0
8203,1.4810518335744,0.6406,0,0
8204,1.4810524124364,0.6408,0,0
8205,1.4810529912981,0.641,0,0
8206,1.4810535701595,0.6412,0,0
8207,1.4810541490208,0.6414,0,0
8208,1.4810547278818,0.6416,0,0
8209,1.4810553067426,0.6418,0,0
8210,1.4810558856032,0.642,0,0
8211,1.4810564644635,0.6422,0,0
8212,1.4810570433236,0.6424,0,0
8213,1.4810576221835,0.6426,0,0
8214,1.4810582010432,0.6428,0,0
8215,1.4810587799026,0.643,0,0
8216,1.4810593587618,0.6432,0,0
8217,1.4810599376208,0.6434,0,0
8218,1.4810605164796,0.6436,0,0
8219,1.4810610953381,0.6438,0,0
8220,1.4810616741964,0.644,0,0
8221,1.4810622530545,0.6442,0,0
8222,1.4810628319123,0.6444,0,0
8223,1.4810634107699,0.6446,0,0
8224,1.4810639896273,0.6448,0,0
8225,1.4810645684845,0.645,0,0
8226,1.4810651473414,0.6452,0,0
8227,1.4810657261981,0.6454,0,0
8228,1.4810663050546,0.6456,0,0
8229,1.4810668839109,0.6458,0,0
8230,1.4810674627669,0.646,0,0
8231,1.4810680416227,0.6462,0,0
8232,1.4810686204783,0.6464,0,0
8233,1.4810691993336,0.6466,0,0
8234,1.4810697781887,0.6468,0,0
8235,1.4810703570436,0.647,0,0
8236,1.4810709358983,0.6472,0,0
8237,1.4810715147527,0.6474,0,0
8238,1.481072093607,0.6476,0,0
8239,1.4810726724609,0.6478,0,0
8240,1.4810732513147,0.648,0,0
8241,1.4810738301682,0.6482,0,0
8242,1.4810744090215,0.6484,0,0
8243,1.4810749878746,0.6486,0,0
8244,1.4810755667275,0.6488,0,0
8245,1.4810761455801,0.649,0,0
8246,1.4810767244325,0.6492,0,0
8247,1.4810773032846,0.6494,0,0
8248,1.4810778821366,0.6496,0,0
8249,1.4810784609883,0.6498,0,0
8250,1.4810790398398,0.65,0,0
8251,1.481079618691,0.6502,0,0
8252,1.4810801975421,0.6504,0,0
8253,1.4810807763929,0.6506,0,0
8254,1.4810813552435,0.6508,0,0
8255,1.4810819340938,0.651,0,0
8256,1.4810825129439,0.6512,0,0
8257,1.4810830917938,0.6514,0,0
8258,1.4810836706435,0.6516,0,0
8259,1.481084249493,0.6518,0,0
8260,1.4810848283422,0.652,0,0
8261,1.4810854071912,0.6522,0,0
8262,1.4810859860399,0.6524,0,0
8263,1.4810865648885,0.6526,0,0
8264,1.4810871437368,0.6528,0,0
8265,1.4810877225849,0.653,0,0
8266,1.4810883014327,0.6532,0,0
8267,1.4810888802803,0.6534,0,0
8268,1.4810894591277,0.6536,0,0
8269,1.4810900379749,0.6538,0,0
8270,1.4810906168219,0.654,0,0
8271,1.4810911956686,0.6542,0,0
8272,1.4810917745151,0.6544,0,0
8273,1.4810923533613,0.6546,0,0
8274,1.4810929322074,0.6548,0,0
8275,1.4810935110532,0.655,0,0
8276,1.4810940898988,0.6552,0,0
8277,1.4810946687441,0.6554,0,0
8278,1.4810952475893,0.6556,0,0
8279,1.4810958264342,0.6558,0,0
8280,1.4810964052788,0.656,0,0
8281,1.4810969841233,0.6562,0,0
8282,1.4810975629675,0.6564,0,0
8283,1.4810981418115,0.6566,0,0
8284,1.4810987206553,0.6568,0,0
8285,1.4810992994988,0.657,0,0
8286,1.4810998783421,0.6572,0,0
8287,1.4811004571852,0.6574,0,0
8288,1.4811010360281,0.6576,0,0
8289,1.4811016148707,0.6578,0,0
8290,1.4811021937131,0.658,0,0
8291,1.4811027725553,0.6582,0,0
8292,1.4811033513972,0.6584,0,0
8293,1.481103930239,0.6586,0,0
8294,1.4811045090805,0.6588,0,0
8295,1.4811050879217,0.659,0,0
8296,1.4811056667628,0.6592,0,0
8297,1.4811062456036,0.6594,0,0
8298,1.4811068244442,0.6596,0,0
8299,1.4811074032845,0.6598,0,0
8300,1.4811079821247,0.66,0,0
8301,1.4811085609646,0.6602,0,0
8302,1.4811091398043,0.6604,0,0
8303,1.4811097186437,0.6606,0,0
8304,1.481110297483,0.6608,0,0
8305,1.481110876322,0.661,0,0
8306,1.4811114551607,0.6612,0,0
8307,1.4811120339993,0.6614,0,0
8308,1.4811126128376,0.6616,0,0
8309,1.4811131916757,0.6618,0,0
8310,1.4811137705135,0.662,0,0
8311,1.4811143493512,0.6622,0,0
8312,1.4811149281886,0.6624,0,0
8313,1.4811155070258,0.6626,0,0
8314,1.4811160858627,0.6628,0,0
8315,1.4811166646995,0.663,0,0
8316,1.481117243536,0.6632,0,0
8317,1.4811178223722,0.6634,0,0
8318,1.4811184012083,0.6636,0,0
8319,1.4811189800441,0.6638,0,0
8320,1.4811195588797,0.664,0,0
8321,1.4811201377151,0.6642,0,0
8322,1.4811207165502,0.6644,0,0
8323,1.4811212953851,0.6646,0,0
8324,1.4811218742198,0.6648,0,0
8325,1.4811224530543,0.665,0,0
8326,1.4811230318885,0.6652,0,0
8327,1.4811236107225,0.6654,0,0
8328,1.4811241895563,0.6656,0,0
8329,1.4811247683898,0.6658,0,0
8330,1.4811253472232,0.666,0,0
8331,1.4811259260563,0.6662,0,0
8332,1.4811265048891,0.6664,0,0
8333,1.4811270837218,0.6666,0,0
8334,1.4811276625542,0.6668,0,0
8335,1.4811282413864,0.667,0,0
8336,1.4811288202184,0.6672,0,0
8337,1.4811293990501,0.6674,0,0
8338,1.4811299778816,0.6676,0,0
8339,1.4811305567129,0.6678,0,0
8340,1.4811311355439,0.668,0,0
8341,1.4811317143748,0.6682,0,0
8342,1.4811322932054,0.6684,0,0
8343,1.4811328720357,0.6686,0,0
8344,1.4811334508659,0.6688,0,0
8345,1.4811340296958,0.669,0,0
8346,1.4811346085255,0.6692,0,0
8347,1.481135187355,0.6694,0,0
8348,1.4811357661842,0.6696,0,0
8349,1.4811363450132,0.6698,0,0
8350,1.481136923842,0.67,0,0
8351,1.4811375026705,0.6702,0,0
8352,1.4811380814989,0.6704,0,0
8353,1.481138660327,0.6706,0,0
8354,1.4811392391548,0.6708,0,0
8355,1.4811398179825,0.671,0,0
8356,1.4811403968099,0.6712,0,0
8357,1.4811409756371,0.6714,0,0
8358,1.4811415544641,0.6716,0,0
8359,1.4811421332908,0.6718,0,0
8360,1.4811427121173,0.672,0,0
8361,1.4811432909436,0.6722,0,0
8362,1.4811438697697,0.6724,0,0
8363,1.4811444485955,0.6726,0,0
8364,1.4811450274211,0.6728,0,0
8365,1.4811456062465,0.673,0,0
8366,1.4811461850716,0.6732,0,0
8367,1.4811467638966,0.6734,0,0
8368,1.4811473427213,0.6736,0,0
8369,1.4811479215457,0.6738,0,0
8370,1.48114850037,0.674,0,0
8371,1.481149079194,0.6742,0,0
8372,1.4811496580178,0.6744,0,0
8373,1.4811502368414,0.6746,0,0
8374,1.4811508156647,0.6748,0,0
8375,1.4811513944878,0.675,0,0
8376,1.4811519733107,0.6752,0,0
8377,1.4811525521333,0.6754,0,0
8378,1.4811531309558,0.6756,0,0
8379,1.481153709778,0.6758,0,0
8380,1.4811542885999,0.676,0,0
8381,1.4811548674217,0.6762,0,0
8382,1.4811554462432,0.6764,0,0
8383,1.4811560250645,0.6766,0,0
8384,1.4811566038856,0.6768,0,0
8385,1.4811571827064,0.677,0,0
8386,1.481157761527,0.6772,0,0
8387,1.4811583403474,0.6774,0,0
8388,1.4811589191675,0.6776,0,0
8389,1.4811594979875,0.6778,0,0
8390,1.4811600768072,0.678,0,0
8391,1.4811606556266,0.6782,0,0
8392,1.4811612344459,0.6784,0,0
8393,1.4811618132649,0.6786,0,0
8394,1.4811623920837,0.6788,0,0
8395,1.4811629709023,0.679,0,0
8396,1.4811635497206,0.6792,0,0
8397,1.4811641285387,0.6794,0,0
8398,1.4811647073566,0.6796,0,0
8399,1.4811652861743,0.6798,0,0
8400,1.4811658649917,0.68,0,0
8401,1.4811664438089,0.6802,0,0
8402,1.4811670226259,0.6804,0,0
8403,1.4811676014427,0.6806,0,0
8404,1.4811681802592,0.6808,0,0
8405,1.4811687590755,0.681,0,0
8406,1.4811693378915,0.6812,0,0
8407,1.4811699167074,0.6814,0,0
8408,1.481170495523,0.6816,0,0
8409,1.4811710743384,0.6818,0,0
8410,1.4811716531536,0.682,0,0
8411,1.4811722319685,0.6822,0,0
8412,1.4811728107832,0.6824,0,0
8413,1.4811733895977,0.6826,0,0
8414,1.4811739684119,0.6828,0,0
8415,1.481174547226,0.683,0,0
8416,1.4811751260398,0.6832,0,0
8417,1.4811757048533,0.6834,0,0
8418,1.4811762836667,0.6836,0,0
8419,1.4811768624798,0.6838,0,0
8420,1.4811774412927,0.684,0,0
8421,1.4811780201054,0.6842,0,0
8422,1.4811785989178,0.6844,0,0
8423,1.48117917773,0.6846,0,0
8424,1.481179756542,0.6848,0,0
8425,1.4811803353538,0.685,0,0
8426,1.4811809141653,0.6852,0,0
8427,1.4811814929766,0.6854,0,0
8428,1.4811820717877,0.6856,0,0
8429,1.4811826505985,0.6858,0,0
8430,1.4811832294091,0.686,0,0
8431,1.4811838082195,0.6862,0,0
8432,1.4811843870297,0.6864,0,0
8433,1.4811849658396,0.6866,0,0
8434,1.4811855446494,0.6868,0,0
8435,1.4811861234588,0.687,0,0
8436,1.4811867022681,0.6872,0,0
8437,1.4811872810771,0.6874,0,0
8438,1.4811878598859,0.6876,0,0
8439,1.4811884386945,0.6878,0,0
8440,1.4811890175029,0.688,0,0
8441,1.481189596311,0.6882,0,0
8442,1.4811901751189,0.6884,0,0
8443,1.4811907539266,0.6886,0,0
8444,1.481191332734,0.6888,0,0
8445,1.4811919115412,0.689,0,0
8446,1.4811924903482,0.6892,0,0
8447,1.481193069155,0.6894,0,0
8448,1.4811936479615,0.6896,0,0
8449,1.4811942267678,0.6898,0,0
8450,1.4811948055739,0.69,0,0
8451,1.4811953843798,0.6902,0,0
8452,1.4811959631854,0.6904,0,0
8453,1.4811965419908,0.6906,0,0
8454,1.481197120796,0.6908,0,0
8455,1.4811976996009,0.691,0,0
8456,1.4811982784056,0.6912,0,0
8457,1.4811988572101,0.6914,0,0
8458,1.4811994360144,0.6916,0,0
8459,1.4812000148184,0.6918,0,0
8460,1.4812005936222,0.692,0,0
8461,1.4812011724258,0.6922,0,0
8462,1.4812017512292,0.6924,0,0
8463,1.4812023300323,0.6926,0,0
8464,1.4812029088352,0.6928,0,0
8465,1.4812034876379,0.693,0,0
8466,1.4812040664403,0.6932,0,0
8467,1.4812046452426,0.6934,0,0
8468,1.4812052240446,0.6936,0,0
8469,1.4812058028463,0.6938,0,0
8470,1.4812063816479,0.694,0,0
8471,1.4812069604492,0.6942,0,0
8472,1.4812075392503,0.6944,0,0
8473,1.4812081180511,0.6946,0,0
8474,1.4812086968518,0.6948,0,0
8475,1.4812092756522,0.695,0,0
8476,1.4812098544524,0.6952,0,0
8477,1.4812104332523,0.6954,0,0
8478,1.481211012052,0.6956,0,0
8479,1.4812115908515,0.6958,0,0
8480,1.4812121696508,0.696,0,0
8481,1.4812127484499,0.6962,0,0
8482,1.4812133272487,0.6964,0,0
8483,1.4812139060473,0.6966,0,0
8484,1.4812144848456,0.6968,0,0
8485,1.4812150636438,0.697,0,0
8486,1.4812156424417,0.6972,0,0
8487,1.4812162212394,0.6974,0,0
8488,1.4812168000368,0.6976,0,0
8489,1.481217378834,0.6978,0,0
8490,1.481217957631,0.698,0,0
8491,1.4812185364278,0.6982,0,0
8492,1.4812191152244,0.6984,0,0
8493,1.4812196940207,0.6986,0,0
8494,1.4812202728168,0.6988,0,0
8495,1.4812208516126,0.699,0,0
8496,1.4812214304083,0.6992,0,0
8497,1.4812220092037,0.6994,0,0
8498,1.4812225879989,0.6996,0,0
8499,1.4812231667938,0.6998,0,0
8500,1.4812237455886,0.7,0,0
8501,1.4812243243831,0.7002,0,0
8502,1.4812249031774,0.7004,0,0
8503,1.4812254819714,0.7006,0,0
8504,1.4812260607652,0.7008,0,0
8505,1.4812266395588,0.701,0,0
8506,1.4812272183522,0.7012,0,0
8507,1.4812277971453,0.7014,0,0
8508,1.4812283759383,0.7016,0,0
8509,1.481228954731,0.7018,0,0
8510,1.4812295335234,0.702,0,0
8511,1.4812301123156,0.7022,0,0
8512,1.4812306911077,0.7024,0,0
8513,1.4812312698994,0.7026,0,0
8514,1.481231848691,0.7028,0,0
8515,1.4812324274823,0.703,0,0
8516,1.4812330062734,0.7032,0,0
8517,1.4812335850643,0.7034,0,0
8518,1.4812341638549,0.7036,0,0
8519,1.4812347426454,0.7038,0,0
8520,1.4812353214356,0.704,0,0
8521,1.4812359002255,0.7042,0,0
8522,1.4812364790153,0.7044,0,0
8523,1.4812370578048,0.7046,0,0
8524,1.481237636594,0.7048,0,0
8525,1.4812382153831,0.705,0,0
8526,1.4812387941719,0.7052,0,0
8527,1.4812393729605,0.7054,0,0
8528,1.4812399517489,0.7056,0,0
8529,1.4812405305371,0.7058,0,0
8530,1.481241109325,0.706,0,0
8531,1.4812416881127,0.7062,0,0
8532,1.4812422669002,0.7064,0,0
8533,1.4812428456874,0.7066,0,0
8534,1.4812434244744,0.7068,0,0
8535,1.4812440032612,0.707,0,0
8536,1.4812445820478,0.7072,0,0
8537,1.4812451608341,0.7074,0,0
8538,1.4812457396202,0.7076,0,0
8539,1.4812463184061,0.7078,0,0
8540,1.4812468971917,0.708,0,0
8541,1.4812474759772,0.7082,0,0
8542,1.4812480547624,0.7084,0,0
8543,1.4812486335473,0.7086,0,0
8544,1.4812492123321,0.7088,0,0
8545,1.4812497911166,0.709,0,0
8546,1.4812503699009,0.7092,0,0
8547,1.4812509486849,0.7094,0,0
8548,1.4812515274688,0.7096,0,0
8549,1.4812521062524,0.7098,0,0
8550,1.4812526850358,0.71,0,0
8551,1.4812532638189,0.7102,0,0
8552,1.4812538426018,0.7104,0,0
8553,1.4812544213846,0.7106,0,0
8554,1.481255000167,0.7108,0,0
8555,1.4812555789493,0.711,0,0
8556,1.4812561577313,0.7112,0,0
8557,1.4812567365131,0.7114,0,0
8558,1.4812573152947,0.7116,0,0
8559,1.481257894076,0.7118,0,0
8560,1.4812584728571,0.712,0,0
8561,1.481259051638,0.7122,0,0
8562,1.4812596304187,0.7124,0,0
8563,1.4812602091991,0.7126,0,0
8564,1.4812607879793,0.7128,0,0
8565,1.4812613667593,0.713,0,0
8566,1.481261945539,0.7132,0,0
8567,1.4812625243185,0.7134,0,0
8568,1.4812631030978,0.7136,0,0
8569,1.4812636818769,0.7138,0,0
8570,1.4812642606557,0.714,0,0
8571,1.4812648394344,0.7142,0,0
8572,1.4812654182128,0.7144,0,0
8573,1.4812659969909,0.7146,0,0
8574,1.4812665757689,0.7148,0,0
8575,1.4812671545466,0.715,0,0
8576,1.481267733324,0.7152,0,0
8577,1.4812683121013,0.7154,0,0
8578,1.4812688908783,0.7156,0,0
8579,1.4812694696551,0.7158,0,0
8580,1.4812700484317,0.716,0,0
8581,1.481270627208,0.7162,0,0
8582,1.4812712059842,0.7164,0,0
8583,1.4812717847601,0.7166,0,0
8584,1.4812723635357,0.7168,0,0
8585,1.4812729423112,0.717,0,0
8586,1.4812735210864,0.7172,0,0
8587,1.4812740998614,0.7174,0,0
8588,1.4812746786361,0.7176,0,0
8589,1.4812752574106,0.7178,0,0
8590,1.4812758361849,0.718,0,0
8591,1.481276414959,0.7182,0,0
8592,1.4812769937329,0.7184,0,0
8593,1.4812775725065,0.7186,0,0
8594,1.4812781512799,0.7188,0,0
8595,1.4812787300531,0.719,0,0
8596,1.481279308826,0.7192,0,0
8597,1.4812798875987,0.7194,0,0
8598,1.4812804663712,0.7196,0,0
8599,1.4812810451435,0.7198,0,0
8600,1.4812816239155,0.72,0,0
8601,1.4812822026873,0.7202,0,0
8602,1.4812827814589,0.7204,0,0
8603,1.4812833602302,0.7206,0,0
8604,1.4812839390014,0.7208,0,0
8605,1.4812845177723,0.721,0,0
8606,1.4812850965429,0.7212,0,0
8607,1.4812856753134,0.7214,0,0
8608,1.4812862540836,0.7216,0,0
8609,1.4812868328536,0.7218,0,0
8610,1.4812874116233,0.722,0,0
8611,1.4812879903929,0.7222,0,0
8612,1.4812885691622,0.7224,0,0
8613,1.4812891479313,0.7226,0,0
8614,1.4812897267001,0.7228,0,0
8615,1.4812903054688,0.723,0,0
8616,1.4812908842372,0.7232,0,0
8617,1.4812914630053,0.7234,0,0
8618,1.4812920417733,0.7236,0,0
8619,1.481292620541,0.7238,0,0
8620,1.4812931993085,0.724,0,0
8621,1.4812937780758,0.7242,0,0
8622,1.4812943568428,0.7244,0,0
8623,1.4812949356096,0.7246,0,0
8624,1.4812955143762,0.7248,0,0
8625,1.4812960931426,0.725,0,0
8626,1.4812966719087,0.7252,0,0
8627,1.4812972506746,0.7254,0,0
8628,1.4812978294403,0.7256,0,0
8629,1.4812984082057,0.7258,0,0
8630,1.481298986971,0.726,0,0
8631,1.481299565736,0.7262,0,0
8632,1.4813001445007,0.7264,0,0
8633,1.4813007232653,0.7266,0,0
8634,1.4813013020296,0.7268,0,0
8635,1.4813018807937,0.727,0,0
8636,1.4813024595575,0.7272,0,0
8637,1.4813030383212,0.7274,0,0
8638,1.4813036170846,0.7276,0,0
8639,1.4813041958478,0.7278,0,0
8640,1.4813047746107,0.728,0,0
8641,1.4813053533734,0.7282,0,0
8642,1.4813059321359,0.7284,0,0
8643,1.4813065108982,0.7286,0,0
8644,1.4813070896603,0.7288,0,0
8645,1.4813076684221,0.729,0,0
8646,1.4813082471837,0.7292,0,0
8647,1.481308825945,0.7294,0,0
8648,1.4813094047062,0.7296,0,0
8649,1.4813099834671,0.7298,0,0
8650,1.4813105622278,0.73,0,0
8651,1.4813111409882,0.7302,0,0
8652,1.4813117197485,0.7304,0,0
8653,1.4813122985085,0.7306,0,0
8654,1.4813128772683,0.7308,0,0
8655,1.4813134560278,0.731,0,0
8656,1.4813140347871,0.7312,0,0
8657,1.4813146135462,0.7314,0,0
8658,1.4813151923051,0.7316,0,0
8659,1.4813157710637,0.7318,0,0
8660,1.4813163498221,0.732,0,0
8661,1.4813169285803,0.7322,0,0
8662,1.4813175073383,0.7324,0,0
8663,1.481318086096,0.7326,0,0
8664,1.4813186648535,0.7328,0,0
8665,1.4813192436108,0.733,0,0
8666,1.4813198223679,0.7332,0,0
8667,1.4813204011247,0.7334,0,0
8668,1.4813209798813,0.7336,0,0
8669,1.4813215586377,0.7338,0,0
8670,1.4813221373938,0.734,0,0
8671,1.4813227161497,0.7342,0,0
8672,1.4813232949054,0.7344,0,0
8673,1.4813238736609,0.7346,0,0
8674,1.4813244524161,0.7348,0,0
8675,1.4813250311711,0.735,0,0
8676,1.4813256099259,0.7352,0,0
8677,1.4813261886805,0.7354,0,0
8678,1.4813267674348,0.7356,0,0
8679,1.4813273461889,0.7358,0,0
8680,1.4813279249428,0.736,0,0
8681,1.4813285036964,0.7362,0,0
8682,1.4813290824499,0.7364,0,0
8683,1.4813296612031,0.7366,0,0
8684,1.481330239956,0.7368,0,0
8685,1.4813308187088,0.737,0,0
8686,1.4813313974613,0.7372,0,0
8687,1.4813319762136,0.7374,0,0
8688,1.4813325549656,0.7376,0,0
8689,1.4813331337175,0.7378,0,0
8690,1.4813337124691,0.738,0,0
8691,1.4813342912205,0.7382,0,0
8692,1.4813348699716,0.7384,0,0
8693,1.4813354487225,0.7386,0,0
8694,1.4813360274732,0.7388,0,0
8695,1.4813366062237,0.739,0,0
8696,1.481337184974,0.7392,0,0
8697,1.481337763724,0.7394,0,0
8698,1.4813383424738,0.7396,0,0
8699,1.4813389212233,0.7398,0,0
8700,1.4813394999727,0.74,0,0
8701,1.4813400787218,0.7402,0,0
8702,1.4813406574707,0.7404,0,0
8703,1.4813412362193,0.7406,0,0
8704,1.4813418149677,0.7408,0,0
8705,1.4813423937159,0.741,0,0
8706,1.4813429724639,0.7412,0,0
8707,1.4813435512117,0.7414,0,0
8708,1.4813441299592,0.7416,0,0
8709,1.4813447087065,0.7418,0,0
8710,1.4813452874535,0.742,0,0
8711,1.4813458662004,0.7422,0,0
8712,1.481346444947,0.7424,0,0
8713,1.4813470236934,0.7426,0,0
8714,1.4813476024396,0.7428,0,0
8715,1.4813481811855,0.743,0,0
8716,1.4813487599312,0.7432,0,0
8717,1.4813493386767,0.7434,0,0
8718,1.4813499174219,0.7436,0,0
8719,1.4813504961669,0.7438,0,0
8720,1.4813510749117,0.744,0,0
8721,1.4813516536563,0.7442,0,0
8722,1.4813522324007,0.7444,0,0
8723,1.4813528111448,0.7446,0,0
8724,1.4813533898887,0.7448,0,0
8725,1.4813539686323,0.745,0,0
8726,1.4813545473758,0.7452,0,0
8727,1.481355126119,0.7454,0,0
8728,1.481355704862,0.7456,0,0
8729,1.4813562836047,0.7458,0,0
8730,1.4813568623472,0.746,0,0
8731,1.4813574410895,0.7462,0,0
8732,1.4813580198316,0.7464,0,0
8733,1.4813585985735,0.7466,0,0
8734,1.4813591773151,0.7468,0,0
8735,1.4813597560565,0.747,0,0
8736,1.4813603347976,0.7472,0,0
8737,1.4813609135386,0.7474,0,0
8738,1.4813614922793,0.7476,0,0
8739,1.4813620710198,0.7478,0,0
8740,1.48136264976,0.748,0,0
8741,1.4813632285001,0.7482,0,0
8742,1.4813638072399,0.7484,0,0
8743,1.4813643859795,0.7486,0,0
8744,1.4813649647188,0.7488,0,0
8745,1.4813655434579,0.749,0,0
8746,1.4813661221968,0.7492,0,0
8747,1.4813667009355,0.7494,0,0
8748,1.481367279674,0.7496,0,0
8749,1.4813678584122,0.7498,0,0
8750,1.4813684371502,0.75,0,0
8751,1.4813690158879,0.7502,0,0
8752,1.4813695946255,0.7504,0,0
8753,1.4813701733628,0.7506,0,0
8754,1.4813707520998,0.7508,0,0
8755,1.4813713308367,0.751,0,0
8756,1.4813719095733,0.7512,0,0
8757,1.4813724883097,0.7514,0,0
8758,1.4813730670459,0.7516,0,0
8759,1.4813736457819,0.7518,0,0
8760,1.4813742245176,0.752,0,0
8761,1.4813748032531,0.7522,0,0
8762,1.4813753819883,0.7524,0,0
8763,1.4813759607234,0.7526,0,0
8764,1.4813765394582,0.7528,0,0
8765,1.4813771181928,0.753,0,0
8766,1.4813776969271,0.7532,0,0
8767,1.4813782756613,0.7534,0,0
8768,1.4813788543952,0.7536,0,0
8769,1.4813794331288,0.7538,0,0
8770,1.4813800118623,0.754,0,0
8771,1.4813805905955,0.7542,0,0
8772,1.4813811693285,0.7544,0,0
8773,1.4813817480613,0.7546,0,0
8774,1.4813823267938,0.7548,0,0
8775,1.4813829055261,0.755,0,0
8776,1.4813834842582,0.7552,0,0
8777,1.4813840629901,0.7554,0,0
8778,1.4813846417217,0.7556,0,0
8779,1.4813852204531,0.7558,0,0
8780,1.4813857991843,0.756,0,0
8781,1.4813863779153,0.7562,0,0
8782,1.481386956646,0.7564,0,0
8783,1.4813875353765,0.7566,0,0
8784,1.4813881141068,0.7568,0,0
8785,1.4813886928368,0.757,0,0
8786,1.4813892715667,0.7572,0,0
8787,1.4813898502962,0.7574,0,0
8788,1.4813904290256,0.7576,0,0
8789,1.4813910077547,0.7578,0,0
8790,1.4813915864837,0.758,0,0
8791,1.4813921652123,0.7582,0,0
8792,1.4813927439408,0.7584,0,0
8793,1.481393322669,0.7586,0,0
8794,1.481393901397,0.7588,0,0
8795,1.4813944801248,0.759,0,0
8796,1.4813950588524,0.7592,0,0
8797,1.4813956375797,0.7594,0,0
8798,1.4813962163068,0.7596,0,0
8799,1.4813967950337,0.7598,0,0
8800,1.4813973737603,0.76,0,0
8801,1.4813979524867,0.7602,0,0
8802,1.4813985312129,0.7604,0,0
8803,1.4813991099389,0.7606,0,0
8804,1.4813996886646,0.7608,0,0
8805,1.4814002673901,0.761,0,0
8806,1.4814008461154,0.7612,0,0
8807,1.4814014248404,0.7614,0,0
8808,1.4814020035653,0.7616,0,0
8809,1.4814025822899,0.7618,0,0
8810,1.4814031610143,0.762,0,0
8811,1.4814037397384,0.7622,0,0
8812,1.4814043184623,0.7624,0,0
8813,1.481404897186,0.7626,0,0
8814,1.4814054759095,0.7628,0,0
8815,1.4814060546327,0.763,0,0
8816,1.4814066333557,0.7632,0,0
8817,1.4814072120785,0.7634,0,0
8818,1.4814077908011,0.7636,0,0
8819,1.4814083695234,0.7638,0,0
8820,1.4814089482455,0.764,0,0
8821,1.4814095269674,0.7642,0,0
8822,1.481410105689,0.7644,0,0
8823,1.4814106844105,0.7646,0,0
8824,1.4814112631317,0.7648,0,0
8825,1.4814118418526,0.765,0,0
8826,1.4814124205734,0.7652,0,0
8827,1.4814129992939,0.7654,0,0
8828,1.4814135780142,0.7656,0,0
8829,1.4814141567342,0.7658,0,0
8830,1.4814147354541,0.766,0,0
8831,1.4814153141737,0.7662,0,0
8832,1.4814158928931,0.7664,0,0
8833,1.4814164716122,0.7666,0,0
8834,1.4814170503311,0.7668,0,0
8835,1.4814176290498,0.767,0,0
8836,1.4814182077683,0.7672,0,0
8837,1.4814187864866,0.7674,0,0
8838,1.4814193652046,0.7676,0,0
8839,1.4814199439224,0.7678,0,0
8840,1.4814205226399,0.768,0,0
8841,1.4814211013573,0.7682,0,0
8842,1.4814216800744,0.7684,0,0
8843,1.4814222587913,0.7686,0,0
8844,1.4814228375079,0.7688,0,0
8845,1.4814234162244,0.769,0,0
8846,1.4814239949406,0.7692,0,0
8847,1.4814245736565,0.7694,0,0
8848,1.4814251523723,0.7696,0,0
8849,1.4814257310878,0.7698,0,0
8850,1.4814263098031,0.77,0,0
8851,1.4814268885182,0.7702,0,0
8852,1.481427467233,0.7704,0,0
8853,1.4814280459476,0.7706,0,0
8854,1.481428624662,0.7708,0,0
8855,1.4814292033762,0.771,0,0
8856,1.4814297820901,0.7712,0,0
8857,1.4814303608038,0.7714,0,0
8858,1.4814309395173,0.7716,0,0
8859,1.4814315182306,0.7718,0,0
8860,1.4814320969436,0.772,0,0
8861,1.4814326756564,0.7722,0,0
8862,1.481433254369,0.7724,0,0
8863,1.4814338330813,0.7726,0,0
8864,1.4814344117934,0.7728,0,0
8865,1.4814349905053,0.773,0,0
8866,1.481435569217,0.7732,0,0
8867,1.4814361479284,0.7734,0,0
8868,1.4814367266397,0.7736,0,0
8869,1.4814373053506,0.7738,0,0
8870,1.4814378840614,0.774,0,0
8871,1.4814384627719,0.7742,0,0
8872,1.4814390414822,0.7744,0,0
8873,1.4814396201923,0.7746,0,0
8874,1.4814401989022,0.7748,0,0
8875,1.4814407776118,0.775,0,0
8876,1.4814413563212,0.7752,0,0
8877,1.4814419350304,0.7754,0,0
8878,1.4814425137393,0.7756,0,0
8879,1.481443092448,0.7758,0,0
8880,1.4814436711565,0.776,0,0
8881,1.4814442498648,0.7762,0,0
8882,1.4814448285728,0.7764,0,0
8883,1.4814454072806,0.7766,0,0
8884,1.4814459859882,0.7768,0,0
8885,1.4814465646955,0.777,0,0
8886,1.4814471434027,0.7772,0,0
8887,1.4814477221096,0.7774,0,0
8888,1.4814483008162,0.7776,0,0
8889,1.4814488795227,0.7778,0,0
8890,1.4814494582289,0.778,0,0
8891,1.4814500369349,0.7782,0,0
8892,1.4814506156407,0.7784,0,0
8893,1.4814511943462,0.7786,0,0
8894,1.4814517730515,0.7788,0,0
8895,1.4814523517566,0.779,0,0
8896,1.4814529304615,0.7792,0,0
8897,1.4814535091661,0.7794,0,0
8898,1.4814540878705,0.7796,0,0
8899,1.4814546665747,0.7798,0,0
8900,1.4814552452786,0.78,0,0
8901,1.4814558239824,0.7802,0,0
8902,1.4814564026859,0.7804,0,0
8903,1.4814569813891,0.7806,0,0
8904,1.4814575600922,0.7808,0,0
8905,1.481458138795,0.781,0,0
8906,1.4814587174976,0.7812,0,0
8907,1.4814592961999,0.7814,0,0
8908,1.4814598749021,0.7816,0,0
8909,1.481460453604,0.7818,0,0
8910,1.4814610323057,0.782,0,0
8911,1.4814616110071,0.7822,0,0
8912,1.4814621897083,0.7824,0,0
8913,1.4814627684093,0.7826,0,0
8914,1.4814633471101,0.7828,0,0
8915,1.4814639258107,0.783,0,0
8916,1.481464504511,0.7832,0,0
8917,1.4814650832111,0.7834,0,0
8918,1.4814656619109,0.7836,0,0
8919,1.4814662406106,0.7838,0,0
8920,1.48146681931,0.784,0,0
8921,1.4814673980092,0.7842,0,0
8922,1.4814679767081,0.7844,0,0
8923,1.4814685554069,0.7846,0,0
8924,1.4814691341054,0.7848,0,0
8925,1.4814697128037,0.785,0,0
8926,1.4814702915017,0.7852,0,0
8927,1.4814708701995,0.7854,0,0
8928,1.4814714488971,0.7856,0,0
8929,1.4814720275945,0.7858,0,0
8930,1.4814726062916,0.786,0,0
8931,1.4814731849886,0.7862,0,0
8932,1.4814737636852,0.7864,0,0
8933,1.4814743423817,0.7866,0,0
8934,1.4814749210779,0.7868,0,0
8935,1.481475499774,0.787,0,0
8936,1.4814760784697,0.7872,0,0
8937,1.4814766571653,0.7874,0,0
8938,1.4814772358606,0.7876,0,0
8939,1.4814778145557,0.7878,0,0
8940,1.4814783932506,0.788,0,0
8941,1.4814789719452,0.7882,0,0
8942,1.4814795506397,0.7884,0,0
8943,1.4814801293339,0.7886,0,0
8944,1.4814807080278,0.7888,0,0
8945,1.4814812867216,0.789,0,0
8946,1.4814818654151,0.7892,0,0
8947,1.4814824441084,0.7894,0,0
8948,1.4814830228014,0.7896,0,0
8949,1.4814836014943,0.7898,0,0
8950,1.4814841801869,0.79,0,0
8951,1.4814847588792,0.7902,0,0
8952,1.4814853375714,0.7904,0,0
8953,1.4814859162633,0.7906,0,0
8954,1.481486494955,0.7908,0,0
8955,1.4814870736465,0.791,0,0
8956,1.4814876523377,0.7912,0,0
8957,1.4814882310288,0.7914,0,0
8958,1.4814888097195,0.7916,0,0
8959,1.4814893884101,0.7918,0,0
8960,1.4814899671004,0.792,0,0
8961,1.4814905457906,0.7922,0,0
8962,1.4814911244804,0.7924,0,0
8963,1.4814917031701,0.7926,0,0
8964,1.4814922818595,0.7928,0,0
8965,1.4814928605487,0.793,0,0
8966,1.4814934392377,0.7932,0,0
8967,1.4814940179264,0.7934,0,0
8968,1.481494596615,0.7936,0,0
8969,1.4814951753033,0.7938,0,0
8970,1.4814957539913,0.794,0,0
8971,1.4814963326792,0.7942,0,0
8972,1.4814969113668,0.7944,0,0
8973,1.4814974900542,0.7946,0,0
8974,1.4814980687413,0.7948,0,0
8975,1.4814986474283,0.795,0,0
8976,1.481499226115,0.7952,0,0
8977,1.4814998048014,0.7954,0,0
8978,1.4815003834877,0.7956,0,0
8979,1.4815009621737,0.7958,0,0
8980,1.4815015408595,0.796,0,0
8981,1.4815021195451,0.7962,0,0
8982,1.4815026982304,0.7964,0,0
8983,1.4815032769156,0.7966,0,0
8984,1.4815038556005,0.7968,0,0
8985,1.4815044342851,0.797,0,0
8986,1.4815050129696,0.7972,0,0
8987,1.4815055916538,0.7974,0,0
8988,1.4815061703377,0.7976,0,0
8989,1.4815067490215,0.7978,0,0
8990,1.481507327705,0.798,0,0
8991,1.4815079063883,0.7982,0,0
8992,1.4815084850714,0.7984,0,0
8993,1.4815090637543,0.7986,0,0
8994,1.4815096424369,0.7988,0,0
8995,1.4815102211193,0.799,0,0
8996,1.4815107998014,0.7992,0,0
8997,1.4815113784834,0.7994,0,0
8998,1.4815119571651,0.7996,0,0
8999,1.4815125358466,0.7998,0,0
9000,1.4815131145279,0.8,0,0
9001,1.4815136932089,0.8002,0,0
9002,1.4815142718897,0.8004,0,0
9003,1.4815148505703,0.8006,0,0
9004,1.4815154292506,0.8008,0,0
9005,1.4815160079308,0.801,0,0
9006,1.4815165866107,0.8012,0,0
9007,1.4815171652903,0.8014,0,0
9008,1.4815177439698,0.8016,0,0
9009,1.481518322649,0.8018,0,0
9010,1.481518901328,0.802,0,0
9011,1.4815194800067,0.8022,0,0
9012,1.4815200586853,0.8024,0,0
9013,1.4815206373636,0.8026,0,0
9014,1.4815212160417,0.8028,0,0
9015,1.4815217947195,0.803,0,0
9016,1.4815223733972,0.8032,0,0
9017,1.4815229520746,0.8034,0,0
9018,1.4815235307517,0.8036,0,0
9019,1.4815241094287,0.8038,0,0
9020,1.4815246881054,0.804,0,0
9021,1.4815252667819,0.8042,0,0
9022,1.4815258454582,0.8044,0,0
9023,1.4815264241342,0.8046,0,0
9024,1.48152700281,0.8048,0,0
9025,1.4815275814856,0.805,0,0
9026,1.481528160161,0.8052,0,0
9027,1.4815287388361,0.8054,0,0
9028,1.481529317511,0.8056,0,0
9029,1.4815298961857,0.8058,0,0
9030,1.4815304748602,0.806,0,0
9031,1.4815310535344,0.8062,0,0
9032,1.4815316322084,0.8064,0,0
9033,1.4815322108822,0.8066,0,0
9034,1.4815327895557,0.8068,0,0
9035,1.481533368229,0.807,0,0
9036,1.4815339469021,0.8072,0,0
9037,1.481534525575,0.8074,0,0
9038,1.4815351042476,0.8076,0,0
9039,1.4815356829201,0.8078,0,0
9040,1.4815362615922,0.808,0,0
9041,1.4815368402642,0.8082,0,0
9042,1.4815374189359,0.8084,0,0
9043,1.4815379976074,0.8086,0,0
9044,1.4815385762787,0.8088,0,0
9045,1.4815391549498,0.809,0,0
9046,1.4815397336206,0.8092,0,0
9047,1.4815403122912,0.8094,0,0
9048,1.4815408909616,0.8096,0,0
9049,1.4815414696317,0.8098,0,0
9050,1.4815420483016,0.81,0,0
9051,1.4815426269713,0.8102,0,0
9052,1.4815432056408,0.8104,0,0
9053,1.48154378431,0.8106,0,0
9054,1.481544362979,0.8108,0,0
9055,1.4815449416478,0.811,0,0
9056,1.4815455203163,0.8112,0,0
9057,1.4815460989847,0.8114,0,0
9058,1.4815466776528,0.8116,0,0
9059,1.4815472563207,0.8118,0,0
9060,1.4815478349883,0.812,0,0
9061,1.4815484136557,0.8122,0,0
9062,1.4815489923229,0.8124,0,0
9063,1.4815495709899,0.8126,0,0
9064,1.4815501496566,0.8128,0,0
9065,1.4815507283231,0.813,0,0
9066,1.4815513069894,0.8132,0,0
9067,1.4815518856555,0.8134,0,0
9068,1.4815524643213,0.8136,0,0
9069,1.4815530429869,0.8138,0,0
9070,1.4815536216523,0.814,0,0
9071,1.4815542003175,0.8142,0,0
9072,1.4815547789824,0.8144,0,0
9073,1.4815553576471,0.8146,0,0
9074,1.4815559363116,0.8148,0,0
9075,1.4815565149758,0.815,0,0
9076,1.4815570936398,0.8152,0,0
9077,1.4815576723036,0.8154,0,0
9078,1.4815582509672,0.8156,0,0
9079,1.4815588296305,0.8158,0,0
9080,1.4815594082936,0.816,0,0
9081,1.4815599869565,0.8162,0,0
9082,1.4815605656192,0.8164,0,0
9083,1.4815611442816,0.8166,0,0
9084,1.4815617229438,0.8168,0,0
9085,1.4815623016058,0.817,0,0
9086,1.4815628802675,0.8172,0,0
9087,1.481563458929,0.8174,0,0
9088,1.4815640375903,0.8176,0,0
9089,1.4815646162514,0.8178,0,0
9090,1.4815651949122,0.818,0,0
9091,1.4815657735729,0.8182,0,0
9092,1.4815663522332,0.8184,0,0
9093,1.4815669308934,0.8186,0,0
9094,1.4815675095533,0.8188,0,0
9095,1.481568088213,0.819,0,0
9096,1.4815686668725,0.8192,0,0
9097,1.4815692455318,0.8194,0,0
9098,1.4815698241908,0.8196,0,0
9099,1.4815704028496,0.8198,0,0
9100,1.4815709815082,0.82,0,0
9101,1.4815715601665,0.8202,0,0
9102,1.4815721388246,0.8204,0,0
9103,1.4815727174825,0.8206,0,0
9104,1.4815732961402,0.8208,0,0
9105,1.4815738747976,0.821,0,0
9106,1.4815744534549,0.8212,0,0
9107,1.4815750321118,0.8214,0,0
9108,1.4815756107686,0.8216,0,0
9109,1.4815761894251,0.8218,0,0
9110,1.4815767680814,0.822,0,0
9111,1.4815773467375,0.8222,0,0
9112,1.4815779253934,0.8224,0,0
9113,1.481578504049,0.8226,0,0
9114,1.4815790827044,0.8228,0,0
9115,1.4815796613595,0.823,0,0
9116,1.4815802400145,0.8232,0,0
9117,1.4815808186692,0.8234,0,0
9118,1.4815813973237,0.8236,0,0
9119,1.481581975978,0.8238,0,0
9120,1.481582554632,0.824,0,0
9121,1.4815831332858,0.8242,0,0
9122,1.4815837119394,0.8244,0,0
9123,1.4815842905927,0.8246,0,0
9124,1.4815848692459,0.8248,0,0
9125,1.4815854478988,0.825,0,0
9126,1.4815860265514,0.8252,0,0
9127,1.4815866052039,0.8254,0,0
9128,1.4815871838561,0.8256,0,0
9129,1.4815877625081,0.8258,0,0
9130,1.4815883411599,0.826,0,0
9131,1.4815889198114,0.8262,0,0
9132,1.4815894984627,0.8264,0,0
9133,1.4815900771138,0.8266,0,0
9134,1.4815906557647,0.8268,0,0
9135,1.4815912344153,0.827,0,0
9136,1.4815918130657,0.8272,0,0
9137,1.4815923917159,0.8274,0,0
9138,1.4815929703658,0.8276,0,0
9139,1.4815935490156,0.8278,0,0
9140,1.4815941276651,0.828,0,0
9141,1.4815947063143,0.8282,0,0
9142,1.4815952849634,0.8284,0,0
9143,1.4815958636122,0.8286,0,0
9144,1.4815964422608,0.8288,0,0
9145,1.4815970209092,0.829,0,0
9146,1.4815975995573,0.8292,0,0
9147,1.4815981782052,0.8294,0,0
9148,1.4815987568529,0.8296,0,0
9149,1.4815993355003,0.8298,0,0
9150,1.4815999141476,0.83,0,0
9151,1.4816004927946,0.8302,0,0
9152,1.4816010714414,0.8304,0,0
9153,1.4816016500879,0.8306,0,0
9154,1.4816022287342,0.8308,0,0
9155,1.4816028073803,0.831,0,0
9156,1.4816033860262,0.8312,0,0
9157,1.4816039646718,0.8314,0,0
9158,1.4816045433172,0.8316,0,0
9159,1.4816051219624,0.8318,0,0
9160,1.4816057006074,0.832,0,0
9161,1.4816062792521,0.8322,0,0
9162,1.4816068578966,0.8324,0,0
9163,1.4816074365409,0.8326,0,0
9164,1.481608015185,0.8328,0,0
9165,1.4816085938288,0.833,0,0
9166,1.4816091724724,0.8332,0,0
9167,1.4816097511158,0.8334,0,0
9168,1.4816103297589,0.8336,0,0
9169,1.4816109084018,0.8338,0,0
9170,1.4816114870445,0.834,0,0
9171,1.481612065687,0.8342,0,0
9172,1.4816126443292,0.8344,0,0
9173,1.4816132229712,0.8346,0,0
9174,1.481613801613,0.8348,0,0
9175,1.4816143802546,0.835,0,0
9176,1.4816149588959,0.8352,0,0
9177,1.481615537537,0.8354,0,0
9178,1.4816161161779,0.8356,0,0
9179,1.4816166948186,0.8358,0,0
9180,1.481617273459,0.836,0,0
9181,1.4816178520992,0.8362,0,0
9182,1.4816184307391,0.8364,0,0
9183,1.4816190093789,0.8366,0,0
9184,1.4816195880184,0.8368,0,0
9185,1.4816201666577,0.837,0,0
9186,1.4816207452968,0.8372,0,0
9187,1.4816213239356,0.8374,0,0
9188,1.4816219025742,0.8376,0,0
9189,1.4816224812126,0.8378,0,0
9190,1.4816230598507,0.838,0,0
9191,1.4816236384887,0.8382,0,0
9192,1.4816242171264,0.8384,0,0
9193,1.4816247957639,0.8386,0,0
9194,1.4816253744011,0.8388,0,0
9195,1.4816259530381,0.839,0,0
9196,1.4816265316749,0.8392,0,0
9197,1.4816271103115,0.8394,0,0
9198,1.4816276889478,0.8396,0,0
9199,1.4816282675839,0.8398,0,0
9200,1.4816288462198,0.84,0,0
9201,1.4816294248555,0.8402,0,0
9202,1.4816300034909,0.8404,0,0
9203,1.4816305821261,0.8406,0,0
9204,1.4816311607611,0.8408,0,0
9205,1.4816317393959,0.841,0,0
9206,1.4816323180304,0.8412,0,0
9207,1.4816328966647,0.8414,0,0
9208,1.4816334752988,0.8416,0,0
9209,1.4816340539326,0.8418,0,0
9210,1.4816346325662,0.842,0,0
9211,1.4816352111996,0.8422,0,0
9212,1.4816357898328,0.8424,0,0
9213,1.4816363684657,0.8426,0,0
9214,1.4816369470984,0.8428,0,0
9215,1.4816375257309,0.843,0,0
9216,1.4816381043632,0.8432,0,0
9217,1.4816386829952,0.8434,0,0
9218,1.481639261627,0.8436,0,0
9219,1.4816398402586,0.8438,0,0
9220,1.4816404188899,0.844,0,0
9221,1.4816409975211,0.8442,0,0
9222,1.4816415761519,0.8444,0,0
9223,1.4816421547826,0.8446,0,0
9224,1.4816427334131,0.8448,0,0
9225,1.4816433120433,0.845,0,0
9226,1.4816438906733,0.8452,0,0
9227,1.481644469303,0.8454,0,0
9228,1.4816450479326,0.8456,0,0
9229,1.4816456265619,0.8458,0,0
9230,1.481646205191,0.846,0,0
9231,1.4816467838198,0.8462,0,0
9232,1.4816473624484,0.8464,0,0
9233,1.4816479410768,0.8466,0,0
9234,1.481648519705,0.8468,0,0
9235,1.481649098333,0.847,0,0
9236,1.4816496769607,0.8472,0,0
9237,1.4816502555882,0.8474,0,0
9238,1.4816508342154,0.8476,0,0
9239,1.4816514128425,0.8478,0,0
9240,1.4816519914693,0.848,0,0
9241,1.4816525700959,0.8482,0,0
9242,1.4816531487222,0.8484,0,0
9243,1.4816537273484,0.8486,0,0
9244,1.4816543059743,0.8488,0,0
9245,1.4816548846,0.849,0,0
9246,1.4816554632254,0.8492,0,0
9247,1.4816560418506,0.8494,0,0
9248,1.4816566204756,0.8496,0,0
9249,1.4816571991004,0.8498,0,0
9250,1.481657777725,0.85,0,0
9251,1.4816583563493,0.8502,0,0
9252,1.4816589349734,0.8504,0,0
9253,1.4816595135972,0.8506,0,0
9254,1.4816600922209,0.8508,0,0
9255,1.4816606708443,0.851,0,0
9256,1.4816612494675,0.8512,0,0
9257,1.4816618280904,0.8514,0,0
9258,1.4816624067131,0.8516,0,0
9259,1.4816629853357,0.8518,0,0
9260,1.4816635639579,0.852,0,0
9261,1.48166414258,0.8522,0,0
9262,1.4816647212018,0.8524,0,0
9263,1.4816652998234,0.8526,0,0
9264,1.4816658784448,0.8528,0,0
9265,1.4816664570659,0.853,0,0
9266,1.4816670356868,0.8532,0,0
9267,1.4816676143075,0.8534,0,0
9268,1.481668192928,0.8536,0,0
9269,1.4816687715482,0.8538,0,0
9270,1.4816693501682,0.854,0,0
9271,1.481669928788,0.8542,0,0
9272,1.4816705074076,0.8544,0,0
9273,1.4816710860269,0.8546,0,0
9274,1.481671664646,0.8548,0,0
9275,1.4816722432649,0.855,0,0
9276,1.4816728218835,0.8552,0,0
9277,1.4816734005019,0.8554,0,0
9278,1.4816739791201,0.8556,0,0
9279,1.4816745577381,0.8558,0,0
9280,1.4816751363558,0.856,0,0
9281,1.4816757149733,0.8562,0,0
9282,1.4816762935906,0.8564,0,0
9283,1.4816768722077,0.8566,0,0
9284,1.4816774508245,0.8568,0,0
9285,1.4816780294411,0.857,0,0
9286,1.4816786080575,0.8572,0,0
9287,1.4816791866737,0.8574,0,0
9288,1.4816797652896,0.8576,0,0
9289,1.4816803439053,0.8578,0,0
9290,1.4816809225208,0.858,0,0
9291,1.481681501136,0.8582,0,0
9292,1.481682079751,0.8584,0,0
9293,1.4816826583658,0.8586,0,0
9294,1.4816832369804,0.8588,0,0
9295,1.4816838155947,0.859,0,0
9296,1.4816843942088,0.8592,0,0
9297,1.4816849728227,0.8594,0,0
9298,1.4816855514364,0.8596,0,0
9299,1.4816861300498,0.8598,0,0
9300,1.481686708663,0.86,0,0
9301,1.481687287276,0.8602,0,0
9302,1.4816878658887,0.8604,0,0
9303,1.4816884445012,0.8606,0,0
9304,1.4816890231135,0.8608,0,0
9305,1.4816896017256,0.861,0,0
9306,1.4816901803375,0.8612,0,0
9307,1.4816907589491,0.8614,0,0
9308,1.4816913375605,0.8616,0,0
9309,1.4816919161716,0.8618,0,0
9310,1.4816924947826,0.862,0,0
9311,1.4816930733933,0.8622,0,0
9312,1.4816936520037,0.8624,0,0
9313,1.481694230614,0.8626,0,0
9314,1.481694809224,0.8628,0,0
9315,1.4816953878338,0.863,0,0
9316,1.4816959664434,0.8632,0,0
9317,1.4816965450527,0.8634,0,0
9318,1.4816971236619,0.8636,0,0
9319,1.4816977022708,0.8638,0,0
9320,1.4816982808794,0.864,0,0
9321,1.4816988594879,0.8642,0,0
9322,1.4816994380961,0.8644,0,0
9323,1.4817000167041,0.8646,0,0
9324,1.4817005953118,0.8648,0,0
9325,1.4817011739194,0.865,0,0
9326,1.4817017525267,0.8652,0,0
9327,1.4817023311337,0.8654,0,0
9328,1.4817029097406,0.8656,0,0
9329,1.4817034883472,0.8658,0,0
9330,1.4817040669536,0.866,0,0
9331,1.4817046455598,0.8662,0,0
9332,1.4817052241657,0.8664,0,0
9333,1.4817058027715,0.8666,0,0
9334,1.481706381377,0.8668,0,0
9335,1.4817069599822,0.867,0,0
9336,1.4817075385873,0.8672,0,0
9337,1.4817081171921,0.8674,0,0
9338,1.4817086957966,0.8676,0,0
9339,1.481709274401,0.8678,0,0
9340,1.4817098530051,0.868,0,0
9341,1.481710431609,0.8682,0,0
9342,1.4817110102127,0.8684,0,0
9343,1.4817115888162,0.8686,0,0
9344,1.4817121674194,0.8688,0,0
9345,1.4817127460224,0.869,0,0
9346,1.4817133246252,0.8692,0,0
9347,1.4817139032277,0.8694,0,0
9348,1.48171448183,0.8696,0,0
9349,1.4817150604321,0.8698,0,0
9350,1.481715639034,0.87,0,0
9351,1.4817162176356,0.8702,0,0
9352,1.481716796237,0.8704,0,0
9353,1.4817173748382,0.8706,0,0
9354,1.4817179534391,0.8708,0,0
9355,1.4817185320399,0.871,0,0
9356,1.4817191106404,0.8712,0,0
9357,1.4817196892407,0.8714,0,0
9358,1.4817202678407,0.8716,0,0
9359,1.4817208464405,0.8718,0,0
9360,1.4817214250401,0.872,0,0
9361,1.4817220036395,0.8722,0,0
9362,1.4817225822386,0.8724,0,0
9363,1.4817231608375,0.8726,0,0
9364,1.4817237394362,0.8728,0,0
9365,1.4817243180347,0.873,0,0
9366,1.4817248966329,0.8732,0,0
9367,1.4817254752309,0.8734,0,0
9368,1.4817260538287,0.8736,0,0
9369,1.4817266324263,0.8738,0,0
9370,1.4817272110236,0.874,0,0
9371,1.4817277896207,0.8742,0,0
9372,1.4817283682176,0.8744,0,0
9373,1.4817289468142,0.8746,0,0
9374,1.4817295254106,0.8748,0,0
9375,1.4817301040068,0.875,0,0
9376,1.4817306826028,0.8752,0,0
9377,1.4817312611985,0.8754,0,0
9378,1.481731839794,0.8756,0,0
9379,1.4817324183893,0.8758,0,0
9380,1.4817329969844,0.876,0,0
9381,1.4817335755792,0.8762,0,0
9382,1.4817341541738,0.8764,0,0
9383,1.4817347327682,0.8766,0,0
9384,1.4817353113623,0.8768,0,0
9385,1.4817358899563,0.877,0,0
9386,1.48173646855,0.8772,0,0
9387,1.4817370471434,0.8774,0,0
9388,1.4817376257367,0.8776,0,0
9389,1.4817382043297,0.8778,0,0
9390,1.4817387829225,0.878,0,0
9391,1.481739361515,0.8782,0,0
9392,1.4817399401074,0.8784,0,0
9393,1.4817405186995,0.8786,0,0
9394,1.4817410972914,0.8788,0,0
9395,1.481741675883,0.879,0,0
9396,1.4817422544745,0.8792,0,0
9397,1.4817428330657,0.8794,0,0
9398,1.4817434116566,0.8796,0,0
9399,1.4817439902474,0.8798,0,0
9400,1.4817445688379,0.88,0,0
9401,1.4817451474282,0.8802,0,0
9402,1.4817457260183,0.8804,0,0
9403,1.4817463046081,0.8806,0,0
9404,1.4817468831977,0.8808,0,0
9405,1.4817474617871,0.881,0,0
9406,1.4817480403763,0.8812,0,0
9407,1.4817486189652,0.8814,0,0
9408,1.4817491975539,0.8816,0,0
9409,1.4817497761424,0.8818,0,0
9410,1.4817503547306,0.882,0,0
9411,1.4817509333187,0.8822,0,0
9412,1.4817515119065,0.8824,0,0
9413,1.481752090494,0.8826,0,0
9414,1.4817526690814,0.8828,0,0
9415,1.4817532476685,0.883,0,0
9416,1.4817538262554,0.8832,0,0
9417,1.4817544048421,0.8834,0,0
9418,1.4817549834285,0.8836,0,0
9419,1.4817555620147,0.8838,0,0
9420,1.4817561406007,0.884,0,0
9421,1.4817567191865,0.8842,0,0
9422,1.481757297772,0.8844,0,0
9423,1.4817578763573,0.8846,0,0
9424,1.4817584549424,0.8848,0,0
9425,1.4817590335272,0.885,0,0
9426,1.4817596121119,0.8852,0,0
9427,1.4817601906963,0.8854,0,0
9428,1.4817607692804,0.8856,0,0
9429,1.4817613478644,0.8858,0,0
9430,1.4817619264481,0.886,0,0
9431,1.4817625050316,0.8862,0,0
9432,1.4817630836148,0.8864,0,0
9433,1.4817636621979,0.8866,0,0
9434,1.4817642407807,0.8868,0,0
9435,1.4817648193633,0.887,0,0
9436,1.4817653979456,0.8872,0,0
9437,1.4817659765278,0.8874,0,0
9438,1.4817665551097,0.8876,0,0
9439,1.4817671336913,0.8878,0,0
9440,1.4817677122728,0.888,0,0
9441,1.481768290854,0.8882,0,0
9442,1.481768869435,0.8884,0,0
9443,1.4817694480158,0.8886,0,0
9444,1.4817700265963,0.8888,0,0
9445,1.4817706051766,0.889,0,0
9446,1.4817711837567,0.8892,0,0
9447,1.4817717623366,0.8894,0,0
9448,1.4817723409162,0.8896,0,0
9449,1.4817729194956,0.8898,0,0
9450,1.4817734980748,0.89,0,0
9451,1.4817740766538,0.8902,0,0
9452,1.4817746552325,0.8904,0,0
9453,1.481775233811,0.8906,0,0
9454,1.4817758123893,0.8908,0,0
9455,1.4817763909673,0.891,0,0
9456,1.4817769695451,0.8912,0,0
9457,1.4817775481227,0.8914,0,0
9458,1.4817781267001,0.8916,0,0
9459,1.4817787052772,0.8918,0,0
9460,1.4817792838542,0.892,0,0
9461,1.4817798624309,0.8922,0,0
9462,1.4817804410073,0.8924,0,0
9463,1.4817810195835,0.8926,0,0
9464,1.4817815981596,0.8928,0,0
9465,1.4817821767353,0.893,0,0
9466,1.4817827553109,0.8932,0,0
9467,1.4817833338862,0.8934,0,0
9468,1.4817839124613,0.8936,0,0
9469,1.4817844910362,0.8938,0,0
9470,1.4817850696108,0.894,0,0
9471,1.4817856481852,0.8942,0,0
9472,1.4817862267594,0.8944,0,0
9473,1.4817868053334,0.8946,0,0
9474,1.4817873839071,0.8948,0,0
9475,1.4817879624807,0.895,0,0
9476,1.4817885410539,0.8952,0,0
9477,1.481789119627,0.8954,0,0
9478,1.4817896981998,0.8956,0,0
9479,1.4817902767724,0.8958,0,0
9480,1.4817908553448,0.896,0,0
9481,1.481791433917,0.8962,0,0
9482,1.4817920124889,0.8964,0,0
9483,1.4817925910606,0.8966,0,0
9484,1.4817931696321,0.8968,0,0
9485,1.4817937482033,0.897,0,0
9486,1.4817943267743,0.8972,0,0
9487,1.4817949053451,0.8974,0,0
9488,1.4817954839157,0.8976,0,0
9489,1.481796062486,0.8978,0,0
9490,1.4817966410561,0.898,0,0
9491,1.481797219626,0.8982,0,0
9492,1.4817977981957,0.8984,0,0
9493,1.4817983767651,0.8986,0,0
9494,1.4817989553343,0.8988,0,0
9495,1.4817995339033,0.899,0,0
9496,1.481800112472,0.8992,0,0
9497,1.4818006910405,0.8994,0,0
9498,1.4818012696088,0.8996,0,0
9499,1.4818018481769,0.8998,0,0
9500,1.4818024267447,0.9,0,0
9501,1.4818030053124,0.9002,0,0
9502,1.4818035838798,0.9004,0,0
9503,1.4818041624469,0.9006,0,0
9504,1.4818047410139,0.9008,0,0
9505,1.4818053195806,0.901,0,0
9506,1.481805898147,0.9012,0,0
9507,1.4818064767133,0.9014,0,0
9508,1.4818070552793,0.9016,0,0
9509,1.4818076338451,0.9018,0,0
9510,1.4818082124107,0.902,0,0
9511,1.481808790976,0.9022,0,0
9512,1.4818093695412,0.9024,0,0
9513,1.4818099481061,0.9026,0,0
9514,1.4818105266707,0.9028,0,0
9515,1.4818111052352,0.903,0,0
9516,1.4818116837994,0.9032,0,0
9517,1.4818122623634,0.9034,0,0
9518,1.4818128409271,0.9036,0,0
9519,1.4818134194907,0.9038,0,0
9520,1.481813998054,0.904,0,0
9521,1.4818145766171,0.9042,0,0
9522,1.4818151551799,0.9044,0,0
9523,1.4818157337425,0.9046,0,0
9524,1.4818163123049,0.9048,0,0
9525,1.4818168908671,0.905,0,0
9526,1.481817469429,0.9052,0,0
9527,1.4818180479908,0.9054,0,0
9528,1.4818186265523,0.9056,0,0
9529,1.4818192051135,0.9058,0,0
9530,1.4818197836746,0.906,0,0
9531,1.4818203622354,0.9062,0,0
9532,1.481820940796,0.9064,0,0
9533,1.4818215193563,0.9066,0,0
9534,1.4818220979165,0.9068,0,0
9535,1.4818226764764,0.907,0,0
9536,1.481823255036,0.9072,0,0
9537,1.4818238335955,0.9074,0,0
9538,1.4818244121547,0.9076,0,0
9539,1.4818249907137,0.9078,0,0
9540,1.4818255692725,0.908,0,0
9541,1.481826147831,0.9082,0,0
9542,1.4818267263893,0.9084,0,0
9543,1.4818273049474,0.9086,0,0
9544,1.4818278835053,0.9088,0,0
9545,1.4818284620629,0.909,0,0
9546,1.4818290406203,0.9092,0,0
9547,1.4818296191775,0.9094,0,0
9548,1.4818301977345,0.9096,0,0
9549,1.4818307762912,0.9098,0,0
9550,1.4818313548477,0.91,0,0
9551,1.481831933404,0.9102,0,0
9552,1.48183251196,0.9104,0,0
9553,1.4818330905159,0.9106,0,0
9554,1.4818336690715,0.9108,0,0
9555,1.4818342476268,0.911,0,0
9556,1.481834826182,0.9112,0,0
9557,1.4818354047369,0.9114,0,0
9558,1.4818359832916,0.9116,0,0
9559,1.481836561846,0.9118,0,0
9560,1.4818371404003,0.912,0,0
9561,1.4818377189543,0.9122,0,0
9562,1.4818382975081,0.9124,0,0
9563,1.4818388760616,0.9126,0,0
9564,1.481839454615,0.9128,0,0
9565,1.4818400331681,0.913,0,0
9566,1.4818406117209,0.9132,0,0
9567,1.4818411902736,0.9134,0,0
9568,1.481841768826,0.9136,0,0
9569,1.4818423473782,0.9138,0,0
9570,1.4818429259302,0.914,0,0
9571,1.4818435044819,0.9142,0,0
9572,1.4818440830334,0.9144,0,0
9573,1.4818446615847,0.9146,0,0
9574,1.4818452401358,0.9148,0,0
9575,1.4818458186866,0.915,0,0
9576,1.4818463972372,0.9152,0,0
9577,1.4818469757876,0.9154,0,0
9578,1.4818475543377,0.9156,0,0
9579,1.4818481328877,0.9158,0,0
9580,1.4818487114374,0.916,0,0
9581,1.4818492899868,0.9162,0,0
9582,1.4818498685361,0.9164,0,0
9583,1.4818504470851,0.9166,0,0
9584,1.4818510256339,0.9168,0,0
9585,1.4818516041825,0.917,0,0
9586,1.4818521827308,0.9172,0,0
9587,1.4818527612789,0.9174,0,0
9588,1.4818533398268,0.9176,0,0
9589,1.4818539183745,0.9178,0,0
9590,1.4818544969219,0.918,0,0
9591,1.4818550754691,0.9182,0,0
9592,1.4818556540161,0.9184,0,0
9593,1.4818562325628,0.9186,0,0
9594,1.4818568111094,0.9188,0,0
9595,1.4818573896557,0.919,0,0
9596,1.4818579682017,0.9192,0,0
9597,1.4818585467476,0.9194,0,0
9598,1.4818591252932,0.9196,0,0
9599,1.4818597038386,0.9198,0,0
9600,1.4818602823838,0.92,0,0
9601,1.4818608609287,0.9202,0,0
9602,1.4818614394734,0.9204,0,0
9603,1.4818620180179,0.9206,0,0
9604,1.4818625965621,0.9208,0,0
9605,1.4818631751062,0.921,0,0
9606,1.48186375365,0.9212,0,0
9607,1.4818643321936,0.9214,0,0
9608,1.4818649107369,0.9216,0,0
9609,1.48186548928,0.9218,0,0
9610,1.4818660678229,0.922,0,0
9611,1.4818666463656,0.9222,0,0
9612,1.481867224908,0.9224,0,0
9613,1.4818678034503,0.9226,0,0
9614,1.4818683819923,0.9228,0,0
9615,1.481868960534,0.923,0,0
9616,1.4818695390756,0.9232,0,0
9617,1.4818701176169,0.9234,0,0
9618,1.4818706961579,0.9236,0,0
9619,1.4818712746988,0.9238,0,0
9620,1.4818718532394,0.924,0,0
9621,1.4818724317798,0.9242,0,0
9622,1.48187301032,0.9244,0,0
9623,1.48187358886,0.9246,0,0
9624,1.4818741673997,0.9248,0,0
9625,1.4818747459392,0.925,0,0
9626,1.4818753244784,0.9252,0,0
9627,1.4818759030175,0.9254,0,0
9628,1.4818764815563,0.9256,0,0
9629,1.4818770600949,0.9258,0,0
9630,1.4818776386333,0.926,0,0
9631,1.4818782171714,0.9262,0,0
9632,1.4818787957093,0.9264,0,0
9633,1.481879374247,0.9266,0,0
9634,1.4818799527844,0.9268,0,0
9635,1.4818805313217,0.927,0,0
9636,1.4818811098587,0.9272,0,0
9637,1.4818816883954,0.9274,0,0
9638,1.481882266932,0.9276,0,0
9639,1.4818828454683,0.9278,0,0
9640,1.4818834240044,0.928,0,0
9641,1.4818840025403,0.9282,0,0
9642,1.4818845810759,0.9284,0,0
9643,1.4818851596113,0.9286,0,0
9644,1.4818857381465,0.9288,0,0
9645,1.4818863166815,0.929,0,0
9646,1.4818868952162,0.9292,0,0
9647,1.4818874737507,0.9294,0,0
9648,1.481888052285,0.9296,0,0
9649,1.481888630819,0.9298,0,0
9650,1.4818892093529,0.93,0,0
9651,1.4818897878865,0.9302,0,0
9652,1.4818903664199,0.9304,0,0
9653,1.481890944953,0.9306,0,0
9654,1.4818915234859,0.9308,0,0
9655,1.4818921020186,0.931,0,0
9656,1.4818926805511,0.9312,0,0
9657,1.4818932590833,0.9314,0,0
9658,1.4818938376153,0.9316,0,0
9659,1.4818944161471,0.9318,0,0
9660,1.4818949946787,0.932,0,0
9661,1.48189557321,0.9322,0,0
9662,1.4818961517411,0.9324,0,0
9663,1.481896730272,0.9326,0,0
9664,1.4818973088026,0.9328,0,0
9665,1.4818978873331,0.933,0,0
9666,1.4818984658633,0.9332,0,0
9667,1.4818990443932,0.9334,0,0
9668,1.481899622923,0.9336,0,0
9669,1.4819002014525,0.9338,0,0
9670,1.4819007799818,0.934,0,0
9671,1.4819013585109,0.9342,0,0
9672,1.4819019370397,0.9344,0,0
9673,1.4819025155683,0.9346,0,0
9674,1.4819030940967,0.9348,0,0
9675,1.4819036726249,0.935,0,0
9676,1.4819042511528,0.9352,0,0
9677,1.4819048296805,0.9354,0,0
9678,1.481905408208,0.9356,0,0
9679,1.4819059867352,0.9358,0,0
9680,1.4819065652622,0.936,0,0
9681,1.481907143789,0.9362,0,0
9682,1.4819077223156,0.9364,0,0
9683,1.481908300842,0.9366,0,0
9684,1.4819088793681,0.9368,0,0
9685,1.481909457894,0.937,0,0
9686,1.4819100364196,0.9372,0,0
9687,1.4819106149451,0.9374,0,0
9688,1.4819111934703,0.9376,0,0
9689,1.4819117719953,0.9378,0,0
9690,1.48191235052,0.938,0,0
9691,1.4819129290445,0.9382,0,0
9692,1.4819135075689,0.9384,0,0
9693,1.4819140860929,0.9386,0,0
9694,1.4819146646168,0.9388,0,0
9695,1.4819152431404,0.939,0,0
9696,1.4819158216638,0.9392,0,0
9697,1.481916400187,0.9394,0,0
9698,1.4819169787099,0.9396,0,0
9699,1.4819175572326,0.9398,0,0
9700,1.4819181357551,0.94,0,0
9701,1.4819187142774,0.9402,0,0
9702,1.4819192927994,0.9404,0,0
9703,1.4819198713212,0.9406,0,0
9704,1.4819204498428,0.9408,0,0
9705,1.4819210283642,0.941,0,0
9706,1.4819216068853,0.9412,0,0
9707,1.4819221854062,0.9414,0,0
9708,1.4819227639269,0.9416,0,0
9709,1.4819233424473,0.9418,0,0
9710,1.4819239209675,0.942,0,0
9711,1.4819244994875,0.9422,0,0
9712,1.4819250780073,0.9424,0,0
9713,1.4819256565268,0.9426,0,0
9714,1.4819262350462,0.9428,0,0
9715,1.4819268135652,0.943,0,0
9716,1.4819273920841,0.9432,0,0
9717,1.4819279706027,0.9434,0,0
9718,1.4819285491212,0.9436,0,0
9719,1.4819291276393,0.9438,0,0
9720,1.4819297061573,0.944,0,0
9721,1.481930284675,0.9442,0,0
9722,1.4819308631925,0.9444,0,0
9723,1.4819314417098,0.9446,0,0
9724,1.4819320202268,0.9448,0,0
9725,1.4819325987437,0.945,0,0
9726,1.4819331772603,0.9452,0,0
9727,1.4819337557766,0.9454,0,0
9728,1.4819343342928,0.9456,0,0
9729,1.4819349128087,0.9458,0,0
9730,1.4819354913244,0.946,0,0
9731,1.4819360698398,0.9462,0,0
9732,1.4819366483551,0.9464,0,0
9733,1.4819372268701,0.9466,0,0
9734,1.4819378053848,0.9468,0,0
9735,1.4819383838994,0.947,0,0
9736,1.4819389624137,0.9472,0,0
9737,1.4819395409278,0.9474,0,0
9738,1.4819401194417,0.9476,0,0
9739,1.4819406979553,0.9478,0,0
9740,1.4819412764688,0.948,0,0
9741,1.481941854982,0.9482,0,0
9742,1.4819424334949,0.9484,0,0
9743,1.4819430120077,0.9486,0,0
9744,1.4819435905202,0.9488,0,0
9745,1.4819441690325,0.949,0,0
9746,1.4819447475445,0.9492,0,0
9747,1.4819453260564,0.9494,0,0
9748,1.481945904568,0.9496,0,0
9749,1.4819464830793,0.9498,0,0
9750,1.4819470615905,0.95,0,0
9751,1.4819476401014,0.9502,0,0
9752,1.4819482186121,0.9504,0,0
9753,1.4819487971226,0.9506,0,0
9754,1.4819493756328,0.9508,0,0
9755,1.4819499541429,0.951,0,0
9756,1.4819505326527,0.9512,0,0
9757,1.4819511111622,0.9514,0,0
9758,1.4819516896716,0.9516,0,0
9759,1.4819522681807,0.9518,0,0
9760,1.4819528466896,0.952,0,0
9761,1.4819534251982,0.9522,0,0
9762,1.4819540037066,0.9524,0,0
9763,1.4819545822148,0.9526,0,0
9764,1.4819551607228,0.9528,0,0
9765,1.4819557392306,0.953,0,0
9766,1.4819563177381,0.9532,0,0
9767,1.4819568962454,0.9534,0,0
9768,1.4819574747525,0.9536,0,0
9769,1.4819580532593,0.9538,0,0
9770,1.4819586317659,0.954,0,0
9771,1.4819592102723,0.9542,0,0
9772,1.4819597887785,0.9544,0,0
9773,1.4819603672844,0.9546,0,0
9774,1.4819609457901,0.9548,0,0
9775,1.4819615242956,0.955,0,0
9776,1.4819621028009,0.9552,0,0
9777,1.4819626813059,0.9554,0,0
9778,1.4819632598107,0.9556,0,0
9779,1.4819638383153,0.9558,0,0
9780,1.4819644168196,0.956,0,0
9781,1.4819649953238,0.9562,0,0
9782,1.4819655738277,0.9564,0,0
9783,1.4819661523313,0.9566,0,0
9784,1.4819667308348,0.9568,0,0
9785,1.481967309338,0.957,0,0
9786,1.481967887841,0.9572,0,0
9787,1.4819684663438,0.9574,0,0
9788,1.4819690448463,0.9576,0,0
9789,1.4819696233486,0.9578,0,0
9790,1.4819702018507,0.958,0,0
9791,1.4819707803525,0.9582,0,0
9792,1.4819713588542,0.9584,0,0
9793,1.4819719373556,0.9586,0,0
9794,1.4819725158568,0.9588,0,0
9795,1.4819730943577,0.959,0,0
9796,1.4819736728584,0.9592,0,0
9797,1.4819742513589,0.9594,0,0
9798,1.4819748298592,0.9596,0,0
9799,1.4819754083592,0.9598,0,0
9800,1.481975986859,0.96,0,0
9801,1.4819765653586,0.9602,0,0
9802,1.481977143858,0.9604,0,0
9803,1.4819777223571,0.9606,0,0
9804,1.481978300856,0.9608,0,0
9805,1.4819788793547,0.961,0,0
9806,1.4819794578532,0.9612,0,0
9807,1.4819800363514,0.9614,0,0
9808,1.4819806148494,0.9616,0,0
9809,1.4819811933472,0.9618,0,0
9810,1.4819817718447,0.962,0,0
9811,1.4819823503421,0.9622,0,0
9812,1.4819829288392,0.9624,0,0
9813,1.481983507336,0.9626,0,0
9814,1.4819840858327,0.9628,0,0
9815,1.4819846643291,0.963,0,0
9816,1.4819852428253,0.9632,0,0
9817,1.4819858213212,0.9634,0,0
9818,1.481986399817,0.9636,0,0
9819,1.4819869783125,0.9638,0,0
9820,1.4819875568078,0.964,0,0
9821,1.4819881353028,0.9642,0,0
9822,1.4819887137976,0.9644,0,0
9823,1.4819892922922,0.9646,0,0
9824,1.4819898707866,0.9648,0,0
9825,1.4819904492808,0.965,0,0
9826,1.4819910277747,0.9652,0,0
9827,1.4819916062684,0.9654,0,0
9828,1.4819921847619,0.9656,0,0
9829,1.4819927632551,0.9658,0,0
9830,1.4819933417481,0.966,0,0
9831,1.4819939202409,0.9662,0,0
9832,1.4819944987335,0.9664,0,0
9833,1.4819950772258,0.9666,0,0
9834,1.4819956557179,0.9668,0,0
9835,1.4819962342098,0.967,0,0
9836,1.4819968127014,0.9672,0,0
9837,1.4819973911929,0.9674,0,0
9838,1.4819979696841,0.9676,0,0
9839,1.481998548175,0.9678,0,0
9840,1.4819991266658,0.968,0,0
9841,1.4819997051563,0.9682,0,0
9842,1.4820002836466,0.9684,0,0
9843,1.4820008621367,0.9686,0,0
9844,1.4820014406265,0.9688,0,0
9845,1.4820020191161,0.969,0,0
9846,1.4820025976055,0.9692,0,0
9847,1.4820031760947,0.9694,0,0
9848,1.4820037545836,0.9696,0,0
9849,1.4820043330723,0.9698,0,0
9850,1.4820049115608,0.97,0,0
9851,1.482005490049,0.9702,0,0
9852,1.4820060685371,0.9704,0,0
9853,1.4820066470249,0.9706,0,0
9854,1.4820072255124,0.9708,0,0
9855,1.4820078039998,0.971,0,0
9856,1.4820083824869,0.9712,0,0
9857,1.4820089609738,0.9714,0,0
9858,1.4820095394605,0.9716,0,0
9859,1.4820101179469,0.9718,0,0
9860,1.4820106964331,0.972,0,0
9861,1.4820112749191,0.9722,0,0
9862,1.4820118534049,0.9724,0,0
9863,1.4820124318904,0.9726,0,0
9864,1.4820130103757,0.9728,0,0
9865,1.4820135888608,0.973,0,0
9866,1.4820141673456,0.9732,0,0
9867,1.4820147458303,0.9734,0,0
9868,1.4820153243147,0.9736,0,0
9869,1.4820159027988,0.9738,0,0
9870,1.4820164812828,0.974,0,0
9871,1.4820170597665,0.9742,0,0
9872,1.48201763825,0.9744,0,0
9873,1.4820182167333,0.9746,0,0
9874,1.4820187952163,0.9748,0,0
9875,1.4820193736991,0.975,0,0
9876,1.4820199521817,0.9752,0,0
9877,1.4820205306641,0.9754,0,0
9878,1.4820211091462,0.9756,0,0
9879,1.4820216876281,0.9758,0,0
9880,1.4820222661098,0.976,0,0
9881,1.4820228445912,0.9762,0,0
9882,1.4820234230725,0.9764,0,0
9883,1.4820240015535,0.9766,0,0
9884,1.4820245800342,0.9768,0,0
9885,1.4820251585148,0.977,0,0
9886,1.4820257369951,0.9772,0,0
9887,1.4820263154752,0.9774,0,0
9888,1.4820268939551,0.9776,0,0
9889,1.4820274724347,0.9778,0,0
9890,1.4820280509141,0.978,0,0
9891,1.4820286293933,0.9782,0,0
9892,1.4820292078723,0.9784,0,0
9893,1.482029786351,0.9786,0,0
9894,1.4820303648295,0.9788,0,0
9895,1.4820309433078,0.979,0,0
9896,1.4820315217858,0.9792,0,0
9897,1.4820321002636,0.9794,0,0
9898,1.4820326787412,0.9796,0,0
9899,1.4820332572186,0.9798,0,0
9900,1.4820338356958,0.98,0,0
9901,1.4820344141727,0.9802,0,0
9902,1.4820349926494,0.9804,0,0
9903,1.4820355711258,0.9806,0,0
9904,1.4820361496021,0.9808,0,0
9905,1.4820367280781,0.981,0,0
9906,1.4820373065539,0.9812,0,0
9907,1.4820378850294,0.9814,0,0
9908,1.4820384635048,0.9816,0,0
9909,1.4820390419799,0.9818,0,0
9910,1.4820396204547,0.982,0,0
9911,1.4820401989294,0.9822,0,0
9912,1.4820407774038,0.9824,0,0
9913,1.482041355878,0.9826,0,0
9914,1.482041934352,0.9828,0,0
9915,1.4820425128257,0.983,0,0
9916,1.4820430912993,0.9832,0,0
9917,1.4820436697725,0.9834,0,0
9918,1.4820442482456,0.9836,0,0
9919,1.4820448267184,0.9838,0,0
9920,1.4820454051911,0.984,0,0
9921,1.4820459836634,0.9842,0,0
9922,1.4820465621356,0.9844,0,0
9923,1.4820471406075,0.9846,0,0
9924,1.4820477190792,0.9848,0,0
9925,1.4820482975507,0.985,0,0
9926,1.482048876022,0.9852,0,0
9927,1.482049454493,0.9854,0,0
9928,1.4820500329638,0.9856,0,0
9929,1.4820506114344,0.9858,0,0
9930,1.4820511899047,0.986,0,0
9931,1.4820517683748,0.9862,0,0
9932,1.4820523468447,0.9864,0,0
9933,1.4820529253144,0.9866,0,0
9934,1.4820535037838,0.9868,0,0
9935,1.482054082253,0.987,0,0
9936,1.482054660722,0.9872,0,0
9937,1.4820552391908,0.9874,0,0
9938,1.4820558176593,0.9876,0,0
9939,1.4820563961276,0.9878,0,0
9940,1.4820569745957,0.988,0,0
9941,1.4820575530635,0.9882,0,0
9942,1.4820581315311,0.9884,0,0
9943,1.4820587099985,0.9886,0,0
9944,1.4820592884657,0.9888,0,0
9945,1.4820598669327,0.989,0,0
9946,1.4820604453994,0.9892,0,0
9947,1.4820610238659,0.9894,0,0
9948,1.4820616023321,0.9896,0,0
9949,1.4820621807982,0.9898,0,0
9950,1.482062759264,0.99,0,0
9951,1.4820633377296,0.9902,0,0
9952,1.4820639161949,0.9904,0,0
9953,1.48206449466,0.9906,0,0
9954,1.4820650731249,0.9908,0,0
9955,1.4820656515896,0.991,0,0
9956,1.4820662300541,0.9912,0,0
9957,1.4820668085183,0.9914,0,0
9958,1.4820673869823,0.9916,0,0
9959,1.4820679654461,0.9918,0,0
9960,1.4820685439096,0.992,0,0
9961,1.4820691223729,0.9922,0,0
9962,1.482069700836,0.9924,0,0
9963,1.4820702792989,0.9926,0,0
9964,1.4820708577615,0.9928,0,0
9965,1.4820714362239,0.993,0,0
9966,1.4820720146861,0.9932,0,0
9967,1.4820725931481,0.9934,0,0
9968,1.4820731716098,0.9936,0,0
9969,1.4820737500713,0.9938,0,0
9970,1.4820743285326,0.994,0,0
9971,1.4820749069936,0.9942,0,0
9972,1.4820754854544,0.9944,0,0
9973,1.482076063915,0.9946,0,0
9974,1.4820766423754,0.9948,0,0
9975,1.4820772208356,0.995,0,0
9976,1.4820777992955,0.9952,0,0
9977,1.4820783777552,0.9954,0,0
9978,1.4820789562146,0.9956,0,0
9979,1.4820795346739,0.9958,0,0
9980,1.4820801131329,0.996,0,0
9981,1.4820806915917,0.9962,0,0
9982,1.4820812700502,0.9964,0,0
9983,1.4820818485085,0.9966,0,0
9984,1.4820824269666,0.9968,0,0
9985,1.4820830054245,0.997,0,0
9986,1.4820835838822,0.9972,0,0
9987,1.4820841623396,0.9974,0,0
9988,1.4820847407968,0.9976,0,0
9989,1.4820853192536,0.9978,0,0
9990,1.4820858977113,0.998,0,0
9991,1.4820864761633,0.9982,0,0
9992,1.4820870546409,0.9984,0,0
9993,1.4820876329958,0.9986,0,0
9994,1.4820882119319,0.9988,0,0
9995,1.4820887881075,0.999,0,0
9996,1.4820893773872,0.9992,0,0
9997,1.4820899044555,0.9994,0,0
9998,1.4820907268611,0.9996,0,0
15004,1.4820879159303,0.9997,0,0
15010,1.4820686889514,0.99975,0,0
9999,1.4819383799194,0.9998,0,0
15008,1.4810462971835,0.99985,0,0
15001,1.4749420688461,0.9999,0,0
15020,1.4648251522801,0.999925,0,0
15026,1.45567219153,0.9999375,0,0
15009,1.4418905026992,0.99995,0,0
15025,1.4210654170368,0.9999625,0,0
15016,1.3895479989203,0.999975,0,0
15023,1.3418151094817,0.9999875,0,0
10000,1.269499560578,1,0,0
