cm,id,x,y,z
0.20415410770733,5000,0,0,0
0.20582066337733,15027,1.25e-05,0,0
0.20655385775274,15018,2.5e-05,0,0
0.20700883378872,15012,5e-05,0,0
0.20709197111973,15022,7.5e-05,0,0
0.2071071637099,15003,0.0001,0,0
0.20711024586054,15013,0.00015,0,0
0.20711031093135,5001,0.0002,0,0
0.20711031120769,15014,0.00025,0,0
0.20711031009214,15006,0.0003,0,0
0.20711030780048,5002,0.0004,0,0
0.20711030321645,5003,0.0006,0,0
0.2071102986329,5004,0.0008,0,0
0.20711029404982,5005,0.001,0,0
0.20711028946722,5006,0.0012,0,0
0.20711028488511,5007,0.0014,0,0
0.20711028030347,5008,0.0016,0,0
0.2071102757223,5009,0.0018,0,0
0.20711027114162,5010,0.002,0,0
0.20711026656142,5011,0.0022,0,0
0.20711026198169,5012,0.0024,0,0
0.20711025740244,5013,0.0026,0,0
0.20711025282367,5014,0.0028,0,0
0.20711024824538,5015,0.003,0,0
0.20711024366757,5016,0.0032,0,0
0.20711023909023,5017,0.0034,0,0
0.20711023451338,5018,0.0036,0,0
0.207110229937,5019,0.0038,0,0
0.2071102253611,5020,0.004,0,0
0.20711022078568,5021,0.0042,0,0
0.20711021621074,5022,0.0044,0,0
0.20711021163627,5023,0.0046,0,0
0.20711020706229,5024,0.0048,0,0
0.20711020248878,5025,0.005,0,0
0.20711019791575,5026,0.0052,0,0
0.2071101933432,5027,0.0054,0,0
0.20711018877113,5028,0.0056,0,0
0.20711018419953,5029,0.0058,0,0
0.20711017962842,5030,0.006,0,0
0.20711017505778,5031,0.0062,0,0
0.20711017048762,5032,0.0064,0,0
0.20711016591794,5033,0.0066,0,0
0.20711016134873,5034,0.0068,0,0
0.20711015678001,5035,0.007,0,0
0.20711015221176,5036,0.0072,0,0
0.207110147644,5037,0.0074,0,0
0.20711014307671,5038,0.0076,0,0
0.20711013850989,5039,0.0078,0,0
0.20711013394356,5040,0.008,0,0
0.20711012937771,5041,0.0082,0,0
0.20711012481233,5042,0.0084,0,0
0.20711012024743,5043,0.0086,0,0
0.20711011568301,5044,0.0088,0,0
0.20711011111907,5045,0.009,0,0
0.2071101065556,5046,0.0092,0,0
0.20711010199262,5047,0.0094,0,0
0.20711009743011,5048,0.0096,0,0
0.20711009286808,5049,0.0098,0,0
0.20711008830653,5050,0.01,0,0
0.20711008374545,5051,0.0102,0,0
0.20711007918486,5052,0.0104,0,0
0.20711007462474,5053,0.0106,0,0
0.2071100700651,5054,0.0108,0,0
0.20711006550594,5055,0.011,0,0
0.20711006094726,5056,0.0112,0,0
0.20711005638905,5057,0.0114,0,0
0.20711005183133,5058,0.0116,0,0
0.20711004727408,5059,0.0118,0,0
0.20711004271731,5060,0.012,0,0
0.20711003816101,5061,0.0122,0,0
0.2071100336052,5062,0.0124,0,0
0.20711002904986,5063,0.0126,0,0
0.207110024495,5064,0.0128,0,0
0.20711001994062,5065,0.013,0,0
0.20711001538672,5066,0.0132,0,0
0.20711001083329,5067,0.0134,0,0
0.20711000628035,5068,0.0136,0,0
0.20711000172788,5069,0.0138,0,0
0.20710999717588,5070,0.014,0,0
0.20710999262437,5071,0.0142,0,0
0.20710998807334,5072,0.0144,0,0
0.20710998352278,5073,0.0146,0,0
0.2071099789727,5074,0.0148,0,0
0.20710997442309,5075,0.015,0,0
0.20710996987397,5076,0.0152,0,0
0.20710996532532,5077,0.0154,0,0
0.20710996077715,5078,0.0156,0,0
0.20710995622946,5079,0.0158,0,0
0.20710995168225,5080,0.016,0,0
0.20710994713551,5081,0.0162,0,0
0.20710994258925,5082,0.0164,0,0
0.20710993804347,5083,0.0166,0,0
0.20710993349817,5084,0.0168,0,0
0.20710992895335,5085,0.017,0,0
0.207109924409,5086,0.0172,0,0
0.20710991986513,5087,0.0174,0,0
0.20710991532173,5088,0.0176,0,0
0.20710991077882,5089,0.0178,0,0
0.20710990623638,5090,0.018,0,0
0.20710990169442,5091,0.0182,0,0
0.20710989715294,5092,0.0184,0,0
0.20710989261194,5093,0.0186,0,0
0.20710988807141,5094,0.0188,0,0
0.20710988353136,5095,0.019,0,0
0.20710987899179,5096,0.0192,0,0
0.20710987445269,5097,0.0194,0,0
0.20710986991407,5098,0.0196,0,0
0.20710986537593,5099,0.0198,0,0
0.20710986083827,5100,0.02,0,0
0.20710985630108,5101,0.0202,0,0
0.20710985176438,5102,0.0204,0,0
0.20710984722814,5103,0.0206,0,0
0.20710984269239,5104,0.0208,0,0
0.20710983815711,5105,0.021,0,0
0.20710983362231,5106,0.0212,0,0
0.20710982908799,5107,0.0214,0,0
0.20710982455415,5108,0.0216,0,0
0.20710982002078,5109,0.0218,0,0
0.20710981548789,5110,0.022,0,0
0.20710981095548,5111,0.0222,0,0
0.20710980642354,5112,0.0224,0,0
0.20710980189208,5113,0.0226,0,0
0.2071097973611,5114,0.0228,0,0
0.20710979283059,5115,0.023,0,0
0.20710978830056,5116,0.0232,0,0
0.20710978377101,5117,0.0234,0,0
0.20710977924194,5118,0.0236,0,0
0.20710977471334,5119,0.0238,0,0
0.20710977018522,5120,0.024,0,0
0.20710976565758,5121,0.0242,0,0
0.20710976113041,5122,0.0244,0,0
0.20710975660372,5123,0.0246,0,0
0.20710975207751,5124,0.0248,0,0
0.20710974755177,5125,0.025,0,0
0.20710974302651,5126,0.0252,0,0
0.20710973850173,5127,0.0254,0,0
0.20710973397742,5128,0.0256,0,0
0.20710972945359,5129,0.0258,0,0
0.20710972493024,5130,0.026,0,0
0.20710972040737,5131,0.0262,0,0
0.20710971588497,5132,0.0264,0,0
0.20710971136304,5133,0.0266,0,0
0.2071097068416,5134,0.0268,0,0
0.20710970232063,5135,0.027,0,0
0.20710969780013,5136,0.0272,0,0
0.20710969328012,5137,0.0274,0,0
0.20710968876058,5138,0.0276,0,0
0.20710968424151,5139,0.0278,0,0
0.20710967972293,5140,0.028,0,0
0.20710967520481,5141,0.0282,0,0
0.20710967068718,5142,0.0284,0,0
0.20710966617002,5143,0.0286,0,0
0.20710966165334,5144,0.0288,0,0
0.20710965713713,5145,0.029,0,0
0.2071096526214,5146,0.0292,0,0
0.20710964810615,5147,0.0294,0,0
0.20710964359137,5148,0.0296,0,0
0.20710963907707,5149,0.0298,0,0
0.20710963456325,5150,0.03,0,0
0.2071096300499,5151,0.0302,0,0
0.20710962553703,5152,0.0304,0,0
0.20710962102463,5153,0.0306,0,0
0.20710961651271,5154,0.0308,0,0
0.20710961200126,5155,0.031,0,0
0.20710960749029,5156,0.0312,0,0
0.2071096029798,5157,0.0314,0,0
0.20710959846978,5158,0.0316,0,0
0.20710959396024,5159,0.0318,0,0
0.20710958945118,5160,0.032,0,0
0.20710958494259,5161,0.0322,0,0
0.20710958043447,5162,0.0324,0,0
0.20710957592684,5163,0.0326,0,0
0.20710957141967,5164,0.0328,0,0
0.20710956691299,5165,0.033,0,0
0.20710956240677,5166,0.0332,0,0
0.20710955790104,5167,0.0334,0,0
0.20710955339578,5168,0.0336,0,0
0.20710954889099,5169,0.0338,0,0
0.20710954438669,5170,0.034,0,0
0.20710953988285,5171,0.0342,0,0
0.20710953537949,5172,0.0344,0,0
0.20710953087661,5173,0.0346,0,0
0.2071095263742,5174,0.0348,0,0
0.20710952187227,5175,0.035,0,0
0.20710951737081,5176,0.0352,0,0
0.20710951286983,5177,0.0354,0,0
0.20710950836933,5178,0.0356,0,0
0.20710950386929,5179,0.0358,0,0
0.20710949936974,5180,0.036,0,0
0.20710949487066,5181,0.0362,0,0
0.20710949037205,5182,0.0364,0,0
0.20710948587392,5183,0.0366,0,0
0.20710948137627,5184,0.0368,0,0
0.20710947687908,5185,0.037,0,0
0.20710947238238,5186,0.0372,0,0
0.20710946788615,5187,0.0374,0,0
0.20710946339039,5188,0.0376,0,0
0.20710945889511,5189,0.0378,0,0
0.2071094544003,5190,0.038,0,0
0.20710944990597,5191,0.0382,0,0
0.20710944541211,5192,0.0384,0,0
0.20710944091873,5193,0.0386,0,0
0.20710943642582,5194,0.0388,0,0
0.20710943193339,5195,0.039,0,0
0.20710942744143,5196,0.0392,0,0
0.20710942294995,5197,0.0394,0,0
0.20710941845894,5198,0.0396,0,0
0.2071094139684,5199,0.0398,0,0
0.20710940947834,5200,0.04,0,0
0.20710940498876,5201,0.0402,0,0
0.20710940049964,5202,0.0404,0,0
0.20710939601101,5203,0.0406,0,0
0.20710939152284,5204,0.0408,0,0
0.20710938703515,5205,0.041,0,0
0.20710938254794,5206,0.0412,0,0
0.2071093780612,5207,0.0414,0,0
0.20710937357493,5208,0.0416,0,0
0.20710936908914,5209,0.0418,0,0
0.20710936460382,5210,0.042,0,0
0.20710936011897,5211,0.0422,0,0
0.2071093556346,5212,0.0424,0,0
0.20710935115071,5213,0.0426,0,0
0.20710934666728,5214,0.0428,0,0
0.20710934218433,5215,0.043,0,0
0.20710933770186,5216,0.0432,0,0
0.20710933321986,5217,0.0434,0,0
0.20710932873833,5218,0.0436,0,0
0.20710932425727,5219,0.0438,0,0
0.20710931977669,5220,0.044,0,0
0.20710931529659,5221,0.0442,0,0
0.20710931081695,5222,0.0444,0,0
0.20710930633779,5223,0.0446,0,0
0.2071093018591,5224,0.0448,0,0
0.20710929738089,5225,0.045,0,0
0.20710929290315,5226,0.0452,0,0
0.20710928842588,5227,0.0454,0,0
0.20710928394909,5228,0.0456,0,0
0.20710927947277,5229,0.0458,0,0
0.20710927499692,5230,0.046,0,0
0.20710927052155,5231,0.0462,0,0
0.20710926604665,5232,0.0464,0,0
0.20710926157222,5233,0.0466,0,0
0.20710925709826,5234,0.0468,0,0
0.20710925262478,5235,0.047,0,0
0.20710924815177,5236,0.0472,0,0
0.20710924367924,5237,0.0474,0,0
0.20710923920717,5238,0.0476,0,0
0.20710923473558,5239,0.0478,0,0
0.20710923026446,5240,0.048,0,0
0.20710922579382,5241,0.0482,0,0
0.20710922132365,5242,0.0484,0,0
0.20710921685395,5243,0.0486,0,0
0.20710921238472,5244,0.0488,0,0
0.20710920791596,5245,0.049,0,0
0.20710920344768,5246,0.0492,0,0
0.20710919897987,5247,0.0494,0,0
0.20710919451253,5248,0.0496,0,0
0.20710919004567,5249,0.0498,0,0
0.20710918557927,5250,0.05,0,0
0.20710918111335,5251,0.0502,0,0
0.2071091766479,5252,0.0504,0,0
0.20710917218292,5253,0.0506,0,0
0.20710916771842,5254,0.0508,0,0
0.20710916325439,5255,0.051,0,0
0.20710915879083,5256,0.0512,0,0
0.20710915432774,5257,0.0514,0,0
0.20710914986512,5258,0.0516,0,0
0.20710914540297,5259,0.0518,0,0
0.2071091409413,5260,0.052,0,0
0.2071091364801,5261,0.0522,0,0
0.20710913201937,5262,0.0524,0,0
0.20710912755911,5263,0.0526,0,0
0.20710912309932,5264,0.0528,0,0
0.20710911864001,5265,0.053,0,0
0.20710911418116,5266,0.0532,0,0
0.20710910972279,5267,0.0534,0,0
0.20710910526489,5268,0.0536,0,0
0.20710910080746,5269,0.0538,0,0
0.2071090963505,5270,0.054,0,0
0.20710909189401,5271,0.0542,0,0
0.20710908743799,5272,0.0544,0,0
0.20710908298245,5273,0.0546,0,0
0.20710907852737,5274,0.0548,0,0
0.20710907407277,5275,0.055,0,0
0.20710906961864,5276,0.0552,0,0
0.20710906516498,5277,0.0554,0,0
0.20710906071179,5278,0.0556,0,0
0.20710905625907,5279,0.0558,0,0
0.20710905180682,5280,0.056,0,0
0.20710904735504,5281,0.0562,0,0
0.20710904290373,5282,0.0564,0,0
0.20710903845289,5283,0.0566,0,0
0.20710903400252,5284,0.0568,0,0
0.20710902955263,5285,0.057,0,0
0.2071090251032,5286,0.0572,0,0
0.20710902065425,5287,0.0574,0,0
0.20710901620576,5288,0.0576,0,0
0.20710901175775,5289,0.0578,0,0
0.2071090073102,5290,0.058,0,0
0.20710900286313,5291,0.0582,0,0
0.20710899841652,5292,0.0584,0,0
0.20710899397039,5293,0.0586,0,0
0.20710898952472,5294,0.0588,0,0
0.20710898507953,5295,0.059,0,0
0.2071089806348,5296,0.0592,0,0
0.20710897619054,5297,0.0594,0,0
0.20710897174676,5298,0.0596,0,0
0.20710896730344,5299,0.0598,0,0
0.2071089628606,5300,0.06,0,0
0.20710895841822,5301,0.0602,0,0
0.20710895397631,5302,0.0604,0,0
0.20710894953487,5303,0.0606,0,0
0.20710894509391,5304,0.0608,0,0
0.20710894065341,5305,0.061,0,0
0.20710893621338,5306,0.0612,0,0
0.20710893177382,5307,0.0614,0,0
0.20710892733473,5308,0.0616,0,0
0.2071089228961,5309,0.0618,0,0
0.20710891845795,5310,0.062,0,0
0.20710891402027,5311,0.0622,0,0
0.20710890958305,5312,0.0624,0,0
0.2071089051463,5313,0.0626,0,0
0.20710890071003,5314,0.0628,0,0
0.20710889627422,5315,0.063,0,0
0.20710889183888,5316,0.0632,0,0
0.207108887404,5317,0.0634,0,0
0.2071088829696,5318,0.0636,0,0
0.20710887853567,5319,0.0638,0,0
0.2071088741022,5320,0.064,0,0
0.2071088696692,5321,0.0642,0,0
0.20710886523667,5322,0.0644,0,0
0.20710886080461,5323,0.0646,0,0
0.20710885637302,5324,0.0648,0,0
0.20710885194189,5325,0.065,0,0
0.20710884751124,5326,0.0652,0,0
0.20710884308105,5327,0.0654,0,0
0.20710883865133,5328,0.0656,0,0
0.20710883422207,5329,0.0658,0,0
0.20710882979329,5330,0.066,0,0
0.20710882536497,5331,0.0662,0,0
0.20710882093712,5332,0.0664,0,0
0.20710881650974,5333,0.0666,0,0
0.20710881208282,5334,0.0668,0,0
0.20710880765638,5335,0.067,0,0
0.2071088032304,5336,0.0672,0,0
0.20710879880488,5337,0.0674,0,0
0.20710879437984,5338,0.0676,0,0
0.20710878995526,5339,0.0678,0,0
0.20710878553115,5340,0.068,0,0
0.20710878110751,5341,0.0682,0,0
0.20710877668433,5342,0.0684,0,0
0.20710877226162,5343,0.0686,0,0
0.20710876783938,5344,0.0688,0,0
0.2071087634176,5345,0.069,0,0
0.20710875899629,5346,0.0692,0,0
0.20710875457545,5347,0.0694,0,0
0.20710875015508,5348,0.0696,0,0
0.20710874573517,5349,0.0698,0,0
0.20710874131572,5350,0.07,0,0
0.20710873689675,5351,0.0702,0,0
0.20710873247824,5352,0.0704,0,0
0.2071087280602,5353,0.0706,0,0
0.20710872364262,5354,0.0708,0,0
0.20710871922551,5355,0.071,0,0
0.20710871480886,5356,0.0712,0,0
0.20710871039269,5357,0.0714,0,0
0.20710870597697,5358,0.0716,0,0
0.20710870156173,5359,0.0718,0,0
0.20710869714695,5360,0.072,0,0
0.20710869273263,5361,0.0722,0,0
0.20710868831878,5362,0.0724,0,0
0.2071086839054,5363,0.0726,0,0
0.20710867949248,5364,0.0728,0,0
0.20710867508003,5365,0.073,0,0
0.20710867066804,5366,0.0732,0,0
0.20710866625652,5367,0.0734,0,0
0.20710866184546,5368,0.0736,0,0
0.20710865743487,5369,0.0738,0,0
0.20710865302475,5370,0.074,0,0
0.20710864861509,5371,0.0742,0,0
0.20710864420589,5372,0.0744,0,0
0.20710863979716,5373,0.0746,0,0
0.20710863538889,5374,0.0748,0,0
0.20710863098109,5375,0.075,0,0
0.20710862657376,5376,0.0752,0,0
0.20710862216688,5377,0.0754,0,0
0.20710861776048,5378,0.0756,0,0
0.20710861335453,5379,0.0758,0,0
0.20710860894906,5380,0.076,0,0
0.20710860454404,5381,0.0762,0,0
0.20710860013949,5382,0.0764,0,0
0.20710859573541,5383,0.0766,0,0
0.20710859133179,5384,0.0768,0,0
0.20710858692863,5385,0.077,0,0
0.20710858252594,5386,0.0772,0,0
0.20710857812371,5387,0.0774,0,0
0.20710857372194,5388,0.0776,0,0
0.20710856932064,5389,0.0778,0,0
0.2071085649198,5390,0.078,0,0
0.20710856051943,5391,0.0782,0,0
0.20710855611952,5392,0.0784,0,0
0.20710855172007,5393,0.0786,0,0
0.20710854732109,5394,0.0788,0,0
0.20710854292257,5395,0.079,0,0
0.20710853852451,5396,0.0792,0,0
0.20710853412692,5397,0.0794,0,0
0.20710852972979,5398,0.0796,0,0
0.20710852533312,5399,0.0798,0,0
0.20710852093692,5400,0.08,0,0
0.20710851654118,5401,0.0802,0,0
0.2071085121459,5402,0.0804,0,0
0.20710850775108,5403,0.0806,0,0
0.20710850335673,5404,0.0808,0,0
0.20710849896284,5405,0.081,0,0
0.20710849456941,5406,0.0812,0,0
0.20710849017645,5407,0.0814,0,0
0.20710848578394,5408,0.0816,0,0
0.2071084813919,5409,0.0818,0,0
0.20710847700032,5410,0.082,0,0
0.20710847260921,5411,0.0822,0,0
0.20710846821855,5412,0.0824,0,0
0.20710846382836,5413,0.0826,0,0
0.20710845943863,5414,0.0828,0,0
0.20710845504936,5415,0.083,0,0
0.20710845066056,5416,0.0832,0,0
0.20710844627221,5417,0.0834,0,0
0.20710844188433,5418,0.0836,0,0
0.2071084374969,5419,0.0838,0,0
0.20710843310994,5420,0.084,0,0
0.20710842872345,5421,0.0842,0,0
0.20710842433741,5422,0.0844,0,0
0.20710841995183,5423,0.0846,0,0
0.20710841556672,5424,0.0848,0,0
0.20710841118206,5425,0.085,0,0
0.20710840679787,5426,0.0852,0,0
0.20710840241413,5427,0.0854,0,0
0.20710839803086,5428,0.0856,0,0
0.20710839364805,5429,0.0858,0,0
0.2071083892657,5430,0.086,0,0
0.20710838488381,5431,0.0862,0,0
0.20710838050238,5432,0.0864,0,0
0.20710837612141,5433,0.0866,0,0
0.2071083717409,5434,0.0868,0,0
0.20710836736086,5435,0.087,0,0
0.20710836298127,5436,0.0872,0,0
0.20710835860214,5437,0.0874,0,0
0.20710835422347,5438,0.0876,0,0
0.20710834984526,5439,0.0878,0,0
0.20710834546751,5440,0.088,0,0
0.20710834109023,5441,0.0882,0,0
0.2071083367134,5442,0.0884,0,0
0.20710833233703,5443,0.0886,0,0
0.20710832796112,5444,0.0888,0,0
0.20710832358567,5445,0.089,0,0
0.20710831921068,5446,0.0892,0,0
0.20710831483614,5447,0.0894,0,0
0.20710831046207,5448,0.0896,0,0
0.20710830608846,5449,0.0898,0,0
0.2071083017153,5450,0.09,0,0
0.20710829734261,5451,0.0902,0,0
0.20710829297037,5452,0.0904,0,0
0.20710828859859,5453,0.0906,0,0
0.20710828422727,5454,0.0908,0,0
0.20710827985641,5455,0.091,0,0
0.20710827548601,5456,0.0912,0,0
0.20710827111606,5457,0.0914,0,0
0.20710826674658,5458,0.0916,0,0
0.20710826237755,5459,0.0918,0,0
0.20710825800898,5460,0.092,0,0
0.20710825364087,5461,0.0922,0,0
0.20710824927322,5462,0.0924,0,0
0.20710824490602,5463,0.0926,0,0
0.20710824053928,5464,0.0928,0,0
0.207108236173,5465,0.093,0,0
0.20710823180718,5466,0.0932,0,0
0.20710822744182,5467,0.0934,0,0
0.20710822307691,5468,0.0936,0,0
0.20710821871246,5469,0.0938,0,0
0.20710821434846,5470,0.094,0,0
0.20710820998493,5471,0.0942,0,0
0.20710820562185,5472,0.0944,0,0
0.20710820125923,5473,0.0946,0,0
0.20710819689706,5474,0.0948,0,0
0.20710819253536,5475,0.095,0,0
0.20710818817411,5476,0.0952,0,0
0.20710818381331,5477,0.0954,0,0
0.20710817945297,5478,0.0956,0,0
0.20710817509309,5479,0.0958,0,0
0.20710817073367,5480,0.096,0,0
0.2071081663747,5481,0.0962,0,0
0.20710816201619,5482,0.0964,0,0
0.20710815765813,5483,0.0966,0,0
0.20710815330053,5484,0.0968,0,0
0.20710814894339,5485,0.097,0,0
0.2071081445867,5486,0.0972,0,0
0.20710814023046,5487,0.0974,0,0
0.20710813587469,5488,0.0976,0,0
0.20710813151937,5489,0.0978,0,0
0.2071081271645,5490,0.098,0,0
0.20710812281009,5491,0.0982,0,0
0.20710811845613,5492,0.0984,0,0
0.20710811410263,5493,0.0986,0,0
0.20710810974959,5494,0.0988,0,0
0.207108105397,5495,0.099,0,0
0.20710810104486,5496,0.0992,0,0
0.20710809669318,5497,0.0994,0,0
0.20710809234196,5498,0.0996,0,0
0.20710808799119,5499,0.0998,0,0
0.20710808364087,5500,0.1,0,0
0.20710807929101,5501,0.1002,0,0
0.2071080749416,5502,0.1004,0,0
0.20710807059265,5503,0.1006,0,0
0.20710806624415,5504,0.1008,0,0
0.2071080618961,5505,0.101,0,0
0.20710805754851,5506,0.1012,0,0
0.20710805320137,5507,0.1014,0,0
0.20710804885469,5508,0.1016,0,0
0.20710804450846,5509,0.1018,0,0
0.20710804016269,5510,0.102,0,0
0.20710803581736,5511,0.1022,0,0
0.20710803147249,5512,0.1024,0,0
0.20710802712808,5513,0.1026,0,0
0.20710802278412,5514,0.1028,0,0
0.20710801844061,5515,0.103,0,0
0.20710801409755,5516,0.1032,0,0
0.20710800975495,5517,0.1034,0,0
0.2071080054128,5518,0.1036,0,0
0.2071080010711,5519,0.1038,0,0
0.20710799672985,5520,0.104,0,0
0.20710799238906,5521,0.1042,0,0
0.20710798804872,5522,0.1044,0,0
0.20710798370883,5523,0.1046,0,0
0.2071079793694,5524,0.1048,0,0
0.20710797503041,5525,0.105,0,0
0.20710797069188,5526,0.1052,0,0
0.2071079663538,5527,0.1054,0,0
0.20710796201618,5528,0.1056,0,0
0.207107957679,5529,0.1058,0,0
0.20710795334228,5530,0.106,0,0
0.207107949006,5531,0.1062,0,0
0.20710794467018,5532,0.1064,0,0
0.20710794033481,5533,0.1066,0,0
0.20710793599989,5534,0.1068,0,0
0.20710793166543,5535,0.107,0,0
0.20710792733141,5536,0.1072,0,0
0.20710792299785,5537,0.1074,0,0
0.20710791866473,5538,0.1076,0,0
0.20710791433207,5539,0.1078,0,0
0.20710790999986,5540,0.108,0,0
0.20710790566809,5541,0.1082,0,0
0.20710790133678,5542,0.1084,0,0
0.20710789700592,5543,0.1086,0,0
0.20710789267551,5544,0.1088,0,0
0.20710788834555,5545,0.109,0,0
0.20710788401604,5546,0.1092,0,0
0.20710787968698,5547,0.1094,0,0
0.20710787535837,5548,0.1096,0,0
0.20710787103021,5549,0.1098,0,0
0.20710786670249,5550,0.11,0,0
0.20710786237523,5551,0.1102,0,0
0.20710785804842,5552,0.1104,0,0
0.20710785372206,5553,0.1106,0,0
0.20710784939614,5554,0.1108,0,0
0.20710784507068,5555,0.111,0,0
0.20710784074566,5556,0.1112,0,0
0.2071078364211,5557,0.1114,0,0
0.20710783209698,5558,0.1116,0,0
0.20710782777331,5559,0.1118,0,0
0.20710782345009,5560,0.112,0,0
0.20710781912732,5561,0.1122,0,0
0.20710781480499,5562,0.1124,0,0
0.20710781048312,5563,0.1126,0,0
0.20710780616169,5564,0.1128,0,0
0.20710780184071,5565,0.113,0,0
0.20710779752018,5566,0.1132,0,0
0.2071077932001,5567,0.1134,0,0
0.20710778888046,5568,0.1136,0,0
0.20710778456128,5569,0.1138,0,0
0.20710778024254,5570,0.114,0,0
0.20710777592425,5571,0.1142,0,0
0.2071077716064,5572,0.1144,0,0
0.207107767289,5573,0.1146,0,0
0.20710776297205,5574,0.1148,0,0
0.20710775865555,5575,0.115,0,0
0.20710775433949,5576,0.1152,0,0
0.20710775002388,5577,0.1154,0,0
0.20710774570872,5578,0.1156,0,0
0.207107741394,5579,0.1158,0,0
0.20710773707973,5580,0.116,0,0
0.20710773276591,5581,0.1162,0,0
0.20710772845253,5582,0.1164,0,0
0.2071077241396,5583,0.1166,0,0
0.20710771982712,5584,0.1168,0,0
0.20710771551508,5585,0.117,0,0
0.20710771120349,5586,0.1172,0,0
0.20710770689234,5587,0.1174,0,0
0.20710770258164,5588,0.1176,0,0
0.20710769827138,5589,0.1178,0,0
0.20710769396157,5590,0.118,0,0
0.20710768965221,5591,0.1182,0,0
0.20710768534329,5592,0.1184,0,0
0.20710768103481,5593,0.1186,0,0
0.20710767672678,5594,0.1188,0,0
0.2071076724192,5595,0.119,0,0
0.20710766811206,5596,0.1192,0,0
0.20710766380536,5597,0.1194,0,0
0.20710765949911,5598,0.1196,0,0
0.2071076551933,5599,0.1198,0,0
0.20710765088794,5600,0.12,0,0
0.20710764658302,5601,0.1202,0,0
0.20710764227855,5602,0.1204,0,0
0.20710763797452,5603,0.1206,0,0
0.20710763367094,5604,0.1208,0,0
0.20710762936779,5605,0.121,0,0
0.2071076250651,5606,0.1212,0,0
0.20710762076284,5607,0.1214,0,0
0.20710761646103,5608,0.1216,0,0
0.20710761215966,5609,0.1218,0,0
0.20710760785874,5610,0.122,0,0
0.20710760355825,5611,0.1222,0,0
0.20710759925822,5612,0.1224,0,0
0.20710759495862,5613,0.1226,0,0
0.20710759065947,5614,0.1228,0,0
0.20710758636076,5615,0.123,0,0
0.20710758206249,5616,0.1232,0,0
0.20710757776466,5617,0.1234,0,0
0.20710757346728,5618,0.1236,0,0
0.20710756917034,5619,0.1238,0,0
0.20710756487384,5620,0.124,0,0
0.20710756057779,5621,0.1242,0,0
0.20710755628217,5622,0.1244,0,0
0.207107551987,5623,0.1246,0,0
0.20710754769227,5624,0.1248,0,0
0.20710754339798,5625,0.125,0,0
0.20710753910413,5626,0.1252,0,0
0.20710753481072,5627,0.1254,0,0
0.20710753051775,5628,0.1256,0,0
0.20710752622523,5629,0.1258,0,0
0.20710752193314,5630,0.126,0,0
0.2071075176415,5631,0.1262,0,0
0.2071075133503,5632,0.1264,0,0
0.20710750905954,5633,0.1266,0,0
0.20710750476922,5634,0.1268,0,0
0.20710750047933,5635,0.127,0,0
0.20710749618989,5636,0.1272,0,0
0.20710749190089,5637,0.1274,0,0
0.20710748761233,5638,0.1276,0,0
0.20710748332421,5639,0.1278,0,0
0.20710747903653,5640,0.128,0,0
0.20710747474929,5641,0.1282,0,0
0.20710747046249,5642,0.1284,0,0
0.20710746617612,5643,0.1286,0,0
0.2071074618902,5644,0.1288,0,0
0.20710745760472,5645,0.129,0,0
0.20710745331967,5646,0.1292,0,0
0.20710744903507,5647,0.1294,0,0
0.2071074447509,5648,0.1296,0,0
0.20710744046717,5649,0.1298,0,0
0.20710743618388,5650,0.13,0,0
0.20710743190103,5651,0.1302,0,0
0.20710742761862,5652,0.1304,0,0
0.20710742333664,5653,0.1306,0,0
0.2071074190551,5654,0.1308,0,0
0.207107414774,5655,0.131,0,0
0.20710741049334,5656,0.1312,0,0
0.20710740621312,5657,0.1314,0,0
0.20710740193333,5658,0.1316,0,0
0.20710739765399,5659,0.1318,0,0
0.20710739337508,5660,0.132,0,0
0.2071073890966,5661,0.1322,0,0
0.20710738481857,5662,0.1324,0,0
0.20710738054097,5663,0.1326,0,0
0.2071073762638,5664,0.1328,0,0
0.20710737198708,5665,0.133,0,0
0.20710736771079,5666,0.1332,0,0
0.20710736343494,5667,0.1334,0,0
0.20710735915952,5668,0.1336,0,0
0.20710735488454,5669,0.1338,0,0
0.20710735061,5670,0.134,0,0
0.20710734633589,5671,0.1342,0,0
0.20710734206222,5672,0.1344,0,0
0.20710733778898,5673,0.1346,0,0
0.20710733351618,5674,0.1348,0,0
0.20710732924382,5675,0.135,0,0
0.20710732497189,5676,0.1352,0,0
0.2071073207004,5677,0.1354,0,0
0.20710731642934,5678,0.1356,0,0
0.20710731215871,5679,0.1358,0,0
0.20710730788852,5680,0.136,0,0
0.20710730361877,5681,0.1362,0,0
0.20710729934945,5682,0.1364,0,0
0.20710729508057,5683,0.1366,0,0
0.20710729081212,5684,0.1368,0,0
0.2071072865441,5685,0.137,0,0
0.20710728227652,5686,0.1372,0,0
0.20710727800937,5687,0.1374,0,0
0.20710727374266,5688,0.1376,0,0
0.20710726947638,5689,0.1378,0,0
0.20710726521053,5690,0.138,0,0
0.20710726094512,5691,0.1382,0,0
0.20710725668014,5692,0.1384,0,0
0.20710725241559,5693,0.1386,0,0
0.20710724815148,5694,0.1388,0,0
0.2071072438878,5695,0.139,0,0
0.20710723962455,5696,0.1392,0,0
0.20710723536174,5697,0.1394,0,0
0.20710723109935,5698,0.1396,0,0
0.20710722683741,5699,0.1398,0,0
0.20710722257589,5700,0.14,0,0
0.2071072183148,5701,0.1402,0,0
0.20710721405415,5702,0.1404,0,0
0.20710720979393,5703,0.1406,0,0
0.20710720553414,5704,0.1408,0,0
0.20710720127479,5705,0.141,0,0
0.20710719701586,5706,0.1412,0,0
0.20710719275737,5707,0.1414,0,0
0.20710718849931,5708,0.1416,0,0
0.20710718424168,5709,0.1418,0,0
0.20710717998448,5710,0.142,0,0
0.20710717572771,5711,0.1422,0,0
0.20710717147137,5712,0.1424,0,0
0.20710716721546,5713,0.1426,0,0
0.20710716295998,5714,0.1428,0,0
0.20710715870494,5715,0.143,0,0
0.20710715445032,5716,0.1432,0,0
0.20710715019614,5717,0.1434,0,0
0.20710714594238,5718,0.1436,0,0
0.20710714168906,5719,0.1438,0,0
0.20710713743616,5720,0.144,0,0
0.20710713318369,5721,0.1442,0,0
0.20710712893166,5722,0.1444,0,0
0.20710712468005,5723,0.1446,0,0
0.20710712042887,5724,0.1448,0,0
0.20710711617812,5725,0.145,0,0
0.2071071119278,5726,0.1452,0,0
0.20710710767791,5727,0.1454,0,0
0.20710710342845,5728,0.1456,0,0
0.20710709917942,5729,0.1458,0,0
0.20710709493081,5730,0.146,0,0
0.20710709068263,5731,0.1462,0,0
0.20710708643489,5732,0.1464,0,0
0.20710708218756,5733,0.1466,0,0
0.20710707794067,5734,0.1468,0,0
0.20710707369421,5735,0.147,0,0
0.20710706944817,5736,0.1472,0,0
0.20710706520256,5737,0.1474,0,0
0.20710706095738,5738,0.1476,0,0
0.20710705671262,5739,0.1478,0,0
0.2071070524683,5740,0.148,0,0
0.2071070482244,5741,0.1482,0,0
0.20710704398092,5742,0.1484,0,0
0.20710703973787,5743,0.1486,0,0
0.20710703549525,5744,0.1488,0,0
0.20710703125306,5745,0.149,0,0
0.20710702701129,5746,0.1492,0,0
0.20710702276995,5747,0.1494,0,0
0.20710701852904,5748,0.1496,0,0
0.20710701428855,5749,0.1498,0,0
0.20710701004848,5750,0.15,0,0
0.20710700580884,5751,0.1502,0,0
0.20710700156963,5752,0.1504,0,0
0.20710699733085,5753,0.1506,0,0
0.20710699309248,5754,0.1508,0,0
0.20710698885455,5755,0.151,0,0
0.20710698461703,5756,0.1512,0,0
0.20710698037995,5757,0.1514,0,0
0.20710697614329,5758,0.1516,0,0
0.20710697190705,5759,0.1518,0,0
0.20710696767123,5760,0.152,0,0
0.20710696343585,5761,0.1522,0,0
0.20710695920088,5762,0.1524,0,0
0.20710695496634,5763,0.1526,0,0
0.20710695073222,5764,0.1528,0,0
0.20710694649853,5765,0.153,0,0
0.20710694226526,5766,0.1532,0,0
0.20710693803241,5767,0.1534,0,0
0.20710693379999,5768,0.1536,0,0
0.20710692956799,5769,0.1538,0,0
0.20710692533641,5770,0.154,0,0
0.20710692110526,5771,0.1542,0,0
0.20710691687453,5772,0.1544,0,0
0.20710691264422,5773,0.1546,0,0
0.20710690841433,5774,0.1548,0,0
0.20710690418487,5775,0.155,0,0
0.20710689995583,5776,0.1552,0,0
0.20710689572721,5777,0.1554,0,0
0.20710689149901,5778,0.1556,0,0
0.20710688727124,5779,0.1558,0,0
0.20710688304388,5780,0.156,0,0
0.20710687881695,5781,0.1562,0,0
0.20710687459044,5782,0.1564,0,0
0.20710687036435,5783,0.1566,0,0
0.20710686613868,5784,0.1568,0,0
0.20710686191343,5785,0.157,0,0
0.2071068576886,5786,0.1572,0,0
0.20710685346419,5787,0.1574,0,0
0.20710684924021,5788,0.1576,0,0
0.20710684501664,5789,0.1578,0,0
0.2071068407935,5790,0.158,0,0
0.20710683657077,5791,0.1582,0,0
0.20710683234847,5792,0.1584,0,0
0.20710682812658,5793,0.1586,0,0
0.20710682390511,5794,0.1588,0,0
0.20710681968407,5795,0.159,0,0
0.20710681546344,5796,0.1592,0,0
0.20710681124323,5797,0.1594,0,0
0.20710680702344,5798,0.1596,0,0
0.20710680280407,5799,0.1598,0,0
0.20710679858512,5800,0.16,0,0
0.20710679436658,5801,0.1602,0,0
0.20710679014847,5802,0.1604,0,0
0.20710678593077,5803,0.1606,0,0
0.2071067817135,5804,0.1608,0,0
0.20710677749664,5805,0.161,0,0
0.20710677328019,5806,0.1612,0,0
0.20710676906417,5807,0.1614,0,0
0.20710676484856,5808,0.1616,0,0
0.20710676063337,5809,0.1618,0,0
0.2071067564186,5810,0.162,0,0
0.20710675220425,5811,0.1622,0,0
0.20710674799031,5812,0.1624,0,0
0.20710674377679,5813,0.1626,0,0
0.20710673956368,5814,0.1628,0,0
0.20710673535099,5815,0.163,0,0
0.20710673113872,5816,0.1632,0,0
0.20710672692687,5817,0.1634,0,0
0.20710672271543,5818,0.1636,0,0
0.20710671850441,5819,0.1638,0,0
0.2071067142938,5820,0.164,0,0
0.20710671008361,5821,0.1642,0,0
0.20710670587383,5822,0.1644,0,0
0.20710670166447,5823,0.1646,0,0
0.20710669745553,5824,0.1648,0,0
0.207106693247,5825,0.165,0,0
0.20710668903888,5826,0.1652,0,0
0.20710668483118,5827,0.1654,0,0
0.2071066806239,5828,0.1656,0,0
0.20710667641702,5829,0.1658,0,0
0.20710667221057,5830,0.166,0,0
0.20710666800452,5831,0.1662,0,0
0.2071066637989,5832,0.1664,0,0
0.20710665959368,5833,0.1666,0,0
0.20710665538888,5834,0.1668,0,0
0.20710665118449,5835,0.167,0,0
0.20710664698052,5836,0.1672,0,0
0.20710664277696,5837,0.1674,0,0
0.20710663857381,5838,0.1676,0,0
0.20710663437108,5839,0.1678,0,0
0.20710663016875,5840,0.168,0,0
0.20710662596685,5841,0.1682,0,0
0.20710662176535,5842,0.1684,0,0
0.20710661756427,5843,0.1686,0,0
0.20710661336359,5844,0.1688,0,0
0.20710660916333,5845,0.169,0,0
0.20710660496349,5846,0.1692,0,0
0.20710660076405,5847,0.1694,0,0
0.20710659656503,5848,0.1696,0,0
0.20710659236641,5849,0.1698,0,0
0.20710658816821,5850,0.17,0,0
0.20710658397042,5851,0.1702,0,0
0.20710657977304,5852,0.1704,0,0
0.20710657557607,5853,0.1706,0,0
0.20710657137952,5854,0.1708,0,0
0.20710656718337,5855,0.171,0,0
0.20710656298763,5856,0.1712,0,0
0.20710655879231,5857,0.1714,0,0
0.20710655459739,5858,0.1716,0,0
0.20710655040288,5859,0.1718,0,0
0.20710654620879,5860,0.172,0,0
0.2071065420151,5861,0.1722,0,0
0.20710653782182,5862,0.1724,0,0
0.20710653362895,5863,0.1726,0,0
0.20710652943649,5864,0.1728,0,0
0.20710652524444,5865,0.173,0,0
0.2071065210528,5866,0.1732,0,0
0.20710651686157,5867,0.1734,0,0
0.20710651267075,5868,0.1736,0,0
0.20710650848033,5869,0.1738,0,0
0.20710650429032,5870,0.174,0,0
0.20710650010072,5871,0.1742,0,0
0.20710649591153,5872,0.1744,0,0
0.20710649172275,5873,0.1746,0,0
0.20710648753437,5874,0.1748,0,0
0.20710648334641,5875,0.175,0,0
0.20710647915884,5876,0.1752,0,0
0.20710647497169,5877,0.1754,0,0
0.20710647078494,5878,0.1756,0,0
0.2071064665986,5879,0.1758,0,0
0.20710646241267,5880,0.176,0,0
0.20710645822714,5881,0.1762,0,0
0.20710645404202,5882,0.1764,0,0
0.20710644985731,5883,0.1766,0,0
0.207106445673,5884,0.1768,0,0
0.2071064414891,5885,0.177,0,0
0.2071064373056,5886,0.1772,0,0
0.20710643312251,5887,0.1774,0,0
0.20710642893982,5888,0.1776,0,0
0.20710642475754,5889,0.1778,0,0
0.20710642057567,5890,0.178,0,0
0.2071064163942,5891,0.1782,0,0
0.20710641221313,5892,0.1784,0,0
0.20710640803247,5893,0.1786,0,0
0.20710640385221,5894,0.1788,0,0
0.20710639967236,5895,0.179,0,0
0.20710639549291,5896,0.1792,0,0
0.20710639131387,5897,0.1794,0,0
0.20710638713523,5898,0.1796,0,0
0.20710638295699,5899,0.1798,0,0
0.20710637877916,5900,0.18,0,0
0.20710637460173,5901,0.1802,0,0
0.2071063704247,5902,0.1804,0,0
0.20710636624808,5903,0.1806,0,0
0.20710636207186,5904,0.1808,0,0
0.20710635789604,5905,0.181,0,0
0.20710635372062,5906,0.1812,0,0
0.20710634954561,5907,0.1814,0,0
0.207106345371,5908,0.1816,0,0
0.20710634119679,5909,0.1818,0,0
0.20710633702298,5910,0.182,0,0
0.20710633284958,5911,0.1822,0,0
0.20710632867657,5912,0.1824,0,0
0.20710632450397,5913,0.1826,0,0
0.20710632033177,5914,0.1828,0,0
0.20710631615997,5915,0.183,0,0
0.20710631198857,5916,0.1832,0,0
0.20710630781757,5917,0.1834,0,0
0.20710630364697,5918,0.1836,0,0
0.20710629947678,5919,0.1838,0,0
0.20710629530698,5920,0.184,0,0
0.20710629113758,5921,0.1842,0,0
0.20710628696858,5922,0.1844,0,0
0.20710628279999,5923,0.1846,0,0
0.20710627863179,5924,0.1848,0,0
0.20710627446399,5925,0.185,0,0
0.20710627029659,5926,0.1852,0,0
0.20710626612959,5927,0.1854,0,0
0.20710626196299,5928,0.1856,0,0
0.20710625779679,5929,0.1858,0,0
0.20710625363098,5930,0.186,0,0
0.20710624946558,5931,0.1862,0,0
0.20710624530057,5932,0.1864,0,0
0.20710624113596,5933,0.1866,0,0
0.20710623697175,5934,0.1868,0,0
0.20710623280794,5935,0.187,0,0
0.20710622864452,5936,0.1872,0,0
0.2071062244815,5937,0.1874,0,0
0.20710622031888,5938,0.1876,0,0
0.20710621615666,5939,0.1878,0,0
0.20710621199483,5940,0.188,0,0
0.2071062078334,5941,0.1882,0,0
0.20710620367237,5942,0.1884,0,0
0.20710619951173,5943,0.1886,0,0
0.20710619535149,5944,0.1888,0,0
0.20710619119164,5945,0.189,0,0
0.20710618703219,5946,0.1892,0,0
0.20710618287314,5947,0.1894,0,0
0.20710617871448,5948,0.1896,0,0
0.20710617455622,5949,0.1898,0,0
0.20710617039835,5950,0.19,0,0
0.20710616624088,5951,0.1902,0,0
0.2071061620838,5952,0.1904,0,0
0.20710615792712,5953,0.1906,0,0
0.20710615377084,5954,0.1908,0,0
0.20710614961494,5955,0.191,0,0
0.20710614545944,5956,0.1912,0,0
0.20710614130434,5957,0.1914,0,0
0.20710613714963,5958,0.1916,0,0
0.20710613299531,5959,0.1918,0,0
0.20710612884139,5960,0.192,0,0
0.20710612468786,5961,0.1922,0,0
0.20710612053472,5962,0.1924,0,0
0.20710611638198,5963,0.1926,0,0
0.20710611222962,5964,0.1928,0,0
0.20710610807767,5965,0.193,0,0
0.2071061039261,5966,0.1932,0,0
0.20710609977493,5967,0.1934,0,0
0.20710609562415,5968,0.1936,0,0
0.20710609147376,5969,0.1938,0,0
0.20710608732376,5970,0.194,0,0
0.20710608317415,5971,0.1942,0,0
0.20710607902494,5972,0.1944,0,0
0.20710607487612,5973,0.1946,0,0
0.20710607072769,5974,0.1948,0,0
0.20710606657965,5975,0.195,0,0
0.207106062432,5976,0.1952,0,0
0.20710605828474,5977,0.1954,0,0
0.20710605413787,5978,0.1956,0,0
0.20710604999139,5979,0.1958,0,0
0.2071060458453,5980,0.196,0,0
0.2071060416996,5981,0.1962,0,0
0.2071060375543,5982,0.1964,0,0
0.20710603340938,5983,0.1966,0,0
0.20710602926485,5984,0.1968,0,0
0.20710602512071,5985,0.197,0,0
0.20710602097696,5986,0.1972,0,0
0.20710601683359,5987,0.1974,0,0
0.20710601269062,5988,0.1976,0,0
0.20710600854804,5989,0.1978,0,0
0.20710600440584,5990,0.198,0,0
0.20710600026403,5991,0.1982,0,0
0.20710599612261,5992,0.1984,0,0
0.20710599198158,5993,0.1986,0,0
0.20710598784094,5994,0.1988,0,0
0.20710598370068,5995,0.199,0,0
0.20710597956081,5996,0.1992,0,0
0.20710597542133,5997,0.1994,0,0
0.20710597128223,5998,0.1996,0,0
0.20710596714352,5999,0.1998,0,0
0.2071059630052,6000,0.2,0,0
0.20710595886727,6001,0.2002,0,0
0.20710595472972,6002,0.2004,0,0
0.20710595059255,6003,0.2006,0,0
0.20710594645578,6004,0.2008,0,0
0.20710594231939,6005,0.201,0,0
0.20710593818338,6006,0.2012,0,0
0.20710593404776,6007,0.2014,0,0
0.20710592991252,6008,0.2016,0,0
0.20710592577767,6009,0.2018,0,0
0.20710592164321,6010,0.202,0,0
0.20710591750913,6011,0.2022,0,0
0.20710591337543,6012,0.2024,0,0
0.20710590924212,6013,0.2026,0,0
0.20710590510919,6014,0.2028,0,0
0.20710590097665,6015,0.203,0,0
0.20710589684449,6016,0.2032,0,0
0.20710589271271,6017,0.2034,0,0
0.20710588858132,6018,0.2036,0,0
0.20710588445031,6019,0.2038,0,0
0.20710588031969,6020,0.204,0,0
0.20710587618944,6021,0.2042,0,0
0.20710587205958,6022,0.2044,0,0
0.2071058679301,6023,0.2046,0,0
0.20710586380101,6024,0.2048,0,0
0.2071058596723,6025,0.205,0,0
0.20710585554396,6026,0.2052,0,0
0.20710585141601,6027,0.2054,0,0
0.20710584728845,6028,0.2056,0,0
0.20710584316126,6029,0.2058,0,0
0.20710583903446,6030,0.206,0,0
0.20710583490803,6031,0.2062,0,0
0.20710583078199,6032,0.2064,0,0
0.20710582665633,6033,0.2066,0,0
0.20710582253104,6034,0.2068,0,0
0.20710581840614,6035,0.207,0,0
0.20710581428162,6036,0.2072,0,0
0.20710581015748,6037,0.2074,0,0
0.20710580603372,6038,0.2076,0,0
0.20710580191034,6039,0.2078,0,0
0.20710579778734,6040,0.208,0,0
0.20710579366471,6041,0.2082,0,0
0.20710578954247,6042,0.2084,0,0
0.2071057854206,6043,0.2086,0,0
0.20710578129912,6044,0.2088,0,0
0.20710577717801,6045,0.209,0,0
0.20710577305728,6046,0.2092,0,0
0.20710576893693,6047,0.2094,0,0
0.20710576481696,6048,0.2096,0,0
0.20710576069736,6049,0.2098,0,0
0.20710575657815,6050,0.21,0,0
0.20710575245931,6051,0.2102,0,0
0.20710574834084,6052,0.2104,0,0
0.20710574422276,6053,0.2106,0,0
0.20710574010505,6054,0.2108,0,0
0.20710573598772,6055,0.211,0,0
0.20710573187076,6056,0.2112,0,0
0.20710572775418,6057,0.2114,0,0
0.20710572363798,6058,0.2116,0,0
0.20710571952215,6059,0.2118,0,0
0.2071057154067,6060,0.212,0,0
0.20710571129163,6061,0.2122,0,0
0.20710570717693,6062,0.2124,0,0
0.2071057030626,6063,0.2126,0,0
0.20710569894865,6064,0.2128,0,0
0.20710569483508,6065,0.213,0,0
0.20710569072188,6066,0.2132,0,0
0.20710568660905,6067,0.2134,0,0
0.2071056824966,6068,0.2136,0,0
0.20710567838452,6069,0.2138,0,0
0.20710567427282,6070,0.214,0,0
0.20710567016149,6071,0.2142,0,0
0.20710566605054,6072,0.2144,0,0
0.20710566193995,6073,0.2146,0,0
0.20710565782974,6074,0.2148,0,0
0.20710565371991,6075,0.215,0,0
0.20710564961044,6076,0.2152,0,0
0.20710564550135,6077,0.2154,0,0
0.20710564139264,6078,0.2156,0,0
0.20710563728429,6079,0.2158,0,0
0.20710563317632,6080,0.216,0,0
0.20710562906871,6081,0.2162,0,0
0.20710562496148,6082,0.2164,0,0
0.20710562085463,6083,0.2166,0,0
0.20710561674814,6084,0.2168,0,0
0.20710561264202,6085,0.217,0,0
0.20710560853628,6086,0.2172,0,0
0.2071056044309,6087,0.2174,0,0
0.2071056003259,6088,0.2176,0,0
0.20710559622126,6089,0.2178,0,0
0.207105592117,6090,0.218,0,0
0.20710558801311,6091,0.2182,0,0
0.20710558390958,6092,0.2184,0,0
0.20710557980643,6093,0.2186,0,0
0.20710557570364,6094,0.2188,0,0
0.20710557160123,6095,0.219,0,0
0.20710556749918,6096,0.2192,0,0
0.20710556339751,6097,0.2194,0,0
0.2071055592962,6098,0.2196,0,0
0.20710555519526,6099,0.2198,0,0
0.20710555109468,6100,0.22,0,0
0.20710554699448,6101,0.2202,0,0
0.20710554289464,6102,0.2204,0,0
0.20710553879518,6103,0.2206,0,0
0.20710553469608,6104,0.2208,0,0
0.20710553059734,6105,0.221,0,0
0.20710552649898,6106,0.2212,0,0
0.20710552240098,6107,0.2214,0,0
0.20710551830334,6108,0.2216,0,0
0.20710551420608,6109,0.2218,0,0
0.20710551010918,6110,0.222,0,0
0.20710550601265,6111,0.2222,0,0
0.20710550191648,6112,0.2224,0,0
0.20710549782068,6113,0.2226,0,0
0.20710549372524,6114,0.2228,0,0
0.20710548963017,6115,0.223,0,0
0.20710548553546,6116,0.2232,0,0
0.20710548144112,6117,0.2234,0,0
0.20710547734715,6118,0.2236,0,0
0.20710547325354,6119,0.2238,0,0
0.20710546916029,6120,0.224,0,0
0.20710546506741,6121,0.2242,0,0
0.20710546097489,6122,0.2244,0,0
0.20710545688274,6123,0.2246,0,0
0.20710545279095,6124,0.2248,0,0
0.20710544869952,6125,0.225,0,0
0.20710544460846,6126,0.2252,0,0
0.20710544051775,6127,0.2254,0,0
0.20710543642742,6128,0.2256,0,0
0.20710543233744,6129,0.2258,0,0
0.20710542824783,6130,0.226,0,0
0.20710542415858,6131,0.2262,0,0
0.20710542006969,6132,0.2264,0,0
0.20710541598116,6133,0.2266,0,0
0.207105411893,6134,0.2268,0,0
0.2071054078052,6135,0.227,0,0
0.20710540371775,6136,0.2272,0,0
0.20710539963067,6137,0.2274,0,0
0.20710539554395,6138,0.2276,0,0
0.2071053914576,6139,0.2278,0,0
0.2071053873716,6140,0.228,0,0
0.20710538328596,6141,0.2282,0,0
0.20710537920068,6142,0.2284,0,0
0.20710537511576,6143,0.2286,0,0
0.2071053710312,6144,0.2288,0,0
0.20710536694701,6145,0.229,0,0
0.20710536286317,6146,0.2292,0,0
0.20710535877969,6147,0.2294,0,0
0.20710535469656,6148,0.2296,0,0
0.2071053506138,6149,0.2298,0,0
0.2071053465314,6150,0.23,0,0
0.20710534244935,6151,0.2302,0,0
0.20710533836767,6152,0.2304,0,0
0.20710533428634,6153,0.2306,0,0
0.20710533020537,6154,0.2308,0,0
0.20710532612475,6155,0.231,0,0
0.20710532204449,6156,0.2312,0,0
0.2071053179646,6157,0.2314,0,0
0.20710531388505,6158,0.2316,0,0
0.20710530980587,6159,0.2318,0,0
0.20710530572704,6160,0.232,0,0
0.20710530164857,6161,0.2322,0,0
0.20710529757045,6162,0.2324,0,0
0.20710529349269,6163,0.2326,0,0
0.20710528941528,6164,0.2328,0,0
0.20710528533823,6165,0.233,0,0
0.20710528126154,6166,0.2332,0,0
0.2071052771852,6167,0.2334,0,0
0.20710527310922,6168,0.2336,0,0
0.20710526903359,6169,0.2338,0,0
0.20710526495832,6170,0.234,0,0
0.2071052608834,6171,0.2342,0,0
0.20710525680883,6172,0.2344,0,0
0.20710525273462,6173,0.2346,0,0
0.20710524866076,6174,0.2348,0,0
0.20710524458726,6175,0.235,0,0
0.2071052405141,6176,0.2352,0,0
0.20710523644131,6177,0.2354,0,0
0.20710523236886,6178,0.2356,0,0
0.20710522829677,6179,0.2358,0,0
0.20710522422503,6180,0.236,0,0
0.20710522015364,6181,0.2362,0,0
0.20710521608261,6182,0.2364,0,0
0.20710521201193,6183,0.2366,0,0
0.20710520794159,6184,0.2368,0,0
0.20710520387161,6185,0.237,0,0
0.20710519980199,6186,0.2372,0,0
0.20710519573271,6187,0.2374,0,0
0.20710519166378,6188,0.2376,0,0
0.20710518759521,6189,0.2378,0,0
0.20710518352698,6190,0.238,0,0
0.20710517945911,6191,0.2382,0,0
0.20710517539158,6192,0.2384,0,0
0.20710517132441,6193,0.2386,0,0
0.20710516725758,6194,0.2388,0,0
0.20710516319111,6195,0.239,0,0
0.20710515912498,6196,0.2392,0,0
0.20710515505921,6197,0.2394,0,0
0.20710515099378,6198,0.2396,0,0
0.2071051469287,6199,0.2398,0,0
0.20710514286397,6200,0.24,0,0
0.20710513879958,6201,0.2402,0,0
0.20710513473555,6202,0.2404,0,0
0.20710513067186,6203,0.2406,0,0
0.20710512660852,6204,0.2408,0,0
0.20710512254553,6205,0.241,0,0
0.20710511848289,6206,0.2412,0,0
0.20710511442059,6207,0.2414,0,0
0.20710511035864,6208,0.2416,0,0
0.20710510629704,6209,0.2418,0,0
0.20710510223578,6210,0.242,0,0
0.20710509817487,6211,0.2422,0,0
0.20710509411431,6212,0.2424,0,0
0.20710509005409,6213,0.2426,0,0
0.20710508599421,6214,0.2428,0,0
0.20710508193468,6215,0.243,0,0
0.2071050778755,6216,0.2432,0,0
0.20710507381666,6217,0.2434,0,0
0.20710506975817,6218,0.2436,0,0
0.20710506570002,6219,0.2438,0,0
0.20710506164222,6220,0.244,0,0
0.20710505758476,6221,0.2442,0,0
0.20710505352764,6222,0.2444,0,0
0.20710504947087,6223,0.2446,0,0
0.20710504541444,6224,0.2448,0,0
0.20710504135836,6225,0.245,0,0
0.20710503730261,6226,0.2452,0,0
0.20710503324722,6227,0.2454,0,0
0.20710502919216,6228,0.2456,0,0
0.20710502513744,6229,0.2458,0,0
0.20710502108307,6230,0.246,0,0
0.20710501702904,6231,0.2462,0,0
0.20710501297536,6232,0.2464,0,0
0.20710500892201,6233,0.2466,0,0
0.207105004869,6234,0.2468,0,0
0.20710500081634,6235,0.247,0,0
0.20710499676402,6236,0.2472,0,0
0.20710499271204,6237,0.2474,0,0
0.2071049886604,6238,0.2476,0,0
0.2071049846091,6239,0.2478,0,0
0.20710498055813,6240,0.248,0,0
0.20710497650751,6241,0.2482,0,0
0.20710497245723,6242,0.2484,0,0
0.20710496840729,6243,0.2486,0,0
0.20710496435769,6244,0.2488,0,0
0.20710496030843,6245,0.249,0,0
0.2071049562595,6246,0.2492,0,0
0.20710495221092,6247,0.2494,0,0
0.20710494816267,6248,0.2496,0,0
0.20710494411477,6249,0.2498,0,0
0.2071049400672,6250,0.25,0,0
0.20710493601996,6251,0.2502,0,0
0.20710493197307,6252,0.2504,0,0
0.20710492792651,6253,0.2506,0,0
0.20710492388029,6254,0.2508,0,0
0.20710491983441,6255,0.251,0,0
0.20710491578886,6256,0.2512,0,0
0.20710491174365,6257,0.2514,0,0
0.20710490769878,6258,0.2516,0,0
0.20710490365424,6259,0.2518,0,0
0.20710489961004,6260,0.252,0,0
0.20710489556618,6261,0.2522,0,0
0.20710489152265,6262,0.2524,0,0
0.20710488747945,6263,0.2526,0,0
0.20710488343659,6264,0.2528,0,0
0.20710487939407,6265,0.253,0,0
0.20710487535188,6266,0.2532,0,0
0.20710487131003,6267,0.2534,0,0
0.20710486726851,6268,0.2536,0,0
0.20710486322732,6269,0.2538,0,0
0.20710485918647,6270,0.254,0,0
0.20710485514595,6271,0.2542,0,0
0.20710485110576,6272,0.2544,0,0
0.20710484706591,6273,0.2546,0,0
0.20710484302639,6274,0.2548,0,0
0.2071048389872,6275,0.255,0,0
0.20710483494835,6276,0.2552,0,0
0.20710483090982,6277,0.2554,0,0
0.20710482687163,6278,0.2556,0,0
0.20710482283378,6279,0.2558,0,0
0.20710481879625,6280,0.256,0,0
0.20710481475905,6281,0.2562,0,0
0.20710481072219,6282,0.2564,0,0
0.20710480668566,6283,0.2566,0,0
0.20710480264946,6284,0.2568,0,0
0.20710479861358,6285,0.257,0,0
0.20710479457804,6286,0.2572,0,0
0.20710479054283,6287,0.2574,0,0
0.20710478650795,6288,0.2576,0,0
0.2071047824734,6289,0.2578,0,0
0.20710477843918,6290,0.258,0,0
0.20710477440529,6291,0.2582,0,0
0.20710477037172,6292,0.2584,0,0
0.20710476633849,6293,0.2586,0,0
0.20710476230558,6294,0.2588,0,0
0.20710475827301,6295,0.259,0,0
0.20710475424076,6296,0.2592,0,0
0.20710475020884,6297,0.2594,0,0
0.20710474617724,6298,0.2596,0,0
0.20710474214598,6299,0.2598,0,0
0.20710473811504,6300,0.26,0,0
0.20710473408443,6301,0.2602,0,0
0.20710473005414,6302,0.2604,0,0
0.20710472602419,6303,0.2606,0,0
0.20710472199456,6304,0.2608,0,0
0.20710471796525,6305,0.261,0,0
0.20710471393627,6306,0.2612,0,0
0.20710470990762,6307,0.2614,0,0
0.20710470587929,6308,0.2616,0,0
0.20710470185129,6309,0.2618,0,0
0.20710469782361,6310,0.262,0,0
0.20710469379626,6311,0.2622,0,0
0.20710468976923,6312,0.2624,0,0
0.20710468574253,6313,0.2626,0,0
0.20710468171615,6314,0.2628,0,0
0.2071046776901,6315,0.263,0,0
0.20710467366437,6316,0.2632,0,0
0.20710466963896,6317,0.2634,0,0
0.20710466561388,6318,0.2636,0,0
0.20710466158912,6319,0.2638,0,0
0.20710465756468,6320,0.264,0,0
0.20710465354056,6321,0.2642,0,0
0.20710464951677,6322,0.2644,0,0
0.2071046454933,6323,0.2646,0,0
0.20710464147015,6324,0.2648,0,0
0.20710463744733,6325,0.265,0,0
0.20710463342482,6326,0.2652,0,0
0.20710462940264,6327,0.2654,0,0
0.20710462538078,6328,0.2656,0,0
0.20710462135924,6329,0.2658,0,0
0.20710461733802,6330,0.266,0,0
0.20710461331712,6331,0.2662,0,0
0.20710460929654,6332,0.2664,0,0
0.20710460527628,6333,0.2666,0,0
0.20710460125634,6334,0.2668,0,0
0.20710459723672,6335,0.267,0,0
0.20710459321742,6336,0.2672,0,0
0.20710458919844,6337,0.2674,0,0
0.20710458517978,6338,0.2676,0,0
0.20710458116143,6339,0.2678,0,0
0.20710457714341,6340,0.268,0,0
0.2071045731257,6341,0.2682,0,0
0.20710456910832,6342,0.2684,0,0
0.20710456509124,6343,0.2686,0,0
0.20710456107449,6344,0.2688,0,0
0.20710455705806,6345,0.269,0,0
0.20710455304194,6346,0.2692,0,0
0.20710454902614,6347,0.2694,0,0
0.20710454501065,6348,0.2696,0,0
0.20710454099548,6349,0.2698,0,0
0.20710453698063,6350,0.27,0,0
0.2071045329661,6351,0.2702,0,0
0.20710452895188,6352,0.2704,0,0
0.20710452493797,6353,0.2706,0,0
0.20710452092438,6354,0.2708,0,0
0.20710451691111,6355,0.271,0,0
0.20710451289815,6356,0.2712,0,0
0.20710450888551,6357,0.2714,0,0
0.20710450487318,6358,0.2716,0,0
0.20710450086116,6359,0.2718,0,0
0.20710449684946,6360,0.272,0,0
0.20710449283807,6361,0.2722,0,0
0.207104488827,6362,0.2724,0,0
0.20710448481624,6363,0.2726,0,0
0.20710448080579,6364,0.2728,0,0
0.20710447679565,6365,0.273,0,0
0.20710447278583,6366,0.2732,0,0
0.20710446877632,6367,0.2734,0,0
0.20710446476713,6368,0.2736,0,0
0.20710446075824,6369,0.2738,0,0
0.20710445674967,6370,0.274,0,0
0.20710445274141,6371,0.2742,0,0
0.20710444873345,6372,0.2744,0,0
0.20710444472582,6373,0.2746,0,0
0.20710444071849,6374,0.2748,0,0
0.20710443671147,6375,0.275,0,0
0.20710443270476,6376,0.2752,0,0
0.20710442869836,6377,0.2754,0,0
0.20710442469228,6378,0.2756,0,0
0.2071044206865,6379,0.2758,0,0
0.20710441668103,6380,0.276,0,0
0.20710441267587,6381,0.2762,0,0
0.20710440867102,6382,0.2764,0,0
0.20710440466648,6383,0.2766,0,0
0.20710440066225,6384,0.2768,0,0
0.20710439665832,6385,0.277,0,0
0.20710439265471,6386,0.2772,0,0
0.2071043886514,6387,0.2774,0,0
0.2071043846484,6388,0.2776,0,0
0.2071043806457,6389,0.2778,0,0
0.20710437664332,6390,0.278,0,0
0.20710437264124,6391,0.2782,0,0
0.20710436863947,6392,0.2784,0,0
0.207104364638,6393,0.2786,0,0
0.20710436063684,6394,0.2788,0,0
0.20710435663599,6395,0.279,0,0
0.20710435263544,6396,0.2792,0,0
0.2071043486352,6397,0.2794,0,0
0.20710434463526,6398,0.2796,0,0
0.20710434063563,6399,0.2798,0,0
0.20710433663631,6400,0.28,0,0
0.20710433263729,6401,0.2802,0,0
0.20710432863857,6402,0.2804,0,0
0.20710432464015,6403,0.2806,0,0
0.20710432064205,6404,0.2808,0,0
0.20710431664424,6405,0.281,0,0
0.20710431264674,6406,0.2812,0,0
0.20710430864954,6407,0.2814,0,0
0.20710430465264,6408,0.2816,0,0
0.20710430065605,6409,0.2818,0,0
0.20710429665976,6410,0.282,0,0
0.20710429266377,6411,0.2822,0,0
0.20710428866809,6412,0.2824,0,0
0.20710428467271,6413,0.2826,0,0
0.20710428067762,6414,0.2828,0,0
0.20710427668284,6415,0.283,0,0
0.20710427268836,6416,0.2832,0,0
0.20710426869419,6417,0.2834,0,0
0.20710426470031,6418,0.2836,0,0
0.20710426070673,6419,0.2838,0,0
0.20710425671346,6420,0.284,0,0
0.20710425272048,6421,0.2842,0,0
0.2071042487278,6422,0.2844,0,0
0.20710424473542,6423,0.2846,0,0
0.20710424074335,6424,0.2848,0,0
0.20710423675157,6425,0.285,0,0
0.20710423276009,6426,0.2852,0,0
0.20710422876891,6427,0.2854,0,0
0.20710422477802,6428,0.2856,0,0
0.20710422078744,6429,0.2858,0,0
0.20710421679715,6430,0.286,0,0
0.20710421280716,6431,0.2862,0,0
0.20710420881747,6432,0.2864,0,0
0.20710420482808,6433,0.2866,0,0
0.20710420083898,6434,0.2868,0,0
0.20710419685018,6435,0.287,0,0
0.20710419286168,6436,0.2872,0,0
0.20710418887347,6437,0.2874,0,0
0.20710418488556,6438,0.2876,0,0
0.20710418089794,6439,0.2878,0,0
0.20710417691062,6440,0.288,0,0
0.2071041729236,6441,0.2882,0,0
0.20710416893687,6442,0.2884,0,0
0.20710416495043,6443,0.2886,0,0
0.20710416096429,6444,0.2888,0,0
0.20710415697845,6445,0.289,0,0
0.2071041529929,6446,0.2892,0,0
0.20710414900764,6447,0.2894,0,0
0.20710414502268,6448,0.2896,0,0
0.207104141038,6449,0.2898,0,0
0.20710413705363,6450,0.29,0,0
0.20710413306954,6451,0.2902,0,0
0.20710412908575,6452,0.2904,0,0
0.20710412510225,6453,0.2906,0,0
0.20710412111905,6454,0.2908,0,0
0.20710411713613,6455,0.291,0,0
0.20710411315351,6456,0.2912,0,0
0.20710410917118,6457,0.2914,0,0
0.20710410518914,6458,0.2916,0,0
0.20710410120739,6459,0.2918,0,0
0.20710409722593,6460,0.292,0,0
0.20710409324477,6461,0.2922,0,0
0.20710408926389,6462,0.2924,0,0
0.20710408528331,6463,0.2926,0,0
0.20710408130301,6464,0.2928,0,0
0.207104077323,6465,0.293,0,0
0.20710407334328,6466,0.2932,0,0
0.20710406936386,6467,0.2934,0,0
0.20710406538472,6468,0.2936,0,0
0.20710406140587,6469,0.2938,0,0
0.20710405742731,6470,0.294,0,0
0.20710405344903,6471,0.2942,0,0
0.20710404947105,6472,0.2944,0,0
0.20710404549335,6473,0.2946,0,0
0.20710404151594,6474,0.2948,0,0
0.20710403753882,6475,0.295,0,0
0.20710403356198,6476,0.2952,0,0
0.20710402958543,6477,0.2954,0,0
0.20710402560917,6478,0.2956,0,0
0.20710402163319,6479,0.2958,0,0
0.2071040176575,6480,0.296,0,0
0.2071040136821,6481,0.2962,0,0
0.20710400970698,6482,0.2964,0,0
0.20710400573215,6483,0.2966,0,0
0.2071040017576,6484,0.2968,0,0
0.20710399778334,6485,0.297,0,0
0.20710399380936,6486,0.2972,0,0
0.20710398983566,6487,0.2974,0,0
0.20710398586225,6488,0.2976,0,0
0.20710398188913,6489,0.2978,0,0
0.20710397791629,6490,0.298,0,0
0.20710397394373,6491,0.2982,0,0
0.20710396997145,6492,0.2984,0,0
0.20710396599946,6493,0.2986,0,0
0.20710396202775,6494,0.2988,0,0
0.20710395805632,6495,0.299,0,0
0.20710395408518,6496,0.2992,0,0
0.20710395011432,6497,0.2994,0,0
0.20710394614373,6498,0.2996,0,0
0.20710394217344,6499,0.2998,0,0
0.20710393820342,6500,0.3,0,0
0.20710393423368,6501,0.3002,0,0
0.20710393026422,6502,0.3004,0,0
0.20710392629505,6503,0.3006,0,0
0.20710392232615,6504,0.3008,0,0
0.20710391835754,6505,0.301,0,0
0.2071039143892,6506,0.3012,0,0
0.20710391042115,6507,0.3014,0,0
0.20710390645337,6508,0.3016,0,0
0.20710390248587,6509,0.3018,0,0
0.20710389851865,6510,0.302,0,0
0.20710389455171,6511,0.3022,0,0
0.20710389058505,6512,0.3024,0,0
0.20710388661867,6513,0.3026,0,0
0.20710388265256,6514,0.3028,0,0
0.20710387868673,6515,0.303,0,0
0.20710387472118,6516,0.3032,0,0
0.20710387075591,6517,0.3034,0,0
0.20710386679091,6518,0.3036,0,0
0.20710386282619,6519,0.3038,0,0
0.20710385886175,6520,0.304,0,0
0.20710385489758,6521,0.3042,0,0
0.20710385093369,6522,0.3044,0,0
0.20710384697008,6523,0.3046,0,0
0.20710384300674,6524,0.3048,0,0
0.20710383904367,6525,0.305,0,0
0.20710383508088,6526,0.3052,0,0
0.20710383111837,6527,0.3054,0,0
0.20710382715613,6528,0.3056,0,0
0.20710382319416,6529,0.3058,0,0
0.20710381923247,6530,0.306,0,0
0.20710381527105,6531,0.3062,0,0
0.2071038113099,6532,0.3064,0,0
0.20710380734903,6533,0.3066,0,0
0.20710380338843,6534,0.3068,0,0
0.20710379942811,6535,0.307,0,0
0.20710379546805,6536,0.3072,0,0
0.20710379150827,6537,0.3074,0,0
0.20710378754876,6538,0.3076,0,0
0.20710378358953,6539,0.3078,0,0
0.20710377963056,6540,0.308,0,0
0.20710377567187,6541,0.3082,0,0
0.20710377171344,6542,0.3084,0,0
0.20710376775529,6543,0.3086,0,0
0.20710376379741,6544,0.3088,0,0
0.20710375983979,6545,0.309,0,0
0.20710375588245,6546,0.3092,0,0
0.20710375192538,6547,0.3094,0,0
0.20710374796858,6548,0.3096,0,0
0.20710374401205,6549,0.3098,0,0
0.20710374005578,6550,0.31,0,0
0.20710373609979,6551,0.3102,0,0
0.20710373214406,6552,0.3104,0,0
0.2071037281886,6553,0.3106,0,0
0.20710372423341,6554,0.3108,0,0
0.20710372027849,6555,0.311,0,0
0.20710371632383,6556,0.3112,0,0
0.20710371236945,6557,0.3114,0,0
0.20710370841532,6558,0.3116,0,0
0.20710370446147,6559,0.3118,0,0
0.20710370050788,6560,0.312,0,0
0.20710369655456,6561,0.3122,0,0
0.20710369260151,6562,0.3124,0,0
0.20710368864872,6563,0.3126,0,0
0.2071036846962,6564,0.3128,0,0
0.20710368074394,6565,0.313,0,0
0.20710367679195,6566,0.3132,0,0
0.20710367284022,6567,0.3134,0,0
0.20710366888875,6568,0.3136,0,0
0.20710366493756,6569,0.3138,0,0
0.20710366098662,6570,0.314,0,0
0.20710365703595,6571,0.3142,0,0
0.20710365308554,6572,0.3144,0,0
0.2071036491354,6573,0.3146,0,0
0.20710364518552,6574,0.3148,0,0
0.2071036412359,6575,0.315,0,0
0.20710363728654,6576,0.3152,0,0
0.20710363333745,6577,0.3154,0,0
0.20710362938862,6578,0.3156,0,0
0.20710362544005,6579,0.3158,0,0
0.20710362149174,6580,0.316,0,0
0.2071036175437,6581,0.3162,0,0
0.20710361359591,6582,0.3164,0,0
0.20710360964839,6583,0.3166,0,0
0.20710360570112,6584,0.3168,0,0
0.20710360175412,6585,0.317,0,0
0.20710359780738,6586,0.3172,0,0
0.20710359386089,6587,0.3174,0,0
0.20710358991467,6588,0.3176,0,0
0.20710358596871,6589,0.3178,0,0
0.207103582023,6590,0.318,0,0
0.20710357807755,6591,0.3182,0,0
0.20710357413237,6592,0.3184,0,0
0.20710357018744,6593,0.3186,0,0
0.20710356624277,6594,0.3188,0,0
0.20710356229835,6595,0.319,0,0
0.2071035583542,6596,0.3192,0,0
0.2071035544103,6597,0.3194,0,0
0.20710355046666,6598,0.3196,0,0
0.20710354652327,6599,0.3198,0,0
0.20710354258014,6600,0.32,0,0
0.20710353863727,6601,0.3202,0,0
0.20710353469466,6602,0.3204,0,0
0.2071035307523,6603,0.3206,0,0
0.20710352681019,6604,0.3208,0,0
0.20710352286834,6605,0.321,0,0
0.20710351892675,6606,0.3212,0,0
0.20710351498541,6607,0.3214,0,0
0.20710351104433,6608,0.3216,0,0
0.20710350710349,6609,0.3218,0,0
0.20710350316292,6610,0.322,0,0
0.2071034992226,6611,0.3222,0,0
0.20710349528253,6612,0.3224,0,0
0.20710349134271,6613,0.3226,0,0
0.20710348740315,6614,0.3228,0,0
0.20710348346384,6615,0.323,0,0
0.20710347952478,6616,0.3232,0,0
0.20710347558598,6617,0.3234,0,0
0.20710347164742,6618,0.3236,0,0
0.20710346770912,6619,0.3238,0,0
0.20710346377107,6620,0.324,0,0
0.20710345983328,6621,0.3242,0,0
0.20710345589573,6622,0.3244,0,0
0.20710345195843,6623,0.3246,0,0
0.20710344802138,6624,0.3248,0,0
0.20710344408459,6625,0.325,0,0
0.20710344014804,6626,0.3252,0,0
0.20710343621175,6627,0.3254,0,0
0.2071034322757,6628,0.3256,0,0
0.2071034283399,6629,0.3258,0,0
0.20710342440435,6630,0.326,0,0
0.20710342046905,6631,0.3262,0,0
0.207103416534,6632,0.3264,0,0
0.2071034125992,6633,0.3266,0,0
0.20710340866464,6634,0.3268,0,0
0.20710340473034,6635,0.327,0,0
0.20710340079628,6636,0.3272,0,0
0.20710339686246,6637,0.3274,0,0
0.2071033929289,6638,0.3276,0,0
0.20710338899558,6639,0.3278,0,0
0.20710338506251,6640,0.328,0,0
0.20710338112968,6641,0.3282,0,0
0.2071033771971,6642,0.3284,0,0
0.20710337326476,6643,0.3286,0,0
0.20710336933267,6644,0.3288,0,0
0.20710336540083,6645,0.329,0,0
0.20710336146923,6646,0.3292,0,0
0.20710335753787,6647,0.3294,0,0
0.20710335360676,6648,0.3296,0,0
0.2071033496759,6649,0.3298,0,0
0.20710334574527,6650,0.33,0,0
0.20710334181489,6651,0.3302,0,0
0.20710333788476,6652,0.3304,0,0
0.20710333395486,6653,0.3306,0,0
0.20710333002521,6654,0.3308,0,0
0.20710332609581,6655,0.331,0,0
0.20710332216664,6656,0.3312,0,0
0.20710331823772,6657,0.3314,0,0
0.20710331430904,6658,0.3316,0,0
0.2071033103806,6659,0.3318,0,0
0.2071033064524,6660,0.332,0,0
0.20710330252444,6661,0.3322,0,0
0.20710329859672,6662,0.3324,0,0
0.20710329466925,6663,0.3326,0,0
0.20710329074201,6664,0.3328,0,0
0.20710328681502,6665,0.333,0,0
0.20710328288826,6666,0.3332,0,0
0.20710327896174,6667,0.3334,0,0
0.20710327503546,6668,0.3336,0,0
0.20710327110943,6669,0.3338,0,0
0.20710326718362,6670,0.334,0,0
0.20710326325806,6671,0.3342,0,0
0.20710325933274,6672,0.3344,0,0
0.20710325540765,6673,0.3346,0,0
0.20710325148281,6674,0.3348,0,0
0.20710324755819,6675,0.335,0,0
0.20710324363382,6676,0.3352,0,0
0.20710323970968,6677,0.3354,0,0
0.20710323578578,6678,0.3356,0,0
0.20710323186212,6679,0.3358,0,0
0.20710322793869,6680,0.336,0,0
0.2071032240155,6681,0.3362,0,0
0.20710322009254,6682,0.3364,0,0
0.20710321616982,6683,0.3366,0,0
0.20710321224734,6684,0.3368,0,0
0.20710320832509,6685,0.337,0,0
0.20710320440307,6686,0.3372,0,0
0.20710320048129,6687,0.3374,0,0
0.20710319655974,6688,0.3376,0,0
0.20710319263842,6689,0.3378,0,0
0.20710318871734,6690,0.338,0,0
0.2071031847965,6691,0.3382,0,0
0.20710318087588,6692,0.3384,0,0
0.2071031769555,6693,0.3386,0,0
0.20710317303535,6694,0.3388,0,0
0.20710316911543,6695,0.339,0,0
0.20710316519574,6696,0.3392,0,0
0.20710316127629,6697,0.3394,0,0
0.20710315735707,6698,0.3396,0,0
0.20710315343808,6699,0.3398,0,0
0.20710314951932,6700,0.34,0,0
0.20710314560079,6701,0.3402,0,0
0.20710314168249,6702,0.3404,0,0
0.20710313776442,6703,0.3406,0,0
0.20710313384658,6704,0.3408,0,0
0.20710312992897,6705,0.341,0,0
0.20710312601158,6706,0.3412,0,0
0.20710312209443,6707,0.3414,0,0
0.20710311817751,6708,0.3416,0,0
0.20710311426081,6709,0.3418,0,0
0.20710311034435,6710,0.342,0,0
0.20710310642811,6711,0.3422,0,0
0.2071031025121,6712,0.3424,0,0
0.20710309859631,6713,0.3426,0,0
0.20710309468076,6714,0.3428,0,0
0.20710309076543,6715,0.343,0,0
0.20710308685033,6716,0.3432,0,0
0.20710308293545,6717,0.3434,0,0
0.2071030790208,6718,0.3436,0,0
0.20710307510638,6719,0.3438,0,0
0.20710307119218,6720,0.344,0,0
0.20710306727821,6721,0.3442,0,0
0.20710306336446,6722,0.3444,0,0
0.20710305945093,6723,0.3446,0,0
0.20710305553763,6724,0.3448,0,0
0.20710305162456,6725,0.345,0,0
0.20710304771171,6726,0.3452,0,0
0.20710304379908,6727,0.3454,0,0
0.20710303988668,6728,0.3456,0,0
0.2071030359745,6729,0.3458,0,0
0.20710303206254,6730,0.346,0,0
0.20710302815081,6731,0.3462,0,0
0.2071030242393,6732,0.3464,0,0
0.20710302032801,6733,0.3466,0,0
0.20710301641694,6734,0.3468,0,0
0.20710301250609,6735,0.347,0,0
0.20710300859547,6736,0.3472,0,0
0.20710300468507,6737,0.3474,0,0
0.20710300077488,6738,0.3476,0,0
0.20710299686492,6739,0.3478,0,0
0.20710299295518,6740,0.348,0,0
0.20710298904566,6741,0.3482,0,0
0.20710298513636,6742,0.3484,0,0
0.20710298122727,6743,0.3486,0,0
0.20710297731841,6744,0.3488,0,0
0.20710297340977,6745,0.349,0,0
0.20710296950134,6746,0.3492,0,0
0.20710296559313,6747,0.3494,0,0
0.20710296168515,6748,0.3496,0,0
0.20710295777737,6749,0.3498,0,0
0.20710295386982,6750,0.35,0,0
0.20710294996249,6751,0.3502,0,0
0.20710294605537,6752,0.3504,0,0
0.20710294214847,6753,0.3506,0,0
0.20710293824178,6754,0.3508,0,0
0.20710293433531,6755,0.351,0,0
0.20710293042906,6756,0.3512,0,0
0.20710292652302,6757,0.3514,0,0
0.2071029226172,6758,0.3516,0,0
0.20710291871159,6759,0.3518,0,0
0.2071029148062,6760,0.352,0,0
0.20710291090103,6761,0.3522,0,0
0.20710290699607,6762,0.3524,0,0
0.20710290309132,6763,0.3526,0,0
0.20710289918678,6764,0.3528,0,0
0.20710289528246,6765,0.353,0,0
0.20710289137836,6766,0.3532,0,0
0.20710288747446,6767,0.3534,0,0
0.20710288357078,6768,0.3536,0,0
0.20710287966731,6769,0.3538,0,0
0.20710287576406,6770,0.354,0,0
0.20710287186101,6771,0.3542,0,0
0.20710286795818,6772,0.3544,0,0
0.20710286405556,6773,0.3546,0,0
0.20710286015315,6774,0.3548,0,0
0.20710285625096,6775,0.355,0,0
0.20710285234897,6776,0.3552,0,0
0.20710284844719,6777,0.3554,0,0
0.20710284454562,6778,0.3556,0,0
0.20710284064427,6779,0.3558,0,0
0.20710283674312,6780,0.356,0,0
0.20710283284218,6781,0.3562,0,0
0.20710282894145,6782,0.3564,0,0
0.20710282504093,6783,0.3566,0,0
0.20710282114062,6784,0.3568,0,0
0.20710281724052,6785,0.357,0,0
0.20710281334062,6786,0.3572,0,0
0.20710280944094,6787,0.3574,0,0
0.20710280554146,6788,0.3576,0,0
0.20710280164218,6789,0.3578,0,0
0.20710279774312,6790,0.358,0,0
0.20710279384426,6791,0.3582,0,0
0.20710278994561,6792,0.3584,0,0
0.20710278604716,6793,0.3586,0,0
0.20710278214892,6794,0.3588,0,0
0.20710277825089,6795,0.359,0,0
0.20710277435306,6796,0.3592,0,0
0.20710277045543,6797,0.3594,0,0
0.20710276655801,6798,0.3596,0,0
0.2071027626608,6799,0.3598,0,0
0.20710275876379,6800,0.36,0,0
0.20710275486698,6801,0.3602,0,0
0.20710275097038,6802,0.3604,0,0
0.20710274707398,6803,0.3606,0,0
0.20710274317778,6804,0.3608,0,0
0.20710273928179,6805,0.361,0,0
0.20710273538599,6806,0.3612,0,0
0.20710273149041,6807,0.3614,0,0
0.20710272759502,6808,0.3616,0,0
0.20710272369983,6809,0.3618,0,0
0.20710271980485,6810,0.362,0,0
0.20710271591007,6811,0.3622,0,0
0.20710271201549,6812,0.3624,0,0
0.20710270812111,6813,0.3626,0,0
0.20710270422693,6814,0.3628,0,0
0.20710270033295,6815,0.363,0,0
0.20710269643917,6816,0.3632,0,0
0.20710269254559,6817,0.3634,0,0
0.20710268865221,6818,0.3636,0,0
0.20710268475903,6819,0.3638,0,0
0.20710268086604,6820,0.364,0,0
0.20710267697326,6821,0.3642,0,0
0.20710267308067,6822,0.3644,0,0
0.20710266918829,6823,0.3646,0,0
0.2071026652961,6824,0.3648,0,0
0.2071026614041,6825,0.365,0,0
0.20710265751231,6826,0.3652,0,0
0.20710265362071,6827,0.3654,0,0
0.20710264972931,6828,0.3656,0,0
0.2071026458381,6829,0.3658,0,0
0.20710264194709,6830,0.366,0,0
0.20710263805628,6831,0.3662,0,0
0.20710263416566,6832,0.3664,0,0
0.20710263027524,6833,0.3666,0,0
0.20710262638501,6834,0.3668,0,0
0.20710262249498,6835,0.367,0,0
0.20710261860514,6836,0.3672,0,0
0.2071026147155,6837,0.3674,0,0
0.20710261082605,6838,0.3676,0,0
0.20710260693679,6839,0.3678,0,0
0.20710260304773,6840,0.368,0,0
0.20710259915886,6841,0.3682,0,0
0.20710259527018,6842,0.3684,0,0
0.20710259138169,6843,0.3686,0,0
0.2071025874934,6844,0.3688,0,0
0.2071025836053,6845,0.369,0,0
0.20710257971739,6846,0.3692,0,0
0.20710257582968,6847,0.3694,0,0
0.20710257194215,6848,0.3696,0,0
0.20710256805482,6849,0.3698,0,0
0.20710256416767,6850,0.37,0,0
0.20710256028072,6851,0.3702,0,0
0.20710255639395,6852,0.3704,0,0
0.20710255250738,6853,0.3706,0,0
0.20710254862099,6854,0.3708,0,0
0.2071025447348,6855,0.371,0,0
0.20710254084879,6856,0.3712,0,0
0.20710253696298,6857,0.3714,0,0
0.20710253307735,6858,0.3716,0,0
0.20710252919191,6859,0.3718,0,0
0.20710252530665,6860,0.372,0,0
0.20710252142159,6861,0.3722,0,0
0.20710251753671,6862,0.3724,0,0
0.20710251365202,6863,0.3726,0,0
0.20710250976751,6864,0.3728,0,0
0.2071025058832,6865,0.373,0,0
0.20710250199906,6866,0.3732,0,0
0.20710249811512,6867,0.3734,0,0
0.20710249423136,6868,0.3736,0,0
0.20710249034779,6869,0.3738,0,0
0.2071024864644,6870,0.374,0,0
0.20710248258119,6871,0.3742,0,0
0.20710247869817,6872,0.3744,0,0
0.20710247481534,6873,0.3746,0,0
0.20710247093269,6874,0.3748,0,0
0.20710246705022,6875,0.375,0,0
0.20710246316793,6876,0.3752,0,0
0.20710245928583,6877,0.3754,0,0
0.20710245540392,6878,0.3756,0,0
0.20710245152218,6879,0.3758,0,0
0.20710244764063,6880,0.376,0,0
0.20710244375926,6881,0.3762,0,0
0.20710243987807,6882,0.3764,0,0
0.20710243599706,6883,0.3766,0,0
0.20710243211623,6884,0.3768,0,0
0.20710242823559,6885,0.377,0,0
0.20710242435513,6886,0.3772,0,0
0.20710242047484,6887,0.3774,0,0
0.20710241659474,6888,0.3776,0,0
0.20710241271481,6889,0.3778,0,0
0.20710240883507,6890,0.378,0,0
0.20710240495551,6891,0.3782,0,0
0.20710240107612,6892,0.3784,0,0
0.20710239719691,6893,0.3786,0,0
0.20710239331788,6894,0.3788,0,0
0.20710238943903,6895,0.379,0,0
0.20710238556036,6896,0.3792,0,0
0.20710238168187,6897,0.3794,0,0
0.20710237780355,6898,0.3796,0,0
0.20710237392541,6899,0.3798,0,0
0.20710237004745,6900,0.38,0,0
0.20710236616966,6901,0.3802,0,0
0.20710236229205,6902,0.3804,0,0
0.20710235841462,6903,0.3806,0,0
0.20710235453736,6904,0.3808,0,0
0.20710235066028,6905,0.381,0,0
0.20710234678337,6906,0.3812,0,0
0.20710234290663,6907,0.3814,0,0
0.20710233903008,6908,0.3816,0,0
0.20710233515369,6909,0.3818,0,0
0.20710233127748,6910,0.382,0,0
0.20710232740145,6911,0.3822,0,0
0.20710232352558,6912,0.3824,0,0
0.20710231964989,6913,0.3826,0,0
0.20710231577438,6914,0.3828,0,0
0.20710231189903,6915,0.383,0,0
0.20710230802386,6916,0.3832,0,0
0.20710230414886,6917,0.3834,0,0
0.20710230027404,6918,0.3836,0,0
0.20710229639938,6919,0.3838,0,0
0.2071022925249,6920,0.384,0,0
0.20710228865058,6921,0.3842,0,0
0.20710228477644,6922,0.3844,0,0
0.20710228090247,6923,0.3846,0,0
0.20710227702867,6924,0.3848,0,0
0.20710227315503,6925,0.385,0,0
0.20710226928157,6926,0.3852,0,0
0.20710226540828,6927,0.3854,0,0
0.20710226153515,6928,0.3856,0,0
0.2071022576622,6929,0.3858,0,0
0.20710225378941,6930,0.386,0,0
0.20710224991679,6931,0.3862,0,0
0.20710224604434,6932,0.3864,0,0
0.20710224217206,6933,0.3866,0,0
0.20710223829994,6934,0.3868,0,0
0.20710223442799,6935,0.387,0,0
0.20710223055621,6936,0.3872,0,0
0.2071022266846,6937,0.3874,0,0
0.20710222281315,6938,0.3876,0,0
0.20710221894187,6939,0.3878,0,0
0.20710221507075,6940,0.388,0,0
0.2071022111998,6941,0.3882,0,0
0.20710220732901,6942,0.3884,0,0
0.20710220345839,6943,0.3886,0,0
0.20710219958793,6944,0.3888,0,0
0.20710219571764,6945,0.389,0,0
0.20710219184751,6946,0.3892,0,0
0.20710218797754,6947,0.3894,0,0
0.20710218410774,6948,0.3896,0,0
0.2071021802381,6949,0.3898,0,0
0.20710217636862,6950,0.39,0,0
0.20710217249931,6951,0.3902,0,0
0.20710216863016,6952,0.3904,0,0
0.20710216476117,6953,0.3906,0,0
0.20710216089234,6954,0.3908,0,0
0.20710215702368,6955,0.391,0,0
0.20710215315517,6956,0.3912,0,0
0.20710214928683,6957,0.3914,0,0
0.20710214541865,6958,0.3916,0,0
0.20710214155062,6959,0.3918,0,0
0.20710213768276,6960,0.392,0,0
0.20710213381506,6961,0.3922,0,0
0.20710212994752,6962,0.3924,0,0
0.20710212608013,6963,0.3926,0,0
0.20710212221291,6964,0.3928,0,0
0.20710211834584,6965,0.393,0,0
0.20710211447893,6966,0.3932,0,0
0.20710211061218,6967,0.3934,0,0
0.20710210674559,6968,0.3936,0,0
0.20710210287916,6969,0.3938,0,0
0.20710209901288,6970,0.394,0,0
0.20710209514676,6971,0.3942,0,0
0.2071020912808,6972,0.3944,0,0
0.20710208741499,6973,0.3946,0,0
0.20710208354934,6974,0.3948,0,0
0.20710207968384,6975,0.395,0,0
0.2071020758185,6976,0.3952,0,0
0.20710207195332,6977,0.3954,0,0
0.20710206808829,6978,0.3956,0,0
0.20710206422341,6979,0.3958,0,0
0.20710206035869,6980,0.396,0,0
0.20710205649413,6981,0.3962,0,0
0.20710205262971,6982,0.3964,0,0
0.20710204876546,6983,0.3966,0,0
0.20710204490135,6984,0.3968,0,0
0.2071020410374,6985,0.397,0,0
0.2071020371736,6986,0.3972,0,0
0.20710203330995,6987,0.3974,0,0
0.20710202944646,6988,0.3976,0,0
0.20710202558311,6989,0.3978,0,0
0.20710202171992,6990,0.398,0,0
0.20710201785688,6991,0.3982,0,0
0.20710201399399,6992,0.3984,0,0
0.20710201013125,6993,0.3986,0,0
0.20710200626867,6994,0.3988,0,0
0.20710200240623,6995,0.399,0,0
0.20710199854394,6996,0.3992,0,0
0.2071019946818,6997,0.3994,0,0
0.20710199081981,6998,0.3996,0,0
0.20710198695797,6999,0.3998,0,0
0.20710198309628,7000,0.4,0,0
0.20710197923474,7001,0.4002,0,0
0.20710197537335,7002,0.4004,0,0
0.2071019715121,7003,0.4006,0,0
0.207101967651,7004,0.4008,0,0
0.20710196379005,7005,0.401,0,0
0.20710195992924,7006,0.4012,0,0
0.20710195606859,7007,0.4014,0,0
0.20710195220807,7008,0.4016,0,0
0.20710194834771,7009,0.4018,0,0
0.20710194448749,7010,0.402,0,0
0.20710194062742,7011,0.4022,0,0
0.20710193676749,7012,0.4024,0,0
0.20710193290771,7013,0.4026,0,0
0.20710192904807,7014,0.4028,0,0
0.20710192518857,7015,0.403,0,0
0.20710192132922,7016,0.4032,0,0
0.20710191747002,7017,0.4034,0,0
0.20710191361096,7018,0.4036,0,0
0.20710190975204,7019,0.4038,0,0
0.20710190589326,7020,0.404,0,0
0.20710190203463,7021,0.4042,0,0
0.20710189817614,7022,0.4044,0,0
0.20710189431779,7023,0.4046,0,0
0.20710189045959,7024,0.4048,0,0
0.20710188660152,7025,0.405,0,0
0.2071018827436,7026,0.4052,0,0
0.20710187888582,7027,0.4054,0,0
0.20710187502817,7028,0.4056,0,0
0.20710187117067,7029,0.4058,0,0
0.20710186731331,7030,0.406,0,0
0.20710186345609,7031,0.4062,0,0
0.20710185959901,7032,0.4064,0,0
0.20710185574207,7033,0.4066,0,0
0.20710185188527,7034,0.4068,0,0
0.2071018480286,7035,0.407,0,0
0.20710184417208,7036,0.4072,0,0
0.20710184031569,7037,0.4074,0,0
0.20710183645944,7038,0.4076,0,0
0.20710183260333,7039,0.4078,0,0
0.20710182874736,7040,0.408,0,0
0.20710182489152,7041,0.4082,0,0
0.20710182103582,7042,0.4084,0,0
0.20710181718026,7043,0.4086,0,0
0.20710181332483,7044,0.4088,0,0
0.20710180946954,7045,0.409,0,0
0.20710180561438,7046,0.4092,0,0
0.20710180175936,7047,0.4094,0,0
0.20710179790448,7048,0.4096,0,0
0.20710179404972,7049,0.4098,0,0
0.20710179019511,7050,0.41,0,0
0.20710178634063,7051,0.4102,0,0
0.20710178248628,7052,0.4104,0,0
0.20710177863206,7053,0.4106,0,0
0.20710177477798,7054,0.4108,0,0
0.20710177092404,7055,0.411,0,0
0.20710176707022,7056,0.4112,0,0
0.20710176321654,7057,0.4114,0,0
0.20710175936299,7058,0.4116,0,0
0.20710175550957,7059,0.4118,0,0
0.20710175165628,7060,0.412,0,0
0.20710174780313,7061,0.4122,0,0
0.2071017439501,7062,0.4124,0,0
0.20710174009721,7063,0.4126,0,0
0.20710173624444,7064,0.4128,0,0
0.20710173239181,7065,0.413,0,0
0.20710172853931,7066,0.4132,0,0
0.20710172468693,7067,0.4134,0,0
0.20710172083469,7068,0.4136,0,0
0.20710171698257,7069,0.4138,0,0
0.20710171313059,7070,0.414,0,0
0.20710170927873,7071,0.4142,0,0
0.207101705427,7072,0.4144,0,0
0.2071017015754,7073,0.4146,0,0
0.20710169772392,7074,0.4148,0,0
0.20710169387258,7075,0.415,0,0
0.20710169002136,7076,0.4152,0,0
0.20710168617026,7077,0.4154,0,0
0.2071016823193,7078,0.4156,0,0
0.20710167846846,7079,0.4158,0,0
0.20710167461774,7080,0.416,0,0
0.20710167076715,7081,0.4162,0,0
0.20710166691669,7082,0.4164,0,0
0.20710166306635,7083,0.4166,0,0
0.20710165921613,7084,0.4168,0,0
0.20710165536604,7085,0.417,0,0
0.20710165151608,7086,0.4172,0,0
0.20710164766624,7087,0.4174,0,0
0.20710164381652,7088,0.4176,0,0
0.20710163996692,7089,0.4178,0,0
0.20710163611745,7090,0.418,0,0
0.2071016322681,7091,0.4182,0,0
0.20710162841888,7092,0.4184,0,0
0.20710162456977,7093,0.4186,0,0
0.20710162072079,7094,0.4188,0,0
0.20710161687193,7095,0.419,0,0
0.20710161302319,7096,0.4192,0,0
0.20710160917457,7097,0.4194,0,0
0.20710160532607,7098,0.4196,0,0
0.20710160147769,7099,0.4198,0,0
0.20710159762943,7100,0.42,0,0
0.2071015937813,7101,0.4202,0,0
0.20710158993328,7102,0.4204,0,0
0.20710158608538,7103,0.4206,0,0
0.2071015822376,7104,0.4208,0,0
0.20710157838993,7105,0.421,0,0
0.20710157454239,7106,0.4212,0,0
0.20710157069497,7107,0.4214,0,0
0.20710156684766,7108,0.4216,0,0
0.20710156300047,7109,0.4218,0,0
0.2071015591534,7110,0.422,0,0
0.20710155530644,7111,0.4222,0,0
0.2071015514596,7112,0.4224,0,0
0.20710154761288,7113,0.4226,0,0
0.20710154376627,7114,0.4228,0,0
0.20710153991978,7115,0.423,0,0
0.2071015360734,7116,0.4232,0,0
0.20710153222714,7117,0.4234,0,0
0.207101528381,7118,0.4236,0,0
0.20710152453497,7119,0.4238,0,0
0.20710152068905,7120,0.424,0,0
0.20710151684325,7121,0.4242,0,0
0.20710151299756,7122,0.4244,0,0
0.20710150915198,7123,0.4246,0,0
0.20710150530652,7124,0.4248,0,0
0.20710150146117,7125,0.425,0,0
0.20710149761593,7126,0.4252,0,0
0.20710149377081,7127,0.4254,0,0
0.2071014899258,7128,0.4256,0,0
0.2071014860809,7129,0.4258,0,0
0.20710148223611,7130,0.426,0,0
0.20710147839143,7131,0.4262,0,0
0.20710147454686,7132,0.4264,0,0
0.2071014707024,7133,0.4266,0,0
0.20710146685806,7134,0.4268,0,0
0.20710146301382,7135,0.427,0,0
0.20710145916969,7136,0.4272,0,0
0.20710145532567,7137,0.4274,0,0
0.20710145148177,7138,0.4276,0,0
0.20710144763797,7139,0.4278,0,0
0.20710144379427,7140,0.428,0,0
0.20710143995069,7141,0.4282,0,0
0.20710143610722,7142,0.4284,0,0
0.20710143226385,7143,0.4286,0,0
0.20710142842059,7144,0.4288,0,0
0.20710142457743,7145,0.429,0,0
0.20710142073439,7146,0.4292,0,0
0.20710141689145,7147,0.4294,0,0
0.20710141304861,7148,0.4296,0,0
0.20710140920589,7149,0.4298,0,0
0.20710140536326,7150,0.43,0,0
0.20710140152075,7151,0.4302,0,0
0.20710139767833,7152,0.4304,0,0
0.20710139383603,7153,0.4306,0,0
0.20710138999382,7154,0.4308,0,0
0.20710138615172,7155,0.431,0,0
0.20710138230973,7156,0.4312,0,0
0.20710137846784,7157,0.4314,0,0
0.20710137462605,7158,0.4316,0,0
0.20710137078436,7159,0.4318,0,0
0.20710136694278,7160,0.432,0,0
0.2071013631013,7161,0.4322,0,0
0.20710135925992,7162,0.4324,0,0
0.20710135541865,7163,0.4326,0,0
0.20710135157747,7164,0.4328,0,0
0.2071013477364,7165,0.433,0,0
0.20710134389543,7166,0.4332,0,0
0.20710134005455,7167,0.4334,0,0
0.20710133621378,7168,0.4336,0,0
0.20710133237311,7169,0.4338,0,0
0.20710132853254,7170,0.434,0,0
0.20710132469207,7171,0.4342,0,0
0.20710132085169,7172,0.4344,0,0
0.20710131701142,7173,0.4346,0,0
0.20710131317124,7174,0.4348,0,0
0.20710130933116,7175,0.435,0,0
0.20710130549119,7176,0.4352,0,0
0.2071013016513,7177,0.4354,0,0
0.20710129781152,7178,0.4356,0,0
0.20710129397183,7179,0.4358,0,0
0.20710129013224,7180,0.436,0,0
0.20710128629275,7181,0.4362,0,0
0.20710128245335,7182,0.4364,0,0
0.20710127861405,7183,0.4366,0,0
0.20710127477484,7184,0.4368,0,0
0.20710127093573,7185,0.437,0,0
0.20710126709672,7186,0.4372,0,0
0.2071012632578,7187,0.4374,0,0
0.20710125941897,7188,0.4376,0,0
0.20710125558024,7189,0.4378,0,0
0.2071012517416,7190,0.438,0,0
0.20710124790305,7191,0.4382,0,0
0.2071012440646,7192,0.4384,0,0
0.20710124022624,7193,0.4386,0,0
0.20710123638798,7194,0.4388,0,0
0.20710123254981,7195,0.439,0,0
0.20710122871172,7196,0.4392,0,0
0.20710122487374,7197,0.4394,0,0
0.20710122103584,7198,0.4396,0,0
0.20710121719803,7199,0.4398,0,0
0.20710121336032,7200,0.44,0,0
0.20710120952269,7201,0.4402,0,0
0.20710120568516,7202,0.4404,0,0
0.20710120184771,7203,0.4406,0,0
0.20710119801036,7204,0.4408,0,0
0.2071011941731,7205,0.441,0,0
0.20710119033592,7206,0.4412,0,0
0.20710118649883,7207,0.4414,0,0
0.20710118266183,7208,0.4416,0,0
0.20710117882493,7209,0.4418,0,0
0.2071011749881,7210,0.442,0,0
0.20710117115137,7211,0.4422,0,0
0.20710116731472,7212,0.4424,0,0
0.20710116347816,7213,0.4426,0,0
0.20710115964169,7214,0.4428,0,0
0.20710115580531,7215,0.443,0,0
0.20710115196901,7216,0.4432,0,0
0.20710114813279,7217,0.4434,0,0
0.20710114429667,7218,0.4436,0,0
0.20710114046062,7219,0.4438,0,0
0.20710113662467,7220,0.444,0,0
0.20710113278879,7221,0.4442,0,0
0.20710112895301,7222,0.4444,0,0
0.2071011251173,7223,0.4446,0,0
0.20710112128168,7224,0.4448,0,0
0.20710111744615,7225,0.445,0,0
0.20710111361069,7226,0.4452,0,0
0.20710110977532,7227,0.4454,0,0
0.20710110594004,7228,0.4456,0,0
0.20710110210483,7229,0.4458,0,0
0.20710109826971,7230,0.446,0,0
0.20710109443467,7231,0.4462,0,0
0.20710109059971,7232,0.4464,0,0
0.20710108676483,7233,0.4466,0,0
0.20710108293003,7234,0.4468,0,0
0.20710107909532,7235,0.447,0,0
0.20710107526068,7236,0.4472,0,0
0.20710107142613,7237,0.4474,0,0
0.20710106759165,7238,0.4476,0,0
0.20710106375726,7239,0.4478,0,0
0.20710105992294,7240,0.448,0,0
0.2071010560887,7241,0.4482,0,0
0.20710105225454,7242,0.4484,0,0
0.20710104842046,7243,0.4486,0,0
0.20710104458646,7244,0.4488,0,0
0.20710104075253,7245,0.449,0,0
0.20710103691868,7246,0.4492,0,0
0.20710103308491,7247,0.4494,0,0
0.20710102925122,7248,0.4496,0,0
0.2071010254176,7249,0.4498,0,0
0.20710102158406,7250,0.45,0,0
0.2071010177506,7251,0.4502,0,0
0.20710101391721,7252,0.4504,0,0
0.20710101008389,7253,0.4506,0,0
0.20710100625066,7254,0.4508,0,0
0.20710100241749,7255,0.451,0,0
0.2071009985844,7256,0.4512,0,0
0.20710099475139,7257,0.4514,0,0
0.20710099091845,7258,0.4516,0,0
0.20710098708558,7259,0.4518,0,0
0.20710098325278,7260,0.452,0,0
0.20710097942006,7261,0.4522,0,0
0.20710097558741,7262,0.4524,0,0
0.20710097175484,7263,0.4526,0,0
0.20710096792233,7264,0.4528,0,0
0.2071009640899,7265,0.453,0,0
0.20710096025754,7266,0.4532,0,0
0.20710095642525,7267,0.4534,0,0
0.20710095259303,7268,0.4536,0,0
0.20710094876089,7269,0.4538,0,0
0.20710094492881,7270,0.454,0,0
0.2071009410968,7271,0.4542,0,0
0.20710093726486,7272,0.4544,0,0
0.207100933433,7273,0.4546,0,0
0.2071009296012,7274,0.4548,0,0
0.20710092576947,7275,0.455,0,0
0.20710092193781,7276,0.4552,0,0
0.20710091810621,7277,0.4554,0,0
0.20710091427469,7278,0.4556,0,0
0.20710091044323,7279,0.4558,0,0
0.20710090661184,7280,0.456,0,0
0.20710090278052,7281,0.4562,0,0
0.20710089894926,7282,0.4564,0,0
0.20710089511807,7283,0.4566,0,0
0.20710089128695,7284,0.4568,0,0
0.20710088745589,7285,0.457,0,0
0.2071008836249,7286,0.4572,0,0
0.20710087979398,7287,0.4574,0,0
0.20710087596312,7288,0.4576,0,0
0.20710087213232,7289,0.4578,0,0
0.20710086830159,7290,0.458,0,0
0.20710086447092,7291,0.4582,0,0
0.20710086064032,7292,0.4584,0,0
0.20710085680978,7293,0.4586,0,0
0.2071008529793,7294,0.4588,0,0
0.20710084914888,7295,0.459,0,0
0.20710084531853,7296,0.4592,0,0
0.20710084148824,7297,0.4594,0,0
0.20710083765802,7298,0.4596,0,0
0.20710083382785,7299,0.4598,0,0
0.20710082999775,7300,0.46,0,0
0.20710082616771,7301,0.4602,0,0
0.20710082233773,7302,0.4604,0,0
0.20710081850781,7303,0.4606,0,0
0.20710081467795,7304,0.4608,0,0
0.20710081084814,7305,0.461,0,0
0.2071008070184,7306,0.4612,0,0
0.20710080318872,7307,0.4614,0,0
0.2071007993591,7308,0.4616,0,0
0.20710079552954,7309,0.4618,0,0
0.20710079170003,7310,0.462,0,0
0.20710078787059,7311,0.4622,0,0
0.2071007840412,7312,0.4624,0,0
0.20710078021187,7313,0.4626,0,0
0.20710077638259,7314,0.4628,0,0
0.20710077255338,7315,0.463,0,0
0.20710076872422,7316,0.4632,0,0
0.20710076489512,7317,0.4634,0,0
0.20710076106607,7318,0.4636,0,0
0.20710075723708,7319,0.4638,0,0
0.20710075340814,7320,0.464,0,0
0.20710074957926,7321,0.4642,0,0
0.20710074575044,7322,0.4644,0,0
0.20710074192167,7323,0.4646,0,0
0.20710073809295,7324,0.4648,0,0
0.20710073426429,7325,0.465,0,0
0.20710073043568,7326,0.4652,0,0
0.20710072660713,7327,0.4654,0,0
0.20710072277862,7328,0.4656,0,0
0.20710071895018,7329,0.4658,0,0
0.20710071512178,7330,0.466,0,0
0.20710071129344,7331,0.4662,0,0
0.20710070746514,7332,0.4664,0,0
0.2071007036369,7333,0.4666,0,0
0.20710069980872,7334,0.4668,0,0
0.20710069598058,7335,0.467,0,0
0.20710069215249,7336,0.4672,0,0
0.20710068832446,7337,0.4674,0,0
0.20710068449647,7338,0.4676,0,0
0.20710068066853,7339,0.4678,0,0
0.20710067684065,7340,0.468,0,0
0.20710067301281,7341,0.4682,0,0
0.20710066918502,7342,0.4684,0,0
0.20710066535728,7343,0.4686,0,0
0.20710066152959,7344,0.4688,0,0
0.20710065770195,7345,0.469,0,0
0.20710065387436,7346,0.4692,0,0
0.20710065004681,7347,0.4694,0,0
0.20710064621931,7348,0.4696,0,0
0.20710064239186,7349,0.4698,0,0
0.20710063856445,7350,0.47,0,0
0.20710063473709,7351,0.4702,0,0
0.20710063090978,7352,0.4704,0,0
0.20710062708251,7353,0.4706,0,0
0.20710062325529,7354,0.4708,0,0
0.20710061942811,7355,0.471,0,0
0.20710061560098,7356,0.4712,0,0
0.20710061177389,7357,0.4714,0,0
0.20710060794685,7358,0.4716,0,0
0.20710060411985,7359,0.4718,0,0
0.20710060029289,7360,0.472,0,0
0.20710059646598,7361,0.4722,0,0
0.20710059263911,7362,0.4724,0,0
0.20710058881229,7363,0.4726,0,0
0.2071005849855,7364,0.4728,0,0
0.20710058115876,7365,0.473,0,0
0.20710057733206,7366,0.4732,0,0
0.2071005735054,7367,0.4734,0,0
0.20710056967879,7368,0.4736,0,0
0.20710056585221,7369,0.4738,0,0
0.20710056202568,7370,0.474,0,0
0.20710055819918,7371,0.4742,0,0
0.20710055437273,7372,0.4744,0,0
0.20710055054631,7373,0.4746,0,0
0.20710054671994,7374,0.4748,0,0
0.2071005428936,7375,0.475,0,0
0.20710053906731,7376,0.4752,0,0
0.20710053524105,7377,0.4754,0,0
0.20710053141483,7378,0.4756,0,0
0.20710052758865,7379,0.4758,0,0
0.2071005237625,7380,0.476,0,0
0.2071005199364,7381,0.4762,0,0
0.20710051611033,7382,0.4764,0,0
0.2071005122843,7383,0.4766,0,0
0.2071005084583,7384,0.4768,0,0
0.20710050463234,7385,0.477,0,0
0.20710050080642,7386,0.4772,0,0
0.20710049698053,7387,0.4774,0,0
0.20710049315468,7388,0.4776,0,0
0.20710048932886,7389,0.4778,0,0
0.20710048550308,7390,0.478,0,0
0.20710048167733,7391,0.4782,0,0
0.20710047785161,7392,0.4784,0,0
0.20710047402593,7393,0.4786,0,0
0.20710047020029,7394,0.4788,0,0
0.20710046637467,7395,0.479,0,0
0.20710046254909,7396,0.4792,0,0
0.20710045872355,7397,0.4794,0,0
0.20710045489803,7398,0.4796,0,0
0.20710045107255,7399,0.4798,0,0
0.2071004472471,7400,0.48,0,0
0.20710044342168,7401,0.4802,0,0
0.20710043959629,7402,0.4804,0,0
0.20710043577093,7403,0.4806,0,0
0.2071004319456,7404,0.4808,0,0
0.20710042812031,7405,0.481,0,0
0.20710042429504,7406,0.4812,0,0
0.2071004204698,7407,0.4814,0,0
0.2071004166446,7408,0.4816,0,0
0.20710041281942,7409,0.4818,0,0
0.20710040899427,7410,0.482,0,0
0.20710040516915,7411,0.4822,0,0
0.20710040134406,7412,0.4824,0,0
0.20710039751899,7413,0.4826,0,0
0.20710039369395,7414,0.4828,0,0
0.20710038986894,7415,0.483,0,0
0.20710038604396,7416,0.4832,0,0
0.207100382219,7417,0.4834,0,0
0.20710037839407,7418,0.4836,0,0
0.20710037456917,7419,0.4838,0,0
0.20710037074429,7420,0.484,0,0
0.20710036691944,7421,0.4842,0,0
0.20710036309461,7422,0.4844,0,0
0.20710035926981,7423,0.4846,0,0
0.20710035544504,7424,0.4848,0,0
0.20710035162028,7425,0.485,0,0
0.20710034779555,7426,0.4852,0,0
0.20710034397085,7427,0.4854,0,0
0.20710034014617,7428,0.4856,0,0
0.20710033632151,7429,0.4858,0,0
0.20710033249687,7430,0.486,0,0
0.20710032867226,7431,0.4862,0,0
0.20710032484767,7432,0.4864,0,0
0.2071003210231,7433,0.4866,0,0
0.20710031719855,7434,0.4868,0,0
0.20710031337403,7435,0.487,0,0
0.20710030954952,7436,0.4872,0,0
0.20710030572504,7437,0.4874,0,0
0.20710030190058,7438,0.4876,0,0
0.20710029807613,7439,0.4878,0,0
0.20710029425171,7440,0.488,0,0
0.20710029042731,7441,0.4882,0,0
0.20710028660292,7442,0.4884,0,0
0.20710028277856,7443,0.4886,0,0
0.20710027895421,7444,0.4888,0,0
0.20710027512988,7445,0.489,0,0
0.20710027130557,7446,0.4892,0,0
0.20710026748128,7447,0.4894,0,0
0.20710026365701,7448,0.4896,0,0
0.20710025983275,7449,0.4898,0,0
0.20710025600851,7450,0.49,0,0
0.20710025218428,7451,0.4902,0,0
0.20710024836008,7452,0.4904,0,0
0.20710024453588,7453,0.4906,0,0
0.20710024071171,7454,0.4908,0,0
0.20710023688755,7455,0.491,0,0
0.2071002330634,7456,0.4912,0,0
0.20710022923927,7457,0.4914,0,0
0.20710022541515,7458,0.4916,0,0
0.20710022159105,7459,0.4918,0,0
0.20710021776696,7460,0.492,0,0
0.20710021394289,7461,0.4922,0,0
0.20710021011883,7462,0.4924,0,0
0.20710020629478,7463,0.4926,0,0
0.20710020247074,7464,0.4928,0,0
0.20710019864672,7465,0.493,0,0
0.20710019482271,7466,0.4932,0,0
0.20710019099871,7467,0.4934,0,0
0.20710018717472,7468,0.4936,0,0
0.20710018335075,7469,0.4938,0,0
0.20710017952678,7470,0.494,0,0
0.20710017570283,7471,0.4942,0,0
0.20710017187888,7472,0.4944,0,0
0.20710016805495,7473,0.4946,0,0
0.20710016423103,7474,0.4948,0,0
0.20710016040711,7475,0.495,0,0
0.2071001565832,7476,0.4952,0,0
0.20710015275931,7477,0.4954,0,0
0.20710014893542,7478,0.4956,0,0
0.20710014511154,7479,0.4958,0,0
0.20710014128767,7480,0.496,0,0
0.2071001374638,7481,0.4962,0,0
0.20710013363994,7482,0.4964,0,0
0.20710012981609,7483,0.4966,0,0
0.20710012599225,7484,0.4968,0,0
0.20710012216841,7485,0.497,0,0
0.20710011834458,7486,0.4972,0,0
0.20710011452076,7487,0.4974,0,0
0.20710011069694,7488,0.4976,0,0
0.20710010687313,7489,0.4978,0,0
0.20710010304932,7490,0.498,0,0
0.20710009922551,7491,0.4982,0,0
0.20710009540171,7492,0.4984,0,0
0.20710009157792,7493,0.4986,0,0
0.20710008775412,7494,0.4988,0,0
0.20710008393034,7495,0.499,0,0
0.20710008010655,7496,0.4992,0,0
0.20710007628277,7497,0.4994,0,0
0.20710007245899,7498,0.4996,0,0
0.20710006863521,7499,0.4998,0,0
0.20710006481143,7500,0.5,0,0
0.20710006098766,7501,0.5002,0,0
0.20710005716389,7502,0.5004,0,0
0.20710005334012,7503,0.5006,0,0
0.20710004951634,7504,0.5008,0,0
0.20710004569257,7505,0.501,0,0
0.2071000418688,7506,0.5012,0,0
0.20710003804503,7507,0.5014,0,0
0.20710003422126,7508,0.5016,0,0
0.20710003039749,7509,0.5018,0,0
0.20710002657372,7510,0.502,0,0
0.20710002274995,7511,0.5022,0,0
0.20710001892617,7512,0.5024,0,0
0.20710001510239,7513,0.5026,0,0
0.20710001127862,7514,0.5028,0,0
0.20710000745483,7515,0.503,0,0
0.20710000363105,7516,0.5032,0,0
0.20709999980726,7517,0.5034,0,0
0.20709999598347,7518,0.5036,0,0
0.20709999215968,7519,0.5038,0,0
0.20709998833588,7520,0.504,0,0
0.20709998451208,7521,0.5042,0,0
0.20709998068827,7522,0.5044,0,0
0.20709997686446,7523,0.5046,0,0
0.20709997304064,7524,0.5048,0,0
0.20709996921682,7525,0.505,0,0
0.20709996539299,7526,0.5052,0,0
0.20709996156915,7527,0.5054,0,0
0.20709995774531,7528,0.5056,0,0
0.20709995392146,7529,0.5058,0,0
0.20709995009761,7530,0.506,0,0
0.20709994627375,7531,0.5062,0,0
0.20709994244988,7532,0.5064,0,0
0.207099938626,7533,0.5066,0,0
0.20709993480211,7534,0.5068,0,0
0.20709993097822,7535,0.507,0,0
0.20709992715432,7536,0.5072,0,0
0.20709992333041,7537,0.5074,0,0
0.20709991950649,7538,0.5076,0,0
0.20709991568255,7539,0.5078,0,0
0.20709991185861,7540,0.508,0,0
0.20709990803466,7541,0.5082,0,0
0.2070999042107,7542,0.5084,0,0
0.20709990038673,7543,0.5086,0,0
0.20709989656275,7544,0.5088,0,0
0.20709989273875,7545,0.509,0,0
0.20709988891474,7546,0.5092,0,0
0.20709988509073,7547,0.5094,0,0
0.2070998812667,7548,0.5096,0,0
0.20709987744265,7549,0.5098,0,0
0.2070998736186,7550,0.51,0,0
0.20709986979453,7551,0.5102,0,0
0.20709986597044,7552,0.5104,0,0
0.20709986214635,7553,0.5106,0,0
0.20709985832223,7554,0.5108,0,0
0.20709985449811,7555,0.511,0,0
0.20709985067397,7556,0.5112,0,0
0.20709984684981,7557,0.5114,0,0
0.20709984302564,7558,0.5116,0,0
0.20709983920146,7559,0.5118,0,0
0.20709983537726,7560,0.512,0,0
0.20709983155304,7561,0.5122,0,0
0.2070998277288,7562,0.5124,0,0
0.20709982390455,7563,0.5126,0,0
0.20709982008028,7564,0.5128,0,0
0.207099816256,7565,0.513,0,0
0.20709981243169,7566,0.5132,0,0
0.20709980860737,7567,0.5134,0,0
0.20709980478303,7568,0.5136,0,0
0.20709980095867,7569,0.5138,0,0
0.20709979713429,7570,0.514,0,0
0.2070997933099,7571,0.5142,0,0
0.20709978948548,7572,0.5144,0,0
0.20709978566105,7573,0.5146,0,0
0.20709978183659,7574,0.5148,0,0
0.20709977801211,7575,0.515,0,0
0.20709977418762,7576,0.5152,0,0
0.2070997703631,7577,0.5154,0,0
0.20709976653856,7578,0.5156,0,0
0.207099762714,7579,0.5158,0,0
0.20709975888942,7580,0.516,0,0
0.20709975506481,7581,0.5162,0,0
0.20709975124018,7582,0.5164,0,0
0.20709974741553,7583,0.5166,0,0
0.20709974359086,7584,0.5168,0,0
0.20709973976617,7585,0.517,0,0
0.20709973594145,7586,0.5172,0,0
0.2070997321167,7587,0.5174,0,0
0.20709972829193,7588,0.5176,0,0
0.20709972446714,7589,0.5178,0,0
0.20709972064232,7590,0.518,0,0
0.20709971681748,7591,0.5182,0,0
0.20709971299261,7592,0.5184,0,0
0.20709970916772,7593,0.5186,0,0
0.2070997053428,7594,0.5188,0,0
0.20709970151785,7595,0.519,0,0
0.20709969769288,7596,0.5192,0,0
0.20709969386788,7597,0.5194,0,0
0.20709969004285,7598,0.5196,0,0
0.2070996862178,7599,0.5198,0,0
0.20709968239271,7600,0.52,0,0
0.2070996785676,7601,0.5202,0,0
0.20709967474247,7602,0.5204,0,0
0.2070996709173,7603,0.5206,0,0
0.2070996670921,7604,0.5208,0,0
0.20709966326687,7605,0.521,0,0
0.20709965944162,7606,0.5212,0,0
0.20709965561633,7607,0.5214,0,0
0.20709965179102,7608,0.5216,0,0
0.20709964796567,7609,0.5218,0,0
0.2070996441403,7610,0.522,0,0
0.20709964031489,7611,0.5222,0,0
0.20709963648945,7612,0.5224,0,0
0.20709963266398,7613,0.5226,0,0
0.20709962883847,7614,0.5228,0,0
0.20709962501294,7615,0.523,0,0
0.20709962118737,7616,0.5232,0,0
0.20709961736177,7617,0.5234,0,0
0.20709961353614,7618,0.5236,0,0
0.20709960971047,7619,0.5238,0,0
0.20709960588477,7620,0.524,0,0
0.20709960205903,7621,0.5242,0,0
0.20709959823326,7622,0.5244,0,0
0.20709959440746,7623,0.5246,0,0
0.20709959058162,7624,0.5248,0,0
0.20709958675574,7625,0.525,0,0
0.20709958292983,7626,0.5252,0,0
0.20709957910389,7627,0.5254,0,0
0.20709957527791,7628,0.5256,0,0
0.20709957145189,7629,0.5258,0,0
0.20709956762583,7630,0.526,0,0
0.20709956379974,7631,0.5262,0,0
0.20709955997361,7632,0.5264,0,0
0.20709955614744,7633,0.5266,0,0
0.20709955232124,7634,0.5268,0,0
0.20709954849499,7635,0.527,0,0
0.20709954466871,7636,0.5272,0,0
0.20709954084239,7637,0.5274,0,0
0.20709953701603,7638,0.5276,0,0
0.20709953318963,7639,0.5278,0,0
0.20709952936319,7640,0.528,0,0
0.20709952553671,7641,0.5282,0,0
0.20709952171019,7642,0.5284,0,0
0.20709951788363,7643,0.5286,0,0
0.20709951405703,7644,0.5288,0,0
0.20709951023039,7645,0.529,0,0
0.20709950640371,7646,0.5292,0,0
0.20709950257698,7647,0.5294,0,0
0.20709949875022,7648,0.5296,0,0
0.20709949492341,7649,0.5298,0,0
0.20709949109655,7650,0.53,0,0
0.20709948726966,7651,0.5302,0,0
0.20709948344272,7652,0.5304,0,0
0.20709947961574,7653,0.5306,0,0
0.20709947578871,7654,0.5308,0,0
0.20709947196164,7655,0.531,0,0
0.20709946813453,7656,0.5312,0,0
0.20709946430737,7657,0.5314,0,0
0.20709946048016,7658,0.5316,0,0
0.20709945665291,7659,0.5318,0,0
0.20709945282562,7660,0.532,0,0
0.20709944899827,7661,0.5322,0,0
0.20709944517089,7662,0.5324,0,0
0.20709944134345,7663,0.5326,0,0
0.20709943751597,7664,0.5328,0,0
0.20709943368844,7665,0.533,0,0
0.20709942986087,7666,0.5332,0,0
0.20709942603324,7667,0.5334,0,0
0.20709942220557,7668,0.5336,0,0
0.20709941837785,7669,0.5338,0,0
0.20709941455008,7670,0.534,0,0
0.20709941072227,7671,0.5342,0,0
0.2070994068944,7672,0.5344,0,0
0.20709940306648,7673,0.5346,0,0
0.20709939923852,7674,0.5348,0,0
0.2070993954105,7675,0.535,0,0
0.20709939158243,7676,0.5352,0,0
0.20709938775432,7677,0.5354,0,0
0.20709938392615,7678,0.5356,0,0
0.20709938009793,7679,0.5358,0,0
0.20709937626966,7680,0.536,0,0
0.20709937244134,7681,0.5362,0,0
0.20709936861296,7682,0.5364,0,0
0.20709936478453,7683,0.5366,0,0
0.20709936095605,7684,0.5368,0,0
0.20709935712752,7685,0.537,0,0
0.20709935329893,7686,0.5372,0,0
0.20709934947029,7687,0.5374,0,0
0.2070993456416,7688,0.5376,0,0
0.20709934181285,7689,0.5378,0,0
0.20709933798405,7690,0.538,0,0
0.20709933415519,7691,0.5382,0,0
0.20709933032628,7692,0.5384,0,0
0.20709932649731,7693,0.5386,0,0
0.20709932266828,7694,0.5388,0,0
0.2070993188392,7695,0.539,0,0
0.20709931501007,7696,0.5392,0,0
0.20709931118087,7697,0.5394,0,0
0.20709930735162,7698,0.5396,0,0
0.20709930352232,7699,0.5398,0,0
0.20709929969295,7700,0.54,0,0
0.20709929586353,7701,0.5402,0,0
0.20709929203405,7702,0.5404,0,0
0.20709928820451,7703,0.5406,0,0
0.20709928437491,7704,0.5408,0,0
0.20709928054525,7705,0.541,0,0
0.20709927671554,7706,0.5412,0,0
0.20709927288576,7707,0.5414,0,0
0.20709926905593,7708,0.5416,0,0
0.20709926522603,7709,0.5418,0,0
0.20709926139607,7710,0.542,0,0
0.20709925756606,7711,0.5422,0,0
0.20709925373598,7712,0.5424,0,0
0.20709924990584,7713,0.5426,0,0
0.20709924607564,7714,0.5428,0,0
0.20709924224538,7715,0.543,0,0
0.20709923841505,7716,0.5432,0,0
0.20709923458466,7717,0.5434,0,0
0.20709923075421,7718,0.5436,0,0
0.2070992269237,7719,0.5438,0,0
0.20709922309312,7720,0.544,0,0
0.20709921926248,7721,0.5442,0,0
0.20709921543178,7722,0.5444,0,0
0.20709921160101,7723,0.5446,0,0
0.20709920777017,7724,0.5448,0,0
0.20709920393928,7725,0.545,0,0
0.20709920010831,7726,0.5452,0,0
0.20709919627728,7727,0.5454,0,0
0.20709919244619,7728,0.5456,0,0
0.20709918861503,7729,0.5458,0,0
0.2070991847838,7730,0.546,0,0
0.20709918095251,7731,0.5462,0,0
0.20709917712114,7732,0.5464,0,0
0.20709917328972,7733,0.5466,0,0
0.20709916945822,7734,0.5468,0,0
0.20709916562666,7735,0.547,0,0
0.20709916179502,7736,0.5472,0,0
0.20709915796332,7737,0.5474,0,0
0.20709915413156,7738,0.5476,0,0
0.20709915029972,7739,0.5478,0,0
0.20709914646781,7740,0.548,0,0
0.20709914263583,7741,0.5482,0,0
0.20709913880379,7742,0.5484,0,0
0.20709913497167,7743,0.5486,0,0
0.20709913113948,7744,0.5488,0,0
0.20709912730722,7745,0.549,0,0
0.20709912347489,7746,0.5492,0,0
0.20709911964249,7747,0.5494,0,0
0.20709911581002,7748,0.5496,0,0
0.20709911197748,7749,0.5498,0,0
0.20709910814486,7750,0.55,0,0
0.20709910431217,7751,0.5502,0,0
0.20709910047941,7752,0.5504,0,0
0.20709909664657,7753,0.5506,0,0
0.20709909281366,7754,0.5508,0,0
0.20709908898068,7755,0.551,0,0
0.20709908514763,7756,0.5512,0,0
0.20709908131449,7757,0.5514,0,0
0.20709907748129,7758,0.5516,0,0
0.20709907364801,7759,0.5518,0,0
0.20709906981465,7760,0.552,0,0
0.20709906598122,7761,0.5522,0,0
0.20709906214771,7762,0.5524,0,0
0.20709905831413,7763,0.5526,0,0
0.20709905448047,7764,0.5528,0,0
0.20709905064674,7765,0.553,0,0
0.20709904681292,7766,0.5532,0,0
0.20709904297903,7767,0.5534,0,0
0.20709903914507,7768,0.5536,0,0
0.20709903531102,7769,0.5538,0,0
0.2070990314769,7770,0.554,0,0
0.20709902764269,7771,0.5542,0,0
0.20709902380841,7772,0.5544,0,0
0.20709901997405,7773,0.5546,0,0
0.20709901613961,7774,0.5548,0,0
0.20709901230509,7775,0.555,0,0
0.20709900847049,7776,0.5552,0,0
0.20709900463582,7777,0.5554,0,0
0.20709900080106,7778,0.5556,0,0
0.20709899696622,7779,0.5558,0,0
0.20709899313129,7780,0.556,0,0
0.20709898929629,7781,0.5562,0,0
0.20709898546121,7782,0.5564,0,0
0.20709898162604,7783,0.5566,0,0
0.20709897779079,7784,0.5568,0,0
0.20709897395546,7785,0.557,0,0
0.20709897012005,7786,0.5572,0,0
0.20709896628455,7787,0.5574,0,0
0.20709896244897,7788,0.5576,0,0
0.2070989586133,7789,0.5578,0,0
0.20709895477755,7790,0.558,0,0
0.20709895094172,7791,0.5582,0,0
0.2070989471058,7792,0.5584,0,0
0.2070989432698,7793,0.5586,0,0
0.20709893943371,7794,0.5588,0,0
0.20709893559754,7795,0.559,0,0
0.20709893176128,7796,0.5592,0,0
0.20709892792494,7797,0.5594,0,0
0.20709892408851,7798,0.5596,0,0
0.20709892025199,7799,0.5598,0,0
0.20709891641538,7800,0.56,0,0
0.20709891257869,7801,0.5602,0,0
0.20709890874191,7802,0.5604,0,0
0.20709890490504,7803,0.5606,0,0
0.20709890106809,7804,0.5608,0,0
0.20709889723104,7805,0.561,0,0
0.20709889339391,7806,0.5612,0,0
0.20709888955669,7807,0.5614,0,0
0.20709888571938,7808,0.5616,0,0
0.20709888188198,7809,0.5618,0,0
0.20709887804449,7810,0.562,0,0
0.20709887420691,7811,0.5622,0,0
0.20709887036924,7812,0.5624,0,0
0.20709886653147,7813,0.5626,0,0
0.20709886269362,7814,0.5628,0,0
0.20709885885568,7815,0.563,0,0
0.20709885501764,7816,0.5632,0,0
0.20709885117951,7817,0.5634,0,0
0.20709884734129,7818,0.5636,0,0
0.20709884350298,7819,0.5638,0,0
0.20709883966457,7820,0.564,0,0
0.20709883582608,7821,0.5642,0,0
0.20709883198748,7822,0.5644,0,0
0.2070988281488,7823,0.5646,0,0
0.20709882431002,7824,0.5648,0,0
0.20709882047115,7825,0.565,0,0
0.20709881663218,7826,0.5652,0,0
0.20709881279311,7827,0.5654,0,0
0.20709880895396,7828,0.5656,0,0
0.2070988051147,7829,0.5658,0,0
0.20709880127535,7830,0.566,0,0
0.20709879743591,7831,0.5662,0,0
0.20709879359636,7832,0.5664,0,0
0.20709878975673,7833,0.5666,0,0
0.20709878591699,7834,0.5668,0,0
0.20709878207716,7835,0.567,0,0
0.20709877823723,7836,0.5672,0,0
0.2070987743972,7837,0.5674,0,0
0.20709877055708,7838,0.5676,0,0
0.20709876671685,7839,0.5678,0,0
0.20709876287653,7840,0.568,0,0
0.20709875903611,7841,0.5682,0,0
0.20709875519559,7842,0.5684,0,0
0.20709875135497,7843,0.5686,0,0
0.20709874751425,7844,0.5688,0,0
0.20709874367342,7845,0.569,0,0
0.2070987398325,7846,0.5692,0,0
0.20709873599148,7847,0.5694,0,0
0.20709873215036,7848,0.5696,0,0
0.20709872830914,7849,0.5698,0,0
0.20709872446781,7850,0.57,0,0
0.20709872062638,7851,0.5702,0,0
0.20709871678486,7852,0.5704,0,0
0.20709871294322,7853,0.5706,0,0
0.20709870910149,7854,0.5708,0,0
0.20709870525965,7855,0.571,0,0
0.20709870141771,7856,0.5712,0,0
0.20709869757567,7857,0.5714,0,0
0.20709869373352,7858,0.5716,0,0
0.20709868989127,7859,0.5718,0,0
0.20709868604891,7860,0.572,0,0
0.20709868220645,7861,0.5722,0,0
0.20709867836388,7862,0.5724,0,0
0.20709867452121,7863,0.5726,0,0
0.20709867067843,7864,0.5728,0,0
0.20709866683555,7865,0.573,0,0
0.20709866299256,7866,0.5732,0,0
0.20709865914946,7867,0.5734,0,0
0.20709865530626,7868,0.5736,0,0
0.20709865146295,7869,0.5738,0,0
0.20709864761953,7870,0.574,0,0
0.20709864377601,7871,0.5742,0,0
0.20709863993238,7872,0.5744,0,0
0.20709863608864,7873,0.5746,0,0
0.20709863224479,7874,0.5748,0,0
0.20709862840083,7875,0.575,0,0
0.20709862455676,7876,0.5752,0,0
0.20709862071258,7877,0.5754,0,0
0.2070986168683,7878,0.5756,0,0
0.2070986130239,7879,0.5758,0,0
0.20709860917939,7880,0.576,0,0
0.20709860533478,7881,0.5762,0,0
0.20709860149005,7882,0.5764,0,0
0.20709859764521,7883,0.5766,0,0
0.20709859380026,7884,0.5768,0,0
0.2070985899552,7885,0.577,0,0
0.20709858611002,7886,0.5772,0,0
0.20709858226473,7887,0.5774,0,0
0.20709857841934,7888,0.5776,0,0
0.20709857457382,7889,0.5778,0,0
0.2070985707282,7890,0.578,0,0
0.20709856688246,7891,0.5782,0,0
0.20709856303661,7892,0.5784,0,0
0.20709855919064,7893,0.5786,0,0
0.20709855534456,7894,0.5788,0,0
0.20709855149836,7895,0.579,0,0
0.20709854765205,7896,0.5792,0,0
0.20709854380563,7897,0.5794,0,0
0.20709853995909,7898,0.5796,0,0
0.20709853611243,7899,0.5798,0,0
0.20709853226566,7900,0.58,0,0
0.20709852841877,7901,0.5802,0,0
0.20709852457176,7902,0.5804,0,0
0.20709852072464,7903,0.5806,0,0
0.2070985168774,7904,0.5808,0,0
0.20709851303004,7905,0.581,0,0
0.20709850918257,7906,0.5812,0,0
0.20709850533497,7907,0.5814,0,0
0.20709850148726,7908,0.5816,0,0
0.20709849763943,7909,0.5818,0,0
0.20709849379148,7910,0.582,0,0
0.20709848994341,7911,0.5822,0,0
0.20709848609523,7912,0.5824,0,0
0.20709848224692,7913,0.5826,0,0
0.20709847839849,7914,0.5828,0,0
0.20709847454994,7915,0.583,0,0
0.20709847070127,7916,0.5832,0,0
0.20709846685248,7917,0.5834,0,0
0.20709846300357,7918,0.5836,0,0
0.20709845915454,7919,0.5838,0,0
0.20709845530539,7920,0.584,0,0
0.20709845145611,7921,0.5842,0,0
0.20709844760671,7922,0.5844,0,0
0.20709844375719,7923,0.5846,0,0
0.20709843990755,7924,0.5848,0,0
0.20709843605778,7925,0.585,0,0
0.20709843220789,7926,0.5852,0,0
0.20709842835787,7927,0.5854,0,0
0.20709842450773,7928,0.5856,0,0
0.20709842065747,7929,0.5858,0,0
0.20709841680708,7930,0.586,0,0
0.20709841295657,7931,0.5862,0,0
0.20709840910593,7932,0.5864,0,0
0.20709840525517,7933,0.5866,0,0
0.20709840140428,7934,0.5868,0,0
0.20709839755326,7935,0.587,0,0
0.20709839370212,7936,0.5872,0,0
0.20709838985085,7937,0.5874,0,0
0.20709838599945,7938,0.5876,0,0
0.20709838214793,7939,0.5878,0,0
0.20709837829628,7940,0.588,0,0
0.2070983744445,7941,0.5882,0,0
0.20709837059259,7942,0.5884,0,0
0.20709836674056,7943,0.5886,0,0
0.20709836288839,7944,0.5888,0,0
0.2070983590361,7945,0.589,0,0
0.20709835518368,7946,0.5892,0,0
0.20709835133113,7947,0.5894,0,0
0.20709834747844,7948,0.5896,0,0
0.20709834362563,7949,0.5898,0,0
0.20709833977269,7950,0.59,0,0
0.20709833591962,7951,0.5902,0,0
0.20709833206641,7952,0.5904,0,0
0.20709832821308,7953,0.5906,0,0
0.20709832435961,7954,0.5908,0,0
0.20709832050601,7955,0.591,0,0
0.20709831665228,7956,0.5912,0,0
0.20709831279842,7957,0.5914,0,0
0.20709830894442,7958,0.5916,0,0
0.20709830509029,7959,0.5918,0,0
0.20709830123603,7960,0.592,0,0
0.20709829738164,7961,0.5922,0,0
0.20709829352711,7962,0.5924,0,0
0.20709828967244,7963,0.5926,0,0
0.20709828581764,7964,0.5928,0,0
0.20709828196271,7965,0.593,0,0
0.20709827810764,7966,0.5932,0,0
0.20709827425244,7967,0.5934,0,0
0.2070982703971,7968,0.5936,0,0
0.20709826654163,7969,0.5938,0,0
0.20709826268602,7970,0.594,0,0
0.20709825883027,7971,0.5942,0,0
0.20709825497439,7972,0.5944,0,0
0.20709825111836,7973,0.5946,0,0
0.20709824726221,7974,0.5948,0,0
0.20709824340591,7975,0.595,0,0
0.20709823954948,7976,0.5952,0,0
0.20709823569291,7977,0.5954,0,0
0.2070982318362,7978,0.5956,0,0
0.20709822797935,7979,0.5958,0,0
0.20709822412236,7980,0.596,0,0
0.20709822026523,7981,0.5962,0,0
0.20709821640797,7982,0.5964,0,0
0.20709821255056,7983,0.5966,0,0
0.20709820869301,7984,0.5968,0,0
0.20709820483533,7985,0.597,0,0
0.2070982009775,7986,0.5972,0,0
0.20709819711953,7987,0.5974,0,0
0.20709819326142,7988,0.5976,0,0
0.20709818940317,7989,0.5978,0,0
0.20709818554477,7990,0.598,0,0
0.20709818168624,7991,0.5982,0,0
0.20709817782756,7992,0.5984,0,0
0.20709817396874,7993,0.5986,0,0
0.20709817010978,7994,0.5988,0,0
0.20709816625067,7995,0.599,0,0
0.20709816239142,7996,0.5992,0,0
0.20709815853203,7997,0.5994,0,0
0.20709815467249,7998,0.5996,0,0
0.20709815081281,7999,0.5998,0,0
0.20709814695298,8000,0.6,0,0
0.20709814309301,8001,0.6002,0,0
0.20709813923289,8002,0.6004,0,0
0.20709813537263,8003,0.6006,0,0
0.20709813151222,8004,0.6008,0,0
0.20709812765166,8005,0.601,0,0
0.20709812379096,8006,0.6012,0,0
0.20709811993011,8007,0.6014,0,0
0.20709811606912,8008,0.6016,0,0
0.20709811220798,8009,0.6018,0,0
0.20709810834669,8010,0.602,0,0
0.20709810448525,8011,0.6022,0,0
0.20709810062366,8012,0.6024,0,0
0.20709809676193,8013,0.6026,0,0
0.20709809290005,8014,0.6028,0,0
0.20709808903802,8015,0.603,0,0
0.20709808517584,8016,0.6032,0,0
0.20709808131351,8017,0.6034,0,0
0.20709807745103,8018,0.6036,0,0
0.2070980735884,8019,0.6038,0,0
0.20709806972562,8020,0.604,0,0
0.20709806586269,8021,0.6042,0,0
0.20709806199961,8022,0.6044,0,0
0.20709805813637,8023,0.6046,0,0
0.20709805427299,8024,0.6048,0,0
0.20709805040945,8025,0.605,0,0
0.20709804654576,8026,0.6052,0,0
0.20709804268192,8027,0.6054,0,0
0.20709803881793,8028,0.6056,0,0
0.20709803495379,8029,0.6058,0,0
0.20709803108949,8030,0.606,0,0
0.20709802722503,8031,0.6062,0,0
0.20709802336043,8032,0.6064,0,0
0.20709801949567,8033,0.6066,0,0
0.20709801563075,8034,0.6068,0,0
0.20709801176569,8035,0.607,0,0
0.20709800790046,8036,0.6072,0,0
0.20709800403508,8037,0.6074,0,0
0.20709800016955,8038,0.6076,0,0
0.20709799630386,8039,0.6078,0,0
0.20709799243801,8040,0.608,0,0
0.20709798857201,8041,0.6082,0,0
0.20709798470585,8042,0.6084,0,0
0.20709798083954,8043,0.6086,0,0
0.20709797697307,8044,0.6088,0,0
0.20709797310644,8045,0.609,0,0
0.20709796923965,8046,0.6092,0,0
0.2070979653727,8047,0.6094,0,0
0.2070979615056,8048,0.6096,0,0
0.20709795763834,8049,0.6098,0,0
0.20709795377092,8050,0.61,0,0
0.20709794990334,8051,0.6102,0,0
0.2070979460356,8052,0.6104,0,0
0.2070979421677,8053,0.6106,0,0
0.20709793829964,8054,0.6108,0,0
0.20709793443142,8055,0.611,0,0
0.20709793056304,8056,0.6112,0,0
0.2070979266945,8057,0.6114,0,0
0.2070979228258,8058,0.6116,0,0
0.20709791895694,8059,0.6118,0,0
0.20709791508791,8060,0.612,0,0
0.20709791121873,8061,0.6122,0,0
0.20709790734938,8062,0.6124,0,0
0.20709790347987,8063,0.6126,0,0
0.2070978996102,8064,0.6128,0,0
0.20709789574036,8065,0.613,0,0
0.20709789187036,8066,0.6132,0,0
0.2070978880002,8067,0.6134,0,0
0.20709788412987,8068,0.6136,0,0
0.20709788025938,8069,0.6138,0,0
0.20709787638873,8070,0.614,0,0
0.20709787251791,8071,0.6142,0,0
0.20709786864692,8072,0.6144,0,0
0.20709786477577,8073,0.6146,0,0
0.20709786090446,8074,0.6148,0,0
0.20709785703298,8075,0.615,0,0
0.20709785316133,8076,0.6152,0,0
0.20709784928952,8077,0.6154,0,0
0.20709784541754,8078,0.6156,0,0
0.20709784154539,8079,0.6158,0,0
0.20709783767308,8080,0.616,0,0
0.20709783380059,8081,0.6162,0,0
0.20709782992795,8082,0.6164,0,0
0.20709782605513,8083,0.6166,0,0
0.20709782218214,8084,0.6168,0,0
0.20709781830899,8085,0.617,0,0
0.20709781443567,8086,0.6172,0,0
0.20709781056217,8087,0.6174,0,0
0.20709780668851,8088,0.6176,0,0
0.20709780281468,8089,0.6178,0,0
0.20709779894068,8090,0.618,0,0
0.20709779506651,8091,0.6182,0,0
0.20709779119217,8092,0.6184,0,0
0.20709778731766,8093,0.6186,0,0
0.20709778344297,8094,0.6188,0,0
0.20709777956812,8095,0.619,0,0
0.20709777569309,8096,0.6192,0,0
0.20709777181789,8097,0.6194,0,0
0.20709776794252,8098,0.6196,0,0
0.20709776406698,8099,0.6198,0,0
0.20709776019127,8100,0.62,0,0
0.20709775631538,8101,0.6202,0,0
0.20709775243932,8102,0.6204,0,0
0.20709774856308,8103,0.6206,0,0
0.20709774468667,8104,0.6208,0,0
0.20709774081009,8105,0.621,0,0
0.20709773693333,8106,0.6212,0,0
0.2070977330564,8107,0.6214,0,0
0.20709772917929,8108,0.6216,0,0
0.20709772530201,8109,0.6218,0,0
0.20709772142455,8110,0.622,0,0
0.20709771754692,8111,0.6222,0,0
0.20709771366911,8112,0.6224,0,0
0.20709770979112,8113,0.6226,0,0
0.20709770591296,8114,0.6228,0,0
0.20709770203462,8115,0.623,0,0
0.2070976981561,8116,0.6232,0,0
0.20709769427741,8117,0.6234,0,0
0.20709769039854,8118,0.6236,0,0
0.20709768651949,8119,0.6238,0,0
0.20709768264026,8120,0.624,0,0
0.20709767876086,8121,0.6242,0,0
0.20709767488127,8122,0.6244,0,0
0.20709767100151,8123,0.6246,0,0
0.20709766712156,8124,0.6248,0,0
0.20709766324144,8125,0.625,0,0
0.20709765936114,8126,0.6252,0,0
0.20709765548066,8127,0.6254,0,0
0.20709765159999,8128,0.6256,0,0
0.20709764771915,8129,0.6258,0,0
0.20709764383812,8130,0.626,0,0
0.20709763995692,8131,0.6262,0,0
0.20709763607553,8132,0.6264,0,0
0.20709763219396,8133,0.6266,0,0
0.20709762831221,8134,0.6268,0,0
0.20709762443027,8135,0.627,0,0
0.20709762054816,8136,0.6272,0,0
0.20709761666586,8137,0.6274,0,0
0.20709761278337,8138,0.6276,0,0
0.20709760890071,8139,0.6278,0,0
0.20709760501786,8140,0.628,0,0
0.20709760113482,8141,0.6282,0,0
0.2070975972516,8142,0.6284,0,0
0.2070975933682,8143,0.6286,0,0
0.20709758948461,8144,0.6288,0,0
0.20709758560084,8145,0.629,0,0
0.20709758171688,8146,0.6292,0,0
0.20709757783274,8147,0.6294,0,0
0.20709757394841,8148,0.6296,0,0
0.20709757006389,8149,0.6298,0,0
0.20709756617919,8150,0.63,0,0
0.2070975622943,8151,0.6302,0,0
0.20709755840922,8152,0.6304,0,0
0.20709755452396,8153,0.6306,0,0
0.20709755063851,8154,0.6308,0,0
0.20709754675287,8155,0.631,0,0
0.20709754286704,8156,0.6312,0,0
0.20709753898103,8157,0.6314,0,0
0.20709753509482,8158,0.6316,0,0
0.20709753120843,8159,0.6318,0,0
0.20709752732185,8160,0.632,0,0
0.20709752343507,8161,0.6322,0,0
0.20709751954811,8162,0.6324,0,0
0.20709751566096,8163,0.6326,0,0
0.20709751177362,8164,0.6328,0,0
0.20709750788609,8165,0.633,0,0
0.20709750399836,8166,0.6332,0,0
0.20709750011045,8167,0.6334,0,0
0.20709749622234,8168,0.6336,0,0
0.20709749233404,8169,0.6338,0,0
0.20709748844556,8170,0.634,0,0
0.20709748455687,8171,0.6342,0,0
0.207097480668,8172,0.6344,0,0
0.20709747677893,8173,0.6346,0,0
0.20709747288967,8174,0.6348,0,0
0.20709746900022,8175,0.635,0,0
0.20709746511057,8176,0.6352,0,0
0.20709746122073,8177,0.6354,0,0
0.2070974573307,8178,0.6356,0,0
0.20709745344047,8179,0.6358,0,0
0.20709744955004,8180,0.636,0,0
0.20709744565943,8181,0.6362,0,0
0.20709744176861,8182,0.6364,0,0
0.2070974378776,8183,0.6366,0,0
0.2070974339864,8184,0.6368,0,0
0.207097430095,8185,0.637,0,0
0.2070974262034,8186,0.6372,0,0
0.20709742231161,8187,0.6374,0,0
0.20709741841962,8188,0.6376,0,0
0.20709741452743,8189,0.6378,0,0
0.20709741063504,8190,0.638,0,0
0.20709740674246,8191,0.6382,0,0
0.20709740284968,8192,0.6384,0,0
0.2070973989567,8193,0.6386,0,0
0.20709739506352,8194,0.6388,0,0
0.20709739117015,8195,0.639,0,0
0.20709738727657,8196,0.6392,0,0
0.2070973833828,8197,0.6394,0,0
0.20709737948883,8198,0.6396,0,0
0.20709737559465,8199,0.6398,0,0
0.20709737170028,8200,0.64,0,0
0.2070973678057,8201,0.6402,0,0
0.20709736391093,8202,0.6404,0,0
0.20709736001596,8203,0.6406,0,0
0.20709735612078,8204,0.6408,0,0
0.2070973522254,8205,0.641,0,0
0.20709734832982,8206,0.6412,0,0
0.20709734443404,8207,0.6414,0,0
0.20709734053806,8208,0.6416,0,0
0.20709733664187,8209,0.6418,0,0
0.20709733274548,8210,0.642,0,0
0.20709732884889,8211,0.6422,0,0
0.20709732495209,8212,0.6424,0,0
0.2070973210551,8213,0.6426,0,0
0.20709731715789,8214,0.6428,0,0
0.20709731326049,8215,0.643,0,0
0.20709730936288,8216,0.6432,0,0
0.20709730546506,8217,0.6434,0,0
0.20709730156704,8218,0.6436,0,0
0.20709729766881,8219,0.6438,0,0
0.20709729377038,8220,0.644,0,0
0.20709728987175,8221,0.6442,0,0
0.2070972859729,8222,0.6444,0,0
0.20709728207386,8223,0.6446,0,0
0.2070972781746,8224,0.6448,0,0
0.20709727427514,8225,0.645,0,0
0.20709727037547,8226,0.6452,0,0
0.20709726647559,8227,0.6454,0,0
0.20709726257551,8228,0.6456,0,0
0.20709725867522,8229,0.6458,0,0
0.20709725477472,8230,0.646,0,0
0.20709725087401,8231,0.6462,0,0
0.20709724697309,8232,0.6464,0,0
0.20709724307196,8233,0.6466,0,0
0.20709723917063,8234,0.6468,0,0
0.20709723526908,8235,0.647,0,0
0.20709723136733,8236,0.6472,0,0
0.20709722746537,8237,0.6474,0,0
0.20709722356319,8238,0.6476,0,0
0.20709721966081,8239,0.6478,0,0
0.20709721575821,8240,0.648,0,0
0.2070972118554,8241,0.6482,0,0
0.20709720795239,8242,0.6484,0,0
0.20709720404916,8243,0.6486,0,0
0.20709720014571,8244,0.6488,0,0
0.20709719624206,8245,0.649,0,0
0.20709719233819,8246,0.6492,0,0
0.20709718843412,8247,0.6494,0,0
0.20709718452982,8248,0.6496,0,0
0.20709718062532,8249,0.6498,0,0
0.2070971767206,8250,0.65,0,0
0.20709717281567,8251,0.6502,0,0
0.20709716891052,8252,0.6504,0,0
0.20709716500516,8253,0.6506,0,0
0.20709716109959,8254,0.6508,0,0
0.2070971571938,8255,0.651,0,0
0.20709715328779,8256,0.6512,0,0
0.20709714938158,8257,0.6514,0,0
0.20709714547514,8258,0.6516,0,0
0.20709714156849,8259,0.6518,0,0
0.20709713766162,8260,0.652,0,0
0.20709713375454,8261,0.6522,0,0
0.20709712984724,8262,0.6524,0,0
0.20709712593972,8263,0.6526,0,0
0.20709712203199,8264,0.6528,0,0
0.20709711812404,8265,0.653,0,0
0.20709711421587,8266,0.6532,0,0
0.20709711030748,8267,0.6534,0,0
0.20709710639887,8268,0.6536,0,0
0.20709710249005,8269,0.6538,0,0
0.20709709858101,8270,0.654,0,0
0.20709709467175,8271,0.6542,0,0
0.20709709076227,8272,0.6544,0,0
0.20709708685257,8273,0.6546,0,0
0.20709708294265,8274,0.6548,0,0
0.20709707903251,8275,0.655,0,0
0.20709707512215,8276,0.6552,0,0
0.20709707121156,8277,0.6554,0,0
0.20709706730076,8278,0.6556,0,0
0.20709706338974,8279,0.6558,0,0
0.2070970594785,8280,0.656,0,0
0.20709705556703,8281,0.6562,0,0
0.20709705165534,8282,0.6564,0,0
0.20709704774343,8283,0.6566,0,0
0.2070970438313,8284,0.6568,0,0
0.20709703991894,8285,0.657,0,0
0.20709703600637,8286,0.6572,0,0
0.20709703209357,8287,0.6574,0,0
0.20709702818054,8288,0.6576,0,0
0.20709702426729,8289,0.6578,0,0
0.20709702035382,8290,0.658,0,0
0.20709701644012,8291,0.6582,0,0
0.2070970125262,8292,0.6584,0,0
0.20709700861206,8293,0.6586,0,0
0.20709700469769,8294,0.6588,0,0
0.20709700078309,8295,0.659,0,0
0.20709699686827,8296,0.6592,0,0
0.20709699295322,8297,0.6594,0,0
0.20709698903795,8298,0.6596,0,0
0.20709698512245,8299,0.6598,0,0
0.20709698120672,8300,0.66,0,0
0.20709697729077,8301,0.6602,0,0
0.20709697337459,8302,0.6604,0,0
0.20709696945818,8303,0.6606,0,0
0.20709696554154,8304,0.6608,0,0
0.20709696162468,8305,0.661,0,0
0.20709695770759,8306,0.6612,0,0
0.20709695379027,8307,0.6614,0,0
0.20709694987272,8308,0.6616,0,0
0.20709694595494,8309,0.6618,0,0
0.20709694203694,8310,0.662,0,0
0.2070969381187,8311,0.6622,0,0
0.20709693420023,8312,0.6624,0,0
0.20709693028154,8313,0.6626,0,0
0.20709692636261,8314,0.6628,0,0
0.20709692244346,8315,0.663,0,0
0.20709691852407,8316,0.6632,0,0
0.20709691460445,8317,0.6634,0,0
0.2070969106846,8318,0.6636,0,0
0.20709690676452,8319,0.6638,0,0
0.20709690284421,8320,0.664,0,0
0.20709689892366,8321,0.6642,0,0
0.20709689500288,8322,0.6644,0,0
0.20709689108187,8323,0.6646,0,0
0.20709688716063,8324,0.6648,0,0
0.20709688323915,8325,0.665,0,0
0.20709687931744,8326,0.6652,0,0
0.2070968753955,8327,0.6654,0,0
0.20709687147332,8328,0.6656,0,0
0.20709686755091,8329,0.6658,0,0
0.20709686362827,8330,0.666,0,0
0.20709685970539,8331,0.6662,0,0
0.20709685578227,8332,0.6664,0,0
0.20709685185892,8333,0.6666,0,0
0.20709684793534,8334,0.6668,0,0
0.20709684401152,8335,0.667,0,0
0.20709684008746,8336,0.6672,0,0
0.20709683616317,8337,0.6674,0,0
0.20709683223864,8338,0.6676,0,0
0.20709682831387,8339,0.6678,0,0
0.20709682438887,8340,0.668,0,0
0.20709682046363,8341,0.6682,0,0
0.20709681653815,8342,0.6684,0,0
0.20709681261243,8343,0.6686,0,0
0.20709680868648,8344,0.6688,0,0
0.20709680476029,8345,0.669,0,0
0.20709680083385,8346,0.6692,0,0
0.20709679690719,8347,0.6694,0,0
0.20709679298028,8348,0.6696,0,0
0.20709678905313,8349,0.6698,0,0
0.20709678512574,8350,0.67,0,0
0.20709678119811,8351,0.6702,0,0
0.20709677727025,8352,0.6704,0,0
0.20709677334214,8353,0.6706,0,0
0.20709676941379,8354,0.6708,0,0
0.2070967654852,8355,0.671,0,0
0.20709676155637,8356,0.6712,0,0
0.2070967576273,8357,0.6714,0,0
0.20709675369799,8358,0.6716,0,0
0.20709674976843,8359,0.6718,0,0
0.20709674583864,8360,0.672,0,0
0.2070967419086,8361,0.6722,0,0
0.20709673797832,8362,0.6724,0,0
0.20709673404779,8363,0.6726,0,0
0.20709673011702,8364,0.6728,0,0
0.20709672618601,8365,0.673,0,0
0.20709672225476,8366,0.6732,0,0
0.20709671832326,8367,0.6734,0,0
0.20709671439152,8368,0.6736,0,0
0.20709671045953,8369,0.6738,0,0
0.2070967065273,8370,0.674,0,0
0.20709670259482,8371,0.6742,0,0
0.2070966986621,8372,0.6744,0,0
0.20709669472913,8373,0.6746,0,0
0.20709669079592,8374,0.6748,0,0
0.20709668686246,8375,0.675,0,0
0.20709668292876,8376,0.6752,0,0
0.20709667899481,8377,0.6754,0,0
0.20709667506061,8378,0.6756,0,0
0.20709667112616,8379,0.6758,0,0
0.20709666719147,8380,0.676,0,0
0.20709666325653,8381,0.6762,0,0
0.20709665932134,8382,0.6764,0,0
0.20709665538591,8383,0.6766,0,0
0.20709665145022,8384,0.6768,0,0
0.20709664751429,8385,0.677,0,0
0.20709664357811,8386,0.6772,0,0
0.20709663964168,8387,0.6774,0,0
0.207096635705,8388,0.6776,0,0
0.20709663176808,8389,0.6778,0,0
0.2070966278309,8390,0.678,0,0
0.20709662389347,8391,0.6782,0,0
0.20709661995579,8392,0.6784,0,0
0.20709661601786,8393,0.6786,0,0
0.20709661207968,8394,0.6788,0,0
0.20709660814125,8395,0.679,0,0
0.20709660420257,8396,0.6792,0,0
0.20709660026364,8397,0.6794,0,0
0.20709659632445,8398,0.6796,0,0
0.20709659238502,8399,0.6798,0,0
0.20709658844533,8400,0.68,0,0
0.20709658450539,8401,0.6802,0,0
0.20709658056519,8402,0.6804,0,0
0.20709657662475,8403,0.6806,0,0
0.20709657268405,8404,0.6808,0,0
0.20709656874309,8405,0.681,0,0
0.20709656480188,8406,0.6812,0,0
0.20709656086042,8407,0.6814,0,0
0.20709655691871,8408,0.6816,0,0
0.20709655297674,8409,0.6818,0,0
0.20709654903451,8410,0.682,0,0
0.20709654509203,8411,0.6822,0,0
0.2070965411493,8412,0.6824,0,0
0.2070965372063,8413,0.6826,0,0
0.20709653326306,8414,0.6828,0,0
0.20709652931956,8415,0.683,0,0
0.2070965253758,8416,0.6832,0,0
0.20709652143178,8417,0.6834,0,0
0.20709651748751,8418,0.6836,0,0
0.20709651354298,8419,0.6838,0,0
0.20709650959819,8420,0.684,0,0
0.20709650565315,8421,0.6842,0,0
0.20709650170785,8422,0.6844,0,0
0.20709649776229,8423,0.6846,0,0
0.20709649381647,8424,0.6848,0,0
0.20709648987039,8425,0.685,0,0
0.20709648592406,8426,0.6852,0,0
0.20709648197747,8427,0.6854,0,0
0.20709647803061,8428,0.6856,0,0
0.2070964740835,8429,0.6858,0,0
0.20709647013613,8430,0.686,0,0
0.20709646618849,8431,0.6862,0,0
0.2070964622406,8432,0.6864,0,0
0.20709645829245,8433,0.6866,0,0
0.20709645434403,8434,0.6868,0,0
0.20709645039536,8435,0.687,0,0
0.20709644644642,8436,0.6872,0,0
0.20709644249723,8437,0.6874,0,0
0.20709643854777,8438,0.6876,0,0
0.20709643459805,8439,0.6878,0,0
0.20709643064806,8440,0.688,0,0
0.20709642669782,8441,0.6882,0,0
0.20709642274731,8442,0.6884,0,0
0.20709641879654,8443,0.6886,0,0
0.2070964148455,8444,0.6888,0,0
0.2070964108942,8445,0.689,0,0
0.20709640694264,8446,0.6892,0,0
0.20709640299081,8447,0.6894,0,0
0.20709639903872,8448,0.6896,0,0
0.20709639508637,8449,0.6898,0,0
0.20709639113375,8450,0.69,0,0
0.20709638718087,8451,0.6902,0,0
0.20709638322772,8452,0.6904,0,0
0.2070963792743,8453,0.6906,0,0
0.20709637532062,8454,0.6908,0,0
0.20709637136668,8455,0.691,0,0
0.20709636741246,8456,0.6912,0,0
0.20709636345798,8457,0.6914,0,0
0.20709635950324,8458,0.6916,0,0
0.20709635554823,8459,0.6918,0,0
0.20709635159295,8460,0.692,0,0
0.2070963476374,8461,0.6922,0,0
0.20709634368159,8462,0.6924,0,0
0.2070963397255,8463,0.6926,0,0
0.20709633576915,8464,0.6928,0,0
0.20709633181253,8465,0.693,0,0
0.20709632785565,8466,0.6932,0,0
0.20709632389849,8467,0.6934,0,0
0.20709631994106,8468,0.6936,0,0
0.20709631598337,8469,0.6938,0,0
0.2070963120254,8470,0.694,0,0
0.20709630806717,8471,0.6942,0,0
0.20709630410867,8472,0.6944,0,0
0.20709630014989,8473,0.6946,0,0
0.20709629619085,8474,0.6948,0,0
0.20709629223153,8475,0.695,0,0
0.20709628827194,8476,0.6952,0,0
0.20709628431208,8477,0.6954,0,0
0.20709628035195,8478,0.6956,0,0
0.20709627639155,8479,0.6958,0,0
0.20709627243088,8480,0.696,0,0
0.20709626846993,8481,0.6962,0,0
0.20709626450871,8482,0.6964,0,0
0.20709626054722,8483,0.6966,0,0
0.20709625658546,8484,0.6968,0,0
0.20709625262342,8485,0.697,0,0
0.20709624866111,8486,0.6972,0,0
0.20709624469853,8487,0.6974,0,0
0.20709624073567,8488,0.6976,0,0
0.20709623677253,8489,0.6978,0,0
0.20709623280913,8490,0.698,0,0
0.20709622884544,8491,0.6982,0,0
0.20709622488149,8492,0.6984,0,0
0.20709622091726,8493,0.6986,0,0
0.20709621695275,8494,0.6988,0,0
0.20709621298797,8495,0.699,0,0
0.20709620902291,8496,0.6992,0,0
0.20709620505757,8497,0.6994,0,0
0.20709620109196,8498,0.6996,0,0
0.20709619712607,8499,0.6998,0,0
0.20709619315991,8500,0.7,0,0
0.20709618919346,8501,0.7002,0,0
0.20709618522674,8502,0.7004,0,0
0.20709618125975,8503,0.7006,0,0
0.20709617729247,8504,0.7008,0,0
0.20709617332492,8505,0.701,0,0
0.20709616935709,8506,0.7012,0,0
0.20709616538898,8507,0.7014,0,0
0.20709616142059,8508,0.7016,0,0
0.20709615745192,8509,0.7018,0,0
0.20709615348297,8510,0.702,0,0
0.20709614951375,8511,0.7022,0,0
0.20709614554424,8512,0.7024,0,0
0.20709614157445,8513,0.7026,0,0
0.20709613760439,8514,0.7028,0,0
0.20709613363404,8515,0.703,0,0
0.20709612966341,8516,0.7032,0,0
0.20709612569251,8517,0.7034,0,0
0.20709612172132,8518,0.7036,0,0
0.20709611774984,8519,0.7038,0,0
0.20709611377809,8520,0.704,0,0
0.20709610980606,8521,0.7042,0,0
0.20709610583374,8522,0.7044,0,0
0.20709610186114,8523,0.7046,0,0
0.20709609788826,8524,0.7048,0,0
0.20709609391509,8525,0.705,0,0
0.20709608994165,8526,0.7052,0,0
0.20709608596791,8527,0.7054,0,0
0.2070960819939,8528,0.7056,0,0
0.2070960780196,8529,0.7058,0,0
0.20709607404502,8530,0.706,0,0
0.20709607007015,8531,0.7062,0,0
0.207096066095,8532,0.7064,0,0
0.20709606211956,8533,0.7066,0,0
0.20709605814384,8534,0.7068,0,0
0.20709605416784,8535,0.707,0,0
0.20709605019155,8536,0.7072,0,0
0.20709604621497,8537,0.7074,0,0
0.2070960422381,8538,0.7076,0,0
0.20709603826095,8539,0.7078,0,0
0.20709603428352,8540,0.708,0,0
0.2070960303058,8541,0.7082,0,0
0.20709602632779,8542,0.7084,0,0
0.20709602234949,8543,0.7086,0,0
0.20709601837091,8544,0.7088,0,0
0.20709601439203,8545,0.709,0,0
0.20709601041287,8546,0.7092,0,0
0.20709600643343,8547,0.7094,0,0
0.20709600245369,8548,0.7096,0,0
0.20709599847367,8549,0.7098,0,0
0.20709599449335,8550,0.71,0,0
0.20709599051275,8551,0.7102,0,0
0.20709598653186,8552,0.7104,0,0
0.20709598255068,8553,0.7106,0,0
0.20709597856921,8554,0.7108,0,0
0.20709597458745,8555,0.711,0,0
0.2070959706054,8556,0.7112,0,0
0.20709596662306,8557,0.7114,0,0
0.20709596264042,8558,0.7116,0,0
0.2070959586575,8559,0.7118,0,0
0.20709595467429,8560,0.712,0,0
0.20709595069078,8561,0.7122,0,0
0.20709594670699,8562,0.7124,0,0
0.2070959427229,8563,0.7126,0,0
0.20709593873852,8564,0.7128,0,0
0.20709593475384,8565,0.713,0,0
0.20709593076888,8566,0.7132,0,0
0.20709592678362,8567,0.7134,0,0
0.20709592279807,8568,0.7136,0,0
0.20709591881222,8569,0.7138,0,0
0.20709591482609,8570,0.714,0,0
0.20709591083966,8571,0.7142,0,0
0.20709590685293,8572,0.7144,0,0
0.20709590286591,8573,0.7146,0,0
0.2070958988786,8574,0.7148,0,0
0.20709589489099,8575,0.715,0,0
0.20709589090308,8576,0.7152,0,0
0.20709588691489,8577,0.7154,0,0
0.20709588292639,8578,0.7156,0,0
0.2070958789376,8579,0.7158,0,0
0.20709587494852,8580,0.716,0,0
0.20709587095914,8581,0.7162,0,0
0.20709586696946,8582,0.7164,0,0
0.20709586297948,8583,0.7166,0,0
0.20709585898921,8584,0.7168,0,0
0.20709585499865,8585,0.717,0,0
0.20709585100778,8586,0.7172,0,0
0.20709584701662,8587,0.7174,0,0
0.20709584302516,8588,0.7176,0,0
0.2070958390334,8589,0.7178,0,0
0.20709583504135,8590,0.718,0,0
0.20709583104899,8591,0.7182,0,0
0.20709582705634,8592,0.7184,0,0
0.20709582306339,8593,0.7186,0,0
0.20709581907014,8594,0.7188,0,0
0.20709581507659,8595,0.719,0,0
0.20709581108274,8596,0.7192,0,0
0.20709580708859,8597,0.7194,0,0
0.20709580309414,8598,0.7196,0,0
0.20709579909939,8599,0.7198,0,0
0.20709579510435,8600,0.72,0,0
0.207095791109,8601,0.7202,0,0
0.20709578711334,8602,0.7204,0,0
0.20709578311739,8603,0.7206,0,0
0.20709577912114,8604,0.7208,0,0
0.20709577512459,8605,0.721,0,0
0.20709577112773,8606,0.7212,0,0
0.20709576713057,8607,0.7214,0,0
0.20709576313311,8608,0.7216,0,0
0.20709575913535,8609,0.7218,0,0
0.20709575513728,8610,0.722,0,0
0.20709575113891,8611,0.7222,0,0
0.20709574714024,8612,0.7224,0,0
0.20709574314127,8613,0.7226,0,0
0.20709573914199,8614,0.7228,0,0
0.2070957351424,8615,0.723,0,0
0.20709573114252,8616,0.7232,0,0
0.20709572714233,8617,0.7234,0,0
0.20709572314183,8618,0.7236,0,0
0.20709571914103,8619,0.7238,0,0
0.20709571513993,8620,0.724,0,0
0.20709571113852,8621,0.7242,0,0
0.2070957071368,8622,0.7244,0,0
0.20709570313478,8623,0.7246,0,0
0.20709569913245,8624,0.7248,0,0
0.20709569512982,8625,0.725,0,0
0.20709569112688,8626,0.7252,0,0
0.20709568712363,8627,0.7254,0,0
0.20709568312008,8628,0.7256,0,0
0.20709567911622,8629,0.7258,0,0
0.20709567511206,8630,0.726,0,0
0.20709567110758,8631,0.7262,0,0
0.2070956671028,8632,0.7264,0,0
0.20709566309771,8633,0.7266,0,0
0.20709565909231,8634,0.7268,0,0
0.2070956550866,8635,0.727,0,0
0.20709565108059,8636,0.7272,0,0
0.20709564707427,8637,0.7274,0,0
0.20709564306763,8638,0.7276,0,0
0.20709563906069,8639,0.7278,0,0
0.20709563505344,8640,0.728,0,0
0.20709563104588,8641,0.7282,0,0
0.20709562703801,8642,0.7284,0,0
0.20709562302983,8643,0.7286,0,0
0.20709561902133,8644,0.7288,0,0
0.20709561501253,8645,0.729,0,0
0.20709561100342,8646,0.7292,0,0
0.20709560699399,8647,0.7294,0,0
0.20709560298426,8648,0.7296,0,0
0.20709559897421,8649,0.7298,0,0
0.20709559496385,8650,0.73,0,0
0.20709559095318,8651,0.7302,0,0
0.2070955869422,8652,0.7304,0,0
0.20709558293091,8653,0.7306,0,0
0.2070955789193,8654,0.7308,0,0
0.20709557490738,8655,0.731,0,0
0.20709557089514,8656,0.7312,0,0
0.2070955668826,8657,0.7314,0,0
0.20709556286974,8658,0.7316,0,0
0.20709555885656,8659,0.7318,0,0
0.20709555484308,8660,0.732,0,0
0.20709555082927,8661,0.7322,0,0
0.20709554681516,8662,0.7324,0,0
0.20709554280073,8663,0.7326,0,0
0.20709553878598,8664,0.7328,0,0
0.20709553477092,8665,0.733,0,0
0.20709553075554,8666,0.7332,0,0
0.20709552673985,8667,0.7334,0,0
0.20709552272384,8668,0.7336,0,0
0.20709551870752,8669,0.7338,0,0
0.20709551469088,8670,0.734,0,0
0.20709551067393,8671,0.7342,0,0
0.20709550665665,8672,0.7344,0,0
0.20709550263906,8673,0.7346,0,0
0.20709549862116,8674,0.7348,0,0
0.20709549460293,8675,0.735,0,0
0.20709549058439,8676,0.7352,0,0
0.20709548656553,8677,0.7354,0,0
0.20709548254636,8678,0.7356,0,0
0.20709547852686,8679,0.7358,0,0
0.20709547450705,8680,0.736,0,0
0.20709547048692,8681,0.7362,0,0
0.20709546646647,8682,0.7364,0,0
0.2070954624457,8683,0.7366,0,0
0.20709545842461,8684,0.7368,0,0
0.2070954544032,8685,0.737,0,0
0.20709545038148,8686,0.7372,0,0
0.20709544635943,8687,0.7374,0,0
0.20709544233706,8688,0.7376,0,0
0.20709543831437,8689,0.7378,0,0
0.20709543429136,8690,0.738,0,0
0.20709543026803,8691,0.7382,0,0
0.20709542624438,8692,0.7384,0,0
0.20709542222041,8693,0.7386,0,0
0.20709541819612,8694,0.7388,0,0
0.2070954141715,8695,0.739,0,0
0.20709541014657,8696,0.7392,0,0
0.20709540612131,8697,0.7394,0,0
0.20709540209573,8698,0.7396,0,0
0.20709539806983,8699,0.7398,0,0
0.2070953940436,8700,0.74,0,0
0.20709539001705,8701,0.7402,0,0
0.20709538599018,8702,0.7404,0,0
0.20709538196298,8703,0.7406,0,0
0.20709537793547,8704,0.7408,0,0
0.20709537390762,8705,0.741,0,0
0.20709536987946,8706,0.7412,0,0
0.20709536585096,8707,0.7414,0,0
0.20709536182215,8708,0.7416,0,0
0.20709535779301,8709,0.7418,0,0
0.20709535376354,8710,0.742,0,0
0.20709534973375,8711,0.7422,0,0
0.20709534570364,8712,0.7424,0,0
0.2070953416732,8713,0.7426,0,0
0.20709533764243,8714,0.7428,0,0
0.20709533361134,8715,0.743,0,0
0.20709532957992,8716,0.7432,0,0
0.20709532554817,8717,0.7434,0,0
0.2070953215161,8718,0.7436,0,0
0.2070953174837,8719,0.7438,0,0
0.20709531345098,8720,0.744,0,0
0.20709530941793,8721,0.7442,0,0
0.20709530538455,8722,0.7444,0,0
0.20709530135084,8723,0.7446,0,0
0.2070952973168,8724,0.7448,0,0
0.20709529328244,8725,0.745,0,0
0.20709528924775,8726,0.7452,0,0
0.20709528521273,8727,0.7454,0,0
0.20709528117738,8728,0.7456,0,0
0.2070952771417,8729,0.7458,0,0
0.20709527310569,8730,0.746,0,0
0.20709526906935,8731,0.7462,0,0
0.20709526503269,8732,0.7464,0,0
0.20709526099569,8733,0.7466,0,0
0.20709525695836,8734,0.7468,0,0
0.20709525292071,8735,0.747,0,0
0.20709524888272,8736,0.7472,0,0
0.2070952448444,8737,0.7474,0,0
0.20709524080575,8738,0.7476,0,0
0.20709523676677,8739,0.7478,0,0
0.20709523272746,8740,0.748,0,0
0.20709522868782,8741,0.7482,0,0
0.20709522464785,8742,0.7484,0,0
0.20709522060754,8743,0.7486,0,0
0.2070952165669,8744,0.7488,0,0
0.20709521252593,8745,0.749,0,0
0.20709520848463,8746,0.7492,0,0
0.20709520444299,8747,0.7494,0,0
0.20709520040102,8748,0.7496,0,0
0.20709519635872,8749,0.7498,0,0
0.20709519231609,8750,0.75,0,0
0.20709518827312,8751,0.7502,0,0
0.20709518422981,8752,0.7504,0,0
0.20709518018618,8753,0.7506,0,0
0.2070951761422,8754,0.7508,0,0
0.2070951720979,8755,0.751,0,0
0.20709516805326,8756,0.7512,0,0
0.20709516400828,8757,0.7514,0,0
0.20709515996297,8758,0.7516,0,0
0.20709515591733,8759,0.7518,0,0
0.20709515187135,8760,0.752,0,0
0.20709514782503,8761,0.7522,0,0
0.20709514377838,8762,0.7524,0,0
0.20709513973139,8763,0.7526,0,0
0.20709513568406,8764,0.7528,0,0
0.2070951316364,8765,0.753,0,0
0.2070951275884,8766,0.7532,0,0
0.20709512354007,8767,0.7534,0,0
0.2070951194914,8768,0.7536,0,0
0.20709511544239,8769,0.7538,0,0
0.20709511139304,8770,0.754,0,0
0.20709510734335,8771,0.7542,0,0
0.20709510329333,8772,0.7544,0,0
0.20709509924297,8773,0.7546,0,0
0.20709509519227,8774,0.7548,0,0
0.20709509114123,8775,0.755,0,0
0.20709508708985,8776,0.7552,0,0
0.20709508303814,8777,0.7554,0,0
0.20709507898608,8778,0.7556,0,0
0.20709507493368,8779,0.7558,0,0
0.20709507088095,8780,0.756,0,0
0.20709506682788,8781,0.7562,0,0
0.20709506277446,8782,0.7564,0,0
0.20709505872071,8783,0.7566,0,0
0.20709505466661,8784,0.7568,0,0
0.20709505061217,8785,0.757,0,0
0.2070950465574,8786,0.7572,0,0
0.20709504250228,8787,0.7574,0,0
0.20709503844682,8788,0.7576,0,0
0.20709503439102,8789,0.7578,0,0
0.20709503033488,8790,0.758,0,0
0.20709502627839,8791,0.7582,0,0
0.20709502222157,8792,0.7584,0,0
0.2070950181644,8793,0.7586,0,0
0.20709501410689,8794,0.7588,0,0
0.20709501004903,8795,0.759,0,0
0.20709500599083,8796,0.7592,0,0
0.20709500193229,8797,0.7594,0,0
0.20709499787341,8798,0.7596,0,0
0.20709499381418,8799,0.7598,0,0
0.20709498975461,8800,0.76,0,0
0.2070949856947,8801,0.7602,0,0
0.20709498163444,8802,0.7604,0,0
0.20709497757383,8803,0.7606,0,0
0.20709497351289,8804,0.7608,0,0
0.20709496945159,8805,0.761,0,0
0.20709496538996,8806,0.7612,0,0
0.20709496132797,8807,0.7614,0,0
0.20709495726564,8808,0.7616,0,0
0.20709495320297,8809,0.7618,0,0
0.20709494913995,8810,0.762,0,0
0.20709494507659,8811,0.7622,0,0
0.20709494101287,8812,0.7624,0,0
0.20709493694882,8813,0.7626,0,0
0.20709493288441,8814,0.7628,0,0
0.20709492881966,8815,0.763,0,0
0.20709492475456,8816,0.7632,0,0
0.20709492068911,8817,0.7634,0,0
0.20709491662332,8818,0.7636,0,0
0.20709491255718,8819,0.7638,0,0
0.20709490849069,8820,0.764,0,0
0.20709490442386,8821,0.7642,0,0
0.20709490035667,8822,0.7644,0,0
0.20709489628914,8823,0.7646,0,0
0.20709489222126,8824,0.7648,0,0
0.20709488815303,8825,0.765,0,0
0.20709488408445,8826,0.7652,0,0
0.20709488001552,8827,0.7654,0,0
0.20709487594624,8828,0.7656,0,0
0.20709487187661,8829,0.7658,0,0
0.20709486780663,8830,0.766,0,0
0.20709486373631,8831,0.7662,0,0
0.20709485966563,8832,0.7664,0,0
0.2070948555946,8833,0.7666,0,0
0.20709485152322,8834,0.7668,0,0
0.20709484745149,8835,0.767,0,0
0.20709484337941,8836,0.7672,0,0
0.20709483930698,8837,0.7674,0,0
0.2070948352342,8838,0.7676,0,0
0.20709483116106,8839,0.7678,0,0
0.20709482708757,8840,0.768,0,0
0.20709482301374,8841,0.7682,0,0
0.20709481893954,8842,0.7684,0,0
0.207094814865,8843,0.7686,0,0
0.20709481079011,8844,0.7688,0,0
0.20709480671486,8845,0.769,0,0
0.20709480263926,8846,0.7692,0,0
0.2070947985633,8847,0.7694,0,0
0.20709479448699,8848,0.7696,0,0
0.20709479041033,8849,0.7698,0,0
0.20709478633332,8850,0.77,0,0
0.20709478225595,8851,0.7702,0,0
0.20709477817822,8852,0.7704,0,0
0.20709477410015,8853,0.7706,0,0
0.20709477002171,8854,0.7708,0,0
0.20709476594293,8855,0.771,0,0
0.20709476186378,8856,0.7712,0,0
0.20709475778429,8857,0.7714,0,0
0.20709475370443,8858,0.7716,0,0
0.20709474962423,8859,0.7718,0,0
0.20709474554366,8860,0.772,0,0
0.20709474146274,8861,0.7722,0,0
0.20709473738147,8862,0.7724,0,0
0.20709473329984,8863,0.7726,0,0
0.20709472921785,8864,0.7728,0,0
0.2070947251355,8865,0.773,0,0
0.2070947210528,8866,0.7732,0,0
0.20709471696974,8867,0.7734,0,0
0.20709471288632,8868,0.7736,0,0
0.20709470880255,8869,0.7738,0,0
0.20709470471842,8870,0.774,0,0
0.20709470063393,8871,0.7742,0,0
0.20709469654908,8872,0.7744,0,0
0.20709469246387,8873,0.7746,0,0
0.20709468837831,8874,0.7748,0,0
0.20709468429239,8875,0.775,0,0
0.2070946802061,8876,0.7752,0,0
0.20709467611946,8877,0.7754,0,0
0.20709467203246,8878,0.7756,0,0
0.2070946679451,8879,0.7758,0,0
0.20709466385739,8880,0.776,0,0
0.20709465976931,8881,0.7762,0,0
0.20709465568087,8882,0.7764,0,0
0.20709465159207,8883,0.7766,0,0
0.20709464750291,8884,0.7768,0,0
0.20709464341339,8885,0.777,0,0
0.20709463932351,8886,0.7772,0,0
0.20709463523327,8887,0.7774,0,0
0.20709463114266,8888,0.7776,0,0
0.2070946270517,8889,0.7778,0,0
0.20709462296037,8890,0.778,0,0
0.20709461886869,8891,0.7782,0,0
0.20709461477664,8892,0.7784,0,0
0.20709461068423,8893,0.7786,0,0
0.20709460659145,8894,0.7788,0,0
0.20709460249832,8895,0.779,0,0
0.20709459840482,8896,0.7792,0,0
0.20709459431096,8897,0.7794,0,0
0.20709459021673,8898,0.7796,0,0
0.20709458612214,8899,0.7798,0,0
0.20709458202719,8900,0.78,0,0
0.20709457793188,8901,0.7802,0,0
0.2070945738362,8902,0.7804,0,0
0.20709456974016,8903,0.7806,0,0
0.20709456564375,8904,0.7808,0,0
0.20709456154698,8905,0.781,0,0
0.20709455744984,8906,0.7812,0,0
0.20709455335234,8907,0.7814,0,0
0.20709454925447,8908,0.7816,0,0
0.20709454515624,8909,0.7818,0,0
0.20709454105765,8910,0.782,0,0
0.20709453695869,8911,0.7822,0,0
0.20709453285936,8912,0.7824,0,0
0.20709452875967,8913,0.7826,0,0
0.20709452465961,8914,0.7828,0,0
0.20709452055918,8915,0.783,0,0
0.20709451645839,8916,0.7832,0,0
0.20709451235723,8917,0.7834,0,0
0.20709450825571,8918,0.7836,0,0
0.20709450415381,8919,0.7838,0,0
0.20709450005155,8920,0.784,0,0
0.20709449594893,8921,0.7842,0,0
0.20709449184593,8922,0.7844,0,0
0.20709448774257,8923,0.7846,0,0
0.20709448363884,8924,0.7848,0,0
0.20709447953474,8925,0.785,0,0
0.20709447543028,8926,0.7852,0,0
0.20709447132544,8927,0.7854,0,0
0.20709446722024,8928,0.7856,0,0
0.20709446311467,8929,0.7858,0,0
0.20709445900872,8930,0.786,0,0
0.20709445490241,8931,0.7862,0,0
0.20709445079573,8932,0.7864,0,0
0.20709444668868,8933,0.7866,0,0
0.20709444258126,8934,0.7868,0,0
0.20709443847347,8935,0.787,0,0
0.20709443436532,8936,0.7872,0,0
0.20709443025679,8937,0.7874,0,0
0.20709442614788,8938,0.7876,0,0
0.20709442203861,8939,0.7878,0,0
0.20709441792897,8940,0.788,0,0
0.20709441381896,8941,0.7882,0,0
0.20709440970857,8942,0.7884,0,0
0.20709440559782,8943,0.7886,0,0
0.20709440148669,8944,0.7888,0,0
0.20709439737519,8945,0.789,0,0
0.20709439326332,8946,0.7892,0,0
0.20709438915108,8947,0.7894,0,0
0.20709438503846,8948,0.7896,0,0
0.20709438092547,8949,0.7898,0,0
0.20709437681211,8950,0.79,0,0
0.20709437269838,8951,0.7902,0,0
0.20709436858427,8952,0.7904,0,0
0.20709436446979,8953,0.7906,0,0
0.20709436035494,8954,0.7908,0,0
0.20709435623971,8955,0.791,0,0
0.20709435212411,8956,0.7912,0,0
0.20709434800813,8957,0.7914,0,0
0.20709434389178,8958,0.7916,0,0
0.20709433977506,8959,0.7918,0,0
0.20709433565796,8960,0.792,0,0
0.20709433154049,8961,0.7922,0,0
0.20709432742264,8962,0.7924,0,0
0.20709432330442,8963,0.7926,0,0
0.20709431918582,8964,0.7928,0,0
0.20709431506684,8965,0.793,0,0
0.2070943109475,8966,0.7932,0,0
0.20709430682777,8967,0.7934,0,0
0.20709430270767,8968,0.7936,0,0
0.20709429858719,8969,0.7938,0,0
0.20709429446634,8970,0.794,0,0
0.20709429034511,8971,0.7942,0,0
0.2070942862235,8972,0.7944,0,0
0.20709428210152,8973,0.7946,0,0
0.20709427797916,8974,0.7948,0,0
0.20709427385642,8975,0.795,0,0
0.2070942697333,8976,0.7952,0,0
0.20709426560981,8977,0.7954,0,0
0.20709426148594,8978,0.7956,0,0
0.20709425736169,8979,0.7958,0,0
0.20709425323707,8980,0.796,0,0
0.20709424911206,8981,0.7962,0,0
0.20709424498668,8982,0.7964,0,0
0.20709424086091,8983,0.7966,0,0
0.20709423673477,8984,0.7968,0,0
0.20709423260825,8985,0.797,0,0
0.20709422848135,8986,0.7972,0,0
0.20709422435408,8987,0.7974,0,0
0.20709422022642,8988,0.7976,0,0
0.20709421609838,8989,0.7978,0,0
0.20709421196996,8990,0.798,0,0
0.20709420784117,8991,0.7982,0,0
0.20709420371199,8992,0.7984,0,0
0.20709419958243,8993,0.7986,0,0
0.20709419545249,8994,0.7988,0,0
0.20709419132217,8995,0.799,0,0
0.20709418719147,8996,0.7992,0,0
0.20709418306039,8997,0.7994,0,0
0.20709417892892,8998,0.7996,0,0
0.20709417479708,8999,0.7998,0,0
0.20709417066485,9000,0.8,0,0
0.20709416653225,9001,0.8002,0,0
0.20709416239926,9002,0.8004,0,0
0.20709415826588,9003,0.8006,0,0
0.20709415413213,9004,0.8008,0,0
0.20709414999799,9005,0.801,0,0
0.20709414586347,9006,0.8012,0,0
0.20709414172857,9007,0.8014,0,0
0.20709413759328,9008,0.8016,0,0
0.20709413345762,9009,0.8018,0,0
0.20709412932156,9010,0.802,0,0
0.20709412518513,9011,0.8022,0,0
0.20709412104831,9012,0.8024,0,0
0.2070941169111,9013,0.8026,0,0
0.20709411277352,9014,0.8028,0,0
0.20709410863554,9015,0.803,0,0
0.20709410449719,9016,0.8032,0,0
0.20709410035845,9017,0.8034,0,0
0.20709409621932,9018,0.8036,0,0
0.20709409207981,9019,0.8038,0,0
0.20709408793992,9020,0.804,0,0
0.20709408379964,9021,0.8042,0,0
0.20709407965897,9022,0.8044,0,0
0.20709407551792,9023,0.8046,0,0
0.20709407137648,9024,0.8048,0,0
0.20709406723466,9025,0.805,0,0
0.20709406309245,9026,0.8052,0,0
0.20709405894985,9027,0.8054,0,0
0.20709405480687,9028,0.8056,0,0
0.2070940506635,9029,0.8058,0,0
0.20709404651974,9030,0.806,0,0
0.2070940423756,9031,0.8062,0,0
0.20709403823107,9032,0.8064,0,0
0.20709403408615,9033,0.8066,0,0
0.20709402994085,9034,0.8068,0,0
0.20709402579515,9035,0.807,0,0
0.20709402164907,9036,0.8072,0,0
0.2070940175026,9037,0.8074,0,0
0.20709401335575,9038,0.8076,0,0
0.2070940092085,9039,0.8078,0,0
0.20709400506087,9040,0.808,0,0
0.20709400091285,9041,0.8082,0,0
0.20709399676444,9042,0.8084,0,0
0.20709399261564,9043,0.8086,0,0
0.20709398846645,9044,0.8088,0,0
0.20709398431687,9045,0.809,0,0
0.2070939801669,9046,0.8092,0,0
0.20709397601654,9047,0.8094,0,0
0.20709397186579,9048,0.8096,0,0
0.20709396771466,9049,0.8098,0,0
0.20709396356313,9050,0.81,0,0
0.20709395941121,9051,0.8102,0,0
0.2070939552589,9052,0.8104,0,0
0.2070939511062,9053,0.8106,0,0
0.20709394695311,9054,0.8108,0,0
0.20709394279963,9055,0.811,0,0
0.20709393864576,9056,0.8112,0,0
0.20709393449149,9057,0.8114,0,0
0.20709393033684,9058,0.8116,0,0
0.20709392618179,9059,0.8118,0,0
0.20709392202635,9060,0.812,0,0
0.20709391787052,9061,0.8122,0,0
0.2070939137143,9062,0.8124,0,0
0.20709390955768,9063,0.8126,0,0
0.20709390540067,9064,0.8128,0,0
0.20709390124327,9065,0.813,0,0
0.20709389708548,9066,0.8132,0,0
0.20709389292729,9067,0.8134,0,0
0.20709388876871,9068,0.8136,0,0
0.20709388460974,9069,0.8138,0,0
0.20709388045037,9070,0.814,0,0
0.20709387629061,9071,0.8142,0,0
0.20709387213046,9072,0.8144,0,0
0.20709386796991,9073,0.8146,0,0
0.20709386380897,9074,0.8148,0,0
0.20709385964763,9075,0.815,0,0
0.2070938554859,9076,0.8152,0,0
0.20709385132378,9077,0.8154,0,0
0.20709384716126,9078,0.8156,0,0
0.20709384299834,9079,0.8158,0,0
0.20709383883503,9080,0.816,0,0
0.20709383467132,9081,0.8162,0,0
0.20709383050722,9082,0.8164,0,0
0.20709382634273,9083,0.8166,0,0
0.20709382217783,9084,0.8168,0,0
0.20709381801254,9085,0.817,0,0
0.20709381384686,9086,0.8172,0,0
0.20709380968078,9087,0.8174,0,0
0.2070938055143,9088,0.8176,0,0
0.20709380134743,9089,0.8178,0,0
0.20709379718016,9090,0.818,0,0
0.20709379301249,9091,0.8182,0,0
0.20709378884442,9092,0.8184,0,0
0.20709378467596,9093,0.8186,0,0
0.2070937805071,9094,0.8188,0,0
0.20709377633785,9095,0.819,0,0
0.20709377216819,9096,0.8192,0,0
0.20709376799814,9097,0.8194,0,0
0.20709376382769,9098,0.8196,0,0
0.20709375965684,9099,0.8198,0,0
0.20709375548559,9100,0.82,0,0
0.20709375131395,9101,0.8202,0,0
0.2070937471419,9102,0.8204,0,0
0.20709374296946,9103,0.8206,0,0
0.20709373879662,9104,0.8208,0,0
0.20709373462338,9105,0.821,0,0
0.20709373044974,9106,0.8212,0,0
0.2070937262757,9107,0.8214,0,0
0.20709372210126,9108,0.8216,0,0
0.20709371792642,9109,0.8218,0,0
0.20709371375118,9110,0.822,0,0
0.20709370957554,9111,0.8222,0,0
0.2070937053995,9112,0.8224,0,0
0.20709370122306,9113,0.8226,0,0
0.20709369704622,9114,0.8228,0,0
0.20709369286898,9115,0.823,0,0
0.20709368869134,9116,0.8232,0,0
0.20709368451329,9117,0.8234,0,0
0.20709368033485,9118,0.8236,0,0
0.207093676156,9119,0.8238,0,0
0.20709367197676,9120,0.824,0,0
0.20709366779711,9121,0.8242,0,0
0.20709366361706,9122,0.8244,0,0
0.2070936594366,9123,0.8246,0,0
0.20709365525575,9124,0.8248,0,0
0.20709365107449,9125,0.825,0,0
0.20709364689283,9126,0.8252,0,0
0.20709364271077,9127,0.8254,0,0
0.20709363852831,9128,0.8256,0,0
0.20709363434544,9129,0.8258,0,0
0.20709363016217,9130,0.826,0,0
0.20709362597849,9131,0.8262,0,0
0.20709362179442,9132,0.8264,0,0
0.20709361760994,9133,0.8266,0,0
0.20709361342505,9134,0.8268,0,0
0.20709360923976,9135,0.827,0,0
0.20709360505407,9136,0.8272,0,0
0.20709360086797,9137,0.8274,0,0
0.20709359668147,9138,0.8276,0,0
0.20709359249457,9139,0.8278,0,0
0.20709358830726,9140,0.828,0,0
0.20709358411954,9141,0.8282,0,0
0.20709357993143,9142,0.8284,0,0
0.2070935757429,9143,0.8286,0,0
0.20709357155397,9144,0.8288,0,0
0.20709356736464,9145,0.829,0,0
0.2070935631749,9146,0.8292,0,0
0.20709355898475,9147,0.8294,0,0
0.2070935547942,9148,0.8296,0,0
0.20709355060324,9149,0.8298,0,0
0.20709354641188,9150,0.83,0,0
0.20709354222011,9151,0.8302,0,0
0.20709353802793,9152,0.8304,0,0
0.20709353383535,9153,0.8306,0,0
0.20709352964236,9154,0.8308,0,0
0.20709352544896,9155,0.831,0,0
0.20709352125516,9156,0.8312,0,0
0.20709351706095,9157,0.8314,0,0
0.20709351286633,9158,0.8316,0,0
0.2070935086713,9159,0.8318,0,0
0.20709350447587,9160,0.832,0,0
0.20709350028003,9161,0.8322,0,0
0.20709349608378,9162,0.8324,0,0
0.20709349188712,9163,0.8326,0,0
0.20709348769006,9164,0.8328,0,0
0.20709348349258,9165,0.833,0,0
0.2070934792947,9166,0.8332,0,0
0.20709347509641,9167,0.8334,0,0
0.20709347089771,9168,0.8336,0,0
0.2070934666986,9169,0.8338,0,0
0.20709346249909,9170,0.834,0,0
0.20709345829916,9171,0.8342,0,0
0.20709345409882,9172,0.8344,0,0
0.20709344989808,9173,0.8346,0,0
0.20709344569692,9174,0.8348,0,0
0.20709344149536,9175,0.835,0,0
0.20709343729338,9176,0.8352,0,0
0.207093433091,9177,0.8354,0,0
0.2070934288882,9178,0.8356,0,0
0.20709342468499,9179,0.8358,0,0
0.20709342048138,9180,0.836,0,0
0.20709341627735,9181,0.8362,0,0
0.20709341207291,9182,0.8364,0,0
0.20709340786806,9183,0.8366,0,0
0.2070934036628,9184,0.8368,0,0
0.20709339945713,9185,0.837,0,0
0.20709339525105,9186,0.8372,0,0
0.20709339104455,9187,0.8374,0,0
0.20709338683765,9188,0.8376,0,0
0.20709338263033,9189,0.8378,0,0
0.2070933784226,9190,0.838,0,0
0.20709337421446,9191,0.8382,0,0
0.2070933700059,9192,0.8384,0,0
0.20709336579693,9193,0.8386,0,0
0.20709336158755,9194,0.8388,0,0
0.20709335737776,9195,0.839,0,0
0.20709335316756,9196,0.8392,0,0
0.20709334895694,9197,0.8394,0,0
0.20709334474591,9198,0.8396,0,0
0.20709334053446,9199,0.8398,0,0
0.2070933363226,9200,0.84,0,0
0.20709333211033,9201,0.8402,0,0
0.20709332789764,9202,0.8404,0,0
0.20709332368454,9203,0.8406,0,0
0.20709331947103,9204,0.8408,0,0
0.2070933152571,9205,0.841,0,0
0.20709331104276,9206,0.8412,0,0
0.207093306828,9207,0.8414,0,0
0.20709330261283,9208,0.8416,0,0
0.20709329839725,9209,0.8418,0,0
0.20709329418125,9210,0.842,0,0
0.20709328996483,9211,0.8422,0,0
0.207093285748,9212,0.8424,0,0
0.20709328153075,9213,0.8426,0,0
0.20709327731309,9214,0.8428,0,0
0.20709327309501,9215,0.843,0,0
0.20709326887652,9216,0.8432,0,0
0.20709326465761,9217,0.8434,0,0
0.20709326043829,9218,0.8436,0,0
0.20709325621855,9219,0.8438,0,0
0.20709325199839,9220,0.844,0,0
0.20709324777781,9221,0.8442,0,0
0.20709324355682,9222,0.8444,0,0
0.20709323933542,9223,0.8446,0,0
0.20709323511359,9224,0.8448,0,0
0.20709323089135,9225,0.845,0,0
0.20709322666869,9226,0.8452,0,0
0.20709322244562,9227,0.8454,0,0
0.20709321822213,9228,0.8456,0,0
0.20709321399821,9229,0.8458,0,0
0.20709320977389,9230,0.846,0,0
0.20709320554914,9231,0.8462,0,0
0.20709320132398,9232,0.8464,0,0
0.2070931970984,9233,0.8466,0,0
0.2070931928724,9234,0.8468,0,0
0.20709318864598,9235,0.847,0,0
0.20709318441914,9236,0.8472,0,0
0.20709318019188,9237,0.8474,0,0
0.20709317596421,9238,0.8476,0,0
0.20709317173612,9239,0.8478,0,0
0.2070931675076,9240,0.848,0,0
0.20709316327867,9241,0.8482,0,0
0.20709315904932,9242,0.8484,0,0
0.20709315481955,9243,0.8486,0,0
0.20709315058936,9244,0.8488,0,0
0.20709314635875,9245,0.849,0,0
0.20709314212772,9246,0.8492,0,0
0.20709313789627,9247,0.8494,0,0
0.2070931336644,9248,0.8496,0,0
0.20709312943211,9249,0.8498,0,0
0.2070931251994,9250,0.85,0,0
0.20709312096627,9251,0.8502,0,0
0.20709311673272,9252,0.8504,0,0
0.20709311249875,9253,0.8506,0,0
0.20709310826436,9254,0.8508,0,0
0.20709310402954,9255,0.851,0,0
0.20709309979431,9256,0.8512,0,0
0.20709309555865,9257,0.8514,0,0
0.20709309132257,9258,0.8516,0,0
0.20709308708607,9259,0.8518,0,0
0.20709308284915,9260,0.852,0,0
0.2070930786118,9261,0.8522,0,0
0.20709307437404,9262,0.8524,0,0
0.20709307013585,9263,0.8526,0,0
0.20709306589724,9264,0.8528,0,0
0.20709306165821,9265,0.853,0,0
0.20709305741875,9266,0.8532,0,0
0.20709305317888,9267,0.8534,0,0
0.20709304893858,9268,0.8536,0,0
0.20709304469785,9269,0.8538,0,0
0.20709304045671,9270,0.854,0,0
0.20709303621514,9271,0.8542,0,0
0.20709303197314,9272,0.8544,0,0
0.20709302773073,9273,0.8546,0,0
0.20709302348789,9274,0.8548,0,0
0.20709301924462,9275,0.855,0,0
0.20709301500094,9276,0.8552,0,0
0.20709301075682,9277,0.8554,0,0
0.20709300651229,9278,0.8556,0,0
0.20709300226733,9279,0.8558,0,0
0.20709299802194,9280,0.856,0,0
0.20709299377613,9281,0.8562,0,0
0.2070929895299,9282,0.8564,0,0
0.20709298528324,9283,0.8566,0,0
0.20709298103616,9284,0.8568,0,0
0.20709297678865,9285,0.857,0,0
0.20709297254072,9286,0.8572,0,0
0.20709296829236,9287,0.8574,0,0
0.20709296404358,9288,0.8576,0,0
0.20709295979437,9289,0.8578,0,0
0.20709295554473,9290,0.858,0,0
0.20709295129467,9291,0.8582,0,0
0.20709294704418,9292,0.8584,0,0
0.20709294279327,9293,0.8586,0,0
0.20709293854193,9294,0.8588,0,0
0.20709293429017,9295,0.859,0,0
0.20709293003797,9296,0.8592,0,0
0.20709292578536,9297,0.8594,0,0
0.20709292153231,9298,0.8596,0,0
0.20709291727884,9299,0.8598,0,0
0.20709291302494,9300,0.86,0,0
0.20709290877062,9301,0.8602,0,0
0.20709290451586,9302,0.8604,0,0
0.20709290026068,9303,0.8606,0,0
0.20709289600507,9304,0.8608,0,0
0.20709289174904,9305,0.861,0,0
0.20709288749258,9306,0.8612,0,0
0.20709288323568,9307,0.8614,0,0
0.20709287897837,9308,0.8616,0,0
0.20709287472062,9309,0.8618,0,0
0.20709287046244,9310,0.862,0,0
0.20709286620384,9311,0.8622,0,0
0.20709286194481,9312,0.8624,0,0
0.20709285768535,9313,0.8626,0,0
0.20709285342546,9314,0.8628,0,0
0.20709284916514,9315,0.863,0,0
0.2070928449044,9316,0.8632,0,0
0.20709284064322,9317,0.8634,0,0
0.20709283638162,9318,0.8636,0,0
0.20709283211958,9319,0.8638,0,0
0.20709282785712,9320,0.864,0,0
0.20709282359422,9321,0.8642,0,0
0.2070928193309,9322,0.8644,0,0
0.20709281506715,9323,0.8646,0,0
0.20709281080297,9324,0.8648,0,0
0.20709280653835,9325,0.865,0,0
0.20709280227331,9326,0.8652,0,0
0.20709279800784,9327,0.8654,0,0
0.20709279374193,9328,0.8656,0,0
0.2070927894756,9329,0.8658,0,0
0.20709278520884,9330,0.866,0,0
0.20709278094164,9331,0.8662,0,0
0.20709277667401,9332,0.8664,0,0
0.20709277240596,9333,0.8666,0,0
0.20709276813747,9334,0.8668,0,0
0.20709276386855,9335,0.867,0,0
0.2070927595992,9336,0.8672,0,0
0.20709275532942,9337,0.8674,0,0
0.2070927510592,9338,0.8676,0,0
0.20709274678856,9339,0.8678,0,0
0.20709274251748,9340,0.868,0,0
0.20709273824597,9341,0.8682,0,0
0.20709273397403,9342,0.8684,0,0
0.20709272970165,9343,0.8686,0,0
0.20709272542885,9344,0.8688,0,0
0.20709272115561,9345,0.869,0,0
0.20709271688194,9346,0.8692,0,0
0.20709271260783,9347,0.8694,0,0
0.2070927083333,9348,0.8696,0,0
0.20709270405833,9349,0.8698,0,0
0.20709269978292,9350,0.87,0,0
0.20709269550709,9351,0.8702,0,0
0.20709269123082,9352,0.8704,0,0
0.20709268695412,9353,0.8706,0,0
0.20709268267698,9354,0.8708,0,0
0.20709267839941,9355,0.871,0,0
0.20709267412141,9356,0.8712,0,0
0.20709266984297,9357,0.8714,0,0
0.2070926655641,9358,0.8716,0,0
0.20709266128479,9359,0.8718,0,0
0.20709265700506,9360,0.872,0,0
0.20709265272488,9361,0.8722,0,0
0.20709264844427,9362,0.8724,0,0
0.20709264416323,9363,0.8726,0,0
0.20709263988175,9364,0.8728,0,0
0.20709263559984,9365,0.873,0,0
0.20709263131749,9366,0.8732,0,0
0.20709262703471,9367,0.8734,0,0
0.20709262275149,9368,0.8736,0,0
0.20709261846784,9369,0.8738,0,0
0.20709261418375,9370,0.874,0,0
0.20709260989923,9371,0.8742,0,0
0.20709260561427,9372,0.8744,0,0
0.20709260132888,9373,0.8746,0,0
0.20709259704305,9374,0.8748,0,0
0.20709259275678,9375,0.875,0,0
0.20709258847008,9376,0.8752,0,0
0.20709258418294,9377,0.8754,0,0
0.20709257989537,9378,0.8756,0,0
0.20709257560736,9379,0.8758,0,0
0.20709257131891,9380,0.876,0,0
0.20709256703002,9381,0.8762,0,0
0.2070925627407,9382,0.8764,0,0
0.20709255845095,9383,0.8766,0,0
0.20709255416075,9384,0.8768,0,0
0.20709254987012,9385,0.877,0,0
0.20709254557905,9386,0.8772,0,0
0.20709254128754,9387,0.8774,0,0
0.2070925369956,9388,0.8776,0,0
0.20709253270322,9389,0.8778,0,0
0.2070925284104,9390,0.878,0,0
0.20709252411715,9391,0.8782,0,0
0.20709251982345,9392,0.8784,0,0
0.20709251552932,9393,0.8786,0,0
0.20709251123475,9394,0.8788,0,0
0.20709250693974,9395,0.879,0,0
0.20709250264429,9396,0.8792,0,0
0.20709249834841,9397,0.8794,0,0
0.20709249405209,9398,0.8796,0,0
0.20709248975532,9399,0.8798,0,0
0.20709248545812,9400,0.88,0,0
0.20709248116048,9401,0.8802,0,0
0.20709247686241,9402,0.8804,0,0
0.20709247256389,9403,0.8806,0,0
0.20709246826493,9404,0.8808,0,0
0.20709246396554,9405,0.881,0,0
0.2070924596657,9406,0.8812,0,0
0.20709245536543,9407,0.8814,0,0
0.20709245106471,9408,0.8816,0,0
0.20709244676356,9409,0.8818,0,0
0.20709244246197,9410,0.882,0,0
0.20709243815993,9411,0.8822,0,0
0.20709243385746,9412,0.8824,0,0
0.20709242955455,9413,0.8826,0,0
0.20709242525119,9414,0.8828,0,0
0.2070924209474,9415,0.883,0,0
0.20709241664316,9416,0.8832,0,0
0.20709241233849,9417,0.8834,0,0
0.20709240803337,9418,0.8836,0,0
0.20709240372782,9419,0.8838,0,0
0.20709239942182,9420,0.884,0,0
0.20709239511538,9421,0.8842,0,0
0.2070923908085,9422,0.8844,0,0
0.20709238650118,9423,0.8846,0,0
0.20709238219342,9424,0.8848,0,0
0.20709237788522,9425,0.885,0,0
0.20709237357657,9426,0.8852,0,0
0.20709236926749,9427,0.8854,0,0
0.20709236495796,9428,0.8856,0,0
0.20709236064799,9429,0.8858,0,0
0.20709235633758,9430,0.886,0,0
0.20709235202672,9431,0.8862,0,0
0.20709234771543,9432,0.8864,0,0
0.20709234340369,9433,0.8866,0,0
0.20709233909151,9434,0.8868,0,0
0.20709233477889,9435,0.887,0,0
0.20709233046582,9436,0.8872,0,0
0.20709232615231,9437,0.8874,0,0
0.20709232183836,9438,0.8876,0,0
0.20709231752397,9439,0.8878,0,0
0.20709231320913,9440,0.888,0,0
0.20709230889386,9441,0.8882,0,0
0.20709230457813,9442,0.8884,0,0
0.20709230026197,9443,0.8886,0,0
0.20709229594536,9444,0.8888,0,0
0.20709229162831,9445,0.889,0,0
0.20709228731081,9446,0.8892,0,0
0.20709228299287,9447,0.8894,0,0
0.20709227867449,9448,0.8896,0,0
0.20709227435566,9449,0.8898,0,0
0.20709227003639,9450,0.89,0,0
0.20709226571668,9451,0.8902,0,0
0.20709226139652,9452,0.8904,0,0
0.20709225707591,9453,0.8906,0,0
0.20709225275487,9454,0.8908,0,0
0.20709224843337,9455,0.891,0,0
0.20709224411144,9456,0.8912,0,0
0.20709223978906,9457,0.8914,0,0
0.20709223546623,9458,0.8916,0,0
0.20709223114296,9459,0.8918,0,0
0.20709222681924,9460,0.892,0,0
0.20709222249508,9461,0.8922,0,0
0.20709221817048,9462,0.8924,0,0
0.20709221384543,9463,0.8926,0,0
0.20709220951993,9464,0.8928,0,0
0.20709220519399,9465,0.893,0,0
0.2070922008676,9466,0.8932,0,0
0.20709219654077,9467,0.8934,0,0
0.20709219221349,9468,0.8936,0,0
0.20709218788576,9469,0.8938,0,0
0.20709218355759,9470,0.894,0,0
0.20709217922898,9471,0.8942,0,0
0.20709217489991,9472,0.8944,0,0
0.20709217057041,9473,0.8946,0,0
0.20709216624045,9474,0.8948,0,0
0.20709216191005,9475,0.895,0,0
0.2070921575792,9476,0.8952,0,0
0.20709215324791,9477,0.8954,0,0
0.20709214891617,9478,0.8956,0,0
0.20709214458398,9479,0.8958,0,0
0.20709214025134,9480,0.896,0,0
0.20709213591826,9481,0.8962,0,0
0.20709213158473,9482,0.8964,0,0
0.20709212725076,9483,0.8966,0,0
0.20709212291633,9484,0.8968,0,0
0.20709211858146,9485,0.897,0,0
0.20709211424615,9486,0.8972,0,0
0.20709210991038,9487,0.8974,0,0
0.20709210557417,9488,0.8976,0,0
0.20709210123751,9489,0.8978,0,0
0.2070920969004,9490,0.898,0,0
0.20709209256284,9491,0.8982,0,0
0.20709208822484,9492,0.8984,0,0
0.20709208388639,9493,0.8986,0,0
0.20709207954748,9494,0.8988,0,0
0.20709207520814,9495,0.899,0,0
0.20709207086834,9496,0.8992,0,0
0.20709206652809,9497,0.8994,0,0
0.2070920621874,9498,0.8996,0,0
0.20709205784626,9499,0.8998,0,0
0.20709205350466,9500,0.9,0,0
0.20709204916262,9501,0.9002,0,0
0.20709204482013,9502,0.9004,0,0
0.2070920404772,9503,0.9006,0,0
0.20709203613381,9504,0.9008,0,0
0.20709203178997,9505,0.901,0,0
0.20709202744569,9506,0.9012,0,0
0.20709202310095,9507,0.9014,0,0
0.20709201875577,9508,0.9016,0,0
0.20709201441013,9509,0.9018,0,0
0.20709201006405,9510,0.902,0,0
0.20709200571751,9511,0.9022,0,0
0.20709200137053,9512,0.9024,0,0
0.2070919970231,9513,0.9026,0,0
0.20709199267521,9514,0.9028,0,0
0.20709198832688,9515,0.903,0,0
0.2070919839781,9516,0.9032,0,0
0.20709197962886,9517,0.9034,0,0
0.20709197527918,9518,0.9036,0,0
0.20709197092905,9519,0.9038,0,0
0.20709196657846,9520,0.904,0,0
0.20709196222742,9521,0.9042,0,0
0.20709195787594,9522,0.9044,0,0
0.207091953524,9523,0.9046,0,0
0.20709194917161,9524,0.9048,0,0
0.20709194481877,9525,0.905,0,0
0.20709194046548,9526,0.9052,0,0
0.20709193611174,9527,0.9054,0,0
0.20709193175755,9528,0.9056,0,0
0.20709192740291,9529,0.9058,0,0
0.20709192304781,9530,0.906,0,0
0.20709191869227,9531,0.9062,0,0
0.20709191433627,9532,0.9064,0,0
0.20709190997982,9533,0.9066,0,0
0.20709190562292,9534,0.9068,0,0
0.20709190126556,9535,0.907,0,0
0.20709189690776,9536,0.9072,0,0
0.2070918925495,9537,0.9074,0,0
0.20709188819079,9538,0.9076,0,0
0.20709188383163,9539,0.9078,0,0
0.20709187947202,9540,0.908,0,0
0.20709187511195,9541,0.9082,0,0
0.20709187075143,9542,0.9084,0,0
0.20709186639046,9543,0.9086,0,0
0.20709186202904,9544,0.9088,0,0
0.20709185766716,9545,0.909,0,0
0.20709185330483,9546,0.9092,0,0
0.20709184894205,9547,0.9094,0,0
0.20709184457882,9548,0.9096,0,0
0.20709184021513,9549,0.9098,0,0
0.20709183585099,9550,0.91,0,0
0.2070918314864,9551,0.9102,0,0
0.20709182712135,9552,0.9104,0,0
0.20709182275585,9553,0.9106,0,0
0.2070918183899,9554,0.9108,0,0
0.20709181402349,9555,0.911,0,0
0.20709180965663,9556,0.9112,0,0
0.20709180528931,9557,0.9114,0,0
0.20709180092155,9558,0.9116,0,0
0.20709179655332,9559,0.9118,0,0
0.20709179218465,9560,0.912,0,0
0.20709178781552,9561,0.9122,0,0
0.20709178344594,9562,0.9124,0,0
0.2070917790759,9563,0.9126,0,0
0.20709177470541,9564,0.9128,0,0
0.20709177033446,9565,0.913,0,0
0.20709176596306,9566,0.9132,0,0
0.2070917615912,9567,0.9134,0,0
0.20709175721889,9568,0.9136,0,0
0.20709175284613,9569,0.9138,0,0
0.20709174847291,9570,0.914,0,0
0.20709174409924,9571,0.9142,0,0
0.20709173972511,9572,0.9144,0,0
0.20709173535053,9573,0.9146,0,0
0.20709173097549,9574,0.9148,0,0
0.20709172659999,9575,0.915,0,0
0.20709172222404,9576,0.9152,0,0
0.20709171784764,9577,0.9154,0,0
0.20709171347078,9578,0.9156,0,0
0.20709170909347,9579,0.9158,0,0
0.2070917047157,9580,0.916,0,0
0.20709170033747,9581,0.9162,0,0
0.20709169595879,9582,0.9164,0,0
0.20709169157965,9583,0.9166,0,0
0.20709168720006,9584,0.9168,0,0
0.20709168282001,9585,0.917,0,0
0.20709167843951,9586,0.9172,0,0
0.20709167405855,9587,0.9174,0,0
0.20709166967713,9588,0.9176,0,0
0.20709166529526,9589,0.9178,0,0
0.20709166091293,9590,0.918,0,0
0.20709165653014,9591,0.9182,0,0
0.2070916521469,9592,0.9184,0,0
0.20709164776321,9593,0.9186,0,0
0.20709164337905,9594,0.9188,0,0
0.20709163899444,9595,0.919,0,0
0.20709163460937,9596,0.9192,0,0
0.20709163022385,9597,0.9194,0,0
0.20709162583787,9598,0.9196,0,0
0.20709162145143,9599,0.9198,0,0
0.20709161706453,9600,0.92,0,0
0.20709161267718,9601,0.9202,0,0
0.20709160828937,9602,0.9204,0,0
0.20709160390111,9603,0.9206,0,0
0.20709159951238,9604,0.9208,0,0
0.2070915951232,9605,0.921,0,0
0.20709159073356,9606,0.9212,0,0
0.20709158634347,9607,0.9214,0,0
0.20709158195291,9608,0.9216,0,0
0.2070915775619,9609,0.9218,0,0
0.20709157317043,9610,0.922,0,0
0.20709156877851,9611,0.9222,0,0
0.20709156438612,9612,0.9224,0,0
0.20709155999328,9613,0.9226,0,0
0.20709155559998,9614,0.9228,0,0
0.20709155120622,9615,0.923,0,0
0.20709154681201,9616,0.9232,0,0
0.20709154241733,9617,0.9234,0,0
0.2070915380222,9618,0.9236,0,0
0.20709153362661,9619,0.9238,0,0
0.20709152923056,9620,0.924,0,0
0.20709152483405,9621,0.9242,0,0
0.20709152043708,9622,0.9244,0,0
0.20709151603966,9623,0.9246,0,0
0.20709151164177,9624,0.9248,0,0
0.20709150724343,9625,0.925,0,0
0.20709150284463,9626,0.9252,0,0
0.20709149844537,9627,0.9254,0,0
0.20709149404565,9628,0.9256,0,0
0.20709148964547,9629,0.9258,0,0
0.20709148524484,9630,0.926,0,0
0.20709148084374,9631,0.9262,0,0
0.20709147644218,9632,0.9264,0,0
0.20709147204017,9633,0.9266,0,0
0.20709146763769,9634,0.9268,0,0
0.20709146323476,9635,0.927,0,0
0.20709145883137,9636,0.9272,0,0
0.20709145442751,9637,0.9274,0,0
0.2070914500232,9638,0.9276,0,0
0.20709144561843,9639,0.9278,0,0
0.2070914412132,9640,0.928,0,0
0.20709143680751,9641,0.9282,0,0
0.20709143240136,9642,0.9284,0,0
0.20709142799474,9643,0.9286,0,0
0.20709142358767,9644,0.9288,0,0
0.20709141918014,9645,0.929,0,0
0.20709141477215,9646,0.9292,0,0
0.2070914103637,9647,0.9294,0,0
0.20709140595479,9648,0.9296,0,0
0.20709140154541,9649,0.9298,0,0
0.20709139713558,9650,0.93,0,0
0.20709139272529,9651,0.9302,0,0
0.20709138831453,9652,0.9304,0,0
0.20709138390332,9653,0.9306,0,0
0.20709137949164,9654,0.9308,0,0
0.20709137507951,9655,0.931,0,0
0.20709137066691,9656,0.9312,0,0
0.20709136625385,9657,0.9314,0,0
0.20709136184034,9658,0.9316,0,0
0.20709135742636,9659,0.9318,0,0
0.20709135301192,9660,0.932,0,0
0.20709134859702,9661,0.9322,0,0
0.20709134418165,9662,0.9324,0,0
0.20709133976583,9663,0.9326,0,0
0.20709133534954,9664,0.9328,0,0
0.2070913309328,9665,0.933,0,0
0.20709132651559,9666,0.9332,0,0
0.20709132209792,9667,0.9334,0,0
0.20709131767979,9668,0.9336,0,0
0.2070913132612,9669,0.9338,0,0
0.20709130884214,9670,0.934,0,0
0.20709130442263,9671,0.9342,0,0
0.20709130000265,9672,0.9344,0,0
0.20709129558221,9673,0.9346,0,0
0.20709129116131,9674,0.9348,0,0
0.20709128673995,9675,0.935,0,0
0.20709128231812,9676,0.9352,0,0
0.20709127789583,9677,0.9354,0,0
0.20709127347308,9678,0.9356,0,0
0.20709126904987,9679,0.9358,0,0
0.2070912646262,9680,0.936,0,0
0.20709126020206,9681,0.9362,0,0
0.20709125577746,9682,0.9364,0,0
0.2070912513524,9683,0.9366,0,0
0.20709124692688,9684,0.9368,0,0
0.20709124250089,9685,0.937,0,0
0.20709123807445,9686,0.9372,0,0
0.20709123364753,9687,0.9374,0,0
0.20709122922016,9688,0.9376,0,0
0.20709122479232,9689,0.9378,0,0
0.20709122036402,9690,0.938,0,0
0.20709121593526,9691,0.9382,0,0
0.20709121150604,9692,0.9384,0,0
0.20709120707635,9693,0.9386,0,0
0.2070912026462,9694,0.9388,0,0
0.20709119821558,9695,0.939,0,0
0.2070911937845,9696,0.9392,0,0
0.20709118935296,9697,0.9394,0,0
0.20709118492096,9698,0.9396,0,0
0.20709118048849,9699,0.9398,0,0
0.20709117605556,9700,0.94,0,0
0.20709117162217,9701,0.9402,0,0
0.20709116718831,9702,0.9404,0,0
0.20709116275399,9703,0.9406,0,0
0.2070911583192,9704,0.9408,0,0
0.20709115388396,9705,0.941,0,0
0.20709114944824,9706,0.9412,0,0
0.20709114501207,9707,0.9414,0,0
0.20709114057543,9708,0.9416,0,0
0.20709113613832,9709,0.9418,0,0
0.20709113170076,9710,0.942,0,0
0.20709112726272,9711,0.9422,0,0
0.20709112282423,9712,0.9424,0,0
0.20709111838527,9713,0.9426,0,0
0.20709111394585,9714,0.9428,0,0
0.20709110950596,9715,0.943,0,0
0.20709110506561,9716,0.9432,0,0
0.20709110062479,9717,0.9434,0,0
0.20709109618351,9718,0.9436,0,0
0.20709109174176,9719,0.9438,0,0
0.20709108729955,9720,0.944,0,0
0.20709108285688,9721,0.9442,0,0
0.20709107841374,9722,0.9444,0,0
0.20709107397014,9723,0.9446,0,0
0.20709106952607,9724,0.9448,0,0
0.20709106508154,9725,0.945,0,0
0.20709106063654,9726,0.9452,0,0
0.20709105619108,9727,0.9454,0,0
0.20709105174515,9728,0.9456,0,0
0.20709104729876,9729,0.9458,0,0
0.2070910428519,9730,0.946,0,0
0.20709103840458,9731,0.9462,0,0
0.20709103395679,9732,0.9464,0,0
0.20709102950854,9733,0.9466,0,0
0.20709102505982,9734,0.9468,0,0
0.20709102061064,9735,0.947,0,0
0.20709101616099,9736,0.9472,0,0
0.20709101171088,9737,0.9474,0,0
0.2070910072603,9738,0.9476,0,0
0.20709100280926,9739,0.9478,0,0
0.20709099835775,9740,0.948,0,0
0.20709099390577,9741,0.9482,0,0
0.20709098945333,9742,0.9484,0,0
0.20709098500043,9743,0.9486,0,0
0.20709098054706,9744,0.9488,0,0
0.20709097609322,9745,0.949,0,0
0.20709097163892,9746,0.9492,0,0
0.20709096718415,9747,0.9494,0,0
0.20709096272892,9748,0.9496,0,0
0.20709095827322,9749,0.9498,0,0
0.20709095381705,9750,0.95,0,0
0.20709094936042,9751,0.9502,0,0
0.20709094490332,9752,0.9504,0,0
0.20709094044576,9753,0.9506,0,0
0.20709093598773,9754,0.9508,0,0
0.20709093152923,9755,0.951,0,0
0.20709092707027,9756,0.9512,0,0
0.20709092261084,9757,0.9514,0,0
0.20709091815094,9758,0.9516,0,0
0.20709091369058,9759,0.9518,0,0
0.20709090922976,9760,0.952,0,0
0.20709090476846,9761,0.9522,0,0
0.2070909003067,9762,0.9524,0,0
0.20709089584447,9763,0.9526,0,0
0.20709089138178,9764,0.9528,0,0
0.20709088691862,9765,0.953,0,0
0.20709088245499,9766,0.9532,0,0
0.2070908779909,9767,0.9534,0,0
0.20709087352634,9768,0.9536,0,0
0.20709086906132,9769,0.9538,0,0
0.20709086459582,9770,0.954,0,0
0.20709086012986,9771,0.9542,0,0
0.20709085566343,9772,0.9544,0,0
0.20709085119654,9773,0.9546,0,0
0.20709084672918,9774,0.9548,0,0
0.20709084226135,9775,0.955,0,0
0.20709083779306,9776,0.9552,0,0
0.2070908333243,9777,0.9554,0,0
0.20709082885507,9778,0.9556,0,0
0.20709082438537,9779,0.9558,0,0
0.20709081991521,9780,0.956,0,0
0.20709081544458,9781,0.9562,0,0
0.20709081097348,9782,0.9564,0,0
0.20709080650191,9783,0.9566,0,0
0.20709080202988,9784,0.9568,0,0
0.20709079755738,9785,0.957,0,0
0.20709079308441,9786,0.9572,0,0
0.20709078861098,9787,0.9574,0,0
0.20709078413708,9788,0.9576,0,0
0.20709077966271,9789,0.9578,0,0
0.20709077518787,9790,0.958,0,0
0.20709077071256,9791,0.9582,0,0
0.20709076623679,9792,0.9584,0,0
0.20709076176055,9793,0.9586,0,0
0.20709075728384,9794,0.9588,0,0
0.20709075280667,9795,0.959,0,0
0.20709074832902,9796,0.9592,0,0
0.20709074385091,9797,0.9594,0,0
0.20709073937233,9798,0.9596,0,0
0.20709073489328,9799,0.9598,0,0
0.20709073041377,9800,0.96,0,0
0.20709072593379,9801,0.9602,0,0
0.20709072145333,9802,0.9604,0,0
0.20709071697242,9803,0.9606,0,0
0.20709071249103,9804,0.9608,0,0
0.20709070800917,9805,0.961,0,0
0.20709070352685,9806,0.9612,0,0
0.20709069904406,9807,0.9614,0,0
0.2070906945608,9808,0.9616,0,0
0.20709069007707,9809,0.9618,0,0
0.20709068559287,9810,0.962,0,0
0.20709068110821,9811,0.9622,0,0
0.20709067662307,9812,0.9624,0,0
0.20709067213747,9813,0.9626,0,0
0.2070906676514,9814,0.9628,0,0
0.20709066316486,9815,0.963,0,0
0.20709065867785,9816,0.9632,0,0
0.20709065419038,9817,0.9634,0,0
0.20709064970243,9818,0.9636,0,0
0.20709064521402,9819,0.9638,0,0
0.20709064072514,9820,0.964,0,0
0.20709063623579,9821,0.9642,0,0
0.20709063174597,9822,0.9644,0,0
0.20709062725568,9823,0.9646,0,0
0.20709062276492,9824,0.9648,0,0
0.2070906182737,9825,0.965,0,0
0.207090613782,9826,0.9652,0,0
0.20709060928984,9827,0.9654,0,0
0.20709060479721,9828,0.9656,0,0
0.20709060030411,9829,0.9658,0,0
0.20709059581054,9830,0.966,0,0
0.2070905913165,9831,0.9662,0,0
0.20709058682199,9832,0.9664,0,0
0.20709058232701,9833,0.9666,0,0
0.20709057783157,9834,0.9668,0,0
0.20709057333565,9835,0.967,0,0
0.20709056883927,9836,0.9672,0,0
0.20709056434241,9837,0.9674,0,0
0.20709055984509,9838,0.9676,0,0
0.2070905553473,9839,0.9678,0,0
0.20709055084904,9840,0.968,0,0
0.20709054635031,9841,0.9682,0,0
0.20709054185111,9842,0.9684,0,0
0.20709053735144,9843,0.9686,0,0
0.2070905328513,9844,0.9688,0,0
0.20709052835069,9845,0.969,0,0
0.20709052384961,9846,0.9692,0,0
0.20709051934807,9847,0.9694,0,0
0.20709051484605,9848,0.9696,0,0
0.20709051034356,9849,0.9698,0,0
0.20709050584061,9850,0.97,0,0
0.20709050133718,9851,0.9702,0,0
0.20709049683329,9852,0.9704,0,0
0.20709049232892,9853,0.9706,0,0
0.20709048782409,9854,0.9708,0,0
0.20709048331879,9855,0.971,0,0
0.20709047881301,9856,0.9712,0,0
0.20709047430677,9857,0.9714,0,0
0.20709046980006,9858,0.9716,0,0
0.20709046529287,9859,0.9718,0,0
0.20709046078522,9860,0.972,0,0
0.2070904562771,9861,0.9722,0,0
0.20709045176851,9862,0.9724,0,0
0.20709044725945,9863,0.9726,0,0
0.20709044274991,9864,0.9728,0,0
0.20709043823991,9865,0.973,0,0
0.20709043372944,9866,0.9732,0,0
0.2070904292185,9867,0.9734,0,0
0.20709042470709,9868,0.9736,0,0
0.2070904201952,9869,0.9738,0,0
0.20709041568285,9870,0.974,0,0
0.20709041117003,9871,0.9742,0,0
0.20709040665674,9872,0.9744,0,0
0.20709040214298,9873,0.9746,0,0
0.20709039762874,9874,0.9748,0,0
0.20709039311404,9875,0.975,0,0
0.20709038859887,9876,0.9752,0,0
0.20709038408323,9877,0.9754,0,0
0.20709037956711,9878,0.9756,0,0
0.20709037505053,9879,0.9758,0,0
0.20709037053348,9880,0.976,0,0
0.20709036601595,9881,0.9762,0,0
0.20709036149796,9882,0.9764,0,0
0.20709035697949,9883,0.9766,0,0
0.20709035246056,9884,0.9768,0,0
0.20709034794115,9885,0.977,0,0
0.20709034342128,9886,0.9772,0,0
0.20709033890093,9887,0.9774,0,0
0.20709033438012,9888,0.9776,0,0
0.20709032985883,9889,0.9778,0,0
0.20709032533707,9890,0.978,0,0
0.20709032081484,9891,0.9782,0,0
0.20709031629215,9892,0.9784,0,0
0.20709031176898,9893,0.9786,0,0
0.20709030724534,9894,0.9788,0,0
0.20709030272123,9895,0.979,0,0
0.20709029819665,9896,0.9792,0,0
0.20709029367159,9897,0.9794,0,0
0.20709028914607,9898,0.9796,0,0
0.20709028462008,9899,0.9798,0,0
0.20709028009362,9900,0.98,0,0
0.20709027556668,9901,0.9802,0,0
0.20709027103928,9902,0.9804,0,0
0.2070902665114,9903,0.9806,0,0
0.20709026198306,9904,0.9808,0,0
0.20709025745424,9905,0.981,0,0
0.20709025292495,9906,0.9812,0,0
0.20709024839519,9907,0.9814,0,0
0.20709024386496,9908,0.9816,0,0
0.20709023933426,9909,0.9818,0,0
0.20709023480309,9910,0.982,0,0
0.20709023027145,9911,0.9822,0,0
0.20709022573934,9912,0.9824,0,0
0.20709022120676,9913,0.9826,0,0
0.2070902166737,9914,0.9828,0,0
0.20709021214018,9915,0.983,0,0
0.20709020760618,9916,0.9832,0,0
0.20709020307171,9917,0.9834,0,0
0.20709019853677,9918,0.9836,0,0
0.20709019400137,9919,0.9838,0,0
0.20709018946549,9920,0.984,0,0
0.20709018492913,9921,0.9842,0,0
0.20709018039231,9922,0.9844,0,0
0.20709017585502,9923,0.9846,0,0
0.20709017131725,9924,0.9848,0,0
0.20709016677902,9925,0.985,0,0
0.20709016224031,9926,0.9852,0,0
0.20709015770114,9927,0.9854,0,0
0.20709015316149,9928,0.9856,0,0
0.20709014862137,9929,0.9858,0,0
0.20709014408078,9930,0.986,0,0
0.20709013953972,9931,0.9862,0,0
0.20709013499818,9932,0.9864,0,0
0.20709013045618,9933,0.9866,0,0
0.2070901259137,9934,0.9868,0,0
0.20709012137076,9935,0.987,0,0
0.20709011682734,9936,0.9872,0,0
0.20709011228345,9937,0.9874,0,0
0.20709010773909,9938,0.9876,0,0
0.20709010319426,9939,0.9878,0,0
0.20709009864896,9940,0.988,0,0
0.20709009410318,9941,0.9882,0,0
0.20709008955694,9942,0.9884,0,0
0.20709008501022,9943,0.9886,0,0
0.20709008046304,9944,0.9888,0,0
0.20709007591538,9945,0.989,0,0
0.20709007136725,9946,0.9892,0,0
0.20709006681865,9947,0.9894,0,0
0.20709006226957,9948,0.9896,0,0
0.20709005772003,9949,0.9898,0,0
0.20709005317001,9950,0.99,0,0
0.20709004861953,9951,0.9902,0,0
0.20709004406857,9952,0.9904,0,0
0.20709003951714,9953,0.9906,0,0
0.20709003496524,9954,0.9908,0,0
0.20709003041287,9955,0.991,0,0
0.20709002586002,9956,0.9912,0,0
0.20709002130671,9957,0.9914,0,0
0.20709001675292,9958,0.9916,0,0
0.20709001219867,9959,0.9918,0,0
0.20709000764394,9960,0.992,0,0
0.20709000308874,9961,0.9922,0,0
0.20708999853307,9962,0.9924,0,0
0.20708999397692,9963,0.9926,0,0
0.20708998942031,9964,0.9928,0,0
0.20708998486322,9965,0.993,0,0
0.20708998030567,9966,0.9932,0,0
0.20708997574764,9967,0.9934,0,0
0.20708997118914,9968,0.9936,0,0
0.20708996663017,9969,0.9938,0,0
0.20708996207072,9970,0.994,0,0
0.20708995751081,9971,0.9942,0,0
0.20708995295042,9972,0.9944,0,0
0.20708994838956,9973,0.9946,0,0
0.20708994382824,9974,0.9948,0,0
0.20708993926644,9975,0.995,0,0
0.20708993470416,9976,0.9952,0,0
0.20708993014142,9977,0.9954,0,0
0.20708992557821,9978,0.9956,0,0
0.20708992101452,9979,0.9958,0,0
0.20708991645036,9980,0.996,0,0
0.20708991188573,9981,0.9962,0,0
0.20708990732063,9982,0.9964,0,0
0.20708990275506,9983,0.9966,0,0
0.20708989818902,9984,0.9968,0,0
0.2070898936225,9985,0.997,0,0
0.20708988905551,9986,0.9972,0,0
0.20708988448806,9987,0.9974,0,0
0.20708987992013,9988,0.9976,0,0
0.20708987535172,9989,0.9978,0,0
0.20708987078285,9990,0.998,0,0
0.20708986621351,9991,0.9982,0,0
0.20708986164369,9992,0.9984,0,0
0.2070898570734,9993,0.9986,0,0
0.20708985250265,9994,0.9988,0,0
0.20708984793142,9995,0.999,0,0
0.20708984335971,9996,0.9992,0,0
0.20708983878754,9997,0.9994,0,0
0.20708983421489,9998,0.9996,0,0
0.20708983192819,15004,0.9997,0,0
0.20708983077227,15010,0.99975,0,0
0.2070898290367,9999,0.9998,0,0
0.2070898001603,15008,0.99985,0,0
0.20708850071871,15001,0.9999,0,0
0.20708208878621,15020,0.999925,0,0
0.20707171045149,15026,0.9999375,0,0
0.20704788260437,15009,0.99995,0,0
0.20699318690268,15025,0.9999625,0,0
0.20686767517854,15016,0.999975,0,0
0.20657987128629,15023,0.9999875,0,0
0.20592114845642,10000,1,0,0
