cm,id,x,y,z
0.19624006321366,5000,0,0,0
0.2022276639973,15027,1.25e-05,0,0
0.20497875239898,15018,2.5e-05,0,0
0.20670814006362,15012,5e-05,0,0
0.2070238687228,15022,7.5e-05,0,0
0.20708145287863,15003,0.0001,0,0
0.20709311326524,15013,0.00015,0,0
0.20709336340217,5001,0.0002,0,0
0.20709336987714,15014,0.00025,0,0
0.20709337114711,15006,0.0003,0,0
0.20709337346164,5002,0.0004,0,0
0.20709337808547,5003,0.0006,0,0
0.20709338270741,5004,0.0008,0,0
0.2070933873275,5005,0.001,0,0
0.20709339194571,5006,0.0012,0,0
0.20709339656206,5007,0.0014,0,0
0.20709340117655,5008,0.0016,0,0
0.20709340578916,5009,0.0018,0,0
0.20709341039992,5010,0.002,0,0
0.2070934150088,5011,0.0022,0,0
0.20709341961583,5012,0.0024,0,0
0.20709342422098,5013,0.0026,0,0
0.20709342882427,5014,0.0028,0,0
0.2070934334257,5015,0.003,0,0
0.20709343802526,5016,0.0032,0,0
0.20709344262296,5017,0.0034,0,0
0.20709344721878,5018,0.0036,0,0
0.20709345181275,5019,0.0038,0,0
0.20709345640485,5020,0.004,0,0
0.20709346099508,5021,0.0042,0,0
0.20709346558345,5022,0.0044,0,0
0.20709347016995,5023,0.0046,0,0
0.20709347475458,5024,0.0048,0,0
0.20709347933735,5025,0.005,0,0
0.20709348391826,5026,0.0052,0,0
0.2070934884973,5027,0.0054,0,0
0.20709349307447,5028,0.0056,0,0
0.20709349764978,5029,0.0058,0,0
0.20709350222323,5030,0.006,0,0
0.20709350679481,5031,0.0062,0,0
0.20709351136452,5032,0.0064,0,0
0.20709351593237,5033,0.0066,0,0
0.20709352049835,5034,0.0068,0,0
0.20709352506247,5035,0.007,0,0
0.20709352962472,5036,0.0072,0,0
0.20709353418511,5037,0.0074,0,0
0.20709353874363,5038,0.0076,0,0
0.20709354330028,5039,0.0078,0,0
0.20709354785507,5040,0.008,0,0
0.207093552408,5041,0.0082,0,0
0.20709355695906,5042,0.0084,0,0
0.20709356150826,5043,0.0086,0,0
0.20709356605559,5044,0.0088,0,0
0.20709357060105,5045,0.009,0,0
0.20709357514465,5046,0.0092,0,0
0.20709357968639,5047,0.0094,0,0
0.20709358422626,5048,0.0096,0,0
0.20709358876427,5049,0.0098,0,0
0.20709359330041,5050,0.01,0,0
0.20709359783468,5051,0.0102,0,0
0.2070936023671,5052,0.0104,0,0
0.20709360689764,5053,0.0106,0,0
0.20709361142632,5054,0.0108,0,0
0.20709361595314,5055,0.011,0,0
0.20709362047809,5056,0.0112,0,0
0.20709362500118,5057,0.0114,0,0
0.2070936295224,5058,0.0116,0,0
0.20709363404176,5059,0.0118,0,0
0.20709363855926,5060,0.012,0,0
0.20709364307489,5061,0.0122,0,0
0.20709364758865,5062,0.0124,0,0
0.20709365210055,5063,0.0126,0,0
0.20709365661059,5064,0.0128,0,0
0.20709366111876,5065,0.013,0,0
0.20709366562507,5066,0.0132,0,0
0.20709367012951,5067,0.0134,0,0
0.20709367463209,5068,0.0136,0,0
0.20709367913281,5069,0.0138,0,0
0.20709368363166,5070,0.014,0,0
0.20709368812864,5071,0.0142,0,0
0.20709369262377,5072,0.0144,0,0
0.20709369711702,5073,0.0146,0,0
0.20709370160842,5074,0.0148,0,0
0.20709370609795,5075,0.015,0,0
0.20709371058562,5076,0.0152,0,0
0.20709371507142,5077,0.0154,0,0
0.20709371955536,5078,0.0156,0,0
0.20709372403744,5079,0.0158,0,0
0.20709372851765,5080,0.016,0,0
0.207093732996,5081,0.0162,0,0
0.20709373747248,5082,0.0164,0,0
0.2070937419471,5083,0.0166,0,0
0.20709374641986,5084,0.0168,0,0
0.20709375089076,5085,0.017,0,0
0.20709375535979,5086,0.0172,0,0
0.20709375982696,5087,0.0174,0,0
0.20709376429226,5088,0.0176,0,0
0.2070937687557,5089,0.0178,0,0
0.20709377321728,5090,0.018,0,0
0.207093777677,5091,0.0182,0,0
0.20709378213485,5092,0.0184,0,0
0.20709378659084,5093,0.0186,0,0
0.20709379104497,5094,0.0188,0,0
0.20709379549724,5095,0.019,0,0
0.20709379994764,5096,0.0192,0,0
0.20709380439618,5097,0.0194,0,0
0.20709380884285,5098,0.0196,0,0
0.20709381328767,5099,0.0198,0,0
0.20709381773062,5100,0.02,0,0
0.20709382217171,5101,0.0202,0,0
0.20709382661094,5102,0.0204,0,0
0.2070938310483,5103,0.0206,0,0
0.2070938354838,5104,0.0208,0,0
0.20709383991745,5105,0.021,0,0
0.20709384434922,5106,0.0212,0,0
0.20709384877914,5107,0.0214,0,0
0.2070938532072,5108,0.0216,0,0
0.20709385763339,5109,0.0218,0,0
0.20709386205772,5110,0.022,0,0
0.20709386648019,5111,0.0222,0,0
0.2070938709008,5112,0.0224,0,0
0.20709387531955,5113,0.0226,0,0
0.20709387973643,5114,0.0228,0,0
0.20709388415146,5115,0.023,0,0
0.20709388856462,5116,0.0232,0,0
0.20709389297592,5117,0.0234,0,0
0.20709389738536,5118,0.0236,0,0
0.20709390179294,5119,0.0238,0,0
0.20709390619866,5120,0.024,0,0
0.20709391060252,5121,0.0242,0,0
0.20709391500452,5122,0.0244,0,0
0.20709391940465,5123,0.0246,0,0
0.20709392380293,5124,0.0248,0,0
0.20709392819935,5125,0.025,0,0
0.2070939325939,5126,0.0252,0,0
0.2070939369866,5127,0.0254,0,0
0.20709394137743,5128,0.0256,0,0
0.2070939457664,5129,0.0258,0,0
0.20709395015352,5130,0.026,0,0
0.20709395453877,5131,0.0262,0,0
0.20709395892217,5132,0.0264,0,0
0.2070939633037,5133,0.0266,0,0
0.20709396768338,5134,0.0268,0,0
0.20709397206119,5135,0.027,0,0
0.20709397643715,5136,0.0272,0,0
0.20709398081125,5137,0.0274,0,0
0.20709398518348,5138,0.0276,0,0
0.20709398955386,5139,0.0278,0,0
0.20709399392238,5140,0.028,0,0
0.20709399828904,5141,0.0282,0,0
0.20709400265384,5142,0.0284,0,0
0.20709400701678,5143,0.0286,0,0
0.20709401137787,5144,0.0288,0,0
0.20709401573709,5145,0.029,0,0
0.20709402009446,5146,0.0292,0,0
0.20709402444997,5147,0.0294,0,0
0.20709402880362,5148,0.0296,0,0
0.20709403315541,5149,0.0298,0,0
0.20709403750534,5150,0.03,0,0
0.20709404185342,5151,0.0302,0,0
0.20709404619963,5152,0.0304,0,0
0.20709405054399,5153,0.0306,0,0
0.20709405488649,5154,0.0308,0,0
0.20709405922714,5155,0.031,0,0
0.20709406356593,5156,0.0312,0,0
0.20709406790285,5157,0.0314,0,0
0.20709407223793,5158,0.0316,0,0
0.20709407657114,5159,0.0318,0,0
0.2070940809025,5160,0.032,0,0
0.207094085232,5161,0.0322,0,0
0.20709408955965,5162,0.0324,0,0
0.20709409388543,5163,0.0326,0,0
0.20709409820936,5164,0.0328,0,0
0.20709410253144,5165,0.033,0,0
0.20709410685166,5166,0.0332,0,0
0.20709411117002,5167,0.0334,0,0
0.20709411548653,5168,0.0336,0,0
0.20709411980118,5169,0.0338,0,0
0.20709412411397,5170,0.034,0,0
0.20709412842491,5171,0.0342,0,0
0.20709413273399,5172,0.0344,0,0
0.20709413704122,5173,0.0346,0,0
0.20709414134659,5174,0.0348,0,0
0.20709414565011,5175,0.035,0,0
0.20709414995177,5176,0.0352,0,0
0.20709415425157,5177,0.0354,0,0
0.20709415854952,5178,0.0356,0,0
0.20709416284562,5179,0.0358,0,0
0.20709416713986,5180,0.036,0,0
0.20709417143225,5181,0.0362,0,0
0.20709417572278,5182,0.0364,0,0
0.20709418001146,5183,0.0366,0,0
0.20709418429829,5184,0.0368,0,0
0.20709418858326,5185,0.037,0,0
0.20709419286638,5186,0.0372,0,0
0.20709419714764,5187,0.0374,0,0
0.20709420142705,5188,0.0376,0,0
0.2070942057046,5189,0.0378,0,0
0.20709420998031,5190,0.038,0,0
0.20709421425416,5191,0.0382,0,0
0.20709421852615,5192,0.0384,0,0
0.2070942227963,5193,0.0386,0,0
0.20709422706459,5194,0.0388,0,0
0.20709423133102,5195,0.039,0,0
0.20709423559561,5196,0.0392,0,0
0.20709423985834,5197,0.0394,0,0
0.20709424411922,5198,0.0396,0,0
0.20709424837825,5199,0.0398,0,0
0.20709425263543,5200,0.04,0,0
0.20709425689075,5201,0.0402,0,0
0.20709426114423,5202,0.0404,0,0
0.20709426539585,5203,0.0406,0,0
0.20709426964562,5204,0.0408,0,0
0.20709427389354,5205,0.041,0,0
0.20709427813961,5206,0.0412,0,0
0.20709428238382,5207,0.0414,0,0
0.20709428662619,5208,0.0416,0,0
0.20709429086671,5209,0.0418,0,0
0.20709429510537,5210,0.042,0,0
0.20709429934218,5211,0.0422,0,0
0.20709430357715,5212,0.0424,0,0
0.20709430781026,5213,0.0426,0,0
0.20709431204153,5214,0.0428,0,0
0.20709431627094,5215,0.043,0,0
0.20709432049851,5216,0.0432,0,0
0.20709432472422,5217,0.0434,0,0
0.20709432894809,5218,0.0436,0,0
0.20709433317011,5219,0.0438,0,0
0.20709433739027,5220,0.044,0,0
0.20709434160859,5221,0.0442,0,0
0.20709434582506,5222,0.0444,0,0
0.20709435003969,5223,0.0446,0,0
0.20709435425246,5224,0.0448,0,0
0.20709435846338,5225,0.045,0,0
0.20709436267246,5226,0.0452,0,0
0.20709436687969,5227,0.0454,0,0
0.20709437108507,5228,0.0456,0,0
0.20709437528861,5229,0.0458,0,0
0.20709437949029,5230,0.046,0,0
0.20709438369013,5231,0.0462,0,0
0.20709438788813,5232,0.0464,0,0
0.20709439208427,5233,0.0466,0,0
0.20709439627857,5234,0.0468,0,0
0.20709440047102,5235,0.047,0,0
0.20709440466163,5236,0.0472,0,0
0.20709440885039,5237,0.0474,0,0
0.2070944130373,5238,0.0476,0,0
0.20709441722237,5239,0.0478,0,0
0.20709442140559,5240,0.048,0,0
0.20709442558697,5241,0.0482,0,0
0.2070944297665,5242,0.0484,0,0
0.20709443394418,5243,0.0486,0,0
0.20709443812002,5244,0.0488,0,0
0.20709444229402,5245,0.049,0,0
0.20709444646617,5246,0.0492,0,0
0.20709445063648,5247,0.0494,0,0
0.20709445480494,5248,0.0496,0,0
0.20709445897156,5249,0.0498,0,0
0.20709446313633,5250,0.05,0,0
0.20709446729926,5251,0.0502,0,0
0.20709447146035,5252,0.0504,0,0
0.20709447561959,5253,0.0506,0,0
0.20709447977699,5254,0.0508,0,0
0.20709448393254,5255,0.051,0,0
0.20709448808626,5256,0.0512,0,0
0.20709449223813,5257,0.0514,0,0
0.20709449638816,5258,0.0516,0,0
0.20709450053634,5259,0.0518,0,0
0.20709450468269,5260,0.052,0,0
0.20709450882719,5261,0.0522,0,0
0.20709451296985,5262,0.0524,0,0
0.20709451711067,5263,0.0526,0,0
0.20709452124964,5264,0.0528,0,0
0.20709452538678,5265,0.053,0,0
0.20709452952207,5266,0.0532,0,0
0.20709453365553,5267,0.0534,0,0
0.20709453778714,5268,0.0536,0,0
0.20709454191691,5269,0.0538,0,0
0.20709454604484,5270,0.054,0,0
0.20709455017094,5271,0.0542,0,0
0.20709455429519,5272,0.0544,0,0
0.2070945584176,5273,0.0546,0,0
0.20709456253817,5274,0.0548,0,0
0.20709456665691,5275,0.055,0,0
0.2070945707738,5276,0.0552,0,0
0.20709457488886,5277,0.0554,0,0
0.20709457900207,5278,0.0556,0,0
0.20709458311345,5279,0.0558,0,0
0.20709458722299,5280,0.056,0,0
0.20709459133069,5281,0.0562,0,0
0.20709459543656,5282,0.0564,0,0
0.20709459954058,5283,0.0566,0,0
0.20709460364277,5284,0.0568,0,0
0.20709460774312,5285,0.057,0,0
0.20709461184164,5286,0.0572,0,0
0.20709461593831,5287,0.0574,0,0
0.20709462003315,5288,0.0576,0,0
0.20709462412616,5289,0.0578,0,0
0.20709462821732,5290,0.058,0,0
0.20709463230665,5291,0.0582,0,0
0.20709463639415,5292,0.0584,0,0
0.20709464047981,5293,0.0586,0,0
0.20709464456363,5294,0.0588,0,0
0.20709464864562,5295,0.059,0,0
0.20709465272578,5296,0.0592,0,0
0.2070946568041,5297,0.0594,0,0
0.20709466088058,5298,0.0596,0,0
0.20709466495523,5299,0.0598,0,0
0.20709466902805,5300,0.06,0,0
0.20709467309903,5301,0.0602,0,0
0.20709467716817,5302,0.0604,0,0
0.20709468123549,5303,0.0606,0,0
0.20709468530097,5304,0.0608,0,0
0.20709468936462,5305,0.061,0,0
0.20709469342643,5306,0.0612,0,0
0.20709469748641,5307,0.0614,0,0
0.20709470154456,5308,0.0616,0,0
0.20709470560088,5309,0.0618,0,0
0.20709470965537,5310,0.062,0,0
0.20709471370802,5311,0.0622,0,0
0.20709471775884,5312,0.0624,0,0
0.20709472180783,5313,0.0626,0,0
0.20709472585499,5314,0.0628,0,0
0.20709472990032,5315,0.063,0,0
0.20709473394382,5316,0.0632,0,0
0.20709473798549,5317,0.0634,0,0
0.20709474202532,5318,0.0636,0,0
0.20709474606333,5319,0.0638,0,0
0.20709475009951,5320,0.064,0,0
0.20709475413385,5321,0.0642,0,0
0.20709475816637,5322,0.0644,0,0
0.20709476219706,5323,0.0646,0,0
0.20709476622592,5324,0.0648,0,0
0.20709477025295,5325,0.065,0,0
0.20709477427816,5326,0.0652,0,0
0.20709477830153,5327,0.0654,0,0
0.20709478232308,5328,0.0656,0,0
0.2070947863428,5329,0.0658,0,0
0.20709479036069,5330,0.066,0,0
0.20709479437675,5331,0.0662,0,0
0.20709479839099,5332,0.0664,0,0
0.2070948024034,5333,0.0666,0,0
0.20709480641399,5334,0.0668,0,0
0.20709481042275,5335,0.067,0,0
0.20709481442968,5336,0.0672,0,0
0.20709481843478,5337,0.0674,0,0
0.20709482243806,5338,0.0676,0,0
0.20709482643952,5339,0.0678,0,0
0.20709483043915,5340,0.068,0,0
0.20709483443695,5341,0.0682,0,0
0.20709483843294,5342,0.0684,0,0
0.20709484242709,5343,0.0686,0,0
0.20709484641942,5344,0.0688,0,0
0.20709485040993,5345,0.069,0,0
0.20709485439862,5346,0.0692,0,0
0.20709485838548,5347,0.0694,0,0
0.20709486237052,5348,0.0696,0,0
0.20709486635373,5349,0.0698,0,0
0.20709487033513,5350,0.07,0,0
0.2070948743147,5351,0.0702,0,0
0.20709487829244,5352,0.0704,0,0
0.20709488226837,5353,0.0706,0,0
0.20709488624247,5354,0.0708,0,0
0.20709489021476,5355,0.071,0,0
0.20709489418522,5356,0.0712,0,0
0.20709489815386,5357,0.0714,0,0
0.20709490212068,5358,0.0716,0,0
0.20709490608568,5359,0.0718,0,0
0.20709491004886,5360,0.072,0,0
0.20709491401022,5361,0.0722,0,0
0.20709491796976,5362,0.0724,0,0
0.20709492192749,5363,0.0726,0,0
0.20709492588339,5364,0.0728,0,0
0.20709492983747,5365,0.073,0,0
0.20709493378974,5366,0.0732,0,0
0.20709493774019,5367,0.0734,0,0
0.20709494168881,5368,0.0736,0,0
0.20709494563563,5369,0.0738,0,0
0.20709494958062,5370,0.074,0,0
0.2070949535238,5371,0.0742,0,0
0.20709495746515,5372,0.0744,0,0
0.2070949614047,5373,0.0746,0,0
0.20709496534242,5374,0.0748,0,0
0.20709496927833,5375,0.075,0,0
0.20709497321243,5376,0.0752,0,0
0.20709497714471,5377,0.0754,0,0
0.20709498107517,5378,0.0756,0,0
0.20709498500382,5379,0.0758,0,0
0.20709498893065,5380,0.076,0,0
0.20709499285567,5381,0.0762,0,0
0.20709499677888,5382,0.0764,0,0
0.20709500070027,5383,0.0766,0,0
0.20709500461984,5384,0.0768,0,0
0.20709500853761,5385,0.077,0,0
0.20709501245356,5386,0.0772,0,0
0.2070950163677,5387,0.0774,0,0
0.20709502028002,5388,0.0776,0,0
0.20709502419053,5389,0.0778,0,0
0.20709502809923,5390,0.078,0,0
0.20709503200612,5391,0.0782,0,0
0.2070950359112,5392,0.0784,0,0
0.20709503981447,5393,0.0786,0,0
0.20709504371592,5394,0.0788,0,0
0.20709504761556,5395,0.079,0,0
0.2070950515134,5396,0.0792,0,0
0.20709505540942,5397,0.0794,0,0
0.20709505930364,5398,0.0796,0,0
0.20709506319604,5399,0.0798,0,0
0.20709506708664,5400,0.08,0,0
0.20709507097542,5401,0.0802,0,0
0.2070950748624,5402,0.0804,0,0
0.20709507874757,5403,0.0806,0,0
0.20709508263093,5404,0.0808,0,0
0.20709508651248,5405,0.081,0,0
0.20709509039223,5406,0.0812,0,0
0.20709509427017,5407,0.0814,0,0
0.2070950981463,5408,0.0816,0,0
0.20709510202063,5409,0.0818,0,0
0.20709510589314,5410,0.082,0,0
0.20709510976386,5411,0.0822,0,0
0.20709511363276,5412,0.0824,0,0
0.20709511749987,5413,0.0826,0,0
0.20709512136516,5414,0.0828,0,0
0.20709512522865,5415,0.083,0,0
0.20709512909034,5416,0.0832,0,0
0.20709513295022,5417,0.0834,0,0
0.2070951368083,5418,0.0836,0,0
0.20709514066458,5419,0.0838,0,0
0.20709514451905,5420,0.084,0,0
0.20709514837172,5421,0.0842,0,0
0.20709515222258,5422,0.0844,0,0
0.20709515607165,5423,0.0846,0,0
0.20709515991891,5424,0.0848,0,0
0.20709516376437,5425,0.085,0,0
0.20709516760802,5426,0.0852,0,0
0.20709517144988,5427,0.0854,0,0
0.20709517528993,5428,0.0856,0,0
0.20709517912819,5429,0.0858,0,0
0.20709518296464,5430,0.086,0,0
0.2070951867993,5431,0.0862,0,0
0.20709519063215,5432,0.0864,0,0
0.20709519446321,5433,0.0866,0,0
0.20709519829246,5434,0.0868,0,0
0.20709520211992,5435,0.087,0,0
0.20709520594558,5436,0.0872,0,0
0.20709520976944,5437,0.0874,0,0
0.2070952135915,5438,0.0876,0,0
0.20709521741177,5439,0.0878,0,0
0.20709522123024,5440,0.088,0,0
0.20709522504691,5441,0.0882,0,0
0.20709522886178,5442,0.0884,0,0
0.20709523267486,5443,0.0886,0,0
0.20709523648614,5444,0.0888,0,0
0.20709524029563,5445,0.089,0,0
0.20709524410332,5446,0.0892,0,0
0.20709524790921,5447,0.0894,0,0
0.20709525171332,5448,0.0896,0,0
0.20709525551562,5449,0.0898,0,0
0.20709525931614,5450,0.09,0,0
0.20709526311485,5451,0.0902,0,0
0.20709526691178,5452,0.0904,0,0
0.20709527070691,5453,0.0906,0,0
0.20709527450025,5454,0.0908,0,0
0.2070952782918,5455,0.091,0,0
0.20709528208155,5456,0.0912,0,0
0.20709528586952,5457,0.0914,0,0
0.20709528965569,5458,0.0916,0,0
0.20709529344007,5459,0.0918,0,0
0.20709529722266,5460,0.092,0,0
0.20709530100346,5461,0.0922,0,0
0.20709530478247,5462,0.0924,0,0
0.20709530855969,5463,0.0926,0,0
0.20709531233512,5464,0.0928,0,0
0.20709531610876,5465,0.093,0,0
0.20709531988061,5466,0.0932,0,0
0.20709532365067,5467,0.0934,0,0
0.20709532741895,5468,0.0936,0,0
0.20709533118544,5469,0.0938,0,0
0.20709533495014,5470,0.094,0,0
0.20709533871305,5471,0.0942,0,0
0.20709534247418,5472,0.0944,0,0
0.20709534623352,5473,0.0946,0,0
0.20709534999107,5474,0.0948,0,0
0.20709535374684,5475,0.095,0,0
0.20709535750082,5476,0.0952,0,0
0.20709536125301,5477,0.0954,0,0
0.20709536500343,5478,0.0956,0,0
0.20709536875205,5479,0.0958,0,0
0.2070953724989,5480,0.096,0,0
0.20709537624396,5481,0.0962,0,0
0.20709537998723,5482,0.0964,0,0
0.20709538372873,5483,0.0966,0,0
0.20709538746844,5484,0.0968,0,0
0.20709539120636,5485,0.097,0,0
0.20709539494251,5486,0.0972,0,0
0.20709539867688,5487,0.0974,0,0
0.20709540240946,5488,0.0976,0,0
0.20709540614026,5489,0.0978,0,0
0.20709540986928,5490,0.098,0,0
0.20709541359652,5491,0.0982,0,0
0.20709541732198,5492,0.0984,0,0
0.20709542104566,5493,0.0986,0,0
0.20709542476757,5494,0.0988,0,0
0.20709542848769,5495,0.099,0,0
0.20709543220603,5496,0.0992,0,0
0.2070954359226,5497,0.0994,0,0
0.20709543963739,5498,0.0996,0,0
0.2070954433504,5499,0.0998,0,0
0.20709544706163,5500,0.1,0,0
0.20709545077109,5501,0.1002,0,0
0.20709545447877,5502,0.1004,0,0
0.20709545818468,5503,0.1006,0,0
0.20709546188881,5504,0.1008,0,0
0.20709546559116,5505,0.101,0,0
0.20709546929174,5506,0.1012,0,0
0.20709547299054,5507,0.1014,0,0
0.20709547668757,5508,0.1016,0,0
0.20709548038283,5509,0.1018,0,0
0.20709548407631,5510,0.102,0,0
0.20709548776802,5511,0.1022,0,0
0.20709549145796,5512,0.1024,0,0
0.20709549514612,5513,0.1026,0,0
0.20709549883251,5514,0.1028,0,0
0.20709550251713,5515,0.103,0,0
0.20709550619998,5516,0.1032,0,0
0.20709550988106,5517,0.1034,0,0
0.20709551356037,5518,0.1036,0,0
0.2070955172379,5519,0.1038,0,0
0.20709552091367,5520,0.104,0,0
0.20709552458767,5521,0.1042,0,0
0.2070955282599,5522,0.1044,0,0
0.20709553193036,5523,0.1046,0,0
0.20709553559905,5524,0.1048,0,0
0.20709553926597,5525,0.105,0,0
0.20709554293113,5526,0.1052,0,0
0.20709554659452,5527,0.1054,0,0
0.20709555025614,5528,0.1056,0,0
0.20709555391599,5529,0.1058,0,0
0.20709555757408,5530,0.106,0,0
0.2070955612304,5531,0.1062,0,0
0.20709556488496,5532,0.1064,0,0
0.20709556853776,5533,0.1066,0,0
0.20709557218878,5534,0.1068,0,0
0.20709557583805,5535,0.107,0,0
0.20709557948555,5536,0.1072,0,0
0.20709558313129,5537,0.1074,0,0
0.20709558677526,5538,0.1076,0,0
0.20709559041747,5539,0.1078,0,0
0.20709559405792,5540,0.108,0,0
0.20709559769661,5541,0.1082,0,0
0.20709560133353,5542,0.1084,0,0
0.20709560496869,5543,0.1086,0,0
0.2070956086021,5544,0.1088,0,0
0.20709561223374,5545,0.109,0,0
0.20709561586362,5546,0.1092,0,0
0.20709561949175,5547,0.1094,0,0
0.20709562311811,5548,0.1096,0,0
0.20709562674272,5549,0.1098,0,0
0.20709563036556,5550,0.11,0,0
0.20709563398665,5551,0.1102,0,0
0.20709563760598,5552,0.1104,0,0
0.20709564122356,5553,0.1106,0,0
0.20709564483937,5554,0.1108,0,0
0.20709564845343,5555,0.111,0,0
0.20709565206574,5556,0.1112,0,0
0.20709565567629,5557,0.1114,0,0
0.20709565928508,5558,0.1116,0,0
0.20709566289212,5559,0.1118,0,0
0.2070956664974,5560,0.112,0,0
0.20709567010093,5561,0.1122,0,0
0.20709567370271,5562,0.1124,0,0
0.20709567730273,5563,0.1126,0,0
0.207095680901,5564,0.1128,0,0
0.20709568449752,5565,0.113,0,0
0.20709568809228,5566,0.1132,0,0
0.2070956916853,5567,0.1134,0,0
0.20709569527656,5568,0.1136,0,0
0.20709569886607,5569,0.1138,0,0
0.20709570245383,5570,0.114,0,0
0.20709570603984,5571,0.1142,0,0
0.2070957096241,5572,0.1144,0,0
0.20709571320662,5573,0.1146,0,0
0.20709571678738,5574,0.1148,0,0
0.20709572036639,5575,0.115,0,0
0.20709572394366,5576,0.1152,0,0
0.20709572751918,5577,0.1154,0,0
0.20709573109295,5578,0.1156,0,0
0.20709573466498,5579,0.1158,0,0
0.20709573823525,5580,0.116,0,0
0.20709574180379,5581,0.1162,0,0
0.20709574537057,5582,0.1164,0,0
0.20709574893562,5583,0.1166,0,0
0.20709575249891,5584,0.1168,0,0
0.20709575606047,5585,0.117,0,0
0.20709575962028,5586,0.1172,0,0
0.20709576317834,5587,0.1174,0,0
0.20709576673466,5588,0.1176,0,0
0.20709577028924,5589,0.1178,0,0
0.20709577384208,5590,0.118,0,0
0.20709577739318,5591,0.1182,0,0
0.20709578094253,5592,0.1184,0,0
0.20709578449014,5593,0.1186,0,0
0.20709578803602,5594,0.1188,0,0
0.20709579158015,5595,0.119,0,0
0.20709579512254,5596,0.1192,0,0
0.20709579866319,5597,0.1194,0,0
0.20709580220211,5598,0.1196,0,0
0.20709580573929,5599,0.1198,0,0
0.20709580927472,5600,0.12,0,0
0.20709581280842,5601,0.1202,0,0
0.20709581634039,5602,0.1204,0,0
0.20709581987061,5603,0.1206,0,0
0.2070958233991,5604,0.1208,0,0
0.20709582692586,5605,0.121,0,0
0.20709583045088,5606,0.1212,0,0
0.20709583397416,5607,0.1214,0,0
0.20709583749571,5608,0.1216,0,0
0.20709584101553,5609,0.1218,0,0
0.20709584453361,5610,0.122,0,0
0.20709584804996,5611,0.1222,0,0
0.20709585156457,5612,0.1224,0,0
0.20709585507745,5613,0.1226,0,0
0.2070958585886,5614,0.1228,0,0
0.20709586209802,5615,0.123,0,0
0.20709586560571,5616,0.1232,0,0
0.20709586911167,5617,0.1234,0,0
0.2070958726159,5618,0.1236,0,0
0.20709587611839,5619,0.1238,0,0
0.20709587961916,5620,0.124,0,0
0.2070958831182,5621,0.1242,0,0
0.20709588661551,5622,0.1244,0,0
0.20709589011109,5623,0.1246,0,0
0.20709589360495,5624,0.1248,0,0
0.20709589709708,5625,0.125,0,0
0.20709590058748,5626,0.1252,0,0
0.20709590407615,5627,0.1254,0,0
0.2070959075631,5628,0.1256,0,0
0.20709591104833,5629,0.1258,0,0
0.20709591453182,5630,0.126,0,0
0.2070959180136,5631,0.1262,0,0
0.20709592149365,5632,0.1264,0,0
0.20709592497197,5633,0.1266,0,0
0.20709592844858,5634,0.1268,0,0
0.20709593192346,5635,0.127,0,0
0.20709593539662,5636,0.1272,0,0
0.20709593886805,5637,0.1274,0,0
0.20709594233777,5638,0.1276,0,0
0.20709594580576,5639,0.1278,0,0
0.20709594927204,5640,0.128,0,0
0.20709595273659,5641,0.1282,0,0
0.20709595619942,5642,0.1284,0,0
0.20709595966054,5643,0.1286,0,0
0.20709596311994,5644,0.1288,0,0
0.20709596657761,5645,0.129,0,0
0.20709597003357,5646,0.1292,0,0
0.20709597348782,5647,0.1294,0,0
0.20709597694034,5648,0.1296,0,0
0.20709598039115,5649,0.1298,0,0
0.20709598384025,5650,0.13,0,0
0.20709598728763,5651,0.1302,0,0
0.20709599073329,5652,0.1304,0,0
0.20709599417724,5653,0.1306,0,0
0.20709599761948,5654,0.1308,0,0
0.20709600106,5655,0.131,0,0
0.20709600449881,5656,0.1312,0,0
0.2070960079359,5657,0.1314,0,0
0.20709601137129,5658,0.1316,0,0
0.20709601480496,5659,0.1318,0,0
0.20709601823692,5660,0.132,0,0
0.20709602166717,5661,0.1322,0,0
0.20709602509571,5662,0.1324,0,0
0.20709602852254,5663,0.1326,0,0
0.20709603194766,5664,0.1328,0,0
0.20709603537107,5665,0.133,0,0
0.20709603879277,5666,0.1332,0,0
0.20709604221277,5667,0.1334,0,0
0.20709604563106,5668,0.1336,0,0
0.20709604904764,5669,0.1338,0,0
0.20709605246251,5670,0.134,0,0
0.20709605587568,5671,0.1342,0,0
0.20709605928714,5672,0.1344,0,0
0.2070960626969,5673,0.1346,0,0
0.20709606610495,5674,0.1348,0,0
0.2070960695113,5675,0.135,0,0
0.20709607291594,5676,0.1352,0,0
0.20709607631888,5677,0.1354,0,0
0.20709607972012,5678,0.1356,0,0
0.20709608311966,5679,0.1358,0,0
0.20709608651749,5680,0.136,0,0
0.20709608991362,5681,0.1362,0,0
0.20709609330806,5682,0.1364,0,0
0.20709609670079,5683,0.1366,0,0
0.20709610009182,5684,0.1368,0,0
0.20709610348115,5685,0.137,0,0
0.20709610686879,5686,0.1372,0,0
0.20709611025472,5687,0.1374,0,0
0.20709611363896,5688,0.1376,0,0
0.2070961170215,5689,0.1378,0,0
0.20709612040234,5690,0.138,0,0
0.20709612378149,5691,0.1382,0,0
0.20709612715894,5692,0.1384,0,0
0.20709613053469,5693,0.1386,0,0
0.20709613390875,5694,0.1388,0,0
0.20709613728112,5695,0.139,0,0
0.20709614065179,5696,0.1392,0,0
0.20709614402077,5697,0.1394,0,0
0.20709614738805,5698,0.1396,0,0
0.20709615075365,5699,0.1398,0,0
0.20709615411755,5700,0.14,0,0
0.20709615747975,5701,0.1402,0,0
0.20709616084027,5702,0.1404,0,0
0.2070961641991,5703,0.1406,0,0
0.20709616755623,5704,0.1408,0,0
0.20709617091168,5705,0.141,0,0
0.20709617426544,5706,0.1412,0,0
0.20709617761751,5707,0.1414,0,0
0.20709618096789,5708,0.1416,0,0
0.20709618431658,5709,0.1418,0,0
0.20709618766359,5710,0.142,0,0
0.20709619100891,5711,0.1422,0,0
0.20709619435254,5712,0.1424,0,0
0.20709619769449,5713,0.1426,0,0
0.20709620103476,5714,0.1428,0,0
0.20709620437333,5715,0.143,0,0
0.20709620771023,5716,0.1432,0,0
0.20709621104544,5717,0.1434,0,0
0.20709621437897,5718,0.1436,0,0
0.20709621771081,5719,0.1438,0,0
0.20709622104098,5720,0.144,0,0
0.20709622436946,5721,0.1442,0,0
0.20709622769626,5722,0.1444,0,0
0.20709623102138,5723,0.1446,0,0
0.20709623434482,5724,0.1448,0,0
0.20709623766658,5725,0.145,0,0
0.20709624098666,5726,0.1452,0,0
0.20709624430506,5727,0.1454,0,0
0.20709624762179,5728,0.1456,0,0
0.20709625093683,5729,0.1458,0,0
0.20709625425021,5730,0.146,0,0
0.2070962575619,5731,0.1462,0,0
0.20709626087192,5732,0.1464,0,0
0.20709626418026,5733,0.1466,0,0
0.20709626748693,5734,0.1468,0,0
0.20709627079192,5735,0.147,0,0
0.20709627409524,5736,0.1472,0,0
0.20709627739689,5737,0.1474,0,0
0.20709628069686,5738,0.1476,0,0
0.20709628399516,5739,0.1478,0,0
0.20709628729179,5740,0.148,0,0
0.20709629058675,5741,0.1482,0,0
0.20709629388003,5742,0.1484,0,0
0.20709629717165,5743,0.1486,0,0
0.2070963004616,5744,0.1488,0,0
0.20709630374987,5745,0.149,0,0
0.20709630703648,5746,0.1492,0,0
0.20709631032142,5747,0.1494,0,0
0.2070963136047,5748,0.1496,0,0
0.2070963168863,5749,0.1498,0,0
0.20709632016624,5750,0.15,0,0
0.20709632344451,5751,0.1502,0,0
0.20709632672112,5752,0.1504,0,0
0.20709632999607,5753,0.1506,0,0
0.20709633326934,5754,0.1508,0,0
0.20709633654096,5755,0.151,0,0
0.20709633981091,5756,0.1512,0,0
0.2070963430792,5757,0.1514,0,0
0.20709634634582,5758,0.1516,0,0
0.20709634961079,5759,0.1518,0,0
0.20709635287409,5760,0.152,0,0
0.20709635613573,5761,0.1522,0,0
0.20709635939571,5762,0.1524,0,0
0.20709636265404,5763,0.1526,0,0
0.2070963659107,5764,0.1528,0,0
0.2070963691657,5765,0.153,0,0
0.20709637241905,5766,0.1532,0,0
0.20709637567074,5767,0.1534,0,0
0.20709637892077,5768,0.1536,0,0
0.20709638216914,5769,0.1538,0,0
0.20709638541586,5770,0.154,0,0
0.20709638866093,5771,0.1542,0,0
0.20709639190433,5772,0.1544,0,0
0.20709639514609,5773,0.1546,0,0
0.20709639838619,5774,0.1548,0,0
0.20709640162464,5775,0.155,0,0
0.20709640486143,5776,0.1552,0,0
0.20709640809658,5777,0.1554,0,0
0.20709641133007,5778,0.1556,0,0
0.20709641456191,5779,0.1558,0,0
0.2070964177921,5780,0.156,0,0
0.20709642102064,5781,0.1562,0,0
0.20709642424753,5782,0.1564,0,0
0.20709642747277,5783,0.1566,0,0
0.20709643069636,5784,0.1568,0,0
0.20709643391831,5785,0.157,0,0
0.2070964371386,5786,0.1572,0,0
0.20709644035725,5787,0.1574,0,0
0.20709644357426,5788,0.1576,0,0
0.20709644678962,5789,0.1578,0,0
0.20709645000333,5790,0.158,0,0
0.2070964532154,5791,0.1582,0,0
0.20709645642583,5792,0.1584,0,0
0.20709645963461,5793,0.1586,0,0
0.20709646284175,5794,0.1588,0,0
0.20709646604725,5795,0.159,0,0
0.20709646925111,5796,0.1592,0,0
0.20709647245332,5797,0.1594,0,0
0.2070964756539,5798,0.1596,0,0
0.20709647885283,5799,0.1598,0,0
0.20709648205013,5800,0.16,0,0
0.20709648524578,5801,0.1602,0,0
0.2070964884398,5802,0.1604,0,0
0.20709649163218,5803,0.1606,0,0
0.20709649482292,5804,0.1608,0,0
0.20709649801203,5805,0.161,0,0
0.2070965011995,5806,0.1612,0,0
0.20709650438533,5807,0.1614,0,0
0.20709650756953,5808,0.1616,0,0
0.2070965107521,5809,0.1618,0,0
0.20709651393303,5810,0.162,0,0
0.20709651711233,5811,0.1622,0,0
0.20709652028999,5812,0.1624,0,0
0.20709652346602,5813,0.1626,0,0
0.20709652664043,5814,0.1628,0,0
0.2070965298132,5815,0.163,0,0
0.20709653298434,5816,0.1632,0,0
0.20709653615385,5817,0.1634,0,0
0.20709653932173,5818,0.1636,0,0
0.20709654248798,5819,0.1638,0,0
0.2070965456526,5820,0.164,0,0
0.2070965488156,5821,0.1642,0,0
0.20709655197697,5822,0.1644,0,0
0.20709655513671,5823,0.1646,0,0
0.20709655829483,5824,0.1648,0,0
0.20709656145132,5825,0.165,0,0
0.20709656460619,5826,0.1652,0,0
0.20709656775943,5827,0.1654,0,0
0.20709657091105,5828,0.1656,0,0
0.20709657406105,5829,0.1658,0,0
0.20709657720942,5830,0.166,0,0
0.20709658035617,5831,0.1662,0,0
0.2070965835013,5832,0.1664,0,0
0.20709658664481,5833,0.1666,0,0
0.2070965897867,5834,0.1668,0,0
0.20709659292697,5835,0.167,0,0
0.20709659606562,5836,0.1672,0,0
0.20709659920266,5837,0.1674,0,0
0.20709660233807,5838,0.1676,0,0
0.20709660547187,5839,0.1678,0,0
0.20709660860405,5840,0.168,0,0
0.20709661173462,5841,0.1682,0,0
0.20709661486357,5842,0.1684,0,0
0.2070966179909,5843,0.1686,0,0
0.20709662111663,5844,0.1688,0,0
0.20709662424073,5845,0.169,0,0
0.20709662736323,5846,0.1692,0,0
0.20709663048411,5847,0.1694,0,0
0.20709663360338,5848,0.1696,0,0
0.20709663672104,5849,0.1698,0,0
0.20709663983709,5850,0.17,0,0
0.20709664295152,5851,0.1702,0,0
0.20709664606435,5852,0.1704,0,0
0.20709664917557,5853,0.1706,0,0
0.20709665228518,5854,0.1708,0,0
0.20709665539318,5855,0.171,0,0
0.20709665849958,5856,0.1712,0,0
0.20709666160437,5857,0.1714,0,0
0.20709666470755,5858,0.1716,0,0
0.20709666780913,5859,0.1718,0,0
0.2070966709091,5860,0.172,0,0
0.20709667400747,5861,0.1722,0,0
0.20709667710424,5862,0.1724,0,0
0.2070966801994,5863,0.1726,0,0
0.20709668329296,5864,0.1728,0,0
0.20709668638492,5865,0.173,0,0
0.20709668947528,5866,0.1732,0,0
0.20709669256403,5867,0.1734,0,0
0.20709669565119,5868,0.1736,0,0
0.20709669873675,5869,0.1738,0,0
0.2070967018207,5870,0.174,0,0
0.20709670490307,5871,0.1742,0,0
0.20709670798383,5872,0.1744,0,0
0.20709671106299,5873,0.1746,0,0
0.20709671414056,5874,0.1748,0,0
0.20709671721654,5875,0.175,0,0
0.20709672029091,5876,0.1752,0,0
0.2070967233637,5877,0.1754,0,0
0.20709672643489,5878,0.1756,0,0
0.20709672950448,5879,0.1758,0,0
0.20709673257249,5880,0.176,0,0
0.2070967356389,5881,0.1762,0,0
0.20709673870372,5882,0.1764,0,0
0.20709674176695,5883,0.1766,0,0
0.20709674482859,5884,0.1768,0,0
0.20709674788864,5885,0.177,0,0
0.2070967509471,5886,0.1772,0,0
0.20709675400397,5887,0.1774,0,0
0.20709675705925,5888,0.1776,0,0
0.20709676011295,5889,0.1778,0,0
0.20709676316506,5890,0.178,0,0
0.20709676621558,5891,0.1782,0,0
0.20709676926452,5892,0.1784,0,0
0.20709677231188,5893,0.1786,0,0
0.20709677535765,5894,0.1788,0,0
0.20709677840183,5895,0.179,0,0
0.20709678144444,5896,0.1792,0,0
0.20709678448546,5897,0.1794,0,0
0.2070967875249,5898,0.1796,0,0
0.20709679056276,5899,0.1798,0,0
0.20709679359903,5900,0.18,0,0
0.20709679663373,5901,0.1802,0,0
0.20709679966685,5902,0.1804,0,0
0.20709680269839,5903,0.1806,0,0
0.20709680572835,5904,0.1808,0,0
0.20709680875674,5905,0.181,0,0
0.20709681178355,5906,0.1812,0,0
0.20709681480878,5907,0.1814,0,0
0.20709681783244,5908,0.1816,0,0
0.20709682085452,5909,0.1818,0,0
0.20709682387503,5910,0.182,0,0
0.20709682689396,5911,0.1822,0,0
0.20709682991133,5912,0.1824,0,0
0.20709683292712,5913,0.1826,0,0
0.20709683594133,5914,0.1828,0,0
0.20709683895398,5915,0.183,0,0
0.20709684196506,5916,0.1832,0,0
0.20709684497457,5917,0.1834,0,0
0.2070968479825,5918,0.1836,0,0
0.20709685098887,5919,0.1838,0,0
0.20709685399367,5920,0.184,0,0
0.20709685699691,5921,0.1842,0,0
0.20709685999858,5922,0.1844,0,0
0.20709686299868,5923,0.1846,0,0
0.20709686599721,5924,0.1848,0,0
0.20709686899419,5925,0.185,0,0
0.20709687198959,5926,0.1852,0,0
0.20709687498344,5927,0.1854,0,0
0.20709687797572,5928,0.1856,0,0
0.20709688096644,5929,0.1858,0,0
0.2070968839556,5930,0.186,0,0
0.2070968869432,5931,0.1862,0,0
0.20709688992923,5932,0.1864,0,0
0.20709689291371,5933,0.1866,0,0
0.20709689589663,5934,0.1868,0,0
0.20709689887799,5935,0.187,0,0
0.20709690185779,5936,0.1872,0,0
0.20709690483604,5937,0.1874,0,0
0.20709690781273,5938,0.1876,0,0
0.20709691078786,5939,0.1878,0,0
0.20709691376144,5940,0.188,0,0
0.20709691673346,5941,0.1882,0,0
0.20709691970393,5942,0.1884,0,0
0.20709692267285,5943,0.1886,0,0
0.20709692564022,5944,0.1888,0,0
0.20709692860603,5945,0.189,0,0
0.20709693157029,5946,0.1892,0,0
0.207096934533,5947,0.1894,0,0
0.20709693749417,5948,0.1896,0,0
0.20709694045378,5949,0.1898,0,0
0.20709694341184,5950,0.19,0,0
0.20709694636836,5951,0.1902,0,0
0.20709694932333,5952,0.1904,0,0
0.20709695227675,5953,0.1906,0,0
0.20709695522863,5954,0.1908,0,0
0.20709695817896,5955,0.191,0,0
0.20709696112775,5956,0.1912,0,0
0.20709696407499,5957,0.1914,0,0
0.20709696702069,5958,0.1916,0,0
0.20709696996484,5959,0.1918,0,0
0.20709697290746,5960,0.192,0,0
0.20709697584853,5961,0.1922,0,0
0.20709697878807,5962,0.1924,0,0
0.20709698172606,5963,0.1926,0,0
0.20709698466251,5964,0.1928,0,0
0.20709698759743,5965,0.193,0,0
0.2070969905308,5966,0.1932,0,0
0.20709699346264,5967,0.1934,0,0
0.20709699639295,5968,0.1936,0,0
0.20709699932171,5969,0.1938,0,0
0.20709700224894,5970,0.194,0,0
0.20709700517464,5971,0.1942,0,0
0.2070970080988,5972,0.1944,0,0
0.20709701102143,5973,0.1946,0,0
0.20709701394253,5974,0.1948,0,0
0.20709701686209,5975,0.195,0,0
0.20709701978013,5976,0.1952,0,0
0.20709702269663,5977,0.1954,0,0
0.2070970256116,5978,0.1956,0,0
0.20709702852505,5979,0.1958,0,0
0.20709703143696,5980,0.196,0,0
0.20709703434735,5981,0.1962,0,0
0.20709703725621,5982,0.1964,0,0
0.20709704016354,5983,0.1966,0,0
0.20709704306935,5984,0.1968,0,0
0.20709704597363,5985,0.197,0,0
0.20709704887638,5986,0.1972,0,0
0.20709705177762,5987,0.1974,0,0
0.20709705467732,5988,0.1976,0,0
0.20709705757551,5989,0.1978,0,0
0.20709706047218,5990,0.198,0,0
0.20709706336732,5991,0.1982,0,0
0.20709706626094,5992,0.1984,0,0
0.20709706915305,5993,0.1986,0,0
0.20709707204363,5994,0.1988,0,0
0.20709707493269,5995,0.199,0,0
0.20709707782024,5996,0.1992,0,0
0.20709708070627,5997,0.1994,0,0
0.20709708359079,5998,0.1996,0,0
0.20709708647378,5999,0.1998,0,0
0.20709708935527,6000,0.2,0,0
0.20709709223524,6001,0.2002,0,0
0.20709709511369,6002,0.2004,0,0
0.20709709799063,6003,0.2006,0,0
0.20709710086606,6004,0.2008,0,0
0.20709710373998,6005,0.201,0,0
0.20709710661238,6006,0.2012,0,0
0.20709710948328,6007,0.2014,0,0
0.20709711235267,6008,0.2016,0,0
0.20709711522054,6009,0.2018,0,0
0.20709711808691,6010,0.202,0,0
0.20709712095177,6011,0.2022,0,0
0.20709712381513,6012,0.2024,0,0
0.20709712667698,6013,0.2026,0,0
0.20709712953732,6014,0.2028,0,0
0.20709713239616,6015,0.203,0,0
0.20709713525349,6016,0.2032,0,0
0.20709713810932,6017,0.2034,0,0
0.20709714096365,6018,0.2036,0,0
0.20709714381647,6019,0.2038,0,0
0.2070971466678,6020,0.204,0,0
0.20709714951762,6021,0.2042,0,0
0.20709715236595,6022,0.2044,0,0
0.20709715521277,6023,0.2046,0,0
0.2070971580581,6024,0.2048,0,0
0.20709716090192,6025,0.205,0,0
0.20709716374425,6026,0.2052,0,0
0.20709716658509,6027,0.2054,0,0
0.20709716942443,6028,0.2056,0,0
0.20709717226227,6029,0.2058,0,0
0.20709717509862,6030,0.206,0,0
0.20709717793347,6031,0.2062,0,0
0.20709718076684,6032,0.2064,0,0
0.20709718359871,6033,0.2066,0,0
0.20709718642908,6034,0.2068,0,0
0.20709718925797,6035,0.207,0,0
0.20709719208537,6036,0.2072,0,0
0.20709719491128,6037,0.2074,0,0
0.2070971977357,6038,0.2076,0,0
0.20709720055863,6039,0.2078,0,0
0.20709720338007,6040,0.208,0,0
0.20709720620003,6041,0.2082,0,0
0.2070972090185,6042,0.2084,0,0
0.20709721183549,6043,0.2086,0,0
0.20709721465099,6044,0.2088,0,0
0.207097217465,6045,0.209,0,0
0.20709722027754,6046,0.2092,0,0
0.20709722308859,6047,0.2094,0,0
0.20709722589816,6048,0.2096,0,0
0.20709722870625,6049,0.2098,0,0
0.20709723151286,6050,0.21,0,0
0.20709723431799,6051,0.2102,0,0
0.20709723712164,6052,0.2104,0,0
0.20709723992381,6053,0.2106,0,0
0.20709724272451,6054,0.2108,0,0
0.20709724552373,6055,0.211,0,0
0.20709724832147,6056,0.2112,0,0
0.20709725111774,6057,0.2114,0,0
0.20709725391253,6058,0.2116,0,0
0.20709725670585,6059,0.2118,0,0
0.20709725949769,6060,0.212,0,0
0.20709726228807,6061,0.2122,0,0
0.20709726507697,6062,0.2124,0,0
0.2070972678644,6063,0.2126,0,0
0.20709727065036,6064,0.2128,0,0
0.20709727343485,6065,0.213,0,0
0.20709727621787,6066,0.2132,0,0
0.20709727899943,6067,0.2134,0,0
0.20709728177952,6068,0.2136,0,0
0.20709728455814,6069,0.2138,0,0
0.20709728733529,6070,0.214,0,0
0.20709729011098,6071,0.2142,0,0
0.2070972928852,6072,0.2144,0,0
0.20709729565797,6073,0.2146,0,0
0.20709729842926,6074,0.2148,0,0
0.2070973011991,6075,0.215,0,0
0.20709730396747,6076,0.2152,0,0
0.20709730673439,6077,0.2154,0,0
0.20709730949984,6078,0.2156,0,0
0.20709731226384,6079,0.2158,0,0
0.20709731502637,6080,0.216,0,0
0.20709731778745,6081,0.2162,0,0
0.20709732054707,6082,0.2164,0,0
0.20709732330523,6083,0.2166,0,0
0.20709732606194,6084,0.2168,0,0
0.20709732881719,6085,0.217,0,0
0.20709733157099,6086,0.2172,0,0
0.20709733432334,6087,0.2174,0,0
0.20709733707423,6088,0.2176,0,0
0.20709733982367,6089,0.2178,0,0
0.20709734257166,6090,0.218,0,0
0.2070973453182,6091,0.2182,0,0
0.20709734806329,6092,0.2184,0,0
0.20709735080693,6093,0.2186,0,0
0.20709735354912,6094,0.2188,0,0
0.20709735628986,6095,0.219,0,0
0.20709735902916,6096,0.2192,0,0
0.20709736176701,6097,0.2194,0,0
0.20709736450342,6098,0.2196,0,0
0.20709736723838,6099,0.2198,0,0
0.2070973699719,6100,0.22,0,0
0.20709737270397,6101,0.2202,0,0
0.2070973754346,6102,0.2204,0,0
0.20709737816379,6103,0.2206,0,0
0.20709738089154,6104,0.2208,0,0
0.20709738361785,6105,0.221,0,0
0.20709738634272,6106,0.2212,0,0
0.20709738906615,6107,0.2214,0,0
0.20709739178814,6108,0.2216,0,0
0.20709739450869,6109,0.2218,0,0
0.20709739722781,6110,0.222,0,0
0.20709739994549,6111,0.2222,0,0
0.20709740266174,6112,0.2224,0,0
0.20709740537656,6113,0.2226,0,0
0.20709740808994,6114,0.2228,0,0
0.20709741080188,6115,0.223,0,0
0.2070974135124,6116,0.2232,0,0
0.20709741622148,6117,0.2234,0,0
0.20709741892914,6118,0.2236,0,0
0.20709742163536,6119,0.2238,0,0
0.20709742434016,6120,0.224,0,0
0.20709742704352,6121,0.2242,0,0
0.20709742974546,6122,0.2244,0,0
0.20709743244597,6123,0.2246,0,0
0.20709743514506,6124,0.2248,0,0
0.20709743784272,6125,0.225,0,0
0.20709744053896,6126,0.2252,0,0
0.20709744323377,6127,0.2254,0,0
0.20709744592716,6128,0.2256,0,0
0.20709744861913,6129,0.2258,0,0
0.20709745130968,6130,0.226,0,0
0.2070974539988,6131,0.2262,0,0
0.20709745668651,6132,0.2264,0,0
0.20709745937279,6133,0.2266,0,0
0.20709746205766,6134,0.2268,0,0
0.20709746474111,6135,0.227,0,0
0.20709746742315,6136,0.2272,0,0
0.20709747010377,6137,0.2274,0,0
0.20709747278297,6138,0.2276,0,0
0.20709747546076,6139,0.2278,0,0
0.20709747813713,6140,0.228,0,0
0.20709748081209,6141,0.2282,0,0
0.20709748348564,6142,0.2284,0,0
0.20709748615778,6143,0.2286,0,0
0.2070974888285,6144,0.2288,0,0
0.20709749149782,6145,0.229,0,0
0.20709749416573,6146,0.2292,0,0
0.20709749683222,6147,0.2294,0,0
0.20709749949731,6148,0.2296,0,0
0.207097502161,6149,0.2298,0,0
0.20709750482328,6150,0.23,0,0
0.20709750748415,6151,0.2302,0,0
0.20709751014362,6152,0.2304,0,0
0.20709751280168,6153,0.2306,0,0
0.20709751545834,6154,0.2308,0,0
0.2070975181136,6155,0.231,0,0
0.20709752076746,6156,0.2312,0,0
0.20709752341991,6157,0.2314,0,0
0.20709752607097,6158,0.2316,0,0
0.20709752872063,6159,0.2318,0,0
0.20709753136888,6160,0.232,0,0
0.20709753401574,6161,0.2322,0,0
0.20709753666121,6162,0.2324,0,0
0.20709753930528,6163,0.2326,0,0
0.20709754194795,6164,0.2328,0,0
0.20709754458923,6165,0.233,0,0
0.20709754722911,6166,0.2332,0,0
0.2070975498676,6167,0.2334,0,0
0.2070975525047,6168,0.2336,0,0
0.20709755514041,6169,0.2338,0,0
0.20709755777472,6170,0.234,0,0
0.20709756040765,6171,0.2342,0,0
0.20709756303919,6172,0.2344,0,0
0.20709756566934,6173,0.2346,0,0
0.2070975682981,6174,0.2348,0,0
0.20709757092547,6175,0.235,0,0
0.20709757355146,6176,0.2352,0,0
0.20709757617607,6177,0.2354,0,0
0.20709757879929,6178,0.2356,0,0
0.20709758142112,6179,0.2358,0,0
0.20709758404158,6180,0.236,0,0
0.20709758666065,6181,0.2362,0,0
0.20709758927834,6182,0.2364,0,0
0.20709759189464,6183,0.2366,0,0
0.20709759450957,6184,0.2368,0,0
0.20709759712312,6185,0.237,0,0
0.2070975997353,6186,0.2372,0,0
0.20709760234609,6187,0.2374,0,0
0.20709760495551,6188,0.2376,0,0
0.20709760756355,6189,0.2378,0,0
0.20709761017022,6190,0.238,0,0
0.20709761277551,6191,0.2382,0,0
0.20709761537943,6192,0.2384,0,0
0.20709761798198,6193,0.2386,0,0
0.20709762058316,6194,0.2388,0,0
0.20709762318296,6195,0.239,0,0
0.2070976257814,6196,0.2392,0,0
0.20709762837846,6197,0.2394,0,0
0.20709763097416,6198,0.2396,0,0
0.20709763356849,6199,0.2398,0,0
0.20709763616145,6200,0.24,0,0
0.20709763875304,6201,0.2402,0,0
0.20709764134327,6202,0.2404,0,0
0.20709764393214,6203,0.2406,0,0
0.20709764651964,6204,0.2408,0,0
0.20709764910578,6205,0.241,0,0
0.20709765169055,6206,0.2412,0,0
0.20709765427397,6207,0.2414,0,0
0.20709765685602,6208,0.2416,0,0
0.20709765943672,6209,0.2418,0,0
0.20709766201605,6210,0.242,0,0
0.20709766459403,6211,0.2422,0,0
0.20709766717065,6212,0.2424,0,0
0.20709766974591,6213,0.2426,0,0
0.20709767231982,6214,0.2428,0,0
0.20709767489237,6215,0.243,0,0
0.20709767746357,6216,0.2432,0,0
0.20709768003341,6217,0.2434,0,0
0.2070976826019,6218,0.2436,0,0
0.20709768516904,6219,0.2438,0,0
0.20709768773483,6220,0.244,0,0
0.20709769029927,6221,0.2442,0,0
0.20709769286236,6222,0.2444,0,0
0.2070976954241,6223,0.2446,0,0
0.20709769798449,6224,0.2448,0,0
0.20709770054354,6225,0.245,0,0
0.20709770310124,6226,0.2452,0,0
0.20709770565759,6227,0.2454,0,0
0.2070977082126,6228,0.2456,0,0
0.20709771076627,6229,0.2458,0,0
0.20709771331859,6230,0.246,0,0
0.20709771586957,6231,0.2462,0,0
0.20709771841921,6232,0.2464,0,0
0.20709772096751,6233,0.2466,0,0
0.20709772351447,6234,0.2468,0,0
0.20709772606009,6235,0.247,0,0
0.20709772860437,6236,0.2472,0,0
0.20709773114732,6237,0.2474,0,0
0.20709773368893,6238,0.2476,0,0
0.2070977362292,6239,0.2478,0,0
0.20709773876814,6240,0.248,0,0
0.20709774130575,6241,0.2482,0,0
0.20709774384202,6242,0.2484,0,0
0.20709774637696,6243,0.2486,0,0
0.20709774891057,6244,0.2488,0,0
0.20709775144284,6245,0.249,0,0
0.20709775397379,6246,0.2492,0,0
0.20709775650341,6247,0.2494,0,0
0.2070977590317,6248,0.2496,0,0
0.20709776155866,6249,0.2498,0,0
0.2070977640843,6250,0.25,0,0
0.20709776660861,6251,0.2502,0,0
0.2070977691316,6252,0.2504,0,0
0.20709777165326,6253,0.2506,0,0
0.20709777417359,6254,0.2508,0,0
0.20709777669261,6255,0.251,0,0
0.2070977792103,6256,0.2512,0,0
0.20709778172668,6257,0.2514,0,0
0.20709778424173,6258,0.2516,0,0
0.20709778675547,6259,0.2518,0,0
0.20709778926788,6260,0.252,0,0
0.20709779177898,6261,0.2522,0,0
0.20709779428876,6262,0.2524,0,0
0.20709779679723,6263,0.2526,0,0
0.20709779930438,6264,0.2528,0,0
0.20709780181022,6265,0.253,0,0
0.20709780431474,6266,0.2532,0,0
0.20709780681795,6267,0.2534,0,0
0.20709780931985,6268,0.2536,0,0
0.20709781182044,6269,0.2538,0,0
0.20709781431972,6270,0.254,0,0
0.20709781681769,6271,0.2542,0,0
0.20709781931435,6272,0.2544,0,0
0.2070978218097,6273,0.2546,0,0
0.20709782430375,6274,0.2548,0,0
0.20709782679649,6275,0.255,0,0
0.20709782928792,6276,0.2552,0,0
0.20709783177806,6277,0.2554,0,0
0.20709783426689,6278,0.2556,0,0
0.20709783675441,6279,0.2558,0,0
0.20709783924064,6280,0.256,0,0
0.20709784172556,6281,0.2562,0,0
0.20709784420918,6282,0.2564,0,0
0.20709784669151,6283,0.2566,0,0
0.20709784917253,6284,0.2568,0,0
0.20709785165226,6285,0.257,0,0
0.20709785413069,6286,0.2572,0,0
0.20709785660783,6287,0.2574,0,0
0.20709785908367,6288,0.2576,0,0
0.20709786155822,6289,0.2578,0,0
0.20709786403147,6290,0.258,0,0
0.20709786650343,6291,0.2582,0,0
0.2070978689741,6292,0.2584,0,0
0.20709787144348,6293,0.2586,0,0
0.20709787391157,6294,0.2588,0,0
0.20709787637837,6295,0.259,0,0
0.20709787884389,6296,0.2592,0,0
0.20709788130811,6297,0.2594,0,0
0.20709788377105,6298,0.2596,0,0
0.2070978862327,6299,0.2598,0,0
0.20709788869307,6300,0.26,0,0
0.20709789115215,6301,0.2602,0,0
0.20709789360995,6302,0.2604,0,0
0.20709789606647,6303,0.2606,0,0
0.20709789852171,6304,0.2608,0,0
0.20709790097567,6305,0.261,0,0
0.20709790342834,6306,0.2612,0,0
0.20709790587974,6307,0.2614,0,0
0.20709790832986,6308,0.2616,0,0
0.20709791077871,6309,0.2618,0,0
0.20709791322627,6310,0.262,0,0
0.20709791567256,6311,0.2622,0,0
0.20709791811758,6312,0.2624,0,0
0.20709792056132,6313,0.2626,0,0
0.20709792300379,6314,0.2628,0,0
0.20709792544499,6315,0.263,0,0
0.20709792788492,6316,0.2632,0,0
0.20709793032358,6317,0.2634,0,0
0.20709793276096,6318,0.2636,0,0
0.20709793519708,6319,0.2638,0,0
0.20709793763193,6320,0.264,0,0
0.20709794006552,6321,0.2642,0,0
0.20709794249784,6322,0.2644,0,0
0.20709794492889,6323,0.2646,0,0
0.20709794735868,6324,0.2648,0,0
0.2070979497872,6325,0.265,0,0
0.20709795221446,6326,0.2652,0,0
0.20709795464047,6327,0.2654,0,0
0.20709795706521,6328,0.2656,0,0
0.20709795948869,6329,0.2658,0,0
0.20709796191091,6330,0.266,0,0
0.20709796433187,6331,0.2662,0,0
0.20709796675158,6332,0.2664,0,0
0.20709796917002,6333,0.2666,0,0
0.20709797158722,6334,0.2668,0,0
0.20709797400316,6335,0.267,0,0
0.20709797641784,6336,0.2672,0,0
0.20709797883127,6337,0.2674,0,0
0.20709798124345,6338,0.2676,0,0
0.20709798365438,6339,0.2678,0,0
0.20709798606406,6340,0.268,0,0
0.20709798847248,6341,0.2682,0,0
0.20709799087966,6342,0.2684,0,0
0.20709799328559,6343,0.2686,0,0
0.20709799569028,6344,0.2688,0,0
0.20709799809372,6345,0.269,0,0
0.20709800049591,6346,0.2692,0,0
0.20709800289686,6347,0.2694,0,0
0.20709800529656,6348,0.2696,0,0
0.20709800769502,6349,0.2698,0,0
0.20709801009224,6350,0.27,0,0
0.20709801248822,6351,0.2702,0,0
0.20709801488296,6352,0.2704,0,0
0.20709801727646,6353,0.2706,0,0
0.20709801966873,6354,0.2708,0,0
0.20709802205975,6355,0.271,0,0
0.20709802444954,6356,0.2712,0,0
0.20709802683809,6357,0.2714,0,0
0.20709802922541,6358,0.2716,0,0
0.20709803161149,6359,0.2718,0,0
0.20709803399635,6360,0.272,0,0
0.20709803637996,6361,0.2722,0,0
0.20709803876235,6362,0.2724,0,0
0.20709804114351,6363,0.2726,0,0
0.20709804352344,6364,0.2728,0,0
0.20709804590214,6365,0.273,0,0
0.20709804827961,6366,0.2732,0,0
0.20709805065585,6367,0.2734,0,0
0.20709805303087,6368,0.2736,0,0
0.20709805540467,6369,0.2738,0,0
0.20709805777723,6370,0.274,0,0
0.20709806014858,6371,0.2742,0,0
0.2070980625187,6372,0.2744,0,0
0.20709806488761,6373,0.2746,0,0
0.20709806725529,6374,0.2748,0,0
0.20709806962175,6375,0.275,0,0
0.20709807198699,6376,0.2752,0,0
0.20709807435102,6377,0.2754,0,0
0.20709807671382,6378,0.2756,0,0
0.20709807907542,6379,0.2758,0,0
0.20709808143579,6380,0.276,0,0
0.20709808379495,6381,0.2762,0,0
0.2070980861529,6382,0.2764,0,0
0.20709808850964,6383,0.2766,0,0
0.20709809086516,6384,0.2768,0,0
0.20709809321947,6385,0.277,0,0
0.20709809557257,6386,0.2772,0,0
0.20709809792447,6387,0.2774,0,0
0.20709810027515,6388,0.2776,0,0
0.20709810262463,6389,0.2778,0,0
0.2070981049729,6390,0.278,0,0
0.20709810731997,6391,0.2782,0,0
0.20709810966583,6392,0.2784,0,0
0.20709811201049,6393,0.2786,0,0
0.20709811435394,6394,0.2788,0,0
0.20709811669619,6395,0.279,0,0
0.20709811903724,6396,0.2792,0,0
0.20709812137709,6397,0.2794,0,0
0.20709812371575,6398,0.2796,0,0
0.2070981260532,6399,0.2798,0,0
0.20709812838946,6400,0.28,0,0
0.20709813072451,6401,0.2802,0,0
0.20709813305838,6402,0.2804,0,0
0.20709813539105,6403,0.2806,0,0
0.20709813772252,6404,0.2808,0,0
0.2070981400528,6405,0.281,0,0
0.20709814238189,6406,0.2812,0,0
0.20709814470979,6407,0.2814,0,0
0.2070981470365,6408,0.2816,0,0
0.20709814936202,6409,0.2818,0,0
0.20709815168635,6410,0.282,0,0
0.20709815400949,6411,0.2822,0,0
0.20709815633145,6412,0.2824,0,0
0.20709815865222,6413,0.2826,0,0
0.2070981609718,6414,0.2828,0,0
0.2070981632902,6415,0.283,0,0
0.20709816560742,6416,0.2832,0,0
0.20709816792346,6417,0.2834,0,0
0.20709817023831,6418,0.2836,0,0
0.20709817255198,6419,0.2838,0,0
0.20709817486448,6420,0.284,0,0
0.2070981771758,6421,0.2842,0,0
0.20709817948593,6422,0.2844,0,0
0.2070981817949,6423,0.2846,0,0
0.20709818410268,6424,0.2848,0,0
0.20709818640929,6425,0.285,0,0
0.20709818871473,6426,0.2852,0,0
0.20709819101899,6427,0.2854,0,0
0.20709819332208,6428,0.2856,0,0
0.207098195624,6429,0.2858,0,0
0.20709819792475,6430,0.286,0,0
0.20709820022433,6431,0.2862,0,0
0.20709820252274,6432,0.2864,0,0
0.20709820481999,6433,0.2866,0,0
0.20709820711607,6434,0.2868,0,0
0.20709820941098,6435,0.287,0,0
0.20709821170472,6436,0.2872,0,0
0.20709821399731,6437,0.2874,0,0
0.20709821628873,6438,0.2876,0,0
0.20709821857898,6439,0.2878,0,0
0.20709822086808,6440,0.288,0,0
0.20709822315601,6441,0.2882,0,0
0.20709822544279,6442,0.2884,0,0
0.20709822772841,6443,0.2886,0,0
0.20709823001287,6444,0.2888,0,0
0.20709823229617,6445,0.289,0,0
0.20709823457832,6446,0.2892,0,0
0.20709823685931,6447,0.2894,0,0
0.20709823913915,6448,0.2896,0,0
0.20709824141783,6449,0.2898,0,0
0.20709824369537,6450,0.29,0,0
0.20709824597175,6451,0.2902,0,0
0.20709824824698,6452,0.2904,0,0
0.20709825052106,6453,0.2906,0,0
0.207098252794,6454,0.2908,0,0
0.20709825506579,6455,0.291,0,0
0.20709825733643,6456,0.2912,0,0
0.20709825960592,6457,0.2914,0,0
0.20709826187427,6458,0.2916,0,0
0.20709826414148,6459,0.2918,0,0
0.20709826640754,6460,0.292,0,0
0.20709826867246,6461,0.2922,0,0
0.20709827093624,6462,0.2924,0,0
0.20709827319888,6463,0.2926,0,0
0.20709827546038,6464,0.2928,0,0
0.20709827772075,6465,0.293,0,0
0.20709827997997,6466,0.2932,0,0
0.20709828223806,6467,0.2934,0,0
0.20709828449501,6468,0.2936,0,0
0.20709828675083,6469,0.2938,0,0
0.20709828900552,6470,0.294,0,0
0.20709829125907,6471,0.2942,0,0
0.20709829351149,6472,0.2944,0,0
0.20709829576278,6473,0.2946,0,0
0.20709829801294,6474,0.2948,0,0
0.20709830026197,6475,0.295,0,0
0.20709830250988,6476,0.2952,0,0
0.20709830475665,6477,0.2954,0,0
0.2070983070023,6478,0.2956,0,0
0.20709830924683,6479,0.2958,0,0
0.20709831149023,6480,0.296,0,0
0.2070983137325,6481,0.2962,0,0
0.20709831597366,6482,0.2964,0,0
0.20709831821369,6483,0.2966,0,0
0.20709832045261,6484,0.2968,0,0
0.2070983226904,6485,0.297,0,0
0.20709832492707,6486,0.2972,0,0
0.20709832716263,6487,0.2974,0,0
0.20709832939707,6488,0.2976,0,0
0.20709833163039,6489,0.2978,0,0
0.2070983338626,6490,0.298,0,0
0.2070983360937,6491,0.2982,0,0
0.20709833832368,6492,0.2984,0,0
0.20709834055255,6493,0.2986,0,0
0.20709834278031,6494,0.2988,0,0
0.20709834500695,6495,0.299,0,0
0.20709834723249,6496,0.2992,0,0
0.20709834945692,6497,0.2994,0,0
0.20709835168025,6498,0.2996,0,0
0.20709835390246,6499,0.2998,0,0
0.20709835612357,6500,0.3,0,0
0.20709835834358,6501,0.3002,0,0
0.20709836056248,6502,0.3004,0,0
0.20709836278028,6503,0.3006,0,0
0.20709836499698,6504,0.3008,0,0
0.20709836721258,6505,0.301,0,0
0.20709836942708,6506,0.3012,0,0
0.20709837164047,6507,0.3014,0,0
0.20709837385277,6508,0.3016,0,0
0.20709837606398,6509,0.3018,0,0
0.20709837827409,6510,0.302,0,0
0.2070983804831,6511,0.3022,0,0
0.20709838269102,6512,0.3024,0,0
0.20709838489784,6513,0.3026,0,0
0.20709838710357,6514,0.3028,0,0
0.20709838930821,6515,0.303,0,0
0.20709839151176,6516,0.3032,0,0
0.20709839371423,6517,0.3034,0,0
0.2070983959156,6518,0.3036,0,0
0.20709839811588,6519,0.3038,0,0
0.20709840031508,6520,0.304,0,0
0.20709840251319,6521,0.3042,0,0
0.20709840471022,6522,0.3044,0,0
0.20709840690617,6523,0.3046,0,0
0.20709840910103,6524,0.3048,0,0
0.20709841129481,6525,0.305,0,0
0.20709841348751,6526,0.3052,0,0
0.20709841567912,6527,0.3054,0,0
0.20709841786966,6528,0.3056,0,0
0.20709842005912,6529,0.3058,0,0
0.20709842224751,6530,0.306,0,0
0.20709842443482,6531,0.3062,0,0
0.20709842662105,6532,0.3064,0,0
0.20709842880621,6533,0.3066,0,0
0.20709843099029,6534,0.3068,0,0
0.20709843317331,6535,0.307,0,0
0.20709843535525,6536,0.3072,0,0
0.20709843753612,6537,0.3074,0,0
0.20709843971592,6538,0.3076,0,0
0.20709844189466,6539,0.3078,0,0
0.20709844407232,6540,0.308,0,0
0.20709844624892,6541,0.3082,0,0
0.20709844842446,6542,0.3084,0,0
0.20709845059892,6543,0.3086,0,0
0.20709845277233,6544,0.3088,0,0
0.20709845494467,6545,0.309,0,0
0.20709845711595,6546,0.3092,0,0
0.20709845928617,6547,0.3094,0,0
0.20709846145533,6548,0.3096,0,0
0.20709846362344,6549,0.3098,0,0
0.20709846579048,6550,0.31,0,0
0.20709846795647,6551,0.3102,0,0
0.2070984701214,6552,0.3104,0,0
0.20709847228527,6553,0.3106,0,0
0.20709847444809,6554,0.3108,0,0
0.20709847660986,6555,0.311,0,0
0.20709847877058,6556,0.3112,0,0
0.20709848093024,6557,0.3114,0,0
0.20709848308886,6558,0.3116,0,0
0.20709848524642,6559,0.3118,0,0
0.20709848740294,6560,0.312,0,0
0.20709848955841,6561,0.3122,0,0
0.20709849171283,6562,0.3124,0,0
0.20709849386621,6563,0.3126,0,0
0.20709849601854,6564,0.3128,0,0
0.20709849816983,6565,0.313,0,0
0.20709850032008,6566,0.3132,0,0
0.20709850246929,6567,0.3134,0,0
0.20709850461745,6568,0.3136,0,0
0.20709850676458,6569,0.3138,0,0
0.20709850891067,6570,0.314,0,0
0.20709851105572,6571,0.3142,0,0
0.20709851319973,6572,0.3144,0,0
0.20709851534271,6573,0.3146,0,0
0.20709851748465,6574,0.3148,0,0
0.20709851962556,6575,0.315,0,0
0.20709852176544,6576,0.3152,0,0
0.20709852390428,6577,0.3154,0,0
0.2070985260421,6578,0.3156,0,0
0.20709852817888,6579,0.3158,0,0
0.20709853031464,6580,0.316,0,0
0.20709853244936,6581,0.3162,0,0
0.20709853458306,6582,0.3164,0,0
0.20709853671574,6583,0.3166,0,0
0.20709853884739,6584,0.3168,0,0
0.20709854097801,6585,0.317,0,0
0.20709854310762,6586,0.3172,0,0
0.2070985452362,6587,0.3174,0,0
0.20709854736376,6588,0.3176,0,0
0.2070985494903,6589,0.3178,0,0
0.20709855161582,6590,0.318,0,0
0.20709855374032,6591,0.3182,0,0
0.2070985558638,6592,0.3184,0,0
0.20709855798627,6593,0.3186,0,0
0.20709856010773,6594,0.3188,0,0
0.20709856222817,6595,0.319,0,0
0.20709856434759,6596,0.3192,0,0
0.20709856646601,6597,0.3194,0,0
0.20709856858341,6598,0.3196,0,0
0.2070985706998,6599,0.3198,0,0
0.20709857281519,6600,0.32,0,0
0.20709857492956,6601,0.3202,0,0
0.20709857704293,6602,0.3204,0,0
0.20709857915529,6603,0.3206,0,0
0.20709858126665,6604,0.3208,0,0
0.207098583377,6605,0.321,0,0
0.20709858548635,6606,0.3212,0,0
0.20709858759469,6607,0.3214,0,0
0.20709858970204,6608,0.3216,0,0
0.20709859180838,6609,0.3218,0,0
0.20709859391373,6610,0.322,0,0
0.20709859601807,6611,0.3222,0,0
0.20709859812142,6612,0.3224,0,0
0.20709860022378,6613,0.3226,0,0
0.20709860232513,6614,0.3228,0,0
0.2070986044255,6615,0.323,0,0
0.20709860652487,6616,0.3232,0,0
0.20709860862324,6617,0.3234,0,0
0.20709861072063,6618,0.3236,0,0
0.20709861281702,6619,0.3238,0,0
0.20709861491243,6620,0.324,0,0
0.20709861700684,6621,0.3242,0,0
0.20709861910027,6622,0.3244,0,0
0.20709862119272,6623,0.3246,0,0
0.20709862328417,6624,0.3248,0,0
0.20709862537464,6625,0.325,0,0
0.20709862746413,6626,0.3252,0,0
0.20709862955264,6627,0.3254,0,0
0.20709863164016,6628,0.3256,0,0
0.20709863372671,6629,0.3258,0,0
0.20709863581227,6630,0.326,0,0
0.20709863789686,6631,0.3262,0,0
0.20709863998047,6632,0.3264,0,0
0.2070986420631,6633,0.3266,0,0
0.20709864414475,6634,0.3268,0,0
0.20709864622544,6635,0.327,0,0
0.20709864830514,6636,0.3272,0,0
0.20709865038388,6637,0.3274,0,0
0.20709865246164,6638,0.3276,0,0
0.20709865453843,6639,0.3278,0,0
0.20709865661426,6640,0.328,0,0
0.20709865868911,6641,0.3282,0,0
0.207098660763,6642,0.3284,0,0
0.20709866283592,6643,0.3286,0,0
0.20709866490787,6644,0.3288,0,0
0.20709866697886,6645,0.329,0,0
0.20709866904889,6646,0.3292,0,0
0.20709867111795,6647,0.3294,0,0
0.20709867318606,6648,0.3296,0,0
0.2070986752532,6649,0.3298,0,0
0.20709867731938,6650,0.33,0,0
0.2070986793846,6651,0.3302,0,0
0.20709868144887,6652,0.3304,0,0
0.20709868351218,6653,0.3306,0,0
0.20709868557453,6654,0.3308,0,0
0.20709868763593,6655,0.331,0,0
0.20709868969637,6656,0.3312,0,0
0.20709869175587,6657,0.3314,0,0
0.20709869381441,6658,0.3316,0,0
0.207098695872,6659,0.3318,0,0
0.20709869792864,6660,0.332,0,0
0.20709869998433,6661,0.3322,0,0
0.20709870203907,6662,0.3324,0,0
0.20709870409287,6663,0.3326,0,0
0.20709870614573,6664,0.3328,0,0
0.20709870819763,6665,0.333,0,0
0.2070987102486,6666,0.3332,0,0
0.20709871229862,6667,0.3334,0,0
0.2070987143477,6668,0.3336,0,0
0.20709871639584,6669,0.3338,0,0
0.20709871844304,6670,0.334,0,0
0.2070987204893,6671,0.3342,0,0
0.20709872253463,6672,0.3344,0,0
0.20709872457901,6673,0.3346,0,0
0.20709872662247,6674,0.3348,0,0
0.20709872866498,6675,0.335,0,0
0.20709873070657,6676,0.3352,0,0
0.20709873274722,6677,0.3354,0,0
0.20709873478694,6678,0.3356,0,0
0.20709873682573,6679,0.3358,0,0
0.20709873886359,6680,0.336,0,0
0.20709874090052,6681,0.3362,0,0
0.20709874293653,6682,0.3364,0,0
0.20709874497161,6683,0.3366,0,0
0.20709874700576,6684,0.3368,0,0
0.20709874903899,6685,0.337,0,0
0.20709875107129,6686,0.3372,0,0
0.20709875310268,6687,0.3374,0,0
0.20709875513314,6688,0.3376,0,0
0.20709875716268,6689,0.3378,0,0
0.2070987591913,6690,0.338,0,0
0.20709876121901,6691,0.3382,0,0
0.2070987632458,6692,0.3384,0,0
0.20709876527167,6693,0.3386,0,0
0.20709876729662,6694,0.3388,0,0
0.20709876932066,6695,0.339,0,0
0.20709877134379,6696,0.3392,0,0
0.20709877336601,6697,0.3394,0,0
0.20709877538731,6698,0.3396,0,0
0.20709877740771,6699,0.3398,0,0
0.2070987794272,6700,0.34,0,0
0.20709878144577,6701,0.3402,0,0
0.20709878346345,6702,0.3404,0,0
0.20709878548021,6703,0.3406,0,0
0.20709878749607,6704,0.3408,0,0
0.20709878951103,6705,0.341,0,0
0.20709879152508,6706,0.3412,0,0
0.20709879353823,6707,0.3414,0,0
0.20709879555048,6708,0.3416,0,0
0.20709879756183,6709,0.3418,0,0
0.20709879957228,6710,0.342,0,0
0.20709880158184,6711,0.3422,0,0
0.2070988035905,6712,0.3424,0,0
0.20709880559826,6713,0.3426,0,0
0.20709880760512,6714,0.3428,0,0
0.2070988096111,6715,0.343,0,0
0.20709881161618,6716,0.3432,0,0
0.20709881362037,6717,0.3434,0,0
0.20709881562366,6718,0.3436,0,0
0.20709881762607,6719,0.3438,0,0
0.20709881962759,6720,0.344,0,0
0.20709882162823,6721,0.3442,0,0
0.20709882362797,6722,0.3444,0,0
0.20709882562683,6723,0.3446,0,0
0.20709882762481,6724,0.3448,0,0
0.2070988296219,6725,0.345,0,0
0.20709883161811,6726,0.3452,0,0
0.20709883361344,6727,0.3454,0,0
0.20709883560789,6728,0.3456,0,0
0.20709883760146,6729,0.3458,0,0
0.20709883959415,6730,0.346,0,0
0.20709884158596,6731,0.3462,0,0
0.2070988435769,6732,0.3464,0,0
0.20709884556696,6733,0.3466,0,0
0.20709884755615,6734,0.3468,0,0
0.20709884954446,6735,0.347,0,0
0.20709885153191,6736,0.3472,0,0
0.20709885351848,6737,0.3474,0,0
0.20709885550418,6738,0.3476,0,0
0.20709885748901,6739,0.3478,0,0
0.20709885947298,6740,0.348,0,0
0.20709886145607,6741,0.3482,0,0
0.20709886343831,6742,0.3484,0,0
0.20709886541967,6743,0.3486,0,0
0.20709886740018,6744,0.3488,0,0
0.20709886937982,6745,0.349,0,0
0.2070988713586,6746,0.3492,0,0
0.20709887333651,6747,0.3494,0,0
0.20709887531357,6748,0.3496,0,0
0.20709887728977,6749,0.3498,0,0
0.20709887926511,6750,0.35,0,0
0.2070988812396,6751,0.3502,0,0
0.20709888321323,6752,0.3504,0,0
0.20709888518601,6753,0.3506,0,0
0.20709888715793,6754,0.3508,0,0
0.207098889129,6755,0.351,0,0
0.20709889109922,6756,0.3512,0,0
0.20709889306858,6757,0.3514,0,0
0.2070988950371,6758,0.3516,0,0
0.20709889700477,6759,0.3518,0,0
0.2070988989716,6760,0.352,0,0
0.20709890093757,6761,0.3522,0,0
0.20709890290271,6762,0.3524,0,0
0.20709890486699,6763,0.3526,0,0
0.20709890683044,6764,0.3528,0,0
0.20709890879304,6765,0.353,0,0
0.2070989107548,6766,0.3532,0,0
0.20709891271573,6767,0.3534,0,0
0.20709891467581,6768,0.3536,0,0
0.20709891663505,6769,0.3538,0,0
0.20709891859346,6770,0.354,0,0
0.20709892055104,6771,0.3542,0,0
0.20709892250777,6772,0.3544,0,0
0.20709892446368,6773,0.3546,0,0
0.20709892641875,6774,0.3548,0,0
0.20709892837299,6775,0.355,0,0
0.2070989303264,6776,0.3552,0,0
0.20709893227898,6777,0.3554,0,0
0.20709893423073,6778,0.3556,0,0
0.20709893618166,6779,0.3558,0,0
0.20709893813176,6780,0.356,0,0
0.20709894008103,6781,0.3562,0,0
0.20709894202948,6782,0.3564,0,0
0.20709894397711,6783,0.3566,0,0
0.20709894592391,6784,0.3568,0,0
0.20709894786989,6785,0.357,0,0
0.20709894981505,6786,0.3572,0,0
0.2070989517594,6787,0.3574,0,0
0.20709895370292,6788,0.3576,0,0
0.20709895564563,6789,0.3578,0,0
0.20709895758753,6790,0.358,0,0
0.2070989595286,6791,0.3582,0,0
0.20709896146887,6792,0.3584,0,0
0.20709896340832,6793,0.3586,0,0
0.20709896534696,6794,0.3588,0,0
0.20709896728479,6795,0.359,0,0
0.20709896922181,6796,0.3592,0,0
0.20709897115802,6797,0.3594,0,0
0.20709897309343,6798,0.3596,0,0
0.20709897502802,6799,0.3598,0,0
0.20709897696182,6800,0.36,0,0
0.2070989788948,6801,0.3602,0,0
0.20709898082699,6802,0.3604,0,0
0.20709898275837,6803,0.3606,0,0
0.20709898468895,6804,0.3608,0,0
0.20709898661874,6805,0.361,0,0
0.20709898854772,6806,0.3612,0,0
0.2070989904759,6807,0.3614,0,0
0.20709899240329,6808,0.3616,0,0
0.20709899432989,6809,0.3618,0,0
0.20709899625568,6810,0.362,0,0
0.20709899818069,6811,0.3622,0,0
0.2070990001049,6812,0.3624,0,0
0.20709900202832,6813,0.3626,0,0
0.20709900395095,6814,0.3628,0,0
0.20709900587279,6815,0.363,0,0
0.20709900779384,6816,0.3632,0,0
0.2070990097141,6817,0.3634,0,0
0.20709901163358,6818,0.3636,0,0
0.20709901355227,6819,0.3638,0,0
0.20709901547018,6820,0.364,0,0
0.20709901738731,6821,0.3642,0,0
0.20709901930365,6822,0.3644,0,0
0.20709902121921,6823,0.3646,0,0
0.207099023134,6824,0.3648,0,0
0.207099025048,6825,0.365,0,0
0.20709902696122,6826,0.3652,0,0
0.20709902887367,6827,0.3654,0,0
0.20709903078535,6828,0.3656,0,0
0.20709903269625,6829,0.3658,0,0
0.20709903460637,6830,0.366,0,0
0.20709903651572,6831,0.3662,0,0
0.2070990384243,6832,0.3664,0,0
0.20709904033212,6833,0.3666,0,0
0.20709904223916,6834,0.3668,0,0
0.20709904414543,6835,0.367,0,0
0.20709904605094,6836,0.3672,0,0
0.20709904795568,6837,0.3674,0,0
0.20709904985965,6838,0.3676,0,0
0.20709905176286,6839,0.3678,0,0
0.20709905366531,6840,0.368,0,0
0.207099055567,6841,0.3682,0,0
0.20709905746792,6842,0.3684,0,0
0.20709905936809,6843,0.3686,0,0
0.2070990612675,6844,0.3688,0,0
0.20709906316615,6845,0.369,0,0
0.20709906506404,6846,0.3692,0,0
0.20709906696118,6847,0.3694,0,0
0.20709906885756,6848,0.3696,0,0
0.20709907075319,6849,0.3698,0,0
0.20709907264807,6850,0.37,0,0
0.2070990745422,6851,0.3702,0,0
0.20709907643557,6852,0.3704,0,0
0.2070990783282,6853,0.3706,0,0
0.20709908022008,6854,0.3708,0,0
0.20709908211121,6855,0.371,0,0
0.2070990840016,6856,0.3712,0,0
0.20709908589124,6857,0.3714,0,0
0.20709908778014,6858,0.3716,0,0
0.2070990896683,6859,0.3718,0,0
0.20709909155571,6860,0.372,0,0
0.20709909344239,6861,0.3722,0,0
0.20709909532832,6862,0.3724,0,0
0.20709909721352,6863,0.3726,0,0
0.20709909909798,6864,0.3728,0,0
0.2070991009817,6865,0.373,0,0
0.20709910286469,6866,0.3732,0,0
0.20709910474694,6867,0.3734,0,0
0.20709910662846,6868,0.3736,0,0
0.20709910850925,6869,0.3738,0,0
0.20709911038931,6870,0.374,0,0
0.20709911226864,6871,0.3742,0,0
0.20709911414724,6872,0.3744,0,0
0.20709911602511,6873,0.3746,0,0
0.20709911790226,6874,0.3748,0,0
0.20709911977868,6875,0.375,0,0
0.20709912165438,6876,0.3752,0,0
0.20709912352935,6877,0.3754,0,0
0.2070991254036,6878,0.3756,0,0
0.20709912727713,6879,0.3758,0,0
0.20709912914994,6880,0.376,0,0
0.20709913102203,6881,0.3762,0,0
0.2070991328934,6882,0.3764,0,0
0.20709913476406,6883,0.3766,0,0
0.207099136634,6884,0.3768,0,0
0.20709913850323,6885,0.377,0,0
0.20709914037174,6886,0.3772,0,0
0.20709914223954,6887,0.3774,0,0
0.20709914410663,6888,0.3776,0,0
0.207099145973,6889,0.3778,0,0
0.20709914783867,6890,0.378,0,0
0.20709914970363,6891,0.3782,0,0
0.20709915156789,6892,0.3784,0,0
0.20709915343144,6893,0.3786,0,0
0.20709915529428,6894,0.3788,0,0
0.20709915715642,6895,0.379,0,0
0.20709915901785,6896,0.3792,0,0
0.20709916087859,6897,0.3794,0,0
0.20709916273862,6898,0.3796,0,0
0.20709916459796,6899,0.3798,0,0
0.20709916645659,6900,0.38,0,0
0.20709916831453,6901,0.3802,0,0
0.20709917017177,6902,0.3804,0,0
0.20709917202832,6903,0.3806,0,0
0.20709917388417,6904,0.3808,0,0
0.20709917573933,6905,0.381,0,0
0.2070991775938,6906,0.3812,0,0
0.20709917944758,6907,0.3814,0,0
0.20709918130067,6908,0.3816,0,0
0.20709918315307,6909,0.3818,0,0
0.20709918500478,6910,0.382,0,0
0.2070991868558,6911,0.3822,0,0
0.20709918870614,6912,0.3824,0,0
0.2070991905558,6913,0.3826,0,0
0.20709919240477,6914,0.3828,0,0
0.20709919425306,6915,0.383,0,0
0.20709919610067,6916,0.3832,0,0
0.2070991979476,6917,0.3834,0,0
0.20709919979385,6918,0.3836,0,0
0.20709920163942,6919,0.3838,0,0
0.20709920348431,6920,0.384,0,0
0.20709920532853,6921,0.3842,0,0
0.20709920717208,6922,0.3844,0,0
0.20709920901495,6923,0.3846,0,0
0.20709921085715,6924,0.3848,0,0
0.20709921269868,6925,0.385,0,0
0.20709921453954,6926,0.3852,0,0
0.20709921637973,6927,0.3854,0,0
0.20709921821925,6928,0.3856,0,0
0.2070992200581,6929,0.3858,0,0
0.20709922189629,6930,0.386,0,0
0.20709922373381,6931,0.3862,0,0
0.20709922557067,6932,0.3864,0,0
0.20709922740687,6933,0.3866,0,0
0.20709922924241,6934,0.3868,0,0
0.20709923107728,6935,0.387,0,0
0.2070992329115,6936,0.3872,0,0
0.20709923474506,6937,0.3874,0,0
0.20709923657796,6938,0.3876,0,0
0.2070992384102,6939,0.3878,0,0
0.20709924024179,6940,0.388,0,0
0.20709924207273,6941,0.3882,0,0
0.20709924390301,6942,0.3884,0,0
0.20709924573265,6943,0.3886,0,0
0.20709924756163,6944,0.3888,0,0
0.20709924938996,6945,0.389,0,0
0.20709925121765,6946,0.3892,0,0
0.20709925304468,6947,0.3894,0,0
0.20709925487107,6948,0.3896,0,0
0.20709925669682,6949,0.3898,0,0
0.20709925852192,6950,0.39,0,0
0.20709926034638,6951,0.3902,0,0
0.2070992621702,6952,0.3904,0,0
0.20709926399337,6953,0.3906,0,0
0.20709926581591,6954,0.3908,0,0
0.20709926763781,6955,0.391,0,0
0.20709926945907,6956,0.3912,0,0
0.20709927127969,6957,0.3914,0,0
0.20709927309968,6958,0.3916,0,0
0.20709927491904,6959,0.3918,0,0
0.20709927673776,6960,0.392,0,0
0.20709927855585,6961,0.3922,0,0
0.20709928037331,6962,0.3924,0,0
0.20709928219014,6963,0.3926,0,0
0.20709928400635,6964,0.3928,0,0
0.20709928582192,6965,0.393,0,0
0.20709928763687,6966,0.3932,0,0
0.20709928945119,6967,0.3934,0,0
0.20709929126489,6968,0.3936,0,0
0.20709929307796,6969,0.3938,0,0
0.20709929489042,6970,0.394,0,0
0.20709929670225,6971,0.3942,0,0
0.20709929851346,6972,0.3944,0,0
0.20709930032406,6973,0.3946,0,0
0.20709930213403,6974,0.3948,0,0
0.2070993039434,6975,0.395,0,0
0.20709930575214,6976,0.3952,0,0
0.20709930756027,6977,0.3954,0,0
0.20709930936779,6978,0.3956,0,0
0.20709931117469,6979,0.3958,0,0
0.20709931298099,6980,0.396,0,0
0.20709931478667,6981,0.3962,0,0
0.20709931659175,6982,0.3964,0,0
0.20709931839622,6983,0.3966,0,0
0.20709932020008,6984,0.3968,0,0
0.20709932200333,6985,0.397,0,0
0.20709932380599,6986,0.3972,0,0
0.20709932560804,6987,0.3974,0,0
0.20709932740948,6988,0.3976,0,0
0.20709932921033,6989,0.3978,0,0
0.20709933101057,6990,0.398,0,0
0.20709933281022,6991,0.3982,0,0
0.20709933460927,6992,0.3984,0,0
0.20709933640772,6993,0.3986,0,0
0.20709933820558,6994,0.3988,0,0
0.20709934000284,6995,0.399,0,0
0.20709934179951,6996,0.3992,0,0
0.20709934359559,6997,0.3994,0,0
0.20709934539108,6998,0.3996,0,0
0.20709934718597,6999,0.3998,0,0
0.20709934898028,7000,0.4,0,0
0.207099350774,7001,0.4002,0,0
0.20709935256713,7002,0.4004,0,0
0.20709935435968,7003,0.4006,0,0
0.20709935615164,7004,0.4008,0,0
0.20709935794303,7005,0.401,0,0
0.20709935973382,7006,0.4012,0,0
0.20709936152404,7007,0.4014,0,0
0.20709936331368,7008,0.4016,0,0
0.20709936510273,7009,0.4018,0,0
0.20709936689122,7010,0.402,0,0
0.20709936867912,7011,0.4022,0,0
0.20709937046645,7012,0.4024,0,0
0.2070993722532,7013,0.4026,0,0
0.20709937403938,7014,0.4028,0,0
0.20709937582499,7015,0.403,0,0
0.20709937761003,7016,0.4032,0,0
0.20709937939449,7017,0.4034,0,0
0.20709938117839,7018,0.4036,0,0
0.20709938296172,7019,0.4038,0,0
0.20709938474449,7020,0.404,0,0
0.20709938652668,7021,0.4042,0,0
0.20709938830832,7022,0.4044,0,0
0.20709939008939,7023,0.4046,0,0
0.2070993918699,7024,0.4048,0,0
0.20709939364985,7025,0.405,0,0
0.20709939542923,7026,0.4052,0,0
0.20709939720806,7027,0.4054,0,0
0.20709939898633,7028,0.4056,0,0
0.20709940076405,7029,0.4058,0,0
0.20709940254121,7030,0.406,0,0
0.20709940431781,7031,0.4062,0,0
0.20709940609386,7032,0.4064,0,0
0.20709940786936,7033,0.4066,0,0
0.20709940964431,7034,0.4068,0,0
0.20709941141871,7035,0.407,0,0
0.20709941319256,7036,0.4072,0,0
0.20709941496586,7037,0.4074,0,0
0.20709941673861,7038,0.4076,0,0
0.20709941851082,7039,0.4078,0,0
0.20709942028249,7040,0.408,0,0
0.20709942205361,7041,0.4082,0,0
0.20709942382419,7042,0.4084,0,0
0.20709942559423,7043,0.4086,0,0
0.20709942736373,7044,0.4088,0,0
0.20709942913269,7045,0.409,0,0
0.20709943090111,7046,0.4092,0,0
0.207099432669,7047,0.4094,0,0
0.20709943443635,7048,0.4096,0,0
0.20709943620317,7049,0.4098,0,0
0.20709943796945,7050,0.41,0,0
0.2070994397352,7051,0.4102,0,0
0.20709944150042,7052,0.4104,0,0
0.20709944326511,7053,0.4106,0,0
0.20709944502927,7054,0.4108,0,0
0.20709944679291,7055,0.411,0,0
0.20709944855602,7056,0.4112,0,0
0.2070994503186,7057,0.4114,0,0
0.20709945208066,7058,0.4116,0,0
0.20709945384219,7059,0.4118,0,0
0.20709945560321,7060,0.412,0,0
0.2070994573637,7061,0.4122,0,0
0.20709945912367,7062,0.4124,0,0
0.20709946088312,7063,0.4126,0,0
0.20709946264206,7064,0.4128,0,0
0.20709946440048,7065,0.413,0,0
0.20709946615839,7066,0.4132,0,0
0.20709946791578,7067,0.4134,0,0
0.20709946967266,7068,0.4136,0,0
0.20709947142902,7069,0.4138,0,0
0.20709947318488,7070,0.414,0,0
0.20709947494022,7071,0.4142,0,0
0.20709947669506,7072,0.4144,0,0
0.20709947844939,7073,0.4146,0,0
0.20709948020321,7074,0.4148,0,0
0.20709948195653,7075,0.415,0,0
0.20709948370935,7076,0.4152,0,0
0.20709948546166,7077,0.4154,0,0
0.20709948721347,7078,0.4156,0,0
0.20709948896478,7079,0.4158,0,0
0.20709949071559,7080,0.416,0,0
0.2070994924659,7081,0.4162,0,0
0.20709949421571,7082,0.4164,0,0
0.20709949596503,7083,0.4166,0,0
0.20709949771385,7084,0.4168,0,0
0.20709949946218,7085,0.417,0,0
0.20709950121002,7086,0.4172,0,0
0.20709950295736,7087,0.4174,0,0
0.20709950470422,7088,0.4176,0,0
0.20709950645058,7089,0.4178,0,0
0.20709950819646,7090,0.418,0,0
0.20709950994185,7091,0.4182,0,0
0.20709951168675,7092,0.4184,0,0
0.20709951343117,7093,0.4186,0,0
0.2070995151751,7094,0.4188,0,0
0.20709951691856,7095,0.419,0,0
0.20709951866153,7096,0.4192,0,0
0.20709952040402,7097,0.4194,0,0
0.20709952214603,7098,0.4196,0,0
0.20709952388756,7099,0.4198,0,0
0.20709952562862,7100,0.42,0,0
0.2070995273692,7101,0.4202,0,0
0.2070995291093,7102,0.4204,0,0
0.20709953084893,7103,0.4206,0,0
0.20709953258809,7104,0.4208,0,0
0.20709953432678,7105,0.421,0,0
0.207099536065,7106,0.4212,0,0
0.20709953780275,7107,0.4214,0,0
0.20709953954003,7108,0.4216,0,0
0.20709954127684,7109,0.4218,0,0
0.20709954301319,7110,0.422,0,0
0.20709954474907,7111,0.4222,0,0
0.2070995464845,7112,0.4224,0,0
0.20709954821945,7113,0.4226,0,0
0.20709954995395,7114,0.4228,0,0
0.20709955168799,7115,0.423,0,0
0.20709955342156,7116,0.4232,0,0
0.20709955515468,7117,0.4234,0,0
0.20709955688735,7118,0.4236,0,0
0.20709955861956,7119,0.4238,0,0
0.20709956035131,7120,0.424,0,0
0.20709956208261,7121,0.4242,0,0
0.20709956381346,7122,0.4244,0,0
0.20709956554386,7123,0.4246,0,0
0.2070995672738,7124,0.4248,0,0
0.2070995690033,7125,0.425,0,0
0.20709957073235,7126,0.4252,0,0
0.20709957246096,7127,0.4254,0,0
0.20709957418912,7128,0.4256,0,0
0.20709957591683,7129,0.4258,0,0
0.2070995776441,7130,0.426,0,0
0.20709957937093,7131,0.4262,0,0
0.20709958109732,7132,0.4264,0,0
0.20709958282327,7133,0.4266,0,0
0.20709958454879,7134,0.4268,0,0
0.20709958627386,7135,0.427,0,0
0.2070995879985,7136,0.4272,0,0
0.2070995897227,7137,0.4274,0,0
0.20709959144647,7138,0.4276,0,0
0.2070995931698,7139,0.4278,0,0
0.20709959489271,7140,0.428,0,0
0.20709959661518,7141,0.4282,0,0
0.20709959833723,7142,0.4284,0,0
0.20709960005884,7143,0.4286,0,0
0.20709960178003,7144,0.4288,0,0
0.20709960350079,7145,0.429,0,0
0.20709960522113,7146,0.4292,0,0
0.20709960694104,7147,0.4294,0,0
0.20709960866054,7148,0.4296,0,0
0.20709961037961,7149,0.4298,0,0
0.20709961209825,7150,0.43,0,0
0.20709961381649,7151,0.4302,0,0
0.2070996155343,7152,0.4304,0,0
0.20709961725169,7153,0.4306,0,0
0.20709961896867,7154,0.4308,0,0
0.20709962068524,7155,0.431,0,0
0.20709962240139,7156,0.4312,0,0
0.20709962411713,7157,0.4314,0,0
0.20709962583246,7158,0.4316,0,0
0.20709962754737,7159,0.4318,0,0
0.20709962926188,7160,0.432,0,0
0.20709963097598,7161,0.4322,0,0
0.20709963268968,7162,0.4324,0,0
0.20709963440297,7163,0.4326,0,0
0.20709963611585,7164,0.4328,0,0
0.20709963782833,7165,0.433,0,0
0.20709963954041,7166,0.4332,0,0
0.20709964125209,7167,0.4334,0,0
0.20709964296337,7168,0.4336,0,0
0.20709964467424,7169,0.4338,0,0
0.20709964638473,7170,0.434,0,0
0.20709964809481,7171,0.4342,0,0
0.2070996498045,7172,0.4344,0,0
0.2070996515138,7173,0.4346,0,0
0.2070996532227,7174,0.4348,0,0
0.20709965493121,7175,0.435,0,0
0.20709965663933,7176,0.4352,0,0
0.20709965834706,7177,0.4354,0,0
0.2070996600544,7178,0.4356,0,0
0.20709966176136,7179,0.4358,0,0
0.20709966346793,7180,0.436,0,0
0.20709966517411,7181,0.4362,0,0
0.20709966687991,7182,0.4364,0,0
0.20709966858533,7183,0.4366,0,0
0.20709967029036,7184,0.4368,0,0
0.20709967199502,7185,0.437,0,0
0.2070996736993,7186,0.4372,0,0
0.20709967540319,7187,0.4374,0,0
0.20709967710671,7188,0.4376,0,0
0.20709967880986,7189,0.4378,0,0
0.20709968051263,7190,0.438,0,0
0.20709968221502,7191,0.4382,0,0
0.20709968391705,7192,0.4384,0,0
0.2070996856187,7193,0.4386,0,0
0.20709968731998,7194,0.4388,0,0
0.2070996890209,7195,0.439,0,0
0.20709969072144,7196,0.4392,0,0
0.20709969242162,7197,0.4394,0,0
0.20709969412143,7198,0.4396,0,0
0.20709969582088,7199,0.4398,0,0
0.20709969751997,7200,0.44,0,0
0.20709969921869,7201,0.4402,0,0
0.20709970091705,7202,0.4404,0,0
0.20709970261506,7203,0.4406,0,0
0.2070997043127,7204,0.4408,0,0
0.20709970600999,7205,0.441,0,0
0.20709970770692,7206,0.4412,0,0
0.20709970940349,7207,0.4414,0,0
0.20709971109971,7208,0.4416,0,0
0.20709971279558,7209,0.4418,0,0
0.20709971449109,7210,0.442,0,0
0.20709971618626,7211,0.4422,0,0
0.20709971788107,7212,0.4424,0,0
0.20709971957554,7213,0.4426,0,0
0.20709972126966,7214,0.4428,0,0
0.20709972296343,7215,0.443,0,0
0.20709972465686,7216,0.4432,0,0
0.20709972634995,7217,0.4434,0,0
0.20709972804269,7218,0.4436,0,0
0.20709972973509,7219,0.4438,0,0
0.20709973142715,7220,0.444,0,0
0.20709973311887,7221,0.4442,0,0
0.20709973481025,7222,0.4444,0,0
0.2070997365013,7223,0.4446,0,0
0.20709973819201,7224,0.4448,0,0
0.20709973988238,7225,0.445,0,0
0.20709974157243,7226,0.4452,0,0
0.20709974326214,7227,0.4454,0,0
0.20709974495151,7228,0.4456,0,0
0.20709974664056,7229,0.4458,0,0
0.20709974832928,7230,0.446,0,0
0.20709975001767,7231,0.4462,0,0
0.20709975170574,7232,0.4464,0,0
0.20709975339348,7233,0.4466,0,0
0.20709975508089,7234,0.4468,0,0
0.20709975676798,7235,0.447,0,0
0.20709975845475,7236,0.4472,0,0
0.2070997601412,7237,0.4474,0,0
0.20709976182733,7238,0.4476,0,0
0.20709976351314,7239,0.4478,0,0
0.20709976519864,7240,0.448,0,0
0.20709976688381,7241,0.4482,0,0
0.20709976856868,7242,0.4484,0,0
0.20709977025322,7243,0.4486,0,0
0.20709977193746,7244,0.4488,0,0
0.20709977362138,7245,0.449,0,0
0.207099775305,7246,0.4492,0,0
0.2070997769883,7247,0.4494,0,0
0.2070997786713,7248,0.4496,0,0
0.20709978035398,7249,0.4498,0,0
0.20709978203637,7250,0.45,0,0
0.20709978371844,7251,0.4502,0,0
0.20709978540022,7252,0.4504,0,0
0.20709978708169,7253,0.4506,0,0
0.20709978876286,7254,0.4508,0,0
0.20709979044373,7255,0.451,0,0
0.2070997921243,7256,0.4512,0,0
0.20709979380457,7257,0.4514,0,0
0.20709979548455,7258,0.4516,0,0
0.20709979716423,7259,0.4518,0,0
0.20709979884362,7260,0.452,0,0
0.20709980052271,7261,0.4522,0,0
0.20709980220151,7262,0.4524,0,0
0.20709980388002,7263,0.4526,0,0
0.20709980555824,7264,0.4528,0,0
0.20709980723618,7265,0.453,0,0
0.20709980891382,7266,0.4532,0,0
0.20709981059118,7267,0.4534,0,0
0.20709981226825,7268,0.4536,0,0
0.20709981394504,7269,0.4538,0,0
0.20709981562155,7270,0.454,0,0
0.20709981729777,7271,0.4542,0,0
0.20709981897371,7272,0.4544,0,0
0.20709982064938,7273,0.4546,0,0
0.20709982232476,7274,0.4548,0,0
0.20709982399987,7275,0.455,0,0
0.20709982567471,7276,0.4552,0,0
0.20709982734926,7277,0.4554,0,0
0.20709982902355,7278,0.4556,0,0
0.20709983069756,7279,0.4558,0,0
0.2070998323713,7280,0.456,0,0
0.20709983404477,7281,0.4562,0,0
0.20709983571797,7282,0.4564,0,0
0.20709983739091,7283,0.4566,0,0
0.20709983906357,7284,0.4568,0,0
0.20709984073597,7285,0.457,0,0
0.20709984240811,7286,0.4572,0,0
0.20709984407998,7287,0.4574,0,0
0.2070998457516,7288,0.4576,0,0
0.20709984742295,7289,0.4578,0,0
0.20709984909404,7290,0.458,0,0
0.20709985076487,7291,0.4582,0,0
0.20709985243544,7292,0.4584,0,0
0.20709985410576,7293,0.4586,0,0
0.20709985577582,7294,0.4588,0,0
0.20709985744563,7295,0.459,0,0
0.20709985911519,7296,0.4592,0,0
0.20709986078449,7297,0.4594,0,0
0.20709986245355,7298,0.4596,0,0
0.20709986412235,7299,0.4598,0,0
0.20709986579091,7300,0.46,0,0
0.20709986745922,7301,0.4602,0,0
0.20709986912728,7302,0.4604,0,0
0.2070998707951,7303,0.4606,0,0
0.20709987246267,7304,0.4608,0,0
0.20709987413001,7305,0.461,0,0
0.2070998757971,7306,0.4612,0,0
0.20709987746395,7307,0.4614,0,0
0.20709987913056,7308,0.4616,0,0
0.20709988079693,7309,0.4618,0,0
0.20709988246307,7310,0.462,0,0
0.20709988412897,7311,0.4622,0,0
0.20709988579464,7312,0.4624,0,0
0.20709988746007,7313,0.4626,0,0
0.20709988912528,7314,0.4628,0,0
0.20709989079025,7315,0.463,0,0
0.20709989245499,7316,0.4632,0,0
0.2070998941195,7317,0.4634,0,0
0.20709989578379,7318,0.4636,0,0
0.20709989744785,7319,0.4638,0,0
0.20709989911168,7320,0.464,0,0
0.20709990077529,7321,0.4642,0,0
0.20709990243868,7322,0.4644,0,0
0.20709990410184,7323,0.4646,0,0
0.20709990576479,7324,0.4648,0,0
0.20709990742752,7325,0.465,0,0
0.20709990909002,7326,0.4652,0,0
0.20709991075231,7327,0.4654,0,0
0.20709991241439,7328,0.4656,0,0
0.20709991407625,7329,0.4658,0,0
0.2070999157379,7330,0.466,0,0
0.20709991739933,7331,0.4662,0,0
0.20709991906055,7332,0.4664,0,0
0.20709992072157,7333,0.4666,0,0
0.20709992238237,7334,0.4668,0,0
0.20709992404297,7335,0.467,0,0
0.20709992570336,7336,0.4672,0,0
0.20709992736354,7337,0.4674,0,0
0.20709992902352,7338,0.4676,0,0
0.2070999306833,7339,0.4678,0,0
0.20709993234287,7340,0.468,0,0
0.20709993400225,7341,0.4682,0,0
0.20709993566142,7342,0.4684,0,0
0.2070999373204,7343,0.4686,0,0
0.20709993897918,7344,0.4688,0,0
0.20709994063776,7345,0.469,0,0
0.20709994229615,7346,0.4692,0,0
0.20709994395434,7347,0.4694,0,0
0.20709994561234,7348,0.4696,0,0
0.20709994727015,7349,0.4698,0,0
0.20709994892777,7350,0.47,0,0
0.2070999505852,7351,0.4702,0,0
0.20709995224245,7352,0.4704,0,0
0.2070999538995,7353,0.4706,0,0
0.20709995555637,7354,0.4708,0,0
0.20709995721306,7355,0.471,0,0
0.20709995886956,7356,0.4712,0,0
0.20709996052588,7357,0.4714,0,0
0.20709996218202,7358,0.4716,0,0
0.20709996383798,7359,0.4718,0,0
0.20709996549376,7360,0.472,0,0
0.20709996714936,7361,0.4722,0,0
0.20709996880478,7362,0.4724,0,0
0.20709997046003,7363,0.4726,0,0
0.20709997211511,7364,0.4728,0,0
0.20709997377001,7365,0.473,0,0
0.20709997542475,7366,0.4732,0,0
0.20709997707931,7367,0.4734,0,0
0.2070999787337,7368,0.4736,0,0
0.20709998038792,7369,0.4738,0,0
0.20709998204198,7370,0.474,0,0
0.20709998369587,7371,0.4742,0,0
0.20709998534959,7372,0.4744,0,0
0.20709998700316,7373,0.4746,0,0
0.20709998865656,7374,0.4748,0,0
0.20709999030979,7375,0.475,0,0
0.20709999196287,7376,0.4752,0,0
0.20709999361579,7377,0.4754,0,0
0.20709999526855,7378,0.4756,0,0
0.20709999692116,7379,0.4758,0,0
0.20709999857361,7380,0.476,0,0
0.2071000002259,7381,0.4762,0,0
0.20710000187804,7382,0.4764,0,0
0.20710000353003,7383,0.4766,0,0
0.20710000518187,7384,0.4768,0,0
0.20710000683356,7385,0.477,0,0
0.2071000084851,7386,0.4772,0,0
0.20710001013649,7387,0.4774,0,0
0.20710001178774,7388,0.4776,0,0
0.20710001343884,7389,0.4778,0,0
0.2071000150898,7390,0.478,0,0
0.20710001674061,7391,0.4782,0,0
0.20710001839128,7392,0.4784,0,0
0.20710002004182,7393,0.4786,0,0
0.20710002169221,7394,0.4788,0,0
0.20710002334247,7395,0.479,0,0
0.20710002499258,7396,0.4792,0,0
0.20710002664257,7397,0.4794,0,0
0.20710002829242,7398,0.4796,0,0
0.20710002994213,7399,0.4798,0,0
0.20710003159171,7400,0.48,0,0
0.20710003324116,7401,0.4802,0,0
0.20710003489049,7402,0.4804,0,0
0.20710003653968,7403,0.4806,0,0
0.20710003818874,7404,0.4808,0,0
0.20710003983768,7405,0.481,0,0
0.2071000414865,7406,0.4812,0,0
0.20710004313519,7407,0.4814,0,0
0.20710004478375,7408,0.4816,0,0
0.2071000464322,7409,0.4818,0,0
0.20710004808052,7410,0.482,0,0
0.20710004972872,7411,0.4822,0,0
0.20710005137681,7412,0.4824,0,0
0.20710005302478,7413,0.4826,0,0
0.20710005467263,7414,0.4828,0,0
0.20710005632037,7415,0.483,0,0
0.20710005796799,7416,0.4832,0,0
0.20710005961551,7417,0.4834,0,0
0.20710006126291,7418,0.4836,0,0
0.2071000629102,7419,0.4838,0,0
0.20710006455738,7420,0.484,0,0
0.20710006620445,7421,0.4842,0,0
0.20710006785142,7422,0.4844,0,0
0.20710006949828,7423,0.4846,0,0
0.20710007114504,7424,0.4848,0,0
0.20710007279169,7425,0.485,0,0
0.20710007443824,7426,0.4852,0,0
0.20710007608469,7427,0.4854,0,0
0.20710007773105,7428,0.4856,0,0
0.2071000793773,7429,0.4858,0,0
0.20710008102345,7430,0.486,0,0
0.20710008266951,7431,0.4862,0,0
0.20710008431548,7432,0.4864,0,0
0.20710008596135,7433,0.4866,0,0
0.20710008760712,7434,0.4868,0,0
0.20710008925281,7435,0.487,0,0
0.20710009089841,7436,0.4872,0,0
0.20710009254391,7437,0.4874,0,0
0.20710009418933,7438,0.4876,0,0
0.20710009583466,7439,0.4878,0,0
0.20710009747991,7440,0.488,0,0
0.20710009912507,7441,0.4882,0,0
0.20710010077015,7442,0.4884,0,0
0.20710010241514,7443,0.4886,0,0
0.20710010406006,7444,0.4888,0,0
0.20710010570489,7445,0.489,0,0
0.20710010734965,7446,0.4892,0,0
0.20710010899433,7447,0.4894,0,0
0.20710011063893,7448,0.4896,0,0
0.20710011228345,7449,0.4898,0,0
0.20710011392791,7450,0.49,0,0
0.20710011557229,7451,0.4902,0,0
0.20710011721659,7452,0.4904,0,0
0.20710011886083,7453,0.4906,0,0
0.207100120505,7454,0.4908,0,0
0.2071001221491,7455,0.491,0,0
0.20710012379313,7456,0.4912,0,0
0.2071001254371,7457,0.4914,0,0
0.207100127081,7458,0.4916,0,0
0.20710012872484,7459,0.4918,0,0
0.20710013036861,7460,0.492,0,0
0.20710013201233,7461,0.4922,0,0
0.20710013365598,7462,0.4924,0,0
0.20710013529958,7463,0.4926,0,0
0.20710013694311,7464,0.4928,0,0
0.2071001385866,7465,0.493,0,0
0.20710014023002,7466,0.4932,0,0
0.20710014187339,7467,0.4934,0,0
0.20710014351671,7468,0.4936,0,0
0.20710014515998,7469,0.4938,0,0
0.20710014680319,7470,0.494,0,0
0.20710014844636,7471,0.4942,0,0
0.20710015008948,7472,0.4944,0,0
0.20710015173255,7473,0.4946,0,0
0.20710015337557,7474,0.4948,0,0
0.20710015501855,7475,0.495,0,0
0.20710015666148,7476,0.4952,0,0
0.20710015830438,7477,0.4954,0,0
0.20710015994723,7478,0.4956,0,0
0.20710016159004,7479,0.4958,0,0
0.20710016323281,7480,0.496,0,0
0.20710016487554,7481,0.4962,0,0
0.20710016651824,7482,0.4964,0,0
0.2071001681609,7483,0.4966,0,0
0.20710016980353,7484,0.4968,0,0
0.20710017144612,7485,0.497,0,0
0.20710017308868,7486,0.4972,0,0
0.20710017473121,7487,0.4974,0,0
0.20710017637371,7488,0.4976,0,0
0.20710017801619,7489,0.4978,0,0
0.20710017965863,7490,0.498,0,0
0.20710018130105,7491,0.4982,0,0
0.20710018294344,7492,0.4984,0,0
0.20710018458581,7493,0.4986,0,0
0.20710018622816,7494,0.4988,0,0
0.20710018787048,7495,0.499,0,0
0.20710018951278,7496,0.4992,0,0
0.20710019115507,7497,0.4994,0,0
0.20710019279734,7498,0.4996,0,0
0.20710019443959,7499,0.4998,0,0
0.20710019608182,7500,0.5,0,0
0.20710019772404,7501,0.5002,0,0
0.20710019936624,7502,0.5004,0,0
0.20710020100844,7503,0.5006,0,0
0.20710020265062,7504,0.5008,0,0
0.20710020429279,7505,0.501,0,0
0.20710020593495,7506,0.5012,0,0
0.20710020757711,7507,0.5014,0,0
0.20710020921926,7508,0.5016,0,0
0.2071002108614,7509,0.5018,0,0
0.20710021250354,7510,0.502,0,0
0.20710021414568,7511,0.5022,0,0
0.20710021578781,7512,0.5024,0,0
0.20710021742995,7513,0.5026,0,0
0.20710021907208,7514,0.5028,0,0
0.20710022071422,7515,0.503,0,0
0.20710022235635,7516,0.5032,0,0
0.2071002239985,7517,0.5034,0,0
0.20710022564064,7518,0.5036,0,0
0.2071002272828,7519,0.5038,0,0
0.20710022892496,7520,0.504,0,0
0.20710023056713,7521,0.5042,0,0
0.20710023220931,7522,0.5044,0,0
0.2071002338515,7523,0.5046,0,0
0.2071002354937,7524,0.5048,0,0
0.20710023713592,7525,0.505,0,0
0.20710023877815,7526,0.5052,0,0
0.2071002404204,7527,0.5054,0,0
0.20710024206266,7528,0.5056,0,0
0.20710024370494,7529,0.5058,0,0
0.20710024534724,7530,0.506,0,0
0.20710024698956,7531,0.5062,0,0
0.20710024863191,7532,0.5064,0,0
0.20710025027427,7533,0.5066,0,0
0.20710025191666,7534,0.5068,0,0
0.20710025355907,7535,0.507,0,0
0.20710025520151,7536,0.5072,0,0
0.20710025684398,7537,0.5074,0,0
0.20710025848647,7538,0.5076,0,0
0.207100260129,7539,0.5078,0,0
0.20710026177155,7540,0.508,0,0
0.20710026341414,7541,0.5082,0,0
0.20710026505676,7542,0.5084,0,0
0.20710026669942,7543,0.5086,0,0
0.20710026834211,7544,0.5088,0,0
0.20710026998484,7545,0.509,0,0
0.2071002716276,7546,0.5092,0,0
0.2071002732704,7547,0.5094,0,0
0.20710027491325,7548,0.5096,0,0
0.20710027655613,7549,0.5098,0,0
0.20710027819906,7550,0.51,0,0
0.20710027984203,7551,0.5102,0,0
0.20710028148505,7552,0.5104,0,0
0.20710028312811,7553,0.5106,0,0
0.20710028477122,7554,0.5108,0,0
0.20710028641437,7555,0.511,0,0
0.20710028805758,7556,0.5112,0,0
0.20710028970084,7557,0.5114,0,0
0.20710029134414,7558,0.5116,0,0
0.20710029298751,7559,0.5118,0,0
0.20710029463092,7560,0.512,0,0
0.20710029627439,7561,0.5122,0,0
0.20710029791792,7562,0.5124,0,0
0.2071002995615,7563,0.5126,0,0
0.20710030120515,7564,0.5128,0,0
0.20710030284885,7565,0.513,0,0
0.20710030449262,7566,0.5132,0,0
0.20710030613644,7567,0.5134,0,0
0.20710030778033,7568,0.5136,0,0
0.20710030942429,7569,0.5138,0,0
0.20710031106831,7570,0.514,0,0
0.20710031271239,7571,0.5142,0,0
0.20710031435655,7572,0.5144,0,0
0.20710031600077,7573,0.5146,0,0
0.20710031764507,7574,0.5148,0,0
0.20710031928943,7575,0.515,0,0
0.20710032093387,7576,0.5152,0,0
0.20710032257839,7577,0.5154,0,0
0.20710032422297,7578,0.5156,0,0
0.20710032586764,7579,0.5158,0,0
0.20710032751238,7580,0.516,0,0
0.2071003291572,7581,0.5162,0,0
0.2071003308021,7582,0.5164,0,0
0.20710033244708,7583,0.5166,0,0
0.20710033409214,7584,0.5168,0,0
0.20710033573728,7585,0.517,0,0
0.20710033738251,7586,0.5172,0,0
0.20710033902783,7587,0.5174,0,0
0.20710034067323,7588,0.5176,0,0
0.20710034231872,7589,0.5178,0,0
0.2071003439643,7590,0.518,0,0
0.20710034560997,7591,0.5182,0,0
0.20710034725573,7592,0.5184,0,0
0.20710034890158,7593,0.5186,0,0
0.20710035054753,7594,0.5188,0,0
0.20710035219357,7595,0.519,0,0
0.2071003538397,7596,0.5192,0,0
0.20710035548594,7597,0.5194,0,0
0.20710035713227,7598,0.5196,0,0
0.2071003587787,7599,0.5198,0,0
0.20710036042523,7600,0.52,0,0
0.20710036207187,7601,0.5202,0,0
0.20710036371861,7602,0.5204,0,0
0.20710036536545,7603,0.5206,0,0
0.20710036701239,7604,0.5208,0,0
0.20710036865945,7605,0.521,0,0
0.20710037030661,7606,0.5212,0,0
0.20710037195387,7607,0.5214,0,0
0.20710037360125,7608,0.5216,0,0
0.20710037524874,7609,0.5218,0,0
0.20710037689635,7610,0.522,0,0
0.20710037854406,7611,0.5222,0,0
0.20710038019189,7612,0.5224,0,0
0.20710038183984,7613,0.5226,0,0
0.2071003834879,7614,0.5228,0,0
0.20710038513608,7615,0.523,0,0
0.20710038678438,7616,0.5232,0,0
0.2071003884328,7617,0.5234,0,0
0.20710039008134,7618,0.5236,0,0
0.20710039173001,7619,0.5238,0,0
0.2071003933788,7620,0.524,0,0
0.20710039502771,7621,0.5242,0,0
0.20710039667675,7622,0.5244,0,0
0.20710039832592,7623,0.5246,0,0
0.20710039997521,7624,0.5248,0,0
0.20710040162464,7625,0.525,0,0
0.20710040327419,7626,0.5252,0,0
0.20710040492388,7627,0.5254,0,0
0.2071004065737,7628,0.5256,0,0
0.20710040822366,7629,0.5258,0,0
0.20710040987375,7630,0.526,0,0
0.20710041152398,7631,0.5262,0,0
0.20710041317434,7632,0.5264,0,0
0.20710041482485,7633,0.5266,0,0
0.20710041647549,7634,0.5268,0,0
0.20710041812628,7635,0.527,0,0
0.20710041977721,7636,0.5272,0,0
0.20710042142828,7637,0.5274,0,0
0.20710042307949,7638,0.5276,0,0
0.20710042473086,7639,0.5278,0,0
0.20710042638237,7640,0.528,0,0
0.20710042803402,7641,0.5282,0,0
0.20710042968583,7642,0.5284,0,0
0.20710043133779,7643,0.5286,0,0
0.2071004329899,7644,0.5288,0,0
0.20710043464216,7645,0.529,0,0
0.20710043629458,7646,0.5292,0,0
0.20710043794715,7647,0.5294,0,0
0.20710043959988,7648,0.5296,0,0
0.20710044125276,7649,0.5298,0,0
0.2071004429058,7650,0.53,0,0
0.20710044455901,7651,0.5302,0,0
0.20710044621237,7652,0.5304,0,0
0.2071004478659,7653,0.5306,0,0
0.20710044951959,7654,0.5308,0,0
0.20710045117345,7655,0.531,0,0
0.20710045282747,7656,0.5312,0,0
0.20710045448165,7657,0.5314,0,0
0.20710045613601,7658,0.5316,0,0
0.20710045779053,7659,0.5318,0,0
0.20710045944523,7660,0.532,0,0
0.20710046110009,7661,0.5322,0,0
0.20710046275513,7662,0.5324,0,0
0.20710046441035,7663,0.5326,0,0
0.20710046606573,7664,0.5328,0,0
0.2071004677213,7665,0.533,0,0
0.20710046937704,7666,0.5332,0,0
0.20710047103296,7667,0.5334,0,0
0.20710047268905,7668,0.5336,0,0
0.20710047434533,7669,0.5338,0,0
0.2071004760018,7670,0.534,0,0
0.20710047765844,7671,0.5342,0,0
0.20710047931527,7672,0.5344,0,0
0.20710048097228,7673,0.5346,0,0
0.20710048262948,7674,0.5348,0,0
0.20710048428687,7675,0.535,0,0
0.20710048594445,7676,0.5352,0,0
0.20710048760221,7677,0.5354,0,0
0.20710048926017,7678,0.5356,0,0
0.20710049091832,7679,0.5358,0,0
0.20710049257666,7680,0.536,0,0
0.2071004942352,7681,0.5362,0,0
0.20710049589394,7682,0.5364,0,0
0.20710049755287,7683,0.5366,0,0
0.207100499212,7684,0.5368,0,0
0.20710050087133,7685,0.537,0,0
0.20710050253085,7686,0.5372,0,0
0.20710050419058,7687,0.5374,0,0
0.20710050585052,7688,0.5376,0,0
0.20710050751065,7689,0.5378,0,0
0.207100509171,7690,0.538,0,0
0.20710051083154,7691,0.5382,0,0
0.2071005124923,7692,0.5384,0,0
0.20710051415326,7693,0.5386,0,0
0.20710051581444,7694,0.5388,0,0
0.20710051747582,7695,0.539,0,0
0.20710051913742,7696,0.5392,0,0
0.20710052079923,7697,0.5394,0,0
0.20710052246125,7698,0.5396,0,0
0.20710052412349,7699,0.5398,0,0
0.20710052578594,7700,0.54,0,0
0.20710052744862,7701,0.5402,0,0
0.20710052911151,7702,0.5404,0,0
0.20710053077462,7703,0.5406,0,0
0.20710053243795,7704,0.5408,0,0
0.20710053410151,7705,0.541,0,0
0.20710053576529,7706,0.5412,0,0
0.20710053742929,7707,0.5414,0,0
0.20710053909352,7708,0.5416,0,0
0.20710054075798,7709,0.5418,0,0
0.20710054242267,7710,0.542,0,0
0.20710054408758,7711,0.5422,0,0
0.20710054575272,7712,0.5424,0,0
0.2071005474181,7713,0.5426,0,0
0.20710054908371,7714,0.5428,0,0
0.20710055074955,7715,0.543,0,0
0.20710055241563,7716,0.5432,0,0
0.20710055408195,7717,0.5434,0,0
0.2071005557485,7718,0.5436,0,0
0.20710055741529,7719,0.5438,0,0
0.20710055908232,7720,0.544,0,0
0.20710056074959,7721,0.5442,0,0
0.2071005624171,7722,0.5444,0,0
0.20710056408486,7723,0.5446,0,0
0.20710056575286,7724,0.5448,0,0
0.2071005674211,7725,0.545,0,0
0.20710056908959,7726,0.5452,0,0
0.20710057075833,7727,0.5454,0,0
0.20710057242732,7728,0.5456,0,0
0.20710057409656,7729,0.5458,0,0
0.20710057576605,7730,0.546,0,0
0.2071005774358,7731,0.5462,0,0
0.20710057910579,7732,0.5464,0,0
0.20710058077604,7733,0.5466,0,0
0.20710058244655,7734,0.5468,0,0
0.20710058411731,7735,0.547,0,0
0.20710058578833,7736,0.5472,0,0
0.20710058745962,7737,0.5474,0,0
0.20710058913116,7738,0.5476,0,0
0.20710059080296,7739,0.5478,0,0
0.20710059247503,7740,0.548,0,0
0.20710059414736,7741,0.5482,0,0
0.20710059581995,7742,0.5484,0,0
0.20710059749281,7743,0.5486,0,0
0.20710059916594,7744,0.5488,0,0
0.20710060083934,7745,0.549,0,0
0.207100602513,7746,0.5492,0,0
0.20710060418694,7747,0.5494,0,0
0.20710060586115,7748,0.5496,0,0
0.20710060753563,7749,0.5498,0,0
0.20710060921039,7750,0.55,0,0
0.20710061088542,7751,0.5502,0,0
0.20710061256073,7752,0.5504,0,0
0.20710061423632,7753,0.5506,0,0
0.20710061591218,7754,0.5508,0,0
0.20710061758833,7755,0.551,0,0
0.20710061926475,7756,0.5512,0,0
0.20710062094146,7757,0.5514,0,0
0.20710062261845,7758,0.5516,0,0
0.20710062429573,7759,0.5518,0,0
0.20710062597329,7760,0.552,0,0
0.20710062765114,7761,0.5522,0,0
0.20710062932928,7762,0.5524,0,0
0.20710063100771,7763,0.5526,0,0
0.20710063268642,7764,0.5528,0,0
0.20710063436543,7765,0.553,0,0
0.20710063604474,7766,0.5532,0,0
0.20710063772433,7767,0.5534,0,0
0.20710063940422,7768,0.5536,0,0
0.20710064108441,7769,0.5538,0,0
0.20710064276489,7770,0.554,0,0
0.20710064444567,7771,0.5542,0,0
0.20710064612675,7772,0.5544,0,0
0.20710064780814,7773,0.5546,0,0
0.20710064948982,7774,0.5548,0,0
0.20710065117181,7775,0.555,0,0
0.2071006528541,7776,0.5552,0,0
0.20710065453669,7777,0.5554,0,0
0.2071006562196,7778,0.5556,0,0
0.20710065790281,7779,0.5558,0,0
0.20710065958633,7780,0.556,0,0
0.20710066127016,7781,0.5562,0,0
0.2071006629543,7782,0.5564,0,0
0.20710066463875,7783,0.5566,0,0
0.20710066632351,7784,0.5568,0,0
0.20710066800859,7785,0.557,0,0
0.20710066969399,7786,0.5572,0,0
0.2071006713797,7787,0.5574,0,0
0.20710067306573,7788,0.5576,0,0
0.20710067475208,7789,0.5578,0,0
0.20710067643875,7790,0.558,0,0
0.20710067812574,7791,0.5582,0,0
0.20710067981305,7792,0.5584,0,0
0.20710068150069,7793,0.5586,0,0
0.20710068318865,7794,0.5588,0,0
0.20710068487694,7795,0.559,0,0
0.20710068656556,7796,0.5592,0,0
0.2071006882545,7797,0.5594,0,0
0.20710068994377,7798,0.5596,0,0
0.20710069163337,7799,0.5598,0,0
0.20710069332331,7800,0.56,0,0
0.20710069501358,7801,0.5602,0,0
0.20710069670418,7802,0.5604,0,0
0.20710069839511,7803,0.5606,0,0
0.20710070008639,7804,0.5608,0,0
0.207100701778,7805,0.561,0,0
0.20710070346995,7806,0.5612,0,0
0.20710070516223,7807,0.5614,0,0
0.20710070685486,7808,0.5616,0,0
0.20710070854783,7809,0.5618,0,0
0.20710071024115,7810,0.562,0,0
0.20710071193481,7811,0.5622,0,0
0.20710071362881,7812,0.5624,0,0
0.20710071532316,7813,0.5626,0,0
0.20710071701786,7814,0.5628,0,0
0.2071007187129,7815,0.563,0,0
0.2071007204083,7816,0.5632,0,0
0.20710072210405,7817,0.5634,0,0
0.20710072380015,7818,0.5636,0,0
0.2071007254966,7819,0.5638,0,0
0.20710072719341,7820,0.564,0,0
0.20710072889057,7821,0.5642,0,0
0.20710073058809,7822,0.5644,0,0
0.20710073228597,7823,0.5646,0,0
0.20710073398421,7824,0.5648,0,0
0.20710073568281,7825,0.565,0,0
0.20710073738176,7826,0.5652,0,0
0.20710073908109,7827,0.5654,0,0
0.20710074078077,7828,0.5656,0,0
0.20710074248082,7829,0.5658,0,0
0.20710074418124,7830,0.566,0,0
0.20710074588202,7831,0.5662,0,0
0.20710074758317,7832,0.5664,0,0
0.20710074928469,7833,0.5666,0,0
0.20710075098658,7834,0.5668,0,0
0.20710075268884,7835,0.567,0,0
0.20710075439148,7836,0.5672,0,0
0.20710075609449,7837,0.5674,0,0
0.20710075779787,7838,0.5676,0,0
0.20710075950163,7839,0.5678,0,0
0.20710076120577,7840,0.568,0,0
0.20710076291029,7841,0.5682,0,0
0.20710076461518,7842,0.5684,0,0
0.20710076632046,7843,0.5686,0,0
0.20710076802612,7844,0.5688,0,0
0.20710076973216,7845,0.569,0,0
0.20710077143858,7846,0.5692,0,0
0.20710077314539,7847,0.5694,0,0
0.20710077485259,7848,0.5696,0,0
0.20710077656018,7849,0.5698,0,0
0.20710077826815,7850,0.57,0,0
0.20710077997651,7851,0.5702,0,0
0.20710078168527,7852,0.5704,0,0
0.20710078339441,7853,0.5706,0,0
0.20710078510395,7854,0.5708,0,0
0.20710078681389,7855,0.571,0,0
0.20710078852422,7856,0.5712,0,0
0.20710079023494,7857,0.5714,0,0
0.20710079194607,7858,0.5716,0,0
0.20710079365759,7859,0.5718,0,0
0.20710079536951,7860,0.572,0,0
0.20710079708184,7861,0.5722,0,0
0.20710079879456,7862,0.5724,0,0
0.20710080050769,7863,0.5726,0,0
0.20710080222123,7864,0.5728,0,0
0.20710080393517,7865,0.573,0,0
0.20710080564951,7866,0.5732,0,0
0.20710080736427,7867,0.5734,0,0
0.20710080907943,7868,0.5736,0,0
0.20710081079501,7869,0.5738,0,0
0.20710081251099,7870,0.574,0,0
0.20710081422739,7871,0.5742,0,0
0.20710081594421,7872,0.5744,0,0
0.20710081766143,7873,0.5746,0,0
0.20710081937908,7874,0.5748,0,0
0.20710082109714,7875,0.575,0,0
0.20710082281561,7876,0.5752,0,0
0.20710082453451,7877,0.5754,0,0
0.20710082625383,7878,0.5756,0,0
0.20710082797357,7879,0.5758,0,0
0.20710082969373,7880,0.576,0,0
0.20710083141432,7881,0.5762,0,0
0.20710083313533,7882,0.5764,0,0
0.20710083485677,7883,0.5766,0,0
0.20710083657863,7884,0.5768,0,0
0.20710083830092,7885,0.577,0,0
0.20710084002365,7886,0.5772,0,0
0.2071008417468,7887,0.5774,0,0
0.20710084347039,7888,0.5776,0,0
0.2071008451944,7889,0.5778,0,0
0.20710084691886,7890,0.578,0,0
0.20710084864374,7891,0.5782,0,0
0.20710085036907,7892,0.5784,0,0
0.20710085209483,7893,0.5786,0,0
0.20710085382103,7894,0.5788,0,0
0.20710085554767,7895,0.579,0,0
0.20710085727475,7896,0.5792,0,0
0.20710085900227,7897,0.5794,0,0
0.20710086073023,7898,0.5796,0,0
0.20710086245864,7899,0.5798,0,0
0.2071008641875,7900,0.58,0,0
0.2071008659168,7901,0.5802,0,0
0.20710086764655,7902,0.5804,0,0
0.20710086937675,7903,0.5806,0,0
0.20710087110739,7904,0.5808,0,0
0.20710087283849,7905,0.581,0,0
0.20710087457004,7906,0.5812,0,0
0.20710087630205,7907,0.5814,0,0
0.2071008780345,7908,0.5816,0,0
0.20710087976742,7909,0.5818,0,0
0.20710088150079,7910,0.582,0,0
0.20710088323462,7911,0.5822,0,0
0.2071008849689,7912,0.5824,0,0
0.20710088670365,7913,0.5826,0,0
0.20710088843886,7914,0.5828,0,0
0.20710089017453,7915,0.583,0,0
0.20710089191066,7916,0.5832,0,0
0.20710089364726,7917,0.5834,0,0
0.20710089538432,7918,0.5836,0,0
0.20710089712185,7919,0.5838,0,0
0.20710089885985,7920,0.584,0,0
0.20710090059832,7921,0.5842,0,0
0.20710090233726,7922,0.5844,0,0
0.20710090407667,7923,0.5846,0,0
0.20710090581655,7924,0.5848,0,0
0.2071009075569,7925,0.585,0,0
0.20710090929773,7926,0.5852,0,0
0.20710091103904,7927,0.5854,0,0
0.20710091278082,7928,0.5856,0,0
0.20710091452308,7929,0.5858,0,0
0.20710091626582,7930,0.586,0,0
0.20710091800904,7931,0.5862,0,0
0.20710091975274,7932,0.5864,0,0
0.20710092149692,7933,0.5866,0,0
0.20710092324159,7934,0.5868,0,0
0.20710092498674,7935,0.587,0,0
0.20710092673238,7936,0.5872,0,0
0.2071009284785,7937,0.5874,0,0
0.20710093022512,7938,0.5876,0,0
0.20710093197222,7939,0.5878,0,0
0.20710093371981,7940,0.588,0,0
0.20710093546789,7941,0.5882,0,0
0.20710093721647,7942,0.5884,0,0
0.20710093896554,7943,0.5886,0,0
0.2071009407151,7944,0.5888,0,0
0.20710094246516,7945,0.589,0,0
0.20710094421572,7946,0.5892,0,0
0.20710094596678,7947,0.5894,0,0
0.20710094771833,7948,0.5896,0,0
0.20710094947039,7949,0.5898,0,0
0.20710095122295,7950,0.59,0,0
0.20710095297601,7951,0.5902,0,0
0.20710095472957,7952,0.5904,0,0
0.20710095648364,7953,0.5906,0,0
0.20710095823821,7954,0.5908,0,0
0.20710095999329,7955,0.591,0,0
0.20710096174888,7956,0.5912,0,0
0.20710096350498,7957,0.5914,0,0
0.20710096526159,7958,0.5916,0,0
0.20710096701871,7959,0.5918,0,0
0.20710096877635,7960,0.592,0,0
0.2071009705345,7961,0.5922,0,0
0.20710097229316,7962,0.5924,0,0
0.20710097405234,7963,0.5926,0,0
0.20710097581204,7964,0.5928,0,0
0.20710097757225,7965,0.593,0,0
0.20710097933298,7966,0.5932,0,0
0.20710098109424,7967,0.5934,0,0
0.20710098285601,7968,0.5936,0,0
0.20710098461831,7969,0.5938,0,0
0.20710098638114,7970,0.594,0,0
0.20710098814448,7971,0.5942,0,0
0.20710098990836,7972,0.5944,0,0
0.20710099167276,7973,0.5946,0,0
0.20710099343769,7974,0.5948,0,0
0.20710099520315,7975,0.595,0,0
0.20710099696914,7976,0.5952,0,0
0.20710099873566,7977,0.5954,0,0
0.20710100050271,7978,0.5956,0,0
0.2071010022703,7979,0.5958,0,0
0.20710100403842,7980,0.596,0,0
0.20710100580708,7981,0.5962,0,0
0.20710100757628,7982,0.5964,0,0
0.20710100934601,7983,0.5966,0,0
0.20710101111629,7984,0.5968,0,0
0.2071010128871,7985,0.597,0,0
0.20710101465846,7986,0.5972,0,0
0.20710101643036,7987,0.5974,0,0
0.2071010182028,7988,0.5976,0,0
0.20710101997579,7989,0.5978,0,0
0.20710102174932,7990,0.598,0,0
0.2071010235234,7991,0.5982,0,0
0.20710102529803,7992,0.5984,0,0
0.20710102707321,7993,0.5986,0,0
0.20710102884894,7994,0.5988,0,0
0.20710103062522,7995,0.599,0,0
0.20710103240206,7996,0.5992,0,0
0.20710103417944,7997,0.5994,0,0
0.20710103595739,7998,0.5996,0,0
0.20710103773589,7999,0.5998,0,0
0.20710103951494,8000,0.6,0,0
0.20710104129456,8001,0.6002,0,0
0.20710104307473,8002,0.6004,0,0
0.20710104485547,8003,0.6006,0,0
0.20710104663676,8004,0.6008,0,0
0.20710104841862,8005,0.601,0,0
0.20710105020105,8006,0.6012,0,0
0.20710105198404,8007,0.6014,0,0
0.20710105376759,8008,0.6016,0,0
0.20710105555171,8009,0.6018,0,0
0.2071010573364,8010,0.602,0,0
0.20710105912166,8011,0.6022,0,0
0.20710106090749,8012,0.6024,0,0
0.20710106269389,8013,0.6026,0,0
0.20710106448086,8014,0.6028,0,0
0.20710106626841,8015,0.603,0,0
0.20710106805654,8016,0.6032,0,0
0.20710106984523,8017,0.6034,0,0
0.20710107163451,8018,0.6036,0,0
0.20710107342436,8019,0.6038,0,0
0.2071010752148,8020,0.604,0,0
0.20710107700581,8021,0.6042,0,0
0.20710107879741,8022,0.6044,0,0
0.20710108058959,8023,0.6046,0,0
0.20710108238235,8024,0.6048,0,0
0.20710108417569,8025,0.605,0,0
0.20710108596963,8026,0.6052,0,0
0.20710108776415,8027,0.6054,0,0
0.20710108955925,8028,0.6056,0,0
0.20710109135495,8029,0.6058,0,0
0.20710109315124,8030,0.606,0,0
0.20710109494812,8031,0.6062,0,0
0.20710109674559,8032,0.6064,0,0
0.20710109854366,8033,0.6066,0,0
0.20710110034232,8034,0.6068,0,0
0.20710110214157,8035,0.607,0,0
0.20710110394142,8036,0.6072,0,0
0.20710110574188,8037,0.6074,0,0
0.20710110754293,8038,0.6076,0,0
0.20710110934458,8039,0.6078,0,0
0.20710111114683,8040,0.608,0,0
0.20710111294968,8041,0.6082,0,0
0.20710111475314,8042,0.6084,0,0
0.2071011165572,8043,0.6086,0,0
0.20710111836187,8044,0.6088,0,0
0.20710112016715,8045,0.609,0,0
0.20710112197303,8046,0.6092,0,0
0.20710112377952,8047,0.6094,0,0
0.20710112558662,8048,0.6096,0,0
0.20710112739434,8049,0.6098,0,0
0.20710112920266,8050,0.61,0,0
0.2071011310116,8051,0.6102,0,0
0.20710113282116,8052,0.6104,0,0
0.20710113463133,8053,0.6106,0,0
0.20710113644211,8054,0.6108,0,0
0.20710113825352,8055,0.611,0,0
0.20710114006554,8056,0.6112,0,0
0.20710114187818,8057,0.6114,0,0
0.20710114369145,8058,0.6116,0,0
0.20710114550533,8059,0.6118,0,0
0.20710114731984,8060,0.612,0,0
0.20710114913498,8061,0.6122,0,0
0.20710115095074,8062,0.6124,0,0
0.20710115276712,8063,0.6126,0,0
0.20710115458414,8064,0.6128,0,0
0.20710115640178,8065,0.613,0,0
0.20710115822005,8066,0.6132,0,0
0.20710116003896,8067,0.6134,0,0
0.20710116185849,8068,0.6136,0,0
0.20710116367866,8069,0.6138,0,0
0.20710116549946,8070,0.614,0,0
0.2071011673209,8071,0.6142,0,0
0.20710116914297,8072,0.6144,0,0
0.20710117096569,8073,0.6146,0,0
0.20710117278904,8074,0.6148,0,0
0.20710117461303,8075,0.615,0,0
0.20710117643766,8076,0.6152,0,0
0.20710117826293,8077,0.6154,0,0
0.20710118008885,8078,0.6156,0,0
0.20710118191541,8079,0.6158,0,0
0.20710118374261,8080,0.616,0,0
0.20710118557046,8081,0.6162,0,0
0.20710118739896,8082,0.6164,0,0
0.20710118922811,8083,0.6166,0,0
0.20710119105791,8084,0.6168,0,0
0.20710119288835,8085,0.617,0,0
0.20710119471945,8086,0.6172,0,0
0.2071011965512,8087,0.6174,0,0
0.20710119838361,8088,0.6176,0,0
0.20710120021667,8089,0.6178,0,0
0.20710120205038,8090,0.618,0,0
0.20710120388476,8091,0.6182,0,0
0.20710120571979,8092,0.6184,0,0
0.20710120755548,8093,0.6186,0,0
0.20710120939183,8094,0.6188,0,0
0.20710121122884,8095,0.619,0,0
0.20710121306652,8096,0.6192,0,0
0.20710121490486,8097,0.6194,0,0
0.20710121674386,8098,0.6196,0,0
0.20710121858353,8099,0.6198,0,0
0.20710122042386,8100,0.62,0,0
0.20710122226487,8101,0.6202,0,0
0.20710122410654,8102,0.6204,0,0
0.20710122594888,8103,0.6206,0,0
0.2071012277919,8104,0.6208,0,0
0.20710122963558,8105,0.621,0,0
0.20710123147994,8106,0.6212,0,0
0.20710123332498,8107,0.6214,0,0
0.20710123517069,8108,0.6216,0,0
0.20710123701707,8109,0.6218,0,0
0.20710123886414,8110,0.622,0,0
0.20710124071188,8111,0.6222,0,0
0.2071012425603,8112,0.6224,0,0
0.2071012444094,8113,0.6226,0,0
0.20710124625919,8114,0.6228,0,0
0.20710124810966,8115,0.623,0,0
0.20710124996081,8116,0.6232,0,0
0.20710125181265,8117,0.6234,0,0
0.20710125366517,8118,0.6236,0,0
0.20710125551838,8119,0.6238,0,0
0.20710125737228,8120,0.624,0,0
0.20710125922687,8121,0.6242,0,0
0.20710126108215,8122,0.6244,0,0
0.20710126293813,8123,0.6246,0,0
0.20710126479479,8124,0.6248,0,0
0.20710126665215,8125,0.625,0,0
0.2071012685102,8126,0.6252,0,0
0.20710127036895,8127,0.6254,0,0
0.2071012722284,8128,0.6256,0,0
0.20710127408854,8129,0.6258,0,0
0.20710127594939,8130,0.626,0,0
0.20710127781093,8131,0.6262,0,0
0.20710127967318,8132,0.6264,0,0
0.20710128153612,8133,0.6266,0,0
0.20710128339977,8134,0.6268,0,0
0.20710128526413,8135,0.627,0,0
0.20710128712919,8136,0.6272,0,0
0.20710128899496,8137,0.6274,0,0
0.20710129086144,8138,0.6276,0,0
0.20710129272862,8139,0.6278,0,0
0.20710129459652,8140,0.628,0,0
0.20710129646512,8141,0.6282,0,0
0.20710129833444,8142,0.6284,0,0
0.20710130020447,8143,0.6286,0,0
0.20710130207522,8144,0.6288,0,0
0.20710130394668,8145,0.629,0,0
0.20710130581886,8146,0.6292,0,0
0.20710130769175,8147,0.6294,0,0
0.20710130956537,8148,0.6296,0,0
0.2071013114397,8149,0.6298,0,0
0.20710131331475,8150,0.63,0,0
0.20710131519053,8151,0.6302,0,0
0.20710131706703,8152,0.6304,0,0
0.20710131894425,8153,0.6306,0,0
0.2071013208222,8154,0.6308,0,0
0.20710132270087,8155,0.631,0,0
0.20710132458027,8156,0.6312,0,0
0.2071013264604,8157,0.6314,0,0
0.20710132834126,8158,0.6316,0,0
0.20710133022284,8159,0.6318,0,0
0.20710133210516,8160,0.632,0,0
0.20710133398821,8161,0.6322,0,0
0.207101335872,8162,0.6324,0,0
0.20710133775652,8163,0.6326,0,0
0.20710133964177,8164,0.6328,0,0
0.20710134152777,8165,0.633,0,0
0.2071013434145,8166,0.6332,0,0
0.20710134530197,8167,0.6334,0,0
0.20710134719017,8168,0.6336,0,0
0.20710134907912,8169,0.6338,0,0
0.20710135096881,8170,0.634,0,0
0.20710135285925,8171,0.6342,0,0
0.20710135475043,8172,0.6344,0,0
0.20710135664235,8173,0.6346,0,0
0.20710135853502,8174,0.6348,0,0
0.20710136042844,8175,0.635,0,0
0.2071013623226,8176,0.6352,0,0
0.20710136421752,8177,0.6354,0,0
0.20710136611319,8178,0.6356,0,0
0.2071013680096,8179,0.6358,0,0
0.20710136990677,8180,0.636,0,0
0.2071013718047,8181,0.6362,0,0
0.20710137370338,8182,0.6364,0,0
0.20710137560281,8183,0.6366,0,0
0.207101377503,8184,0.6368,0,0
0.20710137940395,8185,0.637,0,0
0.20710138130566,8186,0.6372,0,0
0.20710138320813,8187,0.6374,0,0
0.20710138511135,8188,0.6376,0,0
0.20710138701535,8189,0.6378,0,0
0.2071013889201,8190,0.638,0,0
0.20710139082562,8191,0.6382,0,0
0.2071013927319,8192,0.6384,0,0
0.20710139463895,8193,0.6386,0,0
0.20710139654677,8194,0.6388,0,0
0.20710139845536,8195,0.639,0,0
0.20710140036471,8196,0.6392,0,0
0.20710140227484,8197,0.6394,0,0
0.20710140418574,8198,0.6396,0,0
0.20710140609741,8199,0.6398,0,0
0.20710140800985,8200,0.64,0,0
0.20710140992307,8201,0.6402,0,0
0.20710141183707,8202,0.6404,0,0
0.20710141375184,8203,0.6406,0,0
0.20710141566739,8204,0.6408,0,0
0.20710141758372,8205,0.641,0,0
0.20710141950083,8206,0.6412,0,0
0.20710142141872,8207,0.6414,0,0
0.2071014233374,8208,0.6416,0,0
0.20710142525685,8209,0.6418,0,0
0.20710142717709,8210,0.642,0,0
0.20710142909812,8211,0.6422,0,0
0.20710143101993,8212,0.6424,0,0
0.20710143294253,8213,0.6426,0,0
0.20710143486592,8214,0.6428,0,0
0.2071014367901,8215,0.643,0,0
0.20710143871506,8216,0.6432,0,0
0.20710144064082,8217,0.6434,0,0
0.20710144256738,8218,0.6436,0,0
0.20710144449472,8219,0.6438,0,0
0.20710144642286,8220,0.644,0,0
0.2071014483518,8221,0.6442,0,0
0.20710145028154,8222,0.6444,0,0
0.20710145221207,8223,0.6446,0,0
0.2071014541434,8224,0.6448,0,0
0.20710145607553,8225,0.645,0,0
0.20710145800846,8226,0.6452,0,0
0.2071014599422,8227,0.6454,0,0
0.20710146187673,8228,0.6456,0,0
0.20710146381208,8229,0.6458,0,0
0.20710146574822,8230,0.646,0,0
0.20710146768518,8231,0.6462,0,0
0.20710146962294,8232,0.6464,0,0
0.20710147156151,8233,0.6466,0,0
0.20710147350088,8234,0.6468,0,0
0.20710147544107,8235,0.647,0,0
0.20710147738207,8236,0.6472,0,0
0.20710147932389,8237,0.6474,0,0
0.20710148126651,8238,0.6476,0,0
0.20710148320995,8239,0.6478,0,0
0.20710148515421,8240,0.648,0,0
0.20710148709929,8241,0.6482,0,0
0.20710148904518,8242,0.6484,0,0
0.20710149099189,8243,0.6486,0,0
0.20710149293942,8244,0.6488,0,0
0.20710149488777,8245,0.649,0,0
0.20710149683694,8246,0.6492,0,0
0.20710149878694,8247,0.6494,0,0
0.20710150073776,8248,0.6496,0,0
0.2071015026894,8249,0.6498,0,0
0.20710150464187,8250,0.65,0,0
0.20710150659517,8251,0.6502,0,0
0.2071015085493,8252,0.6504,0,0
0.20710151050426,8253,0.6506,0,0
0.20710151246004,8254,0.6508,0,0
0.20710151441666,8255,0.651,0,0
0.20710151637411,8256,0.6512,0,0
0.20710151833239,8257,0.6514,0,0
0.20710152029151,8258,0.6516,0,0
0.20710152225146,8259,0.6518,0,0
0.20710152421225,8260,0.652,0,0
0.20710152617388,8261,0.6522,0,0
0.20710152813634,8262,0.6524,0,0
0.20710153009965,8263,0.6526,0,0
0.20710153206379,8264,0.6528,0,0
0.20710153402878,8265,0.653,0,0
0.20710153599461,8266,0.6532,0,0
0.20710153796128,8267,0.6534,0,0
0.2071015399288,8268,0.6536,0,0
0.20710154189717,8269,0.6538,0,0
0.20710154386638,8270,0.654,0,0
0.20710154583644,8271,0.6542,0,0
0.20710154780734,8272,0.6544,0,0
0.2071015497791,8273,0.6546,0,0
0.20710155175171,8274,0.6548,0,0
0.20710155372517,8275,0.655,0,0
0.20710155569948,8276,0.6552,0,0
0.20710155767465,8277,0.6554,0,0
0.20710155965067,8278,0.6556,0,0
0.20710156162755,8279,0.6558,0,0
0.20710156360529,8280,0.656,0,0
0.20710156558388,8281,0.6562,0,0
0.20710156756334,8282,0.6564,0,0
0.20710156954365,8283,0.6566,0,0
0.20710157152482,8284,0.6568,0,0
0.20710157350686,8285,0.657,0,0
0.20710157548976,8286,0.6572,0,0
0.20710157747352,8287,0.6574,0,0
0.20710157945815,8288,0.6576,0,0
0.20710158144365,8289,0.6578,0,0
0.20710158343001,8290,0.658,0,0
0.20710158541724,8291,0.6582,0,0
0.20710158740534,8292,0.6584,0,0
0.20710158939431,8293,0.6586,0,0
0.20710159138416,8294,0.6588,0,0
0.20710159337487,8295,0.659,0,0
0.20710159536646,8296,0.6592,0,0
0.20710159735893,8297,0.6594,0,0
0.20710159935226,8298,0.6596,0,0
0.20710160134648,8299,0.6598,0,0
0.20710160334157,8300,0.66,0,0
0.20710160533754,8301,0.6602,0,0
0.2071016073344,8302,0.6604,0,0
0.20710160933213,8303,0.6606,0,0
0.20710161133074,8304,0.6608,0,0
0.20710161333024,8305,0.661,0,0
0.20710161533062,8306,0.6612,0,0
0.20710161733188,8307,0.6614,0,0
0.20710161933403,8308,0.6616,0,0
0.20710162133707,8309,0.6618,0,0
0.207101623341,8310,0.662,0,0
0.20710162534581,8311,0.6622,0,0
0.20710162735151,8312,0.6624,0,0
0.20710162935811,8313,0.6626,0,0
0.20710163136559,8314,0.6628,0,0
0.20710163337397,8315,0.663,0,0
0.20710163538325,8316,0.6632,0,0
0.20710163739341,8317,0.6634,0,0
0.20710163940448,8318,0.6636,0,0
0.20710164141644,8319,0.6638,0,0
0.2071016434293,8320,0.664,0,0
0.20710164544306,8321,0.6642,0,0
0.20710164745771,8322,0.6644,0,0
0.20710164947327,8323,0.6646,0,0
0.20710165148973,8324,0.6648,0,0
0.2071016535071,8325,0.665,0,0
0.20710165552537,8326,0.6652,0,0
0.20710165754454,8327,0.6654,0,0
0.20710165956462,8328,0.6656,0,0
0.2071016615856,8329,0.6658,0,0
0.2071016636075,8330,0.666,0,0
0.2071016656303,8331,0.6662,0,0
0.20710166765401,8332,0.6664,0,0
0.20710166967864,8333,0.6666,0,0
0.20710167170418,8334,0.6668,0,0
0.20710167373063,8335,0.667,0,0
0.20710167575799,8336,0.6672,0,0
0.20710167778627,8337,0.6674,0,0
0.20710167981546,8338,0.6676,0,0
0.20710168184558,8339,0.6678,0,0
0.20710168387661,8340,0.668,0,0
0.20710168590856,8341,0.6682,0,0
0.20710168794143,8342,0.6684,0,0
0.20710168997522,8343,0.6686,0,0
0.20710169200993,8344,0.6688,0,0
0.20710169404557,8345,0.669,0,0
0.20710169608213,8346,0.6692,0,0
0.20710169811961,8347,0.6694,0,0
0.20710170015802,8348,0.6696,0,0
0.20710170219736,8349,0.6698,0,0
0.20710170423763,8350,0.67,0,0
0.20710170627883,8351,0.6702,0,0
0.20710170832095,8352,0.6704,0,0
0.20710171036401,8353,0.6706,0,0
0.207101712408,8354,0.6708,0,0
0.20710171445292,8355,0.671,0,0
0.20710171649878,8356,0.6712,0,0
0.20710171854558,8357,0.6714,0,0
0.2071017205933,8358,0.6716,0,0
0.20710172264197,8359,0.6718,0,0
0.20710172469158,8360,0.672,0,0
0.20710172674212,8361,0.6722,0,0
0.2071017287936,8362,0.6724,0,0
0.20710173084603,8363,0.6726,0,0
0.2071017328994,8364,0.6728,0,0
0.20710173495371,8365,0.673,0,0
0.20710173700896,8366,0.6732,0,0
0.20710173906516,8367,0.6734,0,0
0.20710174112231,8368,0.6736,0,0
0.2071017431804,8369,0.6738,0,0
0.20710174523944,8370,0.674,0,0
0.20710174729943,8371,0.6742,0,0
0.20710174936037,8372,0.6744,0,0
0.20710175142227,8373,0.6746,0,0
0.20710175348511,8374,0.6748,0,0
0.20710175554891,8375,0.675,0,0
0.20710175761366,8376,0.6752,0,0
0.20710175967937,8377,0.6754,0,0
0.20710176174603,8378,0.6756,0,0
0.20710176381365,8379,0.6758,0,0
0.20710176588223,8380,0.676,0,0
0.20710176795177,8381,0.6762,0,0
0.20710177002226,8382,0.6764,0,0
0.20710177209372,8383,0.6766,0,0
0.20710177416614,8384,0.6768,0,0
0.20710177623953,8385,0.677,0,0
0.20710177831387,8386,0.6772,0,0
0.20710178038919,8387,0.6774,0,0
0.20710178246547,8388,0.6776,0,0
0.20710178454271,8389,0.6778,0,0
0.20710178662093,8390,0.678,0,0
0.20710178870011,8391,0.6782,0,0
0.20710179078026,8392,0.6784,0,0
0.20710179286139,8393,0.6786,0,0
0.20710179494348,8394,0.6788,0,0
0.20710179702655,8395,0.679,0,0
0.20710179911059,8396,0.6792,0,0
0.20710180119561,8397,0.6794,0,0
0.20710180328161,8398,0.6796,0,0
0.20710180536858,8399,0.6798,0,0
0.20710180745653,8400,0.68,0,0
0.20710180954545,8401,0.6802,0,0
0.20710181163536,8402,0.6804,0,0
0.20710181372625,8403,0.6806,0,0
0.20710181581812,8404,0.6808,0,0
0.20710181791097,8405,0.681,0,0
0.20710182000481,8406,0.6812,0,0
0.20710182209963,8407,0.6814,0,0
0.20710182419544,8408,0.6816,0,0
0.20710182629223,8409,0.6818,0,0
0.20710182839001,8410,0.682,0,0
0.20710183048878,8411,0.6822,0,0
0.20710183258854,8412,0.6824,0,0
0.2071018346893,8413,0.6826,0,0
0.20710183679104,8414,0.6828,0,0
0.20710183889377,8415,0.683,0,0
0.2071018409975,8416,0.6832,0,0
0.20710184310222,8417,0.6834,0,0
0.20710184520794,8418,0.6836,0,0
0.20710184731466,8419,0.6838,0,0
0.20710184942237,8420,0.684,0,0
0.20710185153108,8421,0.6842,0,0
0.20710185364079,8422,0.6844,0,0
0.2071018557515,8423,0.6846,0,0
0.20710185786322,8424,0.6848,0,0
0.20710185997593,8425,0.685,0,0
0.20710186208965,8426,0.6852,0,0
0.20710186420437,8427,0.6854,0,0
0.2071018663201,8428,0.6856,0,0
0.20710186843683,8429,0.6858,0,0
0.20710187055457,8430,0.686,0,0
0.20710187267332,8431,0.6862,0,0
0.20710187479308,8432,0.6864,0,0
0.20710187691385,8433,0.6866,0,0
0.20710187903563,8434,0.6868,0,0
0.20710188115842,8435,0.687,0,0
0.20710188328223,8436,0.6872,0,0
0.20710188540705,8437,0.6874,0,0
0.20710188753288,8438,0.6876,0,0
0.20710188965973,8439,0.6878,0,0
0.2071018917876,8440,0.688,0,0
0.20710189391648,8441,0.6882,0,0
0.20710189604639,8442,0.6884,0,0
0.20710189817731,8443,0.6886,0,0
0.20710190030926,8444,0.6888,0,0
0.20710190244222,8445,0.689,0,0
0.20710190457621,8446,0.6892,0,0
0.20710190671122,8447,0.6894,0,0
0.20710190884726,8448,0.6896,0,0
0.20710191098432,8449,0.6898,0,0
0.20710191312241,8450,0.69,0,0
0.20710191526153,8451,0.6902,0,0
0.20710191740168,8452,0.6904,0,0
0.20710191954285,8453,0.6906,0,0
0.20710192168506,8454,0.6908,0,0
0.20710192382829,8455,0.691,0,0
0.20710192597256,8456,0.6912,0,0
0.20710192811787,8457,0.6914,0,0
0.2071019302642,8458,0.6916,0,0
0.20710193241157,8459,0.6918,0,0
0.20710193455998,8460,0.692,0,0
0.20710193670943,8461,0.6922,0,0
0.20710193885991,8462,0.6924,0,0
0.20710194101144,8463,0.6926,0,0
0.207101943164,8464,0.6928,0,0
0.2071019453176,8465,0.693,0,0
0.20710194747225,8466,0.6932,0,0
0.20710194962794,8467,0.6934,0,0
0.20710195178467,8468,0.6936,0,0
0.20710195394245,8469,0.6938,0,0
0.20710195610127,8470,0.694,0,0
0.20710195826114,8471,0.6942,0,0
0.20710196042206,8472,0.6944,0,0
0.20710196258403,8473,0.6946,0,0
0.20710196474704,8474,0.6948,0,0
0.20710196691111,8475,0.695,0,0
0.20710196907623,8476,0.6952,0,0
0.2071019712424,8477,0.6954,0,0
0.20710197340962,8478,0.6956,0,0
0.2071019755779,8479,0.6958,0,0
0.20710197774723,8480,0.696,0,0
0.20710197991762,8481,0.6962,0,0
0.20710198208907,8482,0.6964,0,0
0.20710198426158,8483,0.6966,0,0
0.20710198643514,8484,0.6968,0,0
0.20710198860977,8485,0.697,0,0
0.20710199078545,8486,0.6972,0,0
0.2071019929622,8487,0.6974,0,0
0.20710199514001,8488,0.6976,0,0
0.20710199731888,8489,0.6978,0,0
0.20710199949882,8490,0.698,0,0
0.20710200167983,8491,0.6982,0,0
0.2071020038619,8492,0.6984,0,0
0.20710200604504,8493,0.6986,0,0
0.20710200822925,8494,0.6988,0,0
0.20710201041453,8495,0.699,0,0
0.20710201260087,8496,0.6992,0,0
0.20710201478829,8497,0.6994,0,0
0.20710201697679,8498,0.6996,0,0
0.20710201916635,8499,0.6998,0,0
0.20710202135699,8500,0.7,0,0
0.20710202354871,8501,0.7002,0,0
0.2071020257415,8502,0.7004,0,0
0.20710202793537,8503,0.7006,0,0
0.20710203013031,8504,0.7008,0,0
0.20710203232634,8505,0.701,0,0
0.20710203452344,8506,0.7012,0,0
0.20710203672163,8507,0.7014,0,0
0.2071020389209,8508,0.7016,0,0
0.20710204112125,8509,0.7018,0,0
0.20710204332268,8510,0.702,0,0
0.2071020455252,8511,0.7022,0,0
0.2071020477288,8512,0.7024,0,0
0.20710204993349,8513,0.7026,0,0
0.20710205213927,8514,0.7028,0,0
0.20710205434614,8515,0.703,0,0
0.2071020565541,8516,0.7032,0,0
0.20710205876314,8517,0.7034,0,0
0.20710206097328,8518,0.7036,0,0
0.20710206318451,8519,0.7038,0,0
0.20710206539683,8520,0.704,0,0
0.20710206761025,8521,0.7042,0,0
0.20710206982476,8522,0.7044,0,0
0.20710207204037,8523,0.7046,0,0
0.20710207425707,8524,0.7048,0,0
0.20710207647487,8525,0.705,0,0
0.20710207869377,8526,0.7052,0,0
0.20710208091377,8527,0.7054,0,0
0.20710208313487,8528,0.7056,0,0
0.20710208535708,8529,0.7058,0,0
0.20710208758038,8530,0.706,0,0
0.20710208980479,8531,0.7062,0,0
0.2071020920303,8532,0.7064,0,0
0.20710209425692,8533,0.7066,0,0
0.20710209648464,8534,0.7068,0,0
0.20710209871347,8535,0.707,0,0
0.20710210094341,8536,0.7072,0,0
0.20710210317445,8537,0.7074,0,0
0.20710210540661,8538,0.7076,0,0
0.20710210763988,8539,0.7078,0,0
0.20710210987426,8540,0.708,0,0
0.20710211210975,8541,0.7082,0,0
0.20710211434636,8542,0.7084,0,0
0.20710211658407,8543,0.7086,0,0
0.20710211882291,8544,0.7088,0,0
0.20710212106286,8545,0.709,0,0
0.20710212330393,8546,0.7092,0,0
0.20710212554612,8547,0.7094,0,0
0.20710212778942,8548,0.7096,0,0
0.20710213003385,8549,0.7098,0,0
0.20710213227939,8550,0.71,0,0
0.20710213452606,8551,0.7102,0,0
0.20710213677385,8552,0.7104,0,0
0.20710213902277,8553,0.7106,0,0
0.20710214127281,8554,0.7108,0,0
0.20710214352397,8555,0.711,0,0
0.20710214577626,8556,0.7112,0,0
0.20710214802968,8557,0.7114,0,0
0.20710215028423,8558,0.7116,0,0
0.2071021525399,8559,0.7118,0,0
0.20710215479671,8560,0.712,0,0
0.20710215705465,8561,0.7122,0,0
0.20710215931371,8562,0.7124,0,0
0.20710216157392,8563,0.7126,0,0
0.20710216383525,8564,0.7128,0,0
0.20710216609772,8565,0.713,0,0
0.20710216836133,8566,0.7132,0,0
0.20710217062607,8567,0.7134,0,0
0.20710217289195,8568,0.7136,0,0
0.20710217515896,8569,0.7138,0,0
0.20710217742712,8570,0.714,0,0
0.20710217969642,8571,0.7142,0,0
0.20710218196686,8572,0.7144,0,0
0.20710218423844,8573,0.7146,0,0
0.20710218651116,8574,0.7148,0,0
0.20710218878503,8575,0.715,0,0
0.20710219106004,8576,0.7152,0,0
0.20710219333619,8577,0.7154,0,0
0.2071021956135,8578,0.7156,0,0
0.20710219789195,8579,0.7158,0,0
0.20710220017155,8580,0.716,0,0
0.20710220245229,8581,0.7162,0,0
0.20710220473419,8582,0.7164,0,0
0.20710220701724,8583,0.7166,0,0
0.20710220930144,8584,0.7168,0,0
0.2071022115868,8585,0.717,0,0
0.2071022138733,8586,0.7172,0,0
0.20710221616097,8587,0.7174,0,0
0.20710221844979,8588,0.7176,0,0
0.20710222073976,8589,0.7178,0,0
0.20710222303089,8590,0.718,0,0
0.20710222532318,8591,0.7182,0,0
0.20710222761663,8592,0.7184,0,0
0.20710222991124,8593,0.7186,0,0
0.20710223220701,8594,0.7188,0,0
0.20710223450394,8595,0.719,0,0
0.20710223680204,8596,0.7192,0,0
0.2071022391013,8597,0.7194,0,0
0.20710224140172,8598,0.7196,0,0
0.20710224370331,8599,0.7198,0,0
0.20710224600606,8600,0.72,0,0
0.20710224830999,8601,0.7202,0,0
0.20710225061508,8602,0.7204,0,0
0.20710225292134,8603,0.7206,0,0
0.20710225522877,8604,0.7208,0,0
0.20710225753737,8605,0.721,0,0
0.20710225984714,8606,0.7212,0,0
0.20710226215808,8607,0.7214,0,0
0.2071022644702,8608,0.7216,0,0
0.20710226678349,8609,0.7218,0,0
0.20710226909796,8610,0.722,0,0
0.20710227141361,8611,0.7222,0,0
0.20710227373043,8612,0.7224,0,0
0.20710227604843,8613,0.7226,0,0
0.2071022783676,8614,0.7228,0,0
0.20710228068796,8615,0.723,0,0
0.2071022830095,8616,0.7232,0,0
0.20710228533222,8617,0.7234,0,0
0.20710228765612,8618,0.7236,0,0
0.20710228998121,8619,0.7238,0,0
0.20710229230748,8620,0.724,0,0
0.20710229463494,8621,0.7242,0,0
0.20710229696358,8622,0.7244,0,0
0.2071022992934,8623,0.7246,0,0
0.20710230162442,8624,0.7248,0,0
0.20710230395663,8625,0.725,0,0
0.20710230629002,8626,0.7252,0,0
0.2071023086246,8627,0.7254,0,0
0.20710231096038,8628,0.7256,0,0
0.20710231329735,8629,0.7258,0,0
0.20710231563551,8630,0.726,0,0
0.20710231797487,8631,0.7262,0,0
0.20710232031542,8632,0.7264,0,0
0.20710232265716,8633,0.7266,0,0
0.2071023250001,8634,0.7268,0,0
0.20710232734424,8635,0.727,0,0
0.20710232968958,8636,0.7272,0,0
0.20710233203612,8637,0.7274,0,0
0.20710233438386,8638,0.7276,0,0
0.2071023367328,8639,0.7278,0,0
0.20710233908294,8640,0.728,0,0
0.20710234143428,8641,0.7282,0,0
0.20710234378683,8642,0.7284,0,0
0.20710234614058,8643,0.7286,0,0
0.20710234849554,8644,0.7288,0,0
0.2071023508517,8645,0.729,0,0
0.20710235320907,8646,0.7292,0,0
0.20710235556765,8647,0.7294,0,0
0.20710235792744,8648,0.7296,0,0
0.20710236028844,8649,0.7298,0,0
0.20710236265065,8650,0.73,0,0
0.20710236501407,8651,0.7302,0,0
0.2071023673787,8652,0.7304,0,0
0.20710236974454,8653,0.7306,0,0
0.2071023721116,8654,0.7308,0,0
0.20710237447988,8655,0.731,0,0
0.20710237684937,8656,0.7312,0,0
0.20710237922008,8657,0.7314,0,0
0.207102381592,8658,0.7316,0,0
0.20710238396514,8659,0.7318,0,0
0.20710238633951,8660,0.732,0,0
0.20710238871509,8661,0.7322,0,0
0.2071023910919,8662,0.7324,0,0
0.20710239346992,8663,0.7326,0,0
0.20710239584917,8664,0.7328,0,0
0.20710239822965,8665,0.733,0,0
0.20710240061134,8666,0.7332,0,0
0.20710240299427,8667,0.7334,0,0
0.20710240537842,8668,0.7336,0,0
0.20710240776379,8669,0.7338,0,0
0.2071024101504,8670,0.734,0,0
0.20710241253823,8671,0.7342,0,0
0.2071024149273,8672,0.7344,0,0
0.20710241731759,8673,0.7346,0,0
0.20710241970912,8674,0.7348,0,0
0.20710242210187,8675,0.735,0,0
0.20710242449586,8676,0.7352,0,0
0.20710242689109,8677,0.7354,0,0
0.20710242928755,8678,0.7356,0,0
0.20710243168525,8679,0.7358,0,0
0.20710243408418,8680,0.736,0,0
0.20710243648435,8681,0.7362,0,0
0.20710243888576,8682,0.7364,0,0
0.20710244128841,8683,0.7366,0,0
0.2071024436923,8684,0.7368,0,0
0.20710244609743,8685,0.737,0,0
0.2071024485038,8686,0.7372,0,0
0.20710245091141,8687,0.7374,0,0
0.20710245332027,8688,0.7376,0,0
0.20710245573037,8689,0.7378,0,0
0.20710245814172,8690,0.738,0,0
0.20710246055431,8691,0.7382,0,0
0.20710246296815,8692,0.7384,0,0
0.20710246538324,8693,0.7386,0,0
0.20710246779958,8694,0.7388,0,0
0.20710247021716,8695,0.739,0,0
0.207102472636,8696,0.7392,0,0
0.20710247505609,8697,0.7394,0,0
0.20710247747743,8698,0.7396,0,0
0.20710247990002,8699,0.7398,0,0
0.20710248232387,8700,0.74,0,0
0.20710248474897,8701,0.7402,0,0
0.20710248717533,8702,0.7404,0,0
0.20710248960294,8703,0.7406,0,0
0.20710249203181,8704,0.7408,0,0
0.20710249446194,8705,0.741,0,0
0.20710249689333,8706,0.7412,0,0
0.20710249932598,8707,0.7414,0,0
0.20710250175988,8708,0.7416,0,0
0.20710250419505,8709,0.7418,0,0
0.20710250663148,8710,0.742,0,0
0.20710250906918,8711,0.7422,0,0
0.20710251150814,8712,0.7424,0,0
0.20710251394836,8713,0.7426,0,0
0.20710251638985,8714,0.7428,0,0
0.20710251883261,8715,0.743,0,0
0.20710252127663,8716,0.7432,0,0
0.20710252372192,8717,0.7434,0,0
0.20710252616848,8718,0.7436,0,0
0.20710252861631,8719,0.7438,0,0
0.20710253106541,8720,0.744,0,0
0.20710253351578,8721,0.7442,0,0
0.20710253596743,8722,0.7444,0,0
0.20710253842034,8723,0.7446,0,0
0.20710254087454,8724,0.7448,0,0
0.20710254333,8725,0.745,0,0
0.20710254578674,8726,0.7452,0,0
0.20710254824476,8727,0.7454,0,0
0.20710255070406,8728,0.7456,0,0
0.20710255316463,8729,0.7458,0,0
0.20710255562649,8730,0.746,0,0
0.20710255808962,8731,0.7462,0,0
0.20710256055404,8732,0.7464,0,0
0.20710256301973,8733,0.7466,0,0
0.20710256548671,8734,0.7468,0,0
0.20710256795497,8735,0.747,0,0
0.20710257042452,8736,0.7472,0,0
0.20710257289535,8737,0.7474,0,0
0.20710257536746,8738,0.7476,0,0
0.20710257784086,8739,0.7478,0,0
0.20710258031555,8740,0.748,0,0
0.20710258279153,8741,0.7482,0,0
0.2071025852688,8742,0.7484,0,0
0.20710258774736,8743,0.7486,0,0
0.20710259022721,8744,0.7488,0,0
0.20710259270834,8745,0.749,0,0
0.20710259519078,8746,0.7492,0,0
0.2071025976745,8747,0.7494,0,0
0.20710260015952,8748,0.7496,0,0
0.20710260264583,8749,0.7498,0,0
0.20710260513344,8750,0.75,0,0
0.20710260762235,8751,0.7502,0,0
0.20710261011255,8752,0.7504,0,0
0.20710261260405,8753,0.7506,0,0
0.20710261509685,8754,0.7508,0,0
0.20710261759095,8755,0.751,0,0
0.20710262008635,8756,0.7512,0,0
0.20710262258306,8757,0.7514,0,0
0.20710262508106,8758,0.7516,0,0
0.20710262758037,8759,0.7518,0,0
0.20710263008098,8760,0.752,0,0
0.2071026325829,8761,0.7522,0,0
0.20710263508612,8762,0.7524,0,0
0.20710263759064,8763,0.7526,0,0
0.20710264009648,8764,0.7528,0,0
0.20710264260362,8765,0.753,0,0
0.20710264511207,8766,0.7532,0,0
0.20710264762183,8767,0.7534,0,0
0.20710265013291,8768,0.7536,0,0
0.20710265264529,8769,0.7538,0,0
0.20710265515898,8770,0.754,0,0
0.20710265767399,8771,0.7542,0,0
0.20710266019031,8772,0.7544,0,0
0.20710266270795,8773,0.7546,0,0
0.2071026652269,8774,0.7548,0,0
0.20710266774717,8775,0.755,0,0
0.20710267026875,8776,0.7552,0,0
0.20710267279165,8777,0.7554,0,0
0.20710267531587,8778,0.7556,0,0
0.20710267784141,8779,0.7558,0,0
0.20710268036827,8780,0.756,0,0
0.20710268289646,8781,0.7562,0,0
0.20710268542596,8782,0.7564,0,0
0.20710268795678,8783,0.7566,0,0
0.20710269048893,8784,0.7568,0,0
0.2071026930224,8785,0.757,0,0
0.2071026955572,8786,0.7572,0,0
0.20710269809333,8787,0.7574,0,0
0.20710270063078,8788,0.7576,0,0
0.20710270316955,8789,0.7578,0,0
0.20710270570966,8790,0.758,0,0
0.20710270825109,8791,0.7582,0,0
0.20710271079386,8792,0.7584,0,0
0.20710271333795,8793,0.7586,0,0
0.20710271588338,8794,0.7588,0,0
0.20710271843014,8795,0.759,0,0
0.20710272097823,8796,0.7592,0,0
0.20710272352766,8797,0.7594,0,0
0.20710272607842,8798,0.7596,0,0
0.20710272863051,8799,0.7598,0,0
0.20710273118395,8800,0.76,0,0
0.20710273373872,8801,0.7602,0,0
0.20710273629482,8802,0.7604,0,0
0.20710273885227,8803,0.7606,0,0
0.20710274141105,8804,0.7608,0,0
0.20710274397118,8805,0.761,0,0
0.20710274653265,8806,0.7612,0,0
0.20710274909545,8807,0.7614,0,0
0.2071027516596,8808,0.7616,0,0
0.2071027542251,8809,0.7618,0,0
0.20710275679194,8810,0.762,0,0
0.20710275936012,8811,0.7622,0,0
0.20710276192965,8812,0.7624,0,0
0.20710276450052,8813,0.7626,0,0
0.20710276707275,8814,0.7628,0,0
0.20710276964632,8815,0.763,0,0
0.20710277222124,8816,0.7632,0,0
0.20710277479751,8817,0.7634,0,0
0.20710277737513,8818,0.7636,0,0
0.2071027799541,8819,0.7638,0,0
0.20710278253442,8820,0.764,0,0
0.2071027851161,8821,0.7642,0,0
0.20710278769913,8822,0.7644,0,0
0.20710279028351,8823,0.7646,0,0
0.20710279286925,8824,0.7648,0,0
0.20710279545635,8825,0.765,0,0
0.2071027980448,8826,0.7652,0,0
0.20710280063461,8827,0.7654,0,0
0.20710280322578,8828,0.7656,0,0
0.20710280581831,8829,0.7658,0,0
0.20710280841219,8830,0.766,0,0
0.20710281100744,8831,0.7662,0,0
0.20710281360405,8832,0.7664,0,0
0.20710281620202,8833,0.7666,0,0
0.20710281880136,8834,0.7668,0,0
0.20710282140206,8835,0.767,0,0
0.20710282400412,8836,0.7672,0,0
0.20710282660755,8837,0.7674,0,0
0.20710282921235,8838,0.7676,0,0
0.20710283181851,8839,0.7678,0,0
0.20710283442604,8840,0.768,0,0
0.20710283703493,8841,0.7682,0,0
0.2071028396452,8842,0.7684,0,0
0.20710284225684,8843,0.7686,0,0
0.20710284486985,8844,0.7688,0,0
0.20710284748423,8845,0.769,0,0
0.20710285009998,8846,0.7692,0,0
0.20710285271711,8847,0.7694,0,0
0.20710285533561,8848,0.7696,0,0
0.20710285795548,8849,0.7698,0,0
0.20710286057673,8850,0.77,0,0
0.20710286319935,8851,0.7702,0,0
0.20710286582336,8852,0.7704,0,0
0.20710286844874,8853,0.7706,0,0
0.2071028710755,8854,0.7708,0,0
0.20710287370364,8855,0.771,0,0
0.20710287633315,8856,0.7712,0,0
0.20710287896405,8857,0.7714,0,0
0.20710288159633,8858,0.7716,0,0
0.20710288423,8859,0.7718,0,0
0.20710288686504,8860,0.772,0,0
0.20710288950147,8861,0.7722,0,0
0.20710289213929,8862,0.7724,0,0
0.20710289477849,8863,0.7726,0,0
0.20710289741908,8864,0.7728,0,0
0.20710290006105,8865,0.773,0,0
0.20710290270441,8866,0.7732,0,0
0.20710290534916,8867,0.7734,0,0
0.2071029079953,8868,0.7736,0,0
0.20710291064283,8869,0.7738,0,0
0.20710291329175,8870,0.774,0,0
0.20710291594206,8871,0.7742,0,0
0.20710291859377,8872,0.7744,0,0
0.20710292124686,8873,0.7746,0,0
0.20710292390135,8874,0.7748,0,0
0.20710292655724,8875,0.775,0,0
0.20710292921452,8876,0.7752,0,0
0.20710293187319,8877,0.7754,0,0
0.20710293453327,8878,0.7756,0,0
0.20710293719474,8879,0.7758,0,0
0.20710293985761,8880,0.776,0,0
0.20710294252188,8881,0.7762,0,0
0.20710294518755,8882,0.7764,0,0
0.20710294785461,8883,0.7766,0,0
0.20710295052308,8884,0.7768,0,0
0.20710295319296,8885,0.777,0,0
0.20710295586423,8886,0.7772,0,0
0.20710295853691,8887,0.7774,0,0
0.20710296121099,8888,0.7776,0,0
0.20710296388648,8889,0.7778,0,0
0.20710296656338,8890,0.778,0,0
0.20710296924168,8891,0.7782,0,0
0.20710297192139,8892,0.7784,0,0
0.2071029746025,8893,0.7786,0,0
0.20710297728503,8894,0.7788,0,0
0.20710297996896,8895,0.779,0,0
0.20710298265431,8896,0.7792,0,0
0.20710298534106,8897,0.7794,0,0
0.20710298802923,8898,0.7796,0,0
0.20710299071881,8899,0.7798,0,0
0.20710299340981,8900,0.78,0,0
0.20710299610222,8901,0.7802,0,0
0.20710299879604,8902,0.7804,0,0
0.20710300149128,8903,0.7806,0,0
0.20710300418793,8904,0.7808,0,0
0.207103006886,8905,0.781,0,0
0.20710300958549,8906,0.7812,0,0
0.2071030122864,8907,0.7814,0,0
0.20710301498873,8908,0.7816,0,0
0.20710301769248,8909,0.7818,0,0
0.20710302039764,8910,0.782,0,0
0.20710302310423,8911,0.7822,0,0
0.20710302581225,8912,0.7824,0,0
0.20710302852168,8913,0.7826,0,0
0.20710303123254,8914,0.7828,0,0
0.20710303394482,8915,0.783,0,0
0.20710303665853,8916,0.7832,0,0
0.20710303937366,8917,0.7834,0,0
0.20710304209022,8918,0.7836,0,0
0.20710304480821,8919,0.7838,0,0
0.20710304752763,8920,0.784,0,0
0.20710305024847,8921,0.7842,0,0
0.20710305297075,8922,0.7844,0,0
0.20710305569445,8923,0.7846,0,0
0.20710305841959,8924,0.7848,0,0
0.20710306114615,8925,0.785,0,0
0.20710306387415,8926,0.7852,0,0
0.20710306660359,8927,0.7854,0,0
0.20710306933445,8928,0.7856,0,0
0.20710307206676,8929,0.7858,0,0
0.20710307480049,8930,0.786,0,0
0.20710307753566,8931,0.7862,0,0
0.20710308027227,8932,0.7864,0,0
0.20710308301032,8933,0.7866,0,0
0.20710308574981,8934,0.7868,0,0
0.20710308849073,8935,0.787,0,0
0.2071030912331,8936,0.7872,0,0
0.2071030939769,8937,0.7874,0,0
0.20710309672215,8938,0.7876,0,0
0.20710309946884,8939,0.7878,0,0
0.20710310221697,8940,0.788,0,0
0.20710310496654,8941,0.7882,0,0
0.20710310771756,8942,0.7884,0,0
0.20710311047002,8943,0.7886,0,0
0.20710311322393,8944,0.7888,0,0
0.20710311597928,8945,0.789,0,0
0.20710311873608,8946,0.7892,0,0
0.20710312149433,8947,0.7894,0,0
0.20710312425403,8948,0.7896,0,0
0.20710312701518,8949,0.7898,0,0
0.20710312977777,8950,0.79,0,0
0.20710313254182,8951,0.7902,0,0
0.20710313530732,8952,0.7904,0,0
0.20710313807427,8953,0.7906,0,0
0.20710314084267,8954,0.7908,0,0
0.20710314361253,8955,0.791,0,0
0.20710314638384,8956,0.7912,0,0
0.2071031491566,8957,0.7914,0,0
0.20710315193082,8958,0.7916,0,0
0.2071031547065,8959,0.7918,0,0
0.20710315748363,8960,0.792,0,0
0.20710316026222,8961,0.7922,0,0
0.20710316304227,8962,0.7924,0,0
0.20710316582378,8963,0.7926,0,0
0.20710316860675,8964,0.7928,0,0
0.20710317139117,8965,0.793,0,0
0.20710317417706,8966,0.7932,0,0
0.20710317696442,8967,0.7934,0,0
0.20710317975323,8968,0.7936,0,0
0.20710318254351,8969,0.7938,0,0
0.20710318533525,8970,0.794,0,0
0.20710318812845,8971,0.7942,0,0
0.20710319092313,8972,0.7944,0,0
0.20710319371926,8973,0.7946,0,0
0.20710319651687,8974,0.7948,0,0
0.20710319931594,8975,0.795,0,0
0.20710320211648,8976,0.7952,0,0
0.20710320491849,8977,0.7954,0,0
0.20710320772197,8978,0.7956,0,0
0.20710321052691,8979,0.7958,0,0
0.20710321333333,8980,0.796,0,0
0.20710321614122,8981,0.7962,0,0
0.20710321895059,8982,0.7964,0,0
0.20710322176142,8983,0.7966,0,0
0.20710322457374,8984,0.7968,0,0
0.20710322738752,8985,0.797,0,0
0.20710323020278,8986,0.7972,0,0
0.20710323301952,8987,0.7974,0,0
0.20710323583773,8988,0.7976,0,0
0.20710323865742,8989,0.7978,0,0
0.20710324147859,8990,0.798,0,0
0.20710324430123,8991,0.7982,0,0
0.20710324712536,8992,0.7984,0,0
0.20710324995096,8993,0.7986,0,0
0.20710325277805,8994,0.7988,0,0
0.20710325560662,8995,0.799,0,0
0.20710325843667,8996,0.7992,0,0
0.2071032612682,8997,0.7994,0,0
0.20710326410121,8998,0.7996,0,0
0.20710326693571,8999,0.7998,0,0
0.2071032697717,9000,0.8,0,0
0.20710327260917,9001,0.8002,0,0
0.20710327544812,9002,0.8004,0,0
0.20710327828857,9003,0.8006,0,0
0.2071032811305,9004,0.8008,0,0
0.20710328397392,9005,0.801,0,0
0.20710328681882,9006,0.8012,0,0
0.20710328966522,9007,0.8014,0,0
0.20710329251311,9008,0.8016,0,0
0.20710329536249,9009,0.8018,0,0
0.20710329821336,9010,0.802,0,0
0.20710330106572,9011,0.8022,0,0
0.20710330391958,9012,0.8024,0,0
0.20710330677493,9013,0.8026,0,0
0.20710330963177,9014,0.8028,0,0
0.20710331249011,9015,0.803,0,0
0.20710331534994,9016,0.8032,0,0
0.20710331821127,9017,0.8034,0,0
0.2071033210741,9018,0.8036,0,0
0.20710332393843,9019,0.8038,0,0
0.20710332680425,9020,0.804,0,0
0.20710332967157,9021,0.8042,0,0
0.2071033325404,9022,0.8044,0,0
0.20710333541072,9023,0.8046,0,0
0.20710333828254,9024,0.8048,0,0
0.20710334115587,9025,0.805,0,0
0.2071033440307,9026,0.8052,0,0
0.20710334690703,9027,0.8054,0,0
0.20710334978486,9028,0.8056,0,0
0.2071033526642,9029,0.8058,0,0
0.20710335554505,9030,0.806,0,0
0.2071033584274,9031,0.8062,0,0
0.20710336131126,9032,0.8064,0,0
0.20710336419662,9033,0.8066,0,0
0.20710336708349,9034,0.8068,0,0
0.20710336997187,9035,0.807,0,0
0.20710337286176,9036,0.8072,0,0
0.20710337575316,9037,0.8074,0,0
0.20710337864607,9038,0.8076,0,0
0.20710338154049,9039,0.8078,0,0
0.20710338443643,9040,0.808,0,0
0.20710338733387,9041,0.8082,0,0
0.20710339023283,9042,0.8084,0,0
0.2071033931333,9043,0.8086,0,0
0.20710339603529,9044,0.8088,0,0
0.20710339893879,9045,0.809,0,0
0.2071034018438,9046,0.8092,0,0
0.20710340475034,9047,0.8094,0,0
0.20710340765839,9048,0.8096,0,0
0.20710341056796,9049,0.8098,0,0
0.20710341347904,9050,0.81,0,0
0.20710341639165,9051,0.8102,0,0
0.20710341930577,9052,0.8104,0,0
0.20710342222142,9053,0.8106,0,0
0.20710342513858,9054,0.8108,0,0
0.20710342805727,9055,0.811,0,0
0.20710343097748,9056,0.8112,0,0
0.20710343389922,9057,0.8114,0,0
0.20710343682247,9058,0.8116,0,0
0.20710343974725,9059,0.8118,0,0
0.20710344267356,9060,0.812,0,0
0.20710344560139,9061,0.8122,0,0
0.20710344853075,9062,0.8124,0,0
0.20710345146163,9063,0.8126,0,0
0.20710345439404,9064,0.8128,0,0
0.20710345732798,9065,0.813,0,0
0.20710346026345,9066,0.8132,0,0
0.20710346320045,9067,0.8134,0,0
0.20710346613898,9068,0.8136,0,0
0.20710346907904,9069,0.8138,0,0
0.20710347202063,9070,0.814,0,0
0.20710347496375,9071,0.8142,0,0
0.2071034779084,9072,0.8144,0,0
0.20710348085459,9073,0.8146,0,0
0.20710348380231,9074,0.8148,0,0
0.20710348675157,9075,0.815,0,0
0.20710348970236,9076,0.8152,0,0
0.20710349265469,9077,0.8154,0,0
0.20710349560855,9078,0.8156,0,0
0.20710349856395,9079,0.8158,0,0
0.20710350152089,9080,0.816,0,0
0.20710350447937,9081,0.8162,0,0
0.20710350743939,9082,0.8164,0,0
0.20710351040094,9083,0.8166,0,0
0.20710351336404,9084,0.8168,0,0
0.20710351632868,9085,0.817,0,0
0.20710351929485,9086,0.8172,0,0
0.20710352226258,9087,0.8174,0,0
0.20710352523184,9088,0.8176,0,0
0.20710352820265,9089,0.8178,0,0
0.207103531175,9090,0.818,0,0
0.20710353414889,9091,0.8182,0,0
0.20710353712433,9092,0.8184,0,0
0.20710354010132,9093,0.8186,0,0
0.20710354307986,9094,0.8188,0,0
0.20710354605994,9095,0.819,0,0
0.20710354904157,9096,0.8192,0,0
0.20710355202474,9097,0.8194,0,0
0.20710355500947,9098,0.8196,0,0
0.20710355799575,9099,0.8198,0,0
0.20710356098357,9100,0.82,0,0
0.20710356397295,9101,0.8202,0,0
0.20710356696388,9102,0.8204,0,0
0.20710356995636,9103,0.8206,0,0
0.2071035729504,9104,0.8208,0,0
0.20710357594598,9105,0.821,0,0
0.20710357894313,9106,0.8212,0,0
0.20710358194182,9107,0.8214,0,0
0.20710358494207,9108,0.8216,0,0
0.20710358794388,9109,0.8218,0,0
0.20710359094725,9110,0.822,0,0
0.20710359395217,9111,0.8222,0,0
0.20710359695865,9112,0.8224,0,0
0.20710359996669,9113,0.8226,0,0
0.20710360297628,9114,0.8228,0,0
0.20710360598744,9115,0.823,0,0
0.20710360900016,9116,0.8232,0,0
0.20710361201444,9117,0.8234,0,0
0.20710361503028,9118,0.8236,0,0
0.20710361804768,9119,0.8238,0,0
0.20710362106664,9120,0.824,0,0
0.20710362408717,9121,0.8242,0,0
0.20710362710926,9122,0.8244,0,0
0.20710363013292,9123,0.8246,0,0
0.20710363315814,9124,0.8248,0,0
0.20710363618493,9125,0.825,0,0
0.20710363921328,9126,0.8252,0,0
0.2071036422432,9127,0.8254,0,0
0.20710364527469,9128,0.8256,0,0
0.20710364830775,9129,0.8258,0,0
0.20710365134237,9130,0.826,0,0
0.20710365437857,9131,0.8262,0,0
0.20710365741633,9132,0.8264,0,0
0.20710366045567,9133,0.8266,0,0
0.20710366349658,9134,0.8268,0,0
0.20710366653906,9135,0.827,0,0
0.20710366958311,9136,0.8272,0,0
0.20710367262873,9137,0.8274,0,0
0.20710367567593,9138,0.8276,0,0
0.2071036787247,9139,0.8278,0,0
0.20710368177505,9140,0.828,0,0
0.20710368482697,9141,0.8282,0,0
0.20710368788047,9142,0.8284,0,0
0.20710369093555,9143,0.8286,0,0
0.2071036939922,9144,0.8288,0,0
0.20710369705043,9145,0.829,0,0
0.20710370011024,9146,0.8292,0,0
0.20710370317163,9147,0.8294,0,0
0.2071037062346,9148,0.8296,0,0
0.20710370929915,9149,0.8298,0,0
0.20710371236528,9150,0.83,0,0
0.20710371543299,9151,0.8302,0,0
0.20710371850228,9152,0.8304,0,0
0.20710372157316,9153,0.8306,0,0
0.20710372464561,9154,0.8308,0,0
0.20710372771966,9155,0.831,0,0
0.20710373079528,9156,0.8312,0,0
0.2071037338725,9157,0.8314,0,0
0.20710373695129,9158,0.8316,0,0
0.20710374003168,9159,0.8318,0,0
0.20710374311365,9160,0.832,0,0
0.2071037461972,9161,0.8322,0,0
0.20710374928235,9162,0.8324,0,0
0.20710375236908,9163,0.8326,0,0
0.20710375545741,9164,0.8328,0,0
0.20710375854732,9165,0.833,0,0
0.20710376163882,9166,0.8332,0,0
0.20710376473192,9167,0.8334,0,0
0.2071037678266,9168,0.8336,0,0
0.20710377092288,9169,0.8338,0,0
0.20710377402075,9170,0.834,0,0
0.20710377712022,9171,0.8342,0,0
0.20710378022127,9172,0.8344,0,0
0.20710378332392,9173,0.8346,0,0
0.20710378642817,9174,0.8348,0,0
0.20710378953401,9175,0.835,0,0
0.20710379264145,9176,0.8352,0,0
0.20710379575049,9177,0.8354,0,0
0.20710379886112,9178,0.8356,0,0
0.20710380197335,9179,0.8358,0,0
0.20710380508718,9180,0.836,0,0
0.2071038082026,9181,0.8362,0,0
0.20710381131963,9182,0.8364,0,0
0.20710381443826,9183,0.8366,0,0
0.20710381755848,9184,0.8368,0,0
0.20710382068031,9185,0.837,0,0
0.20710382380374,9186,0.8372,0,0
0.20710382692878,9187,0.8374,0,0
0.20710383005541,9188,0.8376,0,0
0.20710383318365,9189,0.8378,0,0
0.2071038363135,9190,0.838,0,0
0.20710383944495,9191,0.8382,0,0
0.207103842578,9192,0.8384,0,0
0.20710384571266,9193,0.8386,0,0
0.20710384884892,9194,0.8388,0,0
0.2071038519868,9195,0.839,0,0
0.20710385512628,9196,0.8392,0,0
0.20710385826737,9197,0.8394,0,0
0.20710386141006,9198,0.8396,0,0
0.20710386455437,9199,0.8398,0,0
0.20710386770029,9200,0.84,0,0
0.20710387084781,9201,0.8402,0,0
0.20710387399695,9202,0.8404,0,0
0.2071038771477,9203,0.8406,0,0
0.20710388030006,9204,0.8408,0,0
0.20710388345403,9205,0.841,0,0
0.20710388660962,9206,0.8412,0,0
0.20710388976682,9207,0.8414,0,0
0.20710389292563,9208,0.8416,0,0
0.20710389608606,9209,0.8418,0,0
0.20710389924811,9210,0.842,0,0
0.20710390241177,9211,0.8422,0,0
0.20710390557705,9212,0.8424,0,0
0.20710390874394,9213,0.8426,0,0
0.20710391191245,9214,0.8428,0,0
0.20710391508258,9215,0.843,0,0
0.20710391825433,9216,0.8432,0,0
0.2071039214277,9217,0.8434,0,0
0.20710392460269,9218,0.8436,0,0
0.20710392777929,9219,0.8438,0,0
0.20710393095752,9220,0.844,0,0
0.20710393413737,9221,0.8442,0,0
0.20710393731884,9222,0.8444,0,0
0.20710394050194,9223,0.8446,0,0
0.20710394368666,9224,0.8448,0,0
0.207103946873,9225,0.845,0,0
0.20710395006096,9226,0.8452,0,0
0.20710395325055,9227,0.8454,0,0
0.20710395644177,9228,0.8456,0,0
0.20710395963461,9229,0.8458,0,0
0.20710396282908,9230,0.846,0,0
0.20710396602517,9231,0.8462,0,0
0.2071039692229,9232,0.8464,0,0
0.20710397242225,9233,0.8466,0,0
0.20710397562322,9234,0.8468,0,0
0.20710397882583,9235,0.847,0,0
0.20710398203007,9236,0.8472,0,0
0.20710398523594,9237,0.8474,0,0
0.20710398844344,9238,0.8476,0,0
0.20710399165256,9239,0.8478,0,0
0.20710399486333,9240,0.848,0,0
0.20710399807572,9241,0.8482,0,0
0.20710400128975,9242,0.8484,0,0
0.20710400450541,9243,0.8486,0,0
0.2071040077227,9244,0.8488,0,0
0.20710401094163,9245,0.849,0,0
0.20710401416219,9246,0.8492,0,0
0.20710401738439,9247,0.8494,0,0
0.20710402060822,9248,0.8496,0,0
0.20710402383369,9249,0.8498,0,0
0.2071040270608,9250,0.85,0,0
0.20710403028955,9251,0.8502,0,0
0.20710403351993,9252,0.8504,0,0
0.20710403675195,9253,0.8506,0,0
0.20710403998561,9254,0.8508,0,0
0.20710404322092,9255,0.851,0,0
0.20710404645786,9256,0.8512,0,0
0.20710404969644,9257,0.8514,0,0
0.20710405293666,9258,0.8516,0,0
0.20710405617853,9259,0.8518,0,0
0.20710405942204,9260,0.852,0,0
0.20710406266719,9261,0.8522,0,0
0.20710406591398,9262,0.8524,0,0
0.20710406916242,9263,0.8526,0,0
0.2071040724125,9264,0.8528,0,0
0.20710407566423,9265,0.853,0,0
0.2071040789176,9266,0.8532,0,0
0.20710408217262,9267,0.8534,0,0
0.20710408542929,9268,0.8536,0,0
0.2071040886876,9269,0.8538,0,0
0.20710409194756,9270,0.854,0,0
0.20710409520917,9271,0.8542,0,0
0.20710409847243,9272,0.8544,0,0
0.20710410173733,9273,0.8546,0,0
0.20710410500389,9274,0.8548,0,0
0.20710410827209,9275,0.855,0,0
0.20710411154195,9276,0.8552,0,0
0.20710411481346,9277,0.8554,0,0
0.20710411808662,9278,0.8556,0,0
0.20710412136143,9279,0.8558,0,0
0.20710412463789,9280,0.856,0,0
0.20710412791601,9281,0.8562,0,0
0.20710413119578,9282,0.8564,0,0
0.2071041344772,9283,0.8566,0,0
0.20710413776028,9284,0.8568,0,0
0.20710414104502,9285,0.857,0,0
0.20710414433141,9286,0.8572,0,0
0.20710414761946,9287,0.8574,0,0
0.20710415090916,9288,0.8576,0,0
0.20710415420052,9289,0.8578,0,0
0.20710415749354,9290,0.858,0,0
0.20710416078822,9291,0.8582,0,0
0.20710416408456,9292,0.8584,0,0
0.20710416738255,9293,0.8586,0,0
0.20710417068221,9294,0.8588,0,0
0.20710417398352,9295,0.859,0,0
0.2071041772865,9296,0.8592,0,0
0.20710418059113,9297,0.8594,0,0
0.20710418389743,9298,0.8596,0,0
0.2071041872054,9299,0.8598,0,0
0.20710419051502,9300,0.86,0,0
0.20710419382631,9301,0.8602,0,0
0.20710419713926,9302,0.8604,0,0
0.20710420045387,9303,0.8606,0,0
0.20710420377015,9304,0.8608,0,0
0.2071042070881,9305,0.861,0,0
0.20710421040771,9306,0.8612,0,0
0.20710421372899,9307,0.8614,0,0
0.20710421705193,9308,0.8616,0,0
0.20710422037654,9309,0.8618,0,0
0.20710422370282,9310,0.862,0,0
0.20710422703077,9311,0.8622,0,0
0.20710423036039,9312,0.8624,0,0
0.20710423369167,9313,0.8626,0,0
0.20710423702463,9314,0.8628,0,0
0.20710424035925,9315,0.863,0,0
0.20710424369555,9316,0.8632,0,0
0.20710424703351,9317,0.8634,0,0
0.20710425037315,9318,0.8636,0,0
0.20710425371446,9319,0.8638,0,0
0.20710425705745,9320,0.864,0,0
0.2071042604021,9321,0.8642,0,0
0.20710426374843,9322,0.8644,0,0
0.20710426709644,9323,0.8646,0,0
0.20710427044611,9324,0.8648,0,0
0.20710427379747,9325,0.865,0,0
0.2071042771505,9326,0.8652,0,0
0.2071042805052,9327,0.8654,0,0
0.20710428386158,9328,0.8656,0,0
0.20710428721964,9329,0.8658,0,0
0.20710429057938,9330,0.866,0,0
0.20710429394079,9331,0.8662,0,0
0.20710429730388,9332,0.8664,0,0
0.20710430066865,9333,0.8666,0,0
0.2071043040351,9334,0.8668,0,0
0.20710430740323,9335,0.867,0,0
0.20710431077304,9336,0.8672,0,0
0.20710431414453,9337,0.8674,0,0
0.2071043175177,9338,0.8676,0,0
0.20710432089256,9339,0.8678,0,0
0.20710432426909,9340,0.868,0,0
0.20710432764731,9341,0.8682,0,0
0.20710433102721,9342,0.8684,0,0
0.2071043344088,9343,0.8686,0,0
0.20710433779207,9344,0.8688,0,0
0.20710434117702,9345,0.869,0,0
0.20710434456366,9346,0.8692,0,0
0.20710434795198,9347,0.8694,0,0
0.20710435134199,9348,0.8696,0,0
0.20710435473369,9349,0.8698,0,0
0.20710435812707,9350,0.87,0,0
0.20710436152214,9351,0.8702,0,0
0.2071043649189,9352,0.8704,0,0
0.20710436831734,9353,0.8706,0,0
0.20710437171748,9354,0.8708,0,0
0.2071043751193,9355,0.871,0,0
0.20710437852281,9356,0.8712,0,0
0.20710438192802,9357,0.8714,0,0
0.20710438533491,9358,0.8716,0,0
0.2071043887435,9359,0.8718,0,0
0.20710439215377,9360,0.872,0,0
0.20710439556574,9361,0.8722,0,0
0.2071043989794,9362,0.8724,0,0
0.20710440239475,9363,0.8726,0,0
0.2071044058118,9364,0.8728,0,0
0.20710440923054,9365,0.873,0,0
0.20710441265097,9366,0.8732,0,0
0.2071044160731,9367,0.8734,0,0
0.20710441949693,9368,0.8736,0,0
0.20710442292245,9369,0.8738,0,0
0.20710442634966,9370,0.874,0,0
0.20710442977857,9371,0.8742,0,0
0.20710443320918,9372,0.8744,0,0
0.20710443664149,9373,0.8746,0,0
0.20710444007549,9374,0.8748,0,0
0.20710444351119,9375,0.875,0,0
0.20710444694859,9376,0.8752,0,0
0.20710445038769,9377,0.8754,0,0
0.20710445382849,9378,0.8756,0,0
0.20710445727099,9379,0.8758,0,0
0.20710446071519,9380,0.876,0,0
0.20710446416109,9381,0.8762,0,0
0.20710446760869,9382,0.8764,0,0
0.207104471058,9383,0.8766,0,0
0.207104474509,9384,0.8768,0,0
0.20710447796171,9385,0.877,0,0
0.20710448141612,9386,0.8772,0,0
0.20710448487224,9387,0.8774,0,0
0.20710448833006,9388,0.8776,0,0
0.20710449178958,9389,0.8778,0,0
0.20710449525081,9390,0.878,0,0
0.20710449871374,9391,0.8782,0,0
0.20710450217838,9392,0.8784,0,0
0.20710450564472,9393,0.8786,0,0
0.20710450911278,9394,0.8788,0,0
0.20710451258253,9395,0.879,0,0
0.207104516054,9396,0.8792,0,0
0.20710451952718,9397,0.8794,0,0
0.20710452300206,9398,0.8796,0,0
0.20710452647865,9399,0.8798,0,0
0.20710452995695,9400,0.88,0,0
0.20710453343696,9401,0.8802,0,0
0.20710453691868,9402,0.8804,0,0
0.20710454040211,9403,0.8806,0,0
0.20710454388725,9404,0.8808,0,0
0.2071045473741,9405,0.881,0,0
0.20710455086267,9406,0.8812,0,0
0.20710455435294,9407,0.8814,0,0
0.20710455784493,9408,0.8816,0,0
0.20710456133863,9409,0.8818,0,0
0.20710456483405,9410,0.882,0,0
0.20710456833118,9411,0.8822,0,0
0.20710457183002,9412,0.8824,0,0
0.20710457533058,9413,0.8826,0,0
0.20710457883285,9414,0.8828,0,0
0.20710458233684,9415,0.883,0,0
0.20710458584255,9416,0.8832,0,0
0.20710458934997,9417,0.8834,0,0
0.20710459285911,9418,0.8836,0,0
0.20710459636996,9419,0.8838,0,0
0.20710459988253,9420,0.884,0,0
0.20710460339683,9421,0.8842,0,0
0.20710460691283,9422,0.8844,0,0
0.20710461043056,9423,0.8846,0,0
0.20710461395001,9424,0.8848,0,0
0.20710461747118,9425,0.885,0,0
0.20710462099407,9426,0.8852,0,0
0.20710462451867,9427,0.8854,0,0
0.207104628045,9428,0.8856,0,0
0.20710463157305,9429,0.8858,0,0
0.20710463510282,9430,0.886,0,0
0.20710463863432,9431,0.8862,0,0
0.20710464216754,9432,0.8864,0,0
0.20710464570248,9433,0.8866,0,0
0.20710464923914,9434,0.8868,0,0
0.20710465277753,9435,0.887,0,0
0.20710465631764,9436,0.8872,0,0
0.20710465985947,9437,0.8874,0,0
0.20710466340303,9438,0.8876,0,0
0.20710466694832,9439,0.8878,0,0
0.20710467049533,9440,0.888,0,0
0.20710467404407,9441,0.8882,0,0
0.20710467759453,9442,0.8884,0,0
0.20710468114673,9443,0.8886,0,0
0.20710468470065,9444,0.8888,0,0
0.20710468825629,9445,0.889,0,0
0.20710469181367,9446,0.8892,0,0
0.20710469537277,9447,0.8894,0,0
0.20710469893361,9448,0.8896,0,0
0.20710470249617,9449,0.8898,0,0
0.20710470606046,9450,0.89,0,0
0.20710470962648,9451,0.8902,0,0
0.20710471319424,9452,0.8904,0,0
0.20710471676372,9453,0.8906,0,0
0.20710472033494,9454,0.8908,0,0
0.20710472390788,9455,0.891,0,0
0.20710472748256,9456,0.8912,0,0
0.20710473105898,9457,0.8914,0,0
0.20710473463712,9458,0.8916,0,0
0.207104738217,9459,0.8918,0,0
0.20710474179861,9460,0.892,0,0
0.20710474538196,9461,0.8922,0,0
0.20710474896704,9462,0.8924,0,0
0.20710475255386,9463,0.8926,0,0
0.20710475614241,9464,0.8928,0,0
0.20710475973269,9465,0.893,0,0
0.20710476332472,9466,0.8932,0,0
0.20710476691848,9467,0.8934,0,0
0.20710477051397,9468,0.8936,0,0
0.20710477411121,9469,0.8938,0,0
0.20710477771018,9470,0.894,0,0
0.20710478131089,9471,0.8942,0,0
0.20710478491333,9472,0.8944,0,0
0.20710478851752,9473,0.8946,0,0
0.20710479212345,9474,0.8948,0,0
0.20710479573111,9475,0.895,0,0
0.20710479934051,9476,0.8952,0,0
0.20710480295166,9477,0.8954,0,0
0.20710480656455,9478,0.8956,0,0
0.20710481017917,9479,0.8958,0,0
0.20710481379554,9480,0.896,0,0
0.20710481741365,9481,0.8962,0,0
0.2071048210335,9482,0.8964,0,0
0.2071048246551,9483,0.8966,0,0
0.20710482827843,9484,0.8968,0,0
0.20710483190351,9485,0.897,0,0
0.20710483553034,9486,0.8972,0,0
0.20710483915891,9487,0.8974,0,0
0.20710484278922,9488,0.8976,0,0
0.20710484642128,9489,0.8978,0,0
0.20710485005508,9490,0.898,0,0
0.20710485369063,9491,0.8982,0,0
0.20710485732792,9492,0.8984,0,0
0.20710486096696,9493,0.8986,0,0
0.20710486460775,9494,0.8988,0,0
0.20710486825028,9495,0.899,0,0
0.20710487189456,9496,0.8992,0,0
0.20710487554059,9497,0.8994,0,0
0.20710487918837,9498,0.8996,0,0
0.20710488283789,9499,0.8998,0,0
0.20710488648917,9500,0.9,0,0
0.20710489014219,9501,0.9002,0,0
0.20710489379696,9502,0.9004,0,0
0.20710489745349,9503,0.9006,0,0
0.20710490111176,9504,0.9008,0,0
0.20710490477178,9505,0.901,0,0
0.20710490843356,9506,0.9012,0,0
0.20710491209708,9507,0.9014,0,0
0.20710491576236,9508,0.9016,0,0
0.20710491942939,9509,0.9018,0,0
0.20710492309817,9510,0.902,0,0
0.2071049267687,9511,0.9022,0,0
0.20710493044099,9512,0.9024,0,0
0.20710493411503,9513,0.9026,0,0
0.20710493779082,9514,0.9028,0,0
0.20710494146837,9515,0.903,0,0
0.20710494514767,9516,0.9032,0,0
0.20710494882873,9517,0.9034,0,0
0.20710495251154,9518,0.9036,0,0
0.20710495619611,9519,0.9038,0,0
0.20710495988244,9520,0.904,0,0
0.20710496357052,9521,0.9042,0,0
0.20710496726035,9522,0.9044,0,0
0.20710497095195,9523,0.9046,0,0
0.2071049746453,9524,0.9048,0,0
0.20710497834041,9525,0.905,0,0
0.20710498203727,9526,0.9052,0,0
0.2071049857359,9527,0.9054,0,0
0.20710498943628,9528,0.9056,0,0
0.20710499313842,9529,0.9058,0,0
0.20710499684233,9530,0.906,0,0
0.20710500054799,9531,0.9062,0,0
0.20710500425541,9532,0.9064,0,0
0.20710500796459,9533,0.9066,0,0
0.20710501167553,9534,0.9068,0,0
0.20710501538824,9535,0.907,0,0
0.2071050191027,9536,0.9072,0,0
0.20710502281893,9537,0.9074,0,0
0.20710502653691,9538,0.9076,0,0
0.20710503025667,9539,0.9078,0,0
0.20710503397818,9540,0.908,0,0
0.20710503770145,9541,0.9082,0,0
0.20710504142649,9542,0.9084,0,0
0.2071050451533,9543,0.9086,0,0
0.20710504888186,9544,0.9088,0,0
0.2071050526122,9545,0.909,0,0
0.20710505634429,9546,0.9092,0,0
0.20710506007815,9547,0.9094,0,0
0.20710506381378,9548,0.9096,0,0
0.20710506755117,9549,0.9098,0,0
0.20710507129033,9550,0.91,0,0
0.20710507503125,9551,0.9102,0,0
0.20710507877395,9552,0.9104,0,0
0.2071050825184,9553,0.9106,0,0
0.20710508626463,9554,0.9108,0,0
0.20710509001262,9555,0.911,0,0
0.20710509376238,9556,0.9112,0,0
0.20710509751391,9557,0.9114,0,0
0.20710510126721,9558,0.9116,0,0
0.20710510502228,9559,0.9118,0,0
0.20710510877911,9560,0.912,0,0
0.20710511253772,9561,0.9122,0,0
0.20710511629809,9562,0.9124,0,0
0.20710512006024,9563,0.9126,0,0
0.20710512382415,9564,0.9128,0,0
0.20710512758984,9565,0.913,0,0
0.2071051313573,9566,0.9132,0,0
0.20710513512653,9567,0.9134,0,0
0.20710513889753,9568,0.9136,0,0
0.2071051426703,9569,0.9138,0,0
0.20710514644484,9570,0.914,0,0
0.20710515022116,9571,0.9142,0,0
0.20710515399925,9572,0.9144,0,0
0.20710515777912,9573,0.9146,0,0
0.20710516156075,9574,0.9148,0,0
0.20710516534417,9575,0.915,0,0
0.20710516912935,9576,0.9152,0,0
0.20710517291631,9577,0.9154,0,0
0.20710517670505,9578,0.9156,0,0
0.20710518049556,9579,0.9158,0,0
0.20710518428784,9580,0.916,0,0
0.2071051880819,9581,0.9162,0,0
0.20710519187774,9582,0.9164,0,0
0.20710519567536,9583,0.9166,0,0
0.20710519947475,9584,0.9168,0,0
0.20710520327591,9585,0.917,0,0
0.20710520707886,9586,0.9172,0,0
0.20710521088358,9587,0.9174,0,0
0.20710521469008,9588,0.9176,0,0
0.20710521849836,9589,0.9178,0,0
0.20710522230842,9590,0.918,0,0
0.20710522612025,9591,0.9182,0,0
0.20710522993387,9592,0.9184,0,0
0.20710523374926,9593,0.9186,0,0
0.20710523756644,9594,0.9188,0,0
0.20710524138539,9595,0.919,0,0
0.20710524520612,9596,0.9192,0,0
0.20710524902864,9597,0.9194,0,0
0.20710525285293,9598,0.9196,0,0
0.20710525667901,9599,0.9198,0,0
0.20710526050687,9600,0.92,0,0
0.20710526433651,9601,0.9202,0,0
0.20710526816793,9602,0.9204,0,0
0.20710527200113,9603,0.9206,0,0
0.20710527583612,9604,0.9208,0,0
0.20710527967289,9605,0.921,0,0
0.20710528351144,9606,0.9212,0,0
0.20710528735178,9607,0.9214,0,0
0.2071052911939,9608,0.9216,0,0
0.2071052950378,9609,0.9218,0,0
0.20710529888349,9610,0.922,0,0
0.20710530273096,9611,0.9222,0,0
0.20710530658022,9612,0.9224,0,0
0.20710531043126,9613,0.9226,0,0
0.20710531428409,9614,0.9228,0,0
0.20710531813871,9615,0.923,0,0
0.2071053219951,9616,0.9232,0,0
0.20710532585329,9617,0.9234,0,0
0.20710532971326,9618,0.9236,0,0
0.20710533357502,9619,0.9238,0,0
0.20710533743857,9620,0.924,0,0
0.2071053413039,9621,0.9242,0,0
0.20710534517103,9622,0.9244,0,0
0.20710534903993,9623,0.9246,0,0
0.20710535291063,9624,0.9248,0,0
0.20710535678312,9625,0.925,0,0
0.20710536065739,9626,0.9252,0,0
0.20710536453346,9627,0.9254,0,0
0.20710536841131,9628,0.9256,0,0
0.20710537229095,9629,0.9258,0,0
0.20710537617239,9630,0.926,0,0
0.20710538005561,9631,0.9262,0,0
0.20710538394062,9632,0.9264,0,0
0.20710538782743,9633,0.9266,0,0
0.20710539171602,9634,0.9268,0,0
0.20710539560641,9635,0.927,0,0
0.20710539949858,9636,0.9272,0,0
0.20710540339255,9637,0.9274,0,0
0.20710540728831,9638,0.9276,0,0
0.20710541118587,9639,0.9278,0,0
0.20710541508521,9640,0.928,0,0
0.20710541898635,9641,0.9282,0,0
0.20710542288928,9642,0.9284,0,0
0.20710542679401,9643,0.9286,0,0
0.20710543070053,9644,0.9288,0,0
0.20710543460884,9645,0.929,0,0
0.20710543851895,9646,0.9292,0,0
0.20710544243085,9647,0.9294,0,0
0.20710544634454,9648,0.9296,0,0
0.20710545026003,9649,0.9298,0,0
0.20710545417732,9650,0.93,0,0
0.2071054580964,9651,0.9302,0,0
0.20710546201728,9652,0.9304,0,0
0.20710546593995,9653,0.9306,0,0
0.20710546986442,9654,0.9308,0,0
0.20710547379068,9655,0.931,0,0
0.20710547771874,9656,0.9312,0,0
0.2071054816486,9657,0.9314,0,0
0.20710548558025,9658,0.9316,0,0
0.20710548951371,9659,0.9318,0,0
0.20710549344896,9660,0.932,0,0
0.20710549738601,9661,0.9322,0,0
0.20710550132485,9662,0.9324,0,0
0.2071055052655,9663,0.9326,0,0
0.20710550920794,9664,0.9328,0,0
0.20710551315218,9665,0.933,0,0
0.20710551709822,9666,0.9332,0,0
0.20710552104606,9667,0.9334,0,0
0.2071055249957,9668,0.9336,0,0
0.20710552894714,9669,0.9338,0,0
0.20710553290038,9670,0.934,0,0
0.20710553685542,9671,0.9342,0,0
0.20710554081226,9672,0.9344,0,0
0.20710554477091,9673,0.9346,0,0
0.20710554873135,9674,0.9348,0,0
0.20710555269359,9675,0.935,0,0
0.20710555665764,9676,0.9352,0,0
0.20710556062349,9677,0.9354,0,0
0.20710556459114,9678,0.9356,0,0
0.20710556856059,9679,0.9358,0,0
0.20710557253184,9680,0.936,0,0
0.2071055765049,9681,0.9362,0,0
0.20710558047976,9682,0.9364,0,0
0.20710558445642,9683,0.9366,0,0
0.20710558843489,9684,0.9368,0,0
0.20710559241516,9685,0.937,0,0
0.20710559639723,9686,0.9372,0,0
0.20710560038111,9687,0.9374,0,0
0.20710560436679,9688,0.9376,0,0
0.20710560835427,9689,0.9378,0,0
0.20710561234357,9690,0.938,0,0
0.20710561633466,9691,0.9382,0,0
0.20710562032756,9692,0.9384,0,0
0.20710562432227,9693,0.9386,0,0
0.20710562831878,9694,0.9388,0,0
0.2071056323171,9695,0.939,0,0
0.20710563631723,9696,0.9392,0,0
0.20710564031916,9697,0.9394,0,0
0.20710564432289,9698,0.9396,0,0
0.20710564832844,9699,0.9398,0,0
0.20710565233579,9700,0.94,0,0
0.20710565634495,9701,0.9402,0,0
0.20710566035591,9702,0.9404,0,0
0.20710566436869,9703,0.9406,0,0
0.20710566838327,9704,0.9408,0,0
0.20710567239966,9705,0.941,0,0
0.20710567641786,9706,0.9412,0,0
0.20710568043786,9707,0.9414,0,0
0.20710568445968,9708,0.9416,0,0
0.2071056884833,9709,0.9418,0,0
0.20710569250874,9710,0.942,0,0
0.20710569653598,9711,0.9422,0,0
0.20710570056503,9712,0.9424,0,0
0.20710570459589,9713,0.9426,0,0
0.20710570862856,9714,0.9428,0,0
0.20710571266305,9715,0.943,0,0
0.20710571669934,9716,0.9432,0,0
0.20710572073744,9717,0.9434,0,0
0.20710572477736,9718,0.9436,0,0
0.20710572881908,9719,0.9438,0,0
0.20710573286262,9720,0.944,0,0
0.20710573690797,9721,0.9442,0,0
0.20710574095513,9722,0.9444,0,0
0.2071057450041,9723,0.9446,0,0
0.20710574905488,9724,0.9448,0,0
0.20710575310748,9725,0.945,0,0
0.20710575716189,9726,0.9452,0,0
0.20710576121811,9727,0.9454,0,0
0.20710576527614,9728,0.9456,0,0
0.20710576933599,9729,0.9458,0,0
0.20710577339765,9730,0.946,0,0
0.20710577746112,9731,0.9462,0,0
0.20710578152641,9732,0.9464,0,0
0.20710578559351,9733,0.9466,0,0
0.20710578966242,9734,0.9468,0,0
0.20710579373315,9735,0.947,0,0
0.2071057978057,9736,0.9472,0,0
0.20710580188006,9737,0.9474,0,0
0.20710580595623,9738,0.9476,0,0
0.20710581003422,9739,0.9478,0,0
0.20710581411402,9740,0.948,0,0
0.20710581819564,9741,0.9482,0,0
0.20710582227908,9742,0.9484,0,0
0.20710582636433,9743,0.9486,0,0
0.20710583045139,9744,0.9488,0,0
0.20710583454028,9745,0.949,0,0
0.20710583863098,9746,0.9492,0,0
0.20710584272349,9747,0.9494,0,0
0.20710584681782,9748,0.9496,0,0
0.20710585091397,9749,0.9498,0,0
0.20710585501194,9750,0.95,0,0
0.20710585911172,9751,0.9502,0,0
0.20710586321333,9752,0.9504,0,0
0.20710586731674,9753,0.9506,0,0
0.20710587142198,9754,0.9508,0,0
0.20710587552904,9755,0.951,0,0
0.20710587963791,9756,0.9512,0,0
0.2071058837486,9757,0.9514,0,0
0.20710588786111,9758,0.9516,0,0
0.20710589197544,9759,0.9518,0,0
0.20710589609159,9760,0.952,0,0
0.20710590020955,9761,0.9522,0,0
0.20710590432934,9762,0.9524,0,0
0.20710590845094,9763,0.9526,0,0
0.20710591257437,9764,0.9528,0,0
0.20710591669961,9765,0.953,0,0
0.20710592082668,9766,0.9532,0,0
0.20710592495556,9767,0.9534,0,0
0.20710592908627,9768,0.9536,0,0
0.20710593321879,9769,0.9538,0,0
0.20710593735314,9770,0.954,0,0
0.20710594148931,9771,0.9542,0,0
0.20710594562729,9772,0.9544,0,0
0.2071059497671,9773,0.9546,0,0
0.20710595390873,9774,0.9548,0,0
0.20710595805219,9775,0.955,0,0
0.20710596219746,9776,0.9552,0,0
0.20710596634456,9777,0.9554,0,0
0.20710597049347,9778,0.9556,0,0
0.20710597464421,9779,0.9558,0,0
0.20710597879677,9780,0.956,0,0
0.20710598295116,9781,0.9562,0,0
0.20710598710737,9782,0.9564,0,0
0.20710599126539,9783,0.9566,0,0
0.20710599542525,9784,0.9568,0,0
0.20710599958692,9785,0.957,0,0
0.20710600375042,9786,0.9572,0,0
0.20710600791574,9787,0.9574,0,0
0.20710601208289,9788,0.9576,0,0
0.20710601625186,9789,0.9578,0,0
0.20710602042265,9790,0.958,0,0
0.20710602459527,9791,0.9582,0,0
0.20710602876971,9792,0.9584,0,0
0.20710603294598,9793,0.9586,0,0
0.20710603712407,9794,0.9588,0,0
0.20710604130399,9795,0.959,0,0
0.20710604548573,9796,0.9592,0,0
0.20710604966929,9797,0.9594,0,0
0.20710605385468,9798,0.9596,0,0
0.2071060580419,9799,0.9598,0,0
0.20710606223094,9800,0.96,0,0
0.2071060664218,9801,0.9602,0,0
0.2071060706145,9802,0.9604,0,0
0.20710607480902,9803,0.9606,0,0
0.20710607900536,9804,0.9608,0,0
0.20710608320353,9805,0.961,0,0
0.20710608740353,9806,0.9612,0,0
0.20710609160535,9807,0.9614,0,0
0.207106095809,9808,0.9616,0,0
0.20710610001447,9809,0.9618,0,0
0.20710610422178,9810,0.962,0,0
0.20710610843091,9811,0.9622,0,0
0.20710611264186,9812,0.9624,0,0
0.20710611685465,9813,0.9626,0,0
0.20710612106926,9814,0.9628,0,0
0.2071061252857,9815,0.963,0,0
0.20710612950397,9816,0.9632,0,0
0.20710613372406,9817,0.9634,0,0
0.20710613794598,9818,0.9636,0,0
0.20710614216974,9819,0.9638,0,0
0.20710614639531,9820,0.964,0,0
0.20710615062272,9821,0.9642,0,0
0.20710615485196,9822,0.9644,0,0
0.20710615908302,9823,0.9646,0,0
0.20710616331592,9824,0.9648,0,0
0.20710616755064,9825,0.965,0,0
0.20710617178719,9826,0.9652,0,0
0.20710617602557,9827,0.9654,0,0
0.20710618026578,9828,0.9656,0,0
0.20710618450782,9829,0.9658,0,0
0.20710618875169,9830,0.966,0,0
0.20710619299739,9831,0.9662,0,0
0.20710619724491,9832,0.9664,0,0
0.20710620149427,9833,0.9666,0,0
0.20710620574546,9834,0.9668,0,0
0.20710620999848,9835,0.967,0,0
0.20710621425332,9836,0.9672,0,0
0.20710621851,9837,0.9674,0,0
0.20710622276851,9838,0.9676,0,0
0.20710622702885,9839,0.9678,0,0
0.20710623129102,9840,0.968,0,0
0.20710623555502,9841,0.9682,0,0
0.20710623982086,9842,0.9684,0,0
0.20710624408852,9843,0.9686,0,0
0.20710624835801,9844,0.9688,0,0
0.20710625262934,9845,0.969,0,0
0.2071062569025,9846,0.9692,0,0
0.20710626117749,9847,0.9694,0,0
0.20710626545431,9848,0.9696,0,0
0.20710626973296,9849,0.9698,0,0
0.20710627401344,9850,0.97,0,0
0.20710627829576,9851,0.9702,0,0
0.20710628257991,9852,0.9704,0,0
0.20710628686589,9853,0.9706,0,0
0.2071062911537,9854,0.9708,0,0
0.20710629544335,9855,0.971,0,0
0.20710629973483,9856,0.9712,0,0
0.20710630402814,9857,0.9714,0,0
0.20710630832328,9858,0.9716,0,0
0.20710631262026,9859,0.9718,0,0
0.20710631691907,9860,0.972,0,0
0.20710632121971,9861,0.9722,0,0
0.20710632552218,9862,0.9724,0,0
0.20710632982649,9863,0.9726,0,0
0.20710633413263,9864,0.9728,0,0
0.20710633844061,9865,0.973,0,0
0.20710634275042,9866,0.9732,0,0
0.20710634706206,9867,0.9734,0,0
0.20710635137554,9868,0.9736,0,0
0.20710635569085,9869,0.9738,0,0
0.20710636000799,9870,0.974,0,0
0.20710636432697,9871,0.9742,0,0
0.20710636864779,9872,0.9744,0,0
0.20710637297043,9873,0.9746,0,0
0.20710637729491,9874,0.9748,0,0
0.20710638162123,9875,0.975,0,0
0.20710638594938,9876,0.9752,0,0
0.20710639027937,9877,0.9754,0,0
0.20710639461119,9878,0.9756,0,0
0.20710639894484,9879,0.9758,0,0
0.20710640328033,9880,0.976,0,0
0.20710640761765,9881,0.9762,0,0
0.20710641195681,9882,0.9764,0,0
0.20710641629781,9883,0.9766,0,0
0.20710642064064,9884,0.9768,0,0
0.2071064249853,9885,0.977,0,0
0.2071064293318,9886,0.9772,0,0
0.20710643368014,9887,0.9774,0,0
0.20710643803031,9888,0.9776,0,0
0.20710644238232,9889,0.9778,0,0
0.20710644673616,9890,0.978,0,0
0.20710645109184,9891,0.9782,0,0
0.20710645544936,9892,0.9784,0,0
0.20710645980871,9893,0.9786,0,0
0.2071064641699,9894,0.9788,0,0
0.20710646853292,9895,0.979,0,0
0.20710647289778,9896,0.9792,0,0
0.20710647726448,9897,0.9794,0,0
0.20710648163301,9898,0.9796,0,0
0.20710648600338,9899,0.9798,0,0
0.20710649037559,9900,0.98,0,0
0.20710649474963,9901,0.9802,0,0
0.20710649912551,9902,0.9804,0,0
0.20710650350322,9903,0.9806,0,0
0.20710650788278,9904,0.9808,0,0
0.20710651226416,9905,0.981,0,0
0.20710651664739,9906,0.9812,0,0
0.20710652103246,9907,0.9814,0,0
0.20710652541936,9908,0.9816,0,0
0.20710652980809,9909,0.9818,0,0
0.20710653419867,9910,0.982,0,0
0.20710653859108,9911,0.9822,0,0
0.20710654298533,9912,0.9824,0,0
0.20710654738142,9913,0.9826,0,0
0.20710655177934,9914,0.9828,0,0
0.20710655617911,9915,0.983,0,0
0.20710656058071,9916,0.9832,0,0
0.20710656498415,9917,0.9834,0,0
0.20710656938942,9918,0.9836,0,0
0.20710657379654,9919,0.9838,0,0
0.20710657820549,9920,0.984,0,0
0.20710658261628,9921,0.9842,0,0
0.2071065870289,9922,0.9844,0,0
0.20710659144337,9923,0.9846,0,0
0.20710659585967,9924,0.9848,0,0
0.20710660027782,9925,0.985,0,0
0.2071066046978,9926,0.9852,0,0
0.20710660911962,9927,0.9854,0,0
0.20710661354327,9928,0.9856,0,0
0.20710661796877,9929,0.9858,0,0
0.2071066223961,9930,0.986,0,0
0.20710662682528,9931,0.9862,0,0
0.20710663125629,9932,0.9864,0,0
0.20710663568914,9933,0.9866,0,0
0.20710664012383,9934,0.9868,0,0
0.20710664456035,9935,0.987,0,0
0.20710664899872,9936,0.9872,0,0
0.20710665343892,9937,0.9874,0,0
0.20710665788097,9938,0.9876,0,0
0.20710666232485,9939,0.9878,0,0
0.20710666677057,9940,0.988,0,0
0.20710667121813,9941,0.9882,0,0
0.20710667566753,9942,0.9884,0,0
0.20710668011877,9943,0.9886,0,0
0.20710668457185,9944,0.9888,0,0
0.20710668902677,9945,0.989,0,0
0.20710669348352,9946,0.9892,0,0
0.20710669794212,9947,0.9894,0,0
0.20710670240256,9948,0.9896,0,0
0.20710670686483,9949,0.9898,0,0
0.20710671132894,9950,0.99,0,0
0.2071067157949,9951,0.9902,0,0
0.20710672026269,9952,0.9904,0,0
0.20710672473232,9953,0.9906,0,0
0.2071067292038,9954,0.9908,0,0
0.20710673367711,9955,0.991,0,0
0.20710673815226,9956,0.9912,0,0
0.20710674262925,9957,0.9914,0,0
0.20710674710808,9958,0.9916,0,0
0.20710675158875,9959,0.9918,0,0
0.20710675607126,9960,0.992,0,0
0.20710676055561,9961,0.9922,0,0
0.2071067650418,9962,0.9924,0,0
0.20710676952983,9963,0.9926,0,0
0.2071067740197,9964,0.9928,0,0
0.20710677851141,9965,0.993,0,0
0.20710678300496,9966,0.9932,0,0
0.20710678750035,9967,0.9934,0,0
0.20710679199758,9968,0.9936,0,0
0.20710679649665,9969,0.9938,0,0
0.20710680099756,9970,0.994,0,0
0.20710680550031,9971,0.9942,0,0
0.20710681000489,9972,0.9944,0,0
0.20710681451132,9973,0.9946,0,0
0.20710681901959,9974,0.9948,0,0
0.2071068235297,9975,0.995,0,0
0.20710682804165,9976,0.9952,0,0
0.20710683255544,9977,0.9954,0,0
0.20710683707107,9978,0.9956,0,0
0.20710684158855,9979,0.9958,0,0
0.20710684610786,9980,0.996,0,0
0.20710685062901,9981,0.9962,0,0
0.207106855152,9982,0.9964,0,0
0.20710685967683,9983,0.9966,0,0
0.2071068642035,9984,0.9968,0,0
0.20710686873202,9985,0.997,0,0
0.20710687326237,9986,0.9972,0,0
0.20710687779456,9987,0.9974,0,0
0.20710688232859,9988,0.9976,0,0
0.20710688686447,9989,0.9978,0,0
0.20710689140218,9990,0.998,0,0
0.20710689594174,9991,0.9982,0,0
0.20710690048313,9992,0.9984,0,0
0.20710690502637,9993,0.9986,0,0
0.20710690957144,9994,0.9988,0,0
0.20710691411836,9995,0.999,0,0
0.20710691866711,9996,0.9992,0,0
0.20710692321771,9997,0.9994,0,0
0.20710692777015,9998,0.9996,0,0
0.20710693004705,15004,0.9997,0,0
0.2071069311852,15010,0.99975,0,0
0.20710693230161,9999,0.9998,0,0
0.20710693239842,15008,0.99985,0,0
0.20710688500529,15001,0.9999,0,0
0.20710664642943,15020,0.999925,0,0
0.20710626002249,15026,0.9999375,0,0
0.2071053731252,15009,0.99995,0,0
0.20710333813984,15025,0.9999625,0,0
0.20709866947043,15016,0.999975,0,0
0.20708795937044,15023,0.9999875,0,0
0.20706339188613,10000,1,0,0
