cp,id,x,y,z
0.52871094471418,5000,0,0,0
0.37842351786803,15027,1.25e-05,0,0
0.28632637018277,15018,2.5e-05,0,0
0.199171967596,15012,5e-05,0,0
0.16763482781106,15022,7.5e-05,0,0
0.15507902994253,15003,0.0001,0,0
0.14781715300895,15013,0.00015,0,0
0.14677565664162,5001,0.0002,0,0
0.14662378298048,15014,0.00025,0,0
0.14660122726503,15006,0.0003,0,0
0.14659759127764,5002,0.0004,0,0
0.14659781767005,5003,0.0006,0,0
0.14659770042261,5004,0.0008,0,0
0.14659765556127,5005,0.001,0,0
0.14659759545275,5006,0.0012,0,0
0.14659753855646,5007,0.0014,0,0
0.14659748098403,5008,0.0016,0,0
0.14659742355453,5009,0.0018,0,0
0.14659736609542,5010,0.002,0,0
0.14659730864305,5011,0.0022,0,0
0.14659725118977,5012,0.0024,0,0
0.14659719373717,5013,0.0026,0,0
0.14659713628494,5014,0.0028,0,0
0.14659707883313,5015,0.003,0,0
0.14659702138173,5016,0.0032,0,0
0.14659696393074,5017,0.0034,0,0
0.14659690648017,5018,0.0036,0,0
0.14659684903002,5019,0.0038,0,0
0.14659679158027,5020,0.004,0,0
0.14659673413095,5021,0.0042,0,0
0.14659667668203,5022,0.0044,0,0
0.14659661923353,5023,0.0046,0,0
0.14659656178545,5024,0.0048,0,0
0.14659650433778,5025,0.005,0,0
0.14659644689052,5026,0.0052,0,0
0.14659638944367,5027,0.0054,0,0
0.14659633199725,5028,0.0056,0,0
0.14659627455123,5029,0.0058,0,0
0.14659621710563,5030,0.006,0,0
0.14659615966044,5031,0.0062,0,0
0.14659610221567,5032,0.0064,0,0
0.14659604477131,5033,0.0066,0,0
0.14659598732737,5034,0.0068,0,0
0.14659592988384,5035,0.007,0,0
0.14659587244072,5036,0.0072,0,0
0.14659581499802,5037,0.0074,0,0
0.14659575755573,5038,0.0076,0,0
0.14659570011386,5039,0.0078,0,0
0.1465956426724,5040,0.008,0,0
0.14659558523135,5041,0.0082,0,0
0.14659552779072,5042,0.0084,0,0
0.1465954703505,5043,0.0086,0,0
0.1465954129107,5044,0.0088,0,0
0.14659535547131,5045,0.009,0,0
0.14659529803233,5046,0.0092,0,0
0.14659524059377,5047,0.0094,0,0
0.14659518315562,5048,0.0096,0,0
0.14659512571789,5049,0.0098,0,0
0.14659506828057,5050,0.01,0,0
0.14659501084366,5051,0.0102,0,0
0.14659495340717,5052,0.0104,0,0
0.14659489597109,5053,0.0106,0,0
0.14659483853543,5054,0.0108,0,0
0.14659478110018,5055,0.011,0,0
0.14659472366534,5056,0.0112,0,0
0.14659466623092,5057,0.0114,0,0
0.14659460879691,5058,0.0116,0,0
0.14659455136332,5059,0.0118,0,0
0.14659449393014,5060,0.012,0,0
0.14659443649737,5061,0.0122,0,0
0.14659437906502,5062,0.0124,0,0
0.14659432163308,5063,0.0126,0,0
0.14659426420155,5064,0.0128,0,0
0.14659420677044,5065,0.013,0,0
0.14659414933974,5066,0.0132,0,0
0.14659409190946,5067,0.0134,0,0
0.14659403447959,5068,0.0136,0,0
0.14659397705013,5069,0.0138,0,0
0.14659391962109,5070,0.014,0,0
0.14659386219246,5071,0.0142,0,0
0.14659380476425,5072,0.0144,0,0
0.14659374733645,5073,0.0146,0,0
0.14659368990906,5074,0.0148,0,0
0.14659363248209,5075,0.015,0,0
0.14659357505553,5076,0.0152,0,0
0.14659351762938,5077,0.0154,0,0
0.14659346020365,5078,0.0156,0,0
0.14659340277833,5079,0.0158,0,0
0.14659334535343,5080,0.016,0,0
0.14659328792894,5081,0.0162,0,0
0.14659323050486,5082,0.0164,0,0
0.1465931730812,5083,0.0166,0,0
0.14659311565795,5084,0.0168,0,0
0.14659305823511,5085,0.017,0,0
0.14659300081269,5086,0.0172,0,0
0.14659294339068,5087,0.0174,0,0
0.14659288596908,5088,0.0176,0,0
0.1465928285479,5089,0.0178,0,0
0.14659277112713,5090,0.018,0,0
0.14659271370678,5091,0.0182,0,0
0.14659265628684,5092,0.0184,0,0
0.14659259886731,5093,0.0186,0,0
0.1465925414482,5094,0.0188,0,0
0.14659248402949,5095,0.019,0,0
0.14659242661121,5096,0.0192,0,0
0.14659236919333,5097,0.0194,0,0
0.14659231177587,5098,0.0196,0,0
0.14659225435883,5099,0.0198,0,0
0.14659219694219,5100,0.02,0,0
0.14659213952597,5101,0.0202,0,0
0.14659208211016,5102,0.0204,0,0
0.14659202469477,5103,0.0206,0,0
0.14659196727979,5104,0.0208,0,0
0.14659190986522,5105,0.021,0,0
0.14659185245107,5106,0.0212,0,0
0.14659179503733,5107,0.0214,0,0
0.146591737624,5108,0.0216,0,0
0.14659168021109,5109,0.0218,0,0
0.14659162279859,5110,0.022,0,0
0.1465915653865,5111,0.0222,0,0
0.14659150797483,5112,0.0224,0,0
0.14659145056356,5113,0.0226,0,0
0.14659139315272,5114,0.0228,0,0
0.14659133574228,5115,0.023,0,0
0.14659127833226,5116,0.0232,0,0
0.14659122092265,5117,0.0234,0,0
0.14659116351346,5118,0.0236,0,0
0.14659110610467,5119,0.0238,0,0
0.1465910486963,5120,0.024,0,0
0.14659099128835,5121,0.0242,0,0
0.1465909338808,5122,0.0244,0,0
0.14659087647367,5123,0.0246,0,0
0.14659081906696,5124,0.0248,0,0
0.14659076166065,5125,0.025,0,0
0.14659070425476,5126,0.0252,0,0
0.14659064684928,5127,0.0254,0,0
0.14659058944422,5128,0.0256,0,0
0.14659053203956,5129,0.0258,0,0
0.14659047463532,5130,0.026,0,0
0.1465904172315,5131,0.0262,0,0
0.14659035982808,5132,0.0264,0,0
0.14659030242508,5133,0.0266,0,0
0.14659024502249,5134,0.0268,0,0
0.14659018762032,5135,0.027,0,0
0.14659013021855,5136,0.0272,0,0
0.1465900728172,5137,0.0274,0,0
0.14659001541626,5138,0.0276,0,0
0.14658995801574,5139,0.0278,0,0
0.14658990061563,5140,0.028,0,0
0.14658984321593,5141,0.0282,0,0
0.14658978581664,5142,0.0284,0,0
0.14658972841776,5143,0.0286,0,0
0.1465896710193,5144,0.0288,0,0
0.14658961362125,5145,0.029,0,0
0.14658955622361,5146,0.0292,0,0
0.14658949882639,5147,0.0294,0,0
0.14658944142957,5148,0.0296,0,0
0.14658938403317,5149,0.0298,0,0
0.14658932663719,5150,0.03,0,0
0.14658926924161,5151,0.0302,0,0
0.14658921184645,5152,0.0304,0,0
0.1465891544517,5153,0.0306,0,0
0.14658909705736,5154,0.0308,0,0
0.14658903966343,5155,0.031,0,0
0.14658898226992,5156,0.0312,0,0
0.14658892487682,5157,0.0314,0,0
0.14658886748413,5158,0.0316,0,0
0.14658881009185,5159,0.0318,0,0
0.14658875269999,5160,0.032,0,0
0.14658869530853,5161,0.0322,0,0
0.14658863791749,5162,0.0324,0,0
0.14658858052686,5163,0.0326,0,0
0.14658852313665,5164,0.0328,0,0
0.14658846574684,5165,0.033,0,0
0.14658840835745,5166,0.0332,0,0
0.14658835096847,5167,0.0334,0,0
0.1465882935799,5168,0.0336,0,0
0.14658823619174,5169,0.0338,0,0
0.14658817880399,5170,0.034,0,0
0.14658812141666,5171,0.0342,0,0
0.14658806402974,5172,0.0344,0,0
0.14658800664323,5173,0.0346,0,0
0.14658794925713,5174,0.0348,0,0
0.14658789187144,5175,0.035,0,0
0.14658783448617,5176,0.0352,0,0
0.14658777710131,5177,0.0354,0,0
0.14658771971686,5178,0.0356,0,0
0.14658766233282,5179,0.0358,0,0
0.14658760494919,5180,0.036,0,0
0.14658754756597,5181,0.0362,0,0
0.14658749018317,5182,0.0364,0,0
0.14658743280077,5183,0.0366,0,0
0.14658737541879,5184,0.0368,0,0
0.14658731803722,5185,0.037,0,0
0.14658726065606,5186,0.0372,0,0
0.14658720327531,5187,0.0374,0,0
0.14658714589498,5188,0.0376,0,0
0.14658708851505,5189,0.0378,0,0
0.14658703113554,5190,0.038,0,0
0.14658697375643,5191,0.0382,0,0
0.14658691637774,5192,0.0384,0,0
0.14658685899946,5193,0.0386,0,0
0.14658680162159,5194,0.0388,0,0
0.14658674424413,5195,0.039,0,0
0.14658668686709,5196,0.0392,0,0
0.14658662949045,5197,0.0394,0,0
0.14658657211423,5198,0.0396,0,0
0.14658651473841,5199,0.0398,0,0
0.14658645736301,5200,0.04,0,0
0.14658639998802,5201,0.0402,0,0
0.14658634261344,5202,0.0404,0,0
0.14658628523927,5203,0.0406,0,0
0.14658622786551,5204,0.0408,0,0
0.14658617049216,5205,0.041,0,0
0.14658611311922,5206,0.0412,0,0
0.14658605574669,5207,0.0414,0,0
0.14658599837458,5208,0.0416,0,0
0.14658594100287,5209,0.0418,0,0
0.14658588363158,5210,0.042,0,0
0.14658582626069,5211,0.0422,0,0
0.14658576889022,5212,0.0424,0,0
0.14658571152015,5213,0.0426,0,0
0.1465856541505,5214,0.0428,0,0
0.14658559678126,5215,0.043,0,0
0.14658553941243,5216,0.0432,0,0
0.146585482044,5217,0.0434,0,0
0.14658542467599,5218,0.0436,0,0
0.14658536730839,5219,0.0438,0,0
0.1465853099412,5220,0.044,0,0
0.14658525257442,5221,0.0442,0,0
0.14658519520805,5222,0.0444,0,0
0.14658513784209,5223,0.0446,0,0
0.14658508047654,5224,0.0448,0,0
0.1465850231114,5225,0.045,0,0
0.14658496574667,5226,0.0452,0,0
0.14658490838235,5227,0.0454,0,0
0.14658485101844,5228,0.0456,0,0
0.14658479365494,5229,0.0458,0,0
0.14658473629185,5230,0.046,0,0
0.14658467892917,5231,0.0462,0,0
0.1465846215669,5232,0.0464,0,0
0.14658456420504,5233,0.0466,0,0
0.14658450684359,5234,0.0468,0,0
0.14658444948255,5235,0.047,0,0
0.14658439212192,5236,0.0472,0,0
0.14658433476169,5237,0.0474,0,0
0.14658427740188,5238,0.0476,0,0
0.14658422004248,5239,0.0478,0,0
0.14658416268349,5240,0.048,0,0
0.1465841053249,5241,0.0482,0,0
0.14658404796673,5242,0.0484,0,0
0.14658399060896,5243,0.0486,0,0
0.14658393325161,5244,0.0488,0,0
0.14658387589466,5245,0.049,0,0
0.14658381853813,5246,0.0492,0,0
0.146583761182,5247,0.0494,0,0
0.14658370382628,5248,0.0496,0,0
0.14658364647097,5249,0.0498,0,0
0.14658358911607,5250,0.05,0,0
0.14658353176158,5251,0.0502,0,0
0.1465834744075,5252,0.0504,0,0
0.14658341705382,5253,0.0506,0,0
0.14658335970056,5254,0.0508,0,0
0.1465833023477,5255,0.051,0,0
0.14658324499526,5256,0.0512,0,0
0.14658318764322,5257,0.0514,0,0
0.14658313029159,5258,0.0516,0,0
0.14658307294037,5259,0.0518,0,0
0.14658301558956,5260,0.052,0,0
0.14658295823916,5261,0.0522,0,0
0.14658290088916,5262,0.0524,0,0
0.14658284353958,5263,0.0526,0,0
0.1465827861904,5264,0.0528,0,0
0.14658272884163,5265,0.053,0,0
0.14658267149327,5266,0.0532,0,0
0.14658261414532,5267,0.0534,0,0
0.14658255679778,5268,0.0536,0,0
0.14658249945064,5269,0.0538,0,0
0.14658244210392,5270,0.054,0,0
0.1465823847576,5271,0.0542,0,0
0.14658232741169,5272,0.0544,0,0
0.14658227006619,5273,0.0546,0,0
0.14658221272109,5274,0.0548,0,0
0.14658215537641,5275,0.055,0,0
0.14658209803213,5276,0.0552,0,0
0.14658204068826,5277,0.0554,0,0
0.1465819833448,5278,0.0556,0,0
0.14658192600174,5279,0.0558,0,0
0.14658186865909,5280,0.056,0,0
0.14658181131686,5281,0.0562,0,0
0.14658175397503,5282,0.0564,0,0
0.1465816966336,5283,0.0566,0,0
0.14658163929259,5284,0.0568,0,0
0.14658158195198,5285,0.057,0,0
0.14658152461178,5286,0.0572,0,0
0.14658146727198,5287,0.0574,0,0
0.1465814099326,5288,0.0576,0,0
0.14658135259362,5289,0.0578,0,0
0.14658129525505,5290,0.058,0,0
0.14658123791689,5291,0.0582,0,0
0.14658118057913,5292,0.0584,0,0
0.14658112324178,5293,0.0586,0,0
0.14658106590484,5294,0.0588,0,0
0.1465810085683,5295,0.059,0,0
0.14658095123217,5296,0.0592,0,0
0.14658089389645,5297,0.0594,0,0
0.14658083656114,5298,0.0596,0,0
0.14658077922623,5299,0.0598,0,0
0.14658072189173,5300,0.06,0,0
0.14658066455764,5301,0.0602,0,0
0.14658060722395,5302,0.0604,0,0
0.14658054989067,5303,0.0606,0,0
0.1465804925578,5304,0.0608,0,0
0.14658043522533,5305,0.061,0,0
0.14658037789327,5306,0.0612,0,0
0.14658032056162,5307,0.0614,0,0
0.14658026323037,5308,0.0616,0,0
0.14658020589953,5309,0.0618,0,0
0.1465801485691,5310,0.062,0,0
0.14658009123907,5311,0.0622,0,0
0.14658003390945,5312,0.0624,0,0
0.14657997658023,5313,0.0626,0,0
0.14657991925142,5314,0.0628,0,0
0.14657986192302,5315,0.063,0,0
0.14657980459502,5316,0.0632,0,0
0.14657974726743,5317,0.0634,0,0
0.14657968994024,5318,0.0636,0,0
0.14657963261346,5319,0.0638,0,0
0.14657957528709,5320,0.064,0,0
0.14657951796112,5321,0.0642,0,0
0.14657946063556,5322,0.0644,0,0
0.1465794033104,5323,0.0646,0,0
0.14657934598565,5324,0.0648,0,0
0.14657928866131,5325,0.065,0,0
0.14657923133737,5326,0.0652,0,0
0.14657917401383,5327,0.0654,0,0
0.1465791166907,5328,0.0656,0,0
0.14657905936798,5329,0.0658,0,0
0.14657900204566,5330,0.066,0,0
0.14657894472375,5331,0.0662,0,0
0.14657888740224,5332,0.0664,0,0
0.14657883008114,5333,0.0666,0,0
0.14657877276044,5334,0.0668,0,0
0.14657871544015,5335,0.067,0,0
0.14657865812026,5336,0.0672,0,0
0.14657860080078,5337,0.0674,0,0
0.1465785434817,5338,0.0676,0,0
0.14657848616303,5339,0.0678,0,0
0.14657842884476,5340,0.068,0,0
0.1465783715269,5341,0.0682,0,0
0.14657831420944,5342,0.0684,0,0
0.14657825689238,5343,0.0686,0,0
0.14657819957573,5344,0.0688,0,0
0.14657814225949,5345,0.069,0,0
0.14657808494365,5346,0.0692,0,0
0.14657802762821,5347,0.0694,0,0
0.14657797031318,5348,0.0696,0,0
0.14657791299855,5349,0.0698,0,0
0.14657785568433,5350,0.07,0,0
0.14657779837051,5351,0.0702,0,0
0.14657774105709,5352,0.0704,0,0
0.14657768374408,5353,0.0706,0,0
0.14657762643147,5354,0.0708,0,0
0.14657756911927,5355,0.071,0,0
0.14657751180747,5356,0.0712,0,0
0.14657745449607,5357,0.0714,0,0
0.14657739718508,5358,0.0716,0,0
0.14657733987449,5359,0.0718,0,0
0.1465772825643,5360,0.072,0,0
0.14657722525452,5361,0.0722,0,0
0.14657716794514,5362,0.0724,0,0
0.14657711063617,5363,0.0726,0,0
0.1465770533276,5364,0.0728,0,0
0.14657699601943,5365,0.073,0,0
0.14657693871166,5366,0.0732,0,0
0.1465768814043,5367,0.0734,0,0
0.14657682409734,5368,0.0736,0,0
0.14657676679079,5369,0.0738,0,0
0.14657670948464,5370,0.074,0,0
0.14657665217889,5371,0.0742,0,0
0.14657659487354,5372,0.0744,0,0
0.1465765375686,5373,0.0746,0,0
0.14657648026405,5374,0.0748,0,0
0.14657642295992,5375,0.075,0,0
0.14657636565618,5376,0.0752,0,0
0.14657630835285,5377,0.0754,0,0
0.14657625104992,5378,0.0756,0,0
0.14657619374739,5379,0.0758,0,0
0.14657613644526,5380,0.076,0,0
0.14657607914354,5381,0.0762,0,0
0.14657602184222,5382,0.0764,0,0
0.1465759645413,5383,0.0766,0,0
0.14657590724078,5384,0.0768,0,0
0.14657584994066,5385,0.077,0,0
0.14657579264095,5386,0.0772,0,0
0.14657573534164,5387,0.0774,0,0
0.14657567804273,5388,0.0776,0,0
0.14657562074422,5389,0.0778,0,0
0.14657556344612,5390,0.078,0,0
0.14657550614841,5391,0.0782,0,0
0.14657544885111,5392,0.0784,0,0
0.14657539155421,5393,0.0786,0,0
0.14657533425771,5394,0.0788,0,0
0.14657527696161,5395,0.079,0,0
0.14657521966592,5396,0.0792,0,0
0.14657516237062,5397,0.0794,0,0
0.14657510507573,5398,0.0796,0,0
0.14657504778123,5399,0.0798,0,0
0.14657499048714,5400,0.08,0,0
0.14657493319345,5401,0.0802,0,0
0.14657487590016,5402,0.0804,0,0
0.14657481860727,5403,0.0806,0,0
0.14657476131479,5404,0.0808,0,0
0.1465747040227,5405,0.081,0,0
0.14657464673101,5406,0.0812,0,0
0.14657458943973,5407,0.0814,0,0
0.14657453214884,5408,0.0816,0,0
0.14657447485836,5409,0.0818,0,0
0.14657441756827,5410,0.082,0,0
0.14657436027859,5411,0.0822,0,0
0.1465743029893,5412,0.0824,0,0
0.14657424570042,5413,0.0826,0,0
0.14657418841194,5414,0.0828,0,0
0.14657413112385,5415,0.083,0,0
0.14657407383617,5416,0.0832,0,0
0.14657401654889,5417,0.0834,0,0
0.146573959262,5418,0.0836,0,0
0.14657390197552,5419,0.0838,0,0
0.14657384468943,5420,0.084,0,0
0.14657378740375,5421,0.0842,0,0
0.14657373011847,5422,0.0844,0,0
0.14657367283358,5423,0.0846,0,0
0.1465736155491,5424,0.0848,0,0
0.14657355826501,5425,0.085,0,0
0.14657350098132,5426,0.0852,0,0
0.14657344369803,5427,0.0854,0,0
0.14657338641515,5428,0.0856,0,0
0.14657332913266,5429,0.0858,0,0
0.14657327185057,5430,0.086,0,0
0.14657321456888,5431,0.0862,0,0
0.14657315728758,5432,0.0864,0,0
0.14657310000669,5433,0.0866,0,0
0.14657304272619,5434,0.0868,0,0
0.1465729854461,5435,0.087,0,0
0.1465729281664,5436,0.0872,0,0
0.1465728708871,5437,0.0874,0,0
0.1465728136082,5438,0.0876,0,0
0.1465727563297,5439,0.0878,0,0
0.1465726990516,5440,0.088,0,0
0.14657264177389,5441,0.0882,0,0
0.14657258449658,5442,0.0884,0,0
0.14657252721968,5443,0.0886,0,0
0.14657246994316,5444,0.0888,0,0
0.14657241266705,5445,0.089,0,0
0.14657235539134,5446,0.0892,0,0
0.14657229811602,5447,0.0894,0,0
0.1465722408411,5448,0.0896,0,0
0.14657218356658,5449,0.0898,0,0
0.14657212629245,5450,0.09,0,0
0.14657206901873,5451,0.0902,0,0
0.1465720117454,5452,0.0904,0,0
0.14657195447246,5453,0.0906,0,0
0.14657189719993,5454,0.0908,0,0
0.14657183992779,5455,0.091,0,0
0.14657178265605,5456,0.0912,0,0
0.14657172538471,5457,0.0914,0,0
0.14657166811376,5458,0.0916,0,0
0.14657161084321,5459,0.0918,0,0
0.14657155357306,5460,0.092,0,0
0.14657149630331,5461,0.0922,0,0
0.14657143903395,5462,0.0924,0,0
0.14657138176499,5463,0.0926,0,0
0.14657132449642,5464,0.0928,0,0
0.14657126722825,5465,0.093,0,0
0.14657120996048,5466,0.0932,0,0
0.1465711526931,5467,0.0934,0,0
0.14657109542612,5468,0.0936,0,0
0.14657103815954,5469,0.0938,0,0
0.14657098089335,5470,0.094,0,0
0.14657092362756,5471,0.0942,0,0
0.14657086636216,5472,0.0944,0,0
0.14657080909716,5473,0.0946,0,0
0.14657075183256,5474,0.0948,0,0
0.14657069456835,5475,0.095,0,0
0.14657063730453,5476,0.0952,0,0
0.14657058004112,5477,0.0954,0,0
0.1465705227781,5478,0.0956,0,0
0.14657046551547,5479,0.0958,0,0
0.14657040825324,5480,0.096,0,0
0.1465703509914,5481,0.0962,0,0
0.14657029372996,5482,0.0964,0,0
0.14657023646891,5483,0.0966,0,0
0.14657017920826,5484,0.0968,0,0
0.14657012194801,5485,0.097,0,0
0.14657006468815,5486,0.0972,0,0
0.14657000742868,5487,0.0974,0,0
0.14656995016961,5488,0.0976,0,0
0.14656989291093,5489,0.0978,0,0
0.14656983565265,5490,0.098,0,0
0.14656977839476,5491,0.0982,0,0
0.14656972113727,5492,0.0984,0,0
0.14656966388017,5493,0.0986,0,0
0.14656960662346,5494,0.0988,0,0
0.14656954936715,5495,0.099,0,0
0.14656949211124,5496,0.0992,0,0
0.14656943485571,5497,0.0994,0,0
0.14656937760058,5498,0.0996,0,0
0.14656932034585,5499,0.0998,0,0
0.14656926309151,5500,0.1,0,0
0.14656920583756,5501,0.1002,0,0
0.146569148584,5502,0.1004,0,0
0.14656909133084,5503,0.1006,0,0
0.14656903407807,5504,0.1008,0,0
0.1465689768257,5505,0.101,0,0
0.14656891957372,5506,0.1012,0,0
0.14656886232213,5507,0.1014,0,0
0.14656880507094,5508,0.1016,0,0
0.14656874782013,5509,0.1018,0,0
0.14656869056973,5510,0.102,0,0
0.14656863331971,5511,0.1022,0,0
0.14656857607009,5512,0.1024,0,0
0.14656851882085,5513,0.1026,0,0
0.14656846157202,5514,0.1028,0,0
0.14656840432357,5515,0.103,0,0
0.14656834707552,5516,0.1032,0,0
0.14656828982785,5517,0.1034,0,0
0.14656823258059,5518,0.1036,0,0
0.14656817533371,5519,0.1038,0,0
0.14656811808722,5520,0.104,0,0
0.14656806084113,5521,0.1042,0,0
0.14656800359543,5522,0.1044,0,0
0.14656794635012,5523,0.1046,0,0
0.1465678891052,5524,0.1048,0,0
0.14656783186068,5525,0.105,0,0
0.14656777461654,5526,0.1052,0,0
0.1465677173728,5527,0.1054,0,0
0.14656766012945,5528,0.1056,0,0
0.14656760288649,5529,0.1058,0,0
0.14656754564392,5530,0.106,0,0
0.14656748840174,5531,0.1062,0,0
0.14656743115995,5532,0.1064,0,0
0.14656737391856,5533,0.1066,0,0
0.14656731667755,5534,0.1068,0,0
0.14656725943694,5535,0.107,0,0
0.14656720219671,5536,0.1072,0,0
0.14656714495688,5537,0.1074,0,0
0.14656708771744,5538,0.1076,0,0
0.14656703047838,5539,0.1078,0,0
0.14656697323972,5540,0.108,0,0
0.14656691600145,5541,0.1082,0,0
0.14656685876357,5542,0.1084,0,0
0.14656680152608,5543,0.1086,0,0
0.14656674428897,5544,0.1088,0,0
0.14656668705226,5545,0.109,0,0
0.14656662981594,5546,0.1092,0,0
0.14656657258001,5547,0.1094,0,0
0.14656651534446,5548,0.1096,0,0
0.14656645810931,5549,0.1098,0,0
0.14656640087455,5550,0.11,0,0
0.14656634364017,5551,0.1102,0,0
0.14656628640619,5552,0.1104,0,0
0.14656622917259,5553,0.1106,0,0
0.14656617193938,5554,0.1108,0,0
0.14656611470656,5555,0.111,0,0
0.14656605747413,5556,0.1112,0,0
0.14656600024209,5557,0.1114,0,0
0.14656594301044,5558,0.1116,0,0
0.14656588577918,5559,0.1118,0,0
0.1465658285483,5560,0.112,0,0
0.14656577131782,5561,0.1122,0,0
0.14656571408772,5562,0.1124,0,0
0.14656565685801,5563,0.1126,0,0
0.14656559962869,5564,0.1128,0,0
0.14656554239975,5565,0.113,0,0
0.14656548517121,5566,0.1132,0,0
0.14656542794305,5567,0.1134,0,0
0.14656537071528,5568,0.1136,0,0
0.1465653134879,5569,0.1138,0,0
0.1465652562609,5570,0.114,0,0
0.14656519903429,5571,0.1142,0,0
0.14656514180807,5572,0.1144,0,0
0.14656508458224,5573,0.1146,0,0
0.1465650273568,5574,0.1148,0,0
0.14656497013174,5575,0.115,0,0
0.14656491290707,5576,0.1152,0,0
0.14656485568278,5577,0.1154,0,0
0.14656479845888,5578,0.1156,0,0
0.14656474123537,5579,0.1158,0,0
0.14656468401225,5580,0.116,0,0
0.14656462678951,5581,0.1162,0,0
0.14656456956716,5582,0.1164,0,0
0.1465645123452,5583,0.1166,0,0
0.14656445512362,5584,0.1168,0,0
0.14656439790242,5585,0.117,0,0
0.14656434068162,5586,0.1172,0,0
0.1465642834612,5587,0.1174,0,0
0.14656422624116,5588,0.1176,0,0
0.14656416902152,5589,0.1178,0,0
0.14656411180225,5590,0.118,0,0
0.14656405458337,5591,0.1182,0,0
0.14656399736488,5592,0.1184,0,0
0.14656394014678,5593,0.1186,0,0
0.14656388292906,5594,0.1188,0,0
0.14656382571172,5595,0.119,0,0
0.14656376849477,5596,0.1192,0,0
0.1465637112782,5597,0.1194,0,0
0.14656365406202,5598,0.1196,0,0
0.14656359684623,5599,0.1198,0,0
0.14656353963081,5600,0.12,0,0
0.14656348241579,5601,0.1202,0,0
0.14656342520115,5602,0.1204,0,0
0.14656336798689,5603,0.1206,0,0
0.14656331077301,5604,0.1208,0,0
0.14656325355953,5605,0.121,0,0
0.14656319634642,5606,0.1212,0,0
0.1465631391337,5607,0.1214,0,0
0.14656308192136,5608,0.1216,0,0
0.14656302470941,5609,0.1218,0,0
0.14656296749784,5610,0.122,0,0
0.14656291028665,5611,0.1222,0,0
0.14656285307585,5612,0.1224,0,0
0.14656279586543,5613,0.1226,0,0
0.1465627386554,5614,0.1228,0,0
0.14656268144575,5615,0.123,0,0
0.14656262423648,5616,0.1232,0,0
0.14656256702759,5617,0.1234,0,0
0.14656250981909,5618,0.1236,0,0
0.14656245261097,5619,0.1238,0,0
0.14656239540323,5620,0.124,0,0
0.14656233819587,5621,0.1242,0,0
0.1465622809889,5622,0.1244,0,0
0.14656222378231,5623,0.1246,0,0
0.1465621665761,5624,0.1248,0,0
0.14656210937028,5625,0.125,0,0
0.14656205216484,5626,0.1252,0,0
0.14656199495977,5627,0.1254,0,0
0.14656193775509,5628,0.1256,0,0
0.1465618805508,5629,0.1258,0,0
0.14656182334688,5630,0.126,0,0
0.14656176614335,5631,0.1262,0,0
0.14656170894019,5632,0.1264,0,0
0.14656165173742,5633,0.1266,0,0
0.14656159453503,5634,0.1268,0,0
0.14656153733303,5635,0.127,0,0
0.1465614801314,5636,0.1272,0,0
0.14656142293015,5637,0.1274,0,0
0.14656136572929,5638,0.1276,0,0
0.1465613085288,5639,0.1278,0,0
0.1465612513287,5640,0.128,0,0
0.14656119412897,5641,0.1282,0,0
0.14656113692963,5642,0.1284,0,0
0.14656107973067,5643,0.1286,0,0
0.14656102253208,5644,0.1288,0,0
0.14656096533388,5645,0.129,0,0
0.14656090813606,5646,0.1292,0,0
0.14656085093862,5647,0.1294,0,0
0.14656079374156,5648,0.1296,0,0
0.14656073654487,5649,0.1298,0,0
0.14656067934857,5650,0.13,0,0
0.14656062215265,5651,0.1302,0,0
0.1465605649571,5652,0.1304,0,0
0.14656050776194,5653,0.1306,0,0
0.14656045056715,5654,0.1308,0,0
0.14656039337275,5655,0.131,0,0
0.14656033617872,5656,0.1312,0,0
0.14656027898507,5657,0.1314,0,0
0.1465602217918,5658,0.1316,0,0
0.14656016459891,5659,0.1318,0,0
0.1465601074064,5660,0.132,0,0
0.14656005021426,5661,0.1322,0,0
0.14655999302251,5662,0.1324,0,0
0.14655993583113,5663,0.1326,0,0
0.14655987864013,5664,0.1328,0,0
0.14655982144951,5665,0.133,0,0
0.14655976425927,5666,0.1332,0,0
0.1465597070694,5667,0.1334,0,0
0.14655964987991,5668,0.1336,0,0
0.1465595926908,5669,0.1338,0,0
0.14655953550207,5670,0.134,0,0
0.14655947831372,5671,0.1342,0,0
0.14655942112574,5672,0.1344,0,0
0.14655936393814,5673,0.1346,0,0
0.14655930675091,5674,0.1348,0,0
0.14655924956407,5675,0.135,0,0
0.1465591923776,5676,0.1352,0,0
0.1465591351915,5677,0.1354,0,0
0.14655907800579,5678,0.1356,0,0
0.14655902082045,5679,0.1358,0,0
0.14655896363549,5680,0.136,0,0
0.1465589064509,5681,0.1362,0,0
0.14655884926669,5682,0.1364,0,0
0.14655879208285,5683,0.1366,0,0
0.14655873489939,5684,0.1368,0,0
0.14655867771631,5685,0.137,0,0
0.1465586205336,5686,0.1372,0,0
0.14655856335127,5687,0.1374,0,0
0.14655850616932,5688,0.1376,0,0
0.14655844898773,5689,0.1378,0,0
0.14655839180653,5690,0.138,0,0
0.1465583346257,5691,0.1382,0,0
0.14655827744524,5692,0.1384,0,0
0.14655822026516,5693,0.1386,0,0
0.14655816308546,5694,0.1388,0,0
0.14655810590613,5695,0.139,0,0
0.14655804872717,5696,0.1392,0,0
0.14655799154859,5697,0.1394,0,0
0.14655793437038,5698,0.1396,0,0
0.14655787719255,5699,0.1398,0,0
0.14655782001509,5700,0.14,0,0
0.14655776283801,5701,0.1402,0,0
0.1465577056613,5702,0.1404,0,0
0.14655764848496,5703,0.1406,0,0
0.146557591309,5704,0.1408,0,0
0.14655753413341,5705,0.141,0,0
0.14655747695819,5706,0.1412,0,0
0.14655741978335,5707,0.1414,0,0
0.14655736260888,5708,0.1416,0,0
0.14655730543478,5709,0.1418,0,0
0.14655724826106,5710,0.142,0,0
0.14655719108771,5711,0.1422,0,0
0.14655713391473,5712,0.1424,0,0
0.14655707674213,5713,0.1426,0,0
0.1465570195699,5714,0.1428,0,0
0.14655696239804,5715,0.143,0,0
0.14655690522655,5716,0.1432,0,0
0.14655684805544,5717,0.1434,0,0
0.14655679088469,5718,0.1436,0,0
0.14655673371432,5719,0.1438,0,0
0.14655667654432,5720,0.144,0,0
0.1465566193747,5721,0.1442,0,0
0.14655656220544,5722,0.1444,0,0
0.14655650503656,5723,0.1446,0,0
0.14655644786804,5724,0.1448,0,0
0.1465563906999,5725,0.145,0,0
0.14655633353213,5726,0.1452,0,0
0.14655627636473,5727,0.1454,0,0
0.14655621919771,5728,0.1456,0,0
0.14655616203105,5729,0.1458,0,0
0.14655610486476,5730,0.146,0,0
0.14655604769885,5731,0.1462,0,0
0.1465559905333,5732,0.1464,0,0
0.14655593336813,5733,0.1466,0,0
0.14655587620332,5734,0.1468,0,0
0.14655581903889,5735,0.147,0,0
0.14655576187482,5736,0.1472,0,0
0.14655570471113,5737,0.1474,0,0
0.1465556475478,5738,0.1476,0,0
0.14655559038485,5739,0.1478,0,0
0.14655553322226,5740,0.148,0,0
0.14655547606005,5741,0.1482,0,0
0.1465554188982,5742,0.1484,0,0
0.14655536173672,5743,0.1486,0,0
0.14655530457561,5744,0.1488,0,0
0.14655524741487,5745,0.149,0,0
0.1465551902545,5746,0.1492,0,0
0.1465551330945,5747,0.1494,0,0
0.14655507593486,5748,0.1496,0,0
0.1465550187756,5749,0.1498,0,0
0.1465549616167,5750,0.15,0,0
0.14655490445817,5751,0.1502,0,0
0.14655484730001,5752,0.1504,0,0
0.14655479014222,5753,0.1506,0,0
0.14655473298479,5754,0.1508,0,0
0.14655467582774,5755,0.151,0,0
0.14655461867105,5756,0.1512,0,0
0.14655456151473,5757,0.1514,0,0
0.14655450435877,5758,0.1516,0,0
0.14655444720318,5759,0.1518,0,0
0.14655439004796,5760,0.152,0,0
0.14655433289311,5761,0.1522,0,0
0.14655427573862,5762,0.1524,0,0
0.1465542185845,5763,0.1526,0,0
0.14655416143075,5764,0.1528,0,0
0.14655410427736,5765,0.153,0,0
0.14655404712434,5766,0.1532,0,0
0.14655398997169,5767,0.1534,0,0
0.1465539328194,5768,0.1536,0,0
0.14655387566748,5769,0.1538,0,0
0.14655381851592,5770,0.154,0,0
0.14655376136473,5771,0.1542,0,0
0.14655370421391,5772,0.1544,0,0
0.14655364706345,5773,0.1546,0,0
0.14655358991336,5774,0.1548,0,0
0.14655353276363,5775,0.155,0,0
0.14655347561427,5776,0.1552,0,0
0.14655341846527,5777,0.1554,0,0
0.14655336131664,5778,0.1556,0,0
0.14655330416837,5779,0.1558,0,0
0.14655324702046,5780,0.156,0,0
0.14655318987292,5781,0.1562,0,0
0.14655313272575,5782,0.1564,0,0
0.14655307557894,5783,0.1566,0,0
0.14655301843249,5784,0.1568,0,0
0.14655296128641,5785,0.157,0,0
0.14655290414069,5786,0.1572,0,0
0.14655284699534,5787,0.1574,0,0
0.14655278985035,5788,0.1576,0,0
0.14655273270572,5789,0.1578,0,0
0.14655267556145,5790,0.158,0,0
0.14655261841755,5791,0.1582,0,0
0.14655256127401,5792,0.1584,0,0
0.14655250413084,5793,0.1586,0,0
0.14655244698803,5794,0.1588,0,0
0.14655238984558,5795,0.159,0,0
0.14655233270349,5796,0.1592,0,0
0.14655227556177,5797,0.1594,0,0
0.14655221842041,5798,0.1596,0,0
0.14655216127941,5799,0.1598,0,0
0.14655210413877,5800,0.16,0,0
0.14655204699849,5801,0.1602,0,0
0.14655198985858,5802,0.1604,0,0
0.14655193271903,5803,0.1606,0,0
0.14655187557984,5804,0.1608,0,0
0.14655181844101,5805,0.161,0,0
0.14655176130254,5806,0.1612,0,0
0.14655170416444,5807,0.1614,0,0
0.14655164702669,5808,0.1616,0,0
0.14655158988931,5809,0.1618,0,0
0.14655153275229,5810,0.162,0,0
0.14655147561562,5811,0.1622,0,0
0.14655141847932,5812,0.1624,0,0
0.14655136134338,5813,0.1626,0,0
0.1465513042078,5814,0.1628,0,0
0.14655124707258,5815,0.163,0,0
0.14655118993772,5816,0.1632,0,0
0.14655113280322,5817,0.1634,0,0
0.14655107566907,5818,0.1636,0,0
0.14655101853529,5819,0.1638,0,0
0.14655096140187,5820,0.164,0,0
0.14655090426881,5821,0.1642,0,0
0.14655084713611,5822,0.1644,0,0
0.14655079000376,5823,0.1646,0,0
0.14655073287178,5824,0.1648,0,0
0.14655067574015,5825,0.165,0,0
0.14655061860888,5826,0.1652,0,0
0.14655056147797,5827,0.1654,0,0
0.14655050434742,5828,0.1656,0,0
0.14655044721723,5829,0.1658,0,0
0.1465503900874,5830,0.166,0,0
0.14655033295792,5831,0.1662,0,0
0.1465502758288,5832,0.1664,0,0
0.14655021870004,5833,0.1666,0,0
0.14655016157164,5834,0.1668,0,0
0.1465501044436,5835,0.167,0,0
0.14655004731591,5836,0.1672,0,0
0.14654999018858,5837,0.1674,0,0
0.1465499330616,5838,0.1676,0,0
0.14654987593499,5839,0.1678,0,0
0.14654981880873,5840,0.168,0,0
0.14654976168283,5841,0.1682,0,0
0.14654970455728,5842,0.1684,0,0
0.14654964743209,5843,0.1686,0,0
0.14654959030726,5844,0.1688,0,0
0.14654953318278,5845,0.169,0,0
0.14654947605866,5846,0.1692,0,0
0.1465494189349,5847,0.1694,0,0
0.14654936181149,5848,0.1696,0,0
0.14654930468843,5849,0.1698,0,0
0.14654924756574,5850,0.17,0,0
0.14654919044339,5851,0.1702,0,0
0.14654913332141,5852,0.1704,0,0
0.14654907619977,5853,0.1706,0,0
0.1465490190785,5854,0.1708,0,0
0.14654896195758,5855,0.171,0,0
0.14654890483701,5856,0.1712,0,0
0.1465488477168,5857,0.1714,0,0
0.14654879059694,5858,0.1716,0,0
0.14654873347743,5859,0.1718,0,0
0.14654867635828,5860,0.172,0,0
0.14654861923949,5861,0.1722,0,0
0.14654856212105,5862,0.1724,0,0
0.14654850500296,5863,0.1726,0,0
0.14654844788522,5864,0.1728,0,0
0.14654839076784,5865,0.173,0,0
0.14654833365081,5866,0.1732,0,0
0.14654827653414,5867,0.1734,0,0
0.14654821941782,5868,0.1736,0,0
0.14654816230185,5869,0.1738,0,0
0.14654810518623,5870,0.174,0,0
0.14654804807097,5871,0.1742,0,0
0.14654799095606,5872,0.1744,0,0
0.1465479338415,5873,0.1746,0,0
0.1465478767273,5874,0.1748,0,0
0.14654781961344,5875,0.175,0,0
0.14654776249994,5876,0.1752,0,0
0.14654770538679,5877,0.1754,0,0
0.14654764827399,5878,0.1756,0,0
0.14654759116155,5879,0.1758,0,0
0.14654753404945,5880,0.176,0,0
0.14654747693771,5881,0.1762,0,0
0.14654741982631,5882,0.1764,0,0
0.14654736271527,5883,0.1766,0,0
0.14654730560458,5884,0.1768,0,0
0.14654724849424,5885,0.177,0,0
0.14654719138425,5886,0.1772,0,0
0.14654713427461,5887,0.1774,0,0
0.14654707716532,5888,0.1776,0,0
0.14654702005638,5889,0.1778,0,0
0.14654696294779,5890,0.178,0,0
0.14654690583955,5891,0.1782,0,0
0.14654684873166,5892,0.1784,0,0
0.14654679162412,5893,0.1786,0,0
0.14654673451693,5894,0.1788,0,0
0.14654667741009,5895,0.179,0,0
0.1465466203036,5896,0.1792,0,0
0.14654656319746,5897,0.1794,0,0
0.14654650609166,5898,0.1796,0,0
0.14654644898622,5899,0.1798,0,0
0.14654639188112,5900,0.18,0,0
0.14654633477637,5901,0.1802,0,0
0.14654627767197,5902,0.1804,0,0
0.14654622056792,5903,0.1806,0,0
0.14654616346422,5904,0.1808,0,0
0.14654610636086,5905,0.181,0,0
0.14654604925785,5906,0.1812,0,0
0.14654599215519,5907,0.1814,0,0
0.14654593505288,5908,0.1816,0,0
0.14654587795091,5909,0.1818,0,0
0.1465458208493,5910,0.182,0,0
0.14654576374802,5911,0.1822,0,0
0.1465457066471,5912,0.1824,0,0
0.14654564954652,5913,0.1826,0,0
0.14654559244629,5914,0.1828,0,0
0.14654553534641,5915,0.183,0,0
0.14654547824687,5916,0.1832,0,0
0.14654542114767,5917,0.1834,0,0
0.14654536404883,5918,0.1836,0,0
0.14654530695033,5919,0.1838,0,0
0.14654524985217,5920,0.184,0,0
0.14654519275436,5921,0.1842,0,0
0.1465451356569,5922,0.1844,0,0
0.14654507855978,5923,0.1846,0,0
0.14654502146301,5924,0.1848,0,0
0.14654496436658,5925,0.185,0,0
0.14654490727049,5926,0.1852,0,0
0.14654485017475,5927,0.1854,0,0
0.14654479307936,5928,0.1856,0,0
0.14654473598431,5929,0.1858,0,0
0.1465446788896,5930,0.186,0,0
0.14654462179524,5931,0.1862,0,0
0.14654456470122,5932,0.1864,0,0
0.14654450760755,5933,0.1866,0,0
0.14654445051422,5934,0.1868,0,0
0.14654439342123,5935,0.187,0,0
0.14654433632859,5936,0.1872,0,0
0.14654427923629,5937,0.1874,0,0
0.14654422214433,5938,0.1876,0,0
0.14654416505272,5939,0.1878,0,0
0.14654410796145,5940,0.188,0,0
0.14654405087052,5941,0.1882,0,0
0.14654399377993,5942,0.1884,0,0
0.14654393668969,5943,0.1886,0,0
0.14654387959978,5944,0.1888,0,0
0.14654382251022,5945,0.189,0,0
0.14654376542101,5946,0.1892,0,0
0.14654370833213,5947,0.1894,0,0
0.1465436512436,5948,0.1896,0,0
0.1465435941554,5949,0.1898,0,0
0.14654353706755,5950,0.19,0,0
0.14654347998004,5951,0.1902,0,0
0.14654342289287,5952,0.1904,0,0
0.14654336580604,5953,0.1906,0,0
0.14654330871955,5954,0.1908,0,0
0.14654325163341,5955,0.191,0,0
0.1465431945476,5956,0.1912,0,0
0.14654313746213,5957,0.1914,0,0
0.146543080377,5958,0.1916,0,0
0.14654302329222,5959,0.1918,0,0
0.14654296620777,5960,0.192,0,0
0.14654290912366,5961,0.1922,0,0
0.14654285203989,5962,0.1924,0,0
0.14654279495647,5963,0.1926,0,0
0.14654273787338,5964,0.1928,0,0
0.14654268079063,5965,0.193,0,0
0.14654262370821,5966,0.1932,0,0
0.14654256662614,5967,0.1934,0,0
0.14654250954441,5968,0.1936,0,0
0.14654245246301,5969,0.1938,0,0
0.14654239538195,5970,0.194,0,0
0.14654233830123,5971,0.1942,0,0
0.14654228122085,5972,0.1944,0,0
0.14654222414081,5973,0.1946,0,0
0.1465421670611,5974,0.1948,0,0
0.14654210998173,5975,0.195,0,0
0.1465420529027,5976,0.1952,0,0
0.14654199582401,5977,0.1954,0,0
0.14654193874565,5978,0.1956,0,0
0.14654188166763,5979,0.1958,0,0
0.14654182458995,5980,0.196,0,0
0.1465417675126,5981,0.1962,0,0
0.14654171043559,5982,0.1964,0,0
0.14654165335892,5983,0.1966,0,0
0.14654159628258,5984,0.1968,0,0
0.14654153920658,5985,0.197,0,0
0.14654148213091,5986,0.1972,0,0
0.14654142505558,5987,0.1974,0,0
0.14654136798059,5988,0.1976,0,0
0.14654131090593,5989,0.1978,0,0
0.1465412538316,5990,0.198,0,0
0.14654119675761,5991,0.1982,0,0
0.14654113968396,5992,0.1984,0,0
0.14654108261064,5993,0.1986,0,0
0.14654102553765,5994,0.1988,0,0
0.146540968465,5995,0.199,0,0
0.14654091139269,5996,0.1992,0,0
0.1465408543207,5997,0.1994,0,0
0.14654079724906,5998,0.1996,0,0
0.14654074017774,5999,0.1998,0,0
0.14654068310676,6000,0.2,0,0
0.14654062603611,6001,0.2002,0,0
0.1465405689658,6002,0.2004,0,0
0.14654051189582,6003,0.2006,0,0
0.14654045482617,6004,0.2008,0,0
0.14654039775686,6005,0.201,0,0
0.14654034068787,6006,0.2012,0,0
0.14654028361922,6007,0.2014,0,0
0.14654022655091,6008,0.2016,0,0
0.14654016948292,6009,0.2018,0,0
0.14654011241527,6010,0.202,0,0
0.14654005534795,6011,0.2022,0,0
0.14653999828096,6012,0.2024,0,0
0.1465399412143,6013,0.2026,0,0
0.14653988414798,6014,0.2028,0,0
0.14653982708198,6015,0.203,0,0
0.14653977001632,6016,0.2032,0,0
0.14653971295098,6017,0.2034,0,0
0.14653965588598,6018,0.2036,0,0
0.14653959882131,6019,0.2038,0,0
0.14653954175697,6020,0.204,0,0
0.14653948469296,6021,0.2042,0,0
0.14653942762928,6022,0.2044,0,0
0.14653937056593,6023,0.2046,0,0
0.14653931350291,6024,0.2048,0,0
0.14653925644022,6025,0.205,0,0
0.14653919937786,6026,0.2052,0,0
0.14653914231582,6027,0.2054,0,0
0.14653908525412,6028,0.2056,0,0
0.14653902819275,6029,0.2058,0,0
0.1465389711317,6030,0.206,0,0
0.14653891407099,6031,0.2062,0,0
0.1465388570106,6032,0.2064,0,0
0.14653879995054,6033,0.2066,0,0
0.14653874289081,6034,0.2068,0,0
0.14653868583141,6035,0.207,0,0
0.14653862877233,6036,0.2072,0,0
0.14653857171359,6037,0.2074,0,0
0.14653851465517,6038,0.2076,0,0
0.14653845759708,6039,0.2078,0,0
0.14653840053931,6040,0.208,0,0
0.14653834348187,6041,0.2082,0,0
0.14653828642476,6042,0.2084,0,0
0.14653822936798,6043,0.2086,0,0
0.14653817231152,6044,0.2088,0,0
0.14653811525539,6045,0.209,0,0
0.14653805819959,6046,0.2092,0,0
0.14653800114411,6047,0.2094,0,0
0.14653794408896,6048,0.2096,0,0
0.14653788703413,6049,0.2098,0,0
0.14653782997963,6050,0.21,0,0
0.14653777292546,6051,0.2102,0,0
0.14653771587161,6052,0.2104,0,0
0.14653765881808,6053,0.2106,0,0
0.14653760176488,6054,0.2108,0,0
0.14653754471201,6055,0.211,0,0
0.14653748765946,6056,0.2112,0,0
0.14653743060723,6057,0.2114,0,0
0.14653737355533,6058,0.2116,0,0
0.14653731650376,6059,0.2118,0,0
0.1465372594525,6060,0.212,0,0
0.14653720240157,6061,0.2122,0,0
0.14653714535097,6062,0.2124,0,0
0.14653708830069,6063,0.2126,0,0
0.14653703125073,6064,0.2128,0,0
0.14653697420109,6065,0.213,0,0
0.14653691715178,6066,0.2132,0,0
0.14653686010279,6067,0.2134,0,0
0.14653680305413,6068,0.2136,0,0
0.14653674600578,6069,0.2138,0,0
0.14653668895776,6070,0.214,0,0
0.14653663191006,6071,0.2142,0,0
0.14653657486268,6072,0.2144,0,0
0.14653651781563,6073,0.2146,0,0
0.14653646076889,6074,0.2148,0,0
0.14653640372248,6075,0.215,0,0
0.14653634667639,6076,0.2152,0,0
0.14653628963062,6077,0.2154,0,0
0.14653623258517,6078,0.2156,0,0
0.14653617554005,6079,0.2158,0,0
0.14653611849524,6080,0.216,0,0
0.14653606145075,6081,0.2162,0,0
0.14653600440659,6082,0.2164,0,0
0.14653594736274,6083,0.2166,0,0
0.14653589031922,6084,0.2168,0,0
0.14653583327601,6085,0.217,0,0
0.14653577623312,6086,0.2172,0,0
0.14653571919056,6087,0.2174,0,0
0.14653566214831,6088,0.2176,0,0
0.14653560510638,6089,0.2178,0,0
0.14653554806477,6090,0.218,0,0
0.14653549102348,6091,0.2182,0,0
0.14653543398251,6092,0.2184,0,0
0.14653537694186,6093,0.2186,0,0
0.14653531990153,6094,0.2188,0,0
0.14653526286151,6095,0.219,0,0
0.14653520582181,6096,0.2192,0,0
0.14653514878243,6097,0.2194,0,0
0.14653509174337,6098,0.2196,0,0
0.14653503470462,6099,0.2198,0,0
0.1465349776662,6100,0.22,0,0
0.14653492062809,6101,0.2202,0,0
0.14653486359029,6102,0.2204,0,0
0.14653480655282,6103,0.2206,0,0
0.14653474951566,6104,0.2208,0,0
0.14653469247881,6105,0.221,0,0
0.14653463544228,6106,0.2212,0,0
0.14653457840607,6107,0.2214,0,0
0.14653452137018,6108,0.2216,0,0
0.1465344643346,6109,0.2218,0,0
0.14653440729934,6110,0.222,0,0
0.14653435026439,6111,0.2222,0,0
0.14653429322976,6112,0.2224,0,0
0.14653423619544,6113,0.2226,0,0
0.14653417916144,6114,0.2228,0,0
0.14653412212775,6115,0.223,0,0
0.14653406509437,6116,0.2232,0,0
0.14653400806132,6117,0.2234,0,0
0.14653395102857,6118,0.2236,0,0
0.14653389399614,6119,0.2238,0,0
0.14653383696403,6120,0.224,0,0
0.14653377993222,6121,0.2242,0,0
0.14653372290073,6122,0.2244,0,0
0.14653366586956,6123,0.2246,0,0
0.1465336088387,6124,0.2248,0,0
0.14653355180815,6125,0.225,0,0
0.14653349477791,6126,0.2252,0,0
0.14653343774799,6127,0.2254,0,0
0.14653338071838,6128,0.2256,0,0
0.14653332368908,6129,0.2258,0,0
0.14653326666009,6130,0.226,0,0
0.14653320963142,6131,0.2262,0,0
0.14653315260305,6132,0.2264,0,0
0.146533095575,6133,0.2266,0,0
0.14653303854726,6134,0.2268,0,0
0.14653298151984,6135,0.227,0,0
0.14653292449272,6136,0.2272,0,0
0.14653286746591,6137,0.2274,0,0
0.14653281043942,6138,0.2276,0,0
0.14653275341324,6139,0.2278,0,0
0.14653269638736,6140,0.228,0,0
0.1465326393618,6141,0.2282,0,0
0.14653258233654,6142,0.2284,0,0
0.1465325253116,6143,0.2286,0,0
0.14653246828697,6144,0.2288,0,0
0.14653241126264,6145,0.229,0,0
0.14653235423863,6146,0.2292,0,0
0.14653229721492,6147,0.2294,0,0
0.14653224019153,6148,0.2296,0,0
0.14653218316844,6149,0.2298,0,0
0.14653212614566,6150,0.23,0,0
0.14653206912319,6151,0.2302,0,0
0.14653201210103,6152,0.2304,0,0
0.14653195507918,6153,0.2306,0,0
0.14653189805763,6154,0.2308,0,0
0.14653184103639,6155,0.231,0,0
0.14653178401546,6156,0.2312,0,0
0.14653172699484,6157,0.2314,0,0
0.14653166997453,6158,0.2316,0,0
0.14653161295452,6159,0.2318,0,0
0.14653155593482,6160,0.232,0,0
0.14653149891542,6161,0.2322,0,0
0.14653144189634,6162,0.2324,0,0
0.14653138487755,6163,0.2326,0,0
0.14653132785908,6164,0.2328,0,0
0.14653127084091,6165,0.233,0,0
0.14653121382305,6166,0.2332,0,0
0.14653115680549,6167,0.2334,0,0
0.14653109978824,6168,0.2336,0,0
0.14653104277129,6169,0.2338,0,0
0.14653098575465,6170,0.234,0,0
0.14653092873832,6171,0.2342,0,0
0.14653087172228,6172,0.2344,0,0
0.14653081470656,6173,0.2346,0,0
0.14653075769113,6174,0.2348,0,0
0.14653070067602,6175,0.235,0,0
0.1465306436612,6176,0.2352,0,0
0.14653058664669,6177,0.2354,0,0
0.14653052963249,6178,0.2356,0,0
0.14653047261858,6179,0.2358,0,0
0.14653041560499,6180,0.236,0,0
0.14653035859169,6181,0.2362,0,0
0.1465303015787,6182,0.2364,0,0
0.14653024456601,6183,0.2366,0,0
0.14653018755362,6184,0.2368,0,0
0.14653013054153,6185,0.237,0,0
0.14653007352975,6186,0.2372,0,0
0.14653001651827,6187,0.2374,0,0
0.14652995950709,6188,0.2376,0,0
0.14652990249622,6189,0.2378,0,0
0.14652984548564,6190,0.238,0,0
0.14652978847537,6191,0.2382,0,0
0.1465297314654,6192,0.2384,0,0
0.14652967445572,6193,0.2386,0,0
0.14652961744635,6194,0.2388,0,0
0.14652956043728,6195,0.239,0,0
0.14652950342851,6196,0.2392,0,0
0.14652944642005,6197,0.2394,0,0
0.14652938941188,6198,0.2396,0,0
0.14652933240401,6199,0.2398,0,0
0.14652927539644,6200,0.24,0,0
0.14652921838917,6201,0.2402,0,0
0.1465291613822,6202,0.2404,0,0
0.14652910437553,6203,0.2406,0,0
0.14652904736916,6204,0.2408,0,0
0.14652899036308,6205,0.241,0,0
0.14652893335731,6206,0.2412,0,0
0.14652887635183,6207,0.2414,0,0
0.14652881934666,6208,0.2416,0,0
0.14652876234178,6209,0.2418,0,0
0.1465287053372,6210,0.242,0,0
0.14652864833291,6211,0.2422,0,0
0.14652859132893,6212,0.2424,0,0
0.14652853432524,6213,0.2426,0,0
0.14652847732185,6214,0.2428,0,0
0.14652842031875,6215,0.243,0,0
0.14652836331596,6216,0.2432,0,0
0.14652830631346,6217,0.2434,0,0
0.14652824931125,6218,0.2436,0,0
0.14652819230934,6219,0.2438,0,0
0.14652813530773,6220,0.244,0,0
0.14652807830642,6221,0.2442,0,0
0.1465280213054,6222,0.2444,0,0
0.14652796430467,6223,0.2446,0,0
0.14652790730424,6224,0.2448,0,0
0.14652785030411,6225,0.245,0,0
0.14652779330427,6226,0.2452,0,0
0.14652773630472,6227,0.2454,0,0
0.14652767930547,6228,0.2456,0,0
0.14652762230652,6229,0.2458,0,0
0.14652756530786,6230,0.246,0,0
0.14652750830949,6231,0.2462,0,0
0.14652745131142,6232,0.2464,0,0
0.14652739431364,6233,0.2466,0,0
0.14652733731616,6234,0.2468,0,0
0.14652728031896,6235,0.247,0,0
0.14652722332206,6236,0.2472,0,0
0.14652716632546,6237,0.2474,0,0
0.14652710932914,6238,0.2476,0,0
0.14652705233312,6239,0.2478,0,0
0.1465269953374,6240,0.248,0,0
0.14652693834196,6241,0.2482,0,0
0.14652688134682,6242,0.2484,0,0
0.14652682435196,6243,0.2486,0,0
0.1465267673574,6244,0.2488,0,0
0.14652671036313,6245,0.249,0,0
0.14652665336916,6246,0.2492,0,0
0.14652659637547,6247,0.2494,0,0
0.14652653938207,6248,0.2496,0,0
0.14652648238897,6249,0.2498,0,0
0.14652642539615,6250,0.25,0,0
0.14652636840363,6251,0.2502,0,0
0.1465263114114,6252,0.2504,0,0
0.14652625441945,6253,0.2506,0,0
0.1465261974278,6254,0.2508,0,0
0.14652614043643,6255,0.251,0,0
0.14652608344536,6256,0.2512,0,0
0.14652602645457,6257,0.2514,0,0
0.14652596946407,6258,0.2516,0,0
0.14652591247387,6259,0.2518,0,0
0.14652585548395,6260,0.252,0,0
0.14652579849432,6261,0.2522,0,0
0.14652574150497,6262,0.2524,0,0
0.14652568451592,6263,0.2526,0,0
0.14652562752715,6264,0.2528,0,0
0.14652557053867,6265,0.253,0,0
0.14652551355048,6266,0.2532,0,0
0.14652545656258,6267,0.2534,0,0
0.14652539957496,6268,0.2536,0,0
0.14652534258763,6269,0.2538,0,0
0.14652528560059,6270,0.254,0,0
0.14652522861383,6271,0.2542,0,0
0.14652517162736,6272,0.2544,0,0
0.14652511464117,6273,0.2546,0,0
0.14652505765528,6274,0.2548,0,0
0.14652500066966,6275,0.255,0,0
0.14652494368434,6276,0.2552,0,0
0.1465248866993,6277,0.2554,0,0
0.14652482971454,6278,0.2556,0,0
0.14652477273007,6279,0.2558,0,0
0.14652471574588,6280,0.256,0,0
0.14652465876198,6281,0.2562,0,0
0.14652460177836,6282,0.2564,0,0
0.14652454479503,6283,0.2566,0,0
0.14652448781198,6284,0.2568,0,0
0.14652443082922,6285,0.257,0,0
0.14652437384673,6286,0.2572,0,0
0.14652431686454,6287,0.2574,0,0
0.14652425988262,6288,0.2576,0,0
0.14652420290099,6289,0.2578,0,0
0.14652414591964,6290,0.258,0,0
0.14652408893858,6291,0.2582,0,0
0.14652403195779,6292,0.2584,0,0
0.14652397497729,6293,0.2586,0,0
0.14652391799707,6294,0.2588,0,0
0.14652386101714,6295,0.259,0,0
0.14652380403748,6296,0.2592,0,0
0.14652374705811,6297,0.2594,0,0
0.14652369007902,6298,0.2596,0,0
0.14652363310021,6299,0.2598,0,0
0.14652357612168,6300,0.26,0,0
0.14652351914343,6301,0.2602,0,0
0.14652346216546,6302,0.2604,0,0
0.14652340518777,6303,0.2606,0,0
0.14652334821036,6304,0.2608,0,0
0.14652329123324,6305,0.261,0,0
0.14652323425639,6306,0.2612,0,0
0.14652317727982,6307,0.2614,0,0
0.14652312030353,6308,0.2616,0,0
0.14652306332752,6309,0.2618,0,0
0.14652300635179,6310,0.262,0,0
0.14652294937634,6311,0.2622,0,0
0.14652289240117,6312,0.2624,0,0
0.14652283542627,6313,0.2626,0,0
0.14652277845165,6314,0.2628,0,0
0.14652272147732,6315,0.263,0,0
0.14652266450326,6316,0.2632,0,0
0.14652260752947,6317,0.2634,0,0
0.14652255055597,6318,0.2636,0,0
0.14652249358274,6319,0.2638,0,0
0.14652243660979,6320,0.264,0,0
0.14652237963712,6321,0.2642,0,0
0.14652232266472,6322,0.2644,0,0
0.1465222656926,6323,0.2646,0,0
0.14652220872075,6324,0.2648,0,0
0.14652215174919,6325,0.265,0,0
0.14652209477789,6326,0.2652,0,0
0.14652203780688,6327,0.2654,0,0
0.14652198083614,6328,0.2656,0,0
0.14652192386567,6329,0.2658,0,0
0.14652186689548,6330,0.266,0,0
0.14652180992556,6331,0.2662,0,0
0.14652175295592,6332,0.2664,0,0
0.14652169598656,6333,0.2666,0,0
0.14652163901746,6334,0.2668,0,0
0.14652158204865,6335,0.267,0,0
0.1465215250801,6336,0.2672,0,0
0.14652146811183,6337,0.2674,0,0
0.14652141114384,6338,0.2676,0,0
0.14652135417611,6339,0.2678,0,0
0.14652129720866,6340,0.268,0,0
0.14652124024149,6341,0.2682,0,0
0.14652118327458,6342,0.2684,0,0
0.14652112630795,6343,0.2686,0,0
0.14652106934159,6344,0.2688,0,0
0.1465210123755,6345,0.269,0,0
0.14652095540969,6346,0.2692,0,0
0.14652089844414,6347,0.2694,0,0
0.14652084147887,6348,0.2696,0,0
0.14652078451387,6349,0.2698,0,0
0.14652072754914,6350,0.27,0,0
0.14652067058468,6351,0.2702,0,0
0.1465206136205,6352,0.2704,0,0
0.14652055665658,6353,0.2706,0,0
0.14652049969293,6354,0.2708,0,0
0.14652044272955,6355,0.271,0,0
0.14652038576645,6356,0.2712,0,0
0.14652032880361,6357,0.2714,0,0
0.14652027184104,6358,0.2716,0,0
0.14652021487875,6359,0.2718,0,0
0.14652015791672,6360,0.272,0,0
0.14652010095496,6361,0.2722,0,0
0.14652004399347,6362,0.2724,0,0
0.14651998703224,6363,0.2726,0,0
0.14651993007129,6364,0.2728,0,0
0.1465198731106,6365,0.273,0,0
0.14651981615019,6366,0.2732,0,0
0.14651975919004,6367,0.2734,0,0
0.14651970223015,6368,0.2736,0,0
0.14651964527054,6369,0.2738,0,0
0.14651958831119,6370,0.274,0,0
0.14651953135211,6371,0.2742,0,0
0.14651947439329,6372,0.2744,0,0
0.14651941743475,6373,0.2746,0,0
0.14651936047647,6374,0.2748,0,0
0.14651930351845,6375,0.275,0,0
0.1465192465607,6376,0.2752,0,0
0.14651918960322,6377,0.2754,0,0
0.146519132646,6378,0.2756,0,0
0.14651907568905,6379,0.2758,0,0
0.14651901873236,6380,0.276,0,0
0.14651896177594,6381,0.2762,0,0
0.14651890481978,6382,0.2764,0,0
0.14651884786389,6383,0.2766,0,0
0.14651879090826,6384,0.2768,0,0
0.14651873395289,6385,0.277,0,0
0.14651867699779,6386,0.2772,0,0
0.14651862004295,6387,0.2774,0,0
0.14651856308838,6388,0.2776,0,0
0.14651850613407,6389,0.2778,0,0
0.14651844918002,6390,0.278,0,0
0.14651839222624,6391,0.2782,0,0
0.14651833527272,6392,0.2784,0,0
0.14651827831946,6393,0.2786,0,0
0.14651822136646,6394,0.2788,0,0
0.14651816441372,6395,0.279,0,0
0.14651810746125,6396,0.2792,0,0
0.14651805050904,6397,0.2794,0,0
0.14651799355709,6398,0.2796,0,0
0.1465179366054,6399,0.2798,0,0
0.14651787965397,6400,0.28,0,0
0.14651782270281,6401,0.2802,0,0
0.1465177657519,6402,0.2804,0,0
0.14651770880126,6403,0.2806,0,0
0.14651765185087,6404,0.2808,0,0
0.14651759490075,6405,0.281,0,0
0.14651753795088,6406,0.2812,0,0
0.14651748100128,6407,0.2814,0,0
0.14651742405193,6408,0.2816,0,0
0.14651736710284,6409,0.2818,0,0
0.14651731015401,6410,0.282,0,0
0.14651725320545,6411,0.2822,0,0
0.14651719625714,6412,0.2824,0,0
0.14651713930908,6413,0.2826,0,0
0.14651708236129,6414,0.2828,0,0
0.14651702541375,6415,0.283,0,0
0.14651696846647,6416,0.2832,0,0
0.14651691151945,6417,0.2834,0,0
0.14651685457269,6418,0.2836,0,0
0.14651679762618,6419,0.2838,0,0
0.14651674067994,6420,0.284,0,0
0.14651668373394,6421,0.2842,0,0
0.14651662678821,6422,0.2844,0,0
0.14651656984273,6423,0.2846,0,0
0.1465165128975,6424,0.2848,0,0
0.14651645595254,6425,0.285,0,0
0.14651639900783,6426,0.2852,0,0
0.14651634206337,6427,0.2854,0,0
0.14651628511917,6428,0.2856,0,0
0.14651622817522,6429,0.2858,0,0
0.14651617123153,6430,0.286,0,0
0.1465161142881,6431,0.2862,0,0
0.14651605734491,6432,0.2864,0,0
0.14651600040199,6433,0.2866,0,0
0.14651594345931,6434,0.2868,0,0
0.14651588651689,6435,0.287,0,0
0.14651582957473,6436,0.2872,0,0
0.14651577263281,6437,0.2874,0,0
0.14651571569116,6438,0.2876,0,0
0.14651565874975,6439,0.2878,0,0
0.1465156018086,6440,0.288,0,0
0.14651554486769,6441,0.2882,0,0
0.14651548792705,6442,0.2884,0,0
0.14651543098665,6443,0.2886,0,0
0.1465153740465,6444,0.2888,0,0
0.14651531710661,6445,0.289,0,0
0.14651526016697,6446,0.2892,0,0
0.14651520322758,6447,0.2894,0,0
0.14651514628844,6448,0.2896,0,0
0.14651508934955,6449,0.2898,0,0
0.14651503241092,6450,0.29,0,0
0.14651497547253,6451,0.2902,0,0
0.14651491853439,6452,0.2904,0,0
0.14651486159651,6453,0.2906,0,0
0.14651480465887,6454,0.2908,0,0
0.14651474772149,6455,0.291,0,0
0.14651469078435,6456,0.2912,0,0
0.14651463384746,6457,0.2914,0,0
0.14651457691082,6458,0.2916,0,0
0.14651451997443,6459,0.2918,0,0
0.14651446303829,6460,0.292,0,0
0.1465144061024,6461,0.2922,0,0
0.14651434916675,6462,0.2924,0,0
0.14651429223135,6463,0.2926,0,0
0.1465142352962,6464,0.2928,0,0
0.1465141783613,6465,0.293,0,0
0.14651412142665,6466,0.2932,0,0
0.14651406449224,6467,0.2934,0,0
0.14651400755808,6468,0.2936,0,0
0.14651395062417,6469,0.2938,0,0
0.1465138936905,6470,0.294,0,0
0.14651383675708,6471,0.2942,0,0
0.1465137798239,6472,0.2944,0,0
0.14651372289098,6473,0.2946,0,0
0.14651366595829,6474,0.2948,0,0
0.14651360902585,6475,0.295,0,0
0.14651355209366,6476,0.2952,0,0
0.14651349516171,6477,0.2954,0,0
0.14651343823001,6478,0.2956,0,0
0.14651338129855,6479,0.2958,0,0
0.14651332436734,6480,0.296,0,0
0.14651326743637,6481,0.2962,0,0
0.14651321050564,6482,0.2964,0,0
0.14651315357516,6483,0.2966,0,0
0.14651309664492,6484,0.2968,0,0
0.14651303971493,6485,0.297,0,0
0.14651298278518,6486,0.2972,0,0
0.14651292585567,6487,0.2974,0,0
0.1465128689264,6488,0.2976,0,0
0.14651281199738,6489,0.2978,0,0
0.14651275506859,6490,0.298,0,0
0.14651269814005,6491,0.2982,0,0
0.14651264121176,6492,0.2984,0,0
0.1465125842837,6493,0.2986,0,0
0.14651252735588,6494,0.2988,0,0
0.14651247042831,6495,0.299,0,0
0.14651241350098,6496,0.2992,0,0
0.14651235657388,6497,0.2994,0,0
0.14651229964703,6498,0.2996,0,0
0.14651224272042,6499,0.2998,0,0
0.14651218579405,6500,0.3,0,0
0.14651212886792,6501,0.3002,0,0
0.14651207194203,6502,0.3004,0,0
0.14651201501637,6503,0.3006,0,0
0.14651195809096,6504,0.3008,0,0
0.14651190116579,6505,0.301,0,0
0.14651184424085,6506,0.3012,0,0
0.14651178731615,6507,0.3014,0,0
0.1465117303917,6508,0.3016,0,0
0.14651167346747,6509,0.3018,0,0
0.14651161654349,6510,0.302,0,0
0.14651155961975,6511,0.3022,0,0
0.14651150269624,6512,0.3024,0,0
0.14651144577297,6513,0.3026,0,0
0.14651138884994,6514,0.3028,0,0
0.14651133192714,6515,0.303,0,0
0.14651127500458,6516,0.3032,0,0
0.14651121808226,6517,0.3034,0,0
0.14651116116017,6518,0.3036,0,0
0.14651110423832,6519,0.3038,0,0
0.14651104731671,6520,0.304,0,0
0.14651099039533,6521,0.3042,0,0
0.14651093347418,6522,0.3044,0,0
0.14651087655328,6523,0.3046,0,0
0.1465108196326,6524,0.3048,0,0
0.14651076271216,6525,0.305,0,0
0.14651070579196,6526,0.3052,0,0
0.14651064887199,6527,0.3054,0,0
0.14651059195225,6528,0.3056,0,0
0.14651053503275,6529,0.3058,0,0
0.14651047811348,6530,0.306,0,0
0.14651042119444,6531,0.3062,0,0
0.14651036427564,6532,0.3064,0,0
0.14651030735707,6533,0.3066,0,0
0.14651025043873,6534,0.3068,0,0
0.14651019352063,6535,0.307,0,0
0.14651013660276,6536,0.3072,0,0
0.14651007968512,6537,0.3074,0,0
0.14651002276771,6538,0.3076,0,0
0.14650996585053,6539,0.3078,0,0
0.14650990893359,6540,0.308,0,0
0.14650985201687,6541,0.3082,0,0
0.14650979510039,6542,0.3084,0,0
0.14650973818414,6543,0.3086,0,0
0.14650968126812,6544,0.3088,0,0
0.14650962435233,6545,0.309,0,0
0.14650956743676,6546,0.3092,0,0
0.14650951052143,6547,0.3094,0,0
0.14650945360633,6548,0.3096,0,0
0.14650939669146,6549,0.3098,0,0
0.14650933977682,6550,0.31,0,0
0.1465092828624,6551,0.3102,0,0
0.14650922594822,6552,0.3104,0,0
0.14650916903426,6553,0.3106,0,0
0.14650911212053,6554,0.3108,0,0
0.14650905520703,6555,0.311,0,0
0.14650899829376,6556,0.3112,0,0
0.14650894138072,6557,0.3114,0,0
0.1465088844679,6558,0.3116,0,0
0.14650882755531,6559,0.3118,0,0
0.14650877064295,6560,0.312,0,0
0.14650871373081,6561,0.3122,0,0
0.1465086568189,6562,0.3124,0,0
0.14650859990722,6563,0.3126,0,0
0.14650854299576,6564,0.3128,0,0
0.14650848608453,6565,0.313,0,0
0.14650842917353,6566,0.3132,0,0
0.14650837226275,6567,0.3134,0,0
0.14650831535219,6568,0.3136,0,0
0.14650825844186,6569,0.3138,0,0
0.14650820153176,6570,0.314,0,0
0.14650814462188,6571,0.3142,0,0
0.14650808771222,6572,0.3144,0,0
0.14650803080279,6573,0.3146,0,0
0.14650797389358,6574,0.3148,0,0
0.1465079169846,6575,0.315,0,0
0.14650786007584,6576,0.3152,0,0
0.1465078031673,6577,0.3154,0,0
0.14650774625899,6578,0.3156,0,0
0.1465076893509,6579,0.3158,0,0
0.14650763244303,6580,0.316,0,0
0.14650757553538,6581,0.3162,0,0
0.14650751862796,6582,0.3164,0,0
0.14650746172076,6583,0.3166,0,0
0.14650740481378,6584,0.3168,0,0
0.14650734790702,6585,0.317,0,0
0.14650729100048,6586,0.3172,0,0
0.14650723409416,6587,0.3174,0,0
0.14650717718807,6588,0.3176,0,0
0.14650712028219,6589,0.3178,0,0
0.14650706337654,6590,0.318,0,0
0.1465070064711,6591,0.3182,0,0
0.14650694956589,6592,0.3184,0,0
0.14650689266089,6593,0.3186,0,0
0.14650683575612,6594,0.3188,0,0
0.14650677885156,6595,0.319,0,0
0.14650672194722,6596,0.3192,0,0
0.14650666504311,6597,0.3194,0,0
0.14650660813921,6598,0.3196,0,0
0.14650655123552,6599,0.3198,0,0
0.14650649433206,6600,0.32,0,0
0.14650643742882,6601,0.3202,0,0
0.14650638052579,6602,0.3204,0,0
0.14650632362298,6603,0.3206,0,0
0.14650626672038,6604,0.3208,0,0
0.14650620981801,6605,0.321,0,0
0.14650615291585,6606,0.3212,0,0
0.14650609601391,6607,0.3214,0,0
0.14650603911218,6608,0.3216,0,0
0.14650598221067,6609,0.3218,0,0
0.14650592530938,6610,0.322,0,0
0.1465058684083,6611,0.3222,0,0
0.14650581150743,6612,0.3224,0,0
0.14650575460679,6613,0.3226,0,0
0.14650569770635,6614,0.3228,0,0
0.14650564080613,6615,0.323,0,0
0.14650558390613,6616,0.3232,0,0
0.14650552700634,6617,0.3234,0,0
0.14650547010677,6618,0.3236,0,0
0.1465054132074,6619,0.3238,0,0
0.14650535630826,6620,0.324,0,0
0.14650529940932,6621,0.3242,0,0
0.1465052425106,6622,0.3244,0,0
0.14650518561209,6623,0.3246,0,0
0.1465051287138,6624,0.3248,0,0
0.14650507181571,6625,0.325,0,0
0.14650501491784,6626,0.3252,0,0
0.14650495802018,6627,0.3254,0,0
0.14650490112274,6628,0.3256,0,0
0.1465048442255,6629,0.3258,0,0
0.14650478732848,6630,0.326,0,0
0.14650473043167,6631,0.3262,0,0
0.14650467353506,6632,0.3264,0,0
0.14650461663867,6633,0.3266,0,0
0.14650455974249,6634,0.3268,0,0
0.14650450284652,6635,0.327,0,0
0.14650444595076,6636,0.3272,0,0
0.14650438905521,6637,0.3274,0,0
0.14650433215987,6638,0.3276,0,0
0.14650427526474,6639,0.3278,0,0
0.14650421836982,6640,0.328,0,0
0.1465041614751,6641,0.3282,0,0
0.1465041045806,6642,0.3284,0,0
0.1465040476863,6643,0.3286,0,0
0.14650399079221,6644,0.3288,0,0
0.14650393389833,6645,0.329,0,0
0.14650387700466,6646,0.3292,0,0
0.14650382011119,6647,0.3294,0,0
0.14650376321794,6648,0.3296,0,0
0.14650370632488,6649,0.3298,0,0
0.14650364943204,6650,0.33,0,0
0.1465035925394,6651,0.3302,0,0
0.14650353564697,6652,0.3304,0,0
0.14650347875475,6653,0.3306,0,0
0.14650342186273,6654,0.3308,0,0
0.14650336497091,6655,0.331,0,0
0.14650330807931,6656,0.3312,0,0
0.1465032511879,6657,0.3314,0,0
0.14650319429671,6658,0.3316,0,0
0.14650313740571,6659,0.3318,0,0
0.14650308051492,6660,0.332,0,0
0.14650302362434,6661,0.3322,0,0
0.14650296673396,6662,0.3324,0,0
0.14650290984378,6663,0.3326,0,0
0.14650285295381,6664,0.3328,0,0
0.14650279606404,6665,0.333,0,0
0.14650273917448,6666,0.3332,0,0
0.14650268228511,6667,0.3334,0,0
0.14650262539595,6668,0.3336,0,0
0.14650256850699,6669,0.3338,0,0
0.14650251161824,6670,0.334,0,0
0.14650245472969,6671,0.3342,0,0
0.14650239784133,6672,0.3344,0,0
0.14650234095318,6673,0.3346,0,0
0.14650228406523,6674,0.3348,0,0
0.14650222717749,6675,0.335,0,0
0.14650217028994,6676,0.3352,0,0
0.14650211340259,6677,0.3354,0,0
0.14650205651545,6678,0.3356,0,0
0.1465019996285,6679,0.3358,0,0
0.14650194274175,6680,0.336,0,0
0.14650188585521,6681,0.3362,0,0
0.14650182896886,6682,0.3364,0,0
0.14650177208271,6683,0.3366,0,0
0.14650171519676,6684,0.3368,0,0
0.14650165831102,6685,0.337,0,0
0.14650160142546,6686,0.3372,0,0
0.14650154454011,6687,0.3374,0,0
0.14650148765496,6688,0.3376,0,0
0.14650143077,6689,0.3378,0,0
0.14650137388524,6690,0.338,0,0
0.14650131700068,6691,0.3382,0,0
0.14650126011631,6692,0.3384,0,0
0.14650120323215,6693,0.3386,0,0
0.14650114634817,6694,0.3388,0,0
0.1465010894644,6695,0.339,0,0
0.14650103258082,6696,0.3392,0,0
0.14650097569744,6697,0.3394,0,0
0.14650091881425,6698,0.3396,0,0
0.14650086193126,6699,0.3398,0,0
0.14650080504846,6700,0.34,0,0
0.14650074816586,6701,0.3402,0,0
0.14650069128346,6702,0.3404,0,0
0.14650063440125,6703,0.3406,0,0
0.14650057751923,6704,0.3408,0,0
0.14650052063741,6705,0.341,0,0
0.14650046375578,6706,0.3412,0,0
0.14650040687434,6707,0.3414,0,0
0.1465003499931,6708,0.3416,0,0
0.14650029311205,6709,0.3418,0,0
0.1465002362312,6710,0.342,0,0
0.14650017935053,6711,0.3422,0,0
0.14650012247006,6712,0.3424,0,0
0.14650006558978,6713,0.3426,0,0
0.1465000087097,6714,0.3428,0,0
0.1464999518298,6715,0.343,0,0
0.1464998949501,6716,0.3432,0,0
0.14649983807059,6717,0.3434,0,0
0.14649978119127,6718,0.3436,0,0
0.14649972431214,6719,0.3438,0,0
0.1464996674332,6720,0.344,0,0
0.14649961055445,6721,0.3442,0,0
0.14649955367589,6722,0.3444,0,0
0.14649949679753,6723,0.3446,0,0
0.14649943991935,6724,0.3448,0,0
0.14649938304136,6725,0.345,0,0
0.14649932616356,6726,0.3452,0,0
0.14649926928595,6727,0.3454,0,0
0.14649921240852,6728,0.3456,0,0
0.14649915553129,6729,0.3458,0,0
0.14649909865425,6730,0.346,0,0
0.14649904177739,6731,0.3462,0,0
0.14649898490072,6732,0.3464,0,0
0.14649892802424,6733,0.3466,0,0
0.14649887114794,6734,0.3468,0,0
0.14649881427183,6735,0.347,0,0
0.14649875739591,6736,0.3472,0,0
0.14649870052018,6737,0.3474,0,0
0.14649864364463,6738,0.3476,0,0
0.14649858676927,6739,0.3478,0,0
0.1464985298941,6740,0.348,0,0
0.14649847301911,6741,0.3482,0,0
0.1464984161443,6742,0.3484,0,0
0.14649835926968,6743,0.3486,0,0
0.14649830239525,6744,0.3488,0,0
0.146498245521,6745,0.349,0,0
0.14649818864693,6746,0.3492,0,0
0.14649813177305,6747,0.3494,0,0
0.14649807489936,6748,0.3496,0,0
0.14649801802585,6749,0.3498,0,0
0.14649796115252,6750,0.35,0,0
0.14649790427937,6751,0.3502,0,0
0.14649784740641,6752,0.3504,0,0
0.14649779053363,6753,0.3506,0,0
0.14649773366103,6754,0.3508,0,0
0.14649767678862,6755,0.351,0,0
0.14649761991638,6756,0.3512,0,0
0.14649756304433,6757,0.3514,0,0
0.14649750617246,6758,0.3516,0,0
0.14649744930078,6759,0.3518,0,0
0.14649739242927,6760,0.352,0,0
0.14649733555795,6761,0.3522,0,0
0.1464972786868,6762,0.3524,0,0
0.14649722181584,6763,0.3526,0,0
0.14649716494505,6764,0.3528,0,0
0.14649710807445,6765,0.353,0,0
0.14649705120403,6766,0.3532,0,0
0.14649699433378,6767,0.3534,0,0
0.14649693746372,6768,0.3536,0,0
0.14649688059383,6769,0.3538,0,0
0.14649682372412,6770,0.354,0,0
0.1464967668546,6771,0.3542,0,0
0.14649670998524,6772,0.3544,0,0
0.14649665311607,6773,0.3546,0,0
0.14649659624708,6774,0.3548,0,0
0.14649653937826,6775,0.355,0,0
0.14649648250962,6776,0.3552,0,0
0.14649642564116,6777,0.3554,0,0
0.14649636877288,6778,0.3556,0,0
0.14649631190477,6779,0.3558,0,0
0.14649625503684,6780,0.356,0,0
0.14649619816908,6781,0.3562,0,0
0.1464961413015,6782,0.3564,0,0
0.1464960844341,6783,0.3566,0,0
0.14649602756687,6784,0.3568,0,0
0.14649597069981,6785,0.357,0,0
0.14649591383294,6786,0.3572,0,0
0.14649585696623,6787,0.3574,0,0
0.1464958000997,6788,0.3576,0,0
0.14649574323335,6789,0.3578,0,0
0.14649568636717,6790,0.358,0,0
0.14649562950116,6791,0.3582,0,0
0.14649557263533,6792,0.3584,0,0
0.14649551576967,6793,0.3586,0,0
0.14649545890418,6794,0.3588,0,0
0.14649540203887,6795,0.359,0,0
0.14649534517373,6796,0.3592,0,0
0.14649528830876,6797,0.3594,0,0
0.14649523144396,6798,0.3596,0,0
0.14649517457934,6799,0.3598,0,0
0.14649511771489,6800,0.36,0,0
0.1464950608506,6801,0.3602,0,0
0.14649500398649,6802,0.3604,0,0
0.14649494712256,6803,0.3606,0,0
0.14649489025879,6804,0.3608,0,0
0.14649483339519,6805,0.361,0,0
0.14649477653176,6806,0.3612,0,0
0.1464947196685,6807,0.3614,0,0
0.14649466280541,6808,0.3616,0,0
0.1464946059425,6809,0.3618,0,0
0.14649454907975,6810,0.362,0,0
0.14649449221717,6811,0.3622,0,0
0.14649443535475,6812,0.3624,0,0
0.14649437849251,6813,0.3626,0,0
0.14649432163044,6814,0.3628,0,0
0.14649426476853,6815,0.363,0,0
0.14649420790679,6816,0.3632,0,0
0.14649415104522,6817,0.3634,0,0
0.14649409418382,6818,0.3636,0,0
0.14649403732258,6819,0.3638,0,0
0.14649398046151,6820,0.364,0,0
0.1464939236006,6821,0.3642,0,0
0.14649386673987,6822,0.3644,0,0
0.1464938098793,6823,0.3646,0,0
0.14649375301889,6824,0.3648,0,0
0.14649369615865,6825,0.365,0,0
0.14649363929858,6826,0.3652,0,0
0.14649358243867,6827,0.3654,0,0
0.14649352557893,6828,0.3656,0,0
0.14649346871935,6829,0.3658,0,0
0.14649341185993,6830,0.366,0,0
0.14649335500068,6831,0.3662,0,0
0.1464932981416,6832,0.3664,0,0
0.14649324128267,6833,0.3666,0,0
0.14649318442391,6834,0.3668,0,0
0.14649312756532,6835,0.367,0,0
0.14649307070688,6836,0.3672,0,0
0.14649301384861,6837,0.3674,0,0
0.14649295699051,6838,0.3676,0,0
0.14649290013256,6839,0.3678,0,0
0.14649284327478,6840,0.368,0,0
0.14649278641715,6841,0.3682,0,0
0.14649272955969,6842,0.3684,0,0
0.1464926727024,6843,0.3686,0,0
0.14649261584526,6844,0.3688,0,0
0.14649255898828,6845,0.369,0,0
0.14649250213146,6846,0.3692,0,0
0.14649244527481,6847,0.3694,0,0
0.14649238841831,6848,0.3696,0,0
0.14649233156197,6849,0.3698,0,0
0.1464922747058,6850,0.37,0,0
0.14649221784978,6851,0.3702,0,0
0.14649216099392,6852,0.3704,0,0
0.14649210413822,6853,0.3706,0,0
0.14649204728268,6854,0.3708,0,0
0.1464919904273,6855,0.371,0,0
0.14649193357207,6856,0.3712,0,0
0.14649187671701,6857,0.3714,0,0
0.1464918198621,6858,0.3716,0,0
0.14649176300735,6859,0.3718,0,0
0.14649170615275,6860,0.372,0,0
0.14649164929832,6861,0.3722,0,0
0.14649159244404,6862,0.3724,0,0
0.14649153558991,6863,0.3726,0,0
0.14649147873594,6864,0.3728,0,0
0.14649142188213,6865,0.373,0,0
0.14649136502847,6866,0.3732,0,0
0.14649130817497,6867,0.3734,0,0
0.14649125132163,6868,0.3736,0,0
0.14649119446844,6869,0.3738,0,0
0.1464911376154,6870,0.374,0,0
0.14649108076252,6871,0.3742,0,0
0.14649102390979,6872,0.3744,0,0
0.14649096705722,6873,0.3746,0,0
0.1464909102048,6874,0.3748,0,0
0.14649085335253,6875,0.375,0,0
0.14649079650042,6876,0.3752,0,0
0.14649073964846,6877,0.3754,0,0
0.14649068279665,6878,0.3756,0,0
0.146490625945,6879,0.3758,0,0
0.14649056909349,6880,0.376,0,0
0.14649051224214,6881,0.3762,0,0
0.14649045539094,6882,0.3764,0,0
0.1464903985399,6883,0.3766,0,0
0.146490341689,6884,0.3768,0,0
0.14649028483826,6885,0.377,0,0
0.14649022798766,6886,0.3772,0,0
0.14649017113722,6887,0.3774,0,0
0.14649011428692,6888,0.3776,0,0
0.14649005743678,6889,0.3778,0,0
0.14649000058679,6890,0.378,0,0
0.14648994373694,6891,0.3782,0,0
0.14648988688725,6892,0.3784,0,0
0.1464898300377,6893,0.3786,0,0
0.14648977318831,6894,0.3788,0,0
0.14648971633906,6895,0.379,0,0
0.14648965948996,6896,0.3792,0,0
0.14648960264101,6897,0.3794,0,0
0.1464895457922,6898,0.3796,0,0
0.14648948894355,6899,0.3798,0,0
0.14648943209504,6900,0.38,0,0
0.14648937524668,6901,0.3802,0,0
0.14648931839846,6902,0.3804,0,0
0.14648926155039,6903,0.3806,0,0
0.14648920470247,6904,0.3808,0,0
0.1464891478547,6905,0.381,0,0
0.14648909100706,6906,0.3812,0,0
0.14648903415958,6907,0.3814,0,0
0.14648897731224,6908,0.3816,0,0
0.14648892046505,6909,0.3818,0,0
0.146488863618,6910,0.382,0,0
0.14648880677109,6911,0.3822,0,0
0.14648874992433,6912,0.3824,0,0
0.14648869307772,6913,0.3826,0,0
0.14648863623125,6914,0.3828,0,0
0.14648857938492,6915,0.383,0,0
0.14648852253873,6916,0.3832,0,0
0.14648846569269,6917,0.3834,0,0
0.14648840884679,6918,0.3836,0,0
0.14648835200104,6919,0.3838,0,0
0.14648829515542,6920,0.384,0,0
0.14648823830995,6921,0.3842,0,0
0.14648818146462,6922,0.3844,0,0
0.14648812461943,6923,0.3846,0,0
0.14648806777438,6924,0.3848,0,0
0.14648801092948,6925,0.385,0,0
0.14648795408471,6926,0.3852,0,0
0.14648789724009,6927,0.3854,0,0
0.14648784039561,6928,0.3856,0,0
0.14648778355126,6929,0.3858,0,0
0.14648772670706,6930,0.386,0,0
0.146487669863,6931,0.3862,0,0
0.14648761301907,6932,0.3864,0,0
0.14648755617529,6933,0.3866,0,0
0.14648749933164,6934,0.3868,0,0
0.14648744248813,6935,0.387,0,0
0.14648738564476,6936,0.3872,0,0
0.14648732880153,6937,0.3874,0,0
0.14648727195844,6938,0.3876,0,0
0.14648721511548,6939,0.3878,0,0
0.14648715827267,6940,0.388,0,0
0.14648710142998,6941,0.3882,0,0
0.14648704458744,6942,0.3884,0,0
0.14648698774503,6943,0.3886,0,0
0.14648693090276,6944,0.3888,0,0
0.14648687406063,6945,0.389,0,0
0.14648681721863,6946,0.3892,0,0
0.14648676037677,6947,0.3894,0,0
0.14648670353504,6948,0.3896,0,0
0.14648664669345,6949,0.3898,0,0
0.14648658985199,6950,0.39,0,0
0.14648653301067,6951,0.3902,0,0
0.14648647616948,6952,0.3904,0,0
0.14648641932842,6953,0.3906,0,0
0.1464863624875,6954,0.3908,0,0
0.14648630564672,6955,0.391,0,0
0.14648624880607,6956,0.3912,0,0
0.14648619196555,6957,0.3914,0,0
0.14648613512516,6958,0.3916,0,0
0.14648607828491,6959,0.3918,0,0
0.14648602144478,6960,0.392,0,0
0.14648596460479,6961,0.3922,0,0
0.14648590776494,6962,0.3924,0,0
0.14648585092521,6963,0.3926,0,0
0.14648579408562,6964,0.3928,0,0
0.14648573724615,6965,0.393,0,0
0.14648568040682,6966,0.3932,0,0
0.14648562356762,6967,0.3934,0,0
0.14648556672855,6968,0.3936,0,0
0.14648550988961,6969,0.3938,0,0
0.1464854530508,6970,0.394,0,0
0.14648539621212,6971,0.3942,0,0
0.14648533937357,6972,0.3944,0,0
0.14648528253514,6973,0.3946,0,0
0.14648522569685,6974,0.3948,0,0
0.14648516885868,6975,0.395,0,0
0.14648511202065,6976,0.3952,0,0
0.14648505518274,6977,0.3954,0,0
0.14648499834496,6978,0.3956,0,0
0.14648494150731,6979,0.3958,0,0
0.14648488466978,6980,0.396,0,0
0.14648482783238,6981,0.3962,0,0
0.14648477099511,6982,0.3964,0,0
0.14648471415797,6983,0.3966,0,0
0.14648465732095,6984,0.3968,0,0
0.14648460048406,6985,0.397,0,0
0.14648454364729,6986,0.3972,0,0
0.14648448681065,6987,0.3974,0,0
0.14648442997414,6988,0.3976,0,0
0.14648437313775,6989,0.3978,0,0
0.14648431630149,6990,0.398,0,0
0.14648425946535,6991,0.3982,0,0
0.14648420262933,6992,0.3984,0,0
0.14648414579344,6993,0.3986,0,0
0.14648408895767,6994,0.3988,0,0
0.14648403212203,6995,0.399,0,0
0.14648397528651,6996,0.3992,0,0
0.14648391845111,6997,0.3994,0,0
0.14648386161584,6998,0.3996,0,0
0.14648380478069,6999,0.3998,0,0
0.14648374794566,7000,0.4,0,0
0.14648369111075,7001,0.4002,0,0
0.14648363427597,7002,0.4004,0,0
0.1464835774413,7003,0.4006,0,0
0.14648352060676,7004,0.4008,0,0
0.14648346377234,7005,0.401,0,0
0.14648340693804,7006,0.4012,0,0
0.14648335010386,7007,0.4014,0,0
0.1464832932698,7008,0.4016,0,0
0.14648323643586,7009,0.4018,0,0
0.14648317960204,7010,0.402,0,0
0.14648312276835,7011,0.4022,0,0
0.14648306593477,7012,0.4024,0,0
0.14648300910131,7013,0.4026,0,0
0.14648295226796,7014,0.4028,0,0
0.14648289543474,7015,0.403,0,0
0.14648283860164,7016,0.4032,0,0
0.14648278176865,7017,0.4034,0,0
0.14648272493578,7018,0.4036,0,0
0.14648266810303,7019,0.4038,0,0
0.1464826112704,7020,0.404,0,0
0.14648255443788,7021,0.4042,0,0
0.14648249760548,7022,0.4044,0,0
0.1464824407732,7023,0.4046,0,0
0.14648238394103,7024,0.4048,0,0
0.14648232710898,7025,0.405,0,0
0.14648227027704,7026,0.4052,0,0
0.14648221344523,7027,0.4054,0,0
0.14648215661352,7028,0.4056,0,0
0.14648209978193,7029,0.4058,0,0
0.14648204295046,7030,0.406,0,0
0.1464819861191,7031,0.4062,0,0
0.14648192928785,7032,0.4064,0,0
0.14648187245672,7033,0.4066,0,0
0.14648181562571,7034,0.4068,0,0
0.1464817587948,7035,0.407,0,0
0.14648170196401,7036,0.4072,0,0
0.14648164513333,7037,0.4074,0,0
0.14648158830277,7038,0.4076,0,0
0.14648153147232,7039,0.4078,0,0
0.14648147464198,7040,0.408,0,0
0.14648141781175,7041,0.4082,0,0
0.14648136098164,7042,0.4084,0,0
0.14648130415163,7043,0.4086,0,0
0.14648124732174,7044,0.4088,0,0
0.14648119049196,7045,0.409,0,0
0.14648113366228,7046,0.4092,0,0
0.14648107683272,7047,0.4094,0,0
0.14648102000327,7048,0.4096,0,0
0.14648096317393,7049,0.4098,0,0
0.1464809063447,7050,0.41,0,0
0.14648084951558,7051,0.4102,0,0
0.14648079268657,7052,0.4104,0,0
0.14648073585767,7053,0.4106,0,0
0.14648067902887,7054,0.4108,0,0
0.14648062220019,7055,0.411,0,0
0.14648056537161,7056,0.4112,0,0
0.14648050854314,7057,0.4114,0,0
0.14648045171478,7058,0.4116,0,0
0.14648039488652,7059,0.4118,0,0
0.14648033805838,7060,0.412,0,0
0.14648028123034,7061,0.4122,0,0
0.1464802244024,7062,0.4124,0,0
0.14648016757458,7063,0.4126,0,0
0.14648011074686,7064,0.4128,0,0
0.14648005391924,7065,0.413,0,0
0.14647999709173,7066,0.4132,0,0
0.14647994026433,7067,0.4134,0,0
0.14647988343703,7068,0.4136,0,0
0.14647982660984,7069,0.4138,0,0
0.14647976978275,7070,0.414,0,0
0.14647971295576,7071,0.4142,0,0
0.14647965612888,7072,0.4144,0,0
0.1464795993021,7073,0.4146,0,0
0.14647954247543,7074,0.4148,0,0
0.14647948564886,7075,0.415,0,0
0.1464794288224,7076,0.4152,0,0
0.14647937199603,7077,0.4154,0,0
0.14647931516977,7078,0.4156,0,0
0.14647925834361,7079,0.4158,0,0
0.14647920151756,7080,0.416,0,0
0.1464791446916,7081,0.4162,0,0
0.14647908786575,7082,0.4164,0,0
0.14647903104,7083,0.4166,0,0
0.14647897421435,7084,0.4168,0,0
0.1464789173888,7085,0.417,0,0
0.14647886056335,7086,0.4172,0,0
0.146478803738,7087,0.4174,0,0
0.14647874691275,7088,0.4176,0,0
0.1464786900876,7089,0.4178,0,0
0.14647863326255,7090,0.418,0,0
0.1464785764376,7091,0.4182,0,0
0.14647851961275,7092,0.4184,0,0
0.146478462788,7093,0.4186,0,0
0.14647840596334,7094,0.4188,0,0
0.14647834913879,7095,0.419,0,0
0.14647829231433,7096,0.4192,0,0
0.14647823548997,7097,0.4194,0,0
0.14647817866571,7098,0.4196,0,0
0.14647812184154,7099,0.4198,0,0
0.14647806501747,7100,0.42,0,0
0.1464780081935,7101,0.4202,0,0
0.14647795136963,7102,0.4204,0,0
0.14647789454585,7103,0.4206,0,0
0.14647783772216,7104,0.4208,0,0
0.14647778089858,7105,0.421,0,0
0.14647772407509,7106,0.4212,0,0
0.14647766725169,7107,0.4214,0,0
0.14647761042839,7108,0.4216,0,0
0.14647755360518,7109,0.4218,0,0
0.14647749678207,7110,0.422,0,0
0.14647743995905,7111,0.4222,0,0
0.14647738313612,7112,0.4224,0,0
0.14647732631329,7113,0.4226,0,0
0.14647726949056,7114,0.4228,0,0
0.14647721266791,7115,0.423,0,0
0.14647715584536,7116,0.4232,0,0
0.1464770990229,7117,0.4234,0,0
0.14647704220054,7118,0.4236,0,0
0.14647698537826,7119,0.4238,0,0
0.14647692855608,7120,0.424,0,0
0.14647687173399,7121,0.4242,0,0
0.14647681491199,7122,0.4244,0,0
0.14647675809008,7123,0.4246,0,0
0.14647670126826,7124,0.4248,0,0
0.14647664444653,7125,0.425,0,0
0.1464765876249,7126,0.4252,0,0
0.14647653080335,7127,0.4254,0,0
0.14647647398189,7128,0.4256,0,0
0.14647641716053,7129,0.4258,0,0
0.14647636033925,7130,0.426,0,0
0.14647630351806,7131,0.4262,0,0
0.14647624669696,7132,0.4264,0,0
0.14647618987595,7133,0.4266,0,0
0.14647613305502,7134,0.4268,0,0
0.14647607623419,7135,0.427,0,0
0.14647601941344,7136,0.4272,0,0
0.14647596259278,7137,0.4274,0,0
0.1464759057722,7138,0.4276,0,0
0.14647584895172,7139,0.4278,0,0
0.14647579213132,7140,0.428,0,0
0.146475735311,7141,0.4282,0,0
0.14647567849078,7142,0.4284,0,0
0.14647562167064,7143,0.4286,0,0
0.14647556485058,7144,0.4288,0,0
0.14647550803061,7145,0.429,0,0
0.14647545121072,7146,0.4292,0,0
0.14647539439092,7147,0.4294,0,0
0.14647533757121,7148,0.4296,0,0
0.14647528075158,7149,0.4298,0,0
0.14647522393203,7150,0.43,0,0
0.14647516711257,7151,0.4302,0,0
0.14647511029319,7152,0.4304,0,0
0.14647505347389,7153,0.4306,0,0
0.14647499665468,7154,0.4308,0,0
0.14647493983555,7155,0.431,0,0
0.1464748830165,7156,0.4312,0,0
0.14647482619753,7157,0.4314,0,0
0.14647476937865,7158,0.4316,0,0
0.14647471255985,7159,0.4318,0,0
0.14647465574113,7160,0.432,0,0
0.14647459892249,7161,0.4322,0,0
0.14647454210393,7162,0.4324,0,0
0.14647448528545,7163,0.4326,0,0
0.14647442846706,7164,0.4328,0,0
0.14647437164874,7165,0.433,0,0
0.1464743148305,7166,0.4332,0,0
0.14647425801235,7167,0.4334,0,0
0.14647420119427,7168,0.4336,0,0
0.14647414437627,7169,0.4338,0,0
0.14647408755835,7170,0.434,0,0
0.14647403074051,7171,0.4342,0,0
0.14647397392275,7172,0.4344,0,0
0.14647391710507,7173,0.4346,0,0
0.14647386028746,7174,0.4348,0,0
0.14647380346993,7175,0.435,0,0
0.14647374665248,7176,0.4352,0,0
0.14647368983511,7177,0.4354,0,0
0.14647363301781,7178,0.4356,0,0
0.14647357620059,7179,0.4358,0,0
0.14647351938344,7180,0.436,0,0
0.14647346256638,7181,0.4362,0,0
0.14647340574938,7182,0.4364,0,0
0.14647334893247,7183,0.4366,0,0
0.14647329211563,7184,0.4368,0,0
0.14647323529886,7185,0.437,0,0
0.14647317848217,7186,0.4372,0,0
0.14647312166555,7187,0.4374,0,0
0.14647306484901,7188,0.4376,0,0
0.14647300803254,7189,0.4378,0,0
0.14647295121614,7190,0.438,0,0
0.14647289439982,7191,0.4382,0,0
0.14647283758357,7192,0.4384,0,0
0.1464727807674,7193,0.4386,0,0
0.1464727239513,7194,0.4388,0,0
0.14647266713526,7195,0.439,0,0
0.14647261031931,7196,0.4392,0,0
0.14647255350342,7197,0.4394,0,0
0.14647249668761,7198,0.4396,0,0
0.14647243987186,7199,0.4398,0,0
0.14647238305619,7200,0.44,0,0
0.14647232624059,7201,0.4402,0,0
0.14647226942506,7202,0.4404,0,0
0.1464722126096,7203,0.4406,0,0
0.14647215579421,7204,0.4408,0,0
0.14647209897889,7205,0.441,0,0
0.14647204216364,7206,0.4412,0,0
0.14647198534846,7207,0.4414,0,0
0.14647192853335,7208,0.4416,0,0
0.1464718717183,7209,0.4418,0,0
0.14647181490333,7210,0.442,0,0
0.14647175808842,7211,0.4422,0,0
0.14647170127358,7212,0.4424,0,0
0.14647164445881,7213,0.4426,0,0
0.14647158764411,7214,0.4428,0,0
0.14647153082947,7215,0.443,0,0
0.1464714740149,7216,0.4432,0,0
0.1464714172004,7217,0.4434,0,0
0.14647136038596,7218,0.4436,0,0
0.14647130357159,7219,0.4438,0,0
0.14647124675729,7220,0.444,0,0
0.14647118994305,7221,0.4442,0,0
0.14647113312888,7222,0.4444,0,0
0.14647107631477,7223,0.4446,0,0
0.14647101950073,7224,0.4448,0,0
0.14647096268675,7225,0.445,0,0
0.14647090587284,7226,0.4452,0,0
0.14647084905899,7227,0.4454,0,0
0.1464707922452,7228,0.4456,0,0
0.14647073543148,7229,0.4458,0,0
0.14647067861782,7230,0.446,0,0
0.14647062180423,7231,0.4462,0,0
0.14647056499069,7232,0.4464,0,0
0.14647050817722,7233,0.4466,0,0
0.14647045136382,7234,0.4468,0,0
0.14647039455047,7235,0.447,0,0
0.14647033773719,7236,0.4472,0,0
0.14647028092396,7237,0.4474,0,0
0.1464702241108,7238,0.4476,0,0
0.1464701672977,7239,0.4478,0,0
0.14647011048466,7240,0.448,0,0
0.14647005367168,7241,0.4482,0,0
0.14646999685876,7242,0.4484,0,0
0.1464699400459,7243,0.4486,0,0
0.1464698832331,7244,0.4488,0,0
0.14646982642036,7245,0.449,0,0
0.14646976960768,7246,0.4492,0,0
0.14646971279506,7247,0.4494,0,0
0.1464696559825,7248,0.4496,0,0
0.14646959916999,7249,0.4498,0,0
0.14646954235755,7250,0.45,0,0
0.14646948554516,7251,0.4502,0,0
0.14646942873283,7252,0.4504,0,0
0.14646937192055,7253,0.4506,0,0
0.14646931510833,7254,0.4508,0,0
0.14646925829617,7255,0.451,0,0
0.14646920148407,7256,0.4512,0,0
0.14646914467202,7257,0.4514,0,0
0.14646908786003,7258,0.4516,0,0
0.1464690310481,7259,0.4518,0,0
0.14646897423622,7260,0.452,0,0
0.14646891742439,7261,0.4522,0,0
0.14646886061262,7262,0.4524,0,0
0.14646880380091,7263,0.4526,0,0
0.14646874698924,7264,0.4528,0,0
0.14646869017764,7265,0.453,0,0
0.14646863336609,7266,0.4532,0,0
0.14646857655459,7267,0.4534,0,0
0.14646851974314,7268,0.4536,0,0
0.14646846293175,7269,0.4538,0,0
0.14646840612041,7270,0.454,0,0
0.14646834930912,7271,0.4542,0,0
0.14646829249789,7272,0.4544,0,0
0.1464682356867,7273,0.4546,0,0
0.14646817887557,7274,0.4548,0,0
0.14646812206449,7275,0.455,0,0
0.14646806525347,7276,0.4552,0,0
0.14646800844249,7277,0.4554,0,0
0.14646795163156,7278,0.4556,0,0
0.14646789482069,7279,0.4558,0,0
0.14646783800986,7280,0.456,0,0
0.14646778119909,7281,0.4562,0,0
0.14646772438836,7282,0.4564,0,0
0.14646766757768,7283,0.4566,0,0
0.14646761076706,7284,0.4568,0,0
0.14646755395648,7285,0.457,0,0
0.14646749714595,7286,0.4572,0,0
0.14646744033547,7287,0.4574,0,0
0.14646738352504,7288,0.4576,0,0
0.14646732671465,7289,0.4578,0,0
0.14646726990431,7290,0.458,0,0
0.14646721309402,7291,0.4582,0,0
0.14646715628378,7292,0.4584,0,0
0.14646709947359,7293,0.4586,0,0
0.14646704266344,7294,0.4588,0,0
0.14646698585333,7295,0.459,0,0
0.14646692904328,7296,0.4592,0,0
0.14646687223327,7297,0.4594,0,0
0.1464668154233,7298,0.4596,0,0
0.14646675861338,7299,0.4598,0,0
0.1464667018035,7300,0.46,0,0
0.14646664499367,7301,0.4602,0,0
0.14646658818389,7302,0.4604,0,0
0.14646653137415,7303,0.4606,0,0
0.14646647456445,7304,0.4608,0,0
0.14646641775479,7305,0.461,0,0
0.14646636094518,7306,0.4612,0,0
0.14646630413561,7307,0.4614,0,0
0.14646624732609,7308,0.4616,0,0
0.14646619051661,7309,0.4618,0,0
0.14646613370717,7310,0.462,0,0
0.14646607689777,7311,0.4622,0,0
0.14646602008841,7312,0.4624,0,0
0.1464659632791,7313,0.4626,0,0
0.14646590646983,7314,0.4628,0,0
0.1464658496606,7315,0.463,0,0
0.1464657928514,7316,0.4632,0,0
0.14646573604225,7317,0.4634,0,0
0.14646567923314,7318,0.4636,0,0
0.14646562242407,7319,0.4638,0,0
0.14646556561504,7320,0.464,0,0
0.14646550880605,7321,0.4642,0,0
0.1464654519971,7322,0.4644,0,0
0.14646539518819,7323,0.4646,0,0
0.14646533837931,7324,0.4648,0,0
0.14646528157048,7325,0.465,0,0
0.14646522476168,7326,0.4652,0,0
0.14646516795292,7327,0.4654,0,0
0.1464651111442,7328,0.4656,0,0
0.14646505433552,7329,0.4658,0,0
0.14646499752687,7330,0.466,0,0
0.14646494071826,7331,0.4662,0,0
0.14646488390968,7332,0.4664,0,0
0.14646482710115,7333,0.4666,0,0
0.14646477029265,7334,0.4668,0,0
0.14646471348418,7335,0.467,0,0
0.14646465667575,7336,0.4672,0,0
0.14646459986735,7337,0.4674,0,0
0.146464543059,7338,0.4676,0,0
0.14646448625067,7339,0.4678,0,0
0.14646442944238,7340,0.468,0,0
0.14646437263412,7341,0.4682,0,0
0.1464643158259,7342,0.4684,0,0
0.14646425901771,7343,0.4686,0,0
0.14646420220956,7344,0.4688,0,0
0.14646414540144,7345,0.469,0,0
0.14646408859335,7346,0.4692,0,0
0.14646403178529,7347,0.4694,0,0
0.14646397497727,7348,0.4696,0,0
0.14646391816927,7349,0.4698,0,0
0.14646386136131,7350,0.47,0,0
0.14646380455338,7351,0.4702,0,0
0.14646374774549,7352,0.4704,0,0
0.14646369093762,7353,0.4706,0,0
0.14646363412979,7354,0.4708,0,0
0.14646357732198,7355,0.471,0,0
0.14646352051421,7356,0.4712,0,0
0.14646346370646,7357,0.4714,0,0
0.14646340689875,7358,0.4716,0,0
0.14646335009106,7359,0.4718,0,0
0.14646329328341,7360,0.472,0,0
0.14646323647578,7361,0.4722,0,0
0.14646317966818,7362,0.4724,0,0
0.14646312286061,7363,0.4726,0,0
0.14646306605307,7364,0.4728,0,0
0.14646300924556,7365,0.473,0,0
0.14646295243807,7366,0.4732,0,0
0.14646289563061,7367,0.4734,0,0
0.14646283882318,7368,0.4736,0,0
0.14646278201577,7369,0.4738,0,0
0.1464627252084,7370,0.474,0,0
0.14646266840104,7371,0.4742,0,0
0.14646261159372,7372,0.4744,0,0
0.14646255478642,7373,0.4746,0,0
0.14646249797914,7374,0.4748,0,0
0.14646244117189,7375,0.475,0,0
0.14646238436467,7376,0.4752,0,0
0.14646232755747,7377,0.4754,0,0
0.1464622707503,7378,0.4756,0,0
0.14646221394314,7379,0.4758,0,0
0.14646215713602,7380,0.476,0,0
0.14646210032891,7381,0.4762,0,0
0.14646204352183,7382,0.4764,0,0
0.14646198671478,7383,0.4766,0,0
0.14646192990774,7384,0.4768,0,0
0.14646187310073,7385,0.477,0,0
0.14646181629374,7386,0.4772,0,0
0.14646175948678,7387,0.4774,0,0
0.14646170267983,7388,0.4776,0,0
0.14646164587291,7389,0.4778,0,0
0.14646158906601,7390,0.478,0,0
0.14646153225913,7391,0.4782,0,0
0.14646147545227,7392,0.4784,0,0
0.14646141864543,7393,0.4786,0,0
0.14646136183861,7394,0.4788,0,0
0.14646130503181,7395,0.479,0,0
0.14646124822503,7396,0.4792,0,0
0.14646119141827,7397,0.4794,0,0
0.14646113461153,7398,0.4796,0,0
0.14646107780481,7399,0.4798,0,0
0.1464610209981,7400,0.48,0,0
0.14646096419142,7401,0.4802,0,0
0.14646090738475,7402,0.4804,0,0
0.1464608505781,7403,0.4806,0,0
0.14646079377147,7404,0.4808,0,0
0.14646073696486,7405,0.481,0,0
0.14646068015826,7406,0.4812,0,0
0.14646062335168,7407,0.4814,0,0
0.14646056654512,7408,0.4816,0,0
0.14646050973857,7409,0.4818,0,0
0.14646045293204,7410,0.482,0,0
0.14646039612552,7411,0.4822,0,0
0.14646033931902,7412,0.4824,0,0
0.14646028251254,7413,0.4826,0,0
0.14646022570607,7414,0.4828,0,0
0.14646016889961,7415,0.483,0,0
0.14646011209317,7416,0.4832,0,0
0.14646005528675,7417,0.4834,0,0
0.14645999848034,7418,0.4836,0,0
0.14645994167394,7419,0.4838,0,0
0.14645988486755,7420,0.484,0,0
0.14645982806118,7421,0.4842,0,0
0.14645977125482,7422,0.4844,0,0
0.14645971444847,7423,0.4846,0,0
0.14645965764214,7424,0.4848,0,0
0.14645960083582,7425,0.485,0,0
0.14645954402951,7426,0.4852,0,0
0.14645948722321,7427,0.4854,0,0
0.14645943041692,7428,0.4856,0,0
0.14645937361064,7429,0.4858,0,0
0.14645931680438,7430,0.486,0,0
0.14645925999812,7431,0.4862,0,0
0.14645920319188,7432,0.4864,0,0
0.14645914638564,7433,0.4866,0,0
0.14645908957942,7434,0.4868,0,0
0.1464590327732,7435,0.487,0,0
0.14645897596699,7436,0.4872,0,0
0.14645891916079,7437,0.4874,0,0
0.14645886235461,7438,0.4876,0,0
0.14645880554842,7439,0.4878,0,0
0.14645874874225,7440,0.488,0,0
0.14645869193609,7441,0.4882,0,0
0.14645863512993,7442,0.4884,0,0
0.14645857832378,7443,0.4886,0,0
0.14645852151764,7444,0.4888,0,0
0.1464584647115,7445,0.489,0,0
0.14645840790537,7446,0.4892,0,0
0.14645835109925,7447,0.4894,0,0
0.14645829429313,7448,0.4896,0,0
0.14645823748702,7449,0.4898,0,0
0.14645818068091,7450,0.49,0,0
0.14645812387481,7451,0.4902,0,0
0.14645806706871,7452,0.4904,0,0
0.14645801026262,7453,0.4906,0,0
0.14645795345653,7454,0.4908,0,0
0.14645789665045,7455,0.491,0,0
0.14645783984437,7456,0.4912,0,0
0.1464577830383,7457,0.4914,0,0
0.14645772623222,7458,0.4916,0,0
0.14645766942615,7459,0.4918,0,0
0.14645761262009,7460,0.492,0,0
0.14645755581402,7461,0.4922,0,0
0.14645749900796,7462,0.4924,0,0
0.1464574422019,7463,0.4926,0,0
0.14645738539585,7464,0.4928,0,0
0.14645732858979,7465,0.493,0,0
0.14645727178373,7466,0.4932,0,0
0.14645721497768,7467,0.4934,0,0
0.14645715817163,7468,0.4936,0,0
0.14645710136557,7469,0.4938,0,0
0.14645704455952,7470,0.494,0,0
0.14645698775347,7471,0.4942,0,0
0.14645693094742,7472,0.4944,0,0
0.14645687414136,7473,0.4946,0,0
0.14645681733531,7474,0.4948,0,0
0.14645676052925,7475,0.495,0,0
0.14645670372319,7476,0.4952,0,0
0.14645664691714,7477,0.4954,0,0
0.14645659011107,7478,0.4956,0,0
0.14645653330501,7479,0.4958,0,0
0.14645647649895,7480,0.496,0,0
0.14645641969288,7481,0.4962,0,0
0.14645636288681,7482,0.4964,0,0
0.14645630608073,7483,0.4966,0,0
0.14645624927465,7484,0.4968,0,0
0.14645619246857,7485,0.497,0,0
0.14645613566249,7486,0.4972,0,0
0.1464560788564,7487,0.4974,0,0
0.1464560220503,7488,0.4976,0,0
0.1464559652442,7489,0.4978,0,0
0.1464559084381,7490,0.498,0,0
0.14645585163199,7491,0.4982,0,0
0.14645579482587,7492,0.4984,0,0
0.14645573801975,7493,0.4986,0,0
0.14645568121362,7494,0.4988,0,0
0.14645562440749,7495,0.499,0,0
0.14645556760135,7496,0.4992,0,0
0.1464555107952,7497,0.4994,0,0
0.14645545398904,7498,0.4996,0,0
0.14645539718288,7499,0.4998,0,0
0.14645534037671,7500,0.5,0,0
0.14645528357053,7501,0.5002,0,0
0.14645522676435,7502,0.5004,0,0
0.14645516995815,7503,0.5006,0,0
0.14645511315195,7504,0.5008,0,0
0.14645505634573,7505,0.501,0,0
0.14645499953951,7506,0.5012,0,0
0.14645494273328,7507,0.5014,0,0
0.14645488592704,7508,0.5016,0,0
0.14645482912078,7509,0.5018,0,0
0.14645477231452,7510,0.502,0,0
0.14645471550825,7511,0.5022,0,0
0.14645465870196,7512,0.5024,0,0
0.14645460189567,7513,0.5026,0,0
0.14645454508936,7514,0.5028,0,0
0.14645448828304,7515,0.503,0,0
0.14645443147671,7516,0.5032,0,0
0.14645437467037,7517,0.5034,0,0
0.14645431786402,7518,0.5036,0,0
0.14645426105765,7519,0.5038,0,0
0.14645420425127,7520,0.504,0,0
0.14645414744487,7521,0.5042,0,0
0.14645409063846,7522,0.5044,0,0
0.14645403383204,7523,0.5046,0,0
0.14645397702561,7524,0.5048,0,0
0.14645392021916,7525,0.505,0,0
0.14645386341269,7526,0.5052,0,0
0.14645380660621,7527,0.5054,0,0
0.14645374979972,7528,0.5056,0,0
0.14645369299321,7529,0.5058,0,0
0.14645363618668,7530,0.506,0,0
0.14645357938014,7531,0.5062,0,0
0.14645352257358,7532,0.5064,0,0
0.14645346576701,7533,0.5066,0,0
0.14645340896041,7534,0.5068,0,0
0.14645335215381,7535,0.507,0,0
0.14645329534718,7536,0.5072,0,0
0.14645323854054,7537,0.5074,0,0
0.14645318173388,7538,0.5076,0,0
0.1464531249272,7539,0.5078,0,0
0.1464530681205,7540,0.508,0,0
0.14645301131378,7541,0.5082,0,0
0.14645295450705,7542,0.5084,0,0
0.14645289770029,7543,0.5086,0,0
0.14645284089352,7544,0.5088,0,0
0.14645278408673,7545,0.509,0,0
0.14645272727991,7546,0.5092,0,0
0.14645267047308,7547,0.5094,0,0
0.14645261366623,7548,0.5096,0,0
0.14645255685935,7549,0.5098,0,0
0.14645250005246,7550,0.51,0,0
0.14645244324554,7551,0.5102,0,0
0.1464523864386,7552,0.5104,0,0
0.14645232963164,7553,0.5106,0,0
0.14645227282466,7554,0.5108,0,0
0.14645221601766,7555,0.511,0,0
0.14645215921063,7556,0.5112,0,0
0.14645210240358,7557,0.5114,0,0
0.14645204559651,7558,0.5116,0,0
0.14645198878941,7559,0.5118,0,0
0.14645193198229,7560,0.512,0,0
0.14645187517515,7561,0.5122,0,0
0.14645181836798,7562,0.5124,0,0
0.14645176156079,7563,0.5126,0,0
0.14645170475357,7564,0.5128,0,0
0.14645164794633,7565,0.513,0,0
0.14645159113906,7566,0.5132,0,0
0.14645153433177,7567,0.5134,0,0
0.14645147752445,7568,0.5136,0,0
0.14645142071711,7569,0.5138,0,0
0.14645136390974,7570,0.514,0,0
0.14645130710234,7571,0.5142,0,0
0.14645125029492,7572,0.5144,0,0
0.14645119348747,7573,0.5146,0,0
0.14645113667999,7574,0.5148,0,0
0.14645107987249,7575,0.515,0,0
0.14645102306495,7576,0.5152,0,0
0.14645096625739,7577,0.5154,0,0
0.1464509094498,7578,0.5156,0,0
0.14645085264218,7579,0.5158,0,0
0.14645079583453,7580,0.516,0,0
0.14645073902686,7581,0.5162,0,0
0.14645068221915,7582,0.5164,0,0
0.14645062541142,7583,0.5166,0,0
0.14645056860365,7584,0.5168,0,0
0.14645051179585,7585,0.517,0,0
0.14645045498803,7586,0.5172,0,0
0.14645039818017,7587,0.5174,0,0
0.14645034137228,7588,0.5176,0,0
0.14645028456436,7589,0.5178,0,0
0.14645022775641,7590,0.518,0,0
0.14645017094843,7591,0.5182,0,0
0.14645011414042,7592,0.5184,0,0
0.14645005733237,7593,0.5186,0,0
0.14645000052429,7594,0.5188,0,0
0.14644994371618,7595,0.519,0,0
0.14644988690803,7596,0.5192,0,0
0.14644983009985,7597,0.5194,0,0
0.14644977329164,7598,0.5196,0,0
0.14644971648339,7599,0.5198,0,0
0.14644965967511,7600,0.52,0,0
0.1464496028668,7601,0.5202,0,0
0.14644954605845,7602,0.5204,0,0
0.14644948925006,7603,0.5206,0,0
0.14644943244164,7604,0.5208,0,0
0.14644937563318,7605,0.521,0,0
0.14644931882469,7606,0.5212,0,0
0.14644926201617,7607,0.5214,0,0
0.1464492052076,7608,0.5216,0,0
0.146449148399,7609,0.5218,0,0
0.14644909159036,7610,0.522,0,0
0.14644903478169,7611,0.5222,0,0
0.14644897797298,7612,0.5224,0,0
0.14644892116423,7613,0.5226,0,0
0.14644886435544,7614,0.5228,0,0
0.14644880754662,7615,0.523,0,0
0.14644875073775,7616,0.5232,0,0
0.14644869392885,7617,0.5234,0,0
0.14644863711991,7618,0.5236,0,0
0.14644858031093,7619,0.5238,0,0
0.14644852350191,7620,0.524,0,0
0.14644846669285,7621,0.5242,0,0
0.14644840988375,7622,0.5244,0,0
0.14644835307461,7623,0.5246,0,0
0.14644829626543,7624,0.5248,0,0
0.14644823945621,7625,0.525,0,0
0.14644818264695,7626,0.5252,0,0
0.14644812583764,7627,0.5254,0,0
0.1464480690283,7628,0.5256,0,0
0.14644801221891,7629,0.5258,0,0
0.14644795540948,7630,0.526,0,0
0.14644789860001,7631,0.5262,0,0
0.1464478417905,7632,0.5264,0,0
0.14644778498094,7633,0.5266,0,0
0.14644772817134,7634,0.5268,0,0
0.1464476713617,7635,0.527,0,0
0.14644761455201,7636,0.5272,0,0
0.14644755774228,7637,0.5274,0,0
0.14644750093251,7638,0.5276,0,0
0.14644744412269,7639,0.5278,0,0
0.14644738731282,7640,0.528,0,0
0.14644733050291,7641,0.5282,0,0
0.14644727369296,7642,0.5284,0,0
0.14644721688296,7643,0.5286,0,0
0.14644716007291,7644,0.5288,0,0
0.14644710326282,7645,0.529,0,0
0.14644704645268,7646,0.5292,0,0
0.1464469896425,7647,0.5294,0,0
0.14644693283227,7648,0.5296,0,0
0.14644687602199,7649,0.5298,0,0
0.14644681921166,7650,0.53,0,0
0.14644676240129,7651,0.5302,0,0
0.14644670559087,7652,0.5304,0,0
0.1464466487804,7653,0.5306,0,0
0.14644659196988,7654,0.5308,0,0
0.14644653515931,7655,0.531,0,0
0.1464464783487,7656,0.5312,0,0
0.14644642153803,7657,0.5314,0,0
0.14644636472732,7658,0.5316,0,0
0.14644630791656,7659,0.5318,0,0
0.14644625110574,7660,0.532,0,0
0.14644619429488,7661,0.5322,0,0
0.14644613748396,7662,0.5324,0,0
0.146446080673,7663,0.5326,0,0
0.14644602386198,7664,0.5328,0,0
0.14644596705091,7665,0.533,0,0
0.14644591023979,7666,0.5332,0,0
0.14644585342862,7667,0.5334,0,0
0.1464457966174,7668,0.5336,0,0
0.14644573980612,7669,0.5338,0,0
0.1464456829948,7670,0.534,0,0
0.14644562618342,7671,0.5342,0,0
0.14644556937198,7672,0.5344,0,0
0.14644551256049,7673,0.5346,0,0
0.14644545574895,7674,0.5348,0,0
0.14644539893736,7675,0.535,0,0
0.14644534212571,7676,0.5352,0,0
0.146445285314,7677,0.5354,0,0
0.14644522850225,7678,0.5356,0,0
0.14644517169043,7679,0.5358,0,0
0.14644511487856,7680,0.536,0,0
0.14644505806664,7681,0.5362,0,0
0.14644500125466,7682,0.5364,0,0
0.14644494444262,7683,0.5366,0,0
0.14644488763053,7684,0.5368,0,0
0.14644483081838,7685,0.537,0,0
0.14644477400618,7686,0.5372,0,0
0.14644471719391,7687,0.5374,0,0
0.14644466038159,7688,0.5376,0,0
0.14644460356922,7689,0.5378,0,0
0.14644454675678,7690,0.538,0,0
0.14644448994429,7691,0.5382,0,0
0.14644443313173,7692,0.5384,0,0
0.14644437631912,7693,0.5386,0,0
0.14644431950645,7694,0.5388,0,0
0.14644426269373,7695,0.539,0,0
0.14644420588094,7696,0.5392,0,0
0.14644414906809,7697,0.5394,0,0
0.14644409225518,7698,0.5396,0,0
0.14644403544221,7699,0.5398,0,0
0.14644397862918,7700,0.54,0,0
0.1464439218161,7701,0.5402,0,0
0.14644386500294,7702,0.5404,0,0
0.14644380818973,7703,0.5406,0,0
0.14644375137646,7704,0.5408,0,0
0.14644369456313,7705,0.541,0,0
0.14644363774973,7706,0.5412,0,0
0.14644358093627,7707,0.5414,0,0
0.14644352412275,7708,0.5416,0,0
0.14644346730916,7709,0.5418,0,0
0.14644341049551,7710,0.542,0,0
0.1464433536818,7711,0.5422,0,0
0.14644329686803,7712,0.5424,0,0
0.14644324005419,7713,0.5426,0,0
0.14644318324029,7714,0.5428,0,0
0.14644312642632,7715,0.543,0,0
0.14644306961229,7716,0.5432,0,0
0.14644301279819,7717,0.5434,0,0
0.14644295598403,7718,0.5436,0,0
0.1464428991698,7719,0.5438,0,0
0.14644284235551,7720,0.544,0,0
0.14644278554115,7721,0.5442,0,0
0.14644272872672,7722,0.5444,0,0
0.14644267191223,7723,0.5446,0,0
0.14644261509767,7724,0.5448,0,0
0.14644255828304,7725,0.545,0,0
0.14644250146835,7726,0.5452,0,0
0.14644244465359,7727,0.5454,0,0
0.14644238783876,7728,0.5456,0,0
0.14644233102386,7729,0.5458,0,0
0.1464422742089,7730,0.546,0,0
0.14644221739387,7731,0.5462,0,0
0.14644216057876,7732,0.5464,0,0
0.14644210376359,7733,0.5466,0,0
0.14644204694835,7734,0.5468,0,0
0.14644199013304,7735,0.547,0,0
0.14644193331766,7736,0.5472,0,0
0.14644187650221,7737,0.5474,0,0
0.14644181968669,7738,0.5476,0,0
0.1464417628711,7739,0.5478,0,0
0.14644170605543,7740,0.548,0,0
0.1464416492397,7741,0.5482,0,0
0.14644159242389,7742,0.5484,0,0
0.14644153560802,7743,0.5486,0,0
0.14644147879207,7744,0.5488,0,0
0.14644142197605,7745,0.549,0,0
0.14644136515995,7746,0.5492,0,0
0.14644130834378,7747,0.5494,0,0
0.14644125152754,7748,0.5496,0,0
0.14644119471123,7749,0.5498,0,0
0.14644113789484,7750,0.55,0,0
0.14644108107838,7751,0.5502,0,0
0.14644102426185,7752,0.5504,0,0
0.14644096744524,7753,0.5506,0,0
0.14644091062856,7754,0.5508,0,0
0.1464408538118,7755,0.551,0,0
0.14644079699496,7756,0.5512,0,0
0.14644074017806,7757,0.5514,0,0
0.14644068336107,7758,0.5516,0,0
0.14644062654401,7759,0.5518,0,0
0.14644056972687,7760,0.552,0,0
0.14644051290966,7761,0.5522,0,0
0.14644045609237,7762,0.5524,0,0
0.146440399275,7763,0.5526,0,0
0.14644034245756,7764,0.5528,0,0
0.14644028564004,7765,0.553,0,0
0.14644022882244,7766,0.5532,0,0
0.14644017200476,7767,0.5534,0,0
0.14644011518701,7768,0.5536,0,0
0.14644005836917,7769,0.5538,0,0
0.14644000155126,7770,0.554,0,0
0.14643994473327,7771,0.5542,0,0
0.1464398879152,7772,0.5544,0,0
0.14643983109704,7773,0.5546,0,0
0.14643977427881,7774,0.5548,0,0
0.1464397174605,7775,0.555,0,0
0.14643966064211,7776,0.5552,0,0
0.14643960382364,7777,0.5554,0,0
0.14643954700509,7778,0.5556,0,0
0.14643949018645,7779,0.5558,0,0
0.14643943336774,7780,0.556,0,0
0.14643937654894,7781,0.5562,0,0
0.14643931973006,7782,0.5564,0,0
0.1464392629111,7783,0.5566,0,0
0.14643920609206,7784,0.5568,0,0
0.14643914927293,7785,0.557,0,0
0.14643909245373,7786,0.5572,0,0
0.14643903563443,7787,0.5574,0,0
0.14643897881506,7788,0.5576,0,0
0.1464389219956,7789,0.5578,0,0
0.14643886517606,7790,0.558,0,0
0.14643880835643,7791,0.5582,0,0
0.14643875153672,7792,0.5584,0,0
0.14643869471692,7793,0.5586,0,0
0.14643863789704,7794,0.5588,0,0
0.14643858107707,7795,0.559,0,0
0.14643852425702,7796,0.5592,0,0
0.14643846743688,7797,0.5594,0,0
0.14643841061666,7798,0.5596,0,0
0.14643835379635,7799,0.5598,0,0
0.14643829697595,7800,0.56,0,0
0.14643824015546,7801,0.5602,0,0
0.14643818333489,7802,0.5604,0,0
0.14643812651423,7803,0.5606,0,0
0.14643806969349,7804,0.5608,0,0
0.14643801287265,7805,0.561,0,0
0.14643795605173,7806,0.5612,0,0
0.14643789923072,7807,0.5614,0,0
0.14643784240962,7808,0.5616,0,0
0.14643778558843,7809,0.5618,0,0
0.14643772876716,7810,0.562,0,0
0.14643767194579,7811,0.5622,0,0
0.14643761512433,7812,0.5624,0,0
0.14643755830279,7813,0.5626,0,0
0.14643750148115,7814,0.5628,0,0
0.14643744465942,7815,0.563,0,0
0.14643738783761,7816,0.5632,0,0
0.1464373310157,7817,0.5634,0,0
0.1464372741937,7818,0.5636,0,0
0.14643721737161,7819,0.5638,0,0
0.14643716054942,7820,0.564,0,0
0.14643710372715,7821,0.5642,0,0
0.14643704690478,7822,0.5644,0,0
0.14643699008232,7823,0.5646,0,0
0.14643693325977,7824,0.5648,0,0
0.14643687643712,7825,0.565,0,0
0.14643681961438,7826,0.5652,0,0
0.14643676279155,7827,0.5654,0,0
0.14643670596862,7828,0.5656,0,0
0.1464366491456,7829,0.5658,0,0
0.14643659232248,7830,0.566,0,0
0.14643653549927,7831,0.5662,0,0
0.14643647867597,7832,0.5664,0,0
0.14643642185257,7833,0.5666,0,0
0.14643636502907,7834,0.5668,0,0
0.14643630820548,7835,0.567,0,0
0.1464362513818,7836,0.5672,0,0
0.14643619455801,7837,0.5674,0,0
0.14643613773414,7838,0.5676,0,0
0.14643608091016,7839,0.5678,0,0
0.14643602408609,7840,0.568,0,0
0.14643596726192,7841,0.5682,0,0
0.14643591043765,7842,0.5684,0,0
0.14643585361328,7843,0.5686,0,0
0.14643579678882,7844,0.5688,0,0
0.14643573996426,7845,0.569,0,0
0.1464356831396,7846,0.5692,0,0
0.14643562631484,7847,0.5694,0,0
0.14643556948998,7848,0.5696,0,0
0.14643551266503,7849,0.5698,0,0
0.14643545583997,7850,0.57,0,0
0.14643539901481,7851,0.5702,0,0
0.14643534218956,7852,0.5704,0,0
0.1464352853642,7853,0.5706,0,0
0.14643522853874,7854,0.5708,0,0
0.14643517171318,7855,0.571,0,0
0.14643511488753,7856,0.5712,0,0
0.14643505806177,7857,0.5714,0,0
0.1464350012359,7858,0.5716,0,0
0.14643494440994,7859,0.5718,0,0
0.14643488758387,7860,0.572,0,0
0.14643483075771,7861,0.5722,0,0
0.14643477393144,7862,0.5724,0,0
0.14643471710506,7863,0.5726,0,0
0.14643466027858,7864,0.5728,0,0
0.146434603452,7865,0.573,0,0
0.14643454662532,7866,0.5732,0,0
0.14643448979853,7867,0.5734,0,0
0.14643443297164,7868,0.5736,0,0
0.14643437614465,7869,0.5738,0,0
0.14643431931754,7870,0.574,0,0
0.14643426249034,7871,0.5742,0,0
0.14643420566303,7872,0.5744,0,0
0.14643414883561,7873,0.5746,0,0
0.14643409200809,7874,0.5748,0,0
0.14643403518046,7875,0.575,0,0
0.14643397835273,7876,0.5752,0,0
0.14643392152489,7877,0.5754,0,0
0.14643386469694,7878,0.5756,0,0
0.14643380786888,7879,0.5758,0,0
0.14643375104072,7880,0.576,0,0
0.14643369421245,7881,0.5762,0,0
0.14643363738408,7882,0.5764,0,0
0.14643358055559,7883,0.5766,0,0
0.146433523727,7884,0.5768,0,0
0.1464334668983,7885,0.577,0,0
0.14643341006949,7886,0.5772,0,0
0.14643335324057,7887,0.5774,0,0
0.14643329641154,7888,0.5776,0,0
0.1464332395824,7889,0.5778,0,0
0.14643318275315,7890,0.578,0,0
0.14643312592379,7891,0.5782,0,0
0.14643306909433,7892,0.5784,0,0
0.14643301226475,7893,0.5786,0,0
0.14643295543506,7894,0.5788,0,0
0.14643289860526,7895,0.579,0,0
0.14643284177534,7896,0.5792,0,0
0.14643278494532,7897,0.5794,0,0
0.14643272811519,7898,0.5796,0,0
0.14643267128494,7899,0.5798,0,0
0.14643261445458,7900,0.58,0,0
0.1464325576241,7901,0.5802,0,0
0.14643250079352,7902,0.5804,0,0
0.14643244396282,7903,0.5806,0,0
0.14643238713201,7904,0.5808,0,0
0.14643233030108,7905,0.581,0,0
0.14643227347004,7906,0.5812,0,0
0.14643221663889,7907,0.5814,0,0
0.14643215980762,7908,0.5816,0,0
0.14643210297624,7909,0.5818,0,0
0.14643204614474,7910,0.582,0,0
0.14643198931313,7911,0.5822,0,0
0.1464319324814,7912,0.5824,0,0
0.14643187564956,7913,0.5826,0,0
0.1464318188176,7914,0.5828,0,0
0.14643176198552,7915,0.583,0,0
0.14643170515333,7916,0.5832,0,0
0.14643164832102,7917,0.5834,0,0
0.14643159148859,7918,0.5836,0,0
0.14643153465605,7919,0.5838,0,0
0.14643147782339,7920,0.584,0,0
0.14643142099061,7921,0.5842,0,0
0.14643136415771,7922,0.5844,0,0
0.1464313073247,7923,0.5846,0,0
0.14643125049156,7924,0.5848,0,0
0.14643119365831,7925,0.585,0,0
0.14643113682494,7926,0.5852,0,0
0.14643107999145,7927,0.5854,0,0
0.14643102315784,7928,0.5856,0,0
0.14643096632411,7929,0.5858,0,0
0.14643090949026,7930,0.586,0,0
0.14643085265629,7931,0.5862,0,0
0.1464307958222,7932,0.5864,0,0
0.14643073898799,7933,0.5866,0,0
0.14643068215366,7934,0.5868,0,0
0.1464306253192,7935,0.587,0,0
0.14643056848463,7936,0.5872,0,0
0.14643051164993,7937,0.5874,0,0
0.14643045481511,7938,0.5876,0,0
0.14643039798017,7939,0.5878,0,0
0.14643034114511,7940,0.588,0,0
0.14643028430992,7941,0.5882,0,0
0.14643022747461,7942,0.5884,0,0
0.14643017063918,7943,0.5886,0,0
0.14643011380362,7944,0.5888,0,0
0.14643005696794,7945,0.589,0,0
0.14643000013214,7946,0.5892,0,0
0.14642994329621,7947,0.5894,0,0
0.14642988646016,7948,0.5896,0,0
0.14642982962398,7949,0.5898,0,0
0.14642977278768,7950,0.59,0,0
0.14642971595125,7951,0.5902,0,0
0.14642965911469,7952,0.5904,0,0
0.14642960227801,7953,0.5906,0,0
0.14642954544121,7954,0.5908,0,0
0.14642948860427,7955,0.591,0,0
0.14642943176722,7956,0.5912,0,0
0.14642937493003,7957,0.5914,0,0
0.14642931809272,7958,0.5916,0,0
0.14642926125528,7959,0.5918,0,0
0.14642920441771,7960,0.592,0,0
0.14642914758001,7961,0.5922,0,0
0.14642909074219,7962,0.5924,0,0
0.14642903390424,7963,0.5926,0,0
0.14642897706615,7964,0.5928,0,0
0.14642892022794,7965,0.593,0,0
0.1464288633896,7966,0.5932,0,0
0.14642880655114,7967,0.5934,0,0
0.14642874971254,7968,0.5936,0,0
0.14642869287381,7969,0.5938,0,0
0.14642863603495,7970,0.594,0,0
0.14642857919596,7971,0.5942,0,0
0.14642852235684,7972,0.5944,0,0
0.14642846551759,7973,0.5946,0,0
0.14642840867821,7974,0.5948,0,0
0.1464283518387,7975,0.595,0,0
0.14642829499905,7976,0.5952,0,0
0.14642823815928,7977,0.5954,0,0
0.14642818131937,7978,0.5956,0,0
0.14642812447933,7979,0.5958,0,0
0.14642806763915,7980,0.596,0,0
0.14642801079885,7981,0.5962,0,0
0.14642795395841,7982,0.5964,0,0
0.14642789711783,7983,0.5966,0,0
0.14642784027713,7984,0.5968,0,0
0.14642778343629,7985,0.597,0,0
0.14642772659531,7986,0.5972,0,0
0.1464276697542,7987,0.5974,0,0
0.14642761291296,7988,0.5976,0,0
0.14642755607158,7989,0.5978,0,0
0.14642749923006,7990,0.598,0,0
0.14642744238841,7991,0.5982,0,0
0.14642738554663,7992,0.5984,0,0
0.14642732870471,7993,0.5986,0,0
0.14642727186265,7994,0.5988,0,0
0.14642721502045,7995,0.599,0,0
0.14642715817812,7996,0.5992,0,0
0.14642710133566,7997,0.5994,0,0
0.14642704449305,7998,0.5996,0,0
0.14642698765031,7999,0.5998,0,0
0.14642693080743,8000,0.6,0,0
0.14642687396441,8001,0.6002,0,0
0.14642681712125,8002,0.6004,0,0
0.14642676027796,8003,0.6006,0,0
0.14642670343452,8004,0.6008,0,0
0.14642664659095,8005,0.601,0,0
0.14642658974724,8006,0.6012,0,0
0.14642653290339,8007,0.6014,0,0
0.1464264760594,8008,0.6016,0,0
0.14642641921527,8009,0.6018,0,0
0.146426362371,8010,0.602,0,0
0.14642630552658,8011,0.6022,0,0
0.14642624868203,8012,0.6024,0,0
0.14642619183734,8013,0.6026,0,0
0.1464261349925,8014,0.6028,0,0
0.14642607814753,8015,0.603,0,0
0.14642602130241,8016,0.6032,0,0
0.14642596445715,8017,0.6034,0,0
0.14642590761175,8018,0.6036,0,0
0.1464258507662,8019,0.6038,0,0
0.14642579392052,8020,0.604,0,0
0.14642573707469,8021,0.6042,0,0
0.14642568022871,8022,0.6044,0,0
0.1464256233826,8023,0.6046,0,0
0.14642556653633,8024,0.6048,0,0
0.14642550968993,8025,0.605,0,0
0.14642545284338,8026,0.6052,0,0
0.14642539599669,8027,0.6054,0,0
0.14642533914985,8028,0.6056,0,0
0.14642528230287,8029,0.6058,0,0
0.14642522545574,8030,0.606,0,0
0.14642516860846,8031,0.6062,0,0
0.14642511176104,8032,0.6064,0,0
0.14642505491348,8033,0.6066,0,0
0.14642499806577,8034,0.6068,0,0
0.14642494121791,8035,0.607,0,0
0.1464248843699,8036,0.6072,0,0
0.14642482752175,8037,0.6074,0,0
0.14642477067345,8038,0.6076,0,0
0.14642471382501,8039,0.6078,0,0
0.14642465697641,8040,0.608,0,0
0.14642460012767,8041,0.6082,0,0
0.14642454327878,8042,0.6084,0,0
0.14642448642974,8043,0.6086,0,0
0.14642442958055,8044,0.6088,0,0
0.14642437273122,8045,0.609,0,0
0.14642431588173,8046,0.6092,0,0
0.1464242590321,8047,0.6094,0,0
0.14642420218231,8048,0.6096,0,0
0.14642414533238,8049,0.6098,0,0
0.14642408848229,8050,0.61,0,0
0.14642403163206,8051,0.6102,0,0
0.14642397478167,8052,0.6104,0,0
0.14642391793113,8053,0.6106,0,0
0.14642386108044,8054,0.6108,0,0
0.1464238042296,8055,0.611,0,0
0.14642374737861,8056,0.6112,0,0
0.14642369052747,8057,0.6114,0,0
0.14642363367617,8058,0.6116,0,0
0.14642357682472,8059,0.6118,0,0
0.14642351997312,8060,0.612,0,0
0.14642346312137,8061,0.6122,0,0
0.14642340626946,8062,0.6124,0,0
0.1464233494174,8063,0.6126,0,0
0.14642329256519,8064,0.6128,0,0
0.14642323571282,8065,0.613,0,0
0.1464231788603,8066,0.6132,0,0
0.14642312200762,8067,0.6134,0,0
0.14642306515479,8068,0.6136,0,0
0.1464230083018,8069,0.6138,0,0
0.14642295144866,8070,0.614,0,0
0.14642289459537,8071,0.6142,0,0
0.14642283774191,8072,0.6144,0,0
0.1464227808883,8073,0.6146,0,0
0.14642272403454,8074,0.6148,0,0
0.14642266718062,8075,0.615,0,0
0.14642261032654,8076,0.6152,0,0
0.14642255347231,8077,0.6154,0,0
0.14642249661792,8078,0.6156,0,0
0.14642243976337,8079,0.6158,0,0
0.14642238290866,8080,0.616,0,0
0.1464223260538,8081,0.6162,0,0
0.14642226919877,8082,0.6164,0,0
0.14642221234359,8083,0.6166,0,0
0.14642215548825,8084,0.6168,0,0
0.14642209863275,8085,0.617,0,0
0.1464220417771,8086,0.6172,0,0
0.14642198492128,8087,0.6174,0,0
0.1464219280653,8088,0.6176,0,0
0.14642187120917,8089,0.6178,0,0
0.14642181435287,8090,0.618,0,0
0.14642175749641,8091,0.6182,0,0
0.14642170063979,8092,0.6184,0,0
0.14642164378302,8093,0.6186,0,0
0.14642158692608,8094,0.6188,0,0
0.14642153006898,8095,0.619,0,0
0.14642147321171,8096,0.6192,0,0
0.14642141635429,8097,0.6194,0,0
0.1464213594967,8098,0.6196,0,0
0.14642130263896,8099,0.6198,0,0
0.14642124578104,8100,0.62,0,0
0.14642118892297,8101,0.6202,0,0
0.14642113206473,8102,0.6204,0,0
0.14642107520633,8103,0.6206,0,0
0.14642101834777,8104,0.6208,0,0
0.14642096148904,8105,0.621,0,0
0.14642090463015,8106,0.6212,0,0
0.14642084777109,8107,0.6214,0,0
0.14642079091187,8108,0.6216,0,0
0.14642073405249,8109,0.6218,0,0
0.14642067719294,8110,0.622,0,0
0.14642062033322,8111,0.6222,0,0
0.14642056347334,8112,0.6224,0,0
0.1464205066133,8113,0.6226,0,0
0.14642044975308,8114,0.6228,0,0
0.14642039289271,8115,0.623,0,0
0.14642033603216,8116,0.6232,0,0
0.14642027917145,8117,0.6234,0,0
0.14642022231057,8118,0.6236,0,0
0.14642016544952,8119,0.6238,0,0
0.14642010858831,8120,0.624,0,0
0.14642005172693,8121,0.6242,0,0
0.14641999486538,8122,0.6244,0,0
0.14641993800366,8123,0.6246,0,0
0.14641988114177,8124,0.6248,0,0
0.14641982427972,8125,0.625,0,0
0.1464197674175,8126,0.6252,0,0
0.1464197105551,8127,0.6254,0,0
0.14641965369254,8128,0.6256,0,0
0.14641959682981,8129,0.6258,0,0
0.14641953996691,8130,0.626,0,0
0.14641948310384,8131,0.6262,0,0
0.14641942624059,8132,0.6264,0,0
0.14641936937718,8133,0.6266,0,0
0.1464193125136,8134,0.6268,0,0
0.14641925564984,8135,0.627,0,0
0.14641919878592,8136,0.6272,0,0
0.14641914192182,8137,0.6274,0,0
0.14641908505755,8138,0.6276,0,0
0.14641902819311,8139,0.6278,0,0
0.14641897132849,8140,0.628,0,0
0.14641891446371,8141,0.6282,0,0
0.14641885759875,8142,0.6284,0,0
0.14641880073362,8143,0.6286,0,0
0.14641874386831,8144,0.6288,0,0
0.14641868700283,8145,0.629,0,0
0.14641863013718,8146,0.6292,0,0
0.14641857327135,8147,0.6294,0,0
0.14641851640535,8148,0.6296,0,0
0.14641845953917,8149,0.6298,0,0
0.14641840267282,8150,0.63,0,0
0.1464183458063,8151,0.6302,0,0
0.1464182889396,8152,0.6304,0,0
0.14641823207272,8153,0.6306,0,0
0.14641817520567,8154,0.6308,0,0
0.14641811833844,8155,0.631,0,0
0.14641806147104,8156,0.6312,0,0
0.14641800460346,8157,0.6314,0,0
0.1464179477357,8158,0.6316,0,0
0.14641789086776,8159,0.6318,0,0
0.14641783399965,8160,0.632,0,0
0.14641777713136,8161,0.6322,0,0
0.1464177202629,8162,0.6324,0,0
0.14641766339425,8163,0.6326,0,0
0.14641760652543,8164,0.6328,0,0
0.14641754965643,8165,0.633,0,0
0.14641749278725,8166,0.6332,0,0
0.14641743591789,8167,0.6334,0,0
0.14641737904835,8168,0.6336,0,0
0.14641732217864,8169,0.6338,0,0
0.14641726530874,8170,0.634,0,0
0.14641720843866,8171,0.6342,0,0
0.14641715156841,8172,0.6344,0,0
0.14641709469797,8173,0.6346,0,0
0.14641703782735,8174,0.6348,0,0
0.14641698095656,8175,0.635,0,0
0.14641692408558,8176,0.6352,0,0
0.14641686721442,8177,0.6354,0,0
0.14641681034308,8178,0.6356,0,0
0.14641675347155,8179,0.6358,0,0
0.14641669659985,8180,0.636,0,0
0.14641663972796,8181,0.6362,0,0
0.14641658285589,8182,0.6364,0,0
0.14641652598364,8183,0.6366,0,0
0.1464164691112,8184,0.6368,0,0
0.14641641223858,8185,0.637,0,0
0.14641635536578,8186,0.6372,0,0
0.14641629849279,8187,0.6374,0,0
0.14641624161962,8188,0.6376,0,0
0.14641618474627,8189,0.6378,0,0
0.14641612787273,8190,0.638,0,0
0.14641607099901,8191,0.6382,0,0
0.1464160141251,8192,0.6384,0,0
0.146415957251,8193,0.6386,0,0
0.14641590037672,8194,0.6388,0,0
0.14641584350226,8195,0.639,0,0
0.14641578662761,8196,0.6392,0,0
0.14641572975277,8197,0.6394,0,0
0.14641567287775,8198,0.6396,0,0
0.14641561600254,8199,0.6398,0,0
0.14641555912715,8200,0.64,0,0
0.14641550225156,8201,0.6402,0,0
0.14641544537579,8202,0.6404,0,0
0.14641538849984,8203,0.6406,0,0
0.14641533162369,8204,0.6408,0,0
0.14641527474736,8205,0.641,0,0
0.14641521787084,8206,0.6412,0,0
0.14641516099413,8207,0.6414,0,0
0.14641510411723,8208,0.6416,0,0
0.14641504724014,8209,0.6418,0,0
0.14641499036286,8210,0.642,0,0
0.1464149334854,8211,0.6422,0,0
0.14641487660774,8212,0.6424,0,0
0.1464148197299,8213,0.6426,0,0
0.14641476285186,8214,0.6428,0,0
0.14641470597363,8215,0.643,0,0
0.14641464909522,8216,0.6432,0,0
0.14641459221661,8217,0.6434,0,0
0.14641453533781,8218,0.6436,0,0
0.14641447845882,8219,0.6438,0,0
0.14641442157964,8220,0.644,0,0
0.14641436470027,8221,0.6442,0,0
0.1464143078207,8222,0.6444,0,0
0.14641425094094,8223,0.6446,0,0
0.14641419406099,8224,0.6448,0,0
0.14641413718085,8225,0.645,0,0
0.14641408030051,8226,0.6452,0,0
0.14641402341999,8227,0.6454,0,0
0.14641396653926,8228,0.6456,0,0
0.14641390965835,8229,0.6458,0,0
0.14641385277724,8230,0.646,0,0
0.14641379589593,8231,0.6462,0,0
0.14641373901443,8232,0.6464,0,0
0.14641368213274,8233,0.6466,0,0
0.14641362525085,8234,0.6468,0,0
0.14641356836877,8235,0.647,0,0
0.14641351148649,8236,0.6472,0,0
0.14641345460402,8237,0.6474,0,0
0.14641339772135,8238,0.6476,0,0
0.14641334083848,8239,0.6478,0,0
0.14641328395542,8240,0.648,0,0
0.14641322707216,8241,0.6482,0,0
0.1464131701887,8242,0.6484,0,0
0.14641311330505,8243,0.6486,0,0
0.1464130564212,8244,0.6488,0,0
0.14641299953716,8245,0.649,0,0
0.14641294265291,8246,0.6492,0,0
0.14641288576847,8247,0.6494,0,0
0.14641282888383,8248,0.6496,0,0
0.14641277199899,8249,0.6498,0,0
0.14641271511395,8250,0.65,0,0
0.14641265822871,8251,0.6502,0,0
0.14641260134328,8252,0.6504,0,0
0.14641254445764,8253,0.6506,0,0
0.14641248757181,8254,0.6508,0,0
0.14641243068577,8255,0.651,0,0
0.14641237379954,8256,0.6512,0,0
0.1464123169131,8257,0.6514,0,0
0.14641226002647,8258,0.6516,0,0
0.14641220313963,8259,0.6518,0,0
0.14641214625259,8260,0.652,0,0
0.14641208936535,8261,0.6522,0,0
0.14641203247791,8262,0.6524,0,0
0.14641197559027,8263,0.6526,0,0
0.14641191870243,8264,0.6528,0,0
0.14641186181438,8265,0.653,0,0
0.14641180492613,8266,0.6532,0,0
0.14641174803768,8267,0.6534,0,0
0.14641169114903,8268,0.6536,0,0
0.14641163426017,8269,0.6538,0,0
0.14641157737111,8270,0.654,0,0
0.14641152048185,8271,0.6542,0,0
0.14641146359238,8272,0.6544,0,0
0.14641140670271,8273,0.6546,0,0
0.14641134981283,8274,0.6548,0,0
0.14641129292275,8275,0.655,0,0
0.14641123603247,8276,0.6552,0,0
0.14641117914198,8277,0.6554,0,0
0.14641112225128,8278,0.6556,0,0
0.14641106536038,8279,0.6558,0,0
0.14641100846928,8280,0.656,0,0
0.14641095157796,8281,0.6562,0,0
0.14641089468645,8282,0.6564,0,0
0.14641083779472,8283,0.6566,0,0
0.14641078090279,8284,0.6568,0,0
0.14641072401065,8285,0.657,0,0
0.14641066711831,8286,0.6572,0,0
0.14641061022576,8287,0.6574,0,0
0.146410553333,8288,0.6576,0,0
0.14641049644003,8289,0.6578,0,0
0.14641043954685,8290,0.658,0,0
0.14641038265347,8291,0.6582,0,0
0.14641032575988,8292,0.6584,0,0
0.14641026886607,8293,0.6586,0,0
0.14641021197206,8294,0.6588,0,0
0.14641015507785,8295,0.659,0,0
0.14641009818342,8296,0.6592,0,0
0.14641004128878,8297,0.6594,0,0
0.14640998439393,8298,0.6596,0,0
0.14640992749887,8299,0.6598,0,0
0.14640987060361,8300,0.66,0,0
0.14640981370813,8301,0.6602,0,0
0.14640975681244,8302,0.6604,0,0
0.14640969991654,8303,0.6606,0,0
0.14640964302042,8304,0.6608,0,0
0.1464095861241,8305,0.661,0,0
0.14640952922757,8306,0.6612,0,0
0.14640947233082,8307,0.6614,0,0
0.14640941543386,8308,0.6616,0,0
0.14640935853669,8309,0.6618,0,0
0.14640930163931,8310,0.662,0,0
0.14640924474171,8311,0.6622,0,0
0.1464091878439,8312,0.6624,0,0
0.14640913094588,8313,0.6626,0,0
0.14640907404764,8314,0.6628,0,0
0.14640901714919,8315,0.663,0,0
0.14640896025052,8316,0.6632,0,0
0.14640890335164,8317,0.6634,0,0
0.14640884645255,8318,0.6636,0,0
0.14640878955324,8319,0.6638,0,0
0.14640873265372,8320,0.664,0,0
0.14640867575398,8321,0.6642,0,0
0.14640861885403,8322,0.6644,0,0
0.14640856195386,8323,0.6646,0,0
0.14640850505348,8324,0.6648,0,0
0.14640844815288,8325,0.665,0,0
0.14640839125206,8326,0.6652,0,0
0.14640833435102,8327,0.6654,0,0
0.14640827744977,8328,0.6656,0,0
0.14640822054831,8329,0.6658,0,0
0.14640816364662,8330,0.666,0,0
0.14640810674472,8331,0.6662,0,0
0.1464080498426,8332,0.6664,0,0
0.14640799294026,8333,0.6666,0,0
0.14640793603771,8334,0.6668,0,0
0.14640787913493,8335,0.667,0,0
0.14640782223194,8336,0.6672,0,0
0.14640776532873,8337,0.6674,0,0
0.1464077084253,8338,0.6676,0,0
0.14640765152165,8339,0.6678,0,0
0.14640759461778,8340,0.668,0,0
0.14640753771369,8341,0.6682,0,0
0.14640748080938,8342,0.6684,0,0
0.14640742390485,8343,0.6686,0,0
0.1464073670001,8344,0.6688,0,0
0.14640731009513,8345,0.669,0,0
0.14640725318994,8346,0.6692,0,0
0.14640719628453,8347,0.6694,0,0
0.1464071393789,8348,0.6696,0,0
0.14640708247304,8349,0.6698,0,0
0.14640702556697,8350,0.67,0,0
0.14640696866067,8351,0.6702,0,0
0.14640691175415,8352,0.6704,0,0
0.1464068548474,8353,0.6706,0,0
0.14640679794044,8354,0.6708,0,0
0.14640674103325,8355,0.671,0,0
0.14640668412584,8356,0.6712,0,0
0.1464066272182,8357,0.6714,0,0
0.14640657031034,8358,0.6716,0,0
0.14640651340226,8359,0.6718,0,0
0.14640645649395,8360,0.672,0,0
0.14640639958542,8361,0.6722,0,0
0.14640634267667,8362,0.6724,0,0
0.14640628576769,8363,0.6726,0,0
0.14640622885848,8364,0.6728,0,0
0.14640617194905,8365,0.673,0,0
0.14640611503939,8366,0.6732,0,0
0.14640605812951,8367,0.6734,0,0
0.14640600121941,8368,0.6736,0,0
0.14640594430907,8369,0.6738,0,0
0.14640588739851,8370,0.674,0,0
0.14640583048773,8371,0.6742,0,0
0.14640577357671,8372,0.6744,0,0
0.14640571666547,8373,0.6746,0,0
0.14640565975401,8374,0.6748,0,0
0.14640560284231,8375,0.675,0,0
0.14640554593039,8376,0.6752,0,0
0.14640548901824,8377,0.6754,0,0
0.14640543210586,8378,0.6756,0,0
0.14640537519326,8379,0.6758,0,0
0.14640531828042,8380,0.676,0,0
0.14640526136736,8381,0.6762,0,0
0.14640520445406,8382,0.6764,0,0
0.14640514754054,8383,0.6766,0,0
0.14640509062679,8384,0.6768,0,0
0.14640503371281,8385,0.677,0,0
0.1464049767986,8386,0.6772,0,0
0.14640491988416,8387,0.6774,0,0
0.14640486296949,8388,0.6776,0,0
0.14640480605458,8389,0.6778,0,0
0.14640474913945,8390,0.678,0,0
0.14640469222409,8391,0.6782,0,0
0.14640463530849,8392,0.6784,0,0
0.14640457839267,8393,0.6786,0,0
0.14640452147661,8394,0.6788,0,0
0.14640446456032,8395,0.679,0,0
0.1464044076438,8396,0.6792,0,0
0.14640435072704,8397,0.6794,0,0
0.14640429381005,8398,0.6796,0,0
0.14640423689283,8399,0.6798,0,0
0.14640417997538,8400,0.68,0,0
0.1464041230577,8401,0.6802,0,0
0.14640406613978,8402,0.6804,0,0
0.14640400922162,8403,0.6806,0,0
0.14640395230324,8404,0.6808,0,0
0.14640389538461,8405,0.681,0,0
0.14640383846576,8406,0.6812,0,0
0.14640378154667,8407,0.6814,0,0
0.14640372462734,8408,0.6816,0,0
0.14640366770778,8409,0.6818,0,0
0.14640361078799,8410,0.682,0,0
0.14640355386796,8411,0.6822,0,0
0.14640349694769,8412,0.6824,0,0
0.14640344002719,8413,0.6826,0,0
0.14640338310645,8414,0.6828,0,0
0.14640332618547,8415,0.683,0,0
0.14640326926426,8416,0.6832,0,0
0.14640321234281,8417,0.6834,0,0
0.14640315542113,8418,0.6836,0,0
0.14640309849921,8419,0.6838,0,0
0.14640304157705,8420,0.684,0,0
0.14640298465465,8421,0.6842,0,0
0.14640292773201,8422,0.6844,0,0
0.14640287080914,8423,0.6846,0,0
0.14640281388603,8424,0.6848,0,0
0.14640275696268,8425,0.685,0,0
0.14640270003909,8426,0.6852,0,0
0.14640264311526,8427,0.6854,0,0
0.14640258619119,8428,0.6856,0,0
0.14640252926688,8429,0.6858,0,0
0.14640247234234,8430,0.686,0,0
0.14640241541755,8431,0.6862,0,0
0.14640235849252,8432,0.6864,0,0
0.14640230156726,8433,0.6866,0,0
0.14640224464175,8434,0.6868,0,0
0.146402187716,8435,0.687,0,0
0.14640213079001,8436,0.6872,0,0
0.14640207386378,8437,0.6874,0,0
0.14640201693731,8438,0.6876,0,0
0.14640196001059,8439,0.6878,0,0
0.14640190308364,8440,0.688,0,0
0.14640184615644,8441,0.6882,0,0
0.146401789229,8442,0.6884,0,0
0.14640173230132,8443,0.6886,0,0
0.14640167537339,8444,0.6888,0,0
0.14640161844522,8445,0.689,0,0
0.14640156151681,8446,0.6892,0,0
0.14640150458816,8447,0.6894,0,0
0.14640144765926,8448,0.6896,0,0
0.14640139073012,8449,0.6898,0,0
0.14640133380073,8450,0.69,0,0
0.1464012768711,8451,0.6902,0,0
0.14640121994123,8452,0.6904,0,0
0.14640116301111,8453,0.6906,0,0
0.14640110608074,8454,0.6908,0,0
0.14640104915013,8455,0.691,0,0
0.14640099221928,8456,0.6912,0,0
0.14640093528818,8457,0.6914,0,0
0.14640087835683,8458,0.6916,0,0
0.14640082142524,8459,0.6918,0,0
0.1464007644934,8460,0.692,0,0
0.14640070756131,8461,0.6922,0,0
0.14640065062898,8462,0.6924,0,0
0.1464005936964,8463,0.6926,0,0
0.14640053676358,8464,0.6928,0,0
0.1464004798305,8465,0.693,0,0
0.14640042289718,8466,0.6932,0,0
0.14640036596361,8467,0.6934,0,0
0.1464003090298,8468,0.6936,0,0
0.14640025209573,8469,0.6938,0,0
0.14640019516142,8470,0.694,0,0
0.14640013822686,8471,0.6942,0,0
0.14640008129205,8472,0.6944,0,0
0.14640002435699,8473,0.6946,0,0
0.14639996742168,8474,0.6948,0,0
0.14639991048612,8475,0.695,0,0
0.14639985355031,8476,0.6952,0,0
0.14639979661426,8477,0.6954,0,0
0.14639973967795,8478,0.6956,0,0
0.14639968274139,8479,0.6958,0,0
0.14639962580458,8480,0.696,0,0
0.14639956886752,8481,0.6962,0,0
0.14639951193021,8482,0.6964,0,0
0.14639945499265,8483,0.6966,0,0
0.14639939805483,8484,0.6968,0,0
0.14639934111677,8485,0.697,0,0
0.14639928417845,8486,0.6972,0,0
0.14639922723988,8487,0.6974,0,0
0.14639917030106,8488,0.6976,0,0
0.14639911336199,8489,0.6978,0,0
0.14639905642266,8490,0.698,0,0
0.14639899948308,8491,0.6982,0,0
0.14639894254325,8492,0.6984,0,0
0.14639888560316,8493,0.6986,0,0
0.14639882866283,8494,0.6988,0,0
0.14639877172223,8495,0.699,0,0
0.14639871478139,8496,0.6992,0,0
0.14639865784028,8497,0.6994,0,0
0.14639860089893,8498,0.6996,0,0
0.14639854395732,8499,0.6998,0,0
0.14639848701545,8500,0.7,0,0
0.14639843007333,8501,0.7002,0,0
0.14639837313096,8502,0.7004,0,0
0.14639831618833,8503,0.7006,0,0
0.14639825924544,8504,0.7008,0,0
0.1463982023023,8505,0.701,0,0
0.1463981453589,8506,0.7012,0,0
0.14639808841524,8507,0.7014,0,0
0.14639803147133,8508,0.7016,0,0
0.14639797452716,8509,0.7018,0,0
0.14639791758274,8510,0.702,0,0
0.14639786063805,8511,0.7022,0,0
0.14639780369311,8512,0.7024,0,0
0.14639774674792,8513,0.7026,0,0
0.14639768980246,8514,0.7028,0,0
0.14639763285675,8515,0.703,0,0
0.14639757591077,8516,0.7032,0,0
0.14639751896454,8517,0.7034,0,0
0.14639746201806,8518,0.7036,0,0
0.14639740507131,8519,0.7038,0,0
0.1463973481243,8520,0.704,0,0
0.14639729117703,8521,0.7042,0,0
0.14639723422951,8522,0.7044,0,0
0.14639717728172,8523,0.7046,0,0
0.14639712033368,8524,0.7048,0,0
0.14639706338537,8525,0.705,0,0
0.14639700643681,8526,0.7052,0,0
0.14639694948798,8527,0.7054,0,0
0.14639689253889,8528,0.7056,0,0
0.14639683558954,8529,0.7058,0,0
0.14639677863993,8530,0.706,0,0
0.14639672169006,8531,0.7062,0,0
0.14639666473993,8532,0.7064,0,0
0.14639660778954,8533,0.7066,0,0
0.14639655083888,8534,0.7068,0,0
0.14639649388796,8535,0.707,0,0
0.14639643693678,8536,0.7072,0,0
0.14639637998534,8537,0.7074,0,0
0.14639632303363,8538,0.7076,0,0
0.14639626608166,8539,0.7078,0,0
0.14639620912943,8540,0.708,0,0
0.14639615217693,8541,0.7082,0,0
0.14639609522417,8542,0.7084,0,0
0.14639603827114,8543,0.7086,0,0
0.14639598131785,8544,0.7088,0,0
0.1463959243643,8545,0.709,0,0
0.14639586741048,8546,0.7092,0,0
0.1463958104564,8547,0.7094,0,0
0.14639575350205,8548,0.7096,0,0
0.14639569654744,8549,0.7098,0,0
0.14639563959256,8550,0.71,0,0
0.14639558263742,8551,0.7102,0,0
0.14639552568201,8552,0.7104,0,0
0.14639546872634,8553,0.7106,0,0
0.14639541177039,8554,0.7108,0,0
0.14639535481419,8555,0.711,0,0
0.14639529785771,8556,0.7112,0,0
0.14639524090097,8557,0.7114,0,0
0.14639518394396,8558,0.7116,0,0
0.14639512698668,8559,0.7118,0,0
0.14639507002914,8560,0.712,0,0
0.14639501307133,8561,0.7122,0,0
0.14639495611325,8562,0.7124,0,0
0.1463948991549,8563,0.7126,0,0
0.14639484219629,8564,0.7128,0,0
0.1463947852374,8565,0.713,0,0
0.14639472827825,8566,0.7132,0,0
0.14639467131883,8567,0.7134,0,0
0.14639461435914,8568,0.7136,0,0
0.14639455739918,8569,0.7138,0,0
0.14639450043895,8570,0.714,0,0
0.14639444347845,8571,0.7142,0,0
0.14639438651768,8572,0.7144,0,0
0.14639432955664,8573,0.7146,0,0
0.14639427259533,8574,0.7148,0,0
0.14639421563375,8575,0.715,0,0
0.1463941586719,8576,0.7152,0,0
0.14639410170978,8577,0.7154,0,0
0.14639404474738,8578,0.7156,0,0
0.14639398778472,8579,0.7158,0,0
0.14639393082178,8580,0.716,0,0
0.14639387385857,8581,0.7162,0,0
0.14639381689509,8582,0.7164,0,0
0.14639375993134,8583,0.7166,0,0
0.14639370296732,8584,0.7168,0,0
0.14639364600302,8585,0.717,0,0
0.14639358903845,8586,0.7172,0,0
0.1463935320736,8587,0.7174,0,0
0.14639347510849,8588,0.7176,0,0
0.1463934181431,8589,0.7178,0,0
0.14639336117743,8590,0.718,0,0
0.14639330421149,8591,0.7182,0,0
0.14639324724528,8592,0.7184,0,0
0.1463931902788,8593,0.7186,0,0
0.14639313331204,8594,0.7188,0,0
0.146393076345,8595,0.719,0,0
0.14639301937769,8596,0.7192,0,0
0.1463929624101,8597,0.7194,0,0
0.14639290544224,8598,0.7196,0,0
0.14639284847411,8599,0.7198,0,0
0.1463927915057,8600,0.72,0,0
0.14639273453701,8601,0.7202,0,0
0.14639267756804,8602,0.7204,0,0
0.1463926205988,8603,0.7206,0,0
0.14639256362929,8604,0.7208,0,0
0.14639250665949,8605,0.721,0,0
0.14639244968942,8606,0.7212,0,0
0.14639239271908,8607,0.7214,0,0
0.14639233574845,8608,0.7216,0,0
0.14639227877755,8609,0.7218,0,0
0.14639222180637,8610,0.722,0,0
0.14639216483491,8611,0.7222,0,0
0.14639210786317,8612,0.7224,0,0
0.14639205089116,8613,0.7226,0,0
0.14639199391887,8614,0.7228,0,0
0.1463919369463,8615,0.723,0,0
0.14639187997344,8616,0.7232,0,0
0.14639182300032,8617,0.7234,0,0
0.14639176602691,8618,0.7236,0,0
0.14639170905322,8619,0.7238,0,0
0.14639165207925,8620,0.724,0,0
0.146391595105,8621,0.7242,0,0
0.14639153813047,8622,0.7244,0,0
0.14639148115566,8623,0.7246,0,0
0.14639142418057,8624,0.7248,0,0
0.1463913672052,8625,0.725,0,0
0.14639131022955,8626,0.7252,0,0
0.14639125325362,8627,0.7254,0,0
0.14639119627741,8628,0.7256,0,0
0.14639113930091,8629,0.7258,0,0
0.14639108232413,8630,0.726,0,0
0.14639102534707,8631,0.7262,0,0
0.14639096836973,8632,0.7264,0,0
0.14639091139211,8633,0.7266,0,0
0.1463908544142,8634,0.7268,0,0
0.14639079743601,8635,0.727,0,0
0.14639074045754,8636,0.7272,0,0
0.14639068347879,8637,0.7274,0,0
0.14639062649975,8638,0.7276,0,0
0.14639056952043,8639,0.7278,0,0
0.14639051254082,8640,0.728,0,0
0.14639045556093,8641,0.7282,0,0
0.14639039858076,8642,0.7284,0,0
0.1463903416003,8643,0.7286,0,0
0.14639028461956,8644,0.7288,0,0
0.14639022763853,8645,0.729,0,0
0.14639017065722,8646,0.7292,0,0
0.14639011367562,8647,0.7294,0,0
0.14639005669374,8648,0.7296,0,0
0.14638999971157,8649,0.7298,0,0
0.14638994272912,8650,0.73,0,0
0.14638988574638,8651,0.7302,0,0
0.14638982876335,8652,0.7304,0,0
0.14638977178004,8653,0.7306,0,0
0.14638971479644,8654,0.7308,0,0
0.14638965781255,8655,0.731,0,0
0.14638960082838,8656,0.7312,0,0
0.14638954384392,8657,0.7314,0,0
0.14638948685917,8658,0.7316,0,0
0.14638942987414,8659,0.7318,0,0
0.14638937288882,8660,0.732,0,0
0.14638931590321,8661,0.7322,0,0
0.14638925891731,8662,0.7324,0,0
0.14638920193112,8663,0.7326,0,0
0.14638914494464,8664,0.7328,0,0
0.14638908795788,8665,0.733,0,0
0.14638903097083,8666,0.7332,0,0
0.14638897398349,8667,0.7334,0,0
0.14638891699586,8668,0.7336,0,0
0.14638886000793,8669,0.7338,0,0
0.14638880301972,8670,0.734,0,0
0.14638874603122,8671,0.7342,0,0
0.14638868904243,8672,0.7344,0,0
0.14638863205335,8673,0.7346,0,0
0.14638857506398,8674,0.7348,0,0
0.14638851807432,8675,0.735,0,0
0.14638846108437,8676,0.7352,0,0
0.14638840409412,8677,0.7354,0,0
0.14638834710359,8678,0.7356,0,0
0.14638829011276,8679,0.7358,0,0
0.14638823312165,8680,0.736,0,0
0.14638817613024,8681,0.7362,0,0
0.14638811913853,8682,0.7364,0,0
0.14638806214654,8683,0.7366,0,0
0.14638800515425,8684,0.7368,0,0
0.14638794816168,8685,0.737,0,0
0.1463878911688,8686,0.7372,0,0
0.14638783417564,8687,0.7374,0,0
0.14638777718218,8688,0.7376,0,0
0.14638772018843,8689,0.7378,0,0
0.14638766319439,8690,0.738,0,0
0.14638760620005,8691,0.7382,0,0
0.14638754920541,8692,0.7384,0,0
0.14638749221049,8693,0.7386,0,0
0.14638743521527,8694,0.7388,0,0
0.14638737821975,8695,0.739,0,0
0.14638732122394,8696,0.7392,0,0
0.14638726422784,8697,0.7394,0,0
0.14638720723144,8698,0.7396,0,0
0.14638715023474,8699,0.7398,0,0
0.14638709323775,8700,0.74,0,0
0.14638703624046,8701,0.7402,0,0
0.14638697924288,8702,0.7404,0,0
0.146386922245,8703,0.7406,0,0
0.14638686524683,8704,0.7408,0,0
0.14638680824835,8705,0.741,0,0
0.14638675124959,8706,0.7412,0,0
0.14638669425052,8707,0.7414,0,0
0.14638663725116,8708,0.7416,0,0
0.1463865802515,8709,0.7418,0,0
0.14638652325154,8710,0.742,0,0
0.14638646625129,8711,0.7422,0,0
0.14638640925074,8712,0.7424,0,0
0.14638635224989,8713,0.7426,0,0
0.14638629524874,8714,0.7428,0,0
0.14638623824729,8715,0.743,0,0
0.14638618124555,8716,0.7432,0,0
0.1463861242435,8717,0.7434,0,0
0.14638606724116,8718,0.7436,0,0
0.14638601023852,8719,0.7438,0,0
0.14638595323558,8720,0.744,0,0
0.14638589623233,8721,0.7442,0,0
0.14638583922879,8722,0.7444,0,0
0.14638578222495,8723,0.7446,0,0
0.14638572522081,8724,0.7448,0,0
0.14638566821637,8725,0.745,0,0
0.14638561121163,8726,0.7452,0,0
0.14638555420659,8727,0.7454,0,0
0.14638549720125,8728,0.7456,0,0
0.1463854401956,8729,0.7458,0,0
0.14638538318966,8730,0.746,0,0
0.14638532618341,8731,0.7462,0,0
0.14638526917686,8732,0.7464,0,0
0.14638521217001,8733,0.7466,0,0
0.14638515516286,8734,0.7468,0,0
0.14638509815541,8735,0.747,0,0
0.14638504114765,8736,0.7472,0,0
0.14638498413959,8737,0.7474,0,0
0.14638492713123,8738,0.7476,0,0
0.14638487012257,8739,0.7478,0,0
0.1463848131136,8740,0.748,0,0
0.14638475610433,8741,0.7482,0,0
0.14638469909475,8742,0.7484,0,0
0.14638464208487,8743,0.7486,0,0
0.14638458507469,8744,0.7488,0,0
0.14638452806421,8745,0.749,0,0
0.14638447105342,8746,0.7492,0,0
0.14638441404232,8747,0.7494,0,0
0.14638435703092,8748,0.7496,0,0
0.14638430001922,8749,0.7498,0,0
0.14638424300721,8750,0.75,0,0
0.14638418599489,8751,0.7502,0,0
0.14638412898228,8752,0.7504,0,0
0.14638407196935,8753,0.7506,0,0
0.14638401495612,8754,0.7508,0,0
0.14638395794258,8755,0.751,0,0
0.14638390092874,8756,0.7512,0,0
0.14638384391459,8757,0.7514,0,0
0.14638378690014,8758,0.7516,0,0
0.14638372988537,8759,0.7518,0,0
0.1463836728703,8760,0.752,0,0
0.14638361585493,8761,0.7522,0,0
0.14638355883924,8762,0.7524,0,0
0.14638350182325,8763,0.7526,0,0
0.14638344480696,8764,0.7528,0,0
0.14638338779035,8765,0.753,0,0
0.14638333077344,8766,0.7532,0,0
0.14638327375621,8767,0.7534,0,0
0.14638321673868,8768,0.7536,0,0
0.14638315972084,8769,0.7538,0,0
0.1463831027027,8770,0.754,0,0
0.14638304568424,8771,0.7542,0,0
0.14638298866547,8772,0.7544,0,0
0.1463829316464,8773,0.7546,0,0
0.14638287462702,8774,0.7548,0,0
0.14638281760732,8775,0.755,0,0
0.14638276058732,8776,0.7552,0,0
0.146382703567,8777,0.7554,0,0
0.14638264654638,8778,0.7556,0,0
0.14638258952545,8779,0.7558,0,0
0.1463825325042,8780,0.756,0,0
0.14638247548265,8781,0.7562,0,0
0.14638241846078,8782,0.7564,0,0
0.1463823614386,8783,0.7566,0,0
0.14638230441611,8784,0.7568,0,0
0.14638224739332,8785,0.757,0,0
0.1463821903702,8786,0.7572,0,0
0.14638213334678,8787,0.7574,0,0
0.14638207632304,8788,0.7576,0,0
0.146382019299,8789,0.7578,0,0
0.14638196227464,8790,0.758,0,0
0.14638190524996,8791,0.7582,0,0
0.14638184822498,8792,0.7584,0,0
0.14638179119968,8793,0.7586,0,0
0.14638173417407,8794,0.7588,0,0
0.14638167714815,8795,0.759,0,0
0.14638162012191,8796,0.7592,0,0
0.14638156309536,8797,0.7594,0,0
0.14638150606849,8798,0.7596,0,0
0.14638144904131,8799,0.7598,0,0
0.14638139201382,8800,0.76,0,0
0.14638133498601,8801,0.7602,0,0
0.14638127795789,8802,0.7604,0,0
0.14638122092945,8803,0.7606,0,0
0.1463811639007,8804,0.7608,0,0
0.14638110687163,8805,0.761,0,0
0.14638104984225,8806,0.7612,0,0
0.14638099281255,8807,0.7614,0,0
0.14638093578254,8808,0.7616,0,0
0.14638087875221,8809,0.7618,0,0
0.14638082172157,8810,0.762,0,0
0.14638076469061,8811,0.7622,0,0
0.14638070765933,8812,0.7624,0,0
0.14638065062773,8813,0.7626,0,0
0.14638059359582,8814,0.7628,0,0
0.1463805365636,8815,0.763,0,0
0.14638047953105,8816,0.7632,0,0
0.14638042249819,8817,0.7634,0,0
0.14638036546501,8818,0.7636,0,0
0.14638030843152,8819,0.7638,0,0
0.1463802513977,8820,0.764,0,0
0.14638019436357,8821,0.7642,0,0
0.14638013732912,8822,0.7644,0,0
0.14638008029435,8823,0.7646,0,0
0.14638002325926,8824,0.7648,0,0
0.14637996622386,8825,0.765,0,0
0.14637990918813,8826,0.7652,0,0
0.14637985215209,8827,0.7654,0,0
0.14637979511573,8828,0.7656,0,0
0.14637973807904,8829,0.7658,0,0
0.14637968104204,8830,0.766,0,0
0.14637962400472,8831,0.7662,0,0
0.14637956696708,8832,0.7664,0,0
0.14637950992912,8833,0.7666,0,0
0.14637945289084,8834,0.7668,0,0
0.14637939585223,8835,0.767,0,0
0.14637933881331,8836,0.7672,0,0
0.14637928177407,8837,0.7674,0,0
0.1463792247345,8838,0.7676,0,0
0.14637916769462,8839,0.7678,0,0
0.14637911065441,8840,0.768,0,0
0.14637905361388,8841,0.7682,0,0
0.14637899657303,8842,0.7684,0,0
0.14637893953186,8843,0.7686,0,0
0.14637888249037,8844,0.7688,0,0
0.14637882544855,8845,0.769,0,0
0.14637876840642,8846,0.7692,0,0
0.14637871136395,8847,0.7694,0,0
0.14637865432117,8848,0.7696,0,0
0.14637859727806,8849,0.7698,0,0
0.14637854023464,8850,0.77,0,0
0.14637848319088,8851,0.7702,0,0
0.14637842614681,8852,0.7704,0,0
0.14637836910241,8853,0.7706,0,0
0.14637831205768,8854,0.7708,0,0
0.14637825501264,8855,0.771,0,0
0.14637819796727,8856,0.7712,0,0
0.14637814092157,8857,0.7714,0,0
0.14637808387555,8858,0.7716,0,0
0.14637802682921,8859,0.7718,0,0
0.14637796978254,8860,0.772,0,0
0.14637791273554,8861,0.7722,0,0
0.14637785568822,8862,0.7724,0,0
0.14637779864058,8863,0.7726,0,0
0.14637774159261,8864,0.7728,0,0
0.14637768454431,8865,0.773,0,0
0.14637762749569,8866,0.7732,0,0
0.14637757044674,8867,0.7734,0,0
0.14637751339747,8868,0.7736,0,0
0.14637745634787,8869,0.7738,0,0
0.14637739929794,8870,0.774,0,0
0.14637734224769,8871,0.7742,0,0
0.14637728519711,8872,0.7744,0,0
0.1463772281462,8873,0.7746,0,0
0.14637717109497,8874,0.7748,0,0
0.14637711404341,8875,0.775,0,0
0.14637705699152,8876,0.7752,0,0
0.1463769999393,8877,0.7754,0,0
0.14637694288676,8878,0.7756,0,0
0.14637688583388,8879,0.7758,0,0
0.14637682878068,8880,0.776,0,0
0.14637677172715,8881,0.7762,0,0
0.14637671467329,8882,0.7764,0,0
0.14637665761911,8883,0.7766,0,0
0.14637660056459,8884,0.7768,0,0
0.14637654350975,8885,0.777,0,0
0.14637648645457,8886,0.7772,0,0
0.14637642939907,8887,0.7774,0,0
0.14637637234324,8888,0.7776,0,0
0.14637631528707,8889,0.7778,0,0
0.14637625823058,8890,0.778,0,0
0.14637620117376,8891,0.7782,0,0
0.1463761441166,8892,0.7784,0,0
0.14637608705912,8893,0.7786,0,0
0.14637603000131,8894,0.7788,0,0
0.14637597294316,8895,0.779,0,0
0.14637591588469,8896,0.7792,0,0
0.14637585882588,8897,0.7794,0,0
0.14637580176674,8898,0.7796,0,0
0.14637574470727,8899,0.7798,0,0
0.14637568764747,8900,0.78,0,0
0.14637563058734,8901,0.7802,0,0
0.14637557352687,8902,0.7804,0,0
0.14637551646607,8903,0.7806,0,0
0.14637545940494,8904,0.7808,0,0
0.14637540234348,8905,0.781,0,0
0.14637534528169,8906,0.7812,0,0
0.14637528821956,8907,0.7814,0,0
0.1463752311571,8908,0.7816,0,0
0.14637517409431,8909,0.7818,0,0
0.14637511703118,8910,0.782,0,0
0.14637505996772,8911,0.7822,0,0
0.14637500290393,8912,0.7824,0,0
0.1463749458398,8913,0.7826,0,0
0.14637488877534,8914,0.7828,0,0
0.14637483171054,8915,0.783,0,0
0.14637477464541,8916,0.7832,0,0
0.14637471757995,8917,0.7834,0,0
0.14637466051415,8918,0.7836,0,0
0.14637460344801,8919,0.7838,0,0
0.14637454638155,8920,0.784,0,0
0.14637448931474,8921,0.7842,0,0
0.1463744322476,8922,0.7844,0,0
0.14637437518013,8923,0.7846,0,0
0.14637431811232,8924,0.7848,0,0
0.14637426104417,8925,0.785,0,0
0.14637420397569,8926,0.7852,0,0
0.14637414690687,8927,0.7854,0,0
0.14637408983772,8928,0.7856,0,0
0.14637403276823,8929,0.7858,0,0
0.1463739756984,8930,0.786,0,0
0.14637391862823,8931,0.7862,0,0
0.14637386155773,8932,0.7864,0,0
0.14637380448689,8933,0.7866,0,0
0.14637374741572,8934,0.7868,0,0
0.14637369034421,8935,0.787,0,0
0.14637363327236,8936,0.7872,0,0
0.14637357620017,8937,0.7874,0,0
0.14637351912764,8938,0.7876,0,0
0.14637346205478,8939,0.7878,0,0
0.14637340498157,8940,0.788,0,0
0.14637334790803,8941,0.7882,0,0
0.14637329083415,8942,0.7884,0,0
0.14637323375994,8943,0.7886,0,0
0.14637317668538,8944,0.7888,0,0
0.14637311961048,8945,0.789,0,0
0.14637306253525,8946,0.7892,0,0
0.14637300545967,8947,0.7894,0,0
0.14637294838376,8948,0.7896,0,0
0.1463728913075,8949,0.7898,0,0
0.14637283423091,8950,0.79,0,0
0.14637277715398,8951,0.7902,0,0
0.1463727200767,8952,0.7904,0,0
0.14637266299909,8953,0.7906,0,0
0.14637260592113,8954,0.7908,0,0
0.14637254884284,8955,0.791,0,0
0.1463724917642,8956,0.7912,0,0
0.14637243468522,8957,0.7914,0,0
0.1463723776059,8958,0.7916,0,0
0.14637232052624,8959,0.7918,0,0
0.14637226344624,8960,0.792,0,0
0.1463722063659,8961,0.7922,0,0
0.14637214928521,8962,0.7924,0,0
0.14637209220419,8963,0.7926,0,0
0.14637203512282,8964,0.7928,0,0
0.14637197804111,8965,0.793,0,0
0.14637192095905,8966,0.7932,0,0
0.14637186387666,8967,0.7934,0,0
0.14637180679392,8968,0.7936,0,0
0.14637174971084,8969,0.7938,0,0
0.14637169262741,8970,0.794,0,0
0.14637163554364,8971,0.7942,0,0
0.14637157845953,8972,0.7944,0,0
0.14637152137508,8973,0.7946,0,0
0.14637146429028,8974,0.7948,0,0
0.14637140720513,8975,0.795,0,0
0.14637135011965,8976,0.7952,0,0
0.14637129303382,8977,0.7954,0,0
0.14637123594764,8978,0.7956,0,0
0.14637117886112,8979,0.7958,0,0
0.14637112177426,8980,0.796,0,0
0.14637106468705,8981,0.7962,0,0
0.14637100759949,8982,0.7964,0,0
0.14637095051159,8983,0.7966,0,0
0.14637089342335,8984,0.7968,0,0
0.14637083633476,8985,0.797,0,0
0.14637077924582,8986,0.7972,0,0
0.14637072215654,8987,0.7974,0,0
0.14637066506691,8988,0.7976,0,0
0.14637060797694,8989,0.7978,0,0
0.14637055088662,8990,0.798,0,0
0.14637049379595,8991,0.7982,0,0
0.14637043670494,8992,0.7984,0,0
0.14637037961358,8993,0.7986,0,0
0.14637032252188,8994,0.7988,0,0
0.14637026542982,8995,0.799,0,0
0.14637020833742,8996,0.7992,0,0
0.14637015124467,8997,0.7994,0,0
0.14637009415158,8998,0.7996,0,0
0.14637003705814,8999,0.7998,0,0
0.14636997996434,9000,0.8,0,0
0.14636992287021,9001,0.8002,0,0
0.14636986577572,9002,0.8004,0,0
0.14636980868088,9003,0.8006,0,0
0.1463697515857,9004,0.8008,0,0
0.14636969449017,9005,0.801,0,0
0.14636963739429,9006,0.8012,0,0
0.14636958029806,9007,0.8014,0,0
0.14636952320148,9008,0.8016,0,0
0.14636946610455,9009,0.8018,0,0
0.14636940900727,9010,0.802,0,0
0.14636935190965,9011,0.8022,0,0
0.14636929481167,9012,0.8024,0,0
0.14636923771335,9013,0.8026,0,0
0.14636918061467,9014,0.8028,0,0
0.14636912351564,9015,0.803,0,0
0.14636906641627,9016,0.8032,0,0
0.14636900931654,9017,0.8034,0,0
0.14636895221646,9018,0.8036,0,0
0.14636889511603,9019,0.8038,0,0
0.14636883801526,9020,0.804,0,0
0.14636878091413,9021,0.8042,0,0
0.14636872381264,9022,0.8044,0,0
0.14636866671081,9023,0.8046,0,0
0.14636860960863,9024,0.8048,0,0
0.14636855250609,9025,0.805,0,0
0.1463684954032,9026,0.8052,0,0
0.14636843829997,9027,0.8054,0,0
0.14636838119637,9028,0.8056,0,0
0.14636832409243,9029,0.8058,0,0
0.14636826698813,9030,0.806,0,0
0.14636820988349,9031,0.8062,0,0
0.14636815277848,9032,0.8064,0,0
0.14636809567313,9033,0.8066,0,0
0.14636803856742,9034,0.8068,0,0
0.14636798146136,9035,0.807,0,0
0.14636792435495,9036,0.8072,0,0
0.14636786724818,9037,0.8074,0,0
0.14636781014106,9038,0.8076,0,0
0.14636775303359,9039,0.8078,0,0
0.14636769592576,9040,0.808,0,0
0.14636763881758,9041,0.8082,0,0
0.14636758170904,9042,0.8084,0,0
0.14636752460015,9043,0.8086,0,0
0.1463674674909,9044,0.8088,0,0
0.1463674103813,9045,0.809,0,0
0.14636735327135,9046,0.8092,0,0
0.14636729616104,9047,0.8094,0,0
0.14636723905038,9048,0.8096,0,0
0.14636718193936,9049,0.8098,0,0
0.14636712482798,9050,0.81,0,0
0.14636706771625,9051,0.8102,0,0
0.14636701060416,9052,0.8104,0,0
0.14636695349172,9053,0.8106,0,0
0.14636689637892,9054,0.8108,0,0
0.14636683926577,9055,0.811,0,0
0.14636678215226,9056,0.8112,0,0
0.14636672503839,9057,0.8114,0,0
0.14636666792417,9058,0.8116,0,0
0.14636661080959,9059,0.8118,0,0
0.14636655369465,9060,0.812,0,0
0.14636649657935,9061,0.8122,0,0
0.1463664394637,9062,0.8124,0,0
0.14636638234769,9063,0.8126,0,0
0.14636632523133,9064,0.8128,0,0
0.1463662681146,9065,0.813,0,0
0.14636621099752,9066,0.8132,0,0
0.14636615388008,9067,0.8134,0,0
0.14636609676229,9068,0.8136,0,0
0.14636603964413,9069,0.8138,0,0
0.14636598252562,9070,0.814,0,0
0.14636592540674,9071,0.8142,0,0
0.14636586828751,9072,0.8144,0,0
0.14636581116792,9073,0.8146,0,0
0.14636575404797,9074,0.8148,0,0
0.14636569692767,9075,0.815,0,0
0.146365639807,9076,0.8152,0,0
0.14636558268597,9077,0.8154,0,0
0.14636552556459,9078,0.8156,0,0
0.14636546844284,9079,0.8158,0,0
0.14636541132074,9080,0.816,0,0
0.14636535419827,9081,0.8162,0,0
0.14636529707545,9082,0.8164,0,0
0.14636523995226,9083,0.8166,0,0
0.14636518282872,9084,0.8168,0,0
0.14636512570481,9085,0.817,0,0
0.14636506858054,9086,0.8172,0,0
0.14636501145592,9087,0.8174,0,0
0.14636495433093,9088,0.8176,0,0
0.14636489720558,9089,0.8178,0,0
0.14636484007987,9090,0.818,0,0
0.14636478295379,9091,0.8182,0,0
0.14636472582736,9092,0.8184,0,0
0.14636466870057,9093,0.8186,0,0
0.14636461157341,9094,0.8188,0,0
0.14636455444589,9095,0.819,0,0
0.14636449731801,9096,0.8192,0,0
0.14636444018977,9097,0.8194,0,0
0.14636438306116,9098,0.8196,0,0
0.14636432593219,9099,0.8198,0,0
0.14636426880286,9100,0.82,0,0
0.14636421167317,9101,0.8202,0,0
0.14636415454311,9102,0.8204,0,0
0.14636409741269,9103,0.8206,0,0
0.14636404028191,9104,0.8208,0,0
0.14636398315076,9105,0.821,0,0
0.14636392601925,9106,0.8212,0,0
0.14636386888738,9107,0.8214,0,0
0.14636381175514,9108,0.8216,0,0
0.14636375462254,9109,0.8218,0,0
0.14636369748958,9110,0.822,0,0
0.14636364035625,9111,0.8222,0,0
0.14636358322256,9112,0.8224,0,0
0.1463635260885,9113,0.8226,0,0
0.14636346895408,9114,0.8228,0,0
0.14636341181929,9115,0.823,0,0
0.14636335468414,9116,0.8232,0,0
0.14636329754862,9117,0.8234,0,0
0.14636324041274,9118,0.8236,0,0
0.14636318327649,9119,0.8238,0,0
0.14636312613988,9120,0.824,0,0
0.1463630690029,9121,0.8242,0,0
0.14636301186556,9122,0.8244,0,0
0.14636295472785,9123,0.8246,0,0
0.14636289758977,9124,0.8248,0,0
0.14636284045133,9125,0.825,0,0
0.14636278331252,9126,0.8252,0,0
0.14636272617335,9127,0.8254,0,0
0.14636266903381,9128,0.8256,0,0
0.1463626118939,9129,0.8258,0,0
0.14636255475362,9130,0.826,0,0
0.14636249761298,9131,0.8262,0,0
0.14636244047197,9132,0.8264,0,0
0.1463623833306,9133,0.8266,0,0
0.14636232618885,9134,0.8268,0,0
0.14636226904674,9135,0.827,0,0
0.14636221190426,9136,0.8272,0,0
0.14636215476142,9137,0.8274,0,0
0.1463620976182,9138,0.8276,0,0
0.14636204047462,9139,0.8278,0,0
0.14636198333067,9140,0.828,0,0
0.14636192618635,9141,0.8282,0,0
0.14636186904167,9142,0.8284,0,0
0.14636181189661,9143,0.8286,0,0
0.14636175475119,9144,0.8288,0,0
0.14636169760539,9145,0.829,0,0
0.14636164045923,9146,0.8292,0,0
0.1463615833127,9147,0.8294,0,0
0.1463615261658,9148,0.8296,0,0
0.14636146901853,9149,0.8298,0,0
0.14636141187089,9150,0.83,0,0
0.14636135472288,9151,0.8302,0,0
0.1463612975745,9152,0.8304,0,0
0.14636124042575,9153,0.8306,0,0
0.14636118327663,9154,0.8308,0,0
0.14636112612715,9155,0.831,0,0
0.14636106897729,9156,0.8312,0,0
0.14636101182706,9157,0.8314,0,0
0.14636095467646,9158,0.8316,0,0
0.14636089752548,9159,0.8318,0,0
0.14636084037414,9160,0.832,0,0
0.14636078322243,9161,0.8322,0,0
0.14636072607035,9162,0.8324,0,0
0.14636066891789,9163,0.8326,0,0
0.14636061176506,9164,0.8328,0,0
0.14636055461187,9165,0.833,0,0
0.1463604974583,9166,0.8332,0,0
0.14636044030435,9167,0.8334,0,0
0.14636038315004,9168,0.8336,0,0
0.14636032599535,9169,0.8338,0,0
0.1463602688403,9170,0.834,0,0
0.14636021168487,9171,0.8342,0,0
0.14636015452906,9172,0.8344,0,0
0.14636009737289,9173,0.8346,0,0
0.14636004021634,9174,0.8348,0,0
0.14635998305942,9175,0.835,0,0
0.14635992590212,9176,0.8352,0,0
0.14635986874446,9177,0.8354,0,0
0.14635981158642,9178,0.8356,0,0
0.146359754428,9179,0.8358,0,0
0.14635969726922,9180,0.836,0,0
0.14635964011006,9181,0.8362,0,0
0.14635958295052,9182,0.8364,0,0
0.14635952579061,9183,0.8366,0,0
0.14635946863033,9184,0.8368,0,0
0.14635941146968,9185,0.837,0,0
0.14635935430864,9186,0.8372,0,0
0.14635929714724,9187,0.8374,0,0
0.14635923998546,9188,0.8376,0,0
0.14635918282331,9189,0.8378,0,0
0.14635912566078,9190,0.838,0,0
0.14635906849787,9191,0.8382,0,0
0.14635901133459,9192,0.8384,0,0
0.14635895417094,9193,0.8386,0,0
0.14635889700691,9194,0.8388,0,0
0.1463588398425,9195,0.839,0,0
0.14635878267772,9196,0.8392,0,0
0.14635872551257,9197,0.8394,0,0
0.14635866834704,9198,0.8396,0,0
0.14635861118113,9199,0.8398,0,0
0.14635855401484,9200,0.84,0,0
0.14635849684818,9201,0.8402,0,0
0.14635843968115,9202,0.8404,0,0
0.14635838251373,9203,0.8406,0,0
0.14635832534595,9204,0.8408,0,0
0.14635826817778,9205,0.841,0,0
0.14635821100924,9206,0.8412,0,0
0.14635815384032,9207,0.8414,0,0
0.14635809667102,9208,0.8416,0,0
0.14635803950134,9209,0.8418,0,0
0.14635798233129,9210,0.842,0,0
0.14635792516086,9211,0.8422,0,0
0.14635786799006,9212,0.8424,0,0
0.14635781081887,9213,0.8426,0,0
0.14635775364731,9214,0.8428,0,0
0.14635769647537,9215,0.843,0,0
0.14635763930305,9216,0.8432,0,0
0.14635758213036,9217,0.8434,0,0
0.14635752495728,9218,0.8436,0,0
0.14635746778383,9219,0.8438,0,0
0.14635741061,9220,0.844,0,0
0.14635735343579,9221,0.8442,0,0
0.1463572962612,9222,0.8444,0,0
0.14635723908623,9223,0.8446,0,0
0.14635718191088,9224,0.8448,0,0
0.14635712473515,9225,0.845,0,0
0.14635706755905,9226,0.8452,0,0
0.14635701038256,9227,0.8454,0,0
0.1463569532057,9228,0.8456,0,0
0.14635689602845,9229,0.8458,0,0
0.14635683885083,9230,0.846,0,0
0.14635678167283,9231,0.8462,0,0
0.14635672449444,9232,0.8464,0,0
0.14635666731568,9233,0.8466,0,0
0.14635661013653,9234,0.8468,0,0
0.14635655295701,9235,0.847,0,0
0.1463564957771,9236,0.8472,0,0
0.14635643859681,9237,0.8474,0,0
0.14635638141615,9238,0.8476,0,0
0.1463563242351,9239,0.8478,0,0
0.14635626705367,9240,0.848,0,0
0.14635620987186,9241,0.8482,0,0
0.14635615268967,9242,0.8484,0,0
0.14635609550709,9243,0.8486,0,0
0.14635603832414,9244,0.8488,0,0
0.1463559811408,9245,0.849,0,0
0.14635592395708,9246,0.8492,0,0
0.14635586677298,9247,0.8494,0,0
0.1463558095885,9248,0.8496,0,0
0.14635575240364,9249,0.8498,0,0
0.14635569521839,9250,0.85,0,0
0.14635563803276,9251,0.8502,0,0
0.14635558084675,9252,0.8504,0,0
0.14635552366036,9253,0.8506,0,0
0.14635546647358,9254,0.8508,0,0
0.14635540928642,9255,0.851,0,0
0.14635535209888,9256,0.8512,0,0
0.14635529491096,9257,0.8514,0,0
0.14635523772265,9258,0.8516,0,0
0.14635518053395,9259,0.8518,0,0
0.14635512334488,9260,0.852,0,0
0.14635506615542,9261,0.8522,0,0
0.14635500896558,9262,0.8524,0,0
0.14635495177535,9263,0.8526,0,0
0.14635489458474,9264,0.8528,0,0
0.14635483739375,9265,0.853,0,0
0.14635478020237,9266,0.8532,0,0
0.14635472301061,9267,0.8534,0,0
0.14635466581846,9268,0.8536,0,0
0.14635460862593,9269,0.8538,0,0
0.14635455143301,9270,0.854,0,0
0.14635449423971,9271,0.8542,0,0
0.14635443704603,9272,0.8544,0,0
0.14635437985195,9273,0.8546,0,0
0.1463543226575,9274,0.8548,0,0
0.14635426546266,9275,0.855,0,0
0.14635420826743,9276,0.8552,0,0
0.14635415107182,9277,0.8554,0,0
0.14635409387582,9278,0.8556,0,0
0.14635403667944,9279,0.8558,0,0
0.14635397948267,9280,0.856,0,0
0.14635392228552,9281,0.8562,0,0
0.14635386508798,9282,0.8564,0,0
0.14635380789005,9283,0.8566,0,0
0.14635375069174,9284,0.8568,0,0
0.14635369349304,9285,0.857,0,0
0.14635363629395,9286,0.8572,0,0
0.14635357909448,9287,0.8574,0,0
0.14635352189462,9288,0.8576,0,0
0.14635346469438,9289,0.8578,0,0
0.14635340749374,9290,0.858,0,0
0.14635335029272,9291,0.8582,0,0
0.14635329309132,9292,0.8584,0,0
0.14635323588952,9293,0.8586,0,0
0.14635317868734,9294,0.8588,0,0
0.14635312148477,9295,0.859,0,0
0.14635306428182,9296,0.8592,0,0
0.14635300707847,9297,0.8594,0,0
0.14635294987474,9298,0.8596,0,0
0.14635289267062,9299,0.8598,0,0
0.14635283546611,9300,0.86,0,0
0.14635277826121,9301,0.8602,0,0
0.14635272105593,9302,0.8604,0,0
0.14635266385026,9303,0.8606,0,0
0.1463526066442,9304,0.8608,0,0
0.14635254943775,9305,0.861,0,0
0.14635249223091,9306,0.8612,0,0
0.14635243502368,9307,0.8614,0,0
0.14635237781606,9308,0.8616,0,0
0.14635232060806,9309,0.8618,0,0
0.14635226339966,9310,0.862,0,0
0.14635220619088,9311,0.8622,0,0
0.14635214898171,9312,0.8624,0,0
0.14635209177214,9313,0.8626,0,0
0.14635203456219,9314,0.8628,0,0
0.14635197735185,9315,0.863,0,0
0.14635192014112,9316,0.8632,0,0
0.14635186292999,9317,0.8634,0,0
0.14635180571848,9318,0.8636,0,0
0.14635174850658,9319,0.8638,0,0
0.14635169129429,9320,0.864,0,0
0.1463516340816,9321,0.8642,0,0
0.14635157686853,9322,0.8644,0,0
0.14635151965507,9323,0.8646,0,0
0.14635146244121,9324,0.8648,0,0
0.14635140522697,9325,0.865,0,0
0.14635134801233,9326,0.8652,0,0
0.1463512907973,9327,0.8654,0,0
0.14635123358188,9328,0.8656,0,0
0.14635117636608,9329,0.8658,0,0
0.14635111914987,9330,0.866,0,0
0.14635106193328,9331,0.8662,0,0
0.1463510047163,9332,0.8664,0,0
0.14635094749892,9333,0.8666,0,0
0.14635089028115,9334,0.8668,0,0
0.14635083306299,9335,0.867,0,0
0.14635077584444,9336,0.8672,0,0
0.1463507186255,9337,0.8674,0,0
0.14635066140616,9338,0.8676,0,0
0.14635060418644,9339,0.8678,0,0
0.14635054696631,9340,0.868,0,0
0.1463504897458,9341,0.8682,0,0
0.1463504325249,9342,0.8684,0,0
0.1463503753036,9343,0.8686,0,0
0.14635031808191,9344,0.8688,0,0
0.14635026085982,9345,0.869,0,0
0.14635020363734,9346,0.8692,0,0
0.14635014641447,9347,0.8694,0,0
0.14635008919121,9348,0.8696,0,0
0.14635003196755,9349,0.8698,0,0
0.1463499747435,9350,0.87,0,0
0.14634991751906,9351,0.8702,0,0
0.14634986029422,9352,0.8704,0,0
0.14634980306899,9353,0.8706,0,0
0.14634974584336,9354,0.8708,0,0
0.14634968861734,9355,0.871,0,0
0.14634963139093,9356,0.8712,0,0
0.14634957416412,9357,0.8714,0,0
0.14634951693692,9358,0.8716,0,0
0.14634945970932,9359,0.8718,0,0
0.14634940248133,9360,0.872,0,0
0.14634934525294,9361,0.8722,0,0
0.14634928802416,9362,0.8724,0,0
0.14634923079499,9363,0.8726,0,0
0.14634917356542,9364,0.8728,0,0
0.14634911633545,9365,0.873,0,0
0.14634905910509,9366,0.8732,0,0
0.14634900187434,9367,0.8734,0,0
0.14634894464319,9368,0.8736,0,0
0.14634888741164,9369,0.8738,0,0
0.1463488301797,9370,0.874,0,0
0.14634877294736,9371,0.8742,0,0
0.14634871571463,9372,0.8744,0,0
0.1463486584815,9373,0.8746,0,0
0.14634860124797,9374,0.8748,0,0
0.14634854401405,9375,0.875,0,0
0.14634848677973,9376,0.8752,0,0
0.14634842954502,9377,0.8754,0,0
0.14634837230991,9378,0.8756,0,0
0.1463483150744,9379,0.8758,0,0
0.1463482578385,9380,0.876,0,0
0.1463482006022,9381,0.8762,0,0
0.1463481433655,9382,0.8764,0,0
0.14634808612841,9383,0.8766,0,0
0.14634802889092,9384,0.8768,0,0
0.14634797165303,9385,0.877,0,0
0.14634791441475,9386,0.8772,0,0
0.14634785717606,9387,0.8774,0,0
0.14634779993698,9388,0.8776,0,0
0.14634774269751,9389,0.8778,0,0
0.14634768545763,9390,0.878,0,0
0.14634762821736,9391,0.8782,0,0
0.14634757097669,9392,0.8784,0,0
0.14634751373562,9393,0.8786,0,0
0.14634745649416,9394,0.8788,0,0
0.14634739925229,9395,0.879,0,0
0.14634734201003,9396,0.8792,0,0
0.14634728476737,9397,0.8794,0,0
0.14634722752431,9398,0.8796,0,0
0.14634717028086,9399,0.8798,0,0
0.146347113037,9400,0.88,0,0
0.14634705579275,9401,0.8802,0,0
0.1463469985481,9402,0.8804,0,0
0.14634694130304,9403,0.8806,0,0
0.14634688405759,9404,0.8808,0,0
0.14634682681175,9405,0.881,0,0
0.1463467695655,9406,0.8812,0,0
0.14634671231885,9407,0.8814,0,0
0.1463466550718,9408,0.8816,0,0
0.14634659782436,9409,0.8818,0,0
0.14634654057651,9410,0.882,0,0
0.14634648332826,9411,0.8822,0,0
0.14634642607962,9412,0.8824,0,0
0.14634636883057,9413,0.8826,0,0
0.14634631158113,9414,0.8828,0,0
0.14634625433128,9415,0.883,0,0
0.14634619708104,9416,0.8832,0,0
0.14634613983039,9417,0.8834,0,0
0.14634608257935,9418,0.8836,0,0
0.1463460253279,9419,0.8838,0,0
0.14634596807606,9420,0.884,0,0
0.14634591082381,9421,0.8842,0,0
0.14634585357116,9422,0.8844,0,0
0.14634579631811,9423,0.8846,0,0
0.14634573906467,9424,0.8848,0,0
0.14634568181082,9425,0.885,0,0
0.14634562455657,9426,0.8852,0,0
0.14634556730191,9427,0.8854,0,0
0.14634551004686,9428,0.8856,0,0
0.14634545279141,9429,0.8858,0,0
0.14634539553555,9430,0.886,0,0
0.14634533827929,9431,0.8862,0,0
0.14634528102263,9432,0.8864,0,0
0.14634522376557,9433,0.8866,0,0
0.14634516650811,9434,0.8868,0,0
0.14634510925025,9435,0.887,0,0
0.14634505199198,9436,0.8872,0,0
0.14634499473331,9437,0.8874,0,0
0.14634493747424,9438,0.8876,0,0
0.14634488021477,9439,0.8878,0,0
0.1463448229549,9440,0.888,0,0
0.14634476569462,9441,0.8882,0,0
0.14634470843394,9442,0.8884,0,0
0.14634465117286,9443,0.8886,0,0
0.14634459391137,9444,0.8888,0,0
0.14634453664949,9445,0.889,0,0
0.1463444793872,9446,0.8892,0,0
0.1463444221245,9447,0.8894,0,0
0.14634436486141,9448,0.8896,0,0
0.14634430759791,9449,0.8898,0,0
0.146344250334,9450,0.89,0,0
0.1463441930697,9451,0.8902,0,0
0.14634413580499,9452,0.8904,0,0
0.14634407853988,9453,0.8906,0,0
0.14634402127436,9454,0.8908,0,0
0.14634396400844,9455,0.891,0,0
0.14634390674212,9456,0.8912,0,0
0.14634384947539,9457,0.8914,0,0
0.14634379220826,9458,0.8916,0,0
0.14634373494072,9459,0.8918,0,0
0.14634367767278,9460,0.892,0,0
0.14634362040444,9461,0.8922,0,0
0.14634356313569,9462,0.8924,0,0
0.14634350586654,9463,0.8926,0,0
0.14634344859698,9464,0.8928,0,0
0.14634339132702,9465,0.893,0,0
0.14634333405665,9466,0.8932,0,0
0.14634327678588,9467,0.8934,0,0
0.14634321951471,9468,0.8936,0,0
0.14634316224313,9469,0.8938,0,0
0.14634310497114,9470,0.894,0,0
0.14634304769875,9471,0.8942,0,0
0.14634299042596,9472,0.8944,0,0
0.14634293315276,9473,0.8946,0,0
0.14634287587915,9474,0.8948,0,0
0.14634281860514,9475,0.895,0,0
0.14634276133072,9476,0.8952,0,0
0.1463427040559,9477,0.8954,0,0
0.14634264678067,9478,0.8956,0,0
0.14634258950504,9479,0.8958,0,0
0.146342532229,9480,0.896,0,0
0.14634247495255,9481,0.8962,0,0
0.1463424176757,9482,0.8964,0,0
0.14634236039844,9483,0.8966,0,0
0.14634230312078,9484,0.8968,0,0
0.14634224584271,9485,0.897,0,0
0.14634218856423,9486,0.8972,0,0
0.14634213128535,9487,0.8974,0,0
0.14634207400606,9488,0.8976,0,0
0.14634201672637,9489,0.8978,0,0
0.14634195944626,9490,0.898,0,0
0.14634190216576,9491,0.8982,0,0
0.14634184488484,9492,0.8984,0,0
0.14634178760352,9493,0.8986,0,0
0.14634173032179,9494,0.8988,0,0
0.14634167303965,9495,0.899,0,0
0.14634161575711,9496,0.8992,0,0
0.14634155847416,9497,0.8994,0,0
0.1463415011908,9498,0.8996,0,0
0.14634144390703,9499,0.8998,0,0
0.14634138662286,9500,0.9,0,0
0.14634132933828,9501,0.9002,0,0
0.14634127205329,9502,0.9004,0,0
0.14634121476789,9503,0.9006,0,0
0.14634115748209,9504,0.9008,0,0
0.14634110019588,9505,0.901,0,0
0.14634104290926,9506,0.9012,0,0
0.14634098562223,9507,0.9014,0,0
0.14634092833479,9508,0.9016,0,0
0.14634087104695,9509,0.9018,0,0
0.14634081375869,9510,0.902,0,0
0.14634075647003,9511,0.9022,0,0
0.14634069918096,9512,0.9024,0,0
0.14634064189149,9513,0.9026,0,0
0.1463405846016,9514,0.9028,0,0
0.1463405273113,9515,0.903,0,0
0.1463404700206,9516,0.9032,0,0
0.14634041272949,9517,0.9034,0,0
0.14634035543797,9518,0.9036,0,0
0.14634029814603,9519,0.9038,0,0
0.14634024085369,9520,0.904,0,0
0.14634018356095,9521,0.9042,0,0
0.14634012626779,9522,0.9044,0,0
0.14634006897422,9523,0.9046,0,0
0.14634001168024,9524,0.9048,0,0
0.14633995438586,9525,0.905,0,0
0.14633989709106,9526,0.9052,0,0
0.14633983979585,9527,0.9054,0,0
0.14633978250024,9528,0.9056,0,0
0.14633972520421,9529,0.9058,0,0
0.14633966790778,9530,0.906,0,0
0.14633961061093,9531,0.9062,0,0
0.14633955331368,9532,0.9064,0,0
0.14633949601601,9533,0.9066,0,0
0.14633943871794,9534,0.9068,0,0
0.14633938141945,9535,0.907,0,0
0.14633932412056,9536,0.9072,0,0
0.14633926682125,9537,0.9074,0,0
0.14633920952154,9538,0.9076,0,0
0.14633915222141,9539,0.9078,0,0
0.14633909492087,9540,0.908,0,0
0.14633903761992,9541,0.9082,0,0
0.14633898031856,9542,0.9084,0,0
0.14633892301679,9543,0.9086,0,0
0.14633886571461,9544,0.9088,0,0
0.14633880841202,9545,0.909,0,0
0.14633875110902,9546,0.9092,0,0
0.1463386938056,9547,0.9094,0,0
0.14633863650178,9548,0.9096,0,0
0.14633857919754,9549,0.9098,0,0
0.14633852189289,9550,0.91,0,0
0.14633846458783,9551,0.9102,0,0
0.14633840728236,9552,0.9104,0,0
0.14633834997648,9553,0.9106,0,0
0.14633829267019,9554,0.9108,0,0
0.14633823536348,9555,0.911,0,0
0.14633817805636,9556,0.9112,0,0
0.14633812074883,9557,0.9114,0,0
0.14633806344089,9558,0.9116,0,0
0.14633800613254,9559,0.9118,0,0
0.14633794882377,9560,0.912,0,0
0.14633789151459,9561,0.9122,0,0
0.146337834205,9562,0.9124,0,0
0.146337776895,9563,0.9126,0,0
0.14633771958459,9564,0.9128,0,0
0.14633766227376,9565,0.913,0,0
0.14633760496252,9566,0.9132,0,0
0.14633754765087,9567,0.9134,0,0
0.1463374903388,9568,0.9136,0,0
0.14633743302633,9569,0.9138,0,0
0.14633737571343,9570,0.914,0,0
0.14633731840013,9571,0.9142,0,0
0.14633726108642,9572,0.9144,0,0
0.14633720377229,9573,0.9146,0,0
0.14633714645774,9574,0.9148,0,0
0.14633708914279,9575,0.915,0,0
0.14633703182742,9576,0.9152,0,0
0.14633697451164,9577,0.9154,0,0
0.14633691719544,9578,0.9156,0,0
0.14633685987883,9579,0.9158,0,0
0.14633680256181,9580,0.916,0,0
0.14633674524437,9581,0.9162,0,0
0.14633668792653,9582,0.9164,0,0
0.14633663060826,9583,0.9166,0,0
0.14633657328959,9584,0.9168,0,0
0.14633651597049,9585,0.917,0,0
0.14633645865099,9586,0.9172,0,0
0.14633640133107,9587,0.9174,0,0
0.14633634401074,9588,0.9176,0,0
0.14633628668999,9589,0.9178,0,0
0.14633622936883,9590,0.918,0,0
0.14633617204725,9591,0.9182,0,0
0.14633611472526,9592,0.9184,0,0
0.14633605740286,9593,0.9186,0,0
0.14633600008004,9594,0.9188,0,0
0.14633594275681,9595,0.919,0,0
0.14633588543316,9596,0.9192,0,0
0.1463358281091,9597,0.9194,0,0
0.14633577078462,9598,0.9196,0,0
0.14633571345973,9599,0.9198,0,0
0.14633565613442,9600,0.92,0,0
0.1463355988087,9601,0.9202,0,0
0.14633554148257,9602,0.9204,0,0
0.14633548415601,9603,0.9206,0,0
0.14633542682905,9604,0.9208,0,0
0.14633536950167,9605,0.921,0,0
0.14633531217387,9606,0.9212,0,0
0.14633525484566,9607,0.9214,0,0
0.14633519751703,9608,0.9216,0,0
0.14633514018799,9609,0.9218,0,0
0.14633508285853,9610,0.922,0,0
0.14633502552865,9611,0.9222,0,0
0.14633496819836,9612,0.9224,0,0
0.14633491086766,9613,0.9226,0,0
0.14633485353654,9614,0.9228,0,0
0.146334796205,9615,0.923,0,0
0.14633473887305,9616,0.9232,0,0
0.14633468154068,9617,0.9234,0,0
0.14633462420789,9618,0.9236,0,0
0.14633456687469,9619,0.9238,0,0
0.14633450954108,9620,0.924,0,0
0.14633445220704,9621,0.9242,0,0
0.14633439487259,9622,0.9244,0,0
0.14633433753773,9623,0.9246,0,0
0.14633428020244,9624,0.9248,0,0
0.14633422286675,9625,0.925,0,0
0.14633416553063,9626,0.9252,0,0
0.1463341081941,9627,0.9254,0,0
0.14633405085715,9628,0.9256,0,0
0.14633399351979,9629,0.9258,0,0
0.146333936182,9630,0.926,0,0
0.14633387884381,9631,0.9262,0,0
0.14633382150519,9632,0.9264,0,0
0.14633376416616,9633,0.9266,0,0
0.14633370682671,9634,0.9268,0,0
0.14633364948684,9635,0.927,0,0
0.14633359214656,9636,0.9272,0,0
0.14633353480586,9637,0.9274,0,0
0.14633347746474,9638,0.9276,0,0
0.14633342012321,9639,0.9278,0,0
0.14633336278125,9640,0.928,0,0
0.14633330543888,9641,0.9282,0,0
0.1463332480961,9642,0.9284,0,0
0.14633319075289,9643,0.9286,0,0
0.14633313340927,9644,0.9288,0,0
0.14633307606523,9645,0.929,0,0
0.14633301872077,9646,0.9292,0,0
0.14633296137589,9647,0.9294,0,0
0.1463329040306,9648,0.9296,0,0
0.14633284668489,9649,0.9298,0,0
0.14633278933876,9650,0.93,0,0
0.14633273199221,9651,0.9302,0,0
0.14633267464525,9652,0.9304,0,0
0.14633261729787,9653,0.9306,0,0
0.14633255995006,9654,0.9308,0,0
0.14633250260184,9655,0.931,0,0
0.14633244525321,9656,0.9312,0,0
0.14633238790415,9657,0.9314,0,0
0.14633233055468,9658,0.9316,0,0
0.14633227320478,9659,0.9318,0,0
0.14633221585447,9660,0.932,0,0
0.14633215850374,9661,0.9322,0,0
0.14633210115259,9662,0.9324,0,0
0.14633204380102,9663,0.9326,0,0
0.14633198644904,9664,0.9328,0,0
0.14633192909663,9665,0.933,0,0
0.14633187174381,9666,0.9332,0,0
0.14633181439057,9667,0.9334,0,0
0.14633175703691,9668,0.9336,0,0
0.14633169968283,9669,0.9338,0,0
0.14633164232833,9670,0.934,0,0
0.14633158497341,9671,0.9342,0,0
0.14633152761807,9672,0.9344,0,0
0.14633147026231,9673,0.9346,0,0
0.14633141290614,9674,0.9348,0,0
0.14633135554954,9675,0.935,0,0
0.14633129819253,9676,0.9352,0,0
0.14633124083509,9677,0.9354,0,0
0.14633118347724,9678,0.9356,0,0
0.14633112611896,9679,0.9358,0,0
0.14633106876027,9680,0.936,0,0
0.14633101140116,9681,0.9362,0,0
0.14633095404163,9682,0.9364,0,0
0.14633089668167,9683,0.9366,0,0
0.1463308393213,9684,0.9368,0,0
0.14633078196051,9685,0.937,0,0
0.1463307245993,9686,0.9372,0,0
0.14633066723767,9687,0.9374,0,0
0.14633060987561,9688,0.9376,0,0
0.14633055251314,9689,0.9378,0,0
0.14633049515025,9690,0.938,0,0
0.14633043778694,9691,0.9382,0,0
0.14633038042321,9692,0.9384,0,0
0.14633032305905,9693,0.9386,0,0
0.14633026569448,9694,0.9388,0,0
0.14633020832949,9695,0.939,0,0
0.14633015096408,9696,0.9392,0,0
0.14633009359824,9697,0.9394,0,0
0.14633003623199,9698,0.9396,0,0
0.14632997886531,9699,0.9398,0,0
0.14632992149822,9700,0.94,0,0
0.1463298641307,9701,0.9402,0,0
0.14632980676276,9702,0.9404,0,0
0.14632974939441,9703,0.9406,0,0
0.14632969202563,9704,0.9408,0,0
0.14632963465643,9705,0.941,0,0
0.14632957728681,9706,0.9412,0,0
0.14632951991677,9707,0.9414,0,0
0.1463294625463,9708,0.9416,0,0
0.14632940517542,9709,0.9418,0,0
0.14632934780412,9710,0.942,0,0
0.14632929043239,9711,0.9422,0,0
0.14632923306024,9712,0.9424,0,0
0.14632917568768,9713,0.9426,0,0
0.14632911831469,9714,0.9428,0,0
0.14632906094128,9715,0.943,0,0
0.14632900356745,9716,0.9432,0,0
0.14632894619319,9717,0.9434,0,0
0.14632888881852,9718,0.9436,0,0
0.14632883144342,9719,0.9438,0,0
0.1463287740679,9720,0.944,0,0
0.14632871669196,9721,0.9442,0,0
0.1463286593156,9722,0.9444,0,0
0.14632860193882,9723,0.9446,0,0
0.14632854456162,9724,0.9448,0,0
0.14632848718399,9725,0.945,0,0
0.14632842980594,9726,0.9452,0,0
0.14632837242747,9727,0.9454,0,0
0.14632831504858,9728,0.9456,0,0
0.14632825766926,9729,0.9458,0,0
0.14632820028953,9730,0.946,0,0
0.14632814290937,9731,0.9462,0,0
0.14632808552879,9732,0.9464,0,0
0.14632802814779,9733,0.9466,0,0
0.14632797076636,9734,0.9468,0,0
0.14632791338452,9735,0.947,0,0
0.14632785600225,9736,0.9472,0,0
0.14632779861956,9737,0.9474,0,0
0.14632774123644,9738,0.9476,0,0
0.14632768385291,9739,0.9478,0,0
0.14632762646895,9740,0.948,0,0
0.14632756908457,9741,0.9482,0,0
0.14632751169976,9742,0.9484,0,0
0.14632745431454,9743,0.9486,0,0
0.14632739692889,9744,0.9488,0,0
0.14632733954282,9745,0.949,0,0
0.14632728215632,9746,0.9492,0,0
0.1463272247694,9747,0.9494,0,0
0.14632716738207,9748,0.9496,0,0
0.1463271099943,9749,0.9498,0,0
0.14632705260612,9750,0.95,0,0
0.14632699521751,9751,0.9502,0,0
0.14632693782848,9752,0.9504,0,0
0.14632688043902,9753,0.9506,0,0
0.14632682304915,9754,0.9508,0,0
0.14632676565884,9755,0.951,0,0
0.14632670826812,9756,0.9512,0,0
0.14632665087697,9757,0.9514,0,0
0.1463265934854,9758,0.9516,0,0
0.14632653609341,9759,0.9518,0,0
0.14632647870099,9760,0.952,0,0
0.14632642130815,9761,0.9522,0,0
0.14632636391489,9762,0.9524,0,0
0.1463263065212,9763,0.9526,0,0
0.14632624912709,9764,0.9528,0,0
0.14632619173256,9765,0.953,0,0
0.1463261343376,9766,0.9532,0,0
0.14632607694222,9767,0.9534,0,0
0.14632601954642,9768,0.9536,0,0
0.14632596215019,9769,0.9538,0,0
0.14632590475354,9770,0.954,0,0
0.14632584735646,9771,0.9542,0,0
0.14632578995897,9772,0.9544,0,0
0.14632573256104,9773,0.9546,0,0
0.1463256751627,9774,0.9548,0,0
0.14632561776393,9775,0.955,0,0
0.14632556036473,9776,0.9552,0,0
0.14632550296511,9777,0.9554,0,0
0.14632544556507,9778,0.9556,0,0
0.1463253881646,9779,0.9558,0,0
0.14632533076371,9780,0.956,0,0
0.1463252733624,9781,0.9562,0,0
0.14632521596066,9782,0.9564,0,0
0.1463251585585,9783,0.9566,0,0
0.14632510115591,9784,0.9568,0,0
0.1463250437529,9785,0.957,0,0
0.14632498634947,9786,0.9572,0,0
0.14632492894561,9787,0.9574,0,0
0.14632487154132,9788,0.9576,0,0
0.14632481413661,9789,0.9578,0,0
0.14632475673148,9790,0.958,0,0
0.14632469932592,9791,0.9582,0,0
0.14632464191994,9792,0.9584,0,0
0.14632458451354,9793,0.9586,0,0
0.14632452710671,9794,0.9588,0,0
0.14632446969945,9795,0.959,0,0
0.14632441229177,9796,0.9592,0,0
0.14632435488367,9797,0.9594,0,0
0.14632429747514,9798,0.9596,0,0
0.14632424006618,9799,0.9598,0,0
0.1463241826568,9800,0.96,0,0
0.146324125247,9801,0.9602,0,0
0.14632406783677,9802,0.9604,0,0
0.14632401042612,9803,0.9606,0,0
0.14632395301504,9804,0.9608,0,0
0.14632389560354,9805,0.961,0,0
0.14632383819161,9806,0.9612,0,0
0.14632378077926,9807,0.9614,0,0
0.14632372336648,9808,0.9616,0,0
0.14632366595328,9809,0.9618,0,0
0.14632360853965,9810,0.962,0,0
0.1463235511256,9811,0.9622,0,0
0.14632349371112,9812,0.9624,0,0
0.14632343629622,9813,0.9626,0,0
0.14632337888089,9814,0.9628,0,0
0.14632332146513,9815,0.963,0,0
0.14632326404896,9816,0.9632,0,0
0.14632320663235,9817,0.9634,0,0
0.14632314921532,9818,0.9636,0,0
0.14632309179787,9819,0.9638,0,0
0.14632303437999,9820,0.964,0,0
0.14632297696168,9821,0.9642,0,0
0.14632291954295,9822,0.9644,0,0
0.14632286212379,9823,0.9646,0,0
0.14632280470421,9824,0.9648,0,0
0.14632274728421,9825,0.965,0,0
0.14632268986377,9826,0.9652,0,0
0.14632263244291,9827,0.9654,0,0
0.14632257502163,9828,0.9656,0,0
0.14632251759992,9829,0.9658,0,0
0.14632246017778,9830,0.966,0,0
0.14632240275522,9831,0.9662,0,0
0.14632234533224,9832,0.9664,0,0
0.14632228790882,9833,0.9666,0,0
0.14632223048499,9834,0.9668,0,0
0.14632217306072,9835,0.967,0,0
0.14632211563603,9836,0.9672,0,0
0.14632205821092,9837,0.9674,0,0
0.14632200078537,9838,0.9676,0,0
0.14632194335941,9839,0.9678,0,0
0.14632188593301,9840,0.968,0,0
0.14632182850619,9841,0.9682,0,0
0.14632177107895,9842,0.9684,0,0
0.14632171365128,9843,0.9686,0,0
0.14632165622318,9844,0.9688,0,0
0.14632159879466,9845,0.969,0,0
0.14632154136571,9846,0.9692,0,0
0.14632148393633,9847,0.9694,0,0
0.14632142650653,9848,0.9696,0,0
0.1463213690763,9849,0.9698,0,0
0.14632131164565,9850,0.97,0,0
0.14632125421457,9851,0.9702,0,0
0.14632119678306,9852,0.9704,0,0
0.14632113935113,9853,0.9706,0,0
0.14632108191877,9854,0.9708,0,0
0.14632102448598,9855,0.971,0,0
0.14632096705277,9856,0.9712,0,0
0.14632090961913,9857,0.9714,0,0
0.14632085218507,9858,0.9716,0,0
0.14632079475058,9859,0.9718,0,0
0.14632073731566,9860,0.972,0,0
0.14632067988031,9861,0.9722,0,0
0.14632062244454,9862,0.9724,0,0
0.14632056500835,9863,0.9726,0,0
0.14632050757172,9864,0.9728,0,0
0.14632045013467,9865,0.973,0,0
0.1463203926972,9866,0.9732,0,0
0.14632033525929,9867,0.9734,0,0
0.14632027782096,9868,0.9736,0,0
0.14632022038221,9869,0.9738,0,0
0.14632016294302,9870,0.974,0,0
0.14632010550341,9871,0.9742,0,0
0.14632004806338,9872,0.9744,0,0
0.14631999062292,9873,0.9746,0,0
0.14631993318203,9874,0.9748,0,0
0.14631987574071,9875,0.975,0,0
0.14631981829897,9876,0.9752,0,0
0.14631976085679,9877,0.9754,0,0
0.1463197034142,9878,0.9756,0,0
0.14631964597117,9879,0.9758,0,0
0.14631958852772,9880,0.976,0,0
0.14631953108385,9881,0.9762,0,0
0.14631947363954,9882,0.9764,0,0
0.14631941619481,9883,0.9766,0,0
0.14631935874965,9884,0.9768,0,0
0.14631930130407,9885,0.977,0,0
0.14631924385805,9886,0.9772,0,0
0.14631918641161,9887,0.9774,0,0
0.14631912896475,9888,0.9776,0,0
0.14631907151745,9889,0.9778,0,0
0.14631901406973,9890,0.978,0,0
0.14631895662159,9891,0.9782,0,0
0.14631889917301,9892,0.9784,0,0
0.14631884172401,9893,0.9786,0,0
0.14631878427458,9894,0.9788,0,0
0.14631872682473,9895,0.979,0,0
0.14631866937444,9896,0.9792,0,0
0.14631861192373,9897,0.9794,0,0
0.14631855447259,9898,0.9796,0,0
0.14631849702103,9899,0.9798,0,0
0.14631843956904,9900,0.98,0,0
0.14631838211662,9901,0.9802,0,0
0.14631832466377,9902,0.9804,0,0
0.1463182672105,9903,0.9806,0,0
0.1463182097568,9904,0.9808,0,0
0.14631815230267,9905,0.981,0,0
0.14631809484811,9906,0.9812,0,0
0.14631803739313,9907,0.9814,0,0
0.14631797993772,9908,0.9816,0,0
0.14631792248188,9909,0.9818,0,0
0.14631786502562,9910,0.982,0,0
0.14631780756893,9911,0.9822,0,0
0.14631775011181,9912,0.9824,0,0
0.14631769265426,9913,0.9826,0,0
0.14631763519628,9914,0.9828,0,0
0.14631757773788,9915,0.983,0,0
0.14631752027905,9916,0.9832,0,0
0.14631746281979,9917,0.9834,0,0
0.14631740536011,9918,0.9836,0,0
0.1463173479,9919,0.9838,0,0
0.14631729043946,9920,0.984,0,0
0.14631723297849,9921,0.9842,0,0
0.1463171755171,9922,0.9844,0,0
0.14631711805527,9923,0.9846,0,0
0.14631706059302,9924,0.9848,0,0
0.14631700313035,9925,0.985,0,0
0.14631694566724,9926,0.9852,0,0
0.14631688820371,9927,0.9854,0,0
0.14631683073975,9928,0.9856,0,0
0.14631677327536,9929,0.9858,0,0
0.14631671581054,9930,0.986,0,0
0.1463166583453,9931,0.9862,0,0
0.14631660087963,9932,0.9864,0,0
0.14631654341353,9933,0.9866,0,0
0.146316485947,9934,0.9868,0,0
0.14631642848005,9935,0.987,0,0
0.14631637101267,9936,0.9872,0,0
0.14631631354486,9937,0.9874,0,0
0.14631625607662,9938,0.9876,0,0
0.14631619860796,9939,0.9878,0,0
0.14631614113886,9940,0.988,0,0
0.14631608366934,9941,0.9882,0,0
0.14631602619939,9942,0.9884,0,0
0.14631596872902,9943,0.9886,0,0
0.14631591125821,9944,0.9888,0,0
0.14631585378698,9945,0.989,0,0
0.14631579631532,9946,0.9892,0,0
0.14631573884324,9947,0.9894,0,0
0.14631568137072,9948,0.9896,0,0
0.14631562389778,9949,0.9898,0,0
0.14631556642441,9950,0.99,0,0
0.14631550895061,9951,0.9902,0,0
0.14631545147638,9952,0.9904,0,0
0.14631539400173,9953,0.9906,0,0
0.14631533652664,9954,0.9908,0,0
0.14631527905113,9955,0.991,0,0
0.1463152215752,9956,0.9912,0,0
0.14631516409883,9957,0.9914,0,0
0.14631510662204,9958,0.9916,0,0
0.14631504914481,9959,0.9918,0,0
0.14631499166716,9960,0.992,0,0
0.14631493418909,9961,0.9922,0,0
0.14631487671058,9962,0.9924,0,0
0.14631481923165,9963,0.9926,0,0
0.14631476175228,9964,0.9928,0,0
0.1463147042725,9965,0.993,0,0
0.14631464679228,9966,0.9932,0,0
0.14631458931163,9967,0.9934,0,0
0.14631453183056,9968,0.9936,0,0
0.14631447434906,9969,0.9938,0,0
0.14631441686713,9970,0.994,0,0
0.14631435938477,9971,0.9942,0,0
0.14631430190199,9972,0.9944,0,0
0.14631424441877,9973,0.9946,0,0
0.14631418693513,9974,0.9948,0,0
0.14631412945106,9975,0.995,0,0
0.14631407196656,9976,0.9952,0,0
0.14631401448164,9977,0.9954,0,0
0.14631395699628,9978,0.9956,0,0
0.1463138995105,9979,0.9958,0,0
0.14631384202429,9980,0.996,0,0
0.14631378453766,9981,0.9962,0,0
0.14631372705059,9982,0.9964,0,0
0.1463136695631,9983,0.9966,0,0
0.14631361207517,9984,0.9968,0,0
0.14631355458682,9985,0.997,0,0
0.14631349709805,9986,0.9972,0,0
0.14631343960884,9987,0.9974,0,0
0.14631338211921,9988,0.9976,0,0
0.14631332462913,9989,0.9978,0,0
0.14631326713873,9990,0.998,0,0
0.14631320964737,9991,0.9982,0,0
0.14631315215813,9992,0.9984,0,0
0.14631309465638,9993,0.9986,0,0
0.14631303721155,9994,0.9988,0,0
0.14631297949392,9995,0.999,0,0
0.14631292306949,9996,0.9992,0,0
0.14631286050044,9997,0.9994,0,0
0.14631282711352,9998,0.9996,0,0
0.14631249121317,15004,0.9997,0,0
0.14631056350463,15010,0.99975,0,0
0.14629769914999,9999,0.9998,0,0
0.14621005269693,15008,0.99985,0,0
0.145613029068,15001,0.9999,0,0
0.14462837418034,15020,0.999925,0,0
0.14374195955008,15026,0.9999375,0,0
0.14241481153197,15009,0.99995,0,0
0.14042613904906,15025,0.9999625,0,0
0.13745399474924,15016,0.999975,0,0
0.13303759159327,15023,0.9999875,0,0
0.12653891411113,10000,1,0,0
