ci,id,x,y,z
0.7614344964661,0,-2,0,0
0.76143449642762,1,-1.9996,0,0
0.76143449631218,2,-1.9992,0,0
0.76143449611978,3,-1.9988,0,0
0.76143449585042,4,-1.9984,0,0
0.76143449550411,5,-1.998,0,0
0.76143449508083,6,-1.9976,0,0
0.7614344945806,7,-1.9972,0,0
0.7614344940034,8,-1.9968,0,0
0.76143449334925,9,-1.9964,0,0
0.76143449261814,10,-1.996,0,0
0.76143449181006,11,-1.9956,0,0
0.76143449092503,12,-1.9952,0,0
0.76143448996304,13,-1.9948,0,0
0.76143448892409,14,-1.9944,0,0
0.76143448780819,15,-1.994,0,0
0.76143448661532,16,-1.9936,0,0
0.76143448534549,17,-1.9932,0,0
0.7614344839987,18,-1.9928,0,0
0.76143448257496,19,-1.9924,0,0
0.76143448107425,20,-1.992,0,0
0.76143447949659,21,-1.9916,0,0
0.76143447784197,22,-1.9912,0,0
0.76143447611038,23,-1.9908,0,0
0.76143447430184,24,-1.9904,0,0
0.76143447241634,25,-1.99,0,0
0.76143447045388,26,-1.9896,0,0
0.76143446841446,27,-1.9892,0,0
0.76143446629808,28,-1.9888,0,0
0.76143446410474,29,-1.9884,0,0
0.76143446183445,30,-1.988,0,0
0.76143445948719,31,-1.9876,0,0
0.76143445706297,32,-1.9872,0,0
0.7614344545618,33,-1.9868,0,0
0.76143445198366,34,-1.9864,0,0
0.76143444932857,35,-1.986,0,0
0.76143444659652,36,-1.9856,0,0
0.76143444378751,37,-1.9852,0,0
0.76143444090153,38,-1.9848,0,0
0.7614344379386,39,-1.9844,0,0
0.76143443489871,40,-1.984,0,0
0.76143443178186,41,-1.9836,0,0
0.76143442858806,42,-1.9832,0,0
0.76143442531729,43,-1.9828,0,0
0.76143442196956,44,-1.9824,0,0
0.76143441854488,45,-1.982,0,0
0.76143441504323,46,-1.9816,0,0
0.76143441146463,47,-1.9812,0,0
0.76143440780906,48,-1.9808,0,0
0.76143440407654,49,-1.9804,0,0
0.76143440026706,50,-1.98,0,0
0.76143439638061,51,-1.9796,0,0
0.76143439241721,52,-1.9792,0,0
0.76143438837685,53,-1.9788,0,0
0.76143438425953,54,-1.9784,0,0
0.76143438006525,55,-1.978,0,0
0.76143437579401,56,-1.9776,0,0
0.76143437144582,57,-1.9772,0,0
0.76143436702066,58,-1.9768,0,0
0.76143436251854,59,-1.9764,0,0
0.76143435793947,60,-1.976,0,0
0.76143435328343,61,-1.9756,0,0
0.76143434855044,62,-1.9752,0,0
0.76143434374049,63,-1.9748,0,0
0.76143433885357,64,-1.9744,0,0
0.7614343338897,65,-1.974,0,0
0.76143432884887,66,-1.9736,0,0
0.76143432373108,67,-1.9732,0,0
0.76143431853633,68,-1.9728,0,0
0.76143431326462,69,-1.9724,0,0
0.76143430791595,70,-1.972,0,0
0.76143430249032,71,-1.9716,0,0
0.76143429698774,72,-1.9712,0,0
0.76143429140819,73,-1.9708,0,0
0.76143428575169,74,-1.9704,0,0
0.76143428001822,75,-1.97,0,0
0.7614342742078,76,-1.9696,0,0
0.76143426832041,77,-1.9692,0,0
0.76143426235607,78,-1.9688,0,0
0.76143425631477,79,-1.9684,0,0
0.7614342501965,80,-1.968,0,0
0.76143424400128,81,-1.9676,0,0
0.7614342377291,82,-1.9672,0,0
0.76143423137996,83,-1.9668,0,0
0.76143422495386,84,-1.9664,0,0
0.7614342184508,85,-1.966,0,0
0.76143421187079,86,-1.9656,0,0
0.76143420521381,87,-1.9652,0,0
0.76143419847987,88,-1.9648,0,0
0.76143419166898,89,-1.9644,0,0
0.76143418478112,90,-1.964,0,0
0.76143417781631,91,-1.9636,0,0
0.76143417077453,92,-1.9632,0,0
0.7614341636558,93,-1.9628,0,0
0.7614341564601,94,-1.9624,0,0
0.76143414918745,95,-1.962,0,0
0.76143414183784,96,-1.9616,0,0
0.76143413441127,97,-1.9612,0,0
0.76143412690774,98,-1.9608,0,0
0.76143411932725,99,-1.9604,0,0
0.7614341116698,100,-1.96,0,0
0.76143410393539,101,-1.9596,0,0
0.76143409612402,102,-1.9592,0,0
0.76143408823569,103,-1.9588,0,0
0.76143408027041,104,-1.9584,0,0
0.76143407222816,105,-1.958,0,0
0.76143406410895,106,-1.9576,0,0
0.76143405591279,107,-1.9572,0,0
0.76143404763966,108,-1.9568,0,0
0.76143403928958,109,-1.9564,0,0
0.76143403086254,110,-1.956,0,0
0.76143402235853,111,-1.9556,0,0
0.76143401377757,112,-1.9552,0,0
0.76143400511965,113,-1.9548,0,0
0.76143399638477,114,-1.9544,0,0
0.76143398757292,115,-1.954,0,0
0.76143397868412,116,-1.9536,0,0
0.76143396971836,117,-1.9532,0,0
0.76143396067564,118,-1.9528,0,0
0.76143395155597,119,-1.9524,0,0
0.76143394235933,120,-1.952,0,0
0.76143393308573,121,-1.9516,0,0
0.76143392373517,122,-1.9512,0,0
0.76143391430765,123,-1.9508,0,0
0.76143390480318,124,-1.9504,0,0
0.76143389522174,125,-1.95,0,0
0.76143388556335,126,-1.9496,0,0
0.76143387582799,127,-1.9492,0,0
0.76143386601568,128,-1.9488,0,0
0.7614338561264,129,-1.9484,0,0
0.76143384616017,130,-1.948,0,0
0.76143383611698,131,-1.9476,0,0
0.76143382599682,132,-1.9472,0,0
0.76143381579971,133,-1.9468,0,0
0.76143380552564,134,-1.9464,0,0
0.76143379517461,135,-1.946,0,0
0.76143378474662,136,-1.9456,0,0
0.76143377424167,137,-1.9452,0,0
0.76143376365976,138,-1.9448,0,0
0.76143375300089,139,-1.9444,0,0
0.76143374226506,140,-1.944,0,0
0.76143373145227,141,-1.9436,0,0
0.76143372056252,142,-1.9432,0,0
0.76143370959581,143,-1.9428,0,0
0.76143369855215,144,-1.9424,0,0
0.76143368743152,145,-1.942,0,0
0.76143367623393,146,-1.9416,0,0
0.76143366495939,147,-1.9412,0,0
0.76143365360788,148,-1.9408,0,0
0.76143364217941,149,-1.9404,0,0
0.76143363067399,150,-1.94,0,0
0.7614336190916,151,-1.9396,0,0
0.76143360743226,152,-1.9392,0,0
0.76143359569595,153,-1.9388,0,0
0.76143358388269,154,-1.9384,0,0
0.76143357199247,155,-1.938,0,0
0.76143356002528,156,-1.9376,0,0
0.76143354798114,157,-1.9372,0,0
0.76143353586004,158,-1.9368,0,0
0.76143352366198,159,-1.9364,0,0
0.76143351138695,160,-1.936,0,0
0.76143349903497,161,-1.9356,0,0
0.76143348660603,162,-1.9352,0,0
0.76143347410013,163,-1.9348,0,0
0.76143346151727,164,-1.9344,0,0
0.76143344885745,165,-1.934,0,0
0.76143343612067,166,-1.9336,0,0
0.76143342330693,167,-1.9332,0,0
0.76143341041623,168,-1.9328,0,0
0.76143339744857,169,-1.9324,0,0
0.76143338440395,170,-1.932,0,0
0.76143337128237,171,-1.9316,0,0
0.76143335808383,172,-1.9312,0,0
0.76143334480834,173,-1.9308,0,0
0.76143333145588,174,-1.9304,0,0
0.76143331802646,175,-1.93,0,0
0.76143330452008,176,-1.9296,0,0
0.76143329093674,177,-1.9292,0,0
0.76143327727645,178,-1.9288,0,0
0.76143326353919,179,-1.9284,0,0
0.76143324972497,180,-1.928,0,0
0.7614332358338,181,-1.9276,0,0
0.76143322186566,182,-1.9272,0,0
0.76143320782056,183,-1.9268,0,0
0.76143319369851,184,-1.9264,0,0
0.76143317949949,185,-1.926,0,0
0.76143316522351,186,-1.9256,0,0
0.76143315087058,187,-1.9252,0,0
0.76143313644068,188,-1.9248,0,0
0.76143312193383,189,-1.9244,0,0
0.76143310735001,190,-1.924,0,0
0.76143309268924,191,-1.9236,0,0
0.7614330779515,192,-1.9232,0,0
0.76143306313681,193,-1.9228,0,0
0.76143304824515,194,-1.9224,0,0
0.76143303327654,195,-1.922,0,0
0.76143301823096,196,-1.9216,0,0
0.76143300310843,197,-1.9212,0,0
0.76143298790893,198,-1.9208,0,0
0.76143297263248,199,-1.9204,0,0
0.76143295727906,200,-1.92,0,0
0.76143294184869,201,-1.9196,0,0
0.76143292634135,202,-1.9192,0,0
0.76143291075706,203,-1.9188,0,0
0.76143289509581,204,-1.9184,0,0
0.76143287935759,205,-1.918,0,0
0.76143286354242,206,-1.9176,0,0
0.76143284765028,207,-1.9172,0,0
0.76143283168119,208,-1.9168,0,0
0.76143281563513,209,-1.9164,0,0
0.76143279951212,210,-1.916,0,0
0.76143278331214,211,-1.9156,0,0
0.76143276703521,212,-1.9152,0,0
0.76143275068132,213,-1.9148,0,0
0.76143273425046,214,-1.9144,0,0
0.76143271774265,215,-1.914,0,0
0.76143270115787,216,-1.9136,0,0
0.76143268449614,217,-1.9132,0,0
0.76143266775744,218,-1.9128,0,0
0.76143265094179,219,-1.9124,0,0
0.76143263404917,220,-1.912,0,0
0.7614326170796,221,-1.9116,0,0
0.76143260003306,222,-1.9112,0,0
0.76143258290957,223,-1.9108,0,0
0.76143256570911,224,-1.9104,0,0
0.76143254843169,225,-1.91,0,0
0.76143253107732,226,-1.9096,0,0
0.76143251364598,227,-1.9092,0,0
0.76143249613769,228,-1.9088,0,0
0.76143247855243,229,-1.9084,0,0
0.76143246089021,230,-1.908,0,0
0.76143244315104,231,-1.9076,0,0
0.7614324253349,232,-1.9072,0,0
0.7614324074418,233,-1.9068,0,0
0.76143238947175,234,-1.9064,0,0
0.76143237142473,235,-1.906,0,0
0.76143235330075,236,-1.9056,0,0
0.76143233509981,237,-1.9052,0,0
0.76143231682192,238,-1.9048,0,0
0.76143229846706,239,-1.9044,0,0
0.76143228003524,240,-1.904,0,0
0.76143226152646,241,-1.9036,0,0
0.76143224294072,242,-1.9032,0,0
0.76143222427802,243,-1.9028,0,0
0.76143220553836,244,-1.9024,0,0
0.76143218672174,245,-1.902,0,0
0.76143216782816,246,-1.9016,0,0
0.76143214885762,247,-1.9012,0,0
0.76143212981012,248,-1.9008,0,0
0.76143211068566,249,-1.9004,0,0
0.76143209148423,250,-1.9,0,0
0.76143207220585,251,-1.8996,0,0
0.76143205285051,252,-1.8992,0,0
0.76143203341821,253,-1.8988,0,0
0.76143201390894,254,-1.8984,0,0
0.76143199432272,255,-1.898,0,0
0.76143197465954,256,-1.8976,0,0
0.76143195491939,257,-1.8972,0,0
0.76143193510229,258,-1.8968,0,0
0.76143191520822,259,-1.8964,0,0
0.7614318952372,260,-1.896,0,0
0.76143187518921,261,-1.8956,0,0
0.76143185506426,262,-1.8952,0,0
0.76143183486236,263,-1.8948,0,0
0.76143181458349,264,-1.8944,0,0
0.76143179422766,265,-1.894,0,0
0.76143177379487,266,-1.8936,0,0
0.76143175328512,267,-1.8932,0,0
0.76143173269841,268,-1.8928,0,0
0.76143171203474,269,-1.8924,0,0
0.76143169129411,270,-1.892,0,0
0.76143167047652,271,-1.8916,0,0
0.76143164958197,272,-1.8912,0,0
0.76143162861046,273,-1.8908,0,0
0.76143160756198,274,-1.8904,0,0
0.76143158643655,275,-1.89,0,0
0.76143156523416,276,-1.8896,0,0
0.7614315439548,277,-1.8892,0,0
0.76143152259849,278,-1.8888,0,0
0.76143150116521,279,-1.8884,0,0
0.76143147965497,280,-1.888,0,0
0.76143145806778,281,-1.8876,0,0
0.76143143640362,282,-1.8872,0,0
0.7614314146625,283,-1.8868,0,0
0.76143139284442,284,-1.8864,0,0
0.76143137094938,285,-1.886,0,0
0.76143134897738,286,-1.8856,0,0
0.76143132692842,287,-1.8852,0,0
0.7614313048025,288,-1.8848,0,0
0.76143128259961,289,-1.8844,0,0
0.76143126031977,290,-1.884,0,0
0.76143123796297,291,-1.8836,0,0
0.7614312155292,292,-1.8832,0,0
0.76143119301848,293,-1.8828,0,0
0.76143117043079,294,-1.8824,0,0
0.76143114776614,295,-1.882,0,0
0.76143112502453,296,-1.8816,0,0
0.76143110220596,297,-1.8812,0,0
0.76143107931044,298,-1.8808,0,0
0.76143105633794,299,-1.8804,0,0
0.76143103328849,300,-1.88,0,0
0.76143101016208,301,-1.8796,0,0
0.76143098695871,302,-1.8792,0,0
0.76143096367837,303,-1.8788,0,0
0.76143094032108,304,-1.8784,0,0
0.76143091688682,305,-1.878,0,0
0.76143089337561,306,-1.8776,0,0
0.76143086978743,307,-1.8772,0,0
0.76143084612229,308,-1.8768,0,0
0.76143082238019,309,-1.8764,0,0
0.76143079856113,310,-1.876,0,0
0.76143077466511,311,-1.8756,0,0
0.76143075069213,312,-1.8752,0,0
0.76143072664218,313,-1.8748,0,0
0.76143070251528,314,-1.8744,0,0
0.76143067831141,315,-1.874,0,0
0.76143065403059,316,-1.8736,0,0
0.7614306296728,317,-1.8732,0,0
0.76143060523805,318,-1.8728,0,0
0.76143058072634,319,-1.8724,0,0
0.76143055613767,320,-1.872,0,0
0.76143053147204,321,-1.8716,0,0
0.76143050672945,322,-1.8712,0,0
0.76143048190989,323,-1.8708,0,0
0.76143045701338,324,-1.8704,0,0
0.7614304320399,325,-1.87,0,0
0.76143040698946,326,-1.8696,0,0
0.76143038186207,327,-1.8692,0,0
0.76143035665771,328,-1.8688,0,0
0.76143033137639,329,-1.8684,0,0
0.7614303060181,330,-1.868,0,0
0.76143028058286,331,-1.8676,0,0
0.76143025507066,332,-1.8672,0,0
0.76143022948149,333,-1.8668,0,0
0.76143020381537,334,-1.8664,0,0
0.76143017807228,335,-1.866,0,0
0.76143015225223,336,-1.8656,0,0
0.76143012635522,337,-1.8652,0,0
0.76143010038125,338,-1.8648,0,0
0.76143007433031,339,-1.8644,0,0
0.76143004820242,340,-1.864,0,0
0.76143002199756,341,-1.8636,0,0
0.76142999571575,342,-1.8632,0,0
0.76142996935697,343,-1.8628,0,0
0.76142994292123,344,-1.8624,0,0
0.76142991640853,345,-1.862,0,0
0.76142988981886,346,-1.8616,0,0
0.76142986315224,347,-1.8612,0,0
0.76142983640866,348,-1.8608,0,0
0.76142980958811,349,-1.8604,0,0
0.7614297826906,350,-1.86,0,0
0.76142975571613,351,-1.8596,0,0
0.7614297286647,352,-1.8592,0,0
0.76142970153631,353,-1.8588,0,0
0.76142967433095,354,-1.8584,0,0
0.76142964704864,355,-1.858,0,0
0.76142961968936,356,-1.8576,0,0
0.76142959225312,357,-1.8572,0,0
0.76142956473992,358,-1.8568,0,0
0.76142953714976,359,-1.8564,0,0
0.76142950948264,360,-1.856,0,0
0.76142948173856,361,-1.8556,0,0
0.76142945391751,362,-1.8552,0,0
0.7614294260195,363,-1.8548,0,0
0.76142939804453,364,-1.8544,0,0
0.7614293699926,365,-1.854,0,0
0.76142934186371,366,-1.8536,0,0
0.76142931365785,367,-1.8532,0,0
0.76142928537504,368,-1.8528,0,0
0.76142925701526,369,-1.8524,0,0
0.76142922857852,370,-1.852,0,0
0.76142920006482,371,-1.8516,0,0
0.76142917147416,372,-1.8512,0,0
0.76142914280653,373,-1.8508,0,0
0.76142911406195,374,-1.8504,0,0
0.7614290852404,375,-1.85,0,0
0.76142905634189,376,-1.8496,0,0
0.76142902736642,377,-1.8492,0,0
0.76142899831399,378,-1.8488,0,0
0.76142896918459,379,-1.8484,0,0
0.76142893997824,380,-1.848,0,0
0.76142891069492,381,-1.8476,0,0
0.76142888133464,382,-1.8472,0,0
0.76142885189739,383,-1.8468,0,0
0.76142882238319,384,-1.8464,0,0
0.76142879279202,385,-1.846,0,0
0.7614287631239,386,-1.8456,0,0
0.76142873337881,387,-1.8452,0,0
0.76142870355675,388,-1.8448,0,0
0.76142867365774,389,-1.8444,0,0
0.76142864368176,390,-1.844,0,0
0.76142861362883,391,-1.8436,0,0
0.76142858349893,392,-1.8432,0,0
0.76142855329207,393,-1.8428,0,0
0.76142852300824,394,-1.8424,0,0
0.76142849264746,395,-1.842,0,0
0.76142846220971,396,-1.8416,0,0
0.761428431695,397,-1.8412,0,0
0.76142840110333,398,-1.8408,0,0
0.76142837043469,399,-1.8404,0,0
0.7614283396891,400,-1.84,0,0
0.76142830886654,401,-1.8396,0,0
0.76142827796702,402,-1.8392,0,0
0.76142824699054,403,-1.8388,0,0
0.76142821593709,404,-1.8384,0,0
0.76142818480669,405,-1.838,0,0
0.76142815359932,406,-1.8376,0,0
0.76142812231499,407,-1.8372,0,0
0.76142809095369,408,-1.8368,0,0
0.76142805951544,409,-1.8364,0,0
0.76142802800022,410,-1.836,0,0
0.76142799640804,411,-1.8356,0,0
0.7614279647389,412,-1.8352,0,0
0.76142793299279,413,-1.8348,0,0
0.76142790116972,414,-1.8344,0,0
0.7614278692697,415,-1.834,0,0
0.7614278372927,416,-1.8336,0,0
0.76142780523875,417,-1.8332,0,0
0.76142777310783,418,-1.8328,0,0
0.76142774089996,419,-1.8324,0,0
0.76142770861511,420,-1.832,0,0
0.76142767625331,421,-1.8316,0,0
0.76142764381454,422,-1.8312,0,0
0.76142761129882,423,-1.8308,0,0
0.76142757870613,424,-1.8304,0,0
0.76142754603647,425,-1.83,0,0
0.76142751328986,426,-1.8296,0,0
0.76142748046628,427,-1.8292,0,0
0.76142744756574,428,-1.8288,0,0
0.76142741458824,429,-1.8284,0,0
0.76142738153377,430,-1.828,0,0
0.76142734840234,431,-1.8276,0,0
0.76142731519395,432,-1.8272,0,0
0.7614272819086,433,-1.8268,0,0
0.76142724854628,434,-1.8264,0,0
0.761427215107,435,-1.826,0,0
0.76142718159076,436,-1.8256,0,0
0.76142714799756,437,-1.8252,0,0
0.76142711432739,438,-1.8248,0,0
0.76142708058026,439,-1.8244,0,0
0.76142704675617,440,-1.824,0,0
0.76142701285511,441,-1.8236,0,0
0.7614269788771,442,-1.8232,0,0
0.76142694482212,443,-1.8228,0,0
0.76142691069017,444,-1.8224,0,0
0.76142687648127,445,-1.822,0,0
0.7614268421954,446,-1.8216,0,0
0.76142680783257,447,-1.8212,0,0
0.76142677339277,448,-1.8208,0,0
0.76142673887602,449,-1.8204,0,0
0.7614267042823,450,-1.82,0,0
0.76142666961161,451,-1.8196,0,0
0.76142663486397,452,-1.8192,0,0
0.76142660003936,453,-1.8188,0,0
0.76142656513779,454,-1.8184,0,0
0.76142653015925,455,-1.818,0,0
0.76142649510375,456,-1.8176,0,0
0.76142645997129,457,-1.8172,0,0
0.76142642476187,458,-1.8168,0,0
0.76142638947548,459,-1.8164,0,0
0.76142635411214,460,-1.816,0,0
0.76142631867182,461,-1.8156,0,0
0.76142628315455,462,-1.8152,0,0
0.76142624756031,463,-1.8148,0,0
0.76142621188911,464,-1.8144,0,0
0.76142617614094,465,-1.814,0,0
0.76142614031581,466,-1.8136,0,0
0.76142610441372,467,-1.8132,0,0
0.76142606843467,468,-1.8128,0,0
0.76142603237865,469,-1.8124,0,0
0.76142599624567,470,-1.812,0,0
0.76142596003573,471,-1.8116,0,0
0.76142592374882,472,-1.8112,0,0
0.76142588738495,473,-1.8108,0,0
0.76142585094412,474,-1.8104,0,0
0.76142581442632,475,-1.81,0,0
0.76142577783156,476,-1.8096,0,0
0.76142574115984,477,-1.8092,0,0
0.76142570441115,478,-1.8088,0,0
0.7614256675855,479,-1.8084,0,0
0.76142563068289,480,-1.808,0,0
0.76142559370331,481,-1.8076,0,0
0.76142555664677,482,-1.8072,0,0
0.76142551951327,483,-1.8068,0,0
0.7614254823028,484,-1.8064,0,0
0.76142544501537,485,-1.806,0,0
0.76142540765097,486,-1.8056,0,0
0.76142537020962,487,-1.8052,0,0
0.7614253326913,488,-1.8048,0,0
0.76142529509601,489,-1.8044,0,0
0.76142525742376,490,-1.804,0,0
0.76142521967455,491,-1.8036,0,0
0.76142518184838,492,-1.8032,0,0
0.76142514394524,493,-1.8028,0,0
0.76142510596514,494,-1.8024,0,0
0.76142506790807,495,-1.802,0,0
0.76142502977404,496,-1.8016,0,0
0.76142499156305,497,-1.8012,0,0
0.76142495327509,498,-1.8008,0,0
0.76142491491017,499,-1.8004,0,0
0.76142487646828,500,-1.8,0,0
0.76142483794944,501,-1.7996,0,0
0.76142479935363,502,-1.7992,0,0
0.76142476068085,503,-1.7988,0,0
0.76142472193111,504,-1.7984,0,0
0.76142468310441,505,-1.798,0,0
0.76142464420074,506,-1.7976,0,0
0.76142460522011,507,-1.7972,0,0
0.76142456616251,508,-1.7968,0,0
0.76142452702796,509,-1.7964,0,0
0.76142448781643,510,-1.796,0,0
0.76142444852795,511,-1.7956,0,0
0.7614244091625,512,-1.7952,0,0
0.76142436972008,513,-1.7948,0,0
0.7614243302007,514,-1.7944,0,0
0.76142429060436,515,-1.794,0,0
0.76142425093106,516,-1.7936,0,0
0.76142421118079,517,-1.7932,0,0
0.76142417135355,518,-1.7928,0,0
0.76142413144935,519,-1.7924,0,0
0.76142409146819,520,-1.792,0,0
0.76142405141006,521,-1.7916,0,0
0.76142401127497,522,-1.7912,0,0
0.76142397106292,523,-1.7908,0,0
0.7614239307739,524,-1.7904,0,0
0.76142389040792,525,-1.79,0,0
0.76142384996497,526,-1.7896,0,0
0.76142380944506,527,-1.7892,0,0
0.76142376884818,528,-1.7888,0,0
0.76142372817434,529,-1.7884,0,0
0.76142368742354,530,-1.788,0,0
0.76142364659577,531,-1.7876,0,0
0.76142360569104,532,-1.7872,0,0
0.76142356470934,533,-1.7868,0,0
0.76142352365068,534,-1.7864,0,0
0.76142348251505,535,-1.786,0,0
0.76142344130246,536,-1.7856,0,0
0.76142340001291,537,-1.7852,0,0
0.76142335864639,538,-1.7848,0,0
0.76142331720291,539,-1.7844,0,0
0.76142327568246,540,-1.784,0,0
0.76142323408505,541,-1.7836,0,0
0.76142319241067,542,-1.7832,0,0
0.76142315065933,543,-1.7828,0,0
0.76142310883102,544,-1.7824,0,0
0.76142306692575,545,-1.782,0,0
0.76142302494352,546,-1.7816,0,0
0.76142298288432,547,-1.7812,0,0
0.76142294074815,548,-1.7808,0,0
0.76142289853502,549,-1.7804,0,0
0.76142285624493,550,-1.78,0,0
0.76142281387787,551,-1.7796,0,0
0.76142277143385,552,-1.7792,0,0
0.76142272891286,553,-1.7788,0,0
0.76142268631491,554,-1.7784,0,0
0.76142264363999,555,-1.778,0,0
0.76142260088811,556,-1.7776,0,0
0.76142255805926,557,-1.7772,0,0
0.76142251515345,558,-1.7768,0,0
0.76142247217067,559,-1.7764,0,0
0.76142242911093,560,-1.776,0,0
0.76142238597423,561,-1.7756,0,0
0.76142234276056,562,-1.7752,0,0
0.76142229946992,563,-1.7748,0,0
0.76142225610232,564,-1.7744,0,0
0.76142221265775,565,-1.774,0,0
0.76142216913622,566,-1.7736,0,0
0.76142212553773,567,-1.7732,0,0
0.76142208186227,568,-1.7728,0,0
0.76142203810984,569,-1.7724,0,0
0.76142199428045,570,-1.772,0,0
0.76142195037409,571,-1.7716,0,0
0.76142190639077,572,-1.7712,0,0
0.76142186233049,573,-1.7708,0,0
0.76142181819324,574,-1.7704,0,0
0.76142177397902,575,-1.77,0,0
0.76142172968784,576,-1.7696,0,0
0.76142168531969,577,-1.7692,0,0
0.76142164087458,578,-1.7688,0,0
0.7614215963525,579,-1.7684,0,0
0.76142155175346,580,-1.768,0,0
0.76142150707745,581,-1.7676,0,0
0.76142146232448,582,-1.7672,0,0
0.76142141749454,583,-1.7668,0,0
0.76142137258764,584,-1.7664,0,0
0.76142132760377,585,-1.766,0,0
0.76142128254293,586,-1.7656,0,0
0.76142123740513,587,-1.7652,0,0
0.76142119219037,588,-1.7648,0,0
0.76142114689863,589,-1.7644,0,0
0.76142110152994,590,-1.764,0,0
0.76142105608428,591,-1.7636,0,0
0.76142101056165,592,-1.7632,0,0
0.76142096496206,593,-1.7628,0,0
0.7614209192855,594,-1.7624,0,0
0.76142087353197,595,-1.762,0,0
0.76142082770148,596,-1.7616,0,0
0.76142078179403,597,-1.7612,0,0
0.76142073580961,598,-1.7608,0,0
0.76142068974822,599,-1.7604,0,0
0.76142064360987,600,-1.76,0,0
0.76142059739455,601,-1.7596,0,0
0.76142055110227,602,-1.7592,0,0
0.76142050473302,603,-1.7588,0,0
0.7614204582868,604,-1.7584,0,0
0.76142041176362,605,-1.758,0,0
0.76142036516347,606,-1.7576,0,0
0.76142031848636,607,-1.7572,0,0
0.76142027173228,608,-1.7568,0,0
0.76142022490124,609,-1.7564,0,0
0.76142017799323,610,-1.756,0,0
0.76142013100825,611,-1.7556,0,0
0.76142008394631,612,-1.7552,0,0
0.7614200368074,613,-1.7548,0,0
0.76141998959153,614,-1.7544,0,0
0.76141994229869,615,-1.754,0,0
0.76141989492888,616,-1.7536,0,0
0.76141984748211,617,-1.7532,0,0
0.76141979995837,618,-1.7528,0,0
0.76141975235767,619,-1.7524,0,0
0.76141970468,620,-1.752,0,0
0.76141965692536,621,-1.7516,0,0
0.76141960909376,622,-1.7512,0,0
0.76141956118519,623,-1.7508,0,0
0.76141951319965,624,-1.7504,0,0
0.76141946513715,625,-1.75,0,0
0.76141941699768,626,-1.7496,0,0
0.76141936878125,627,-1.7492,0,0
0.76141932048785,628,-1.7488,0,0
0.76141927211748,629,-1.7484,0,0
0.76141922367015,630,-1.748,0,0
0.76141917514585,631,-1.7476,0,0
0.76141912654458,632,-1.7472,0,0
0.76141907786635,633,-1.7468,0,0
0.76141902911115,634,-1.7464,0,0
0.76141898027899,635,-1.746,0,0
0.76141893136985,636,-1.7456,0,0
0.76141888238376,637,-1.7452,0,0
0.76141883332069,638,-1.7448,0,0
0.76141878418066,639,-1.7444,0,0
0.76141873496366,640,-1.744,0,0
0.7614186856697,641,-1.7436,0,0
0.76141863629877,642,-1.7432,0,0
0.76141858685087,643,-1.7428,0,0
0.76141853732601,644,-1.7424,0,0
0.76141848772417,645,-1.742,0,0
0.76141843804538,646,-1.7416,0,0
0.76141838828961,647,-1.7412,0,0
0.76141833845688,648,-1.7408,0,0
0.76141828854718,649,-1.7404,0,0
0.76141823856052,650,-1.74,0,0
0.76141818849689,651,-1.7396,0,0
0.76141813835629,652,-1.7392,0,0
0.76141808813872,653,-1.7388,0,0
0.76141803784419,654,-1.7384,0,0
0.76141798747269,655,-1.738,0,0
0.76141793702422,656,-1.7376,0,0
0.76141788649879,657,-1.7372,0,0
0.76141783589639,658,-1.7368,0,0
0.76141778521702,659,-1.7364,0,0
0.76141773446069,660,-1.736,0,0
0.76141768362739,661,-1.7356,0,0
0.76141763271712,662,-1.7352,0,0
0.76141758172988,663,-1.7348,0,0
0.76141753066568,664,-1.7344,0,0
0.76141747952451,665,-1.734,0,0
0.76141742830637,666,-1.7336,0,0
0.76141737701127,667,-1.7332,0,0
0.7614173256392,668,-1.7328,0,0
0.76141727419016,669,-1.7324,0,0
0.76141722266415,670,-1.732,0,0
0.76141717106118,671,-1.7316,0,0
0.76141711938124,672,-1.7312,0,0
0.76141706762433,673,-1.7308,0,0
0.76141701579046,674,-1.7304,0,0
0.76141696387961,675,-1.73,0,0
0.7614169118918,676,-1.7296,0,0
0.76141685982703,677,-1.7292,0,0
0.76141680768528,678,-1.7288,0,0
0.76141675546657,679,-1.7284,0,0
0.76141670317089,680,-1.728,0,0
0.76141665079824,681,-1.7276,0,0
0.76141659834862,682,-1.7272,0,0
0.76141654582204,683,-1.7268,0,0
0.76141649321849,684,-1.7264,0,0
0.76141644053797,685,-1.726,0,0
0.76141638778049,686,-1.7256,0,0
0.76141633494603,687,-1.7252,0,0
0.76141628203461,688,-1.7248,0,0
0.76141622904622,689,-1.7244,0,0
0.76141617598087,690,-1.724,0,0
0.76141612283854,691,-1.7236,0,0
0.76141606961925,692,-1.7232,0,0
0.76141601632299,693,-1.7228,0,0
0.76141596294976,694,-1.7224,0,0
0.76141590949956,695,-1.722,0,0
0.7614158559724,696,-1.7216,0,0
0.76141580236827,697,-1.7212,0,0
0.76141574868717,698,-1.7208,0,0
0.7614156949291,699,-1.7204,0,0
0.76141564109406,700,-1.72,0,0
0.76141558718206,701,-1.7196,0,0
0.76141553319309,702,-1.7192,0,0
0.76141547912715,703,-1.7188,0,0
0.76141542498424,704,-1.7184,0,0
0.76141537076436,705,-1.718,0,0
0.76141531646752,706,-1.7176,0,0
0.76141526209371,707,-1.7172,0,0
0.76141520764293,708,-1.7168,0,0
0.76141515311518,709,-1.7164,0,0
0.76141509851046,710,-1.716,0,0
0.76141504382877,711,-1.7156,0,0
0.76141498907012,712,-1.7152,0,0
0.7614149342345,713,-1.7148,0,0
0.76141487932191,714,-1.7144,0,0
0.76141482433235,715,-1.714,0,0
0.76141476926582,716,-1.7136,0,0
0.76141471412232,717,-1.7132,0,0
0.76141465890186,718,-1.7128,0,0
0.76141460360442,719,-1.7124,0,0
0.76141454823002,720,-1.712,0,0
0.76141449277865,721,-1.7116,0,0
0.76141443725031,722,-1.7112,0,0
0.76141438164501,723,-1.7108,0,0
0.76141432596273,724,-1.7104,0,0
0.76141427020349,725,-1.71,0,0
0.76141421436727,726,-1.7096,0,0
0.76141415845409,727,-1.7092,0,0
0.76141410246394,728,-1.7088,0,0
0.76141404639682,729,-1.7084,0,0
0.76141399025273,730,-1.708,0,0
0.76141393403167,731,-1.7076,0,0
0.76141387773365,732,-1.7072,0,0
0.76141382135865,733,-1.7068,0,0
0.76141376490669,734,-1.7064,0,0
0.76141370837776,735,-1.706,0,0
0.76141365177185,736,-1.7056,0,0
0.76141359508898,737,-1.7052,0,0
0.76141353832914,738,-1.7048,0,0
0.76141348149234,739,-1.7044,0,0
0.76141342457856,740,-1.704,0,0
0.76141336758781,741,-1.7036,0,0
0.76141331052009,742,-1.7032,0,0
0.76141325337541,743,-1.7028,0,0
0.76141319615376,744,-1.7024,0,0
0.76141313885513,745,-1.702,0,0
0.76141308147954,746,-1.7016,0,0
0.76141302402698,747,-1.7012,0,0
0.76141296649745,748,-1.7008,0,0
0.76141290889095,749,-1.7004,0,0
0.76141285120748,750,-1.7,0,0
0.76141279344704,751,-1.6996,0,0
0.76141273560963,752,-1.6992,0,0
0.76141267769525,753,-1.6988,0,0
0.7614126197039,754,-1.6984,0,0
0.76141256163559,755,-1.698,0,0
0.7614125034903,756,-1.6976,0,0
0.76141244526804,757,-1.6972,0,0
0.76141238696882,758,-1.6968,0,0
0.76141232859262,759,-1.6964,0,0
0.76141227013946,760,-1.696,0,0
0.76141221160932,761,-1.6956,0,0
0.76141215300222,762,-1.6952,0,0
0.76141209431815,763,-1.6948,0,0
0.7614120355571,764,-1.6944,0,0
0.76141197671909,765,-1.694,0,0
0.76141191780411,766,-1.6936,0,0
0.76141185881216,767,-1.6932,0,0
0.76141179974323,768,-1.6928,0,0
0.76141174059734,769,-1.6924,0,0
0.76141168137448,770,-1.692,0,0
0.76141162207465,771,-1.6916,0,0
0.76141156269784,772,-1.6912,0,0
0.76141150324407,773,-1.6908,0,0
0.76141144371333,774,-1.6904,0,0
0.76141138410562,775,-1.69,0,0
0.76141132442094,776,-1.6896,0,0
0.76141126465929,777,-1.6892,0,0
0.76141120482066,778,-1.6888,0,0
0.76141114490507,779,-1.6884,0,0
0.76141108491251,780,-1.688,0,0
0.76141102484298,781,-1.6876,0,0
0.76141096469647,782,-1.6872,0,0
0.761410904473,783,-1.6868,0,0
0.76141084417256,784,-1.6864,0,0
0.76141078379514,785,-1.686,0,0
0.76141072334076,786,-1.6856,0,0
0.76141066280941,787,-1.6852,0,0
0.76141060220108,788,-1.6848,0,0
0.76141054151579,789,-1.6844,0,0
0.76141048075352,790,-1.684,0,0
0.76141041991429,791,-1.6836,0,0
0.76141035899808,792,-1.6832,0,0
0.7614102980049,793,-1.6828,0,0
0.76141023693476,794,-1.6824,0,0
0.76141017578764,795,-1.682,0,0
0.76141011456355,796,-1.6816,0,0
0.76141005326249,797,-1.6812,0,0
0.76140999188446,798,-1.6808,0,0
0.76140993042946,799,-1.6804,0,0
0.76140986889749,800,-1.68,0,0
0.76140980728855,801,-1.6796,0,0
0.76140974560263,802,-1.6792,0,0
0.76140968383975,803,-1.6788,0,0
0.7614096219999,804,-1.6784,0,0
0.76140956008307,805,-1.678,0,0
0.76140949808928,806,-1.6776,0,0
0.76140943601851,807,-1.6772,0,0
0.76140937387077,808,-1.6768,0,0
0.76140931164606,809,-1.6764,0,0
0.76140924934438,810,-1.676,0,0
0.76140918696573,811,-1.6756,0,0
0.76140912451011,812,-1.6752,0,0
0.76140906197752,813,-1.6748,0,0
0.76140899936795,814,-1.6744,0,0
0.76140893668142,815,-1.674,0,0
0.76140887391791,816,-1.6736,0,0
0.76140881107743,817,-1.6732,0,0
0.76140874815998,818,-1.6728,0,0
0.76140868516556,819,-1.6724,0,0
0.76140862209417,820,-1.672,0,0
0.76140855894581,821,-1.6716,0,0
0.76140849572047,822,-1.6712,0,0
0.76140843241817,823,-1.6708,0,0
0.76140836903889,824,-1.6704,0,0
0.76140830558264,825,-1.67,0,0
0.76140824204942,826,-1.6696,0,0
0.76140817843923,827,-1.6692,0,0
0.76140811475207,828,-1.6688,0,0
0.76140805098793,829,-1.6684,0,0
0.76140798714683,830,-1.668,0,0
0.76140792322875,831,-1.6676,0,0
0.7614078592337,832,-1.6672,0,0
0.76140779516168,833,-1.6668,0,0
0.76140773101269,834,-1.6664,0,0
0.76140766678672,835,-1.666,0,0
0.76140760248378,836,-1.6656,0,0
0.76140753810388,837,-1.6652,0,0
0.761407473647,838,-1.6648,0,0
0.76140740911314,839,-1.6644,0,0
0.76140734450232,840,-1.664,0,0
0.76140727981452,841,-1.6636,0,0
0.76140721504976,842,-1.6632,0,0
0.76140715020802,843,-1.6628,0,0
0.76140708528931,844,-1.6624,0,0
0.76140702029362,845,-1.662,0,0
0.76140695522097,846,-1.6616,0,0
0.76140689007134,847,-1.6612,0,0
0.76140682484474,848,-1.6608,0,0
0.76140675954117,849,-1.6604,0,0
0.76140669416062,850,-1.66,0,0
0.7614066287031,851,-1.6596,0,0
0.76140656316862,852,-1.6592,0,0
0.76140649755715,853,-1.6588,0,0
0.76140643186872,854,-1.6584,0,0
0.76140636610332,855,-1.658,0,0
0.76140630026094,856,-1.6576,0,0
0.76140623434159,857,-1.6572,0,0
0.76140616834526,858,-1.6568,0,0
0.76140610227197,859,-1.6564,0,0
0.7614060361217,860,-1.656,0,0
0.76140596989446,861,-1.6556,0,0
0.76140590359025,862,-1.6552,0,0
0.76140583720906,863,-1.6548,0,0
0.7614057707509,864,-1.6544,0,0
0.76140570421577,865,-1.654,0,0
0.76140563760367,866,-1.6536,0,0
0.76140557091459,867,-1.6532,0,0
0.76140550414854,868,-1.6528,0,0
0.76140543730552,869,-1.6524,0,0
0.76140537038552,870,-1.652,0,0
0.76140530338856,871,-1.6516,0,0
0.76140523631462,872,-1.6512,0,0
0.7614051691637,873,-1.6508,0,0
0.76140510193582,874,-1.6504,0,0
0.76140503463096,875,-1.65,0,0
0.76140496724912,876,-1.6496,0,0
0.76140489979032,877,-1.6492,0,0
0.76140483225454,878,-1.6488,0,0
0.76140476464179,879,-1.6484,0,0
0.76140469695206,880,-1.648,0,0
0.76140462918537,881,-1.6476,0,0
0.76140456134169,882,-1.6472,0,0
0.76140449342105,883,-1.6468,0,0
0.76140442542343,884,-1.6464,0,0
0.76140435734884,885,-1.646,0,0
0.76140428919728,886,-1.6456,0,0
0.76140422096874,887,-1.6452,0,0
0.76140415266323,888,-1.6448,0,0
0.76140408428075,889,-1.6444,0,0
0.76140401582129,890,-1.644,0,0
0.76140394728486,891,-1.6436,0,0
0.76140387867145,892,-1.6432,0,0
0.76140380998107,893,-1.6428,0,0
0.76140374121372,894,-1.6424,0,0
0.7614036723694,895,-1.642,0,0
0.7614036034481,896,-1.6416,0,0
0.76140353444982,897,-1.6412,0,0
0.76140346537458,898,-1.6408,0,0
0.76140339622236,899,-1.6404,0,0
0.76140332699316,900,-1.64,0,0
0.76140325768699,901,-1.6396,0,0
0.76140318830385,902,-1.6392,0,0
0.76140311884374,903,-1.6388,0,0
0.76140304930665,904,-1.6384,0,0
0.76140297969258,905,-1.638,0,0
0.76140291000155,906,-1.6376,0,0
0.76140284023354,907,-1.6372,0,0
0.76140277038855,908,-1.6368,0,0
0.76140270046659,909,-1.6364,0,0
0.76140263046766,910,-1.636,0,0
0.76140256039175,911,-1.6356,0,0
0.76140249023887,912,-1.6352,0,0
0.76140242000901,913,-1.6348,0,0
0.76140234970218,914,-1.6344,0,0
0.76140227931838,915,-1.634,0,0
0.7614022088576,916,-1.6336,0,0
0.76140213831984,917,-1.6332,0,0
0.76140206770512,918,-1.6328,0,0
0.76140199701342,919,-1.6324,0,0
0.76140192624474,920,-1.632,0,0
0.76140185539909,921,-1.6316,0,0
0.76140178447646,922,-1.6312,0,0
0.76140171347686,923,-1.6308,0,0
0.76140164240029,924,-1.6304,0,0
0.76140157124674,925,-1.63,0,0
0.76140150001622,926,-1.6296,0,0
0.76140142870872,927,-1.6292,0,0
0.76140135732425,928,-1.6288,0,0
0.7614012858628,929,-1.6284,0,0
0.76140121432438,930,-1.628,0,0
0.76140114270898,931,-1.6276,0,0
0.76140107101661,932,-1.6272,0,0
0.76140099924726,933,-1.6268,0,0
0.76140092740094,934,-1.6264,0,0
0.76140085547764,935,-1.626,0,0
0.76140078347737,936,-1.6256,0,0
0.76140071140012,937,-1.6252,0,0
0.7614006392459,938,-1.6248,0,0
0.7614005670147,939,-1.6244,0,0
0.76140049470653,940,-1.624,0,0
0.76140042232139,941,-1.6236,0,0
0.76140034985926,942,-1.6232,0,0
0.76140027732017,943,-1.6228,0,0
0.76140020470409,944,-1.6224,0,0
0.76140013201105,945,-1.622,0,0
0.76140005924102,946,-1.6216,0,0
0.76139998639402,947,-1.6212,0,0
0.76139991347005,948,-1.6208,0,0
0.7613998404691,949,-1.6204,0,0
0.76139976739118,950,-1.62,0,0
0.76139969423628,951,-1.6196,0,0
0.7613996210044,952,-1.6192,0,0
0.76139954769555,953,-1.6188,0,0
0.76139947430972,954,-1.6184,0,0
0.76139940084692,955,-1.618,0,0
0.76139932730714,956,-1.6176,0,0
0.76139925369039,957,-1.6172,0,0
0.76139917999666,958,-1.6168,0,0
0.76139910622596,959,-1.6164,0,0
0.76139903237827,960,-1.616,0,0
0.76139895845362,961,-1.6156,0,0
0.76139888445199,962,-1.6152,0,0
0.76139881037338,963,-1.6148,0,0
0.76139873621779,964,-1.6144,0,0
0.76139866198523,965,-1.614,0,0
0.7613985876757,966,-1.6136,0,0
0.76139851328918,967,-1.6132,0,0
0.7613984388257,968,-1.6128,0,0
0.76139836428523,969,-1.6124,0,0
0.76139828966779,970,-1.612,0,0
0.76139821497337,971,-1.6116,0,0
0.76139814020198,972,-1.6112,0,0
0.76139806535361,973,-1.6108,0,0
0.76139799042827,974,-1.6104,0,0
0.76139791542595,975,-1.61,0,0
0.76139784034665,976,-1.6096,0,0
0.76139776519037,977,-1.6092,0,0
0.76139768995712,978,-1.6088,0,0
0.7613976146469,979,-1.6084,0,0
0.76139753925969,980,-1.608,0,0
0.76139746379551,981,-1.6076,0,0
0.76139738825435,982,-1.6072,0,0
0.76139731263622,983,-1.6068,0,0
0.76139723694111,984,-1.6064,0,0
0.76139716116903,985,-1.606,0,0
0.76139708531996,986,-1.6056,0,0
0.76139700939392,987,-1.6052,0,0
0.76139693339091,988,-1.6048,0,0
0.76139685731091,989,-1.6044,0,0
0.76139678115394,990,-1.604,0,0
0.76139670491999,991,-1.6036,0,0
0.76139662860907,992,-1.6032,0,0
0.76139655222117,993,-1.6028,0,0
0.76139647575629,994,-1.6024,0,0
0.76139639921444,995,-1.602,0,0
0.7613963225956,996,-1.6016,0,0
0.7613962458998,997,-1.6012,0,0
0.76139616912701,998,-1.6008,0,0
0.76139609227725,999,-1.6004,0,0
0.7613960153505,1000,-1.6,0,0
0.76139593834679,1001,-1.5996,0,0
0.76139586126609,1002,-1.5992,0,0
0.76139578410842,1003,-1.5988,0,0
0.76139570687377,1004,-1.5984,0,0
0.76139562956214,1005,-1.598,0,0
0.76139555217354,1006,-1.5976,0,0
0.76139547470796,1007,-1.5972,0,0
0.7613953971654,1008,-1.5968,0,0
0.76139531954586,1009,-1.5964,0,0
0.76139524184935,1010,-1.596,0,0
0.76139516407585,1011,-1.5956,0,0
0.76139508622538,1012,-1.5952,0,0
0.76139500829794,1013,-1.5948,0,0
0.76139493029351,1014,-1.5944,0,0
0.76139485221211,1015,-1.594,0,0
0.76139477405373,1016,-1.5936,0,0
0.76139469581837,1017,-1.5932,0,0
0.76139461750604,1018,-1.5928,0,0
0.76139453911672,1019,-1.5924,0,0
0.76139446065043,1020,-1.592,0,0
0.76139438210716,1021,-1.5916,0,0
0.76139430348691,1022,-1.5912,0,0
0.76139422478969,1023,-1.5908,0,0
0.76139414601548,1024,-1.5904,0,0
0.7613940671643,1025,-1.59,0,0
0.76139398823614,1026,-1.5896,0,0
0.761393909231,1027,-1.5892,0,0
0.76139383014889,1028,-1.5888,0,0
0.76139375098979,1029,-1.5884,0,0
0.76139367175372,1030,-1.588,0,0
0.76139359244067,1031,-1.5876,0,0
0.76139351305064,1032,-1.5872,0,0
0.76139343358363,1033,-1.5868,0,0
0.76139335403964,1034,-1.5864,0,0
0.76139327441868,1035,-1.586,0,0
0.76139319472073,1036,-1.5856,0,0
0.76139311494581,1037,-1.5852,0,0
0.76139303509391,1038,-1.5848,0,0
0.76139295516503,1039,-1.5844,0,0
0.76139287515917,1040,-1.584,0,0
0.76139279507634,1041,-1.5836,0,0
0.76139271491652,1042,-1.5832,0,0
0.76139263467973,1043,-1.5828,0,0
0.76139255436596,1044,-1.5824,0,0
0.7613924739752,1045,-1.582,0,0
0.76139239350747,1046,-1.5816,0,0
0.76139231296276,1047,-1.5812,0,0
0.76139223234108,1048,-1.5808,0,0
0.76139215164241,1049,-1.5804,0,0
0.76139207086676,1050,-1.58,0,0
0.76139199001414,1051,-1.5796,0,0
0.76139190908453,1052,-1.5792,0,0
0.76139182807795,1053,-1.5788,0,0
0.76139174699439,1054,-1.5784,0,0
0.76139166583384,1055,-1.578,0,0
0.76139158459632,1056,-1.5776,0,0
0.76139150328182,1057,-1.5772,0,0
0.76139142189034,1058,-1.5768,0,0
0.76139134042188,1059,-1.5764,0,0
0.76139125887644,1060,-1.576,0,0
0.76139117725403,1061,-1.5756,0,0
0.76139109555463,1062,-1.5752,0,0
0.76139101377825,1063,-1.5748,0,0
0.76139093192489,1064,-1.5744,0,0
0.76139084999456,1065,-1.574,0,0
0.76139076798724,1066,-1.5736,0,0
0.76139068590295,1067,-1.5732,0,0
0.76139060374167,1068,-1.5728,0,0
0.76139052150342,1069,-1.5724,0,0
0.76139043918818,1070,-1.572,0,0
0.76139035679597,1071,-1.5716,0,0
0.76139027432677,1072,-1.5712,0,0
0.7613901917806,1073,-1.5708,0,0
0.76139010915744,1074,-1.5704,0,0
0.76139002645731,1075,-1.57,0,0
0.76138994368019,1076,-1.5696,0,0
0.7613898608261,1077,-1.5692,0,0
0.76138977789502,1078,-1.5688,0,0
0.76138969488697,1079,-1.5684,0,0
0.76138961180193,1080,-1.568,0,0
0.76138952863992,1081,-1.5676,0,0
0.76138944540092,1082,-1.5672,0,0
0.76138936208495,1083,-1.5668,0,0
0.76138927869199,1084,-1.5664,0,0
0.76138919522206,1085,-1.566,0,0
0.76138911167514,1086,-1.5656,0,0
0.76138902805124,1087,-1.5652,0,0
0.76138894435036,1088,-1.5648,0,0
0.76138886057251,1089,-1.5644,0,0
0.76138877671767,1090,-1.564,0,0
0.76138869278585,1091,-1.5636,0,0
0.76138860877705,1092,-1.5632,0,0
0.76138852469127,1093,-1.5628,0,0
0.76138844052851,1094,-1.5624,0,0
0.76138835628876,1095,-1.562,0,0
0.76138827197204,1096,-1.5616,0,0
0.76138818757834,1097,-1.5612,0,0
0.76138810310765,1098,-1.5608,0,0
0.76138801855999,1099,-1.5604,0,0
0.76138793393534,1100,-1.56,0,0
0.76138784923371,1101,-1.5596,0,0
0.7613877644551,1102,-1.5592,0,0
0.76138767959951,1103,-1.5588,0,0
0.76138759466694,1104,-1.5584,0,0
0.76138750965739,1105,-1.558,0,0
0.76138742457086,1106,-1.5576,0,0
0.76138733940734,1107,-1.5572,0,0
0.76138725416685,1108,-1.5568,0,0
0.76138716884937,1109,-1.5564,0,0
0.76138708345491,1110,-1.556,0,0
0.76138699798347,1111,-1.5556,0,0
0.76138691243505,1112,-1.5552,0,0
0.76138682680965,1113,-1.5548,0,0
0.76138674110726,1114,-1.5544,0,0
0.7613866553279,1115,-1.554,0,0
0.76138656947155,1116,-1.5536,0,0
0.76138648353822,1117,-1.5532,0,0
0.76138639752791,1118,-1.5528,0,0
0.76138631144062,1119,-1.5524,0,0
0.76138622527634,1120,-1.552,0,0
0.76138613903509,1121,-1.5516,0,0
0.76138605271685,1122,-1.5512,0,0
0.76138596632163,1123,-1.5508,0,0
0.76138587984943,1124,-1.5504,0,0
0.76138579330025,1125,-1.55,0,0
0.76138570667408,1126,-1.5496,0,0
0.76138561997093,1127,-1.5492,0,0
0.7613855331908,1128,-1.5488,0,0
0.76138544633369,1129,-1.5484,0,0
0.7613853593996,1130,-1.548,0,0
0.76138527238852,1131,-1.5476,0,0
0.76138518530046,1132,-1.5472,0,0
0.76138509813542,1133,-1.5468,0,0
0.7613850108934,1134,-1.5464,0,0
0.76138492357439,1135,-1.546,0,0
0.76138483617841,1136,-1.5456,0,0
0.76138474870544,1137,-1.5452,0,0
0.76138466115548,1138,-1.5448,0,0
0.76138457352855,1139,-1.5444,0,0
0.76138448582463,1140,-1.544,0,0
0.76138439804373,1141,-1.5436,0,0
0.76138431018585,1142,-1.5432,0,0
0.76138422225098,1143,-1.5428,0,0
0.76138413423913,1144,-1.5424,0,0
0.7613840461503,1145,-1.542,0,0
0.76138395798449,1146,-1.5416,0,0
0.76138386974169,1147,-1.5412,0,0
0.76138378142191,1148,-1.5408,0,0
0.76138369302515,1149,-1.5404,0,0
0.7613836045514,1150,-1.54,0,0
0.76138351600067,1151,-1.5396,0,0
0.76138342737296,1152,-1.5392,0,0
0.76138333866827,1153,-1.5388,0,0
0.76138324988659,1154,-1.5384,0,0
0.76138316102793,1155,-1.538,0,0
0.76138307209228,1156,-1.5376,0,0
0.76138298307965,1157,-1.5372,0,0
0.76138289399004,1158,-1.5368,0,0
0.76138280482345,1159,-1.5364,0,0
0.76138271557987,1160,-1.536,0,0
0.76138262625931,1161,-1.5356,0,0
0.76138253686176,1162,-1.5352,0,0
0.76138244738724,1163,-1.5348,0,0
0.76138235783572,1164,-1.5344,0,0
0.76138226820723,1165,-1.534,0,0
0.76138217850175,1166,-1.5336,0,0
0.76138208871929,1167,-1.5332,0,0
0.76138199885984,1168,-1.5328,0,0
0.76138190892341,1169,-1.5324,0,0
0.76138181891,1170,-1.532,0,0
0.7613817288196,1171,-1.5316,0,0
0.76138163865222,1172,-1.5312,0,0
0.76138154840785,1173,-1.5308,0,0
0.7613814580865,1174,-1.5304,0,0
0.76138136768817,1175,-1.53,0,0
0.76138127721285,1176,-1.5296,0,0
0.76138118666055,1177,-1.5292,0,0
0.76138109603126,1178,-1.5288,0,0
0.76138100532499,1179,-1.5284,0,0
0.76138091454174,1180,-1.528,0,0
0.7613808236815,1181,-1.5276,0,0
0.76138073274427,1182,-1.5272,0,0
0.76138064173007,1183,-1.5268,0,0
0.76138055063887,1184,-1.5264,0,0
0.7613804594707,1185,-1.526,0,0
0.76138036822554,1186,-1.5256,0,0
0.76138027690339,1187,-1.5252,0,0
0.76138018550426,1188,-1.5248,0,0
0.76138009402815,1189,-1.5244,0,0
0.76138000247505,1190,-1.524,0,0
0.76137991084496,1191,-1.5236,0,0
0.76137981913789,1192,-1.5232,0,0
0.76137972735384,1193,-1.5228,0,0
0.7613796354928,1194,-1.5224,0,0
0.76137954355478,1195,-1.522,0,0
0.76137945153977,1196,-1.5216,0,0
0.76137935944778,1197,-1.5212,0,0
0.7613792672788,1198,-1.5208,0,0
0.76137917503284,1199,-1.5204,0,0
0.76137908270989,1200,-1.52,0,0
0.76137899030995,1201,-1.5196,0,0
0.76137889783304,1202,-1.5192,0,0
0.76137880527913,1203,-1.5188,0,0
0.76137871264824,1204,-1.5184,0,0
0.76137861994037,1205,-1.518,0,0
0.76137852715551,1206,-1.5176,0,0
0.76137843429366,1207,-1.5172,0,0
0.76137834135483,1208,-1.5168,0,0
0.76137824833902,1209,-1.5164,0,0
0.76137815524621,1210,-1.516,0,0
0.76137806207643,1211,-1.5156,0,0
0.76137796882965,1212,-1.5152,0,0
0.7613778755059,1213,-1.5148,0,0
0.76137778210515,1214,-1.5144,0,0
0.76137768862742,1215,-1.514,0,0
0.76137759507271,1216,-1.5136,0,0
0.76137750144101,1217,-1.5132,0,0
0.76137740773232,1218,-1.5128,0,0
0.76137731394664,1219,-1.5124,0,0
0.76137722008399,1220,-1.512,0,0
0.76137712614434,1221,-1.5116,0,0
0.76137703212771,1222,-1.5112,0,0
0.76137693803409,1223,-1.5108,0,0
0.76137684386349,1224,-1.5104,0,0
0.7613767496159,1225,-1.51,0,0
0.76137665529132,1226,-1.5096,0,0
0.76137656088976,1227,-1.5092,0,0
0.76137646641121,1228,-1.5088,0,0
0.76137637185568,1229,-1.5084,0,0
0.76137627722315,1230,-1.508,0,0
0.76137618251365,1231,-1.5076,0,0
0.76137608772715,1232,-1.5072,0,0
0.76137599286367,1233,-1.5068,0,0
0.7613758979232,1234,-1.5064,0,0
0.76137580290575,1235,-1.506,0,0
0.76137570781131,1236,-1.5056,0,0
0.76137561263988,1237,-1.5052,0,0
0.76137551739147,1238,-1.5048,0,0
0.76137542206607,1239,-1.5044,0,0
0.76137532666368,1240,-1.504,0,0
0.7613752311843,1241,-1.5036,0,0
0.76137513562794,1242,-1.5032,0,0
0.76137503999459,1243,-1.5028,0,0
0.76137494428426,1244,-1.5024,0,0
0.76137484849694,1245,-1.502,0,0
0.76137475263263,1246,-1.5016,0,0
0.76137465669133,1247,-1.5012,0,0
0.76137456067305,1248,-1.5008,0,0
0.76137446457777,1249,-1.5004,0,0
0.76137436840551,1250,-1.5,0,0
0.76137427215627,1251,-1.4996,0,0
0.76137417583004,1252,-1.4992,0,0
0.76137407942681,1253,-1.4988,0,0
0.76137398294661,1254,-1.4984,0,0
0.76137388638941,1255,-1.498,0,0
0.76137378975523,1256,-1.4976,0,0
0.76137369304406,1257,-1.4972,0,0
0.7613735962559,1258,-1.4968,0,0
0.76137349939075,1259,-1.4964,0,0
0.76137340244862,1260,-1.496,0,0
0.76137330542949,1261,-1.4956,0,0
0.76137320833338,1262,-1.4952,0,0
0.76137311116029,1263,-1.4948,0,0
0.7613730139102,1264,-1.4944,0,0
0.76137291658313,1265,-1.494,0,0
0.76137281917907,1266,-1.4936,0,0
0.76137272169802,1267,-1.4932,0,0
0.76137262413998,1268,-1.4928,0,0
0.76137252650495,1269,-1.4924,0,0
0.76137242879294,1270,-1.492,0,0
0.76137233100394,1271,-1.4916,0,0
0.76137223313795,1272,-1.4912,0,0
0.76137213519497,1273,-1.4908,0,0
0.761372037175,1274,-1.4904,0,0
0.76137193907804,1275,-1.49,0,0
0.7613718409041,1276,-1.4896,0,0
0.76137174265317,1277,-1.4892,0,0
0.76137164432524,1278,-1.4888,0,0
0.76137154592033,1279,-1.4884,0,0
0.76137144743844,1280,-1.488,0,0
0.76137134887955,1281,-1.4876,0,0
0.76137125024367,1282,-1.4872,0,0
0.76137115153081,1283,-1.4868,0,0
0.76137105274095,1284,-1.4864,0,0
0.76137095387411,1285,-1.486,0,0
0.76137085493028,1286,-1.4856,0,0
0.76137075590946,1287,-1.4852,0,0
0.76137065681165,1288,-1.4848,0,0
0.76137055763685,1289,-1.4844,0,0
0.76137045838506,1290,-1.484,0,0
0.76137035905629,1291,-1.4836,0,0
0.76137025965052,1292,-1.4832,0,0
0.76137016016776,1293,-1.4828,0,0
0.76137006060802,1294,-1.4824,0,0
0.76136996097129,1295,-1.482,0,0
0.76136986125756,1296,-1.4816,0,0
0.76136976146685,1297,-1.4812,0,0
0.76136966159915,1298,-1.4808,0,0
0.76136956165445,1299,-1.4804,0,0
0.76136946163277,1300,-1.48,0,0
0.7613693615341,1301,-1.4796,0,0
0.76136926135844,1302,-1.4792,0,0
0.76136916110579,1303,-1.4788,0,0
0.76136906077615,1304,-1.4784,0,0
0.76136896036952,1305,-1.478,0,0
0.7613688598859,1306,-1.4776,0,0
0.76136875932529,1307,-1.4772,0,0
0.76136865868769,1308,-1.4768,0,0
0.7613685579731,1309,-1.4764,0,0
0.76136845718152,1310,-1.476,0,0
0.76136835631295,1311,-1.4756,0,0
0.76136825536739,1312,-1.4752,0,0
0.76136815434484,1313,-1.4748,0,0
0.7613680532453,1314,-1.4744,0,0
0.76136795206877,1315,-1.474,0,0
0.76136785081525,1316,-1.4736,0,0
0.76136774948473,1317,-1.4732,0,0
0.76136764807723,1318,-1.4728,0,0
0.76136754659274,1319,-1.4724,0,0
0.76136744503126,1320,-1.472,0,0
0.76136734339278,1321,-1.4716,0,0
0.76136724167732,1322,-1.4712,0,0
0.76136713988486,1323,-1.4708,0,0
0.76136703801542,1324,-1.4704,0,0
0.76136693606898,1325,-1.47,0,0
0.76136683404555,1326,-1.4696,0,0
0.76136673194513,1327,-1.4692,0,0
0.76136662976773,1328,-1.4688,0,0
0.76136652751333,1329,-1.4684,0,0
0.76136642518193,1330,-1.468,0,0
0.76136632277355,1331,-1.4676,0,0
0.76136622028818,1332,-1.4672,0,0
0.76136611772581,1333,-1.4668,0,0
0.76136601508646,1334,-1.4664,0,0
0.76136591237011,1335,-1.466,0,0
0.76136580957677,1336,-1.4656,0,0
0.76136570670644,1337,-1.4652,0,0
0.76136560375912,1338,-1.4648,0,0
0.76136550073481,1339,-1.4644,0,0
0.76136539763351,1340,-1.464,0,0
0.76136529445521,1341,-1.4636,0,0
0.76136519119993,1342,-1.4632,0,0
0.76136508786765,1343,-1.4628,0,0
0.76136498445838,1344,-1.4624,0,0
0.76136488097211,1345,-1.462,0,0
0.76136477740886,1346,-1.4616,0,0
0.76136467376862,1347,-1.4612,0,0
0.76136457005138,1348,-1.4608,0,0
0.76136446625715,1349,-1.4604,0,0
0.76136436238593,1350,-1.46,0,0
0.76136425843771,1351,-1.4596,0,0
0.76136415441251,1352,-1.4592,0,0
0.76136405031031,1353,-1.4588,0,0
0.76136394613112,1354,-1.4584,0,0
0.76136384187494,1355,-1.458,0,0
0.76136373754177,1356,-1.4576,0,0
0.7613636331316,1357,-1.4572,0,0
0.76136352864444,1358,-1.4568,0,0
0.76136342408029,1359,-1.4564,0,0
0.76136331943914,1360,-1.456,0,0
0.76136321472101,1361,-1.4556,0,0
0.76136310992588,1362,-1.4552,0,0
0.76136300505376,1363,-1.4548,0,0
0.76136290010464,1364,-1.4544,0,0
0.76136279507854,1365,-1.454,0,0
0.76136268997544,1366,-1.4536,0,0
0.76136258479535,1367,-1.4532,0,0
0.76136247953826,1368,-1.4528,0,0
0.76136237420418,1369,-1.4524,0,0
0.76136226879311,1370,-1.452,0,0
0.76136216330505,1371,-1.4516,0,0
0.76136205773999,1372,-1.4512,0,0
0.76136195209794,1373,-1.4508,0,0
0.7613618463789,1374,-1.4504,0,0
0.76136174058286,1375,-1.45,0,0
0.76136163470983,1376,-1.4496,0,0
0.76136152875981,1377,-1.4492,0,0
0.76136142273279,1378,-1.4488,0,0
0.76136131662878,1379,-1.4484,0,0
0.76136121044778,1380,-1.448,0,0
0.76136110418978,1381,-1.4476,0,0
0.76136099785479,1382,-1.4472,0,0
0.76136089144281,1383,-1.4468,0,0
0.76136078495383,1384,-1.4464,0,0
0.76136067838786,1385,-1.446,0,0
0.7613605717449,1386,-1.4456,0,0
0.76136046502494,1387,-1.4452,0,0
0.76136035822798,1388,-1.4448,0,0
0.76136025135404,1389,-1.4444,0,0
0.7613601444031,1390,-1.444,0,0
0.76136003737516,1391,-1.4436,0,0
0.76135993027024,1392,-1.4432,0,0
0.76135982308831,1393,-1.4428,0,0
0.7613597158294,1394,-1.4424,0,0
0.76135960849349,1395,-1.442,0,0
0.76135950108058,1396,-1.4416,0,0
0.76135939359068,1397,-1.4412,0,0
0.76135928602379,1398,-1.4408,0,0
0.7613591783799,1399,-1.4404,0,0
0.76135907065902,1400,-1.44,0,0
0.76135896286114,1401,-1.4396,0,0
0.76135885498627,1402,-1.4392,0,0
0.7613587470344,1403,-1.4388,0,0
0.76135863900554,1404,-1.4384,0,0
0.76135853089969,1405,-1.438,0,0
0.76135842271684,1406,-1.4376,0,0
0.76135831445699,1407,-1.4372,0,0
0.76135820612015,1408,-1.4368,0,0
0.76135809770632,1409,-1.4364,0,0
0.76135798921549,1410,-1.436,0,0
0.76135788064766,1411,-1.4356,0,0
0.76135777200284,1412,-1.4352,0,0
0.76135766328103,1413,-1.4348,0,0
0.76135755448222,1414,-1.4344,0,0
0.76135744560641,1415,-1.434,0,0
0.76135733665361,1416,-1.4336,0,0
0.76135722762382,1417,-1.4332,0,0
0.76135711851703,1418,-1.4328,0,0
0.76135700933324,1419,-1.4324,0,0
0.76135690007246,1420,-1.432,0,0
0.76135679073468,1421,-1.4316,0,0
0.76135668131991,1422,-1.4312,0,0
0.76135657182814,1423,-1.4308,0,0
0.76135646225937,1424,-1.4304,0,0
0.76135635261361,1425,-1.43,0,0
0.76135624289086,1426,-1.4296,0,0
0.76135613309111,1427,-1.4292,0,0
0.76135602321436,1428,-1.4288,0,0
0.76135591326062,1429,-1.4284,0,0
0.76135580322988,1430,-1.428,0,0
0.76135569312214,1431,-1.4276,0,0
0.76135558293741,1432,-1.4272,0,0
0.76135547267568,1433,-1.4268,0,0
0.76135536233696,1434,-1.4264,0,0
0.76135525192124,1435,-1.426,0,0
0.76135514142852,1436,-1.4256,0,0
0.76135503085881,1437,-1.4252,0,0
0.7613549202121,1438,-1.4248,0,0
0.7613548094884,1439,-1.4244,0,0
0.76135469868769,1440,-1.424,0,0
0.76135458781,1441,-1.4236,0,0
0.7613544768553,1442,-1.4232,0,0
0.76135436582361,1443,-1.4228,0,0
0.76135425471492,1444,-1.4224,0,0
0.76135414352924,1445,-1.422,0,0
0.76135403226656,1446,-1.4216,0,0
0.76135392092688,1447,-1.4212,0,0
0.7613538095102,1448,-1.4208,0,0
0.76135369801653,1449,-1.4204,0,0
0.76135358644586,1450,-1.42,0,0
0.76135347479819,1451,-1.4196,0,0
0.76135336307353,1452,-1.4192,0,0
0.76135325127187,1453,-1.4188,0,0
0.76135313939321,1454,-1.4184,0,0
0.76135302743755,1455,-1.418,0,0
0.7613529154049,1456,-1.4176,0,0
0.76135280329525,1457,-1.4172,0,0
0.7613526911086,1458,-1.4168,0,0
0.76135257884496,1459,-1.4164,0,0
0.76135246650432,1460,-1.416,0,0
0.76135235408668,1461,-1.4156,0,0
0.76135224159204,1462,-1.4152,0,0
0.7613521290204,1463,-1.4148,0,0
0.76135201637177,1464,-1.4144,0,0
0.76135190364614,1465,-1.414,0,0
0.76135179084351,1466,-1.4136,0,0
0.76135167796389,1467,-1.4132,0,0
0.76135156500726,1468,-1.4128,0,0
0.76135145197364,1469,-1.4124,0,0
0.76135133886302,1470,-1.412,0,0
0.7613512256754,1471,-1.4116,0,0
0.76135111241078,1472,-1.4112,0,0
0.76135099906917,1473,-1.4108,0,0
0.76135088565055,1474,-1.4104,0,0
0.76135077215494,1475,-1.41,0,0
0.76135065858233,1476,-1.4096,0,0
0.76135054493272,1477,-1.4092,0,0
0.76135043120612,1478,-1.4088,0,0
0.76135031740251,1479,-1.4084,0,0
0.76135020352191,1480,-1.408,0,0
0.7613500895643,1481,-1.4076,0,0
0.7613499755297,1482,-1.4072,0,0
0.7613498614181,1483,-1.4068,0,0
0.7613497472295,1484,-1.4064,0,0
0.76134963296391,1485,-1.406,0,0
0.76134951862131,1486,-1.4056,0,0
0.76134940420171,1487,-1.4052,0,0
0.76134928970512,1488,-1.4048,0,0
0.76134917513153,1489,-1.4044,0,0
0.76134906048093,1490,-1.404,0,0
0.76134894575334,1491,-1.4036,0,0
0.76134883094875,1492,-1.4032,0,0
0.76134871606716,1493,-1.4028,0,0
0.76134860110857,1494,-1.4024,0,0
0.76134848607298,1495,-1.402,0,0
0.76134837096039,1496,-1.4016,0,0
0.7613482557708,1497,-1.4012,0,0
0.76134814050422,1498,-1.4008,0,0
0.76134802516063,1499,-1.4004,0,0
0.76134790974004,1500,-1.4,0,0
0.76134779424245,1501,-1.3996,0,0
0.76134767866787,1502,-1.3992,0,0
0.76134756301628,1503,-1.3988,0,0
0.7613474472877,1504,-1.3984,0,0
0.76134733148211,1505,-1.398,0,0
0.76134721559952,1506,-1.3976,0,0
0.76134709963994,1507,-1.3972,0,0
0.76134698360335,1508,-1.3968,0,0
0.76134686748977,1509,-1.3964,0,0
0.76134675129918,1510,-1.396,0,0
0.76134663503159,1511,-1.3956,0,0
0.76134651868701,1512,-1.3952,0,0
0.76134640226542,1513,-1.3948,0,0
0.76134628576683,1514,-1.3944,0,0
0.76134616919124,1515,-1.394,0,0
0.76134605253865,1516,-1.3936,0,0
0.76134593580906,1517,-1.3932,0,0
0.76134581900247,1518,-1.3928,0,0
0.76134570211888,1519,-1.3924,0,0
0.76134558515829,1520,-1.392,0,0
0.7613454681207,1521,-1.3916,0,0
0.76134535100611,1522,-1.3912,0,0
0.76134523381451,1523,-1.3908,0,0
0.76134511654592,1524,-1.3904,0,0
0.76134499920032,1525,-1.39,0,0
0.76134488177772,1526,-1.3896,0,0
0.76134476427813,1527,-1.3892,0,0
0.76134464670153,1528,-1.3888,0,0
0.76134452904793,1529,-1.3884,0,0
0.76134441131732,1530,-1.388,0,0
0.76134429350972,1531,-1.3876,0,0
0.76134417562512,1532,-1.3872,0,0
0.76134405766351,1533,-1.3868,0,0
0.7613439396249,1534,-1.3864,0,0
0.76134382150929,1535,-1.386,0,0
0.76134370331668,1536,-1.3856,0,0
0.76134358504707,1537,-1.3852,0,0
0.76134346670046,1538,-1.3848,0,0
0.76134334827684,1539,-1.3844,0,0
0.76134322977622,1540,-1.384,0,0
0.7613431111986,1541,-1.3836,0,0
0.76134299254398,1542,-1.3832,0,0
0.76134287381236,1543,-1.3828,0,0
0.76134275500373,1544,-1.3824,0,0
0.7613426361181,1545,-1.382,0,0
0.76134251715547,1546,-1.3816,0,0
0.76134239811584,1547,-1.3812,0,0
0.76134227899921,1548,-1.3808,0,0
0.76134215980557,1549,-1.3804,0,0
0.76134204053493,1550,-1.38,0,0
0.76134192118729,1551,-1.3796,0,0
0.76134180176264,1552,-1.3792,0,0
0.761341682261,1553,-1.3788,0,0
0.76134156268235,1554,-1.3784,0,0
0.7613414430267,1555,-1.378,0,0
0.76134132329404,1556,-1.3776,0,0
0.76134120348438,1557,-1.3772,0,0
0.76134108359772,1558,-1.3768,0,0
0.76134096363406,1559,-1.3764,0,0
0.76134084359339,1560,-1.376,0,0
0.76134072347572,1561,-1.3756,0,0
0.76134060328105,1562,-1.3752,0,0
0.76134048300938,1563,-1.3748,0,0
0.7613403626607,1564,-1.3744,0,0
0.76134024223501,1565,-1.374,0,0
0.76134012173233,1566,-1.3736,0,0
0.76134000115264,1567,-1.3732,0,0
0.76133988049595,1568,-1.3728,0,0
0.76133975976225,1569,-1.3724,0,0
0.76133963895155,1570,-1.372,0,0
0.76133951806385,1571,-1.3716,0,0
0.76133939709915,1572,-1.3712,0,0
0.76133927605744,1573,-1.3708,0,0
0.76133915493872,1574,-1.3704,0,0
0.761339033743,1575,-1.37,0,0
0.76133891247028,1576,-1.3696,0,0
0.76133879112056,1577,-1.3692,0,0
0.76133866969383,1578,-1.3688,0,0
0.7613385481901,1579,-1.3684,0,0
0.76133842660936,1580,-1.368,0,0
0.76133830495162,1581,-1.3676,0,0
0.76133818321687,1582,-1.3672,0,0
0.76133806140512,1583,-1.3668,0,0
0.76133793951637,1584,-1.3664,0,0
0.76133781755061,1585,-1.366,0,0
0.76133769550784,1586,-1.3656,0,0
0.76133757338808,1587,-1.3652,0,0
0.76133745119131,1588,-1.3648,0,0
0.76133732891753,1589,-1.3644,0,0
0.76133720656675,1590,-1.364,0,0
0.76133708413896,1591,-1.3636,0,0
0.76133696163417,1592,-1.3632,0,0
0.76133683905237,1593,-1.3628,0,0
0.76133671639357,1594,-1.3624,0,0
0.76133659365777,1595,-1.362,0,0
0.76133647084496,1596,-1.3616,0,0
0.76133634795514,1597,-1.3612,0,0
0.76133622498832,1598,-1.3608,0,0
0.7613361019445,1599,-1.3604,0,0
0.76133597882366,1600,-1.36,0,0
0.76133585562583,1601,-1.3596,0,0
0.76133573235099,1602,-1.3592,0,0
0.76133560899914,1603,-1.3588,0,0
0.76133548557029,1604,-1.3584,0,0
0.76133536206443,1605,-1.358,0,0
0.76133523848157,1606,-1.3576,0,0
0.7613351148217,1607,-1.3572,0,0
0.76133499108482,1608,-1.3568,0,0
0.76133486727094,1609,-1.3564,0,0
0.76133474338005,1610,-1.356,0,0
0.76133461941216,1611,-1.3556,0,0
0.76133449536726,1612,-1.3552,0,0
0.76133437124536,1613,-1.3548,0,0
0.76133424704645,1614,-1.3544,0,0
0.76133412277053,1615,-1.354,0,0
0.76133399841761,1616,-1.3536,0,0
0.76133387398768,1617,-1.3532,0,0
0.76133374948074,1618,-1.3528,0,0
0.7613336248968,1619,-1.3524,0,0
0.76133350023586,1620,-1.352,0,0
0.7613333754979,1621,-1.3516,0,0
0.76133325068294,1622,-1.3512,0,0
0.76133312579097,1623,-1.3508,0,0
0.761333000822,1624,-1.3504,0,0
0.76133287577602,1625,-1.35,0,0
0.76133275065303,1626,-1.3496,0,0
0.76133262545304,1627,-1.3492,0,0
0.76133250017604,1628,-1.3488,0,0
0.76133237482203,1629,-1.3484,0,0
0.76133224939101,1630,-1.348,0,0
0.76133212388299,1631,-1.3476,0,0
0.76133199829796,1632,-1.3472,0,0
0.76133187263593,1633,-1.3468,0,0
0.76133174689688,1634,-1.3464,0,0
0.76133162108083,1635,-1.346,0,0
0.76133149518777,1636,-1.3456,0,0
0.76133136921771,1637,-1.3452,0,0
0.76133124317064,1638,-1.3448,0,0
0.76133111704656,1639,-1.3444,0,0
0.76133099084547,1640,-1.344,0,0
0.76133086456737,1641,-1.3436,0,0
0.76133073821227,1642,-1.3432,0,0
0.76133061178016,1643,-1.3428,0,0
0.76133048527104,1644,-1.3424,0,0
0.76133035868491,1645,-1.342,0,0
0.76133023202178,1646,-1.3416,0,0
0.76133010528164,1647,-1.3412,0,0
0.76132997846448,1648,-1.3408,0,0
0.76132985157033,1649,-1.3404,0,0
0.76132972459916,1650,-1.34,0,0
0.76132959755098,1651,-1.3396,0,0
0.7613294704258,1652,-1.3392,0,0
0.76132934322361,1653,-1.3388,0,0
0.76132921594441,1654,-1.3384,0,0
0.7613290885882,1655,-1.338,0,0
0.76132896115498,1656,-1.3376,0,0
0.76132883364476,1657,-1.3372,0,0
0.76132870605752,1658,-1.3368,0,0
0.76132857839328,1659,-1.3364,0,0
0.76132845065203,1660,-1.336,0,0
0.76132832283377,1661,-1.3356,0,0
0.7613281949385,1662,-1.3352,0,0
0.76132806696622,1663,-1.3348,0,0
0.76132793891693,1664,-1.3344,0,0
0.76132781079064,1665,-1.334,0,0
0.76132768258733,1666,-1.3336,0,0
0.76132755430702,1667,-1.3332,0,0
0.7613274259497,1668,-1.3328,0,0
0.76132729751536,1669,-1.3324,0,0
0.76132716900402,1670,-1.332,0,0
0.76132704041567,1671,-1.3316,0,0
0.76132691175031,1672,-1.3312,0,0
0.76132678300794,1673,-1.3308,0,0
0.76132665418856,1674,-1.3304,0,0
0.76132652529217,1675,-1.33,0,0
0.76132639631877,1676,-1.3296,0,0
0.76132626726836,1677,-1.3292,0,0
0.76132613814094,1678,-1.3288,0,0
0.76132600893651,1679,-1.3284,0,0
0.76132587965507,1680,-1.328,0,0
0.76132575029662,1681,-1.3276,0,0
0.76132562086116,1682,-1.3272,0,0
0.76132549134869,1683,-1.3268,0,0
0.76132536175921,1684,-1.3264,0,0
0.76132523209272,1685,-1.326,0,0
0.76132510234922,1686,-1.3256,0,0
0.76132497252871,1687,-1.3252,0,0
0.76132484263119,1688,-1.3248,0,0
0.76132471265666,1689,-1.3244,0,0
0.76132458260512,1690,-1.324,0,0
0.76132445247656,1691,-1.3236,0,0
0.761324322271,1692,-1.3232,0,0
0.76132419198843,1693,-1.3228,0,0
0.76132406162884,1694,-1.3224,0,0
0.76132393119225,1695,-1.322,0,0
0.76132380067864,1696,-1.3216,0,0
0.76132367008802,1697,-1.3212,0,0
0.76132353942039,1698,-1.3208,0,0
0.76132340867575,1699,-1.3204,0,0
0.7613232778541,1700,-1.32,0,0
0.76132314695544,1701,-1.3196,0,0
0.76132301597977,1702,-1.3192,0,0
0.76132288492708,1703,-1.3188,0,0
0.76132275379739,1704,-1.3184,0,0
0.76132262259068,1705,-1.318,0,0
0.76132249130696,1706,-1.3176,0,0
0.76132235994623,1707,-1.3172,0,0
0.76132222850849,1708,-1.3168,0,0
0.76132209699373,1709,-1.3164,0,0
0.76132196540197,1710,-1.316,0,0
0.76132183373319,1711,-1.3156,0,0
0.7613217019874,1712,-1.3152,0,0
0.7613215701646,1713,-1.3148,0,0
0.76132143826478,1714,-1.3144,0,0
0.76132130628796,1715,-1.314,0,0
0.76132117423412,1716,-1.3136,0,0
0.76132104210327,1717,-1.3132,0,0
0.76132090989541,1718,-1.3128,0,0
0.76132077761053,1719,-1.3124,0,0
0.76132064524865,1720,-1.312,0,0
0.76132051280975,1721,-1.3116,0,0
0.76132038029383,1722,-1.3112,0,0
0.76132024770091,1723,-1.3108,0,0
0.76132011503097,1724,-1.3104,0,0
0.76131998228402,1725,-1.31,0,0
0.76131984946006,1726,-1.3096,0,0
0.76131971655908,1727,-1.3092,0,0
0.7613195835811,1728,-1.3088,0,0
0.76131945052609,1729,-1.3084,0,0
0.76131931739408,1730,-1.308,0,0
0.76131918418505,1731,-1.3076,0,0
0.76131905089901,1732,-1.3072,0,0
0.76131891753596,1733,-1.3068,0,0
0.76131878409589,1734,-1.3064,0,0
0.76131865057881,1735,-1.306,0,0
0.76131851698472,1736,-1.3056,0,0
0.76131838331361,1737,-1.3052,0,0
0.76131824956549,1738,-1.3048,0,0
0.76131811574035,1739,-1.3044,0,0
0.7613179818382,1740,-1.304,0,0
0.76131784785904,1741,-1.3036,0,0
0.76131771380287,1742,-1.3032,0,0
0.76131757966968,1743,-1.3028,0,0
0.76131744545947,1744,-1.3024,0,0
0.76131731117226,1745,-1.302,0,0
0.76131717680803,1746,-1.3016,0,0
0.76131704236678,1747,-1.3012,0,0
0.76131690784852,1748,-1.3008,0,0
0.76131677325325,1749,-1.3004,0,0
0.76131663858096,1750,-1.3,0,0
0.76131650383166,1751,-1.2996,0,0
0.76131636900534,1752,-1.2992,0,0
0.76131623410201,1753,-1.2988,0,0
0.76131609912166,1754,-1.2984,0,0
0.7613159640643,1755,-1.298,0,0
0.76131582892993,1756,-1.2976,0,0
0.76131569371854,1757,-1.2972,0,0
0.76131555843014,1758,-1.2968,0,0
0.76131542306472,1759,-1.2964,0,0
0.76131528762228,1760,-1.296,0,0
0.76131515210283,1761,-1.2956,0,0
0.76131501650637,1762,-1.2952,0,0
0.76131488083289,1763,-1.2948,0,0
0.7613147450824,1764,-1.2944,0,0
0.76131460925489,1765,-1.294,0,0
0.76131447335036,1766,-1.2936,0,0
0.76131433736882,1767,-1.2932,0,0
0.76131420131027,1768,-1.2928,0,0
0.76131406517469,1769,-1.2924,0,0
0.76131392896211,1770,-1.292,0,0
0.76131379267251,1771,-1.2916,0,0
0.76131365630589,1772,-1.2912,0,0
0.76131351986225,1773,-1.2908,0,0
0.7613133833416,1774,-1.2904,0,0
0.76131324674394,1775,-1.29,0,0
0.76131311006926,1776,-1.2896,0,0
0.76131297331756,1777,-1.2892,0,0
0.76131283648885,1778,-1.2888,0,0
0.76131269958312,1779,-1.2884,0,0
0.76131256260037,1780,-1.288,0,0
0.76131242554061,1781,-1.2876,0,0
0.76131228840383,1782,-1.2872,0,0
0.76131215119004,1783,-1.2868,0,0
0.76131201389923,1784,-1.2864,0,0
0.7613118765314,1785,-1.286,0,0
0.76131173908656,1786,-1.2856,0,0
0.7613116015647,1787,-1.2852,0,0
0.76131146396582,1788,-1.2848,0,0
0.76131132628993,1789,-1.2844,0,0
0.76131118853701,1790,-1.284,0,0
0.76131105070709,1791,-1.2836,0,0
0.76131091280014,1792,-1.2832,0,0
0.76131077481618,1793,-1.2828,0,0
0.7613106367552,1794,-1.2824,0,0
0.76131049861721,1795,-1.282,0,0
0.76131036040219,1796,-1.2816,0,0
0.76131022211016,1797,-1.2812,0,0
0.76131008374112,1798,-1.2808,0,0
0.76130994529505,1799,-1.2804,0,0
0.76130980677197,1800,-1.28,0,0
0.76130966817187,1801,-1.2796,0,0
0.76130952949475,1802,-1.2792,0,0
0.76130939074062,1803,-1.2788,0,0
0.76130925190946,1804,-1.2784,0,0
0.76130911300129,1805,-1.278,0,0
0.7613089740161,1806,-1.2776,0,0
0.7613088349539,1807,-1.2772,0,0
0.76130869581467,1808,-1.2768,0,0
0.76130855659843,1809,-1.2764,0,0
0.76130841730517,1810,-1.276,0,0
0.76130827793489,1811,-1.2756,0,0
0.76130813848759,1812,-1.2752,0,0
0.76130799896328,1813,-1.2748,0,0
0.76130785936195,1814,-1.2744,0,0
0.76130771968359,1815,-1.274,0,0
0.76130757992822,1816,-1.2736,0,0
0.76130744009583,1817,-1.2732,0,0
0.76130730018643,1818,-1.2728,0,0
0.7613071602,1819,-1.2724,0,0
0.76130702013655,1820,-1.272,0,0
0.76130687999609,1821,-1.2716,0,0
0.76130673977861,1822,-1.2712,0,0
0.7613065994841,1823,-1.2708,0,0
0.76130645911258,1824,-1.2704,0,0
0.76130631866404,1825,-1.27,0,0
0.76130617813848,1826,-1.2696,0,0
0.76130603753591,1827,-1.2692,0,0
0.76130589685631,1828,-1.2688,0,0
0.76130575609969,1829,-1.2684,0,0
0.76130561526605,1830,-1.268,0,0
0.7613054743554,1831,-1.2676,0,0
0.76130533336772,1832,-1.2672,0,0
0.76130519230303,1833,-1.2668,0,0
0.76130505116131,1834,-1.2664,0,0
0.76130490994258,1835,-1.266,0,0
0.76130476864682,1836,-1.2656,0,0
0.76130462727405,1837,-1.2652,0,0
0.76130448582425,1838,-1.2648,0,0
0.76130434429744,1839,-1.2644,0,0
0.76130420269361,1840,-1.264,0,0
0.76130406101275,1841,-1.2636,0,0
0.76130391925488,1842,-1.2632,0,0
0.76130377741998,1843,-1.2628,0,0
0.76130363550807,1844,-1.2624,0,0
0.76130349351913,1845,-1.262,0,0
0.76130335145317,1846,-1.2616,0,0
0.7613032093102,1847,-1.2612,0,0
0.7613030670902,1848,-1.2608,0,0
0.76130292479318,1849,-1.2604,0,0
0.76130278241914,1850,-1.26,0,0
0.76130263996808,1851,-1.2596,0,0
0.76130249744,1852,-1.2592,0,0
0.7613023548349,1853,-1.2588,0,0
0.76130221215278,1854,-1.2584,0,0
0.76130206939364,1855,-1.258,0,0
0.76130192655747,1856,-1.2576,0,0
0.76130178364428,1857,-1.2572,0,0
0.76130164065408,1858,-1.2568,0,0
0.76130149758685,1859,-1.2564,0,0
0.7613013544426,1860,-1.256,0,0
0.76130121122133,1861,-1.2556,0,0
0.76130106792303,1862,-1.2552,0,0
0.76130092454772,1863,-1.2548,0,0
0.76130078109538,1864,-1.2544,0,0
0.76130063756603,1865,-1.254,0,0
0.76130049395965,1866,-1.2536,0,0
0.76130035027624,1867,-1.2532,0,0
0.76130020651582,1868,-1.2528,0,0
0.76130006267838,1869,-1.2524,0,0
0.76129991876391,1870,-1.252,0,0
0.76129977477242,1871,-1.2516,0,0
0.76129963070391,1872,-1.2512,0,0
0.76129948655837,1873,-1.2508,0,0
0.76129934233581,1874,-1.2504,0,0
0.76129919803624,1875,-1.25,0,0
0.76129905365963,1876,-1.2496,0,0
0.76129890920601,1877,-1.2492,0,0
0.76129876467536,1878,-1.2488,0,0
0.76129862006769,1879,-1.2484,0,0
0.761298475383,1880,-1.248,0,0
0.76129833062129,1881,-1.2476,0,0
0.76129818578255,1882,-1.2472,0,0
0.76129804086679,1883,-1.2468,0,0
0.761297895874,1884,-1.2464,0,0
0.7612977508042,1885,-1.246,0,0
0.76129760565737,1886,-1.2456,0,0
0.76129746043351,1887,-1.2452,0,0
0.76129731513263,1888,-1.2448,0,0
0.76129716975473,1889,-1.2444,0,0
0.76129702429981,1890,-1.244,0,0
0.76129687876786,1891,-1.2436,0,0
0.76129673315889,1892,-1.2432,0,0
0.7612965874729,1893,-1.2428,0,0
0.76129644170988,1894,-1.2424,0,0
0.76129629586984,1895,-1.242,0,0
0.76129614995277,1896,-1.2416,0,0
0.76129600395868,1897,-1.2412,0,0
0.76129585788757,1898,-1.2408,0,0
0.76129571173943,1899,-1.2404,0,0
0.76129556551427,1900,-1.24,0,0
0.76129541921209,1901,-1.2396,0,0
0.76129527283288,1902,-1.2392,0,0
0.76129512637664,1903,-1.2388,0,0
0.76129497984338,1904,-1.2384,0,0
0.7612948332331,1905,-1.238,0,0
0.76129468654579,1906,-1.2376,0,0
0.76129453978146,1907,-1.2372,0,0
0.7612943929401,1908,-1.2368,0,0
0.76129424602172,1909,-1.2364,0,0
0.76129409902631,1910,-1.236,0,0
0.76129395195388,1911,-1.2356,0,0
0.76129380480442,1912,-1.2352,0,0
0.76129365757794,1913,-1.2348,0,0
0.76129351027444,1914,-1.2344,0,0
0.7612933628939,1915,-1.234,0,0
0.76129321543635,1916,-1.2336,0,0
0.76129306790177,1917,-1.2332,0,0
0.76129292029016,1918,-1.2328,0,0
0.76129277260153,1919,-1.2324,0,0
0.76129262483587,1920,-1.232,0,0
0.76129247699318,1921,-1.2316,0,0
0.76129232907347,1922,-1.2312,0,0
0.76129218107674,1923,-1.2308,0,0
0.76129203300298,1924,-1.2304,0,0
0.76129188485219,1925,-1.23,0,0
0.76129173662438,1926,-1.2296,0,0
0.76129158831954,1927,-1.2292,0,0
0.76129143993767,1928,-1.2288,0,0
0.76129129147878,1929,-1.2284,0,0
0.76129114294287,1930,-1.228,0,0
0.76129099432992,1931,-1.2276,0,0
0.76129084563995,1932,-1.2272,0,0
0.76129069687296,1933,-1.2268,0,0
0.76129054802893,1934,-1.2264,0,0
0.76129039910788,1935,-1.226,0,0
0.76129025010981,1936,-1.2256,0,0
0.76129010103471,1937,-1.2252,0,0
0.76128995188258,1938,-1.2248,0,0
0.76128980265342,1939,-1.2244,0,0
0.76128965334724,1940,-1.224,0,0
0.76128950396403,1941,-1.2236,0,0
0.76128935450379,1942,-1.2232,0,0
0.76128920496653,1943,-1.2228,0,0
0.76128905535224,1944,-1.2224,0,0
0.76128890566092,1945,-1.222,0,0
0.76128875589257,1946,-1.2216,0,0
0.7612886060472,1947,-1.2212,0,0
0.7612884561248,1948,-1.2208,0,0
0.76128830612537,1949,-1.2204,0,0
0.76128815604892,1950,-1.22,0,0
0.76128800589543,1951,-1.2196,0,0
0.76128785566492,1952,-1.2192,0,0
0.76128770535738,1953,-1.2188,0,0
0.76128755497282,1954,-1.2184,0,0
0.76128740451122,1955,-1.218,0,0
0.7612872539726,1956,-1.2176,0,0
0.76128710335695,1957,-1.2172,0,0
0.76128695266427,1958,-1.2168,0,0
0.76128680189456,1959,-1.2164,0,0
0.76128665104783,1960,-1.216,0,0
0.76128650012406,1961,-1.2156,0,0
0.76128634912327,1962,-1.2152,0,0
0.76128619804545,1963,-1.2148,0,0
0.7612860468906,1964,-1.2144,0,0
0.76128589565873,1965,-1.214,0,0
0.76128574434982,1966,-1.2136,0,0
0.76128559296388,1967,-1.2132,0,0
0.76128544150092,1968,-1.2128,0,0
0.76128528996093,1969,-1.2124,0,0
0.76128513834391,1970,-1.212,0,0
0.76128498664985,1971,-1.2116,0,0
0.76128483487877,1972,-1.2112,0,0
0.76128468303066,1973,-1.2108,0,0
0.76128453110553,1974,-1.2104,0,0
0.76128437910336,1975,-1.21,0,0
0.76128422702416,1976,-1.2096,0,0
0.76128407486793,1977,-1.2092,0,0
0.76128392263468,1978,-1.2088,0,0
0.76128377032439,1979,-1.2084,0,0
0.76128361793708,1980,-1.208,0,0
0.76128346547273,1981,-1.2076,0,0
0.76128331293136,1982,-1.2072,0,0
0.76128316031295,1983,-1.2068,0,0
0.76128300761751,1984,-1.2064,0,0
0.76128285484505,1985,-1.206,0,0
0.76128270199555,1986,-1.2056,0,0
0.76128254906903,1987,-1.2052,0,0
0.76128239606547,1988,-1.2048,0,0
0.76128224298489,1989,-1.2044,0,0
0.76128208982727,1990,-1.204,0,0
0.76128193659262,1991,-1.2036,0,0
0.76128178328094,1992,-1.2032,0,0
0.76128162989224,1993,-1.2028,0,0
0.7612814764265,1994,-1.2024,0,0
0.76128132288373,1995,-1.202,0,0
0.76128116926393,1996,-1.2016,0,0
0.7612810155671,1997,-1.2012,0,0
0.76128086179323,1998,-1.2008,0,0
0.76128070794234,1999,-1.2004,0,0
0.76128055401441,2000,-1.2,0,0
0.76128040000946,2001,-1.1996,0,0
0.76128024592747,2002,-1.1992,0,0
0.76128009176845,2003,-1.1988,0,0
0.7612799375324,2004,-1.1984,0,0
0.76127978321932,2005,-1.198,0,0
0.76127962882921,2006,-1.1976,0,0
0.76127947436206,2007,-1.1972,0,0
0.76127931981789,2008,-1.1968,0,0
0.76127916519668,2009,-1.1964,0,0
0.76127901049844,2010,-1.196,0,0
0.76127885572317,2011,-1.1956,0,0
0.76127870087086,2012,-1.1952,0,0
0.76127854594153,2013,-1.1948,0,0
0.76127839093516,2014,-1.1944,0,0
0.76127823585176,2015,-1.194,0,0
0.76127808069132,2016,-1.1936,0,0
0.76127792545386,2017,-1.1932,0,0
0.76127777013936,2018,-1.1928,0,0
0.76127761474783,2019,-1.1924,0,0
0.76127745927927,2020,-1.192,0,0
0.76127730373367,2021,-1.1916,0,0
0.76127714811105,2022,-1.1912,0,0
0.76127699241139,2023,-1.1908,0,0
0.76127683663469,2024,-1.1904,0,0
0.76127668078097,2025,-1.19,0,0
0.76127652485021,2026,-1.1896,0,0
0.76127636884241,2027,-1.1892,0,0
0.76127621275759,2028,-1.1888,0,0
0.76127605659573,2029,-1.1884,0,0
0.76127590035684,2030,-1.188,0,0
0.76127574404091,2031,-1.1876,0,0
0.76127558764795,2032,-1.1872,0,0
0.76127543117796,2033,-1.1868,0,0
0.76127527463093,2034,-1.1864,0,0
0.76127511800687,2035,-1.186,0,0
0.76127496130578,2036,-1.1856,0,0
0.76127480452765,2037,-1.1852,0,0
0.76127464767249,2038,-1.1848,0,0
0.76127449074029,2039,-1.1844,0,0
0.76127433373106,2040,-1.184,0,0
0.7612741766448,2041,-1.1836,0,0
0.7612740194815,2042,-1.1832,0,0
0.76127386224117,2043,-1.1828,0,0
0.7612737049238,2044,-1.1824,0,0
0.7612735475294,2045,-1.182,0,0
0.76127339005797,2046,-1.1816,0,0
0.7612732325095,2047,-1.1812,0,0
0.76127307488399,2048,-1.1808,0,0
0.76127291718145,2049,-1.1804,0,0
0.76127275940188,2050,-1.18,0,0
0.76127260154527,2051,-1.1796,0,0
0.76127244361163,2052,-1.1792,0,0
0.76127228560095,2053,-1.1788,0,0
0.76127212751323,2054,-1.1784,0,0
0.76127196934848,2055,-1.178,0,0
0.7612718111067,2056,-1.1776,0,0
0.76127165278788,2057,-1.1772,0,0
0.76127149439203,2058,-1.1768,0,0
0.76127133591914,2059,-1.1764,0,0
0.76127117736921,2060,-1.176,0,0
0.76127101874225,2061,-1.1756,0,0
0.76127086003825,2062,-1.1752,0,0
0.76127070125722,2063,-1.1748,0,0
0.76127054239915,2064,-1.1744,0,0
0.76127038346404,2065,-1.174,0,0
0.7612702244519,2066,-1.1736,0,0
0.76127006536273,2067,-1.1732,0,0
0.76126990619651,2068,-1.1728,0,0
0.76126974695327,2069,-1.1724,0,0
0.76126958763298,2070,-1.172,0,0
0.76126942823566,2071,-1.1716,0,0
0.7612692687613,2072,-1.1712,0,0
0.76126910920991,2073,-1.1708,0,0
0.76126894958148,2074,-1.1704,0,0
0.76126878987601,2075,-1.17,0,0
0.7612686300935,2076,-1.1696,0,0
0.76126847023396,2077,-1.1692,0,0
0.76126831029739,2078,-1.1688,0,0
0.76126815028377,2079,-1.1684,0,0
0.76126799019312,2080,-1.168,0,0
0.76126783002543,2081,-1.1676,0,0
0.7612676697807,2082,-1.1672,0,0
0.76126750945894,2083,-1.1668,0,0
0.76126734906014,2084,-1.1664,0,0
0.7612671885843,2085,-1.166,0,0
0.76126702803143,2086,-1.1656,0,0
0.76126686740151,2087,-1.1652,0,0
0.76126670669456,2088,-1.1648,0,0
0.76126654591057,2089,-1.1644,0,0
0.76126638504955,2090,-1.164,0,0
0.76126622411149,2091,-1.1636,0,0
0.76126606309638,2092,-1.1632,0,0
0.76126590200424,2093,-1.1628,0,0
0.76126574083507,2094,-1.1624,0,0
0.76126557958885,2095,-1.162,0,0
0.7612654182656,2096,-1.1616,0,0
0.7612652568653,2097,-1.1612,0,0
0.76126509538797,2098,-1.1608,0,0
0.7612649338336,2099,-1.1604,0,0
0.7612647722022,2100,-1.16,0,0
0.76126461049375,2101,-1.1596,0,0
0.76126444870826,2102,-1.1592,0,0
0.76126428684574,2103,-1.1588,0,0
0.76126412490618,2104,-1.1584,0,0
0.76126396288958,2105,-1.158,0,0
0.76126380079594,2106,-1.1576,0,0
0.76126363862526,2107,-1.1572,0,0
0.76126347637754,2108,-1.1568,0,0
0.76126331405278,2109,-1.1564,0,0
0.76126315165098,2110,-1.156,0,0
0.76126298917215,2111,-1.1556,0,0
0.76126282661627,2112,-1.1552,0,0
0.76126266398336,2113,-1.1548,0,0
0.7612625012734,2114,-1.1544,0,0
0.76126233848641,2115,-1.154,0,0
0.76126217562237,2116,-1.1536,0,0
0.7612620126813,2117,-1.1532,0,0
0.76126184966318,2118,-1.1528,0,0
0.76126168656803,2119,-1.1524,0,0
0.76126152339584,2120,-1.152,0,0
0.7612613601466,2121,-1.1516,0,0
0.76126119682033,2122,-1.1512,0,0
0.76126103341701,2123,-1.1508,0,0
0.76126086993666,2124,-1.1504,0,0
0.76126070637926,2125,-1.15,0,0
0.76126054274483,2126,-1.1496,0,0
0.76126037903335,2127,-1.1492,0,0
0.76126021524484,2128,-1.1488,0,0
0.76126005137928,2129,-1.1484,0,0
0.76125988743668,2130,-1.148,0,0
0.76125972341704,2131,-1.1476,0,0
0.76125955932036,2132,-1.1472,0,0
0.76125939514664,2133,-1.1468,0,0
0.76125923089588,2134,-1.1464,0,0
0.76125906656807,2135,-1.146,0,0
0.76125890216323,2136,-1.1456,0,0
0.76125873768134,2137,-1.1452,0,0
0.76125857312241,2138,-1.1448,0,0
0.76125840848644,2139,-1.1444,0,0
0.76125824377343,2140,-1.144,0,0
0.76125807898338,2141,-1.1436,0,0
0.76125791411629,2142,-1.1432,0,0
0.76125774917215,2143,-1.1428,0,0
0.76125758415097,2144,-1.1424,0,0
0.76125741905276,2145,-1.142,0,0
0.76125725387749,2146,-1.1416,0,0
0.76125708862519,2147,-1.1412,0,0
0.76125692329584,2148,-1.1408,0,0
0.76125675788946,2149,-1.1404,0,0
0.76125659240603,2150,-1.14,0,0
0.76125642684555,2151,-1.1396,0,0
0.76125626120804,2152,-1.1392,0,0
0.76125609549348,2153,-1.1388,0,0
0.76125592970188,2154,-1.1384,0,0
0.76125576383324,2155,-1.138,0,0
0.76125559788755,2156,-1.1376,0,0
0.76125543186482,2157,-1.1372,0,0
0.76125526576505,2158,-1.1368,0,0
0.76125509958823,2159,-1.1364,0,0
0.76125493333438,2160,-1.136,0,0
0.76125476700347,2161,-1.1356,0,0
0.76125460059553,2162,-1.1352,0,0
0.76125443411054,2163,-1.1348,0,0
0.76125426754851,2164,-1.1344,0,0
0.76125410090944,2165,-1.134,0,0
0.76125393419332,2166,-1.1336,0,0
0.76125376740016,2167,-1.1332,0,0
0.76125360052995,2168,-1.1328,0,0
0.7612534335827,2169,-1.1324,0,0
0.76125326655841,2170,-1.132,0,0
0.76125309945707,2171,-1.1316,0,0
0.76125293227869,2172,-1.1312,0,0
0.76125276502326,2173,-1.1308,0,0
0.76125259769079,2174,-1.1304,0,0
0.76125243028128,2175,-1.13,0,0
0.76125226279472,2176,-1.1296,0,0
0.76125209523112,2177,-1.1292,0,0
0.76125192759047,2178,-1.1288,0,0
0.76125175987278,2179,-1.1284,0,0
0.76125159207804,2180,-1.128,0,0
0.76125142420626,2181,-1.1276,0,0
0.76125125625743,2182,-1.1272,0,0
0.76125108823156,2183,-1.1268,0,0
0.76125092012865,2184,-1.1264,0,0
0.76125075194868,2185,-1.126,0,0
0.76125058369168,2186,-1.1256,0,0
0.76125041535763,2187,-1.1252,0,0
0.76125024694653,2188,-1.1248,0,0
0.76125007845839,2189,-1.1244,0,0
0.7612499098932,2190,-1.124,0,0
0.76124974125097,2191,-1.1236,0,0
0.76124957253169,2192,-1.1232,0,0
0.76124940373536,2193,-1.1228,0,0
0.76124923486199,2194,-1.1224,0,0
0.76124906591158,2195,-1.122,0,0
0.76124889688411,2196,-1.1216,0,0
0.76124872777961,2197,-1.1212,0,0
0.76124855859805,2198,-1.1208,0,0
0.76124838933945,2199,-1.1204,0,0
0.76124822000381,2200,-1.12,0,0
0.76124805059111,2201,-1.1196,0,0
0.76124788110137,2202,-1.1192,0,0
0.76124771153459,2203,-1.1188,0,0
0.76124754189075,2204,-1.1184,0,0
0.76124737216988,2205,-1.118,0,0
0.76124720237195,2206,-1.1176,0,0
0.76124703249698,2207,-1.1172,0,0
0.76124686254496,2208,-1.1168,0,0
0.76124669251589,2209,-1.1164,0,0
0.76124652240978,2210,-1.116,0,0
0.76124635222662,2211,-1.1156,0,0
0.76124618196641,2212,-1.1152,0,0
0.76124601162915,2213,-1.1148,0,0
0.76124584121485,2214,-1.1144,0,0
0.7612456707235,2215,-1.114,0,0
0.7612455001551,2216,-1.1136,0,0
0.76124532950966,2217,-1.1132,0,0
0.76124515878717,2218,-1.1128,0,0
0.76124498798763,2219,-1.1124,0,0
0.76124481711104,2220,-1.112,0,0
0.7612446461574,2221,-1.1116,0,0
0.76124447512672,2222,-1.1112,0,0
0.76124430401898,2223,-1.1108,0,0
0.7612441328342,2224,-1.1104,0,0
0.76124396157238,2225,-1.11,0,0
0.7612437902335,2226,-1.1096,0,0
0.76124361881757,2227,-1.1092,0,0
0.7612434473246,2228,-1.1088,0,0
0.76124327575458,2229,-1.1084,0,0
0.76124310410751,2230,-1.108,0,0
0.76124293238339,2231,-1.1076,0,0
0.76124276058222,2232,-1.1072,0,0
0.761242588704,2233,-1.1068,0,0
0.76124241674873,2234,-1.1064,0,0
0.76124224471642,2235,-1.106,0,0
0.76124207260705,2236,-1.1056,0,0
0.76124190042064,2237,-1.1052,0,0
0.76124172815718,2238,-1.1048,0,0
0.76124155581666,2239,-1.1044,0,0
0.7612413833991,2240,-1.104,0,0
0.76124121090449,2241,-1.1036,0,0
0.76124103833283,2242,-1.1032,0,0
0.76124086568412,2243,-1.1028,0,0
0.76124069295836,2244,-1.1024,0,0
0.76124052015555,2245,-1.102,0,0
0.76124034727569,2246,-1.1016,0,0
0.76124017431878,2247,-1.1012,0,0
0.76124000128482,2248,-1.1008,0,0
0.7612398281738,2249,-1.1004,0,0
0.76123965498574,2250,-1.1,0,0
0.76123948172063,2251,-1.0996,0,0
0.76123930837847,2252,-1.0992,0,0
0.76123913495926,2253,-1.0988,0,0
0.761238961463,2254,-1.0984,0,0
0.76123878788968,2255,-1.098,0,0
0.76123861423932,2256,-1.0976,0,0
0.7612384405119,2257,-1.0972,0,0
0.76123826670744,2258,-1.0968,0,0
0.76123809282592,2259,-1.0964,0,0
0.76123791886735,2260,-1.096,0,0
0.76123774483173,2261,-1.0956,0,0
0.76123757071906,2262,-1.0952,0,0
0.76123739652934,2263,-1.0948,0,0
0.76123722226257,2264,-1.0944,0,0
0.76123704791875,2265,-1.094,0,0
0.76123687349787,2266,-1.0936,0,0
0.76123669899994,2267,-1.0932,0,0
0.76123652442496,2268,-1.0928,0,0
0.76123634977293,2269,-1.0924,0,0
0.76123617504385,2270,-1.092,0,0
0.76123600023771,2271,-1.0916,0,0
0.76123582535453,2272,-1.0912,0,0
0.76123565039429,2273,-1.0908,0,0
0.761235475357,2274,-1.0904,0,0
0.76123530024265,2275,-1.09,0,0
0.76123512505126,2276,-1.0896,0,0
0.76123494978281,2277,-1.0892,0,0
0.76123477443731,2278,-1.0888,0,0
0.76123459901475,2279,-1.0884,0,0
0.76123442351515,2280,-1.088,0,0
0.76123424793849,2281,-1.0876,0,0
0.76123407228478,2282,-1.0872,0,0
0.76123389655401,2283,-1.0868,0,0
0.76123372074619,2284,-1.0864,0,0
0.76123354486132,2285,-1.086,0,0
0.7612333688994,2286,-1.0856,0,0
0.76123319286042,2287,-1.0852,0,0
0.76123301674439,2288,-1.0848,0,0
0.76123284055131,2289,-1.0844,0,0
0.76123266428117,2290,-1.084,0,0
0.76123248793398,2291,-1.0836,0,0
0.76123231150973,2292,-1.0832,0,0
0.76123213500843,2293,-1.0828,0,0
0.76123195843008,2294,-1.0824,0,0
0.76123178177467,2295,-1.082,0,0
0.76123160504221,2296,-1.0816,0,0
0.7612314282327,2297,-1.0812,0,0
0.76123125134613,2298,-1.0808,0,0
0.7612310743825,2299,-1.0804,0,0
0.76123089734183,2300,-1.08,0,0
0.7612307202241,2301,-1.0796,0,0
0.76123054302931,2302,-1.0792,0,0
0.76123036575747,2303,-1.0788,0,0
0.76123018840857,2304,-1.0784,0,0
0.76123001098262,2305,-1.078,0,0
0.76122983347962,2306,-1.0776,0,0
0.76122965589956,2307,-1.0772,0,0
0.76122947824244,2308,-1.0768,0,0
0.76122930050827,2309,-1.0764,0,0
0.76122912269704,2310,-1.076,0,0
0.76122894480876,2311,-1.0756,0,0
0.76122876684343,2312,-1.0752,0,0
0.76122858880104,2313,-1.0748,0,0
0.76122841068159,2314,-1.0744,0,0
0.76122823248509,2315,-1.074,0,0
0.76122805421153,2316,-1.0736,0,0
0.76122787586091,2317,-1.0732,0,0
0.76122769743324,2318,-1.0728,0,0
0.76122751892852,2319,-1.0724,0,0
0.76122734034673,2320,-1.072,0,0
0.7612271616879,2321,-1.0716,0,0
0.761226982952,2322,-1.0712,0,0
0.76122680413905,2323,-1.0708,0,0
0.76122662524904,2324,-1.0704,0,0
0.76122644628198,2325,-1.07,0,0
0.76122626723786,2326,-1.0696,0,0
0.76122608811669,2327,-1.0692,0,0
0.76122590891845,2328,-1.0688,0,0
0.76122572964316,2329,-1.0684,0,0
0.76122555029082,2330,-1.068,0,0
0.76122537086141,2331,-1.0676,0,0
0.76122519135495,2332,-1.0672,0,0
0.76122501177143,2333,-1.0668,0,0
0.76122483211086,2334,-1.0664,0,0
0.76122465237323,2335,-1.066,0,0
0.76122447255854,2336,-1.0656,0,0
0.76122429266679,2337,-1.0652,0,0
0.76122411269799,2338,-1.0648,0,0
0.76122393265212,2339,-1.0644,0,0
0.7612237525292,2340,-1.064,0,0
0.76122357232923,2341,-1.0636,0,0
0.76122339205219,2342,-1.0632,0,0
0.7612232116981,2343,-1.0628,0,0
0.76122303126695,2344,-1.0624,0,0
0.76122285075874,2345,-1.062,0,0
0.76122267017347,2346,-1.0616,0,0
0.76122248951114,2347,-1.0612,0,0
0.76122230877176,2348,-1.0608,0,0
0.76122212795531,2349,-1.0604,0,0
0.76122194706181,2350,-1.06,0,0
0.76122176609125,2351,-1.0596,0,0
0.76122158504363,2352,-1.0592,0,0
0.76122140391896,2353,-1.0588,0,0
0.76122122271722,2354,-1.0584,0,0
0.76122104143843,2355,-1.058,0,0
0.76122086008257,2356,-1.0576,0,0
0.76122067864966,2357,-1.0572,0,0
0.76122049713969,2358,-1.0568,0,0
0.76122031555265,2359,-1.0564,0,0
0.76122013388856,2360,-1.056,0,0
0.76121995214741,2361,-1.0556,0,0
0.7612197703292,2362,-1.0552,0,0
0.76121958843393,2363,-1.0548,0,0
0.7612194064616,2364,-1.0544,0,0
0.76121922441221,2365,-1.054,0,0
0.76121904228576,2366,-1.0536,0,0
0.76121886008225,2367,-1.0532,0,0
0.76121867780168,2368,-1.0528,0,0
0.76121849544405,2369,-1.0524,0,0
0.76121831300936,2370,-1.052,0,0
0.76121813049761,2371,-1.0516,0,0
0.7612179479088,2372,-1.0512,0,0
0.76121776524293,2373,-1.0508,0,0
0.7612175825,2374,-1.0504,0,0
0.76121739968001,2375,-1.05,0,0
0.76121721678296,2376,-1.0496,0,0
0.76121703380884,2377,-1.0492,0,0
0.76121685075767,2378,-1.0488,0,0
0.76121666762943,2379,-1.0484,0,0
0.76121648442413,2380,-1.048,0,0
0.76121630114178,2381,-1.0476,0,0
0.76121611778236,2382,-1.0472,0,0
0.76121593434588,2383,-1.0468,0,0
0.76121575083233,2384,-1.0464,0,0
0.76121556724173,2385,-1.046,0,0
0.76121538357407,2386,-1.0456,0,0
0.76121519982934,2387,-1.0452,0,0
0.76121501600755,2388,-1.0448,0,0
0.7612148321087,2389,-1.0444,0,0
0.76121464813279,2390,-1.044,0,0
0.76121446407981,2391,-1.0436,0,0
0.76121427994978,2392,-1.0432,0,0
0.76121409574268,2393,-1.0428,0,0
0.76121391145852,2394,-1.0424,0,0
0.76121372709729,2395,-1.042,0,0
0.76121354265901,2396,-1.0416,0,0
0.76121335814366,2397,-1.0412,0,0
0.76121317355125,2398,-1.0408,0,0
0.76121298888177,2399,-1.0404,0,0
0.76121280413524,2400,-1.04,0,0
0.76121261931164,2401,-1.0396,0,0
0.76121243441097,2402,-1.0392,0,0
0.76121224943325,2403,-1.0388,0,0
0.76121206437846,2404,-1.0384,0,0
0.76121187924661,2405,-1.038,0,0
0.76121169403769,2406,-1.0376,0,0
0.76121150875171,2407,-1.0372,0,0
0.76121132338867,2408,-1.0368,0,0
0.76121113794857,2409,-1.0364,0,0
0.7612109524314,2410,-1.036,0,0
0.76121076683716,2411,-1.0356,0,0
0.76121058116587,2412,-1.0352,0,0
0.76121039541751,2413,-1.0348,0,0
0.76121020959208,2414,-1.0344,0,0
0.76121002368959,2415,-1.034,0,0
0.76120983771004,2416,-1.0336,0,0
0.76120965165342,2417,-1.0332,0,0
0.76120946551974,2418,-1.0328,0,0
0.76120927930899,2419,-1.0324,0,0
0.76120909302118,2420,-1.032,0,0
0.7612089066563,2421,-1.0316,0,0
0.76120872021436,2422,-1.0312,0,0
0.76120853369536,2423,-1.0308,0,0
0.76120834709929,2424,-1.0304,0,0
0.76120816042615,2425,-1.03,0,0
0.76120797367595,2426,-1.0296,0,0
0.76120778684869,2427,-1.0292,0,0
0.76120759994436,2428,-1.0288,0,0
0.76120741296296,2429,-1.0284,0,0
0.7612072259045,2430,-1.028,0,0
0.76120703876897,2431,-1.0276,0,0
0.76120685155638,2432,-1.0272,0,0
0.76120666426672,2433,-1.0268,0,0
0.7612064769,2434,-1.0264,0,0
0.76120628945621,2435,-1.026,0,0
0.76120610193536,2436,-1.0256,0,0
0.76120591433743,2437,-1.0252,0,0
0.76120572666245,2438,-1.0248,0,0
0.76120553891039,2439,-1.0244,0,0
0.76120535108127,2440,-1.024,0,0
0.76120516317509,2441,-1.0236,0,0
0.76120497519183,2442,-1.0232,0,0
0.76120478713151,2443,-1.0228,0,0
0.76120459899413,2444,-1.0224,0,0
0.76120441077967,2445,-1.022,0,0
0.76120422248815,2446,-1.0216,0,0
0.76120403411957,2447,-1.0212,0,0
0.76120384567391,2448,-1.0208,0,0
0.76120365715119,2449,-1.0204,0,0
0.7612034685514,2450,-1.02,0,0
0.76120327987455,2451,-1.0196,0,0
0.76120309112063,2452,-1.0192,0,0
0.76120290228964,2453,-1.0188,0,0
0.76120271338158,2454,-1.0184,0,0
0.76120252439645,2455,-1.018,0,0
0.76120233533426,2456,-1.0176,0,0
0.761202146195,2457,-1.0172,0,0
0.76120195697867,2458,-1.0168,0,0
0.76120176768527,2459,-1.0164,0,0
0.76120157831481,2460,-1.016,0,0
0.76120138886728,2461,-1.0156,0,0
0.76120119934268,2462,-1.0152,0,0
0.76120100974101,2463,-1.0148,0,0
0.76120082006227,2464,-1.0144,0,0
0.76120063030646,2465,-1.014,0,0
0.76120044047359,2466,-1.0136,0,0
0.76120025056364,2467,-1.0132,0,0
0.76120006057663,2468,-1.0128,0,0
0.76119987051255,2469,-1.0124,0,0
0.7611996803714,2470,-1.012,0,0
0.76119949015318,2471,-1.0116,0,0
0.76119929985789,2472,-1.0112,0,0
0.76119910948554,2473,-1.0108,0,0
0.76119891903611,2474,-1.0104,0,0
0.76119872850961,2475,-1.01,0,0
0.76119853790605,2476,-1.0096,0,0
0.76119834722541,2477,-1.0092,0,0
0.76119815646771,2478,-1.0088,0,0
0.76119796563293,2479,-1.0084,0,0
0.76119777472109,2480,-1.008,0,0
0.76119758373218,2481,-1.0076,0,0
0.76119739266619,2482,-1.0072,0,0
0.76119720152314,2483,-1.0068,0,0
0.76119701030301,2484,-1.0064,0,0
0.76119681900582,2485,-1.006,0,0
0.76119662763155,2486,-1.0056,0,0
0.76119643618022,2487,-1.0052,0,0
0.76119624465181,2488,-1.0048,0,0
0.76119605304633,2489,-1.0044,0,0
0.76119586136378,2490,-1.004,0,0
0.76119566960417,2491,-1.0036,0,0
0.76119547776748,2492,-1.0032,0,0
0.76119528585372,2493,-1.0028,0,0
0.76119509386288,2494,-1.0024,0,0
0.76119490179498,2495,-1.002,0,0
0.76119470965001,2496,-1.0016,0,0
0.76119451742796,2497,-1.0012,0,0
0.76119432512885,2498,-1.0008,0,0
0.76119413275266,2499,-1.0004,0,0
0.7611939402994,2500,-1,0,0
0.76119374776907,2501,-0.9996,0,0
0.76119355516166,2502,-0.9992,0,0
0.76119336247719,2503,-0.9988,0,0
0.76119316971564,2504,-0.9984,0,0
0.76119297687702,2505,-0.998,0,0
0.76119278396133,2506,-0.9976,0,0
0.76119259096857,2507,-0.9972,0,0
0.76119239789873,2508,-0.9968,0,0
0.76119220475182,2509,-0.9964,0,0
0.76119201152784,2510,-0.996,0,0
0.76119181822679,2511,-0.9956,0,0
0.76119162484866,2512,-0.9952,0,0
0.76119143139346,2513,-0.9948,0,0
0.76119123786119,2514,-0.9944,0,0
0.76119104425184,2515,-0.994,0,0
0.76119085056542,2516,-0.9936,0,0
0.76119065680193,2517,-0.9932,0,0
0.76119046296137,2518,-0.9928,0,0
0.76119026904373,2519,-0.9924,0,0
0.76119007504902,2520,-0.992,0,0
0.76118988097723,2521,-0.9916,0,0
0.76118968682838,2522,-0.9912,0,0
0.76118949260244,2523,-0.9908,0,0
0.76118929829944,2524,-0.9904,0,0
0.76118910391936,2525,-0.99,0,0
0.7611889094622,2526,-0.9896,0,0
0.76118871492797,2527,-0.9892,0,0
0.76118852031667,2528,-0.9888,0,0
0.7611883256283,2529,-0.9884,0,0
0.76118813086284,2530,-0.988,0,0
0.76118793602032,2531,-0.9876,0,0
0.76118774110072,2532,-0.9872,0,0
0.76118754610405,2533,-0.9868,0,0
0.7611873510303,2534,-0.9864,0,0
0.76118715587947,2535,-0.986,0,0
0.76118696065157,2536,-0.9856,0,0
0.7611867653466,2537,-0.9852,0,0
0.76118656996455,2538,-0.9848,0,0
0.76118637450543,2539,-0.9844,0,0
0.76118617896923,2540,-0.984,0,0
0.76118598335595,2541,-0.9836,0,0
0.7611857876656,2542,-0.9832,0,0
0.76118559189818,2543,-0.9828,0,0
0.76118539605368,2544,-0.9824,0,0
0.7611852001321,2545,-0.982,0,0
0.76118500413345,2546,-0.9816,0,0
0.76118480805772,2547,-0.9812,0,0
0.76118461190491,2548,-0.9808,0,0
0.76118441567503,2549,-0.9804,0,0
0.76118421936808,2550,-0.98,0,0
0.76118402298404,2551,-0.9796,0,0
0.76118382652293,2552,-0.9792,0,0
0.76118362998475,2553,-0.9788,0,0
0.76118343336948,2554,-0.9784,0,0
0.76118323667715,2555,-0.978,0,0
0.76118303990773,2556,-0.9776,0,0
0.76118284306124,2557,-0.9772,0,0
0.76118264613767,2558,-0.9768,0,0
0.76118244913702,2559,-0.9764,0,0
0.7611822520593,2560,-0.976,0,0
0.7611820549045,2561,-0.9756,0,0
0.76118185767262,2562,-0.9752,0,0
0.76118166036366,2563,-0.9748,0,0
0.76118146297763,2564,-0.9744,0,0
0.76118126551452,2565,-0.974,0,0
0.76118106797433,2566,-0.9736,0,0
0.76118087035706,2567,-0.9732,0,0
0.76118067266272,2568,-0.9728,0,0
0.7611804748913,2569,-0.9724,0,0
0.7611802770428,2570,-0.972,0,0
0.76118007911722,2571,-0.9716,0,0
0.76117988111456,2572,-0.9712,0,0
0.76117968303483,2573,-0.9708,0,0
0.76117948487802,2574,-0.9704,0,0
0.76117928664413,2575,-0.97,0,0
0.76117908833316,2576,-0.9696,0,0
0.76117888994511,2577,-0.9692,0,0
0.76117869147998,2578,-0.9688,0,0
0.76117849293778,2579,-0.9684,0,0
0.76117829431849,2580,-0.968,0,0
0.76117809562213,2581,-0.9676,0,0
0.76117789684868,2582,-0.9672,0,0
0.76117769799816,2583,-0.9668,0,0
0.76117749907056,2584,-0.9664,0,0
0.76117730006588,2585,-0.966,0,0
0.76117710098412,2586,-0.9656,0,0
0.76117690182528,2587,-0.9652,0,0
0.76117670258936,2588,-0.9648,0,0
0.76117650327636,2589,-0.9644,0,0
0.76117630388628,2590,-0.964,0,0
0.76117610441912,2591,-0.9636,0,0
0.76117590487488,2592,-0.9632,0,0
0.76117570525356,2593,-0.9628,0,0
0.76117550555516,2594,-0.9624,0,0
0.76117530577968,2595,-0.962,0,0
0.76117510592712,2596,-0.9616,0,0
0.76117490599748,2597,-0.9612,0,0
0.76117470599075,2598,-0.9608,0,0
0.76117450590695,2599,-0.9604,0,0
0.76117430574607,2600,-0.96,0,0
0.7611741055081,2601,-0.9596,0,0
0.76117390519306,2602,-0.9592,0,0
0.76117370480093,2603,-0.9588,0,0
0.76117350433172,2604,-0.9584,0,0
0.76117330378543,2605,-0.958,0,0
0.76117310316206,2606,-0.9576,0,0
0.76117290246161,2607,-0.9572,0,0
0.76117270168408,2608,-0.9568,0,0
0.76117250082946,2609,-0.9564,0,0
0.76117229989777,2610,-0.956,0,0
0.76117209888899,2611,-0.9556,0,0
0.76117189780313,2612,-0.9552,0,0
0.76117169664019,2613,-0.9548,0,0
0.76117149540016,2614,-0.9544,0,0
0.76117129408305,2615,-0.954,0,0
0.76117109268886,2616,-0.9536,0,0
0.76117089121759,2617,-0.9532,0,0
0.76117068966924,2618,-0.9528,0,0
0.7611704880438,2619,-0.9524,0,0
0.76117028634128,2620,-0.952,0,0
0.76117008456168,2621,-0.9516,0,0
0.761169882705,2622,-0.9512,0,0
0.76116968077123,2623,-0.9508,0,0
0.76116947876038,2624,-0.9504,0,0
0.76116927667244,2625,-0.95,0,0
0.76116907450742,2626,-0.9496,0,0
0.76116887226532,2627,-0.9492,0,0
0.76116866994614,2628,-0.9488,0,0
0.76116846754987,2629,-0.9484,0,0
0.76116826507652,2630,-0.948,0,0
0.76116806252608,2631,-0.9476,0,0
0.76116785989856,2632,-0.9472,0,0
0.76116765719396,2633,-0.9468,0,0
0.76116745441227,2634,-0.9464,0,0
0.7611672515535,2635,-0.946,0,0
0.76116704861765,2636,-0.9456,0,0
0.76116684560471,2637,-0.9452,0,0
0.76116664251468,2638,-0.9448,0,0
0.76116643934758,2639,-0.9444,0,0
0.76116623610338,2640,-0.944,0,0
0.76116603278211,2641,-0.9436,0,0
0.76116582938374,2642,-0.9432,0,0
0.7611656259083,2643,-0.9428,0,0
0.76116542235576,2644,-0.9424,0,0
0.76116521872615,2645,-0.942,0,0
0.76116501501944,2646,-0.9416,0,0
0.76116481123565,2647,-0.9412,0,0
0.76116460737478,2648,-0.9408,0,0
0.76116440343682,2649,-0.9404,0,0
0.76116419942178,2650,-0.94,0,0
0.76116399532965,2651,-0.9396,0,0
0.76116379116043,2652,-0.9392,0,0
0.76116358691413,2653,-0.9388,0,0
0.76116338259074,2654,-0.9384,0,0
0.76116317819027,2655,-0.938,0,0
0.76116297371271,2656,-0.9376,0,0
0.76116276915807,2657,-0.9372,0,0
0.76116256452633,2658,-0.9368,0,0
0.76116235981752,2659,-0.9364,0,0
0.76116215503161,2660,-0.936,0,0
0.76116195016862,2661,-0.9356,0,0
0.76116174522854,2662,-0.9352,0,0
0.76116154021138,2663,-0.9348,0,0
0.76116133511712,2664,-0.9344,0,0
0.76116112994579,2665,-0.934,0,0
0.76116092469736,2666,-0.9336,0,0
0.76116071937185,2667,-0.9332,0,0
0.76116051396925,2668,-0.9328,0,0
0.76116030848956,2669,-0.9324,0,0
0.76116010293278,2670,-0.932,0,0
0.76115989729892,2671,-0.9316,0,0
0.76115969158797,2672,-0.9312,0,0
0.76115948579993,2673,-0.9308,0,0
0.76115927993481,2674,-0.9304,0,0
0.76115907399259,2675,-0.93,0,0
0.76115886797329,2676,-0.9296,0,0
0.7611586618769,2677,-0.9292,0,0
0.76115845570342,2678,-0.9288,0,0
0.76115824945286,2679,-0.9284,0,0
0.7611580431252,2680,-0.928,0,0
0.76115783672046,2681,-0.9276,0,0
0.76115763023863,2682,-0.9272,0,0
0.76115742367971,2683,-0.9268,0,0
0.7611572170437,2684,-0.9264,0,0
0.7611570103306,2685,-0.926,0,0
0.76115680354041,2686,-0.9256,0,0
0.76115659667313,2687,-0.9252,0,0
0.76115638972877,2688,-0.9248,0,0
0.76115618270731,2689,-0.9244,0,0
0.76115597560877,2690,-0.924,0,0
0.76115576843313,2691,-0.9236,0,0
0.76115556118041,2692,-0.9232,0,0
0.7611553538506,2693,-0.9228,0,0
0.7611551464437,2694,-0.9224,0,0
0.7611549389597,2695,-0.922,0,0
0.76115473139862,2696,-0.9216,0,0
0.76115452376045,2697,-0.9212,0,0
0.76115431604518,2698,-0.9208,0,0
0.76115410825283,2699,-0.9204,0,0
0.76115390038339,2700,-0.92,0,0
0.76115369243685,2701,-0.9196,0,0
0.76115348441323,2702,-0.9192,0,0
0.76115327631251,2703,-0.9188,0,0
0.76115306813471,2704,-0.9184,0,0
0.76115285987981,2705,-0.918,0,0
0.76115265154782,2706,-0.9176,0,0
0.76115244313874,2707,-0.9172,0,0
0.76115223465257,2708,-0.9168,0,0
0.76115202608931,2709,-0.9164,0,0
0.76115181744896,2710,-0.916,0,0
0.76115160873152,2711,-0.9156,0,0
0.76115139993698,2712,-0.9152,0,0
0.76115119106535,2713,-0.9148,0,0
0.76115098211664,2714,-0.9144,0,0
0.76115077309083,2715,-0.914,0,0
0.76115056398792,2716,-0.9136,0,0
0.76115035480793,2717,-0.9132,0,0
0.76115014555084,2718,-0.9128,0,0
0.76114993621666,2719,-0.9124,0,0
0.76114972680539,2720,-0.912,0,0
0.76114951731703,2721,-0.9116,0,0
0.76114930775157,2722,-0.9112,0,0
0.76114909810902,2723,-0.9108,0,0
0.76114888838938,2724,-0.9104,0,0
0.76114867859265,2725,-0.91,0,0
0.76114846871882,2726,-0.9096,0,0
0.7611482587679,2727,-0.9092,0,0
0.76114804873989,2728,-0.9088,0,0
0.76114783863478,2729,-0.9084,0,0
0.76114762845258,2730,-0.908,0,0
0.76114741819329,2731,-0.9076,0,0
0.7611472078569,2732,-0.9072,0,0
0.76114699744342,2733,-0.9068,0,0
0.76114678695285,2734,-0.9064,0,0
0.76114657638518,2735,-0.906,0,0
0.76114636574042,2736,-0.9056,0,0
0.76114615501856,2737,-0.9052,0,0
0.76114594421962,2738,-0.9048,0,0
0.76114573334357,2739,-0.9044,0,0
0.76114552239043,2740,-0.904,0,0
0.7611453113602,2741,-0.9036,0,0
0.76114510025287,2742,-0.9032,0,0
0.76114488906845,2743,-0.9028,0,0
0.76114467780694,2744,-0.9024,0,0
0.76114446646833,2745,-0.902,0,0
0.76114425505262,2746,-0.9016,0,0
0.76114404355982,2747,-0.9012,0,0
0.76114383198992,2748,-0.9008,0,0
0.76114362034293,2749,-0.9004,0,0
0.76114340861885,2750,-0.9,0,0
0.76114319681767,2751,-0.8996,0,0
0.76114298493939,2752,-0.8992,0,0
0.76114277298402,2753,-0.8988,0,0
0.76114256095155,2754,-0.8984,0,0
0.76114234884199,2755,-0.898,0,0
0.76114213665533,2756,-0.8976,0,0
0.76114192439157,2757,-0.8972,0,0
0.76114171205072,2758,-0.8968,0,0
0.76114149963277,2759,-0.8964,0,0
0.76114128713773,2760,-0.896,0,0
0.76114107456559,2761,-0.8956,0,0
0.76114086191635,2762,-0.8952,0,0
0.76114064919002,2763,-0.8948,0,0
0.76114043638659,2764,-0.8944,0,0
0.76114022350606,2765,-0.894,0,0
0.76114001054844,2766,-0.8936,0,0
0.76113979751371,2767,-0.8932,0,0
0.7611395844019,2768,-0.8928,0,0
0.76113937121298,2769,-0.8924,0,0
0.76113915794697,2770,-0.892,0,0
0.76113894460386,2771,-0.8916,0,0
0.76113873118365,2772,-0.8912,0,0
0.76113851768635,2773,-0.8908,0,0
0.76113830411195,2774,-0.8904,0,0
0.76113809046045,2775,-0.89,0,0
0.76113787673185,2776,-0.8896,0,0
0.76113766292615,2777,-0.8892,0,0
0.76113744904336,2778,-0.8888,0,0
0.76113723508347,2779,-0.8884,0,0
0.76113702104648,2780,-0.888,0,0
0.76113680693239,2781,-0.8876,0,0
0.7611365927412,2782,-0.8872,0,0
0.76113637847292,2783,-0.8868,0,0
0.76113616412753,2784,-0.8864,0,0
0.76113594970505,2785,-0.886,0,0
0.76113573520547,2786,-0.8856,0,0
0.76113552062879,2787,-0.8852,0,0
0.76113530597501,2788,-0.8848,0,0
0.76113509124413,2789,-0.8844,0,0
0.76113487643615,2790,-0.884,0,0
0.76113466155107,2791,-0.8836,0,0
0.7611344465889,2792,-0.8832,0,0
0.76113423154962,2793,-0.8828,0,0
0.76113401643324,2794,-0.8824,0,0
0.76113380123977,2795,-0.882,0,0
0.76113358596919,2796,-0.8816,0,0
0.76113337062152,2797,-0.8812,0,0
0.76113315519674,2798,-0.8808,0,0
0.76113293969486,2799,-0.8804,0,0
0.76113272411589,2800,-0.88,0,0
0.76113250845981,2801,-0.8796,0,0
0.76113229272663,2802,-0.8792,0,0
0.76113207691636,2803,-0.8788,0,0
0.76113186102898,2804,-0.8784,0,0
0.7611316450645,2805,-0.878,0,0
0.76113142902292,2806,-0.8776,0,0
0.76113121290424,2807,-0.8772,0,0
0.76113099670846,2808,-0.8768,0,0
0.76113078043557,2809,-0.8764,0,0
0.76113056408559,2810,-0.876,0,0
0.7611303476585,2811,-0.8756,0,0
0.76113013115432,2812,-0.8752,0,0
0.76112991457303,2813,-0.8748,0,0
0.76112969791464,2814,-0.8744,0,0
0.76112948117915,2815,-0.874,0,0
0.76112926436655,2816,-0.8736,0,0
0.76112904747686,2817,-0.8732,0,0
0.76112883051006,2818,-0.8728,0,0
0.76112861346616,2819,-0.8724,0,0
0.76112839634515,2820,-0.872,0,0
0.76112817914705,2821,-0.8716,0,0
0.76112796187184,2822,-0.8712,0,0
0.76112774451953,2823,-0.8708,0,0
0.76112752709012,2824,-0.8704,0,0
0.7611273095836,2825,-0.87,0,0
0.76112709199999,2826,-0.8696,0,0
0.76112687433926,2827,-0.8692,0,0
0.76112665660144,2828,-0.8688,0,0
0.76112643878651,2829,-0.8684,0,0
0.76112622089448,2830,-0.868,0,0
0.76112600292535,2831,-0.8676,0,0
0.76112578487911,2832,-0.8672,0,0
0.76112556675577,2833,-0.8668,0,0
0.76112534855532,2834,-0.8664,0,0
0.76112513027777,2835,-0.866,0,0
0.76112491192312,2836,-0.8656,0,0
0.76112469349136,2837,-0.8652,0,0
0.7611244749825,2838,-0.8648,0,0
0.76112425639654,2839,-0.8644,0,0
0.76112403773347,2840,-0.864,0,0
0.76112381899329,2841,-0.8636,0,0
0.76112360017601,2842,-0.8632,0,0
0.76112338128163,2843,-0.8628,0,0
0.76112316231014,2844,-0.8624,0,0
0.76112294326155,2845,-0.862,0,0
0.76112272413585,2846,-0.8616,0,0
0.76112250493305,2847,-0.8612,0,0
0.76112228565314,2848,-0.8608,0,0
0.76112206629613,2849,-0.8604,0,0
0.76112184686201,2850,-0.86,0,0
0.76112162735079,2851,-0.8596,0,0
0.76112140776246,2852,-0.8592,0,0
0.76112118809702,2853,-0.8588,0,0
0.76112096835448,2854,-0.8584,0,0
0.76112074853483,2855,-0.858,0,0
0.76112052863808,2856,-0.8576,0,0
0.76112030866422,2857,-0.8572,0,0
0.76112008861326,2858,-0.8568,0,0
0.76111986848519,2859,-0.8564,0,0
0.76111964828001,2860,-0.856,0,0
0.76111942799772,2861,-0.8556,0,0
0.76111920763833,2862,-0.8552,0,0
0.76111898720184,2863,-0.8548,0,0
0.76111876668823,2864,-0.8544,0,0
0.76111854609752,2865,-0.854,0,0
0.7611183254297,2866,-0.8536,0,0
0.76111810468478,2867,-0.8532,0,0
0.76111788386275,2868,-0.8528,0,0
0.76111766296361,2869,-0.8524,0,0
0.76111744198736,2870,-0.852,0,0
0.761117220934,2871,-0.8516,0,0
0.76111699980354,2872,-0.8512,0,0
0.76111677859597,2873,-0.8508,0,0
0.76111655731129,2874,-0.8504,0,0
0.76111633594951,2875,-0.85,0,0
0.76111611451062,2876,-0.8496,0,0
0.76111589299461,2877,-0.8492,0,0
0.7611156714015,2878,-0.8488,0,0
0.76111544973128,2879,-0.8484,0,0
0.76111522798396,2880,-0.848,0,0
0.76111500615952,2881,-0.8476,0,0
0.76111478425798,2882,-0.8472,0,0
0.76111456227933,2883,-0.8468,0,0
0.76111434022356,2884,-0.8464,0,0
0.76111411809069,2885,-0.846,0,0
0.76111389588071,2886,-0.8456,0,0
0.76111367359363,2887,-0.8452,0,0
0.76111345122943,2888,-0.8448,0,0
0.76111322878812,2889,-0.8444,0,0
0.7611130062697,2890,-0.844,0,0
0.76111278367418,2891,-0.8436,0,0
0.76111256100154,2892,-0.8432,0,0
0.76111233825179,2893,-0.8428,0,0
0.76111211542494,2894,-0.8424,0,0
0.76111189252097,2895,-0.842,0,0
0.7611116695399,2896,-0.8416,0,0
0.76111144648171,2897,-0.8412,0,0
0.76111122334641,2898,-0.8408,0,0
0.76111100013401,2899,-0.8404,0,0
0.76111077684449,2900,-0.84,0,0
0.76111055347786,2901,-0.8396,0,0
0.76111033003412,2902,-0.8392,0,0
0.76111010651327,2903,-0.8388,0,0
0.76110988291531,2904,-0.8384,0,0
0.76110965924024,2905,-0.838,0,0
0.76110943548806,2906,-0.8376,0,0
0.76110921165876,2907,-0.8372,0,0
0.76110898775236,2908,-0.8368,0,0
0.76110876376884,2909,-0.8364,0,0
0.76110853970821,2910,-0.836,0,0
0.76110831557047,2911,-0.8356,0,0
0.76110809135562,2912,-0.8352,0,0
0.76110786706366,2913,-0.8348,0,0
0.76110764269458,2914,-0.8344,0,0
0.76110741824839,2915,-0.834,0,0
0.76110719372509,2916,-0.8336,0,0
0.76110696912468,2917,-0.8332,0,0
0.76110674444715,2918,-0.8328,0,0
0.76110651969252,2919,-0.8324,0,0
0.76110629486077,2920,-0.832,0,0
0.7611060699519,2921,-0.8316,0,0
0.76110584496593,2922,-0.8312,0,0
0.76110561990284,2923,-0.8308,0,0
0.76110539476264,2924,-0.8304,0,0
0.76110516954532,2925,-0.83,0,0
0.7611049442509,2926,-0.8296,0,0
0.76110471887935,2927,-0.8292,0,0
0.7611044934307,2928,-0.8288,0,0
0.76110426790493,2929,-0.8284,0,0
0.76110404230205,2930,-0.828,0,0
0.76110381662205,2931,-0.8276,0,0
0.76110359086494,2932,-0.8272,0,0
0.76110336503072,2933,-0.8268,0,0
0.76110313911938,2934,-0.8264,0,0
0.76110291313093,2935,-0.826,0,0
0.76110268706536,2936,-0.8256,0,0
0.76110246092268,2937,-0.8252,0,0
0.76110223470289,2938,-0.8248,0,0
0.76110200840598,2939,-0.8244,0,0
0.76110178203195,2940,-0.824,0,0
0.76110155558081,2941,-0.8236,0,0
0.76110132905256,2942,-0.8232,0,0
0.76110110244719,2943,-0.8228,0,0
0.76110087576471,2944,-0.8224,0,0
0.76110064900511,2945,-0.822,0,0
0.76110042216839,2946,-0.8216,0,0
0.76110019525456,2947,-0.8212,0,0
0.76109996826361,2948,-0.8208,0,0
0.76109974119555,2949,-0.8204,0,0
0.76109951405037,2950,-0.82,0,0
0.76109928682808,2951,-0.8196,0,0
0.76109905952867,2952,-0.8192,0,0
0.76109883215215,2953,-0.8188,0,0
0.7610986046985,2954,-0.8184,0,0
0.76109837716774,2955,-0.818,0,0
0.76109814955987,2956,-0.8176,0,0
0.76109792187488,2957,-0.8172,0,0
0.76109769411277,2958,-0.8168,0,0
0.76109746627355,2959,-0.8164,0,0
0.7610972383572,2960,-0.816,0,0
0.76109701036375,2961,-0.8156,0,0
0.76109678229317,2962,-0.8152,0,0
0.76109655414548,2963,-0.8148,0,0
0.76109632592067,2964,-0.8144,0,0
0.76109609761874,2965,-0.814,0,0
0.7610958692397,2966,-0.8136,0,0
0.76109564078353,2967,-0.8132,0,0
0.76109541225025,2968,-0.8128,0,0
0.76109518363985,2969,-0.8124,0,0
0.76109495495234,2970,-0.812,0,0
0.7610947261877,2971,-0.8116,0,0
0.76109449734595,2972,-0.8112,0,0
0.76109426842708,2973,-0.8108,0,0
0.76109403943109,2974,-0.8104,0,0
0.76109381035799,2975,-0.81,0,0
0.76109358120776,2976,-0.8096,0,0
0.76109335198042,2977,-0.8092,0,0
0.76109312267595,2978,-0.8088,0,0
0.76109289329437,2979,-0.8084,0,0
0.76109266383567,2980,-0.808,0,0
0.76109243429985,2981,-0.8076,0,0
0.76109220468691,2982,-0.8072,0,0
0.76109197499685,2983,-0.8068,0,0
0.76109174522967,2984,-0.8064,0,0
0.76109151538537,2985,-0.806,0,0
0.76109128546396,2986,-0.8056,0,0
0.76109105546542,2987,-0.8052,0,0
0.76109082538976,2988,-0.8048,0,0
0.76109059523699,2989,-0.8044,0,0
0.76109036500709,2990,-0.804,0,0
0.76109013470007,2991,-0.8036,0,0
0.76108990431593,2992,-0.8032,0,0
0.76108967385468,2993,-0.8028,0,0
0.7610894433163,2994,-0.8024,0,0
0.7610892127008,2995,-0.802,0,0
0.76108898200818,2996,-0.8016,0,0
0.76108875123844,2997,-0.8012,0,0
0.76108852039158,2998,-0.8008,0,0
0.76108828946759,2999,-0.8004,0,0
0.76108805846649,3000,-0.8,0,0
0.76108782738827,3001,-0.7996,0,0
0.76108759623292,3002,-0.7992,0,0
0.76108736500045,3003,-0.7988,0,0
0.76108713369086,3004,-0.7984,0,0
0.76108690230415,3005,-0.798,0,0
0.76108667084032,3006,-0.7976,0,0
0.76108643929936,3007,-0.7972,0,0
0.76108620768129,3008,-0.7968,0,0
0.76108597598609,3009,-0.7964,0,0
0.76108574421377,3010,-0.796,0,0
0.76108551236432,3011,-0.7956,0,0
0.76108528043776,3012,-0.7952,0,0
0.76108504843407,3013,-0.7948,0,0
0.76108481635326,3014,-0.7944,0,0
0.76108458419532,3015,-0.794,0,0
0.76108435196027,3016,-0.7936,0,0
0.76108411964809,3017,-0.7932,0,0
0.76108388725878,3018,-0.7928,0,0
0.76108365479236,3019,-0.7924,0,0
0.76108342224881,3020,-0.792,0,0
0.76108318962813,3021,-0.7916,0,0
0.76108295693034,3022,-0.7912,0,0
0.76108272415542,3023,-0.7908,0,0
0.76108249130337,3024,-0.7904,0,0
0.76108225837421,3025,-0.79,0,0
0.76108202536791,3026,-0.7896,0,0
0.7610817922845,3027,-0.7892,0,0
0.76108155912396,3028,-0.7888,0,0
0.76108132588629,3029,-0.7884,0,0
0.76108109257151,3030,-0.788,0,0
0.76108085917959,3031,-0.7876,0,0
0.76108062571055,3032,-0.7872,0,0
0.76108039216439,3033,-0.7868,0,0
0.7610801585411,3034,-0.7864,0,0
0.76107992484069,3035,-0.786,0,0
0.76107969106315,3036,-0.7856,0,0
0.76107945720849,3037,-0.7852,0,0
0.7610792232767,3038,-0.7848,0,0
0.76107898926779,3039,-0.7844,0,0
0.76107875518175,3040,-0.784,0,0
0.76107852101859,3041,-0.7836,0,0
0.7610782867783,3042,-0.7832,0,0
0.76107805246088,3043,-0.7828,0,0
0.76107781806634,3044,-0.7824,0,0
0.76107758359467,3045,-0.782,0,0
0.76107734904588,3046,-0.7816,0,0
0.76107711441996,3047,-0.7812,0,0
0.76107687971691,3048,-0.7808,0,0
0.76107664493674,3049,-0.7804,0,0
0.76107641007944,3050,-0.78,0,0
0.76107617514501,3051,-0.7796,0,0
0.76107594013345,3052,-0.7792,0,0
0.76107570504477,3053,-0.7788,0,0
0.76107546987897,3054,-0.7784,0,0
0.76107523463603,3055,-0.778,0,0
0.76107499931597,3056,-0.7776,0,0
0.76107476391878,3057,-0.7772,0,0
0.76107452844446,3058,-0.7768,0,0
0.76107429289302,3059,-0.7764,0,0
0.76107405726445,3060,-0.776,0,0
0.76107382155875,3061,-0.7756,0,0
0.76107358577592,3062,-0.7752,0,0
0.76107334991596,3063,-0.7748,0,0
0.76107311397888,3064,-0.7744,0,0
0.76107287796467,3065,-0.774,0,0
0.76107264187333,3066,-0.7736,0,0
0.76107240570486,3067,-0.7732,0,0
0.76107216945926,3068,-0.7728,0,0
0.76107193313653,3069,-0.7724,0,0
0.76107169673668,3070,-0.772,0,0
0.7610714602597,3071,-0.7716,0,0
0.76107122370558,3072,-0.7712,0,0
0.76107098707434,3073,-0.7708,0,0
0.76107075036597,3074,-0.7704,0,0
0.76107051358047,3075,-0.77,0,0
0.76107027671784,3076,-0.7696,0,0
0.76107003977808,3077,-0.7692,0,0
0.76106980276119,3078,-0.7688,0,0
0.76106956566717,3079,-0.7684,0,0
0.76106932849602,3080,-0.768,0,0
0.76106909124774,3081,-0.7676,0,0
0.76106885392233,3082,-0.7672,0,0
0.76106861651979,3083,-0.7668,0,0
0.76106837904012,3084,-0.7664,0,0
0.76106814148332,3085,-0.766,0,0
0.76106790384939,3086,-0.7656,0,0
0.76106766613833,3087,-0.7652,0,0
0.76106742835013,3088,-0.7648,0,0
0.76106719048481,3089,-0.7644,0,0
0.76106695254236,3090,-0.764,0,0
0.76106671452277,3091,-0.7636,0,0
0.76106647642605,3092,-0.7632,0,0
0.76106623825221,3093,-0.7628,0,0
0.76106600000123,3094,-0.7624,0,0
0.76106576167311,3095,-0.762,0,0
0.76106552326787,3096,-0.7616,0,0
0.7610652847855,3097,-0.7612,0,0
0.76106504622599,3098,-0.7608,0,0
0.76106480758935,3099,-0.7604,0,0
0.76106456887558,3100,-0.76,0,0
0.76106433008468,3101,-0.7596,0,0
0.76106409121664,3102,-0.7592,0,0
0.76106385227147,3103,-0.7588,0,0
0.76106361324917,3104,-0.7584,0,0
0.76106337414974,3105,-0.758,0,0
0.76106313497317,3106,-0.7576,0,0
0.76106289571947,3107,-0.7572,0,0
0.76106265638864,3108,-0.7568,0,0
0.76106241698068,3109,-0.7564,0,0
0.76106217749558,3110,-0.756,0,0
0.76106193793335,3111,-0.7556,0,0
0.76106169829398,3112,-0.7552,0,0
0.76106145857748,3113,-0.7548,0,0
0.76106121878385,3114,-0.7544,0,0
0.76106097891308,3115,-0.754,0,0
0.76106073896518,3116,-0.7536,0,0
0.76106049894015,3117,-0.7532,0,0
0.76106025883798,3118,-0.7528,0,0
0.76106001865868,3119,-0.7524,0,0
0.76105977840224,3120,-0.752,0,0
0.76105953806867,3121,-0.7516,0,0
0.76105929765796,3122,-0.7512,0,0
0.76105905717012,3123,-0.7508,0,0
0.76105881660514,3124,-0.7504,0,0
0.76105857596303,3125,-0.75,0,0
0.76105833524379,3126,-0.7496,0,0
0.7610580944474,3127,-0.7492,0,0
0.76105785357389,3128,-0.7488,0,0
0.76105761262324,3129,-0.7484,0,0
0.76105737159545,3130,-0.748,0,0
0.76105713049053,3131,-0.7476,0,0
0.76105688930847,3132,-0.7472,0,0
0.76105664804927,3133,-0.7468,0,0
0.76105640671294,3134,-0.7464,0,0
0.76105616529948,3135,-0.746,0,0
0.76105592380887,3136,-0.7456,0,0
0.76105568224113,3137,-0.7452,0,0
0.76105544059626,3138,-0.7448,0,0
0.76105519887425,3139,-0.7444,0,0
0.7610549570751,3140,-0.744,0,0
0.76105471519881,3141,-0.7436,0,0
0.76105447324539,3142,-0.7432,0,0
0.76105423121483,3143,-0.7428,0,0
0.76105398910713,3144,-0.7424,0,0
0.7610537469223,3145,-0.742,0,0
0.76105350466033,3146,-0.7416,0,0
0.76105326232122,3147,-0.7412,0,0
0.76105301990498,3148,-0.7408,0,0
0.76105277741159,3149,-0.7404,0,0
0.76105253484107,3150,-0.74,0,0
0.76105229219341,3151,-0.7396,0,0
0.76105204946861,3152,-0.7392,0,0
0.76105180666668,3153,-0.7388,0,0
0.76105156378761,3154,-0.7384,0,0
0.76105132083139,3155,-0.738,0,0
0.76105107779804,3156,-0.7376,0,0
0.76105083468755,3157,-0.7372,0,0
0.76105059149993,3158,-0.7368,0,0
0.76105034823516,3159,-0.7364,0,0
0.76105010489326,3160,-0.736,0,0
0.76104986147421,3161,-0.7356,0,0
0.76104961797803,3162,-0.7352,0,0
0.76104937440471,3163,-0.7348,0,0
0.76104913075424,3164,-0.7344,0,0
0.76104888702664,3165,-0.734,0,0
0.7610486432219,3166,-0.7336,0,0
0.76104839934002,3167,-0.7332,0,0
0.761048155381,3168,-0.7328,0,0
0.76104791134484,3169,-0.7324,0,0
0.76104766723154,3170,-0.732,0,0
0.7610474230411,3171,-0.7316,0,0
0.76104717877352,3172,-0.7312,0,0
0.76104693442879,3173,-0.7308,0,0
0.76104669000693,3174,-0.7304,0,0
0.76104644550793,3175,-0.73,0,0
0.76104620093179,3176,-0.7296,0,0
0.7610459562785,3177,-0.7292,0,0
0.76104571154808,3178,-0.7288,0,0
0.76104546674051,3179,-0.7284,0,0
0.7610452218558,3180,-0.728,0,0
0.76104497689395,3181,-0.7276,0,0
0.76104473185496,3182,-0.7272,0,0
0.76104448673883,3183,-0.7268,0,0
0.76104424154556,3184,-0.7264,0,0
0.76104399627514,3185,-0.726,0,0
0.76104375092759,3186,-0.7256,0,0
0.76104350550289,3187,-0.7252,0,0
0.76104326000105,3188,-0.7248,0,0
0.76104301442206,3189,-0.7244,0,0
0.76104276876594,3190,-0.724,0,0
0.76104252303267,3191,-0.7236,0,0
0.76104227722226,3192,-0.7232,0,0
0.76104203133471,3193,-0.7228,0,0
0.76104178537001,3194,-0.7224,0,0
0.76104153932817,3195,-0.722,0,0
0.76104129320919,3196,-0.7216,0,0
0.76104104701306,3197,-0.7212,0,0
0.76104080073979,3198,-0.7208,0,0
0.76104055438938,3199,-0.7204,0,0
0.76104030796183,3200,-0.72,0,0
0.76104006145713,3201,-0.7196,0,0
0.76103981487529,3202,-0.7192,0,0
0.7610395682163,3203,-0.7188,0,0
0.76103932148017,3204,-0.7184,0,0
0.76103907466689,3205,-0.718,0,0
0.76103882777647,3206,-0.7176,0,0
0.76103858080891,3207,-0.7172,0,0
0.7610383337642,3208,-0.7168,0,0
0.76103808664235,3209,-0.7164,0,0
0.76103783944336,3210,-0.716,0,0
0.76103759216721,3211,-0.7156,0,0
0.76103734481393,3212,-0.7152,0,0
0.7610370973835,3213,-0.7148,0,0
0.76103684987592,3214,-0.7144,0,0
0.7610366022912,3215,-0.714,0,0
0.76103635462933,3216,-0.7136,0,0
0.76103610689032,3217,-0.7132,0,0
0.76103585907416,3218,-0.7128,0,0
0.76103561118086,3219,-0.7124,0,0
0.76103536321041,3220,-0.712,0,0
0.76103511516281,3221,-0.7116,0,0
0.76103486703807,3222,-0.7112,0,0
0.76103461883618,3223,-0.7108,0,0
0.76103437055715,3224,-0.7104,0,0
0.76103412220097,3225,-0.71,0,0
0.76103387376764,3226,-0.7096,0,0
0.76103362525717,3227,-0.7092,0,0
0.76103337666955,3228,-0.7088,0,0
0.76103312800478,3229,-0.7084,0,0
0.76103287926287,3230,-0.708,0,0
0.76103263044381,3231,-0.7076,0,0
0.7610323815476,3232,-0.7072,0,0
0.76103213257424,3233,-0.7068,0,0
0.76103188352374,3234,-0.7064,0,0
0.76103163439609,3235,-0.706,0,0
0.76103138519129,3236,-0.7056,0,0
0.76103113590934,3237,-0.7052,0,0
0.76103088655025,3238,-0.7048,0,0
0.76103063711401,3239,-0.7044,0,0
0.76103038760062,3240,-0.704,0,0
0.76103013801008,3241,-0.7036,0,0
0.76102988834239,3242,-0.7032,0,0
0.76102963859756,3243,-0.7028,0,0
0.76102938877557,3244,-0.7024,0,0
0.76102913887644,3245,-0.702,0,0
0.76102888890016,3246,-0.7016,0,0
0.76102863884673,3247,-0.7012,0,0
0.76102838871615,3248,-0.7008,0,0
0.76102813850842,3249,-0.7004,0,0
0.76102788822354,3250,-0.7,0,0
0.76102763786152,3251,-0.6996,0,0
0.76102738742234,3252,-0.6992,0,0
0.76102713690601,3253,-0.6988,0,0
0.76102688631254,3254,-0.6984,0,0
0.76102663564191,3255,-0.698,0,0
0.76102638489413,3256,-0.6976,0,0
0.76102613406921,3257,-0.6972,0,0
0.76102588316713,3258,-0.6968,0,0
0.7610256321879,3259,-0.6964,0,0
0.76102538113153,3260,-0.696,0,0
0.761025129998,3261,-0.6956,0,0
0.76102487878732,3262,-0.6952,0,0
0.76102462749949,3263,-0.6948,0,0
0.76102437613451,3264,-0.6944,0,0
0.76102412469238,3265,-0.694,0,0
0.76102387317309,3266,-0.6936,0,0
0.76102362157666,3267,-0.6932,0,0
0.76102336990308,3268,-0.6928,0,0
0.76102311815234,3269,-0.6924,0,0
0.76102286632445,3270,-0.692,0,0
0.76102261441941,3271,-0.6916,0,0
0.76102236243722,3272,-0.6912,0,0
0.76102211037787,3273,-0.6908,0,0
0.76102185824138,3274,-0.6904,0,0
0.76102160602773,3275,-0.69,0,0
0.76102135373693,3276,-0.6896,0,0
0.76102110136897,3277,-0.6892,0,0
0.76102084892387,3278,-0.6888,0,0
0.76102059640161,3279,-0.6884,0,0
0.7610203438022,3280,-0.688,0,0
0.76102009112563,3281,-0.6876,0,0
0.76101983837191,3282,-0.6872,0,0
0.76101958554104,3283,-0.6868,0,0
0.76101933263302,3284,-0.6864,0,0
0.76101907964784,3285,-0.686,0,0
0.76101882658551,3286,-0.6856,0,0
0.76101857344602,3287,-0.6852,0,0
0.76101832022939,3288,-0.6848,0,0
0.76101806693559,3289,-0.6844,0,0
0.76101781356465,3290,-0.684,0,0
0.76101756011655,3291,-0.6836,0,0
0.76101730659129,3292,-0.6832,0,0
0.76101705298888,3293,-0.6828,0,0
0.76101679930932,3294,-0.6824,0,0
0.7610165455526,3295,-0.682,0,0
0.76101629171873,3296,-0.6816,0,0
0.7610160378077,3297,-0.6812,0,0
0.76101578381952,3298,-0.6808,0,0
0.76101552975418,3299,-0.6804,0,0
0.76101527561168,3300,-0.68,0,0
0.76101502139204,3301,-0.6796,0,0
0.76101476709523,3302,-0.6792,0,0
0.76101451272127,3303,-0.6788,0,0
0.76101425827016,3304,-0.6784,0,0
0.76101400374189,3305,-0.678,0,0
0.76101374913646,3306,-0.6776,0,0
0.76101349445388,3307,-0.6772,0,0
0.76101323969414,3308,-0.6768,0,0
0.76101298485724,3309,-0.6764,0,0
0.76101272994319,3310,-0.676,0,0
0.76101247495198,3311,-0.6756,0,0
0.76101221988362,3312,-0.6752,0,0
0.76101196473809,3313,-0.6748,0,0
0.76101170951541,3314,-0.6744,0,0
0.76101145421558,3315,-0.674,0,0
0.76101119883859,3316,-0.6736,0,0
0.76101094338444,3317,-0.6732,0,0
0.76101068785313,3318,-0.6728,0,0
0.76101043224466,3319,-0.6724,0,0
0.76101017655904,3320,-0.672,0,0
0.76100992079626,3321,-0.6716,0,0
0.76100966495632,3322,-0.6712,0,0
0.76100940903923,3323,-0.6708,0,0
0.76100915304497,3324,-0.6704,0,0
0.76100889697356,3325,-0.67,0,0
0.76100864082499,3326,-0.6696,0,0
0.76100838459926,3327,-0.6692,0,0
0.76100812829637,3328,-0.6688,0,0
0.76100787191633,3329,-0.6684,0,0
0.76100761545912,3330,-0.668,0,0
0.76100735892476,3331,-0.6676,0,0
0.76100710231324,3332,-0.6672,0,0
0.76100684562455,3333,-0.6668,0,0
0.76100658885871,3334,-0.6664,0,0
0.76100633201571,3335,-0.666,0,0
0.76100607509555,3336,-0.6656,0,0
0.76100581809823,3337,-0.6652,0,0
0.76100556102375,3338,-0.6648,0,0
0.76100530387211,3339,-0.6644,0,0
0.76100504664331,3340,-0.664,0,0
0.76100478933735,3341,-0.6636,0,0
0.76100453195423,3342,-0.6632,0,0
0.76100427449395,3343,-0.6628,0,0
0.76100401695651,3344,-0.6624,0,0
0.76100375934191,3345,-0.662,0,0
0.76100350165015,3346,-0.6616,0,0
0.76100324388123,3347,-0.6612,0,0
0.76100298603514,3348,-0.6608,0,0
0.7610027281119,3349,-0.6604,0,0
0.76100247011149,3350,-0.66,0,0
0.76100221203392,3351,-0.6596,0,0
0.7610019538792,3352,-0.6592,0,0
0.76100169564731,3353,-0.6588,0,0
0.76100143733825,3354,-0.6584,0,0
0.76100117895204,3355,-0.658,0,0
0.76100092048866,3356,-0.6576,0,0
0.76100066194813,3357,-0.6572,0,0
0.76100040333043,3358,-0.6568,0,0
0.76100014463556,3359,-0.6564,0,0
0.76099988586354,3360,-0.656,0,0
0.76099962701435,3361,-0.6556,0,0
0.760999368088,3362,-0.6552,0,0
0.76099910908449,3363,-0.6548,0,0
0.76099885000381,3364,-0.6544,0,0
0.76099859084598,3365,-0.654,0,0
0.76099833161097,3366,-0.6536,0,0
0.76099807229881,3367,-0.6532,0,0
0.76099781290948,3368,-0.6528,0,0
0.76099755344299,3369,-0.6524,0,0
0.76099729389933,3370,-0.652,0,0
0.76099703427851,3371,-0.6516,0,0
0.76099677458053,3372,-0.6512,0,0
0.76099651480538,3373,-0.6508,0,0
0.76099625495307,3374,-0.6504,0,0
0.7609959950236,3375,-0.65,0,0
0.76099573501696,3376,-0.6496,0,0
0.76099547493315,3377,-0.6492,0,0
0.76099521477218,3378,-0.6488,0,0
0.76099495453405,3379,-0.6484,0,0
0.76099469421875,3380,-0.648,0,0
0.76099443382629,3381,-0.6476,0,0
0.76099417335666,3382,-0.6472,0,0
0.76099391280987,3383,-0.6468,0,0
0.76099365218591,3384,-0.6464,0,0
0.76099339148478,3385,-0.646,0,0
0.76099313070649,3386,-0.6456,0,0
0.76099286985104,3387,-0.6452,0,0
0.76099260891842,3388,-0.6448,0,0
0.76099234790863,3389,-0.6444,0,0
0.76099208682168,3390,-0.644,0,0
0.76099182565756,3391,-0.6436,0,0
0.76099156441627,3392,-0.6432,0,0
0.76099130309782,3393,-0.6428,0,0
0.7609910417022,3394,-0.6424,0,0
0.76099078022941,3395,-0.642,0,0
0.76099051867946,3396,-0.6416,0,0
0.76099025705234,3397,-0.6412,0,0
0.76098999534806,3398,-0.6408,0,0
0.7609897335666,3399,-0.6404,0,0
0.76098947170798,3400,-0.64,0,0
0.76098920977219,3401,-0.6396,0,0
0.76098894775924,3402,-0.6392,0,0
0.76098868566911,3403,-0.6388,0,0
0.76098842350182,3404,-0.6384,0,0
0.76098816125736,3405,-0.638,0,0
0.76098789893574,3406,-0.6376,0,0
0.76098763653694,3407,-0.6372,0,0
0.76098737406098,3408,-0.6368,0,0
0.76098711150785,3409,-0.6364,0,0
0.76098684887755,3410,-0.636,0,0
0.76098658617008,3411,-0.6356,0,0
0.76098632338544,3412,-0.6352,0,0
0.76098606052363,3413,-0.6348,0,0
0.76098579758466,3414,-0.6344,0,0
0.76098553456851,3415,-0.634,0,0
0.7609852714752,3416,-0.6336,0,0
0.76098500830472,3417,-0.6332,0,0
0.76098474505706,3418,-0.6328,0,0
0.76098448173224,3419,-0.6324,0,0
0.76098421833025,3420,-0.632,0,0
0.76098395485109,3421,-0.6316,0,0
0.76098369129475,3422,-0.6312,0,0
0.76098342766125,3423,-0.6308,0,0
0.76098316395058,3424,-0.6304,0,0
0.76098290016274,3425,-0.63,0,0
0.76098263629772,3426,-0.6296,0,0
0.76098237235554,3427,-0.6292,0,0
0.76098210833619,3428,-0.6288,0,0
0.76098184423966,3429,-0.6284,0,0
0.76098158006596,3430,-0.628,0,0
0.7609813158151,3431,-0.6276,0,0
0.76098105148706,3432,-0.6272,0,0
0.76098078708185,3433,-0.6268,0,0
0.76098052259947,3434,-0.6264,0,0
0.76098025803991,3435,-0.626,0,0
0.76097999340319,3436,-0.6256,0,0
0.76097972868929,3437,-0.6252,0,0
0.76097946389822,3438,-0.6248,0,0
0.76097919902998,3439,-0.6244,0,0
0.76097893408457,3440,-0.624,0,0
0.76097866906198,3441,-0.6236,0,0
0.76097840396223,3442,-0.6232,0,0
0.7609781387853,3443,-0.6228,0,0
0.76097787353119,3444,-0.6224,0,0
0.76097760819992,3445,-0.622,0,0
0.76097734279147,3446,-0.6216,0,0
0.76097707730585,3447,-0.6212,0,0
0.76097681174305,3448,-0.6208,0,0
0.76097654610308,3449,-0.6204,0,0
0.76097628038594,3450,-0.62,0,0
0.76097601459163,3451,-0.6196,0,0
0.76097574872014,3452,-0.6192,0,0
0.76097548277147,3453,-0.6188,0,0
0.76097521674564,3454,-0.6184,0,0
0.76097495064262,3455,-0.618,0,0
0.76097468446244,3456,-0.6176,0,0
0.76097441820508,3457,-0.6172,0,0
0.76097415187055,3458,-0.6168,0,0
0.76097388545884,3459,-0.6164,0,0
0.76097361896995,3460,-0.616,0,0
0.7609733524039,3461,-0.6156,0,0
0.76097308576066,3462,-0.6152,0,0
0.76097281904025,3463,-0.6148,0,0
0.76097255224267,3464,-0.6144,0,0
0.76097228536791,3465,-0.614,0,0
0.76097201841598,3466,-0.6136,0,0
0.76097175138687,3467,-0.6132,0,0
0.76097148428058,3468,-0.6128,0,0
0.76097121709712,3469,-0.6124,0,0
0.76097094983649,3470,-0.612,0,0
0.76097068249867,3471,-0.6116,0,0
0.76097041508368,3472,-0.6112,0,0
0.76097014759152,3473,-0.6108,0,0
0.76096988002217,3474,-0.6104,0,0
0.76096961237566,3475,-0.61,0,0
0.76096934465196,3476,-0.6096,0,0
0.76096907685109,3477,-0.6092,0,0
0.76096880897304,3478,-0.6088,0,0
0.76096854101781,3479,-0.6084,0,0
0.76096827298541,3480,-0.608,0,0
0.76096800487583,3481,-0.6076,0,0
0.76096773668907,3482,-0.6072,0,0
0.76096746842513,3483,-0.6068,0,0
0.76096720008402,3484,-0.6064,0,0
0.76096693166573,3485,-0.606,0,0
0.76096666317026,3486,-0.6056,0,0
0.76096639459761,3487,-0.6052,0,0
0.76096612594779,3488,-0.6048,0,0
0.76096585722078,3489,-0.6044,0,0
0.7609655884166,3490,-0.604,0,0
0.76096531953524,3491,-0.6036,0,0
0.7609650505767,3492,-0.6032,0,0
0.76096478154098,3493,-0.6028,0,0
0.76096451242808,3494,-0.6024,0,0
0.76096424323801,3495,-0.602,0,0
0.76096397397075,3496,-0.6016,0,0
0.76096370462631,3497,-0.6012,0,0
0.7609634352047,3498,-0.6008,0,0
0.76096316570591,3499,-0.6004,0,0
0.76096289612993,3500,-0.6,0,0
0.76096262647678,3501,-0.5996,0,0
0.76096235674644,3502,-0.5992,0,0
0.76096208693893,3503,-0.5988,0,0
0.76096181705424,3504,-0.5984,0,0
0.76096154709236,3505,-0.598,0,0
0.76096127705331,3506,-0.5976,0,0
0.76096100693707,3507,-0.5972,0,0
0.76096073674365,3508,-0.5968,0,0
0.76096046647306,3509,-0.5964,0,0
0.76096019612528,3510,-0.596,0,0
0.76095992570032,3511,-0.5956,0,0
0.76095965519818,3512,-0.5952,0,0
0.76095938461886,3513,-0.5948,0,0
0.76095911396235,3514,-0.5944,0,0
0.76095884322867,3515,-0.594,0,0
0.7609585724178,3516,-0.5936,0,0
0.76095830152975,3517,-0.5932,0,0
0.76095803056452,3518,-0.5928,0,0
0.76095775952211,3519,-0.5924,0,0
0.76095748840251,3520,-0.592,0,0
0.76095721720574,3521,-0.5916,0,0
0.76095694593178,3522,-0.5912,0,0
0.76095667458064,3523,-0.5908,0,0
0.76095640315231,3524,-0.5904,0,0
0.7609561316468,3525,-0.59,0,0
0.76095586006411,3526,-0.5896,0,0
0.76095558840424,3527,-0.5892,0,0
0.76095531666718,3528,-0.5888,0,0
0.76095504485294,3529,-0.5884,0,0
0.76095477296151,3530,-0.588,0,0
0.76095450099291,3531,-0.5876,0,0
0.76095422894711,3532,-0.5872,0,0
0.76095395682414,3533,-0.5868,0,0
0.76095368462398,3534,-0.5864,0,0
0.76095341234663,3535,-0.586,0,0
0.76095313999211,3536,-0.5856,0,0
0.76095286756039,3537,-0.5852,0,0
0.7609525950515,3538,-0.5848,0,0
0.76095232246541,3539,-0.5844,0,0
0.76095204980215,3540,-0.584,0,0
0.7609517770617,3541,-0.5836,0,0
0.76095150424406,3542,-0.5832,0,0
0.76095123134924,3543,-0.5828,0,0
0.76095095837723,3544,-0.5824,0,0
0.76095068532804,3545,-0.582,0,0
0.76095041220166,3546,-0.5816,0,0
0.7609501389981,3547,-0.5812,0,0
0.76094986571735,3548,-0.5808,0,0
0.76094959235941,3549,-0.5804,0,0
0.76094931892429,3550,-0.58,0,0
0.76094904541198,3551,-0.5796,0,0
0.76094877182249,3552,-0.5792,0,0
0.76094849815581,3553,-0.5788,0,0
0.76094822441194,3554,-0.5784,0,0
0.76094795059088,3555,-0.578,0,0
0.76094767669264,3556,-0.5776,0,0
0.76094740271722,3557,-0.5772,0,0
0.7609471286646,3558,-0.5768,0,0
0.7609468545348,3559,-0.5764,0,0
0.76094658032781,3560,-0.576,0,0
0.76094630604363,3561,-0.5756,0,0
0.76094603168227,3562,-0.5752,0,0
0.76094575724372,3563,-0.5748,0,0
0.76094548272798,3564,-0.5744,0,0
0.76094520813505,3565,-0.574,0,0
0.76094493346493,3566,-0.5736,0,0
0.76094465871763,3567,-0.5732,0,0
0.76094438389313,3568,-0.5728,0,0
0.76094410899145,3569,-0.5724,0,0
0.76094383401258,3570,-0.572,0,0
0.76094355895652,3571,-0.5716,0,0
0.76094328382328,3572,-0.5712,0,0
0.76094300861284,3573,-0.5708,0,0
0.76094273332521,3574,-0.5704,0,0
0.7609424579604,3575,-0.57,0,0
0.76094218251839,3576,-0.5696,0,0
0.7609419069992,3577,-0.5692,0,0
0.76094163140282,3578,-0.5688,0,0
0.76094135572924,3579,-0.5684,0,0
0.76094107997848,3580,-0.568,0,0
0.76094080415052,3581,-0.5676,0,0
0.76094052824538,3582,-0.5672,0,0
0.76094025226305,3583,-0.5668,0,0
0.76093997620352,3584,-0.5664,0,0
0.76093970006681,3585,-0.566,0,0
0.7609394238529,3586,-0.5656,0,0
0.7609391475618,3587,-0.5652,0,0
0.76093887119352,3588,-0.5648,0,0
0.76093859474804,3589,-0.5644,0,0
0.76093831822537,3590,-0.564,0,0
0.76093804162551,3591,-0.5636,0,0
0.76093776494845,3592,-0.5632,0,0
0.76093748819421,3593,-0.5628,0,0
0.76093721136277,3594,-0.5624,0,0
0.76093693445414,3595,-0.562,0,0
0.76093665746832,3596,-0.5616,0,0
0.76093638040531,3597,-0.5612,0,0
0.76093610326511,3598,-0.5608,0,0
0.76093582604771,3599,-0.5604,0,0
0.76093554875312,3600,-0.56,0,0
0.76093527138134,3601,-0.5596,0,0
0.76093499393236,3602,-0.5592,0,0
0.7609347164062,3603,-0.5588,0,0
0.76093443880284,3604,-0.5584,0,0
0.76093416112228,3605,-0.558,0,0
0.76093388336454,3606,-0.5576,0,0
0.76093360552959,3607,-0.5572,0,0
0.76093332761746,3608,-0.5568,0,0
0.76093304962813,3609,-0.5564,0,0
0.76093277156161,3610,-0.556,0,0
0.7609324934179,3611,-0.5556,0,0
0.76093221519699,3612,-0.5552,0,0
0.76093193689888,3613,-0.5548,0,0
0.76093165852358,3614,-0.5544,0,0
0.76093138007109,3615,-0.554,0,0
0.7609311015414,3616,-0.5536,0,0
0.76093082293452,3617,-0.5532,0,0
0.76093054425044,3618,-0.5528,0,0
0.76093026548917,3619,-0.5524,0,0
0.76092998665071,3620,-0.552,0,0
0.76092970773504,3621,-0.5516,0,0
0.76092942874219,3622,-0.5512,0,0
0.76092914967213,3623,-0.5508,0,0
0.76092887052488,3624,-0.5504,0,0
0.76092859130044,3625,-0.55,0,0
0.7609283119988,3626,-0.5496,0,0
0.76092803261996,3627,-0.5492,0,0
0.76092775316393,3628,-0.5488,0,0
0.7609274736307,3629,-0.5484,0,0
0.76092719402027,3630,-0.548,0,0
0.76092691433265,3631,-0.5476,0,0
0.76092663456783,3632,-0.5472,0,0
0.76092635472582,3633,-0.5468,0,0
0.76092607480661,3634,-0.5464,0,0
0.7609257948102,3635,-0.546,0,0
0.76092551473659,3636,-0.5456,0,0
0.76092523458579,3637,-0.5452,0,0
0.76092495435778,3638,-0.5448,0,0
0.76092467405258,3639,-0.5444,0,0
0.76092439367019,3640,-0.544,0,0
0.76092411321059,3641,-0.5436,0,0
0.7609238326738,3642,-0.5432,0,0
0.76092355205981,3643,-0.5428,0,0
0.76092327136862,3644,-0.5424,0,0
0.76092299060023,3645,-0.542,0,0
0.76092270975465,3646,-0.5416,0,0
0.76092242883186,3647,-0.5412,0,0
0.76092214783188,3648,-0.5408,0,0
0.76092186675469,3649,-0.5404,0,0
0.76092158560031,3650,-0.54,0,0
0.76092130436873,3651,-0.5396,0,0
0.76092102305995,3652,-0.5392,0,0
0.76092074167397,3653,-0.5388,0,0
0.76092046021079,3654,-0.5384,0,0
0.76092017867041,3655,-0.538,0,0
0.76091989705284,3656,-0.5376,0,0
0.76091961535806,3657,-0.5372,0,0
0.76091933358608,3658,-0.5368,0,0
0.7609190517369,3659,-0.5364,0,0
0.76091876981052,3660,-0.536,0,0
0.76091848780694,3661,-0.5356,0,0
0.76091820572616,3662,-0.5352,0,0
0.76091792356818,3663,-0.5348,0,0
0.760917641333,3664,-0.5344,0,0
0.76091735902061,3665,-0.534,0,0
0.76091707663103,3666,-0.5336,0,0
0.76091679416424,3667,-0.5332,0,0
0.76091651162026,3668,-0.5328,0,0
0.76091622899907,3669,-0.5324,0,0
0.76091594630068,3670,-0.532,0,0
0.76091566352508,3671,-0.5316,0,0
0.76091538067229,3672,-0.5312,0,0
0.76091509774229,3673,-0.5308,0,0
0.7609148147351,3674,-0.5304,0,0
0.76091453165069,3675,-0.53,0,0
0.76091424848909,3676,-0.5296,0,0
0.76091396525028,3677,-0.5292,0,0
0.76091368193428,3678,-0.5288,0,0
0.76091339854106,3679,-0.5284,0,0
0.76091311507065,3680,-0.528,0,0
0.76091283152303,3681,-0.5276,0,0
0.76091254789821,3682,-0.5272,0,0
0.76091226419619,3683,-0.5268,0,0
0.76091198041696,3684,-0.5264,0,0
0.76091169656053,3685,-0.526,0,0
0.76091141262689,3686,-0.5256,0,0
0.76091112861605,3687,-0.5252,0,0
0.76091084452801,3688,-0.5248,0,0
0.76091056036276,3689,-0.5244,0,0
0.76091027612031,3690,-0.524,0,0
0.76090999180065,3691,-0.5236,0,0
0.76090970740379,3692,-0.5232,0,0
0.76090942292972,3693,-0.5228,0,0
0.76090913837845,3694,-0.5224,0,0
0.76090885374998,3695,-0.522,0,0
0.7609085690443,3696,-0.5216,0,0
0.76090828426141,3697,-0.5212,0,0
0.76090799940132,3698,-0.5208,0,0
0.76090771446402,3699,-0.5204,0,0
0.76090742944952,3700,-0.52,0,0
0.76090714435781,3701,-0.5196,0,0
0.76090685918889,3702,-0.5192,0,0
0.76090657394277,3703,-0.5188,0,0
0.76090628861945,3704,-0.5184,0,0
0.76090600321891,3705,-0.518,0,0
0.76090571774117,3706,-0.5176,0,0
0.76090543218623,3707,-0.5172,0,0
0.76090514655407,3708,-0.5168,0,0
0.76090486084471,3709,-0.5164,0,0
0.76090457505815,3710,-0.516,0,0
0.76090428919437,3711,-0.5156,0,0
0.76090400325339,3712,-0.5152,0,0
0.7609037172352,3713,-0.5148,0,0
0.7609034311398,3714,-0.5144,0,0
0.7609031449672,3715,-0.514,0,0
0.76090285871739,3716,-0.5136,0,0
0.76090257239037,3717,-0.5132,0,0
0.76090228598614,3718,-0.5128,0,0
0.7609019995047,3719,-0.5124,0,0
0.76090171294606,3720,-0.512,0,0
0.76090142631021,3721,-0.5116,0,0
0.76090113959714,3722,-0.5112,0,0
0.76090085280687,3723,-0.5108,0,0
0.76090056593939,3724,-0.5104,0,0
0.76090027899471,3725,-0.51,0,0
0.76089999197281,3726,-0.5096,0,0
0.7608997048737,3727,-0.5092,0,0
0.76089941769738,3728,-0.5088,0,0
0.76089913044386,3729,-0.5084,0,0
0.76089884311312,3730,-0.508,0,0
0.76089855570518,3731,-0.5076,0,0
0.76089826822002,3732,-0.5072,0,0
0.76089798065766,3733,-0.5068,0,0
0.76089769301808,3734,-0.5064,0,0
0.76089740530129,3735,-0.506,0,0
0.7608971175073,3736,-0.5056,0,0
0.76089682963609,3737,-0.5052,0,0
0.76089654168767,3738,-0.5048,0,0
0.76089625366204,3739,-0.5044,0,0
0.7608959655592,3740,-0.504,0,0
0.76089567737915,3741,-0.5036,0,0
0.76089538912189,3742,-0.5032,0,0
0.76089510078742,3743,-0.5028,0,0
0.76089481237573,3744,-0.5024,0,0
0.76089452388683,3745,-0.502,0,0
0.76089423532072,3746,-0.5016,0,0
0.7608939466774,3747,-0.5012,0,0
0.76089365795687,3748,-0.5008,0,0
0.76089336915912,3749,-0.5004,0,0
0.76089308028417,3750,-0.5,0,0
0.76089279133199,3751,-0.4996,0,0
0.76089250230261,3752,-0.4992,0,0
0.76089221319602,3753,-0.4988,0,0
0.76089192401221,3754,-0.4984,0,0
0.76089163475118,3755,-0.498,0,0
0.76089134541295,3756,-0.4976,0,0
0.7608910559975,3757,-0.4972,0,0
0.76089076650484,3758,-0.4968,0,0
0.76089047693496,3759,-0.4964,0,0
0.76089018728787,3760,-0.496,0,0
0.76088989756357,3761,-0.4956,0,0
0.76088960776205,3762,-0.4952,0,0
0.76088931788332,3763,-0.4948,0,0
0.76088902792738,3764,-0.4944,0,0
0.76088873789422,3765,-0.494,0,0
0.76088844778384,3766,-0.4936,0,0
0.76088815759625,3767,-0.4932,0,0
0.76088786733145,3768,-0.4928,0,0
0.76088757698943,3769,-0.4924,0,0
0.76088728657019,3770,-0.492,0,0
0.76088699607374,3771,-0.4916,0,0
0.76088670550008,3772,-0.4912,0,0
0.7608864148492,3773,-0.4908,0,0
0.7608861241211,3774,-0.4904,0,0
0.76088583331579,3775,-0.49,0,0
0.76088554243326,3776,-0.4896,0,0
0.76088525147352,3777,-0.4892,0,0
0.76088496043656,3778,-0.4888,0,0
0.76088466932238,3779,-0.4884,0,0
0.76088437813099,3780,-0.488,0,0
0.76088408686238,3781,-0.4876,0,0
0.76088379551655,3782,-0.4872,0,0
0.76088350409351,3783,-0.4868,0,0
0.76088321259325,3784,-0.4864,0,0
0.76088292101577,3785,-0.486,0,0
0.76088262936108,3786,-0.4856,0,0
0.76088233762916,3787,-0.4852,0,0
0.76088204582003,3788,-0.4848,0,0
0.76088175393369,3789,-0.4844,0,0
0.76088146197012,3790,-0.484,0,0
0.76088116992934,3791,-0.4836,0,0
0.76088087781134,3792,-0.4832,0,0
0.76088058561612,3793,-0.4828,0,0
0.76088029334368,3794,-0.4824,0,0
0.76088000099402,3795,-0.482,0,0
0.76087970856715,3796,-0.4816,0,0
0.76087941606305,3797,-0.4812,0,0
0.76087912348174,3798,-0.4808,0,0
0.76087883082321,3799,-0.4804,0,0
0.76087853808746,3800,-0.48,0,0
0.76087824527449,3801,-0.4796,0,0
0.7608779523843,3802,-0.4792,0,0
0.76087765941689,3803,-0.4788,0,0
0.76087736637226,3804,-0.4784,0,0
0.76087707325041,3805,-0.478,0,0
0.76087678005134,3806,-0.4776,0,0
0.76087648677505,3807,-0.4772,0,0
0.76087619342154,3808,-0.4768,0,0
0.76087589999081,3809,-0.4764,0,0
0.76087560648286,3810,-0.476,0,0
0.76087531289769,3811,-0.4756,0,0
0.7608750192353,3812,-0.4752,0,0
0.76087472549568,3813,-0.4748,0,0
0.76087443167885,3814,-0.4744,0,0
0.76087413778479,3815,-0.474,0,0
0.76087384381352,3816,-0.4736,0,0
0.76087354976502,3817,-0.4732,0,0
0.7608732556393,3818,-0.4728,0,0
0.76087296143635,3819,-0.4724,0,0
0.76087266715619,3820,-0.472,0,0
0.7608723727988,3821,-0.4716,0,0
0.7608720783642,3822,-0.4712,0,0
0.76087178385236,3823,-0.4708,0,0
0.76087148926331,3824,-0.4704,0,0
0.76087119459703,3825,-0.47,0,0
0.76087089985354,3826,-0.4696,0,0
0.76087060503281,3827,-0.4692,0,0
0.76087031013487,3828,-0.4688,0,0
0.7608700151597,3829,-0.4684,0,0
0.76086972010731,3830,-0.468,0,0
0.7608694249777,3831,-0.4676,0,0
0.76086912977086,3832,-0.4672,0,0
0.7608688344868,3833,-0.4668,0,0
0.76086853912551,3834,-0.4664,0,0
0.760868243687,3835,-0.466,0,0
0.76086794817126,3836,-0.4656,0,0
0.76086765257831,3837,-0.4652,0,0
0.76086735690812,3838,-0.4648,0,0
0.76086706116072,3839,-0.4644,0,0
0.76086676533608,3840,-0.464,0,0
0.76086646943423,3841,-0.4636,0,0
0.76086617345514,3842,-0.4632,0,0
0.76086587739884,3843,-0.4628,0,0
0.7608655812653,3844,-0.4624,0,0
0.76086528505455,3845,-0.462,0,0
0.76086498876656,3846,-0.4616,0,0
0.76086469240135,3847,-0.4612,0,0
0.76086439595892,3848,-0.4608,0,0
0.76086409943926,3849,-0.4604,0,0
0.76086380284237,3850,-0.46,0,0
0.76086350616826,3851,-0.4596,0,0
0.76086320941692,3852,-0.4592,0,0
0.76086291258835,3853,-0.4588,0,0
0.76086261568256,3854,-0.4584,0,0
0.76086231869954,3855,-0.458,0,0
0.76086202163929,3856,-0.4576,0,0
0.76086172450182,3857,-0.4572,0,0
0.76086142728712,3858,-0.4568,0,0
0.76086112999519,3859,-0.4564,0,0
0.76086083262603,3860,-0.456,0,0
0.76086053517965,3861,-0.4556,0,0
0.76086023765604,3862,-0.4552,0,0
0.7608599400552,3863,-0.4548,0,0
0.76085964237713,3864,-0.4544,0,0
0.76085934462184,3865,-0.454,0,0
0.76085904678931,3866,-0.4536,0,0
0.76085874887956,3867,-0.4532,0,0
0.76085845089258,3868,-0.4528,0,0
0.76085815282837,3869,-0.4524,0,0
0.76085785468693,3870,-0.452,0,0
0.76085755646827,3871,-0.4516,0,0
0.76085725817237,3872,-0.4512,0,0
0.76085695979924,3873,-0.4508,0,0
0.76085666134889,3874,-0.4504,0,0
0.7608563628213,3875,-0.45,0,0
0.76085606421649,3876,-0.4496,0,0
0.76085576553444,3877,-0.4492,0,0
0.76085546677517,3878,-0.4488,0,0
0.76085516793867,3879,-0.4484,0,0
0.76085486902493,3880,-0.448,0,0
0.76085457003396,3881,-0.4476,0,0
0.76085427096577,3882,-0.4472,0,0
0.76085397182034,3883,-0.4468,0,0
0.76085367259768,3884,-0.4464,0,0
0.7608533732978,3885,-0.446,0,0
0.76085307392068,3886,-0.4456,0,0
0.76085277446633,3887,-0.4452,0,0
0.76085247493474,3888,-0.4448,0,0
0.76085217532593,3889,-0.4444,0,0
0.76085187563988,3890,-0.444,0,0
0.76085157587661,3891,-0.4436,0,0
0.7608512760361,3892,-0.4432,0,0
0.76085097611836,3893,-0.4428,0,0
0.76085067612338,3894,-0.4424,0,0
0.76085037605118,3895,-0.442,0,0
0.76085007590174,3896,-0.4416,0,0
0.76084977567507,3897,-0.4412,0,0
0.76084947537116,3898,-0.4408,0,0
0.76084917499002,3899,-0.4404,0,0
0.76084887453165,3900,-0.44,0,0
0.76084857399605,3901,-0.4396,0,0
0.76084827338321,3902,-0.4392,0,0
0.76084797269314,3903,-0.4388,0,0
0.76084767192584,3904,-0.4384,0,0
0.7608473710813,3905,-0.438,0,0
0.76084707015953,3906,-0.4376,0,0
0.76084676916052,3907,-0.4372,0,0
0.76084646808428,3908,-0.4368,0,0
0.76084616693081,3909,-0.4364,0,0
0.7608458657001,3910,-0.436,0,0
0.76084556439216,3911,-0.4356,0,0
0.76084526300698,3912,-0.4352,0,0
0.76084496154457,3913,-0.4348,0,0
0.76084466000492,3914,-0.4344,0,0
0.76084435838803,3915,-0.434,0,0
0.76084405669392,3916,-0.4336,0,0
0.76084375492256,3917,-0.4332,0,0
0.76084345307397,3918,-0.4328,0,0
0.76084315114815,3919,-0.4324,0,0
0.76084284914508,3920,-0.432,0,0
0.76084254706479,3921,-0.4316,0,0
0.76084224490725,3922,-0.4312,0,0
0.76084194267248,3923,-0.4308,0,0
0.76084164036047,3924,-0.4304,0,0
0.76084133797123,3925,-0.43,0,0
0.76084103550475,3926,-0.4296,0,0
0.76084073296103,3927,-0.4292,0,0
0.76084043034008,3928,-0.4288,0,0
0.76084012764189,3929,-0.4284,0,0
0.76083982486646,3930,-0.428,0,0
0.76083952201379,3931,-0.4276,0,0
0.76083921908389,3932,-0.4272,0,0
0.76083891607675,3933,-0.4268,0,0
0.76083861299237,3934,-0.4264,0,0
0.76083830983075,3935,-0.426,0,0
0.7608380065919,3936,-0.4256,0,0
0.7608377032758,3937,-0.4252,0,0
0.76083739988247,3938,-0.4248,0,0
0.7608370964119,3939,-0.4244,0,0
0.76083679286409,3940,-0.424,0,0
0.76083648923904,3941,-0.4236,0,0
0.76083618553675,3942,-0.4232,0,0
0.76083588175723,3943,-0.4228,0,0
0.76083557790046,3944,-0.4224,0,0
0.76083527396645,3945,-0.422,0,0
0.76083496995521,3946,-0.4216,0,0
0.76083466586672,3947,-0.4212,0,0
0.760834361701,3948,-0.4208,0,0
0.76083405745803,3949,-0.4204,0,0
0.76083375313783,3950,-0.42,0,0
0.76083344874038,3951,-0.4196,0,0
0.7608331442657,3952,-0.4192,0,0
0.76083283971377,3953,-0.4188,0,0
0.7608325350846,3954,-0.4184,0,0
0.7608322303782,3955,-0.418,0,0
0.76083192559455,3956,-0.4176,0,0
0.76083162073366,3957,-0.4172,0,0
0.76083131579552,3958,-0.4168,0,0
0.76083101078015,3959,-0.4164,0,0
0.76083070568754,3960,-0.416,0,0
0.76083040051768,3961,-0.4156,0,0
0.76083009527058,3962,-0.4152,0,0
0.76082978994624,3963,-0.4148,0,0
0.76082948454466,3964,-0.4144,0,0
0.76082917906583,3965,-0.414,0,0
0.76082887350977,3966,-0.4136,0,0
0.76082856787646,3967,-0.4132,0,0
0.7608282621659,3968,-0.4128,0,0
0.76082795637811,3969,-0.4124,0,0
0.76082765051307,3970,-0.412,0,0
0.76082734457079,3971,-0.4116,0,0
0.76082703855126,3972,-0.4112,0,0
0.76082673245449,3973,-0.4108,0,0
0.76082642628048,3974,-0.4104,0,0
0.76082612002923,3975,-0.41,0,0
0.76082581370073,3976,-0.4096,0,0
0.76082550729498,3977,-0.4092,0,0
0.76082520081199,3978,-0.4088,0,0
0.76082489425176,3979,-0.4084,0,0
0.76082458761428,3980,-0.408,0,0
0.76082428089956,3981,-0.4076,0,0
0.7608239741076,3982,-0.4072,0,0
0.76082366723839,3983,-0.4068,0,0
0.76082336029193,3984,-0.4064,0,0
0.76082305326823,3985,-0.406,0,0
0.76082274616728,3986,-0.4056,0,0
0.76082243898909,3987,-0.4052,0,0
0.76082213173365,3988,-0.4048,0,0
0.76082182440097,3989,-0.4044,0,0
0.76082151699104,3990,-0.404,0,0
0.76082120950386,3991,-0.4036,0,0
0.76082090193944,3992,-0.4032,0,0
0.76082059429777,3993,-0.4028,0,0
0.76082028657886,3994,-0.4024,0,0
0.7608199787827,3995,-0.402,0,0
0.76081967090929,3996,-0.4016,0,0
0.76081936295864,3997,-0.4012,0,0
0.76081905493073,3998,-0.4008,0,0
0.76081874682559,3999,-0.4004,0,0
0.76081843864319,4000,-0.4,0,0
0.76081813038354,4001,-0.3996,0,0
0.76081782204665,4002,-0.3992,0,0
0.76081751363251,4003,-0.3988,0,0
0.76081720514113,4004,-0.3984,0,0
0.76081689657249,4005,-0.398,0,0
0.76081658792661,4006,-0.3976,0,0
0.76081627920348,4007,-0.3972,0,0
0.7608159704031,4008,-0.3968,0,0
0.76081566152547,4009,-0.3964,0,0
0.76081535257059,4010,-0.396,0,0
0.76081504353846,4011,-0.3956,0,0
0.76081473442909,4012,-0.3952,0,0
0.76081442524246,4013,-0.3948,0,0
0.76081411597859,4014,-0.3944,0,0
0.76081380663746,4015,-0.394,0,0
0.76081349721909,4016,-0.3936,0,0
0.76081318772347,4017,-0.3932,0,0
0.76081287815059,4018,-0.3928,0,0
0.76081256850047,4019,-0.3924,0,0
0.7608122587731,4020,-0.392,0,0
0.76081194896847,4021,-0.3916,0,0
0.7608116390866,4022,-0.3912,0,0
0.76081132912747,4023,-0.3908,0,0
0.7608110190911,4024,-0.3904,0,0
0.76081070897747,4025,-0.39,0,0
0.76081039878659,4026,-0.3896,0,0
0.76081008851846,4027,-0.3892,0,0
0.76080977817308,4028,-0.3888,0,0
0.76080946775045,4029,-0.3884,0,0
0.76080915725056,4030,-0.388,0,0
0.76080884667343,4031,-0.3876,0,0
0.76080853601904,4032,-0.3872,0,0
0.7608082252874,4033,-0.3868,0,0
0.76080791447851,4034,-0.3864,0,0
0.76080760359236,4035,-0.386,0,0
0.76080729262897,4036,-0.3856,0,0
0.76080698158832,4037,-0.3852,0,0
0.76080667047041,4038,-0.3848,0,0
0.76080635927526,4039,-0.3844,0,0
0.76080604800285,4040,-0.384,0,0
0.76080573665319,4041,-0.3836,0,0
0.76080542522627,4042,-0.3832,0,0
0.7608051137221,4043,-0.3828,0,0
0.76080480214068,4044,-0.3824,0,0
0.760804490482,4045,-0.382,0,0
0.76080417874607,4046,-0.3816,0,0
0.76080386693289,4047,-0.3812,0,0
0.76080355504245,4048,-0.3808,0,0
0.76080324307475,4049,-0.3804,0,0
0.7608029310298,4050,-0.38,0,0
0.7608026189076,4051,-0.3796,0,0
0.76080230670814,4052,-0.3792,0,0
0.76080199443143,4053,-0.3788,0,0
0.76080168207746,4054,-0.3784,0,0
0.76080136964624,4055,-0.378,0,0
0.76080105713776,4056,-0.3776,0,0
0.76080074455202,4057,-0.3772,0,0
0.76080043188903,4058,-0.3768,0,0
0.76080011914879,4059,-0.3764,0,0
0.76079980633128,4060,-0.376,0,0
0.76079949343652,4061,-0.3756,0,0
0.76079918046451,4062,-0.3752,0,0
0.76079886741524,4063,-0.3748,0,0
0.76079855428871,4064,-0.3744,0,0
0.76079824108492,4065,-0.374,0,0
0.76079792780388,4066,-0.3736,0,0
0.76079761444558,4067,-0.3732,0,0
0.76079730101003,4068,-0.3728,0,0
0.76079698749721,4069,-0.3724,0,0
0.76079667390714,4070,-0.372,0,0
0.76079636023981,4071,-0.3716,0,0
0.76079604649522,4072,-0.3712,0,0
0.76079573267338,4073,-0.3708,0,0
0.76079541877428,4074,-0.3704,0,0
0.76079510479792,4075,-0.37,0,0
0.7607947907443,4076,-0.3696,0,0
0.76079447661342,4077,-0.3692,0,0
0.76079416240528,4078,-0.3688,0,0
0.76079384811988,4079,-0.3684,0,0
0.76079353375723,4080,-0.368,0,0
0.76079321931732,4081,-0.3676,0,0
0.76079290480014,4082,-0.3672,0,0
0.76079259020571,4083,-0.3668,0,0
0.76079227553402,4084,-0.3664,0,0
0.76079196078506,4085,-0.366,0,0
0.76079164595885,4086,-0.3656,0,0
0.76079133105538,4087,-0.3652,0,0
0.76079101607465,4088,-0.3648,0,0
0.76079070101666,4089,-0.3644,0,0
0.7607903858814,4090,-0.364,0,0
0.76079007066889,4091,-0.3636,0,0
0.76078975537911,4092,-0.3632,0,0
0.76078944001208,4093,-0.3628,0,0
0.76078912456778,4094,-0.3624,0,0
0.76078880904623,4095,-0.362,0,0
0.76078849344741,4096,-0.3616,0,0
0.76078817777133,4097,-0.3612,0,0
0.76078786201798,4098,-0.3608,0,0
0.76078754618738,4099,-0.3604,0,0
0.76078723027951,4100,-0.36,0,0
0.76078691429438,4101,-0.3596,0,0
0.76078659823199,4102,-0.3592,0,0
0.76078628209234,4103,-0.3588,0,0
0.76078596587543,4104,-0.3584,0,0
0.76078564958125,4105,-0.358,0,0
0.76078533320981,4106,-0.3576,0,0
0.7607850167611,4107,-0.3572,0,0
0.76078470023514,4108,-0.3568,0,0
0.76078438363191,4109,-0.3564,0,0
0.76078406695141,4110,-0.356,0,0
0.76078375019366,4111,-0.3556,0,0
0.76078343335863,4112,-0.3552,0,0
0.76078311644635,4113,-0.3548,0,0
0.7607827994568,4114,-0.3544,0,0
0.76078248238999,4115,-0.354,0,0
0.76078216524591,4116,-0.3536,0,0
0.76078184802457,4117,-0.3532,0,0
0.76078153072596,4118,-0.3528,0,0
0.76078121335009,4119,-0.3524,0,0
0.76078089589695,4120,-0.352,0,0
0.76078057836655,4121,-0.3516,0,0
0.76078026075888,4122,-0.3512,0,0
0.76077994307395,4123,-0.3508,0,0
0.76077962531175,4124,-0.3504,0,0
0.76077930747229,4125,-0.35,0,0
0.76077898955556,4126,-0.3496,0,0
0.76077867156157,4127,-0.3492,0,0
0.76077835349031,4128,-0.3488,0,0
0.76077803534178,4129,-0.3484,0,0
0.76077771711599,4130,-0.348,0,0
0.76077739881292,4131,-0.3476,0,0
0.7607770804326,4132,-0.3472,0,0
0.760776761975,4133,-0.3468,0,0
0.76077644344014,4134,-0.3464,0,0
0.76077612482801,4135,-0.346,0,0
0.76077580613862,4136,-0.3456,0,0
0.76077548737196,4137,-0.3452,0,0
0.76077516852803,4138,-0.3448,0,0
0.76077484960683,4139,-0.3444,0,0
0.76077453060836,4140,-0.344,0,0
0.76077421153263,4141,-0.3436,0,0
0.76077389237962,4142,-0.3432,0,0
0.76077357314935,4143,-0.3428,0,0
0.76077325384181,4144,-0.3424,0,0
0.76077293445701,4145,-0.342,0,0
0.76077261499493,4146,-0.3416,0,0
0.76077229545558,4147,-0.3412,0,0
0.76077197583897,4148,-0.3408,0,0
0.76077165614509,4149,-0.3404,0,0
0.76077133637393,4150,-0.34,0,0
0.76077101652551,4151,-0.3396,0,0
0.76077069659982,4152,-0.3392,0,0
0.76077037659685,4153,-0.3388,0,0
0.76077005651662,4154,-0.3384,0,0
0.76076973635912,4155,-0.338,0,0
0.76076941612434,4156,-0.3376,0,0
0.7607690958123,4157,-0.3372,0,0
0.76076877542299,4158,-0.3368,0,0
0.7607684549564,4159,-0.3364,0,0
0.76076813441255,4160,-0.336,0,0
0.76076781379142,4161,-0.3356,0,0
0.76076749309302,4162,-0.3352,0,0
0.76076717231735,4163,-0.3348,0,0
0.76076685146441,4164,-0.3344,0,0
0.7607665305342,4165,-0.334,0,0
0.76076620952671,4166,-0.3336,0,0
0.76076588844196,4167,-0.3332,0,0
0.76076556727993,4168,-0.3328,0,0
0.76076524604063,4169,-0.3324,0,0
0.76076492472406,4170,-0.332,0,0
0.76076460333021,4171,-0.3316,0,0
0.76076428185909,4172,-0.3312,0,0
0.7607639603107,4173,-0.3308,0,0
0.76076363868504,4174,-0.3304,0,0
0.7607633169821,4175,-0.33,0,0
0.76076299520189,4176,-0.3296,0,0
0.7607626733444,4177,-0.3292,0,0
0.76076235140965,4178,-0.3288,0,0
0.76076202939761,4179,-0.3284,0,0
0.76076170730831,4180,-0.328,0,0
0.76076138514173,4181,-0.3276,0,0
0.76076106289788,4182,-0.3272,0,0
0.76076074057675,4183,-0.3268,0,0
0.76076041817835,4184,-0.3264,0,0
0.76076009570267,4185,-0.326,0,0
0.76075977314972,4186,-0.3256,0,0
0.76075945051949,4187,-0.3252,0,0
0.76075912781199,4188,-0.3248,0,0
0.76075880502721,4189,-0.3244,0,0
0.76075848216516,4190,-0.324,0,0
0.76075815922583,4191,-0.3236,0,0
0.76075783620922,4192,-0.3232,0,0
0.76075751311534,4193,-0.3228,0,0
0.76075718994419,4194,-0.3224,0,0
0.76075686669575,4195,-0.322,0,0
0.76075654337005,4196,-0.3216,0,0
0.76075621996706,4197,-0.3212,0,0
0.7607558964868,4198,-0.3208,0,0
0.76075557292926,4199,-0.3204,0,0
0.76075524929445,4200,-0.32,0,0
0.76075492558235,4201,-0.3196,0,0
0.76075460179298,4202,-0.3192,0,0
0.76075427792634,4203,-0.3188,0,0
0.76075395398241,4204,-0.3184,0,0
0.76075362996121,4205,-0.318,0,0
0.76075330586273,4206,-0.3176,0,0
0.76075298168697,4207,-0.3172,0,0
0.76075265743393,4208,-0.3168,0,0
0.76075233310362,4209,-0.3164,0,0
0.76075200869603,4210,-0.316,0,0
0.76075168421115,4211,-0.3156,0,0
0.760751359649,4212,-0.3152,0,0
0.76075103500957,4213,-0.3148,0,0
0.76075071029287,4214,-0.3144,0,0
0.76075038549888,4215,-0.314,0,0
0.76075006062761,4216,-0.3136,0,0
0.76074973567906,4217,-0.3132,0,0
0.76074941065324,4218,-0.3128,0,0
0.76074908555013,4219,-0.3124,0,0
0.76074876036974,4220,-0.312,0,0
0.76074843511208,4221,-0.3116,0,0
0.76074810977713,4222,-0.3112,0,0
0.7607477843649,4223,-0.3108,0,0
0.7607474588754,4224,-0.3104,0,0
0.76074713330861,4225,-0.31,0,0
0.76074680766454,4226,-0.3096,0,0
0.76074648194319,4227,-0.3092,0,0
0.76074615614456,4228,-0.3088,0,0
0.76074583026865,4229,-0.3084,0,0
0.76074550431545,4230,-0.308,0,0
0.76074517828498,4231,-0.3076,0,0
0.76074485217722,4232,-0.3072,0,0
0.76074452599218,4233,-0.3068,0,0
0.76074419972986,4234,-0.3064,0,0
0.76074387339025,4235,-0.306,0,0
0.76074354697336,4236,-0.3056,0,0
0.7607432204792,4237,-0.3052,0,0
0.76074289390774,4238,-0.3048,0,0
0.76074256725901,4239,-0.3044,0,0
0.76074224053299,4240,-0.304,0,0
0.76074191372969,4241,-0.3036,0,0
0.76074158684911,4242,-0.3032,0,0
0.76074125989124,4243,-0.3028,0,0
0.76074093285609,4244,-0.3024,0,0
0.76074060574365,4245,-0.302,0,0
0.76074027855393,4246,-0.3016,0,0
0.76073995128693,4247,-0.3012,0,0
0.76073962394264,4248,-0.3008,0,0
0.76073929652107,4249,-0.3004,0,0
0.76073896902221,4250,-0.3,0,0
0.76073864144607,4251,-0.2996,0,0
0.76073831379265,4252,-0.2992,0,0
0.76073798606194,4253,-0.2988,0,0
0.76073765825394,4254,-0.2984,0,0
0.76073733036866,4255,-0.298,0,0
0.76073700240609,4256,-0.2976,0,0
0.76073667436624,4257,-0.2972,0,0
0.7607363462491,4258,-0.2968,0,0
0.76073601805467,4259,-0.2964,0,0
0.76073568978296,4260,-0.296,0,0
0.76073536143397,4261,-0.2956,0,0
0.76073503300768,4262,-0.2952,0,0
0.76073470450411,4263,-0.2948,0,0
0.76073437592326,4264,-0.2944,0,0
0.76073404726511,4265,-0.294,0,0
0.76073371852968,4266,-0.2936,0,0
0.76073338971697,4267,-0.2932,0,0
0.76073306082696,4268,-0.2928,0,0
0.76073273185967,4269,-0.2924,0,0
0.76073240281509,4270,-0.292,0,0
0.76073207369322,4271,-0.2916,0,0
0.76073174449406,4272,-0.2912,0,0
0.76073141521762,4273,-0.2908,0,0
0.76073108586389,4274,-0.2904,0,0
0.76073075643287,4275,-0.29,0,0
0.76073042692456,4276,-0.2896,0,0
0.76073009733896,4277,-0.2892,0,0
0.76072976767607,4278,-0.2888,0,0
0.7607294379359,4279,-0.2884,0,0
0.76072910811843,4280,-0.288,0,0
0.76072877822368,4281,-0.2876,0,0
0.76072844825164,4282,-0.2872,0,0
0.7607281182023,4283,-0.2868,0,0
0.76072778807568,4284,-0.2864,0,0
0.76072745787177,4285,-0.286,0,0
0.76072712759056,4286,-0.2856,0,0
0.76072679723207,4287,-0.2852,0,0
0.76072646679629,4288,-0.2848,0,0
0.76072613628321,4289,-0.2844,0,0
0.76072580569285,4290,-0.284,0,0
0.76072547502519,4291,-0.2836,0,0
0.76072514428024,4292,-0.2832,0,0
0.760724813458,4293,-0.2828,0,0
0.76072448255847,4294,-0.2824,0,0
0.76072415158165,4295,-0.282,0,0
0.76072382052754,4296,-0.2816,0,0
0.76072348939613,4297,-0.2812,0,0
0.76072315818744,4298,-0.2808,0,0
0.76072282690145,4299,-0.2804,0,0
0.76072249553817,4300,-0.28,0,0
0.76072216409759,4301,-0.2796,0,0
0.76072183257973,4302,-0.2792,0,0
0.76072150098457,4303,-0.2788,0,0
0.76072116931212,4304,-0.2784,0,0
0.76072083756237,4305,-0.278,0,0
0.76072050573533,4306,-0.2776,0,0
0.760720173831,4307,-0.2772,0,0
0.76071984184938,4308,-0.2768,0,0
0.76071950979046,4309,-0.2764,0,0
0.76071917765425,4310,-0.276,0,0
0.76071884544074,4311,-0.2756,0,0
0.76071851314994,4312,-0.2752,0,0
0.76071818078185,4313,-0.2748,0,0
0.76071784833646,4314,-0.2744,0,0
0.76071751581377,4315,-0.274,0,0
0.76071718321379,4316,-0.2736,0,0
0.76071685053652,4317,-0.2732,0,0
0.76071651778195,4318,-0.2728,0,0
0.76071618495009,4319,-0.2724,0,0
0.76071585204093,4320,-0.272,0,0
0.76071551905447,4321,-0.2716,0,0
0.76071518599072,4322,-0.2712,0,0
0.76071485284968,4323,-0.2708,0,0
0.76071451963133,4324,-0.2704,0,0
0.76071418633569,4325,-0.27,0,0
0.76071385296276,4326,-0.2696,0,0
0.76071351951253,4327,-0.2692,0,0
0.760713185985,4328,-0.2688,0,0
0.76071285238017,4329,-0.2684,0,0
0.76071251869805,4330,-0.268,0,0
0.76071218493863,4331,-0.2676,0,0
0.76071185110192,4332,-0.2672,0,0
0.7607115171879,4333,-0.2668,0,0
0.76071118319659,4334,-0.2664,0,0
0.76071084912798,4335,-0.266,0,0
0.76071051498208,4336,-0.2656,0,0
0.76071018075887,4337,-0.2652,0,0
0.76070984645837,4338,-0.2648,0,0
0.76070951208057,4339,-0.2644,0,0
0.76070917762547,4340,-0.264,0,0
0.76070884309307,4341,-0.2636,0,0
0.76070850848337,4342,-0.2632,0,0
0.76070817379637,4343,-0.2628,0,0
0.76070783903208,4344,-0.2624,0,0
0.76070750419048,4345,-0.262,0,0
0.76070716927159,4346,-0.2616,0,0
0.76070683427539,4347,-0.2612,0,0
0.7607064992019,4348,-0.2608,0,0
0.76070616405111,4349,-0.2604,0,0
0.76070582882301,4350,-0.26,0,0
0.76070549351762,4351,-0.2596,0,0
0.76070515813492,4352,-0.2592,0,0
0.76070482267493,4353,-0.2588,0,0
0.76070448713763,4354,-0.2584,0,0
0.76070415152304,4355,-0.258,0,0
0.76070381583114,4356,-0.2576,0,0
0.76070348006194,4357,-0.2572,0,0
0.76070314421544,4358,-0.2568,0,0
0.76070280829164,4359,-0.2564,0,0
0.76070247229054,4360,-0.256,0,0
0.76070213621213,4361,-0.2556,0,0
0.76070180005642,4362,-0.2552,0,0
0.76070146382341,4363,-0.2548,0,0
0.7607011275131,4364,-0.2544,0,0
0.76070079112549,4365,-0.254,0,0
0.76070045466057,4366,-0.2536,0,0
0.76070011811835,4367,-0.2532,0,0
0.76069978149883,4368,-0.2528,0,0
0.760699444802,4369,-0.2524,0,0
0.76069910802788,4370,-0.252,0,0
0.76069877117644,4371,-0.2516,0,0
0.76069843424771,4372,-0.2512,0,0
0.76069809724167,4373,-0.2508,0,0
0.76069776015833,4374,-0.2504,0,0
0.76069742299768,4375,-0.25,0,0
0.76069708575973,4376,-0.2496,0,0
0.76069674844447,4377,-0.2492,0,0
0.76069641105191,4378,-0.2488,0,0
0.76069607358205,4379,-0.2484,0,0
0.76069573603488,4380,-0.248,0,0
0.7606953984104,4381,-0.2476,0,0
0.76069506070862,4382,-0.2472,0,0
0.76069472292954,4383,-0.2468,0,0
0.76069438507315,4384,-0.2464,0,0
0.76069404713945,4385,-0.246,0,0
0.76069370912845,4386,-0.2456,0,0
0.76069337104014,4387,-0.2452,0,0
0.76069303287453,4388,-0.2448,0,0
0.76069269463161,4389,-0.2444,0,0
0.76069235631138,4390,-0.244,0,0
0.76069201791385,4391,-0.2436,0,0
0.76069167943901,4392,-0.2432,0,0
0.76069134088686,4393,-0.2428,0,0
0.76069100225741,4394,-0.2424,0,0
0.76069066355064,4395,-0.242,0,0
0.76069032476658,4396,-0.2416,0,0
0.7606899859052,4397,-0.2412,0,0
0.76068964696652,4398,-0.2408,0,0
0.76068930795053,4399,-0.2404,0,0
0.76068896885723,4400,-0.24,0,0
0.76068862968662,4401,-0.2396,0,0
0.7606882904387,4402,-0.2392,0,0
0.76068795111348,4403,-0.2388,0,0
0.76068761171095,4404,-0.2384,0,0
0.7606872722311,4405,-0.238,0,0
0.76068693267395,4406,-0.2376,0,0
0.76068659303949,4407,-0.2372,0,0
0.76068625332772,4408,-0.2368,0,0
0.76068591353865,4409,-0.2364,0,0
0.76068557367226,4410,-0.236,0,0
0.76068523372856,4411,-0.2356,0,0
0.76068489370755,4412,-0.2352,0,0
0.76068455360924,4413,-0.2348,0,0
0.76068421343361,4414,-0.2344,0,0
0.76068387318067,4415,-0.234,0,0
0.76068353285042,4416,-0.2336,0,0
0.76068319244286,4417,-0.2332,0,0
0.76068285195799,4418,-0.2328,0,0
0.76068251139581,4419,-0.2324,0,0
0.76068217075632,4420,-0.232,0,0
0.76068183003951,4421,-0.2316,0,0
0.7606814892454,4422,-0.2312,0,0
0.76068114837397,4423,-0.2308,0,0
0.76068080742523,4424,-0.2304,0,0
0.76068046639918,4425,-0.23,0,0
0.76068012529582,4426,-0.2296,0,0
0.76067978411514,4427,-0.2292,0,0
0.76067944285716,4428,-0.2288,0,0
0.76067910152186,4429,-0.2284,0,0
0.76067876010924,4430,-0.228,0,0
0.76067841861932,4431,-0.2276,0,0
0.76067807705208,4432,-0.2272,0,0
0.76067773540753,4433,-0.2268,0,0
0.76067739368566,4434,-0.2264,0,0
0.76067705188648,4435,-0.226,0,0
0.76067671000999,4436,-0.2256,0,0
0.76067636805618,4437,-0.2252,0,0
0.76067602602506,4438,-0.2248,0,0
0.76067568391663,4439,-0.2244,0,0
0.76067534173088,4440,-0.224,0,0
0.76067499946781,4441,-0.2236,0,0
0.76067465712743,4442,-0.2232,0,0
0.76067431470974,4443,-0.2228,0,0
0.76067397221473,4444,-0.2224,0,0
0.76067362964241,4445,-0.222,0,0
0.76067328699277,4446,-0.2216,0,0
0.76067294426581,4447,-0.2212,0,0
0.76067260146154,4448,-0.2208,0,0
0.76067225857996,4449,-0.2204,0,0
0.76067191562106,4450,-0.22,0,0
0.76067157258484,4451,-0.2196,0,0
0.7606712294713,4452,-0.2192,0,0
0.76067088628045,4453,-0.2188,0,0
0.76067054301228,4454,-0.2184,0,0
0.7606701996668,4455,-0.218,0,0
0.760669856244,4456,-0.2176,0,0
0.76066951274388,4457,-0.2172,0,0
0.76066916916645,4458,-0.2168,0,0
0.76066882551169,4459,-0.2164,0,0
0.76066848177962,4460,-0.216,0,0
0.76066813797023,4461,-0.2156,0,0
0.76066779408353,4462,-0.2152,0,0
0.7606674501195,4463,-0.2148,0,0
0.76066710607816,4464,-0.2144,0,0
0.7606667619595,4465,-0.214,0,0
0.76066641776352,4466,-0.2136,0,0
0.76066607349022,4467,-0.2132,0,0
0.7606657291396,4468,-0.2128,0,0
0.76066538471167,4469,-0.2124,0,0
0.76066504020641,4470,-0.212,0,0
0.76066469562384,4471,-0.2116,0,0
0.76066435096394,4472,-0.2112,0,0
0.76066400622673,4473,-0.2108,0,0
0.7606636614122,4474,-0.2104,0,0
0.76066331652034,4475,-0.21,0,0
0.76066297155117,4476,-0.2096,0,0
0.76066262650467,4477,-0.2092,0,0
0.76066228138086,4478,-0.2088,0,0
0.76066193617972,4479,-0.2084,0,0
0.76066159090127,4480,-0.208,0,0
0.76066124554549,4481,-0.2076,0,0
0.76066090011239,4482,-0.2072,0,0
0.76066055460197,4483,-0.2068,0,0
0.76066020901423,4484,-0.2064,0,0
0.76065986334917,4485,-0.206,0,0
0.76065951760678,4486,-0.2056,0,0
0.76065917178708,4487,-0.2052,0,0
0.76065882589005,4488,-0.2048,0,0
0.7606584799157,4489,-0.2044,0,0
0.76065813386403,4490,-0.204,0,0
0.76065778773503,4491,-0.2036,0,0
0.76065744152871,4492,-0.2032,0,0
0.76065709524507,4493,-0.2028,0,0
0.76065674888411,4494,-0.2024,0,0
0.76065640244582,4495,-0.202,0,0
0.76065605593021,4496,-0.2016,0,0
0.76065570933727,4497,-0.2012,0,0
0.76065536266701,4498,-0.2008,0,0
0.76065501591943,4499,-0.2004,0,0
0.76065466909452,4500,-0.2,0,0
0.76065432219229,4501,-0.1996,0,0
0.76065397521274,4502,-0.1992,0,0
0.76065362815586,4503,-0.1988,0,0
0.76065328102165,4504,-0.1984,0,0
0.76065293381012,4505,-0.198,0,0
0.76065258652127,4506,-0.1976,0,0
0.76065223915509,4507,-0.1972,0,0
0.76065189171159,4508,-0.1968,0,0
0.76065154419076,4509,-0.1964,0,0
0.7606511965926,4510,-0.196,0,0
0.76065084891712,4511,-0.1956,0,0
0.76065050116431,4512,-0.1952,0,0
0.76065015333418,4513,-0.1948,0,0
0.76064980542672,4514,-0.1944,0,0
0.76064945744193,4515,-0.194,0,0
0.76064910937982,4516,-0.1936,0,0
0.76064876124038,4517,-0.1932,0,0
0.76064841302361,4518,-0.1928,0,0
0.76064806472951,4519,-0.1924,0,0
0.76064771635809,4520,-0.192,0,0
0.76064736790934,4521,-0.1916,0,0
0.76064701938327,4522,-0.1912,0,0
0.76064667077986,4523,-0.1908,0,0
0.76064632209913,4524,-0.1904,0,0
0.76064597334107,4525,-0.19,0,0
0.76064562450568,4526,-0.1896,0,0
0.76064527559296,4527,-0.1892,0,0
0.76064492660291,4528,-0.1888,0,0
0.76064457753554,4529,-0.1884,0,0
0.76064422839084,4530,-0.188,0,0
0.7606438791688,4531,-0.1876,0,0
0.76064352986944,4532,-0.1872,0,0
0.76064318049275,4533,-0.1868,0,0
0.76064283103873,4534,-0.1864,0,0
0.76064248150738,4535,-0.186,0,0
0.76064213189869,4536,-0.1856,0,0
0.76064178221268,4537,-0.1852,0,0
0.76064143244934,4538,-0.1848,0,0
0.76064108260867,4539,-0.1844,0,0
0.76064073269067,4540,-0.184,0,0
0.76064038269533,4541,-0.1836,0,0
0.76064003262267,4542,-0.1832,0,0
0.76063968247267,4543,-0.1828,0,0
0.76063933224535,4544,-0.1824,0,0
0.76063898194069,4545,-0.182,0,0
0.7606386315587,4546,-0.1816,0,0
0.76063828109938,4547,-0.1812,0,0
0.76063793056273,4548,-0.1808,0,0
0.76063757994874,4549,-0.1804,0,0
0.76063722925742,4550,-0.18,0,0
0.76063687848877,4551,-0.1796,0,0
0.76063652764279,4552,-0.1792,0,0
0.76063617671948,4553,-0.1788,0,0
0.76063582571883,4554,-0.1784,0,0
0.76063547464085,4555,-0.178,0,0
0.76063512348553,4556,-0.1776,0,0
0.76063477225289,4557,-0.1772,0,0
0.76063442094291,4558,-0.1768,0,0
0.76063406955559,4559,-0.1764,0,0
0.76063371809094,4560,-0.176,0,0
0.76063336654896,4561,-0.1756,0,0
0.76063301492964,4562,-0.1752,0,0
0.76063266323299,4563,-0.1748,0,0
0.76063231145901,4564,-0.1744,0,0
0.76063195960768,4565,-0.174,0,0
0.76063160767903,4566,-0.1736,0,0
0.76063125567304,4567,-0.1732,0,0
0.76063090358971,4568,-0.1728,0,0
0.76063055142905,4569,-0.1724,0,0
0.76063019919106,4570,-0.172,0,0
0.76062984687572,4571,-0.1716,0,0
0.76062949448306,4572,-0.1712,0,0
0.76062914201305,4573,-0.1708,0,0
0.76062878946571,4574,-0.1704,0,0
0.76062843684103,4575,-0.17,0,0
0.76062808413902,4576,-0.1696,0,0
0.76062773135967,4577,-0.1692,0,0
0.76062737850299,4578,-0.1688,0,0
0.76062702556896,4579,-0.1684,0,0
0.7606266725576,4580,-0.168,0,0
0.7606263194689,4581,-0.1676,0,0
0.76062596630287,4582,-0.1672,0,0
0.76062561305949,4583,-0.1668,0,0
0.76062525973878,4584,-0.1664,0,0
0.76062490634073,4585,-0.166,0,0
0.76062455286535,4586,-0.1656,0,0
0.76062419931262,4587,-0.1652,0,0
0.76062384568256,4588,-0.1648,0,0
0.76062349197515,4589,-0.1644,0,0
0.76062313819041,4590,-0.164,0,0
0.76062278432833,4591,-0.1636,0,0
0.76062243038891,4592,-0.1632,0,0
0.76062207637215,4593,-0.1628,0,0
0.76062172227805,4594,-0.1624,0,0
0.76062136810662,4595,-0.162,0,0
0.76062101385784,4596,-0.1616,0,0
0.76062065953172,4597,-0.1612,0,0
0.76062030512826,4598,-0.1608,0,0
0.76061995064746,4599,-0.1604,0,0
0.76061959608932,4600,-0.16,0,0
0.76061924145384,4601,-0.1596,0,0
0.76061888674102,4602,-0.1592,0,0
0.76061853195086,4603,-0.1588,0,0
0.76061817708336,4604,-0.1584,0,0
0.76061782213851,4605,-0.158,0,0
0.76061746711633,4606,-0.1576,0,0
0.7606171120168,4607,-0.1572,0,0
0.76061675683993,4608,-0.1568,0,0
0.76061640158572,4609,-0.1564,0,0
0.76061604625417,4610,-0.156,0,0
0.76061569084527,4611,-0.1556,0,0
0.76061533535903,4612,-0.1552,0,0
0.76061497979545,4613,-0.1548,0,0
0.76061462415453,4614,-0.1544,0,0
0.76061426843626,4615,-0.154,0,0
0.76061391264065,4616,-0.1536,0,0
0.7606135567677,4617,-0.1532,0,0
0.76061320081741,4618,-0.1528,0,0
0.76061284478977,4619,-0.1524,0,0
0.76061248868478,4620,-0.152,0,0
0.76061213250245,4621,-0.1516,0,0
0.76061177624278,4622,-0.1512,0,0
0.76061141990577,4623,-0.1508,0,0
0.7606110634914,4624,-0.1504,0,0
0.7606107069997,4625,-0.15,0,0
0.76061035043065,4626,-0.1496,0,0
0.76060999378425,4627,-0.1492,0,0
0.76060963706051,4628,-0.1488,0,0
0.76060928025943,4629,-0.1484,0,0
0.760608923381,4630,-0.148,0,0
0.76060856642522,4631,-0.1476,0,0
0.7606082093921,4632,-0.1472,0,0
0.76060785228163,4633,-0.1468,0,0
0.76060749509381,4634,-0.1464,0,0
0.76060713782865,4635,-0.146,0,0
0.76060678048614,4636,-0.1456,0,0
0.76060642306629,4637,-0.1452,0,0
0.76060606556909,4638,-0.1448,0,0
0.76060570799454,4639,-0.1444,0,0
0.76060535034264,4640,-0.144,0,0
0.7606049926134,4641,-0.1436,0,0
0.76060463480681,4642,-0.1432,0,0
0.76060427692287,4643,-0.1428,0,0
0.76060391896159,4644,-0.1424,0,0
0.76060356092295,4645,-0.142,0,0
0.76060320280697,4646,-0.1416,0,0
0.76060284461364,4647,-0.1412,0,0
0.76060248634296,4648,-0.1408,0,0
0.76060212799493,4649,-0.1404,0,0
0.76060176956956,4650,-0.14,0,0
0.76060141106683,4651,-0.1396,0,0
0.76060105248676,4652,-0.1392,0,0
0.76060069382933,4653,-0.1388,0,0
0.76060033509456,4654,-0.1384,0,0
0.76059997628244,4655,-0.138,0,0
0.76059961739296,4656,-0.1376,0,0
0.76059925842614,4657,-0.1372,0,0
0.76059889938197,4658,-0.1368,0,0
0.76059854026045,4659,-0.1364,0,0
0.76059818106157,4660,-0.136,0,0
0.76059782178535,4661,-0.1356,0,0
0.76059746243177,4662,-0.1352,0,0
0.76059710300084,4663,-0.1348,0,0
0.76059674349257,4664,-0.1344,0,0
0.76059638390694,4665,-0.134,0,0
0.76059602424396,4666,-0.1336,0,0
0.76059566450362,4667,-0.1332,0,0
0.76059530468594,4668,-0.1328,0,0
0.7605949447909,4669,-0.1324,0,0
0.76059458481852,4670,-0.132,0,0
0.76059422476877,4671,-0.1316,0,0
0.76059386464168,4672,-0.1312,0,0
0.76059350443723,4673,-0.1308,0,0
0.76059314415544,4674,-0.1304,0,0
0.76059278379628,4675,-0.13,0,0
0.76059242335978,4676,-0.1296,0,0
0.76059206284592,4677,-0.1292,0,0
0.76059170225471,4678,-0.1288,0,0
0.76059134158614,4679,-0.1284,0,0
0.76059098084022,4680,-0.128,0,0
0.76059062001695,4681,-0.1276,0,0
0.76059025911632,4682,-0.1272,0,0
0.76058989813834,4683,-0.1268,0,0
0.760589537083,4684,-0.1264,0,0
0.76058917595031,4685,-0.126,0,0
0.76058881474026,4686,-0.1256,0,0
0.76058845345286,4687,-0.1252,0,0
0.7605880920881,4688,-0.1248,0,0
0.76058773064599,4689,-0.1244,0,0
0.76058736912652,4690,-0.124,0,0
0.76058700752969,4691,-0.1236,0,0
0.76058664585551,4692,-0.1232,0,0
0.76058628410398,4693,-0.1228,0,0
0.76058592227509,4694,-0.1224,0,0
0.76058556036884,4695,-0.122,0,0
0.76058519838523,4696,-0.1216,0,0
0.76058483632427,4697,-0.1212,0,0
0.76058447418595,4698,-0.1208,0,0
0.76058411197027,4699,-0.1204,0,0
0.76058374967724,4700,-0.12,0,0
0.76058338730685,4701,-0.1196,0,0
0.7605830248591,4702,-0.1192,0,0
0.76058266233399,4703,-0.1188,0,0
0.76058229973153,4704,-0.1184,0,0
0.76058193705171,4705,-0.118,0,0
0.76058157429453,4706,-0.1176,0,0
0.76058121145999,4707,-0.1172,0,0
0.76058084854809,4708,-0.1168,0,0
0.76058048555883,4709,-0.1164,0,0
0.76058012249222,4710,-0.116,0,0
0.76057975934824,4711,-0.1156,0,0
0.76057939612691,4712,-0.1152,0,0
0.76057903282821,4713,-0.1148,0,0
0.76057866945216,4714,-0.1144,0,0
0.76057830599875,4715,-0.114,0,0
0.76057794246797,4716,-0.1136,0,0
0.76057757885984,4717,-0.1132,0,0
0.76057721517434,4718,-0.1128,0,0
0.76057685141149,4719,-0.1124,0,0
0.76057648757128,4720,-0.112,0,0
0.7605761236537,4721,-0.1116,0,0
0.76057575965876,4722,-0.1112,0,0
0.76057539558646,4723,-0.1108,0,0
0.7605750314368,4724,-0.1104,0,0
0.76057466720978,4725,-0.11,0,0
0.7605743029054,4726,-0.1096,0,0
0.76057393852366,4727,-0.1092,0,0
0.76057357406455,4728,-0.1088,0,0
0.76057320952808,4729,-0.1084,0,0
0.76057284491425,4730,-0.108,0,0
0.76057248022305,4731,-0.1076,0,0
0.7605721154545,4732,-0.1072,0,0
0.76057175060858,4733,-0.1068,0,0
0.76057138568529,4734,-0.1064,0,0
0.76057102068465,4735,-0.106,0,0
0.76057065560664,4736,-0.1056,0,0
0.76057029045127,4737,-0.1052,0,0
0.76056992521853,4738,-0.1048,0,0
0.76056955990843,4739,-0.1044,0,0
0.76056919452096,4740,-0.104,0,0
0.76056882905613,4741,-0.1036,0,0
0.76056846351394,4742,-0.1032,0,0
0.76056809789438,4743,-0.1028,0,0
0.76056773219746,4744,-0.1024,0,0
0.76056736642317,4745,-0.102,0,0
0.76056700057152,4746,-0.1016,0,0
0.7605666346425,4747,-0.1012,0,0
0.76056626863612,4748,-0.1008,0,0
0.76056590255237,4749,-0.1004,0,0
0.76056553639125,4750,-0.1,0,0
0.76056517015277,4751,-0.0996,0,0
0.76056480383692,4752,-0.0992,0,0
0.76056443744371,4753,-0.0988,0,0
0.76056407097313,4754,-0.0984,0,0
0.76056370442518,4755,-0.098,0,0
0.76056333779987,4756,-0.0976,0,0
0.76056297109718,4757,-0.0972,0,0
0.76056260431714,4758,-0.0968,0,0
0.76056223745972,4759,-0.0964,0,0
0.76056187052494,4760,-0.096,0,0
0.76056150351279,4761,-0.0956,0,0
0.76056113642327,4762,-0.0952,0,0
0.76056076925638,4763,-0.0948,0,0
0.76056040201213,4764,-0.0944,0,0
0.7605600346905,4765,-0.094,0,0
0.76055966729151,4766,-0.0936,0,0
0.76055929981515,4767,-0.0932,0,0
0.76055893226142,4768,-0.0928,0,0
0.76055856463032,4769,-0.0924,0,0
0.76055819692185,4770,-0.092,0,0
0.76055782913602,4771,-0.0916,0,0
0.76055746127281,4772,-0.0912,0,0
0.76055709333223,4773,-0.0908,0,0
0.76055672531428,4774,-0.0904,0,0
0.76055635721897,4775,-0.09,0,0
0.76055598904628,4776,-0.0896,0,0
0.76055562079622,4777,-0.0892,0,0
0.76055525246879,4778,-0.0888,0,0
0.76055488406399,4779,-0.0884,0,0
0.76055451558182,4780,-0.088,0,0
0.76055414702228,4781,-0.0876,0,0
0.76055377838537,4782,-0.0872,0,0
0.76055340967109,4783,-0.0868,0,0
0.76055304087943,4784,-0.0864,0,0
0.7605526720104,4785,-0.086,0,0
0.760552303064,4786,-0.0856,0,0
0.76055193404023,4787,-0.0852,0,0
0.76055156493909,4788,-0.0848,0,0
0.76055119576057,4789,-0.0844,0,0
0.76055082650468,4790,-0.084,0,0
0.76055045717142,4791,-0.0836,0,0
0.76055008776078,4792,-0.0832,0,0
0.76054971827277,4793,-0.0828,0,0
0.76054934870739,4794,-0.0824,0,0
0.76054897906463,4795,-0.082,0,0
0.7605486093445,4796,-0.0816,0,0
0.760548239547,4797,-0.0812,0,0
0.76054786967212,4798,-0.0808,0,0
0.76054749971987,4799,-0.0804,0,0
0.76054712969024,4800,-0.08,0,0
0.76054675958324,4801,-0.0796,0,0
0.76054638939887,4802,-0.0792,0,0
0.76054601913712,4803,-0.0788,0,0
0.76054564879799,4804,-0.0784,0,0
0.76054527838149,4805,-0.078,0,0
0.76054490788761,4806,-0.0776,0,0
0.76054453731636,4807,-0.0772,0,0
0.76054416666773,4808,-0.0768,0,0
0.76054379594173,4809,-0.0764,0,0
0.76054342513835,4810,-0.076,0,0
0.76054305425759,4811,-0.0756,0,0
0.76054268329946,4812,-0.0752,0,0
0.76054231226394,4813,-0.0748,0,0
0.76054194115106,4814,-0.0744,0,0
0.76054156996079,4815,-0.074,0,0
0.76054119869315,4816,-0.0736,0,0
0.76054082734813,4817,-0.0732,0,0
0.76054045592574,4818,-0.0728,0,0
0.76054008442596,4819,-0.0724,0,0
0.76053971284881,4820,-0.072,0,0
0.76053934119428,4821,-0.0716,0,0
0.76053896946237,4822,-0.0712,0,0
0.76053859765309,4823,-0.0708,0,0
0.76053822576642,4824,-0.0704,0,0
0.76053785380238,4825,-0.07,0,0
0.76053748176095,4826,-0.0696,0,0
0.76053710964215,4827,-0.0692,0,0
0.76053673744597,4828,-0.0688,0,0
0.76053636517241,4829,-0.0684,0,0
0.76053599282147,4830,-0.068,0,0
0.76053562039314,4831,-0.0676,0,0
0.76053524788744,4832,-0.0672,0,0
0.76053487530436,4833,-0.0668,0,0
0.7605345026439,4834,-0.0664,0,0
0.76053412990606,4835,-0.066,0,0
0.76053375709084,4836,-0.0656,0,0
0.76053338419823,4837,-0.0652,0,0
0.76053301122825,4838,-0.0648,0,0
0.76053263818088,4839,-0.0644,0,0
0.76053226505613,4840,-0.064,0,0
0.76053189185401,4841,-0.0636,0,0
0.7605315185745,4842,-0.0632,0,0
0.7605311452176,4843,-0.0628,0,0
0.76053077178333,4844,-0.0624,0,0
0.76053039827167,4845,-0.062,0,0
0.76053002468263,4846,-0.0616,0,0
0.76052965101621,4847,-0.0612,0,0
0.7605292772724,4848,-0.0608,0,0
0.76052890345122,4849,-0.0604,0,0
0.76052852955264,4850,-0.06,0,0
0.76052815557669,4851,-0.0596,0,0
0.76052778152335,4852,-0.0592,0,0
0.76052740739263,4853,-0.0588,0,0
0.76052703318452,4854,-0.0584,0,0
0.76052665889903,4855,-0.058,0,0
0.76052628453616,4856,-0.0576,0,0
0.7605259100959,4857,-0.0572,0,0
0.76052553557826,4858,-0.0568,0,0
0.76052516098323,4859,-0.0564,0,0
0.76052478631082,4860,-0.056,0,0
0.76052441156102,4861,-0.0556,0,0
0.76052403673384,4862,-0.0552,0,0
0.76052366182927,4863,-0.0548,0,0
0.76052328684732,4864,-0.0544,0,0
0.76052291178798,4865,-0.054,0,0
0.76052253665125,4866,-0.0536,0,0
0.76052216143714,4867,-0.0532,0,0
0.76052178614564,4868,-0.0528,0,0
0.76052141077675,4869,-0.0524,0,0
0.76052103533048,4870,-0.052,0,0
0.76052065980682,4871,-0.0516,0,0
0.76052028420578,4872,-0.0512,0,0
0.76051990852735,4873,-0.0508,0,0
0.76051953277153,4874,-0.0504,0,0
0.76051915693832,4875,-0.05,0,0
0.76051878102772,4876,-0.0496,0,0
0.76051840503974,4877,-0.0492,0,0
0.76051802897437,4878,-0.0488,0,0
0.76051765283161,4879,-0.0484,0,0
0.76051727661146,4880,-0.048,0,0
0.76051690031392,4881,-0.0476,0,0
0.760516523939,4882,-0.0472,0,0
0.76051614748668,4883,-0.0468,0,0
0.76051577095698,4884,-0.0464,0,0
0.76051539434989,4885,-0.046,0,0
0.7605150176654,4886,-0.0456,0,0
0.76051464090353,4887,-0.0452,0,0
0.76051426406427,4888,-0.0448,0,0
0.76051388714762,4889,-0.0444,0,0
0.76051351015357,4890,-0.044,0,0
0.76051313308214,4891,-0.0436,0,0
0.76051275593332,4892,-0.0432,0,0
0.7605123787071,4893,-0.0428,0,0
0.7605120014035,4894,-0.0424,0,0
0.7605116240225,4895,-0.042,0,0
0.76051124656412,4896,-0.0416,0,0
0.76051086902834,4897,-0.0412,0,0
0.76051049141517,4898,-0.0408,0,0
0.7605101137246,4899,-0.0404,0,0
0.76050973595665,4900,-0.04,0,0
0.7605093581113,4901,-0.0396,0,0
0.76050898018857,4902,-0.0392,0,0
0.76050860218843,4903,-0.0388,0,0
0.76050822411091,4904,-0.0384,0,0
0.76050784595599,4905,-0.038,0,0
0.76050746772368,4906,-0.0376,0,0
0.76050708941398,4907,-0.0372,0,0
0.76050671102688,4908,-0.0368,0,0
0.76050633256239,4909,-0.0364,0,0
0.76050595402051,4910,-0.036,0,0
0.76050557540123,4911,-0.0356,0,0
0.76050519670456,4912,-0.0352,0,0
0.76050481793049,4913,-0.0348,0,0
0.76050443907903,4914,-0.0344,0,0
0.76050406015018,4915,-0.034,0,0
0.76050368114393,4916,-0.0336,0,0
0.76050330206028,4917,-0.0332,0,0
0.76050292289924,4918,-0.0328,0,0
0.76050254366081,4919,-0.0324,0,0
0.76050216434497,4920,-0.032,0,0
0.76050178495175,4921,-0.0316,0,0
0.76050140548112,4922,-0.0312,0,0
0.76050102593311,4923,-0.0308,0,0
0.76050064630769,4924,-0.0304,0,0
0.76050026660488,4925,-0.03,0,0
0.76049988682467,4926,-0.0296,0,0
0.76049950696707,4927,-0.0292,0,0
0.76049912703206,4928,-0.0288,0,0
0.76049874701966,4929,-0.0284,0,0
0.76049836692987,4930,-0.028,0,0
0.76049798676267,4931,-0.0276,0,0
0.76049760651808,4932,-0.0272,0,0
0.76049722619609,4933,-0.0268,0,0
0.76049684579671,4934,-0.0264,0,0
0.76049646531992,4935,-0.026,0,0
0.76049608476574,4936,-0.0256,0,0
0.76049570413415,4937,-0.0252,0,0
0.76049532342517,4938,-0.0248,0,0
0.76049494263879,4939,-0.0244,0,0
0.76049456177501,4940,-0.024,0,0
0.76049418083383,4941,-0.0236,0,0
0.76049379981526,4942,-0.0232,0,0
0.76049341871928,4943,-0.0228,0,0
0.7604930375459,4944,-0.0224,0,0
0.76049265629512,4945,-0.022,0,0
0.76049227496695,4946,-0.0216,0,0
0.76049189356137,4947,-0.0212,0,0
0.76049151207839,4948,-0.0208,0,0
0.76049113051801,4949,-0.0204,0,0
0.76049074888023,4950,-0.02,0,0
0.76049036716505,4951,-0.0196,0,0
0.76048998537247,4952,-0.0192,0,0
0.76048960350248,4953,-0.0188,0,0
0.7604892215551,4954,-0.0184,0,0
0.76048883953031,4955,-0.018,0,0
0.76048845742812,4956,-0.0176,0,0
0.76048807524853,4957,-0.0172,0,0
0.76048769299153,4958,-0.0168,0,0
0.76048731065714,4959,-0.0164,0,0
0.76048692824534,4960,-0.016,0,0
0.76048654575614,4961,-0.0156,0,0
0.76048616318953,4962,-0.0152,0,0
0.76048578054553,4963,-0.0148,0,0
0.76048539782411,4964,-0.0144,0,0
0.7604850150253,4965,-0.014,0,0
0.76048463214908,4966,-0.0136,0,0
0.76048424919546,4967,-0.0132,0,0
0.76048386616443,4968,-0.0128,0,0
0.760483483056,4969,-0.0124,0,0
0.76048309987016,4970,-0.012,0,0
0.76048271660692,4971,-0.0116,0,0
0.76048233326628,4972,-0.0112,0,0
0.76048194984823,4973,-0.0108,0,0
0.76048156635277,4974,-0.0104,0,0
0.76048118277991,4975,-0.01,0,0
0.76048079912965,4976,-0.0096000000000001,0,0
0.76048041540197,4977,-0.0092000000000001,0,0
0.7604800315969,4978,-0.0087999999999999,0,0
0.76047964771441,4979,-0.0084,0,0
0.76047926375452,4980,-0.008,0,0
0.76047887971723,4981,-0.0076000000000001,0,0
0.76047849560252,4982,-0.0072000000000001,0,0
0.76047811141041,4983,-0.0067999999999999,0,0
0.7604777271409,4984,-0.0064,0,0
0.76047734279397,4985,-0.006,0,0
0.76047695836964,4986,-0.0056,0,0
0.7604765738679,4987,-0.0052000000000001,0,0
0.76047618928875,4988,-0.0047999999999999,0,0
0.7604758046322,4989,-0.0044,0,0
0.76047541989824,4990,-0.004,0,0
0.76047503508686,4991,-0.0036,0,0
0.76047465019809,4992,-0.0032000000000001,0,0
0.7604742652319,4993,-0.0027999999999999,0,0
0.7604738801883,4994,-0.0024,0,0
0.76047349506729,4995,-0.002,0,0
0.76047310986888,4996,-0.0016,0,0
0.76047272459305,4997,-0.0012000000000001,0,0
0.76047233923982,4998,-0.00079999999999991,0,0
0.76047195380918,4999,-0.00039999999999996,0,0
0.76047176106483,15005,-0.00019999999999998,0,0
0.76047166468539,15011,-9.9999999999989e-05,0,0
0.76047161649386,15017,-4.9999999999994e-05,0,0
0.76047159239765,15021,-2.4999999999997e-05,0,0
0.76047158034942,15028,-1.2499999999999e-05,0,0
0.76047156830113,5000,0,0,0
0.43992223770039,10000,1,0,0
0.43992221816601,15024,1.0000125,0,0
0.43992219863175,15019,1.000025,0,0
0.4399221595636,15015,1.00005,0,0
0.43992208142874,15007,1.0001,0,0
0.43992192516486,15002,1.0002,0,0
0.43992161266041,10001,1.0004,0,0
0.43992098774473,10002,1.0008,0,0
0.43992036295337,10003,1.0012,0,0
0.43991973828632,10004,1.0016,0,0
0.43991911374358,10005,1.002,0,0
0.43991848932517,10006,1.0024,0,0
0.43991786503106,10007,1.0028,0,0
0.43991724086128,10008,1.0032,0,0
0.43991661681581,10009,1.0036,0,0
0.43991599289465,10010,1.004,0,0
0.43991536909782,10011,1.0044,0,0
0.4399147454253,10012,1.0048,0,0
0.4399141218771,10013,1.0052,0,0
0.43991349845322,10014,1.0056,0,0
0.43991287515366,10015,1.006,0,0
0.43991225197842,10016,1.0064,0,0
0.4399116289275,10017,1.0068,0,0
0.4399110060009,10018,1.0072,0,0
0.43991038319862,10019,1.0076,0,0
0.43990976052066,10020,1.008,0,0
0.43990913796702,10021,1.0084,0,0
0.43990851553771,10022,1.0088,0,0
0.43990789323271,10023,1.0092,0,0
0.43990727105204,10024,1.0096,0,0
0.4399066489957,10025,1.01,0,0
0.43990602706368,10026,1.0104,0,0
0.43990540525598,10027,1.0108,0,0
0.4399047835726,10028,1.0112,0,0
0.43990416201356,10029,1.0116,0,0
0.43990354057883,10030,1.012,0,0
0.43990291926844,10031,1.0124,0,0
0.43990229808236,10032,1.0128,0,0
0.43990167702062,10033,1.0132,0,0
0.4399010560832,10034,1.0136,0,0
0.43990043527012,10035,1.014,0,0
0.43989981458135,10036,1.0144,0,0
0.43989919401692,10037,1.0148,0,0
0.43989857357682,10038,1.0152,0,0
0.43989795326104,10039,1.0156,0,0
0.4398973330696,10040,1.016,0,0
0.43989671300248,10041,1.0164,0,0
0.4398960930597,10042,1.0168,0,0
0.43989547324125,10043,1.0172,0,0
0.43989485354712,10044,1.0176,0,0
0.43989423397733,10045,1.018,0,0
0.43989361453188,10046,1.0184,0,0
0.43989299521075,10047,1.0188,0,0
0.43989237601396,10048,1.0192,0,0
0.4398917569415,10049,1.0196,0,0
0.43989113799338,10050,1.02,0,0
0.43989051916959,10051,1.0204,0,0
0.43988990047013,10052,1.0208,0,0
0.43988928189501,10053,1.0212,0,0
0.43988866344422,10054,1.0216,0,0
0.43988804511778,10055,1.022,0,0
0.43988742691566,10056,1.0224,0,0
0.43988680883789,10057,1.0228,0,0
0.43988619088445,10058,1.0232,0,0
0.43988557305535,10059,1.0236,0,0
0.43988495535059,10060,1.024,0,0
0.43988433777016,10061,1.0244,0,0
0.43988372031408,10062,1.0248,0,0
0.43988310298233,10063,1.0252,0,0
0.43988248577492,10064,1.0256,0,0
0.43988186869186,10065,1.026,0,0
0.43988125173313,10066,1.0264,0,0
0.43988063489875,10067,1.0268,0,0
0.43988001818871,10068,1.0272,0,0
0.43987940160301,10069,1.0276,0,0
0.43987878514165,10070,1.028,0,0
0.43987816880463,10071,1.0284,0,0
0.43987755259196,10072,1.0288,0,0
0.43987693650363,10073,1.0292,0,0
0.43987632053964,10074,1.0296,0,0
0.4398757047,10075,1.03,0,0
0.43987508898471,10076,1.0304,0,0
0.43987447339376,10077,1.0308,0,0
0.43987385792715,10078,1.0312,0,0
0.43987324258489,10079,1.0316,0,0
0.43987262736698,10080,1.032,0,0
0.43987201227341,10081,1.0324,0,0
0.43987139730419,10082,1.0328,0,0
0.43987078245932,10083,1.0332,0,0
0.4398701677388,10084,1.0336,0,0
0.43986955314263,10085,1.034,0,0
0.4398689386708,10086,1.0344,0,0
0.43986832432333,10087,1.0348,0,0
0.4398677101002,10088,1.0352,0,0
0.43986709600142,10089,1.0356,0,0
0.439866482027,10090,1.036,0,0
0.43986586817693,10091,1.0364,0,0
0.4398652544512,10092,1.0368,0,0
0.43986464084983,10093,1.0372,0,0
0.43986402737281,10094,1.0376,0,0
0.43986341402015,10095,1.038,0,0
0.43986280079183,10096,1.0384,0,0
0.43986218768788,10097,1.0388,0,0
0.43986157470827,10098,1.0392,0,0
0.43986096185302,10099,1.0396,0,0
0.43986034912212,10100,1.04,0,0
0.43985973651558,10101,1.0404,0,0
0.4398591240334,10102,1.0408,0,0
0.43985851167557,10103,1.0412,0,0
0.4398578994421,10104,1.0416,0,0
0.43985728733298,10105,1.042,0,0
0.43985667534822,10106,1.0424,0,0
0.43985606348782,10107,1.0428,0,0
0.43985545175178,10108,1.0432,0,0
0.43985484014009,10109,1.0436,0,0
0.43985422865277,10110,1.044,0,0
0.4398536172898,10111,1.0444,0,0
0.4398530060512,10112,1.0448,0,0
0.43985239493695,10113,1.0452,0,0
0.43985178394706,10114,1.0456,0,0
0.43985117308154,10115,1.046,0,0
0.43985056234038,10116,1.0464,0,0
0.43984995172358,10117,1.0468,0,0
0.43984934123114,10118,1.0472,0,0
0.43984873086306,10119,1.0476,0,0
0.43984812061935,10120,1.048,0,0
0.4398475105,10121,1.0484,0,0
0.43984690050501,10122,1.0488,0,0
0.43984629063439,10123,1.0492,0,0
0.43984568088814,10124,1.0496,0,0
0.43984507126624,10125,1.05,0,0
0.43984446176872,10126,1.0504,0,0
0.43984385239556,10127,1.0508,0,0
0.43984324314676,10128,1.0512,0,0
0.43984263402234,10129,1.0516,0,0
0.43984202502228,10130,1.052,0,0
0.43984141614659,10131,1.0524,0,0
0.43984080739526,10132,1.0528,0,0
0.43984019876831,10133,1.0532,0,0
0.43983959026572,10134,1.0536,0,0
0.4398389818875,10135,1.054,0,0
0.43983837363366,10136,1.0544,0,0
0.43983776550418,10137,1.0548,0,0
0.43983715749907,10138,1.0552,0,0
0.43983654961834,10139,1.0556,0,0
0.43983594186197,10140,1.056,0,0
0.43983533422998,10141,1.0564,0,0
0.43983472672236,10142,1.0568,0,0
0.43983411933911,10143,1.0572,0,0
0.43983351208023,10144,1.0576,0,0
0.43983290494573,10145,1.058,0,0
0.43983229793561,10146,1.0584,0,0
0.43983169104985,10147,1.0588,0,0
0.43983108428847,10148,1.0592,0,0
0.43983047765147,10149,1.0596,0,0
0.43982987113884,10150,1.06,0,0
0.43982926475059,10151,1.0604,0,0
0.43982865848671,10152,1.0608,0,0
0.43982805234721,10153,1.0612,0,0
0.43982744633209,10154,1.0616,0,0
0.43982684044134,10155,1.062,0,0
0.43982623467498,10156,1.0624,0,0
0.43982562903299,10157,1.0628,0,0
0.43982502351538,10158,1.0632,0,0
0.43982441812215,10159,1.0636,0,0
0.4398238128533,10160,1.064,0,0
0.43982320770882,10161,1.0644,0,0
0.43982260268873,10162,1.0648,0,0
0.43982199779302,10163,1.0652,0,0
0.43982139302169,10164,1.0656,0,0
0.43982078837475,10165,1.066,0,0
0.43982018385218,10166,1.0664,0,0
0.439819579454,10167,1.0668,0,0
0.4398189751802,10168,1.0672,0,0
0.43981837103078,10169,1.0676,0,0
0.43981776700575,10170,1.068,0,0
0.4398171631051,10171,1.0684,0,0
0.43981655932884,10172,1.0688,0,0
0.43981595567696,10173,1.0692,0,0
0.43981535214946,10174,1.0696,0,0
0.43981474874635,10175,1.07,0,0
0.43981414546763,10176,1.0704,0,0
0.4398135423133,10177,1.0708,0,0
0.43981293928335,10178,1.0712,0,0
0.43981233637778,10179,1.0716,0,0
0.43981173359661,10180,1.072,0,0
0.43981113093983,10181,1.0724,0,0
0.43981052840743,10182,1.0728,0,0
0.43980992599942,10183,1.0732,0,0
0.4398093237158,10184,1.0736,0,0
0.43980872155657,10185,1.074,0,0
0.43980811952173,10186,1.0744,0,0
0.43980751761129,10187,1.0748,0,0
0.43980691582523,10188,1.0752,0,0
0.43980631416356,10189,1.0756,0,0
0.43980571262629,10190,1.076,0,0
0.43980511121341,10191,1.0764,0,0
0.43980450992492,10192,1.0768,0,0
0.43980390876082,10193,1.0772,0,0
0.43980330772112,10194,1.0776,0,0
0.43980270680581,10195,1.078,0,0
0.4398021060149,10196,1.0784,0,0
0.43980150534838,10197,1.0788,0,0
0.43980090480626,10198,1.0792,0,0
0.43980030438853,10199,1.0796,0,0
0.43979970409519,10200,1.08,0,0
0.43979910392626,10201,1.0804,0,0
0.43979850388172,10202,1.0808,0,0
0.43979790396158,10203,1.0812,0,0
0.43979730416583,10204,1.0816,0,0
0.43979670449448,10205,1.082,0,0
0.43979610494754,10206,1.0824,0,0
0.43979550552499,10207,1.0828,0,0
0.43979490622683,10208,1.0832,0,0
0.43979430705308,10209,1.0836,0,0
0.43979370800373,10210,1.084,0,0
0.43979310907878,10211,1.0844,0,0
0.43979251027823,10212,1.0848,0,0
0.43979191160208,10213,1.0852,0,0
0.43979131305034,10214,1.0856,0,0
0.43979071462299,10215,1.086,0,0
0.43979011632005,10216,1.0864,0,0
0.43978951814151,10217,1.0868,0,0
0.43978892008737,10218,1.0872,0,0
0.43978832215764,10219,1.0876,0,0
0.43978772435231,10220,1.088,0,0
0.43978712667139,10221,1.0884,0,0
0.43978652911487,10222,1.0888,0,0
0.43978593168275,10223,1.0892,0,0
0.43978533437504,10224,1.0896,0,0
0.43978473719174,10225,1.09,0,0
0.43978414013284,10226,1.0904,0,0
0.43978354319835,10227,1.0908,0,0
0.43978294638827,10228,1.0912,0,0
0.4397823497026,10229,1.0916,0,0
0.43978175314133,10230,1.092,0,0
0.43978115670447,10231,1.0924,0,0
0.43978056039203,10232,1.0928,0,0
0.43977996420399,10233,1.0932,0,0
0.43977936814036,10234,1.0936,0,0
0.43977877220114,10235,1.094,0,0
0.43977817638633,10236,1.0944,0,0
0.43977758069593,10237,1.0948,0,0
0.43977698512994,10238,1.0952,0,0
0.43977638968837,10239,1.0956,0,0
0.4397757943712,10240,1.096,0,0
0.43977519917845,10241,1.0964,0,0
0.43977460411012,10242,1.0968,0,0
0.43977400916619,10243,1.0972,0,0
0.43977341434668,10244,1.0976,0,0
0.43977281965159,10245,1.098,0,0
0.4397722250809,10246,1.0984,0,0
0.43977163063464,10247,1.0988,0,0
0.43977103631279,10248,1.0992,0,0
0.43977044211535,10249,1.0996,0,0
0.43976984804233,10250,1.1,0,0
0.43976925409373,10251,1.1004,0,0
0.43976866026954,10252,1.1008,0,0
0.43976806656977,10253,1.1012,0,0
0.43976747299442,10254,1.1016,0,0
0.43976687954349,10255,1.102,0,0
0.43976628621698,10256,1.1024,0,0
0.43976569301488,10257,1.1028,0,0
0.43976509993721,10258,1.1032,0,0
0.43976450698395,10259,1.1036,0,0
0.43976391415512,10260,1.104,0,0
0.4397633214507,10261,1.1044,0,0
0.43976272887071,10262,1.1048,0,0
0.43976213641513,10263,1.1052,0,0
0.43976154408398,10264,1.1056,0,0
0.43976095187726,10265,1.106,0,0
0.43976035979495,10266,1.1064,0,0
0.43975976783707,10267,1.1068,0,0
0.43975917600361,10268,1.1072,0,0
0.43975858429457,10269,1.1076,0,0
0.43975799270996,10270,1.108,0,0
0.43975740124977,10271,1.1084,0,0
0.43975680991401,10272,1.1088,0,0
0.43975621870268,10273,1.1092,0,0
0.43975562761577,10274,1.1096,0,0
0.43975503665328,10275,1.11,0,0
0.43975444581522,10276,1.1104,0,0
0.43975385510159,10277,1.1108,0,0
0.43975326451239,10278,1.1112,0,0
0.43975267404761,10279,1.1116,0,0
0.43975208370727,10280,1.112,0,0
0.43975149349135,10281,1.1124,0,0
0.43975090339986,10282,1.1128,0,0
0.4397503134328,10283,1.1132,0,0
0.43974972359017,10284,1.1136,0,0
0.43974913387197,10285,1.114,0,0
0.4397485442782,10286,1.1144,0,0
0.43974795480886,10287,1.1148,0,0
0.43974736546395,10288,1.1152,0,0
0.43974677624348,10289,1.1156,0,0
0.43974618714743,10290,1.116,0,0
0.43974559817582,10291,1.1164,0,0
0.43974500932865,10292,1.1168,0,0
0.4397444206059,10293,1.1172,0,0
0.43974383200759,10294,1.1176,0,0
0.43974324353372,10295,1.118,0,0
0.43974265518428,10296,1.1184,0,0
0.43974206695927,10297,1.1188,0,0
0.4397414788587,10298,1.1192,0,0
0.43974089088256,10299,1.1196,0,0
0.43974030303086,10300,1.12,0,0
0.4397397153036,10301,1.1204,0,0
0.43973912770078,10302,1.1208,0,0
0.43973854022239,10303,1.1212,0,0
0.43973795286844,10304,1.1216,0,0
0.43973736563893,10305,1.122,0,0
0.43973677853385,10306,1.1224,0,0
0.43973619155322,10307,1.1228,0,0
0.43973560469703,10308,1.1232,0,0
0.43973501796527,10309,1.1236,0,0
0.43973443135796,10310,1.124,0,0
0.43973384487508,10311,1.1244,0,0
0.43973325851665,10312,1.1248,0,0
0.43973267228266,10313,1.1252,0,0
0.43973208617311,10314,1.1256,0,0
0.439731500188,10315,1.126,0,0
0.43973091432733,10316,1.1264,0,0
0.43973032859111,10317,1.1268,0,0
0.43972974297933,10318,1.1272,0,0
0.439729157492,10319,1.1276,0,0
0.43972857212911,10320,1.128,0,0
0.43972798689066,10321,1.1284,0,0
0.43972740177666,10322,1.1288,0,0
0.4397268167871,10323,1.1292,0,0
0.43972623192199,10324,1.1296,0,0
0.43972564718133,10325,1.13,0,0
0.43972506256511,10326,1.1304,0,0
0.43972447807334,10327,1.1308,0,0
0.43972389370602,10328,1.1312,0,0
0.43972330946314,10329,1.1316,0,0
0.43972272534471,10330,1.132,0,0
0.43972214135074,10331,1.1324,0,0
0.43972155748121,10332,1.1328,0,0
0.43972097373612,10333,1.1332,0,0
0.43972039011549,10334,1.1336,0,0
0.43971980661931,10335,1.134,0,0
0.43971922324758,10336,1.1344,0,0
0.4397186400003,10337,1.1348,0,0
0.43971805687747,10338,1.1352,0,0
0.4397174738791,10339,1.1356,0,0
0.43971689100517,10340,1.136,0,0
0.4397163082557,10341,1.1364,0,0
0.43971572563068,10342,1.1368,0,0
0.43971514313012,10343,1.1372,0,0
0.43971456075401,10344,1.1376,0,0
0.43971397850235,10345,1.138,0,0
0.43971339637514,10346,1.1384,0,0
0.4397128143724,10347,1.1388,0,0
0.4397122324941,10348,1.1392,0,0
0.43971165074026,10349,1.1396,0,0
0.43971106911088,10350,1.14,0,0
0.43971048760596,10351,1.1404,0,0
0.43970990622549,10352,1.1408,0,0
0.43970932496948,10353,1.1412,0,0
0.43970874383792,10354,1.1416,0,0
0.43970816283083,10355,1.142,0,0
0.43970758194819,10356,1.1424,0,0
0.43970700119001,10357,1.1428,0,0
0.43970642055629,10358,1.1432,0,0
0.43970584004703,10359,1.1436,0,0
0.43970525966223,10360,1.144,0,0
0.4397046794019,10361,1.1444,0,0
0.43970409926602,10362,1.1448,0,0
0.4397035192546,10363,1.1452,0,0
0.43970293936764,10364,1.1456,0,0
0.43970235960515,10365,1.146,0,0
0.43970177996712,10366,1.1464,0,0
0.43970120045355,10367,1.1468,0,0
0.43970062106444,10368,1.1472,0,0
0.4397000417998,10369,1.1476,0,0
0.43969946265962,10370,1.148,0,0
0.43969888364391,10371,1.1484,0,0
0.43969830475266,10372,1.1488,0,0
0.43969772598588,10373,1.1492,0,0
0.43969714734356,10374,1.1496,0,0
0.43969656882571,10375,1.15,0,0
0.43969599043232,10376,1.1504,0,0
0.4396954121634,10377,1.1508,0,0
0.43969483401895,10378,1.1512,0,0
0.43969425599896,10379,1.1516,0,0
0.43969367810344,10380,1.152,0,0
0.4396931003324,10381,1.1524,0,0
0.43969252268581,10382,1.1528,0,0
0.4396919451637,10383,1.1532,0,0
0.43969136776606,10384,1.1536,0,0
0.43969079049289,10385,1.154,0,0
0.43969021334419,10386,1.1544,0,0
0.43968963631995,10387,1.1548,0,0
0.43968905942019,10388,1.1552,0,0
0.4396884826449,10389,1.1556,0,0
0.43968790599409,10390,1.156,0,0
0.43968732946774,10391,1.1564,0,0
0.43968675306587,10392,1.1568,0,0
0.43968617678847,10393,1.1572,0,0
0.43968560063554,10394,1.1576,0,0
0.43968502460709,10395,1.158,0,0
0.43968444870311,10396,1.1584,0,0
0.43968387292361,10397,1.1588,0,0
0.43968329726858,10398,1.1592,0,0
0.43968272173802,10399,1.1596,0,0
0.43968214633194,10400,1.16,0,0
0.43968157105034,10401,1.1604,0,0
0.43968099589322,10402,1.1608,0,0
0.43968042086057,10403,1.1612,0,0
0.43967984595239,10404,1.1616,0,0
0.4396792711687,10405,1.162,0,0
0.43967869650948,10406,1.1624,0,0
0.43967812197475,10407,1.1628,0,0
0.43967754756449,10408,1.1632,0,0
0.43967697327871,10409,1.1636,0,0
0.43967639911741,10410,1.164,0,0
0.43967582508058,10411,1.1644,0,0
0.43967525116824,10412,1.1648,0,0
0.43967467738038,10413,1.1652,0,0
0.43967410371701,10414,1.1656,0,0
0.43967353017811,10415,1.166,0,0
0.43967295676369,10416,1.1664,0,0
0.43967238347376,10417,1.1668,0,0
0.43967181030831,10418,1.1672,0,0
0.43967123726734,10419,1.1676,0,0
0.43967066435086,10420,1.168,0,0
0.43967009155886,10421,1.1684,0,0
0.43966951889135,10422,1.1688,0,0
0.43966894634832,10423,1.1692,0,0
0.43966837392977,10424,1.1696,0,0
0.43966780163571,10425,1.17,0,0
0.43966722946613,10426,1.1704,0,0
0.43966665742105,10427,1.1708,0,0
0.43966608550044,10428,1.1712,0,0
0.43966551370433,10429,1.1716,0,0
0.4396649420327,10430,1.172,0,0
0.43966437048556,10431,1.1724,0,0
0.43966379906291,10432,1.1728,0,0
0.43966322776474,10433,1.1732,0,0
0.43966265659107,10434,1.1736,0,0
0.43966208554188,10435,1.174,0,0
0.43966151461719,10436,1.1744,0,0
0.43966094381698,10437,1.1748,0,0
0.43966037314127,10438,1.1752,0,0
0.43965980259004,10439,1.1756,0,0
0.43965923216331,10440,1.176,0,0
0.43965866186107,10441,1.1764,0,0
0.43965809168332,10442,1.1768,0,0
0.43965752163006,10443,1.1772,0,0
0.4396569517013,10444,1.1776,0,0
0.43965638189703,10445,1.178,0,0
0.43965581221725,10446,1.1784,0,0
0.43965524266196,10447,1.1788,0,0
0.43965467323117,10448,1.1792,0,0
0.43965410392488,10449,1.1796,0,0
0.43965353474308,10450,1.18,0,0
0.43965296568578,10451,1.1804,0,0
0.43965239675297,10452,1.1808,0,0
0.43965182794465,10453,1.1812,0,0
0.43965125926084,10454,1.1816,0,0
0.43965069070152,10455,1.182,0,0
0.4396501222667,10456,1.1824,0,0
0.43964955395637,10457,1.1828,0,0
0.43964898577055,10458,1.1832,0,0
0.43964841770922,10459,1.1836,0,0
0.43964784977239,10460,1.184,0,0
0.43964728196006,10461,1.1844,0,0
0.43964671427224,10462,1.1848,0,0
0.43964614670891,10463,1.1852,0,0
0.43964557927008,10464,1.1856,0,0
0.43964501195575,10465,1.186,0,0
0.43964444476592,10466,1.1864,0,0
0.4396438777006,10467,1.1868,0,0
0.43964331075978,10468,1.1872,0,0
0.43964274394346,10469,1.1876,0,0
0.43964217725164,10470,1.188,0,0
0.43964161068432,10471,1.1884,0,0
0.43964104424151,10472,1.1888,0,0
0.4396404779232,10473,1.1892,0,0
0.4396399117294,10474,1.1896,0,0
0.4396393456601,10475,1.19,0,0
0.43963877971531,10476,1.1904,0,0
0.43963821389502,10477,1.1908,0,0
0.43963764819924,10478,1.1912,0,0
0.43963708262797,10479,1.1916,0,0
0.4396365171812,10480,1.192,0,0
0.43963595185893,10481,1.1924,0,0
0.43963538666118,10482,1.1928,0,0
0.43963482158793,10483,1.1932,0,0
0.43963425663919,10484,1.1936,0,0
0.43963369181496,10485,1.194,0,0
0.43963312711524,10486,1.1944,0,0
0.43963256254003,10487,1.1948,0,0
0.43963199808933,10488,1.1952,0,0
0.43963143376314,10489,1.1956,0,0
0.43963086956145,10490,1.196,0,0
0.43963030548428,10491,1.1964,0,0
0.43962974153162,10492,1.1968,0,0
0.43962917770348,10493,1.1972,0,0
0.43962861399984,10494,1.1976,0,0
0.43962805042071,10495,1.198,0,0
0.4396274869661,10496,1.1984,0,0
0.43962692363601,10497,1.1988,0,0
0.43962636043042,10498,1.1992,0,0
0.43962579734935,10499,1.1996,0,0
0.43962523439279,10500,1.2,0,0
0.43962467156075,10501,1.2004,0,0
0.43962410885323,10502,1.2008,0,0
0.43962354627021,10503,1.2012,0,0
0.43962298381172,10504,1.2016,0,0
0.43962242147774,10505,1.202,0,0
0.43962185926828,10506,1.2024,0,0
0.43962129718333,10507,1.2028,0,0
0.4396207352229,10508,1.2032,0,0
0.43962017338699,10509,1.2036,0,0
0.4396196116756,10510,1.204,0,0
0.43961905008872,10511,1.2044,0,0
0.43961848862637,10512,1.2048,0,0
0.43961792728853,10513,1.2052,0,0
0.43961736607521,10514,1.2056,0,0
0.43961680498642,10515,1.206,0,0
0.43961624402214,10516,1.2064,0,0
0.43961568318238,10517,1.2068,0,0
0.43961512246715,10518,1.2072,0,0
0.43961456187644,10519,1.2076,0,0
0.43961400141025,10520,1.208,0,0
0.43961344106858,10521,1.2084,0,0
0.43961288085143,10522,1.2088,0,0
0.43961232075881,10523,1.2092,0,0
0.43961176079071,10524,1.2096,0,0
0.43961120094713,10525,1.21,0,0
0.43961064122808,10526,1.2104,0,0
0.43961008163355,10527,1.2108,0,0
0.43960952216355,10528,1.2112,0,0
0.43960896281807,10529,1.2116,0,0
0.43960840359712,10530,1.212,0,0
0.43960784450069,10531,1.2124,0,0
0.43960728552879,10532,1.2128,0,0
0.43960672668142,10533,1.2132,0,0
0.43960616795858,10534,1.2136,0,0
0.43960560936026,10535,1.214,0,0
0.43960505088647,10536,1.2144,0,0
0.43960449253721,10537,1.2148,0,0
0.43960393431248,10538,1.2152,0,0
0.43960337621227,10539,1.2156,0,0
0.4396028182366,10540,1.216,0,0
0.43960226038545,10541,1.2164,0,0
0.43960170265884,10542,1.2168,0,0
0.43960114505676,10543,1.2172,0,0
0.4396005875792,10544,1.2176,0,0
0.43960003022618,10545,1.218,0,0
0.43959947299769,10546,1.2184,0,0
0.43959891589374,10547,1.2188,0,0
0.43959835891431,10548,1.2192,0,0
0.43959780205942,10549,1.2196,0,0
0.43959724532906,10550,1.22,0,0
0.43959668872324,10551,1.2204,0,0
0.43959613224195,10552,1.2208,0,0
0.43959557588519,10553,1.2212,0,0
0.43959501965297,10554,1.2216,0,0
0.43959446354528,10555,1.222,0,0
0.43959390756213,10556,1.2224,0,0
0.43959335170351,10557,1.2228,0,0
0.43959279596943,10558,1.2232,0,0
0.43959224035989,10559,1.2236,0,0
0.43959168487489,10560,1.224,0,0
0.43959112951442,10561,1.2244,0,0
0.43959057427849,10562,1.2248,0,0
0.43959001916709,10563,1.2252,0,0
0.43958946418024,10564,1.2256,0,0
0.43958890931793,10565,1.226,0,0
0.43958835458015,10566,1.2264,0,0
0.43958779996691,10567,1.2268,0,0
0.43958724547822,10568,1.2272,0,0
0.43958669111406,10569,1.2276,0,0
0.43958613687445,10570,1.228,0,0
0.43958558275938,10571,1.2284,0,0
0.43958502876884,10572,1.2288,0,0
0.43958447490285,10573,1.2292,0,0
0.43958392116141,10574,1.2296,0,0
0.4395833675445,10575,1.23,0,0
0.43958281405214,10576,1.2304,0,0
0.43958226068432,10577,1.2308,0,0
0.43958170744104,10578,1.2312,0,0
0.43958115432231,10579,1.2316,0,0
0.43958060132813,10580,1.232,0,0
0.43958004845849,10581,1.2324,0,0
0.43957949571339,10582,1.2328,0,0
0.43957894309284,10583,1.2332,0,0
0.43957839059683,10584,1.2336,0,0
0.43957783822538,10585,1.234,0,0
0.43957728597846,10586,1.2344,0,0
0.4395767338561,10587,1.2348,0,0
0.43957618185828,10588,1.2352,0,0
0.43957562998502,10589,1.2356,0,0
0.4395750782363,10590,1.236,0,0
0.43957452661212,10591,1.2364,0,0
0.4395739751125,10592,1.2368,0,0
0.43957342373743,10593,1.2372,0,0
0.4395728724869,10594,1.2376,0,0
0.43957232136093,10595,1.238,0,0
0.43957177035951,10596,1.2384,0,0
0.43957121948264,10597,1.2388,0,0
0.43957066873031,10598,1.2392,0,0
0.43957011810255,10599,1.2396,0,0
0.43956956759933,10600,1.24,0,0
0.43956901722066,10601,1.2404,0,0
0.43956846696655,10602,1.2408,0,0
0.43956791683699,10603,1.2412,0,0
0.43956736683199,10604,1.2416,0,0
0.43956681695154,10605,1.242,0,0
0.43956626719564,10606,1.2424,0,0
0.4395657175643,10607,1.2428,0,0
0.43956516805751,10608,1.2432,0,0
0.43956461867528,10609,1.2436,0,0
0.4395640694176,10610,1.244,0,0
0.43956352028448,10611,1.2444,0,0
0.43956297127592,10612,1.2448,0,0
0.43956242239191,10613,1.2452,0,0
0.43956187363246,10614,1.2456,0,0
0.43956132499757,10615,1.246,0,0
0.43956077648723,10616,1.2464,0,0
0.43956022810146,10617,1.2468,0,0
0.43955967984024,10618,1.2472,0,0
0.43955913170358,10619,1.2476,0,0
0.43955858369148,10620,1.248,0,0
0.43955803580394,10621,1.2484,0,0
0.43955748804096,10622,1.2488,0,0
0.43955694040255,10623,1.2492,0,0
0.43955639288869,10624,1.2496,0,0
0.43955584549939,10625,1.25,0,0
0.43955529823466,10626,1.2504,0,0
0.43955475109449,10627,1.2508,0,0
0.43955420407888,10628,1.2512,0,0
0.43955365718783,10629,1.2516,0,0
0.43955311042135,10630,1.252,0,0
0.43955256377943,10631,1.2524,0,0
0.43955201726207,10632,1.2528,0,0
0.43955147086928,10633,1.2532,0,0
0.43955092460105,10634,1.2536,0,0
0.43955037845739,10635,1.254,0,0
0.43954983243829,10636,1.2544,0,0
0.43954928654376,10637,1.2548,0,0
0.4395487407738,10638,1.2552,0,0
0.4395481951284,10639,1.2556,0,0
0.43954764960757,10640,1.256,0,0
0.4395471042113,10641,1.2564,0,0
0.43954655893961,10642,1.2568,0,0
0.43954601379248,10643,1.2572,0,0
0.43954546876992,10644,1.2576,0,0
0.43954492387193,10645,1.258,0,0
0.4395443790985,10646,1.2584,0,0
0.43954383444965,10647,1.2588,0,0
0.43954328992537,10648,1.2592,0,0
0.43954274552566,10649,1.2596,0,0
0.43954220125051,10650,1.26,0,0
0.43954165709994,10651,1.2604,0,0
0.43954111307394,10652,1.2608,0,0
0.43954056917251,10653,1.2612,0,0
0.43954002539566,10654,1.2616,0,0
0.43953948174337,10655,1.262,0,0
0.43953893821566,10656,1.2624,0,0
0.43953839481252,10657,1.2628,0,0
0.43953785153396,10658,1.2632,0,0
0.43953730837997,10659,1.2636,0,0
0.43953676535055,10660,1.264,0,0
0.43953622244571,10661,1.2644,0,0
0.43953567966544,10662,1.2648,0,0
0.43953513700975,10663,1.2652,0,0
0.43953459447864,10664,1.2656,0,0
0.4395340520721,10665,1.266,0,0
0.43953350979013,10666,1.2664,0,0
0.43953296763275,10667,1.2668,0,0
0.43953242559994,10668,1.2672,0,0
0.43953188369171,10669,1.2676,0,0
0.43953134190805,10670,1.268,0,0
0.43953080024898,10671,1.2684,0,0
0.43953025871448,10672,1.2688,0,0
0.43952971730456,10673,1.2692,0,0
0.43952917601923,10674,1.2696,0,0
0.43952863485847,10675,1.27,0,0
0.43952809382229,10676,1.2704,0,0
0.43952755291069,10677,1.2708,0,0
0.43952701212367,10678,1.2712,0,0
0.43952647146124,10679,1.2716,0,0
0.43952593092338,10680,1.272,0,0
0.43952539051011,10681,1.2724,0,0
0.43952485022142,10682,1.2728,0,0
0.43952431005732,10683,1.2732,0,0
0.43952377001779,10684,1.2736,0,0
0.43952323010285,10685,1.274,0,0
0.43952269031249,10686,1.2744,0,0
0.43952215064672,10687,1.2748,0,0
0.43952161110553,10688,1.2752,0,0
0.43952107168893,10689,1.2756,0,0
0.43952053239691,10690,1.276,0,0
0.43951999322948,10691,1.2764,0,0
0.43951945418663,10692,1.2768,0,0
0.43951891526837,10693,1.2772,0,0
0.4395183764747,10694,1.2776,0,0
0.43951783780562,10695,1.278,0,0
0.43951729926112,10696,1.2784,0,0
0.43951676084121,10697,1.2788,0,0
0.43951622254588,10698,1.2792,0,0
0.43951568437515,10699,1.2796,0,0
0.439515146329,10700,1.28,0,0
0.43951460840745,10701,1.2804,0,0
0.43951407061048,10702,1.2808,0,0
0.43951353293811,10703,1.2812,0,0
0.43951299539032,10704,1.2816,0,0
0.43951245796713,10705,1.282,0,0
0.43951192066852,10706,1.2824,0,0
0.43951138349451,10707,1.2828,0,0
0.43951084644509,10708,1.2832,0,0
0.43951030952026,10709,1.2836,0,0
0.43950977272003,10710,1.284,0,0
0.43950923604438,10711,1.2844,0,0
0.43950869949333,10712,1.2848,0,0
0.43950816306688,10713,1.2852,0,0
0.43950762676501,10714,1.2856,0,0
0.43950709058775,10715,1.286,0,0
0.43950655453507,10716,1.2864,0,0
0.439506018607,10717,1.2868,0,0
0.43950548280351,10718,1.2872,0,0
0.43950494712463,10719,1.2876,0,0
0.43950441157034,10720,1.288,0,0
0.43950387614064,10721,1.2884,0,0
0.43950334083555,10722,1.2888,0,0
0.43950280565505,10723,1.2892,0,0
0.43950227059915,10724,1.2896,0,0
0.43950173566784,10725,1.29,0,0
0.43950120086114,10726,1.2904,0,0
0.43950066617903,10727,1.2908,0,0
0.43950013162152,10728,1.2912,0,0
0.43949959718862,10729,1.2916,0,0
0.43949906288031,10730,1.292,0,0
0.4394985286966,10731,1.2924,0,0
0.43949799463749,10732,1.2928,0,0
0.43949746070299,10733,1.2932,0,0
0.43949692689308,10734,1.2936,0,0
0.43949639320778,10735,1.294,0,0
0.43949585964707,10736,1.2944,0,0
0.43949532621098,10737,1.2948,0,0
0.43949479289948,10738,1.2952,0,0
0.43949425971259,10739,1.2956,0,0
0.4394937266503,10740,1.296,0,0
0.43949319371261,10741,1.2964,0,0
0.43949266089953,10742,1.2968,0,0
0.43949212821105,10743,1.2972,0,0
0.43949159564718,10744,1.2976,0,0
0.43949106320791,10745,1.298,0,0
0.43949053089325,10746,1.2984,0,0
0.43948999870319,10747,1.2988,0,0
0.43948946663774,10748,1.2992,0,0
0.4394889346969,10749,1.2996,0,0
0.43948840288066,10750,1.3,0,0
0.43948787118904,10751,1.3004,0,0
0.43948733962202,10752,1.3008,0,0
0.4394868081796,10753,1.3012,0,0
0.4394862768618,10754,1.3016,0,0
0.4394857456686,10755,1.302,0,0
0.43948521460002,10756,1.3024,0,0
0.43948468365604,10757,1.3028,0,0
0.43948415283668,10758,1.3032,0,0
0.43948362214192,10759,1.3036,0,0
0.43948309157178,10760,1.304,0,0
0.43948256112624,10761,1.3044,0,0
0.43948203080532,10762,1.3048,0,0
0.43948150060901,10763,1.3052,0,0
0.43948097053731,10764,1.3056,0,0
0.43948044059022,10765,1.306,0,0
0.43947991076775,10766,1.3064,0,0
0.43947938106989,10767,1.3068,0,0
0.43947885149664,10768,1.3072,0,0
0.43947832204801,10769,1.3076,0,0
0.43947779272399,10770,1.308,0,0
0.43947726352458,10771,1.3084,0,0
0.43947673444979,10772,1.3088,0,0
0.43947620549962,10773,1.3092,0,0
0.43947567667406,10774,1.3096,0,0
0.43947514797312,10775,1.31,0,0
0.43947461939679,10776,1.3104,0,0
0.43947409094508,10777,1.3108,0,0
0.43947356261799,10778,1.3112,0,0
0.43947303441552,10779,1.3116,0,0
0.43947250633766,10780,1.312,0,0
0.43947197838442,10781,1.3124,0,0
0.4394714505558,10782,1.3128,0,0
0.4394709228518,10783,1.3132,0,0
0.43947039527242,10784,1.3136,0,0
0.43946986781766,10785,1.314,0,0
0.43946934048752,10786,1.3144,0,0
0.43946881328199,10787,1.3148,0,0
0.43946828620109,10788,1.3152,0,0
0.43946775924481,10789,1.3156,0,0
0.43946723241315,10790,1.316,0,0
0.43946670570612,10791,1.3164,0,0
0.4394661791237,10792,1.3168,0,0
0.43946565266591,10793,1.3172,0,0
0.43946512633274,10794,1.3176,0,0
0.43946460012419,10795,1.318,0,0
0.43946407404027,10796,1.3184,0,0
0.43946354808097,10797,1.3188,0,0
0.4394630222463,10798,1.3192,0,0
0.43946249653625,10799,1.3196,0,0
0.43946197095082,10800,1.32,0,0
0.43946144549002,10801,1.3204,0,0
0.43946092015385,10802,1.3208,0,0
0.4394603949423,10803,1.3212,0,0
0.43945986985538,10804,1.3216,0,0
0.43945934489309,10805,1.322,0,0
0.43945882005542,10806,1.3224,0,0
0.43945829534238,10807,1.3228,0,0
0.43945777075397,10808,1.3232,0,0
0.43945724629018,10809,1.3236,0,0
0.43945672195103,10810,1.324,0,0
0.4394561977365,10811,1.3244,0,0
0.4394556736466,10812,1.3248,0,0
0.43945514968134,10813,1.3252,0,0
0.4394546258407,10814,1.3256,0,0
0.43945410212469,10815,1.326,0,0
0.43945357853331,10816,1.3264,0,0
0.43945305506657,10817,1.3268,0,0
0.43945253172445,10818,1.3272,0,0
0.43945200850697,10819,1.3276,0,0
0.43945148541412,10820,1.328,0,0
0.4394509624459,10821,1.3284,0,0
0.43945043960232,10822,1.3288,0,0
0.43944991688337,10823,1.3292,0,0
0.43944939428905,10824,1.3296,0,0
0.43944887181936,10825,1.33,0,0
0.43944834947431,10826,1.3304,0,0
0.4394478272539,10827,1.3308,0,0
0.43944730515812,10828,1.3312,0,0
0.43944678318697,10829,1.3316,0,0
0.43944626134046,10830,1.332,0,0
0.43944573961859,10831,1.3324,0,0
0.43944521802135,10832,1.3328,0,0
0.43944469654875,10833,1.3332,0,0
0.43944417520078,10834,1.3336,0,0
0.43944365397746,10835,1.334,0,0
0.43944313287877,10836,1.3344,0,0
0.43944261190472,10837,1.3348,0,0
0.4394420910553,10838,1.3352,0,0
0.43944157033053,10839,1.3356,0,0
0.4394410497304,10840,1.336,0,0
0.4394405292549,10841,1.3364,0,0
0.43944000890405,10842,1.3368,0,0
0.43943948867783,10843,1.3372,0,0
0.43943896857626,10844,1.3376,0,0
0.43943844859932,10845,1.338,0,0
0.43943792874703,10846,1.3384,0,0
0.43943740901938,10847,1.3388,0,0
0.43943688941637,10848,1.3392,0,0
0.43943636993801,10849,1.3396,0,0
0.43943585058429,10850,1.34,0,0
0.43943533135521,10851,1.3404,0,0
0.43943481225077,10852,1.3408,0,0
0.43943429327098,10853,1.3412,0,0
0.43943377441583,10854,1.3416,0,0
0.43943325568532,10855,1.342,0,0
0.43943273707946,10856,1.3424,0,0
0.43943221859825,10857,1.3428,0,0
0.43943170024168,10858,1.3432,0,0
0.43943118200976,10859,1.3436,0,0
0.43943066390248,10860,1.344,0,0
0.43943014591985,10861,1.3444,0,0
0.43942962806187,10862,1.3448,0,0
0.43942911032853,10863,1.3452,0,0
0.43942859271984,10864,1.3456,0,0
0.4394280752358,10865,1.346,0,0
0.43942755787641,10866,1.3464,0,0
0.43942704064167,10867,1.3468,0,0
0.43942652353157,10868,1.3472,0,0
0.43942600654613,10869,1.3476,0,0
0.43942548968533,10870,1.348,0,0
0.43942497294919,10871,1.3484,0,0
0.43942445633769,10872,1.3488,0,0
0.43942393985085,10873,1.3492,0,0
0.43942342348865,10874,1.3496,0,0
0.43942290725111,10875,1.35,0,0
0.43942239113822,10876,1.3504,0,0
0.43942187514998,10877,1.3508,0,0
0.4394213592864,10878,1.3512,0,0
0.43942084354747,10879,1.3516,0,0
0.43942032793319,10880,1.352,0,0
0.43941981244356,10881,1.3524,0,0
0.43941929707859,10882,1.3528,0,0
0.43941878183827,10883,1.3532,0,0
0.43941826672261,10884,1.3536,0,0
0.4394177517316,10885,1.354,0,0
0.43941723686525,10886,1.3544,0,0
0.43941672212356,10887,1.3548,0,0
0.43941620750651,10888,1.3552,0,0
0.43941569301413,10889,1.3556,0,0
0.4394151786464,10890,1.356,0,0
0.43941466440333,10891,1.3564,0,0
0.43941415028492,10892,1.3568,0,0
0.43941363629116,10893,1.3572,0,0
0.43941312242207,10894,1.3576,0,0
0.43941260867763,10895,1.358,0,0
0.43941209505785,10896,1.3584,0,0
0.43941158156273,10897,1.3588,0,0
0.43941106819227,10898,1.3592,0,0
0.43941055494647,10899,1.3596,0,0
0.43941004182532,10900,1.36,0,0
0.43940952882884,10901,1.3604,0,0
0.43940901595702,10902,1.3608,0,0
0.43940850320987,10903,1.3612,0,0
0.43940799058737,10904,1.3616,0,0
0.43940747808953,10905,1.362,0,0
0.43940696571636,10906,1.3624,0,0
0.43940645346785,10907,1.3628,0,0
0.439405941344,10908,1.3632,0,0
0.43940542934482,10909,1.3636,0,0
0.4394049174703,10910,1.364,0,0
0.43940440572044,10911,1.3644,0,0
0.43940389409525,10912,1.3648,0,0
0.43940338259473,10913,1.3652,0,0
0.43940287121886,10914,1.3656,0,0
0.43940235996767,10915,1.366,0,0
0.43940184884114,10916,1.3664,0,0
0.43940133783927,10917,1.3668,0,0
0.43940082696207,10918,1.3672,0,0
0.43940031620954,10919,1.3676,0,0
0.43939980558168,10920,1.368,0,0
0.43939929507848,10921,1.3684,0,0
0.43939878469995,10922,1.3688,0,0
0.43939827444609,10923,1.3692,0,0
0.4393977643169,10924,1.3696,0,0
0.43939725431238,10925,1.37,0,0
0.43939674443252,10926,1.3704,0,0
0.43939623467734,10927,1.3708,0,0
0.43939572504682,10928,1.3712,0,0
0.43939521554098,10929,1.3716,0,0
0.4393947061598,10930,1.372,0,0
0.4393941969033,10931,1.3724,0,0
0.43939368777147,10932,1.3728,0,0
0.43939317876431,10933,1.3732,0,0
0.43939266988182,10934,1.3736,0,0
0.43939216112401,10935,1.374,0,0
0.43939165249086,10936,1.3744,0,0
0.43939114398239,10937,1.3748,0,0
0.4393906355986,10938,1.3752,0,0
0.43939012733947,10939,1.3756,0,0
0.43938961920502,10940,1.376,0,0
0.43938911119525,10941,1.3764,0,0
0.43938860331015,10942,1.3768,0,0
0.43938809554973,10943,1.3772,0,0
0.43938758791398,10944,1.3776,0,0
0.4393870804029,10945,1.378,0,0
0.43938657301651,10946,1.3784,0,0
0.43938606575479,10947,1.3788,0,0
0.43938555861774,10948,1.3792,0,0
0.43938505160537,10949,1.3796,0,0
0.43938454471768,10950,1.38,0,0
0.43938403795467,10951,1.3804,0,0
0.43938353131634,10952,1.3808,0,0
0.43938302480268,10953,1.3812,0,0
0.43938251841371,10954,1.3816,0,0
0.43938201214941,10955,1.382,0,0
0.43938150600979,10956,1.3824,0,0
0.43938099999486,10957,1.3828,0,0
0.4393804941046,10958,1.3832,0,0
0.43937998833902,10959,1.3836,0,0
0.43937948269813,10960,1.384,0,0
0.43937897718191,10961,1.3844,0,0
0.43937847179038,10962,1.3848,0,0
0.43937796652353,10963,1.3852,0,0
0.43937746138136,10964,1.3856,0,0
0.43937695636388,10965,1.386,0,0
0.43937645147107,10966,1.3864,0,0
0.43937594670295,10967,1.3868,0,0
0.43937544205952,10968,1.3872,0,0
0.43937493754076,10969,1.3876,0,0
0.4393744331467,10970,1.388,0,0
0.43937392887731,10971,1.3884,0,0
0.43937342473262,10972,1.3888,0,0
0.4393729207126,10973,1.3892,0,0
0.43937241681728,10974,1.3896,0,0
0.43937191304664,10975,1.39,0,0
0.43937140940068,10976,1.3904,0,0
0.43937090587941,10977,1.3908,0,0
0.43937040248283,10978,1.3912,0,0
0.43936989921094,10979,1.3916,0,0
0.43936939606373,10980,1.392,0,0
0.43936889304122,10981,1.3924,0,0
0.43936839014339,10982,1.3928,0,0
0.43936788737025,10983,1.3932,0,0
0.4393673847218,10984,1.3936,0,0
0.43936688219804,10985,1.394,0,0
0.43936637979897,10986,1.3944,0,0
0.43936587752458,10987,1.3948,0,0
0.43936537537489,10988,1.3952,0,0
0.43936487334989,10989,1.3956,0,0
0.43936437144958,10990,1.396,0,0
0.43936386967397,10991,1.3964,0,0
0.43936336802304,10992,1.3968,0,0
0.43936286649681,10993,1.3972,0,0
0.43936236509527,10994,1.3976,0,0
0.43936186381842,10995,1.398,0,0
0.43936136266626,10996,1.3984,0,0
0.4393608616388,10997,1.3988,0,0
0.43936036073603,10998,1.3992,0,0
0.43935985995796,10999,1.3996,0,0
0.43935935930458,11000,1.4,0,0
0.4393588587759,11001,1.4004,0,0
0.43935835837191,11002,1.4008,0,0
0.43935785809262,11003,1.4012,0,0
0.43935735793802,11004,1.4016,0,0
0.43935685790812,11005,1.402,0,0
0.43935635800292,11006,1.4024,0,0
0.43935585822241,11007,1.4028,0,0
0.4393553585666,11008,1.4032,0,0
0.43935485903549,11009,1.4036,0,0
0.43935435962907,11010,1.404,0,0
0.43935386034736,11011,1.4044,0,0
0.43935336119034,11012,1.4048,0,0
0.43935286215802,11013,1.4052,0,0
0.4393523632504,11014,1.4056,0,0
0.43935186446748,11015,1.406,0,0
0.43935136580926,11016,1.4064,0,0
0.43935086727574,11017,1.4068,0,0
0.43935036886693,11018,1.4072,0,0
0.43934987058281,11019,1.4076,0,0
0.43934937242339,11020,1.408,0,0
0.43934887438868,11021,1.4084,0,0
0.43934837647867,11022,1.4088,0,0
0.43934787869336,11023,1.4092,0,0
0.43934738103275,11024,1.4096,0,0
0.43934688349684,11025,1.41,0,0
0.43934638608564,11026,1.4104,0,0
0.43934588879915,11027,1.4108,0,0
0.43934539163735,11028,1.4112,0,0
0.43934489460026,11029,1.4116,0,0
0.43934439768788,11030,1.412,0,0
0.4393439009002,11031,1.4124,0,0
0.43934340423723,11032,1.4128,0,0
0.43934290769896,11033,1.4132,0,0
0.4393424112854,11034,1.4136,0,0
0.43934191499654,11035,1.414,0,0
0.43934141883239,11036,1.4144,0,0
0.43934092279295,11037,1.4148,0,0
0.43934042687822,11038,1.4152,0,0
0.43933993108819,11039,1.4156,0,0
0.43933943542287,11040,1.416,0,0
0.43933893988226,11041,1.4164,0,0
0.43933844446636,11042,1.4168,0,0
0.43933794917517,11043,1.4172,0,0
0.43933745400869,11044,1.4176,0,0
0.43933695896691,11045,1.418,0,0
0.43933646404985,11046,1.4184,0,0
0.4393359692575,11047,1.4188,0,0
0.43933547458986,11048,1.4192,0,0
0.43933498004692,11049,1.4196,0,0
0.43933448562871,11050,1.42,0,0
0.4393339913352,11051,1.4204,0,0
0.4393334971664,11052,1.4208,0,0
0.43933300312232,11053,1.4212,0,0
0.43933250920295,11054,1.4216,0,0
0.43933201540829,11055,1.422,0,0
0.43933152173835,11056,1.4224,0,0
0.43933102819312,11057,1.4228,0,0
0.4393305347726,11058,1.4232,0,0
0.4393300414768,11059,1.4236,0,0
0.43932954830572,11060,1.424,0,0
0.43932905525934,11061,1.4244,0,0
0.43932856233769,11062,1.4248,0,0
0.43932806954075,11063,1.4252,0,0
0.43932757686852,11064,1.4256,0,0
0.43932708432102,11065,1.426,0,0
0.43932659189823,11066,1.4264,0,0
0.43932609960015,11067,1.4268,0,0
0.4393256074268,11068,1.4272,0,0
0.43932511537816,11069,1.4276,0,0
0.43932462345424,11070,1.428,0,0
0.43932413165504,11071,1.4284,0,0
0.43932363998055,11072,1.4288,0,0
0.43932314843079,11073,1.4292,0,0
0.43932265700575,11074,1.4296,0,0
0.43932216570542,11075,1.43,0,0
0.43932167452982,11076,1.4304,0,0
0.43932118347893,11077,1.4308,0,0
0.43932069255277,11078,1.4312,0,0
0.43932020175133,11079,1.4316,0,0
0.43931971107461,11080,1.432,0,0
0.43931922052261,11081,1.4324,0,0
0.43931873009533,11082,1.4328,0,0
0.43931823979278,11083,1.4332,0,0
0.43931774961494,11084,1.4336,0,0
0.43931725956184,11085,1.434,0,0
0.43931676963345,11086,1.4344,0,0
0.43931627982979,11087,1.4348,0,0
0.43931579015085,11088,1.4352,0,0
0.43931530059664,11089,1.4356,0,0
0.43931481116715,11090,1.436,0,0
0.43931432186239,11091,1.4364,0,0
0.43931383268235,11092,1.4368,0,0
0.43931334362704,11093,1.4372,0,0
0.43931285469646,11094,1.4376,0,0
0.4393123658906,11095,1.438,0,0
0.43931187720946,11096,1.4384,0,0
0.43931138865306,11097,1.4388,0,0
0.43931090022138,11098,1.4392,0,0
0.43931041191443,11099,1.4396,0,0
0.43930992373221,11100,1.44,0,0
0.43930943567472,11101,1.4404,0,0
0.43930894774195,11102,1.4408,0,0
0.43930845993392,11103,1.4412,0,0
0.43930797225061,11104,1.4416,0,0
0.43930748469203,11105,1.442,0,0
0.43930699725819,11106,1.4424,0,0
0.43930650994907,11107,1.4428,0,0
0.43930602276469,11108,1.4432,0,0
0.43930553570503,11109,1.4436,0,0
0.43930504877011,11110,1.444,0,0
0.43930456195992,11111,1.4444,0,0
0.43930407527446,11112,1.4448,0,0
0.43930358871373,11113,1.4452,0,0
0.43930310227774,11114,1.4456,0,0
0.43930261596648,11115,1.446,0,0
0.43930212977995,11116,1.4464,0,0
0.43930164371816,11117,1.4468,0,0
0.4393011577811,11118,1.4472,0,0
0.43930067196877,11119,1.4476,0,0
0.43930018628118,11120,1.448,0,0
0.43929970071833,11121,1.4484,0,0
0.43929921528021,11122,1.4488,0,0
0.43929872996682,11123,1.4492,0,0
0.43929824477817,11124,1.4496,0,0
0.43929775971426,11125,1.45,0,0
0.43929727477508,11126,1.4504,0,0
0.43929678996065,11127,1.4508,0,0
0.43929630527094,11128,1.4512,0,0
0.43929582070598,11129,1.4516,0,0
0.43929533626576,11130,1.452,0,0
0.43929485195027,11131,1.4524,0,0
0.43929436775952,11132,1.4528,0,0
0.43929388369351,11133,1.4532,0,0
0.43929339975224,11134,1.4536,0,0
0.43929291593571,11135,1.454,0,0
0.43929243224392,11136,1.4544,0,0
0.43929194867687,11137,1.4548,0,0
0.43929146523456,11138,1.4552,0,0
0.43929098191699,11139,1.4556,0,0
0.43929049872416,11140,1.456,0,0
0.43929001565607,11141,1.4564,0,0
0.43928953271273,11142,1.4568,0,0
0.43928904989413,11143,1.4572,0,0
0.43928856720027,11144,1.4576,0,0
0.43928808463115,11145,1.458,0,0
0.43928760218678,11146,1.4584,0,0
0.43928711986715,11147,1.4588,0,0
0.43928663767226,11148,1.4592,0,0
0.43928615560212,11149,1.4596,0,0
0.43928567365672,11150,1.46,0,0
0.43928519183607,11151,1.4604,0,0
0.43928471014017,11152,1.4608,0,0
0.439284228569,11153,1.4612,0,0
0.43928374712259,11154,1.4616,0,0
0.43928326580092,11155,1.462,0,0
0.439282784604,11156,1.4624,0,0
0.43928230353182,11157,1.4628,0,0
0.43928182258439,11158,1.4632,0,0
0.43928134176171,11159,1.4636,0,0
0.43928086106378,11160,1.464,0,0
0.43928038049059,11161,1.4644,0,0
0.43927990004215,11162,1.4648,0,0
0.43927941971846,11163,1.4652,0,0
0.43927893951952,11164,1.4656,0,0
0.43927845944533,11165,1.466,0,0
0.43927797949589,11166,1.4664,0,0
0.4392774996712,11167,1.4668,0,0
0.43927701997127,11168,1.4672,0,0
0.43927654039608,11169,1.4676,0,0
0.43927606094564,11170,1.468,0,0
0.43927558161995,11171,1.4684,0,0
0.43927510241902,11172,1.4688,0,0
0.43927462334283,11173,1.4692,0,0
0.4392741443914,11174,1.4696,0,0
0.43927366556473,11175,1.47,0,0
0.4392731868628,11176,1.4704,0,0
0.43927270828563,11177,1.4708,0,0
0.43927222983321,11178,1.4712,0,0
0.43927175150555,11179,1.4716,0,0
0.43927127330264,11180,1.472,0,0
0.43927079522448,11181,1.4724,0,0
0.43927031727108,11182,1.4728,0,0
0.43926983944244,11183,1.4732,0,0
0.43926936173855,11184,1.4736,0,0
0.43926888415942,11185,1.474,0,0
0.43926840670504,11186,1.4744,0,0
0.43926792937542,11187,1.4748,0,0
0.43926745217056,11188,1.4752,0,0
0.43926697509045,11189,1.4756,0,0
0.4392664981351,11190,1.476,0,0
0.43926602130451,11191,1.4764,0,0
0.43926554459868,11192,1.4768,0,0
0.4392650680176,11193,1.4772,0,0
0.43926459156129,11194,1.4776,0,0
0.43926411522973,11195,1.478,0,0
0.43926363902294,11196,1.4784,0,0
0.4392631629409,11197,1.4788,0,0
0.43926268698362,11198,1.4792,0,0
0.43926221115111,11199,1.4796,0,0
0.43926173544335,11200,1.48,0,0
0.43926125986036,11201,1.4804,0,0
0.43926078440212,11202,1.4808,0,0
0.43926030906865,11203,1.4812,0,0
0.43925983385994,11204,1.4816,0,0
0.439259358776,11205,1.482,0,0
0.43925888381681,11206,1.4824,0,0
0.43925840898239,11207,1.4828,0,0
0.43925793427273,11208,1.4832,0,0
0.43925745968784,11209,1.4836,0,0
0.43925698522771,11210,1.484,0,0
0.43925651089234,11211,1.4844,0,0
0.43925603668174,11212,1.4848,0,0
0.4392555625959,11213,1.4852,0,0
0.43925508863483,11214,1.4856,0,0
0.43925461479853,11215,1.486,0,0
0.43925414108699,11216,1.4864,0,0
0.43925366750022,11217,1.4868,0,0
0.43925319403821,11218,1.4872,0,0
0.43925272070097,11219,1.4876,0,0
0.4392522474885,11220,1.488,0,0
0.43925177440079,11221,1.4884,0,0
0.43925130143785,11222,1.4888,0,0
0.43925082859968,11223,1.4892,0,0
0.43925035588628,11224,1.4896,0,0
0.43924988329765,11225,1.49,0,0
0.43924941083379,11226,1.4904,0,0
0.4392489384947,11227,1.4908,0,0
0.43924846628037,11228,1.4912,0,0
0.43924799419082,11229,1.4916,0,0
0.43924752222604,11230,1.492,0,0
0.43924705038602,11231,1.4924,0,0
0.43924657867078,11232,1.4928,0,0
0.43924610708031,11233,1.4932,0,0
0.43924563561462,11234,1.4936,0,0
0.43924516427369,11235,1.494,0,0
0.43924469305754,11236,1.4944,0,0
0.43924422196615,11237,1.4948,0,0
0.43924375099955,11238,1.4952,0,0
0.43924328015771,11239,1.4956,0,0
0.43924280944065,11240,1.496,0,0
0.43924233884836,11241,1.4964,0,0
0.43924186838085,11242,1.4968,0,0
0.43924139803811,11243,1.4972,0,0
0.43924092782015,11244,1.4976,0,0
0.43924045772696,11245,1.498,0,0
0.43923998775855,11246,1.4984,0,0
0.43923951791491,11247,1.4988,0,0
0.43923904819605,11248,1.4992,0,0
0.43923857860196,11249,1.4996,0,0
0.43923810913265,11250,1.5,0,0
0.43923763978812,11251,1.5004,0,0
0.43923717056837,11252,1.5008,0,0
0.4392367014734,11253,1.5012,0,0
0.4392362325032,11254,1.5016,0,0
0.43923576365778,11255,1.502,0,0
0.43923529493714,11256,1.5024,0,0
0.43923482634128,11257,1.5028,0,0
0.4392343578702,11258,1.5032,0,0
0.43923388952389,11259,1.5036,0,0
0.43923342130237,11260,1.504,0,0
0.43923295320563,11261,1.5044,0,0
0.43923248523367,11262,1.5048,0,0
0.43923201738649,11263,1.5052,0,0
0.43923154966409,11264,1.5056,0,0
0.43923108206647,11265,1.506,0,0
0.43923061459363,11266,1.5064,0,0
0.43923014724558,11267,1.5068,0,0
0.43922968002231,11268,1.5072,0,0
0.43922921292382,11269,1.5076,0,0
0.43922874595011,11270,1.508,0,0
0.43922827910119,11271,1.5084,0,0
0.43922781237705,11272,1.5088,0,0
0.4392273457777,11273,1.5092,0,0
0.43922687930313,11274,1.5096,0,0
0.43922641295335,11275,1.51,0,0
0.43922594672835,11276,1.5104,0,0
0.43922548062813,11277,1.5108,0,0
0.4392250146527,11278,1.5112,0,0
0.43922454880206,11279,1.5116,0,0
0.4392240830762,11280,1.512,0,0
0.43922361747513,11281,1.5124,0,0
0.43922315199885,11282,1.5128,0,0
0.43922268664735,11283,1.5132,0,0
0.43922222142065,11284,1.5136,0,0
0.43922175631873,11285,1.514,0,0
0.43922129134159,11286,1.5144,0,0
0.43922082648925,11287,1.5148,0,0
0.4392203617617,11288,1.5152,0,0
0.43921989715893,11289,1.5156,0,0
0.43921943268095,11290,1.516,0,0
0.43921896832777,11291,1.5164,0,0
0.43921850409937,11292,1.5168,0,0
0.43921803999576,11293,1.5172,0,0
0.43921757601695,11294,1.5176,0,0
0.43921711216293,11295,1.518,0,0
0.43921664843369,11296,1.5184,0,0
0.43921618482925,11297,1.5188,0,0
0.4392157213496,11298,1.5192,0,0
0.43921525799474,11299,1.5196,0,0
0.43921479476468,11300,1.52,0,0
0.43921433165941,11301,1.5204,0,0
0.43921386867893,11302,1.5208,0,0
0.43921340582325,11303,1.5212,0,0
0.43921294309235,11304,1.5216,0,0
0.43921248048626,11305,1.522,0,0
0.43921201800496,11306,1.5224,0,0
0.43921155564845,11307,1.5228,0,0
0.43921109341674,11308,1.5232,0,0
0.43921063130982,11309,1.5236,0,0
0.4392101693277,11310,1.524,0,0
0.43920970747037,11311,1.5244,0,0
0.43920924573784,11312,1.5248,0,0
0.43920878413011,11313,1.5252,0,0
0.43920832264718,11314,1.5256,0,0
0.43920786128904,11315,1.526,0,0
0.4392074000557,11316,1.5264,0,0
0.43920693894716,11317,1.5268,0,0
0.43920647796341,11318,1.5272,0,0
0.43920601710447,11319,1.5276,0,0
0.43920555637032,11320,1.528,0,0
0.43920509576097,11321,1.5284,0,0
0.43920463527643,11322,1.5288,0,0
0.43920417491668,11323,1.5292,0,0
0.43920371468173,11324,1.5296,0,0
0.43920325457158,11325,1.53,0,0
0.43920279458623,11326,1.5304,0,0
0.43920233472569,11327,1.5308,0,0
0.43920187498994,11328,1.5312,0,0
0.439201415379,11329,1.5316,0,0
0.43920095589286,11330,1.532,0,0
0.43920049653152,11331,1.5324,0,0
0.43920003729499,11332,1.5328,0,0
0.43919957818325,11333,1.5332,0,0
0.43919911919632,11334,1.5336,0,0
0.4391986603342,11335,1.534,0,0
0.43919820159687,11336,1.5344,0,0
0.43919774298436,11337,1.5348,0,0
0.43919728449664,11338,1.5352,0,0
0.43919682613373,11339,1.5356,0,0
0.43919636789563,11340,1.536,0,0
0.43919590978233,11341,1.5364,0,0
0.43919545179384,11342,1.5368,0,0
0.43919499393015,11343,1.5372,0,0
0.43919453619127,11344,1.5376,0,0
0.4391940785772,11345,1.538,0,0
0.43919362108793,11346,1.5384,0,0
0.43919316372347,11347,1.5388,0,0
0.43919270648382,11348,1.5392,0,0
0.43919224936897,11349,1.5396,0,0
0.43919179237894,11350,1.54,0,0
0.43919133551371,11351,1.5404,0,0
0.43919087877329,11352,1.5408,0,0
0.43919042215768,11353,1.5412,0,0
0.43918996566688,11354,1.5416,0,0
0.43918950930089,11355,1.542,0,0
0.43918905305971,11356,1.5424,0,0
0.43918859694334,11357,1.5428,0,0
0.43918814095178,11358,1.5432,0,0
0.43918768508503,11359,1.5436,0,0
0.4391872293431,11360,1.544,0,0
0.43918677372597,11361,1.5444,0,0
0.43918631823366,11362,1.5448,0,0
0.43918586286616,11363,1.5452,0,0
0.43918540762347,11364,1.5456,0,0
0.43918495250559,11365,1.546,0,0
0.43918449751253,11366,1.5464,0,0
0.43918404264428,11367,1.5468,0,0
0.43918358790084,11368,1.5472,0,0
0.43918313328222,11369,1.5476,0,0
0.43918267878842,11370,1.548,0,0
0.43918222441942,11371,1.5484,0,0
0.43918177017525,11372,1.5488,0,0
0.43918131605588,11373,1.5492,0,0
0.43918086206134,11374,1.5496,0,0
0.43918040819161,11375,1.55,0,0
0.43917995444669,11376,1.5504,0,0
0.43917950082659,11377,1.5508,0,0
0.43917904733131,11378,1.5512,0,0
0.43917859396085,11379,1.5516,0,0
0.4391781407152,11380,1.552,0,0
0.43917768759437,11381,1.5524,0,0
0.43917723459836,11382,1.5528,0,0
0.43917678172717,11383,1.5532,0,0
0.4391763289808,11384,1.5536,0,0
0.43917587635924,11385,1.554,0,0
0.43917542386251,11386,1.5544,0,0
0.43917497149059,11387,1.5548,0,0
0.4391745192435,11388,1.5552,0,0
0.43917406712122,11389,1.5556,0,0
0.43917361512376,11390,1.556,0,0
0.43917316325113,11391,1.5564,0,0
0.43917271150332,11392,1.5568,0,0
0.43917225988033,11393,1.5572,0,0
0.43917180838216,11394,1.5576,0,0
0.43917135700881,11395,1.558,0,0
0.43917090576028,11396,1.5584,0,0
0.43917045463658,11397,1.5588,0,0
0.4391700036377,11398,1.5592,0,0
0.43916955276364,11399,1.5596,0,0
0.43916910201441,11400,1.56,0,0
0.43916865139,11401,1.5604,0,0
0.43916820089042,11402,1.5608,0,0
0.43916775051565,11403,1.5612,0,0
0.43916730026572,11404,1.5616,0,0
0.43916685014061,11405,1.562,0,0
0.43916640014032,11406,1.5624,0,0
0.43916595026486,11407,1.5628,0,0
0.43916550051423,11408,1.5632,0,0
0.43916505088842,11409,1.5636,0,0
0.43916460138744,11410,1.564,0,0
0.43916415201129,11411,1.5644,0,0
0.43916370275996,11412,1.5648,0,0
0.43916325363346,11413,1.5652,0,0
0.43916280463179,11414,1.5656,0,0
0.43916235575495,11415,1.566,0,0
0.43916190700294,11416,1.5664,0,0
0.43916145837575,11417,1.5668,0,0
0.43916100987339,11418,1.5672,0,0
0.43916056149587,11419,1.5676,0,0
0.43916011324317,11420,1.568,0,0
0.4391596651153,11421,1.5684,0,0
0.43915921711226,11422,1.5688,0,0
0.43915876923406,11423,1.5692,0,0
0.43915832148068,11424,1.5696,0,0
0.43915787385214,11425,1.57,0,0
0.43915742634842,11426,1.5704,0,0
0.43915697896954,11427,1.5708,0,0
0.43915653171549,11428,1.5712,0,0
0.43915608458628,11429,1.5716,0,0
0.43915563758189,11430,1.572,0,0
0.43915519070234,11431,1.5724,0,0
0.43915474394762,11432,1.5728,0,0
0.43915429731774,11433,1.5732,0,0
0.43915385081269,11434,1.5736,0,0
0.43915340443247,11435,1.574,0,0
0.43915295817709,11436,1.5744,0,0
0.43915251204655,11437,1.5748,0,0
0.43915206604084,11438,1.5752,0,0
0.43915162015996,11439,1.5756,0,0
0.43915117440392,11440,1.576,0,0
0.43915072877271,11441,1.5764,0,0
0.43915028326635,11442,1.5768,0,0
0.43914983788482,11443,1.5772,0,0
0.43914939262812,11444,1.5776,0,0
0.43914894749626,11445,1.578,0,0
0.43914850248924,11446,1.5784,0,0
0.43914805760706,11447,1.5788,0,0
0.43914761284972,11448,1.5792,0,0
0.43914716821721,11449,1.5796,0,0
0.43914672370955,11450,1.58,0,0
0.43914627932672,11451,1.5804,0,0
0.43914583506873,11452,1.5808,0,0
0.43914539093558,11453,1.5812,0,0
0.43914494692728,11454,1.5816,0,0
0.43914450304381,11455,1.582,0,0
0.43914405928518,11456,1.5824,0,0
0.43914361565139,11457,1.5828,0,0
0.43914317214245,11458,1.5832,0,0
0.43914272875834,11459,1.5836,0,0
0.43914228549908,11460,1.584,0,0
0.43914184236466,11461,1.5844,0,0
0.43914139935508,11462,1.5848,0,0
0.43914095647035,11463,1.5852,0,0
0.43914051371046,11464,1.5856,0,0
0.43914007107541,11465,1.586,0,0
0.4391396285652,11466,1.5864,0,0
0.43913918617984,11467,1.5868,0,0
0.43913874391932,11468,1.5872,0,0
0.43913830178365,11469,1.5876,0,0
0.43913785977282,11470,1.588,0,0
0.43913741788684,11471,1.5884,0,0
0.4391369761257,11472,1.5888,0,0
0.43913653448941,11473,1.5892,0,0
0.43913609297796,11474,1.5896,0,0
0.43913565159136,11475,1.59,0,0
0.43913521032961,11476,1.5904,0,0
0.4391347691927,11477,1.5908,0,0
0.43913432818065,11478,1.5912,0,0
0.43913388729343,11479,1.5916,0,0
0.43913344653107,11480,1.592,0,0
0.43913300589355,11481,1.5924,0,0
0.43913256538089,11482,1.5928,0,0
0.43913212499307,11483,1.5932,0,0
0.4391316847301,11484,1.5936,0,0
0.43913124459198,11485,1.594,0,0
0.43913080457871,11486,1.5944,0,0
0.43913036469028,11487,1.5948,0,0
0.43912992492671,11488,1.5952,0,0
0.43912948528799,11489,1.5956,0,0
0.43912904577412,11490,1.596,0,0
0.4391286063851,11491,1.5964,0,0
0.43912816712094,11492,1.5968,0,0
0.43912772798162,11493,1.5972,0,0
0.43912728896716,11494,1.5976,0,0
0.43912685007754,11495,1.598,0,0
0.43912641131278,11496,1.5984,0,0
0.43912597267288,11497,1.5988,0,0
0.43912553415782,11498,1.5992,0,0
0.43912509576762,11499,1.5996,0,0
0.43912465750228,11500,1.6,0,0
0.43912421936179,11501,1.6004,0,0
0.43912378134615,11502,1.6008,0,0
0.43912334345536,11503,1.6012,0,0
0.43912290568944,11504,1.6016,0,0
0.43912246804836,11505,1.602,0,0
0.43912203053214,11506,1.6024,0,0
0.43912159314078,11507,1.6028,0,0
0.43912115587428,11508,1.6032,0,0
0.43912071873263,11509,1.6036,0,0
0.43912028171583,11510,1.604,0,0
0.4391198448239,11511,1.6044,0,0
0.43911940805682,11512,1.6048,0,0
0.4391189714146,11513,1.6052,0,0
0.43911853489724,11514,1.6056,0,0
0.43911809850473,11515,1.606,0,0
0.43911766223708,11516,1.6064,0,0
0.4391172260943,11517,1.6068,0,0
0.43911679007637,11518,1.6072,0,0
0.4391163541833,11519,1.6076,0,0
0.43911591841509,11520,1.608,0,0
0.43911548277174,11521,1.6084,0,0
0.43911504725325,11522,1.6088,0,0
0.43911461185962,11523,1.6092,0,0
0.43911417659085,11524,1.6096,0,0
0.43911374144695,11525,1.61,0,0
0.4391133064279,11526,1.6104,0,0
0.43911287153372,11527,1.6108,0,0
0.43911243676439,11528,1.6112,0,0
0.43911200211993,11529,1.6116,0,0
0.43911156760034,11530,1.612,0,0
0.4391111332056,11531,1.6124,0,0
0.43911069893573,11532,1.6128,0,0
0.43911026479072,11533,1.6132,0,0
0.43910983077058,11534,1.6136,0,0
0.4391093968753,11535,1.614,0,0
0.43910896310489,11536,1.6144,0,0
0.43910852945933,11537,1.6148,0,0
0.43910809593865,11538,1.6152,0,0
0.43910766254283,11539,1.6156,0,0
0.43910722927187,11540,1.616,0,0
0.43910679612578,11541,1.6164,0,0
0.43910636310456,11542,1.6168,0,0
0.4391059302082,11543,1.6172,0,0
0.43910549743671,11544,1.6176,0,0
0.43910506479009,11545,1.618,0,0
0.43910463226834,11546,1.6184,0,0
0.43910419987145,11547,1.6188,0,0
0.43910376759943,11548,1.6192,0,0
0.43910333545228,11549,1.6196,0,0
0.43910290342999,11550,1.62,0,0
0.43910247153258,11551,1.6204,0,0
0.43910203976003,11552,1.6208,0,0
0.43910160811236,11553,1.6212,0,0
0.43910117658955,11554,1.6216,0,0
0.43910074519161,11555,1.622,0,0
0.43910031391855,11556,1.6224,0,0
0.43909988277035,11557,1.6228,0,0
0.43909945174702,11558,1.6232,0,0
0.43909902084857,11559,1.6236,0,0
0.43909859007499,11560,1.624,0,0
0.43909815942628,11561,1.6244,0,0
0.43909772890244,11562,1.6248,0,0
0.43909729850347,11563,1.6252,0,0
0.43909686822938,11564,1.6256,0,0
0.43909643808015,11565,1.626,0,0
0.43909600805581,11566,1.6264,0,0
0.43909557815633,11567,1.6268,0,0
0.43909514838173,11568,1.6272,0,0
0.439094718732,11569,1.6276,0,0
0.43909428920715,11570,1.628,0,0
0.43909385980717,11571,1.6284,0,0
0.43909343053207,11572,1.6288,0,0
0.43909300138184,11573,1.6292,0,0
0.43909257235649,11574,1.6296,0,0
0.43909214345601,11575,1.63,0,0
0.43909171468041,11576,1.6304,0,0
0.43909128602968,11577,1.6308,0,0
0.43909085750384,11578,1.6312,0,0
0.43909042910287,11579,1.6316,0,0
0.43909000082677,11580,1.632,0,0
0.43908957267556,11581,1.6324,0,0
0.43908914464922,11582,1.6328,0,0
0.43908871674776,11583,1.6332,0,0
0.43908828897117,11584,1.6336,0,0
0.43908786131947,11585,1.634,0,0
0.43908743379265,11586,1.6344,0,0
0.4390870063907,11587,1.6348,0,0
0.43908657911364,11588,1.6352,0,0
0.43908615196145,11589,1.6356,0,0
0.43908572493414,11590,1.636,0,0
0.43908529803172,11591,1.6364,0,0
0.43908487125417,11592,1.6368,0,0
0.43908444460151,11593,1.6372,0,0
0.43908401807373,11594,1.6376,0,0
0.43908359167083,11595,1.638,0,0
0.43908316539281,11596,1.6384,0,0
0.43908273923967,11597,1.6388,0,0
0.43908231321142,11598,1.6392,0,0
0.43908188730805,11599,1.6396,0,0
0.43908146152956,11600,1.64,0,0
0.43908103587595,11601,1.6404,0,0
0.43908061034723,11602,1.6408,0,0
0.43908018494339,11603,1.6412,0,0
0.43907975966444,11604,1.6416,0,0
0.43907933451037,11605,1.642,0,0
0.43907890948118,11606,1.6424,0,0
0.43907848457688,11607,1.6428,0,0
0.43907805979747,11608,1.6432,0,0
0.43907763514294,11609,1.6436,0,0
0.4390772106133,11610,1.644,0,0
0.43907678620854,11611,1.6444,0,0
0.43907636192867,11612,1.6448,0,0
0.43907593777369,11613,1.6452,0,0
0.43907551374359,11614,1.6456,0,0
0.43907508983838,11615,1.646,0,0
0.43907466605806,11616,1.6464,0,0
0.43907424240263,11617,1.6468,0,0
0.43907381887208,11618,1.6472,0,0
0.43907339546643,11619,1.6476,0,0
0.43907297218566,11620,1.648,0,0
0.43907254902978,11621,1.6484,0,0
0.43907212599879,11622,1.6488,0,0
0.43907170309269,11623,1.6492,0,0
0.43907128031148,11624,1.6496,0,0
0.43907085765516,11625,1.65,0,0
0.43907043512373,11626,1.6504,0,0
0.43907001271719,11627,1.6508,0,0
0.43906959043554,11628,1.6512,0,0
0.43906916827879,11629,1.6516,0,0
0.43906874624692,11630,1.652,0,0
0.43906832433995,11631,1.6524,0,0
0.43906790255787,11632,1.6528,0,0
0.43906748090068,11633,1.6532,0,0
0.43906705936838,11634,1.6536,0,0
0.43906663796098,11635,1.654,0,0
0.43906621667847,11636,1.6544,0,0
0.43906579552086,11637,1.6548,0,0
0.43906537448814,11638,1.6552,0,0
0.43906495358031,11639,1.6556,0,0
0.43906453279738,11640,1.656,0,0
0.43906411213934,11641,1.6564,0,0
0.4390636916062,11642,1.6568,0,0
0.43906327119795,11643,1.6572,0,0
0.4390628509146,11644,1.6576,0,0
0.43906243075614,11645,1.658,0,0
0.43906201072258,11646,1.6584,0,0
0.43906159081392,11647,1.6588,0,0
0.43906117103015,11648,1.6592,0,0
0.43906075137128,11649,1.6596,0,0
0.43906033183731,11650,1.66,0,0
0.43905991242823,11651,1.6604,0,0
0.43905949314406,11652,1.6608,0,0
0.43905907398478,11653,1.6612,0,0
0.4390586549504,11654,1.6616,0,0
0.43905823604092,11655,1.662,0,0
0.43905781725633,11656,1.6624,0,0
0.43905739859665,11657,1.6628,0,0
0.43905698006187,11658,1.6632,0,0
0.43905656165198,11659,1.6636,0,0
0.439056143367,11660,1.664,0,0
0.43905572520692,11661,1.6644,0,0
0.43905530717174,11662,1.6648,0,0
0.43905488926145,11663,1.6652,0,0
0.43905447147607,11664,1.6656,0,0
0.4390540538156,11665,1.666,0,0
0.43905363628002,11666,1.6664,0,0
0.43905321886935,11667,1.6668,0,0
0.43905280158357,11668,1.6672,0,0
0.4390523844227,11669,1.6676,0,0
0.43905196738674,11670,1.668,0,0
0.43905155047568,11671,1.6684,0,0
0.43905113368952,11672,1.6688,0,0
0.43905071702826,11673,1.6692,0,0
0.43905030049191,11674,1.6696,0,0
0.43904988408046,11675,1.67,0,0
0.43904946779392,11676,1.6704,0,0
0.43904905163228,11677,1.6708,0,0
0.43904863559555,11678,1.6712,0,0
0.43904821968373,11679,1.6716,0,0
0.4390478038968,11680,1.672,0,0
0.43904738823479,11681,1.6724,0,0
0.43904697269768,11682,1.6728,0,0
0.43904655728548,11683,1.6732,0,0
0.43904614199819,11684,1.6736,0,0
0.4390457268358,11685,1.674,0,0
0.43904531179832,11686,1.6744,0,0
0.43904489688575,11687,1.6748,0,0
0.43904448209808,11688,1.6752,0,0
0.43904406743533,11689,1.6756,0,0
0.43904365289748,11690,1.676,0,0
0.43904323848454,11691,1.6764,0,0
0.43904282419652,11692,1.6768,0,0
0.4390424100334,11693,1.6772,0,0
0.43904199599519,11694,1.6776,0,0
0.43904158208189,11695,1.678,0,0
0.4390411682935,11696,1.6784,0,0
0.43904075463002,11697,1.6788,0,0
0.43904034109145,11698,1.6792,0,0
0.4390399276778,11699,1.6796,0,0
0.43903951438905,11700,1.68,0,0
0.43903910122522,11701,1.6804,0,0
0.4390386881863,11702,1.6808,0,0
0.43903827527229,11703,1.6812,0,0
0.43903786248319,11704,1.6816,0,0
0.43903744981901,11705,1.682,0,0
0.43903703727974,11706,1.6824,0,0
0.43903662486538,11707,1.6828,0,0
0.43903621257594,11708,1.6832,0,0
0.43903580041141,11709,1.6836,0,0
0.43903538837179,11710,1.684,0,0
0.43903497645709,11711,1.6844,0,0
0.43903456466731,11712,1.6848,0,0
0.43903415300244,11713,1.6852,0,0
0.43903374146248,11714,1.6856,0,0
0.43903333004744,11715,1.686,0,0
0.43903291875732,11716,1.6864,0,0
0.43903250759211,11717,1.6868,0,0
0.43903209655182,11718,1.6872,0,0
0.43903168563644,11719,1.6876,0,0
0.43903127484599,11720,1.688,0,0
0.43903086418045,11721,1.6884,0,0
0.43903045363982,11722,1.6888,0,0
0.43903004322412,11723,1.6892,0,0
0.43902963293333,11724,1.6896,0,0
0.43902922276746,11725,1.69,0,0
0.43902881272652,11726,1.6904,0,0
0.43902840281048,11727,1.6908,0,0
0.43902799301937,11728,1.6912,0,0
0.43902758335318,11729,1.6916,0,0
0.43902717381191,11730,1.692,0,0
0.43902676439556,11731,1.6924,0,0
0.43902635510413,11732,1.6928,0,0
0.43902594593762,11733,1.6932,0,0
0.43902553689603,11734,1.6936,0,0
0.43902512797936,11735,1.694,0,0
0.43902471918761,11736,1.6944,0,0
0.43902431052079,11737,1.6948,0,0
0.43902390197888,11738,1.6952,0,0
0.4390234935619,11739,1.6956,0,0
0.43902308526984,11740,1.696,0,0
0.43902267710271,11741,1.6964,0,0
0.4390222690605,11742,1.6968,0,0
0.43902186114321,11743,1.6972,0,0
0.43902145335084,11744,1.6976,0,0
0.4390210456834,11745,1.698,0,0
0.43902063814088,11746,1.6984,0,0
0.43902023072329,11747,1.6988,0,0
0.43901982343062,11748,1.6992,0,0
0.43901941626288,11749,1.6996,0,0
0.43901900922006,11750,1.7,0,0
0.43901860230217,11751,1.7004,0,0
0.43901819550921,11752,1.7008,0,0
0.43901778884117,11753,1.7012,0,0
0.43901738229805,11754,1.7016,0,0
0.43901697587987,11755,1.702,0,0
0.43901656958661,11756,1.7024,0,0
0.43901616341828,11757,1.7028,0,0
0.43901575737487,11758,1.7032,0,0
0.43901535145639,11759,1.7036,0,0
0.43901494566285,11760,1.704,0,0
0.43901453999423,11761,1.7044,0,0
0.43901413445053,11762,1.7048,0,0
0.43901372903177,11763,1.7052,0,0
0.43901332373794,11764,1.7056,0,0
0.43901291856903,11765,1.706,0,0
0.43901251352506,11766,1.7064,0,0
0.43901210860602,11767,1.7068,0,0
0.4390117038119,11768,1.7072,0,0
0.43901129914272,11769,1.7076,0,0
0.43901089459847,11770,1.708,0,0
0.43901049017914,11771,1.7084,0,0
0.43901008588475,11772,1.7088,0,0
0.4390096817153,11773,1.7092,0,0
0.43900927767077,11774,1.7096,0,0
0.43900887375118,11775,1.71,0,0
0.43900846995651,11776,1.7104,0,0
0.43900806628678,11777,1.7108,0,0
0.43900766274199,11778,1.7112,0,0
0.43900725932213,11779,1.7116,0,0
0.4390068560272,11780,1.712,0,0
0.4390064528572,11781,1.7124,0,0
0.43900604981214,11782,1.7128,0,0
0.43900564689202,11783,1.7132,0,0
0.43900524409682,11784,1.7136,0,0
0.43900484142657,11785,1.714,0,0
0.43900443888125,11786,1.7144,0,0
0.43900403646086,11787,1.7148,0,0
0.43900363416541,11788,1.7152,0,0
0.43900323199489,11789,1.7156,0,0
0.43900282994932,11790,1.716,0,0
0.43900242802867,11791,1.7164,0,0
0.43900202623297,11792,1.7168,0,0
0.4390016245622,11793,1.7172,0,0
0.43900122301637,11794,1.7176,0,0
0.43900082159548,11795,1.718,0,0
0.43900042029953,11796,1.7184,0,0
0.43900001912851,11797,1.7188,0,0
0.43899961808243,11798,1.7192,0,0
0.43899921716129,11799,1.7196,0,0
0.43899881636509,11800,1.72,0,0
0.43899841569383,11801,1.7204,0,0
0.43899801514751,11802,1.7208,0,0
0.43899761472613,11803,1.7212,0,0
0.43899721442969,11804,1.7216,0,0
0.43899681425819,11805,1.722,0,0
0.43899641421163,11806,1.7224,0,0
0.43899601429001,11807,1.7228,0,0
0.43899561449333,11808,1.7232,0,0
0.4389952148216,11809,1.7236,0,0
0.4389948152748,11810,1.724,0,0
0.43899441585295,11811,1.7244,0,0
0.43899401655604,11812,1.7248,0,0
0.43899361738407,11813,1.7252,0,0
0.43899321833705,11814,1.7256,0,0
0.43899281941497,11815,1.726,0,0
0.43899242061783,11816,1.7264,0,0
0.43899202194563,11817,1.7268,0,0
0.43899162339838,11818,1.7272,0,0
0.43899122497608,11819,1.7276,0,0
0.43899082667871,11820,1.728,0,0
0.4389904285063,11821,1.7284,0,0
0.43899003045882,11822,1.7288,0,0
0.4389896325363,11823,1.7292,0,0
0.43898923473872,11824,1.7296,0,0
0.43898883706608,11825,1.73,0,0
0.43898843951839,11826,1.7304,0,0
0.43898804209565,11827,1.7308,0,0
0.43898764479785,11828,1.7312,0,0
0.438987247625,11829,1.7316,0,0
0.4389868505771,11830,1.732,0,0
0.43898645365414,11831,1.7324,0,0
0.43898605685613,11832,1.7328,0,0
0.43898566018307,11833,1.7332,0,0
0.43898526363496,11834,1.7336,0,0
0.4389848672118,11835,1.734,0,0
0.43898447091359,11836,1.7344,0,0
0.43898407474032,11837,1.7348,0,0
0.43898367869201,11838,1.7352,0,0
0.43898328276864,11839,1.7356,0,0
0.43898288697022,11840,1.736,0,0
0.43898249129676,11841,1.7364,0,0
0.43898209574824,11842,1.7368,0,0
0.43898170032468,11843,1.7372,0,0
0.43898130502606,11844,1.7376,0,0
0.4389809098524,11845,1.738,0,0
0.43898051480369,11846,1.7384,0,0
0.43898011987993,11847,1.7388,0,0
0.43897972508112,11848,1.7392,0,0
0.43897933040726,11849,1.7396,0,0
0.43897893585836,11850,1.74,0,0
0.43897854143441,11851,1.7404,0,0
0.43897814713541,11852,1.7408,0,0
0.43897775296137,11853,1.7412,0,0
0.43897735891228,11854,1.7416,0,0
0.43897696498814,11855,1.742,0,0
0.43897657118896,11856,1.7424,0,0
0.43897617751473,11857,1.7428,0,0
0.43897578396546,11858,1.7432,0,0
0.43897539054114,11859,1.7436,0,0
0.43897499724178,11860,1.744,0,0
0.43897460406737,11861,1.7444,0,0
0.43897421101792,11862,1.7448,0,0
0.43897381809342,11863,1.7452,0,0
0.43897342529388,11864,1.7456,0,0
0.4389730326193,11865,1.746,0,0
0.43897264006967,11866,1.7464,0,0
0.438972247645,11867,1.7468,0,0
0.43897185534529,11868,1.7472,0,0
0.43897146317053,11869,1.7476,0,0
0.43897107112074,11870,1.748,0,0
0.4389706791959,11871,1.7484,0,0
0.43897028739602,11872,1.7488,0,0
0.4389698957211,11873,1.7492,0,0
0.43896950417113,11874,1.7496,0,0
0.43896911274613,11875,1.75,0,0
0.43896872144609,11876,1.7504,0,0
0.438968330271,11877,1.7508,0,0
0.43896793922088,11878,1.7512,0,0
0.43896754829571,11879,1.7516,0,0
0.43896715749551,11880,1.752,0,0
0.43896676682027,11881,1.7524,0,0
0.43896637626999,11882,1.7528,0,0
0.43896598584467,11883,1.7532,0,0
0.43896559554431,11884,1.7536,0,0
0.43896520536891,11885,1.754,0,0
0.43896481531847,11886,1.7544,0,0
0.438964425393,11887,1.7548,0,0
0.43896403559249,11888,1.7552,0,0
0.43896364591695,11889,1.7556,0,0
0.43896325636636,11890,1.756,0,0
0.43896286694074,11891,1.7564,0,0
0.43896247764008,11892,1.7568,0,0
0.43896208846439,11893,1.7572,0,0
0.43896169941366,11894,1.7576,0,0
0.4389613104879,11895,1.758,0,0
0.4389609216871,11896,1.7584,0,0
0.43896053301126,11897,1.7588,0,0
0.43896014446039,11898,1.7592,0,0
0.43895975603449,11899,1.7596,0,0
0.43895936773355,11900,1.76,0,0
0.43895897955758,11901,1.7604,0,0
0.43895859150658,11902,1.7608,0,0
0.43895820358054,11903,1.7612,0,0
0.43895781577946,11904,1.7616,0,0
0.43895742810336,11905,1.762,0,0
0.43895704055222,11906,1.7624,0,0
0.43895665312605,11907,1.7628,0,0
0.43895626582485,11908,1.7632,0,0
0.43895587864862,11909,1.7636,0,0
0.43895549159735,11910,1.764,0,0
0.43895510467105,11911,1.7644,0,0
0.43895471786973,11912,1.7648,0,0
0.43895433119337,11913,1.7652,0,0
0.43895394464198,11914,1.7656,0,0
0.43895355821556,11915,1.766,0,0
0.43895317191411,11916,1.7664,0,0
0.43895278573763,11917,1.7668,0,0
0.43895239968612,11918,1.7672,0,0
0.43895201375958,11919,1.7676,0,0
0.43895162795802,11920,1.768,0,0
0.43895124228142,11921,1.7684,0,0
0.4389508567298,11922,1.7688,0,0
0.43895047130314,11923,1.7692,0,0
0.43895008600146,11924,1.7696,0,0
0.43894970082476,11925,1.77,0,0
0.43894931577302,11926,1.7704,0,0
0.43894893084626,11927,1.7708,0,0
0.43894854604447,11928,1.7712,0,0
0.43894816136765,11929,1.7716,0,0
0.43894777681581,11930,1.772,0,0
0.43894739238894,11931,1.7724,0,0
0.43894700808705,11932,1.7728,0,0
0.43894662391013,11933,1.7732,0,0
0.43894623985818,11934,1.7736,0,0
0.43894585593121,11935,1.774,0,0
0.43894547212922,11936,1.7744,0,0
0.4389450884522,11937,1.7748,0,0
0.43894470490016,11938,1.7752,0,0
0.43894432147309,11939,1.7756,0,0
0.438943938171,11940,1.776,0,0
0.43894355499388,11941,1.7764,0,0
0.43894317194174,11942,1.7768,0,0
0.43894278901458,11943,1.7772,0,0
0.4389424062124,11944,1.7776,0,0
0.43894202353519,11945,1.778,0,0
0.43894164098296,11946,1.7784,0,0
0.43894125855571,11947,1.7788,0,0
0.43894087625344,11948,1.7792,0,0
0.43894049407615,11949,1.7796,0,0
0.43894011202383,11950,1.78,0,0
0.4389397300965,11951,1.7804,0,0
0.43893934829414,11952,1.7808,0,0
0.43893896661676,11953,1.7812,0,0
0.43893858506437,11954,1.7816,0,0
0.43893820363695,11955,1.782,0,0
0.43893782233451,11956,1.7824,0,0
0.43893744115706,11957,1.7828,0,0
0.43893706010458,11958,1.7832,0,0
0.43893667917709,11959,1.7836,0,0
0.43893629837458,11960,1.784,0,0
0.43893591769705,11961,1.7844,0,0
0.4389355371445,11962,1.7848,0,0
0.43893515671693,11963,1.7852,0,0
0.43893477641435,11964,1.7856,0,0
0.43893439623675,11965,1.786,0,0
0.43893401618413,11966,1.7864,0,0
0.4389336362565,11967,1.7868,0,0
0.43893325645385,11968,1.7872,0,0
0.43893287677618,11969,1.7876,0,0
0.4389324972235,11970,1.788,0,0
0.4389321177958,11971,1.7884,0,0
0.43893173849308,11972,1.7888,0,0
0.43893135931535,11973,1.7892,0,0
0.43893098026261,11974,1.7896,0,0
0.43893060133485,11975,1.79,0,0
0.43893022253207,11976,1.7904,0,0
0.43892984385428,11977,1.7908,0,0
0.43892946530148,11978,1.7912,0,0
0.43892908687367,11979,1.7916,0,0
0.43892870857084,11980,1.792,0,0
0.438928330393,11981,1.7924,0,0
0.43892795234014,11982,1.7928,0,0
0.43892757441227,11983,1.7932,0,0
0.43892719660939,11984,1.7936,0,0
0.4389268189315,11985,1.794,0,0
0.43892644137859,11986,1.7944,0,0
0.43892606395068,11987,1.7948,0,0
0.43892568664775,11988,1.7952,0,0
0.43892530946981,11989,1.7956,0,0
0.43892493241686,11990,1.796,0,0
0.4389245554889,11991,1.7964,0,0
0.43892417868593,11992,1.7968,0,0
0.43892380200795,11993,1.7972,0,0
0.43892342545496,11994,1.7976,0,0
0.43892304902696,11995,1.798,0,0
0.43892267272395,11996,1.7984,0,0
0.43892229654594,11997,1.7988,0,0
0.43892192049291,11998,1.7992,0,0
0.43892154456487,11999,1.7996,0,0
0.43892116876183,12000,1.8,0,0
0.43892079308378,12001,1.8004,0,0
0.43892041753072,12002,1.8008,0,0
0.43892004210265,12003,1.8012,0,0
0.43891966679958,12004,1.8016,0,0
0.43891929162149,12005,1.802,0,0
0.43891891656841,12006,1.8024,0,0
0.43891854164031,12007,1.8028,0,0
0.43891816683721,12008,1.8032,0,0
0.4389177921591,12009,1.8036,0,0
0.43891741760599,12010,1.804,0,0
0.43891704317787,12011,1.8044,0,0
0.43891666887475,12012,1.8048,0,0
0.43891629469662,12013,1.8052,0,0
0.43891592064348,12014,1.8056,0,0
0.43891554671535,12015,1.806,0,0
0.4389151729122,12016,1.8064,0,0
0.43891479923406,12017,1.8068,0,0
0.43891442568091,12018,1.8072,0,0
0.43891405225275,12019,1.8076,0,0
0.4389136789496,12020,1.808,0,0
0.43891330577144,12021,1.8084,0,0
0.43891293271827,12022,1.8088,0,0
0.43891255979011,12023,1.8092,0,0
0.43891218698694,12024,1.8096,0,0
0.43891181430877,12025,1.81,0,0
0.4389114417556,12026,1.8104,0,0
0.43891106932743,12027,1.8108,0,0
0.43891069702426,12028,1.8112,0,0
0.43891032484608,12029,1.8116,0,0
0.43890995279291,12030,1.812,0,0
0.43890958086473,12031,1.8124,0,0
0.43890920906156,12032,1.8128,0,0
0.43890883738338,12033,1.8132,0,0
0.4389084658302,12034,1.8136,0,0
0.43890809440203,12035,1.814,0,0
0.43890772309886,12036,1.8144,0,0
0.43890735192068,12037,1.8148,0,0
0.43890698086751,12038,1.8152,0,0
0.43890660993934,12039,1.8156,0,0
0.43890623913617,12040,1.816,0,0
0.43890586845801,12041,1.8164,0,0
0.43890549790484,12042,1.8168,0,0
0.43890512747668,12043,1.8172,0,0
0.43890475717352,12044,1.8176,0,0
0.43890438699537,12045,1.818,0,0
0.43890401694222,12046,1.8184,0,0
0.43890364701407,12047,1.8188,0,0
0.43890327721092,12048,1.8192,0,0
0.43890290753278,12049,1.8196,0,0
0.43890253797964,12050,1.82,0,0
0.43890216855151,12051,1.8204,0,0
0.43890179924839,12052,1.8208,0,0
0.43890143007026,12053,1.8212,0,0
0.43890106101715,12054,1.8216,0,0
0.43890069208904,12055,1.822,0,0
0.43890032328593,12056,1.8224,0,0
0.43889995460783,12057,1.8228,0,0
0.43889958605474,12058,1.8232,0,0
0.43889921762665,12059,1.8236,0,0
0.43889884932357,12060,1.824,0,0
0.4388984811455,12061,1.8244,0,0
0.43889811309244,12062,1.8248,0,0
0.43889774516438,12063,1.8252,0,0
0.43889737736133,12064,1.8256,0,0
0.43889700968329,12065,1.826,0,0
0.43889664213025,12066,1.8264,0,0
0.43889627470223,12067,1.8268,0,0
0.43889590739921,12068,1.8272,0,0
0.43889554022121,12069,1.8276,0,0
0.43889517316821,12070,1.828,0,0
0.43889480624022,12071,1.8284,0,0
0.43889443943724,12072,1.8288,0,0
0.43889407275928,12073,1.8292,0,0
0.43889370620632,12074,1.8296,0,0
0.43889333977837,12075,1.83,0,0
0.43889297347544,12076,1.8304,0,0
0.43889260729751,12077,1.8308,0,0
0.4388922412446,12078,1.8312,0,0
0.43889187531669,12079,1.8316,0,0
0.4388915095138,12080,1.832,0,0
0.43889114383593,12081,1.8324,0,0
0.43889077828306,12082,1.8328,0,0
0.43889041285521,12083,1.8332,0,0
0.43889004755236,12084,1.8336,0,0
0.43888968237454,12085,1.834,0,0
0.43888931732172,12086,1.8344,0,0
0.43888895239392,12087,1.8348,0,0
0.43888858759113,12088,1.8352,0,0
0.43888822291336,12089,1.8356,0,0
0.4388878583606,12090,1.836,0,0
0.43888749393286,12091,1.8364,0,0
0.43888712963013,12092,1.8368,0,0
0.43888676545241,12093,1.8372,0,0
0.43888640139971,12094,1.8376,0,0
0.43888603747203,12095,1.838,0,0
0.43888567366936,12096,1.8384,0,0
0.43888530999171,12097,1.8388,0,0
0.43888494643907,12098,1.8392,0,0
0.43888458301145,12099,1.8396,0,0
0.43888421970885,12100,1.84,0,0
0.43888385653127,12101,1.8404,0,0
0.4388834934787,12102,1.8408,0,0
0.43888313055115,12103,1.8412,0,0
0.43888276774861,12104,1.8416,0,0
0.4388824050711,12105,1.842,0,0
0.4388820425186,12106,1.8424,0,0
0.43888168009112,12107,1.8428,0,0
0.43888131778866,12108,1.8432,0,0
0.43888095561122,12109,1.8436,0,0
0.4388805935588,12110,1.844,0,0
0.4388802316314,12111,1.8444,0,0
0.43887986982902,12112,1.8448,0,0
0.43887950815166,12113,1.8452,0,0
0.43887914659931,12114,1.8456,0,0
0.43887878517199,12115,1.846,0,0
0.43887842386969,12116,1.8464,0,0
0.43887806269241,12117,1.8468,0,0
0.43887770164015,12118,1.8472,0,0
0.43887734071291,12119,1.8476,0,0
0.4388769799107,12120,1.848,0,0
0.4388766192335,12121,1.8484,0,0
0.43887625868133,12122,1.8488,0,0
0.43887589825418,12123,1.8492,0,0
0.43887553795205,12124,1.8496,0,0
0.43887517777495,12125,1.85,0,0
0.43887481772287,12126,1.8504,0,0
0.43887445779581,12127,1.8508,0,0
0.43887409799378,12128,1.8512,0,0
0.43887373831677,12129,1.8516,0,0
0.43887337876478,12130,1.852,0,0
0.43887301933782,12131,1.8524,0,0
0.43887266003588,12132,1.8528,0,0
0.43887230085897,12133,1.8532,0,0
0.43887194180708,12134,1.8536,0,0
0.43887158288022,12135,1.854,0,0
0.43887122407838,12136,1.8544,0,0
0.43887086540157,12137,1.8548,0,0
0.43887050684979,12138,1.8552,0,0
0.43887014842303,12139,1.8556,0,0
0.4388697901213,12140,1.856,0,0
0.43886943194459,12141,1.8564,0,0
0.43886907389292,12142,1.8568,0,0
0.43886871596627,12143,1.8572,0,0
0.43886835816464,12144,1.8576,0,0
0.43886800048805,12145,1.858,0,0
0.43886764293648,12146,1.8584,0,0
0.43886728550994,12147,1.8588,0,0
0.43886692820843,12148,1.8592,0,0
0.43886657103195,12149,1.8596,0,0
0.4388662139805,12150,1.86,0,0
0.43886585705407,12151,1.8604,0,0
0.43886550025268,12152,1.8608,0,0
0.43886514357631,12153,1.8612,0,0
0.43886478702498,12154,1.8616,0,0
0.43886443059867,12155,1.862,0,0
0.4388640742974,12156,1.8624,0,0
0.43886371812116,12157,1.8628,0,0
0.43886336206994,12158,1.8632,0,0
0.43886300614376,12159,1.8636,0,0
0.43886265034261,12160,1.864,0,0
0.43886229466649,12161,1.8644,0,0
0.43886193911541,12162,1.8648,0,0
0.43886158368935,12163,1.8652,0,0
0.43886122838833,12164,1.8656,0,0
0.43886087321234,12165,1.866,0,0
0.43886051816138,12166,1.8664,0,0
0.43886016323546,12167,1.8668,0,0
0.43885980843457,12168,1.8672,0,0
0.43885945375871,12169,1.8676,0,0
0.43885909920789,12170,1.868,0,0
0.4388587447821,12171,1.8684,0,0
0.43885839048134,12172,1.8688,0,0
0.43885803630562,12173,1.8692,0,0
0.43885768225494,12174,1.8696,0,0
0.43885732832929,12175,1.87,0,0
0.43885697452867,12176,1.8704,0,0
0.43885662085309,12177,1.8708,0,0
0.43885626730255,12178,1.8712,0,0
0.43885591387704,12179,1.8716,0,0
0.43885556057657,12180,1.872,0,0
0.43885520740113,12181,1.8724,0,0
0.43885485435073,12182,1.8728,0,0
0.43885450142537,12183,1.8732,0,0
0.43885414862504,12184,1.8736,0,0
0.43885379594976,12185,1.874,0,0
0.43885344339951,12186,1.8744,0,0
0.43885309097429,12187,1.8748,0,0
0.43885273867412,12188,1.8752,0,0
0.43885238649898,12189,1.8756,0,0
0.43885203444889,12190,1.876,0,0
0.43885168252383,12191,1.8764,0,0
0.43885133072381,12192,1.8768,0,0
0.43885097904883,12193,1.8772,0,0
0.43885062749889,12194,1.8776,0,0
0.43885027607399,12195,1.878,0,0
0.43884992477413,12196,1.8784,0,0
0.43884957359931,12197,1.8788,0,0
0.43884922254953,12198,1.8792,0,0
0.43884887162479,12199,1.8796,0,0
0.43884852082509,12200,1.88,0,0
0.43884817015043,12201,1.8804,0,0
0.43884781960082,12202,1.8808,0,0
0.43884746917624,12203,1.8812,0,0
0.43884711887671,12204,1.8816,0,0
0.43884676870222,12205,1.882,0,0
0.43884641865277,12206,1.8824,0,0
0.43884606872837,12207,1.8828,0,0
0.438845718929,12208,1.8832,0,0
0.43884536925468,12209,1.8836,0,0
0.43884501970541,12210,1.884,0,0
0.43884467028118,12211,1.8844,0,0
0.43884432098199,12212,1.8848,0,0
0.43884397180784,12213,1.8852,0,0
0.43884362275874,12214,1.8856,0,0
0.43884327383469,12215,1.886,0,0
0.43884292503568,12216,1.8864,0,0
0.43884257636171,12217,1.8868,0,0
0.43884222781279,12218,1.8872,0,0
0.43884187938892,12219,1.8876,0,0
0.43884153109009,12220,1.888,0,0
0.4388411829163,12221,1.8884,0,0
0.43884083486756,12222,1.8888,0,0
0.43884048694387,12223,1.8892,0,0
0.43884013914523,12224,1.8896,0,0
0.43883979147163,12225,1.89,0,0
0.43883944392308,12226,1.8904,0,0
0.43883909649958,12227,1.8908,0,0
0.43883874920112,12228,1.8912,0,0
0.43883840202771,12229,1.8916,0,0
0.43883805497936,12230,1.892,0,0
0.43883770805604,12231,1.8924,0,0
0.43883736125778,12232,1.8928,0,0
0.43883701458457,12233,1.8932,0,0
0.4388366680364,12234,1.8936,0,0
0.43883632161329,12235,1.894,0,0
0.43883597531522,12236,1.8944,0,0
0.4388356291422,12237,1.8948,0,0
0.43883528309424,12238,1.8952,0,0
0.43883493717132,12239,1.8956,0,0
0.43883459137345,12240,1.896,0,0
0.43883424570064,12241,1.8964,0,0
0.43883390015287,12242,1.8968,0,0
0.43883355473016,12243,1.8972,0,0
0.4388332094325,12244,1.8976,0,0
0.43883286425989,12245,1.898,0,0
0.43883251921233,12246,1.8984,0,0
0.43883217428982,12247,1.8988,0,0
0.43883182949237,12248,1.8992,0,0
0.43883148481996,12249,1.8996,0,0
0.43883114027262,12250,1.9,0,0
0.43883079585032,12251,1.9004,0,0
0.43883045155308,12252,1.9008,0,0
0.43883010738089,12253,1.9012,0,0
0.43882976333375,12254,1.9016,0,0
0.43882941941167,12255,1.902,0,0
0.43882907561464,12256,1.9024,0,0
0.43882873194267,12257,1.9028,0,0
0.43882838839575,12258,1.9032,0,0
0.43882804497388,12259,1.9036,0,0
0.43882770167707,12260,1.904,0,0
0.43882735850532,12261,1.9044,0,0
0.43882701545862,12262,1.9048,0,0
0.43882667253698,12263,1.9052,0,0
0.43882632974039,12264,1.9056,0,0
0.43882598706886,12265,1.906,0,0
0.43882564452239,12266,1.9064,0,0
0.43882530210097,12267,1.9068,0,0
0.43882495980461,12268,1.9072,0,0
0.43882461763331,12269,1.9076,0,0
0.43882427558706,12270,1.908,0,0
0.43882393366588,12271,1.9084,0,0
0.43882359186975,12272,1.9088,0,0
0.43882325019867,12273,1.9092,0,0
0.43882290865266,12274,1.9096,0,0
0.4388225672317,12275,1.91,0,0
0.43882222593581,12276,1.9104,0,0
0.43882188476497,12277,1.9108,0,0
0.43882154371919,12278,1.9112,0,0
0.43882120279847,12279,1.9116,0,0
0.43882086200282,12280,1.912,0,0
0.43882052133222,12281,1.9124,0,0
0.43882018078668,12282,1.9128,0,0
0.4388198403662,12283,1.9132,0,0
0.43881950007078,12284,1.9136,0,0
0.43881915990043,12285,1.914,0,0
0.43881881985513,12286,1.9144,0,0
0.43881847993489,12287,1.9148,0,0
0.43881814013972,12288,1.9152,0,0
0.43881780046961,12289,1.9156,0,0
0.43881746092456,12290,1.916,0,0
0.43881712150458,12291,1.9164,0,0
0.43881678220965,12292,1.9168,0,0
0.43881644303979,12293,1.9172,0,0
0.43881610399499,12294,1.9176,0,0
0.43881576507525,12295,1.918,0,0
0.43881542628058,12296,1.9184,0,0
0.43881508761097,12297,1.9188,0,0
0.43881474906643,12298,1.9192,0,0
0.43881441064695,12299,1.9196,0,0
0.43881407235253,12300,1.92,0,0
0.43881373418318,12301,1.9204,0,0
0.43881339613889,12302,1.9208,0,0
0.43881305821967,12303,1.9212,0,0
0.43881272042552,12304,1.9216,0,0
0.43881238275642,12305,1.922,0,0
0.4388120452124,12306,1.9224,0,0
0.43881170779344,12307,1.9228,0,0
0.43881137049955,12308,1.9232,0,0
0.43881103333072,12309,1.9236,0,0
0.43881069628696,12310,1.924,0,0
0.43881035936826,12311,1.9244,0,0
0.43881002257464,12312,1.9248,0,0
0.43880968590608,12313,1.9252,0,0
0.43880934936259,12314,1.9256,0,0
0.43880901294416,12315,1.926,0,0
0.43880867665081,12316,1.9264,0,0
0.43880834048252,12317,1.9268,0,0
0.4388080044393,12318,1.9272,0,0
0.43880766852115,12319,1.9276,0,0
0.43880733272807,12320,1.928,0,0
0.43880699706005,12321,1.9284,0,0
0.43880666151711,12322,1.9288,0,0
0.43880632609924,12323,1.9292,0,0
0.43880599080643,12324,1.9296,0,0
0.4388056556387,12325,1.93,0,0
0.43880532059603,12326,1.9304,0,0
0.43880498567844,12327,1.9308,0,0
0.43880465088592,12328,1.9312,0,0
0.43880431621847,12329,1.9316,0,0
0.43880398167609,12330,1.932,0,0
0.43880364725878,12331,1.9324,0,0
0.43880331296654,12332,1.9328,0,0
0.43880297879937,12333,1.9332,0,0
0.43880264475728,12334,1.9336,0,0
0.43880231084026,12335,1.934,0,0
0.43880197704831,12336,1.9344,0,0
0.43880164338143,12337,1.9348,0,0
0.43880130983963,12338,1.9352,0,0
0.4388009764229,12339,1.9356,0,0
0.43880064313124,12340,1.936,0,0
0.43880030996466,12341,1.9364,0,0
0.43879997692315,12342,1.9368,0,0
0.43879964400672,12343,1.9372,0,0
0.43879931121536,12344,1.9376,0,0
0.43879897854907,12345,1.938,0,0
0.43879864600786,12346,1.9384,0,0
0.43879831359172,12347,1.9388,0,0
0.43879798130066,12348,1.9392,0,0
0.43879764913468,12349,1.9396,0,0
0.43879731709377,12350,1.94,0,0
0.43879698517793,12351,1.9404,0,0
0.43879665338717,12352,1.9408,0,0
0.43879632172149,12353,1.9412,0,0
0.43879599018089,12354,1.9416,0,0
0.43879565876536,12355,1.942,0,0
0.43879532747491,12356,1.9424,0,0
0.43879499630954,12357,1.9428,0,0
0.43879466526924,12358,1.9432,0,0
0.43879433435402,12359,1.9436,0,0
0.43879400356388,12360,1.944,0,0
0.43879367289882,12361,1.9444,0,0
0.43879334235883,12362,1.9448,0,0
0.43879301194393,12363,1.9452,0,0
0.4387926816541,12364,1.9456,0,0
0.43879235148935,12365,1.946,0,0
0.43879202144968,12366,1.9464,0,0
0.4387916915351,12367,1.9468,0,0
0.43879136174559,12368,1.9472,0,0
0.43879103208116,12369,1.9476,0,0
0.43879070254181,12370,1.948,0,0
0.43879037312754,12371,1.9484,0,0
0.43879004383835,12372,1.9488,0,0
0.43878971467424,12373,1.9492,0,0
0.43878938563522,12374,1.9496,0,0
0.43878905672127,12375,1.95,0,0
0.43878872793241,12376,1.9504,0,0
0.43878839926863,12377,1.9508,0,0
0.43878807072993,12378,1.9512,0,0
0.43878774231631,12379,1.9516,0,0
0.43878741402777,12380,1.952,0,0
0.43878708586432,12381,1.9524,0,0
0.43878675782595,12382,1.9528,0,0
0.43878642991266,12383,1.9532,0,0
0.43878610212446,12384,1.9536,0,0
0.43878577446134,12385,1.954,0,0
0.43878544692331,12386,1.9544,0,0
0.43878511951035,12387,1.9548,0,0
0.43878479222248,12388,1.9552,0,0
0.4387844650597,12389,1.9556,0,0
0.438784138022,12390,1.956,0,0
0.43878381110939,12391,1.9564,0,0
0.43878348432186,12392,1.9568,0,0
0.43878315765941,12393,1.9572,0,0
0.43878283112206,12394,1.9576,0,0
0.43878250470978,12395,1.958,0,0
0.4387821784226,12396,1.9584,0,0
0.4387818522605,12397,1.9588,0,0
0.43878152622348,12398,1.9592,0,0
0.43878120031155,12399,1.9596,0,0
0.43878087452471,12400,1.96,0,0
0.43878054886296,12401,1.9604,0,0
0.43878022332629,12402,1.9608,0,0
0.43877989791472,12403,1.9612,0,0
0.43877957262822,12404,1.9616,0,0
0.43877924746682,12405,1.962,0,0
0.43877892243051,12406,1.9624,0,0
0.43877859751928,12407,1.9628,0,0
0.43877827273314,12408,1.9632,0,0
0.43877794807209,12409,1.9636,0,0
0.43877762353613,12410,1.964,0,0
0.43877729912526,12411,1.9644,0,0
0.43877697483948,12412,1.9648,0,0
0.43877665067879,12413,1.9652,0,0
0.43877632664318,12414,1.9656,0,0
0.43877600273267,12415,1.966,0,0
0.43877567894725,12416,1.9664,0,0
0.43877535528692,12417,1.9668,0,0
0.43877503175168,12418,1.9672,0,0
0.43877470834153,12419,1.9676,0,0
0.43877438505647,12420,1.968,0,0
0.43877406189651,12421,1.9684,0,0
0.43877373886163,12422,1.9688,0,0
0.43877341595185,12423,1.9692,0,0
0.43877309316716,12424,1.9696,0,0
0.43877277050756,12425,1.97,0,0
0.43877244797305,12426,1.9704,0,0
0.43877212556364,12427,1.9708,0,0
0.43877180327932,12428,1.9712,0,0
0.43877148112009,12429,1.9716,0,0
0.43877115908596,12430,1.972,0,0
0.43877083717692,12431,1.9724,0,0
0.43877051539297,12432,1.9728,0,0
0.43877019373412,12433,1.9732,0,0
0.43876987220036,12434,1.9736,0,0
0.4387695507917,12435,1.974,0,0
0.43876922950813,12436,1.9744,0,0
0.43876890834966,12437,1.9748,0,0
0.43876858731628,12438,1.9752,0,0
0.438768266408,12439,1.9756,0,0
0.43876794562481,12440,1.976,0,0
0.43876762496672,12441,1.9764,0,0
0.43876730443372,12442,1.9768,0,0
0.43876698402582,12443,1.9772,0,0
0.43876666374302,12444,1.9776,0,0
0.43876634358532,12445,1.978,0,0
0.43876602355271,12446,1.9784,0,0
0.43876570364519,12447,1.9788,0,0
0.43876538386278,12448,1.9792,0,0
0.43876506420546,12449,1.9796,0,0
0.43876474467324,12450,1.98,0,0
0.43876442526612,12451,1.9804,0,0
0.4387641059841,12452,1.9808,0,0
0.43876378682717,12453,1.9812,0,0
0.43876346779535,12454,1.9816,0,0
0.43876314888862,12455,1.982,0,0
0.43876283010699,12456,1.9824,0,0
0.43876251145046,12457,1.9828,0,0
0.43876219291903,12458,1.9832,0,0
0.4387618745127,12459,1.9836,0,0
0.43876155623147,12460,1.984,0,0
0.43876123807534,12461,1.9844,0,0
0.43876092004432,12462,1.9848,0,0
0.43876060213839,12463,1.9852,0,0
0.43876028435756,12464,1.9856,0,0
0.43875996670183,12465,1.986,0,0
0.43875964917121,12466,1.9864,0,0
0.43875933176568,12467,1.9868,0,0
0.43875901448526,12468,1.9872,0,0
0.43875869732994,12469,1.9876,0,0
0.43875838029972,12470,1.988,0,0
0.4387580633946,12471,1.9884,0,0
0.43875774661459,12472,1.9888,0,0
0.43875742995968,12473,1.9892,0,0
0.43875711342987,12474,1.9896,0,0
0.43875679702517,12475,1.99,0,0
0.43875648074556,12476,1.9904,0,0
0.43875616459107,12477,1.9908,0,0
0.43875584856167,12478,1.9912,0,0
0.43875553265738,12479,1.9916,0,0
0.43875521687819,12480,1.992,0,0
0.43875490122411,12481,1.9924,0,0
0.43875458569514,12482,1.9928,0,0
0.43875427029126,12483,1.9932,0,0
0.4387539550125,12484,1.9936,0,0
0.43875363985884,12485,1.994,0,0
0.43875332483028,12486,1.9944,0,0
0.43875300992683,12487,1.9948,0,0
0.43875269514848,12488,1.9952,0,0
0.43875238049525,12489,1.9956,0,0
0.43875206596711,12490,1.996,0,0
0.43875175156409,12491,1.9964,0,0
0.43875143728617,12492,1.9968,0,0
0.43875112313336,12493,1.9972,0,0
0.43875080910566,12494,1.9976,0,0
0.43875049520306,12495,1.998,0,0
0.43875018142557,12496,1.9984,0,0
0.43874986777319,12497,1.9988,0,0
0.43874955424591,12498,1.9992,0,0
0.43874924084375,12499,1.9996,0,0
0.43874892756669,12500,2,0,0
0.43874861441474,12501,2.0004,0,0
0.43874830138791,12502,2.0008,0,0
0.43874798848618,12503,2.0012,0,0
0.43874767570956,12504,2.0016,0,0
0.43874736305805,12505,2.002,0,0
0.43874705053164,12506,2.0024,0,0
0.43874673813035,12507,2.0028,0,0
0.43874642585417,12508,2.0032,0,0
0.4387461137031,12509,2.0036,0,0
0.43874580167714,12510,2.004,0,0
0.43874548977629,12511,2.0044,0,0
0.43874517800055,12512,2.0048,0,0
0.43874486634993,12513,2.0052,0,0
0.43874455482441,12514,2.0056,0,0
0.43874424342401,12515,2.006,0,0
0.43874393214872,12516,2.0064,0,0
0.43874362099854,12517,2.0068,0,0
0.43874330997347,12518,2.0072,0,0
0.43874299907352,12519,2.0076,0,0
0.43874268829867,12520,2.008,0,0
0.43874237764894,12521,2.0084,0,0
0.43874206712433,12522,2.0088,0,0
0.43874175672483,12523,2.0092,0,0
0.43874144645044,12524,2.0096,0,0
0.43874113630116,12525,2.01,0,0
0.438740826277,12526,2.0104,0,0
0.43874051637795,12527,2.0108,0,0
0.43874020660402,12528,2.0112,0,0
0.4387398969552,12529,2.0116,0,0
0.4387395874315,12530,2.012,0,0
0.43873927803291,12531,2.0124,0,0
0.43873896875944,12532,2.0128,0,0
0.43873865961108,12533,2.0132,0,0
0.43873835058784,12534,2.0136,0,0
0.43873804168971,12535,2.014,0,0
0.4387377329167,12536,2.0144,0,0
0.43873742426881,12537,2.0148,0,0
0.43873711574603,12538,2.0152,0,0
0.43873680734837,12539,2.0156,0,0
0.43873649907583,12540,2.016,0,0
0.4387361909284,12541,2.0164,0,0
0.43873588290609,12542,2.0168,0,0
0.4387355750089,12543,2.0172,0,0
0.43873526723683,12544,2.0176,0,0
0.43873495958987,12545,2.018,0,0
0.43873465206804,12546,2.0184,0,0
0.43873434467132,12547,2.0188,0,0
0.43873403739972,12548,2.0192,0,0
0.43873373025323,12549,2.0196,0,0
0.43873342323187,12550,2.02,0,0
0.43873311633563,12551,2.0204,0,0
0.4387328095645,12552,2.0208,0,0
0.4387325029185,12553,2.0212,0,0
0.43873219639762,12554,2.0216,0,0
0.43873189000185,12555,2.022,0,0
0.43873158373121,12556,2.0224,0,0
0.43873127758568,12557,2.0228,0,0
0.43873097156528,12558,2.0232,0,0
0.43873066567,12559,2.0236,0,0
0.43873035989984,12560,2.024,0,0
0.4387300542548,12561,2.0244,0,0
0.43872974873488,12562,2.0248,0,0
0.43872944334008,12563,2.0252,0,0
0.43872913807041,12564,2.0256,0,0
0.43872883292585,12565,2.026,0,0
0.43872852790642,12566,2.0264,0,0
0.43872822301212,12567,2.0268,0,0
0.43872791824293,12568,2.0272,0,0
0.43872761359887,12569,2.0276,0,0
0.43872730907993,12570,2.028,0,0
0.43872700468612,12571,2.0284,0,0
0.43872670041742,12572,2.0288,0,0
0.43872639627386,12573,2.0292,0,0
0.43872609225541,12574,2.0296,0,0
0.43872578836209,12575,2.03,0,0
0.4387254845939,12576,2.0304,0,0
0.43872518095083,12577,2.0308,0,0
0.43872487743288,12578,2.0312,0,0
0.43872457404006,12579,2.0316,0,0
0.43872427077236,12580,2.032,0,0
0.43872396762979,12581,2.0324,0,0
0.43872366461235,12582,2.0328,0,0
0.43872336172003,12583,2.0332,0,0
0.43872305895284,12584,2.0336,0,0
0.43872275631077,12585,2.034,0,0
0.43872245379383,12586,2.0344,0,0
0.43872215140202,12587,2.0348,0,0
0.43872184913533,12588,2.0352,0,0
0.43872154699377,12589,2.0356,0,0
0.43872124497734,12590,2.036,0,0
0.43872094308603,12591,2.0364,0,0
0.43872064131985,12592,2.0368,0,0
0.43872033967881,12593,2.0372,0,0
0.43872003816288,12594,2.0376,0,0
0.43871973677209,12595,2.038,0,0
0.43871943550643,12596,2.0384,0,0
0.43871913436589,12597,2.0388,0,0
0.43871883335048,12598,2.0392,0,0
0.43871853246021,12599,2.0396,0,0
0.43871823169506,12600,2.04,0,0
0.43871793105504,12601,2.0404,0,0
0.43871763054015,12602,2.0408,0,0
0.43871733015039,12603,2.0412,0,0
0.43871702988576,12604,2.0416,0,0
0.43871672974626,12605,2.042,0,0
0.4387164297319,12606,2.0424,0,0
0.43871612984266,12607,2.0428,0,0
0.43871583007855,12608,2.0432,0,0
0.43871553043958,12609,2.0436,0,0
0.43871523092573,12610,2.044,0,0
0.43871493153702,12611,2.0444,0,0
0.43871463227344,12612,2.0448,0,0
0.43871433313499,12613,2.0452,0,0
0.43871403412167,12614,2.0456,0,0
0.43871373523349,12615,2.046,0,0
0.43871343647044,12616,2.0464,0,0
0.43871313783252,12617,2.0468,0,0
0.43871283931973,12618,2.0472,0,0
0.43871254093208,12619,2.0476,0,0
0.43871224266956,12620,2.048,0,0
0.43871194453218,12621,2.0484,0,0
0.43871164651992,12622,2.0488,0,0
0.43871134863281,12623,2.0492,0,0
0.43871105087082,12624,2.0496,0,0
0.43871075323397,12625,2.05,0,0
0.43871045572226,12626,2.0504,0,0
0.43871015833568,12627,2.0508,0,0
0.43870986107423,12628,2.0512,0,0
0.43870956393792,12629,2.0516,0,0
0.43870926692675,12630,2.052,0,0
0.43870897004071,12631,2.0524,0,0
0.43870867327981,12632,2.0528,0,0
0.43870837664404,12633,2.0532,0,0
0.43870808013341,12634,2.0536,0,0
0.43870778374792,12635,2.054,0,0
0.43870748748756,12636,2.0544,0,0
0.43870719135234,12637,2.0548,0,0
0.43870689534225,12638,2.0552,0,0
0.43870659945731,12639,2.0556,0,0
0.4387063036975,12640,2.056,0,0
0.43870600806283,12641,2.0564,0,0
0.43870571255329,12642,2.0568,0,0
0.4387054171689,12643,2.0572,0,0
0.43870512190964,12644,2.0576,0,0
0.43870482677552,12645,2.058,0,0
0.43870453176654,12646,2.0584,0,0
0.4387042368827,12647,2.0588,0,0
0.43870394212399,12648,2.0592,0,0
0.43870364749043,12649,2.0596,0,0
0.43870335298201,12650,2.06,0,0
0.43870305859872,12651,2.0604,0,0
0.43870276434058,12652,2.0608,0,0
0.43870247020757,12653,2.0612,0,0
0.43870217619971,12654,2.0616,0,0
0.43870188231698,12655,2.062,0,0
0.4387015885594,12656,2.0624,0,0
0.43870129492696,12657,2.0628,0,0
0.43870100141965,12658,2.0632,0,0
0.43870070803749,12659,2.0636,0,0
0.43870041478047,12660,2.064,0,0
0.4387001216486,12661,2.0644,0,0
0.43869982864186,12662,2.0648,0,0
0.43869953576027,12663,2.0652,0,0
0.43869924300382,12664,2.0656,0,0
0.43869895037251,12665,2.066,0,0
0.43869865786634,12666,2.0664,0,0
0.43869836548532,12667,2.0668,0,0
0.43869807322944,12668,2.0672,0,0
0.4386977810987,12669,2.0676,0,0
0.4386974890931,12670,2.068,0,0
0.43869719721265,12671,2.0684,0,0
0.43869690545735,12672,2.0688,0,0
0.43869661382718,12673,2.0692,0,0
0.43869632232217,12674,2.0696,0,0
0.43869603094229,12675,2.07,0,0
0.43869573968756,12676,2.0704,0,0
0.43869544855798,12677,2.0708,0,0
0.43869515755354,12678,2.0712,0,0
0.43869486667424,12679,2.0716,0,0
0.43869457592009,12680,2.072,0,0
0.43869428529109,12681,2.0724,0,0
0.43869399478723,12682,2.0728,0,0
0.43869370440852,12683,2.0732,0,0
0.43869341415495,12684,2.0736,0,0
0.43869312402653,12685,2.074,0,0
0.43869283402326,12686,2.0744,0,0
0.43869254414513,12687,2.0748,0,0
0.43869225439215,12688,2.0752,0,0
0.43869196476432,12689,2.0756,0,0
0.43869167526164,12690,2.076,0,0
0.4386913858841,12691,2.0764,0,0
0.43869109663171,12692,2.0768,0,0
0.43869080750447,12693,2.0772,0,0
0.43869051850237,12694,2.0776,0,0
0.43869022962543,12695,2.078,0,0
0.43868994087363,12696,2.0784,0,0
0.43868965224698,12697,2.0788,0,0
0.43868936374548,12698,2.0792,0,0
0.43868907536913,12699,2.0796,0,0
0.43868878711793,12700,2.08,0,0
0.43868849899188,12701,2.0804,0,0
0.43868821099098,12702,2.0808,0,0
0.43868792311523,12703,2.0812,0,0
0.43868763536463,12704,2.0816,0,0
0.43868734773917,12705,2.082,0,0
0.43868706023887,12706,2.0824,0,0
0.43868677286372,12707,2.0828,0,0
0.43868648561372,12708,2.0832,0,0
0.43868619848887,12709,2.0836,0,0
0.43868591148918,12710,2.084,0,0
0.43868562461463,12711,2.0844,0,0
0.43868533786524,12712,2.0848,0,0
0.43868505124099,12713,2.0852,0,0
0.4386847647419,12714,2.0856,0,0
0.43868447836797,12715,2.086,0,0
0.43868419211918,12716,2.0864,0,0
0.43868390599555,12717,2.0868,0,0
0.43868361999707,12718,2.0872,0,0
0.43868333412374,12719,2.0876,0,0
0.43868304837557,12720,2.088,0,0
0.43868276275255,12721,2.0884,0,0
0.43868247725468,12722,2.0888,0,0
0.43868219188196,12723,2.0892,0,0
0.43868190663441,12724,2.0896,0,0
0.438681621512,12725,2.09,0,0
0.43868133651475,12726,2.0904,0,0
0.43868105164265,12727,2.0908,0,0
0.43868076689571,12728,2.0912,0,0
0.43868048227392,12729,2.0916,0,0
0.43868019777729,12730,2.092,0,0
0.43867991340582,12731,2.0924,0,0
0.4386796291595,12732,2.0928,0,0
0.43867934503833,12733,2.0932,0,0
0.43867906104232,12734,2.0936,0,0
0.43867877717147,12735,2.094,0,0
0.43867849342577,12736,2.0944,0,0
0.43867820980523,12737,2.0948,0,0
0.43867792630985,12738,2.0952,0,0
0.43867764293962,12739,2.0956,0,0
0.43867735969455,12740,2.096,0,0
0.43867707657464,12741,2.0964,0,0
0.43867679357988,12742,2.0968,0,0
0.43867651071028,12743,2.0972,0,0
0.43867622796584,12744,2.0976,0,0
0.43867594534656,12745,2.098,0,0
0.43867566285244,12746,2.0984,0,0
0.43867538048347,12747,2.0988,0,0
0.43867509823967,12748,2.0992,0,0
0.43867481612102,12749,2.0996,0,0
0.43867453412753,12750,2.1,0,0
0.4386742522592,12751,2.1004,0,0
0.43867397051603,12752,2.1008,0,0
0.43867368889802,12753,2.1012,0,0
0.43867340740517,12754,2.1016,0,0
0.43867312603748,12755,2.102,0,0
0.43867284479495,12756,2.1024,0,0
0.43867256367758,12757,2.1028,0,0
0.43867228268536,12758,2.1032,0,0
0.43867200181832,12759,2.1036,0,0
0.43867172107643,12760,2.104,0,0
0.4386714404597,12761,2.1044,0,0
0.43867115996813,12762,2.1048,0,0
0.43867087960173,12763,2.1052,0,0
0.43867059936048,12764,2.1056,0,0
0.4386703192444,12765,2.106,0,0
0.43867003925348,12766,2.1064,0,0
0.43866975938772,12767,2.1068,0,0
0.43866947964713,12768,2.1072,0,0
0.4386692000317,12769,2.1076,0,0
0.43866892054143,12770,2.108,0,0
0.43866864117632,12771,2.1084,0,0
0.43866836193638,12772,2.1088,0,0
0.4386680828216,12773,2.1092,0,0
0.43866780383198,12774,2.1096,0,0
0.43866752496753,12775,2.11,0,0
0.43866724622824,12776,2.1104,0,0
0.43866696761411,12777,2.1108,0,0
0.43866668912515,12778,2.1112,0,0
0.43866641076136,12779,2.1116,0,0
0.43866613252272,12780,2.112,0,0
0.43866585440926,12781,2.1124,0,0
0.43866557642096,12782,2.1128,0,0
0.43866529855782,12783,2.1132,0,0
0.43866502081985,12784,2.1136,0,0
0.43866474320704,12785,2.114,0,0
0.4386644657194,12786,2.1144,0,0
0.43866418835693,12787,2.1148,0,0
0.43866391111962,12788,2.1152,0,0
0.43866363400748,12789,2.1156,0,0
0.43866335702051,12790,2.116,0,0
0.4386630801587,12791,2.1164,0,0
0.43866280342206,12792,2.1168,0,0
0.43866252681058,12793,2.1172,0,0
0.43866225032428,12794,2.1176,0,0
0.43866197396314,12795,2.118,0,0
0.43866169772717,12796,2.1184,0,0
0.43866142161636,12797,2.1188,0,0
0.43866114563073,12798,2.1192,0,0
0.43866086977026,12799,2.1196,0,0
0.43866059403496,12800,2.12,0,0
0.43866031842483,12801,2.1204,0,0
0.43866004293987,12802,2.1208,0,0
0.43865976758008,12803,2.1212,0,0
0.43865949234545,12804,2.1216,0,0
0.438659217236,12805,2.122,0,0
0.43865894225172,12806,2.1224,0,0
0.4386586673926,12807,2.1228,0,0
0.43865839265866,12808,2.1232,0,0
0.43865811804988,12809,2.1236,0,0
0.43865784356628,12810,2.124,0,0
0.43865756920784,12811,2.1244,0,0
0.43865729497458,12812,2.1248,0,0
0.43865702086649,12813,2.1252,0,0
0.43865674688357,12814,2.1256,0,0
0.43865647302582,12815,2.126,0,0
0.43865619929324,12816,2.1264,0,0
0.43865592568583,12817,2.1268,0,0
0.43865565220359,12818,2.1272,0,0
0.43865537884653,12819,2.1276,0,0
0.43865510561464,12820,2.128,0,0
0.43865483250792,12821,2.1284,0,0
0.43865455952637,12822,2.1288,0,0
0.43865428667,12823,2.1292,0,0
0.4386540139388,12824,2.1296,0,0
0.43865374133277,12825,2.13,0,0
0.43865346885192,12826,2.1304,0,0
0.43865319649623,12827,2.1308,0,0
0.43865292426573,12828,2.1312,0,0
0.43865265216039,12829,2.1316,0,0
0.43865238018023,12830,2.132,0,0
0.43865210832525,12831,2.1324,0,0
0.43865183659544,12832,2.1328,0,0
0.4386515649908,12833,2.1332,0,0
0.43865129351134,12834,2.1336,0,0
0.43865102215705,12835,2.134,0,0
0.43865075092794,12836,2.1344,0,0
0.438650479824,12837,2.1348,0,0
0.43865020884524,12838,2.1352,0,0
0.43864993799166,12839,2.1356,0,0
0.43864966726325,12840,2.136,0,0
0.43864939666001,12841,2.1364,0,0
0.43864912618195,12842,2.1368,0,0
0.43864885582907,12843,2.1372,0,0
0.43864858560137,12844,2.1376,0,0
0.43864831549884,12845,2.138,0,0
0.43864804552149,12846,2.1384,0,0
0.43864777566932,12847,2.1388,0,0
0.43864750594232,12848,2.1392,0,0
0.4386472363405,12849,2.1396,0,0
0.43864696686386,12850,2.14,0,0
0.4386466975124,12851,2.1404,0,0
0.43864642828611,12852,2.1408,0,0
0.438646159185,12853,2.1412,0,0
0.43864589020907,12854,2.1416,0,0
0.43864562135832,12855,2.142,0,0
0.43864535263275,12856,2.1424,0,0
0.43864508403236,12857,2.1428,0,0
0.43864481555715,12858,2.1432,0,0
0.43864454720711,12859,2.1436,0,0
0.43864427898226,12860,2.144,0,0
0.43864401088258,12861,2.1444,0,0
0.43864374290809,12862,2.1448,0,0
0.43864347505877,12863,2.1452,0,0
0.43864320733464,12864,2.1456,0,0
0.43864293973568,12865,2.146,0,0
0.43864267226191,12866,2.1464,0,0
0.43864240491331,12867,2.1468,0,0
0.4386421376899,12868,2.1472,0,0
0.43864187059167,12869,2.1476,0,0
0.43864160361862,12870,2.148,0,0
0.43864133677075,12871,2.1484,0,0
0.43864107004807,12872,2.1488,0,0
0.43864080345056,12873,2.1492,0,0
0.43864053697824,12874,2.1496,0,0
0.4386402706311,12875,2.15,0,0
0.43864000440914,12876,2.1504,0,0
0.43863973831236,12877,2.1508,0,0
0.43863947234077,12878,2.1512,0,0
0.43863920649436,12879,2.1516,0,0
0.43863894077313,12880,2.152,0,0
0.43863867517709,12881,2.1524,0,0
0.43863840970623,12882,2.1528,0,0
0.43863814436055,12883,2.1532,0,0
0.43863787914006,12884,2.1536,0,0
0.43863761404475,12885,2.154,0,0
0.43863734907463,12886,2.1544,0,0
0.43863708422969,12887,2.1548,0,0
0.43863681950993,12888,2.1552,0,0
0.43863655491536,12889,2.1556,0,0
0.43863629044597,12890,2.156,0,0
0.43863602610177,12891,2.1564,0,0
0.43863576188276,12892,2.1568,0,0
0.43863549778893,12893,2.1572,0,0
0.43863523382028,12894,2.1576,0,0
0.43863496997682,12895,2.158,0,0
0.43863470625855,12896,2.1584,0,0
0.43863444266546,12897,2.1588,0,0
0.43863417919756,12898,2.1592,0,0
0.43863391585485,12899,2.1596,0,0
0.43863365263732,12900,2.16,0,0
0.43863338954498,12901,2.1604,0,0
0.43863312657783,12902,2.1608,0,0
0.43863286373586,12903,2.1612,0,0
0.43863260101909,12904,2.1616,0,0
0.43863233842749,12905,2.162,0,0
0.43863207596109,12906,2.1624,0,0
0.43863181361988,12907,2.1628,0,0
0.43863155140385,12908,2.1632,0,0
0.43863128931301,12909,2.1636,0,0
0.43863102734736,12910,2.164,0,0
0.4386307655069,12911,2.1644,0,0
0.43863050379163,12912,2.1648,0,0
0.43863024220154,12913,2.1652,0,0
0.43862998073665,12914,2.1656,0,0
0.43862971939694,12915,2.166,0,0
0.43862945818243,12916,2.1664,0,0
0.4386291970931,12917,2.1668,0,0
0.43862893612896,12918,2.1672,0,0
0.43862867529002,12919,2.1676,0,0
0.43862841457626,12920,2.168,0,0
0.4386281539877,12921,2.1684,0,0
0.43862789352432,12922,2.1688,0,0
0.43862763318614,12923,2.1692,0,0
0.43862737297315,12924,2.1696,0,0
0.43862711288534,12925,2.17,0,0
0.43862685292273,12926,2.1704,0,0
0.43862659308531,12927,2.1708,0,0
0.43862633337309,12928,2.1712,0,0
0.43862607378605,12929,2.1716,0,0
0.43862581432421,12930,2.172,0,0
0.43862555498756,12931,2.1724,0,0
0.4386252957761,12932,2.1728,0,0
0.43862503668983,12933,2.1732,0,0
0.43862477772876,12934,2.1736,0,0
0.43862451889288,12935,2.174,0,0
0.43862426018219,12936,2.1744,0,0
0.43862400159669,12937,2.1748,0,0
0.43862374313639,12938,2.1752,0,0
0.43862348480128,12939,2.1756,0,0
0.43862322659137,12940,2.176,0,0
0.43862296850665,12941,2.1764,0,0
0.43862271054712,12942,2.1768,0,0
0.43862245271279,12943,2.1772,0,0
0.43862219500366,12944,2.1776,0,0
0.43862193741971,12945,2.178,0,0
0.43862167996097,12946,2.1784,0,0
0.43862142262741,12947,2.1788,0,0
0.43862116541906,12948,2.1792,0,0
0.4386209083359,12949,2.1796,0,0
0.43862065137793,12950,2.18,0,0
0.43862039454516,12951,2.1804,0,0
0.43862013783758,12952,2.1808,0,0
0.4386198812552,12953,2.1812,0,0
0.43861962479802,12954,2.1816,0,0
0.43861936846603,12955,2.182,0,0
0.43861911225925,12956,2.1824,0,0
0.43861885617765,12957,2.1828,0,0
0.43861860022126,12958,2.1832,0,0
0.43861834439006,12959,2.1836,0,0
0.43861808868406,12960,2.184,0,0
0.43861783310325,12961,2.1844,0,0
0.43861757764764,12962,2.1848,0,0
0.43861732231724,12963,2.1852,0,0
0.43861706711202,12964,2.1856,0,0
0.43861681203201,12965,2.186,0,0
0.4386165570772,12966,2.1864,0,0
0.43861630224758,12967,2.1868,0,0
0.43861604754316,12968,2.1872,0,0
0.43861579296394,12969,2.1876,0,0
0.43861553850993,12970,2.188,0,0
0.4386152841811,12971,2.1884,0,0
0.43861502997748,12972,2.1888,0,0
0.43861477589906,12973,2.1892,0,0
0.43861452194584,12974,2.1896,0,0
0.43861426811782,12975,2.19,0,0
0.438614014415,12976,2.1904,0,0
0.43861376083737,12977,2.1908,0,0
0.43861350738495,12978,2.1912,0,0
0.43861325405773,12979,2.1916,0,0
0.43861300085571,12980,2.192,0,0
0.43861274777889,12981,2.1924,0,0
0.43861249482727,12982,2.1928,0,0
0.43861224200086,12983,2.1932,0,0
0.43861198929964,12984,2.1936,0,0
0.43861173672363,12985,2.194,0,0
0.43861148427281,12986,2.1944,0,0
0.4386112319472,12987,2.1948,0,0
0.43861097974679,12988,2.1952,0,0
0.43861072767159,12989,2.1956,0,0
0.43861047572158,12990,2.196,0,0
0.43861022389678,12991,2.1964,0,0
0.43860997219718,12992,2.1968,0,0
0.43860972062279,12993,2.1972,0,0
0.4386094691736,12994,2.1976,0,0
0.43860921784961,12995,2.198,0,0
0.43860896665082,12996,2.1984,0,0
0.43860871557724,12997,2.1988,0,0
0.43860846462886,12998,2.1992,0,0
0.43860821380569,12999,2.1996,0,0
0.43860796310772,13000,2.2,0,0
0.43860771253495,13001,2.2004,0,0
0.43860746208739,13002,2.2008,0,0
0.43860721176503,13003,2.2012,0,0
0.43860696156788,13004,2.2016,0,0
0.43860671149593,13005,2.202,0,0
0.43860646154919,13006,2.2024,0,0
0.43860621172766,13007,2.2028,0,0
0.43860596203132,13008,2.2032,0,0
0.4386057124602,13009,2.2036,0,0
0.43860546301428,13010,2.204,0,0
0.43860521369357,13011,2.2044,0,0
0.43860496449806,13012,2.2048,0,0
0.43860471542776,13013,2.2052,0,0
0.43860446648266,13014,2.2056,0,0
0.43860421766277,13015,2.206,0,0
0.43860396896809,13016,2.2064,0,0
0.43860372039862,13017,2.2068,0,0
0.43860347195435,13018,2.2072,0,0
0.43860322363529,13019,2.2076,0,0
0.43860297544144,13020,2.208,0,0
0.4386027273728,13021,2.2084,0,0
0.43860247942936,13022,2.2088,0,0
0.43860223161113,13023,2.2092,0,0
0.43860198391811,13024,2.2096,0,0
0.4386017363503,13025,2.21,0,0
0.4386014889077,13026,2.2104,0,0
0.4386012415903,13027,2.2108,0,0
0.43860099439812,13028,2.2112,0,0
0.43860074733114,13029,2.2116,0,0
0.43860050038937,13030,2.212,0,0
0.43860025357281,13031,2.2124,0,0
0.43860000688146,13032,2.2128,0,0
0.43859976031532,13033,2.2132,0,0
0.43859951387439,13034,2.2136,0,0
0.43859926755868,13035,2.214,0,0
0.43859902136817,13036,2.2144,0,0
0.43859877530287,13037,2.2148,0,0
0.43859852936278,13038,2.2152,0,0
0.4385982835479,13039,2.2156,0,0
0.43859803785824,13040,2.216,0,0
0.43859779229378,13041,2.2164,0,0
0.43859754685454,13042,2.2168,0,0
0.4385973015405,13043,2.2172,0,0
0.43859705635168,13044,2.2176,0,0
0.43859681128807,13045,2.218,0,0
0.43859656634967,13046,2.2184,0,0
0.43859632153649,13047,2.2188,0,0
0.43859607684851,13048,2.2192,0,0
0.43859583228575,13049,2.2196,0,0
0.4385955878482,13050,2.22,0,0
0.43859534353587,13051,2.2204,0,0
0.43859509934874,13052,2.2208,0,0
0.43859485528683,13053,2.2212,0,0
0.43859461135014,13054,2.2216,0,0
0.43859436753865,13055,2.222,0,0
0.43859412385238,13056,2.2224,0,0
0.43859388029133,13057,2.2228,0,0
0.43859363685548,13058,2.2232,0,0
0.43859339354485,13059,2.2236,0,0
0.43859315035944,13060,2.224,0,0
0.43859290729924,13061,2.2244,0,0
0.43859266436425,13062,2.2248,0,0
0.43859242155448,13063,2.2252,0,0
0.43859217886993,13064,2.2256,0,0
0.43859193631059,13065,2.226,0,0
0.43859169387646,13066,2.2264,0,0
0.43859145156755,13067,2.2268,0,0
0.43859120938385,13068,2.2272,0,0
0.43859096732537,13069,2.2276,0,0
0.43859072539211,13070,2.228,0,0
0.43859048358406,13071,2.2284,0,0
0.43859024190123,13072,2.2288,0,0
0.43859000034362,13073,2.2292,0,0
0.43858975891122,13074,2.2296,0,0
0.43858951760404,13075,2.23,0,0
0.43858927642207,13076,2.2304,0,0
0.43858903536532,13077,2.2308,0,0
0.43858879443379,13078,2.2312,0,0
0.43858855362748,13079,2.2316,0,0
0.43858831294638,13080,2.232,0,0
0.4385880723905,13081,2.2324,0,0
0.43858783195984,13082,2.2328,0,0
0.4385875916544,13083,2.2332,0,0
0.43858735147417,13084,2.2336,0,0
0.43858711141917,13085,2.234,0,0
0.43858687148938,13086,2.2344,0,0
0.43858663168481,13087,2.2348,0,0
0.43858639200546,13088,2.2352,0,0
0.43858615245133,13089,2.2356,0,0
0.43858591302241,13090,2.236,0,0
0.43858567371872,13091,2.2364,0,0
0.43858543454024,13092,2.2368,0,0
0.43858519548699,13093,2.2372,0,0
0.43858495655896,13094,2.2376,0,0
0.43858471775614,13095,2.238,0,0
0.43858447907855,13096,2.2384,0,0
0.43858424052617,13097,2.2388,0,0
0.43858400209902,13098,2.2392,0,0
0.43858376379708,13099,2.2396,0,0
0.43858352562037,13100,2.24,0,0
0.43858328756888,13101,2.2404,0,0
0.43858304964261,13102,2.2408,0,0
0.43858281184156,13103,2.2412,0,0
0.43858257416573,13104,2.2416,0,0
0.43858233661512,13105,2.242,0,0
0.43858209918973,13106,2.2424,0,0
0.43858186188957,13107,2.2428,0,0
0.43858162471463,13108,2.2432,0,0
0.43858138766491,13109,2.2436,0,0
0.43858115074041,13110,2.244,0,0
0.43858091394114,13111,2.2444,0,0
0.43858067726709,13112,2.2448,0,0
0.43858044071826,13113,2.2452,0,0
0.43858020429465,13114,2.2456,0,0
0.43857996799627,13115,2.246,0,0
0.43857973182311,13116,2.2464,0,0
0.43857949577517,13117,2.2468,0,0
0.43857925985246,13118,2.2472,0,0
0.43857902405497,13119,2.2476,0,0
0.43857878838271,13120,2.248,0,0
0.43857855283566,13121,2.2484,0,0
0.43857831741385,13122,2.2488,0,0
0.43857808211726,13123,2.2492,0,0
0.43857784694589,13124,2.2496,0,0
0.43857761189974,13125,2.25,0,0
0.43857737697883,13126,2.2504,0,0
0.43857714218313,13127,2.2508,0,0
0.43857690751267,13128,2.2512,0,0
0.43857667296742,13129,2.2516,0,0
0.43857643854741,13130,2.252,0,0
0.43857620425261,13131,2.2524,0,0
0.43857597008305,13132,2.2528,0,0
0.43857573603871,13133,2.2532,0,0
0.4385755021196,13134,2.2536,0,0
0.43857526832571,13135,2.254,0,0
0.43857503465705,13136,2.2544,0,0
0.43857480111361,13137,2.2548,0,0
0.43857456769541,13138,2.2552,0,0
0.43857433440243,13139,2.2556,0,0
0.43857410123467,13140,2.256,0,0
0.43857386819215,13141,2.2564,0,0
0.43857363527485,13142,2.2568,0,0
0.43857340248278,13143,2.2572,0,0
0.43857316981594,13144,2.2576,0,0
0.43857293727432,13145,2.258,0,0
0.43857270485793,13146,2.2584,0,0
0.43857247256677,13147,2.2588,0,0
0.43857224040084,13148,2.2592,0,0
0.43857200836014,13149,2.2596,0,0
0.43857177644467,13150,2.26,0,0
0.43857154465442,13151,2.2604,0,0
0.43857131298941,13152,2.2608,0,0
0.43857108144962,13153,2.2612,0,0
0.43857085003506,13154,2.2616,0,0
0.43857061874574,13155,2.262,0,0
0.43857038758164,13156,2.2624,0,0
0.43857015654277,13157,2.2628,0,0
0.43856992562913,13158,2.2632,0,0
0.43856969484072,13159,2.2636,0,0
0.43856946417755,13160,2.264,0,0
0.4385692336396,13161,2.2644,0,0
0.43856900322688,13162,2.2648,0,0
0.4385687729394,13163,2.2652,0,0
0.43856854277714,13164,2.2656,0,0
0.43856831274012,13165,2.266,0,0
0.43856808282832,13166,2.2664,0,0
0.43856785304176,13167,2.2668,0,0
0.43856762338043,13168,2.2672,0,0
0.43856739384433,13169,2.2676,0,0
0.43856716443347,13170,2.268,0,0
0.43856693514783,13171,2.2684,0,0
0.43856670598743,13172,2.2688,0,0
0.43856647695226,13173,2.2692,0,0
0.43856624804232,13174,2.2696,0,0
0.43856601925761,13175,2.27,0,0
0.43856579059814,13176,2.2704,0,0
0.4385655620639,13177,2.2708,0,0
0.4385653336549,13178,2.2712,0,0
0.43856510537112,13179,2.2716,0,0
0.43856487721258,13180,2.272,0,0
0.43856464917928,13181,2.2724,0,0
0.4385644212712,13182,2.2728,0,0
0.43856419348836,13183,2.2732,0,0
0.43856396583076,13184,2.2736,0,0
0.43856373829839,13185,2.274,0,0
0.43856351089125,13186,2.2744,0,0
0.43856328360935,13187,2.2748,0,0
0.43856305645268,13188,2.2752,0,0
0.43856282942125,13189,2.2756,0,0
0.43856260251505,13190,2.276,0,0
0.43856237573409,13191,2.2764,0,0
0.43856214907836,13192,2.2768,0,0
0.43856192254787,13193,2.2772,0,0
0.43856169614261,13194,2.2776,0,0
0.43856146986259,13195,2.278,0,0
0.4385612437078,13196,2.2784,0,0
0.43856101767825,13197,2.2788,0,0
0.43856079177394,13198,2.2792,0,0
0.43856056599486,13199,2.2796,0,0
0.43856034034102,13200,2.28,0,0
0.43856011481242,13201,2.2804,0,0
0.43855988940905,13202,2.2808,0,0
0.43855966413092,13203,2.2812,0,0
0.43855943897803,13204,2.2816,0,0
0.43855921395037,13205,2.282,0,0
0.43855898904796,13206,2.2824,0,0
0.43855876427077,13207,2.2828,0,0
0.43855853961883,13208,2.2832,0,0
0.43855831509213,13209,2.2836,0,0
0.43855809069066,13210,2.284,0,0
0.43855786641443,13211,2.2844,0,0
0.43855764226344,13212,2.2848,0,0
0.43855741823769,13213,2.2852,0,0
0.43855719433717,13214,2.2856,0,0
0.4385569705619,13215,2.286,0,0
0.43855674691186,13216,2.2864,0,0
0.43855652338706,13217,2.2868,0,0
0.4385562999875,13218,2.2872,0,0
0.43855607671318,13219,2.2876,0,0
0.4385558535641,13220,2.288,0,0
0.43855563054026,13221,2.2884,0,0
0.43855540764166,13222,2.2888,0,0
0.4385551848683,13223,2.2892,0,0
0.43855496222018,13224,2.2896,0,0
0.4385547396973,13225,2.29,0,0
0.43855451729967,13226,2.2904,0,0
0.43855429502727,13227,2.2908,0,0
0.43855407288011,13228,2.2912,0,0
0.43855385085819,13229,2.2916,0,0
0.43855362896152,13230,2.292,0,0
0.43855340719008,13231,2.2924,0,0
0.43855318554389,13232,2.2928,0,0
0.43855296402293,13233,2.2932,0,0
0.43855274262722,13234,2.2936,0,0
0.43855252135675,13235,2.294,0,0
0.43855230021153,13236,2.2944,0,0
0.43855207919154,13237,2.2948,0,0
0.4385518582968,13238,2.2952,0,0
0.4385516375273,13239,2.2956,0,0
0.43855141688304,13240,2.296,0,0
0.43855119636402,13241,2.2964,0,0
0.43855097597025,13242,2.2968,0,0
0.43855075570172,13243,2.2972,0,0
0.43855053555844,13244,2.2976,0,0
0.43855031554039,13245,2.298,0,0
0.43855009564759,13246,2.2984,0,0
0.43854987588004,13247,2.2988,0,0
0.43854965623772,13248,2.2992,0,0
0.43854943672066,13249,2.2996,0,0
0.43854921732883,13250,2.3,0,0
0.43854899806225,13251,2.3004,0,0
0.43854877892091,13252,2.3008,0,0
0.43854855990482,13253,2.3012,0,0
0.43854834101397,13254,2.3016,0,0
0.43854812224837,13255,2.302,0,0
0.43854790360801,13256,2.3024,0,0
0.4385476850929,13257,2.3028,0,0
0.43854746670303,13258,2.3032,0,0
0.43854724843841,13259,2.3036,0,0
0.43854703029904,13260,2.304,0,0
0.4385468122849,13261,2.3044,0,0
0.43854659439602,13262,2.3048,0,0
0.43854637663238,13263,2.3052,0,0
0.43854615899399,13264,2.3056,0,0
0.43854594148084,13265,2.306,0,0
0.43854572409294,13266,2.3064,0,0
0.43854550683028,13267,2.3068,0,0
0.43854528969288,13268,2.3072,0,0
0.43854507268072,13269,2.3076,0,0
0.4385448557938,13270,2.308,0,0
0.43854463903214,13271,2.3084,0,0
0.43854442239572,13272,2.3088,0,0
0.43854420588454,13273,2.3092,0,0
0.43854398949862,13274,2.3096,0,0
0.43854377323794,13275,2.31,0,0
0.43854355710251,13276,2.3104,0,0
0.43854334109233,13277,2.3108,0,0
0.4385431252074,13278,2.3112,0,0
0.43854290944772,13279,2.3116,0,0
0.43854269381328,13280,2.312,0,0
0.43854247830409,13281,2.3124,0,0
0.43854226292015,13282,2.3128,0,0
0.43854204766146,13283,2.3132,0,0
0.43854183252802,13284,2.3136,0,0
0.43854161751983,13285,2.314,0,0
0.43854140263689,13286,2.3144,0,0
0.43854118787919,13287,2.3148,0,0
0.43854097324675,13288,2.3152,0,0
0.43854075873956,13289,2.3156,0,0
0.43854054435761,13290,2.316,0,0
0.43854033010092,13291,2.3164,0,0
0.43854011596948,13292,2.3168,0,0
0.43853990196328,13293,2.3172,0,0
0.43853968808234,13294,2.3176,0,0
0.43853947432665,13295,2.318,0,0
0.43853926069621,13296,2.3184,0,0
0.43853904719101,13297,2.3188,0,0
0.43853883381108,13298,2.3192,0,0
0.43853862055639,13299,2.3196,0,0
0.43853840742695,13300,2.32,0,0
0.43853819442276,13301,2.3204,0,0
0.43853798154383,13302,2.3208,0,0
0.43853776879015,13303,2.3212,0,0
0.43853755616172,13304,2.3216,0,0
0.43853734365854,13305,2.322,0,0
0.43853713128061,13306,2.3224,0,0
0.43853691902794,13307,2.3228,0,0
0.43853670690052,13308,2.3232,0,0
0.43853649489835,13309,2.3236,0,0
0.43853628302143,13310,2.324,0,0
0.43853607126977,13311,2.3244,0,0
0.43853585964336,13312,2.3248,0,0
0.4385356481422,13313,2.3252,0,0
0.4385354367663,13314,2.3256,0,0
0.43853522551565,13315,2.326,0,0
0.43853501439025,13316,2.3264,0,0
0.43853480339011,13317,2.3268,0,0
0.43853459251522,13318,2.3272,0,0
0.43853438176559,13319,2.3276,0,0
0.43853417114121,13320,2.328,0,0
0.43853396064208,13321,2.3284,0,0
0.43853375026821,13322,2.3288,0,0
0.4385335400196,13323,2.3292,0,0
0.43853332989623,13324,2.3296,0,0
0.43853311989813,13325,2.33,0,0
0.43853291002527,13326,2.3304,0,0
0.43853270027768,13327,2.3308,0,0
0.43853249065534,13328,2.3312,0,0
0.43853228115825,13329,2.3316,0,0
0.43853207178642,13330,2.332,0,0
0.43853186253985,13331,2.3324,0,0
0.43853165341853,13332,2.3328,0,0
0.43853144442246,13333,2.3332,0,0
0.43853123555166,13334,2.3336,0,0
0.43853102680611,13335,2.334,0,0
0.43853081818581,13336,2.3344,0,0
0.43853060969078,13337,2.3348,0,0
0.438530401321,13338,2.3352,0,0
0.43853019307647,13339,2.3356,0,0
0.43852998495721,13340,2.336,0,0
0.4385297769632,13341,2.3364,0,0
0.43852956909445,13342,2.3368,0,0
0.43852936135095,13343,2.3372,0,0
0.43852915373272,13344,2.3376,0,0
0.43852894623974,13345,2.338,0,0
0.43852873887202,13346,2.3384,0,0
0.43852853162955,13347,2.3388,0,0
0.43852832451235,13348,2.3392,0,0
0.4385281175204,13349,2.3396,0,0
0.43852791065371,13350,2.34,0,0
0.43852770391228,13351,2.3404,0,0
0.43852749729611,13352,2.3408,0,0
0.4385272908052,13353,2.3412,0,0
0.43852708443955,13354,2.3416,0,0
0.43852687819916,13355,2.342,0,0
0.43852667208402,13356,2.3424,0,0
0.43852646609415,13357,2.3428,0,0
0.43852626022953,13358,2.3432,0,0
0.43852605449018,13359,2.3436,0,0
0.43852584887608,13360,2.344,0,0
0.43852564338724,13361,2.3444,0,0
0.43852543802367,13362,2.3448,0,0
0.43852523278535,13363,2.3452,0,0
0.4385250276723,13364,2.3456,0,0
0.4385248226845,13365,2.346,0,0
0.43852461782197,13366,2.3464,0,0
0.4385244130847,13367,2.3468,0,0
0.43852420847269,13368,2.3472,0,0
0.43852400398594,13369,2.3476,0,0
0.43852379962445,13370,2.348,0,0
0.43852359538822,13371,2.3484,0,0
0.43852339127725,13372,2.3488,0,0
0.43852318729155,13373,2.3492,0,0
0.4385229834311,13374,2.3496,0,0
0.43852277969592,13375,2.35,0,0
0.438522576086,13376,2.3504,0,0
0.43852237260135,13377,2.3508,0,0
0.43852216924195,13378,2.3512,0,0
0.43852196600782,13379,2.3516,0,0
0.43852176289895,13380,2.352,0,0
0.43852155991534,13381,2.3524,0,0
0.438521357057,13382,2.3528,0,0
0.43852115432392,13383,2.3532,0,0
0.4385209517161,13384,2.3536,0,0
0.43852074923355,13385,2.354,0,0
0.43852054687626,13386,2.3544,0,0
0.43852034464423,13387,2.3548,0,0
0.43852014253747,13388,2.3552,0,0
0.43851994055597,13389,2.3556,0,0
0.43851973869973,13390,2.356,0,0
0.43851953696876,13391,2.3564,0,0
0.43851933536305,13392,2.3568,0,0
0.43851913388261,13393,2.3572,0,0
0.43851893252743,13394,2.3576,0,0
0.43851873129752,13395,2.358,0,0
0.43851853019287,13396,2.3584,0,0
0.43851832921349,13397,2.3588,0,0
0.43851812835937,13398,2.3592,0,0
0.43851792763052,13399,2.3596,0,0
0.43851772702693,13400,2.36,0,0
0.4385175265486,13401,2.3604,0,0
0.43851732619555,13402,2.3608,0,0
0.43851712596776,13403,2.3612,0,0
0.43851692586523,13404,2.3616,0,0
0.43851672588797,13405,2.362,0,0
0.43851652603598,13406,2.3624,0,0
0.43851632630925,13407,2.3628,0,0
0.43851612670779,13408,2.3632,0,0
0.4385159272316,13409,2.3636,0,0
0.43851572788067,13410,2.364,0,0
0.43851552865501,13411,2.3644,0,0
0.43851532955462,13412,2.3648,0,0
0.43851513057949,13413,2.3652,0,0
0.43851493172964,13414,2.3656,0,0
0.43851473300504,13415,2.366,0,0
0.43851453440572,13416,2.3664,0,0
0.43851433593166,13417,2.3668,0,0
0.43851413758288,13418,2.3672,0,0
0.43851393935936,13419,2.3676,0,0
0.4385137412611,13420,2.368,0,0
0.43851354328812,13421,2.3684,0,0
0.43851334544041,13422,2.3688,0,0
0.43851314771796,13423,2.3692,0,0
0.43851295012078,13424,2.3696,0,0
0.43851275264887,13425,2.37,0,0
0.43851255530223,13426,2.3704,0,0
0.43851235808086,13427,2.3708,0,0
0.43851216098475,13428,2.3712,0,0
0.43851196401392,13429,2.3716,0,0
0.43851176716836,13430,2.372,0,0
0.43851157044806,13431,2.3724,0,0
0.43851137385304,13432,2.3728,0,0
0.43851117738328,13433,2.3732,0,0
0.4385109810388,13434,2.3736,0,0
0.43851078481958,13435,2.374,0,0
0.43851058872564,13436,2.3744,0,0
0.43851039275696,13437,2.3748,0,0
0.43851019691356,13438,2.3752,0,0
0.43851000119543,13439,2.3756,0,0
0.43850980560256,13440,2.376,0,0
0.43850961013497,13441,2.3764,0,0
0.43850941479265,13442,2.3768,0,0
0.4385092195756,13443,2.3772,0,0
0.43850902448383,13444,2.3776,0,0
0.43850882951732,13445,2.378,0,0
0.43850863467608,13446,2.3784,0,0
0.43850843996012,13447,2.3788,0,0
0.43850824536943,13448,2.3792,0,0
0.43850805090401,13449,2.3796,0,0
0.43850785656386,13450,2.38,0,0
0.43850766234898,13451,2.3804,0,0
0.43850746825938,13452,2.3808,0,0
0.43850727429505,13453,2.3812,0,0
0.43850708045599,13454,2.3816,0,0
0.43850688674221,13455,2.382,0,0
0.4385066931537,13456,2.3824,0,0
0.43850649969046,13457,2.3828,0,0
0.43850630635249,13458,2.3832,0,0
0.4385061131398,13459,2.3836,0,0
0.43850592005238,13460,2.384,0,0
0.43850572709023,13461,2.3844,0,0
0.43850553425336,13462,2.3848,0,0
0.43850534154176,13463,2.3852,0,0
0.43850514895543,13464,2.3856,0,0
0.43850495649438,13465,2.386,0,0
0.43850476415861,13466,2.3864,0,0
0.4385045719481,13467,2.3868,0,0
0.43850437986288,13468,2.3872,0,0
0.43850418790292,13469,2.3876,0,0
0.43850399606824,13470,2.388,0,0
0.43850380435884,13471,2.3884,0,0
0.43850361277471,13472,2.3888,0,0
0.43850342131586,13473,2.3892,0,0
0.43850322998228,13474,2.3896,0,0
0.43850303877397,13475,2.39,0,0
0.43850284769095,13476,2.3904,0,0
0.43850265673319,13477,2.3908,0,0
0.43850246590072,13478,2.3912,0,0
0.43850227519352,13479,2.3916,0,0
0.43850208461159,13480,2.392,0,0
0.43850189415494,13481,2.3924,0,0
0.43850170382357,13482,2.3928,0,0
0.43850151361748,13483,2.3932,0,0
0.43850132353666,13484,2.3936,0,0
0.43850113358111,13485,2.394,0,0
0.43850094375085,13486,2.3944,0,0
0.43850075404586,13487,2.3948,0,0
0.43850056446615,13488,2.3952,0,0
0.43850037501171,13489,2.3956,0,0
0.43850018568255,13490,2.396,0,0
0.43849999647867,13491,2.3964,0,0
0.43849980740007,13492,2.3968,0,0
0.43849961844675,13493,2.3972,0,0
0.4384994296187,13494,2.3976,0,0
0.43849924091593,13495,2.398,0,0
0.43849905233844,13496,2.3984,0,0
0.43849886388622,13497,2.3988,0,0
0.43849867555929,13498,2.3992,0,0
0.43849848735763,13499,2.3996,0,0
0.43849829928126,13500,2.4,0,0
0.43849811133016,13501,2.4004,0,0
0.43849792350434,13502,2.4008,0,0
0.43849773580379,13503,2.4012,0,0
0.43849754822853,13504,2.4016,0,0
0.43849736077855,13505,2.402,0,0
0.43849717345385,13506,2.4024,0,0
0.43849698625442,13507,2.4028,0,0
0.43849679918028,13508,2.4032,0,0
0.43849661223141,13509,2.4036,0,0
0.43849642540783,13510,2.404,0,0
0.43849623870952,13511,2.4044,0,0
0.4384960521365,13512,2.4048,0,0
0.43849586568875,13513,2.4052,0,0
0.43849567936629,13514,2.4056,0,0
0.4384954931691,13515,2.406,0,0
0.4384953070972,13516,2.4064,0,0
0.43849512115058,13517,2.4068,0,0
0.43849493532923,13518,2.4072,0,0
0.43849474963317,13519,2.4076,0,0
0.43849456406239,13520,2.408,0,0
0.43849437861689,13521,2.4084,0,0
0.43849419329668,13522,2.4088,0,0
0.43849400810174,13523,2.4092,0,0
0.43849382303209,13524,2.4096,0,0
0.43849363808771,13525,2.41,0,0
0.43849345326862,13526,2.4104,0,0
0.43849326857481,13527,2.4108,0,0
0.43849308400629,13528,2.4112,0,0
0.43849289956304,13529,2.4116,0,0
0.43849271524508,13530,2.412,0,0
0.4384925310524,13531,2.4124,0,0
0.438492346985,13532,2.4128,0,0
0.43849216304289,13533,2.4132,0,0
0.43849197922606,13534,2.4136,0,0
0.43849179553451,13535,2.414,0,0
0.43849161196824,13536,2.4144,0,0
0.43849142852726,13537,2.4148,0,0
0.43849124521156,13538,2.4152,0,0
0.43849106202115,13539,2.4156,0,0
0.43849087895602,13540,2.416,0,0
0.43849069601617,13541,2.4164,0,0
0.4384905132016,13542,2.4168,0,0
0.43849033051232,13543,2.4172,0,0
0.43849014794833,13544,2.4176,0,0
0.43848996550962,13545,2.418,0,0
0.43848978319619,13546,2.4184,0,0
0.43848960100804,13547,2.4188,0,0
0.43848941894519,13548,2.4192,0,0
0.43848923700761,13549,2.4196,0,0
0.43848905519532,13550,2.42,0,0
0.43848887350832,13551,2.4204,0,0
0.4384886919466,13552,2.4208,0,0
0.43848851051017,13553,2.4212,0,0
0.43848832919902,13554,2.4216,0,0
0.43848814801316,13555,2.422,0,0
0.43848796695258,13556,2.4224,0,0
0.43848778601729,13557,2.4228,0,0
0.43848760520728,13558,2.4232,0,0
0.43848742452256,13559,2.4236,0,0
0.43848724396313,13560,2.424,0,0
0.43848706352898,13561,2.4244,0,0
0.43848688322012,13562,2.4248,0,0
0.43848670303654,13563,2.4252,0,0
0.43848652297826,13564,2.4256,0,0
0.43848634304525,13565,2.426,0,0
0.43848616323754,13566,2.4264,0,0
0.43848598355511,13567,2.4268,0,0
0.43848580399797,13568,2.4272,0,0
0.43848562456612,13569,2.4276,0,0
0.43848544525955,13570,2.428,0,0
0.43848526607827,13571,2.4284,0,0
0.43848508702228,13572,2.4288,0,0
0.43848490809158,13573,2.4292,0,0
0.43848472928616,13574,2.4296,0,0
0.43848455060603,13575,2.43,0,0
0.43848437205119,13576,2.4304,0,0
0.43848419362164,13577,2.4308,0,0
0.43848401531737,13578,2.4312,0,0
0.4384838371384,13579,2.4316,0,0
0.43848365908471,13580,2.432,0,0
0.43848348115631,13581,2.4324,0,0
0.4384833033532,13582,2.4328,0,0
0.43848312567538,13583,2.4332,0,0
0.43848294812285,13584,2.4336,0,0
0.43848277069561,13585,2.434,0,0
0.43848259339366,13586,2.4344,0,0
0.43848241621699,13587,2.4348,0,0
0.43848223916562,13588,2.4352,0,0
0.43848206223953,13589,2.4356,0,0
0.43848188543874,13590,2.436,0,0
0.43848170876323,13591,2.4364,0,0
0.43848153221302,13592,2.4368,0,0
0.43848135578809,13593,2.4372,0,0
0.43848117948846,13594,2.4376,0,0
0.43848100331411,13595,2.438,0,0
0.43848082726506,13596,2.4384,0,0
0.43848065134129,13597,2.4388,0,0
0.43848047554282,13598,2.4392,0,0
0.43848029986964,13599,2.4396,0,0
0.43848012432175,13600,2.44,0,0
0.43847994889914,13601,2.4404,0,0
0.43847977360183,13602,2.4408,0,0
0.43847959842982,13603,2.4412,0,0
0.43847942338309,13604,2.4416,0,0
0.43847924846165,13605,2.442,0,0
0.43847907366551,13606,2.4424,0,0
0.43847889899466,13607,2.4428,0,0
0.4384787244491,13608,2.4432,0,0
0.43847855002883,13609,2.4436,0,0
0.43847837573385,13610,2.444,0,0
0.43847820156417,13611,2.4444,0,0
0.43847802751978,13612,2.4448,0,0
0.43847785360068,13613,2.4452,0,0
0.43847767980687,13614,2.4456,0,0
0.43847750613836,13615,2.446,0,0
0.43847733259514,13616,2.4464,0,0
0.43847715917721,13617,2.4468,0,0
0.43847698588457,13618,2.4472,0,0
0.43847681271723,13619,2.4476,0,0
0.43847663967518,13620,2.448,0,0
0.43847646675843,13621,2.4484,0,0
0.43847629396697,13622,2.4488,0,0
0.4384761213008,13623,2.4492,0,0
0.43847594875992,13624,2.4496,0,0
0.43847577634434,13625,2.45,0,0
0.43847560405406,13626,2.4504,0,0
0.43847543188906,13627,2.4508,0,0
0.43847525984937,13628,2.4512,0,0
0.43847508793496,13629,2.4516,0,0
0.43847491614585,13630,2.452,0,0
0.43847474448204,13631,2.4524,0,0
0.43847457294352,13632,2.4528,0,0
0.43847440153029,13633,2.4532,0,0
0.43847423024236,13634,2.4536,0,0
0.43847405907972,13635,2.454,0,0
0.43847388804238,13636,2.4544,0,0
0.43847371713034,13637,2.4548,0,0
0.43847354634359,13638,2.4552,0,0
0.43847337568213,13639,2.4556,0,0
0.43847320514598,13640,2.456,0,0
0.43847303473511,13641,2.4564,0,0
0.43847286444954,13642,2.4568,0,0
0.43847269428927,13643,2.4572,0,0
0.4384725242543,13644,2.4576,0,0
0.43847235434462,13645,2.458,0,0
0.43847218456024,13646,2.4584,0,0
0.43847201490115,13647,2.4588,0,0
0.43847184536736,13648,2.4592,0,0
0.43847167595887,13649,2.4596,0,0
0.43847150667567,13650,2.46,0,0
0.43847133751777,13651,2.4604,0,0
0.43847116848517,13652,2.4608,0,0
0.43847099957786,13653,2.4612,0,0
0.43847083079585,13654,2.4616,0,0
0.43847066213914,13655,2.462,0,0
0.43847049360773,13656,2.4624,0,0
0.43847032520161,13657,2.4628,0,0
0.43847015692079,13658,2.4632,0,0
0.43846998876527,13659,2.4636,0,0
0.43846982073505,13660,2.464,0,0
0.43846965283013,13661,2.4644,0,0
0.4384694850505,13662,2.4648,0,0
0.43846931739617,13663,2.4652,0,0
0.43846914986714,13664,2.4656,0,0
0.43846898246341,13665,2.466,0,0
0.43846881518498,13666,2.4664,0,0
0.43846864803184,13667,2.4668,0,0
0.43846848100401,13668,2.4672,0,0
0.43846831410147,13669,2.4676,0,0
0.43846814732423,13670,2.468,0,0
0.43846798067229,13671,2.4684,0,0
0.43846781414566,13672,2.4688,0,0
0.43846764774432,13673,2.4692,0,0
0.43846748146828,13674,2.4696,0,0
0.43846731531753,13675,2.47,0,0
0.43846714929209,13676,2.4704,0,0
0.43846698339195,13677,2.4708,0,0
0.43846681761711,13678,2.4712,0,0
0.43846665196757,13679,2.4716,0,0
0.43846648644333,13680,2.472,0,0
0.43846632104439,13681,2.4724,0,0
0.43846615577075,13682,2.4728,0,0
0.43846599062241,13683,2.4732,0,0
0.43846582559937,13684,2.4736,0,0
0.43846566070163,13685,2.474,0,0
0.43846549592919,13686,2.4744,0,0
0.43846533128206,13687,2.4748,0,0
0.43846516676022,13688,2.4752,0,0
0.43846500236369,13689,2.4756,0,0
0.43846483809245,13690,2.476,0,0
0.43846467394652,13691,2.4764,0,0
0.43846450992589,13692,2.4768,0,0
0.43846434603056,13693,2.4772,0,0
0.43846418226054,13694,2.4776,0,0
0.43846401861581,13695,2.478,0,0
0.43846385509639,13696,2.4784,0,0
0.43846369170227,13697,2.4788,0,0
0.43846352843345,13698,2.4792,0,0
0.43846336528993,13699,2.4796,0,0
0.43846320227172,13700,2.48,0,0
0.4384630393788,13701,2.4804,0,0
0.4384628766112,13702,2.4808,0,0
0.43846271396889,13703,2.4812,0,0
0.43846255145189,13704,2.4816,0,0
0.43846238906018,13705,2.482,0,0
0.43846222679379,13706,2.4824,0,0
0.43846206465269,13707,2.4828,0,0
0.4384619026369,13708,2.4832,0,0
0.43846174074641,13709,2.4836,0,0
0.43846157898123,13710,2.484,0,0
0.43846141734135,13711,2.4844,0,0
0.43846125582677,13712,2.4848,0,0
0.4384610944375,13713,2.4852,0,0
0.43846093317353,13714,2.4856,0,0
0.43846077203486,13715,2.486,0,0
0.4384606110215,13716,2.4864,0,0
0.43846045013345,13717,2.4868,0,0
0.43846028937069,13718,2.4872,0,0
0.43846012873325,13719,2.4876,0,0
0.4384599682211,13720,2.488,0,0
0.43845980783426,13721,2.4884,0,0
0.43845964757273,13722,2.4888,0,0
0.4384594874365,13723,2.4892,0,0
0.43845932742558,13724,2.4896,0,0
0.43845916753996,13725,2.49,0,0
0.43845900777964,13726,2.4904,0,0
0.43845884814464,13727,2.4908,0,0
0.43845868863493,13728,2.4912,0,0
0.43845852925054,13729,2.4916,0,0
0.43845836999145,13730,2.492,0,0
0.43845821085766,13731,2.4924,0,0
0.43845805184918,13732,2.4928,0,0
0.43845789296601,13733,2.4932,0,0
0.43845773420814,13734,2.4936,0,0
0.43845757557558,13735,2.494,0,0
0.43845741706832,13736,2.4944,0,0
0.43845725868637,13737,2.4948,0,0
0.43845710042973,13738,2.4952,0,0
0.43845694229839,13739,2.4956,0,0
0.43845678429237,13740,2.496,0,0
0.43845662641164,13741,2.4964,0,0
0.43845646865623,13742,2.4968,0,0
0.43845631102612,13743,2.4972,0,0
0.43845615352132,13744,2.4976,0,0
0.43845599614183,13745,2.498,0,0
0.43845583888764,13746,2.4984,0,0
0.43845568175876,13747,2.4988,0,0
0.43845552475519,13748,2.4992,0,0
0.43845536787693,13749,2.4996,0,0
0.43845521112397,13750,2.5,0,0
0.43845505449633,13751,2.5004,0,0
0.43845489799399,13752,2.5008,0,0
0.43845474161695,13753,2.5012,0,0
0.43845458536523,13754,2.5016,0,0
0.43845442923882,13755,2.502,0,0
0.43845427323771,13756,2.5024,0,0
0.43845411736191,13757,2.5028,0,0
0.43845396161142,13758,2.5032,0,0
0.43845380598624,13759,2.5036,0,0
0.43845365048637,13760,2.504,0,0
0.43845349511181,13761,2.5044,0,0
0.43845333986256,13762,2.5048,0,0
0.43845318473861,13763,2.5052,0,0
0.43845302973998,13764,2.5056,0,0
0.43845287486665,13765,2.506,0,0
0.43845272011864,13766,2.5064,0,0
0.43845256549593,13767,2.5068,0,0
0.43845241099853,13768,2.5072,0,0
0.43845225662645,13769,2.5076,0,0
0.43845210237967,13770,2.508,0,0
0.4384519482582,13771,2.5084,0,0
0.43845179426205,13772,2.5088,0,0
0.4384516403912,13773,2.5092,0,0
0.43845148664566,13774,2.5096,0,0
0.43845133302544,13775,2.51,0,0
0.43845117953052,13776,2.5104,0,0
0.43845102616092,13777,2.5108,0,0
0.43845087291662,13778,2.5112,0,0
0.43845071979764,13779,2.5116,0,0
0.43845056680397,13780,2.512,0,0
0.43845041393561,13781,2.5124,0,0
0.43845026119256,13782,2.5128,0,0
0.43845010857482,13783,2.5132,0,0
0.43844995608239,13784,2.5136,0,0
0.43844980371528,13785,2.514,0,0
0.43844965147347,13786,2.5144,0,0
0.43844949935698,13787,2.5148,0,0
0.4384493473658,13788,2.5152,0,0
0.43844919549993,13789,2.5156,0,0
0.43844904375938,13790,2.516,0,0
0.43844889214413,13791,2.5164,0,0
0.4384487406542,13792,2.5168,0,0
0.43844858928958,13793,2.5172,0,0
0.43844843805027,13794,2.5176,0,0
0.43844828693628,13795,2.518,0,0
0.4384481359476,13796,2.5184,0,0
0.43844798508423,13797,2.5188,0,0
0.43844783434617,13798,2.5192,0,0
0.43844768373343,13799,2.5196,0,0
0.438447533246,13800,2.52,0,0
0.43844738288388,13801,2.5204,0,0
0.43844723264707,13802,2.5208,0,0
0.43844708253558,13803,2.5212,0,0
0.43844693254941,13804,2.5216,0,0
0.43844678268854,13805,2.522,0,0
0.43844663295299,13806,2.5224,0,0
0.43844648334276,13807,2.5228,0,0
0.43844633385783,13808,2.5232,0,0
0.43844618449822,13809,2.5236,0,0
0.43844603526393,13810,2.524,0,0
0.43844588615495,13811,2.5244,0,0
0.43844573717128,13812,2.5248,0,0
0.43844558831293,13813,2.5252,0,0
0.43844543957989,13814,2.5256,0,0
0.43844529097217,13815,2.526,0,0
0.43844514248976,13816,2.5264,0,0
0.43844499413267,13817,2.5268,0,0
0.43844484590089,13818,2.5272,0,0
0.43844469779443,13819,2.5276,0,0
0.43844454981328,13820,2.528,0,0
0.43844440195744,13821,2.5284,0,0
0.43844425422692,13822,2.5288,0,0
0.43844410662172,13823,2.5292,0,0
0.43844395914183,13824,2.5296,0,0
0.43844381178726,13825,2.53,0,0
0.43844366455801,13826,2.5304,0,0
0.43844351745407,13827,2.5308,0,0
0.43844337047544,13828,2.5312,0,0
0.43844322362213,13829,2.5316,0,0
0.43844307689414,13830,2.532,0,0
0.43844293029146,13831,2.5324,0,0
0.4384427838141,13832,2.5328,0,0
0.43844263746206,13833,2.5332,0,0
0.43844249123533,13834,2.5336,0,0
0.43844234513392,13835,2.534,0,0
0.43844219915783,13836,2.5344,0,0
0.43844205330705,13837,2.5348,0,0
0.43844190758159,13838,2.5352,0,0
0.43844176198145,13839,2.5356,0,0
0.43844161650662,13840,2.536,0,0
0.43844147115711,13841,2.5364,0,0
0.43844132593292,13842,2.5368,0,0
0.43844118083404,13843,2.5372,0,0
0.43844103586049,13844,2.5376,0,0
0.43844089101225,13845,2.538,0,0
0.43844074628932,13846,2.5384,0,0
0.43844060169172,13847,2.5388,0,0
0.43844045721943,13848,2.5392,0,0
0.43844031287246,13849,2.5396,0,0
0.43844016865081,13850,2.54,0,0
0.43844002455448,13851,2.5404,0,0
0.43843988058347,13852,2.5408,0,0
0.43843973673777,13853,2.5412,0,0
0.43843959301739,13854,2.5416,0,0
0.43843944942233,13855,2.542,0,0
0.43843930595259,13856,2.5424,0,0
0.43843916260817,13857,2.5428,0,0
0.43843901938907,13858,2.5432,0,0
0.43843887629529,13859,2.5436,0,0
0.43843873332682,13860,2.544,0,0
0.43843859048368,13861,2.5444,0,0
0.43843844776585,13862,2.5448,0,0
0.43843830517334,13863,2.5452,0,0
0.43843816270615,13864,2.5456,0,0
0.43843802036429,13865,2.546,0,0
0.43843787814774,13866,2.5464,0,0
0.43843773605651,13867,2.5468,0,0
0.4384375940906,13868,2.5472,0,0
0.43843745225001,13869,2.5476,0,0
0.43843731053474,13870,2.548,0,0
0.43843716894479,13871,2.5484,0,0
0.43843702748016,13872,2.5488,0,0
0.43843688614085,13873,2.5492,0,0
0.43843674492686,13874,2.5496,0,0
0.4384366038382,13875,2.55,0,0
0.43843646287485,13876,2.5504,0,0
0.43843632203682,13877,2.5508,0,0
0.43843618132411,13878,2.5512,0,0
0.43843604073673,13879,2.5516,0,0
0.43843590027467,13880,2.552,0,0
0.43843575993792,13881,2.5524,0,0
0.4384356197265,13882,2.5528,0,0
0.4384354796404,13883,2.5532,0,0
0.43843533967962,13884,2.5536,0,0
0.43843519984416,13885,2.554,0,0
0.43843506013402,13886,2.5544,0,0
0.43843492054921,13887,2.5548,0,0
0.43843478108971,13888,2.5552,0,0
0.43843464175554,13889,2.5556,0,0
0.43843450254669,13890,2.556,0,0
0.43843436346317,13891,2.5564,0,0
0.43843422450496,13892,2.5568,0,0
0.43843408567208,13893,2.5572,0,0
0.43843394696451,13894,2.5576,0,0
0.43843380838228,13895,2.558,0,0
0.43843366992536,13896,2.5584,0,0
0.43843353159377,13897,2.5588,0,0
0.43843339338749,13898,2.5592,0,0
0.43843325530655,13899,2.5596,0,0
0.43843311735092,13900,2.56,0,0
0.43843297952062,13901,2.5604,0,0
0.43843284181564,13902,2.5608,0,0
0.43843270423598,13903,2.5612,0,0
0.43843256678165,13904,2.5616,0,0
0.43843242945264,13905,2.562,0,0
0.43843229224895,13906,2.5624,0,0
0.43843215517059,13907,2.5628,0,0
0.43843201821755,13908,2.5632,0,0
0.43843188138983,13909,2.5636,0,0
0.43843174468744,13910,2.564,0,0
0.43843160811037,13911,2.5644,0,0
0.43843147165862,13912,2.5648,0,0
0.4384313353322,13913,2.5652,0,0
0.43843119913111,13914,2.5656,0,0
0.43843106305534,13915,2.566,0,0
0.43843092710489,13916,2.5664,0,0
0.43843079127976,13917,2.5668,0,0
0.43843065557996,13918,2.5672,0,0
0.43843052000549,13919,2.5676,0,0
0.43843038455634,13920,2.568,0,0
0.43843024923252,13921,2.5684,0,0
0.43843011403402,13922,2.5688,0,0
0.43842997896084,13923,2.5692,0,0
0.43842984401299,13924,2.5696,0,0
0.43842970919046,13925,2.57,0,0
0.43842957449327,13926,2.5704,0,0
0.43842943992139,13927,2.5708,0,0
0.43842930547484,13928,2.5712,0,0
0.43842917115362,13929,2.5716,0,0
0.43842903695772,13930,2.572,0,0
0.43842890288715,13931,2.5724,0,0
0.4384287689419,13932,2.5728,0,0
0.43842863512198,13933,2.5732,0,0
0.43842850142739,13934,2.5736,0,0
0.43842836785812,13935,2.574,0,0
0.43842823441418,13936,2.5744,0,0
0.43842810109556,13937,2.5748,0,0
0.43842796790227,13938,2.5752,0,0
0.43842783483431,13939,2.5756,0,0
0.43842770189167,13940,2.576,0,0
0.43842756907436,13941,2.5764,0,0
0.43842743638238,13942,2.5768,0,0
0.43842730381572,13943,2.5772,0,0
0.43842717137439,13944,2.5776,0,0
0.43842703905839,13945,2.578,0,0
0.43842690686771,13946,2.5784,0,0
0.43842677480236,13947,2.5788,0,0
0.43842664286234,13948,2.5792,0,0
0.43842651104764,13949,2.5796,0,0
0.43842637935828,13950,2.58,0,0
0.43842624779424,13951,2.5804,0,0
0.43842611635553,13952,2.5808,0,0
0.43842598504214,13953,2.5812,0,0
0.43842585385409,13954,2.5816,0,0
0.43842572279136,13955,2.582,0,0
0.43842559185396,13956,2.5824,0,0
0.43842546104188,13957,2.5828,0,0
0.43842533035514,13958,2.5832,0,0
0.43842519979372,13959,2.5836,0,0
0.43842506935764,13960,2.584,0,0
0.43842493904688,13961,2.5844,0,0
0.43842480886144,13962,2.5848,0,0
0.43842467880134,13963,2.5852,0,0
0.43842454886657,13964,2.5856,0,0
0.43842441905712,13965,2.586,0,0
0.43842428937301,13966,2.5864,0,0
0.43842415981422,13967,2.5868,0,0
0.43842403038076,13968,2.5872,0,0
0.43842390107263,13969,2.5876,0,0
0.43842377188983,13970,2.588,0,0
0.43842364283236,13971,2.5884,0,0
0.43842351390022,13972,2.5888,0,0
0.43842338509341,13973,2.5892,0,0
0.43842325641192,13974,2.5896,0,0
0.43842312785577,13975,2.59,0,0
0.43842299942495,13976,2.5904,0,0
0.43842287111945,13977,2.5908,0,0
0.43842274293929,13978,2.5912,0,0
0.43842261488446,13979,2.5916,0,0
0.43842248695495,13980,2.592,0,0
0.43842235915078,13981,2.5924,0,0
0.43842223147194,13982,2.5928,0,0
0.43842210391842,13983,2.5932,0,0
0.43842197649024,13984,2.5936,0,0
0.43842184918739,13985,2.594,0,0
0.43842172200987,13986,2.5944,0,0
0.43842159495767,13987,2.5948,0,0
0.43842146803081,13988,2.5952,0,0
0.43842134122929,13989,2.5956,0,0
0.43842121455309,13990,2.596,0,0
0.43842108800222,13991,2.5964,0,0
0.43842096157668,13992,2.5968,0,0
0.43842083527648,13993,2.5972,0,0
0.4384207091016,13994,2.5976,0,0
0.43842058305206,13995,2.598,0,0
0.43842045712785,13996,2.5984,0,0
0.43842033132897,13997,2.5988,0,0
0.43842020565542,13998,2.5992,0,0
0.43842008010721,13999,2.5996,0,0
0.43841995468432,14000,2.6,0,0
0.43841982938677,14001,2.6004,0,0
0.43841970421455,14002,2.6008,0,0
0.43841957916766,14003,2.6012,0,0
0.4384194542461,14004,2.6016,0,0
0.43841932944988,14005,2.602,0,0
0.43841920477899,14006,2.6024,0,0
0.43841908023343,14007,2.6028,0,0
0.4384189558132,14008,2.6032,0,0
0.4384188315183,14009,2.6036,0,0
0.43841870734874,14010,2.604,0,0
0.43841858330451,14011,2.6044,0,0
0.43841845938561,14012,2.6048,0,0
0.43841833559205,14013,2.6052,0,0
0.43841821192382,14014,2.6056,0,0
0.43841808838092,14015,2.606,0,0
0.43841796496336,14016,2.6064,0,0
0.43841784167112,14017,2.6068,0,0
0.43841771850423,14018,2.6072,0,0
0.43841759546266,14019,2.6076,0,0
0.43841747254643,14020,2.608,0,0
0.43841734975553,14021,2.6084,0,0
0.43841722708997,14022,2.6088,0,0
0.43841710454974,14023,2.6092,0,0
0.43841698213484,14024,2.6096,0,0
0.43841685984528,14025,2.61,0,0
0.43841673768105,14026,2.6104,0,0
0.43841661564215,14027,2.6108,0,0
0.43841649372859,14028,2.6112,0,0
0.43841637194037,14029,2.6116,0,0
0.43841625027747,14030,2.612,0,0
0.43841612873991,14031,2.6124,0,0
0.43841600732769,14032,2.6128,0,0
0.4384158860408,14033,2.6132,0,0
0.43841576487925,14034,2.6136,0,0
0.43841564384303,14035,2.614,0,0
0.43841552293214,14036,2.6144,0,0
0.43841540214659,14037,2.6148,0,0
0.43841528148638,14038,2.6152,0,0
0.4384151609515,14039,2.6156,0,0
0.43841504054195,14040,2.616,0,0
0.43841492025774,14041,2.6164,0,0
0.43841480009887,14042,2.6168,0,0
0.43841468006533,14043,2.6172,0,0
0.43841456015713,14044,2.6176,0,0
0.43841444037426,14045,2.618,0,0
0.43841432071672,14046,2.6184,0,0
0.43841420118453,14047,2.6188,0,0
0.43841408177767,14048,2.6192,0,0
0.43841396249614,14049,2.6196,0,0
0.43841384333995,14050,2.62,0,0
0.4384137243091,14051,2.6204,0,0
0.43841360540358,14052,2.6208,0,0
0.4384134866234,14053,2.6212,0,0
0.43841336796855,14054,2.6216,0,0
0.43841324943904,14055,2.622,0,0
0.43841313103487,14056,2.6224,0,0
0.43841301275604,14057,2.6228,0,0
0.43841289460254,14058,2.6232,0,0
0.43841277657438,14059,2.6236,0,0
0.43841265867155,14060,2.624,0,0
0.43841254089406,14061,2.6244,0,0
0.43841242324191,14062,2.6248,0,0
0.43841230571509,14063,2.6252,0,0
0.43841218831361,14064,2.6256,0,0
0.43841207103747,14065,2.626,0,0
0.43841195388667,14066,2.6264,0,0
0.4384118368612,14067,2.6268,0,0
0.43841171996107,14068,2.6272,0,0
0.43841160318628,14069,2.6276,0,0
0.43841148653683,14070,2.628,0,0
0.43841137001271,14071,2.6284,0,0
0.43841125361393,14072,2.6288,0,0
0.43841113734049,14073,2.6292,0,0
0.43841102119239,14074,2.6296,0,0
0.43841090516962,14075,2.63,0,0
0.43841078927219,14076,2.6304,0,0
0.43841067350011,14077,2.6308,0,0
0.43841055785335,14078,2.6312,0,0
0.43841044233194,14079,2.6316,0,0
0.43841032693587,14080,2.632,0,0
0.43841021166513,14081,2.6324,0,0
0.43841009651973,14082,2.6328,0,0
0.43840998149967,14083,2.6332,0,0
0.43840986660495,14084,2.6336,0,0
0.43840975183557,14085,2.634,0,0
0.43840963719153,14086,2.6344,0,0
0.43840952267282,14087,2.6348,0,0
0.43840940827946,14088,2.6352,0,0
0.43840929401143,14089,2.6356,0,0
0.43840917986874,14090,2.636,0,0
0.4384090658514,14091,2.6364,0,0
0.43840895195939,14092,2.6368,0,0
0.43840883819272,14093,2.6372,0,0
0.43840872455139,14094,2.6376,0,0
0.4384086110354,14095,2.638,0,0
0.43840849764475,14096,2.6384,0,0
0.43840838437943,14097,2.6388,0,0
0.43840827123946,14098,2.6392,0,0
0.43840815822483,14099,2.6396,0,0
0.43840804533554,14100,2.64,0,0
0.43840793257159,14101,2.6404,0,0
0.43840781993297,14102,2.6408,0,0
0.4384077074197,14103,2.6412,0,0
0.43840759503177,14104,2.6416,0,0
0.43840748276918,14105,2.642,0,0
0.43840737063193,14106,2.6424,0,0
0.43840725862001,14107,2.6428,0,0
0.43840714673344,14108,2.6432,0,0
0.43840703497221,14109,2.6436,0,0
0.43840692333632,14110,2.644,0,0
0.43840681182578,14111,2.6444,0,0
0.43840670044057,14112,2.6448,0,0
0.4384065891807,14113,2.6452,0,0
0.43840647804617,14114,2.6456,0,0
0.43840636703699,14115,2.646,0,0
0.43840625615315,14116,2.6464,0,0
0.43840614539464,14117,2.6468,0,0
0.43840603476148,14118,2.6472,0,0
0.43840592425366,14119,2.6476,0,0
0.43840581387118,14120,2.648,0,0
0.43840570361404,14121,2.6484,0,0
0.43840559348225,14122,2.6488,0,0
0.43840548347579,14123,2.6492,0,0
0.43840537359468,14124,2.6496,0,0
0.43840526383891,14125,2.65,0,0
0.43840515420848,14126,2.6504,0,0
0.43840504470339,14127,2.6508,0,0
0.43840493532365,14128,2.6512,0,0
0.43840482606924,14129,2.6516,0,0
0.43840471694018,14130,2.652,0,0
0.43840460793646,14131,2.6524,0,0
0.43840449905809,14132,2.6528,0,0
0.43840439030505,14133,2.6532,0,0
0.43840428167736,14134,2.6536,0,0
0.43840417317501,14135,2.654,0,0
0.43840406479801,14136,2.6544,0,0
0.43840395654634,14137,2.6548,0,0
0.43840384842002,14138,2.6552,0,0
0.43840374041904,14139,2.6556,0,0
0.4384036325434,14140,2.656,0,0
0.43840352479311,14141,2.6564,0,0
0.43840341716816,14142,2.6568,0,0
0.43840330966856,14143,2.6572,0,0
0.43840320229429,14144,2.6576,0,0
0.43840309504537,14145,2.658,0,0
0.43840298792179,14146,2.6584,0,0
0.43840288092356,14147,2.6588,0,0
0.43840277405067,14148,2.6592,0,0
0.43840266730312,14149,2.6596,0,0
0.43840256068092,14150,2.66,0,0
0.43840245418406,14151,2.6604,0,0
0.43840234781254,14152,2.6608,0,0
0.43840224156637,14153,2.6612,0,0
0.43840213544554,14154,2.6616,0,0
0.43840202945006,14155,2.662,0,0
0.43840192357992,14156,2.6624,0,0
0.43840181783512,14157,2.6628,0,0
0.43840171221567,14158,2.6632,0,0
0.43840160672156,14159,2.6636,0,0
0.4384015013528,14160,2.664,0,0
0.43840139610938,14161,2.6644,0,0
0.43840129099131,14162,2.6648,0,0
0.43840118599858,14163,2.6652,0,0
0.43840108113119,14164,2.6656,0,0
0.43840097638915,14165,2.666,0,0
0.43840087177245,14166,2.6664,0,0
0.4384007672811,14167,2.6668,0,0
0.4384006629151,14168,2.6672,0,0
0.43840055867443,14169,2.6676,0,0
0.43840045455912,14170,2.668,0,0
0.43840035056915,14171,2.6684,0,0
0.43840024670452,14172,2.6688,0,0
0.43840014296524,14173,2.6692,0,0
0.4384000393513,14174,2.6696,0,0
0.43839993586271,14175,2.67,0,0
0.43839983249947,14176,2.6704,0,0
0.43839972926157,14177,2.6708,0,0
0.43839962614901,14178,2.6712,0,0
0.43839952316181,14179,2.6716,0,0
0.43839942029994,14180,2.672,0,0
0.43839931756343,14181,2.6724,0,0
0.43839921495226,14182,2.6728,0,0
0.43839911246643,14183,2.6732,0,0
0.43839901010595,14184,2.6736,0,0
0.43839890787082,14185,2.674,0,0
0.43839880576103,14186,2.6744,0,0
0.43839870377659,14187,2.6748,0,0
0.4383986019175,14188,2.6752,0,0
0.43839850018375,14189,2.6756,0,0
0.43839839857535,14190,2.676,0,0
0.43839829709229,14191,2.6764,0,0
0.43839819573459,14192,2.6768,0,0
0.43839809450222,14193,2.6772,0,0
0.43839799339521,14194,2.6776,0,0
0.43839789241354,14195,2.678,0,0
0.43839779155722,14196,2.6784,0,0
0.43839769082625,14197,2.6788,0,0
0.43839759022062,14198,2.6792,0,0
0.43839748974034,14199,2.6796,0,0
0.4383973893854,14200,2.68,0,0
0.43839728915582,14201,2.6804,0,0
0.43839718905158,14202,2.6808,0,0
0.43839708907269,14203,2.6812,0,0
0.43839698921914,14204,2.6816,0,0
0.43839688949094,14205,2.682,0,0
0.4383967898881,14206,2.6824,0,0
0.43839669041059,14207,2.6828,0,0
0.43839659105844,14208,2.6832,0,0
0.43839649183163,14209,2.6836,0,0
0.43839639273017,14210,2.684,0,0
0.43839629375406,14211,2.6844,0,0
0.4383961949033,14212,2.6848,0,0
0.43839609617789,14213,2.6852,0,0
0.43839599757782,14214,2.6856,0,0
0.4383958991031,14215,2.686,0,0
0.43839580075373,14216,2.6864,0,0
0.43839570252971,14217,2.6868,0,0
0.43839560443103,14218,2.6872,0,0
0.43839550645771,14219,2.6876,0,0
0.43839540860973,14220,2.688,0,0
0.4383953108871,14221,2.6884,0,0
0.43839521328982,14222,2.6888,0,0
0.43839511581789,14223,2.6892,0,0
0.43839501847131,14224,2.6896,0,0
0.43839492125007,14225,2.69,0,0
0.43839482415419,14226,2.6904,0,0
0.43839472718365,14227,2.6908,0,0
0.43839463033846,14228,2.6912,0,0
0.43839453361862,14229,2.6916,0,0
0.43839443702414,14230,2.692,0,0
0.438394340555,14231,2.6924,0,0
0.4383942442112,14232,2.6928,0,0
0.43839414799276,14233,2.6932,0,0
0.43839405189967,14234,2.6936,0,0
0.43839395593193,14235,2.694,0,0
0.43839386008954,14236,2.6944,0,0
0.43839376437249,14237,2.6948,0,0
0.4383936687808,14238,2.6952,0,0
0.43839357331445,14239,2.6956,0,0
0.43839347797346,14240,2.696,0,0
0.43839338275781,14241,2.6964,0,0
0.43839328766752,14242,2.6968,0,0
0.43839319270258,14243,2.6972,0,0
0.43839309786298,14244,2.6976,0,0
0.43839300314874,14245,2.698,0,0
0.43839290855984,14246,2.6984,0,0
0.4383928140963,14247,2.6988,0,0
0.4383927197581,14248,2.6992,0,0
0.43839262554526,14249,2.6996,0,0
0.43839253145777,14250,2.7,0,0
0.43839243749562,14251,2.7004,0,0
0.43839234365883,14252,2.7008,0,0
0.43839224994739,14253,2.7012,0,0
0.4383921563613,14254,2.7016,0,0
0.43839206290056,14255,2.702,0,0
0.43839196956517,14256,2.7024,0,0
0.43839187635513,14257,2.7028,0,0
0.43839178327044,14258,2.7032,0,0
0.4383916903111,14259,2.7036,0,0
0.43839159747712,14260,2.704,0,0
0.43839150476848,14261,2.7044,0,0
0.4383914121852,14262,2.7048,0,0
0.43839131972727,14263,2.7052,0,0
0.43839122739469,14264,2.7056,0,0
0.43839113518746,14265,2.706,0,0
0.43839104310558,14266,2.7064,0,0
0.43839095114905,14267,2.7068,0,0
0.43839085931788,14268,2.7072,0,0
0.43839076761205,14269,2.7076,0,0
0.43839067603158,14270,2.708,0,0
0.43839058457646,14271,2.7084,0,0
0.43839049324669,14272,2.7088,0,0
0.43839040204228,14273,2.7092,0,0
0.43839031096321,14274,2.7096,0,0
0.4383902200095,14275,2.71,0,0
0.43839012918114,14276,2.7104,0,0
0.43839003847813,14277,2.7108,0,0
0.43838994790047,14278,2.7112,0,0
0.43838985744817,14279,2.7116,0,0
0.43838976712122,14280,2.712,0,0
0.43838967691962,14281,2.7124,0,0
0.43838958684337,14282,2.7128,0,0
0.43838949689247,14283,2.7132,0,0
0.43838940706693,14284,2.7136,0,0
0.43838931736674,14285,2.714,0,0
0.43838922779191,14286,2.7144,0,0
0.43838913834242,14287,2.7148,0,0
0.43838904901829,14288,2.7152,0,0
0.43838895981951,14289,2.7156,0,0
0.43838887074609,14290,2.716,0,0
0.43838878179801,14291,2.7164,0,0
0.43838869297529,14292,2.7168,0,0
0.43838860427793,14293,2.7172,0,0
0.43838851570591,14294,2.7176,0,0
0.43838842725925,14295,2.718,0,0
0.43838833893794,14296,2.7184,0,0
0.43838825074199,14297,2.7188,0,0
0.43838816267139,14298,2.7192,0,0
0.43838807472614,14299,2.7196,0,0
0.43838798690625,14300,2.72,0,0
0.43838789921171,14301,2.7204,0,0
0.43838781164252,14302,2.7208,0,0
0.43838772419869,14303,2.7212,0,0
0.43838763688021,14304,2.7216,0,0
0.43838754968709,14305,2.722,0,0
0.43838746261931,14306,2.7224,0,0
0.4383873756769,14307,2.7228,0,0
0.43838728885983,14308,2.7232,0,0
0.43838720216812,14309,2.7236,0,0
0.43838711560177,14310,2.724,0,0
0.43838702916077,14311,2.7244,0,0
0.43838694284512,14312,2.7248,0,0
0.43838685665483,14313,2.7252,0,0
0.43838677058989,14314,2.7256,0,0
0.43838668465031,14315,2.726,0,0
0.43838659883608,14316,2.7264,0,0
0.4383865131472,14317,2.7268,0,0
0.43838642758368,14318,2.7272,0,0
0.43838634214551,14319,2.7276,0,0
0.4383862568327,14320,2.728,0,0
0.43838617164525,14321,2.7284,0,0
0.43838608658314,14322,2.7288,0,0
0.4383860016464,14323,2.7292,0,0
0.43838591683501,14324,2.7296,0,0
0.43838583214897,14325,2.73,0,0
0.43838574758829,14326,2.7304,0,0
0.43838566315296,14327,2.7308,0,0
0.43838557884299,14328,2.7312,0,0
0.43838549465837,14329,2.7316,0,0
0.43838541059911,14330,2.732,0,0
0.4383853266652,14331,2.7324,0,0
0.43838524285665,14332,2.7328,0,0
0.43838515917346,14333,2.7332,0,0
0.43838507561562,14334,2.7336,0,0
0.43838499218313,14335,2.734,0,0
0.438384908876,14336,2.7344,0,0
0.43838482569423,14337,2.7348,0,0
0.43838474263781,14338,2.7352,0,0
0.43838465970675,14339,2.7356,0,0
0.43838457690105,14340,2.736,0,0
0.4383844942207,14341,2.7364,0,0
0.4383844116657,14342,2.7368,0,0
0.43838432923606,14343,2.7372,0,0
0.43838424693178,14344,2.7376,0,0
0.43838416475285,14345,2.738,0,0
0.43838408269929,14346,2.7384,0,0
0.43838400077107,14347,2.7388,0,0
0.43838391896821,14348,2.7392,0,0
0.43838383729071,14349,2.7396,0,0
0.43838375573857,14350,2.74,0,0
0.43838367431178,14351,2.7404,0,0
0.43838359301035,14352,2.7408,0,0
0.43838351183427,14353,2.7412,0,0
0.43838343078355,14354,2.7416,0,0
0.43838334985819,14355,2.742,0,0
0.43838326905819,14356,2.7424,0,0
0.43838318838354,14357,2.7428,0,0
0.43838310783425,14358,2.7432,0,0
0.43838302741031,14359,2.7436,0,0
0.43838294711173,14360,2.744,0,0
0.43838286693851,14361,2.7444,0,0
0.43838278689065,14362,2.7448,0,0
0.43838270696814,14363,2.7452,0,0
0.43838262717099,14364,2.7456,0,0
0.4383825474992,14365,2.746,0,0
0.43838246795276,14366,2.7464,0,0
0.43838238853169,14367,2.7468,0,0
0.43838230923596,14368,2.7472,0,0
0.4383822300656,14369,2.7476,0,0
0.4383821510206,14370,2.748,0,0
0.43838207210095,14371,2.7484,0,0
0.43838199330666,14372,2.7488,0,0
0.43838191463772,14373,2.7492,0,0
0.43838183609415,14374,2.7496,0,0
0.43838175767593,14375,2.75,0,0
0.43838167938307,14376,2.7504,0,0
0.43838160121557,14377,2.7508,0,0
0.43838152317342,14378,2.7512,0,0
0.43838144525664,14379,2.7516,0,0
0.43838136746521,14380,2.752,0,0
0.43838128979914,14381,2.7524,0,0
0.43838121225843,14382,2.7528,0,0
0.43838113484307,14383,2.7532,0,0
0.43838105755308,14384,2.7536,0,0
0.43838098038844,14385,2.754,0,0
0.43838090334916,14386,2.7544,0,0
0.43838082643524,14387,2.7548,0,0
0.43838074964668,14388,2.7552,0,0
0.43838067298347,14389,2.7556,0,0
0.43838059644563,14390,2.756,0,0
0.43838052003314,14391,2.7564,0,0
0.43838044374601,14392,2.7568,0,0
0.43838036758424,14393,2.7572,0,0
0.43838029154783,14394,2.7576,0,0
0.43838021563678,14395,2.758,0,0
0.43838013985109,14396,2.7584,0,0
0.43838006419075,14397,2.7588,0,0
0.43837998865578,14398,2.7592,0,0
0.43837991324616,14399,2.7596,0,0
0.4383798379619,14400,2.76,0,0
0.438379762803,14401,2.7604,0,0
0.43837968776946,14402,2.7608,0,0
0.43837961286128,14403,2.7612,0,0
0.43837953807846,14404,2.7616,0,0
0.438379463421,14405,2.762,0,0
0.4383793888889,14406,2.7624,0,0
0.43837931448216,14407,2.7628,0,0
0.43837924020077,14408,2.7632,0,0
0.43837916604475,14409,2.7636,0,0
0.43837909201408,14410,2.764,0,0
0.43837901810878,14411,2.7644,0,0
0.43837894432883,14412,2.7648,0,0
0.43837887067425,14413,2.7652,0,0
0.43837879714502,14414,2.7656,0,0
0.43837872374116,14415,2.766,0,0
0.43837865046265,14416,2.7664,0,0
0.43837857730951,14417,2.7668,0,0
0.43837850428172,14418,2.7672,0,0
0.43837843137929,14419,2.7676,0,0
0.43837835860223,14420,2.768,0,0
0.43837828595052,14421,2.7684,0,0
0.43837821342417,14422,2.7688,0,0
0.43837814102319,14423,2.7692,0,0
0.43837806874756,14424,2.7696,0,0
0.4383779965973,14425,2.77,0,0
0.43837792457239,14426,2.7704,0,0
0.43837785267285,14427,2.7708,0,0
0.43837778089866,14428,2.7712,0,0
0.43837770924984,14429,2.7716,0,0
0.43837763772638,14430,2.772,0,0
0.43837756632827,14431,2.7724,0,0
0.43837749505553,14432,2.7728,0,0
0.43837742390815,14433,2.7732,0,0
0.43837735288613,14434,2.7736,0,0
0.43837728198947,14435,2.774,0,0
0.43837721121817,14436,2.7744,0,0
0.43837714057223,14437,2.7748,0,0
0.43837707005166,14438,2.7752,0,0
0.43837699965644,14439,2.7756,0,0
0.43837692938658,14440,2.776,0,0
0.43837685924209,14441,2.7764,0,0
0.43837678922296,14442,2.7768,0,0
0.43837671932919,14443,2.7772,0,0
0.43837664956078,14444,2.7776,0,0
0.43837657991773,14445,2.778,0,0
0.43837651040004,14446,2.7784,0,0
0.43837644100771,14447,2.7788,0,0
0.43837637174075,14448,2.7792,0,0
0.43837630259914,14449,2.7796,0,0
0.4383762335829,14450,2.78,0,0
0.43837616469202,14451,2.7804,0,0
0.4383760959265,14452,2.7808,0,0
0.43837602728634,14453,2.7812,0,0
0.43837595877154,14454,2.7816,0,0
0.43837589038211,14455,2.782,0,0
0.43837582211804,14456,2.7824,0,0
0.43837575397933,14457,2.7828,0,0
0.43837568596598,14458,2.7832,0,0
0.43837561807799,14459,2.7836,0,0
0.43837555031537,14460,2.784,0,0
0.4383754826781,14461,2.7844,0,0
0.4383754151662,14462,2.7848,0,0
0.43837534777966,14463,2.7852,0,0
0.43837528051849,14464,2.7856,0,0
0.43837521338267,14465,2.786,0,0
0.43837514637222,14466,2.7864,0,0
0.43837507948713,14467,2.7868,0,0
0.4383750127274,14468,2.7872,0,0
0.43837494609304,14469,2.7876,0,0
0.43837487958403,14470,2.788,0,0
0.43837481320039,14471,2.7884,0,0
0.43837474694211,14472,2.7888,0,0
0.4383746808092,14473,2.7892,0,0
0.43837461480164,14474,2.7896,0,0
0.43837454891945,14475,2.79,0,0
0.43837448316263,14476,2.7904,0,0
0.43837441753116,14477,2.7908,0,0
0.43837435202506,14478,2.7912,0,0
0.43837428664432,14479,2.7916,0,0
0.43837422138894,14480,2.792,0,0
0.43837415625893,14481,2.7924,0,0
0.43837409125428,14482,2.7928,0,0
0.43837402637499,14483,2.7932,0,0
0.43837396162107,14484,2.7936,0,0
0.4383738969925,14485,2.794,0,0
0.43837383248931,14486,2.7944,0,0
0.43837376811147,14487,2.7948,0,0
0.438373703859,14488,2.7952,0,0
0.43837363973189,14489,2.7956,0,0
0.43837357573014,14490,2.796,0,0
0.43837351185376,14491,2.7964,0,0
0.43837344810274,14492,2.7968,0,0
0.43837338447709,14493,2.7972,0,0
0.43837332097679,14494,2.7976,0,0
0.43837325760187,14495,2.798,0,0
0.4383731943523,14496,2.7984,0,0
0.4383731312281,14497,2.7988,0,0
0.43837306822926,14498,2.7992,0,0
0.43837300535579,14499,2.7996,0,0
0.43837294260768,14500,2.8,0,0
0.43837287998493,14501,2.8004,0,0
0.43837281748755,14502,2.8008,0,0
0.43837275511553,14503,2.8012,0,0
0.43837269286887,14504,2.8016,0,0
0.43837263074758,14505,2.802,0,0
0.43837256875166,14506,2.8024,0,0
0.43837250688109,14507,2.8028,0,0
0.43837244513589,14508,2.8032,0,0
0.43837238351606,14509,2.8036,0,0
0.43837232202159,14510,2.804,0,0
0.43837226065248,14511,2.8044,0,0
0.43837219940874,14512,2.8048,0,0
0.43837213829036,14513,2.8052,0,0
0.43837207729735,14514,2.8056,0,0
0.4383720164297,14515,2.806,0,0
0.43837195568741,14516,2.8064,0,0
0.43837189507049,14517,2.8068,0,0
0.43837183457894,14518,2.8072,0,0
0.43837177421274,14519,2.8076,0,0
0.43837171397192,14520,2.808,0,0
0.43837165385645,14521,2.8084,0,0
0.43837159386636,14522,2.8088,0,0
0.43837153400162,14523,2.8092,0,0
0.43837147426225,14524,2.8096,0,0
0.43837141464825,14525,2.81,0,0
0.43837135515961,14526,2.8104,0,0
0.43837129579634,14527,2.8108,0,0
0.43837123655843,14528,2.8112,0,0
0.43837117744588,14529,2.8116,0,0
0.43837111845871,14530,2.812,0,0
0.43837105959689,14531,2.8124,0,0
0.43837100086044,14532,2.8128,0,0
0.43837094224936,14533,2.8132,0,0
0.43837088376364,14534,2.8136,0,0
0.43837082540328,14535,2.814,0,0
0.4383707671683,14536,2.8144,0,0
0.43837070905867,14537,2.8148,0,0
0.43837065107441,14538,2.8152,0,0
0.43837059321552,14539,2.8156,0,0
0.43837053548199,14540,2.816,0,0
0.43837047787383,14541,2.8164,0,0
0.43837042039104,14542,2.8168,0,0
0.4383703630336,14543,2.8172,0,0
0.43837030580154,14544,2.8176,0,0
0.43837024869484,14545,2.818,0,0
0.4383701917135,14546,2.8184,0,0
0.43837013485753,14547,2.8188,0,0
0.43837007812693,14548,2.8192,0,0
0.43837002152169,14549,2.8196,0,0
0.43836996504182,14550,2.82,0,0
0.43836990868732,14551,2.8204,0,0
0.43836985245818,14552,2.8208,0,0
0.4383697963544,14553,2.8212,0,0
0.43836974037599,14554,2.8216,0,0
0.43836968452295,14555,2.822,0,0
0.43836962879527,14556,2.8224,0,0
0.43836957319296,14557,2.8228,0,0
0.43836951771602,14558,2.8232,0,0
0.43836946236444,14559,2.8236,0,0
0.43836940713823,14560,2.824,0,0
0.43836935203738,14561,2.8244,0,0
0.4383692970619,14562,2.8248,0,0
0.43836924221179,14563,2.8252,0,0
0.43836918748704,14564,2.8256,0,0
0.43836913288766,14565,2.826,0,0
0.43836907841365,14566,2.8264,0,0
0.438369024065,14567,2.8268,0,0
0.43836896984172,14568,2.8272,0,0
0.4383689157438,14569,2.8276,0,0
0.43836886177125,14570,2.828,0,0
0.43836880792407,14571,2.8284,0,0
0.43836875420225,14572,2.8288,0,0
0.43836870060581,14573,2.8292,0,0
0.43836864713472,14574,2.8296,0,0
0.43836859378901,14575,2.83,0,0
0.43836854056866,14576,2.8304,0,0
0.43836848747368,14577,2.8308,0,0
0.43836843450406,14578,2.8312,0,0
0.43836838165981,14579,2.8316,0,0
0.43836832894093,14580,2.832,0,0
0.43836827634741,14581,2.8324,0,0
0.43836822387927,14582,2.8328,0,0
0.43836817153649,14583,2.8332,0,0
0.43836811931907,14584,2.8336,0,0
0.43836806722702,14585,2.834,0,0
0.43836801526034,14586,2.8344,0,0
0.43836796341903,14587,2.8348,0,0
0.43836791170309,14588,2.8352,0,0
0.43836786011251,14589,2.8356,0,0
0.4383678086473,14590,2.836,0,0
0.43836775730745,14591,2.8364,0,0
0.43836770609298,14592,2.8368,0,0
0.43836765500387,14593,2.8372,0,0
0.43836760404012,14594,2.8376,0,0
0.43836755320175,14595,2.838,0,0
0.43836750248874,14596,2.8384,0,0
0.4383674519011,14597,2.8388,0,0
0.43836740143883,14598,2.8392,0,0
0.43836735110192,14599,2.8396,0,0
0.43836730089039,14600,2.84,0,0
0.43836725080422,14601,2.8404,0,0
0.43836720084342,14602,2.8408,0,0
0.43836715100798,14603,2.8412,0,0
0.43836710129791,14604,2.8416,0,0
0.43836705171322,14605,2.842,0,0
0.43836700225388,14606,2.8424,0,0
0.43836695291992,14607,2.8428,0,0
0.43836690371133,14608,2.8432,0,0
0.4383668546281,14609,2.8436,0,0
0.43836680567024,14610,2.844,0,0
0.43836675683775,14611,2.8444,0,0
0.43836670813062,14612,2.8448,0,0
0.43836665954887,14613,2.8452,0,0
0.43836661109248,14614,2.8456,0,0
0.43836656276146,14615,2.846,0,0
0.43836651455581,14616,2.8464,0,0
0.43836646647552,14617,2.8468,0,0
0.43836641852061,14618,2.8472,0,0
0.43836637069106,14619,2.8476,0,0
0.43836632298688,14620,2.848,0,0
0.43836627540807,14621,2.8484,0,0
0.43836622795463,14622,2.8488,0,0
0.43836618062655,14623,2.8492,0,0
0.43836613342385,14624,2.8496,0,0
0.43836608634651,14625,2.85,0,0
0.43836603939454,14626,2.8504,0,0
0.43836599256794,14627,2.8508,0,0
0.43836594586671,14628,2.8512,0,0
0.43836589929085,14629,2.8516,0,0
0.43836585284035,14630,2.852,0,0
0.43836580651522,14631,2.8524,0,0
0.43836576031547,14632,2.8528,0,0
0.43836571424108,14633,2.8532,0,0
0.43836566829206,14634,2.8536,0,0
0.4383656224684,14635,2.854,0,0
0.43836557677012,14636,2.8544,0,0
0.43836553119721,14637,2.8548,0,0
0.43836548574966,14638,2.8552,0,0
0.43836544042749,14639,2.8556,0,0
0.43836539523068,14640,2.856,0,0
0.43836535015924,14641,2.8564,0,0
0.43836530521317,14642,2.8568,0,0
0.43836526039247,14643,2.8572,0,0
0.43836521569714,14644,2.8576,0,0
0.43836517112717,14645,2.858,0,0
0.43836512668258,14646,2.8584,0,0
0.43836508236335,14647,2.8588,0,0
0.4383650381695,14648,2.8592,0,0
0.43836499410101,14649,2.8596,0,0
0.43836495015789,14650,2.86,0,0
0.43836490634014,14651,2.8604,0,0
0.43836486264777,14652,2.8608,0,0
0.43836481908076,14653,2.8612,0,0
0.43836477563912,14654,2.8616,0,0
0.43836473232284,14655,2.862,0,0
0.43836468913194,14656,2.8624,0,0
0.43836464606641,14657,2.8628,0,0
0.43836460312625,14658,2.8632,0,0
0.43836456031145,14659,2.8636,0,0
0.43836451762203,14660,2.864,0,0
0.43836447505797,14661,2.8644,0,0
0.43836443261929,14662,2.8648,0,0
0.43836439030597,14663,2.8652,0,0
0.43836434811803,14664,2.8656,0,0
0.43836430605545,14665,2.866,0,0
0.43836426411824,14666,2.8664,0,0
0.4383642223064,14667,2.8668,0,0
0.43836418061994,14668,2.8672,0,0
0.43836413905884,14669,2.8676,0,0
0.43836409762311,14670,2.868,0,0
0.43836405631275,14671,2.8684,0,0
0.43836401512776,14672,2.8688,0,0
0.43836397406814,14673,2.8692,0,0
0.4383639331339,14674,2.8696,0,0
0.43836389232502,14675,2.87,0,0
0.43836385164151,14676,2.8704,0,0
0.43836381108337,14677,2.8708,0,0
0.4383637706506,14678,2.8712,0,0
0.4383637303432,14679,2.8716,0,0
0.43836369016117,14680,2.872,0,0
0.43836365010451,14681,2.8724,0,0
0.43836361017322,14682,2.8728,0,0
0.4383635703673,14683,2.8732,0,0
0.43836353068675,14684,2.8736,0,0
0.43836349113158,14685,2.874,0,0
0.43836345170177,14686,2.8744,0,0
0.43836341239733,14687,2.8748,0,0
0.43836337321826,14688,2.8752,0,0
0.43836333416456,14689,2.8756,0,0
0.43836329523623,14690,2.876,0,0
0.43836325643328,14691,2.8764,0,0
0.43836321775569,14692,2.8768,0,0
0.43836317920347,14693,2.8772,0,0
0.43836314077663,14694,2.8776,0,0
0.43836310247515,14695,2.878,0,0
0.43836306429905,14696,2.8784,0,0
0.43836302624831,14697,2.8788,0,0
0.43836298832295,14698,2.8792,0,0
0.43836295052295,14699,2.8796,0,0
0.43836291284833,14700,2.88,0,0
0.43836287529908,14701,2.8804,0,0
0.4383628378752,14702,2.8808,0,0
0.43836280057668,14703,2.8812,0,0
0.43836276340354,14704,2.8816,0,0
0.43836272635577,14705,2.882,0,0
0.43836268943337,14706,2.8824,0,0
0.43836265263634,14707,2.8828,0,0
0.43836261596469,14708,2.8832,0,0
0.4383625794184,14709,2.8836,0,0
0.43836254299748,14710,2.884,0,0
0.43836250670194,14711,2.8844,0,0
0.43836247053176,14712,2.8848,0,0
0.43836243448696,14713,2.8852,0,0
0.43836239856753,14714,2.8856,0,0
0.43836236277346,14715,2.886,0,0
0.43836232710477,14716,2.8864,0,0
0.43836229156145,14717,2.8868,0,0
0.4383622561435,14718,2.8872,0,0
0.43836222085093,14719,2.8876,0,0
0.43836218568372,14720,2.888,0,0
0.43836215064188,14721,2.8884,0,0
0.43836211572542,14722,2.8888,0,0
0.43836208093432,14723,2.8892,0,0
0.4383620462686,14724,2.8896,0,0
0.43836201172825,14725,2.89,0,0
0.43836197731327,14726,2.8904,0,0
0.43836194302366,14727,2.8908,0,0
0.43836190885942,14728,2.8912,0,0
0.43836187482056,14729,2.8916,0,0
0.43836184090706,14730,2.892,0,0
0.43836180711894,14731,2.8924,0,0
0.43836177345618,14732,2.8928,0,0
0.4383617399188,14733,2.8932,0,0
0.43836170650679,14734,2.8936,0,0
0.43836167322015,14735,2.894,0,0
0.43836164005889,14736,2.8944,0,0
0.43836160702299,14737,2.8948,0,0
0.43836157411247,14738,2.8952,0,0
0.43836154132731,14739,2.8956,0,0
0.43836150866753,14740,2.896,0,0
0.43836147613312,14741,2.8964,0,0
0.43836144372408,14742,2.8968,0,0
0.43836141144042,14743,2.8972,0,0
0.43836137928212,14744,2.8976,0,0
0.4383613472492,14745,2.898,0,0
0.43836131534165,14746,2.8984,0,0
0.43836128355947,14747,2.8988,0,0
0.43836125190266,14748,2.8992,0,0
0.43836122037122,14749,2.8996,0,0
0.43836118896516,14750,2.9,0,0
0.43836115768446,14751,2.9004,0,0
0.43836112652914,14752,2.9008,0,0
0.43836109549919,14753,2.9012,0,0
0.43836106459461,14754,2.9016,0,0
0.43836103381541,14755,2.902,0,0
0.43836100316157,14756,2.9024,0,0
0.43836097263311,14757,2.9028,0,0
0.43836094223002,14758,2.9032,0,0
0.4383609119523,14759,2.9036,0,0
0.43836088179995,14760,2.904,0,0
0.43836085177298,14761,2.9044,0,0
0.43836082187138,14762,2.9048,0,0
0.43836079209515,14763,2.9052,0,0
0.43836076244429,14764,2.9056,0,0
0.4383607329188,14765,2.906,0,0
0.43836070351869,14766,2.9064,0,0
0.43836067424394,14767,2.9068,0,0
0.43836064509457,14768,2.9072,0,0
0.43836061607057,14769,2.9076,0,0
0.43836058717195,14770,2.908,0,0
0.43836055839869,14771,2.9084,0,0
0.43836052975081,14772,2.9088,0,0
0.4383605012283,14773,2.9092,0,0
0.43836047283116,14774,2.9096,0,0
0.4383604445594,14775,2.91,0,0
0.43836041641301,14776,2.9104,0,0
0.43836038839199,14777,2.9108,0,0
0.43836036049634,14778,2.9112,0,0
0.43836033272606,14779,2.9116,0,0
0.43836030508116,14780,2.912,0,0
0.43836027756163,14781,2.9124,0,0
0.43836025016747,14782,2.9128,0,0
0.43836022289868,14783,2.9132,0,0
0.43836019575527,14784,2.9136,0,0
0.43836016873722,14785,2.914,0,0
0.43836014184455,14786,2.9144,0,0
0.43836011507726,14787,2.9148,0,0
0.43836008843533,14788,2.9152,0,0
0.43836006191878,14789,2.9156,0,0
0.4383600355276,14790,2.916,0,0
0.43836000926179,14791,2.9164,0,0
0.43835998312136,14792,2.9168,0,0
0.4383599571063,14793,2.9172,0,0
0.43835993121661,14794,2.9176,0,0
0.43835990545229,14795,2.918,0,0
0.43835987981335,14796,2.9184,0,0
0.43835985429977,14797,2.9188,0,0
0.43835982891158,14798,2.9192,0,0
0.43835980364875,14799,2.9196,0,0
0.4383597785113,14800,2.92,0,0
0.43835975349922,14801,2.9204,0,0
0.43835972861251,14802,2.9208,0,0
0.43835970385117,14803,2.9212,0,0
0.43835967921521,14804,2.9216,0,0
0.43835965470462,14805,2.922,0,0
0.4383596303194,14806,2.9224,0,0
0.43835960605956,14807,2.9228,0,0
0.43835958192509,14808,2.9232,0,0
0.43835955791599,14809,2.9236,0,0
0.43835953403226,14810,2.924,0,0
0.43835951027391,14811,2.9244,0,0
0.43835948664093,14812,2.9248,0,0
0.43835946313332,14813,2.9252,0,0
0.43835943975109,14814,2.9256,0,0
0.43835941649423,14815,2.926,0,0
0.43835939336274,14816,2.9264,0,0
0.43835937035662,14817,2.9268,0,0
0.43835934747588,14818,2.9272,0,0
0.43835932472051,14819,2.9276,0,0
0.43835930209051,14820,2.928,0,0
0.43835927958589,14821,2.9284,0,0
0.43835925720664,14822,2.9288,0,0
0.43835923495276,14823,2.9292,0,0
0.43835921282426,14824,2.9296,0,0
0.43835919082113,14825,2.93,0,0
0.43835916894337,14826,2.9304,0,0
0.43835914719098,14827,2.9308,0,0
0.43835912556397,14828,2.9312,0,0
0.43835910406233,14829,2.9316,0,0
0.43835908268607,14830,2.932,0,0
0.43835906143518,14831,2.9324,0,0
0.43835904030966,14832,2.9328,0,0
0.43835901930951,14833,2.9332,0,0
0.43835899843474,14834,2.9336,0,0
0.43835897768534,14835,2.934,0,0
0.43835895706131,14836,2.9344,0,0
0.43835893656266,14837,2.9348,0,0
0.43835891618938,14838,2.9352,0,0
0.43835889594147,14839,2.9356,0,0
0.43835887581894,14840,2.936,0,0
0.43835885582178,14841,2.9364,0,0
0.43835883594999,14842,2.9368,0,0
0.43835881620358,14843,2.9372,0,0
0.43835879658254,14844,2.9376,0,0
0.43835877708688,14845,2.938,0,0
0.43835875771658,14846,2.9384,0,0
0.43835873847166,14847,2.9388,0,0
0.43835871935212,14848,2.9392,0,0
0.43835870035794,14849,2.9396,0,0
0.43835868148914,14850,2.94,0,0
0.43835866274572,14851,2.9404,0,0
0.43835864412767,14852,2.9408,0,0
0.43835862563499,14853,2.9412,0,0
0.43835860726768,14854,2.9416,0,0
0.43835858902575,14855,2.942,0,0
0.43835857090919,14856,2.9424,0,0
0.43835855291801,14857,2.9428,0,0
0.43835853505219,14858,2.9432,0,0
0.43835851731176,14859,2.9436,0,0
0.43835849969669,14860,2.944,0,0
0.438358482207,14861,2.9444,0,0
0.43835846484268,14862,2.9448,0,0
0.43835844760374,14863,2.9452,0,0
0.43835843049017,14864,2.9456,0,0
0.43835841350197,14865,2.946,0,0
0.43835839663915,14866,2.9464,0,0
0.4383583799017,14867,2.9468,0,0
0.43835836328963,14868,2.9472,0,0
0.43835834680292,14869,2.9476,0,0
0.4383583304416,14870,2.948,0,0
0.43835831420564,14871,2.9484,0,0
0.43835829809506,14872,2.9488,0,0
0.43835828210985,14873,2.9492,0,0
0.43835826625002,14874,2.9496,0,0
0.43835825051556,14875,2.95,0,0
0.43835823490648,14876,2.9504,0,0
0.43835821942276,14877,2.9508,0,0
0.43835820406443,14878,2.9512,0,0
0.43835818883146,14879,2.9516,0,0
0.43835817372387,14880,2.952,0,0
0.43835815874165,14881,2.9524,0,0
0.43835814388481,14882,2.9528,0,0
0.43835812915334,14883,2.9532,0,0
0.43835811454724,14884,2.9536,0,0
0.43835810006652,14885,2.954,0,0
0.43835808571117,14886,2.9544,0,0
0.4383580714812,14887,2.9548,0,0
0.4383580573766,14888,2.9552,0,0
0.43835804339737,14889,2.9556,0,0
0.43835802954352,14890,2.956,0,0
0.43835801581504,14891,2.9564,0,0
0.43835800221194,14892,2.9568,0,0
0.43835798873421,14893,2.9572,0,0
0.43835797538185,14894,2.9576,0,0
0.43835796215487,14895,2.958,0,0
0.43835794905326,14896,2.9584,0,0
0.43835793607702,14897,2.9588,0,0
0.43835792322616,14898,2.9592,0,0
0.43835791050068,14899,2.9596,0,0
0.43835789790056,14900,2.96,0,0
0.43835788542582,14901,2.9604,0,0
0.43835787307646,14902,2.9608,0,0
0.43835786085247,14903,2.9612,0,0
0.43835784875385,14904,2.9616,0,0
0.43835783678061,14905,2.962,0,0
0.43835782493274,14906,2.9624,0,0
0.43835781321024,14907,2.9628,0,0
0.43835780161312,14908,2.9632,0,0
0.43835779014137,14909,2.9636,0,0
0.438357778795,14910,2.964,0,0
0.438357767574,14911,2.9644,0,0
0.43835775647838,14912,2.9648,0,0
0.43835774550813,14913,2.9652,0,0
0.43835773466325,14914,2.9656,0,0
0.43835772394375,14915,2.966,0,0
0.43835771334962,14916,2.9664,0,0
0.43835770288086,14917,2.9668,0,0
0.43835769253748,14918,2.9672,0,0
0.43835768231948,14919,2.9676,0,0
0.43835767222684,14920,2.968,0,0
0.43835766225959,14921,2.9684,0,0
0.4383576524177,14922,2.9688,0,0
0.43835764270119,14923,2.9692,0,0
0.43835763311006,14924,2.9696,0,0
0.4383576236443,14925,2.97,0,0
0.43835761430391,14926,2.9704,0,0
0.4383576050889,14927,2.9708,0,0
0.43835759599926,14928,2.9712,0,0
0.43835758703499,14929,2.9716,0,0
0.4383575781961,14930,2.972,0,0
0.43835756948259,14931,2.9724,0,0
0.43835756089444,14932,2.9728,0,0
0.43835755243168,14933,2.9732,0,0
0.43835754409428,14934,2.9736,0,0
0.43835753588226,14935,2.974,0,0
0.43835752779562,14936,2.9744,0,0
0.43835751983435,14937,2.9748,0,0
0.43835751199845,14938,2.9752,0,0
0.43835750428793,14939,2.9756,0,0
0.43835749670278,14940,2.976,0,0
0.438357489243,14941,2.9764,0,0
0.4383574819086,14942,2.9768,0,0
0.43835747469958,14943,2.9772,0,0
0.43835746761593,14944,2.9776,0,0
0.43835746065765,14945,2.978,0,0
0.43835745382475,14946,2.9784,0,0
0.43835744711722,14947,2.9788,0,0
0.43835744053507,14948,2.9792,0,0
0.43835743407829,14949,2.9796,0,0
0.43835742774688,14950,2.98,0,0
0.43835742154085,14951,2.9804,0,0
0.43835741546019,14952,2.9808,0,0
0.43835740950491,14953,2.9812,0,0
0.438357403675,14954,2.9816,0,0
0.43835739797047,14955,2.982,0,0
0.43835739239131,14956,2.9824,0,0
0.43835738693752,14957,2.9828,0,0
0.43835738160911,14958,2.9832,0,0
0.43835737640607,14959,2.9836,0,0
0.43835737132841,14960,2.984,0,0
0.43835736637612,14961,2.9844,0,0
0.43835736154921,14962,2.9848,0,0
0.43835735684767,14963,2.9852,0,0
0.43835735227151,14964,2.9856,0,0
0.43835734782071,14965,2.986,0,0
0.4383573434953,14966,2.9864,0,0
0.43835733929526,14967,2.9868,0,0
0.43835733522059,14968,2.9872,0,0
0.4383573312713,14969,2.9876,0,0
0.43835732744738,14970,2.988,0,0
0.43835732374883,14971,2.9884,0,0
0.43835732017566,14972,2.9888,0,0
0.43835731672787,14973,2.9892,0,0
0.43835731340544,14974,2.9896,0,0
0.4383573102084,14975,2.99,0,0
0.43835730713672,14976,2.9904,0,0
0.43835730419043,14977,2.9908,0,0
0.4383573013695,14978,2.9912,0,0
0.43835729867395,14979,2.9916,0,0
0.43835729610378,14980,2.992,0,0
0.43835729365898,14981,2.9924,0,0
0.43835729133955,14982,2.9928,0,0
0.4383572891455,14983,2.9932,0,0
0.43835728707682,14984,2.9936,0,0
0.43835728513352,14985,2.994,0,0
0.43835728331559,14986,2.9944,0,0
0.43835728162303,14987,2.9948,0,0
0.43835728005585,14988,2.9952,0,0
0.43835727861405,14989,2.9956,0,0
0.43835727729762,14990,2.996,0,0
0.43835727610656,14991,2.9964,0,0
0.43835727504088,14992,2.9968,0,0
0.43835727410057,14993,2.9972,0,0
0.43835727328564,14994,2.9976,0,0
0.43835727259608,14995,2.998,0,0
0.43835727203189,14996,2.9984,0,0
0.43835727159308,14997,2.9988,0,0
0.43835727127965,14998,2.9992,0,0
0.43835727109158,14999,2.9996,0,0
0.4383572710289,15000,3,0,0
