ci,id,x,y,z
0.66863059996224,0,-2,0,0
0.66863059991775,1,-1.9996,0,0
0.66863059978427,2,-1.9992,0,0
0.66863059956181,3,-1.9988,0,0
0.66863059925037,4,-1.9984,0,0
0.66863059884994,5,-1.998,0,0
0.66863059836053,6,-1.9976,0,0
0.66863059778214,7,-1.9972,0,0
0.66863059711476,8,-1.9968,0,0
0.6686305963584,9,-1.9964,0,0
0.66863059551305,10,-1.996,0,0
0.66863059457873,11,-1.9956,0,0
0.66863059355541,12,-1.9952,0,0
0.66863059244312,13,-1.9948,0,0
0.66863059124184,14,-1.9944,0,0
0.66863058995158,15,-1.994,0,0
0.66863058857233,16,-1.9936,0,0
0.6686305871041,17,-1.9932,0,0
0.66863058554688,18,-1.9928,0,0
0.66863058390069,19,-1.9924,0,0
0.66863058216551,20,-1.992,0,0
0.66863058034134,21,-1.9916,0,0
0.66863057842819,22,-1.9912,0,0
0.66863057642606,23,-1.9908,0,0
0.66863057433494,24,-1.9904,0,0
0.66863057215484,25,-1.99,0,0
0.66863056988576,26,-1.9896,0,0
0.66863056752769,27,-1.9892,0,0
0.66863056508064,28,-1.9888,0,0
0.66863056254461,29,-1.9884,0,0
0.66863055991959,30,-1.988,0,0
0.66863055720559,31,-1.9876,0,0
0.6686305544026,32,-1.9872,0,0
0.66863055151063,33,-1.9868,0,0
0.66863054852968,34,-1.9864,0,0
0.66863054545974,35,-1.986,0,0
0.66863054230082,36,-1.9856,0,0
0.66863053905292,37,-1.9852,0,0
0.66863053571603,38,-1.9848,0,0
0.66863053229016,39,-1.9844,0,0
0.66863052877531,40,-1.984,0,0
0.66863052517147,41,-1.9836,0,0
0.66863052147864,42,-1.9832,0,0
0.66863051769684,43,-1.9828,0,0
0.66863051382605,44,-1.9824,0,0
0.66863050986628,45,-1.982,0,0
0.66863050581752,46,-1.9816,0,0
0.66863050167978,47,-1.9812,0,0
0.66863049745305,48,-1.9808,0,0
0.66863049313734,49,-1.9804,0,0
0.66863048873265,50,-1.98,0,0
0.66863048423898,51,-1.9796,0,0
0.66863047965632,52,-1.9792,0,0
0.66863047498467,53,-1.9788,0,0
0.66863047022405,54,-1.9784,0,0
0.66863046537444,55,-1.978,0,0
0.66863046043584,56,-1.9776,0,0
0.66863045540826,57,-1.9772,0,0
0.6686304502917,58,-1.9768,0,0
0.66863044508616,59,-1.9764,0,0
0.66863043979163,60,-1.976,0,0
0.66863043440811,61,-1.9756,0,0
0.66863042893562,62,-1.9752,0,0
0.66863042337414,63,-1.9748,0,0
0.66863041772367,64,-1.9744,0,0
0.66863041198422,65,-1.974,0,0
0.66863040615579,66,-1.9736,0,0
0.66863040023838,67,-1.9732,0,0
0.66863039423198,68,-1.9728,0,0
0.66863038813659,69,-1.9724,0,0
0.66863038195223,70,-1.972,0,0
0.66863037567888,71,-1.9716,0,0
0.66863036931654,72,-1.9712,0,0
0.66863036286522,73,-1.9708,0,0
0.66863035632492,74,-1.9704,0,0
0.66863034969563,75,-1.97,0,0
0.66863034297736,76,-1.9696,0,0
0.66863033617011,77,-1.9692,0,0
0.66863032927387,78,-1.9688,0,0
0.66863032228865,79,-1.9684,0,0
0.66863031521445,80,-1.968,0,0
0.66863030805126,81,-1.9676,0,0
0.66863030079909,82,-1.9672,0,0
0.66863029345793,83,-1.9668,0,0
0.66863028602779,84,-1.9664,0,0
0.66863027850866,85,-1.966,0,0
0.66863027090056,86,-1.9656,0,0
0.66863026320347,87,-1.9652,0,0
0.66863025541739,88,-1.9648,0,0
0.66863024754233,89,-1.9644,0,0
0.66863023957829,90,-1.964,0,0
0.66863023152526,91,-1.9636,0,0
0.66863022338325,92,-1.9632,0,0
0.66863021515225,93,-1.9628,0,0
0.66863020683227,94,-1.9624,0,0
0.66863019842331,95,-1.962,0,0
0.66863018992537,96,-1.9616,0,0
0.66863018133843,97,-1.9612,0,0
0.66863017266252,98,-1.9608,0,0
0.66863016389762,99,-1.9604,0,0
0.66863015504374,100,-1.96,0,0
0.66863014610087,101,-1.9596,0,0
0.66863013706902,102,-1.9592,0,0
0.66863012794819,103,-1.9588,0,0
0.66863011873837,104,-1.9584,0,0
0.66863010943957,105,-1.958,0,0
0.66863010005178,106,-1.9576,0,0
0.66863009057502,107,-1.9572,0,0
0.66863008100926,108,-1.9568,0,0
0.66863007135452,109,-1.9564,0,0
0.6686300616108,110,-1.956,0,0
0.6686300517781,111,-1.9556,0,0
0.66863004185641,112,-1.9552,0,0
0.66863003184573,113,-1.9548,0,0
0.66863002174608,114,-1.9544,0,0
0.66863001155744,115,-1.954,0,0
0.66863000127981,116,-1.9536,0,0
0.6686299909132,117,-1.9532,0,0
0.66862998045761,118,-1.9528,0,0
0.66862996991303,119,-1.9524,0,0
0.66862995927947,120,-1.952,0,0
0.66862994855692,121,-1.9516,0,0
0.66862993774539,122,-1.9512,0,0
0.66862992684488,123,-1.9508,0,0
0.66862991585538,124,-1.9504,0,0
0.6686299047769,125,-1.95,0,0
0.66862989360944,126,-1.9496,0,0
0.66862988235299,127,-1.9492,0,0
0.66862987100755,128,-1.9488,0,0
0.66862985957314,129,-1.9484,0,0
0.66862984804973,130,-1.948,0,0
0.66862983643735,131,-1.9476,0,0
0.66862982473598,132,-1.9472,0,0
0.66862981294562,133,-1.9468,0,0
0.66862980106629,134,-1.9464,0,0
0.66862978909796,135,-1.946,0,0
0.66862977704066,136,-1.9456,0,0
0.66862976489437,137,-1.9452,0,0
0.66862975265909,138,-1.9448,0,0
0.66862974033483,139,-1.9444,0,0
0.66862972792159,140,-1.944,0,0
0.66862971541936,141,-1.9436,0,0
0.66862970282815,142,-1.9432,0,0
0.66862969014796,143,-1.9428,0,0
0.66862967737878,144,-1.9424,0,0
0.66862966452061,145,-1.942,0,0
0.66862965157347,146,-1.9416,0,0
0.66862963853733,147,-1.9412,0,0
0.66862962541222,148,-1.9408,0,0
0.66862961219812,149,-1.9404,0,0
0.66862959889503,150,-1.94,0,0
0.66862958550296,151,-1.9396,0,0
0.66862957202191,152,-1.9392,0,0
0.66862955845187,153,-1.9388,0,0
0.66862954479285,154,-1.9384,0,0
0.66862953104484,155,-1.938,0,0
0.66862951720785,156,-1.9376,0,0
0.66862950328188,157,-1.9372,0,0
0.66862948926692,158,-1.9368,0,0
0.66862947516298,159,-1.9364,0,0
0.66862946097005,160,-1.936,0,0
0.66862944668814,161,-1.9356,0,0
0.66862943231724,162,-1.9352,0,0
0.66862941785736,163,-1.9348,0,0
0.6686294033085,164,-1.9344,0,0
0.66862938867065,165,-1.934,0,0
0.66862937394382,166,-1.9336,0,0
0.668629359128,167,-1.9332,0,0
0.6686293442232,168,-1.9328,0,0
0.66862932922941,169,-1.9324,0,0
0.66862931414664,170,-1.932,0,0
0.66862929897489,171,-1.9316,0,0
0.66862928371415,172,-1.9312,0,0
0.66862926836442,173,-1.9308,0,0
0.66862925292571,174,-1.9304,0,0
0.66862923739802,175,-1.93,0,0
0.66862922178135,176,-1.9296,0,0
0.66862920607568,177,-1.9292,0,0
0.66862919028104,178,-1.9288,0,0
0.66862917439741,179,-1.9284,0,0
0.66862915842479,180,-1.928,0,0
0.66862914236319,181,-1.9276,0,0
0.66862912621261,182,-1.9272,0,0
0.66862910997304,183,-1.9268,0,0
0.66862909364449,184,-1.9264,0,0
0.66862907722695,185,-1.926,0,0
0.66862906072043,186,-1.9256,0,0
0.66862904412492,187,-1.9252,0,0
0.66862902744043,188,-1.9248,0,0
0.66862901066696,189,-1.9244,0,0
0.6686289938045,190,-1.924,0,0
0.66862897685305,191,-1.9236,0,0
0.66862895981262,192,-1.9232,0,0
0.66862894268321,193,-1.9228,0,0
0.66862892546481,194,-1.9224,0,0
0.66862890815743,195,-1.922,0,0
0.66862889076106,196,-1.9216,0,0
0.66862887327571,197,-1.9212,0,0
0.66862885570137,198,-1.9208,0,0
0.66862883803805,199,-1.9204,0,0
0.66862882028575,200,-1.92,0,0
0.66862880244446,201,-1.9196,0,0
0.66862878451418,202,-1.9192,0,0
0.66862876649492,203,-1.9188,0,0
0.66862874838668,204,-1.9184,0,0
0.66862873018945,205,-1.918,0,0
0.66862871190323,206,-1.9176,0,0
0.66862869352803,207,-1.9172,0,0
0.66862867506385,208,-1.9168,0,0
0.66862865651068,209,-1.9164,0,0
0.66862863786853,210,-1.916,0,0
0.66862861913739,211,-1.9156,0,0
0.66862860031727,212,-1.9152,0,0
0.66862858140816,213,-1.9148,0,0
0.66862856241007,214,-1.9144,0,0
0.66862854332299,215,-1.914,0,0
0.66862852414693,216,-1.9136,0,0
0.66862850488188,217,-1.9132,0,0
0.66862848552785,218,-1.9128,0,0
0.66862846608484,219,-1.9124,0,0
0.66862844655284,220,-1.912,0,0
0.66862842693185,221,-1.9116,0,0
0.66862840722188,222,-1.9112,0,0
0.66862838742292,223,-1.9108,0,0
0.66862836753498,224,-1.9104,0,0
0.66862834755806,225,-1.91,0,0
0.66862832749215,226,-1.9096,0,0
0.66862830733725,227,-1.9092,0,0
0.66862828709337,228,-1.9088,0,0
0.66862826676051,229,-1.9084,0,0
0.66862824633866,230,-1.908,0,0
0.66862822582782,231,-1.9076,0,0
0.668628205228,232,-1.9072,0,0
0.66862818453919,233,-1.9068,0,0
0.6686281637614,234,-1.9064,0,0
0.66862814289463,235,-1.906,0,0
0.66862812193887,236,-1.9056,0,0
0.66862810089412,237,-1.9052,0,0
0.66862807976039,238,-1.9048,0,0
0.66862805853768,239,-1.9044,0,0
0.66862803722598,240,-1.904,0,0
0.66862801582529,241,-1.9036,0,0
0.66862799433562,242,-1.9032,0,0
0.66862797275696,243,-1.9028,0,0
0.66862795108932,244,-1.9024,0,0
0.6686279293327,245,-1.902,0,0
0.66862790748709,246,-1.9016,0,0
0.66862788555249,247,-1.9012,0,0
0.66862786352891,248,-1.9008,0,0
0.66862784141634,249,-1.9004,0,0
0.66862781921479,250,-1.9,0,0
0.66862779692425,251,-1.8996,0,0
0.66862777454473,252,-1.8992,0,0
0.66862775207622,253,-1.8988,0,0
0.66862772951873,254,-1.8984,0,0
0.66862770687225,255,-1.898,0,0
0.66862768413679,256,-1.8976,0,0
0.66862766131234,257,-1.8972,0,0
0.6686276383989,258,-1.8968,0,0
0.66862761539648,259,-1.8964,0,0
0.66862759230508,260,-1.896,0,0
0.66862756912469,261,-1.8956,0,0
0.66862754585531,262,-1.8952,0,0
0.66862752249695,263,-1.8948,0,0
0.66862749904961,264,-1.8944,0,0
0.66862747551327,265,-1.894,0,0
0.66862745188796,266,-1.8936,0,0
0.66862742817365,267,-1.8932,0,0
0.66862740437037,268,-1.8928,0,0
0.66862738047809,269,-1.8924,0,0
0.66862735649683,270,-1.892,0,0
0.66862733242659,271,-1.8916,0,0
0.66862730826736,272,-1.8912,0,0
0.66862728401914,273,-1.8908,0,0
0.66862725968194,274,-1.8904,0,0
0.66862723525576,275,-1.89,0,0
0.66862721074058,276,-1.8896,0,0
0.66862718613643,277,-1.8892,0,0
0.66862716144328,278,-1.8888,0,0
0.66862713666115,279,-1.8884,0,0
0.66862711179004,280,-1.888,0,0
0.66862708682994,281,-1.8876,0,0
0.66862706178085,282,-1.8872,0,0
0.66862703664278,283,-1.8868,0,0
0.66862701141573,284,-1.8864,0,0
0.66862698609968,285,-1.886,0,0
0.66862696069466,286,-1.8856,0,0
0.66862693520064,287,-1.8852,0,0
0.66862690961764,288,-1.8848,0,0
0.66862688394566,289,-1.8844,0,0
0.66862685818468,290,-1.884,0,0
0.66862683233473,291,-1.8836,0,0
0.66862680639579,292,-1.8832,0,0
0.66862678036786,293,-1.8828,0,0
0.66862675425094,294,-1.8824,0,0
0.66862672804504,295,-1.882,0,0
0.66862670175016,296,-1.8816,0,0
0.66862667536628,297,-1.8812,0,0
0.66862664889343,298,-1.8808,0,0
0.66862662233158,299,-1.8804,0,0
0.66862659568075,300,-1.88,0,0
0.66862656894094,301,-1.8796,0,0
0.66862654211214,302,-1.8792,0,0
0.66862651519435,303,-1.8788,0,0
0.66862648818758,304,-1.8784,0,0
0.66862646109182,305,-1.878,0,0
0.66862643390707,306,-1.8776,0,0
0.66862640663334,307,-1.8772,0,0
0.66862637927062,308,-1.8768,0,0
0.66862635181892,309,-1.8764,0,0
0.66862632427823,310,-1.876,0,0
0.66862629664856,311,-1.8756,0,0
0.66862626892989,312,-1.8752,0,0
0.66862624112225,313,-1.8748,0,0
0.66862621322561,314,-1.8744,0,0
0.66862618523999,315,-1.874,0,0
0.66862615716539,316,-1.8736,0,0
0.6686261290018,317,-1.8732,0,0
0.66862610074922,318,-1.8728,0,0
0.66862607240765,319,-1.8724,0,0
0.6686260439771,320,-1.872,0,0
0.66862601545757,321,-1.8716,0,0
0.66862598684904,322,-1.8712,0,0
0.66862595815153,323,-1.8708,0,0
0.66862592936504,324,-1.8704,0,0
0.66862590048956,325,-1.87,0,0
0.66862587152509,326,-1.8696,0,0
0.66862584247163,327,-1.8692,0,0
0.66862581332919,328,-1.8688,0,0
0.66862578409777,329,-1.8684,0,0
0.66862575477735,330,-1.868,0,0
0.66862572536795,331,-1.8676,0,0
0.66862569586957,332,-1.8672,0,0
0.66862566628219,333,-1.8668,0,0
0.66862563660583,334,-1.8664,0,0
0.66862560684049,335,-1.866,0,0
0.66862557698616,336,-1.8656,0,0
0.66862554704284,337,-1.8652,0,0
0.66862551701053,338,-1.8648,0,0
0.66862548688924,339,-1.8644,0,0
0.66862545667896,340,-1.864,0,0
0.6686254263797,341,-1.8636,0,0
0.66862539599145,342,-1.8632,0,0
0.66862536551421,343,-1.8628,0,0
0.66862533494799,344,-1.8624,0,0
0.66862530429278,345,-1.862,0,0
0.66862527354858,346,-1.8616,0,0
0.66862524271539,347,-1.8612,0,0
0.66862521179322,348,-1.8608,0,0
0.66862518078207,349,-1.8604,0,0
0.66862514968192,350,-1.86,0,0
0.66862511849279,351,-1.8596,0,0
0.66862508721467,352,-1.8592,0,0
0.66862505584757,353,-1.8588,0,0
0.66862502439148,354,-1.8584,0,0
0.6686249928464,355,-1.858,0,0
0.66862496121233,356,-1.8576,0,0
0.66862492948928,357,-1.8572,0,0
0.66862489767724,358,-1.8568,0,0
0.66862486577622,359,-1.8564,0,0
0.66862483378621,360,-1.856,0,0
0.66862480170721,361,-1.8556,0,0
0.66862476953922,362,-1.8552,0,0
0.66862473728225,363,-1.8548,0,0
0.66862470493629,364,-1.8544,0,0
0.66862467250134,365,-1.854,0,0
0.66862463997741,366,-1.8536,0,0
0.66862460736449,367,-1.8532,0,0
0.66862457466258,368,-1.8528,0,0
0.66862454187168,369,-1.8524,0,0
0.6686245089918,370,-1.852,0,0
0.66862447602293,371,-1.8516,0,0
0.66862444296507,372,-1.8512,0,0
0.66862440981823,373,-1.8508,0,0
0.6686243765824,374,-1.8504,0,0
0.66862434325758,375,-1.85,0,0
0.66862430984378,376,-1.8496,0,0
0.66862427634099,377,-1.8492,0,0
0.66862424274921,378,-1.8488,0,0
0.66862420906844,379,-1.8484,0,0
0.66862417529869,380,-1.848,0,0
0.66862414143995,381,-1.8476,0,0
0.66862410749222,382,-1.8472,0,0
0.6686240734555,383,-1.8468,0,0
0.6686240393298,384,-1.8464,0,0
0.66862400511511,385,-1.846,0,0
0.66862397081143,386,-1.8456,0,0
0.66862393641877,387,-1.8452,0,0
0.66862390193711,388,-1.8448,0,0
0.66862386736647,389,-1.8444,0,0
0.66862383270685,390,-1.844,0,0
0.66862379795823,391,-1.8436,0,0
0.66862376312063,392,-1.8432,0,0
0.66862372819404,393,-1.8428,0,0
0.66862369317846,394,-1.8424,0,0
0.6686236580739,395,-1.842,0,0
0.66862362288035,396,-1.8416,0,0
0.66862358759781,397,-1.8412,0,0
0.66862355222628,398,-1.8408,0,0
0.66862351676576,399,-1.8404,0,0
0.66862348121626,400,-1.84,0,0
0.66862344557777,401,-1.8396,0,0
0.66862340985029,402,-1.8392,0,0
0.66862337403383,403,-1.8388,0,0
0.66862333812837,404,-1.8384,0,0
0.66862330213393,405,-1.838,0,0
0.6686232660505,406,-1.8376,0,0
0.66862322987808,407,-1.8372,0,0
0.66862319361668,408,-1.8368,0,0
0.66862315726629,409,-1.8364,0,0
0.66862312082691,410,-1.836,0,0
0.66862308429854,411,-1.8356,0,0
0.66862304768118,412,-1.8352,0,0
0.66862301097484,413,-1.8348,0,0
0.66862297417951,414,-1.8344,0,0
0.66862293729519,415,-1.834,0,0
0.66862290032188,416,-1.8336,0,0
0.66862286325958,417,-1.8332,0,0
0.6686228261083,418,-1.8328,0,0
0.66862278886803,419,-1.8324,0,0
0.66862275153877,420,-1.832,0,0
0.66862271412052,421,-1.8316,0,0
0.66862267661328,422,-1.8312,0,0
0.66862263901706,423,-1.8308,0,0
0.66862260133185,424,-1.8304,0,0
0.66862256355765,425,-1.83,0,0
0.66862252569446,426,-1.8296,0,0
0.66862248774228,427,-1.8292,0,0
0.66862244970112,428,-1.8288,0,0
0.66862241157096,429,-1.8284,0,0
0.66862237335182,430,-1.828,0,0
0.66862233504369,431,-1.8276,0,0
0.66862229664658,432,-1.8272,0,0
0.66862225816047,433,-1.8268,0,0
0.66862221958537,434,-1.8264,0,0
0.66862218092129,435,-1.826,0,0
0.66862214216822,436,-1.8256,0,0
0.66862210332616,437,-1.8252,0,0
0.66862206439511,438,-1.8248,0,0
0.66862202537507,439,-1.8244,0,0
0.66862198626605,440,-1.824,0,0
0.66862194706804,441,-1.8236,0,0
0.66862190778103,442,-1.8232,0,0
0.66862186840504,443,-1.8228,0,0
0.66862182894006,444,-1.8224,0,0
0.66862178938609,445,-1.822,0,0
0.66862174974314,446,-1.8216,0,0
0.66862171001119,447,-1.8212,0,0
0.66862167019026,448,-1.8208,0,0
0.66862163028034,449,-1.8204,0,0
0.66862159028143,450,-1.82,0,0
0.66862155019353,451,-1.8196,0,0
0.66862151001664,452,-1.8192,0,0
0.66862146975076,453,-1.8188,0,0
0.66862142939589,454,-1.8184,0,0
0.66862138895204,455,-1.818,0,0
0.66862134841919,456,-1.8176,0,0
0.66862130779736,457,-1.8172,0,0
0.66862126708654,458,-1.8168,0,0
0.66862122628673,459,-1.8164,0,0
0.66862118539793,460,-1.816,0,0
0.66862114442014,461,-1.8156,0,0
0.66862110335336,462,-1.8152,0,0
0.6686210621976,463,-1.8148,0,0
0.66862102095284,464,-1.8144,0,0
0.6686209796191,465,-1.814,0,0
0.66862093819636,466,-1.8136,0,0
0.66862089668464,467,-1.8132,0,0
0.66862085508393,468,-1.8128,0,0
0.66862081339423,469,-1.8124,0,0
0.66862077161554,470,-1.812,0,0
0.66862072974786,471,-1.8116,0,0
0.66862068779119,472,-1.8112,0,0
0.66862064574553,473,-1.8108,0,0
0.66862060361089,474,-1.8104,0,0
0.66862056138725,475,-1.81,0,0
0.66862051907462,476,-1.8096,0,0
0.66862047667301,477,-1.8092,0,0
0.66862043418241,478,-1.8088,0,0
0.66862039160281,479,-1.8084,0,0
0.66862034893423,480,-1.808,0,0
0.66862030617666,481,-1.8076,0,0
0.6686202633301,482,-1.8072,0,0
0.66862022039454,483,-1.8068,0,0
0.66862017737,484,-1.8064,0,0
0.66862013425647,485,-1.806,0,0
0.66862009105395,486,-1.8056,0,0
0.66862004776244,487,-1.8052,0,0
0.66862000438195,488,-1.8048,0,0
0.66861996091246,489,-1.8044,0,0
0.66861991735398,490,-1.804,0,0
0.66861987370651,491,-1.8036,0,0
0.66861982997005,492,-1.8032,0,0
0.66861978614461,493,-1.8028,0,0
0.66861974223017,494,-1.8024,0,0
0.66861969822674,495,-1.802,0,0
0.66861965413433,496,-1.8016,0,0
0.66861960995292,497,-1.8012,0,0
0.66861956568252,498,-1.8008,0,0
0.66861952132314,499,-1.8004,0,0
0.66861947687476,500,-1.8,0,0
0.6686194323374,501,-1.7996,0,0
0.66861938771104,502,-1.7992,0,0
0.66861934299569,503,-1.7988,0,0
0.66861929819136,504,-1.7984,0,0
0.66861925329803,505,-1.798,0,0
0.66861920831572,506,-1.7976,0,0
0.66861916324441,507,-1.7972,0,0
0.66861911808412,508,-1.7968,0,0
0.66861907283483,509,-1.7964,0,0
0.66861902749655,510,-1.796,0,0
0.66861898206929,511,-1.7956,0,0
0.66861893655303,512,-1.7952,0,0
0.66861889094778,513,-1.7948,0,0
0.66861884525355,514,-1.7944,0,0
0.66861879947032,515,-1.794,0,0
0.6686187535981,516,-1.7936,0,0
0.66861870763689,517,-1.7932,0,0
0.6686186615867,518,-1.7928,0,0
0.66861861544751,519,-1.7924,0,0
0.66861856921933,520,-1.792,0,0
0.66861852290216,521,-1.7916,0,0
0.668618476496,522,-1.7912,0,0
0.66861843000085,523,-1.7908,0,0
0.66861838341671,524,-1.7904,0,0
0.66861833674358,525,-1.79,0,0
0.66861828998146,526,-1.7896,0,0
0.66861824313034,527,-1.7892,0,0
0.66861819619024,528,-1.7888,0,0
0.66861814916115,529,-1.7884,0,0
0.66861810204306,530,-1.788,0,0
0.66861805483599,531,-1.7876,0,0
0.66861800753992,532,-1.7872,0,0
0.66861796015486,533,-1.7868,0,0
0.66861791268082,534,-1.7864,0,0
0.66861786511778,535,-1.786,0,0
0.66861781746575,536,-1.7856,0,0
0.66861776972473,537,-1.7852,0,0
0.66861772189472,538,-1.7848,0,0
0.66861767397572,539,-1.7844,0,0
0.66861762596773,540,-1.784,0,0
0.66861757787074,541,-1.7836,0,0
0.66861752968477,542,-1.7832,0,0
0.6686174814098,543,-1.7828,0,0
0.66861743304585,544,-1.7824,0,0
0.6686173845929,545,-1.782,0,0
0.66861733605096,546,-1.7816,0,0
0.66861728742003,547,-1.7812,0,0
0.66861723870011,548,-1.7808,0,0
0.6686171898912,549,-1.7804,0,0
0.6686171409933,550,-1.78,0,0
0.6686170920064,551,-1.7796,0,0
0.66861704293052,552,-1.7792,0,0
0.66861699376564,553,-1.7788,0,0
0.66861694451177,554,-1.7784,0,0
0.66861689516891,555,-1.778,0,0
0.66861684573706,556,-1.7776,0,0
0.66861679621622,557,-1.7772,0,0
0.66861674660639,558,-1.7768,0,0
0.66861669690756,559,-1.7764,0,0
0.66861664711975,560,-1.776,0,0
0.66861659724294,561,-1.7756,0,0
0.66861654727714,562,-1.7752,0,0
0.66861649722235,563,-1.7748,0,0
0.66861644707856,564,-1.7744,0,0
0.66861639684579,565,-1.774,0,0
0.66861634652402,566,-1.7736,0,0
0.66861629611327,567,-1.7732,0,0
0.66861624561352,568,-1.7728,0,0
0.66861619502478,569,-1.7724,0,0
0.66861614434704,570,-1.772,0,0
0.66861609358032,571,-1.7716,0,0
0.6686160427246,572,-1.7712,0,0
0.66861599177989,573,-1.7708,0,0
0.66861594074619,574,-1.7704,0,0
0.6686158896235,575,-1.77,0,0
0.66861583841182,576,-1.7696,0,0
0.66861578711114,577,-1.7692,0,0
0.66861573572147,578,-1.7688,0,0
0.66861568424281,579,-1.7684,0,0
0.66861563267516,580,-1.768,0,0
0.66861558101852,581,-1.7676,0,0
0.66861552927288,582,-1.7672,0,0
0.66861547743826,583,-1.7668,0,0
0.66861542551463,584,-1.7664,0,0
0.66861537350202,585,-1.766,0,0
0.66861532140042,586,-1.7656,0,0
0.66861526920982,587,-1.7652,0,0
0.66861521693023,588,-1.7648,0,0
0.66861516456165,589,-1.7644,0,0
0.66861511210408,590,-1.764,0,0
0.66861505955751,591,-1.7636,0,0
0.66861500692195,592,-1.7632,0,0
0.6686149541974,593,-1.7628,0,0
0.66861490138386,594,-1.7624,0,0
0.66861484848132,595,-1.762,0,0
0.66861479548979,596,-1.7616,0,0
0.66861474240927,597,-1.7612,0,0
0.66861468923976,598,-1.7608,0,0
0.66861463598125,599,-1.7604,0,0
0.66861458263375,600,-1.76,0,0
0.66861452919726,601,-1.7596,0,0
0.66861447567178,602,-1.7592,0,0
0.6686144220573,603,-1.7588,0,0
0.66861436835383,604,-1.7584,0,0
0.66861431456137,605,-1.758,0,0
0.66861426067991,606,-1.7576,0,0
0.66861420670946,607,-1.7572,0,0
0.66861415265002,608,-1.7568,0,0
0.66861409850159,609,-1.7564,0,0
0.66861404426416,610,-1.756,0,0
0.66861398993774,611,-1.7556,0,0
0.66861393552233,612,-1.7552,0,0
0.66861388101792,613,-1.7548,0,0
0.66861382642453,614,-1.7544,0,0
0.66861377174213,615,-1.754,0,0
0.66861371697075,616,-1.7536,0,0
0.66861366211037,617,-1.7532,0,0
0.668613607161,618,-1.7528,0,0
0.66861355212263,619,-1.7524,0,0
0.66861349699528,620,-1.752,0,0
0.66861344177893,621,-1.7516,0,0
0.66861338647358,622,-1.7512,0,0
0.66861333107924,623,-1.7508,0,0
0.66861327559591,624,-1.7504,0,0
0.66861322002359,625,-1.75,0,0
0.66861316436227,626,-1.7496,0,0
0.66861310861196,627,-1.7492,0,0
0.66861305277265,628,-1.7488,0,0
0.66861299684436,629,-1.7484,0,0
0.66861294082706,630,-1.748,0,0
0.66861288472078,631,-1.7476,0,0
0.6686128285255,632,-1.7472,0,0
0.66861277224123,633,-1.7468,0,0
0.66861271586796,634,-1.7464,0,0
0.6686126594057,635,-1.746,0,0
0.66861260285445,636,-1.7456,0,0
0.6686125462142,637,-1.7452,0,0
0.66861248948496,638,-1.7448,0,0
0.66861243266672,639,-1.7444,0,0
0.66861237575949,640,-1.744,0,0
0.66861231876327,641,-1.7436,0,0
0.66861226167805,642,-1.7432,0,0
0.66861220450384,643,-1.7428,0,0
0.66861214724064,644,-1.7424,0,0
0.66861208988844,645,-1.742,0,0
0.66861203244724,646,-1.7416,0,0
0.66861197491706,647,-1.7412,0,0
0.66861191729788,648,-1.7408,0,0
0.6686118595897,649,-1.7404,0,0
0.66861180179253,650,-1.74,0,0
0.66861174390637,651,-1.7396,0,0
0.66861168593121,652,-1.7392,0,0
0.66861162786706,653,-1.7388,0,0
0.66861156971391,654,-1.7384,0,0
0.66861151147177,655,-1.738,0,0
0.66861145314063,656,-1.7376,0,0
0.6686113947205,657,-1.7372,0,0
0.66861133621138,658,-1.7368,0,0
0.66861127761326,659,-1.7364,0,0
0.66861121892615,660,-1.736,0,0
0.66861116015004,661,-1.7356,0,0
0.66861110128494,662,-1.7352,0,0
0.66861104233084,663,-1.7348,0,0
0.66861098328775,664,-1.7344,0,0
0.66861092415566,665,-1.734,0,0
0.66861086493458,666,-1.7336,0,0
0.6686108056245,667,-1.7332,0,0
0.66861074622543,668,-1.7328,0,0
0.66861068673737,669,-1.7324,0,0
0.66861062716031,670,-1.732,0,0
0.66861056749425,671,-1.7316,0,0
0.6686105077392,672,-1.7312,0,0
0.66861044789516,673,-1.7308,0,0
0.66861038796212,674,-1.7304,0,0
0.66861032794008,675,-1.73,0,0
0.66861026782905,676,-1.7296,0,0
0.66861020762903,677,-1.7292,0,0
0.66861014734001,678,-1.7288,0,0
0.66861008696199,679,-1.7284,0,0
0.66861002649498,680,-1.728,0,0
0.66860996593897,681,-1.7276,0,0
0.66860990529397,682,-1.7272,0,0
0.66860984455998,683,-1.7268,0,0
0.66860978373699,684,-1.7264,0,0
0.668609722825,685,-1.726,0,0
0.66860966182402,686,-1.7256,0,0
0.66860960073404,687,-1.7252,0,0
0.66860953955506,688,-1.7248,0,0
0.6686094782871,689,-1.7244,0,0
0.66860941693013,690,-1.724,0,0
0.66860935548417,691,-1.7236,0,0
0.66860929394922,692,-1.7232,0,0
0.66860923232526,693,-1.7228,0,0
0.66860917061232,694,-1.7224,0,0
0.66860910881037,695,-1.722,0,0
0.66860904691944,696,-1.7216,0,0
0.6686089849395,697,-1.7212,0,0
0.66860892287057,698,-1.7208,0,0
0.66860886071265,699,-1.7204,0,0
0.66860879846573,700,-1.72,0,0
0.66860873612981,701,-1.7196,0,0
0.66860867370489,702,-1.7192,0,0
0.66860861119098,703,-1.7188,0,0
0.66860854858808,704,-1.7184,0,0
0.66860848589618,705,-1.718,0,0
0.66860842311528,706,-1.7176,0,0
0.66860836024539,707,-1.7172,0,0
0.6686082972865,708,-1.7168,0,0
0.66860823423861,709,-1.7164,0,0
0.66860817110173,710,-1.716,0,0
0.66860810787585,711,-1.7156,0,0
0.66860804456097,712,-1.7152,0,0
0.6686079811571,713,-1.7148,0,0
0.66860791766424,714,-1.7144,0,0
0.66860785408237,715,-1.714,0,0
0.66860779041151,716,-1.7136,0,0
0.66860772665165,717,-1.7132,0,0
0.6686076628028,718,-1.7128,0,0
0.66860759886495,719,-1.7124,0,0
0.6686075348381,720,-1.712,0,0
0.66860747072226,721,-1.7116,0,0
0.66860740651742,722,-1.7112,0,0
0.66860734222359,723,-1.7108,0,0
0.66860727784075,724,-1.7104,0,0
0.66860721336892,725,-1.71,0,0
0.6686071488081,726,-1.7096,0,0
0.66860708415827,727,-1.7092,0,0
0.66860701941945,728,-1.7088,0,0
0.66860695459163,729,-1.7084,0,0
0.66860688967482,730,-1.708,0,0
0.66860682466901,731,-1.7076,0,0
0.6686067595742,732,-1.7072,0,0
0.66860669439039,733,-1.7068,0,0
0.66860662911759,734,-1.7064,0,0
0.66860656375579,735,-1.706,0,0
0.66860649830499,736,-1.7056,0,0
0.6686064327652,737,-1.7052,0,0
0.66860636713641,738,-1.7048,0,0
0.66860630141862,739,-1.7044,0,0
0.66860623561184,740,-1.704,0,0
0.66860616971605,741,-1.7036,0,0
0.66860610373127,742,-1.7032,0,0
0.66860603765749,743,-1.7028,0,0
0.66860597149472,744,-1.7024,0,0
0.66860590524294,745,-1.702,0,0
0.66860583890217,746,-1.7016,0,0
0.66860577247241,747,-1.7012,0,0
0.66860570595364,748,-1.7008,0,0
0.66860563934588,749,-1.7004,0,0
0.66860557264912,750,-1.7,0,0
0.66860550586336,751,-1.6996,0,0
0.6686054389886,752,-1.6992,0,0
0.66860537202485,753,-1.6988,0,0
0.66860530497209,754,-1.6984,0,0
0.66860523783034,755,-1.698,0,0
0.6686051705996,756,-1.6976,0,0
0.66860510327985,757,-1.6972,0,0
0.66860503587111,758,-1.6968,0,0
0.66860496837336,759,-1.6964,0,0
0.66860490078662,760,-1.696,0,0
0.66860483311089,761,-1.6956,0,0
0.66860476534615,762,-1.6952,0,0
0.66860469749242,763,-1.6948,0,0
0.66860462954968,764,-1.6944,0,0
0.66860456151795,765,-1.694,0,0
0.66860449339722,766,-1.6936,0,0
0.66860442518749,767,-1.6932,0,0
0.66860435688877,768,-1.6928,0,0
0.66860428850104,769,-1.6924,0,0
0.66860422002432,770,-1.692,0,0
0.6686041514586,771,-1.6916,0,0
0.66860408280388,772,-1.6912,0,0
0.66860401406016,773,-1.6908,0,0
0.66860394522745,774,-1.6904,0,0
0.66860387630573,775,-1.69,0,0
0.66860380729502,776,-1.6896,0,0
0.6686037381953,777,-1.6892,0,0
0.66860366900659,778,-1.6888,0,0
0.66860359972888,779,-1.6884,0,0
0.66860353036217,780,-1.688,0,0
0.66860346090646,781,-1.6876,0,0
0.66860339136176,782,-1.6872,0,0
0.66860332172805,783,-1.6868,0,0
0.66860325200535,784,-1.6864,0,0
0.66860318219364,785,-1.686,0,0
0.66860311229294,786,-1.6856,0,0
0.66860304230324,787,-1.6852,0,0
0.66860297222453,788,-1.6848,0,0
0.66860290205683,789,-1.6844,0,0
0.66860283180013,790,-1.684,0,0
0.66860276145443,791,-1.6836,0,0
0.66860269101974,792,-1.6832,0,0
0.66860262049604,793,-1.6828,0,0
0.66860254988334,794,-1.6824,0,0
0.66860247918165,795,-1.682,0,0
0.66860240839095,796,-1.6816,0,0
0.66860233751125,797,-1.6812,0,0
0.66860226654256,798,-1.6808,0,0
0.66860219548486,799,-1.6804,0,0
0.66860212433817,800,-1.68,0,0
0.66860205310248,801,-1.6796,0,0
0.66860198177778,802,-1.6792,0,0
0.66860191036409,803,-1.6788,0,0
0.6686018388614,804,-1.6784,0,0
0.6686017672697,805,-1.678,0,0
0.66860169558901,806,-1.6776,0,0
0.66860162381932,807,-1.6772,0,0
0.66860155196062,808,-1.6768,0,0
0.66860148001293,809,-1.6764,0,0
0.66860140797624,810,-1.676,0,0
0.66860133585055,811,-1.6756,0,0
0.66860126363585,812,-1.6752,0,0
0.66860119133216,813,-1.6748,0,0
0.66860111893947,814,-1.6744,0,0
0.66860104645777,815,-1.674,0,0
0.66860097388708,816,-1.6736,0,0
0.66860090122739,817,-1.6732,0,0
0.66860082847869,818,-1.6728,0,0
0.668600755641,819,-1.6724,0,0
0.6686006827143,820,-1.672,0,0
0.66860060969861,821,-1.6716,0,0
0.66860053659391,822,-1.6712,0,0
0.66860046340021,823,-1.6708,0,0
0.66860039011752,824,-1.6704,0,0
0.66860031674582,825,-1.67,0,0
0.66860024328512,826,-1.6696,0,0
0.66860016973542,827,-1.6692,0,0
0.66860009609672,828,-1.6688,0,0
0.66860002236902,829,-1.6684,0,0
0.66859994855232,830,-1.668,0,0
0.66859987464662,831,-1.6676,0,0
0.66859980065191,832,-1.6672,0,0
0.66859972656821,833,-1.6668,0,0
0.6685996523955,834,-1.6664,0,0
0.6685995781338,835,-1.666,0,0
0.66859950378309,836,-1.6656,0,0
0.66859942934338,837,-1.6652,0,0
0.66859935481467,838,-1.6648,0,0
0.66859928019696,839,-1.6644,0,0
0.66859920549025,840,-1.664,0,0
0.66859913069453,841,-1.6636,0,0
0.66859905580982,842,-1.6632,0,0
0.6685989808361,843,-1.6628,0,0
0.66859890577338,844,-1.6624,0,0
0.66859883062166,845,-1.662,0,0
0.66859875538094,846,-1.6616,0,0
0.66859868005122,847,-1.6612,0,0
0.6685986046325,848,-1.6608,0,0
0.66859852912477,849,-1.6604,0,0
0.66859845352804,850,-1.66,0,0
0.66859837784231,851,-1.6596,0,0
0.66859830206758,852,-1.6592,0,0
0.66859822620385,853,-1.6588,0,0
0.66859815025111,854,-1.6584,0,0
0.66859807420938,855,-1.658,0,0
0.66859799807864,856,-1.6576,0,0
0.6685979218589,857,-1.6572,0,0
0.66859784555016,858,-1.6568,0,0
0.66859776915241,859,-1.6564,0,0
0.66859769266567,860,-1.656,0,0
0.66859761608992,861,-1.6556,0,0
0.66859753942517,862,-1.6552,0,0
0.66859746267141,863,-1.6548,0,0
0.66859738582866,864,-1.6544,0,0
0.6685973088969,865,-1.654,0,0
0.66859723187614,866,-1.6536,0,0
0.66859715476638,867,-1.6532,0,0
0.66859707756761,868,-1.6528,0,0
0.66859700027984,869,-1.6524,0,0
0.66859692290307,870,-1.652,0,0
0.6685968454373,871,-1.6516,0,0
0.66859676788253,872,-1.6512,0,0
0.66859669023875,873,-1.6508,0,0
0.66859661250597,874,-1.6504,0,0
0.66859653468418,875,-1.65,0,0
0.6685964567734,876,-1.6496,0,0
0.66859637877361,877,-1.6492,0,0
0.66859630068482,878,-1.6488,0,0
0.66859622250702,879,-1.6484,0,0
0.66859614424022,880,-1.648,0,0
0.66859606588442,881,-1.6476,0,0
0.66859598743962,882,-1.6472,0,0
0.66859590890581,883,-1.6468,0,0
0.668595830283,884,-1.6464,0,0
0.66859575157119,885,-1.646,0,0
0.66859567277037,886,-1.6456,0,0
0.66859559388055,887,-1.6452,0,0
0.66859551490173,888,-1.6448,0,0
0.6685954358339,889,-1.6444,0,0
0.66859535667707,890,-1.644,0,0
0.66859527743124,891,-1.6436,0,0
0.6685951980964,892,-1.6432,0,0
0.66859511867256,893,-1.6428,0,0
0.66859503915972,894,-1.6424,0,0
0.66859495955787,895,-1.642,0,0
0.66859487986702,896,-1.6416,0,0
0.66859480008716,897,-1.6412,0,0
0.6685947202183,898,-1.6408,0,0
0.66859464026044,899,-1.6404,0,0
0.66859456021357,900,-1.64,0,0
0.6685944800777,901,-1.6396,0,0
0.66859439985283,902,-1.6392,0,0
0.66859431953895,903,-1.6388,0,0
0.66859423913607,904,-1.6384,0,0
0.66859415864418,905,-1.638,0,0
0.66859407806329,906,-1.6376,0,0
0.66859399739339,907,-1.6372,0,0
0.66859391663449,908,-1.6368,0,0
0.66859383578659,909,-1.6364,0,0
0.66859375484968,910,-1.636,0,0
0.66859367382377,911,-1.6356,0,0
0.66859359270885,912,-1.6352,0,0
0.66859351150493,913,-1.6348,0,0
0.66859343021201,914,-1.6344,0,0
0.66859334883008,915,-1.634,0,0
0.66859326735914,916,-1.6336,0,0
0.6685931857992,917,-1.6332,0,0
0.66859310415026,918,-1.6328,0,0
0.66859302241231,919,-1.6324,0,0
0.66859294058536,920,-1.632,0,0
0.6685928586694,921,-1.6316,0,0
0.66859277666443,922,-1.6312,0,0
0.66859269457047,923,-1.6308,0,0
0.66859261238749,924,-1.6304,0,0
0.66859253011551,925,-1.63,0,0
0.66859244775453,926,-1.6296,0,0
0.66859236530454,927,-1.6292,0,0
0.66859228276555,928,-1.6288,0,0
0.66859220013755,929,-1.6284,0,0
0.66859211742055,930,-1.628,0,0
0.66859203461454,931,-1.6276,0,0
0.66859195171952,932,-1.6272,0,0
0.6685918687355,933,-1.6268,0,0
0.66859178566248,934,-1.6264,0,0
0.66859170250045,935,-1.626,0,0
0.66859161924941,936,-1.6256,0,0
0.66859153590937,937,-1.6252,0,0
0.66859145248032,938,-1.6248,0,0
0.66859136896227,939,-1.6244,0,0
0.66859128535521,940,-1.624,0,0
0.66859120165914,941,-1.6236,0,0
0.66859111787407,942,-1.6232,0,0
0.668591034,943,-1.6228,0,0
0.66859095003691,944,-1.6224,0,0
0.66859086598483,945,-1.622,0,0
0.66859078184373,946,-1.6216,0,0
0.66859069761363,947,-1.6212,0,0
0.66859061329452,948,-1.6208,0,0
0.66859052888641,949,-1.6204,0,0
0.66859044438929,950,-1.62,0,0
0.66859035980317,951,-1.6196,0,0
0.66859027512804,952,-1.6192,0,0
0.6685901903639,953,-1.6188,0,0
0.66859010551076,954,-1.6184,0,0
0.66859002056861,955,-1.618,0,0
0.66858993553745,956,-1.6176,0,0
0.66858985041729,957,-1.6172,0,0
0.66858976520812,958,-1.6168,0,0
0.66858967990994,959,-1.6164,0,0
0.66858959452276,960,-1.616,0,0
0.66858950904657,961,-1.6156,0,0
0.66858942348137,962,-1.6152,0,0
0.66858933782717,963,-1.6148,0,0
0.66858925208396,964,-1.6144,0,0
0.66858916625174,965,-1.614,0,0
0.66858908033052,966,-1.6136,0,0
0.66858899432028,967,-1.6132,0,0
0.66858890822105,968,-1.6128,0,0
0.6685888220328,969,-1.6124,0,0
0.66858873575555,970,-1.612,0,0
0.66858864938929,971,-1.6116,0,0
0.66858856293402,972,-1.6112,0,0
0.66858847638975,973,-1.6108,0,0
0.66858838975647,974,-1.6104,0,0
0.66858830303418,975,-1.61,0,0
0.66858821622288,976,-1.6096,0,0
0.66858812932258,977,-1.6092,0,0
0.66858804233327,978,-1.6088,0,0
0.66858795525495,979,-1.6084,0,0
0.66858786808762,980,-1.608,0,0
0.66858778083129,981,-1.6076,0,0
0.66858769348595,982,-1.6072,0,0
0.6685876060516,983,-1.6068,0,0
0.66858751852824,984,-1.6064,0,0
0.66858743091588,985,-1.606,0,0
0.6685873432145,986,-1.6056,0,0
0.66858725542412,987,-1.6052,0,0
0.66858716754473,988,-1.6048,0,0
0.66858707957633,989,-1.6044,0,0
0.66858699151893,990,-1.604,0,0
0.66858690337252,991,-1.6036,0,0
0.66858681513709,992,-1.6032,0,0
0.66858672681266,993,-1.6028,0,0
0.66858663839923,994,-1.6024,0,0
0.66858654989678,995,-1.602,0,0
0.66858646130532,996,-1.6016,0,0
0.66858637262486,997,-1.6012,0,0
0.66858628385539,998,-1.6008,0,0
0.66858619499691,999,-1.6004,0,0
0.66858610604942,1000,-1.6,0,0
0.66858601701292,1001,-1.5996,0,0
0.66858592788741,1002,-1.5992,0,0
0.6685858386729,1003,-1.5988,0,0
0.66858574936937,1004,-1.5984,0,0
0.66858565997684,1005,-1.598,0,0
0.6685855704953,1006,-1.5976,0,0
0.66858548092475,1007,-1.5972,0,0
0.66858539126519,1008,-1.5968,0,0
0.66858530151662,1009,-1.5964,0,0
0.66858521167904,1010,-1.596,0,0
0.66858512175245,1011,-1.5956,0,0
0.66858503173686,1012,-1.5952,0,0
0.66858494163225,1013,-1.5948,0,0
0.66858485143864,1014,-1.5944,0,0
0.66858476115601,1015,-1.594,0,0
0.66858467078438,1016,-1.5936,0,0
0.66858458032373,1017,-1.5932,0,0
0.66858448977408,1018,-1.5928,0,0
0.66858439913542,1019,-1.5924,0,0
0.66858430840775,1020,-1.592,0,0
0.66858421759106,1021,-1.5916,0,0
0.66858412668537,1022,-1.5912,0,0
0.66858403569067,1023,-1.5908,0,0
0.66858394460696,1024,-1.5904,0,0
0.66858385343424,1025,-1.59,0,0
0.66858376217251,1026,-1.5896,0,0
0.66858367082177,1027,-1.5892,0,0
0.66858357938202,1028,-1.5888,0,0
0.66858348785326,1029,-1.5884,0,0
0.66858339623548,1030,-1.588,0,0
0.6685833045287,1031,-1.5876,0,0
0.66858321273291,1032,-1.5872,0,0
0.66858312084811,1033,-1.5868,0,0
0.6685830288743,1034,-1.5864,0,0
0.66858293681147,1035,-1.586,0,0
0.66858284465964,1036,-1.5856,0,0
0.6685827524188,1037,-1.5852,0,0
0.66858266008894,1038,-1.5848,0,0
0.66858256767008,1039,-1.5844,0,0
0.6685824751622,1040,-1.584,0,0
0.66858238256532,1041,-1.5836,0,0
0.66858228987942,1042,-1.5832,0,0
0.66858219710451,1043,-1.5828,0,0
0.66858210424059,1044,-1.5824,0,0
0.66858201128766,1045,-1.582,0,0
0.66858191824572,1046,-1.5816,0,0
0.66858182511477,1047,-1.5812,0,0
0.66858173189481,1048,-1.5808,0,0
0.66858163858584,1049,-1.5804,0,0
0.66858154518785,1050,-1.58,0,0
0.66858145170085,1051,-1.5796,0,0
0.66858135812485,1052,-1.5792,0,0
0.66858126445983,1053,-1.5788,0,0
0.6685811707058,1054,-1.5784,0,0
0.66858107686276,1055,-1.578,0,0
0.6685809829307,1056,-1.5776,0,0
0.66858088890964,1057,-1.5772,0,0
0.66858079479956,1058,-1.5768,0,0
0.66858070060048,1059,-1.5764,0,0
0.66858060631238,1060,-1.576,0,0
0.66858051193526,1061,-1.5756,0,0
0.66858041746914,1062,-1.5752,0,0
0.66858032291401,1063,-1.5748,0,0
0.66858022826986,1064,-1.5744,0,0
0.6685801335367,1065,-1.574,0,0
0.66858003871453,1066,-1.5736,0,0
0.66857994380335,1067,-1.5732,0,0
0.66857984880315,1068,-1.5728,0,0
0.66857975371394,1069,-1.5724,0,0
0.66857965853573,1070,-1.572,0,0
0.66857956326849,1071,-1.5716,0,0
0.66857946791225,1072,-1.5712,0,0
0.66857937246699,1073,-1.5708,0,0
0.66857927693272,1074,-1.5704,0,0
0.66857918130944,1075,-1.57,0,0
0.66857908559715,1076,-1.5696,0,0
0.66857898979584,1077,-1.5692,0,0
0.66857889390552,1078,-1.5688,0,0
0.66857879792619,1079,-1.5684,0,0
0.66857870185785,1080,-1.568,0,0
0.66857860570049,1081,-1.5676,0,0
0.66857850945412,1082,-1.5672,0,0
0.66857841311873,1083,-1.5668,0,0
0.66857831669434,1084,-1.5664,0,0
0.66857822018093,1085,-1.566,0,0
0.6685781235785,1086,-1.5656,0,0
0.66857802688707,1087,-1.5652,0,0
0.66857793010662,1088,-1.5648,0,0
0.66857783323716,1089,-1.5644,0,0
0.66857773627868,1090,-1.564,0,0
0.66857763923119,1091,-1.5636,0,0
0.66857754209469,1092,-1.5632,0,0
0.66857744486918,1093,-1.5628,0,0
0.66857734755465,1094,-1.5624,0,0
0.6685772501511,1095,-1.562,0,0
0.66857715265855,1096,-1.5616,0,0
0.66857705507698,1097,-1.5612,0,0
0.66857695740639,1098,-1.5608,0,0
0.66857685964679,1099,-1.5604,0,0
0.66857676179818,1100,-1.56,0,0
0.66857666386056,1101,-1.5596,0,0
0.66857656583392,1102,-1.5592,0,0
0.66857646771826,1103,-1.5588,0,0
0.6685763695136,1104,-1.5584,0,0
0.66857627121991,1105,-1.558,0,0
0.66857617283722,1106,-1.5576,0,0
0.66857607436551,1107,-1.5572,0,0
0.66857597580478,1108,-1.5568,0,0
0.66857587715504,1109,-1.5564,0,0
0.66857577841629,1110,-1.556,0,0
0.66857567958852,1111,-1.5556,0,0
0.66857558067174,1112,-1.5552,0,0
0.66857548166594,1113,-1.5548,0,0
0.66857538257113,1114,-1.5544,0,0
0.6685752833873,1115,-1.554,0,0
0.66857518411446,1116,-1.5536,0,0
0.66857508475261,1117,-1.5532,0,0
0.66857498530174,1118,-1.5528,0,0
0.66857488576185,1119,-1.5524,0,0
0.66857478613295,1120,-1.552,0,0
0.66857468641504,1121,-1.5516,0,0
0.6685745866081,1122,-1.5512,0,0
0.66857448671216,1123,-1.5508,0,0
0.6685743867272,1124,-1.5504,0,0
0.66857428665322,1125,-1.55,0,0
0.66857418649023,1126,-1.5496,0,0
0.66857408623822,1127,-1.5492,0,0
0.6685739858972,1128,-1.5488,0,0
0.66857388546716,1129,-1.5484,0,0
0.66857378494811,1130,-1.548,0,0
0.66857368434004,1131,-1.5476,0,0
0.66857358364295,1132,-1.5472,0,0
0.66857348285685,1133,-1.5468,0,0
0.66857338198174,1134,-1.5464,0,0
0.66857328101761,1135,-1.546,0,0
0.66857317996446,1136,-1.5456,0,0
0.66857307882229,1137,-1.5452,0,0
0.66857297759111,1138,-1.5448,0,0
0.66857287627092,1139,-1.5444,0,0
0.66857277486171,1140,-1.544,0,0
0.66857267336348,1141,-1.5436,0,0
0.66857257177623,1142,-1.5432,0,0
0.66857247009997,1143,-1.5428,0,0
0.6685723683347,1144,-1.5424,0,0
0.6685722664804,1145,-1.542,0,0
0.66857216453709,1146,-1.5416,0,0
0.66857206250477,1147,-1.5412,0,0
0.66857196038342,1148,-1.5408,0,0
0.66857185817307,1149,-1.5404,0,0
0.66857175587369,1150,-1.54,0,0
0.6685716534853,1151,-1.5396,0,0
0.66857155100789,1152,-1.5392,0,0
0.66857144844146,1153,-1.5388,0,0
0.66857134578602,1154,-1.5384,0,0
0.66857124304156,1155,-1.538,0,0
0.66857114020808,1156,-1.5376,0,0
0.66857103728558,1157,-1.5372,0,0
0.66857093427407,1158,-1.5368,0,0
0.66857083117354,1159,-1.5364,0,0
0.668570727984,1160,-1.536,0,0
0.66857062470543,1161,-1.5356,0,0
0.66857052133785,1162,-1.5352,0,0
0.66857041788126,1163,-1.5348,0,0
0.66857031433564,1164,-1.5344,0,0
0.66857021070101,1165,-1.534,0,0
0.66857010697736,1166,-1.5336,0,0
0.66857000316469,1167,-1.5332,0,0
0.668569899263,1168,-1.5328,0,0
0.6685697952723,1169,-1.5324,0,0
0.66856969119258,1170,-1.532,0,0
0.66856958702384,1171,-1.5316,0,0
0.66856948276608,1172,-1.5312,0,0
0.6685693784193,1173,-1.5308,0,0
0.66856927398351,1174,-1.5304,0,0
0.6685691694587,1175,-1.53,0,0
0.66856906484487,1176,-1.5296,0,0
0.66856896014202,1177,-1.5292,0,0
0.66856885535015,1178,-1.5288,0,0
0.66856875046927,1179,-1.5284,0,0
0.66856864549936,1180,-1.528,0,0
0.66856854044044,1181,-1.5276,0,0
0.6685684352925,1182,-1.5272,0,0
0.66856833005554,1183,-1.5268,0,0
0.66856822472957,1184,-1.5264,0,0
0.66856811931457,1185,-1.526,0,0
0.66856801381055,1186,-1.5256,0,0
0.66856790821752,1187,-1.5252,0,0
0.66856780253547,1188,-1.5248,0,0
0.66856769676439,1189,-1.5244,0,0
0.6685675909043,1190,-1.524,0,0
0.66856748495519,1191,-1.5236,0,0
0.66856737891706,1192,-1.5232,0,0
0.66856727278992,1193,-1.5228,0,0
0.66856716657375,1194,-1.5224,0,0
0.66856706026856,1195,-1.522,0,0
0.66856695387436,1196,-1.5216,0,0
0.66856684739113,1197,-1.5212,0,0
0.66856674081889,1198,-1.5208,0,0
0.66856663415762,1199,-1.5204,0,0
0.66856652740734,1200,-1.52,0,0
0.66856642056803,1201,-1.5196,0,0
0.66856631363971,1202,-1.5192,0,0
0.66856620662237,1203,-1.5188,0,0
0.668566099516,1204,-1.5184,0,0
0.66856599232062,1205,-1.518,0,0
0.66856588503622,1206,-1.5176,0,0
0.66856577766279,1207,-1.5172,0,0
0.66856567020035,1208,-1.5168,0,0
0.66856556264889,1209,-1.5164,0,0
0.6685654550084,1210,-1.516,0,0
0.6685653472789,1211,-1.5156,0,0
0.66856523946037,1212,-1.5152,0,0
0.66856513155283,1213,-1.5148,0,0
0.66856502355626,1214,-1.5144,0,0
0.66856491547068,1215,-1.514,0,0
0.66856480729607,1216,-1.5136,0,0
0.66856469903244,1217,-1.5132,0,0
0.6685645906798,1218,-1.5128,0,0
0.66856448223813,1219,-1.5124,0,0
0.66856437370744,1220,-1.512,0,0
0.66856426508773,1221,-1.5116,0,0
0.668564156379,1222,-1.5112,0,0
0.66856404758125,1223,-1.5108,0,0
0.66856393869447,1224,-1.5104,0,0
0.66856382971868,1225,-1.51,0,0
0.66856372065386,1226,-1.5096,0,0
0.66856361150003,1227,-1.5092,0,0
0.66856350225717,1228,-1.5088,0,0
0.66856339292529,1229,-1.5084,0,0
0.66856328350439,1230,-1.508,0,0
0.66856317399447,1231,-1.5076,0,0
0.66856306439552,1232,-1.5072,0,0
0.66856295470756,1233,-1.5068,0,0
0.66856284493057,1234,-1.5064,0,0
0.66856273506456,1235,-1.506,0,0
0.66856262510953,1236,-1.5056,0,0
0.66856251506548,1237,-1.5052,0,0
0.6685624049324,1238,-1.5048,0,0
0.66856229471031,1239,-1.5044,0,0
0.66856218439919,1240,-1.504,0,0
0.66856207399905,1241,-1.5036,0,0
0.66856196350988,1242,-1.5032,0,0
0.6685618529317,1243,-1.5028,0,0
0.66856174226449,1244,-1.5024,0,0
0.66856163150826,1245,-1.502,0,0
0.66856152066301,1246,-1.5016,0,0
0.66856140972874,1247,-1.5012,0,0
0.66856129870544,1248,-1.5008,0,0
0.66856118759312,1249,-1.5004,0,0
0.66856107639178,1250,-1.5,0,0
0.66856096510141,1251,-1.4996,0,0
0.66856085372202,1252,-1.4992,0,0
0.66856074225361,1253,-1.4988,0,0
0.66856063069618,1254,-1.4984,0,0
0.66856051904972,1255,-1.498,0,0
0.66856040731424,1256,-1.4976,0,0
0.66856029548974,1257,-1.4972,0,0
0.66856018357621,1258,-1.4968,0,0
0.66856007157366,1259,-1.4964,0,0
0.66855995948209,1260,-1.496,0,0
0.66855984730149,1261,-1.4956,0,0
0.66855973503187,1262,-1.4952,0,0
0.66855962267323,1263,-1.4948,0,0
0.66855951022557,1264,-1.4944,0,0
0.66855939768888,1265,-1.494,0,0
0.66855928506316,1266,-1.4936,0,0
0.66855917234842,1267,-1.4932,0,0
0.66855905954466,1268,-1.4928,0,0
0.66855894665188,1269,-1.4924,0,0
0.66855883367007,1270,-1.492,0,0
0.66855872059924,1271,-1.4916,0,0
0.66855860743938,1272,-1.4912,0,0
0.6685584941905,1273,-1.4908,0,0
0.66855838085259,1274,-1.4904,0,0
0.66855826742566,1275,-1.49,0,0
0.66855815390971,1276,-1.4896,0,0
0.66855804030473,1277,-1.4892,0,0
0.66855792661073,1278,-1.4888,0,0
0.6685578128277,1279,-1.4884,0,0
0.66855769895565,1280,-1.488,0,0
0.66855758499457,1281,-1.4876,0,0
0.66855747094447,1282,-1.4872,0,0
0.66855735680534,1283,-1.4868,0,0
0.66855724257719,1284,-1.4864,0,0
0.66855712826002,1285,-1.486,0,0
0.66855701385381,1286,-1.4856,0,0
0.66855689935859,1287,-1.4852,0,0
0.66855678477434,1288,-1.4848,0,0
0.66855667010106,1289,-1.4844,0,0
0.66855655533876,1290,-1.484,0,0
0.66855644048743,1291,-1.4836,0,0
0.66855632554708,1292,-1.4832,0,0
0.6685562105177,1293,-1.4828,0,0
0.6685560953993,1294,-1.4824,0,0
0.66855598019187,1295,-1.482,0,0
0.66855586489542,1296,-1.4816,0,0
0.66855574950994,1297,-1.4812,0,0
0.66855563403543,1298,-1.4808,0,0
0.6685555184719,1299,-1.4804,0,0
0.66855540281935,1300,-1.48,0,0
0.66855528707776,1301,-1.4796,0,0
0.66855517124716,1302,-1.4792,0,0
0.66855505532752,1303,-1.4788,0,0
0.66855493931886,1304,-1.4784,0,0
0.66855482322117,1305,-1.478,0,0
0.66855470703446,1306,-1.4776,0,0
0.66855459075872,1307,-1.4772,0,0
0.66855447439395,1308,-1.4768,0,0
0.66855435794016,1309,-1.4764,0,0
0.66855424139734,1310,-1.476,0,0
0.66855412476549,1311,-1.4756,0,0
0.66855400804462,1312,-1.4752,0,0
0.66855389123472,1313,-1.4748,0,0
0.6685537743358,1314,-1.4744,0,0
0.66855365734784,1315,-1.474,0,0
0.66855354027086,1316,-1.4736,0,0
0.66855342310486,1317,-1.4732,0,0
0.66855330584982,1318,-1.4728,0,0
0.66855318850576,1319,-1.4724,0,0
0.66855307107268,1320,-1.472,0,0
0.66855295355056,1321,-1.4716,0,0
0.66855283593942,1322,-1.4712,0,0
0.66855271823925,1323,-1.4708,0,0
0.66855260045005,1324,-1.4704,0,0
0.66855248257183,1325,-1.47,0,0
0.66855236460457,1326,-1.4696,0,0
0.66855224654829,1327,-1.4692,0,0
0.66855212840299,1328,-1.4688,0,0
0.66855201016865,1329,-1.4684,0,0
0.66855189184529,1330,-1.468,0,0
0.6685517734329,1331,-1.4676,0,0
0.66855165493148,1332,-1.4672,0,0
0.66855153634103,1333,-1.4668,0,0
0.66855141766155,1334,-1.4664,0,0
0.66855129889305,1335,-1.466,0,0
0.66855118003552,1336,-1.4656,0,0
0.66855106108896,1337,-1.4652,0,0
0.66855094205337,1338,-1.4648,0,0
0.66855082292875,1339,-1.4644,0,0
0.66855070371511,1340,-1.464,0,0
0.66855058441243,1341,-1.4636,0,0
0.66855046502073,1342,-1.4632,0,0
0.66855034554,1343,-1.4628,0,0
0.66855022597024,1344,-1.4624,0,0
0.66855010631145,1345,-1.462,0,0
0.66854998656363,1346,-1.4616,0,0
0.66854986672679,1347,-1.4612,0,0
0.66854974680091,1348,-1.4608,0,0
0.66854962678601,1349,-1.4604,0,0
0.66854950668207,1350,-1.46,0,0
0.66854938648911,1351,-1.4596,0,0
0.66854926620712,1352,-1.4592,0,0
0.6685491458361,1353,-1.4588,0,0
0.66854902537604,1354,-1.4584,0,0
0.66854890482696,1355,-1.458,0,0
0.66854878418885,1356,-1.4576,0,0
0.66854866346171,1357,-1.4572,0,0
0.66854854264554,1358,-1.4568,0,0
0.66854842174034,1359,-1.4564,0,0
0.66854830074611,1360,-1.456,0,0
0.66854817966285,1361,-1.4556,0,0
0.66854805849056,1362,-1.4552,0,0
0.66854793722924,1363,-1.4548,0,0
0.6685478158789,1364,-1.4544,0,0
0.66854769443952,1365,-1.454,0,0
0.66854757291111,1366,-1.4536,0,0
0.66854745129367,1367,-1.4532,0,0
0.66854732958719,1368,-1.4528,0,0
0.66854720779169,1369,-1.4524,0,0
0.66854708590716,1370,-1.452,0,0
0.6685469639336,1371,-1.4516,0,0
0.66854684187101,1372,-1.4512,0,0
0.66854671971938,1373,-1.4508,0,0
0.66854659747873,1374,-1.4504,0,0
0.66854647514904,1375,-1.45,0,0
0.66854635273033,1376,-1.4496,0,0
0.66854623022258,1377,-1.4492,0,0
0.6685461076258,1378,-1.4488,0,0
0.66854598493999,1379,-1.4484,0,0
0.66854586216515,1380,-1.448,0,0
0.66854573930128,1381,-1.4476,0,0
0.66854561634837,1382,-1.4472,0,0
0.66854549330644,1383,-1.4468,0,0
0.66854537017547,1384,-1.4464,0,0
0.66854524695547,1385,-1.446,0,0
0.66854512364644,1386,-1.4456,0,0
0.66854500024838,1387,-1.4452,0,0
0.66854487676129,1388,-1.4448,0,0
0.66854475318516,1389,-1.4444,0,0
0.66854462952001,1390,-1.444,0,0
0.66854450576582,1391,-1.4436,0,0
0.6685443819226,1392,-1.4432,0,0
0.66854425799034,1393,-1.4428,0,0
0.66854413396906,1394,-1.4424,0,0
0.66854400985874,1395,-1.442,0,0
0.66854388565939,1396,-1.4416,0,0
0.66854376137101,1397,-1.4412,0,0
0.6685436369936,1398,-1.4408,0,0
0.66854351252715,1399,-1.4404,0,0
0.66854338797167,1400,-1.44,0,0
0.66854326332716,1401,-1.4396,0,0
0.66854313859361,1402,-1.4392,0,0
0.66854301377103,1403,-1.4388,0,0
0.66854288885942,1404,-1.4384,0,0
0.66854276385878,1405,-1.438,0,0
0.6685426387691,1406,-1.4376,0,0
0.66854251359039,1407,-1.4372,0,0
0.66854238832265,1408,-1.4368,0,0
0.66854226296587,1409,-1.4364,0,0
0.66854213752006,1410,-1.436,0,0
0.66854201198522,1411,-1.4356,0,0
0.66854188636134,1412,-1.4352,0,0
0.66854176064843,1413,-1.4348,0,0
0.66854163484649,1414,-1.4344,0,0
0.66854150895551,1415,-1.434,0,0
0.6685413829755,1416,-1.4336,0,0
0.66854125690645,1417,-1.4332,0,0
0.66854113074837,1418,-1.4328,0,0
0.66854100450126,1419,-1.4324,0,0
0.66854087816511,1420,-1.432,0,0
0.66854075173993,1421,-1.4316,0,0
0.66854062522572,1422,-1.4312,0,0
0.66854049862247,1423,-1.4308,0,0
0.66854037193018,1424,-1.4304,0,0
0.66854024514887,1425,-1.43,0,0
0.66854011827851,1426,-1.4296,0,0
0.66853999131913,1427,-1.4292,0,0
0.6685398642707,1428,-1.4288,0,0
0.66853973713325,1429,-1.4284,0,0
0.66853960990676,1430,-1.428,0,0
0.66853948259123,1431,-1.4276,0,0
0.66853935518667,1432,-1.4272,0,0
0.66853922769307,1433,-1.4268,0,0
0.66853910011044,1434,-1.4264,0,0
0.66853897243878,1435,-1.426,0,0
0.66853884467808,1436,-1.4256,0,0
0.66853871682834,1437,-1.4252,0,0
0.66853858888957,1438,-1.4248,0,0
0.66853846086176,1439,-1.4244,0,0
0.66853833274492,1440,-1.424,0,0
0.66853820453904,1441,-1.4236,0,0
0.66853807624413,1442,-1.4232,0,0
0.66853794786018,1443,-1.4228,0,0
0.6685378193872,1444,-1.4224,0,0
0.66853769082517,1445,-1.422,0,0
0.66853756217412,1446,-1.4216,0,0
0.66853743343403,1447,-1.4212,0,0
0.6685373046049,1448,-1.4208,0,0
0.66853717568673,1449,-1.4204,0,0
0.66853704667953,1450,-1.42,0,0
0.66853691758329,1451,-1.4196,0,0
0.66853678839802,1452,-1.4192,0,0
0.66853665912371,1453,-1.4188,0,0
0.66853652976036,1454,-1.4184,0,0
0.66853640030798,1455,-1.418,0,0
0.66853627076656,1456,-1.4176,0,0
0.66853614113611,1457,-1.4172,0,0
0.66853601141661,1458,-1.4168,0,0
0.66853588160808,1459,-1.4164,0,0
0.66853575171052,1460,-1.416,0,0
0.66853562172391,1461,-1.4156,0,0
0.66853549164827,1462,-1.4152,0,0
0.66853536148359,1463,-1.4148,0,0
0.66853523122988,1464,-1.4144,0,0
0.66853510088713,1465,-1.414,0,0
0.66853497045534,1466,-1.4136,0,0
0.66853483993451,1467,-1.4132,0,0
0.66853470932465,1468,-1.4128,0,0
0.66853457862574,1469,-1.4124,0,0
0.66853444783781,1470,-1.412,0,0
0.66853431696083,1471,-1.4116,0,0
0.66853418599481,1472,-1.4112,0,0
0.66853405493976,1473,-1.4108,0,0
0.66853392379567,1474,-1.4104,0,0
0.66853379256254,1475,-1.41,0,0
0.66853366124037,1476,-1.4096,0,0
0.66853352982917,1477,-1.4092,0,0
0.66853339832892,1478,-1.4088,0,0
0.66853326673964,1479,-1.4084,0,0
0.66853313506132,1480,-1.408,0,0
0.66853300329396,1481,-1.4076,0,0
0.66853287143757,1482,-1.4072,0,0
0.66853273949213,1483,-1.4068,0,0
0.66853260745766,1484,-1.4064,0,0
0.66853247533414,1485,-1.406,0,0
0.66853234312159,1486,-1.4056,0,0
0.66853221082,1487,-1.4052,0,0
0.66853207842937,1488,-1.4048,0,0
0.6685319459497,1489,-1.4044,0,0
0.66853181338099,1490,-1.404,0,0
0.66853168072325,1491,-1.4036,0,0
0.66853154797646,1492,-1.4032,0,0
0.66853141514064,1493,-1.4028,0,0
0.66853128221577,1494,-1.4024,0,0
0.66853114920187,1495,-1.402,0,0
0.66853101609892,1496,-1.4016,0,0
0.66853088290694,1497,-1.4012,0,0
0.66853074962591,1498,-1.4008,0,0
0.66853061625585,1499,-1.4004,0,0
0.66853048279675,1500,-1.4,0,0
0.6685303492486,1501,-1.3996,0,0
0.66853021561142,1502,-1.3992,0,0
0.6685300818852,1503,-1.3988,0,0
0.66852994806994,1504,-1.3984,0,0
0.66852981416563,1505,-1.398,0,0
0.66852968017229,1506,-1.3976,0,0
0.6685295460899,1507,-1.3972,0,0
0.66852941191848,1508,-1.3968,0,0
0.66852927765801,1509,-1.3964,0,0
0.66852914330851,1510,-1.396,0,0
0.66852900886996,1511,-1.3956,0,0
0.66852887434237,1512,-1.3952,0,0
0.66852873972575,1513,-1.3948,0,0
0.66852860502008,1514,-1.3944,0,0
0.66852847022537,1515,-1.394,0,0
0.66852833534161,1516,-1.3936,0,0
0.66852820036882,1517,-1.3932,0,0
0.66852806530699,1518,-1.3928,0,0
0.66852793015611,1519,-1.3924,0,0
0.6685277949162,1520,-1.392,0,0
0.66852765958724,1521,-1.3916,0,0
0.66852752416924,1522,-1.3912,0,0
0.6685273886622,1523,-1.3908,0,0
0.66852725306612,1524,-1.3904,0,0
0.66852711738099,1525,-1.39,0,0
0.66852698160683,1526,-1.3896,0,0
0.66852684574362,1527,-1.3892,0,0
0.66852670979137,1528,-1.3888,0,0
0.66852657375008,1529,-1.3884,0,0
0.66852643761974,1530,-1.388,0,0
0.66852630140037,1531,-1.3876,0,0
0.66852616509195,1532,-1.3872,0,0
0.66852602869449,1533,-1.3868,0,0
0.66852589220798,1534,-1.3864,0,0
0.66852575563244,1535,-1.386,0,0
0.66852561896785,1536,-1.3856,0,0
0.66852548221422,1537,-1.3852,0,0
0.66852534537154,1538,-1.3848,0,0
0.66852520843983,1539,-1.3844,0,0
0.66852507141907,1540,-1.384,0,0
0.66852493430926,1541,-1.3836,0,0
0.66852479711042,1542,-1.3832,0,0
0.66852465982253,1543,-1.3828,0,0
0.6685245224456,1544,-1.3824,0,0
0.66852438497962,1545,-1.382,0,0
0.6685242474246,1546,-1.3816,0,0
0.66852410978054,1547,-1.3812,0,0
0.66852397204743,1548,-1.3808,0,0
0.66852383422528,1549,-1.3804,0,0
0.66852369631409,1550,-1.38,0,0
0.66852355831385,1551,-1.3796,0,0
0.66852342022457,1552,-1.3792,0,0
0.66852328204625,1553,-1.3788,0,0
0.66852314377888,1554,-1.3784,0,0
0.66852300542247,1555,-1.378,0,0
0.66852286697701,1556,-1.3776,0,0
0.66852272844251,1557,-1.3772,0,0
0.66852258981897,1558,-1.3768,0,0
0.66852245110638,1559,-1.3764,0,0
0.66852231230474,1560,-1.376,0,0
0.66852217341406,1561,-1.3756,0,0
0.66852203443434,1562,-1.3752,0,0
0.66852189536557,1563,-1.3748,0,0
0.66852175620776,1564,-1.3744,0,0
0.6685216169609,1565,-1.374,0,0
0.668521477625,1566,-1.3736,0,0
0.66852133820005,1567,-1.3732,0,0
0.66852119868606,1568,-1.3728,0,0
0.66852105908302,1569,-1.3724,0,0
0.66852091939094,1570,-1.372,0,0
0.66852077960981,1571,-1.3716,0,0
0.66852063973964,1572,-1.3712,0,0
0.66852049978042,1573,-1.3708,0,0
0.66852035973215,1574,-1.3704,0,0
0.66852021959484,1575,-1.37,0,0
0.66852007936849,1576,-1.3696,0,0
0.66851993905308,1577,-1.3692,0,0
0.66851979864864,1578,-1.3688,0,0
0.66851965815514,1579,-1.3684,0,0
0.6685195175726,1580,-1.368,0,0
0.66851937690102,1581,-1.3676,0,0
0.66851923614039,1582,-1.3672,0,0
0.66851909529071,1583,-1.3668,0,0
0.66851895435198,1584,-1.3664,0,0
0.66851881332421,1585,-1.366,0,0
0.66851867220739,1586,-1.3656,0,0
0.66851853100153,1587,-1.3652,0,0
0.66851838970662,1588,-1.3648,0,0
0.66851824832266,1589,-1.3644,0,0
0.66851810684966,1590,-1.364,0,0
0.66851796528761,1591,-1.3636,0,0
0.66851782363651,1592,-1.3632,0,0
0.66851768189636,1593,-1.3628,0,0
0.66851754006717,1594,-1.3624,0,0
0.66851739814893,1595,-1.362,0,0
0.66851725614164,1596,-1.3616,0,0
0.66851711404531,1597,-1.3612,0,0
0.66851697185993,1598,-1.3608,0,0
0.6685168295855,1599,-1.3604,0,0
0.66851668722202,1600,-1.36,0,0
0.6685165447695,1601,-1.3596,0,0
0.66851640222792,1602,-1.3592,0,0
0.6685162595973,1603,-1.3588,0,0
0.66851611687764,1604,-1.3584,0,0
0.66851597406892,1605,-1.358,0,0
0.66851583117116,1606,-1.3576,0,0
0.66851568818434,1607,-1.3572,0,0
0.66851554510848,1608,-1.3568,0,0
0.66851540194357,1609,-1.3564,0,0
0.66851525868962,1610,-1.356,0,0
0.66851511534661,1611,-1.3556,0,0
0.66851497191456,1612,-1.3552,0,0
0.66851482839345,1613,-1.3548,0,0
0.6685146847833,1614,-1.3544,0,0
0.6685145410841,1615,-1.354,0,0
0.66851439729585,1616,-1.3536,0,0
0.66851425341855,1617,-1.3532,0,0
0.6685141094522,1618,-1.3528,0,0
0.66851396539681,1619,-1.3524,0,0
0.66851382125236,1620,-1.352,0,0
0.66851367701887,1621,-1.3516,0,0
0.66851353269632,1622,-1.3512,0,0
0.66851338828473,1623,-1.3508,0,0
0.66851324378408,1624,-1.3504,0,0
0.66851309919439,1625,-1.35,0,0
0.66851295451565,1626,-1.3496,0,0
0.66851280974785,1627,-1.3492,0,0
0.66851266489101,1628,-1.3488,0,0
0.66851251994512,1629,-1.3484,0,0
0.66851237491018,1630,-1.348,0,0
0.66851222978618,1631,-1.3476,0,0
0.66851208457314,1632,-1.3472,0,0
0.66851193927105,1633,-1.3468,0,0
0.6685117938799,1634,-1.3464,0,0
0.66851164839971,1635,-1.346,0,0
0.66851150283046,1636,-1.3456,0,0
0.66851135717217,1637,-1.3452,0,0
0.66851121142482,1638,-1.3448,0,0
0.66851106558842,1639,-1.3444,0,0
0.66851091966298,1640,-1.344,0,0
0.66851077364848,1641,-1.3436,0,0
0.66851062754493,1642,-1.3432,0,0
0.66851048135233,1643,-1.3428,0,0
0.66851033507068,1644,-1.3424,0,0
0.66851018869997,1645,-1.342,0,0
0.66851004224022,1646,-1.3416,0,0
0.66850989569141,1647,-1.3412,0,0
0.66850974905355,1648,-1.3408,0,0
0.66850960232665,1649,-1.3404,0,0
0.66850945551068,1650,-1.34,0,0
0.66850930860567,1651,-1.3396,0,0
0.66850916161161,1652,-1.3392,0,0
0.66850901452849,1653,-1.3388,0,0
0.66850886735632,1654,-1.3384,0,0
0.6685087200951,1655,-1.338,0,0
0.66850857274483,1656,-1.3376,0,0
0.6685084253055,1657,-1.3372,0,0
0.66850827777713,1658,-1.3368,0,0
0.6685081301597,1659,-1.3364,0,0
0.66850798245322,1660,-1.336,0,0
0.66850783465768,1661,-1.3356,0,0
0.66850768677309,1662,-1.3352,0,0
0.66850753879945,1663,-1.3348,0,0
0.66850739073676,1664,-1.3344,0,0
0.66850724258501,1665,-1.334,0,0
0.66850709434422,1666,-1.3336,0,0
0.66850694601436,1667,-1.3332,0,0
0.66850679759546,1668,-1.3328,0,0
0.6685066490875,1669,-1.3324,0,0
0.66850650049049,1670,-1.332,0,0
0.66850635180442,1671,-1.3316,0,0
0.6685062030293,1672,-1.3312,0,0
0.66850605416513,1673,-1.3308,0,0
0.66850590521191,1674,-1.3304,0,0
0.66850575616963,1675,-1.33,0,0
0.66850560703829,1676,-1.3296,0,0
0.6685054578179,1677,-1.3292,0,0
0.66850530850846,1678,-1.3288,0,0
0.66850515910997,1679,-1.3284,0,0
0.66850500962242,1680,-1.328,0,0
0.66850486004581,1681,-1.3276,0,0
0.66850471038015,1682,-1.3272,0,0
0.66850456062544,1683,-1.3268,0,0
0.66850441078167,1684,-1.3264,0,0
0.66850426084885,1685,-1.326,0,0
0.66850411082698,1686,-1.3256,0,0
0.66850396071604,1687,-1.3252,0,0
0.66850381051606,1688,-1.3248,0,0
0.66850366022702,1689,-1.3244,0,0
0.66850350984892,1690,-1.324,0,0
0.66850335938177,1691,-1.3236,0,0
0.66850320882556,1692,-1.3232,0,0
0.6685030581803,1693,-1.3228,0,0
0.66850290744598,1694,-1.3224,0,0
0.66850275662261,1695,-1.322,0,0
0.66850260571018,1696,-1.3216,0,0
0.6685024547087,1697,-1.3212,0,0
0.66850230361816,1698,-1.3208,0,0
0.66850215243856,1699,-1.3204,0,0
0.66850200116991,1700,-1.32,0,0
0.66850184981221,1701,-1.3196,0,0
0.66850169836544,1702,-1.3192,0,0
0.66850154682962,1703,-1.3188,0,0
0.66850139520475,1704,-1.3184,0,0
0.66850124349082,1705,-1.318,0,0
0.66850109168783,1706,-1.3176,0,0
0.66850093979578,1707,-1.3172,0,0
0.66850078781468,1708,-1.3168,0,0
0.66850063574452,1709,-1.3164,0,0
0.66850048358531,1710,-1.316,0,0
0.66850033133704,1711,-1.3156,0,0
0.66850017899971,1712,-1.3152,0,0
0.66850002657333,1713,-1.3148,0,0
0.66849987405788,1714,-1.3144,0,0
0.66849972145338,1715,-1.314,0,0
0.66849956875983,1716,-1.3136,0,0
0.66849941597721,1717,-1.3132,0,0
0.66849926310554,1718,-1.3128,0,0
0.66849911014481,1719,-1.3124,0,0
0.66849895709503,1720,-1.312,0,0
0.66849880395618,1721,-1.3116,0,0
0.66849865072828,1722,-1.3112,0,0
0.66849849741132,1723,-1.3108,0,0
0.6684983440053,1724,-1.3104,0,0
0.66849819051023,1725,-1.31,0,0
0.66849803692609,1726,-1.3096,0,0
0.6684978832529,1727,-1.3092,0,0
0.66849772949065,1728,-1.3088,0,0
0.66849757563934,1729,-1.3084,0,0
0.66849742169897,1730,-1.308,0,0
0.66849726766955,1731,-1.3076,0,0
0.66849711355106,1732,-1.3072,0,0
0.66849695934352,1733,-1.3068,0,0
0.66849680504692,1734,-1.3064,0,0
0.66849665066126,1735,-1.306,0,0
0.66849649618654,1736,-1.3056,0,0
0.66849634162276,1737,-1.3052,0,0
0.66849618696992,1738,-1.3048,0,0
0.66849603222803,1739,-1.3044,0,0
0.66849587739707,1740,-1.304,0,0
0.66849572247705,1741,-1.3036,0,0
0.66849556746798,1742,-1.3032,0,0
0.66849541236984,1743,-1.3028,0,0
0.66849525718265,1744,-1.3024,0,0
0.6684951019064,1745,-1.302,0,0
0.66849494654108,1746,-1.3016,0,0
0.66849479108671,1747,-1.3012,0,0
0.66849463554327,1748,-1.3008,0,0
0.66849447991078,1749,-1.3004,0,0
0.66849432418923,1750,-1.3,0,0
0.66849416837861,1751,-1.2996,0,0
0.66849401247894,1752,-1.2992,0,0
0.6684938564902,1753,-1.2988,0,0
0.66849370041241,1754,-1.2984,0,0
0.66849354424555,1755,-1.298,0,0
0.66849338798963,1756,-1.2976,0,0
0.66849323164465,1757,-1.2972,0,0
0.66849307521062,1758,-1.2968,0,0
0.66849291868752,1759,-1.2964,0,0
0.66849276207536,1760,-1.296,0,0
0.66849260537413,1761,-1.2956,0,0
0.66849244858385,1762,-1.2952,0,0
0.66849229170451,1763,-1.2948,0,0
0.6684921347361,1764,-1.2944,0,0
0.66849197767863,1765,-1.294,0,0
0.6684918205321,1766,-1.2936,0,0
0.66849166329651,1767,-1.2932,0,0
0.66849150597186,1768,-1.2928,0,0
0.66849134855814,1769,-1.2924,0,0
0.66849119105537,1770,-1.292,0,0
0.66849103346353,1771,-1.2916,0,0
0.66849087578263,1772,-1.2912,0,0
0.66849071801267,1773,-1.2908,0,0
0.66849056015364,1774,-1.2904,0,0
0.66849040220555,1775,-1.29,0,0
0.6684902441684,1776,-1.2896,0,0
0.66849008604219,1777,-1.2892,0,0
0.66848992782692,1778,-1.2888,0,0
0.66848976952258,1779,-1.2884,0,0
0.66848961112918,1780,-1.288,0,0
0.66848945264671,1781,-1.2876,0,0
0.66848929407519,1782,-1.2872,0,0
0.6684891354146,1783,-1.2868,0,0
0.66848897666495,1784,-1.2864,0,0
0.66848881782623,1785,-1.286,0,0
0.66848865889845,1786,-1.2856,0,0
0.66848849988161,1787,-1.2852,0,0
0.6684883407757,1788,-1.2848,0,0
0.66848818158073,1789,-1.2844,0,0
0.6684880222967,1790,-1.284,0,0
0.6684878629236,1791,-1.2836,0,0
0.66848770346144,1792,-1.2832,0,0
0.66848754391021,1793,-1.2828,0,0
0.66848738426992,1794,-1.2824,0,0
0.66848722454057,1795,-1.282,0,0
0.66848706472215,1796,-1.2816,0,0
0.66848690481467,1797,-1.2812,0,0
0.66848674481812,1798,-1.2808,0,0
0.66848658473251,1799,-1.2804,0,0
0.66848642455783,1800,-1.28,0,0
0.66848626429409,1801,-1.2796,0,0
0.66848610394128,1802,-1.2792,0,0
0.66848594349941,1803,-1.2788,0,0
0.66848578296848,1804,-1.2784,0,0
0.66848562234848,1805,-1.278,0,0
0.66848546163941,1806,-1.2776,0,0
0.66848530084128,1807,-1.2772,0,0
0.66848513995408,1808,-1.2768,0,0
0.66848497897782,1809,-1.2764,0,0
0.66848481791249,1810,-1.276,0,0
0.6684846567581,1811,-1.2756,0,0
0.66848449551464,1812,-1.2752,0,0
0.66848433418212,1813,-1.2748,0,0
0.66848417276053,1814,-1.2744,0,0
0.66848401124987,1815,-1.274,0,0
0.66848384965015,1816,-1.2736,0,0
0.66848368796136,1817,-1.2732,0,0
0.66848352618351,1818,-1.2728,0,0
0.66848336431658,1819,-1.2724,0,0
0.6684832023606,1820,-1.272,0,0
0.66848304031554,1821,-1.2716,0,0
0.66848287818142,1822,-1.2712,0,0
0.66848271595823,1823,-1.2708,0,0
0.66848255364598,1824,-1.2704,0,0
0.66848239124466,1825,-1.27,0,0
0.66848222875427,1826,-1.2696,0,0
0.66848206617482,1827,-1.2692,0,0
0.66848190350629,1828,-1.2688,0,0
0.6684817407487,1829,-1.2684,0,0
0.66848157790205,1830,-1.268,0,0
0.66848141496632,1831,-1.2676,0,0
0.66848125194153,1832,-1.2672,0,0
0.66848108882767,1833,-1.2668,0,0
0.66848092562474,1834,-1.2664,0,0
0.66848076233275,1835,-1.266,0,0
0.66848059895168,1836,-1.2656,0,0
0.66848043548155,1837,-1.2652,0,0
0.66848027192235,1838,-1.2648,0,0
0.66848010827409,1839,-1.2644,0,0
0.66847994453675,1840,-1.264,0,0
0.66847978071035,1841,-1.2636,0,0
0.66847961679487,1842,-1.2632,0,0
0.66847945279033,1843,-1.2628,0,0
0.66847928869672,1844,-1.2624,0,0
0.66847912451405,1845,-1.262,0,0
0.6684789602423,1846,-1.2616,0,0
0.66847879588148,1847,-1.2612,0,0
0.6684786314316,1848,-1.2608,0,0
0.66847846689264,1849,-1.2604,0,0
0.66847830226462,1850,-1.26,0,0
0.66847813754753,1851,-1.2596,0,0
0.66847797274136,1852,-1.2592,0,0
0.66847780784613,1853,-1.2588,0,0
0.66847764286183,1854,-1.2584,0,0
0.66847747778846,1855,-1.258,0,0
0.66847731262602,1856,-1.2576,0,0
0.66847714737451,1857,-1.2572,0,0
0.66847698203393,1858,-1.2568,0,0
0.66847681660428,1859,-1.2564,0,0
0.66847665108556,1860,-1.256,0,0
0.66847648547777,1861,-1.2556,0,0
0.66847631978091,1862,-1.2552,0,0
0.66847615399498,1863,-1.2548,0,0
0.66847598811997,1864,-1.2544,0,0
0.6684758221559,1865,-1.254,0,0
0.66847565610276,1866,-1.2536,0,0
0.66847548996055,1867,-1.2532,0,0
0.66847532372926,1868,-1.2528,0,0
0.6684751574089,1869,-1.2524,0,0
0.66847499099948,1870,-1.252,0,0
0.66847482450098,1871,-1.2516,0,0
0.66847465791341,1872,-1.2512,0,0
0.66847449123677,1873,-1.2508,0,0
0.66847432447106,1874,-1.2504,0,0
0.66847415761628,1875,-1.25,0,0
0.66847399067242,1876,-1.2496,0,0
0.66847382363949,1877,-1.2492,0,0
0.6684736565175,1878,-1.2488,0,0
0.66847348930642,1879,-1.2484,0,0
0.66847332200628,1880,-1.248,0,0
0.66847315461707,1881,-1.2476,0,0
0.66847298713878,1882,-1.2472,0,0
0.66847281957142,1883,-1.2468,0,0
0.66847265191499,1884,-1.2464,0,0
0.66847248416949,1885,-1.246,0,0
0.66847231633491,1886,-1.2456,0,0
0.66847214841126,1887,-1.2452,0,0
0.66847198039854,1888,-1.2448,0,0
0.66847181229674,1889,-1.2444,0,0
0.66847164410588,1890,-1.244,0,0
0.66847147582594,1891,-1.2436,0,0
0.66847130745692,1892,-1.2432,0,0
0.66847113899884,1893,-1.2428,0,0
0.66847097045168,1894,-1.2424,0,0
0.66847080181544,1895,-1.242,0,0
0.66847063309014,1896,-1.2416,0,0
0.66847046427575,1897,-1.2412,0,0
0.6684702953723,1898,-1.2408,0,0
0.66847012637977,1899,-1.2404,0,0
0.66846995729817,1900,-1.24,0,0
0.66846978812749,1901,-1.2396,0,0
0.66846961886774,1902,-1.2392,0,0
0.66846944951892,1903,-1.2388,0,0
0.66846928008102,1904,-1.2384,0,0
0.66846911055405,1905,-1.238,0,0
0.668468940938,1906,-1.2376,0,0
0.66846877123288,1907,-1.2372,0,0
0.66846860143868,1908,-1.2368,0,0
0.66846843155541,1909,-1.2364,0,0
0.66846826158306,1910,-1.236,0,0
0.66846809152164,1911,-1.2356,0,0
0.66846792137115,1912,-1.2352,0,0
0.66846775113158,1913,-1.2348,0,0
0.66846758080293,1914,-1.2344,0,0
0.66846741038521,1915,-1.234,0,0
0.66846723987841,1916,-1.2336,0,0
0.66846706928254,1917,-1.2332,0,0
0.66846689859759,1918,-1.2328,0,0
0.66846672782357,1919,-1.2324,0,0
0.66846655696047,1920,-1.232,0,0
0.66846638600829,1921,-1.2316,0,0
0.66846621496704,1922,-1.2312,0,0
0.66846604383671,1923,-1.2308,0,0
0.66846587261731,1924,-1.2304,0,0
0.66846570130883,1925,-1.23,0,0
0.66846552991127,1926,-1.2296,0,0
0.66846535842464,1927,-1.2292,0,0
0.66846518684893,1928,-1.2288,0,0
0.66846501518414,1929,-1.2284,0,0
0.66846484343028,1930,-1.228,0,0
0.66846467158734,1931,-1.2276,0,0
0.66846449965532,1932,-1.2272,0,0
0.66846432763423,1933,-1.2268,0,0
0.66846415552406,1934,-1.2264,0,0
0.66846398332481,1935,-1.226,0,0
0.66846381103648,1936,-1.2256,0,0
0.66846363865908,1937,-1.2252,0,0
0.6684634661926,1938,-1.2248,0,0
0.66846329363704,1939,-1.2244,0,0
0.6684631209924,1940,-1.224,0,0
0.66846294825869,1941,-1.2236,0,0
0.6684627754359,1942,-1.2232,0,0
0.66846260252403,1943,-1.2228,0,0
0.66846242952308,1944,-1.2224,0,0
0.66846225643306,1945,-1.222,0,0
0.66846208325395,1946,-1.2216,0,0
0.66846190998577,1947,-1.2212,0,0
0.66846173662851,1948,-1.2208,0,0
0.66846156318217,1949,-1.2204,0,0
0.66846138964675,1950,-1.22,0,0
0.66846121602225,1951,-1.2196,0,0
0.66846104230867,1952,-1.2192,0,0
0.66846086850602,1953,-1.2188,0,0
0.66846069461428,1954,-1.2184,0,0
0.66846052063347,1955,-1.218,0,0
0.66846034656358,1956,-1.2176,0,0
0.66846017240461,1957,-1.2172,0,0
0.66845999815655,1958,-1.2168,0,0
0.66845982381942,1959,-1.2164,0,0
0.66845964939321,1960,-1.216,0,0
0.66845947487792,1961,-1.2156,0,0
0.66845930027355,1962,-1.2152,0,0
0.6684591255801,1963,-1.2148,0,0
0.66845895079757,1964,-1.2144,0,0
0.66845877592596,1965,-1.214,0,0
0.66845860096527,1966,-1.2136,0,0
0.6684584259155,1967,-1.2132,0,0
0.66845825077664,1968,-1.2128,0,0
0.66845807554871,1969,-1.2124,0,0
0.6684579002317,1970,-1.212,0,0
0.6684577248256,1971,-1.2116,0,0
0.66845754933043,1972,-1.2112,0,0
0.66845737374617,1973,-1.2108,0,0
0.66845719807284,1974,-1.2104,0,0
0.66845702231042,1975,-1.21,0,0
0.66845684645892,1976,-1.2096,0,0
0.66845667051834,1977,-1.2092,0,0
0.66845649448868,1978,-1.2088,0,0
0.66845631836993,1979,-1.2084,0,0
0.66845614216211,1980,-1.208,0,0
0.6684559658652,1981,-1.2076,0,0
0.66845578947921,1982,-1.2072,0,0
0.66845561300414,1983,-1.2068,0,0
0.66845543643999,1984,-1.2064,0,0
0.66845525978676,1985,-1.206,0,0
0.66845508304444,1986,-1.2056,0,0
0.66845490621304,1987,-1.2052,0,0
0.66845472929256,1988,-1.2048,0,0
0.66845455228299,1989,-1.2044,0,0
0.66845437518434,1990,-1.204,0,0
0.66845419799661,1991,-1.2036,0,0
0.6684540207198,1992,-1.2032,0,0
0.66845384335391,1993,-1.2028,0,0
0.66845366589893,1994,-1.2024,0,0
0.66845348835487,1995,-1.202,0,0
0.66845331072172,1996,-1.2016,0,0
0.66845313299949,1997,-1.2012,0,0
0.66845295518818,1998,-1.2008,0,0
0.66845277728778,1999,-1.2004,0,0
0.66845259929831,2000,-1.2,0,0
0.66845242121974,2001,-1.1996,0,0
0.6684522430521,2002,-1.1992,0,0
0.66845206479537,2003,-1.1988,0,0
0.66845188644955,2004,-1.1984,0,0
0.66845170801465,2005,-1.198,0,0
0.66845152949067,2006,-1.1976,0,0
0.6684513508776,2007,-1.1972,0,0
0.66845117217545,2008,-1.1968,0,0
0.66845099338421,2009,-1.1964,0,0
0.66845081450389,2010,-1.196,0,0
0.66845063553449,2011,-1.1956,0,0
0.668450456476,2012,-1.1952,0,0
0.66845027732842,2013,-1.1948,0,0
0.66845009809176,2014,-1.1944,0,0
0.66844991876601,2015,-1.194,0,0
0.66844973935118,2016,-1.1936,0,0
0.66844955984727,2017,-1.1932,0,0
0.66844938025427,2018,-1.1928,0,0
0.66844920057218,2019,-1.1924,0,0
0.668449020801,2020,-1.192,0,0
0.66844884094075,2021,-1.1916,0,0
0.6684486609914,2022,-1.1912,0,0
0.66844848095297,2023,-1.1908,0,0
0.66844830082545,2024,-1.1904,0,0
0.66844812060885,2025,-1.19,0,0
0.66844794030316,2026,-1.1896,0,0
0.66844775990839,2027,-1.1892,0,0
0.66844757942452,2028,-1.1888,0,0
0.66844739885158,2029,-1.1884,0,0
0.66844721818954,2030,-1.188,0,0
0.66844703743842,2031,-1.1876,0,0
0.66844685659821,2032,-1.1872,0,0
0.66844667566891,2033,-1.1868,0,0
0.66844649465053,2034,-1.1864,0,0
0.66844631354306,2035,-1.186,0,0
0.6684461323465,2036,-1.1856,0,0
0.66844595106086,2037,-1.1852,0,0
0.66844576968613,2038,-1.1848,0,0
0.66844558822231,2039,-1.1844,0,0
0.6684454066694,2040,-1.184,0,0
0.66844522502741,2041,-1.1836,0,0
0.66844504329632,2042,-1.1832,0,0
0.66844486147615,2043,-1.1828,0,0
0.66844467956689,2044,-1.1824,0,0
0.66844449756854,2045,-1.182,0,0
0.66844431548111,2046,-1.1816,0,0
0.66844413330458,2047,-1.1812,0,0
0.66844395103897,2048,-1.1808,0,0
0.66844376868427,2049,-1.1804,0,0
0.66844358624048,2050,-1.18,0,0
0.6684434037076,2051,-1.1796,0,0
0.66844322108563,2052,-1.1792,0,0
0.66844303837458,2053,-1.1788,0,0
0.66844285557443,2054,-1.1784,0,0
0.6684426726852,2055,-1.178,0,0
0.66844248970687,2056,-1.1776,0,0
0.66844230663946,2057,-1.1772,0,0
0.66844212348296,2058,-1.1768,0,0
0.66844194023736,2059,-1.1764,0,0
0.66844175690268,2060,-1.176,0,0
0.66844157347891,2061,-1.1756,0,0
0.66844138996605,2062,-1.1752,0,0
0.66844120636409,2063,-1.1748,0,0
0.66844102267305,2064,-1.1744,0,0
0.66844083889292,2065,-1.174,0,0
0.66844065502369,2066,-1.1736,0,0
0.66844047106538,2067,-1.1732,0,0
0.66844028701798,2068,-1.1728,0,0
0.66844010288148,2069,-1.1724,0,0
0.66843991865589,2070,-1.172,0,0
0.66843973434122,2071,-1.1716,0,0
0.66843954993745,2072,-1.1712,0,0
0.66843936544459,2073,-1.1708,0,0
0.66843918086264,2074,-1.1704,0,0
0.6684389961916,2075,-1.17,0,0
0.66843881143147,2076,-1.1696,0,0
0.66843862658224,2077,-1.1692,0,0
0.66843844164393,2078,-1.1688,0,0
0.66843825661652,2079,-1.1684,0,0
0.66843807150002,2080,-1.168,0,0
0.66843788629443,2081,-1.1676,0,0
0.66843770099975,2082,-1.1672,0,0
0.66843751561597,2083,-1.1668,0,0
0.66843733014311,2084,-1.1664,0,0
0.66843714458115,2085,-1.166,0,0
0.66843695893009,2086,-1.1656,0,0
0.66843677318995,2087,-1.1652,0,0
0.66843658736071,2088,-1.1648,0,0
0.66843640144238,2089,-1.1644,0,0
0.66843621543496,2090,-1.164,0,0
0.66843602933844,2091,-1.1636,0,0
0.66843584315283,2092,-1.1632,0,0
0.66843565687813,2093,-1.1628,0,0
0.66843547051434,2094,-1.1624,0,0
0.66843528406145,2095,-1.162,0,0
0.66843509751946,2096,-1.1616,0,0
0.66843491088839,2097,-1.1612,0,0
0.66843472416822,2098,-1.1608,0,0
0.66843453735895,2099,-1.1604,0,0
0.6684343504606,2100,-1.16,0,0
0.66843416347315,2101,-1.1596,0,0
0.6684339763966,2102,-1.1592,0,0
0.66843378923096,2103,-1.1588,0,0
0.66843360197623,2104,-1.1584,0,0
0.6684334146324,2105,-1.158,0,0
0.66843322719948,2106,-1.1576,0,0
0.66843303967746,2107,-1.1572,0,0
0.66843285206635,2108,-1.1568,0,0
0.66843266436614,2109,-1.1564,0,0
0.66843247657684,2110,-1.156,0,0
0.66843228869844,2111,-1.1556,0,0
0.66843210073095,2112,-1.1552,0,0
0.66843191267436,2113,-1.1548,0,0
0.66843172452868,2114,-1.1544,0,0
0.6684315362939,2115,-1.154,0,0
0.66843134797002,2116,-1.1536,0,0
0.66843115955705,2117,-1.1532,0,0
0.66843097105499,2118,-1.1528,0,0
0.66843078246383,2119,-1.1524,0,0
0.66843059378357,2120,-1.152,0,0
0.66843040501421,2121,-1.1516,0,0
0.66843021615576,2122,-1.1512,0,0
0.66843002720822,2123,-1.1508,0,0
0.66842983817158,2124,-1.1504,0,0
0.66842964904584,2125,-1.15,0,0
0.668429459831,2126,-1.1496,0,0
0.66842927052707,2127,-1.1492,0,0
0.66842908113404,2128,-1.1488,0,0
0.66842889165191,2129,-1.1484,0,0
0.66842870208069,2130,-1.148,0,0
0.66842851242037,2131,-1.1476,0,0
0.66842832267095,2132,-1.1472,0,0
0.66842813283243,2133,-1.1468,0,0
0.66842794290482,2134,-1.1464,0,0
0.66842775288811,2135,-1.146,0,0
0.6684275627823,2136,-1.1456,0,0
0.6684273725874,2137,-1.1452,0,0
0.66842718230339,2138,-1.1448,0,0
0.66842699193029,2139,-1.1444,0,0
0.66842680146809,2140,-1.144,0,0
0.66842661091679,2141,-1.1436,0,0
0.66842642027639,2142,-1.1432,0,0
0.6684262295469,2143,-1.1428,0,0
0.6684260387283,2144,-1.1424,0,0
0.66842584782061,2145,-1.142,0,0
0.66842565682382,2146,-1.1416,0,0
0.66842546573793,2147,-1.1412,0,0
0.66842527456294,2148,-1.1408,0,0
0.66842508329885,2149,-1.1404,0,0
0.66842489194567,2150,-1.14,0,0
0.66842470050338,2151,-1.1396,0,0
0.66842450897199,2152,-1.1392,0,0
0.66842431735151,2153,-1.1388,0,0
0.66842412564192,2154,-1.1384,0,0
0.66842393384323,2155,-1.138,0,0
0.66842374195545,2156,-1.1376,0,0
0.66842354997856,2157,-1.1372,0,0
0.66842335791258,2158,-1.1368,0,0
0.66842316575749,2159,-1.1364,0,0
0.66842297351331,2160,-1.136,0,0
0.66842278118002,2161,-1.1356,0,0
0.66842258875763,2162,-1.1352,0,0
0.66842239624615,2163,-1.1348,0,0
0.66842220364556,2164,-1.1344,0,0
0.66842201095587,2165,-1.134,0,0
0.66842181817708,2166,-1.1336,0,0
0.66842162530919,2167,-1.1332,0,0
0.6684214323522,2168,-1.1328,0,0
0.6684212393061,2169,-1.1324,0,0
0.66842104617091,2170,-1.132,0,0
0.66842085294661,2171,-1.1316,0,0
0.66842065963321,2172,-1.1312,0,0
0.66842046623072,2173,-1.1308,0,0
0.66842027273911,2174,-1.1304,0,0
0.66842007915841,2175,-1.13,0,0
0.66841988548861,2176,-1.1296,0,0
0.6684196917297,2177,-1.1292,0,0
0.66841949788169,2178,-1.1288,0,0
0.66841930394458,2179,-1.1284,0,0
0.66841910991836,2180,-1.128,0,0
0.66841891580304,2181,-1.1276,0,0
0.66841872159862,2182,-1.1272,0,0
0.6684185273051,2183,-1.1268,0,0
0.66841833292248,2184,-1.1264,0,0
0.66841813845075,2185,-1.126,0,0
0.66841794388992,2186,-1.1256,0,0
0.66841774923998,2187,-1.1252,0,0
0.66841755450094,2188,-1.1248,0,0
0.6684173596728,2189,-1.1244,0,0
0.66841716475555,2190,-1.124,0,0
0.66841696974921,2191,-1.1236,0,0
0.66841677465375,2192,-1.1232,0,0
0.6684165794692,2193,-1.1228,0,0
0.66841638419554,2194,-1.1224,0,0
0.66841618883277,2195,-1.122,0,0
0.6684159933809,2196,-1.1216,0,0
0.66841579783993,2197,-1.1212,0,0
0.66841560220985,2198,-1.1208,0,0
0.66841540649067,2199,-1.1204,0,0
0.66841521068238,2200,-1.12,0,0
0.66841501478499,2201,-1.1196,0,0
0.66841481879849,2202,-1.1192,0,0
0.66841462272289,2203,-1.1188,0,0
0.66841442655818,2204,-1.1184,0,0
0.66841423030437,2205,-1.118,0,0
0.66841403396145,2206,-1.1176,0,0
0.66841383752943,2207,-1.1172,0,0
0.6684136410083,2208,-1.1168,0,0
0.66841344439807,2209,-1.1164,0,0
0.66841324769873,2210,-1.116,0,0
0.66841305091028,2211,-1.1156,0,0
0.66841285403273,2212,-1.1152,0,0
0.66841265706607,2213,-1.1148,0,0
0.66841246001031,2214,-1.1144,0,0
0.66841226286544,2215,-1.114,0,0
0.66841206563146,2216,-1.1136,0,0
0.66841186830838,2217,-1.1132,0,0
0.66841167089619,2218,-1.1128,0,0
0.66841147339489,2219,-1.1124,0,0
0.66841127580449,2220,-1.112,0,0
0.66841107812498,2221,-1.1116,0,0
0.66841088035636,2222,-1.1112,0,0
0.66841068249863,2223,-1.1108,0,0
0.6684104845518,2224,-1.1104,0,0
0.66841028651586,2225,-1.11,0,0
0.66841008839082,2226,-1.1096,0,0
0.66840989017666,2227,-1.1092,0,0
0.6684096918734,2228,-1.1088,0,0
0.66840949348103,2229,-1.1084,0,0
0.66840929499955,2230,-1.108,0,0
0.66840909642896,2231,-1.1076,0,0
0.66840889776927,2232,-1.1072,0,0
0.66840869902046,2233,-1.1068,0,0
0.66840850018255,2234,-1.1064,0,0
0.66840830125553,2235,-1.106,0,0
0.6684081022394,2236,-1.1056,0,0
0.66840790313417,2237,-1.1052,0,0
0.66840770393982,2238,-1.1048,0,0
0.66840750465636,2239,-1.1044,0,0
0.6684073052838,2240,-1.104,0,0
0.66840710582212,2241,-1.1036,0,0
0.66840690627134,2242,-1.1032,0,0
0.66840670663145,2243,-1.1028,0,0
0.66840650690245,2244,-1.1024,0,0
0.66840630708433,2245,-1.102,0,0
0.66840610717711,2246,-1.1016,0,0
0.66840590718078,2247,-1.1012,0,0
0.66840570709534,2248,-1.1008,0,0
0.66840550692079,2249,-1.1004,0,0
0.66840530665713,2250,-1.1,0,0
0.66840510630435,2251,-1.0996,0,0
0.66840490586247,2252,-1.0992,0,0
0.66840470533148,2253,-1.0988,0,0
0.66840450471137,2254,-1.0984,0,0
0.66840430400216,2255,-1.098,0,0
0.66840410320383,2256,-1.0976,0,0
0.6684039023164,2257,-1.0972,0,0
0.66840370133985,2258,-1.0968,0,0
0.66840350027419,2259,-1.0964,0,0
0.66840329911942,2260,-1.096,0,0
0.66840309787554,2261,-1.0956,0,0
0.66840289654254,2262,-1.0952,0,0
0.66840269512044,2263,-1.0948,0,0
0.66840249360922,2264,-1.0944,0,0
0.66840229200889,2265,-1.094,0,0
0.66840209031945,2266,-1.0936,0,0
0.6684018885409,2267,-1.0932,0,0
0.66840168667323,2268,-1.0928,0,0
0.66840148471645,2269,-1.0924,0,0
0.66840128267056,2270,-1.092,0,0
0.66840108053556,2271,-1.0916,0,0
0.66840087831144,2272,-1.0912,0,0
0.66840067599821,2273,-1.0908,0,0
0.66840047359587,2274,-1.0904,0,0
0.66840027110442,2275,-1.09,0,0
0.66840006852385,2276,-1.0896,0,0
0.66839986585417,2277,-1.0892,0,0
0.66839966309537,2278,-1.0888,0,0
0.66839946024747,2279,-1.0884,0,0
0.66839925731044,2280,-1.088,0,0
0.66839905428431,2281,-1.0876,0,0
0.66839885116906,2282,-1.0872,0,0
0.6683986479647,2283,-1.0868,0,0
0.66839844467122,2284,-1.0864,0,0
0.66839824128863,2285,-1.086,0,0
0.66839803781692,2286,-1.0856,0,0
0.6683978342561,2287,-1.0852,0,0
0.66839763060617,2288,-1.0848,0,0
0.66839742686712,2289,-1.0844,0,0
0.66839722303895,2290,-1.084,0,0
0.66839701912167,2291,-1.0836,0,0
0.66839681511528,2292,-1.0832,0,0
0.66839661101977,2293,-1.0828,0,0
0.66839640683514,2294,-1.0824,0,0
0.6683962025614,2295,-1.082,0,0
0.66839599819855,2296,-1.0816,0,0
0.66839579374658,2297,-1.0812,0,0
0.66839558920549,2298,-1.0808,0,0
0.66839538457529,2299,-1.0804,0,0
0.66839517985597,2300,-1.08,0,0
0.66839497504754,2301,-1.0796,0,0
0.66839477014998,2302,-1.0792,0,0
0.66839456516332,2303,-1.0788,0,0
0.66839436008753,2304,-1.0784,0,0
0.66839415492263,2305,-1.078,0,0
0.66839394966862,2306,-1.0776,0,0
0.66839374432548,2307,-1.0772,0,0
0.66839353889323,2308,-1.0768,0,0
0.66839333337187,2309,-1.0764,0,0
0.66839312776138,2310,-1.076,0,0
0.66839292206178,2311,-1.0756,0,0
0.66839271627306,2312,-1.0752,0,0
0.66839251039523,2313,-1.0748,0,0
0.66839230442827,2314,-1.0744,0,0
0.6683920983722,2315,-1.074,0,0
0.66839189222701,2316,-1.0736,0,0
0.6683916859927,2317,-1.0732,0,0
0.66839147966928,2318,-1.0728,0,0
0.66839127325674,2319,-1.0724,0,0
0.66839106675507,2320,-1.072,0,0
0.66839086016429,2321,-1.0716,0,0
0.6683906534844,2322,-1.0712,0,0
0.66839044671538,2323,-1.0708,0,0
0.66839023985724,2324,-1.0704,0,0
0.66839003290999,2325,-1.07,0,0
0.66838982587362,2326,-1.0696,0,0
0.66838961874812,2327,-1.0692,0,0
0.66838941153351,2328,-1.0688,0,0
0.66838920422978,2329,-1.0684,0,0
0.66838899683693,2330,-1.068,0,0
0.66838878935496,2331,-1.0676,0,0
0.66838858178387,2332,-1.0672,0,0
0.66838837412366,2333,-1.0668,0,0
0.66838816637433,2334,-1.0664,0,0
0.66838795853588,2335,-1.066,0,0
0.66838775060831,2336,-1.0656,0,0
0.66838754259162,2337,-1.0652,0,0
0.66838733448581,2338,-1.0648,0,0
0.66838712629088,2339,-1.0644,0,0
0.66838691800683,2340,-1.064,0,0
0.66838670963366,2341,-1.0636,0,0
0.66838650117137,2342,-1.0632,0,0
0.66838629261996,2343,-1.0628,0,0
0.66838608397942,2344,-1.0624,0,0
0.66838587524977,2345,-1.062,0,0
0.66838566643099,2346,-1.0616,0,0
0.66838545752309,2347,-1.0612,0,0
0.66838524852607,2348,-1.0608,0,0
0.66838503943993,2349,-1.0604,0,0
0.66838483026467,2350,-1.06,0,0
0.66838462100028,2351,-1.0596,0,0
0.66838441164677,2352,-1.0592,0,0
0.66838420220415,2353,-1.0588,0,0
0.66838399267239,2354,-1.0584,0,0
0.66838378305152,2355,-1.058,0,0
0.66838357334152,2356,-1.0576,0,0
0.66838336354241,2357,-1.0572,0,0
0.66838315365416,2358,-1.0568,0,0
0.6683829436768,2359,-1.0564,0,0
0.66838273361031,2360,-1.056,0,0
0.6683825234547,2361,-1.0556,0,0
0.66838231320997,2362,-1.0552,0,0
0.66838210287611,2363,-1.0548,0,0
0.66838189245313,2364,-1.0544,0,0
0.66838168194103,2365,-1.054,0,0
0.6683814713398,2366,-1.0536,0,0
0.66838126064945,2367,-1.0532,0,0
0.66838104986998,2368,-1.0528,0,0
0.66838083900138,2369,-1.0524,0,0
0.66838062804365,2370,-1.052,0,0
0.66838041699681,2371,-1.0516,0,0
0.66838020586083,2372,-1.0512,0,0
0.66837999463574,2373,-1.0508,0,0
0.66837978332152,2374,-1.0504,0,0
0.66837957191817,2375,-1.05,0,0
0.6683793604257,2376,-1.0496,0,0
0.66837914884411,2377,-1.0492,0,0
0.66837893717339,2378,-1.0488,0,0
0.66837872541354,2379,-1.0484,0,0
0.66837851356457,2380,-1.048,0,0
0.66837830162647,2381,-1.0476,0,0
0.66837808959925,2382,-1.0472,0,0
0.66837787748291,2383,-1.0468,0,0
0.66837766527743,2384,-1.0464,0,0
0.66837745298283,2385,-1.046,0,0
0.66837724059911,2386,-1.0456,0,0
0.66837702812626,2387,-1.0452,0,0
0.66837681556428,2388,-1.0448,0,0
0.66837660291317,2389,-1.0444,0,0
0.66837639017294,2390,-1.044,0,0
0.66837617734359,2391,-1.0436,0,0
0.6683759644251,2392,-1.0432,0,0
0.66837575141749,2393,-1.0428,0,0
0.66837553832076,2394,-1.0424,0,0
0.66837532513489,2395,-1.042,0,0
0.6683751118599,2396,-1.0416,0,0
0.66837489849578,2397,-1.0412,0,0
0.66837468504253,2398,-1.0408,0,0
0.66837447150016,2399,-1.0404,0,0
0.66837425786866,2400,-1.04,0,0
0.66837404414803,2401,-1.0396,0,0
0.66837383033827,2402,-1.0392,0,0
0.66837361643938,2403,-1.0388,0,0
0.66837340245137,2404,-1.0384,0,0
0.66837318837423,2405,-1.038,0,0
0.66837297420796,2406,-1.0376,0,0
0.66837275995256,2407,-1.0372,0,0
0.66837254560803,2408,-1.0368,0,0
0.66837233117437,2409,-1.0364,0,0
0.66837211665159,2410,-1.036,0,0
0.66837190203967,2411,-1.0356,0,0
0.66837168733863,2412,-1.0352,0,0
0.66837147254845,2413,-1.0348,0,0
0.66837125766915,2414,-1.0344,0,0
0.66837104270072,2415,-1.034,0,0
0.66837082764316,2416,-1.0336,0,0
0.66837061249647,2417,-1.0332,0,0
0.66837039726065,2418,-1.0328,0,0
0.66837018193569,2419,-1.0324,0,0
0.66836996652161,2420,-1.032,0,0
0.6683697510184,2421,-1.0316,0,0
0.66836953542606,2422,-1.0312,0,0
0.66836931974459,2423,-1.0308,0,0
0.66836910397398,2424,-1.0304,0,0
0.66836888811425,2425,-1.03,0,0
0.66836867216539,2426,-1.0296,0,0
0.66836845612739,2427,-1.0292,0,0
0.66836824000026,2428,-1.0288,0,0
0.66836802378401,2429,-1.0284,0,0
0.66836780747862,2430,-1.028,0,0
0.6683675910841,2431,-1.0276,0,0
0.66836737460044,2432,-1.0272,0,0
0.66836715802766,2433,-1.0268,0,0
0.66836694136574,2434,-1.0264,0,0
0.6683667246147,2435,-1.026,0,0
0.66836650777452,2436,-1.0256,0,0
0.6683662908452,2437,-1.0252,0,0
0.66836607382676,2438,-1.0248,0,0
0.66836585671918,2439,-1.0244,0,0
0.66836563952247,2440,-1.024,0,0
0.66836542223663,2441,-1.0236,0,0
0.66836520486166,2442,-1.0232,0,0
0.66836498739755,2443,-1.0228,0,0
0.66836476984431,2444,-1.0224,0,0
0.66836455220194,2445,-1.022,0,0
0.66836433447043,2446,-1.0216,0,0
0.66836411664979,2447,-1.0212,0,0
0.66836389874001,2448,-1.0208,0,0
0.66836368074111,2449,-1.0204,0,0
0.66836346265306,2450,-1.02,0,0
0.66836324447589,2451,-1.0196,0,0
0.66836302620958,2452,-1.0192,0,0
0.66836280785414,2453,-1.0188,0,0
0.66836258940956,2454,-1.0184,0,0
0.66836237087585,2455,-1.018,0,0
0.668362152253,2456,-1.0176,0,0
0.66836193354102,2457,-1.0172,0,0
0.6683617147399,2458,-1.0168,0,0
0.66836149584965,2459,-1.0164,0,0
0.66836127687027,2460,-1.016,0,0
0.66836105780174,2461,-1.0156,0,0
0.66836083864409,2462,-1.0152,0,0
0.6683606193973,2463,-1.0148,0,0
0.66836040006137,2464,-1.0144,0,0
0.66836018063631,2465,-1.014,0,0
0.66835996112211,2466,-1.0136,0,0
0.66835974151877,2467,-1.0132,0,0
0.6683595218263,2468,-1.0128,0,0
0.6683593020447,2469,-1.0124,0,0
0.66835908217395,2470,-1.012,0,0
0.66835886221407,2471,-1.0116,0,0
0.66835864216506,2472,-1.0112,0,0
0.66835842202691,2473,-1.0108,0,0
0.66835820179962,2474,-1.0104,0,0
0.66835798148319,2475,-1.01,0,0
0.66835776107763,2476,-1.0096,0,0
0.66835754058293,2477,-1.0092,0,0
0.66835731999909,2478,-1.0088,0,0
0.66835709932612,2479,-1.0084,0,0
0.668356878564,2480,-1.008,0,0
0.66835665771275,2481,-1.0076,0,0
0.66835643677237,2482,-1.0072,0,0
0.66835621574284,2483,-1.0068,0,0
0.66835599462418,2484,-1.0064,0,0
0.66835577341638,2485,-1.006,0,0
0.66835555211944,2486,-1.0056,0,0
0.66835533073336,2487,-1.0052,0,0
0.66835510925814,2488,-1.0048,0,0
0.66835488769379,2489,-1.0044,0,0
0.6683546660403,2490,-1.004,0,0
0.66835444429766,2491,-1.0036,0,0
0.66835422246589,2492,-1.0032,0,0
0.66835400054498,2493,-1.0028,0,0
0.66835377853493,2494,-1.0024,0,0
0.66835355643574,2495,-1.002,0,0
0.66835333424741,2496,-1.0016,0,0
0.66835311196995,2497,-1.0012,0,0
0.66835288960334,2498,-1.0008,0,0
0.66835266714759,2499,-1.0004,0,0
0.6683524446027,2500,-1,0,0
0.66835222196867,2501,-0.9996,0,0
0.66835199924551,2502,-0.9992,0,0
0.6683517764332,2503,-0.9988,0,0
0.66835155353175,2504,-0.9984,0,0
0.66835133054116,2505,-0.998,0,0
0.66835110746143,2506,-0.9976,0,0
0.66835088429256,2507,-0.9972,0,0
0.66835066103455,2508,-0.9968,0,0
0.66835043768739,2509,-0.9964,0,0
0.6683502142511,2510,-0.996,0,0
0.66834999072566,2511,-0.9956,0,0
0.66834976711109,2512,-0.9952,0,0
0.66834954340737,2513,-0.9948,0,0
0.66834931961451,2514,-0.9944,0,0
0.6683490957325,2515,-0.994,0,0
0.66834887176136,2516,-0.9936,0,0
0.66834864770107,2517,-0.9932,0,0
0.66834842355164,2518,-0.9928,0,0
0.66834819931307,2519,-0.9924,0,0
0.66834797498536,2520,-0.992,0,0
0.6683477505685,2521,-0.9916,0,0
0.66834752606251,2522,-0.9912,0,0
0.66834730146736,2523,-0.9908,0,0
0.66834707678308,2524,-0.9904,0,0
0.66834685200965,2525,-0.99,0,0
0.66834662714708,2526,-0.9896,0,0
0.66834640219537,2527,-0.9892,0,0
0.66834617715451,2528,-0.9888,0,0
0.66834595202451,2529,-0.9884,0,0
0.66834572680536,2530,-0.988,0,0
0.66834550149707,2531,-0.9876,0,0
0.66834527609964,2532,-0.9872,0,0
0.66834505061306,2533,-0.9868,0,0
0.66834482503734,2534,-0.9864,0,0
0.66834459937247,2535,-0.986,0,0
0.66834437361846,2536,-0.9856,0,0
0.66834414777531,2537,-0.9852,0,0
0.66834392184301,2538,-0.9848,0,0
0.66834369582156,2539,-0.9844,0,0
0.66834346971097,2540,-0.984,0,0
0.66834324351124,2541,-0.9836,0,0
0.66834301722236,2542,-0.9832,0,0
0.66834279084433,2543,-0.9828,0,0
0.66834256437716,2544,-0.9824,0,0
0.66834233782084,2545,-0.982,0,0
0.66834211117538,2546,-0.9816,0,0
0.66834188444077,2547,-0.9812,0,0
0.66834165761702,2548,-0.9808,0,0
0.66834143070412,2549,-0.9804,0,0
0.66834120370207,2550,-0.98,0,0
0.66834097661087,2551,-0.9796,0,0
0.66834074943053,2552,-0.9792,0,0
0.66834052216105,2553,-0.9788,0,0
0.66834029480241,2554,-0.9784,0,0
0.66834006735463,2555,-0.978,0,0
0.66833983981771,2556,-0.9776,0,0
0.66833961219163,2557,-0.9772,0,0
0.66833938447641,2558,-0.9768,0,0
0.66833915667204,2559,-0.9764,0,0
0.66833892877852,2560,-0.976,0,0
0.66833870079586,2561,-0.9756,0,0
0.66833847272404,2562,-0.9752,0,0
0.66833824456308,2563,-0.9748,0,0
0.66833801631298,2564,-0.9744,0,0
0.66833778797372,2565,-0.974,0,0
0.66833755954531,2566,-0.9736,0,0
0.66833733102776,2567,-0.9732,0,0
0.66833710242106,2568,-0.9728,0,0
0.66833687372521,2569,-0.9724,0,0
0.66833664494021,2570,-0.972,0,0
0.66833641606606,2571,-0.9716,0,0
0.66833618710276,2572,-0.9712,0,0
0.66833595805031,2573,-0.9708,0,0
0.66833572890871,2574,-0.9704,0,0
0.66833549967797,2575,-0.97,0,0
0.66833527035807,2576,-0.9696,0,0
0.66833504094903,2577,-0.9692,0,0
0.66833481145083,2578,-0.9688,0,0
0.66833458186349,2579,-0.9684,0,0
0.66833435218699,2580,-0.968,0,0
0.66833412242134,2581,-0.9676,0,0
0.66833389256655,2582,-0.9672,0,0
0.6683336626226,2583,-0.9668,0,0
0.6683334325895,2584,-0.9664,0,0
0.66833320246725,2585,-0.966,0,0
0.66833297225586,2586,-0.9656,0,0
0.66833274195531,2587,-0.9652,0,0
0.6683325115656,2588,-0.9648,0,0
0.66833228108675,2589,-0.9644,0,0
0.66833205051875,2590,-0.964,0,0
0.66833181986159,2591,-0.9636,0,0
0.66833158911528,2592,-0.9632,0,0
0.66833135827982,2593,-0.9628,0,0
0.66833112735521,2594,-0.9624,0,0
0.66833089634145,2595,-0.962,0,0
0.66833066523853,2596,-0.9616,0,0
0.66833043404646,2597,-0.9612,0,0
0.66833020276524,2598,-0.9608,0,0
0.66832997139487,2599,-0.9604,0,0
0.66832973993534,2600,-0.96,0,0
0.66832950838667,2601,-0.9596,0,0
0.66832927674883,2602,-0.9592,0,0
0.66832904502185,2603,-0.9588,0,0
0.66832881320571,2604,-0.9584,0,0
0.66832858130042,2605,-0.958,0,0
0.66832834930597,2606,-0.9576,0,0
0.66832811722237,2607,-0.9572,0,0
0.66832788504962,2608,-0.9568,0,0
0.66832765278772,2609,-0.9564,0,0
0.66832742043665,2610,-0.956,0,0
0.66832718799644,2611,-0.9556,0,0
0.66832695546707,2612,-0.9552,0,0
0.66832672284855,2613,-0.9548,0,0
0.66832649014087,2614,-0.9544,0,0
0.66832625734404,2615,-0.954,0,0
0.66832602445805,2616,-0.9536,0,0
0.66832579148291,2617,-0.9532,0,0
0.66832555841861,2618,-0.9528,0,0
0.66832532526516,2619,-0.9524,0,0
0.66832509202255,2620,-0.952,0,0
0.66832485869078,2621,-0.9516,0,0
0.66832462526986,2622,-0.9512,0,0
0.66832439175979,2623,-0.9508,0,0
0.66832415816056,2624,-0.9504,0,0
0.66832392447217,2625,-0.95,0,0
0.66832369069463,2626,-0.9496,0,0
0.66832345682793,2627,-0.9492,0,0
0.66832322287207,2628,-0.9488,0,0
0.66832298882706,2629,-0.9484,0,0
0.66832275469289,2630,-0.948,0,0
0.66832252046956,2631,-0.9476,0,0
0.66832228615708,2632,-0.9472,0,0
0.66832205175544,2633,-0.9468,0,0
0.66832181726464,2634,-0.9464,0,0
0.66832158268469,2635,-0.946,0,0
0.66832134801558,2636,-0.9456,0,0
0.66832111325731,2637,-0.9452,0,0
0.66832087840988,2638,-0.9448,0,0
0.66832064347329,2639,-0.9444,0,0
0.66832040844755,2640,-0.944,0,0
0.66832017333265,2641,-0.9436,0,0
0.66831993812859,2642,-0.9432,0,0
0.66831970283537,2643,-0.9428,0,0
0.668319467453,2644,-0.9424,0,0
0.66831923198146,2645,-0.942,0,0
0.66831899642077,2646,-0.9416,0,0
0.66831876077091,2647,-0.9412,0,0
0.6683185250319,2648,-0.9408,0,0
0.66831828920373,2649,-0.9404,0,0
0.6683180532864,2650,-0.94,0,0
0.66831781727991,2651,-0.9396,0,0
0.66831758118426,2652,-0.9392,0,0
0.66831734499945,2653,-0.9388,0,0
0.66831710872548,2654,-0.9384,0,0
0.66831687236235,2655,-0.938,0,0
0.66831663591006,2656,-0.9376,0,0
0.66831639936861,2657,-0.9372,0,0
0.668316162738,2658,-0.9368,0,0
0.66831592601823,2659,-0.9364,0,0
0.6683156892093,2660,-0.936,0,0
0.66831545231121,2661,-0.9356,0,0
0.66831521532396,2662,-0.9352,0,0
0.66831497824754,2663,-0.9348,0,0
0.66831474108197,2664,-0.9344,0,0
0.66831450382723,2665,-0.934,0,0
0.66831426648333,2666,-0.9336,0,0
0.66831402905027,2667,-0.9332,0,0
0.66831379152805,2668,-0.9328,0,0
0.66831355391667,2669,-0.9324,0,0
0.66831331621613,2670,-0.932,0,0
0.66831307842642,2671,-0.9316,0,0
0.66831284054755,2672,-0.9312,0,0
0.66831260257952,2673,-0.9308,0,0
0.66831236452232,2674,-0.9304,0,0
0.66831212637597,2675,-0.93,0,0
0.66831188814045,2676,-0.9296,0,0
0.66831164981576,2677,-0.9292,0,0
0.66831141140192,2678,-0.9288,0,0
0.66831117289891,2679,-0.9284,0,0
0.66831093430674,2680,-0.928,0,0
0.6683106956254,2681,-0.9276,0,0
0.6683104568549,2682,-0.9272,0,0
0.66831021799524,2683,-0.9268,0,0
0.66830997904641,2684,-0.9264,0,0
0.66830974000842,2685,-0.926,0,0
0.66830950088127,2686,-0.9256,0,0
0.66830926166495,2687,-0.9252,0,0
0.66830902235946,2688,-0.9248,0,0
0.66830878296482,2689,-0.9244,0,0
0.668308543481,2690,-0.924,0,0
0.66830830390802,2691,-0.9236,0,0
0.66830806424588,2692,-0.9232,0,0
0.66830782449457,2693,-0.9228,0,0
0.6683075846541,2694,-0.9224,0,0
0.66830734472446,2695,-0.922,0,0
0.66830710470566,2696,-0.9216,0,0
0.66830686459769,2697,-0.9212,0,0
0.66830662440055,2698,-0.9208,0,0
0.66830638411425,2699,-0.9204,0,0
0.66830614373879,2700,-0.92,0,0
0.66830590327415,2701,-0.9196,0,0
0.66830566272035,2702,-0.9192,0,0
0.66830542207739,2703,-0.9188,0,0
0.66830518134526,2704,-0.9184,0,0
0.66830494052396,2705,-0.918,0,0
0.66830469961349,2706,-0.9176,0,0
0.66830445861386,2707,-0.9172,0,0
0.66830421752506,2708,-0.9168,0,0
0.66830397634709,2709,-0.9164,0,0
0.66830373507995,2710,-0.916,0,0
0.66830349372365,2711,-0.9156,0,0
0.66830325227818,2712,-0.9152,0,0
0.66830301074354,2713,-0.9148,0,0
0.66830276911974,2714,-0.9144,0,0
0.66830252740677,2715,-0.914,0,0
0.66830228560462,2716,-0.9136,0,0
0.66830204371331,2717,-0.9132,0,0
0.66830180173283,2718,-0.9128,0,0
0.66830155966319,2719,-0.9124,0,0
0.66830131750437,2720,-0.912,0,0
0.66830107525639,2721,-0.9116,0,0
0.66830083291923,2722,-0.9112,0,0
0.66830059049291,2723,-0.9108,0,0
0.66830034797742,2724,-0.9104,0,0
0.66830010537275,2725,-0.91,0,0
0.66829986267892,2726,-0.9096,0,0
0.66829961989592,2727,-0.9092,0,0
0.66829937702375,2728,-0.9088,0,0
0.66829913406241,2729,-0.9084,0,0
0.6682988910119,2730,-0.908,0,0
0.66829864787222,2731,-0.9076,0,0
0.66829840464337,2732,-0.9072,0,0
0.66829816132534,2733,-0.9068,0,0
0.66829791791815,2734,-0.9064,0,0
0.66829767442179,2735,-0.906,0,0
0.66829743083625,2736,-0.9056,0,0
0.66829718716155,2737,-0.9052,0,0
0.66829694339767,2738,-0.9048,0,0
0.66829669954462,2739,-0.9044,0,0
0.6682964556024,2740,-0.904,0,0
0.66829621157101,2741,-0.9036,0,0
0.66829596745045,2742,-0.9032,0,0
0.66829572324071,2743,-0.9028,0,0
0.66829547894181,2744,-0.9024,0,0
0.66829523455373,2745,-0.902,0,0
0.66829499007648,2746,-0.9016,0,0
0.66829474551005,2747,-0.9012,0,0
0.66829450085446,2748,-0.9008,0,0
0.66829425610969,2749,-0.9004,0,0
0.66829401127575,2750,-0.9,0,0
0.66829376635263,2751,-0.8996,0,0
0.66829352134034,2752,-0.8992,0,0
0.66829327623888,2753,-0.8988,0,0
0.66829303104825,2754,-0.8984,0,0
0.66829278576844,2755,-0.898,0,0
0.66829254039946,2756,-0.8976,0,0
0.6682922949413,2757,-0.8972,0,0
0.66829204939397,2758,-0.8968,0,0
0.66829180375747,2759,-0.8964,0,0
0.66829155803179,2760,-0.896,0,0
0.66829131221694,2761,-0.8956,0,0
0.66829106631291,2762,-0.8952,0,0
0.66829082031971,2763,-0.8948,0,0
0.66829057423733,2764,-0.8944,0,0
0.66829032806578,2765,-0.894,0,0
0.66829008180505,2766,-0.8936,0,0
0.66828983545515,2767,-0.8932,0,0
0.66828958901608,2768,-0.8928,0,0
0.66828934248782,2769,-0.8924,0,0
0.6682890958704,2770,-0.892,0,0
0.66828884916379,2771,-0.8916,0,0
0.66828860236801,2772,-0.8912,0,0
0.66828835548306,2773,-0.8908,0,0
0.66828810850892,2774,-0.8904,0,0
0.66828786144562,2775,-0.89,0,0
0.66828761429313,2776,-0.8896,0,0
0.66828736705147,2777,-0.8892,0,0
0.66828711972063,2778,-0.8888,0,0
0.66828687230062,2779,-0.8884,0,0
0.66828662479143,2780,-0.888,0,0
0.66828637719306,2781,-0.8876,0,0
0.66828612950551,2782,-0.8872,0,0
0.66828588172879,2783,-0.8868,0,0
0.66828563386289,2784,-0.8864,0,0
0.66828538590781,2785,-0.886,0,0
0.66828513786355,2786,-0.8856,0,0
0.66828488973011,2787,-0.8852,0,0
0.6682846415075,2788,-0.8848,0,0
0.66828439319571,2789,-0.8844,0,0
0.66828414479474,2790,-0.884,0,0
0.66828389630459,2791,-0.8836,0,0
0.66828364772527,2792,-0.8832,0,0
0.66828339905676,2793,-0.8828,0,0
0.66828315029908,2794,-0.8824,0,0
0.66828290145221,2795,-0.882,0,0
0.66828265251617,2796,-0.8816,0,0
0.66828240349095,2797,-0.8812,0,0
0.66828215437654,2798,-0.8808,0,0
0.66828190517296,2799,-0.8804,0,0
0.6682816558802,2800,-0.88,0,0
0.66828140649826,2801,-0.8796,0,0
0.66828115702714,2802,-0.8792,0,0
0.66828090746684,2803,-0.8788,0,0
0.66828065781735,2804,-0.8784,0,0
0.66828040807869,2805,-0.878,0,0
0.66828015825085,2806,-0.8776,0,0
0.66827990833383,2807,-0.8772,0,0
0.66827965832762,2808,-0.8768,0,0
0.66827940823223,2809,-0.8764,0,0
0.66827915804767,2810,-0.876,0,0
0.66827890777392,2811,-0.8756,0,0
0.66827865741099,2812,-0.8752,0,0
0.66827840695888,2813,-0.8748,0,0
0.66827815641758,2814,-0.8744,0,0
0.66827790578711,2815,-0.874,0,0
0.66827765506745,2816,-0.8736,0,0
0.66827740425861,2817,-0.8732,0,0
0.66827715336059,2818,-0.8728,0,0
0.66827690237338,2819,-0.8724,0,0
0.668276651297,2820,-0.872,0,0
0.66827640013143,2821,-0.8716,0,0
0.66827614887667,2822,-0.8712,0,0
0.66827589753274,2823,-0.8708,0,0
0.66827564609962,2824,-0.8704,0,0
0.66827539457732,2825,-0.87,0,0
0.66827514296583,2826,-0.8696,0,0
0.66827489126516,2827,-0.8692,0,0
0.66827463947531,2828,-0.8688,0,0
0.66827438759627,2829,-0.8684,0,0
0.66827413562805,2830,-0.868,0,0
0.66827388357065,2831,-0.8676,0,0
0.66827363142406,2832,-0.8672,0,0
0.66827337918828,2833,-0.8668,0,0
0.66827312686332,2834,-0.8664,0,0
0.66827287444918,2835,-0.866,0,0
0.66827262194585,2836,-0.8656,0,0
0.66827236935334,2837,-0.8652,0,0
0.66827211667164,2838,-0.8648,0,0
0.66827186390076,2839,-0.8644,0,0
0.66827161104069,2840,-0.864,0,0
0.66827135809143,2841,-0.8636,0,0
0.66827110505299,2842,-0.8632,0,0
0.66827085192537,2843,-0.8628,0,0
0.66827059870855,2844,-0.8624,0,0
0.66827034540255,2845,-0.862,0,0
0.66827009200737,2846,-0.8616,0,0
0.668269838523,2847,-0.8612,0,0
0.66826958494944,2848,-0.8608,0,0
0.66826933128669,2849,-0.8604,0,0
0.66826907753476,2850,-0.86,0,0
0.66826882369364,2851,-0.8596,0,0
0.66826856976334,2852,-0.8592,0,0
0.66826831574384,2853,-0.8588,0,0
0.66826806163516,2854,-0.8584,0,0
0.6682678074373,2855,-0.858,0,0
0.66826755315024,2856,-0.8576,0,0
0.668267298774,2857,-0.8572,0,0
0.66826704430856,2858,-0.8568,0,0
0.66826678975394,2859,-0.8564,0,0
0.66826653511014,2860,-0.856,0,0
0.66826628037714,2861,-0.8556,0,0
0.66826602555495,2862,-0.8552,0,0
0.66826577064358,2863,-0.8548,0,0
0.66826551564302,2864,-0.8544,0,0
0.66826526055326,2865,-0.854,0,0
0.66826500537432,2866,-0.8536,0,0
0.66826475010619,2867,-0.8532,0,0
0.66826449474887,2868,-0.8528,0,0
0.66826423930236,2869,-0.8524,0,0
0.66826398376666,2870,-0.852,0,0
0.66826372814177,2871,-0.8516,0,0
0.66826347242769,2872,-0.8512,0,0
0.66826321662442,2873,-0.8508,0,0
0.66826296073196,2874,-0.8504,0,0
0.66826270475031,2875,-0.85,0,0
0.66826244867947,2876,-0.8496,0,0
0.66826219251944,2877,-0.8492,0,0
0.66826193627022,2878,-0.8488,0,0
0.6682616799318,2879,-0.8484,0,0
0.6682614235042,2880,-0.848,0,0
0.6682611669874,2881,-0.8476,0,0
0.66826091038141,2882,-0.8472,0,0
0.66826065368624,2883,-0.8468,0,0
0.66826039690186,2884,-0.8464,0,0
0.6682601400283,2885,-0.846,0,0
0.66825988306555,2886,-0.8456,0,0
0.6682596260136,2887,-0.8452,0,0
0.66825936887246,2888,-0.8448,0,0
0.66825911164213,2889,-0.8444,0,0
0.6682588543226,2890,-0.844,0,0
0.66825859691388,2891,-0.8436,0,0
0.66825833941597,2892,-0.8432,0,0
0.66825808182887,2893,-0.8428,0,0
0.66825782415257,2894,-0.8424,0,0
0.66825756638708,2895,-0.842,0,0
0.6682573085324,2896,-0.8416,0,0
0.66825705058852,2897,-0.8412,0,0
0.66825679255545,2898,-0.8408,0,0
0.66825653443319,2899,-0.8404,0,0
0.66825627622173,2900,-0.84,0,0
0.66825601792107,2901,-0.8396,0,0
0.66825575953122,2902,-0.8392,0,0
0.66825550105218,2903,-0.8388,0,0
0.66825524248394,2904,-0.8384,0,0
0.66825498382651,2905,-0.838,0,0
0.66825472507989,2906,-0.8376,0,0
0.66825446624406,2907,-0.8372,0,0
0.66825420731905,2908,-0.8368,0,0
0.66825394830483,2909,-0.8364,0,0
0.66825368920143,2910,-0.836,0,0
0.66825343000882,2911,-0.8356,0,0
0.66825317072702,2912,-0.8352,0,0
0.66825291135603,2913,-0.8348,0,0
0.66825265189584,2914,-0.8344,0,0
0.66825239234645,2915,-0.834,0,0
0.66825213270786,2916,-0.8336,0,0
0.66825187298008,2917,-0.8332,0,0
0.6682516131631,2918,-0.8328,0,0
0.66825135325693,2919,-0.8324,0,0
0.66825109326156,2920,-0.832,0,0
0.66825083317699,2921,-0.8316,0,0
0.66825057300322,2922,-0.8312,0,0
0.66825031274026,2923,-0.8308,0,0
0.6682500523881,2924,-0.8304,0,0
0.66824979194674,2925,-0.83,0,0
0.66824953141618,2926,-0.8296,0,0
0.66824927079643,2927,-0.8292,0,0
0.66824901008747,2928,-0.8288,0,0
0.66824874928932,2929,-0.8284,0,0
0.66824848840197,2930,-0.828,0,0
0.66824822742542,2931,-0.8276,0,0
0.66824796635968,2932,-0.8272,0,0
0.66824770520473,2933,-0.8268,0,0
0.66824744396059,2934,-0.8264,0,0
0.66824718262724,2935,-0.826,0,0
0.6682469212047,2936,-0.8256,0,0
0.66824665969295,2937,-0.8252,0,0
0.66824639809201,2938,-0.8248,0,0
0.66824613640187,2939,-0.8244,0,0
0.66824587462253,2940,-0.824,0,0
0.66824561275398,2941,-0.8236,0,0
0.66824535079624,2942,-0.8232,0,0
0.6682450887493,2943,-0.8228,0,0
0.66824482661315,2944,-0.8224,0,0
0.66824456438781,2945,-0.822,0,0
0.66824430207326,2946,-0.8216,0,0
0.66824403966952,2947,-0.8212,0,0
0.66824377717657,2948,-0.8208,0,0
0.66824351459442,2949,-0.8204,0,0
0.66824325192307,2950,-0.82,0,0
0.66824298916252,2951,-0.8196,0,0
0.66824272631276,2952,-0.8192,0,0
0.66824246337381,2953,-0.8188,0,0
0.66824220034565,2954,-0.8184,0,0
0.66824193722829,2955,-0.818,0,0
0.66824167402173,2956,-0.8176,0,0
0.66824141072597,2957,-0.8172,0,0
0.668241147341,2958,-0.8168,0,0
0.66824088386683,2959,-0.8164,0,0
0.66824062030346,2960,-0.816,0,0
0.66824035665088,2961,-0.8156,0,0
0.6682400929091,2962,-0.8152,0,0
0.66823982907812,2963,-0.8148,0,0
0.66823956515793,2964,-0.8144,0,0
0.66823930114854,2965,-0.814,0,0
0.66823903704995,2966,-0.8136,0,0
0.66823877286215,2967,-0.8132,0,0
0.66823850858515,2968,-0.8128,0,0
0.66823824421895,2969,-0.8124,0,0
0.66823797976354,2970,-0.812,0,0
0.66823771521892,2971,-0.8116,0,0
0.6682374505851,2972,-0.8112,0,0
0.66823718586208,2973,-0.8108,0,0
0.66823692104985,2974,-0.8104,0,0
0.66823665614842,2975,-0.81,0,0
0.66823639115778,2976,-0.8096,0,0
0.66823612607793,2977,-0.8092,0,0
0.66823586090888,2978,-0.8088,0,0
0.66823559565063,2979,-0.8084,0,0
0.66823533030316,2980,-0.808,0,0
0.6682350648665,2981,-0.8076,0,0
0.66823479934062,2982,-0.8072,0,0
0.66823453372554,2983,-0.8068,0,0
0.66823426802126,2984,-0.8064,0,0
0.66823400222776,2985,-0.806,0,0
0.66823373634506,2986,-0.8056,0,0
0.66823347037315,2987,-0.8052,0,0
0.66823320431204,2988,-0.8048,0,0
0.66823293816172,2989,-0.8044,0,0
0.66823267192219,2990,-0.804,0,0
0.66823240559345,2991,-0.8036,0,0
0.66823213917551,2992,-0.8032,0,0
0.66823187266836,2993,-0.8028,0,0
0.668231606072,2994,-0.8024,0,0
0.66823133938643,2995,-0.802,0,0
0.66823107261165,2996,-0.8016,0,0
0.66823080574767,2997,-0.8012,0,0
0.66823053879447,2998,-0.8008,0,0
0.66823027175207,2999,-0.8004,0,0
0.66823000462046,3000,-0.8,0,0
0.66822973739964,3001,-0.7996,0,0
0.66822947008961,3002,-0.7992,0,0
0.66822920269037,3003,-0.7988,0,0
0.66822893520192,3004,-0.7984,0,0
0.66822866762427,3005,-0.798,0,0
0.6682283999574,3006,-0.7976,0,0
0.66822813220132,3007,-0.7972,0,0
0.66822786435603,3008,-0.7968,0,0
0.66822759642154,3009,-0.7964,0,0
0.66822732839783,3010,-0.796,0,0
0.66822706028491,3011,-0.7956,0,0
0.66822679208278,3012,-0.7952,0,0
0.66822652379144,3013,-0.7948,0,0
0.66822625541089,3014,-0.7944,0,0
0.66822598694113,3015,-0.794,0,0
0.66822571838215,3016,-0.7936,0,0
0.66822544973397,3017,-0.7932,0,0
0.66822518099657,3018,-0.7928,0,0
0.66822491216996,3019,-0.7924,0,0
0.66822464325414,3020,-0.792,0,0
0.66822437424911,3021,-0.7916,0,0
0.66822410515486,3022,-0.7912,0,0
0.66822383597141,3023,-0.7908,0,0
0.66822356669874,3024,-0.7904,0,0
0.66822329733686,3025,-0.79,0,0
0.66822302788576,3026,-0.7896,0,0
0.66822275834545,3027,-0.7892,0,0
0.66822248871593,3028,-0.7888,0,0
0.6682222189972,3029,-0.7884,0,0
0.66822194918925,3030,-0.788,0,0
0.66822167929209,3031,-0.7876,0,0
0.66822140930571,3032,-0.7872,0,0
0.66822113923013,3033,-0.7868,0,0
0.66822086906532,3034,-0.7864,0,0
0.66822059881131,3035,-0.786,0,0
0.66822032846807,3036,-0.7856,0,0
0.66822005803563,3037,-0.7852,0,0
0.66821978751397,3038,-0.7848,0,0
0.66821951690309,3039,-0.7844,0,0
0.668219246203,3040,-0.784,0,0
0.6682189754137,3041,-0.7836,0,0
0.66821870453518,3042,-0.7832,0,0
0.66821843356744,3043,-0.7828,0,0
0.66821816251049,3044,-0.7824,0,0
0.66821789136432,3045,-0.782,0,0
0.66821762012894,3046,-0.7816,0,0
0.66821734880434,3047,-0.7812,0,0
0.66821707739053,3048,-0.7808,0,0
0.66821680588749,3049,-0.7804,0,0
0.66821653429525,3050,-0.78,0,0
0.66821626261378,3051,-0.7796,0,0
0.6682159908431,3052,-0.7792,0,0
0.6682157189832,3053,-0.7788,0,0
0.66821544703409,3054,-0.7784,0,0
0.66821517499575,3055,-0.778,0,0
0.6682149028682,3056,-0.7776,0,0
0.66821463065144,3057,-0.7772,0,0
0.66821435834545,3058,-0.7768,0,0
0.66821408595025,3059,-0.7764,0,0
0.66821381346583,3060,-0.776,0,0
0.66821354089219,3061,-0.7756,0,0
0.66821326822933,3062,-0.7752,0,0
0.66821299547726,3063,-0.7748,0,0
0.66821272263596,3064,-0.7744,0,0
0.66821244970545,3065,-0.774,0,0
0.66821217668572,3066,-0.7736,0,0
0.66821190357676,3067,-0.7732,0,0
0.66821163037859,3068,-0.7728,0,0
0.6682113570912,3069,-0.7724,0,0
0.66821108371459,3070,-0.772,0,0
0.66821081024877,3071,-0.7716,0,0
0.66821053669372,3072,-0.7712,0,0
0.66821026304945,3073,-0.7708,0,0
0.66820998931596,3074,-0.7704,0,0
0.66820971549325,3075,-0.77,0,0
0.66820944158132,3076,-0.7696,0,0
0.66820916758017,3077,-0.7692,0,0
0.6682088934898,3078,-0.7688,0,0
0.66820861931021,3079,-0.7684,0,0
0.66820834504139,3080,-0.768,0,0
0.66820807068336,3081,-0.7676,0,0
0.6682077962361,3082,-0.7672,0,0
0.66820752169962,3083,-0.7668,0,0
0.66820724707393,3084,-0.7664,0,0
0.668206972359,3085,-0.766,0,0
0.66820669755486,3086,-0.7656,0,0
0.6682064226615,3087,-0.7652,0,0
0.66820614767891,3088,-0.7648,0,0
0.6682058726071,3089,-0.7644,0,0
0.66820559744607,3090,-0.764,0,0
0.66820532219581,3091,-0.7636,0,0
0.66820504685633,3092,-0.7632,0,0
0.66820477142763,3093,-0.7628,0,0
0.66820449590971,3094,-0.7624,0,0
0.66820422030256,3095,-0.762,0,0
0.66820394460619,3096,-0.7616,0,0
0.66820366882059,3097,-0.7612,0,0
0.66820339294577,3098,-0.7608,0,0
0.66820311698173,3099,-0.7604,0,0
0.66820284092846,3100,-0.76,0,0
0.66820256478597,3101,-0.7596,0,0
0.66820228855426,3102,-0.7592,0,0
0.66820201223332,3103,-0.7588,0,0
0.66820173582315,3104,-0.7584,0,0
0.66820145932376,3105,-0.758,0,0
0.66820118273515,3106,-0.7576,0,0
0.6682009060573,3107,-0.7572,0,0
0.66820062929024,3108,-0.7568,0,0
0.66820035243395,3109,-0.7564,0,0
0.66820007548843,3110,-0.756,0,0
0.66819979845369,3111,-0.7556,0,0
0.66819952132972,3112,-0.7552,0,0
0.66819924411652,3113,-0.7548,0,0
0.6681989668141,3114,-0.7544,0,0
0.66819868942245,3115,-0.754,0,0
0.66819841194158,3116,-0.7536,0,0
0.66819813437147,3117,-0.7532,0,0
0.66819785671214,3118,-0.7528,0,0
0.66819757896359,3119,-0.7524,0,0
0.6681973011258,3120,-0.752,0,0
0.66819702319879,3121,-0.7516,0,0
0.66819674518256,3122,-0.7512,0,0
0.66819646707709,3123,-0.7508,0,0
0.6681961888824,3124,-0.7504,0,0
0.66819591059847,3125,-0.75,0,0
0.66819563222532,3126,-0.7496,0,0
0.66819535376294,3127,-0.7492,0,0
0.66819507521134,3128,-0.7488,0,0
0.6681947965705,3129,-0.7484,0,0
0.66819451784044,3130,-0.748,0,0
0.66819423902114,3131,-0.7476,0,0
0.66819396011262,3132,-0.7472,0,0
0.66819368111487,3133,-0.7468,0,0
0.66819340202788,3134,-0.7464,0,0
0.66819312285167,3135,-0.746,0,0
0.66819284358623,3136,-0.7456,0,0
0.66819256423156,3137,-0.7452,0,0
0.66819228478766,3138,-0.7448,0,0
0.66819200525453,3139,-0.7444,0,0
0.66819172563216,3140,-0.744,0,0
0.66819144592057,3141,-0.7436,0,0
0.66819116611975,3142,-0.7432,0,0
0.66819088622969,3143,-0.7428,0,0
0.66819060625041,3144,-0.7424,0,0
0.66819032618189,3145,-0.742,0,0
0.66819004602414,3146,-0.7416,0,0
0.66818976577716,3147,-0.7412,0,0
0.66818948544095,3148,-0.7408,0,0
0.66818920501551,3149,-0.7404,0,0
0.66818892450083,3150,-0.74,0,0
0.66818864389693,3151,-0.7396,0,0
0.66818836320379,3152,-0.7392,0,0
0.66818808242142,3153,-0.7388,0,0
0.66818780154981,3154,-0.7384,0,0
0.66818752058897,3155,-0.738,0,0
0.6681872395389,3156,-0.7376,0,0
0.6681869583996,3157,-0.7372,0,0
0.66818667717106,3158,-0.7368,0,0
0.66818639585329,3159,-0.7364,0,0
0.66818611444629,3160,-0.736,0,0
0.66818583295005,3161,-0.7356,0,0
0.66818555136458,3162,-0.7352,0,0
0.66818526968987,3163,-0.7348,0,0
0.66818498792593,3164,-0.7344,0,0
0.66818470607276,3165,-0.734,0,0
0.66818442413035,3166,-0.7336,0,0
0.66818414209871,3167,-0.7332,0,0
0.66818385997783,3168,-0.7328,0,0
0.66818357776771,3169,-0.7324,0,0
0.66818329546837,3170,-0.732,0,0
0.66818301307978,3171,-0.7316,0,0
0.66818273060196,3172,-0.7312,0,0
0.66818244803491,3173,-0.7308,0,0
0.66818216537862,3174,-0.7304,0,0
0.66818188263309,3175,-0.73,0,0
0.66818159979833,3176,-0.7296,0,0
0.66818131687433,3177,-0.7292,0,0
0.66818103386109,3178,-0.7288,0,0
0.66818075075862,3179,-0.7284,0,0
0.66818046756691,3180,-0.728,0,0
0.66818018428596,3181,-0.7276,0,0
0.66817990091578,3182,-0.7272,0,0
0.66817961745636,3183,-0.7268,0,0
0.6681793339077,3184,-0.7264,0,0
0.66817905026981,3185,-0.726,0,0
0.66817876654267,3186,-0.7256,0,0
0.6681784827263,3187,-0.7252,0,0
0.66817819882069,3188,-0.7248,0,0
0.66817791482585,3189,-0.7244,0,0
0.66817763074176,3190,-0.724,0,0
0.66817734656844,3191,-0.7236,0,0
0.66817706230587,3192,-0.7232,0,0
0.66817677795407,3193,-0.7228,0,0
0.66817649351303,3194,-0.7224,0,0
0.66817620898275,3195,-0.722,0,0
0.66817592436323,3196,-0.7216,0,0
0.66817563965447,3197,-0.7212,0,0
0.66817535485648,3198,-0.7208,0,0
0.66817506996924,3199,-0.7204,0,0
0.66817478499276,3200,-0.72,0,0
0.66817449992704,3201,-0.7196,0,0
0.66817421477208,3202,-0.7192,0,0
0.66817392952788,3203,-0.7188,0,0
0.66817364419444,3204,-0.7184,0,0
0.66817335877176,3205,-0.718,0,0
0.66817307325984,3206,-0.7176,0,0
0.66817278765868,3207,-0.7172,0,0
0.66817250196828,3208,-0.7168,0,0
0.66817221618863,3209,-0.7164,0,0
0.66817193031975,3210,-0.716,0,0
0.66817164436162,3211,-0.7156,0,0
0.66817135831425,3212,-0.7152,0,0
0.66817107217763,3213,-0.7148,0,0
0.66817078595178,3214,-0.7144,0,0
0.66817049963668,3215,-0.714,0,0
0.66817021323234,3216,-0.7136,0,0
0.66816992673876,3217,-0.7132,0,0
0.66816964015594,3218,-0.7128,0,0
0.66816935348387,3219,-0.7124,0,0
0.66816906672256,3220,-0.712,0,0
0.668168779872,3221,-0.7116,0,0
0.6681684929322,3222,-0.7112,0,0
0.66816820590316,3223,-0.7108,0,0
0.66816791878488,3224,-0.7104,0,0
0.66816763157735,3225,-0.71,0,0
0.66816734428057,3226,-0.7096,0,0
0.66816705689455,3227,-0.7092,0,0
0.66816676941929,3228,-0.7088,0,0
0.66816648185478,3229,-0.7084,0,0
0.66816619420103,3230,-0.708,0,0
0.66816590645804,3231,-0.7076,0,0
0.66816561862579,3232,-0.7072,0,0
0.66816533070431,3233,-0.7068,0,0
0.66816504269357,3234,-0.7064,0,0
0.66816475459359,3235,-0.706,0,0
0.66816446640437,3236,-0.7056,0,0
0.6681641781259,3237,-0.7052,0,0
0.66816388975818,3238,-0.7048,0,0
0.66816360130122,3239,-0.7044,0,0
0.66816331275501,3240,-0.704,0,0
0.66816302411956,3241,-0.7036,0,0
0.66816273539485,3242,-0.7032,0,0
0.6681624465809,3243,-0.7028,0,0
0.66816215767771,3244,-0.7024,0,0
0.66816186868526,3245,-0.702,0,0
0.66816157960357,3246,-0.7016,0,0
0.66816129043263,3247,-0.7012,0,0
0.66816100117245,3248,-0.7008,0,0
0.66816071182301,3249,-0.7004,0,0
0.66816042238433,3250,-0.7,0,0
0.6681601328564,3251,-0.6996,0,0
0.66815984323922,3252,-0.6992,0,0
0.66815955353279,3253,-0.6988,0,0
0.66815926373712,3254,-0.6984,0,0
0.66815897385219,3255,-0.698,0,0
0.66815868387802,3256,-0.6976,0,0
0.66815839381459,3257,-0.6972,0,0
0.66815810366192,3258,-0.6968,0,0
0.66815781342,3259,-0.6964,0,0
0.66815752308883,3260,-0.696,0,0
0.66815723266841,3261,-0.6956,0,0
0.66815694215873,3262,-0.6952,0,0
0.66815665155981,3263,-0.6948,0,0
0.66815636087164,3264,-0.6944,0,0
0.66815607009422,3265,-0.694,0,0
0.66815577922754,3266,-0.6936,0,0
0.66815548827162,3267,-0.6932,0,0
0.66815519722644,3268,-0.6928,0,0
0.66815490609202,3269,-0.6924,0,0
0.66815461486834,3270,-0.692,0,0
0.66815432355541,3271,-0.6916,0,0
0.66815403215323,3272,-0.6912,0,0
0.6681537406618,3273,-0.6908,0,0
0.66815344908111,3274,-0.6904,0,0
0.66815315741117,3275,-0.69,0,0
0.66815286565198,3276,-0.6896,0,0
0.66815257380354,3277,-0.6892,0,0
0.66815228186585,3278,-0.6888,0,0
0.6681519898389,3279,-0.6884,0,0
0.6681516977227,3280,-0.688,0,0
0.66815140551725,3281,-0.6876,0,0
0.66815111322254,3282,-0.6872,0,0
0.66815082083858,3283,-0.6868,0,0
0.66815052836537,3284,-0.6864,0,0
0.6681502358029,3285,-0.686,0,0
0.66814994315118,3286,-0.6856,0,0
0.6681496504102,3287,-0.6852,0,0
0.66814935757997,3288,-0.6848,0,0
0.66814906466049,3289,-0.6844,0,0
0.66814877165175,3290,-0.684,0,0
0.66814847855376,3291,-0.6836,0,0
0.66814818536651,3292,-0.6832,0,0
0.66814789209,3293,-0.6828,0,0
0.66814759872424,3294,-0.6824,0,0
0.66814730526923,3295,-0.682,0,0
0.66814701172496,3296,-0.6816,0,0
0.66814671809143,3297,-0.6812,0,0
0.66814642436865,3298,-0.6808,0,0
0.66814613055661,3299,-0.6804,0,0
0.66814583665532,3300,-0.68,0,0
0.66814554266477,3301,-0.6796,0,0
0.66814524858496,3302,-0.6792,0,0
0.6681449544159,3303,-0.6788,0,0
0.66814466015758,3304,-0.6784,0,0
0.66814436581,3305,-0.678,0,0
0.66814407137316,3306,-0.6776,0,0
0.66814377684707,3307,-0.6772,0,0
0.66814348223172,3308,-0.6768,0,0
0.66814318752711,3309,-0.6764,0,0
0.66814289273325,3310,-0.676,0,0
0.66814259785012,3311,-0.6756,0,0
0.66814230287774,3312,-0.6752,0,0
0.6681420078161,3313,-0.6748,0,0
0.6681417126652,3314,-0.6744,0,0
0.66814141742504,3315,-0.674,0,0
0.66814112209562,3316,-0.6736,0,0
0.66814082667695,3317,-0.6732,0,0
0.66814053116901,3318,-0.6728,0,0
0.66814023557182,3319,-0.6724,0,0
0.66813993988536,3320,-0.672,0,0
0.66813964410965,3321,-0.6716,0,0
0.66813934824467,3322,-0.6712,0,0
0.66813905229044,3323,-0.6708,0,0
0.66813875624694,3324,-0.6704,0,0
0.66813846011419,3325,-0.67,0,0
0.66813816389217,3326,-0.6696,0,0
0.6681378675809,3327,-0.6692,0,0
0.66813757118036,3328,-0.6688,0,0
0.66813727469056,3329,-0.6684,0,0
0.6681369781115,3330,-0.668,0,0
0.66813668144318,3331,-0.6676,0,0
0.6681363846856,3332,-0.6672,0,0
0.66813608783875,3333,-0.6668,0,0
0.66813579090265,3334,-0.6664,0,0
0.66813549387728,3335,-0.666,0,0
0.66813519676265,3336,-0.6656,0,0
0.66813489955875,3337,-0.6652,0,0
0.6681346022656,3338,-0.6648,0,0
0.66813430488318,3339,-0.6644,0,0
0.6681340074115,3340,-0.664,0,0
0.66813370985055,3341,-0.6636,0,0
0.66813341220035,3342,-0.6632,0,0
0.66813311446087,3343,-0.6628,0,0
0.66813281663214,3344,-0.6624,0,0
0.66813251871414,3345,-0.662,0,0
0.66813222070688,3346,-0.6616,0,0
0.66813192261035,3347,-0.6612,0,0
0.66813162442456,3348,-0.6608,0,0
0.6681313261495,3349,-0.6604,0,0
0.66813102778518,3350,-0.66,0,0
0.6681307293316,3351,-0.6596,0,0
0.66813043078875,3352,-0.6592,0,0
0.66813013215664,3353,-0.6588,0,0
0.66812983343526,3354,-0.6584,0,0
0.66812953462461,3355,-0.658,0,0
0.6681292357247,3356,-0.6576,0,0
0.66812893673552,3357,-0.6572,0,0
0.66812863765708,3358,-0.6568,0,0
0.66812833848937,3359,-0.6564,0,0
0.66812803923239,3360,-0.656,0,0
0.66812773988615,3361,-0.6556,0,0
0.66812744045064,3362,-0.6552,0,0
0.66812714092587,3363,-0.6548,0,0
0.66812684131183,3364,-0.6544,0,0
0.66812654160852,3365,-0.654,0,0
0.66812624181594,3366,-0.6536,0,0
0.66812594193409,3367,-0.6532,0,0
0.66812564196298,3368,-0.6528,0,0
0.6681253419026,3369,-0.6524,0,0
0.66812504175296,3370,-0.652,0,0
0.66812474151404,3371,-0.6516,0,0
0.66812444118586,3372,-0.6512,0,0
0.6681241407684,3373,-0.6508,0,0
0.66812384026168,3374,-0.6504,0,0
0.66812353966569,3375,-0.65,0,0
0.66812323898043,3376,-0.6496,0,0
0.6681229382059,3377,-0.6492,0,0
0.66812263734211,3378,-0.6488,0,0
0.66812233638904,3379,-0.6484,0,0
0.6681220353467,3380,-0.648,0,0
0.6681217342151,3381,-0.6476,0,0
0.66812143299422,3382,-0.6472,0,0
0.66812113168407,3383,-0.6468,0,0
0.66812083028465,3384,-0.6464,0,0
0.66812052879597,3385,-0.646,0,0
0.66812022721801,3386,-0.6456,0,0
0.66811992555078,3387,-0.6452,0,0
0.66811962379428,3388,-0.6448,0,0
0.66811932194851,3389,-0.6444,0,0
0.66811902001346,3390,-0.644,0,0
0.66811871798915,3391,-0.6436,0,0
0.66811841587556,3392,-0.6432,0,0
0.6681181136727,3393,-0.6428,0,0
0.66811781138057,3394,-0.6424,0,0
0.66811750899917,3395,-0.642,0,0
0.6681172065285,3396,-0.6416,0,0
0.66811690396855,3397,-0.6412,0,0
0.66811660131933,3398,-0.6408,0,0
0.66811629858084,3399,-0.6404,0,0
0.66811599575307,3400,-0.64,0,0
0.66811569283603,3401,-0.6396,0,0
0.66811538982972,3402,-0.6392,0,0
0.66811508673413,3403,-0.6388,0,0
0.66811478354927,3404,-0.6384,0,0
0.66811448027514,3405,-0.638,0,0
0.66811417691173,3406,-0.6376,0,0
0.66811387345905,3407,-0.6372,0,0
0.66811356991709,3408,-0.6368,0,0
0.66811326628586,3409,-0.6364,0,0
0.66811296256535,3410,-0.636,0,0
0.66811265875557,3411,-0.6356,0,0
0.66811235485651,3412,-0.6352,0,0
0.66811205086818,3413,-0.6348,0,0
0.66811174679058,3414,-0.6344,0,0
0.66811144262369,3415,-0.634,0,0
0.66811113836753,3416,-0.6336,0,0
0.6681108340221,3417,-0.6332,0,0
0.66811052958739,3418,-0.6328,0,0
0.6681102250634,3419,-0.6324,0,0
0.66810992045014,3420,-0.632,0,0
0.6681096157476,3421,-0.6316,0,0
0.66810931095578,3422,-0.6312,0,0
0.66810900607469,3423,-0.6308,0,0
0.66810870110431,3424,-0.6304,0,0
0.66810839604467,3425,-0.63,0,0
0.66810809089574,3426,-0.6296,0,0
0.66810778565754,3427,-0.6292,0,0
0.66810748033005,3428,-0.6288,0,0
0.66810717491329,3429,-0.6284,0,0
0.66810686940726,3430,-0.628,0,0
0.66810656381194,3431,-0.6276,0,0
0.66810625812734,3432,-0.6272,0,0
0.66810595235347,3433,-0.6268,0,0
0.66810564649032,3434,-0.6264,0,0
0.66810534053789,3435,-0.626,0,0
0.66810503449617,3436,-0.6256,0,0
0.66810472836518,3437,-0.6252,0,0
0.66810442214491,3438,-0.6248,0,0
0.66810411583536,3439,-0.6244,0,0
0.66810380943653,3440,-0.624,0,0
0.66810350294842,3441,-0.6236,0,0
0.66810319637103,3442,-0.6232,0,0
0.66810288970436,3443,-0.6228,0,0
0.66810258294841,3444,-0.6224,0,0
0.66810227610318,3445,-0.622,0,0
0.66810196916867,3446,-0.6216,0,0
0.66810166214487,3447,-0.6212,0,0
0.6681013550318,3448,-0.6208,0,0
0.66810104782944,3449,-0.6204,0,0
0.6681007405378,3450,-0.62,0,0
0.66810043315688,3451,-0.6196,0,0
0.66810012568668,3452,-0.6192,0,0
0.66809981812719,3453,-0.6188,0,0
0.66809951047843,3454,-0.6184,0,0
0.66809920274038,3455,-0.618,0,0
0.66809889491304,3456,-0.6176,0,0
0.66809858699643,3457,-0.6172,0,0
0.66809827899053,3458,-0.6168,0,0
0.66809797089535,3459,-0.6164,0,0
0.66809766271088,3460,-0.616,0,0
0.66809735443714,3461,-0.6156,0,0
0.6680970460741,3462,-0.6152,0,0
0.66809673762179,3463,-0.6148,0,0
0.66809642908019,3464,-0.6144,0,0
0.6680961204493,3465,-0.614,0,0
0.66809581172913,3466,-0.6136,0,0
0.66809550291968,3467,-0.6132,0,0
0.66809519402094,3468,-0.6128,0,0
0.66809488503292,3469,-0.6124,0,0
0.66809457595561,3470,-0.612,0,0
0.66809426678901,3471,-0.6116,0,0
0.66809395753313,3472,-0.6112,0,0
0.66809364818797,3473,-0.6108,0,0
0.66809333875352,3474,-0.6104,0,0
0.66809302922978,3475,-0.61,0,0
0.66809271961676,3476,-0.6096,0,0
0.66809240991445,3477,-0.6092,0,0
0.66809210012285,3478,-0.6088,0,0
0.66809179024197,3479,-0.6084,0,0
0.6680914802718,3480,-0.608,0,0
0.66809117021234,3481,-0.6076,0,0
0.6680908600636,3482,-0.6072,0,0
0.66809054982557,3483,-0.6068,0,0
0.66809023949825,3484,-0.6064,0,0
0.66808992908164,3485,-0.606,0,0
0.66808961857575,3486,-0.6056,0,0
0.66808930798056,3487,-0.6052,0,0
0.66808899729609,3488,-0.6048,0,0
0.66808868652233,3489,-0.6044,0,0
0.66808837565929,3490,-0.604,0,0
0.66808806470695,3491,-0.6036,0,0
0.66808775366532,3492,-0.6032,0,0
0.66808744253441,3493,-0.6028,0,0
0.6680871313142,3494,-0.6024,0,0
0.66808682000471,3495,-0.602,0,0
0.66808650860593,3496,-0.6016,0,0
0.66808619711785,3497,-0.6012,0,0
0.66808588554049,3498,-0.6008,0,0
0.66808557387383,3499,-0.6004,0,0
0.66808526211789,3500,-0.6,0,0
0.66808495027266,3501,-0.5996,0,0
0.66808463833813,3502,-0.5992,0,0
0.66808432631431,3503,-0.5988,0,0
0.66808401420121,3504,-0.5984,0,0
0.66808370199881,3505,-0.598,0,0
0.66808338970712,3506,-0.5976,0,0
0.66808307732613,3507,-0.5972,0,0
0.66808276485586,3508,-0.5968,0,0
0.6680824522963,3509,-0.5964,0,0
0.66808213964744,3510,-0.596,0,0
0.66808182690929,3511,-0.5956,0,0
0.66808151408184,3512,-0.5952,0,0
0.66808120116511,3513,-0.5948,0,0
0.66808088815908,3514,-0.5944,0,0
0.66808057506376,3515,-0.594,0,0
0.66808026187915,3516,-0.5936,0,0
0.66807994860524,3517,-0.5932,0,0
0.66807963524204,3518,-0.5928,0,0
0.66807932178954,3519,-0.5924,0,0
0.66807900824775,3520,-0.592,0,0
0.66807869461667,3521,-0.5916,0,0
0.66807838089629,3522,-0.5912,0,0
0.66807806708662,3523,-0.5908,0,0
0.66807775318765,3524,-0.5904,0,0
0.66807743919939,3525,-0.59,0,0
0.66807712512184,3526,-0.5896,0,0
0.66807681095498,3527,-0.5892,0,0
0.66807649669884,3528,-0.5888,0,0
0.66807618235339,3529,-0.5884,0,0
0.66807586791866,3530,-0.588,0,0
0.66807555339462,3531,-0.5876,0,0
0.66807523878129,3532,-0.5872,0,0
0.66807492407867,3533,-0.5868,0,0
0.66807460928674,3534,-0.5864,0,0
0.66807429440553,3535,-0.586,0,0
0.66807397943501,3536,-0.5856,0,0
0.6680736643752,3537,-0.5852,0,0
0.66807334922609,3538,-0.5848,0,0
0.66807303398768,3539,-0.5844,0,0
0.66807271865998,3540,-0.584,0,0
0.66807240324297,3541,-0.5836,0,0
0.66807208773667,3542,-0.5832,0,0
0.66807177214108,3543,-0.5828,0,0
0.66807145645618,3544,-0.5824,0,0
0.66807114068198,3545,-0.582,0,0
0.66807082481849,3546,-0.5816,0,0
0.6680705088657,3547,-0.5812,0,0
0.66807019282361,3548,-0.5808,0,0
0.66806987669222,3549,-0.5804,0,0
0.66806956047153,3550,-0.58,0,0
0.66806924416154,3551,-0.5796,0,0
0.66806892776225,3552,-0.5792,0,0
0.66806861127367,3553,-0.5788,0,0
0.66806829469578,3554,-0.5784,0,0
0.66806797802859,3555,-0.578,0,0
0.6680676612721,3556,-0.5776,0,0
0.66806734442631,3557,-0.5772,0,0
0.66806702749123,3558,-0.5768,0,0
0.66806671046684,3559,-0.5764,0,0
0.66806639335314,3560,-0.576,0,0
0.66806607615015,3561,-0.5756,0,0
0.66806575885786,3562,-0.5752,0,0
0.66806544147626,3563,-0.5748,0,0
0.66806512400537,3564,-0.5744,0,0
0.66806480644517,3565,-0.574,0,0
0.66806448879567,3566,-0.5736,0,0
0.66806417105686,3567,-0.5732,0,0
0.66806385322876,3568,-0.5728,0,0
0.66806353531135,3569,-0.5724,0,0
0.66806321730464,3570,-0.572,0,0
0.66806289920862,3571,-0.5716,0,0
0.66806258102331,3572,-0.5712,0,0
0.66806226274869,3573,-0.5708,0,0
0.66806194438476,3574,-0.5704,0,0
0.66806162593153,3575,-0.57,0,0
0.668061307389,3576,-0.5696,0,0
0.66806098875717,3577,-0.5692,0,0
0.66806067003603,3578,-0.5688,0,0
0.66806035122558,3579,-0.5684,0,0
0.66806003232583,3580,-0.568,0,0
0.66805971333678,3581,-0.5676,0,0
0.66805939425842,3582,-0.5672,0,0
0.66805907509075,3583,-0.5668,0,0
0.66805875583379,3584,-0.5664,0,0
0.66805843648751,3585,-0.566,0,0
0.66805811705193,3586,-0.5656,0,0
0.66805779752704,3587,-0.5652,0,0
0.66805747791285,3588,-0.5648,0,0
0.66805715820935,3589,-0.5644,0,0
0.66805683841655,3590,-0.564,0,0
0.66805651853444,3591,-0.5636,0,0
0.66805619856302,3592,-0.5632,0,0
0.66805587850229,3593,-0.5628,0,0
0.66805555835226,3594,-0.5624,0,0
0.66805523811292,3595,-0.562,0,0
0.66805491778427,3596,-0.5616,0,0
0.66805459736632,3597,-0.5612,0,0
0.66805427685905,3598,-0.5608,0,0
0.66805395626248,3599,-0.5604,0,0
0.6680536355766,3600,-0.56,0,0
0.66805331480142,3601,-0.5596,0,0
0.66805299393692,3602,-0.5592,0,0
0.66805267298312,3603,-0.5588,0,0
0.66805235194,3604,-0.5584,0,0
0.66805203080758,3605,-0.558,0,0
0.66805170958585,3606,-0.5576,0,0
0.6680513882748,3607,-0.5572,0,0
0.66805106687445,3608,-0.5568,0,0
0.66805074538479,3609,-0.5564,0,0
0.66805042380582,3610,-0.556,0,0
0.66805010213754,3611,-0.5556,0,0
0.66804978037995,3612,-0.5552,0,0
0.66804945853305,3613,-0.5548,0,0
0.66804913659683,3614,-0.5544,0,0
0.66804881457131,3615,-0.554,0,0
0.66804849245647,3616,-0.5536,0,0
0.66804817025233,3617,-0.5532,0,0
0.66804784795887,3618,-0.5528,0,0
0.6680475255761,3619,-0.5524,0,0
0.66804720310402,3620,-0.552,0,0
0.66804688054262,3621,-0.5516,0,0
0.66804655789192,3622,-0.5512,0,0
0.6680462351519,3623,-0.5508,0,0
0.66804591232257,3624,-0.5504,0,0
0.66804558940393,3625,-0.55,0,0
0.66804526639597,3626,-0.5496,0,0
0.6680449432987,3627,-0.5492,0,0
0.66804462011212,3628,-0.5488,0,0
0.66804429683622,3629,-0.5484,0,0
0.66804397347101,3630,-0.548,0,0
0.66804365001649,3631,-0.5476,0,0
0.66804332647265,3632,-0.5472,0,0
0.6680430028395,3633,-0.5468,0,0
0.66804267911703,3634,-0.5464,0,0
0.66804235530525,3635,-0.546,0,0
0.66804203140416,3636,-0.5456,0,0
0.66804170741375,3637,-0.5452,0,0
0.66804138333402,3638,-0.5448,0,0
0.66804105916498,3639,-0.5444,0,0
0.66804073490663,3640,-0.544,0,0
0.66804041055895,3641,-0.5436,0,0
0.66804008612197,3642,-0.5432,0,0
0.66803976159566,3643,-0.5428,0,0
0.66803943698004,3644,-0.5424,0,0
0.66803911227511,3645,-0.542,0,0
0.66803878748085,3646,-0.5416,0,0
0.66803846259728,3647,-0.5412,0,0
0.6680381376244,3648,-0.5408,0,0
0.66803781256219,3649,-0.5404,0,0
0.66803748741067,3650,-0.54,0,0
0.66803716216983,3651,-0.5396,0,0
0.66803683683968,3652,-0.5392,0,0
0.6680365114202,3653,-0.5388,0,0
0.66803618591141,3654,-0.5384,0,0
0.6680358603133,3655,-0.538,0,0
0.66803553462587,3656,-0.5376,0,0
0.66803520884912,3657,-0.5372,0,0
0.66803488298306,3658,-0.5368,0,0
0.66803455702767,3659,-0.5364,0,0
0.66803423098297,3660,-0.536,0,0
0.66803390484894,3661,-0.5356,0,0
0.6680335786256,3662,-0.5352,0,0
0.66803325231294,3663,-0.5348,0,0
0.66803292591095,3664,-0.5344,0,0
0.66803259941965,3665,-0.534,0,0
0.66803227283903,3666,-0.5336,0,0
0.66803194616909,3667,-0.5332,0,0
0.66803161940982,3668,-0.5328,0,0
0.66803129256124,3669,-0.5324,0,0
0.66803096562333,3670,-0.532,0,0
0.6680306385961,3671,-0.5316,0,0
0.66803031147955,3672,-0.5312,0,0
0.66802998427368,3673,-0.5308,0,0
0.66802965697849,3674,-0.5304,0,0
0.66802932959398,3675,-0.53,0,0
0.66802900212014,3676,-0.5296,0,0
0.66802867455699,3677,-0.5292,0,0
0.66802834690451,3678,-0.5288,0,0
0.6680280191627,3679,-0.5284,0,0
0.66802769133158,3680,-0.528,0,0
0.66802736341113,3681,-0.5276,0,0
0.66802703540136,3682,-0.5272,0,0
0.66802670730226,3683,-0.5268,0,0
0.66802637911384,3684,-0.5264,0,0
0.6680260508361,3685,-0.526,0,0
0.66802572246903,3686,-0.5256,0,0
0.66802539401264,3687,-0.5252,0,0
0.66802506546693,3688,-0.5248,0,0
0.66802473683189,3689,-0.5244,0,0
0.66802440810752,3690,-0.524,0,0
0.66802407929383,3691,-0.5236,0,0
0.66802375039082,3692,-0.5232,0,0
0.66802342139848,3693,-0.5228,0,0
0.66802309231681,3694,-0.5224,0,0
0.66802276314582,3695,-0.522,0,0
0.66802243388551,3696,-0.5216,0,0
0.66802210453586,3697,-0.5212,0,0
0.6680217750969,3698,-0.5208,0,0
0.6680214455686,3699,-0.5204,0,0
0.66802111595098,3700,-0.52,0,0
0.66802078624403,3701,-0.5196,0,0
0.66802045644776,3702,-0.5192,0,0
0.66802012656215,3703,-0.5188,0,0
0.66801979658723,3704,-0.5184,0,0
0.66801946652297,3705,-0.518,0,0
0.66801913636938,3706,-0.5176,0,0
0.66801880612647,3707,-0.5172,0,0
0.66801847579423,3708,-0.5168,0,0
0.66801814537266,3709,-0.5164,0,0
0.66801781486177,3710,-0.516,0,0
0.66801748426154,3711,-0.5156,0,0
0.66801715357199,3712,-0.5152,0,0
0.6680168227931,3713,-0.5148,0,0
0.66801649192489,3714,-0.5144,0,0
0.66801616096735,3715,-0.514,0,0
0.66801582992048,3716,-0.5136,0,0
0.66801549878428,3717,-0.5132,0,0
0.66801516755875,3718,-0.5128,0,0
0.66801483624388,3719,-0.5124,0,0
0.66801450483969,3720,-0.512,0,0
0.66801417334617,3721,-0.5116,0,0
0.66801384176332,3722,-0.5112,0,0
0.66801351009114,3723,-0.5108,0,0
0.66801317832962,3724,-0.5104,0,0
0.66801284647878,3725,-0.51,0,0
0.6680125145386,3726,-0.5096,0,0
0.66801218250909,3727,-0.5092,0,0
0.66801185039025,3728,-0.5088,0,0
0.66801151818208,3729,-0.5084,0,0
0.66801118588458,3730,-0.508,0,0
0.66801085349774,3731,-0.5076,0,0
0.66801052102157,3732,-0.5072,0,0
0.66801018845607,3733,-0.5068,0,0
0.66800985580124,3734,-0.5064,0,0
0.66800952305707,3735,-0.506,0,0
0.66800919022357,3736,-0.5056,0,0
0.66800885730073,3737,-0.5052,0,0
0.66800852428857,3738,-0.5048,0,0
0.66800819118706,3739,-0.5044,0,0
0.66800785799623,3740,-0.504,0,0
0.66800752471606,3741,-0.5036,0,0
0.66800719134655,3742,-0.5032,0,0
0.66800685788772,3743,-0.5028,0,0
0.66800652433954,3744,-0.5024,0,0
0.66800619070203,3745,-0.502,0,0
0.66800585697519,3746,-0.5016,0,0
0.66800552315901,3747,-0.5012,0,0
0.6680051892535,3748,-0.5008,0,0
0.66800485525865,3749,-0.5004,0,0
0.66800452117446,3750,-0.5,0,0
0.66800418700094,3751,-0.4996,0,0
0.66800385273808,3752,-0.4992,0,0
0.66800351838589,3753,-0.4988,0,0
0.66800318394435,3754,-0.4984,0,0
0.66800284941349,3755,-0.498,0,0
0.66800251479328,3756,-0.4976,0,0
0.66800218008374,3757,-0.4972,0,0
0.66800184528486,3758,-0.4968,0,0
0.66800151039664,3759,-0.4964,0,0
0.66800117541908,3760,-0.496,0,0
0.66800084035219,3761,-0.4956,0,0
0.66800050519596,3762,-0.4952,0,0
0.66800016995039,3763,-0.4948,0,0
0.66799983461548,3764,-0.4944,0,0
0.66799949919124,3765,-0.494,0,0
0.66799916367765,3766,-0.4936,0,0
0.66799882807472,3767,-0.4932,0,0
0.66799849238246,3768,-0.4928,0,0
0.66799815660086,3769,-0.4924,0,0
0.66799782072991,3770,-0.492,0,0
0.66799748476963,3771,-0.4916,0,0
0.66799714872001,3772,-0.4912,0,0
0.66799681258104,3773,-0.4908,0,0
0.66799647635274,3774,-0.4904,0,0
0.66799614003509,3775,-0.49,0,0
0.66799580362811,3776,-0.4896,0,0
0.66799546713178,3777,-0.4892,0,0
0.66799513054612,3778,-0.4888,0,0
0.66799479387111,3779,-0.4884,0,0
0.66799445710676,3780,-0.488,0,0
0.66799412025306,3781,-0.4876,0,0
0.66799378331003,3782,-0.4872,0,0
0.66799344627765,3783,-0.4868,0,0
0.66799310915593,3784,-0.4864,0,0
0.66799277194487,3785,-0.486,0,0
0.66799243464447,3786,-0.4856,0,0
0.66799209725472,3787,-0.4852,0,0
0.66799175977563,3788,-0.4848,0,0
0.6679914222072,3789,-0.4844,0,0
0.66799108454942,3790,-0.484,0,0
0.6679907468023,3791,-0.4836,0,0
0.66799040896584,3792,-0.4832,0,0
0.66799007104003,3793,-0.4828,0,0
0.66798973302488,3794,-0.4824,0,0
0.66798939492038,3795,-0.482,0,0
0.66798905672654,3796,-0.4816,0,0
0.66798871844336,3797,-0.4812,0,0
0.66798838007082,3798,-0.4808,0,0
0.66798804160895,3799,-0.4804,0,0
0.66798770305773,3800,-0.48,0,0
0.66798736441716,3801,-0.4796,0,0
0.66798702568725,3802,-0.4792,0,0
0.66798668686799,3803,-0.4788,0,0
0.66798634795938,3804,-0.4784,0,0
0.66798600896143,3805,-0.478,0,0
0.66798566987413,3806,-0.4776,0,0
0.66798533069749,3807,-0.4772,0,0
0.6679849914315,3808,-0.4768,0,0
0.66798465207616,3809,-0.4764,0,0
0.66798431263147,3810,-0.476,0,0
0.66798397309744,3811,-0.4756,0,0
0.66798363347406,3812,-0.4752,0,0
0.66798329376133,3813,-0.4748,0,0
0.66798295395926,3814,-0.4744,0,0
0.66798261406783,3815,-0.474,0,0
0.66798227408706,3816,-0.4736,0,0
0.66798193401694,3817,-0.4732,0,0
0.66798159385746,3818,-0.4728,0,0
0.66798125360864,3819,-0.4724,0,0
0.66798091327048,3820,-0.472,0,0
0.66798057284296,3821,-0.4716,0,0
0.66798023232609,3822,-0.4712,0,0
0.66797989171987,3823,-0.4708,0,0
0.6679795510243,3824,-0.4704,0,0
0.66797921023939,3825,-0.47,0,0
0.66797886936512,3826,-0.4696,0,0
0.6679785284015,3827,-0.4692,0,0
0.66797818734853,3828,-0.4688,0,0
0.66797784620621,3829,-0.4684,0,0
0.66797750497454,3830,-0.468,0,0
0.66797716365352,3831,-0.4676,0,0
0.66797682224314,3832,-0.4672,0,0
0.66797648074341,3833,-0.4668,0,0
0.66797613915434,3834,-0.4664,0,0
0.66797579747591,3835,-0.466,0,0
0.66797545570812,3836,-0.4656,0,0
0.66797511385099,3837,-0.4652,0,0
0.6679747719045,3838,-0.4648,0,0
0.66797442986866,3839,-0.4644,0,0
0.66797408774347,3840,-0.464,0,0
0.66797374552892,3841,-0.4636,0,0
0.66797340322502,3842,-0.4632,0,0
0.66797306083177,3843,-0.4628,0,0
0.66797271834916,3844,-0.4624,0,0
0.6679723757772,3845,-0.462,0,0
0.66797203311589,3846,-0.4616,0,0
0.66797169036522,3847,-0.4612,0,0
0.66797134752519,3848,-0.4608,0,0
0.66797100459581,3849,-0.4604,0,0
0.66797066157708,3850,-0.46,0,0
0.66797031846899,3851,-0.4596,0,0
0.66796997527154,3852,-0.4592,0,0
0.66796963198474,3853,-0.4588,0,0
0.66796928860859,3854,-0.4584,0,0
0.66796894514308,3855,-0.458,0,0
0.66796860158821,3856,-0.4576,0,0
0.66796825794398,3857,-0.4572,0,0
0.6679679142104,3858,-0.4568,0,0
0.66796757038746,3859,-0.4564,0,0
0.66796722647517,3860,-0.456,0,0
0.66796688247352,3861,-0.4556,0,0
0.66796653838251,3862,-0.4552,0,0
0.66796619420214,3863,-0.4548,0,0
0.66796584993242,3864,-0.4544,0,0
0.66796550557334,3865,-0.454,0,0
0.6679651611249,3866,-0.4536,0,0
0.6679648165871,3867,-0.4532,0,0
0.66796447195994,3868,-0.4528,0,0
0.66796412724343,3869,-0.4524,0,0
0.66796378243755,3870,-0.452,0,0
0.66796343754232,3871,-0.4516,0,0
0.66796309255773,3872,-0.4512,0,0
0.66796274748377,3873,-0.4508,0,0
0.66796240232046,3874,-0.4504,0,0
0.66796205706779,3875,-0.45,0,0
0.66796171172576,3876,-0.4496,0,0
0.66796136629437,3877,-0.4492,0,0
0.66796102077362,3878,-0.4488,0,0
0.6679606751635,3879,-0.4484,0,0
0.66796032946403,3880,-0.448,0,0
0.6679599836752,3881,-0.4476,0,0
0.667959637797,3882,-0.4472,0,0
0.66795929182944,3883,-0.4468,0,0
0.66795894577252,3884,-0.4464,0,0
0.66795859962624,3885,-0.446,0,0
0.6679582533906,3886,-0.4456,0,0
0.6679579070656,3887,-0.4452,0,0
0.66795756065123,3888,-0.4448,0,0
0.6679572141475,3889,-0.4444,0,0
0.66795686755441,3890,-0.444,0,0
0.66795652087195,3891,-0.4436,0,0
0.66795617410014,3892,-0.4432,0,0
0.66795582723895,3893,-0.4428,0,0
0.66795548028841,3894,-0.4424,0,0
0.6679551332485,3895,-0.442,0,0
0.66795478611923,3896,-0.4416,0,0
0.66795443890059,3897,-0.4412,0,0
0.66795409159259,3898,-0.4408,0,0
0.66795374419522,3899,-0.4404,0,0
0.66795339670849,3900,-0.44,0,0
0.6679530491324,3901,-0.4396,0,0
0.66795270146694,3902,-0.4392,0,0
0.66795235371211,3903,-0.4388,0,0
0.66795200586792,3904,-0.4384,0,0
0.66795165793436,3905,-0.438,0,0
0.66795130991144,3906,-0.4376,0,0
0.66795096179915,3907,-0.4372,0,0
0.6679506135975,3908,-0.4368,0,0
0.66795026530648,3909,-0.4364,0,0
0.66794991692609,3910,-0.436,0,0
0.66794956845633,3911,-0.4356,0,0
0.66794921989721,3912,-0.4352,0,0
0.66794887124872,3913,-0.4348,0,0
0.66794852251087,3914,-0.4344,0,0
0.66794817368364,3915,-0.434,0,0
0.66794782476705,3916,-0.4336,0,0
0.66794747576109,3917,-0.4332,0,0
0.66794712666576,3918,-0.4328,0,0
0.66794677748106,3919,-0.4324,0,0
0.667946428207,3920,-0.432,0,0
0.66794607884356,3921,-0.4316,0,0
0.66794572939076,3922,-0.4312,0,0
0.66794537984859,3923,-0.4308,0,0
0.66794503021704,3924,-0.4304,0,0
0.66794468049613,3925,-0.43,0,0
0.66794433068585,3926,-0.4296,0,0
0.6679439807862,3927,-0.4292,0,0
0.66794363079718,3928,-0.4288,0,0
0.66794328071879,3929,-0.4284,0,0
0.66794293055102,3930,-0.428,0,0
0.66794258029389,3931,-0.4276,0,0
0.66794222994739,3932,-0.4272,0,0
0.66794187951151,3933,-0.4268,0,0
0.66794152898626,3934,-0.4264,0,0
0.66794117837164,3935,-0.426,0,0
0.66794082766765,3936,-0.4256,0,0
0.66794047687429,3937,-0.4252,0,0
0.66794012599156,3938,-0.4248,0,0
0.66793977501945,3939,-0.4244,0,0
0.66793942395797,3940,-0.424,0,0
0.66793907280712,3941,-0.4236,0,0
0.66793872156689,3942,-0.4232,0,0
0.66793837023729,3943,-0.4228,0,0
0.66793801881832,3944,-0.4224,0,0
0.66793766730998,3945,-0.422,0,0
0.66793731571226,3946,-0.4216,0,0
0.66793696402516,3947,-0.4212,0,0
0.6679366122487,3948,-0.4208,0,0
0.66793626038285,3949,-0.4204,0,0
0.66793590842764,3950,-0.42,0,0
0.66793555638305,3951,-0.4196,0,0
0.66793520424908,3952,-0.4192,0,0
0.66793485202574,3953,-0.4188,0,0
0.66793449971302,3954,-0.4184,0,0
0.66793414731093,3955,-0.418,0,0
0.66793379481946,3956,-0.4176,0,0
0.66793344223862,3957,-0.4172,0,0
0.6679330895684,3958,-0.4168,0,0
0.6679327368088,3959,-0.4164,0,0
0.66793238395983,3960,-0.416,0,0
0.66793203102148,3961,-0.4156,0,0
0.66793167799375,3962,-0.4152,0,0
0.66793132487665,3963,-0.4148,0,0
0.66793097167017,3964,-0.4144,0,0
0.66793061837431,3965,-0.414,0,0
0.66793026498908,3966,-0.4136,0,0
0.66792991151446,3967,-0.4132,0,0
0.66792955795047,3968,-0.4128,0,0
0.6679292042971,3969,-0.4124,0,0
0.66792885055435,3970,-0.412,0,0
0.66792849672222,3971,-0.4116,0,0
0.66792814280071,3972,-0.4112,0,0
0.66792778878983,3973,-0.4108,0,0
0.66792743468956,3974,-0.4104,0,0
0.66792708049992,3975,-0.41,0,0
0.66792672622089,3976,-0.4096,0,0
0.66792637185249,3977,-0.4092,0,0
0.6679260173947,3978,-0.4088,0,0
0.66792566284754,3979,-0.4084,0,0
0.66792530821099,3980,-0.408,0,0
0.66792495348507,3981,-0.4076,0,0
0.66792459866976,3982,-0.4072,0,0
0.66792424376507,3983,-0.4068,0,0
0.667923888771,3984,-0.4064,0,0
0.66792353368755,3985,-0.406,0,0
0.66792317851472,3986,-0.4056,0,0
0.6679228232525,3987,-0.4052,0,0
0.6679224679009,3988,-0.4048,0,0
0.66792211245993,3989,-0.4044,0,0
0.66792175692956,3990,-0.404,0,0
0.66792140130982,3991,-0.4036,0,0
0.66792104560069,3992,-0.4032,0,0
0.66792068980218,3993,-0.4028,0,0
0.66792033391429,3994,-0.4024,0,0
0.66791997793701,3995,-0.402,0,0
0.66791962187035,3996,-0.4016,0,0
0.6679192657143,3997,-0.4012,0,0
0.66791890946887,3998,-0.4008,0,0
0.66791855313406,3999,-0.4004,0,0
0.66791819670986,4000,-0.4,0,0
0.66791784019628,4001,-0.3996,0,0
0.66791748359331,4002,-0.3992,0,0
0.66791712690095,4003,-0.3988,0,0
0.66791677011922,4004,-0.3984,0,0
0.66791641324809,4005,-0.398,0,0
0.66791605628758,4006,-0.3976,0,0
0.66791569923769,4007,-0.3972,0,0
0.6679153420984,4008,-0.3968,0,0
0.66791498486974,4009,-0.3964,0,0
0.66791462755168,4010,-0.396,0,0
0.66791427014424,4011,-0.3956,0,0
0.66791391264741,4012,-0.3952,0,0
0.66791355506119,4013,-0.3948,0,0
0.66791319738559,4014,-0.3944,0,0
0.6679128396206,4015,-0.394,0,0
0.66791248176622,4016,-0.3936,0,0
0.66791212382246,4017,-0.3932,0,0
0.6679117657893,4018,-0.3928,0,0
0.66791140766676,4019,-0.3924,0,0
0.66791104945483,4020,-0.392,0,0
0.66791069115351,4021,-0.3916,0,0
0.6679103327628,4022,-0.3912,0,0
0.6679099742827,4023,-0.3908,0,0
0.66790961571321,4024,-0.3904,0,0
0.66790925705433,4025,-0.39,0,0
0.66790889830607,4026,-0.3896,0,0
0.66790853946841,4027,-0.3892,0,0
0.66790818054136,4028,-0.3888,0,0
0.66790782152492,4029,-0.3884,0,0
0.66790746241909,4030,-0.388,0,0
0.66790710322388,4031,-0.3876,0,0
0.66790674393926,4032,-0.3872,0,0
0.66790638456526,4033,-0.3868,0,0
0.66790602510187,4034,-0.3864,0,0
0.66790566554909,4035,-0.386,0,0
0.66790530590691,4036,-0.3856,0,0
0.66790494617534,4037,-0.3852,0,0
0.66790458635438,4038,-0.3848,0,0
0.66790422644403,4039,-0.3844,0,0
0.66790386644428,4040,-0.384,0,0
0.66790350635514,4041,-0.3836,0,0
0.66790314617661,4042,-0.3832,0,0
0.66790278590869,4043,-0.3828,0,0
0.66790242555137,4044,-0.3824,0,0
0.66790206510466,4045,-0.382,0,0
0.66790170456855,4046,-0.3816,0,0
0.66790134394305,4047,-0.3812,0,0
0.66790098322816,4048,-0.3808,0,0
0.66790062242387,4049,-0.3804,0,0
0.66790026153019,4050,-0.38,0,0
0.66789990054711,4051,-0.3796,0,0
0.66789953947464,4052,-0.3792,0,0
0.66789917831277,4053,-0.3788,0,0
0.6678988170615,4054,-0.3784,0,0
0.66789845572085,4055,-0.378,0,0
0.66789809429079,4056,-0.3776,0,0
0.66789773277134,4057,-0.3772,0,0
0.66789737116249,4058,-0.3768,0,0
0.66789700946425,4059,-0.3764,0,0
0.66789664767661,4060,-0.376,0,0
0.66789628579957,4061,-0.3756,0,0
0.66789592383313,4062,-0.3752,0,0
0.6678955617773,4063,-0.3748,0,0
0.66789519963207,4064,-0.3744,0,0
0.66789483739744,4065,-0.374,0,0
0.66789447507342,4066,-0.3736,0,0
0.66789411266,4067,-0.3732,0,0
0.66789375015717,4068,-0.3728,0,0
0.66789338756495,4069,-0.3724,0,0
0.66789302488333,4070,-0.372,0,0
0.66789266211232,4071,-0.3716,0,0
0.6678922992519,4072,-0.3712,0,0
0.66789193630208,4073,-0.3708,0,0
0.66789157326287,4074,-0.3704,0,0
0.66789121013425,4075,-0.37,0,0
0.66789084691624,4076,-0.3696,0,0
0.66789048360882,4077,-0.3692,0,0
0.667890120212,4078,-0.3688,0,0
0.66788975672579,4079,-0.3684,0,0
0.66788939315017,4080,-0.368,0,0
0.66788902948515,4081,-0.3676,0,0
0.66788866573073,4082,-0.3672,0,0
0.66788830188691,4083,-0.3668,0,0
0.66788793795369,4084,-0.3664,0,0
0.66788757393106,4085,-0.366,0,0
0.66788720981903,4086,-0.3656,0,0
0.66788684561761,4087,-0.3652,0,0
0.66788648132677,4088,-0.3648,0,0
0.66788611694654,4089,-0.3644,0,0
0.6678857524769,4090,-0.364,0,0
0.66788538791786,4091,-0.3636,0,0
0.66788502326942,4092,-0.3632,0,0
0.66788465853157,4093,-0.3628,0,0
0.66788429370432,4094,-0.3624,0,0
0.66788392878767,4095,-0.362,0,0
0.66788356378161,4096,-0.3616,0,0
0.66788319868615,4097,-0.3612,0,0
0.66788283350128,4098,-0.3608,0,0
0.66788246822701,4099,-0.3604,0,0
0.66788210286333,4100,-0.36,0,0
0.66788173741025,4101,-0.3596,0,0
0.66788137186777,4102,-0.3592,0,0
0.66788100623587,4103,-0.3588,0,0
0.66788064051458,4104,-0.3584,0,0
0.66788027470387,4105,-0.358,0,0
0.66787990880376,4106,-0.3576,0,0
0.66787954281424,4107,-0.3572,0,0
0.66787917673532,4108,-0.3568,0,0
0.66787881056699,4109,-0.3564,0,0
0.66787844430925,4110,-0.356,0,0
0.66787807796211,4111,-0.3556,0,0
0.66787771152556,4112,-0.3552,0,0
0.6678773449996,4113,-0.3548,0,0
0.66787697838423,4114,-0.3544,0,0
0.66787661167946,4115,-0.354,0,0
0.66787624488528,4116,-0.3536,0,0
0.66787587800168,4117,-0.3532,0,0
0.66787551102868,4118,-0.3528,0,0
0.66787514396628,4119,-0.3524,0,0
0.66787477681446,4120,-0.352,0,0
0.66787440957323,4121,-0.3516,0,0
0.6678740422426,4122,-0.3512,0,0
0.66787367482255,4123,-0.3508,0,0
0.66787330731309,4124,-0.3504,0,0
0.66787293971423,4125,-0.35,0,0
0.66787257202595,4126,-0.3496,0,0
0.66787220424826,4127,-0.3492,0,0
0.66787183638117,4128,-0.3488,0,0
0.66787146842466,4129,-0.3484,0,0
0.66787110037874,4130,-0.348,0,0
0.66787073224341,4131,-0.3476,0,0
0.66787036401867,4132,-0.3472,0,0
0.66786999570451,4133,-0.3468,0,0
0.66786962730095,4134,-0.3464,0,0
0.66786925880797,4135,-0.346,0,0
0.66786889022558,4136,-0.3456,0,0
0.66786852155377,4137,-0.3452,0,0
0.66786815279256,4138,-0.3448,0,0
0.66786778394193,4139,-0.3444,0,0
0.66786741500189,4140,-0.344,0,0
0.66786704597243,4141,-0.3436,0,0
0.66786667685356,4142,-0.3432,0,0
0.66786630764528,4143,-0.3428,0,0
0.66786593834758,4144,-0.3424,0,0
0.66786556896047,4145,-0.342,0,0
0.66786519948395,4146,-0.3416,0,0
0.66786482991801,4147,-0.3412,0,0
0.66786446026265,4148,-0.3408,0,0
0.66786409051788,4149,-0.3404,0,0
0.6678637206837,4150,-0.34,0,0
0.6678633507601,4151,-0.3396,0,0
0.66786298074708,4152,-0.3392,0,0
0.66786261064465,4153,-0.3388,0,0
0.6678622404528,4154,-0.3384,0,0
0.66786187017154,4155,-0.338,0,0
0.66786149980085,4156,-0.3376,0,0
0.66786112934076,4157,-0.3372,0,0
0.66786075879124,4158,-0.3368,0,0
0.66786038815231,4159,-0.3364,0,0
0.66786001742396,4160,-0.336,0,0
0.66785964660619,4161,-0.3356,0,0
0.66785927569901,4162,-0.3352,0,0
0.66785890470241,4163,-0.3348,0,0
0.66785853361639,4164,-0.3344,0,0
0.66785816244095,4165,-0.334,0,0
0.66785779117609,4166,-0.3336,0,0
0.66785741982181,4167,-0.3332,0,0
0.66785704837812,4168,-0.3328,0,0
0.667856676845,4169,-0.3324,0,0
0.66785630522247,4170,-0.332,0,0
0.66785593351051,4171,-0.3316,0,0
0.66785556170914,4172,-0.3312,0,0
0.66785518981835,4173,-0.3308,0,0
0.66785481783813,4174,-0.3304,0,0
0.6678544457685,4175,-0.33,0,0
0.66785407360944,4176,-0.3296,0,0
0.66785370136097,4177,-0.3292,0,0
0.66785332902307,4178,-0.3288,0,0
0.66785295659575,4179,-0.3284,0,0
0.66785258407901,4180,-0.328,0,0
0.66785221147285,4181,-0.3276,0,0
0.66785183877726,4182,-0.3272,0,0
0.66785146599226,4183,-0.3268,0,0
0.66785109311783,4184,-0.3264,0,0
0.66785072015398,4185,-0.326,0,0
0.6678503471007,4186,-0.3256,0,0
0.66784997395801,4187,-0.3252,0,0
0.66784960072589,4188,-0.3248,0,0
0.66784922740434,4189,-0.3244,0,0
0.66784885399338,4190,-0.324,0,0
0.66784848049298,4191,-0.3236,0,0
0.66784810690317,4192,-0.3232,0,0
0.66784773322393,4193,-0.3228,0,0
0.66784735945527,4194,-0.3224,0,0
0.66784698559718,4195,-0.322,0,0
0.66784661164966,4196,-0.3216,0,0
0.66784623761272,4197,-0.3212,0,0
0.66784586348636,4198,-0.3208,0,0
0.66784548927057,4199,-0.3204,0,0
0.66784511496536,4200,-0.32,0,0
0.66784474057071,4201,-0.3196,0,0
0.66784436608665,4202,-0.3192,0,0
0.66784399151315,4203,-0.3188,0,0
0.66784361685023,4204,-0.3184,0,0
0.66784324209789,4205,-0.318,0,0
0.66784286725611,4206,-0.3176,0,0
0.66784249232491,4207,-0.3172,0,0
0.66784211730428,4208,-0.3168,0,0
0.66784174219422,4209,-0.3164,0,0
0.66784136699474,4210,-0.316,0,0
0.66784099170583,4211,-0.3156,0,0
0.66784061632749,4212,-0.3152,0,0
0.66784024085972,4213,-0.3148,0,0
0.66783986530252,4214,-0.3144,0,0
0.66783948965589,4215,-0.314,0,0
0.66783911391983,4216,-0.3136,0,0
0.66783873809435,4217,-0.3132,0,0
0.66783836217943,4218,-0.3128,0,0
0.66783798617509,4219,-0.3124,0,0
0.66783761008131,4220,-0.312,0,0
0.66783723389811,4221,-0.3116,0,0
0.66783685762547,4222,-0.3112,0,0
0.66783648126341,4223,-0.3108,0,0
0.66783610481191,4224,-0.3104,0,0
0.66783572827098,4225,-0.31,0,0
0.66783535164062,4226,-0.3096,0,0
0.66783497492083,4227,-0.3092,0,0
0.66783459811161,4228,-0.3088,0,0
0.66783422121296,4229,-0.3084,0,0
0.66783384422487,4230,-0.308,0,0
0.66783346714735,4231,-0.3076,0,0
0.6678330899804,4232,-0.3072,0,0
0.66783271272402,4233,-0.3068,0,0
0.6678323353782,4234,-0.3064,0,0
0.66783195794295,4235,-0.306,0,0
0.66783158041826,4236,-0.3056,0,0
0.66783120280415,4237,-0.3052,0,0
0.6678308251006,4238,-0.3048,0,0
0.66783044730761,4239,-0.3044,0,0
0.66783006942519,4240,-0.304,0,0
0.66782969145334,4241,-0.3036,0,0
0.66782931339205,4242,-0.3032,0,0
0.66782893524133,4243,-0.3028,0,0
0.66782855700117,4244,-0.3024,0,0
0.66782817867157,4245,-0.302,0,0
0.66782780025255,4246,-0.3016,0,0
0.66782742174408,4247,-0.3012,0,0
0.66782704314618,4248,-0.3008,0,0
0.66782666445884,4249,-0.3004,0,0
0.66782628568207,4250,-0.3,0,0
0.66782590681586,4251,-0.2996,0,0
0.66782552786021,4252,-0.2992,0,0
0.66782514881513,4253,-0.2988,0,0
0.66782476968061,4254,-0.2984,0,0
0.66782439045665,4255,-0.298,0,0
0.66782401114325,4256,-0.2976,0,0
0.66782363174042,4257,-0.2972,0,0
0.66782325224815,4258,-0.2968,0,0
0.66782287266644,4259,-0.2964,0,0
0.66782249299529,4260,-0.296,0,0
0.6678221132347,4261,-0.2956,0,0
0.66782173338467,4262,-0.2952,0,0
0.66782135344521,4263,-0.2948,0,0
0.6678209734163,4264,-0.2944,0,0
0.66782059329796,4265,-0.294,0,0
0.66782021309017,4266,-0.2936,0,0
0.66781983279295,4267,-0.2932,0,0
0.66781945240628,4268,-0.2928,0,0
0.66781907193018,4269,-0.2924,0,0
0.66781869136463,4270,-0.292,0,0
0.66781831070964,4271,-0.2916,0,0
0.66781792996522,4272,-0.2912,0,0
0.66781754913135,4273,-0.2908,0,0
0.66781716820804,4274,-0.2904,0,0
0.66781678719528,4275,-0.29,0,0
0.66781640609309,4276,-0.2896,0,0
0.66781602490145,4277,-0.2892,0,0
0.66781564362037,4278,-0.2888,0,0
0.66781526224985,4279,-0.2884,0,0
0.66781488078989,4280,-0.288,0,0
0.66781449924048,4281,-0.2876,0,0
0.66781411760163,4282,-0.2872,0,0
0.66781373587334,4283,-0.2868,0,0
0.6678133540556,4284,-0.2864,0,0
0.66781297214842,4285,-0.286,0,0
0.66781259015179,4286,-0.2856,0,0
0.66781220806572,4287,-0.2852,0,0
0.66781182589021,4288,-0.2848,0,0
0.66781144362525,4289,-0.2844,0,0
0.66781106127084,4290,-0.284,0,0
0.66781067882699,4291,-0.2836,0,0
0.6678102962937,4292,-0.2832,0,0
0.66780991367096,4293,-0.2828,0,0
0.66780953095877,4294,-0.2824,0,0
0.66780914815714,4295,-0.282,0,0
0.66780876526606,4296,-0.2816,0,0
0.66780838228554,4297,-0.2812,0,0
0.66780799921556,4298,-0.2808,0,0
0.66780761605615,4299,-0.2804,0,0
0.66780723280728,4300,-0.28,0,0
0.66780684946897,4301,-0.2796,0,0
0.66780646604121,4302,-0.2792,0,0
0.667806082524,4303,-0.2788,0,0
0.66780569891734,4304,-0.2784,0,0
0.66780531522124,4305,-0.278,0,0
0.66780493143568,4306,-0.2776,0,0
0.66780454756068,4307,-0.2772,0,0
0.66780416359623,4308,-0.2768,0,0
0.66780377954233,4309,-0.2764,0,0
0.66780339539898,4310,-0.276,0,0
0.66780301116619,4311,-0.2756,0,0
0.66780262684394,4312,-0.2752,0,0
0.66780224243224,4313,-0.2748,0,0
0.66780185793109,4314,-0.2744,0,0
0.66780147334049,4315,-0.274,0,0
0.66780108866044,4316,-0.2736,0,0
0.66780070389094,4317,-0.2732,0,0
0.66780031903199,4318,-0.2728,0,0
0.66779993408359,4319,-0.2724,0,0
0.66779954904574,4320,-0.272,0,0
0.66779916391843,4321,-0.2716,0,0
0.66779877870167,4322,-0.2712,0,0
0.66779839339546,4323,-0.2708,0,0
0.6677980079998,4324,-0.2704,0,0
0.66779762251469,4325,-0.27,0,0
0.66779723694012,4326,-0.2696,0,0
0.6677968512761,4327,-0.2692,0,0
0.66779646552263,4328,-0.2688,0,0
0.6677960796797,4329,-0.2684,0,0
0.66779569374732,4330,-0.268,0,0
0.66779530772549,4331,-0.2676,0,0
0.6677949216142,4332,-0.2672,0,0
0.66779453541346,4333,-0.2668,0,0
0.66779414912326,4334,-0.2664,0,0
0.66779376274361,4335,-0.266,0,0
0.6677933762745,4336,-0.2656,0,0
0.66779298971594,4337,-0.2652,0,0
0.66779260306792,4338,-0.2648,0,0
0.66779221633045,4339,-0.2644,0,0
0.66779182950352,4340,-0.264,0,0
0.66779144258714,4341,-0.2636,0,0
0.66779105558129,4342,-0.2632,0,0
0.667790668486,4343,-0.2628,0,0
0.66779028130124,4344,-0.2624,0,0
0.66778989402703,4345,-0.262,0,0
0.66778950666336,4346,-0.2616,0,0
0.66778911921024,4347,-0.2612,0,0
0.66778873166766,4348,-0.2608,0,0
0.66778834403561,4349,-0.2604,0,0
0.66778795631412,4350,-0.26,0,0
0.66778756850316,4351,-0.2596,0,0
0.66778718060274,4352,-0.2592,0,0
0.66778679261287,4353,-0.2588,0,0
0.66778640453354,4354,-0.2584,0,0
0.66778601636474,4355,-0.258,0,0
0.66778562810649,4356,-0.2576,0,0
0.66778523975878,4357,-0.2572,0,0
0.66778485132161,4358,-0.2568,0,0
0.66778446279498,4359,-0.2564,0,0
0.66778407417889,4360,-0.256,0,0
0.66778368547334,4361,-0.2556,0,0
0.66778329667833,4362,-0.2552,0,0
0.66778290779386,4363,-0.2548,0,0
0.66778251881992,4364,-0.2544,0,0
0.66778212975653,4365,-0.254,0,0
0.66778174060367,4366,-0.2536,0,0
0.66778135136135,4367,-0.2532,0,0
0.66778096202957,4368,-0.2528,0,0
0.66778057260833,4369,-0.2524,0,0
0.66778018309762,4370,-0.252,0,0
0.66777979349746,4371,-0.2516,0,0
0.66777940380783,4372,-0.2512,0,0
0.66777901402873,4373,-0.2508,0,0
0.66777862416018,4374,-0.2504,0,0
0.66777823420216,4375,-0.25,0,0
0.66777784415467,4376,-0.2496,0,0
0.66777745401773,4377,-0.2492,0,0
0.66777706379132,4378,-0.2488,0,0
0.66777667347544,4379,-0.2484,0,0
0.6677762830701,4380,-0.248,0,0
0.66777589257529,4381,-0.2476,0,0
0.66777550199102,4382,-0.2472,0,0
0.66777511131729,4383,-0.2468,0,0
0.66777472055409,4384,-0.2464,0,0
0.66777432970142,4385,-0.246,0,0
0.66777393875929,4386,-0.2456,0,0
0.66777354772769,4387,-0.2452,0,0
0.66777315660662,4388,-0.2448,0,0
0.66777276539609,4389,-0.2444,0,0
0.66777237409609,4390,-0.244,0,0
0.66777198270663,4391,-0.2436,0,0
0.66777159122769,4392,-0.2432,0,0
0.66777119965929,4393,-0.2428,0,0
0.66777080800142,4394,-0.2424,0,0
0.66777041625409,4395,-0.242,0,0
0.66777002441728,4396,-0.2416,0,0
0.66776963249101,4397,-0.2412,0,0
0.66776924047527,4398,-0.2408,0,0
0.66776884837006,4399,-0.2404,0,0
0.66776845617538,4400,-0.24,0,0
0.66776806389124,4401,-0.2396,0,0
0.66776767151762,4402,-0.2392,0,0
0.66776727905453,4403,-0.2388,0,0
0.66776688650197,4404,-0.2384,0,0
0.66776649385995,4405,-0.238,0,0
0.66776610112845,4406,-0.2376,0,0
0.66776570830748,4407,-0.2372,0,0
0.66776531539704,4408,-0.2368,0,0
0.66776492239713,4409,-0.2364,0,0
0.66776452930775,4410,-0.236,0,0
0.6677641361289,4411,-0.2356,0,0
0.66776374286058,4412,-0.2352,0,0
0.66776334950278,4413,-0.2348,0,0
0.66776295605551,4414,-0.2344,0,0
0.66776256251877,4415,-0.234,0,0
0.66776216889256,4416,-0.2336,0,0
0.66776177517688,4417,-0.2332,0,0
0.66776138137172,4418,-0.2328,0,0
0.66776098747708,4419,-0.2324,0,0
0.66776059349298,4420,-0.232,0,0
0.6677601994194,4421,-0.2316,0,0
0.66775980525635,4422,-0.2312,0,0
0.66775941100382,4423,-0.2308,0,0
0.66775901666182,4424,-0.2304,0,0
0.66775862223034,4425,-0.23,0,0
0.66775822770939,4426,-0.2296,0,0
0.66775783309897,4427,-0.2292,0,0
0.66775743839907,4428,-0.2288,0,0
0.66775704360969,4429,-0.2284,0,0
0.66775664873084,4430,-0.228,0,0
0.66775625376251,4431,-0.2276,0,0
0.66775585870471,4432,-0.2272,0,0
0.66775546355743,4433,-0.2268,0,0
0.66775506832067,4434,-0.2264,0,0
0.66775467299444,4435,-0.226,0,0
0.66775427757873,4436,-0.2256,0,0
0.66775388207354,4437,-0.2252,0,0
0.66775348647888,4438,-0.2248,0,0
0.66775309079473,4439,-0.2244,0,0
0.66775269502111,4440,-0.224,0,0
0.66775229915801,4441,-0.2236,0,0
0.66775190320544,4442,-0.2232,0,0
0.66775150716338,4443,-0.2228,0,0
0.66775111103185,4444,-0.2224,0,0
0.66775071481083,4445,-0.222,0,0
0.66775031850034,4446,-0.2216,0,0
0.66774992210037,4447,-0.2212,0,0
0.66774952561092,4448,-0.2208,0,0
0.66774912903198,4449,-0.2204,0,0
0.66774873236357,4450,-0.22,0,0
0.66774833560568,4451,-0.2196,0,0
0.66774793875831,4452,-0.2192,0,0
0.66774754182145,4453,-0.2188,0,0
0.66774714479512,4454,-0.2184,0,0
0.6677467476793,4455,-0.218,0,0
0.66774635047401,4456,-0.2176,0,0
0.66774595317923,4457,-0.2172,0,0
0.66774555579497,4458,-0.2168,0,0
0.66774515832122,4459,-0.2164,0,0
0.667744760758,4460,-0.216,0,0
0.66774436310529,4461,-0.2156,0,0
0.6677439653631,4462,-0.2152,0,0
0.66774356753142,4463,-0.2148,0,0
0.66774316961027,4464,-0.2144,0,0
0.66774277159963,4465,-0.214,0,0
0.6677423734995,4466,-0.2136,0,0
0.66774197530989,4467,-0.2132,0,0
0.6677415770308,4468,-0.2128,0,0
0.66774117866222,4469,-0.2124,0,0
0.66774078020416,4470,-0.212,0,0
0.66774038165662,4471,-0.2116,0,0
0.66773998301958,4472,-0.2112,0,0
0.66773958429307,4473,-0.2108,0,0
0.66773918547707,4474,-0.2104,0,0
0.66773878657158,4475,-0.21,0,0
0.6677383875766,4476,-0.2096,0,0
0.66773798849214,4477,-0.2092,0,0
0.6677375893182,4478,-0.2088,0,0
0.66773719005476,4479,-0.2084,0,0
0.66773679070184,4480,-0.208,0,0
0.66773639125944,4481,-0.2076,0,0
0.66773599172754,4482,-0.2072,0,0
0.66773559210616,4483,-0.2068,0,0
0.66773519239529,4484,-0.2064,0,0
0.66773479259493,4485,-0.206,0,0
0.66773439270509,4486,-0.2056,0,0
0.66773399272575,4487,-0.2052,0,0
0.66773359265693,4488,-0.2048,0,0
0.66773319249862,4489,-0.2044,0,0
0.66773279225081,4490,-0.204,0,0
0.66773239191352,4491,-0.2036,0,0
0.66773199148674,4492,-0.2032,0,0
0.66773159097047,4493,-0.2028,0,0
0.66773119036471,4494,-0.2024,0,0
0.66773078966946,4495,-0.202,0,0
0.66773038888472,4496,-0.2016,0,0
0.66772998801049,4497,-0.2012,0,0
0.66772958704677,4498,-0.2008,0,0
0.66772918599356,4499,-0.2004,0,0
0.66772878485085,4500,-0.2,0,0
0.66772838361866,4501,-0.1996,0,0
0.66772798229697,4502,-0.1992,0,0
0.66772758088579,4503,-0.1988,0,0
0.66772717938511,4504,-0.1984,0,0
0.66772677779495,4505,-0.198,0,0
0.66772637611529,4506,-0.1976,0,0
0.66772597434614,4507,-0.1972,0,0
0.6677255724875,4508,-0.1968,0,0
0.66772517053936,4509,-0.1964,0,0
0.66772476850173,4510,-0.196,0,0
0.6677243663746,4511,-0.1956,0,0
0.66772396415798,4512,-0.1952,0,0
0.66772356185187,4513,-0.1948,0,0
0.66772315945626,4514,-0.1944,0,0
0.66772275697116,4515,-0.194,0,0
0.66772235439656,4516,-0.1936,0,0
0.66772195173247,4517,-0.1932,0,0
0.66772154897888,4518,-0.1928,0,0
0.6677211461358,4519,-0.1924,0,0
0.66772074320322,4520,-0.192,0,0
0.66772034018114,4521,-0.1916,0,0
0.66771993706957,4522,-0.1912,0,0
0.6677195338685,4523,-0.1908,0,0
0.66771913057793,4524,-0.1904,0,0
0.66771872719787,4525,-0.19,0,0
0.66771832372831,4526,-0.1896,0,0
0.66771792016925,4527,-0.1892,0,0
0.66771751652069,4528,-0.1888,0,0
0.66771711278264,4529,-0.1884,0,0
0.66771670895509,4530,-0.188,0,0
0.66771630503804,4531,-0.1876,0,0
0.66771590103149,4532,-0.1872,0,0
0.66771549693544,4533,-0.1868,0,0
0.66771509274989,4534,-0.1864,0,0
0.66771468847485,4535,-0.186,0,0
0.6677142841103,4536,-0.1856,0,0
0.66771387965626,4537,-0.1852,0,0
0.66771347511271,4538,-0.1848,0,0
0.66771307047966,4539,-0.1844,0,0
0.66771266575712,4540,-0.184,0,0
0.66771226094507,4541,-0.1836,0,0
0.66771185604352,4542,-0.1832,0,0
0.66771145105247,4543,-0.1828,0,0
0.66771104597192,4544,-0.1824,0,0
0.66771064080187,4545,-0.182,0,0
0.66771023554232,4546,-0.1816,0,0
0.66770983019326,4547,-0.1812,0,0
0.6677094247547,4548,-0.1808,0,0
0.66770901922664,4549,-0.1804,0,0
0.66770861360908,4550,-0.18,0,0
0.66770820790201,4551,-0.1796,0,0
0.66770780210544,4552,-0.1792,0,0
0.66770739621937,4553,-0.1788,0,0
0.66770699024379,4554,-0.1784,0,0
0.66770658417871,4555,-0.178,0,0
0.66770617802412,4556,-0.1776,0,0
0.66770577178003,4557,-0.1772,0,0
0.66770536544644,4558,-0.1768,0,0
0.66770495902334,4559,-0.1764,0,0
0.66770455251074,4560,-0.176,0,0
0.66770414590863,4561,-0.1756,0,0
0.66770373921701,4562,-0.1752,0,0
0.66770333243589,4563,-0.1748,0,0
0.66770292556526,4564,-0.1744,0,0
0.66770251860513,4565,-0.174,0,0
0.66770211155549,4566,-0.1736,0,0
0.66770170441635,4567,-0.1732,0,0
0.66770129718769,4568,-0.1728,0,0
0.66770088986953,4569,-0.1724,0,0
0.66770048246187,4570,-0.172,0,0
0.66770007496469,4571,-0.1716,0,0
0.66769966737801,4572,-0.1712,0,0
0.66769925970182,4573,-0.1708,0,0
0.66769885193612,4574,-0.1704,0,0
0.66769844408091,4575,-0.17,0,0
0.66769803613619,4576,-0.1696,0,0
0.66769762810197,4577,-0.1692,0,0
0.66769721997823,4578,-0.1688,0,0
0.66769681176499,4579,-0.1684,0,0
0.66769640346224,4580,-0.168,0,0
0.66769599506997,4581,-0.1676,0,0
0.6676955865882,4582,-0.1672,0,0
0.66769517801692,4583,-0.1668,0,0
0.66769476935612,4584,-0.1664,0,0
0.66769436060582,4585,-0.166,0,0
0.667693951766,4586,-0.1656,0,0
0.66769354283667,4587,-0.1652,0,0
0.66769313381783,4588,-0.1648,0,0
0.66769272470948,4589,-0.1644,0,0
0.66769231551162,4590,-0.164,0,0
0.66769190622424,4591,-0.1636,0,0
0.66769149684736,4592,-0.1632,0,0
0.66769108738096,4593,-0.1628,0,0
0.66769067782504,4594,-0.1624,0,0
0.66769026817962,4595,-0.162,0,0
0.66768985844468,4596,-0.1616,0,0
0.66768944862022,4597,-0.1612,0,0
0.66768903870626,4598,-0.1608,0,0
0.66768862870278,4599,-0.1604,0,0
0.66768821860978,4600,-0.16,0,0
0.66768780842727,4601,-0.1596,0,0
0.66768739815525,4602,-0.1592,0,0
0.66768698779371,4603,-0.1588,0,0
0.66768657734265,4604,-0.1584,0,0
0.66768616680208,4605,-0.158,0,0
0.667685756172,4606,-0.1576,0,0
0.66768534545239,4607,-0.1572,0,0
0.66768493464328,4608,-0.1568,0,0
0.66768452374464,4609,-0.1564,0,0
0.66768411275649,4610,-0.156,0,0
0.66768370167882,4611,-0.1556,0,0
0.66768329051164,4612,-0.1552,0,0
0.66768287925494,4613,-0.1548,0,0
0.66768246790872,4614,-0.1544,0,0
0.66768205647298,4615,-0.154,0,0
0.66768164494772,4616,-0.1536,0,0
0.66768123333295,4617,-0.1532,0,0
0.66768082162866,4618,-0.1528,0,0
0.66768040983485,4619,-0.1524,0,0
0.66767999795152,4620,-0.152,0,0
0.66767958597867,4621,-0.1516,0,0
0.6676791739163,4622,-0.1512,0,0
0.66767876176441,4623,-0.1508,0,0
0.66767834952301,4624,-0.1504,0,0
0.66767793719208,4625,-0.15,0,0
0.66767752477163,4626,-0.1496,0,0
0.66767711226166,4627,-0.1492,0,0
0.66767669966217,4628,-0.1488,0,0
0.66767628697316,4629,-0.1484,0,0
0.66767587419463,4630,-0.148,0,0
0.66767546132658,4631,-0.1476,0,0
0.667675048369,4632,-0.1472,0,0
0.66767463532191,4633,-0.1468,0,0
0.66767422218529,4634,-0.1464,0,0
0.66767380895915,4635,-0.146,0,0
0.66767339564348,4636,-0.1456,0,0
0.6676729822383,4637,-0.1452,0,0
0.66767256874359,4638,-0.1448,0,0
0.66767215515935,4639,-0.1444,0,0
0.6676717414856,4640,-0.144,0,0
0.66767132772231,4641,-0.1436,0,0
0.66767091386951,4642,-0.1432,0,0
0.66767049992718,4643,-0.1428,0,0
0.66767008589533,4644,-0.1424,0,0
0.66766967177395,4645,-0.142,0,0
0.66766925756305,4646,-0.1416,0,0
0.66766884326262,4647,-0.1412,0,0
0.66766842887266,4648,-0.1408,0,0
0.66766801439318,4649,-0.1404,0,0
0.66766759982418,4650,-0.14,0,0
0.66766718516565,4651,-0.1396,0,0
0.66766677041759,4652,-0.1392,0,0
0.66766635558,4653,-0.1388,0,0
0.66766594065289,4654,-0.1384,0,0
0.66766552563625,4655,-0.138,0,0
0.66766511053009,4656,-0.1376,0,0
0.66766469533439,4657,-0.1372,0,0
0.66766428004917,4658,-0.1368,0,0
0.66766386467442,4659,-0.1364,0,0
0.66766344921014,4660,-0.136,0,0
0.66766303365634,4661,-0.1356,0,0
0.667662618013,4662,-0.1352,0,0
0.66766220228014,4663,-0.1348,0,0
0.66766178645775,4664,-0.1344,0,0
0.66766137054582,4665,-0.134,0,0
0.66766095454437,4666,-0.1336,0,0
0.66766053845339,4667,-0.1332,0,0
0.66766012227288,4668,-0.1328,0,0
0.66765970600284,4669,-0.1324,0,0
0.66765928964326,4670,-0.132,0,0
0.66765887319416,4671,-0.1316,0,0
0.66765845665552,4672,-0.1312,0,0
0.66765804002736,4673,-0.1308,0,0
0.66765762330966,4674,-0.1304,0,0
0.66765720650243,4675,-0.13,0,0
0.66765678960567,4676,-0.1296,0,0
0.66765637261937,4677,-0.1292,0,0
0.66765595554355,4678,-0.1288,0,0
0.66765553837819,4679,-0.1284,0,0
0.6676551211233,4680,-0.128,0,0
0.66765470377887,4681,-0.1276,0,0
0.66765428634491,4682,-0.1272,0,0
0.66765386882142,4683,-0.1268,0,0
0.66765345120839,4684,-0.1264,0,0
0.66765303350583,4685,-0.126,0,0
0.66765261571374,4686,-0.1256,0,0
0.66765219783211,4687,-0.1252,0,0
0.66765177986094,4688,-0.1248,0,0
0.66765136180024,4689,-0.1244,0,0
0.66765094365001,4690,-0.124,0,0
0.66765052541024,4691,-0.1236,0,0
0.66765010708093,4692,-0.1232,0,0
0.66764968866209,4693,-0.1228,0,0
0.66764927015371,4694,-0.1224,0,0
0.6676488515558,4695,-0.122,0,0
0.66764843286834,4696,-0.1216,0,0
0.66764801409136,4697,-0.1212,0,0
0.66764759522483,4698,-0.1208,0,0
0.66764717626877,4699,-0.1204,0,0
0.66764675722317,4700,-0.12,0,0
0.66764633808803,4701,-0.1196,0,0
0.66764591886335,4702,-0.1192,0,0
0.66764549954913,4703,-0.1188,0,0
0.66764508014538,4704,-0.1184,0,0
0.66764466065209,4705,-0.118,0,0
0.66764424106925,4706,-0.1176,0,0
0.66764382139688,4707,-0.1172,0,0
0.66764340163497,4708,-0.1168,0,0
0.66764298178352,4709,-0.1164,0,0
0.66764256184253,4710,-0.116,0,0
0.667642141812,4711,-0.1156,0,0
0.66764172169193,4712,-0.1152,0,0
0.66764130148231,4713,-0.1148,0,0
0.66764088118316,4714,-0.1144,0,0
0.66764046079447,4715,-0.114,0,0
0.66764004031623,4716,-0.1136,0,0
0.66763961974845,4717,-0.1132,0,0
0.66763919909113,4718,-0.1128,0,0
0.66763877834427,4719,-0.1124,0,0
0.66763835750787,4720,-0.112,0,0
0.66763793658192,4721,-0.1116,0,0
0.66763751556643,4722,-0.1112,0,0
0.66763709446139,4723,-0.1108,0,0
0.66763667326682,4724,-0.1104,0,0
0.6676362519827,4725,-0.11,0,0
0.66763583060903,4726,-0.1096,0,0
0.66763540914583,4727,-0.1092,0,0
0.66763498759307,4728,-0.1088,0,0
0.66763456595078,4729,-0.1084,0,0
0.66763414421893,4730,-0.108,0,0
0.66763372239755,4731,-0.1076,0,0
0.66763330048661,4732,-0.1072,0,0
0.66763287848614,4733,-0.1068,0,0
0.66763245639611,4734,-0.1064,0,0
0.66763203421654,4735,-0.106,0,0
0.66763161194743,4736,-0.1056,0,0
0.66763118958877,4737,-0.1052,0,0
0.66763076714056,4738,-0.1048,0,0
0.6676303446028,4739,-0.1044,0,0
0.6676299219755,4740,-0.104,0,0
0.66762949925865,4741,-0.1036,0,0
0.66762907645225,4742,-0.1032,0,0
0.6676286535563,4743,-0.1028,0,0
0.66762823057081,4744,-0.1024,0,0
0.66762780749577,4745,-0.102,0,0
0.66762738433118,4746,-0.1016,0,0
0.66762696107704,4747,-0.1012,0,0
0.66762653773335,4748,-0.1008,0,0
0.66762611430011,4749,-0.1004,0,0
0.66762569077732,4750,-0.1,0,0
0.66762526716498,4751,-0.0996,0,0
0.66762484346309,4752,-0.0992,0,0
0.66762441967166,4753,-0.0988,0,0
0.66762399579067,4754,-0.0984,0,0
0.66762357182013,4755,-0.098,0,0
0.66762314776004,4756,-0.0976,0,0
0.66762272361039,4757,-0.0972,0,0
0.6676222993712,4758,-0.0968,0,0
0.66762187504246,4759,-0.0964,0,0
0.66762145062416,4760,-0.096,0,0
0.66762102611631,4761,-0.0956,0,0
0.66762060151891,4762,-0.0952,0,0
0.66762017683195,4763,-0.0948,0,0
0.66761975205545,4764,-0.0944,0,0
0.66761932718939,4765,-0.094,0,0
0.66761890223377,4766,-0.0936,0,0
0.6676184771886,4767,-0.0932,0,0
0.66761805205388,4768,-0.0928,0,0
0.66761762682961,4769,-0.0924,0,0
0.66761720151578,4770,-0.092,0,0
0.66761677611239,4771,-0.0916,0,0
0.66761635061945,4772,-0.0912,0,0
0.66761592503696,4773,-0.0908,0,0
0.66761549936491,4774,-0.0904,0,0
0.6676150736033,4775,-0.09,0,0
0.66761464775214,4776,-0.0896,0,0
0.66761422181142,4777,-0.0892,0,0
0.66761379578115,4778,-0.0888,0,0
0.66761336966132,4779,-0.0884,0,0
0.66761294345193,4780,-0.088,0,0
0.66761251715299,4781,-0.0876,0,0
0.66761209076449,4782,-0.0872,0,0
0.66761166428643,4783,-0.0868,0,0
0.66761123771881,4784,-0.0864,0,0
0.66761081106164,4785,-0.086,0,0
0.66761038431491,4786,-0.0856,0,0
0.66760995747861,4787,-0.0852,0,0
0.66760953055276,4788,-0.0848,0,0
0.66760910353736,4789,-0.0844,0,0
0.66760867643239,4790,-0.084,0,0
0.66760824923786,4791,-0.0836,0,0
0.66760782195377,4792,-0.0832,0,0
0.66760739458013,4793,-0.0828,0,0
0.66760696711692,4794,-0.0824,0,0
0.66760653956415,4795,-0.082,0,0
0.66760611192182,4796,-0.0816,0,0
0.66760568418993,4797,-0.0812,0,0
0.66760525636848,4798,-0.0808,0,0
0.66760482845747,4799,-0.0804,0,0
0.6676044004569,4800,-0.08,0,0
0.66760397236676,4801,-0.0796,0,0
0.66760354418707,4802,-0.0792,0,0
0.66760311591781,4803,-0.0788,0,0
0.66760268755899,4804,-0.0784,0,0
0.6676022591106,4805,-0.078,0,0
0.66760183057265,4806,-0.0776,0,0
0.66760140194514,4807,-0.0772,0,0
0.66760097322807,4808,-0.0768,0,0
0.66760054442143,4809,-0.0764,0,0
0.66760011552523,4810,-0.076,0,0
0.66759968653946,4811,-0.0756,0,0
0.66759925746413,4812,-0.0752,0,0
0.66759882829923,4813,-0.0748,0,0
0.66759839904477,4814,-0.0744,0,0
0.66759796970075,4815,-0.074,0,0
0.66759754026715,4816,-0.0736,0,0
0.667597110744,4817,-0.0732,0,0
0.66759668113127,4818,-0.0728,0,0
0.66759625142898,4819,-0.0724,0,0
0.66759582163713,4820,-0.072,0,0
0.6675953917557,4821,-0.0716,0,0
0.66759496178471,4822,-0.0712,0,0
0.66759453172416,4823,-0.0708,0,0
0.66759410157403,4824,-0.0704,0,0
0.66759367133434,4825,-0.07,0,0
0.66759324100508,4826,-0.0696,0,0
0.66759281058625,4827,-0.0692,0,0
0.66759238007786,4828,-0.0688,0,0
0.66759194947989,4829,-0.0684,0,0
0.66759151879236,4830,-0.068,0,0
0.66759108801526,4831,-0.0676,0,0
0.66759065714858,4832,-0.0672,0,0
0.66759022619234,4833,-0.0668,0,0
0.66758979514653,4834,-0.0664,0,0
0.66758936401115,4835,-0.066,0,0
0.6675889327862,4836,-0.0656,0,0
0.66758850147167,4837,-0.0652,0,0
0.66758807006758,4838,-0.0648,0,0
0.66758763857391,4839,-0.0644,0,0
0.66758720699068,4840,-0.064,0,0
0.66758677531787,4841,-0.0636,0,0
0.66758634355549,4842,-0.0632,0,0
0.66758591170354,4843,-0.0628,0,0
0.66758547976202,4844,-0.0624,0,0
0.66758504773092,4845,-0.062,0,0
0.66758461561025,4846,-0.0616,0,0
0.66758418340001,4847,-0.0612,0,0
0.66758375110019,4848,-0.0608,0,0
0.6675833187108,4849,-0.0604,0,0
0.66758288623184,4850,-0.06,0,0
0.66758245366331,4851,-0.0596,0,0
0.6675820210052,4852,-0.0592,0,0
0.66758158825751,4853,-0.0588,0,0
0.66758115542025,4854,-0.0584,0,0
0.66758072249341,4855,-0.058,0,0
0.667580289477,4856,-0.0576,0,0
0.66757985637102,4857,-0.0572,0,0
0.66757942317546,4858,-0.0568,0,0
0.66757898989032,4859,-0.0564,0,0
0.66757855651561,4860,-0.056,0,0
0.66757812305132,4861,-0.0556,0,0
0.66757768949745,4862,-0.0552,0,0
0.66757725585401,4863,-0.0548,0,0
0.66757682212099,4864,-0.0544,0,0
0.66757638829839,4865,-0.054,0,0
0.66757595438621,4866,-0.0536,0,0
0.66757552038446,4867,-0.0532,0,0
0.66757508629313,4868,-0.0528,0,0
0.66757465211222,4869,-0.0524,0,0
0.66757421784173,4870,-0.052,0,0
0.66757378348166,4871,-0.0516,0,0
0.66757334903201,4872,-0.0512,0,0
0.66757291449279,4873,-0.0508,0,0
0.66757247986398,4874,-0.0504,0,0
0.66757204514559,4875,-0.05,0,0
0.66757161033763,4876,-0.0496,0,0
0.66757117544008,4877,-0.0492,0,0
0.66757074045295,4878,-0.0488,0,0
0.66757030537625,4879,-0.0484,0,0
0.66756987020996,4880,-0.048,0,0
0.66756943495409,4881,-0.0476,0,0
0.66756899960864,4882,-0.0472,0,0
0.6675685641736,4883,-0.0468,0,0
0.66756812864899,4884,-0.0464,0,0
0.66756769303479,4885,-0.046,0,0
0.66756725733101,4886,-0.0456,0,0
0.66756682153764,4887,-0.0452,0,0
0.6675663856547,4888,-0.0448,0,0
0.66756594968217,4889,-0.0444,0,0
0.66756551362005,4890,-0.044,0,0
0.66756507746836,4891,-0.0436,0,0
0.66756464122707,4892,-0.0432,0,0
0.66756420489621,4893,-0.0428,0,0
0.66756376847576,4894,-0.0424,0,0
0.66756333196572,4895,-0.042,0,0
0.6675628953661,4896,-0.0416,0,0
0.6675624586769,4897,-0.0412,0,0
0.66756202189811,4898,-0.0408,0,0
0.66756158502973,4899,-0.0404,0,0
0.66756114807177,4900,-0.04,0,0
0.66756071102422,4901,-0.0396,0,0
0.66756027388708,4902,-0.0392,0,0
0.66755983666036,4903,-0.0388,0,0
0.66755939934405,4904,-0.0384,0,0
0.66755896193815,4905,-0.038,0,0
0.66755852444267,4906,-0.0376,0,0
0.6675580868576,4907,-0.0372,0,0
0.66755764918294,4908,-0.0368,0,0
0.66755721141869,4909,-0.0364,0,0
0.66755677356485,4910,-0.036,0,0
0.66755633562143,4911,-0.0356,0,0
0.66755589758841,4912,-0.0352,0,0
0.66755545946581,4913,-0.0348,0,0
0.66755502125362,4914,-0.0344,0,0
0.66755458295184,4915,-0.034,0,0
0.66755414456046,4916,-0.0336,0,0
0.6675537060795,4917,-0.0332,0,0
0.66755326750895,4918,-0.0328,0,0
0.6675528288488,4919,-0.0324,0,0
0.66755239009907,4920,-0.032,0,0
0.66755195125974,4921,-0.0316,0,0
0.66755151233082,4922,-0.0312,0,0
0.66755107331231,4923,-0.0308,0,0
0.66755063420421,4924,-0.0304,0,0
0.66755019500652,4925,-0.03,0,0
0.66754975571923,4926,-0.0296,0,0
0.66754931634235,4927,-0.0292,0,0
0.66754887687588,4928,-0.0288,0,0
0.66754843731981,4929,-0.0284,0,0
0.66754799767416,4930,-0.028,0,0
0.6675475579389,4931,-0.0276,0,0
0.66754711811406,4932,-0.0272,0,0
0.66754667819962,4933,-0.0268,0,0
0.66754623819558,4934,-0.0264,0,0
0.66754579810195,4935,-0.026,0,0
0.66754535791873,4936,-0.0256,0,0
0.66754491764591,4937,-0.0252,0,0
0.66754447728349,4938,-0.0248,0,0
0.66754403683148,4939,-0.0244,0,0
0.66754359628987,4940,-0.024,0,0
0.66754315565867,4941,-0.0236,0,0
0.66754271493787,4942,-0.0232,0,0
0.66754227412748,4943,-0.0228,0,0
0.66754183322748,4944,-0.0224,0,0
0.66754139223789,4945,-0.022,0,0
0.6675409511587,4946,-0.0216,0,0
0.66754050998992,4947,-0.0212,0,0
0.66754006873154,4948,-0.0208,0,0
0.66753962738355,4949,-0.0204,0,0
0.66753918594597,4950,-0.02,0,0
0.66753874441879,4951,-0.0196,0,0
0.66753830280202,4952,-0.0192,0,0
0.66753786109564,4953,-0.0188,0,0
0.66753741929966,4954,-0.0184,0,0
0.66753697741409,4955,-0.018,0,0
0.66753653543891,4956,-0.0176,0,0
0.66753609337414,4957,-0.0172,0,0
0.66753565121976,4958,-0.0168,0,0
0.66753520897578,4959,-0.0164,0,0
0.6675347666422,4960,-0.016,0,0
0.66753432421902,4961,-0.0156,0,0
0.66753388170624,4962,-0.0152,0,0
0.66753343910386,4963,-0.0148,0,0
0.66753299641188,4964,-0.0144,0,0
0.66753255363029,4965,-0.014,0,0
0.6675321107591,4966,-0.0136,0,0
0.66753166779831,4967,-0.0132,0,0
0.66753122474792,4968,-0.0128,0,0
0.66753078160792,4969,-0.0124,0,0
0.66753033837832,4970,-0.012,0,0
0.66752989505911,4971,-0.0116,0,0
0.6675294516503,4972,-0.0112,0,0
0.66752900815189,4973,-0.0108,0,0
0.66752856456387,4974,-0.0104,0,0
0.66752812088625,4975,-0.01,0,0
0.66752767711902,4976,-0.0096000000000001,0,0
0.66752723326219,4977,-0.0092000000000001,0,0
0.66752678931575,4978,-0.0087999999999999,0,0
0.66752634527971,4979,-0.0084,0,0
0.66752590115406,4980,-0.008,0,0
0.6675254569388,4981,-0.0076000000000001,0,0
0.66752501263394,4982,-0.0072000000000001,0,0
0.66752456823947,4983,-0.0067999999999999,0,0
0.6675241237554,4984,-0.0064,0,0
0.66752367918172,4985,-0.006,0,0
0.66752323451843,4986,-0.0056,0,0
0.66752278976553,4987,-0.0052000000000001,0,0
0.66752234492302,4988,-0.0047999999999999,0,0
0.66752189999091,4989,-0.0044,0,0
0.66752145496918,4990,-0.004,0,0
0.66752100985785,4991,-0.0036,0,0
0.66752056465691,4992,-0.0032000000000001,0,0
0.66752011936636,4993,-0.0027999999999999,0,0
0.6675196739862,4994,-0.0024,0,0
0.66751922851644,4995,-0.002,0,0
0.66751878295706,4996,-0.0016,0,0
0.66751833730807,4997,-0.0012000000000001,0,0
0.66751789156947,4998,-0.00079999999999991,0,0
0.66751744574126,4999,-0.00039999999999996,0,0
0.66751722279355,15005,-0.00019999999999998,0,0
0.6675171113113,15011,-9.9999999999989e-05,0,0
0.66751705556807,15017,-4.9999999999994e-05,0,0
0.66751702769593,15021,-2.4999999999997e-05,0,0
0.66751701375973,15028,-1.2499999999999e-05,0,0
0.66751699982344,5000,0,0,0
0.53264863534253,10000,1,0,0
0.53264861820396,15024,1.0000125,0,0
0.53264860106549,15019,1.000025,0,0
0.53264856678888,15015,1.00005,0,0
0.53264849823692,15007,1.0001,0,0
0.53264836113813,15002,1.0002,0,0
0.532648086961,10001,1.0004,0,0
0.53264753868857,10002,1.0008,0,0
0.53264699052523,10003,1.0012,0,0
0.532646442471,10004,1.0016,0,0
0.53264589452587,10005,1.002,0,0
0.53264534668983,10006,1.0024,0,0
0.5326447989629,10007,1.0028,0,0
0.53264425134507,10008,1.0032,0,0
0.53264370383634,10009,1.0036,0,0
0.53264315643671,10010,1.004,0,0
0.53264260914618,10011,1.0044,0,0
0.53264206196476,10012,1.0048,0,0
0.53264151489244,10013,1.0052,0,0
0.53264096792922,10014,1.0056,0,0
0.53264042107511,10015,1.006,0,0
0.5326398743301,10016,1.0064,0,0
0.53263932769419,10017,1.0068,0,0
0.53263878116739,10018,1.0072,0,0
0.5326382347497,10019,1.0076,0,0
0.53263768844111,10020,1.008,0,0
0.53263714224162,10021,1.0084,0,0
0.53263659615124,10022,1.0088,0,0
0.53263605016997,10023,1.0092,0,0
0.53263550429781,10024,1.0096,0,0
0.53263495853475,10025,1.01,0,0
0.5326344128808,10026,1.0104,0,0
0.53263386733595,10027,1.0108,0,0
0.53263332190022,10028,1.0112,0,0
0.53263277657359,10029,1.0116,0,0
0.53263223135608,10030,1.012,0,0
0.53263168624767,10031,1.0124,0,0
0.53263114124837,10032,1.0128,0,0
0.53263059635818,10033,1.0132,0,0
0.5326300515771,10034,1.0136,0,0
0.53262950690513,10035,1.014,0,0
0.53262896234228,10036,1.0144,0,0
0.53262841788853,10037,1.0148,0,0
0.5326278735439,10038,1.0152,0,0
0.53262732930837,10039,1.0156,0,0
0.53262678518196,10040,1.016,0,0
0.53262624116467,10041,1.0164,0,0
0.53262569725648,10042,1.0168,0,0
0.53262515345741,10043,1.0172,0,0
0.53262460976746,10044,1.0176,0,0
0.53262406618661,10045,1.018,0,0
0.53262352271489,10046,1.0184,0,0
0.53262297935227,10047,1.0188,0,0
0.53262243609877,10048,1.0192,0,0
0.53262189295439,10049,1.0196,0,0
0.53262134991912,10050,1.02,0,0
0.53262080699297,10051,1.0204,0,0
0.53262026417594,10052,1.0208,0,0
0.53261972146802,10053,1.0212,0,0
0.53261917886922,10054,1.0216,0,0
0.53261863637954,10055,1.022,0,0
0.53261809399898,10056,1.0224,0,0
0.53261755172753,10057,1.0228,0,0
0.5326170095652,10058,1.0232,0,0
0.53261646751199,10059,1.0236,0,0
0.53261592556791,10060,1.024,0,0
0.53261538373294,10061,1.0244,0,0
0.53261484200709,10062,1.0248,0,0
0.53261430039036,10063,1.0252,0,0
0.53261375888275,10064,1.0256,0,0
0.53261321748426,10065,1.026,0,0
0.5326126761949,10066,1.0264,0,0
0.53261213501465,10067,1.0268,0,0
0.53261159394353,10068,1.0272,0,0
0.53261105298153,10069,1.0276,0,0
0.53261051212865,10070,1.028,0,0
0.5326099713849,10071,1.0284,0,0
0.53260943075027,10072,1.0288,0,0
0.53260889022476,10073,1.0292,0,0
0.53260834980838,10074,1.0296,0,0
0.53260780950113,10075,1.03,0,0
0.53260726930299,10076,1.0304,0,0
0.53260672921399,10077,1.0308,0,0
0.5326061892341,10078,1.0312,0,0
0.53260564936335,10079,1.0316,0,0
0.53260510960172,10080,1.032,0,0
0.53260456994922,10081,1.0324,0,0
0.53260403040584,10082,1.0328,0,0
0.53260349097159,10083,1.0332,0,0
0.53260295164647,10084,1.0336,0,0
0.53260241243048,10085,1.034,0,0
0.53260187332361,10086,1.0344,0,0
0.53260133432588,10087,1.0348,0,0
0.53260079543727,10088,1.0352,0,0
0.53260025665779,10089,1.0356,0,0
0.53259971798745,10090,1.036,0,0
0.53259917942623,10091,1.0364,0,0
0.53259864097414,10092,1.0368,0,0
0.53259810263119,10093,1.0372,0,0
0.53259756439736,10094,1.0376,0,0
0.53259702627267,10095,1.038,0,0
0.53259648825711,10096,1.0384,0,0
0.53259595035068,10097,1.0388,0,0
0.53259541255338,10098,1.0392,0,0
0.53259487486522,10099,1.0396,0,0
0.53259433728618,10100,1.04,0,0
0.53259379981629,10101,1.0404,0,0
0.53259326245552,10102,1.0408,0,0
0.53259272520389,10103,1.0412,0,0
0.5325921880614,10104,1.0416,0,0
0.53259165102804,10105,1.042,0,0
0.53259111410382,10106,1.0424,0,0
0.53259057728873,10107,1.0428,0,0
0.53259004058277,10108,1.0432,0,0
0.53258950398596,10109,1.0436,0,0
0.53258896749828,10110,1.044,0,0
0.53258843111973,10111,1.0444,0,0
0.53258789485033,10112,1.0448,0,0
0.53258735869006,10113,1.0452,0,0
0.53258682263893,10114,1.0456,0,0
0.53258628669694,10115,1.046,0,0
0.53258575086409,10116,1.0464,0,0
0.53258521514037,10117,1.0468,0,0
0.5325846795258,10118,1.0472,0,0
0.53258414402036,10119,1.0476,0,0
0.53258360862407,10120,1.048,0,0
0.53258307333692,10121,1.0484,0,0
0.5325825381589,10122,1.0488,0,0
0.53258200309003,10123,1.0492,0,0
0.5325814681303,10124,1.0496,0,0
0.53258093327971,10125,1.05,0,0
0.53258039853826,10126,1.0504,0,0
0.53257986390596,10127,1.0508,0,0
0.5325793293828,10128,1.0512,0,0
0.53257879496878,10129,1.0516,0,0
0.53257826066391,10130,1.052,0,0
0.53257772646817,10131,1.0524,0,0
0.53257719238159,10132,1.0528,0,0
0.53257665840415,10133,1.0532,0,0
0.53257612453585,10134,1.0536,0,0
0.5325755907767,10135,1.054,0,0
0.53257505712669,10136,1.0544,0,0
0.53257452358583,10137,1.0548,0,0
0.53257399015412,10138,1.0552,0,0
0.53257345683155,10139,1.0556,0,0
0.53257292361813,10140,1.056,0,0
0.53257239051385,10141,1.0564,0,0
0.53257185751873,10142,1.0568,0,0
0.53257132463275,10143,1.0572,0,0
0.53257079185592,10144,1.0576,0,0
0.53257025918824,10145,1.058,0,0
0.53256972662971,10146,1.0584,0,0
0.53256919418033,10147,1.0588,0,0
0.5325686618401,10148,1.0592,0,0
0.53256812960901,10149,1.0596,0,0
0.53256759748708,10150,1.06,0,0
0.5325670654743,10151,1.0604,0,0
0.53256653357067,10152,1.0608,0,0
0.53256600177619,10153,1.0612,0,0
0.53256547009086,10154,1.0616,0,0
0.53256493851469,10155,1.062,0,0
0.53256440704767,10156,1.0624,0,0
0.5325638756898,10157,1.0628,0,0
0.53256334444108,10158,1.0632,0,0
0.53256281330152,10159,1.0636,0,0
0.53256228227111,10160,1.064,0,0
0.53256175134985,10161,1.0644,0,0
0.53256122053775,10162,1.0648,0,0
0.53256068983481,10163,1.0652,0,0
0.53256015924101,10164,1.0656,0,0
0.53255962875638,10165,1.066,0,0
0.5325590983809,10166,1.0664,0,0
0.53255856811458,10167,1.0668,0,0
0.53255803795741,10168,1.0672,0,0
0.5325575079094,10169,1.0676,0,0
0.53255697797055,10170,1.068,0,0
0.53255644814085,10171,1.0684,0,0
0.53255591842031,10172,1.0688,0,0
0.53255538880893,10173,1.0692,0,0
0.53255485930671,10174,1.0696,0,0
0.53255432991365,10175,1.07,0,0
0.53255380062975,10176,1.0704,0,0
0.53255327145501,10177,1.0708,0,0
0.53255274238942,10178,1.0712,0,0
0.532552213433,10179,1.0716,0,0
0.53255168458574,10180,1.072,0,0
0.53255115584764,10181,1.0724,0,0
0.5325506272187,10182,1.0728,0,0
0.53255009869892,10183,1.0732,0,0
0.5325495702883,10184,1.0736,0,0
0.53254904198685,10185,1.074,0,0
0.53254851379456,10186,1.0744,0,0
0.53254798571143,10187,1.0748,0,0
0.53254745773747,10188,1.0752,0,0
0.53254692987267,10189,1.0756,0,0
0.53254640211703,10190,1.076,0,0
0.53254587447055,10191,1.0764,0,0
0.53254534693325,10192,1.0768,0,0
0.5325448195051,10193,1.0772,0,0
0.53254429218613,10194,1.0776,0,0
0.53254376497631,10195,1.078,0,0
0.53254323787567,10196,1.0784,0,0
0.53254271088419,10197,1.0788,0,0
0.53254218400187,10198,1.0792,0,0
0.53254165722873,10199,1.0796,0,0
0.53254113056475,10200,1.08,0,0
0.53254060400994,10201,1.0804,0,0
0.5325400775643,10202,1.0808,0,0
0.53253955122782,10203,1.0812,0,0
0.53253902500052,10204,1.0816,0,0
0.53253849888238,10205,1.082,0,0
0.53253797287341,10206,1.0824,0,0
0.53253744697361,10207,1.0828,0,0
0.53253692118299,10208,1.0832,0,0
0.53253639550153,10209,1.0836,0,0
0.53253586992924,10210,1.084,0,0
0.53253534446613,10211,1.0844,0,0
0.53253481911218,10212,1.0848,0,0
0.53253429386741,10213,1.0852,0,0
0.53253376873181,10214,1.0856,0,0
0.53253324370539,10215,1.086,0,0
0.53253271878813,10216,1.0864,0,0
0.53253219398005,10217,1.0868,0,0
0.53253166928114,10218,1.0872,0,0
0.53253114469141,10219,1.0876,0,0
0.53253062021085,10220,1.088,0,0
0.53253009583946,10221,1.0884,0,0
0.53252957157725,10222,1.0888,0,0
0.53252904742422,10223,1.0892,0,0
0.53252852338035,10224,1.0896,0,0
0.53252799944567,10225,1.09,0,0
0.53252747562016,10226,1.0904,0,0
0.53252695190383,10227,1.0908,0,0
0.53252642829668,10228,1.0912,0,0
0.5325259047987,10229,1.0916,0,0
0.5325253814099,10230,1.092,0,0
0.53252485813028,10231,1.0924,0,0
0.53252433495983,10232,1.0928,0,0
0.53252381189857,10233,1.0932,0,0
0.53252328894648,10234,1.0936,0,0
0.53252276610357,10235,1.094,0,0
0.53252224336984,10236,1.0944,0,0
0.5325217207453,10237,1.0948,0,0
0.53252119822993,10238,1.0952,0,0
0.53252067582374,10239,1.0956,0,0
0.53252015352673,10240,1.096,0,0
0.53251963133891,10241,1.0964,0,0
0.53251910926026,10242,1.0968,0,0
0.5325185872908,10243,1.0972,0,0
0.53251806543052,10244,1.0976,0,0
0.53251754367942,10245,1.098,0,0
0.53251702203751,10246,1.0984,0,0
0.53251650050478,10247,1.0988,0,0
0.53251597908123,10248,1.0992,0,0
0.53251545776687,10249,1.0996,0,0
0.53251493656169,10250,1.1,0,0
0.53251441546569,10251,1.1004,0,0
0.53251389447888,10252,1.1008,0,0
0.53251337360126,10253,1.1012,0,0
0.53251285283282,10254,1.1016,0,0
0.53251233217357,10255,1.102,0,0
0.5325118116235,10256,1.1024,0,0
0.53251129118262,10257,1.1028,0,0
0.53251077085092,10258,1.1032,0,0
0.53251025062842,10259,1.1036,0,0
0.5325097305151,10260,1.104,0,0
0.53250921051097,10261,1.1044,0,0
0.53250869061602,10262,1.1048,0,0
0.53250817083027,10263,1.1052,0,0
0.5325076511537,10264,1.1056,0,0
0.53250713158633,10265,1.106,0,0
0.53250661212814,10266,1.1064,0,0
0.53250609277914,10267,1.1068,0,0
0.53250557353934,10268,1.1072,0,0
0.53250505440872,10269,1.1076,0,0
0.5325045353873,10270,1.108,0,0
0.53250401647506,10271,1.1084,0,0
0.53250349767202,10272,1.1088,0,0
0.53250297897817,10273,1.1092,0,0
0.53250246039351,10274,1.1096,0,0
0.53250194191805,10275,1.11,0,0
0.53250142355177,10276,1.1104,0,0
0.53250090529469,10277,1.1108,0,0
0.53250038714681,10278,1.1112,0,0
0.53249986910812,10279,1.1116,0,0
0.53249935117862,10280,1.112,0,0
0.53249883335832,10281,1.1124,0,0
0.53249831564721,10282,1.1128,0,0
0.53249779804529,10283,1.1132,0,0
0.53249728055258,10284,1.1136,0,0
0.53249676316906,10285,1.114,0,0
0.53249624589473,10286,1.1144,0,0
0.5324957287296,10287,1.1148,0,0
0.53249521167367,10288,1.1152,0,0
0.53249469472693,10289,1.1156,0,0
0.5324941778894,10290,1.116,0,0
0.53249366116106,10291,1.1164,0,0
0.53249314454192,10292,1.1168,0,0
0.53249262803197,10293,1.1172,0,0
0.53249211163123,10294,1.1176,0,0
0.53249159533969,10295,1.118,0,0
0.53249107915734,10296,1.1184,0,0
0.5324905630842,10297,1.1188,0,0
0.53249004712025,10298,1.1192,0,0
0.53248953126551,10299,1.1196,0,0
0.53248901551996,10300,1.12,0,0
0.53248849988362,10301,1.1204,0,0
0.53248798435648,10302,1.1208,0,0
0.53248746893854,10303,1.1212,0,0
0.53248695362981,10304,1.1216,0,0
0.53248643843027,10305,1.122,0,0
0.53248592333994,10306,1.1224,0,0
0.53248540835881,10307,1.1228,0,0
0.53248489348689,10308,1.1232,0,0
0.53248437872417,10309,1.1236,0,0
0.53248386407065,10310,1.124,0,0
0.53248334952634,10311,1.1244,0,0
0.53248283509123,10312,1.1248,0,0
0.53248232076533,10313,1.1252,0,0
0.53248180654863,10314,1.1256,0,0
0.53248129244114,10315,1.126,0,0
0.53248077844286,10316,1.1264,0,0
0.53248026455378,10317,1.1268,0,0
0.53247975077391,10318,1.1272,0,0
0.53247923710324,10319,1.1276,0,0
0.53247872354179,10320,1.128,0,0
0.53247821008954,10321,1.1284,0,0
0.5324776967465,10322,1.1288,0,0
0.53247718351267,10323,1.1292,0,0
0.53247667038804,10324,1.1296,0,0
0.53247615737263,10325,1.13,0,0
0.53247564446642,10326,1.1304,0,0
0.53247513166943,10327,1.1308,0,0
0.53247461898165,10328,1.1312,0,0
0.53247410640307,10329,1.1316,0,0
0.53247359393371,10330,1.132,0,0
0.53247308157355,10331,1.1324,0,0
0.53247256932261,10332,1.1328,0,0
0.53247205718088,10333,1.1332,0,0
0.53247154514837,10334,1.1336,0,0
0.53247103322506,10335,1.134,0,0
0.53247052141097,10336,1.1344,0,0
0.53247000970609,10337,1.1348,0,0
0.53246949811043,10338,1.1352,0,0
0.53246898662398,10339,1.1356,0,0
0.53246847524674,10340,1.136,0,0
0.53246796397871,10341,1.1364,0,0
0.53246745281991,10342,1.1368,0,0
0.53246694177031,10343,1.1372,0,0
0.53246643082993,10344,1.1376,0,0
0.53246591999877,10345,1.138,0,0
0.53246540927683,10346,1.1384,0,0
0.5324648986641,10347,1.1388,0,0
0.53246438816058,10348,1.1392,0,0
0.53246387776629,10349,1.1396,0,0
0.53246336748121,10350,1.14,0,0
0.53246285730535,10351,1.1404,0,0
0.5324623472387,10352,1.1408,0,0
0.53246183728128,10353,1.1412,0,0
0.53246132743307,10354,1.1416,0,0
0.53246081769408,10355,1.142,0,0
0.53246030806432,10356,1.1424,0,0
0.53245979854377,10357,1.1428,0,0
0.53245928913244,10358,1.1432,0,0
0.53245877983033,10359,1.1436,0,0
0.53245827063744,10360,1.144,0,0
0.53245776155378,10361,1.1444,0,0
0.53245725257933,10362,1.1448,0,0
0.53245674371411,10363,1.1452,0,0
0.53245623495811,10364,1.1456,0,0
0.53245572631133,10365,1.146,0,0
0.53245521777377,10366,1.1464,0,0
0.53245470934544,10367,1.1468,0,0
0.53245420102633,10368,1.1472,0,0
0.53245369281644,10369,1.1476,0,0
0.53245318471578,10370,1.148,0,0
0.53245267672434,10371,1.1484,0,0
0.53245216884213,10372,1.1488,0,0
0.53245166106914,10373,1.1492,0,0
0.53245115340537,10374,1.1496,0,0
0.53245064585083,10375,1.15,0,0
0.53245013840552,10376,1.1504,0,0
0.53244963106943,10377,1.1508,0,0
0.53244912384257,10378,1.1512,0,0
0.53244861672494,10379,1.1516,0,0
0.53244810971653,10380,1.152,0,0
0.53244760281736,10381,1.1524,0,0
0.5324470960274,10382,1.1528,0,0
0.53244658934668,10383,1.1532,0,0
0.53244608277519,10384,1.1536,0,0
0.53244557631292,10385,1.154,0,0
0.53244506995989,10386,1.1544,0,0
0.53244456371608,10387,1.1548,0,0
0.5324440575815,10388,1.1552,0,0
0.53244355155615,10389,1.1556,0,0
0.53244304564004,10390,1.156,0,0
0.53244253983315,10391,1.1564,0,0
0.5324420341355,10392,1.1568,0,0
0.53244152854707,10393,1.1572,0,0
0.53244102306788,10394,1.1576,0,0
0.53244051769792,10395,1.158,0,0
0.53244001243719,10396,1.1584,0,0
0.5324395072857,10397,1.1588,0,0
0.53243900224344,10398,1.1592,0,0
0.53243849731041,10399,1.1596,0,0
0.53243799248662,10400,1.16,0,0
0.53243748777205,10401,1.1604,0,0
0.53243698316673,10402,1.1608,0,0
0.53243647867064,10403,1.1612,0,0
0.53243597428378,10404,1.1616,0,0
0.53243547000616,10405,1.162,0,0
0.53243496583777,10406,1.1624,0,0
0.53243446177862,10407,1.1628,0,0
0.53243395782871,10408,1.1632,0,0
0.53243345398803,10409,1.1636,0,0
0.53243295025659,10410,1.164,0,0
0.53243244663439,10411,1.1644,0,0
0.53243194312142,10412,1.1648,0,0
0.53243143971769,10413,1.1652,0,0
0.53243093642321,10414,1.1656,0,0
0.53243043323795,10415,1.166,0,0
0.53242993016194,10416,1.1664,0,0
0.53242942719517,10417,1.1668,0,0
0.53242892433764,10418,1.1672,0,0
0.53242842158934,10419,1.1676,0,0
0.53242791895029,10420,1.168,0,0
0.53242741642048,10421,1.1684,0,0
0.5324269139999,10422,1.1688,0,0
0.53242641168857,10423,1.1692,0,0
0.53242590948648,10424,1.1696,0,0
0.53242540739364,10425,1.17,0,0
0.53242490541003,10426,1.1704,0,0
0.53242440353567,10427,1.1708,0,0
0.53242390177055,10428,1.1712,0,0
0.53242340011467,10429,1.1716,0,0
0.53242289856803,10430,1.172,0,0
0.53242239713064,10431,1.1724,0,0
0.5324218958025,10432,1.1728,0,0
0.53242139458359,10433,1.1732,0,0
0.53242089347394,10434,1.1736,0,0
0.53242039247352,10435,1.174,0,0
0.53241989158236,10436,1.1744,0,0
0.53241939080043,10437,1.1748,0,0
0.53241889012776,10438,1.1752,0,0
0.53241838956433,10439,1.1756,0,0
0.53241788911015,10440,1.176,0,0
0.53241738876521,10441,1.1764,0,0
0.53241688852952,10442,1.1768,0,0
0.53241638840308,10443,1.1772,0,0
0.53241588838589,10444,1.1776,0,0
0.53241538847794,10445,1.178,0,0
0.53241488867924,10446,1.1784,0,0
0.5324143889898,10447,1.1788,0,0
0.5324138894096,10448,1.1792,0,0
0.53241338993865,10449,1.1796,0,0
0.53241289057695,10450,1.18,0,0
0.5324123913245,10451,1.1804,0,0
0.5324118921813,10452,1.1808,0,0
0.53241139314735,10453,1.1812,0,0
0.53241089422265,10454,1.1816,0,0
0.53241039540721,10455,1.182,0,0
0.53240989670101,10456,1.1824,0,0
0.53240939810407,10457,1.1828,0,0
0.53240889961638,10458,1.1832,0,0
0.53240840123795,10459,1.1836,0,0
0.53240790296876,10460,1.184,0,0
0.53240740480883,10461,1.1844,0,0
0.53240690675815,10462,1.1848,0,0
0.53240640881673,10463,1.1852,0,0
0.53240591098456,10464,1.1856,0,0
0.53240541326165,10465,1.186,0,0
0.53240491564799,10466,1.1864,0,0
0.53240441814359,10467,1.1868,0,0
0.53240392074844,10468,1.1872,0,0
0.53240342346254,10469,1.1876,0,0
0.53240292628591,10470,1.188,0,0
0.53240242921853,10471,1.1884,0,0
0.53240193226041,10472,1.1888,0,0
0.53240143541154,10473,1.1892,0,0
0.53240093867193,10474,1.1896,0,0
0.53240044204158,10475,1.19,0,0
0.53239994552049,10476,1.1904,0,0
0.53239944910865,10477,1.1908,0,0
0.53239895280608,10478,1.1912,0,0
0.53239845661276,10479,1.1916,0,0
0.53239796052871,10480,1.192,0,0
0.53239746455391,10481,1.1924,0,0
0.53239696868837,10482,1.1928,0,0
0.53239647293209,10483,1.1932,0,0
0.53239597728508,10484,1.1936,0,0
0.53239548174732,10485,1.194,0,0
0.53239498631883,10486,1.1944,0,0
0.5323944909996,10487,1.1948,0,0
0.53239399578963,10488,1.1952,0,0
0.53239350068892,10489,1.1956,0,0
0.53239300569747,10490,1.196,0,0
0.53239251081529,10491,1.1964,0,0
0.53239201604237,10492,1.1968,0,0
0.53239152137872,10493,1.1972,0,0
0.53239102682432,10494,1.1976,0,0
0.5323905323792,10495,1.198,0,0
0.53239003804333,10496,1.1984,0,0
0.53238954381674,10497,1.1988,0,0
0.5323890496994,10498,1.1992,0,0
0.53238855569133,10499,1.1996,0,0
0.53238806179253,10500,1.2,0,0
0.532387568003,10501,1.2004,0,0
0.53238707432273,10502,1.2008,0,0
0.53238658075172,10503,1.2012,0,0
0.53238608728999,10504,1.2016,0,0
0.53238559393752,10505,1.202,0,0
0.53238510069432,10506,1.2024,0,0
0.53238460756039,10507,1.2028,0,0
0.53238411453572,10508,1.2032,0,0
0.53238362162032,10509,1.2036,0,0
0.5323831288142,10510,1.204,0,0
0.53238263611734,10511,1.2044,0,0
0.53238214352975,10512,1.2048,0,0
0.53238165105143,10513,1.2052,0,0
0.53238115868238,10514,1.2056,0,0
0.53238066642261,10515,1.206,0,0
0.5323801742721,10516,1.2064,0,0
0.53237968223086,10517,1.2068,0,0
0.5323791902989,10518,1.2072,0,0
0.53237869847621,10519,1.2076,0,0
0.53237820676279,10520,1.208,0,0
0.53237771515864,10521,1.2084,0,0
0.53237722366376,10522,1.2088,0,0
0.53237673227816,10523,1.2092,0,0
0.53237624100183,10524,1.2096,0,0
0.53237574983478,10525,1.21,0,0
0.53237525877699,10526,1.2104,0,0
0.53237476782849,10527,1.2108,0,0
0.53237427698926,10528,1.2112,0,0
0.5323737862593,10529,1.2116,0,0
0.53237329563862,10530,1.212,0,0
0.53237280512721,10531,1.2124,0,0
0.53237231472508,10532,1.2128,0,0
0.53237182443222,10533,1.2132,0,0
0.53237133424865,10534,1.2136,0,0
0.53237084417434,10535,1.214,0,0
0.53237035420932,10536,1.2144,0,0
0.53236986435357,10537,1.2148,0,0
0.5323693746071,10538,1.2152,0,0
0.53236888496991,10539,1.2156,0,0
0.532368395442,10540,1.216,0,0
0.53236790602337,10541,1.2164,0,0
0.53236741671401,10542,1.2168,0,0
0.53236692751394,10543,1.2172,0,0
0.53236643842314,10544,1.2176,0,0
0.53236594944163,10545,1.218,0,0
0.53236546056939,10546,1.2184,0,0
0.53236497180644,10547,1.2188,0,0
0.53236448315276,10548,1.2192,0,0
0.53236399460837,10549,1.2196,0,0
0.53236350617326,10550,1.22,0,0
0.53236301784743,10551,1.2204,0,0
0.53236252963088,10552,1.2208,0,0
0.53236204152362,10553,1.2212,0,0
0.53236155352563,10554,1.2216,0,0
0.53236106563694,10555,1.222,0,0
0.53236057785752,10556,1.2224,0,0
0.53236009018739,10557,1.2228,0,0
0.53235960262654,10558,1.2232,0,0
0.53235911517498,10559,1.2236,0,0
0.5323586278327,10560,1.224,0,0
0.53235814059971,10561,1.2244,0,0
0.532357653476,10562,1.2248,0,0
0.53235716646158,10563,1.2252,0,0
0.53235667955644,10564,1.2256,0,0
0.53235619276059,10565,1.226,0,0
0.53235570607402,10566,1.2264,0,0
0.53235521949675,10567,1.2268,0,0
0.53235473302876,10568,1.2272,0,0
0.53235424667005,10569,1.2276,0,0
0.53235376042064,10570,1.228,0,0
0.53235327428051,10571,1.2284,0,0
0.53235278824968,10572,1.2288,0,0
0.53235230232813,10573,1.2292,0,0
0.53235181651587,10574,1.2296,0,0
0.5323513308129,10575,1.23,0,0
0.53235084521921,10576,1.2304,0,0
0.53235035973482,10577,1.2308,0,0
0.53234987435972,10578,1.2312,0,0
0.53234938909391,10579,1.2316,0,0
0.53234890393739,10580,1.232,0,0
0.53234841889016,10581,1.2324,0,0
0.53234793395223,10582,1.2328,0,0
0.53234744912358,10583,1.2332,0,0
0.53234696440423,10584,1.2336,0,0
0.53234647979417,10585,1.234,0,0
0.5323459952934,10586,1.2344,0,0
0.53234551090193,10587,1.2348,0,0
0.53234502661975,10588,1.2352,0,0
0.53234454244686,10589,1.2356,0,0
0.53234405838327,10590,1.236,0,0
0.53234357442897,10591,1.2364,0,0
0.53234309058397,10592,1.2368,0,0
0.53234260684826,10593,1.2372,0,0
0.53234212322184,10594,1.2376,0,0
0.53234163970472,10595,1.238,0,0
0.5323411562969,10596,1.2384,0,0
0.53234067299838,10597,1.2388,0,0
0.53234018980915,10598,1.2392,0,0
0.53233970672921,10599,1.2396,0,0
0.53233922375858,10600,1.24,0,0
0.53233874089724,10601,1.2404,0,0
0.5323382581452,10602,1.2408,0,0
0.53233777550246,10603,1.2412,0,0
0.53233729296901,10604,1.2416,0,0
0.53233681054487,10605,1.242,0,0
0.53233632823002,10606,1.2424,0,0
0.53233584602448,10607,1.2428,0,0
0.53233536392823,10608,1.2432,0,0
0.53233488194128,10609,1.2436,0,0
0.53233440006364,10610,1.244,0,0
0.53233391829529,10611,1.2444,0,0
0.53233343663624,10612,1.2448,0,0
0.5323329550865,10613,1.2452,0,0
0.53233247364606,10614,1.2456,0,0
0.53233199231492,10615,1.246,0,0
0.53233151109308,10616,1.2464,0,0
0.53233102998054,10617,1.2468,0,0
0.53233054897731,10618,1.2472,0,0
0.53233006808338,10619,1.2476,0,0
0.53232958729875,10620,1.248,0,0
0.53232910662342,10621,1.2484,0,0
0.53232862605741,10622,1.2488,0,0
0.53232814560069,10623,1.2492,0,0
0.53232766525328,10624,1.2496,0,0
0.53232718501517,10625,1.25,0,0
0.53232670488637,10626,1.2504,0,0
0.53232622486688,10627,1.2508,0,0
0.53232574495669,10628,1.2512,0,0
0.5323252651558,10629,1.2516,0,0
0.53232478546423,10630,1.252,0,0
0.53232430588196,10631,1.2524,0,0
0.53232382640899,10632,1.2528,0,0
0.53232334704534,10633,1.2532,0,0
0.53232286779099,10634,1.2536,0,0
0.53232238864595,10635,1.254,0,0
0.53232190961022,10636,1.2544,0,0
0.53232143068379,10637,1.2548,0,0
0.53232095186668,10638,1.2552,0,0
0.53232047315887,10639,1.2556,0,0
0.53231999456038,10640,1.256,0,0
0.53231951607119,10641,1.2564,0,0
0.53231903769132,10642,1.2568,0,0
0.53231855942075,10643,1.2572,0,0
0.5323180812595,10644,1.2576,0,0
0.53231760320755,10645,1.258,0,0
0.53231712526492,10646,1.2584,0,0
0.5323166474316,10647,1.2588,0,0
0.53231616970759,10648,1.2592,0,0
0.5323156920929,10649,1.2596,0,0
0.53231521458751,10650,1.26,0,0
0.53231473719144,10651,1.2604,0,0
0.53231425990469,10652,1.2608,0,0
0.53231378272724,10653,1.2612,0,0
0.53231330565911,10654,1.2616,0,0
0.53231282870029,10655,1.262,0,0
0.53231235185079,10656,1.2624,0,0
0.53231187511061,10657,1.2628,0,0
0.53231139847973,10658,1.2632,0,0
0.53231092195818,10659,1.2636,0,0
0.53231044554594,10660,1.264,0,0
0.53230996924301,10661,1.2644,0,0
0.5323094930494,10662,1.2648,0,0
0.53230901696511,10663,1.2652,0,0
0.53230854099014,10664,1.2656,0,0
0.53230806512448,10665,1.266,0,0
0.53230758936814,10666,1.2664,0,0
0.53230711372111,10667,1.2668,0,0
0.53230663818341,10668,1.2672,0,0
0.53230616275502,10669,1.2676,0,0
0.53230568743596,10670,1.268,0,0
0.53230521222621,10671,1.2684,0,0
0.53230473712578,10672,1.2688,0,0
0.53230426213467,10673,1.2692,0,0
0.53230378725288,10674,1.2696,0,0
0.53230331248041,10675,1.27,0,0
0.53230283781726,10676,1.2704,0,0
0.53230236326343,10677,1.2708,0,0
0.53230188881893,10678,1.2712,0,0
0.53230141448374,10679,1.2716,0,0
0.53230094025788,10680,1.272,0,0
0.53230046614134,10681,1.2724,0,0
0.53229999213412,10682,1.2728,0,0
0.53229951823622,10683,1.2732,0,0
0.53229904444765,10684,1.2736,0,0
0.5322985707684,10685,1.274,0,0
0.53229809719847,10686,1.2744,0,0
0.53229762373787,10687,1.2748,0,0
0.53229715038659,10688,1.2752,0,0
0.53229667714463,10689,1.2756,0,0
0.53229620401201,10690,1.276,0,0
0.5322957309887,10691,1.2764,0,0
0.53229525807472,10692,1.2768,0,0
0.53229478527007,10693,1.2772,0,0
0.53229431257474,10694,1.2776,0,0
0.53229383998874,10695,1.278,0,0
0.53229336751207,10696,1.2784,0,0
0.53229289514472,10697,1.2788,0,0
0.5322924228867,10698,1.2792,0,0
0.53229195073801,10699,1.2796,0,0
0.53229147869864,10700,1.28,0,0
0.53229100676861,10701,1.2804,0,0
0.5322905349479,10702,1.2808,0,0
0.53229006323652,10703,1.2812,0,0
0.53228959163447,10704,1.2816,0,0
0.53228912014175,10705,1.282,0,0
0.53228864875836,10706,1.2824,0,0
0.5322881774843,10707,1.2828,0,0
0.53228770631957,10708,1.2832,0,0
0.53228723526417,10709,1.2836,0,0
0.5322867643181,10710,1.284,0,0
0.53228629348136,10711,1.2844,0,0
0.53228582275395,10712,1.2848,0,0
0.53228535213588,10713,1.2852,0,0
0.53228488162714,10714,1.2856,0,0
0.53228441122773,10715,1.286,0,0
0.53228394093765,10716,1.2864,0,0
0.5322834707569,10717,1.2868,0,0
0.53228300068549,10718,1.2872,0,0
0.53228253072341,10719,1.2876,0,0
0.53228206087067,10720,1.288,0,0
0.53228159112726,10721,1.2884,0,0
0.53228112149319,10722,1.2888,0,0
0.53228065196845,10723,1.2892,0,0
0.53228018255304,10724,1.2896,0,0
0.53227971324697,10725,1.29,0,0
0.53227924405024,10726,1.2904,0,0
0.53227877496284,10727,1.2908,0,0
0.53227830598478,10728,1.2912,0,0
0.53227783711605,10729,1.2916,0,0
0.53227736835666,10730,1.292,0,0
0.53227689970661,10731,1.2924,0,0
0.5322764311659,10732,1.2928,0,0
0.53227596273452,10733,1.2932,0,0
0.53227549441249,10734,1.2936,0,0
0.53227502619979,10735,1.294,0,0
0.53227455809643,10736,1.2944,0,0
0.53227409010241,10737,1.2948,0,0
0.53227362221772,10738,1.2952,0,0
0.53227315444238,10739,1.2956,0,0
0.53227268677638,10740,1.296,0,0
0.53227221921972,10741,1.2964,0,0
0.5322717517724,10742,1.2968,0,0
0.53227128443441,10743,1.2972,0,0
0.53227081720577,10744,1.2976,0,0
0.53227035008648,10745,1.298,0,0
0.53226988307652,10746,1.2984,0,0
0.53226941617591,10747,1.2988,0,0
0.53226894938463,10748,1.2992,0,0
0.5322684827027,10749,1.2996,0,0
0.53226801613012,10750,1.3,0,0
0.53226754966687,10751,1.3004,0,0
0.53226708331297,10752,1.3008,0,0
0.53226661706842,10753,1.3012,0,0
0.53226615093321,10754,1.3016,0,0
0.53226568490734,10755,1.302,0,0
0.53226521899082,10756,1.3024,0,0
0.53226475318364,10757,1.3028,0,0
0.53226428748581,10758,1.3032,0,0
0.53226382189732,10759,1.3036,0,0
0.53226335641818,10760,1.304,0,0
0.53226289104838,10761,1.3044,0,0
0.53226242578794,10762,1.3048,0,0
0.53226196063684,10763,1.3052,0,0
0.53226149559508,10764,1.3056,0,0
0.53226103066267,10765,1.306,0,0
0.53226056583962,10766,1.3064,0,0
0.5322601011259,10767,1.3068,0,0
0.53225963652154,10768,1.3072,0,0
0.53225917202653,10769,1.3076,0,0
0.53225870764086,10770,1.308,0,0
0.53225824336455,10771,1.3084,0,0
0.53225777919758,10772,1.3088,0,0
0.53225731513996,10773,1.3092,0,0
0.5322568511917,10774,1.3096,0,0
0.53225638735278,10775,1.31,0,0
0.53225592362322,10776,1.3104,0,0
0.532255460003,10777,1.3108,0,0
0.53225499649214,10778,1.3112,0,0
0.53225453309063,10779,1.3116,0,0
0.53225406979847,10780,1.312,0,0
0.53225360661566,10781,1.3124,0,0
0.53225314354221,10782,1.3128,0,0
0.53225268057811,10783,1.3132,0,0
0.53225221772336,10784,1.3136,0,0
0.53225175497796,10785,1.314,0,0
0.53225129234192,10786,1.3144,0,0
0.53225082981523,10787,1.3148,0,0
0.5322503673979,10788,1.3152,0,0
0.53224990508992,10789,1.3156,0,0
0.5322494428913,10790,1.316,0,0
0.53224898080203,10791,1.3164,0,0
0.53224851882211,10792,1.3168,0,0
0.53224805695156,10793,1.3172,0,0
0.53224759519036,10794,1.3176,0,0
0.53224713353851,10795,1.318,0,0
0.53224667199602,10796,1.3184,0,0
0.53224621056289,10797,1.3188,0,0
0.53224574923912,10798,1.3192,0,0
0.5322452880247,10799,1.3196,0,0
0.53224482691964,10800,1.32,0,0
0.53224436592394,10801,1.3204,0,0
0.5322439050376,10802,1.3208,0,0
0.53224344426061,10803,1.3212,0,0
0.53224298359299,10804,1.3216,0,0
0.53224252303472,10805,1.322,0,0
0.53224206258582,10806,1.3224,0,0
0.53224160224627,10807,1.3228,0,0
0.53224114201609,10808,1.3232,0,0
0.53224068189526,10809,1.3236,0,0
0.5322402218838,10810,1.324,0,0
0.5322397619817,10811,1.3244,0,0
0.53223930218895,10812,1.3248,0,0
0.53223884250557,10813,1.3252,0,0
0.53223838293156,10814,1.3256,0,0
0.5322379234669,10815,1.326,0,0
0.53223746411161,10816,1.3264,0,0
0.53223700486568,10817,1.3268,0,0
0.53223654572911,10818,1.3272,0,0
0.53223608670191,10819,1.3276,0,0
0.53223562778407,10820,1.328,0,0
0.53223516897559,10821,1.3284,0,0
0.53223471027648,10822,1.3288,0,0
0.53223425168673,10823,1.3292,0,0
0.53223379320635,10824,1.3296,0,0
0.53223333483534,10825,1.33,0,0
0.53223287657368,10826,1.3304,0,0
0.5322324184214,10827,1.3308,0,0
0.53223196037848,10828,1.3312,0,0
0.53223150244493,10829,1.3316,0,0
0.53223104462074,10830,1.332,0,0
0.53223058690592,10831,1.3324,0,0
0.53223012930047,10832,1.3328,0,0
0.53222967180439,10833,1.3332,0,0
0.53222921441767,10834,1.3336,0,0
0.53222875714032,10835,1.334,0,0
0.53222829997234,10836,1.3344,0,0
0.53222784291373,10837,1.3348,0,0
0.53222738596449,10838,1.3352,0,0
0.53222692912462,10839,1.3356,0,0
0.53222647239412,10840,1.336,0,0
0.53222601577298,10841,1.3364,0,0
0.53222555926122,10842,1.3368,0,0
0.53222510285883,10843,1.3372,0,0
0.53222464656581,10844,1.3376,0,0
0.53222419038216,10845,1.338,0,0
0.53222373430788,10846,1.3384,0,0
0.53222327834297,10847,1.3388,0,0
0.53222282248744,10848,1.3392,0,0
0.53222236674128,10849,1.3396,0,0
0.53222191110449,10850,1.34,0,0
0.53222145557707,10851,1.3404,0,0
0.53222100015903,10852,1.3408,0,0
0.53222054485036,10853,1.3412,0,0
0.53222008965106,10854,1.3416,0,0
0.53221963456114,10855,1.342,0,0
0.53221917958059,10856,1.3424,0,0
0.53221872470941,10857,1.3428,0,0
0.53221826994762,10858,1.3432,0,0
0.53221781529519,10859,1.3436,0,0
0.53221736075214,10860,1.344,0,0
0.53221690631847,10861,1.3444,0,0
0.53221645199418,10862,1.3448,0,0
0.53221599777926,10863,1.3452,0,0
0.53221554367371,10864,1.3456,0,0
0.53221508967755,10865,1.346,0,0
0.53221463579076,10866,1.3464,0,0
0.53221418201335,10867,1.3468,0,0
0.53221372834531,10868,1.3472,0,0
0.53221327478666,10869,1.3476,0,0
0.53221282133738,10870,1.348,0,0
0.53221236799748,10871,1.3484,0,0
0.53221191476696,10872,1.3488,0,0
0.53221146164582,10873,1.3492,0,0
0.53221100863406,10874,1.3496,0,0
0.53221055573168,10875,1.35,0,0
0.53221010293868,10876,1.3504,0,0
0.53220965025506,10877,1.3508,0,0
0.53220919768083,10878,1.3512,0,0
0.53220874521597,10879,1.3516,0,0
0.53220829286049,10880,1.352,0,0
0.5322078406144,10881,1.3524,0,0
0.53220738847768,10882,1.3528,0,0
0.53220693645035,10883,1.3532,0,0
0.5322064845324,10884,1.3536,0,0
0.53220603272384,10885,1.354,0,0
0.53220558102466,10886,1.3544,0,0
0.53220512943486,10887,1.3548,0,0
0.53220467795444,10888,1.3552,0,0
0.53220422658341,10889,1.3556,0,0
0.53220377532176,10890,1.356,0,0
0.5322033241695,10891,1.3564,0,0
0.53220287312662,10892,1.3568,0,0
0.53220242219313,10893,1.3572,0,0
0.53220197136902,10894,1.3576,0,0
0.5322015206543,10895,1.358,0,0
0.53220107004897,10896,1.3584,0,0
0.53220061955302,10897,1.3588,0,0
0.53220016916646,10898,1.3592,0,0
0.53219971888928,10899,1.3596,0,0
0.53219926872149,10900,1.36,0,0
0.53219881866309,10901,1.3604,0,0
0.53219836871408,10902,1.3608,0,0
0.53219791887445,10903,1.3612,0,0
0.53219746914421,10904,1.3616,0,0
0.53219701952336,10905,1.362,0,0
0.53219657001191,10906,1.3624,0,0
0.53219612060983,10907,1.3628,0,0
0.53219567131715,10908,1.3632,0,0
0.53219522213386,10909,1.3636,0,0
0.53219477305996,10910,1.364,0,0
0.53219432409545,10911,1.3644,0,0
0.53219387524033,10912,1.3648,0,0
0.5321934264946,10913,1.3652,0,0
0.53219297785826,10914,1.3656,0,0
0.53219252933132,10915,1.366,0,0
0.53219208091376,10916,1.3664,0,0
0.5321916326056,10917,1.3668,0,0
0.53219118440683,10918,1.3672,0,0
0.53219073631745,10919,1.3676,0,0
0.53219028833746,10920,1.368,0,0
0.53218984046687,10921,1.3684,0,0
0.53218939270567,10922,1.3688,0,0
0.53218894505387,10923,1.3692,0,0
0.53218849751146,10924,1.3696,0,0
0.53218805007844,10925,1.37,0,0
0.53218760275482,10926,1.3704,0,0
0.5321871555406,10927,1.3708,0,0
0.53218670843576,10928,1.3712,0,0
0.53218626144033,10929,1.3716,0,0
0.53218581455429,10930,1.372,0,0
0.53218536777764,10931,1.3724,0,0
0.5321849211104,10932,1.3728,0,0
0.53218447455255,10933,1.3732,0,0
0.53218402810409,10934,1.3736,0,0
0.53218358176504,10935,1.374,0,0
0.53218313553538,10936,1.3744,0,0
0.53218268941512,10937,1.3748,0,0
0.53218224340425,10938,1.3752,0,0
0.53218179750279,10939,1.3756,0,0
0.53218135171072,10940,1.376,0,0
0.53218090602805,10941,1.3764,0,0
0.53218046045479,10942,1.3768,0,0
0.53218001499092,10943,1.3772,0,0
0.53217956963645,10944,1.3776,0,0
0.53217912439138,10945,1.378,0,0
0.53217867925571,10946,1.3784,0,0
0.53217823422945,10947,1.3788,0,0
0.53217778931258,10948,1.3792,0,0
0.53217734450511,10949,1.3796,0,0
0.53217689980705,10950,1.38,0,0
0.53217645521839,10951,1.3804,0,0
0.53217601073913,10952,1.3808,0,0
0.53217556636927,10953,1.3812,0,0
0.53217512210882,10954,1.3816,0,0
0.53217467795777,10955,1.382,0,0
0.53217423391612,10956,1.3824,0,0
0.53217378998387,10957,1.3828,0,0
0.53217334616103,10958,1.3832,0,0
0.53217290244759,10959,1.3836,0,0
0.53217245884356,10960,1.384,0,0
0.53217201534893,10961,1.3844,0,0
0.53217157196371,10962,1.3848,0,0
0.53217112868789,10963,1.3852,0,0
0.53217068552148,10964,1.3856,0,0
0.53217024246447,10965,1.386,0,0
0.53216979951687,10966,1.3864,0,0
0.53216935667868,10967,1.3868,0,0
0.53216891394989,10968,1.3872,0,0
0.53216847133051,10969,1.3876,0,0
0.53216802882054,10970,1.388,0,0
0.53216758641997,10971,1.3884,0,0
0.53216714412882,10972,1.3888,0,0
0.53216670194707,10973,1.3892,0,0
0.53216625987473,10974,1.3896,0,0
0.53216581791179,10975,1.39,0,0
0.53216537605827,10976,1.3904,0,0
0.53216493431416,10977,1.3908,0,0
0.53216449267945,10978,1.3912,0,0
0.53216405115416,10979,1.3916,0,0
0.53216360973827,10980,1.392,0,0
0.5321631684318,10981,1.3924,0,0
0.53216272723473,10982,1.3928,0,0
0.53216228614708,10983,1.3932,0,0
0.53216184516884,10984,1.3936,0,0
0.53216140430001,10985,1.394,0,0
0.53216096354059,10986,1.3944,0,0
0.53216052289058,10987,1.3948,0,0
0.53216008234999,10988,1.3952,0,0
0.53215964191881,10989,1.3956,0,0
0.53215920159704,10990,1.396,0,0
0.53215876138468,10991,1.3964,0,0
0.53215832128174,10992,1.3968,0,0
0.53215788128821,10993,1.3972,0,0
0.5321574414041,10994,1.3976,0,0
0.5321570016294,10995,1.398,0,0
0.53215656196411,10996,1.3984,0,0
0.53215612240824,10997,1.3988,0,0
0.53215568296179,10998,1.3992,0,0
0.53215524362475,10999,1.3996,0,0
0.53215480439713,11000,1.4,0,0
0.53215436527892,11001,1.4004,0,0
0.53215392627013,11002,1.4008,0,0
0.53215348737075,11003,1.4012,0,0
0.53215304858079,11004,1.4016,0,0
0.53215260990025,11005,1.402,0,0
0.53215217132913,11006,1.4024,0,0
0.53215173286742,11007,1.4028,0,0
0.53215129451514,11008,1.4032,0,0
0.53215085627227,11009,1.4036,0,0
0.53215041813882,11010,1.404,0,0
0.53214998011478,11011,1.4044,0,0
0.53214954220017,11012,1.4048,0,0
0.53214910439498,11013,1.4052,0,0
0.53214866669921,11014,1.4056,0,0
0.53214822911285,11015,1.406,0,0
0.53214779163592,11016,1.4064,0,0
0.53214735426841,11017,1.4068,0,0
0.53214691701031,11018,1.4072,0,0
0.53214647986164,11019,1.4076,0,0
0.53214604282239,11020,1.408,0,0
0.53214560589256,11021,1.4084,0,0
0.53214516907216,11022,1.4088,0,0
0.53214473236118,11023,1.4092,0,0
0.53214429575961,11024,1.4096,0,0
0.53214385926748,11025,1.41,0,0
0.53214342288476,11026,1.4104,0,0
0.53214298661147,11027,1.4108,0,0
0.5321425504476,11028,1.4112,0,0
0.53214211439316,11029,1.4116,0,0
0.53214167844813,11030,1.412,0,0
0.53214124261254,11031,1.4124,0,0
0.53214080688637,11032,1.4128,0,0
0.53214037126962,11033,1.4132,0,0
0.5321399357623,11034,1.4136,0,0
0.53213950036441,11035,1.414,0,0
0.53213906507594,11036,1.4144,0,0
0.53213862989689,11037,1.4148,0,0
0.53213819482728,11038,1.4152,0,0
0.53213775986709,11039,1.4156,0,0
0.53213732501632,11040,1.416,0,0
0.53213689027499,11041,1.4164,0,0
0.53213645564308,11042,1.4168,0,0
0.5321360211206,11043,1.4172,0,0
0.53213558670755,11044,1.4176,0,0
0.53213515240392,11045,1.418,0,0
0.53213471820973,11046,1.4184,0,0
0.53213428412496,11047,1.4188,0,0
0.53213385014963,11048,1.4192,0,0
0.53213341628372,11049,1.4196,0,0
0.53213298252724,11050,1.42,0,0
0.53213254888019,11051,1.4204,0,0
0.53213211534258,11052,1.4208,0,0
0.53213168191439,11053,1.4212,0,0
0.53213124859563,11054,1.4216,0,0
0.53213081538631,11055,1.422,0,0
0.53213038228642,11056,1.4224,0,0
0.53212994929595,11057,1.4228,0,0
0.53212951641493,11058,1.4232,0,0
0.53212908364333,11059,1.4236,0,0
0.53212865098116,11060,1.424,0,0
0.53212821842843,11061,1.4244,0,0
0.53212778598513,11062,1.4248,0,0
0.53212735365127,11063,1.4252,0,0
0.53212692142684,11064,1.4256,0,0
0.53212648931184,11065,1.426,0,0
0.53212605730628,11066,1.4264,0,0
0.53212562541015,11067,1.4268,0,0
0.53212519362345,11068,1.4272,0,0
0.53212476194619,11069,1.4276,0,0
0.53212433037837,11070,1.428,0,0
0.53212389891998,11071,1.4284,0,0
0.53212346757103,11072,1.4288,0,0
0.53212303633152,11073,1.4292,0,0
0.53212260520144,11074,1.4296,0,0
0.53212217418079,11075,1.43,0,0
0.53212174326959,11076,1.4304,0,0
0.53212131246782,11077,1.4308,0,0
0.53212088177549,11078,1.4312,0,0
0.5321204511926,11079,1.4316,0,0
0.53212002071914,11080,1.432,0,0
0.53211959035513,11081,1.4324,0,0
0.53211916010055,11082,1.4328,0,0
0.53211872995541,11083,1.4332,0,0
0.53211829991971,11084,1.4336,0,0
0.53211786999345,11085,1.434,0,0
0.53211744017663,11086,1.4344,0,0
0.53211701046925,11087,1.4348,0,0
0.53211658087131,11088,1.4352,0,0
0.53211615138281,11089,1.4356,0,0
0.53211572200375,11090,1.436,0,0
0.53211529273414,11091,1.4364,0,0
0.53211486357396,11092,1.4368,0,0
0.53211443452323,11093,1.4372,0,0
0.53211400558193,11094,1.4376,0,0
0.53211357675008,11095,1.438,0,0
0.53211314802768,11096,1.4384,0,0
0.53211271941471,11097,1.4388,0,0
0.53211229091119,11098,1.4392,0,0
0.53211186251711,11099,1.4396,0,0
0.53211143423248,11100,1.44,0,0
0.53211100605729,11101,1.4404,0,0
0.53211057799154,11102,1.4408,0,0
0.53211015003524,11103,1.4412,0,0
0.53210972218838,11104,1.4416,0,0
0.53210929445097,11105,1.442,0,0
0.53210886682301,11106,1.4424,0,0
0.53210843930449,11107,1.4428,0,0
0.53210801189541,11108,1.4432,0,0
0.53210758459578,11109,1.4436,0,0
0.5321071574056,11110,1.444,0,0
0.53210673032486,11111,1.4444,0,0
0.53210630335357,11112,1.4448,0,0
0.53210587649173,11113,1.4452,0,0
0.53210544973934,11114,1.4456,0,0
0.53210502309639,11115,1.446,0,0
0.53210459656289,11116,1.4464,0,0
0.53210417013884,11117,1.4468,0,0
0.53210374382424,11118,1.4472,0,0
0.53210331761909,11119,1.4476,0,0
0.53210289152339,11120,1.448,0,0
0.53210246553713,11121,1.4484,0,0
0.53210203966033,11122,1.4488,0,0
0.53210161389297,11123,1.4492,0,0
0.53210118823507,11124,1.4496,0,0
0.53210076268661,11125,1.45,0,0
0.53210033724761,11126,1.4504,0,0
0.53209991191806,11127,1.4508,0,0
0.53209948669796,11128,1.4512,0,0
0.53209906158731,11129,1.4516,0,0
0.53209863658611,11130,1.452,0,0
0.53209821169437,11131,1.4524,0,0
0.53209778691208,11132,1.4528,0,0
0.53209736223924,11133,1.4532,0,0
0.53209693767585,11134,1.4536,0,0
0.53209651322192,11135,1.454,0,0
0.53209608887744,11136,1.4544,0,0
0.53209566464241,11137,1.4548,0,0
0.53209524051684,11138,1.4552,0,0
0.53209481650072,11139,1.4556,0,0
0.53209439259406,11140,1.456,0,0
0.53209396879685,11141,1.4564,0,0
0.5320935451091,11142,1.4568,0,0
0.5320931215308,11143,1.4572,0,0
0.53209269806196,11144,1.4576,0,0
0.53209227470257,11145,1.458,0,0
0.53209185145264,11146,1.4584,0,0
0.53209142831217,11147,1.4588,0,0
0.53209100528115,11148,1.4592,0,0
0.53209058235959,11149,1.4596,0,0
0.53209015954749,11150,1.46,0,0
0.53208973684485,11151,1.4604,0,0
0.53208931425166,11152,1.4608,0,0
0.53208889176793,11153,1.4612,0,0
0.53208846939366,11154,1.4616,0,0
0.53208804712885,11155,1.462,0,0
0.5320876249735,11156,1.4624,0,0
0.5320872029276,11157,1.4628,0,0
0.53208678099117,11158,1.4632,0,0
0.5320863591642,11159,1.4636,0,0
0.53208593744668,11160,1.464,0,0
0.53208551583863,11161,1.4644,0,0
0.53208509434004,11162,1.4648,0,0
0.5320846729509,11163,1.4652,0,0
0.53208425167123,11164,1.4656,0,0
0.53208383050102,11165,1.466,0,0
0.53208340944028,11166,1.4664,0,0
0.53208298848899,11167,1.4668,0,0
0.53208256764717,11168,1.4672,0,0
0.53208214691481,11169,1.4676,0,0
0.53208172629191,11170,1.468,0,0
0.53208130577847,11171,1.4684,0,0
0.5320808853745,11172,1.4688,0,0
0.53208046507999,11173,1.4692,0,0
0.53208004489495,11174,1.4696,0,0
0.53207962481937,11175,1.47,0,0
0.53207920485325,11176,1.4704,0,0
0.5320787849966,11177,1.4708,0,0
0.53207836524941,11178,1.4712,0,0
0.53207794561169,11179,1.4716,0,0
0.53207752608343,11180,1.472,0,0
0.53207710666464,11181,1.4724,0,0
0.53207668735532,11182,1.4728,0,0
0.53207626815546,11183,1.4732,0,0
0.53207584906507,11184,1.4736,0,0
0.53207543008415,11185,1.474,0,0
0.53207501121269,11186,1.4744,0,0
0.5320745924507,11187,1.4748,0,0
0.53207417379818,11188,1.4752,0,0
0.53207375525512,11189,1.4756,0,0
0.53207333682154,11190,1.476,0,0
0.53207291849742,11191,1.4764,0,0
0.53207250028277,11192,1.4768,0,0
0.53207208217759,11193,1.4772,0,0
0.53207166418188,11194,1.4776,0,0
0.53207124629564,11195,1.478,0,0
0.53207082851886,11196,1.4784,0,0
0.53207041085156,11197,1.4788,0,0
0.53206999329373,11198,1.4792,0,0
0.53206957584537,11199,1.4796,0,0
0.53206915850648,11200,1.48,0,0
0.53206874127706,11201,1.4804,0,0
0.53206832415711,11202,1.4808,0,0
0.53206790714664,11203,1.4812,0,0
0.53206749024563,11204,1.4816,0,0
0.5320670734541,11205,1.482,0,0
0.53206665677204,11206,1.4824,0,0
0.53206624019946,11207,1.4828,0,0
0.53206582373634,11208,1.4832,0,0
0.5320654073827,11209,1.4836,0,0
0.53206499113854,11210,1.484,0,0
0.53206457500384,11211,1.4844,0,0
0.53206415897862,11212,1.4848,0,0
0.53206374306288,11213,1.4852,0,0
0.53206332725661,11214,1.4856,0,0
0.53206291155981,11215,1.486,0,0
0.53206249597249,11216,1.4864,0,0
0.53206208049465,11217,1.4868,0,0
0.53206166512628,11218,1.4872,0,0
0.53206124986739,11219,1.4876,0,0
0.53206083471797,11220,1.488,0,0
0.53206041967803,11221,1.4884,0,0
0.53206000474757,11222,1.4888,0,0
0.53205958992658,11223,1.4892,0,0
0.53205917521507,11224,1.4896,0,0
0.53205876061304,11225,1.49,0,0
0.53205834612048,11226,1.4904,0,0
0.53205793173741,11227,1.4908,0,0
0.53205751746381,11228,1.4912,0,0
0.53205710329969,11229,1.4916,0,0
0.53205668924505,11230,1.492,0,0
0.53205627529989,11231,1.4924,0,0
0.53205586146421,11232,1.4928,0,0
0.53205544773801,11233,1.4932,0,0
0.53205503412129,11234,1.4936,0,0
0.53205462061404,11235,1.494,0,0
0.53205420721628,11236,1.4944,0,0
0.532053793928,11237,1.4948,0,0
0.5320533807492,11238,1.4952,0,0
0.53205296767988,11239,1.4956,0,0
0.53205255472005,11240,1.496,0,0
0.53205214186969,11241,1.4964,0,0
0.53205172912882,11242,1.4968,0,0
0.53205131649743,11243,1.4972,0,0
0.53205090397552,11244,1.4976,0,0
0.5320504915631,11245,1.498,0,0
0.53205007926015,11246,1.4984,0,0
0.53204966706669,11247,1.4988,0,0
0.53204925498272,11248,1.4992,0,0
0.53204884300823,11249,1.4996,0,0
0.53204843114322,11250,1.5,0,0
0.5320480193877,11251,1.5004,0,0
0.53204760774166,11252,1.5008,0,0
0.53204719620511,11253,1.5012,0,0
0.53204678477804,11254,1.5016,0,0
0.53204637346046,11255,1.502,0,0
0.53204596225236,11256,1.5024,0,0
0.53204555115375,11257,1.5028,0,0
0.53204514016463,11258,1.5032,0,0
0.53204472928499,11259,1.5036,0,0
0.53204431851484,11260,1.504,0,0
0.53204390785418,11261,1.5044,0,0
0.532043497303,11262,1.5048,0,0
0.53204308686131,11263,1.5052,0,0
0.53204267652911,11264,1.5056,0,0
0.5320422663064,11265,1.506,0,0
0.53204185619318,11266,1.5064,0,0
0.53204144618944,11267,1.5068,0,0
0.53204103629519,11268,1.5072,0,0
0.53204062651044,11269,1.5076,0,0
0.53204021683517,11270,1.508,0,0
0.53203980726939,11271,1.5084,0,0
0.5320393978131,11272,1.5088,0,0
0.53203898846631,11273,1.5092,0,0
0.532038579229,11274,1.5096,0,0
0.53203817010118,11275,1.51,0,0
0.53203776108286,11276,1.5104,0,0
0.53203735217402,11277,1.5108,0,0
0.53203694337468,11278,1.5112,0,0
0.53203653468483,11279,1.5116,0,0
0.53203612610447,11280,1.512,0,0
0.53203571763361,11281,1.5124,0,0
0.53203530927223,11282,1.5128,0,0
0.53203490102035,11283,1.5132,0,0
0.53203449287796,11284,1.5136,0,0
0.53203408484507,11285,1.514,0,0
0.53203367692167,11286,1.5144,0,0
0.53203326910776,11287,1.5148,0,0
0.53203286140335,11288,1.5152,0,0
0.53203245380843,11289,1.5156,0,0
0.53203204632301,11290,1.516,0,0
0.53203163894708,11291,1.5164,0,0
0.53203123168065,11292,1.5168,0,0
0.53203082452371,11293,1.5172,0,0
0.53203041747627,11294,1.5176,0,0
0.53203001053832,11295,1.518,0,0
0.53202960370988,11296,1.5184,0,0
0.53202919699092,11297,1.5188,0,0
0.53202879038147,11298,1.5192,0,0
0.53202838388151,11299,1.5196,0,0
0.53202797749105,11300,1.52,0,0
0.53202757121008,11301,1.5204,0,0
0.53202716503862,11302,1.5208,0,0
0.53202675897665,11303,1.5212,0,0
0.53202635302418,11304,1.5216,0,0
0.53202594718121,11305,1.522,0,0
0.53202554144774,11306,1.5224,0,0
0.53202513582376,11307,1.5228,0,0
0.53202473030929,11308,1.5232,0,0
0.53202432490432,11309,1.5236,0,0
0.53202391960884,11310,1.524,0,0
0.53202351442287,11311,1.5244,0,0
0.5320231093464,11312,1.5248,0,0
0.53202270437943,11313,1.5252,0,0
0.53202229952195,11314,1.5256,0,0
0.53202189477398,11315,1.526,0,0
0.53202149013552,11316,1.5264,0,0
0.53202108560655,11317,1.5268,0,0
0.53202068118709,11318,1.5272,0,0
0.53202027687712,11319,1.5276,0,0
0.53201987267666,11320,1.528,0,0
0.53201946858571,11321,1.5284,0,0
0.53201906460425,11322,1.5288,0,0
0.5320186607323,11323,1.5292,0,0
0.53201825696986,11324,1.5296,0,0
0.53201785331691,11325,1.53,0,0
0.53201744977347,11326,1.5304,0,0
0.53201704633954,11327,1.5308,0,0
0.53201664301511,11328,1.5312,0,0
0.53201623980018,11329,1.5316,0,0
0.53201583669476,11330,1.532,0,0
0.53201543369885,11331,1.5324,0,0
0.53201503081244,11332,1.5328,0,0
0.53201462803554,11333,1.5332,0,0
0.53201422536814,11334,1.5336,0,0
0.53201382281025,11335,1.534,0,0
0.53201342036187,11336,1.5344,0,0
0.53201301802299,11337,1.5348,0,0
0.53201261579362,11338,1.5352,0,0
0.53201221367376,11339,1.5356,0,0
0.53201181166341,11340,1.536,0,0
0.53201140976256,11341,1.5364,0,0
0.53201100797122,11342,1.5368,0,0
0.53201060628939,11343,1.5372,0,0
0.53201020471707,11344,1.5376,0,0
0.53200980325426,11345,1.538,0,0
0.53200940190096,11346,1.5384,0,0
0.53200900065717,11347,1.5388,0,0
0.53200859952289,11348,1.5392,0,0
0.53200819849811,11349,1.5396,0,0
0.53200779758285,11350,1.54,0,0
0.5320073967771,11351,1.5404,0,0
0.53200699608086,11352,1.5408,0,0
0.53200659549413,11353,1.5412,0,0
0.53200619501691,11354,1.5416,0,0
0.5320057946492,11355,1.542,0,0
0.53200539439101,11356,1.5424,0,0
0.53200499424232,11357,1.5428,0,0
0.53200459420315,11358,1.5432,0,0
0.5320041942735,11359,1.5436,0,0
0.53200379445335,11360,1.544,0,0
0.53200339474272,11361,1.5444,0,0
0.5320029951416,11362,1.5448,0,0
0.53200259565,11363,1.5452,0,0
0.53200219626791,11364,1.5456,0,0
0.53200179699533,11365,1.546,0,0
0.53200139783227,11366,1.5464,0,0
0.53200099877872,11367,1.5468,0,0
0.53200059983469,11368,1.5472,0,0
0.53200020100017,11369,1.5476,0,0
0.53199980227517,11370,1.548,0,0
0.53199940365968,11371,1.5484,0,0
0.53199900515371,11372,1.5488,0,0
0.53199860675726,11373,1.5492,0,0
0.53199820847032,11374,1.5496,0,0
0.5319978102929,11375,1.55,0,0
0.531997412225,11376,1.5504,0,0
0.53199701426661,11377,1.5508,0,0
0.53199661641775,11378,1.5512,0,0
0.53199621867839,11379,1.5516,0,0
0.53199582104856,11380,1.552,0,0
0.53199542352825,11381,1.5524,0,0
0.53199502611745,11382,1.5528,0,0
0.53199462881617,11383,1.5532,0,0
0.53199423162442,11384,1.5536,0,0
0.53199383454218,11385,1.554,0,0
0.53199343756946,11386,1.5544,0,0
0.53199304070626,11387,1.5548,0,0
0.53199264395258,11388,1.5552,0,0
0.53199224730842,11389,1.5556,0,0
0.53199185077378,11390,1.556,0,0
0.53199145434866,11391,1.5564,0,0
0.53199105803307,11392,1.5568,0,0
0.53199066182699,11393,1.5572,0,0
0.53199026573044,11394,1.5576,0,0
0.53198986974341,11395,1.558,0,0
0.5319894738659,11396,1.5584,0,0
0.53198907809791,11397,1.5588,0,0
0.53198868243945,11398,1.5592,0,0
0.53198828689051,11399,1.5596,0,0
0.53198789145109,11400,1.56,0,0
0.53198749612119,11401,1.5604,0,0
0.53198710090082,11402,1.5608,0,0
0.53198670578997,11403,1.5612,0,0
0.53198631078865,11404,1.5616,0,0
0.53198591589685,11405,1.562,0,0
0.53198552111458,11406,1.5624,0,0
0.53198512644183,11407,1.5628,0,0
0.5319847318786,11408,1.5632,0,0
0.5319843374249,11409,1.5636,0,0
0.53198394308073,11410,1.564,0,0
0.53198354884608,11411,1.5644,0,0
0.53198315472096,11412,1.5648,0,0
0.53198276070537,11413,1.5652,0,0
0.5319823667993,11414,1.5656,0,0
0.53198197300276,11415,1.566,0,0
0.53198157931575,11416,1.5664,0,0
0.53198118573826,11417,1.5668,0,0
0.5319807922703,11418,1.5672,0,0
0.53198039891187,11419,1.5676,0,0
0.53198000566297,11420,1.568,0,0
0.5319796125236,11421,1.5684,0,0
0.53197921949375,11422,1.5688,0,0
0.53197882657344,11423,1.5692,0,0
0.53197843376265,11424,1.5696,0,0
0.53197804106139,11425,1.57,0,0
0.53197764846966,11426,1.5704,0,0
0.53197725598747,11427,1.5708,0,0
0.5319768636148,11428,1.5712,0,0
0.53197647135166,11429,1.5716,0,0
0.53197607919805,11430,1.572,0,0
0.53197568715398,11431,1.5724,0,0
0.53197529521944,11432,1.5728,0,0
0.53197490339442,11433,1.5732,0,0
0.53197451167894,11434,1.5736,0,0
0.53197412007299,11435,1.574,0,0
0.53197372857658,11436,1.5744,0,0
0.53197333718969,11437,1.5748,0,0
0.53197294591234,11438,1.5752,0,0
0.53197255474452,11439,1.5756,0,0
0.53197216368624,11440,1.576,0,0
0.53197177273749,11441,1.5764,0,0
0.53197138189827,11442,1.5768,0,0
0.53197099116859,11443,1.5772,0,0
0.53197060054844,11444,1.5776,0,0
0.53197021003782,11445,1.578,0,0
0.53196981963674,11446,1.5784,0,0
0.5319694293452,11447,1.5788,0,0
0.53196903916319,11448,1.5792,0,0
0.53196864909071,11449,1.5796,0,0
0.53196825912777,11450,1.58,0,0
0.53196786927437,11451,1.5804,0,0
0.53196747953051,11452,1.5808,0,0
0.53196708989618,11453,1.5812,0,0
0.53196670037138,11454,1.5816,0,0
0.53196631095613,11455,1.582,0,0
0.53196592165041,11456,1.5824,0,0
0.53196553245423,11457,1.5828,0,0
0.53196514336759,11458,1.5832,0,0
0.53196475439048,11459,1.5836,0,0
0.53196436552291,11460,1.584,0,0
0.53196397676488,11461,1.5844,0,0
0.53196358811639,11462,1.5848,0,0
0.53196319957744,11463,1.5852,0,0
0.53196281114803,11464,1.5856,0,0
0.53196242282816,11465,1.586,0,0
0.53196203461783,11466,1.5864,0,0
0.53196164651704,11467,1.5868,0,0
0.53196125852579,11468,1.5872,0,0
0.53196087064407,11469,1.5876,0,0
0.5319604828719,11470,1.588,0,0
0.53196009520927,11471,1.5884,0,0
0.53195970765619,11472,1.5888,0,0
0.53195932021264,11473,1.5892,0,0
0.53195893287864,11474,1.5896,0,0
0.53195854565417,11475,1.59,0,0
0.53195815853925,11476,1.5904,0,0
0.53195777153387,11477,1.5908,0,0
0.53195738463804,11478,1.5912,0,0
0.53195699785175,11479,1.5916,0,0
0.531956611175,11480,1.592,0,0
0.53195622460779,11481,1.5924,0,0
0.53195583815013,11482,1.5928,0,0
0.53195545180201,11483,1.5932,0,0
0.53195506556344,11484,1.5936,0,0
0.53195467943441,11485,1.594,0,0
0.53195429341493,11486,1.5944,0,0
0.53195390750499,11487,1.5948,0,0
0.53195352170459,11488,1.5952,0,0
0.53195313601375,11489,1.5956,0,0
0.53195275043244,11490,1.596,0,0
0.53195236496069,11491,1.5964,0,0
0.53195197959848,11492,1.5968,0,0
0.53195159434581,11493,1.5972,0,0
0.5319512092027,11494,1.5976,0,0
0.53195082416913,11495,1.598,0,0
0.5319504392451,11496,1.5984,0,0
0.53195005443063,11497,1.5988,0,0
0.5319496697257,11498,1.5992,0,0
0.53194928513032,11499,1.5996,0,0
0.53194890064449,11500,1.6,0,0
0.53194851626821,11501,1.6004,0,0
0.53194813200147,11502,1.6008,0,0
0.53194774784429,11503,1.6012,0,0
0.53194736379665,11504,1.6016,0,0
0.53194697985857,11505,1.602,0,0
0.53194659603003,11506,1.6024,0,0
0.53194621231104,11507,1.6028,0,0
0.53194582870161,11508,1.6032,0,0
0.53194544520172,11509,1.6036,0,0
0.53194506181139,11510,1.604,0,0
0.5319446785306,11511,1.6044,0,0
0.53194429535937,11512,1.6048,0,0
0.53194391229769,11513,1.6052,0,0
0.53194352934556,11514,1.6056,0,0
0.53194314650298,11515,1.606,0,0
0.53194276376995,11516,1.6064,0,0
0.53194238114648,11517,1.6068,0,0
0.53194199863256,11518,1.6072,0,0
0.53194161622819,11519,1.6076,0,0
0.53194123393338,11520,1.608,0,0
0.53194085174811,11521,1.6084,0,0
0.53194046967241,11522,1.6088,0,0
0.53194008770625,11523,1.6092,0,0
0.53193970584965,11524,1.6096,0,0
0.53193932410261,11525,1.61,0,0
0.53193894246512,11526,1.6104,0,0
0.53193856093718,11527,1.6108,0,0
0.5319381795188,11528,1.6112,0,0
0.53193779820998,11529,1.6116,0,0
0.53193741701071,11530,1.612,0,0
0.53193703592099,11531,1.6124,0,0
0.53193665494083,11532,1.6128,0,0
0.53193627407023,11533,1.6132,0,0
0.53193589330919,11534,1.6136,0,0
0.5319355126577,11535,1.614,0,0
0.53193513211577,11536,1.6144,0,0
0.5319347516834,11537,1.6148,0,0
0.53193437136058,11538,1.6152,0,0
0.53193399114732,11539,1.6156,0,0
0.53193361104362,11540,1.616,0,0
0.53193323104948,11541,1.6164,0,0
0.5319328511649,11542,1.6168,0,0
0.53193247138988,11543,1.6172,0,0
0.53193209172441,11544,1.6176,0,0
0.5319317121685,11545,1.618,0,0
0.53193133272216,11546,1.6184,0,0
0.53193095338537,11547,1.6188,0,0
0.53193057415815,11548,1.6192,0,0
0.53193019504048,11549,1.6196,0,0
0.53192981603237,11550,1.62,0,0
0.53192943713383,11551,1.6204,0,0
0.53192905834485,11552,1.6208,0,0
0.53192867966542,11553,1.6212,0,0
0.53192830109556,11554,1.6216,0,0
0.53192792263526,11555,1.622,0,0
0.53192754428453,11556,1.6224,0,0
0.53192716604335,11557,1.6228,0,0
0.53192678791174,11558,1.6232,0,0
0.53192640988969,11559,1.6236,0,0
0.5319260319772,11560,1.624,0,0
0.53192565417428,11561,1.6244,0,0
0.53192527648092,11562,1.6248,0,0
0.53192489889712,11563,1.6252,0,0
0.53192452142289,11564,1.6256,0,0
0.53192414405822,11565,1.626,0,0
0.53192376680311,11566,1.6264,0,0
0.53192338965757,11567,1.6268,0,0
0.5319230126216,11568,1.6272,0,0
0.53192263569519,11569,1.6276,0,0
0.53192225887835,11570,1.628,0,0
0.53192188217107,11571,1.6284,0,0
0.53192150557335,11572,1.6288,0,0
0.53192112908521,11573,1.6292,0,0
0.53192075270663,11574,1.6296,0,0
0.53192037643761,11575,1.63,0,0
0.53192000027817,11576,1.6304,0,0
0.53191962422829,11577,1.6308,0,0
0.53191924828798,11578,1.6312,0,0
0.53191887245723,11579,1.6316,0,0
0.53191849673605,11580,1.632,0,0
0.53191812112445,11581,1.6324,0,0
0.5319177456224,11582,1.6328,0,0
0.53191737022993,11583,1.6332,0,0
0.53191699494703,11584,1.6336,0,0
0.53191661977369,11585,1.634,0,0
0.53191624470993,11586,1.6344,0,0
0.53191586975573,11587,1.6348,0,0
0.53191549491111,11588,1.6352,0,0
0.53191512017605,11589,1.6356,0,0
0.53191474555057,11590,1.636,0,0
0.53191437103465,11591,1.6364,0,0
0.53191399662831,11592,1.6368,0,0
0.53191362233153,11593,1.6372,0,0
0.53191324814433,11594,1.6376,0,0
0.5319128740667,11595,1.638,0,0
0.53191250009864,11596,1.6384,0,0
0.53191212624015,11597,1.6388,0,0
0.53191175249124,11598,1.6392,0,0
0.5319113788519,11599,1.6396,0,0
0.53191100532212,11600,1.64,0,0
0.53191063190193,11601,1.6404,0,0
0.5319102585913,11602,1.6408,0,0
0.53190988539025,11603,1.6412,0,0
0.53190951229878,11604,1.6416,0,0
0.53190913931687,11605,1.642,0,0
0.53190876644454,11606,1.6424,0,0
0.53190839368179,11607,1.6428,0,0
0.53190802102861,11608,1.6432,0,0
0.531907648485,11609,1.6436,0,0
0.53190727605097,11610,1.644,0,0
0.53190690372651,11611,1.6444,0,0
0.53190653151163,11612,1.6448,0,0
0.53190615940633,11613,1.6452,0,0
0.5319057874106,11614,1.6456,0,0
0.53190541552445,11615,1.646,0,0
0.53190504374787,11616,1.6464,0,0
0.53190467208088,11617,1.6468,0,0
0.53190430052345,11618,1.6472,0,0
0.53190392907561,11619,1.6476,0,0
0.53190355773734,11620,1.648,0,0
0.53190318650865,11621,1.6484,0,0
0.53190281538954,11622,1.6488,0,0
0.53190244438001,11623,1.6492,0,0
0.53190207348005,11624,1.6496,0,0
0.53190170268967,11625,1.65,0,0
0.53190133200888,11626,1.6504,0,0
0.53190096143766,11627,1.6508,0,0
0.53190059097602,11628,1.6512,0,0
0.53190022062396,11629,1.6516,0,0
0.53189985038148,11630,1.652,0,0
0.53189948024858,11631,1.6524,0,0
0.53189911022526,11632,1.6528,0,0
0.53189874031152,11633,1.6532,0,0
0.53189837050736,11634,1.6536,0,0
0.53189800081278,11635,1.654,0,0
0.53189763122779,11636,1.6544,0,0
0.53189726175237,11637,1.6548,0,0
0.53189689238654,11638,1.6552,0,0
0.53189652313029,11639,1.6556,0,0
0.53189615398362,11640,1.656,0,0
0.53189578494653,11641,1.6564,0,0
0.53189541601903,11642,1.6568,0,0
0.53189504720111,11643,1.6572,0,0
0.53189467849277,11644,1.6576,0,0
0.53189430989402,11645,1.658,0,0
0.53189394140485,11646,1.6584,0,0
0.53189357302526,11647,1.6588,0,0
0.53189320475526,11648,1.6592,0,0
0.53189283659484,11649,1.6596,0,0
0.531892468544,11650,1.66,0,0
0.53189210060276,11651,1.6604,0,0
0.53189173277109,11652,1.6608,0,0
0.53189136504901,11653,1.6612,0,0
0.53189099743652,11654,1.6616,0,0
0.53189062993361,11655,1.662,0,0
0.53189026254029,11656,1.6624,0,0
0.53188989525655,11657,1.6628,0,0
0.53188952808241,11658,1.6632,0,0
0.53188916101784,11659,1.6636,0,0
0.53188879406287,11660,1.664,0,0
0.53188842721748,11661,1.6644,0,0
0.53188806048168,11662,1.6648,0,0
0.53188769385547,11663,1.6652,0,0
0.53188732733884,11664,1.6656,0,0
0.5318869609318,11665,1.666,0,0
0.53188659463435,11666,1.6664,0,0
0.53188622844649,11667,1.6668,0,0
0.53188586236822,11668,1.6672,0,0
0.53188549639954,11669,1.6676,0,0
0.53188513054045,11670,1.668,0,0
0.53188476479094,11671,1.6684,0,0
0.53188439915103,11672,1.6688,0,0
0.53188403362071,11673,1.6692,0,0
0.53188366819997,11674,1.6696,0,0
0.53188330288883,11675,1.67,0,0
0.53188293768728,11676,1.6704,0,0
0.53188257259531,11677,1.6708,0,0
0.53188220761294,11678,1.6712,0,0
0.53188184274016,11679,1.6716,0,0
0.53188147797698,11680,1.672,0,0
0.53188111332338,11681,1.6724,0,0
0.53188074877938,11682,1.6728,0,0
0.53188038434497,11683,1.6732,0,0
0.53188002002015,11684,1.6736,0,0
0.53187965580492,11685,1.674,0,0
0.53187929169929,11686,1.6744,0,0
0.53187892770325,11687,1.6748,0,0
0.53187856381681,11688,1.6752,0,0
0.53187820003995,11689,1.6756,0,0
0.53187783637269,11690,1.676,0,0
0.53187747281503,11691,1.6764,0,0
0.53187710936696,11692,1.6768,0,0
0.53187674602849,11693,1.6772,0,0
0.53187638279961,11694,1.6776,0,0
0.53187601968032,11695,1.678,0,0
0.53187565667063,11696,1.6784,0,0
0.53187529377054,11697,1.6788,0,0
0.53187493098004,11698,1.6792,0,0
0.53187456829914,11699,1.6796,0,0
0.53187420572783,11700,1.68,0,0
0.53187384326612,11701,1.6804,0,0
0.53187348091401,11702,1.6808,0,0
0.5318731186715,11703,1.6812,0,0
0.53187275653858,11704,1.6816,0,0
0.53187239451526,11705,1.682,0,0
0.53187203260154,11706,1.6824,0,0
0.53187167079741,11707,1.6828,0,0
0.53187130910288,11708,1.6832,0,0
0.53187094751796,11709,1.6836,0,0
0.53187058604263,11710,1.684,0,0
0.5318702246769,11711,1.6844,0,0
0.53186986342076,11712,1.6848,0,0
0.53186950227423,11713,1.6852,0,0
0.5318691412373,11714,1.6856,0,0
0.53186878030997,11715,1.686,0,0
0.53186841949223,11716,1.6864,0,0
0.5318680587841,11717,1.6868,0,0
0.53186769818557,11718,1.6872,0,0
0.53186733769664,11719,1.6876,0,0
0.53186697731731,11720,1.688,0,0
0.53186661704758,11721,1.6884,0,0
0.53186625688745,11722,1.6888,0,0
0.53186589683692,11723,1.6892,0,0
0.531865536896,11724,1.6896,0,0
0.53186517706468,11725,1.69,0,0
0.53186481734296,11726,1.6904,0,0
0.53186445773084,11727,1.6908,0,0
0.53186409822833,11728,1.6912,0,0
0.53186373883542,11729,1.6916,0,0
0.53186337955211,11730,1.692,0,0
0.5318630203784,11731,1.6924,0,0
0.5318626613143,11732,1.6928,0,0
0.53186230235981,11733,1.6932,0,0
0.53186194351491,11734,1.6936,0,0
0.53186158477963,11735,1.694,0,0
0.53186122615394,11736,1.6944,0,0
0.53186086763786,11737,1.6948,0,0
0.53186050923139,11738,1.6952,0,0
0.53186015093452,11739,1.6956,0,0
0.53185979274726,11740,1.696,0,0
0.5318594346696,11741,1.6964,0,0
0.53185907670155,11742,1.6968,0,0
0.53185871884311,11743,1.6972,0,0
0.53185836109427,11744,1.6976,0,0
0.53185800345504,11745,1.698,0,0
0.53185764592542,11746,1.6984,0,0
0.5318572885054,11747,1.6988,0,0
0.53185693119499,11748,1.6992,0,0
0.53185657399419,11749,1.6996,0,0
0.53185621690299,11750,1.7,0,0
0.53185585992141,11751,1.7004,0,0
0.53185550304943,11752,1.7008,0,0
0.53185514628706,11753,1.7012,0,0
0.5318547896343,11754,1.7016,0,0
0.53185443309115,11755,1.702,0,0
0.53185407665761,11756,1.7024,0,0
0.53185372033368,11757,1.7028,0,0
0.53185336411936,11758,1.7032,0,0
0.53185300801464,11759,1.7036,0,0
0.53185265201954,11760,1.704,0,0
0.53185229613405,11761,1.7044,0,0
0.53185194035817,11762,1.7048,0,0
0.5318515846919,11763,1.7052,0,0
0.53185122913524,11764,1.7056,0,0
0.53185087368819,11765,1.706,0,0
0.53185051835075,11766,1.7064,0,0
0.53185016312293,11767,1.7068,0,0
0.53184980800472,11768,1.7072,0,0
0.53184945299612,11769,1.7076,0,0
0.53184909809713,11770,1.708,0,0
0.53184874330776,11771,1.7084,0,0
0.53184838862799,11772,1.7088,0,0
0.53184803405784,11773,1.7092,0,0
0.53184767959731,11774,1.7096,0,0
0.53184732524639,11775,1.71,0,0
0.53184697100508,11776,1.7104,0,0
0.53184661687338,11777,1.7108,0,0
0.5318462628513,11778,1.7112,0,0
0.53184590893884,11779,1.7116,0,0
0.53184555513599,11780,1.712,0,0
0.53184520144275,11781,1.7124,0,0
0.53184484785913,11782,1.7128,0,0
0.53184449438513,11783,1.7132,0,0
0.53184414102074,11784,1.7136,0,0
0.53184378776597,11785,1.714,0,0
0.53184343462081,11786,1.7144,0,0
0.53184308158527,11787,1.7148,0,0
0.53184272865934,11788,1.7152,0,0
0.53184237584304,11789,1.7156,0,0
0.53184202313635,11790,1.716,0,0
0.53184167053927,11791,1.7164,0,0
0.53184131805182,11792,1.7168,0,0
0.53184096567398,11793,1.7172,0,0
0.53184061340576,11794,1.7176,0,0
0.53184026124716,11795,1.718,0,0
0.53183990919818,11796,1.7184,0,0
0.53183955725881,11797,1.7188,0,0
0.53183920542906,11798,1.7192,0,0
0.53183885370894,11799,1.7196,0,0
0.53183850209843,11800,1.72,0,0
0.53183815059754,11801,1.7204,0,0
0.53183779920627,11802,1.7208,0,0
0.53183744792463,11803,1.7212,0,0
0.5318370967526,11804,1.7216,0,0
0.53183674569019,11805,1.722,0,0
0.5318363947374,11806,1.7224,0,0
0.53183604389424,11807,1.7228,0,0
0.53183569316069,11808,1.7232,0,0
0.53183534253677,11809,1.7236,0,0
0.53183499202247,11810,1.724,0,0
0.53183464161779,11811,1.7244,0,0
0.53183429132273,11812,1.7248,0,0
0.53183394113729,11813,1.7252,0,0
0.53183359106148,11814,1.7256,0,0
0.53183324109529,11815,1.726,0,0
0.53183289123872,11816,1.7264,0,0
0.53183254149177,11817,1.7268,0,0
0.53183219185445,11818,1.7272,0,0
0.53183184232676,11819,1.7276,0,0
0.53183149290868,11820,1.728,0,0
0.53183114360023,11821,1.7284,0,0
0.53183079440141,11822,1.7288,0,0
0.5318304453122,11823,1.7292,0,0
0.53183009633263,11824,1.7296,0,0
0.53182974746268,11825,1.73,0,0
0.53182939870235,11826,1.7304,0,0
0.53182905005165,11827,1.7308,0,0
0.53182870151057,11828,1.7312,0,0
0.53182835307912,11829,1.7316,0,0
0.5318280047573,11830,1.732,0,0
0.5318276565451,11831,1.7324,0,0
0.53182730844253,11832,1.7328,0,0
0.53182696044959,11833,1.7332,0,0
0.53182661256627,11834,1.7336,0,0
0.53182626479258,11835,1.734,0,0
0.53182591712852,11836,1.7344,0,0
0.53182556957408,11837,1.7348,0,0
0.53182522212928,11838,1.7352,0,0
0.5318248747941,11839,1.7356,0,0
0.53182452756855,11840,1.736,0,0
0.53182418045262,11841,1.7364,0,0
0.53182383344633,11842,1.7368,0,0
0.53182348654967,11843,1.7372,0,0
0.53182313976263,11844,1.7376,0,0
0.53182279308522,11845,1.738,0,0
0.53182244651745,11846,1.7384,0,0
0.5318221000593,11847,1.7388,0,0
0.53182175371079,11848,1.7392,0,0
0.5318214074719,11849,1.7396,0,0
0.53182106134264,11850,1.74,0,0
0.53182071532302,11851,1.7404,0,0
0.53182036941303,11852,1.7408,0,0
0.53182002361266,11853,1.7412,0,0
0.53181967792193,11854,1.7416,0,0
0.53181933234083,11855,1.742,0,0
0.53181898686936,11856,1.7424,0,0
0.53181864150753,11857,1.7428,0,0
0.53181829625533,11858,1.7432,0,0
0.53181795111276,11859,1.7436,0,0
0.53181760607982,11860,1.744,0,0
0.53181726115651,11861,1.7444,0,0
0.53181691634284,11862,1.7448,0,0
0.5318165716388,11863,1.7452,0,0
0.5318162270444,11864,1.7456,0,0
0.53181588255963,11865,1.746,0,0
0.53181553818449,11866,1.7464,0,0
0.53181519391899,11867,1.7468,0,0
0.53181484976312,11868,1.7472,0,0
0.53181450571689,11869,1.7476,0,0
0.53181416178029,11870,1.748,0,0
0.53181381795333,11871,1.7484,0,0
0.531813474236,11872,1.7488,0,0
0.53181313062831,11873,1.7492,0,0
0.53181278713025,11874,1.7496,0,0
0.53181244374183,11875,1.75,0,0
0.53181210046305,11876,1.7504,0,0
0.5318117572939,11877,1.7508,0,0
0.53181141423439,11878,1.7512,0,0
0.53181107128451,11879,1.7516,0,0
0.53181072844428,11880,1.752,0,0
0.53181038571368,11881,1.7524,0,0
0.53181004309272,11882,1.7528,0,0
0.53180970058139,11883,1.7532,0,0
0.53180935817971,11884,1.7536,0,0
0.53180901588766,11885,1.754,0,0
0.53180867370525,11886,1.7544,0,0
0.53180833163248,11887,1.7548,0,0
0.53180798966935,11888,1.7552,0,0
0.53180764781586,11889,1.7556,0,0
0.53180730607201,11890,1.756,0,0
0.5318069644378,11891,1.7564,0,0
0.53180662291322,11892,1.7568,0,0
0.53180628149829,11893,1.7572,0,0
0.531805940193,11894,1.7576,0,0
0.53180559899734,11895,1.758,0,0
0.53180525791133,11896,1.7584,0,0
0.53180491693496,11897,1.7588,0,0
0.53180457606823,11898,1.7592,0,0
0.53180423531115,11899,1.7596,0,0
0.5318038946637,11900,1.76,0,0
0.53180355412589,11901,1.7604,0,0
0.53180321369773,11902,1.7608,0,0
0.53180287337921,11903,1.7612,0,0
0.53180253317033,11904,1.7616,0,0
0.5318021930711,11905,1.762,0,0
0.53180185308151,11906,1.7624,0,0
0.53180151320156,11907,1.7628,0,0
0.53180117343125,11908,1.7632,0,0
0.53180083377059,11909,1.7636,0,0
0.53180049421957,11910,1.764,0,0
0.53180015477819,11911,1.7644,0,0
0.53179981544646,11912,1.7648,0,0
0.53179947622438,11913,1.7652,0,0
0.53179913711194,11914,1.7656,0,0
0.53179879810914,11915,1.766,0,0
0.53179845921599,11916,1.7664,0,0
0.53179812043248,11917,1.7668,0,0
0.53179778175862,11918,1.7672,0,0
0.53179744319441,11919,1.7676,0,0
0.53179710473984,11920,1.768,0,0
0.53179676639492,11921,1.7684,0,0
0.53179642815964,11922,1.7688,0,0
0.53179609003401,11923,1.7692,0,0
0.53179575201803,11924,1.7696,0,0
0.53179541411169,11925,1.77,0,0
0.531795076315,11926,1.7704,0,0
0.53179473862796,11927,1.7708,0,0
0.53179440105057,11928,1.7712,0,0
0.53179406358282,11929,1.7716,0,0
0.53179372622473,11930,1.772,0,0
0.53179338897628,11931,1.7724,0,0
0.53179305183748,11932,1.7728,0,0
0.53179271480832,11933,1.7732,0,0
0.53179237788882,11934,1.7736,0,0
0.53179204107897,11935,1.774,0,0
0.53179170437876,11936,1.7744,0,0
0.53179136778821,11937,1.7748,0,0
0.53179103130731,11938,1.7752,0,0
0.53179069493605,11939,1.7756,0,0
0.53179035867445,11940,1.776,0,0
0.53179002252249,11941,1.7764,0,0
0.53178968648019,11942,1.7768,0,0
0.53178935054754,11943,1.7772,0,0
0.53178901472454,11944,1.7776,0,0
0.53178867901119,11945,1.778,0,0
0.53178834340749,11946,1.7784,0,0
0.53178800791344,11947,1.7788,0,0
0.53178767252905,11948,1.7792,0,0
0.53178733725431,11949,1.7796,0,0
0.53178700208922,11950,1.78,0,0
0.53178666703378,11951,1.7804,0,0
0.531786332088,11952,1.7808,0,0
0.53178599725187,11953,1.7812,0,0
0.53178566252539,11954,1.7816,0,0
0.53178532790857,11955,1.782,0,0
0.5317849934014,11956,1.7824,0,0
0.53178465900388,11957,1.7828,0,0
0.53178432471602,11958,1.7832,0,0
0.53178399053781,11959,1.7836,0,0
0.53178365646926,11960,1.784,0,0
0.53178332251036,11961,1.7844,0,0
0.53178298866112,11962,1.7848,0,0
0.53178265492153,11963,1.7852,0,0
0.5317823212916,11964,1.7856,0,0
0.53178198777132,11965,1.786,0,0
0.5317816543607,11966,1.7864,0,0
0.53178132105974,11967,1.7868,0,0
0.53178098786843,11968,1.7872,0,0
0.53178065478678,11969,1.7876,0,0
0.53178032181478,11970,1.788,0,0
0.53177998895244,11971,1.7884,0,0
0.53177965619976,11972,1.7888,0,0
0.53177932355674,11973,1.7892,0,0
0.53177899102337,11974,1.7896,0,0
0.53177865859967,11975,1.79,0,0
0.53177832628562,11976,1.7904,0,0
0.53177799408122,11977,1.7908,0,0
0.53177766198649,11978,1.7912,0,0
0.53177733000142,11979,1.7916,0,0
0.531776998126,11980,1.792,0,0
0.53177666636024,11981,1.7924,0,0
0.53177633470415,11982,1.7928,0,0
0.53177600315771,11983,1.7932,0,0
0.53177567172093,11984,1.7936,0,0
0.53177534039381,11985,1.794,0,0
0.53177500917636,11986,1.7944,0,0
0.53177467806856,11987,1.7948,0,0
0.53177434707042,11988,1.7952,0,0
0.53177401618195,11989,1.7956,0,0
0.53177368540313,11990,1.796,0,0
0.53177335473398,11991,1.7964,0,0
0.53177302417449,11992,1.7968,0,0
0.53177269372466,11993,1.7972,0,0
0.53177236338449,11994,1.7976,0,0
0.53177203315398,11995,1.798,0,0
0.53177170303314,11996,1.7984,0,0
0.53177137302196,11997,1.7988,0,0
0.53177104312044,11998,1.7992,0,0
0.53177071332858,11999,1.7996,0,0
0.53177038364639,12000,1.8,0,0
0.53177005407386,12001,1.8004,0,0
0.53176972461099,12002,1.8008,0,0
0.53176939525779,12003,1.8012,0,0
0.53176906601425,12004,1.8016,0,0
0.53176873688038,12005,1.802,0,0
0.53176840785617,12006,1.8024,0,0
0.53176807894163,12007,1.8028,0,0
0.53176775013675,12008,1.8032,0,0
0.53176742144153,12009,1.8036,0,0
0.53176709285598,12010,1.804,0,0
0.5317667643801,12011,1.8044,0,0
0.53176643601388,12012,1.8048,0,0
0.53176610775733,12013,1.8052,0,0
0.53176577961044,12014,1.8056,0,0
0.53176545157322,12015,1.806,0,0
0.53176512364567,12016,1.8064,0,0
0.53176479582778,12017,1.8068,0,0
0.53176446811956,12018,1.8072,0,0
0.53176414052101,12019,1.8076,0,0
0.53176381303212,12020,1.808,0,0
0.53176348565291,12021,1.8084,0,0
0.53176315838336,12022,1.8088,0,0
0.53176283122347,12023,1.8092,0,0
0.53176250417326,12024,1.8096,0,0
0.53176217723272,12025,1.81,0,0
0.53176185040184,12026,1.8104,0,0
0.53176152368063,12027,1.8108,0,0
0.53176119706909,12028,1.8112,0,0
0.53176087056722,12029,1.8116,0,0
0.53176054417502,12030,1.812,0,0
0.53176021789249,12031,1.8124,0,0
0.53175989171964,12032,1.8128,0,0
0.53175956565645,12033,1.8132,0,0
0.53175923970293,12034,1.8136,0,0
0.53175891385908,12035,1.814,0,0
0.5317585881249,12036,1.8144,0,0
0.53175826250039,12037,1.8148,0,0
0.53175793698556,12038,1.8152,0,0
0.53175761158039,12039,1.8156,0,0
0.5317572862849,12040,1.816,0,0
0.53175696109908,12041,1.8164,0,0
0.53175663602293,12042,1.8168,0,0
0.53175631105645,12043,1.8172,0,0
0.53175598619965,12044,1.8176,0,0
0.53175566145251,12045,1.818,0,0
0.53175533681505,12046,1.8184,0,0
0.53175501228727,12047,1.8188,0,0
0.53175468786916,12048,1.8192,0,0
0.53175436356072,12049,1.8196,0,0
0.53175403936195,12050,1.82,0,0
0.53175371527286,12051,1.8204,0,0
0.53175339129344,12052,1.8208,0,0
0.5317530674237,12053,1.8212,0,0
0.53175274366363,12054,1.8216,0,0
0.53175242001323,12055,1.822,0,0
0.53175209647252,12056,1.8224,0,0
0.53175177304147,12057,1.8228,0,0
0.5317514497201,12058,1.8232,0,0
0.53175112650841,12059,1.8236,0,0
0.53175080340639,12060,1.824,0,0
0.53175048041405,12061,1.8244,0,0
0.53175015753139,12062,1.8248,0,0
0.5317498347584,12063,1.8252,0,0
0.53174951209508,12064,1.8256,0,0
0.53174918954145,12065,1.826,0,0
0.53174886709749,12066,1.8264,0,0
0.53174854476321,12067,1.8268,0,0
0.53174822253861,12068,1.8272,0,0
0.53174790042368,12069,1.8276,0,0
0.53174757841843,12070,1.828,0,0
0.53174725652286,12071,1.8284,0,0
0.53174693473697,12072,1.8288,0,0
0.53174661306076,12073,1.8292,0,0
0.53174629149422,12074,1.8296,0,0
0.53174597003737,12075,1.83,0,0
0.53174564869019,12076,1.8304,0,0
0.53174532745269,12077,1.8308,0,0
0.53174500632487,12078,1.8312,0,0
0.53174468530674,12079,1.8316,0,0
0.53174436439828,12080,1.832,0,0
0.5317440435995,12081,1.8324,0,0
0.5317437229104,12082,1.8328,0,0
0.53174340233098,12083,1.8332,0,0
0.53174308186125,12084,1.8336,0,0
0.53174276150119,12085,1.834,0,0
0.53174244125082,12086,1.8344,0,0
0.53174212111012,12087,1.8348,0,0
0.53174180107911,12088,1.8352,0,0
0.53174148115778,12089,1.8356,0,0
0.53174116134613,12090,1.836,0,0
0.53174084164417,12091,1.8364,0,0
0.53174052205188,12092,1.8368,0,0
0.53174020256928,12093,1.8372,0,0
0.53173988319637,12094,1.8376,0,0
0.53173956393313,12095,1.838,0,0
0.53173924477958,12096,1.8384,0,0
0.53173892573571,12097,1.8388,0,0
0.53173860680153,12098,1.8392,0,0
0.53173828797703,12099,1.8396,0,0
0.53173796926221,12100,1.84,0,0
0.53173765065708,12101,1.8404,0,0
0.53173733216163,12102,1.8408,0,0
0.53173701377587,12103,1.8412,0,0
0.53173669549979,12104,1.8416,0,0
0.53173637733339,12105,1.842,0,0
0.53173605927668,12106,1.8424,0,0
0.53173574132966,12107,1.8428,0,0
0.53173542349233,12108,1.8432,0,0
0.53173510576467,12109,1.8436,0,0
0.53173478814671,12110,1.844,0,0
0.53173447063843,12111,1.8444,0,0
0.53173415323984,12112,1.8448,0,0
0.53173383595093,12113,1.8452,0,0
0.53173351877171,12114,1.8456,0,0
0.53173320170218,12115,1.846,0,0
0.53173288474234,12116,1.8464,0,0
0.53173256789218,12117,1.8468,0,0
0.53173225115171,12118,1.8472,0,0
0.53173193452093,12119,1.8476,0,0
0.53173161799984,12120,1.848,0,0
0.53173130158843,12121,1.8484,0,0
0.53173098528672,12122,1.8488,0,0
0.53173066909469,12123,1.8492,0,0
0.53173035301235,12124,1.8496,0,0
0.5317300370397,12125,1.85,0,0
0.53172972117674,12126,1.8504,0,0
0.53172940542347,12127,1.8508,0,0
0.53172908977989,12128,1.8512,0,0
0.531728774246,12129,1.8516,0,0
0.5317284588218,12130,1.852,0,0
0.53172814350729,12131,1.8524,0,0
0.53172782830247,12132,1.8528,0,0
0.53172751320734,12133,1.8532,0,0
0.5317271982219,12134,1.8536,0,0
0.53172688334615,12135,1.854,0,0
0.5317265685801,12136,1.8544,0,0
0.53172625392373,12137,1.8548,0,0
0.53172593937706,12138,1.8552,0,0
0.53172562494008,12139,1.8556,0,0
0.53172531061279,12140,1.856,0,0
0.5317249963952,12141,1.8564,0,0
0.5317246822873,12142,1.8568,0,0
0.53172436828909,12143,1.8572,0,0
0.53172405440057,12144,1.8576,0,0
0.53172374062174,12145,1.858,0,0
0.53172342695261,12146,1.8584,0,0
0.53172311339318,12147,1.8588,0,0
0.53172279994343,12148,1.8592,0,0
0.53172248660338,12149,1.8596,0,0
0.53172217337303,12150,1.86,0,0
0.53172186025237,12151,1.8604,0,0
0.5317215472414,12152,1.8608,0,0
0.53172123434013,12153,1.8612,0,0
0.53172092154856,12154,1.8616,0,0
0.53172060886668,12155,1.862,0,0
0.53172029629449,12156,1.8624,0,0
0.531719983832,12157,1.8628,0,0
0.53171967147921,12158,1.8632,0,0
0.53171935923611,12159,1.8636,0,0
0.53171904710271,12160,1.864,0,0
0.531718735079,12161,1.8644,0,0
0.53171842316499,12162,1.8648,0,0
0.53171811136068,12163,1.8652,0,0
0.53171779966607,12164,1.8656,0,0
0.53171748808115,12165,1.866,0,0
0.53171717660593,12166,1.8664,0,0
0.5317168652404,12167,1.8668,0,0
0.53171655398458,12168,1.8672,0,0
0.53171624283845,12169,1.8676,0,0
0.53171593180202,12170,1.868,0,0
0.53171562087529,12171,1.8684,0,0
0.53171531005826,12172,1.8688,0,0
0.53171499935093,12173,1.8692,0,0
0.5317146887533,12174,1.8696,0,0
0.53171437826536,12175,1.87,0,0
0.53171406788713,12176,1.8704,0,0
0.53171375761859,12177,1.8708,0,0
0.53171344745976,12178,1.8712,0,0
0.53171313741062,12179,1.8716,0,0
0.53171282747119,12180,1.872,0,0
0.53171251764145,12181,1.8724,0,0
0.53171220792142,12182,1.8728,0,0
0.53171189831108,12183,1.8732,0,0
0.53171158881045,12184,1.8736,0,0
0.53171127941952,12185,1.874,0,0
0.53171097013829,12186,1.8744,0,0
0.53171066096676,12187,1.8748,0,0
0.53171035190494,12188,1.8752,0,0
0.53171004295281,12189,1.8756,0,0
0.53170973411039,12190,1.876,0,0
0.53170942537767,12191,1.8764,0,0
0.53170911675465,12192,1.8768,0,0
0.53170880824134,12193,1.8772,0,0
0.53170849983773,12194,1.8776,0,0
0.53170819154382,12195,1.878,0,0
0.53170788335961,12196,1.8784,0,0
0.53170757528511,12197,1.8788,0,0
0.53170726732032,12198,1.8792,0,0
0.53170695946522,12199,1.8796,0,0
0.53170665171983,12200,1.88,0,0
0.53170634408415,12201,1.8804,0,0
0.53170603655817,12202,1.8808,0,0
0.53170572914189,12203,1.8812,0,0
0.53170542183532,12204,1.8816,0,0
0.53170511463846,12205,1.882,0,0
0.5317048075513,12206,1.8824,0,0
0.53170450057385,12207,1.8828,0,0
0.5317041937061,12208,1.8832,0,0
0.53170388694806,12209,1.8836,0,0
0.53170358029972,12210,1.884,0,0
0.53170327376109,12211,1.8844,0,0
0.53170296733217,12212,1.8848,0,0
0.53170266101295,12213,1.8852,0,0
0.53170235480344,12214,1.8856,0,0
0.53170204870364,12215,1.886,0,0
0.53170174271354,12216,1.8864,0,0
0.53170143683316,12217,1.8868,0,0
0.53170113106248,12218,1.8872,0,0
0.53170082540151,12219,1.8876,0,0
0.53170051985024,12220,1.888,0,0
0.53170021440869,12221,1.8884,0,0
0.53169990907684,12222,1.8888,0,0
0.5316996038547,12223,1.8892,0,0
0.53169929874228,12224,1.8896,0,0
0.53169899373956,12225,1.89,0,0
0.53169868884655,12226,1.8904,0,0
0.53169838406324,12227,1.8908,0,0
0.53169807938965,12228,1.8912,0,0
0.53169777482577,12229,1.8916,0,0
0.5316974703716,12230,1.892,0,0
0.53169716602714,12231,1.8924,0,0
0.53169686179239,12232,1.8928,0,0
0.53169655766735,12233,1.8932,0,0
0.53169625365202,12234,1.8936,0,0
0.53169594974641,12235,1.894,0,0
0.5316956459505,12236,1.8944,0,0
0.5316953422643,12237,1.8948,0,0
0.53169503868782,12238,1.8952,0,0
0.53169473522105,12239,1.8956,0,0
0.53169443186399,12240,1.896,0,0
0.53169412861664,12241,1.8964,0,0
0.53169382547901,12242,1.8968,0,0
0.53169352245109,12243,1.8972,0,0
0.53169321953288,12244,1.8976,0,0
0.53169291672438,12245,1.898,0,0
0.5316926140256,12246,1.8984,0,0
0.53169231143653,12247,1.8988,0,0
0.53169200895718,12248,1.8992,0,0
0.53169170658754,12249,1.8996,0,0
0.53169140432761,12250,1.9,0,0
0.53169110217739,12251,1.9004,0,0
0.5316908001369,12252,1.9008,0,0
0.53169049820611,12253,1.9012,0,0
0.53169019638504,12254,1.9016,0,0
0.53168989467369,12255,1.902,0,0
0.53168959307205,12256,1.9024,0,0
0.53168929158012,12257,1.9028,0,0
0.53168899019792,12258,1.9032,0,0
0.53168868892542,12259,1.9036,0,0
0.53168838776265,12260,1.904,0,0
0.53168808670959,12261,1.9044,0,0
0.53168778576624,12262,1.9048,0,0
0.53168748493261,12263,1.9052,0,0
0.5316871842087,12264,1.9056,0,0
0.53168688359451,12265,1.906,0,0
0.53168658309003,12266,1.9064,0,0
0.53168628269527,12267,1.9068,0,0
0.53168598241023,12268,1.9072,0,0
0.53168568223491,12269,1.9076,0,0
0.5316853821693,12270,1.908,0,0
0.53168508221341,12271,1.9084,0,0
0.53168478236724,12272,1.9088,0,0
0.53168448263079,12273,1.9092,0,0
0.53168418300406,12274,1.9096,0,0
0.53168388348704,12275,1.91,0,0
0.53168358407975,12276,1.9104,0,0
0.53168328478217,12277,1.9108,0,0
0.53168298559432,12278,1.9112,0,0
0.53168268651618,12279,1.9116,0,0
0.53168238754776,12280,1.912,0,0
0.53168208868907,12281,1.9124,0,0
0.53168178994009,12282,1.9128,0,0
0.53168149130084,12283,1.9132,0,0
0.5316811927713,12284,1.9136,0,0
0.53168089435149,12285,1.914,0,0
0.53168059604139,12286,1.9144,0,0
0.53168029784102,12287,1.9148,0,0
0.53167999975037,12288,1.9152,0,0
0.53167970176944,12289,1.9156,0,0
0.53167940389823,12290,1.916,0,0
0.53167910613675,12291,1.9164,0,0
0.53167880848498,12292,1.9168,0,0
0.53167851094294,12293,1.9172,0,0
0.53167821351062,12294,1.9176,0,0
0.53167791618803,12295,1.918,0,0
0.53167761897515,12296,1.9184,0,0
0.531677321872,12297,1.9188,0,0
0.53167702487858,12298,1.9192,0,0
0.53167672799487,12299,1.9196,0,0
0.53167643122089,12300,1.92,0,0
0.53167613455664,12301,1.9204,0,0
0.5316758380021,12302,1.9208,0,0
0.5316755415573,12303,1.9212,0,0
0.53167524522221,12304,1.9216,0,0
0.53167494899686,12305,1.922,0,0
0.53167465288122,12306,1.9224,0,0
0.53167435687531,12307,1.9228,0,0
0.53167406097913,12308,1.9232,0,0
0.53167376519267,12309,1.9236,0,0
0.53167346951594,12310,1.924,0,0
0.53167317394893,12311,1.9244,0,0
0.53167287849165,12312,1.9248,0,0
0.5316725831441,12313,1.9252,0,0
0.53167228790627,12314,1.9256,0,0
0.53167199277817,12315,1.926,0,0
0.53167169775979,12316,1.9264,0,0
0.53167140285114,12317,1.9268,0,0
0.53167110805222,12318,1.9272,0,0
0.53167081336303,12319,1.9276,0,0
0.53167051878356,12320,1.928,0,0
0.53167022431382,12321,1.9284,0,0
0.53166992995381,12322,1.9288,0,0
0.53166963570353,12323,1.9292,0,0
0.53166934156298,12324,1.9296,0,0
0.53166904753215,12325,1.93,0,0
0.53166875361105,12326,1.9304,0,0
0.53166845979968,12327,1.9308,0,0
0.53166816609805,12328,1.9312,0,0
0.53166787250613,12329,1.9316,0,0
0.53166757902395,12330,1.932,0,0
0.5316672856515,12331,1.9324,0,0
0.53166699238878,12332,1.9328,0,0
0.53166669923579,12333,1.9332,0,0
0.53166640619253,12334,1.9336,0,0
0.531666113259,12335,1.934,0,0
0.5316658204352,12336,1.9344,0,0
0.53166552772112,12337,1.9348,0,0
0.53166523511679,12338,1.9352,0,0
0.53166494262218,12339,1.9356,0,0
0.5316646502373,12340,1.936,0,0
0.53166435796215,12341,1.9364,0,0
0.53166406579674,12342,1.9368,0,0
0.53166377374106,12343,1.9372,0,0
0.53166348179511,12344,1.9376,0,0
0.53166318995889,12345,1.938,0,0
0.53166289823241,12346,1.9384,0,0
0.53166260661565,12347,1.9388,0,0
0.53166231510863,12348,1.9392,0,0
0.53166202371135,12349,1.9396,0,0
0.53166173242379,12350,1.94,0,0
0.53166144124597,12351,1.9404,0,0
0.53166115017788,12352,1.9408,0,0
0.53166085921953,12353,1.9412,0,0
0.53166056837091,12354,1.9416,0,0
0.53166027763202,12355,1.942,0,0
0.53165998700287,12356,1.9424,0,0
0.53165969648346,12357,1.9428,0,0
0.53165940607377,12358,1.9432,0,0
0.53165911577383,12359,1.9436,0,0
0.53165882558361,12360,1.944,0,0
0.53165853550314,12361,1.9444,0,0
0.5316582455324,12362,1.9448,0,0
0.53165795567139,12363,1.9452,0,0
0.53165766592012,12364,1.9456,0,0
0.53165737627858,12365,1.946,0,0
0.53165708674679,12366,1.9464,0,0
0.53165679732472,12367,1.9468,0,0
0.5316565080124,12368,1.9472,0,0
0.53165621880981,12369,1.9476,0,0
0.53165592971696,12370,1.948,0,0
0.53165564073384,12371,1.9484,0,0
0.53165535186047,12372,1.9488,0,0
0.53165506309683,12373,1.9492,0,0
0.53165477444292,12374,1.9496,0,0
0.53165448589876,12375,1.95,0,0
0.53165419746433,12376,1.9504,0,0
0.53165390913964,12377,1.9508,0,0
0.53165362092469,12378,1.9512,0,0
0.53165333281948,12379,1.9516,0,0
0.53165304482401,12380,1.952,0,0
0.53165275693827,12381,1.9524,0,0
0.53165246916228,12382,1.9528,0,0
0.53165218149602,12383,1.9532,0,0
0.53165189393951,12384,1.9536,0,0
0.53165160649273,12385,1.954,0,0
0.53165131915569,12386,1.9544,0,0
0.5316510319284,12387,1.9548,0,0
0.53165074481084,12388,1.9552,0,0
0.53165045780302,12389,1.9556,0,0
0.53165017090495,12390,1.956,0,0
0.53164988411661,12391,1.9564,0,0
0.53164959743802,12392,1.9568,0,0
0.53164931086917,12393,1.9572,0,0
0.53164902441006,12394,1.9576,0,0
0.53164873806069,12395,1.958,0,0
0.53164845182106,12396,1.9584,0,0
0.53164816569117,12397,1.9588,0,0
0.53164787967103,12398,1.9592,0,0
0.53164759376063,12399,1.9596,0,0
0.53164730795997,12400,1.96,0,0
0.53164702226905,12401,1.9604,0,0
0.53164673668788,12402,1.9608,0,0
0.53164645121644,12403,1.9612,0,0
0.53164616585476,12404,1.9616,0,0
0.53164588060281,12405,1.962,0,0
0.53164559546061,12406,1.9624,0,0
0.53164531042815,12407,1.9628,0,0
0.53164502550544,12408,1.9632,0,0
0.53164474069247,12409,1.9636,0,0
0.53164445598925,12410,1.964,0,0
0.53164417139577,12411,1.9644,0,0
0.53164388691203,12412,1.9648,0,0
0.53164360253804,12413,1.9652,0,0
0.53164331827379,12414,1.9656,0,0
0.53164303411929,12415,1.966,0,0
0.53164275007454,12416,1.9664,0,0
0.53164246613953,12417,1.9668,0,0
0.53164218231426,12418,1.9672,0,0
0.53164189859874,12419,1.9676,0,0
0.53164161499297,12420,1.968,0,0
0.53164133149694,12421,1.9684,0,0
0.53164104811066,12422,1.9688,0,0
0.53164076483413,12423,1.9692,0,0
0.53164048166735,12424,1.9696,0,0
0.53164019861031,12425,1.97,0,0
0.53163991566302,12426,1.9704,0,0
0.53163963282547,12427,1.9708,0,0
0.53163935009767,12428,1.9712,0,0
0.53163906747962,12429,1.9716,0,0
0.53163878497132,12430,1.972,0,0
0.53163850257277,12431,1.9724,0,0
0.53163822028396,12432,1.9728,0,0
0.53163793810491,12433,1.9732,0,0
0.5316376560356,12434,1.9736,0,0
0.53163737407604,12435,1.974,0,0
0.53163709222623,12436,1.9744,0,0
0.53163681048617,12437,1.9748,0,0
0.53163652885586,12438,1.9752,0,0
0.5316362473353,12439,1.9756,0,0
0.53163596592449,12440,1.976,0,0
0.53163568462342,12441,1.9764,0,0
0.53163540343211,12442,1.9768,0,0
0.53163512235055,12443,1.9772,0,0
0.53163484137874,12444,1.9776,0,0
0.53163456051668,12445,1.978,0,0
0.53163427976437,12446,1.9784,0,0
0.53163399912181,12447,1.9788,0,0
0.531633718589,12448,1.9792,0,0
0.53163343816594,12449,1.9796,0,0
0.53163315785264,12450,1.98,0,0
0.53163287764909,12451,1.9804,0,0
0.53163259755529,12452,1.9808,0,0
0.53163231757124,12453,1.9812,0,0
0.53163203769694,12454,1.9816,0,0
0.5316317579324,12455,1.982,0,0
0.5316314782776,12456,1.9824,0,0
0.53163119873257,12457,1.9828,0,0
0.53163091929728,12458,1.9832,0,0
0.53163063997175,12459,1.9836,0,0
0.53163036075597,12460,1.984,0,0
0.53163008164994,12461,1.9844,0,0
0.53162980265367,12462,1.9848,0,0
0.53162952376715,12463,1.9852,0,0
0.53162924499039,12464,1.9856,0,0
0.53162896632338,12465,1.986,0,0
0.53162868776612,12466,1.9864,0,0
0.53162840931862,12467,1.9868,0,0
0.53162813098087,12468,1.9872,0,0
0.53162785275288,12469,1.9876,0,0
0.53162757463465,12470,1.988,0,0
0.53162729662617,12471,1.9884,0,0
0.53162701872744,12472,1.9888,0,0
0.53162674093847,12473,1.9892,0,0
0.53162646325926,12474,1.9896,0,0
0.5316261856898,12475,1.99,0,0
0.5316259082301,12476,1.9904,0,0
0.53162563088015,12477,1.9908,0,0
0.53162535363996,12478,1.9912,0,0
0.53162507650953,12479,1.9916,0,0
0.53162479948886,12480,1.992,0,0
0.53162452257794,12481,1.9924,0,0
0.53162424577678,12482,1.9928,0,0
0.53162396908538,12483,1.9932,0,0
0.53162369250373,12484,1.9936,0,0
0.53162341603184,12485,1.994,0,0
0.53162313966972,12486,1.9944,0,0
0.53162286341734,12487,1.9948,0,0
0.53162258727473,12488,1.9952,0,0
0.53162231124188,12489,1.9956,0,0
0.53162203531878,12490,1.996,0,0
0.53162175950544,12491,1.9964,0,0
0.53162148380187,12492,1.9968,0,0
0.53162120820805,12493,1.9972,0,0
0.53162093272399,12494,1.9976,0,0
0.53162065734969,12495,1.998,0,0
0.53162038208515,12496,1.9984,0,0
0.53162010693037,12497,1.9988,0,0
0.53161983188535,12498,1.9992,0,0
0.53161955695009,12499,1.9996,0,0
0.53161928212459,12500,2,0,0
0.53161900740885,12501,2.0004,0,0
0.53161873280288,12502,2.0008,0,0
0.53161845830666,12503,2.0012,0,0
0.53161818392021,12504,2.0016,0,0
0.53161790964351,12505,2.002,0,0
0.53161763547658,12506,2.0024,0,0
0.53161736141941,12507,2.0028,0,0
0.531617087472,12508,2.0032,0,0
0.53161681363435,12509,2.0036,0,0
0.53161653990647,12510,2.004,0,0
0.53161626628835,12511,2.0044,0,0
0.53161599277999,12512,2.0048,0,0
0.53161571938139,12513,2.0052,0,0
0.53161544609256,12514,2.0056,0,0
0.53161517291349,12515,2.006,0,0
0.53161489984418,12516,2.0064,0,0
0.53161462688464,12517,2.0068,0,0
0.53161435403486,12518,2.0072,0,0
0.53161408129484,12519,2.0076,0,0
0.53161380866459,12520,2.008,0,0
0.5316135361441,12521,2.0084,0,0
0.53161326373338,12522,2.0088,0,0
0.53161299143242,12523,2.0092,0,0
0.53161271924123,12524,2.0096,0,0
0.5316124471598,12525,2.01,0,0
0.53161217518813,12526,2.0104,0,0
0.53161190332623,12527,2.0108,0,0
0.5316116315741,12528,2.0112,0,0
0.53161135993173,12529,2.0116,0,0
0.53161108839913,12530,2.012,0,0
0.53161081697629,12531,2.0124,0,0
0.53161054566322,12532,2.0128,0,0
0.53161027445992,12533,2.0132,0,0
0.53161000336638,12534,2.0136,0,0
0.53160973238261,12535,2.014,0,0
0.53160946150861,12536,2.0144,0,0
0.53160919074437,12537,2.0148,0,0
0.5316089200899,12538,2.0152,0,0
0.5316086495452,12539,2.0156,0,0
0.53160837911026,12540,2.016,0,0
0.5316081087851,12541,2.0164,0,0
0.5316078385697,12542,2.0168,0,0
0.53160756846407,12543,2.0172,0,0
0.5316072984682,12544,2.0176,0,0
0.53160702858211,12545,2.018,0,0
0.53160675880578,12546,2.0184,0,0
0.53160648913922,12547,2.0188,0,0
0.53160621958243,12548,2.0192,0,0
0.53160595013542,12549,2.0196,0,0
0.53160568079816,12550,2.02,0,0
0.53160541157068,12551,2.0204,0,0
0.53160514245297,12552,2.0208,0,0
0.53160487344503,12553,2.0212,0,0
0.53160460454686,12554,2.0216,0,0
0.53160433575846,12555,2.022,0,0
0.53160406707983,12556,2.0224,0,0
0.53160379851097,12557,2.0228,0,0
0.53160353005188,12558,2.0232,0,0
0.53160326170256,12559,2.0236,0,0
0.53160299346301,12560,2.024,0,0
0.53160272533323,12561,2.0244,0,0
0.53160245731323,12562,2.0248,0,0
0.53160218940299,12563,2.0252,0,0
0.53160192160253,12564,2.0256,0,0
0.53160165391184,12565,2.026,0,0
0.53160138633092,12566,2.0264,0,0
0.53160111885977,12567,2.0268,0,0
0.5316008514984,12568,2.0272,0,0
0.5316005842468,12569,2.0276,0,0
0.53160031710497,12570,2.028,0,0
0.53160005007291,12571,2.0284,0,0
0.53159978315063,12572,2.0288,0,0
0.53159951633812,12573,2.0292,0,0
0.53159924963538,12574,2.0296,0,0
0.53159898304242,12575,2.03,0,0
0.53159871655923,12576,2.0304,0,0
0.53159845018581,12577,2.0308,0,0
0.53159818392217,12578,2.0312,0,0
0.53159791776831,12579,2.0316,0,0
0.53159765172421,12580,2.032,0,0
0.5315973857899,12581,2.0324,0,0
0.53159711996535,12582,2.0328,0,0
0.53159685425059,12583,2.0332,0,0
0.53159658864559,12584,2.0336,0,0
0.53159632315037,12585,2.034,0,0
0.53159605776493,12586,2.0344,0,0
0.53159579248927,12587,2.0348,0,0
0.53159552732337,12588,2.0352,0,0
0.53159526226726,12589,2.0356,0,0
0.53159499732092,12590,2.036,0,0
0.53159473248436,12591,2.0364,0,0
0.53159446775757,12592,2.0368,0,0
0.53159420314056,12593,2.0372,0,0
0.53159393863333,12594,2.0376,0,0
0.53159367423587,12595,2.038,0,0
0.5315934099482,12596,2.0384,0,0
0.53159314577029,12597,2.0388,0,0
0.53159288170217,12598,2.0392,0,0
0.53159261774382,12599,2.0396,0,0
0.53159235389526,12600,2.04,0,0
0.53159209015647,12601,2.0404,0,0
0.53159182652745,12602,2.0408,0,0
0.53159156300822,12603,2.0412,0,0
0.53159129959877,12604,2.0416,0,0
0.53159103629909,12605,2.042,0,0
0.53159077310919,12606,2.0424,0,0
0.53159051002907,12607,2.0428,0,0
0.53159024705873,12608,2.0432,0,0
0.53158998419817,12609,2.0436,0,0
0.53158972144739,12610,2.044,0,0
0.53158945880639,12611,2.0444,0,0
0.53158919627517,12612,2.0448,0,0
0.53158893385373,12613,2.0452,0,0
0.53158867154207,12614,2.0456,0,0
0.53158840934019,12615,2.046,0,0
0.53158814724809,12616,2.0464,0,0
0.53158788526577,12617,2.0468,0,0
0.53158762339323,12618,2.0472,0,0
0.53158736163048,12619,2.0476,0,0
0.5315870999775,12620,2.048,0,0
0.53158683843431,12621,2.0484,0,0
0.53158657700089,12622,2.0488,0,0
0.53158631567726,12623,2.0492,0,0
0.53158605446341,12624,2.0496,0,0
0.53158579335935,12625,2.05,0,0
0.53158553236506,12626,2.0504,0,0
0.53158527148056,12627,2.0508,0,0
0.53158501070584,12628,2.0512,0,0
0.5315847500409,12629,2.0516,0,0
0.53158448948575,12630,2.052,0,0
0.53158422904037,12631,2.0524,0,0
0.53158396870479,12632,2.0528,0,0
0.53158370847898,12633,2.0532,0,0
0.53158344836296,12634,2.0536,0,0
0.53158318835672,12635,2.054,0,0
0.53158292846027,12636,2.0544,0,0
0.5315826686736,12637,2.0548,0,0
0.53158240899672,12638,2.0552,0,0
0.53158214942961,12639,2.0556,0,0
0.5315818899723,12640,2.056,0,0
0.53158163062477,12641,2.0564,0,0
0.53158137138702,12642,2.0568,0,0
0.53158111225906,12643,2.0572,0,0
0.53158085324088,12644,2.0576,0,0
0.53158059433249,12645,2.058,0,0
0.53158033553389,12646,2.0584,0,0
0.53158007684507,12647,2.0588,0,0
0.53157981826603,12648,2.0592,0,0
0.53157955979679,12649,2.0596,0,0
0.53157930143733,12650,2.06,0,0
0.53157904318765,12651,2.0604,0,0
0.53157878504776,12652,2.0608,0,0
0.53157852701766,12653,2.0612,0,0
0.53157826909735,12654,2.0616,0,0
0.53157801128682,12655,2.062,0,0
0.53157775358608,12656,2.0624,0,0
0.53157749599513,12657,2.0628,0,0
0.53157723851396,12658,2.0632,0,0
0.53157698114258,12659,2.0636,0,0
0.53157672388099,12660,2.064,0,0
0.53157646672919,12661,2.0644,0,0
0.53157620968718,12662,2.0648,0,0
0.53157595275495,12663,2.0652,0,0
0.53157569593252,12664,2.0656,0,0
0.53157543921987,12665,2.066,0,0
0.53157518261701,12666,2.0664,0,0
0.53157492612394,12667,2.0668,0,0
0.53157466974066,12668,2.0672,0,0
0.53157441346717,12669,2.0676,0,0
0.53157415730347,12670,2.068,0,0
0.53157390124956,12671,2.0684,0,0
0.53157364530544,12672,2.0688,0,0
0.53157338947111,12673,2.0692,0,0
0.53157313374656,12674,2.0696,0,0
0.53157287813181,12675,2.07,0,0
0.53157262262685,12676,2.0704,0,0
0.53157236723168,12677,2.0708,0,0
0.5315721119463,12678,2.0712,0,0
0.53157185677072,12679,2.0716,0,0
0.53157160170492,12680,2.072,0,0
0.53157134674891,12681,2.0724,0,0
0.5315710919027,12682,2.0728,0,0
0.53157083716628,12683,2.0732,0,0
0.53157058253965,12684,2.0736,0,0
0.53157032802281,12685,2.074,0,0
0.53157007361576,12686,2.0744,0,0
0.53156981931851,12687,2.0748,0,0
0.53156956513105,12688,2.0752,0,0
0.53156931105338,12689,2.0756,0,0
0.5315690570855,12690,2.076,0,0
0.53156880322742,12691,2.0764,0,0
0.53156854947913,12692,2.0768,0,0
0.53156829584064,12693,2.0772,0,0
0.53156804231193,12694,2.0776,0,0
0.53156778889302,12695,2.078,0,0
0.53156753558391,12696,2.0784,0,0
0.53156728238459,12697,2.0788,0,0
0.53156702929506,12698,2.0792,0,0
0.53156677631533,12699,2.0796,0,0
0.53156652344539,12700,2.08,0,0
0.53156627068525,12701,2.0804,0,0
0.5315660180349,12702,2.0808,0,0
0.53156576549434,12703,2.0812,0,0
0.53156551306359,12704,2.0816,0,0
0.53156526074262,12705,2.082,0,0
0.53156500853146,12706,2.0824,0,0
0.53156475643008,12707,2.0828,0,0
0.53156450443851,12708,2.0832,0,0
0.53156425255673,12709,2.0836,0,0
0.53156400078474,12710,2.084,0,0
0.53156374912255,12711,2.0844,0,0
0.53156349757016,12712,2.0848,0,0
0.53156324612757,12713,2.0852,0,0
0.53156299479477,12714,2.0856,0,0
0.53156274357177,12715,2.086,0,0
0.53156249245856,12716,2.0864,0,0
0.53156224145516,12717,2.0868,0,0
0.53156199056155,12718,2.0872,0,0
0.53156173977773,12719,2.0876,0,0
0.53156148910372,12720,2.088,0,0
0.5315612385395,12721,2.0884,0,0
0.53156098808508,12722,2.0888,0,0
0.53156073774046,12723,2.0892,0,0
0.53156048750564,12724,2.0896,0,0
0.53156023738062,12725,2.09,0,0
0.53155998736539,12726,2.0904,0,0
0.53155973745997,12727,2.0908,0,0
0.53155948766434,12728,2.0912,0,0
0.53155923797851,12729,2.0916,0,0
0.53155898840249,12730,2.092,0,0
0.53155873893626,12731,2.0924,0,0
0.53155848957983,12732,2.0928,0,0
0.5315582403332,12733,2.0932,0,0
0.53155799119637,12734,2.0936,0,0
0.53155774216934,12735,2.094,0,0
0.53155749325211,12736,2.0944,0,0
0.53155724444468,12737,2.0948,0,0
0.53155699574706,12738,2.0952,0,0
0.53155674715923,12739,2.0956,0,0
0.5315564986812,12740,2.096,0,0
0.53155625031298,12741,2.0964,0,0
0.53155600205455,12742,2.0968,0,0
0.53155575390593,12743,2.0972,0,0
0.53155550586711,12744,2.0976,0,0
0.53155525793809,12745,2.098,0,0
0.53155501011887,12746,2.0984,0,0
0.53155476240946,12747,2.0988,0,0
0.53155451480985,12748,2.0992,0,0
0.53155426732004,12749,2.0996,0,0
0.53155401994003,12750,2.1,0,0
0.53155377266982,12751,2.1004,0,0
0.53155352550942,12752,2.1008,0,0
0.53155327845882,12753,2.1012,0,0
0.53155303151803,12754,2.1016,0,0
0.53155278468703,12755,2.102,0,0
0.53155253796584,12756,2.1024,0,0
0.53155229135446,12757,2.1028,0,0
0.53155204485288,12758,2.1032,0,0
0.5315517984611,12759,2.1036,0,0
0.53155155217912,12760,2.104,0,0
0.53155130600695,12761,2.1044,0,0
0.53155105994459,12762,2.1048,0,0
0.53155081399203,12763,2.1052,0,0
0.53155056814927,12764,2.1056,0,0
0.53155032241632,12765,2.106,0,0
0.53155007679318,12766,2.1064,0,0
0.53154983127984,12767,2.1068,0,0
0.5315495858763,12768,2.1072,0,0
0.53154934058257,12769,2.1076,0,0
0.53154909539865,12770,2.108,0,0
0.53154885032453,12771,2.1084,0,0
0.53154860536022,12772,2.1088,0,0
0.53154836050571,12773,2.1092,0,0
0.53154811576101,12774,2.1096,0,0
0.53154787112612,12775,2.11,0,0
0.53154762660104,12776,2.1104,0,0
0.53154738218576,12777,2.1108,0,0
0.53154713788028,12778,2.1112,0,0
0.53154689368462,12779,2.1116,0,0
0.53154664959876,12780,2.112,0,0
0.53154640562271,12781,2.1124,0,0
0.53154616175647,12782,2.1128,0,0
0.53154591800003,12783,2.1132,0,0
0.5315456743534,12784,2.1136,0,0
0.53154543081659,12785,2.114,0,0
0.53154518738957,12786,2.1144,0,0
0.53154494407237,12787,2.1148,0,0
0.53154470086498,12788,2.1152,0,0
0.53154445776739,12789,2.1156,0,0
0.53154421477962,12790,2.116,0,0
0.53154397190165,12791,2.1164,0,0
0.53154372913349,12792,2.1168,0,0
0.53154348647514,12793,2.1172,0,0
0.5315432439266,12794,2.1176,0,0
0.53154300148787,12795,2.118,0,0
0.53154275915895,12796,2.1184,0,0
0.53154251693984,12797,2.1188,0,0
0.53154227483054,12798,2.1192,0,0
0.53154203283105,12799,2.1196,0,0
0.53154179094137,12800,2.12,0,0
0.53154154916151,12801,2.1204,0,0
0.53154130749145,12802,2.1208,0,0
0.5315410659312,12803,2.1212,0,0
0.53154082448076,12804,2.1216,0,0
0.53154058314014,12805,2.122,0,0
0.53154034190933,12806,2.1224,0,0
0.53154010078832,12807,2.1228,0,0
0.53153985977713,12808,2.1232,0,0
0.53153961887576,12809,2.1236,0,0
0.53153937808419,12810,2.124,0,0
0.53153913740243,12811,2.1244,0,0
0.53153889683049,12812,2.1248,0,0
0.53153865636836,12813,2.1252,0,0
0.53153841601605,12814,2.1256,0,0
0.53153817577354,12815,2.126,0,0
0.53153793564085,12816,2.1264,0,0
0.53153769561797,12817,2.1268,0,0
0.53153745570491,12818,2.1272,0,0
0.53153721590166,12819,2.1276,0,0
0.53153697620822,12820,2.128,0,0
0.53153673662459,12821,2.1284,0,0
0.53153649715078,12822,2.1288,0,0
0.53153625778679,12823,2.1292,0,0
0.5315360185326,12824,2.1296,0,0
0.53153577938823,12825,2.13,0,0
0.53153554035368,12826,2.1304,0,0
0.53153530142894,12827,2.1308,0,0
0.53153506261402,12828,2.1312,0,0
0.53153482390891,12829,2.1316,0,0
0.53153458531361,12830,2.132,0,0
0.53153434682813,12831,2.1324,0,0
0.53153410845247,12832,2.1328,0,0
0.53153387018662,12833,2.1332,0,0
0.53153363203059,12834,2.1336,0,0
0.53153339398437,12835,2.134,0,0
0.53153315604797,12836,2.1344,0,0
0.53153291822139,12837,2.1348,0,0
0.53153268050462,12838,2.1352,0,0
0.53153244289767,12839,2.1356,0,0
0.53153220540053,12840,2.136,0,0
0.53153196801321,12841,2.1364,0,0
0.53153173073571,12842,2.1368,0,0
0.53153149356803,12843,2.1372,0,0
0.53153125651016,12844,2.1376,0,0
0.53153101956211,12845,2.138,0,0
0.53153078272387,12846,2.1384,0,0
0.53153054599546,12847,2.1388,0,0
0.53153030937686,12848,2.1392,0,0
0.53153007286808,12849,2.1396,0,0
0.53152983646912,12850,2.14,0,0
0.53152960017998,12851,2.1404,0,0
0.53152936400066,12852,2.1408,0,0
0.53152912793115,12853,2.1412,0,0
0.53152889197146,12854,2.1416,0,0
0.53152865612159,12855,2.142,0,0
0.53152842038155,12856,2.1424,0,0
0.53152818475132,12857,2.1428,0,0
0.53152794923091,12858,2.1432,0,0
0.53152771382031,12859,2.1436,0,0
0.53152747851954,12860,2.144,0,0
0.53152724332859,12861,2.1444,0,0
0.53152700824746,12862,2.1448,0,0
0.53152677327615,12863,2.1452,0,0
0.53152653841466,12864,2.1456,0,0
0.53152630366299,12865,2.146,0,0
0.53152606902114,12866,2.1464,0,0
0.53152583448911,12867,2.1468,0,0
0.5315256000669,12868,2.1472,0,0
0.53152536575451,12869,2.1476,0,0
0.53152513155194,12870,2.148,0,0
0.5315248974592,12871,2.1484,0,0
0.53152466347627,12872,2.1488,0,0
0.53152442960317,12873,2.1492,0,0
0.53152419583989,12874,2.1496,0,0
0.53152396218643,12875,2.15,0,0
0.5315237286428,12876,2.1504,0,0
0.53152349520898,12877,2.1508,0,0
0.53152326188499,12878,2.1512,0,0
0.53152302867082,12879,2.1516,0,0
0.53152279556647,12880,2.152,0,0
0.53152256257195,12881,2.1524,0,0
0.53152232968725,12882,2.1528,0,0
0.53152209691237,12883,2.1532,0,0
0.53152186424732,12884,2.1536,0,0
0.53152163169208,12885,2.154,0,0
0.53152139924668,12886,2.1544,0,0
0.53152116691109,12887,2.1548,0,0
0.53152093468533,12888,2.1552,0,0
0.5315207025694,12889,2.1556,0,0
0.53152047056328,12890,2.156,0,0
0.531520238667,12891,2.1564,0,0
0.53152000688053,12892,2.1568,0,0
0.53151977520389,12893,2.1572,0,0
0.53151954363708,12894,2.1576,0,0
0.53151931218009,12895,2.158,0,0
0.53151908083293,12896,2.1584,0,0
0.53151884959559,12897,2.1588,0,0
0.53151861846808,12898,2.1592,0,0
0.53151838745039,12899,2.1596,0,0
0.53151815654253,12900,2.16,0,0
0.53151792574449,12901,2.1604,0,0
0.53151769505628,12902,2.1608,0,0
0.5315174644779,12903,2.1612,0,0
0.53151723400934,12904,2.1616,0,0
0.53151700365061,12905,2.162,0,0
0.5315167734017,12906,2.1624,0,0
0.53151654326262,12907,2.1628,0,0
0.53151631323337,12908,2.1632,0,0
0.53151608331395,12909,2.1636,0,0
0.53151585350435,12910,2.164,0,0
0.53151562380458,12911,2.1644,0,0
0.53151539421464,12912,2.1648,0,0
0.53151516473452,12913,2.1652,0,0
0.53151493536423,12914,2.1656,0,0
0.53151470610377,12915,2.166,0,0
0.53151447695314,12916,2.1664,0,0
0.53151424791234,12917,2.1668,0,0
0.53151401898136,12918,2.1672,0,0
0.53151379016022,12919,2.1676,0,0
0.5315135614489,12920,2.168,0,0
0.53151333284741,12921,2.1684,0,0
0.53151310435575,12922,2.1688,0,0
0.53151287597392,12923,2.1692,0,0
0.53151264770192,12924,2.1696,0,0
0.53151241953975,12925,2.17,0,0
0.5315121914874,12926,2.1704,0,0
0.53151196354489,12927,2.1708,0,0
0.53151173571221,12928,2.1712,0,0
0.53151150798935,12929,2.1716,0,0
0.53151128037633,12930,2.172,0,0
0.53151105287313,12931,2.1724,0,0
0.53151082547977,12932,2.1728,0,0
0.53151059819624,12933,2.1732,0,0
0.53151037102254,12934,2.1736,0,0
0.53151014395867,12935,2.174,0,0
0.53150991700463,12936,2.1744,0,0
0.53150969016042,12937,2.1748,0,0
0.53150946342604,12938,2.1752,0,0
0.53150923680149,12939,2.1756,0,0
0.53150901028678,12940,2.176,0,0
0.5315087838819,12941,2.1764,0,0
0.53150855758684,12942,2.1768,0,0
0.53150833140163,12943,2.1772,0,0
0.53150810532624,12944,2.1776,0,0
0.53150787936068,12945,2.178,0,0
0.53150765350496,12946,2.1784,0,0
0.53150742775907,12947,2.1788,0,0
0.53150720212301,12948,2.1792,0,0
0.53150697659679,12949,2.1796,0,0
0.5315067511804,12950,2.18,0,0
0.53150652587384,12951,2.1804,0,0
0.53150630067712,12952,2.1808,0,0
0.53150607559022,12953,2.1812,0,0
0.53150585061317,12954,2.1816,0,0
0.53150562574594,12955,2.182,0,0
0.53150540098855,12956,2.1824,0,0
0.531505176341,12957,2.1828,0,0
0.53150495180327,12958,2.1832,0,0
0.53150472737539,12959,2.1836,0,0
0.53150450305733,12960,2.184,0,0
0.53150427884911,12961,2.1844,0,0
0.53150405475073,12962,2.1848,0,0
0.53150383076218,12963,2.1852,0,0
0.53150360688347,12964,2.1856,0,0
0.53150338311459,12965,2.186,0,0
0.53150315945555,12966,2.1864,0,0
0.53150293590634,12967,2.1868,0,0
0.53150271246697,12968,2.1872,0,0
0.53150248913743,12969,2.1876,0,0
0.53150226591773,12970,2.188,0,0
0.53150204280786,12971,2.1884,0,0
0.53150181980783,12972,2.1888,0,0
0.53150159691764,12973,2.1892,0,0
0.53150137413729,12974,2.1896,0,0
0.53150115146677,12975,2.19,0,0
0.53150092890609,12976,2.1904,0,0
0.53150070645524,12977,2.1908,0,0
0.53150048411423,12978,2.1912,0,0
0.53150026188306,12979,2.1916,0,0
0.53150003976173,12980,2.192,0,0
0.53149981775023,12981,2.1924,0,0
0.53149959584857,12982,2.1928,0,0
0.53149937405675,12983,2.1932,0,0
0.53149915237477,12984,2.1936,0,0
0.53149893080262,12985,2.194,0,0
0.53149870934032,12986,2.1944,0,0
0.53149848798785,12987,2.1948,0,0
0.53149826674522,12988,2.1952,0,0
0.53149804561243,12989,2.1956,0,0
0.53149782458947,12990,2.196,0,0
0.53149760367636,12991,2.1964,0,0
0.53149738287308,12992,2.1968,0,0
0.53149716217965,12993,2.1972,0,0
0.53149694159605,12994,2.1976,0,0
0.5314967211223,12995,2.198,0,0
0.53149650075838,12996,2.1984,0,0
0.5314962805043,12997,2.1988,0,0
0.53149606036006,12998,2.1992,0,0
0.53149584032567,12999,2.1996,0,0
0.53149562040111,13000,2.2,0,0
0.53149540058639,13001,2.2004,0,0
0.53149518088151,13002,2.2008,0,0
0.53149496128648,13003,2.2012,0,0
0.53149474180128,13004,2.2016,0,0
0.53149452242593,13005,2.202,0,0
0.53149430316042,13006,2.2024,0,0
0.53149408400474,13007,2.2028,0,0
0.53149386495891,13008,2.2032,0,0
0.53149364602292,13009,2.2036,0,0
0.53149342719678,13010,2.204,0,0
0.53149320848047,13011,2.2044,0,0
0.53149298987401,13012,2.2048,0,0
0.53149277137738,13013,2.2052,0,0
0.5314925529906,13014,2.2056,0,0
0.53149233471367,13015,2.206,0,0
0.53149211654657,13016,2.2064,0,0
0.53149189848932,13017,2.2068,0,0
0.53149168054191,13018,2.2072,0,0
0.53149146270434,13019,2.2076,0,0
0.53149124497662,13020,2.208,0,0
0.53149102735874,13021,2.2084,0,0
0.5314908098507,13022,2.2088,0,0
0.53149059245251,13023,2.2092,0,0
0.53149037516415,13024,2.2096,0,0
0.53149015798565,13025,2.21,0,0
0.53148994091698,13026,2.2104,0,0
0.53148972395817,13027,2.2108,0,0
0.53148950710919,13028,2.2112,0,0
0.53148929037006,13029,2.2116,0,0
0.53148907374077,13030,2.212,0,0
0.53148885722133,13031,2.2124,0,0
0.53148864081173,13032,2.2128,0,0
0.53148842451198,13033,2.2132,0,0
0.53148820832207,13034,2.2136,0,0
0.53148799224201,13035,2.214,0,0
0.5314877762718,13036,2.2144,0,0
0.53148756041142,13037,2.2148,0,0
0.5314873446609,13038,2.2152,0,0
0.53148712902022,13039,2.2156,0,0
0.53148691348938,13040,2.216,0,0
0.53148669806839,13041,2.2164,0,0
0.53148648275725,13042,2.2168,0,0
0.53148626755596,13043,2.2172,0,0
0.53148605246451,13044,2.2176,0,0
0.5314858374829,13045,2.218,0,0
0.53148562261114,13046,2.2184,0,0
0.53148540784923,13047,2.2188,0,0
0.53148519319717,13048,2.2192,0,0
0.53148497865495,13049,2.2196,0,0
0.53148476422259,13050,2.22,0,0
0.53148454990006,13051,2.2204,0,0
0.53148433568739,13052,2.2208,0,0
0.53148412158456,13053,2.2212,0,0
0.53148390759158,13054,2.2216,0,0
0.53148369370845,13055,2.222,0,0
0.53148347993517,13056,2.2224,0,0
0.53148326627173,13057,2.2228,0,0
0.53148305271815,13058,2.2232,0,0
0.53148283927441,13059,2.2236,0,0
0.53148262594052,13060,2.224,0,0
0.53148241271648,13061,2.2244,0,0
0.53148219960229,13062,2.2248,0,0
0.53148198659794,13063,2.2252,0,0
0.53148177370345,13064,2.2256,0,0
0.5314815609188,13065,2.226,0,0
0.53148134824401,13066,2.2264,0,0
0.53148113567906,13067,2.2268,0,0
0.53148092322397,13068,2.2272,0,0
0.53148071087872,13069,2.2276,0,0
0.53148049864332,13070,2.228,0,0
0.53148028651778,13071,2.2284,0,0
0.53148007450208,13072,2.2288,0,0
0.53147986259623,13073,2.2292,0,0
0.53147965080024,13074,2.2296,0,0
0.53147943911409,13075,2.23,0,0
0.5314792275378,13076,2.2304,0,0
0.53147901607136,13077,2.2308,0,0
0.53147880471476,13078,2.2312,0,0
0.53147859346802,13079,2.2316,0,0
0.53147838233113,13080,2.232,0,0
0.5314781713041,13081,2.2324,0,0
0.53147796038691,13082,2.2328,0,0
0.53147774957957,13083,2.2332,0,0
0.53147753888209,13084,2.2336,0,0
0.53147732829446,13085,2.234,0,0
0.53147711781668,13086,2.2344,0,0
0.53147690744875,13087,2.2348,0,0
0.53147669719068,13088,2.2352,0,0
0.53147648704246,13089,2.2356,0,0
0.53147627700409,13090,2.236,0,0
0.53147606707557,13091,2.2364,0,0
0.53147585725691,13092,2.2368,0,0
0.5314756475481,13093,2.2372,0,0
0.53147543794914,13094,2.2376,0,0
0.53147522846003,13095,2.238,0,0
0.53147501908078,13096,2.2384,0,0
0.53147480981139,13097,2.2388,0,0
0.53147460065184,13098,2.2392,0,0
0.53147439160215,13099,2.2396,0,0
0.53147418266232,13100,2.24,0,0
0.53147397383234,13101,2.2404,0,0
0.53147376511221,13102,2.2408,0,0
0.53147355650194,13103,2.2412,0,0
0.53147334800152,13104,2.2416,0,0
0.53147313961095,13105,2.242,0,0
0.53147293133025,13106,2.2424,0,0
0.53147272315939,13107,2.2428,0,0
0.53147251509839,13108,2.2432,0,0
0.53147230714725,13109,2.2436,0,0
0.53147209930596,13110,2.244,0,0
0.53147189157453,13111,2.2444,0,0
0.53147168395295,13112,2.2448,0,0
0.53147147644123,13113,2.2452,0,0
0.53147126903937,13114,2.2456,0,0
0.53147106174736,13115,2.246,0,0
0.5314708545652,13116,2.2464,0,0
0.53147064749291,13117,2.2468,0,0
0.53147044053047,13118,2.2472,0,0
0.53147023367788,13119,2.2476,0,0
0.53147002693515,13120,2.248,0,0
0.53146982030228,13121,2.2484,0,0
0.53146961377927,13122,2.2488,0,0
0.53146940736611,13123,2.2492,0,0
0.53146920106282,13124,2.2496,0,0
0.53146899486937,13125,2.25,0,0
0.53146878878579,13126,2.2504,0,0
0.53146858281206,13127,2.2508,0,0
0.53146837694819,13128,2.2512,0,0
0.53146817119418,13129,2.2516,0,0
0.53146796555003,13130,2.252,0,0
0.53146776001573,13131,2.2524,0,0
0.5314675545913,13132,2.2528,0,0
0.53146734927672,13133,2.2532,0,0
0.531467144072,13134,2.2536,0,0
0.53146693897714,13135,2.254,0,0
0.53146673399213,13136,2.2544,0,0
0.53146652911699,13137,2.2548,0,0
0.53146632435171,13138,2.2552,0,0
0.53146611969628,13139,2.2556,0,0
0.53146591515072,13140,2.256,0,0
0.53146571071501,13141,2.2564,0,0
0.53146550638916,13142,2.2568,0,0
0.53146530217318,13143,2.2572,0,0
0.53146509806705,13144,2.2576,0,0
0.53146489407078,13145,2.258,0,0
0.53146469018437,13146,2.2584,0,0
0.53146448640783,13147,2.2588,0,0
0.53146428274114,13148,2.2592,0,0
0.53146407918432,13149,2.2596,0,0
0.53146387573735,13150,2.26,0,0
0.53146367240025,13151,2.2604,0,0
0.531463469173,13152,2.2608,0,0
0.53146326605562,13153,2.2612,0,0
0.5314630630481,13154,2.2616,0,0
0.53146286015044,13155,2.262,0,0
0.53146265736264,13156,2.2624,0,0
0.5314624546847,13157,2.2628,0,0
0.53146225211663,13158,2.2632,0,0
0.53146204965841,13159,2.2636,0,0
0.53146184731006,13160,2.264,0,0
0.53146164507157,13161,2.2644,0,0
0.53146144294294,13162,2.2648,0,0
0.53146124092418,13163,2.2652,0,0
0.53146103901528,13164,2.2656,0,0
0.53146083721624,13165,2.266,0,0
0.53146063552706,13166,2.2664,0,0
0.53146043394775,13167,2.2668,0,0
0.53146023247829,13168,2.2672,0,0
0.53146003111871,13169,2.2676,0,0
0.53145982986898,13170,2.268,0,0
0.53145962872912,13171,2.2684,0,0
0.53145942769912,13172,2.2688,0,0
0.53145922677899,13173,2.2692,0,0
0.53145902596872,13174,2.2696,0,0
0.53145882526831,13175,2.27,0,0
0.53145862467777,13176,2.2704,0,0
0.53145842419709,13177,2.2708,0,0
0.53145822382627,13178,2.2712,0,0
0.53145802356533,13179,2.2716,0,0
0.53145782341424,13180,2.272,0,0
0.53145762337302,13181,2.2724,0,0
0.53145742344166,13182,2.2728,0,0
0.53145722362017,13183,2.2732,0,0
0.53145702390855,13184,2.2736,0,0
0.53145682430679,13185,2.274,0,0
0.53145662481489,13186,2.2744,0,0
0.53145642543286,13187,2.2748,0,0
0.5314562261607,13188,2.2752,0,0
0.5314560269984,13189,2.2756,0,0
0.53145582794597,13190,2.276,0,0
0.5314556290034,13191,2.2764,0,0
0.5314554301707,13192,2.2768,0,0
0.53145523144786,13193,2.2772,0,0
0.5314550328349,13194,2.2776,0,0
0.53145483433179,13195,2.278,0,0
0.53145463593856,13196,2.2784,0,0
0.53145443765519,13197,2.2788,0,0
0.53145423948169,13198,2.2792,0,0
0.53145404141805,13199,2.2796,0,0
0.53145384346429,13200,2.28,0,0
0.53145364562039,13201,2.2804,0,0
0.53145344788635,13202,2.2808,0,0
0.53145325026219,13203,2.2812,0,0
0.53145305274789,13204,2.2816,0,0
0.53145285534346,13205,2.282,0,0
0.5314526580489,13206,2.2824,0,0
0.53145246086421,13207,2.2828,0,0
0.53145226378938,13208,2.2832,0,0
0.53145206682442,13209,2.2836,0,0
0.53145186996933,13210,2.284,0,0
0.53145167322411,13211,2.2844,0,0
0.53145147658876,13212,2.2848,0,0
0.53145128006328,13213,2.2852,0,0
0.53145108364766,13214,2.2856,0,0
0.53145088734192,13215,2.286,0,0
0.53145069114604,13216,2.2864,0,0
0.53145049506003,13217,2.2868,0,0
0.5314502990839,13218,2.2872,0,0
0.53145010321763,13219,2.2876,0,0
0.53144990746123,13220,2.288,0,0
0.5314497118147,13221,2.2884,0,0
0.53144951627804,13222,2.2888,0,0
0.53144932085126,13223,2.2892,0,0
0.53144912553434,13224,2.2896,0,0
0.53144893032729,13225,2.29,0,0
0.53144873523011,13226,2.2904,0,0
0.5314485402428,13227,2.2908,0,0
0.53144834536537,13228,2.2912,0,0
0.5314481505978,13229,2.2916,0,0
0.53144795594011,13230,2.292,0,0
0.53144776139228,13231,2.2924,0,0
0.53144756695433,13232,2.2928,0,0
0.53144737262625,13233,2.2932,0,0
0.53144717840804,13234,2.2936,0,0
0.5314469842997,13235,2.294,0,0
0.53144679030123,13236,2.2944,0,0
0.53144659641264,13237,2.2948,0,0
0.53144640263392,13238,2.2952,0,0
0.53144620896506,13239,2.2956,0,0
0.53144601540609,13240,2.296,0,0
0.53144582195698,13241,2.2964,0,0
0.53144562861774,13242,2.2968,0,0
0.53144543538838,13243,2.2972,0,0
0.53144524226889,13244,2.2976,0,0
0.53144504925928,13245,2.298,0,0
0.53144485635953,13246,2.2984,0,0
0.53144466356966,13247,2.2988,0,0
0.53144447088967,13248,2.2992,0,0
0.53144427831954,13249,2.2996,0,0
0.53144408585929,13250,2.3,0,0
0.53144389350892,13251,2.3004,0,0
0.53144370126841,13252,2.3008,0,0
0.53144350913778,13253,2.3012,0,0
0.53144331711703,13254,2.3016,0,0
0.53144312520615,13255,2.302,0,0
0.53144293340514,13256,2.3024,0,0
0.531442741714,13257,2.3028,0,0
0.53144255013275,13258,2.3032,0,0
0.53144235866136,13259,2.3036,0,0
0.53144216729985,13260,2.304,0,0
0.53144197604822,13261,2.3044,0,0
0.53144178490646,13262,2.3048,0,0
0.53144159387457,13263,2.3052,0,0
0.53144140295256,13264,2.3056,0,0
0.53144121214043,13265,2.306,0,0
0.53144102143817,13266,2.3064,0,0
0.53144083084579,13267,2.3068,0,0
0.53144064036328,13268,2.3072,0,0
0.53144044999065,13269,2.3076,0,0
0.53144025972789,13270,2.308,0,0
0.53144006957501,13271,2.3084,0,0
0.531439879532,13272,2.3088,0,0
0.53143968959888,13273,2.3092,0,0
0.53143949977562,13274,2.3096,0,0
0.53143931006225,13275,2.31,0,0
0.53143912045875,13276,2.3104,0,0
0.53143893096513,13277,2.3108,0,0
0.53143874158138,13278,2.3112,0,0
0.53143855230752,13279,2.3116,0,0
0.53143836314353,13280,2.312,0,0
0.53143817408941,13281,2.3124,0,0
0.53143798514518,13282,2.3128,0,0
0.53143779631082,13283,2.3132,0,0
0.53143760758634,13284,2.3136,0,0
0.53143741897173,13285,2.314,0,0
0.53143723046701,13286,2.3144,0,0
0.53143704207216,13287,2.3148,0,0
0.53143685378719,13288,2.3152,0,0
0.5314366656121,13289,2.3156,0,0
0.53143647754688,13290,2.316,0,0
0.53143628959155,13291,2.3164,0,0
0.53143610174609,13292,2.3168,0,0
0.53143591401051,13293,2.3172,0,0
0.53143572638482,13294,2.3176,0,0
0.531435538869,13295,2.318,0,0
0.53143535146306,13296,2.3184,0,0
0.53143516416699,13297,2.3188,0,0
0.53143497698081,13298,2.3192,0,0
0.53143478990451,13299,2.3196,0,0
0.53143460293808,13300,2.32,0,0
0.53143441608154,13301,2.3204,0,0
0.53143422933488,13302,2.3208,0,0
0.53143404269809,13303,2.3212,0,0
0.53143385617119,13304,2.3216,0,0
0.53143366975416,13305,2.322,0,0
0.53143348344702,13306,2.3224,0,0
0.53143329724976,13307,2.3228,0,0
0.53143311116237,13308,2.3232,0,0
0.53143292518487,13309,2.3236,0,0
0.53143273931725,13310,2.324,0,0
0.53143255355951,13311,2.3244,0,0
0.53143236791165,13312,2.3248,0,0
0.53143218237367,13313,2.3252,0,0
0.53143199694557,13314,2.3256,0,0
0.53143181162736,13315,2.326,0,0
0.53143162641902,13316,2.3264,0,0
0.53143144132057,13317,2.3268,0,0
0.531431256332,13318,2.3272,0,0
0.53143107145331,13319,2.3276,0,0
0.5314308866845,13320,2.328,0,0
0.53143070202557,13321,2.3284,0,0
0.53143051747653,13322,2.3288,0,0
0.53143033303737,13323,2.3292,0,0
0.53143014870809,13324,2.3296,0,0
0.53142996448869,13325,2.33,0,0
0.53142978037918,13326,2.3304,0,0
0.53142959637955,13327,2.3308,0,0
0.5314294124898,13328,2.3312,0,0
0.53142922870994,13329,2.3316,0,0
0.53142904503995,13330,2.332,0,0
0.53142886147985,13331,2.3324,0,0
0.53142867802964,13332,2.3328,0,0
0.53142849468931,13333,2.3332,0,0
0.53142831145886,13334,2.3336,0,0
0.53142812833829,13335,2.334,0,0
0.53142794532761,13336,2.3344,0,0
0.53142776242681,13337,2.3348,0,0
0.5314275796359,13338,2.3352,0,0
0.53142739695487,13339,2.3356,0,0
0.53142721438373,13340,2.336,0,0
0.53142703192247,13341,2.3364,0,0
0.53142684957109,13342,2.3368,0,0
0.5314266673296,13343,2.3372,0,0
0.531426485198,13344,2.3376,0,0
0.53142630317627,13345,2.338,0,0
0.53142612126444,13346,2.3384,0,0
0.53142593946249,13347,2.3388,0,0
0.53142575777042,13348,2.3392,0,0
0.53142557618824,13349,2.3396,0,0
0.53142539471594,13350,2.34,0,0
0.53142521335353,13351,2.3404,0,0
0.53142503210101,13352,2.3408,0,0
0.53142485095837,13353,2.3412,0,0
0.53142466992562,13354,2.3416,0,0
0.53142448900275,13355,2.342,0,0
0.53142430818977,13356,2.3424,0,0
0.53142412748668,13357,2.3428,0,0
0.53142394689347,13358,2.3432,0,0
0.53142376641015,13359,2.3436,0,0
0.53142358603672,13360,2.344,0,0
0.53142340577317,13361,2.3444,0,0
0.53142322561951,13362,2.3448,0,0
0.53142304557574,13363,2.3452,0,0
0.53142286564185,13364,2.3456,0,0
0.53142268581785,13365,2.346,0,0
0.53142250610374,13366,2.3464,0,0
0.53142232649951,13367,2.3468,0,0
0.53142214700518,13368,2.3472,0,0
0.53142196762073,13369,2.3476,0,0
0.53142178834616,13370,2.348,0,0
0.53142160918149,13371,2.3484,0,0
0.53142143012671,13372,2.3488,0,0
0.53142125118181,13373,2.3492,0,0
0.5314210723468,13374,2.3496,0,0
0.53142089362168,13375,2.35,0,0
0.53142071500644,13376,2.3504,0,0
0.5314205365011,13377,2.3508,0,0
0.53142035810565,13378,2.3512,0,0
0.53142017982008,13379,2.3516,0,0
0.5314200016444,13380,2.352,0,0
0.53141982357861,13381,2.3524,0,0
0.53141964562271,13382,2.3528,0,0
0.5314194677767,13383,2.3532,0,0
0.53141929004058,13384,2.3536,0,0
0.53141911241435,13385,2.354,0,0
0.53141893489801,13386,2.3544,0,0
0.53141875749156,13387,2.3548,0,0
0.531418580195,13388,2.3552,0,0
0.53141840300833,13389,2.3556,0,0
0.53141822593154,13390,2.356,0,0
0.53141804896465,13391,2.3564,0,0
0.53141787210765,13392,2.3568,0,0
0.53141769536054,13393,2.3572,0,0
0.53141751872332,13394,2.3576,0,0
0.53141734219599,13395,2.358,0,0
0.53141716577855,13396,2.3584,0,0
0.531416989471,13397,2.3588,0,0
0.53141681327335,13398,2.3592,0,0
0.53141663718558,13399,2.3596,0,0
0.53141646120771,13400,2.36,0,0
0.53141628533972,13401,2.3604,0,0
0.53141610958163,13402,2.3608,0,0
0.53141593393343,13403,2.3612,0,0
0.53141575839512,13404,2.3616,0,0
0.53141558296671,13405,2.362,0,0
0.53141540764818,13406,2.3624,0,0
0.53141523243955,13407,2.3628,0,0
0.53141505734081,13408,2.3632,0,0
0.53141488235196,13409,2.3636,0,0
0.531414707473,13410,2.364,0,0
0.53141453270394,13411,2.3644,0,0
0.53141435804477,13412,2.3648,0,0
0.53141418349549,13413,2.3652,0,0
0.5314140090561,13414,2.3656,0,0
0.53141383472661,13415,2.366,0,0
0.53141366050701,13416,2.3664,0,0
0.5314134863973,13417,2.3668,0,0
0.53141331239749,13418,2.3672,0,0
0.53141313850757,13419,2.3676,0,0
0.53141296472754,13420,2.368,0,0
0.53141279105741,13421,2.3684,0,0
0.53141261749717,13422,2.3688,0,0
0.53141244404683,13423,2.3692,0,0
0.53141227070637,13424,2.3696,0,0
0.53141209747582,13425,2.37,0,0
0.53141192435515,13426,2.3704,0,0
0.53141175134438,13427,2.3708,0,0
0.53141157844351,13428,2.3712,0,0
0.53141140565253,13429,2.3716,0,0
0.53141123297144,13430,2.372,0,0
0.53141106040025,13431,2.3724,0,0
0.53141088793896,13432,2.3728,0,0
0.53141071558756,13433,2.3732,0,0
0.53141054334605,13434,2.3736,0,0
0.53141037121444,13435,2.374,0,0
0.53141019919272,13436,2.3744,0,0
0.5314100272809,13437,2.3748,0,0
0.53140985547898,13438,2.3752,0,0
0.53140968378695,13439,2.3756,0,0
0.53140951220481,13440,2.376,0,0
0.53140934073258,13441,2.3764,0,0
0.53140916937023,13442,2.3768,0,0
0.53140899811779,13443,2.3772,0,0
0.53140882697524,13444,2.3776,0,0
0.53140865594259,13445,2.378,0,0
0.53140848501983,13446,2.3784,0,0
0.53140831420697,13447,2.3788,0,0
0.531408143504,13448,2.3792,0,0
0.53140797291094,13449,2.3796,0,0
0.53140780242777,13450,2.38,0,0
0.53140763205449,13451,2.3804,0,0
0.53140746179112,13452,2.3808,0,0
0.53140729163764,13453,2.3812,0,0
0.53140712159405,13454,2.3816,0,0
0.53140695166037,13455,2.382,0,0
0.53140678183658,13456,2.3824,0,0
0.53140661212269,13457,2.3828,0,0
0.5314064425187,13458,2.3832,0,0
0.53140627302461,13459,2.3836,0,0
0.53140610364041,13460,2.384,0,0
0.53140593436611,13461,2.3844,0,0
0.53140576520171,13462,2.3848,0,0
0.53140559614721,13463,2.3852,0,0
0.53140542720261,13464,2.3856,0,0
0.5314052583679,13465,2.386,0,0
0.53140508964309,13466,2.3864,0,0
0.53140492102819,13467,2.3868,0,0
0.53140475252318,13468,2.3872,0,0
0.53140458412807,13469,2.3876,0,0
0.53140441584285,13470,2.388,0,0
0.53140424766754,13471,2.3884,0,0
0.53140407960213,13472,2.3888,0,0
0.53140391164661,13473,2.3892,0,0
0.531403743801,13474,2.3896,0,0
0.53140357606529,13475,2.39,0,0
0.53140340843947,13476,2.3904,0,0
0.53140324092355,13477,2.3908,0,0
0.53140307351754,13478,2.3912,0,0
0.53140290622142,13479,2.3916,0,0
0.53140273903521,13480,2.392,0,0
0.53140257195889,13481,2.3924,0,0
0.53140240499248,13482,2.3928,0,0
0.53140223813596,13483,2.3932,0,0
0.53140207138935,13484,2.3936,0,0
0.53140190475264,13485,2.394,0,0
0.53140173822582,13486,2.3944,0,0
0.53140157180891,13487,2.3948,0,0
0.5314014055019,13488,2.3952,0,0
0.53140123930479,13489,2.3956,0,0
0.53140107321758,13490,2.396,0,0
0.53140090724027,13491,2.3964,0,0
0.53140074137287,13492,2.3968,0,0
0.53140057561536,13493,2.3972,0,0
0.53140040996776,13494,2.3976,0,0
0.53140024443006,13495,2.398,0,0
0.53140007900226,13496,2.3984,0,0
0.53139991368436,13497,2.3988,0,0
0.53139974847636,13498,2.3992,0,0
0.53139958337827,13499,2.3996,0,0
0.53139941839008,13500,2.4,0,0
0.53139925351179,13501,2.4004,0,0
0.5313990887434,13502,2.4008,0,0
0.53139892408492,13503,2.4012,0,0
0.53139875953633,13504,2.4016,0,0
0.53139859509766,13505,2.402,0,0
0.53139843076888,13506,2.4024,0,0
0.53139826655001,13507,2.4028,0,0
0.53139810244104,13508,2.4032,0,0
0.53139793844197,13509,2.4036,0,0
0.53139777455281,13510,2.404,0,0
0.53139761077355,13511,2.4044,0,0
0.53139744710419,13512,2.4048,0,0
0.53139728354474,13513,2.4052,0,0
0.53139712009519,13514,2.4056,0,0
0.53139695675554,13515,2.406,0,0
0.5313967935258,13516,2.4064,0,0
0.53139663040596,13517,2.4068,0,0
0.53139646739603,13518,2.4072,0,0
0.531396304496,13519,2.4076,0,0
0.53139614170587,13520,2.408,0,0
0.53139597902565,13521,2.4084,0,0
0.53139581645534,13522,2.4088,0,0
0.53139565399492,13523,2.4092,0,0
0.53139549164442,13524,2.4096,0,0
0.53139532940382,13525,2.41,0,0
0.53139516727312,13526,2.4104,0,0
0.53139500525233,13527,2.4108,0,0
0.53139484334144,13528,2.4112,0,0
0.53139468154046,13529,2.4116,0,0
0.53139451984938,13530,2.412,0,0
0.53139435826821,13531,2.4124,0,0
0.53139419679695,13532,2.4128,0,0
0.53139403543559,13533,2.4132,0,0
0.53139387418413,13534,2.4136,0,0
0.53139371304259,13535,2.414,0,0
0.53139355201094,13536,2.4144,0,0
0.53139339108921,13537,2.4148,0,0
0.53139323027738,13538,2.4152,0,0
0.53139306957546,13539,2.4156,0,0
0.53139290898344,13540,2.416,0,0
0.53139274850133,13541,2.4164,0,0
0.53139258812913,13542,2.4168,0,0
0.53139242786683,13543,2.4172,0,0
0.53139226771444,13544,2.4176,0,0
0.53139210767196,13545,2.418,0,0
0.53139194773938,13546,2.4184,0,0
0.53139178791671,13547,2.4188,0,0
0.53139162820395,13548,2.4192,0,0
0.5313914686011,13549,2.4196,0,0
0.53139130910815,13550,2.42,0,0
0.53139114972511,13551,2.4204,0,0
0.53139099045198,13552,2.4208,0,0
0.53139083128875,13553,2.4212,0,0
0.53139067223544,13554,2.4216,0,0
0.53139051329203,13555,2.422,0,0
0.53139035445853,13556,2.4224,0,0
0.53139019573494,13557,2.4228,0,0
0.53139003712125,13558,2.4232,0,0
0.53138987861748,13559,2.4236,0,0
0.53138972022361,13560,2.424,0,0
0.53138956193965,13561,2.4244,0,0
0.5313894037656,13562,2.4248,0,0
0.53138924570146,13563,2.4252,0,0
0.53138908774723,13564,2.4256,0,0
0.53138892990291,13565,2.426,0,0
0.53138877216849,13566,2.4264,0,0
0.53138861454399,13567,2.4268,0,0
0.53138845702939,13568,2.4272,0,0
0.53138829962471,13569,2.4276,0,0
0.53138814232993,13570,2.428,0,0
0.53138798514507,13571,2.4284,0,0
0.53138782807011,13572,2.4288,0,0
0.53138767110506,13573,2.4292,0,0
0.53138751424992,13574,2.4296,0,0
0.5313873575047,13575,2.43,0,0
0.53138720086938,13576,2.4304,0,0
0.53138704434397,13577,2.4308,0,0
0.53138688792847,13578,2.4312,0,0
0.53138673162289,13579,2.4316,0,0
0.53138657542721,13580,2.432,0,0
0.53138641934145,13581,2.4324,0,0
0.53138626336559,13582,2.4328,0,0
0.53138610749965,13583,2.4332,0,0
0.53138595174361,13584,2.4336,0,0
0.53138579609749,13585,2.434,0,0
0.53138564056128,13586,2.4344,0,0
0.53138548513498,13587,2.4348,0,0
0.53138532981859,13588,2.4352,0,0
0.53138517461212,13589,2.4356,0,0
0.53138501951555,13590,2.436,0,0
0.5313848645289,13591,2.4364,0,0
0.53138470965215,13592,2.4368,0,0
0.53138455488532,13593,2.4372,0,0
0.5313844002284,13594,2.4376,0,0
0.5313842456814,13595,2.438,0,0
0.5313840912443,13596,2.4384,0,0
0.53138393691712,13597,2.4388,0,0
0.53138378269985,13598,2.4392,0,0
0.53138362859249,13599,2.4396,0,0
0.53138347459505,13600,2.44,0,0
0.53138332070752,13601,2.4404,0,0
0.5313831669299,13602,2.4408,0,0
0.53138301326219,13603,2.4412,0,0
0.5313828597044,13604,2.4416,0,0
0.53138270625651,13605,2.442,0,0
0.53138255291855,13606,2.4424,0,0
0.53138239969049,13607,2.4428,0,0
0.53138224657235,13608,2.4432,0,0
0.53138209356412,13609,2.4436,0,0
0.53138194066581,13610,2.444,0,0
0.53138178787741,13611,2.4444,0,0
0.53138163519892,13612,2.4448,0,0
0.53138148263035,13613,2.4452,0,0
0.53138133017169,13614,2.4456,0,0
0.53138117782294,13615,2.446,0,0
0.53138102558411,13616,2.4464,0,0
0.53138087345519,13617,2.4468,0,0
0.53138072143619,13618,2.4472,0,0
0.5313805695271,13619,2.4476,0,0
0.53138041772792,13620,2.448,0,0
0.53138026603866,13621,2.4484,0,0
0.53138011445932,13622,2.4488,0,0
0.53137996298989,13623,2.4492,0,0
0.53137981163037,13624,2.4496,0,0
0.53137966038077,13625,2.45,0,0
0.53137950924109,13626,2.4504,0,0
0.53137935821132,13627,2.4508,0,0
0.53137920729146,13628,2.4512,0,0
0.53137905648152,13629,2.4516,0,0
0.5313789057815,13630,2.452,0,0
0.53137875519139,13631,2.4524,0,0
0.5313786047112,13632,2.4528,0,0
0.53137845434092,13633,2.4532,0,0
0.53137830408056,13634,2.4536,0,0
0.53137815393011,13635,2.454,0,0
0.53137800388958,13636,2.4544,0,0
0.53137785395897,13637,2.4548,0,0
0.53137770413827,13638,2.4552,0,0
0.53137755442749,13639,2.4556,0,0
0.53137740482663,13640,2.456,0,0
0.53137725533568,13641,2.4564,0,0
0.53137710595465,13642,2.4568,0,0
0.53137695668353,13643,2.4572,0,0
0.53137680752233,13644,2.4576,0,0
0.53137665847105,13645,2.458,0,0
0.53137650952969,13646,2.4584,0,0
0.53137636069824,13647,2.4588,0,0
0.53137621197671,13648,2.4592,0,0
0.5313760633651,13649,2.4596,0,0
0.5313759148634,13650,2.46,0,0
0.53137576647163,13651,2.4604,0,0
0.53137561818977,13652,2.4608,0,0
0.53137547001782,13653,2.4612,0,0
0.5313753219558,13654,2.4616,0,0
0.53137517400369,13655,2.462,0,0
0.5313750261615,13656,2.4624,0,0
0.53137487842923,13657,2.4628,0,0
0.53137473080688,13658,2.4632,0,0
0.53137458329445,13659,2.4636,0,0
0.53137443589193,13660,2.464,0,0
0.53137428859933,13661,2.4644,0,0
0.53137414141665,13662,2.4648,0,0
0.53137399434389,13663,2.4652,0,0
0.53137384738105,13664,2.4656,0,0
0.53137370052813,13665,2.466,0,0
0.53137355378512,13666,2.4664,0,0
0.53137340715204,13667,2.4668,0,0
0.53137326062887,13668,2.4672,0,0
0.53137311421562,13669,2.4676,0,0
0.5313729679123,13670,2.468,0,0
0.53137282171889,13671,2.4684,0,0
0.5313726756354,13672,2.4688,0,0
0.53137252966183,13673,2.4692,0,0
0.53137238379818,13674,2.4696,0,0
0.53137223804445,13675,2.47,0,0
0.53137209240064,13676,2.4704,0,0
0.53137194686675,13677,2.4708,0,0
0.53137180144278,13678,2.4712,0,0
0.53137165612873,13679,2.4716,0,0
0.5313715109246,13680,2.472,0,0
0.53137136583039,13681,2.4724,0,0
0.5313712208461,13682,2.4728,0,0
0.53137107597173,13683,2.4732,0,0
0.53137093120729,13684,2.4736,0,0
0.53137078655276,13685,2.474,0,0
0.53137064200815,13686,2.4744,0,0
0.53137049757347,13687,2.4748,0,0
0.5313703532487,13688,2.4752,0,0
0.53137020903386,13689,2.4756,0,0
0.53137006492894,13690,2.476,0,0
0.53136992093394,13691,2.4764,0,0
0.53136977704886,13692,2.4768,0,0
0.5313696332737,13693,2.4772,0,0
0.53136948960846,13694,2.4776,0,0
0.53136934605315,13695,2.478,0,0
0.53136920260775,13696,2.4784,0,0
0.53136905927228,13697,2.4788,0,0
0.53136891604673,13698,2.4792,0,0
0.5313687729311,13699,2.4796,0,0
0.5313686299254,13700,2.48,0,0
0.53136848702961,13701,2.4804,0,0
0.53136834424375,13702,2.4808,0,0
0.53136820156781,13703,2.4812,0,0
0.5313680590018,13704,2.4816,0,0
0.5313679165457,13705,2.482,0,0
0.53136777419953,13706,2.4824,0,0
0.53136763196328,13707,2.4828,0,0
0.53136748983696,13708,2.4832,0,0
0.53136734782055,13709,2.4836,0,0
0.53136720591407,13710,2.484,0,0
0.53136706411752,13711,2.4844,0,0
0.53136692243088,13712,2.4848,0,0
0.53136678085417,13713,2.4852,0,0
0.53136663938738,13714,2.4856,0,0
0.53136649803052,13715,2.486,0,0
0.53136635678358,13716,2.4864,0,0
0.53136621564656,13717,2.4868,0,0
0.53136607461947,13718,2.4872,0,0
0.5313659337023,13719,2.4876,0,0
0.53136579289506,13720,2.488,0,0
0.53136565219774,13721,2.4884,0,0
0.53136551161034,13722,2.4888,0,0
0.53136537113287,13723,2.4892,0,0
0.53136523076532,13724,2.4896,0,0
0.53136509050769,13725,2.49,0,0
0.53136495035999,13726,2.4904,0,0
0.53136481032222,13727,2.4908,0,0
0.53136467039437,13728,2.4912,0,0
0.53136453057644,13729,2.4916,0,0
0.53136439086844,13730,2.492,0,0
0.53136425127037,13731,2.4924,0,0
0.53136411178221,13732,2.4928,0,0
0.53136397240399,13733,2.4932,0,0
0.53136383313569,13734,2.4936,0,0
0.53136369397731,13735,2.494,0,0
0.53136355492886,13736,2.4944,0,0
0.53136341599034,13737,2.4948,0,0
0.53136327716174,13738,2.4952,0,0
0.53136313844306,13739,2.4956,0,0
0.53136299983432,13740,2.496,0,0
0.53136286133549,13741,2.4964,0,0
0.5313627229466,13742,2.4968,0,0
0.53136258466763,13743,2.4972,0,0
0.53136244649858,13744,2.4976,0,0
0.53136230843946,13745,2.498,0,0
0.53136217049027,13746,2.4984,0,0
0.53136203265101,13747,2.4988,0,0
0.53136189492167,13748,2.4992,0,0
0.53136175730225,13749,2.4996,0,0
0.53136161979277,13750,2.5,0,0
0.53136148239321,13751,2.5004,0,0
0.53136134510358,13752,2.5008,0,0
0.53136120792387,13753,2.5012,0,0
0.53136107085409,13754,2.5016,0,0
0.53136093389424,13755,2.502,0,0
0.53136079704432,13756,2.5024,0,0
0.53136066030432,13757,2.5028,0,0
0.53136052367425,13758,2.5032,0,0
0.53136038715411,13759,2.5036,0,0
0.53136025074389,13760,2.504,0,0
0.5313601144436,13761,2.5044,0,0
0.53135997825324,13762,2.5048,0,0
0.53135984217281,13763,2.5052,0,0
0.53135970620231,13764,2.5056,0,0
0.53135957034173,13765,2.506,0,0
0.53135943459108,13766,2.5064,0,0
0.53135929895036,13767,2.5068,0,0
0.53135916341957,13768,2.5072,0,0
0.5313590279987,13769,2.5076,0,0
0.53135889268777,13770,2.508,0,0
0.53135875748676,13771,2.5084,0,0
0.53135862239568,13772,2.5088,0,0
0.53135848741453,13773,2.5092,0,0
0.53135835254331,13774,2.5096,0,0
0.53135821778202,13775,2.51,0,0
0.53135808313066,13776,2.5104,0,0
0.53135794858922,13777,2.5108,0,0
0.53135781415772,13778,2.5112,0,0
0.53135767983614,13779,2.5116,0,0
0.53135754562449,13780,2.512,0,0
0.53135741152277,13781,2.5124,0,0
0.53135727753099,13782,2.5128,0,0
0.53135714364913,13783,2.5132,0,0
0.5313570098772,13784,2.5136,0,0
0.5313568762152,13785,2.514,0,0
0.53135674266313,13786,2.5144,0,0
0.53135660922099,13787,2.5148,0,0
0.53135647588878,13788,2.5152,0,0
0.5313563426665,13789,2.5156,0,0
0.53135620955415,13790,2.516,0,0
0.53135607655173,13791,2.5164,0,0
0.53135594365924,13792,2.5168,0,0
0.53135581087668,13793,2.5172,0,0
0.53135567820405,13794,2.5176,0,0
0.53135554564135,13795,2.518,0,0
0.53135541318858,13796,2.5184,0,0
0.53135528084574,13797,2.5188,0,0
0.53135514861284,13798,2.5192,0,0
0.53135501648986,13799,2.5196,0,0
0.53135488447682,13800,2.52,0,0
0.5313547525737,13801,2.5204,0,0
0.53135462078052,13802,2.5208,0,0
0.53135448909727,13803,2.5212,0,0
0.53135435752395,13804,2.5216,0,0
0.53135422606056,13805,2.522,0,0
0.5313540947071,13806,2.5224,0,0
0.53135396346358,13807,2.5228,0,0
0.53135383232999,13808,2.5232,0,0
0.53135370130632,13809,2.5236,0,0
0.53135357039259,13810,2.524,0,0
0.53135343958879,13811,2.5244,0,0
0.53135330889493,13812,2.5248,0,0
0.53135317831099,13813,2.5252,0,0
0.53135304783699,13814,2.5256,0,0
0.53135291747292,13815,2.526,0,0
0.53135278721878,13816,2.5264,0,0
0.53135265707458,13817,2.5268,0,0
0.5313525270403,13818,2.5272,0,0
0.53135239711596,13819,2.5276,0,0
0.53135226730155,13820,2.528,0,0
0.53135213759708,13821,2.5284,0,0
0.53135200800254,13822,2.5288,0,0
0.53135187851793,13823,2.5292,0,0
0.53135174914325,13824,2.5296,0,0
0.53135161987851,13825,2.53,0,0
0.5313514907237,13826,2.5304,0,0
0.53135136167882,13827,2.5308,0,0
0.53135123274387,13828,2.5312,0,0
0.53135110391886,13829,2.5316,0,0
0.53135097520379,13830,2.532,0,0
0.53135084659864,13831,2.5324,0,0
0.53135071810343,13832,2.5328,0,0
0.53135058971816,13833,2.5332,0,0
0.53135046144282,13834,2.5336,0,0
0.53135033327741,13835,2.534,0,0
0.53135020522193,13836,2.5344,0,0
0.53135007727639,13837,2.5348,0,0
0.53134994944079,13838,2.5352,0,0
0.53134982171511,13839,2.5356,0,0
0.53134969409938,13840,2.536,0,0
0.53134956659357,13841,2.5364,0,0
0.5313494391977,13842,2.5368,0,0
0.53134931191177,13843,2.5372,0,0
0.53134918473577,13844,2.5376,0,0
0.5313490576697,13845,2.538,0,0
0.53134893071357,13846,2.5384,0,0
0.53134880386738,13847,2.5388,0,0
0.53134867713112,13848,2.5392,0,0
0.53134855050479,13849,2.5396,0,0
0.5313484239884,13850,2.54,0,0
0.53134829758195,13851,2.5404,0,0
0.53134817128543,13852,2.5408,0,0
0.53134804509884,13853,2.5412,0,0
0.53134791902219,13854,2.5416,0,0
0.53134779305548,13855,2.542,0,0
0.5313476671987,13856,2.5424,0,0
0.53134754145186,13857,2.5428,0,0
0.53134741581495,13858,2.5432,0,0
0.53134729028798,13859,2.5436,0,0
0.53134716487095,13860,2.544,0,0
0.53134703956385,13861,2.5444,0,0
0.53134691436668,13862,2.5448,0,0
0.53134678927946,13863,2.5452,0,0
0.53134666430217,13864,2.5456,0,0
0.53134653943481,13865,2.546,0,0
0.5313464146774,13866,2.5464,0,0
0.53134629002991,13867,2.5468,0,0
0.53134616549237,13868,2.5472,0,0
0.53134604106476,13869,2.5476,0,0
0.53134591674709,13870,2.548,0,0
0.53134579253936,13871,2.5484,0,0
0.53134566844156,13872,2.5488,0,0
0.5313455444537,13873,2.5492,0,0
0.53134542057577,13874,2.5496,0,0
0.53134529680779,13875,2.55,0,0
0.53134517314974,13876,2.5504,0,0
0.53134504960163,13877,2.5508,0,0
0.53134492616345,13878,2.5512,0,0
0.53134480283522,13879,2.5516,0,0
0.53134467961692,13880,2.552,0,0
0.53134455650855,13881,2.5524,0,0
0.53134443351013,13882,2.5528,0,0
0.53134431062164,13883,2.5532,0,0
0.5313441878431,13884,2.5536,0,0
0.53134406517448,13885,2.554,0,0
0.53134394261581,13886,2.5544,0,0
0.53134382016708,13887,2.5548,0,0
0.53134369782828,13888,2.5552,0,0
0.53134357559942,13889,2.5556,0,0
0.5313434534805,13890,2.556,0,0
0.53134333147152,13891,2.5564,0,0
0.53134320957248,13892,2.5568,0,0
0.53134308778337,13893,2.5572,0,0
0.53134296610421,13894,2.5576,0,0
0.53134284453498,13895,2.558,0,0
0.53134272307569,13896,2.5584,0,0
0.53134260172634,13897,2.5588,0,0
0.53134248048693,13898,2.5592,0,0
0.53134235935746,13899,2.5596,0,0
0.53134223833793,13900,2.56,0,0
0.53134211742834,13901,2.5604,0,0
0.53134199662868,13902,2.5608,0,0
0.53134187593897,13903,2.5612,0,0
0.53134175535919,13904,2.5616,0,0
0.53134163488936,13905,2.562,0,0
0.53134151452946,13906,2.5624,0,0
0.5313413942795,13907,2.5628,0,0
0.53134127413949,13908,2.5632,0,0
0.53134115410941,13909,2.5636,0,0
0.53134103418927,13910,2.564,0,0
0.53134091437908,13911,2.5644,0,0
0.53134079467882,13912,2.5648,0,0
0.5313406750885,13913,2.5652,0,0
0.53134055560813,13914,2.5656,0,0
0.53134043623769,13915,2.566,0,0
0.53134031697719,13916,2.5664,0,0
0.53134019782664,13917,2.5668,0,0
0.53134007878602,13918,2.5672,0,0
0.53133995985535,13919,2.5676,0,0
0.53133984103461,13920,2.568,0,0
0.53133972232382,13921,2.5684,0,0
0.53133960372297,13922,2.5688,0,0
0.53133948523206,13923,2.5692,0,0
0.53133936685109,13924,2.5696,0,0
0.53133924858006,13925,2.57,0,0
0.53133913041897,13926,2.5704,0,0
0.53133901236782,13927,2.5708,0,0
0.53133889442662,13928,2.5712,0,0
0.53133877659535,13929,2.5716,0,0
0.53133865887403,13930,2.572,0,0
0.53133854126265,13931,2.5724,0,0
0.53133842376121,13932,2.5728,0,0
0.53133830636971,13933,2.5732,0,0
0.53133818908815,13934,2.5736,0,0
0.53133807191654,13935,2.574,0,0
0.53133795485486,13936,2.5744,0,0
0.53133783790313,13937,2.5748,0,0
0.53133772106134,13938,2.5752,0,0
0.53133760432949,13939,2.5756,0,0
0.53133748770759,13940,2.576,0,0
0.53133737119563,13941,2.5764,0,0
0.53133725479361,13942,2.5768,0,0
0.53133713850153,13943,2.5772,0,0
0.53133702231939,13944,2.5776,0,0
0.5313369062472,13945,2.578,0,0
0.53133679028495,13946,2.5784,0,0
0.53133667443264,13947,2.5788,0,0
0.53133655869028,13948,2.5792,0,0
0.53133644305785,13949,2.5796,0,0
0.53133632753538,13950,2.58,0,0
0.53133621212284,13951,2.5804,0,0
0.53133609682025,13952,2.5808,0,0
0.5313359816276,13953,2.5812,0,0
0.53133586654489,13954,2.5816,0,0
0.53133575157213,13955,2.582,0,0
0.53133563670931,13956,2.5824,0,0
0.53133552195643,13957,2.5828,0,0
0.5313354073135,13958,2.5832,0,0
0.53133529278051,13959,2.5836,0,0
0.53133517835746,13960,2.584,0,0
0.53133506404436,13961,2.5844,0,0
0.5313349498412,13962,2.5848,0,0
0.53133483574799,13963,2.5852,0,0
0.53133472176472,13964,2.5856,0,0
0.53133460789139,13965,2.586,0,0
0.53133449412801,13966,2.5864,0,0
0.53133438047457,13967,2.5868,0,0
0.53133426693107,13968,2.5872,0,0
0.53133415349753,13969,2.5876,0,0
0.53133404017392,13970,2.588,0,0
0.53133392696026,13971,2.5884,0,0
0.53133381385654,13972,2.5888,0,0
0.53133370086277,13973,2.5892,0,0
0.53133358797894,13974,2.5896,0,0
0.53133347520506,13975,2.59,0,0
0.53133336254113,13976,2.5904,0,0
0.53133324998713,13977,2.5908,0,0
0.53133313754309,13978,2.5912,0,0
0.53133302520898,13979,2.5916,0,0
0.53133291298483,13980,2.592,0,0
0.53133280087061,13981,2.5924,0,0
0.53133268886635,13982,2.5928,0,0
0.53133257697203,13983,2.5932,0,0
0.53133246518765,13984,2.5936,0,0
0.53133235351322,13985,2.594,0,0
0.53133224194873,13986,2.5944,0,0
0.53133213049419,13987,2.5948,0,0
0.5313320191496,13988,2.5952,0,0
0.53133190791495,13989,2.5956,0,0
0.53133179679025,13990,2.596,0,0
0.53133168577549,13991,2.5964,0,0
0.53133157487068,13992,2.5968,0,0
0.53133146407582,13993,2.5972,0,0
0.5313313533909,13994,2.5976,0,0
0.53133124281593,13995,2.598,0,0
0.5313311323509,13996,2.5984,0,0
0.53133102199583,13997,2.5988,0,0
0.53133091175069,13998,2.5992,0,0
0.53133080161551,13999,2.5996,0,0
0.53133069159027,14000,2.6,0,0
0.53133058167497,14001,2.6004,0,0
0.53133047186963,14002,2.6008,0,0
0.53133036217423,14003,2.6012,0,0
0.53133025258877,14004,2.6016,0,0
0.53133014311327,14005,2.602,0,0
0.53133003374771,14006,2.6024,0,0
0.5313299244921,14007,2.6028,0,0
0.53132981534643,14008,2.6032,0,0
0.53132970631072,14009,2.6036,0,0
0.53132959738495,14010,2.604,0,0
0.53132948856912,14011,2.6044,0,0
0.53132937986325,14012,2.6048,0,0
0.53132927126732,14013,2.6052,0,0
0.53132916278134,14014,2.6056,0,0
0.53132905440531,14015,2.606,0,0
0.53132894613922,14016,2.6064,0,0
0.53132883798308,14017,2.6068,0,0
0.53132872993689,14018,2.6072,0,0
0.53132862200065,14019,2.6076,0,0
0.53132851417436,14020,2.608,0,0
0.53132840645801,14021,2.6084,0,0
0.53132829885161,14022,2.6088,0,0
0.53132819135516,14023,2.6092,0,0
0.53132808396866,14024,2.6096,0,0
0.53132797669211,14025,2.61,0,0
0.53132786952551,14026,2.6104,0,0
0.53132776246885,14027,2.6108,0,0
0.53132765552214,14028,2.6112,0,0
0.53132754868538,14029,2.6116,0,0
0.53132744195857,14030,2.612,0,0
0.53132733534171,14031,2.6124,0,0
0.5313272288348,14032,2.6128,0,0
0.53132712243783,14033,2.6132,0,0
0.53132701615082,14034,2.6136,0,0
0.53132690997375,14035,2.614,0,0
0.53132680390664,14036,2.6144,0,0
0.53132669794947,14037,2.6148,0,0
0.53132659210225,14038,2.6152,0,0
0.53132648636498,14039,2.6156,0,0
0.53132638073766,14040,2.616,0,0
0.53132627522029,14041,2.6164,0,0
0.53132616981287,14042,2.6168,0,0
0.5313260645154,14043,2.6172,0,0
0.53132595932787,14044,2.6176,0,0
0.5313258542503,14045,2.618,0,0
0.53132574928268,14046,2.6184,0,0
0.53132564442501,14047,2.6188,0,0
0.53132553967728,14048,2.6192,0,0
0.53132543503951,14049,2.6196,0,0
0.53132533051169,14050,2.62,0,0
0.53132522609381,14051,2.6204,0,0
0.53132512178589,14052,2.6208,0,0
0.53132501758792,14053,2.6212,0,0
0.5313249134999,14054,2.6216,0,0
0.53132480952183,14055,2.622,0,0
0.5313247056537,14056,2.6224,0,0
0.53132460189553,14057,2.6228,0,0
0.53132449824731,14058,2.6232,0,0
0.53132439470904,14059,2.6236,0,0
0.53132429128072,14060,2.624,0,0
0.53132418796236,14061,2.6244,0,0
0.53132408475394,14062,2.6248,0,0
0.53132398165547,14063,2.6252,0,0
0.53132387866696,14064,2.6256,0,0
0.53132377578839,14065,2.626,0,0
0.53132367301978,14066,2.6264,0,0
0.53132357036111,14067,2.6268,0,0
0.5313234678124,14068,2.6272,0,0
0.53132336537364,14069,2.6276,0,0
0.53132326304483,14070,2.628,0,0
0.53132316082598,14071,2.6284,0,0
0.53132305871707,14072,2.6288,0,0
0.53132295671812,14073,2.6292,0,0
0.53132285482912,14074,2.6296,0,0
0.53132275305006,14075,2.63,0,0
0.53132265138097,14076,2.6304,0,0
0.53132254982182,14077,2.6308,0,0
0.53132244837262,14078,2.6312,0,0
0.53132234703338,14079,2.6316,0,0
0.53132224580409,14080,2.632,0,0
0.53132214468475,14081,2.6324,0,0
0.53132204367536,14082,2.6328,0,0
0.53132194277593,14083,2.6332,0,0
0.53132184198644,14084,2.6336,0,0
0.53132174130691,14085,2.634,0,0
0.53132164073733,14086,2.6344,0,0
0.53132154027771,14087,2.6348,0,0
0.53132143992804,14088,2.6352,0,0
0.53132133968832,14089,2.6356,0,0
0.53132123955855,14090,2.636,0,0
0.53132113953873,14091,2.6364,0,0
0.53132103962887,14092,2.6368,0,0
0.53132093982896,14093,2.6372,0,0
0.531320840139,14094,2.6376,0,0
0.531320740559,14095,2.638,0,0
0.53132064108895,14096,2.6384,0,0
0.53132054172885,14097,2.6388,0,0
0.53132044247871,14098,2.6392,0,0
0.53132034333852,14099,2.6396,0,0
0.53132024430828,14100,2.64,0,0
0.531320145388,14101,2.6404,0,0
0.53132004657767,14102,2.6408,0,0
0.53131994787729,14103,2.6412,0,0
0.53131984928686,14104,2.6416,0,0
0.53131975080639,14105,2.642,0,0
0.53131965243588,14106,2.6424,0,0
0.53131955417531,14107,2.6428,0,0
0.53131945602471,14108,2.6432,0,0
0.53131935798405,14109,2.6436,0,0
0.53131926005335,14110,2.644,0,0
0.5313191622326,14111,2.6444,0,0
0.53131906452181,14112,2.6448,0,0
0.53131896692097,14113,2.6452,0,0
0.53131886943008,14114,2.6456,0,0
0.53131877204915,14115,2.646,0,0
0.53131867477818,14116,2.6464,0,0
0.53131857761716,14117,2.6468,0,0
0.53131848056609,14118,2.6472,0,0
0.53131838362498,14119,2.6476,0,0
0.53131828679382,14120,2.648,0,0
0.53131819007261,14121,2.6484,0,0
0.53131809346136,14122,2.6488,0,0
0.53131799696007,14123,2.6492,0,0
0.53131790056873,14124,2.6496,0,0
0.53131780428735,14125,2.65,0,0
0.53131770811592,14126,2.6504,0,0
0.53131761205444,14127,2.6508,0,0
0.53131751610292,14128,2.6512,0,0
0.53131742026136,14129,2.6516,0,0
0.53131732452975,14130,2.652,0,0
0.53131722890809,14131,2.6524,0,0
0.5313171333964,14132,2.6528,0,0
0.53131703799465,14133,2.6532,0,0
0.53131694270286,14134,2.6536,0,0
0.53131684752103,14135,2.654,0,0
0.53131675244915,14136,2.6544,0,0
0.53131665748723,14137,2.6548,0,0
0.53131656263527,14138,2.6552,0,0
0.53131646789326,14139,2.6556,0,0
0.5313163732612,14140,2.656,0,0
0.5313162787391,14141,2.6564,0,0
0.53131618432696,14142,2.6568,0,0
0.53131609002478,14143,2.6572,0,0
0.53131599583255,14144,2.6576,0,0
0.53131590175027,14145,2.658,0,0
0.53131580777795,14146,2.6584,0,0
0.53131571391559,14147,2.6588,0,0
0.53131562016319,14148,2.6592,0,0
0.53131552652074,14149,2.6596,0,0
0.53131543298824,14150,2.66,0,0
0.53131533956571,14151,2.6604,0,0
0.53131524625313,14152,2.6608,0,0
0.53131515305051,14153,2.6612,0,0
0.53131505995784,14154,2.6616,0,0
0.53131496697513,14155,2.662,0,0
0.53131487410238,14156,2.6624,0,0
0.53131478133958,14157,2.6628,0,0
0.53131468868674,14158,2.6632,0,0
0.53131459614386,14159,2.6636,0,0
0.53131450371093,14160,2.664,0,0
0.53131441138796,14161,2.6644,0,0
0.53131431917495,14162,2.6648,0,0
0.5313142270719,14163,2.6652,0,0
0.5313141350788,14164,2.6656,0,0
0.53131404319566,14165,2.666,0,0
0.53131395142248,14166,2.6664,0,0
0.53131385975926,14167,2.6668,0,0
0.53131376820599,14168,2.6672,0,0
0.53131367676268,14169,2.6676,0,0
0.53131358542933,14170,2.668,0,0
0.53131349420593,14171,2.6684,0,0
0.5313134030925,14172,2.6688,0,0
0.53131331208902,14173,2.6692,0,0
0.5313132211955,14174,2.6696,0,0
0.53131313041193,14175,2.67,0,0
0.53131303973833,14176,2.6704,0,0
0.53131294917468,14177,2.6708,0,0
0.53131285872099,14178,2.6712,0,0
0.53131276837726,14179,2.6716,0,0
0.53131267814349,14180,2.672,0,0
0.53131258801967,14181,2.6724,0,0
0.53131249800582,14182,2.6728,0,0
0.53131240810192,14183,2.6732,0,0
0.53131231830798,14184,2.6736,0,0
0.531312228624,14185,2.674,0,0
0.53131213904997,14186,2.6744,0,0
0.53131204958591,14187,2.6748,0,0
0.5313119602318,14188,2.6752,0,0
0.53131187098766,14189,2.6756,0,0
0.53131178185347,14190,2.676,0,0
0.53131169282924,14191,2.6764,0,0
0.53131160391497,14192,2.6768,0,0
0.53131151511066,14193,2.6772,0,0
0.53131142641631,14194,2.6776,0,0
0.53131133783191,14195,2.678,0,0
0.53131124935748,14196,2.6784,0,0
0.53131116099301,14197,2.6788,0,0
0.53131107273849,14198,2.6792,0,0
0.53131098459393,14199,2.6796,0,0
0.53131089655934,14200,2.68,0,0
0.5313108086347,14201,2.6804,0,0
0.53131072082002,14202,2.6808,0,0
0.5313106331153,14203,2.6812,0,0
0.53131054552054,14204,2.6816,0,0
0.53131045803574,14205,2.682,0,0
0.5313103706609,14206,2.6824,0,0
0.53131028339602,14207,2.6828,0,0
0.5313101962411,14208,2.6832,0,0
0.53131010919614,14209,2.6836,0,0
0.53131002226114,14210,2.684,0,0
0.5313099354361,14211,2.6844,0,0
0.53130984872102,14212,2.6848,0,0
0.5313097621159,14213,2.6852,0,0
0.53130967562074,14214,2.6856,0,0
0.53130958923554,14215,2.686,0,0
0.5313095029603,14216,2.6864,0,0
0.53130941679502,14217,2.6868,0,0
0.5313093307397,14218,2.6872,0,0
0.53130924479434,14219,2.6876,0,0
0.53130915895894,14220,2.688,0,0
0.5313090732335,14221,2.6884,0,0
0.53130898761803,14222,2.6888,0,0
0.53130890211251,14223,2.6892,0,0
0.53130881671695,14224,2.6896,0,0
0.53130873143136,14225,2.69,0,0
0.53130864625572,14226,2.6904,0,0
0.53130856119005,14227,2.6908,0,0
0.53130847623434,14228,2.6912,0,0
0.53130839138858,14229,2.6916,0,0
0.53130830665279,14230,2.692,0,0
0.53130822202696,14231,2.6924,0,0
0.53130813751109,14232,2.6928,0,0
0.53130805310519,14233,2.6932,0,0
0.53130796880924,14234,2.6936,0,0
0.53130788462326,14235,2.694,0,0
0.53130780054723,14236,2.6944,0,0
0.53130771658117,14237,2.6948,0,0
0.53130763272507,14238,2.6952,0,0
0.53130754897893,14239,2.6956,0,0
0.53130746534275,14240,2.696,0,0
0.53130738181653,14241,2.6964,0,0
0.53130729840028,14242,2.6968,0,0
0.53130721509399,14243,2.6972,0,0
0.53130713189766,14244,2.6976,0,0
0.53130704881129,14245,2.698,0,0
0.53130696583488,14246,2.6984,0,0
0.53130688296843,14247,2.6988,0,0
0.53130680021195,14248,2.6992,0,0
0.53130671756543,14249,2.6996,0,0
0.53130663502887,14250,2.7,0,0
0.53130655260227,14251,2.7004,0,0
0.53130647028564,14252,2.7008,0,0
0.53130638807896,14253,2.7012,0,0
0.53130630598225,14254,2.7016,0,0
0.5313062239955,14255,2.702,0,0
0.53130614211872,14256,2.7024,0,0
0.5313060603519,14257,2.7028,0,0
0.53130597869503,14258,2.7032,0,0
0.53130589714814,14259,2.7036,0,0
0.5313058157112,14260,2.704,0,0
0.53130573438423,14261,2.7044,0,0
0.53130565316722,14262,2.7048,0,0
0.53130557206017,14263,2.7052,0,0
0.53130549106309,14264,2.7056,0,0
0.53130541017596,14265,2.706,0,0
0.5313053293988,14266,2.7064,0,0
0.53130524873161,14267,2.7068,0,0
0.53130516817438,14268,2.7072,0,0
0.53130508772711,14269,2.7076,0,0
0.5313050073898,14270,2.708,0,0
0.53130492716246,14271,2.7084,0,0
0.53130484704508,14272,2.7088,0,0
0.53130476703766,14273,2.7092,0,0
0.5313046871402,14274,2.7096,0,0
0.53130460735271,14275,2.71,0,0
0.53130452767519,14276,2.7104,0,0
0.53130444810762,14277,2.7108,0,0
0.53130436865003,14278,2.7112,0,0
0.53130428930239,14279,2.7116,0,0
0.53130421006472,14280,2.712,0,0
0.53130413093701,14281,2.7124,0,0
0.53130405191926,14282,2.7128,0,0
0.53130397301148,14283,2.7132,0,0
0.53130389421366,14284,2.7136,0,0
0.53130381552581,14285,2.714,0,0
0.53130373694792,14286,2.7144,0,0
0.53130365848,14287,2.7148,0,0
0.53130358012203,14288,2.7152,0,0
0.53130350187404,14289,2.7156,0,0
0.531303423736,14290,2.716,0,0
0.53130334570794,14291,2.7164,0,0
0.53130326778983,14292,2.7168,0,0
0.53130318998169,14293,2.7172,0,0
0.53130311228351,14294,2.7176,0,0
0.5313030346953,14295,2.718,0,0
0.53130295721706,14296,2.7184,0,0
0.53130287984877,14297,2.7188,0,0
0.53130280259045,14298,2.7192,0,0
0.5313027254421,14299,2.7196,0,0
0.53130264840371,14300,2.72,0,0
0.53130257147529,14301,2.7204,0,0
0.53130249465683,14302,2.7208,0,0
0.53130241794833,14303,2.7212,0,0
0.53130234134981,14304,2.7216,0,0
0.53130226486124,14305,2.722,0,0
0.53130218848264,14306,2.7224,0,0
0.53130211221401,14307,2.7228,0,0
0.53130203605534,14308,2.7232,0,0
0.53130196000663,14309,2.7236,0,0
0.53130188406789,14310,2.724,0,0
0.53130180823912,14311,2.7244,0,0
0.53130173252031,14312,2.7248,0,0
0.53130165691147,14313,2.7252,0,0
0.53130158141259,14314,2.7256,0,0
0.53130150602367,14315,2.726,0,0
0.53130143074473,14316,2.7264,0,0
0.53130135557574,14317,2.7268,0,0
0.53130128051673,14318,2.7272,0,0
0.53130120556768,14319,2.7276,0,0
0.53130113072859,14320,2.728,0,0
0.53130105599947,14321,2.7284,0,0
0.53130098138032,14322,2.7288,0,0
0.53130090687113,14323,2.7292,0,0
0.53130083247191,14324,2.7296,0,0
0.53130075818265,14325,2.73,0,0
0.53130068400336,14326,2.7304,0,0
0.53130060993404,14327,2.7308,0,0
0.53130053597468,14328,2.7312,0,0
0.53130046212529,14329,2.7316,0,0
0.53130038838586,14330,2.732,0,0
0.5313003147564,14331,2.7324,0,0
0.53130024123691,14332,2.7328,0,0
0.53130016782738,14333,2.7332,0,0
0.53130009452782,14334,2.7336,0,0
0.53130002133822,14335,2.734,0,0
0.53129994825859,14336,2.7344,0,0
0.53129987528893,14337,2.7348,0,0
0.53129980242924,14338,2.7352,0,0
0.53129972967951,14339,2.7356,0,0
0.53129965703975,14340,2.736,0,0
0.53129958450995,14341,2.7364,0,0
0.53129951209012,14342,2.7368,0,0
0.53129943978026,14343,2.7372,0,0
0.53129936758036,14344,2.7376,0,0
0.53129929549043,14345,2.738,0,0
0.53129922351047,14346,2.7384,0,0
0.53129915164048,14347,2.7388,0,0
0.53129907988045,14348,2.7392,0,0
0.53129900823039,14349,2.7396,0,0
0.53129893669029,14350,2.74,0,0
0.53129886526017,14351,2.7404,0,0
0.53129879394001,14352,2.7408,0,0
0.53129872272982,14353,2.7412,0,0
0.53129865162959,14354,2.7416,0,0
0.53129858063933,14355,2.742,0,0
0.53129850975904,14356,2.7424,0,0
0.53129843898872,14357,2.7428,0,0
0.53129836832836,14358,2.7432,0,0
0.53129829777797,14359,2.7436,0,0
0.53129822733755,14360,2.744,0,0
0.5312981570071,14361,2.7444,0,0
0.53129808678662,14362,2.7448,0,0
0.5312980166761,14363,2.7452,0,0
0.53129794667555,14364,2.7456,0,0
0.53129787678496,14365,2.746,0,0
0.53129780700435,14366,2.7464,0,0
0.5312977373337,14367,2.7468,0,0
0.53129766777302,14368,2.7472,0,0
0.53129759832231,14369,2.7476,0,0
0.53129752898157,14370,2.748,0,0
0.53129745975079,14371,2.7484,0,0
0.53129739062999,14372,2.7488,0,0
0.53129732161915,14373,2.7492,0,0
0.53129725271828,14374,2.7496,0,0
0.53129718392738,14375,2.75,0,0
0.53129711524644,14376,2.7504,0,0
0.53129704667547,14377,2.7508,0,0
0.53129697821448,14378,2.7512,0,0
0.53129690986345,14379,2.7516,0,0
0.53129684162239,14380,2.752,0,0
0.53129677349129,14381,2.7524,0,0
0.53129670547017,14382,2.7528,0,0
0.53129663755901,14383,2.7532,0,0
0.53129656975783,14384,2.7536,0,0
0.53129650206661,14385,2.754,0,0
0.53129643448536,14386,2.7544,0,0
0.53129636701408,14387,2.7548,0,0
0.53129629965277,14388,2.7552,0,0
0.53129623240142,14389,2.7556,0,0
0.53129616526005,14390,2.756,0,0
0.53129609822864,14391,2.7564,0,0
0.53129603130721,14392,2.7568,0,0
0.53129596449574,14393,2.7572,0,0
0.53129589779424,14394,2.7576,0,0
0.53129583120271,14395,2.758,0,0
0.53129576472115,14396,2.7584,0,0
0.53129569834956,14397,2.7588,0,0
0.53129563208794,14398,2.7592,0,0
0.53129556593628,14399,2.7596,0,0
0.5312954998946,14400,2.76,0,0
0.53129543396289,14401,2.7604,0,0
0.53129536814114,14402,2.7608,0,0
0.53129530242936,14403,2.7612,0,0
0.53129523682756,14404,2.7616,0,0
0.53129517133572,14405,2.762,0,0
0.53129510595385,14406,2.7624,0,0
0.53129504068196,14407,2.7628,0,0
0.53129497552003,14408,2.7632,0,0
0.53129491046807,14409,2.7636,0,0
0.53129484552608,14410,2.764,0,0
0.53129478069406,14411,2.7644,0,0
0.53129471597201,14412,2.7648,0,0
0.53129465135994,14413,2.7652,0,0
0.53129458685783,14414,2.7656,0,0
0.53129452246569,14415,2.766,0,0
0.53129445818352,14416,2.7664,0,0
0.53129439401132,14417,2.7668,0,0
0.53129432994909,14418,2.7672,0,0
0.53129426599683,14419,2.7676,0,0
0.53129420215454,14420,2.768,0,0
0.53129413842222,14421,2.7684,0,0
0.53129407479987,14422,2.7688,0,0
0.53129401128749,14423,2.7692,0,0
0.53129394788508,14424,2.7696,0,0
0.53129388459265,14425,2.77,0,0
0.53129382141018,14426,2.7704,0,0
0.53129375833768,14427,2.7708,0,0
0.53129369537515,14428,2.7712,0,0
0.5312936325226,14429,2.7716,0,0
0.53129356978001,14430,2.772,0,0
0.5312935071474,14431,2.7724,0,0
0.53129344462475,14432,2.7728,0,0
0.53129338221208,14433,2.7732,0,0
0.53129331990938,14434,2.7736,0,0
0.53129325771664,14435,2.774,0,0
0.53129319563388,14436,2.7744,0,0
0.53129313366109,14437,2.7748,0,0
0.53129307179827,14438,2.7752,0,0
0.53129301004542,14439,2.7756,0,0
0.53129294840254,14440,2.776,0,0
0.53129288686963,14441,2.7764,0,0
0.5312928254467,14442,2.7768,0,0
0.53129276413373,14443,2.7772,0,0
0.53129270293074,14444,2.7776,0,0
0.53129264183772,14445,2.778,0,0
0.53129258085466,14446,2.7784,0,0
0.53129251998158,14447,2.7788,0,0
0.53129245921847,14448,2.7792,0,0
0.53129239856533,14449,2.7796,0,0
0.53129233802217,14450,2.78,0,0
0.53129227758897,14451,2.7804,0,0
0.53129221726575,14452,2.7808,0,0
0.5312921570525,14453,2.7812,0,0
0.53129209694921,14454,2.7816,0,0
0.5312920369559,14455,2.782,0,0
0.53129197707257,14456,2.7824,0,0
0.5312919172992,14457,2.7828,0,0
0.5312918576358,14458,2.7832,0,0
0.53129179808238,14459,2.7836,0,0
0.53129173863893,14460,2.784,0,0
0.53129167930545,14461,2.7844,0,0
0.53129162008194,14462,2.7848,0,0
0.53129156096841,14463,2.7852,0,0
0.53129150196484,14464,2.7856,0,0
0.53129144307125,14465,2.786,0,0
0.53129138428763,14466,2.7864,0,0
0.53129132561398,14467,2.7868,0,0
0.5312912670503,14468,2.7872,0,0
0.5312912085966,14469,2.7876,0,0
0.53129115025287,14470,2.788,0,0
0.53129109201911,14471,2.7884,0,0
0.53129103389532,14472,2.7888,0,0
0.5312909758815,14473,2.7892,0,0
0.53129091797766,14474,2.7896,0,0
0.53129086018379,14475,2.79,0,0
0.53129080249989,14476,2.7904,0,0
0.53129074492596,14477,2.7908,0,0
0.53129068746201,14478,2.7912,0,0
0.53129063010802,14479,2.7916,0,0
0.53129057286401,14480,2.792,0,0
0.53129051572998,14481,2.7924,0,0
0.53129045870591,14482,2.7928,0,0
0.53129040179182,14483,2.7932,0,0
0.5312903449877,14484,2.7936,0,0
0.53129028829355,14485,2.794,0,0
0.53129023170938,14486,2.7944,0,0
0.53129017523518,14487,2.7948,0,0
0.53129011887095,14488,2.7952,0,0
0.5312900626167,14489,2.7956,0,0
0.53129000647241,14490,2.796,0,0
0.5312899504381,14491,2.7964,0,0
0.53128989451377,14492,2.7968,0,0
0.5312898386994,14493,2.7972,0,0
0.53128978299501,14494,2.7976,0,0
0.53128972740059,14495,2.798,0,0
0.53128967191615,14496,2.7984,0,0
0.53128961654167,14497,2.7988,0,0
0.53128956127718,14498,2.7992,0,0
0.53128950612265,14499,2.7996,0,0
0.5312894510781,14500,2.8,0,0
0.53128939614352,14501,2.8004,0,0
0.53128934131891,14502,2.8008,0,0
0.53128928660428,14503,2.8012,0,0
0.53128923199962,14504,2.8016,0,0
0.53128917750493,14505,2.802,0,0
0.53128912312022,14506,2.8024,0,0
0.53128906884548,14507,2.8028,0,0
0.53128901468071,14508,2.8032,0,0
0.53128896062592,14509,2.8036,0,0
0.5312889066811,14510,2.804,0,0
0.53128885284626,14511,2.8044,0,0
0.53128879912139,14512,2.8048,0,0
0.53128874550649,14513,2.8052,0,0
0.53128869200156,14514,2.8056,0,0
0.53128863860661,14515,2.806,0,0
0.53128858532164,14516,2.8064,0,0
0.53128853214663,14517,2.8068,0,0
0.5312884790816,14518,2.8072,0,0
0.53128842612655,14519,2.8076,0,0
0.53128837328147,14520,2.808,0,0
0.53128832054636,14521,2.8084,0,0
0.53128826792123,14522,2.8088,0,0
0.53128821540607,14523,2.8092,0,0
0.53128816300088,14524,2.8096,0,0
0.53128811070567,14525,2.81,0,0
0.53128805852043,14526,2.8104,0,0
0.53128800644517,14527,2.8108,0,0
0.53128795447988,14528,2.8112,0,0
0.53128790262456,14529,2.8116,0,0
0.53128785087922,14530,2.812,0,0
0.53128779924386,14531,2.8124,0,0
0.53128774771846,14532,2.8128,0,0
0.53128769630305,14533,2.8132,0,0
0.5312876449976,14534,2.8136,0,0
0.53128759380213,14535,2.814,0,0
0.53128754271664,14536,2.8144,0,0
0.53128749174112,14537,2.8148,0,0
0.53128744087557,14538,2.8152,0,0
0.53128739012,14539,2.8156,0,0
0.5312873394744,14540,2.816,0,0
0.53128728893878,14541,2.8164,0,0
0.53128723851313,14542,2.8168,0,0
0.53128718819746,14543,2.8172,0,0
0.53128713799176,14544,2.8176,0,0
0.53128708789604,14545,2.818,0,0
0.53128703791029,14546,2.8184,0,0
0.53128698803452,14547,2.8188,0,0
0.53128693826872,14548,2.8192,0,0
0.53128688861289,14549,2.8196,0,0
0.53128683906704,14550,2.82,0,0
0.53128678963117,14551,2.8204,0,0
0.53128674030527,14552,2.8208,0,0
0.53128669108934,14553,2.8212,0,0
0.53128664198339,14554,2.8216,0,0
0.53128659298742,14555,2.822,0,0
0.53128654410142,14556,2.8224,0,0
0.53128649532539,14557,2.8228,0,0
0.53128644665935,14558,2.8232,0,0
0.53128639810327,14559,2.8236,0,0
0.53128634965717,14560,2.824,0,0
0.53128630132105,14561,2.8244,0,0
0.5312862530949,14562,2.8248,0,0
0.53128620497873,14563,2.8252,0,0
0.53128615697253,14564,2.8256,0,0
0.53128610907631,14565,2.826,0,0
0.53128606129006,14566,2.8264,0,0
0.53128601361379,14567,2.8268,0,0
0.53128596604749,14568,2.8272,0,0
0.53128591859117,14569,2.8276,0,0
0.53128587124482,14570,2.828,0,0
0.53128582400845,14571,2.8284,0,0
0.53128577688206,14572,2.8288,0,0
0.53128572986564,14573,2.8292,0,0
0.5312856829592,14574,2.8296,0,0
0.53128563616273,14575,2.83,0,0
0.53128558947624,14576,2.8304,0,0
0.53128554289972,14577,2.8308,0,0
0.53128549643318,14578,2.8312,0,0
0.53128545007662,14579,2.8316,0,0
0.53128540383003,14580,2.832,0,0
0.53128535769341,14581,2.8324,0,0
0.53128531166678,14582,2.8328,0,0
0.53128526575012,14583,2.8332,0,0
0.53128521994343,14584,2.8336,0,0
0.53128517424672,14585,2.834,0,0
0.53128512865999,14586,2.8344,0,0
0.53128508318323,14587,2.8348,0,0
0.53128503781645,14588,2.8352,0,0
0.53128499255964,14589,2.8356,0,0
0.53128494741282,14590,2.836,0,0
0.53128490237596,14591,2.8364,0,0
0.53128485744909,14592,2.8368,0,0
0.53128481263218,14593,2.8372,0,0
0.53128476792526,14594,2.8376,0,0
0.53128472332831,14595,2.838,0,0
0.53128467884134,14596,2.8384,0,0
0.53128463446434,14597,2.8388,0,0
0.53128459019732,14598,2.8392,0,0
0.53128454604028,14599,2.8396,0,0
0.53128450199321,14600,2.84,0,0
0.53128445805612,14601,2.8404,0,0
0.53128441422901,14602,2.8408,0,0
0.53128437051187,14603,2.8412,0,0
0.53128432690471,14604,2.8416,0,0
0.53128428340753,14605,2.842,0,0
0.53128424002032,14606,2.8424,0,0
0.53128419674309,14607,2.8428,0,0
0.53128415357584,14608,2.8432,0,0
0.53128411051856,14609,2.8436,0,0
0.53128406757126,14610,2.844,0,0
0.53128402473393,14611,2.8444,0,0
0.53128398200658,14612,2.8448,0,0
0.53128393938921,14613,2.8452,0,0
0.53128389688182,14614,2.8456,0,0
0.5312838544844,14615,2.846,0,0
0.53128381219696,14616,2.8464,0,0
0.5312837700195,14617,2.8468,0,0
0.53128372795201,14618,2.8472,0,0
0.5312836859945,14619,2.8476,0,0
0.53128364414697,14620,2.848,0,0
0.53128360240941,14621,2.8484,0,0
0.53128356078183,14622,2.8488,0,0
0.53128351926423,14623,2.8492,0,0
0.5312834778566,14624,2.8496,0,0
0.53128343655896,14625,2.85,0,0
0.53128339537129,14626,2.8504,0,0
0.53128335429359,14627,2.8508,0,0
0.53128331332588,14628,2.8512,0,0
0.53128327246814,14629,2.8516,0,0
0.53128323172037,14630,2.852,0,0
0.53128319108259,14631,2.8524,0,0
0.53128315055478,14632,2.8528,0,0
0.53128311013695,14633,2.8532,0,0
0.5312830698291,14634,2.8536,0,0
0.53128302963122,14635,2.854,0,0
0.53128298954332,14636,2.8544,0,0
0.5312829495654,14637,2.8548,0,0
0.53128290969746,14638,2.8552,0,0
0.53128286993949,14639,2.8556,0,0
0.5312828302915,14640,2.856,0,0
0.53128279075349,14641,2.8564,0,0
0.53128275132546,14642,2.8568,0,0
0.5312827120074,14643,2.8572,0,0
0.53128267279932,14644,2.8576,0,0
0.53128263370122,14645,2.858,0,0
0.5312825947131,14646,2.8584,0,0
0.53128255583495,14647,2.8588,0,0
0.53128251706679,14648,2.8592,0,0
0.5312824784086,14649,2.8596,0,0
0.53128243986038,14650,2.86,0,0
0.53128240142215,14651,2.8604,0,0
0.53128236309389,14652,2.8608,0,0
0.53128232487561,14653,2.8612,0,0
0.53128228676731,14654,2.8616,0,0
0.53128224876899,14655,2.862,0,0
0.53128221088064,14656,2.8624,0,0
0.53128217310227,14657,2.8628,0,0
0.53128213543388,14658,2.8632,0,0
0.53128209787547,14659,2.8636,0,0
0.53128206042704,14660,2.864,0,0
0.53128202308858,14661,2.8644,0,0
0.5312819858601,14662,2.8648,0,0
0.5312819487416,14663,2.8652,0,0
0.53128191173308,14664,2.8656,0,0
0.53128187483454,14665,2.866,0,0
0.53128183804597,14666,2.8664,0,0
0.53128180136738,14667,2.8668,0,0
0.53128176479877,14668,2.8672,0,0
0.53128172834014,14669,2.8676,0,0
0.53128169199149,14670,2.868,0,0
0.53128165575281,14671,2.8684,0,0
0.53128161962412,14672,2.8688,0,0
0.5312815836054,14673,2.8692,0,0
0.53128154769666,14674,2.8696,0,0
0.5312815118979,14675,2.87,0,0
0.53128147620911,14676,2.8704,0,0
0.53128144063031,14677,2.8708,0,0
0.53128140516148,14678,2.8712,0,0
0.53128136980263,14679,2.8716,0,0
0.53128133455376,14680,2.872,0,0
0.53128129941487,14681,2.8724,0,0
0.53128126438596,14682,2.8728,0,0
0.53128122946702,14683,2.8732,0,0
0.53128119465807,14684,2.8736,0,0
0.53128115995909,14685,2.874,0,0
0.53128112537009,14686,2.8744,0,0
0.53128109089107,14687,2.8748,0,0
0.53128105652203,14688,2.8752,0,0
0.53128102226297,14689,2.8756,0,0
0.53128098811388,14690,2.876,0,0
0.53128095407478,14691,2.8764,0,0
0.53128092014565,14692,2.8768,0,0
0.5312808863265,14693,2.8772,0,0
0.53128085261733,14694,2.8776,0,0
0.53128081901814,14695,2.878,0,0
0.53128078552893,14696,2.8784,0,0
0.5312807521497,14697,2.8788,0,0
0.53128071888044,14698,2.8792,0,0
0.53128068572117,14699,2.8796,0,0
0.53128065267187,14700,2.88,0,0
0.53128061973255,14701,2.8804,0,0
0.53128058690321,14702,2.8808,0,0
0.53128055418385,14703,2.8812,0,0
0.53128052157447,14704,2.8816,0,0
0.53128048907507,14705,2.882,0,0
0.53128045668565,14706,2.8824,0,0
0.53128042440621,14707,2.8828,0,0
0.53128039223674,14708,2.8832,0,0
0.53128036017725,14709,2.8836,0,0
0.53128032822775,14710,2.884,0,0
0.53128029638822,14711,2.8844,0,0
0.53128026465867,14712,2.8848,0,0
0.5312802330391,14713,2.8852,0,0
0.53128020152951,14714,2.8856,0,0
0.5312801701299,14715,2.886,0,0
0.53128013884027,14716,2.8864,0,0
0.53128010766062,14717,2.8868,0,0
0.53128007659094,14718,2.8872,0,0
0.53128004563125,14719,2.8876,0,0
0.53128001478154,14720,2.888,0,0
0.5312799840418,14721,2.8884,0,0
0.53127995341204,14722,2.8888,0,0
0.53127992289227,14723,2.8892,0,0
0.53127989248247,14724,2.8896,0,0
0.53127986218265,14725,2.89,0,0
0.53127983199281,14726,2.8904,0,0
0.53127980191295,14727,2.8908,0,0
0.53127977194308,14728,2.8912,0,0
0.53127974208317,14729,2.8916,0,0
0.53127971233325,14730,2.892,0,0
0.53127968269331,14731,2.8924,0,0
0.53127965316335,14732,2.8928,0,0
0.53127962374337,14733,2.8932,0,0
0.53127959443337,14734,2.8936,0,0
0.53127956523334,14735,2.894,0,0
0.5312795361433,14736,2.8944,0,0
0.53127950716324,14737,2.8948,0,0
0.53127947829315,14738,2.8952,0,0
0.53127944953305,14739,2.8956,0,0
0.53127942088292,14740,2.896,0,0
0.53127939234278,14741,2.8964,0,0
0.53127936391261,14742,2.8968,0,0
0.53127933559243,14743,2.8972,0,0
0.53127930738222,14744,2.8976,0,0
0.53127927928199,14745,2.898,0,0
0.53127925129175,14746,2.8984,0,0
0.53127922341148,14747,2.8988,0,0
0.53127919564119,14748,2.8992,0,0
0.53127916798089,14749,2.8996,0,0
0.53127914043056,14750,2.9,0,0
0.53127911299021,14751,2.9004,0,0
0.53127908565985,14752,2.9008,0,0
0.53127905843946,14753,2.9012,0,0
0.53127903132905,14754,2.9016,0,0
0.53127900432862,14755,2.902,0,0
0.53127897743818,14756,2.9024,0,0
0.53127895065771,14757,2.9028,0,0
0.53127892398722,14758,2.9032,0,0
0.53127889742671,14759,2.9036,0,0
0.53127887097618,14760,2.904,0,0
0.53127884463564,14761,2.9044,0,0
0.53127881840507,14762,2.9048,0,0
0.53127879228448,14763,2.9052,0,0
0.53127876627387,14764,2.9056,0,0
0.53127874037325,14765,2.906,0,0
0.5312787145826,14766,2.9064,0,0
0.53127868890193,14767,2.9068,0,0
0.53127866333125,14768,2.9072,0,0
0.53127863787054,14769,2.9076,0,0
0.53127861251981,14770,2.908,0,0
0.53127858727907,14771,2.9084,0,0
0.5312785621483,14772,2.9088,0,0
0.53127853712752,14773,2.9092,0,0
0.53127851221671,14774,2.9096,0,0
0.53127848741589,14775,2.91,0,0
0.53127846272504,14776,2.9104,0,0
0.53127843814418,14777,2.9108,0,0
0.53127841367329,14778,2.9112,0,0
0.53127838931239,14779,2.9116,0,0
0.53127836506146,14780,2.912,0,0
0.53127834092052,14781,2.9124,0,0
0.53127831688956,14782,2.9128,0,0
0.53127829296858,14783,2.9132,0,0
0.53127826915757,14784,2.9136,0,0
0.53127824545655,14785,2.914,0,0
0.53127822186551,14786,2.9144,0,0
0.53127819838445,14787,2.9148,0,0
0.53127817501337,14788,2.9152,0,0
0.53127815175227,14789,2.9156,0,0
0.53127812860115,14790,2.916,0,0
0.53127810556001,14791,2.9164,0,0
0.53127808262885,14792,2.9168,0,0
0.53127805980768,14793,2.9172,0,0
0.53127803709648,14794,2.9176,0,0
0.53127801449526,14795,2.918,0,0
0.53127799200403,14796,2.9184,0,0
0.53127796962277,14797,2.9188,0,0
0.5312779473515,14798,2.9192,0,0
0.5312779251902,14799,2.9196,0,0
0.53127790313889,14800,2.92,0,0
0.53127788119756,14801,2.9204,0,0
0.53127785936621,14802,2.9208,0,0
0.53127783764483,14803,2.9212,0,0
0.53127781603344,14804,2.9216,0,0
0.53127779453203,14805,2.922,0,0
0.5312777731406,14806,2.9224,0,0
0.53127775185916,14807,2.9228,0,0
0.53127773068769,14808,2.9232,0,0
0.5312777096262,14809,2.9236,0,0
0.5312776886747,14810,2.924,0,0
0.53127766783317,14811,2.9244,0,0
0.53127764710163,14812,2.9248,0,0
0.53127762648006,14813,2.9252,0,0
0.53127760596848,14814,2.9256,0,0
0.53127758556688,14815,2.926,0,0
0.53127756527526,14816,2.9264,0,0
0.53127754509362,14817,2.9268,0,0
0.53127752502196,14818,2.9272,0,0
0.53127750506028,14819,2.9276,0,0
0.53127748520858,14820,2.928,0,0
0.53127746546687,14821,2.9284,0,0
0.53127744583513,14822,2.9288,0,0
0.53127742631338,14823,2.9292,0,0
0.5312774069016,14824,2.9296,0,0
0.53127738759981,14825,2.93,0,0
0.531277368408,14826,2.9304,0,0
0.53127734932617,14827,2.9308,0,0
0.53127733035432,14828,2.9312,0,0
0.53127731149245,14829,2.9316,0,0
0.53127729274056,14830,2.932,0,0
0.53127727409866,14831,2.9324,0,0
0.53127725556673,14832,2.9328,0,0
0.53127723714479,14833,2.9332,0,0
0.53127721883282,14834,2.9336,0,0
0.53127720063084,14835,2.934,0,0
0.53127718253884,14836,2.9344,0,0
0.53127716455682,14837,2.9348,0,0
0.53127714668478,14838,2.9352,0,0
0.53127712892273,14839,2.9356,0,0
0.53127711127065,14840,2.936,0,0
0.53127709372856,14841,2.9364,0,0
0.53127707629644,14842,2.9368,0,0
0.53127705897431,14843,2.9372,0,0
0.53127704176216,14844,2.9376,0,0
0.53127702465999,14845,2.938,0,0
0.5312770076678,14846,2.9384,0,0
0.53127699078559,14847,2.9388,0,0
0.53127697401336,14848,2.9392,0,0
0.53127695735112,14849,2.9396,0,0
0.53127694079885,14850,2.94,0,0
0.53127692435657,14851,2.9404,0,0
0.53127690802427,14852,2.9408,0,0
0.53127689180195,14853,2.9412,0,0
0.53127687568961,14854,2.9416,0,0
0.53127685968725,14855,2.942,0,0
0.53127684379488,14856,2.9424,0,0
0.53127682801248,14857,2.9428,0,0
0.53127681234007,14858,2.9432,0,0
0.53127679677764,14859,2.9436,0,0
0.53127678132519,14860,2.944,0,0
0.53127676598272,14861,2.9444,0,0
0.53127675075023,14862,2.9448,0,0
0.53127673562772,14863,2.9452,0,0
0.5312767206152,14864,2.9456,0,0
0.53127670571266,14865,2.946,0,0
0.53127669092009,14866,2.9464,0,0
0.53127667623751,14867,2.9468,0,0
0.53127666166491,14868,2.9472,0,0
0.5312766472023,14869,2.9476,0,0
0.53127663284966,14870,2.948,0,0
0.53127661860701,14871,2.9484,0,0
0.53127660447433,14872,2.9488,0,0
0.53127659045164,14873,2.9492,0,0
0.53127657653893,14874,2.9496,0,0
0.5312765627362,14875,2.95,0,0
0.53127654904346,14876,2.9504,0,0
0.53127653546069,14877,2.9508,0,0
0.53127652198791,14878,2.9512,0,0
0.5312765086251,14879,2.9516,0,0
0.53127649537228,14880,2.952,0,0
0.53127648222944,14881,2.9524,0,0
0.53127646919658,14882,2.9528,0,0
0.53127645627371,14883,2.9532,0,0
0.53127644346081,14884,2.9536,0,0
0.5312764307579,14885,2.954,0,0
0.53127641816497,14886,2.9544,0,0
0.53127640568202,14887,2.9548,0,0
0.53127639330905,14888,2.9552,0,0
0.53127638104607,14889,2.9556,0,0
0.53127636889306,14890,2.956,0,0
0.53127635685004,14891,2.9564,0,0
0.531276344917,14892,2.9568,0,0
0.53127633309394,14893,2.9572,0,0
0.53127632138086,14894,2.9576,0,0
0.53127630977776,14895,2.958,0,0
0.53127629828465,14896,2.9584,0,0
0.53127628690151,14897,2.9588,0,0
0.53127627562836,14898,2.9592,0,0
0.53127626446519,14899,2.9596,0,0
0.53127625341201,14900,2.96,0,0
0.5312762424688,14901,2.9604,0,0
0.53127623163557,14902,2.9608,0,0
0.53127622091233,14903,2.9612,0,0
0.53127621029907,14904,2.9616,0,0
0.53127619979579,14905,2.962,0,0
0.53127618940249,14906,2.9624,0,0
0.53127617911918,14907,2.9628,0,0
0.53127616894585,14908,2.9632,0,0
0.53127615888249,14909,2.9636,0,0
0.53127614892912,14910,2.964,0,0
0.53127613908574,14911,2.9644,0,0
0.53127612935233,14912,2.9648,0,0
0.5312761197289,14913,2.9652,0,0
0.53127611021546,14914,2.9656,0,0
0.531276100812,14915,2.966,0,0
0.53127609151852,14916,2.9664,0,0
0.53127608233502,14917,2.9668,0,0
0.53127607326151,14918,2.9672,0,0
0.53127606429797,14919,2.9676,0,0
0.53127605544442,14920,2.968,0,0
0.53127604670085,14921,2.9684,0,0
0.53127603806726,14922,2.9688,0,0
0.53127602954366,14923,2.9692,0,0
0.53127602113003,14924,2.9696,0,0
0.53127601282639,14925,2.97,0,0
0.53127600463273,14926,2.9704,0,0
0.53127599654905,14927,2.9708,0,0
0.53127598857535,14928,2.9712,0,0
0.53127598071164,14929,2.9716,0,0
0.53127597295791,14930,2.972,0,0
0.53127596531415,14931,2.9724,0,0
0.53127595778038,14932,2.9728,0,0
0.5312759503566,14933,2.9732,0,0
0.53127594304279,14934,2.9736,0,0
0.53127593583897,14935,2.974,0,0
0.53127592874513,14936,2.9744,0,0
0.53127592176127,14937,2.9748,0,0
0.53127591488739,14938,2.9752,0,0
0.53127590812349,14939,2.9756,0,0
0.53127590146958,14940,2.976,0,0
0.53127589492565,14941,2.9764,0,0
0.5312758884917,14942,2.9768,0,0
0.53127588216773,14943,2.9772,0,0
0.53127587595374,14944,2.9776,0,0
0.53127586984974,14945,2.978,0,0
0.53127586385572,14946,2.9784,0,0
0.53127585797168,14947,2.9788,0,0
0.53127585219762,14948,2.9792,0,0
0.53127584653355,14949,2.9796,0,0
0.53127584097945,14950,2.98,0,0
0.53127583553534,14951,2.9804,0,0
0.53127583020121,14952,2.9808,0,0
0.53127582497706,14953,2.9812,0,0
0.5312758198629,14954,2.9816,0,0
0.53127581485871,14955,2.982,0,0
0.53127580996451,14956,2.9824,0,0
0.53127580518029,14957,2.9828,0,0
0.53127580050605,14958,2.9832,0,0
0.5312757959418,14959,2.9836,0,0
0.53127579148752,14960,2.984,0,0
0.53127578714323,14961,2.9844,0,0
0.53127578290892,14962,2.9848,0,0
0.53127577878459,14963,2.9852,0,0
0.53127577477025,14964,2.9856,0,0
0.53127577086588,14965,2.986,0,0
0.5312757670715,14966,2.9864,0,0
0.5312757633871,14967,2.9868,0,0
0.53127575981268,14968,2.9872,0,0
0.53127575634825,14969,2.9876,0,0
0.5312757529938,14970,2.988,0,0
0.53127574974932,14971,2.9884,0,0
0.53127574661484,14972,2.9888,0,0
0.53127574359033,14973,2.9892,0,0
0.5312757406758,14974,2.9896,0,0
0.53127573787126,14975,2.99,0,0
0.5312757351767,14976,2.9904,0,0
0.53127573259212,14977,2.9908,0,0
0.53127573011752,14978,2.9912,0,0
0.53127572775291,14979,2.9916,0,0
0.53127572549828,14980,2.992,0,0
0.53127572335362,14981,2.9924,0,0
0.53127572131896,14982,2.9928,0,0
0.53127571939427,14983,2.9932,0,0
0.53127571757956,14984,2.9936,0,0
0.53127571587484,14985,2.994,0,0
0.5312757142801,14986,2.9944,0,0
0.53127571279534,14987,2.9948,0,0
0.53127571142057,14988,2.9952,0,0
0.53127571015577,14989,2.9956,0,0
0.53127570900096,14990,2.996,0,0
0.53127570795613,14991,2.9964,0,0
0.53127570702128,14992,2.9968,0,0
0.53127570619642,14993,2.9972,0,0
0.53127570548153,14994,2.9976,0,0
0.53127570487663,14995,2.998,0,0
0.53127570438171,14996,2.9984,0,0
0.53127570399678,14997,2.9988,0,0
0.53127570372182,14998,2.9992,0,0
0.53127570355685,14999,2.9996,0,0
0.53127570350186,15000,3,0,0
